"filename", "language", "JSON", "YAML", "Markdown", "TypeScript", "Shell Script", "Python", "XML", "TypeScript JSX", "JSON with Comments", "Swift", "JavaScript", "Log", "HTML", "SCSS", "TOML", "comment", "blank", "total"
"/Users/johndoe/Documents/company/video_ops/README.md", "Markdown", 0, 0, 21, 0, 0, 0, 0, 0, 0, 0, 0, 0, 0, 0, 0, 0, 13, 34
"/Users/johndoe/Documents/company/video_ops/assets/cover/components/concepts/concept-complement.svg", "XML", 0, 0, 0, 0, 0, 0, 7, 0, 0, 0, 0, 0, 0, 0, 0, 1, 1, 9
"/Users/johndoe/Documents/company/video_ops/assets/cover/components/concepts/concept-default.svg", "XML", 0, 0, 0, 0, 0, 0, 5, 0, 0, 0, 0, 0, 0, 0, 0, 1, 1, 7
"/Users/johndoe/Documents/company/video_ops/assets/cover/components/concepts/concept-difference.svg", "XML", 0, 0, 0, 0, 0, 0, 9, 0, 0, 0, 0, 0, 0, 0, 0, 1, 1, 11
"/Users/johndoe/Documents/company/video_ops/assets/cover/components/concepts/concept-disjoint.svg", "XML", 0, 0, 0, 0, 0, 0, 8, 0, 0, 0, 0, 0, 0, 0, 0, 1, 2, 11
"/Users/johndoe/Documents/company/video_ops/assets/cover/components/concepts/concept-empty-set.svg", "XML", 0, 0, 0, 0, 0, 0, 11, 0, 0, 0, 0, 0, 0, 0, 0, 1, 1, 13
"/Users/johndoe/Documents/company/video_ops/assets/cover/components/concepts/concept-equivalence.svg", "XML", 0, 0, 0, 0, 0, 0, 13, 0, 0, 0, 0, 0, 0, 0, 0, 1, 1, 15
"/Users/johndoe/Documents/company/video_ops/assets/cover/components/concepts/concept-function.svg", "XML", 0, 0, 0, 0, 0, 0, 9, 0, 0, 0, 0, 0, 0, 0, 0, 1, 1, 11
"/Users/johndoe/Documents/company/video_ops/assets/cover/components/concepts/concept-intersection.svg", "XML", 0, 0, 0, 0, 0, 0, 9, 0, 0, 0, 0, 0, 0, 0, 0, 1, 1, 11
"/Users/johndoe/Documents/company/video_ops/assets/cover/components/concepts/concept-partition.svg", "XML", 0, 0, 0, 0, 0, 0, 8, 0, 0, 0, 0, 0, 0, 0, 0, 1, 1, 10
"/Users/johndoe/Documents/company/video_ops/assets/cover/components/concepts/concept-pitfall.svg", "XML", 0, 0, 0, 0, 0, 0, 5, 0, 0, 0, 0, 0, 0, 0, 0, 1, 1, 7
"/Users/johndoe/Documents/company/video_ops/assets/cover/components/concepts/concept-proof.svg", "XML", 0, 0, 0, 0, 0, 0, 5, 0, 0, 0, 0, 0, 0, 0, 0, 1, 1, 7
"/Users/johndoe/Documents/company/video_ops/assets/cover/components/concepts/concept-proper-subset.svg", "XML", 0, 0, 0, 0, 0, 0, 8, 0, 0, 0, 0, 0, 0, 0, 0, 1, 1, 10
"/Users/johndoe/Documents/company/video_ops/assets/cover/components/concepts/concept-relation.svg", "XML", 0, 0, 0, 0, 0, 0, 5, 0, 0, 0, 0, 0, 0, 0, 0, 1, 1, 7
"/Users/johndoe/Documents/company/video_ops/assets/cover/components/concepts/concept-set-equality.svg", "XML", 0, 0, 0, 0, 0, 0, 8, 0, 0, 0, 0, 0, 0, 0, 0, 1, 1, 10
"/Users/johndoe/Documents/company/video_ops/assets/cover/components/concepts/concept-set.svg", "XML", 0, 0, 0, 0, 0, 0, 11, 0, 0, 0, 0, 0, 0, 0, 0, 1, 1, 13
"/Users/johndoe/Documents/company/video_ops/assets/cover/components/concepts/concept-subset.svg", "XML", 0, 0, 0, 0, 0, 0, 8, 0, 0, 0, 0, 0, 0, 0, 0, 1, 1, 10
"/Users/johndoe/Documents/company/video_ops/assets/cover/components/concepts/concept-syntax.svg", "XML", 0, 0, 0, 0, 0, 0, 5, 0, 0, 0, 0, 0, 0, 0, 0, 1, 1, 7
"/Users/johndoe/Documents/company/video_ops/assets/cover/components/concepts/concept-union.svg", "XML", 0, 0, 0, 0, 0, 0, 9, 0, 0, 0, 0, 0, 0, 0, 0, 1, 1, 11
"/Users/johndoe/Documents/company/video_ops/assets/cover/components/lean-logo.svg", "XML", 0, 0, 0, 0, 0, 0, 1, 0, 0, 0, 0, 0, 0, 0, 0, 0, 1, 2
"/Users/johndoe/Documents/company/video_ops/assets/lean.svg", "XML", 0, 0, 0, 0, 0, 0, 1, 0, 0, 0, 0, 0, 0, 0, 0, 0, 1, 2
"/Users/johndoe/Documents/company/video_ops/audience_analysis.md", "Markdown", 0, 0, 301, 0, 0, 0, 0, 0, 0, 0, 0, 0, 0, 0, 0, 0, 85, 386
"/Users/johndoe/Documents/company/video_ops/basic_ui/reference/display/draft-js/website/static/img/draftjs-logo.svg", "XML", 0, 0, 0, 0, 0, 0, 1, 0, 0, 0, 0, 0, 0, 0, 0, 0, 0, 1
"/Users/johndoe/Documents/company/video_ops/basic_ui/reference/display/katex/.yarn/sdks/eslint/bin/eslint.js", "JavaScript", 0, 0, 0, 0, 0, 0, 0, 0, 0, 0, 13, 0, 0, 0, 0, 2, 6, 21
"/Users/johndoe/Documents/company/video_ops/basic_ui/reference/display/katex/.yarn/sdks/eslint/lib/api.js", "JavaScript", 0, 0, 0, 0, 0, 0, 0, 0, 0, 0, 13, 0, 0, 0, 0, 2, 6, 21
"/Users/johndoe/Documents/company/video_ops/basic_ui/reference/display/katex/.yarn/sdks/eslint/package.json", "JSON", 6, 0, 0, 0, 0, 0, 0, 0, 0, 0, 0, 0, 0, 0, 0, 0, 1, 7
"/Users/johndoe/Documents/company/video_ops/basic_ui/reference/display/katex/.yarn/sdks/flow-bin/cli.js", "JavaScript", 0, 0, 0, 0, 0, 0, 0, 0, 0, 0, 13, 0, 0, 0, 0, 2, 6, 21
"/Users/johndoe/Documents/company/video_ops/basic_ui/reference/display/katex/.yarn/sdks/flow-bin/package.json", "JSON", 5, 0, 0, 0, 0, 0, 0, 0, 0, 0, 0, 0, 0, 0, 0, 0, 1, 6
"/Users/johndoe/Documents/company/video_ops/basic_ui/reference/display/katex/.yarn/sdks/integrations.yml", "YAML", 0, 2, 0, 0, 0, 0, 0, 0, 0, 0, 0, 0, 0, 0, 0, 2, 2, 6
"/Users/johndoe/Documents/company/video_ops/basic_ui/reference/display/katex/.yarn/sdks/stylelint/bin/stylelint.js", "JavaScript", 0, 0, 0, 0, 0, 0, 0, 0, 0, 0, 13, 0, 0, 0, 0, 2, 6, 21
"/Users/johndoe/Documents/company/video_ops/basic_ui/reference/display/katex/.yarn/sdks/stylelint/lib/index.js", "JavaScript", 0, 0, 0, 0, 0, 0, 0, 0, 0, 0, 13, 0, 0, 0, 0, 2, 6, 21
"/Users/johndoe/Documents/company/video_ops/basic_ui/reference/display/katex/.yarn/sdks/stylelint/package.json", "JSON", 6, 0, 0, 0, 0, 0, 0, 0, 0, 0, 0, 0, 0, 0, 0, 0, 1, 7
"/Users/johndoe/Documents/company/video_ops/basic_ui/reference/webgpu/wgpu/naga/xtask/Cargo.lock", "TOML", 0, 0, 0, 0, 0, 0, 0, 0, 0, 0, 0, 0, 0, 0, 239, 2, 36, 277
"/Users/johndoe/Documents/company/video_ops/basic_ui/reference/webgpu/wgpu/xtask/Cargo.lock", "TOML", 0, 0, 0, 0, 0, 0, 0, 0, 0, 0, 0, 0, 0, 0, 53, 2, 9, 64
"/Users/johndoe/Documents/company/video_ops/bin/ngrok-types.ts", "TypeScript", 0, 0, 0, 8, 0, 0, 0, 0, 0, 0, 0, 0, 0, 0, 0, 0, 2, 10
"/Users/johndoe/Documents/company/video_ops/bin/outdoor-endpoints.ts", "TypeScript", 0, 0, 0, 82, 0, 0, 0, 0, 0, 0, 0, 0, 0, 0, 0, 4, 8, 94
"/Users/johndoe/Documents/company/video_ops/bin/outdoor-expo-ngrok.ts", "TypeScript", 0, 0, 0, 646, 0, 0, 0, 0, 0, 0, 0, 0, 0, 0, 0, 18, 53, 717
"/Users/johndoe/Documents/company/video_ops/bin/outdoor-lan.ts", "TypeScript", 0, 0, 0, 84, 0, 0, 0, 0, 0, 0, 0, 0, 0, 0, 0, 5, 14, 103
"/Users/johndoe/Documents/company/video_ops/bin/outdoor-network.ts", "TypeScript", 0, 0, 0, 85, 0, 0, 0, 0, 0, 0, 0, 0, 0, 0, 0, 5, 12, 102
"/Users/johndoe/Documents/company/video_ops/bin/outdoor-ngrok.ts", "TypeScript", 0, 0, 0, 12, 0, 0, 0, 0, 0, 0, 0, 0, 0, 0, 0, 1, 2, 15
"/Users/johndoe/Documents/company/video_ops/bin/outdoor-tailscale.ts", "TypeScript", 0, 0, 0, 67, 0, 0, 0, 0, 0, 0, 0, 0, 0, 0, 0, 6, 12, 85
"/Users/johndoe/Documents/company/video_ops/bin/public-tunnels.ts", "TypeScript", 0, 0, 0, 65, 0, 0, 0, 0, 0, 0, 0, 0, 0, 0, 0, 1, 10, 76
"/Users/johndoe/Documents/company/video_ops/bin/setup-icloud-inbox.sh", "Shell Script", 0, 0, 0, 0, 29, 0, 0, 0, 0, 0, 0, 0, 0, 0, 0, 2, 9, 40
"/Users/johndoe/Documents/company/video_ops/bin/start-outdoor-agent-ngrok.ts", "TypeScript", 0, 0, 0, 49, 0, 0, 0, 0, 0, 0, 0, 0, 0, 0, 0, 4, 14, 67
"/Users/johndoe/Documents/company/video_ops/bin/start-outdoor-all.ts", "TypeScript", 0, 0, 0, 129, 0, 0, 0, 0, 0, 0, 0, 0, 0, 0, 0, 14, 22, 165
"/Users/johndoe/Documents/company/video_ops/bin/start-outdoor-mac.ts", "TypeScript", 0, 0, 0, 137, 0, 0, 0, 0, 0, 0, 0, 0, 0, 0, 0, 8, 25, 170
"/Users/johndoe/Documents/company/video_ops/bin/start-remotion-ngrok.ts", "TypeScript", 0, 0, 0, 48, 0, 0, 0, 0, 0, 0, 0, 0, 0, 0, 0, 9, 15, 72
"/Users/johndoe/Documents/company/video_ops/bin/strip-series-prefix-from-episodes.py", "Python", 0, 0, 0, 0, 0, 201, 0, 0, 0, 0, 0, 0, 0, 0, 0, 9, 32, 242
"/Users/johndoe/Documents/company/video_ops/bin/sync-outdoor-endpoints.ts", "TypeScript", 0, 0, 0, 76, 0, 0, 0, 0, 0, 0, 0, 0, 0, 0, 0, 4, 10, 90
"/Users/johndoe/Documents/company/video_ops/design.md", "Markdown", 0, 0, 350, 0, 0, 0, 0, 0, 0, 0, 0, 0, 0, 0, 0, 0, 145, 495
"/Users/johndoe/Documents/company/video_ops/docs/animation-beat-schema.md", "Markdown", 0, 0, 187, 0, 0, 0, 0, 0, 0, 0, 0, 0, 0, 0, 0, 0, 52, 239
"/Users/johndoe/Documents/company/video_ops/docs/animation-markdown-language.md", "Markdown", 0, 0, 217, 0, 0, 0, 0, 0, 0, 0, 0, 0, 0, 0, 0, 55, 95, 367
"/Users/johndoe/Documents/company/video_ops/docs/animation-track-schema.md", "Markdown", 0, 0, 107, 0, 0, 0, 0, 0, 0, 0, 0, 0, 0, 0, 0, 0, 25, 132
"/Users/johndoe/Documents/company/video_ops/docs/examples/lean4/scene-1-lean4-goal.json", "JSON", 48, 0, 0, 0, 0, 0, 0, 0, 0, 0, 0, 0, 0, 0, 0, 0, 1, 49
"/Users/johndoe/Documents/company/video_ops/docs/examples/lean4/scene-1-lean4.json", "JSON", 16, 0, 0, 0, 0, 0, 0, 0, 0, 0, 0, 0, 0, 0, 0, 0, 1, 17
"/Users/johndoe/Documents/company/video_ops/docs/pipeline-runbook-sets-v2-04.md", "Markdown", 0, 0, 164, 0, 0, 0, 0, 0, 0, 0, 0, 0, 0, 0, 0, 0, 63, 227
"/Users/johndoe/Documents/company/video_ops/docs/remotion-kit-refactor-progress.md", "Markdown", 0, 0, 29, 0, 0, 0, 0, 0, 0, 0, 0, 0, 0, 0, 0, 0, 7, 36
"/Users/johndoe/Documents/company/video_ops/docs/video-kit.md", "Markdown", 0, 0, 110, 0, 0, 0, 0, 0, 0, 0, 0, 0, 0, 0, 0, 0, 27, 137
"/Users/johndoe/Documents/company/video_ops/editor/ios-teleprompter/App.tsx", "TypeScript JSX", 0, 0, 0, 0, 0, 0, 0, 337, 0, 0, 0, 0, 0, 0, 0, 3, 24, 364
"/Users/johndoe/Documents/company/video_ops/editor/ios-teleprompter/OFFLINE_INSTALL.md", "Markdown", 0, 0, 66, 0, 0, 0, 0, 0, 0, 0, 0, 0, 0, 0, 0, 0, 33, 99
"/Users/johndoe/Documents/company/video_ops/editor/ios-teleprompter/README.md", "Markdown", 0, 0, 96, 0, 0, 0, 0, 0, 0, 0, 0, 0, 0, 0, 0, 0, 45, 141
"/Users/johndoe/Documents/company/video_ops/editor/ios-teleprompter/app.json", "JSON", 77, 0, 0, 0, 0, 0, 0, 0, 0, 0, 0, 0, 0, 0, 0, 0, 1, 78
"/Users/johndoe/Documents/company/video_ops/editor/ios-teleprompter/assets/sample-outdoor-script.json", "JSON", 30, 0, 0, 0, 0, 0, 0, 0, 0, 0, 0, 0, 0, 0, 0, 0, 1, 31
"/Users/johndoe/Documents/company/video_ops/editor/ios-teleprompter/assets/scripts/01-set.json", "JSON", 130, 0, 0, 0, 0, 0, 0, 0, 0, 0, 0, 0, 0, 0, 0, 0, 1, 131
"/Users/johndoe/Documents/company/video_ops/editor/ios-teleprompter/assets/scripts/02-subset.json", "JSON", 95, 0, 0, 0, 0, 0, 0, 0, 0, 0, 0, 0, 0, 0, 0, 0, 1, 96
"/Users/johndoe/Documents/company/video_ops/editor/ios-teleprompter/assets/scripts/03-proper-subset.json", "JSON", 109, 0, 0, 0, 0, 0, 0, 0, 0, 0, 0, 0, 0, 0, 0, 0, 1, 110
"/Users/johndoe/Documents/company/video_ops/editor/ios-teleprompter/assets/scripts/04-set-equality.json", "JSON", 71, 0, 0, 0, 0, 0, 0, 0, 0, 0, 0, 0, 0, 0, 0, 0, 1, 72
"/Users/johndoe/Documents/company/video_ops/editor/ios-teleprompter/assets/scripts/05-empty-set.json", "JSON", 81, 0, 0, 0, 0, 0, 0, 0, 0, 0, 0, 0, 0, 0, 0, 0, 1, 82
"/Users/johndoe/Documents/company/video_ops/editor/ios-teleprompter/assets/scripts/06-empty-subset-theorem.json", "JSON", 81, 0, 0, 0, 0, 0, 0, 0, 0, 0, 0, 0, 0, 0, 0, 0, 1, 82
"/Users/johndoe/Documents/company/video_ops/editor/ios-teleprompter/assets/scripts/07-union.json", "JSON", 81, 0, 0, 0, 0, 0, 0, 0, 0, 0, 0, 0, 0, 0, 0, 0, 1, 82
"/Users/johndoe/Documents/company/video_ops/editor/ios-teleprompter/assets/scripts/08-intersection.json", "JSON", 74, 0, 0, 0, 0, 0, 0, 0, 0, 0, 0, 0, 0, 0, 0, 0, 1, 75
"/Users/johndoe/Documents/company/video_ops/editor/ios-teleprompter/assets/scripts/09-disjoint.json", "JSON", 74, 0, 0, 0, 0, 0, 0, 0, 0, 0, 0, 0, 0, 0, 0, 0, 1, 75
"/Users/johndoe/Documents/company/video_ops/editor/ios-teleprompter/assets/scripts/10-complement.json", "JSON", 74, 0, 0, 0, 0, 0, 0, 0, 0, 0, 0, 0, 0, 0, 0, 0, 1, 75
"/Users/johndoe/Documents/company/video_ops/editor/ios-teleprompter/assets/scripts/11-difference.json", "JSON", 74, 0, 0, 0, 0, 0, 0, 0, 0, 0, 0, 0, 0, 0, 0, 0, 1, 75
"/Users/johndoe/Documents/company/video_ops/editor/ios-teleprompter/assets/scripts/12-union-idempotent.json", "JSON", 81, 0, 0, 0, 0, 0, 0, 0, 0, 0, 0, 0, 0, 0, 0, 0, 1, 82
"/Users/johndoe/Documents/company/video_ops/editor/ios-teleprompter/eas.json", "JSON", 35, 0, 0, 0, 0, 0, 0, 0, 0, 0, 0, 0, 0, 0, 0, 0, 1, 36
"/Users/johndoe/Documents/company/video_ops/editor/ios-teleprompter/metro.config.js", "JavaScript", 0, 0, 0, 0, 0, 0, 0, 0, 0, 0, 22, 0, 0, 0, 0, 4, 8, 34
"/Users/johndoe/Documents/company/video_ops/editor/ios-teleprompter/modules/outdoor-icloud-inbox/expo-module.config.json", "JSON", 6, 0, 0, 0, 0, 0, 0, 0, 0, 0, 0, 0, 0, 0, 0, 0, 1, 7
"/Users/johndoe/Documents/company/video_ops/editor/ios-teleprompter/modules/outdoor-icloud-inbox/index.ts", "TypeScript", 0, 0, 0, 44, 0, 0, 0, 0, 0, 0, 0, 0, 0, 0, 0, 0, 8, 52
"/Users/johndoe/Documents/company/video_ops/editor/ios-teleprompter/modules/outdoor-icloud-inbox/ios/OutdoorIcloudInboxModule.swift", "Swift", 0, 0, 0, 0, 0, 0, 0, 0, 0, 46, 0, 0, 0, 0, 0, 0, 11, 57
"/Users/johndoe/Documents/company/video_ops/editor/ios-teleprompter/modules/outdoor-icloud-inbox/package.json", "JSON", 9, 0, 0, 0, 0, 0, 0, 0, 0, 0, 0, 0, 0, 0, 0, 0, 1, 10
"/Users/johndoe/Documents/company/video_ops/editor/ios-teleprompter/package-lock.json", "JSON", 8955, 0, 0, 0, 0, 0, 0, 0, 0, 0, 0, 0, 0, 0, 0, 0, 1, 8956
"/Users/johndoe/Documents/company/video_ops/editor/ios-teleprompter/package.json", "JSON", 53, 0, 0, 0, 0, 0, 0, 0, 0, 0, 0, 0, 0, 0, 0, 0, 1, 54
"/Users/johndoe/Documents/company/video_ops/editor/ios-teleprompter/scripts/start-expo-tunnel-outdoor.ts", "TypeScript", 0, 0, 0, 71, 0, 0, 0, 0, 0, 0, 0, 0, 0, 0, 0, 9, 15, 95
"/Users/johndoe/Documents/company/video_ops/editor/ios-teleprompter/scripts/start-with-ngrok.ts", "TypeScript", 0, 0, 0, 34, 0, 0, 0, 0, 0, 0, 0, 0, 0, 0, 0, 10, 9, 53
"/Users/johndoe/Documents/company/video_ops/editor/ios-teleprompter/scripts/start-with-tailscale.ts", "TypeScript", 0, 0, 0, 39, 0, 0, 0, 0, 0, 0, 0, 0, 0, 0, 0, 10, 10, 59
"/Users/johndoe/Documents/company/video_ops/editor/ios-teleprompter/src/LockdownRegistrationProbe.tsx", "TypeScript JSX", 0, 0, 0, 0, 0, 0, 0, 27, 0, 0, 0, 0, 0, 0, 0, 4, 4, 35
"/Users/johndoe/Documents/company/video_ops/editor/ios-teleprompter/src/agentClient.ts", "TypeScript", 0, 0, 0, 830, 0, 0, 0, 0, 0, 0, 0, 0, 0, 0, 0, 1, 55, 886
"/Users/johndoe/Documents/company/video_ops/editor/ios-teleprompter/src/agentResponse.ts", "TypeScript", 0, 0, 0, 73, 0, 0, 0, 0, 0, 0, 0, 0, 0, 0, 0, 1, 6, 80
"/Users/johndoe/Documents/company/video_ops/editor/ios-teleprompter/src/agentSettings.ts", "TypeScript", 0, 0, 0, 35, 0, 0, 0, 0, 0, 0, 0, 0, 0, 0, 0, 1, 8, 44
"/Users/johndoe/Documents/company/video_ops/editor/ios-teleprompter/src/agentWebUrl.ts", "TypeScript", 0, 0, 0, 14, 0, 0, 0, 0, 0, 0, 0, 0, 0, 0, 0, 1, 3, 18
"/Users/johndoe/Documents/company/video_ops/editor/ios-teleprompter/src/bundledScripts.ts", "TypeScript", 0, 0, 0, 27, 0, 0, 0, 0, 0, 0, 0, 0, 0, 0, 0, 0, 3, 30
"/Users/johndoe/Documents/company/video_ops/editor/ios-teleprompter/src/cachedOutdoorApi.ts", "TypeScript", 0, 0, 0, 68, 0, 0, 0, 0, 0, 0, 0, 0, 0, 0, 0, 0, 6, 74
"/Users/johndoe/Documents/company/video_ops/editor/ios-teleprompter/src/catalogClient.ts", "TypeScript", 0, 0, 0, 138, 0, 0, 0, 0, 0, 0, 0, 0, 0, 0, 0, 1, 14, 153
"/Users/johndoe/Documents/company/video_ops/editor/ios-teleprompter/src/contentSettings.ts", "TypeScript", 0, 0, 0, 4, 0, 0, 0, 0, 0, 0, 0, 0, 0, 0, 0, 1, 2, 7
"/Users/johndoe/Documents/company/video_ops/editor/ios-teleprompter/src/exportInbox.ts", "TypeScript", 0, 0, 0, 116, 0, 0, 0, 0, 0, 0, 0, 0, 0, 0, 0, 7, 20, 143
"/Users/johndoe/Documents/company/video_ops/editor/ios-teleprompter/src/icloudInboxFolder.ts", "TypeScript", 0, 0, 0, 153, 0, 0, 0, 0, 0, 0, 0, 0, 0, 0, 0, 11, 26, 190
"/Users/johndoe/Documents/company/video_ops/editor/ios-teleprompter/src/landscapeLayout.ts", "TypeScript", 0, 0, 0, 41, 0, 0, 0, 0, 0, 0, 0, 0, 0, 0, 0, 9, 9, 59
"/Users/johndoe/Documents/company/video_ops/editor/ios-teleprompter/src/localTakeViews.ts", "TypeScript", 0, 0, 0, 25, 0, 0, 0, 0, 0, 0, 0, 0, 0, 0, 0, 0, 3, 28
"/Users/johndoe/Documents/company/video_ops/editor/ios-teleprompter/src/lockdownMode.ts", "TypeScript", 0, 0, 0, 153, 0, 0, 0, 0, 0, 0, 0, 0, 0, 0, 0, 7, 17, 177
"/Users/johndoe/Documents/company/video_ops/editor/ios-teleprompter/src/outdoorEndpoints.ts", "TypeScript", 0, 0, 0, 469, 0, 0, 0, 0, 0, 0, 0, 0, 0, 0, 0, 4, 43, 516
"/Users/johndoe/Documents/company/video_ops/editor/ios-teleprompter/src/outdoorFetch.ts", "TypeScript", 0, 0, 0, 15, 0, 0, 0, 0, 0, 0, 0, 0, 0, 0, 0, 1, 2, 18
"/Users/johndoe/Documents/company/video_ops/editor/ios-teleprompter/src/outdoorNgrokConfig.ts", "TypeScript", 0, 0, 0, 70, 0, 0, 0, 0, 0, 0, 0, 0, 0, 0, 0, 7, 10, 87
"/Users/johndoe/Documents/company/video_ops/editor/ios-teleprompter/src/processTake.ts", "TypeScript", 0, 0, 0, 91, 0, 0, 0, 0, 0, 0, 0, 0, 0, 0, 0, 4, 12, 107
"/Users/johndoe/Documents/company/video_ops/editor/ios-teleprompter/src/remotionSettings.ts", "TypeScript", 0, 0, 0, 45, 0, 0, 0, 0, 0, 0, 0, 0, 0, 0, 0, 1, 10, 56
"/Users/johndoe/Documents/company/video_ops/editor/ios-teleprompter/src/screens/AgentSettingsScreen.tsx", "TypeScript JSX", 0, 0, 0, 0, 0, 0, 0, 665, 0, 0, 0, 0, 0, 0, 0, 0, 4, 669
"/Users/johndoe/Documents/company/video_ops/editor/ios-teleprompter/src/screens/FilmScreen.tsx", "TypeScript JSX", 0, 0, 0, 0, 0, 0, 0, 1204, 0, 0, 0, 0, 0, 0, 0, 0, 72, 1276
"/Users/johndoe/Documents/company/video_ops/editor/ios-teleprompter/src/scriptCache.ts", "TypeScript", 0, 0, 0, 87, 0, 0, 0, 0, 0, 0, 0, 0, 0, 0, 0, 2, 12, 101
"/Users/johndoe/Documents/company/video_ops/editor/ios-teleprompter/src/scriptSchema.ts", "TypeScript", 0, 0, 0, 98, 0, 0, 0, 0, 0, 0, 0, 0, 0, 0, 0, 9, 12, 119
"/Users/johndoe/Documents/company/video_ops/editor/ios-teleprompter/src/slideCode.ts", "TypeScript", 0, 0, 0, 78, 0, 0, 0, 0, 0, 0, 0, 0, 0, 0, 0, 0, 19, 97
"/Users/johndoe/Documents/company/video_ops/editor/ios-teleprompter/src/storage.ts", "TypeScript", 0, 0, 0, 225, 0, 0, 0, 0, 0, 0, 0, 0, 0, 0, 0, 2, 35, 262
"/Users/johndoe/Documents/company/video_ops/editor/ios-teleprompter/src/takePersistence.ts", "TypeScript", 0, 0, 0, 71, 0, 0, 0, 0, 0, 0, 0, 0, 0, 0, 0, 7, 10, 88
"/Users/johndoe/Documents/company/video_ops/editor/ios-teleprompter/src/takeSyncSteps.ts", "TypeScript", 0, 0, 0, 47, 0, 0, 0, 0, 0, 0, 0, 0, 0, 0, 0, 0, 8, 55
"/Users/johndoe/Documents/company/video_ops/editor/ios-teleprompter/src/uploadQueue.ts", "TypeScript", 0, 0, 0, 97, 0, 0, 0, 0, 0, 0, 0, 0, 0, 0, 0, 0, 16, 113
"/Users/johndoe/Documents/company/video_ops/editor/ios-teleprompter/src/videoSettings.ts", "TypeScript", 0, 0, 0, 48, 0, 0, 0, 0, 0, 0, 0, 0, 0, 0, 0, 1, 11, 60
"/Users/johndoe/Documents/company/video_ops/editor/ios-teleprompter/tsconfig.json", "JSON with Comments", 0, 0, 0, 0, 0, 0, 0, 0, 9, 0, 0, 0, 0, 0, 0, 0, 1, 10
"/Users/johndoe/Documents/company/video_ops/editor/outdoor-ui/package-lock.json", "JSON", 10063, 0, 0, 0, 0, 0, 0, 0, 0, 0, 0, 0, 0, 0, 0, 0, 1, 10064
"/Users/johndoe/Documents/company/video_ops/editor/outdoor-ui/package.json", "JSON", 34, 0, 0, 0, 0, 0, 0, 0, 0, 0, 0, 0, 0, 0, 0, 0, 1, 35
"/Users/johndoe/Documents/company/video_ops/editor/outdoor-ui/scripts/convert-classnames.mjs", "JavaScript", 0, 0, 0, 0, 0, 0, 0, 0, 0, 0, 107, 0, 0, 0, 0, 4, 15, 126
"/Users/johndoe/Documents/company/video_ops/editor/outdoor-ui/scripts/fix-component-imports.mjs", "JavaScript", 0, 0, 0, 0, 0, 0, 0, 0, 0, 0, 129, 0, 0, 0, 0, 3, 12, 144
"/Users/johndoe/Documents/company/video_ops/editor/outdoor-ui/scripts/fix-component-types.mjs", "JavaScript", 0, 0, 0, 0, 0, 0, 0, 0, 0, 0, 113, 0, 0, 0, 0, 0, 16, 129
"/Users/johndoe/Documents/company/video_ops/editor/outdoor-ui/scripts/fix-double-brace.mjs", "JavaScript", 0, 0, 0, 0, 0, 0, 0, 0, 0, 0, 26, 0, 0, 0, 0, 0, 4, 30
"/Users/johndoe/Documents/company/video_ops/editor/outdoor-ui/scripts/fix-web-module-style.mjs", "JavaScript", 0, 0, 0, 0, 0, 0, 0, 0, 0, 0, 121, 0, 0, 0, 0, 14, 17, 152
"/Users/johndoe/Documents/company/video_ops/editor/outdoor-ui/scripts/generate-component-assets.mjs", "JavaScript", 0, 0, 0, 0, 0, 0, 0, 0, 0, 0, 132, 0, 0, 0, 0, 0, 17, 149
"/Users/johndoe/Documents/company/video_ops/editor/outdoor-ui/scripts/generate-page-scss.mjs", "JavaScript", 0, 0, 0, 0, 0, 0, 0, 0, 0, 0, 223, 0, 0, 0, 0, 0, 22, 245
"/Users/johndoe/Documents/company/video_ops/editor/outdoor-ui/scripts/merge-duplicate-style.mjs", "JavaScript", 0, 0, 0, 0, 0, 0, 0, 0, 0, 0, 77, 0, 0, 0, 0, 5, 14, 96
"/Users/johndoe/Documents/company/video_ops/editor/outdoor-ui/scripts/restore-migrate-components.mjs", "JavaScript", 0, 0, 0, 0, 0, 0, 0, 0, 0, 0, 374, 0, 0, 0, 0, 0, 43, 417
"/Users/johndoe/Documents/company/video_ops/editor/outdoor-ui/scripts/restructure-components.mjs", "JavaScript", 0, 0, 0, 0, 0, 0, 0, 0, 0, 0, 97, 0, 0, 0, 0, 6, 15, 118
"/Users/johndoe/Documents/company/video_ops/editor/outdoor-ui/scripts/restructure-pages.mjs", "JavaScript", 0, 0, 0, 0, 0, 0, 0, 0, 0, 0, 100, 0, 0, 0, 0, 0, 16, 116
"/Users/johndoe/Documents/company/video_ops/editor/outdoor-ui/src/App.module.scss", "SCSS", 0, 0, 0, 0, 0, 0, 0, 0, 0, 0, 0, 0, 0, 253, 0, 0, 43, 296
"/Users/johndoe/Documents/company/video_ops/editor/outdoor-ui/src/OutdoorApp.tsx", "TypeScript JSX", 0, 0, 0, 0, 0, 0, 0, 112, 0, 0, 0, 0, 0, 0, 0, 6, 11, 129
"/Users/johndoe/Documents/company/video_ops/editor/outdoor-ui/src/_app.scss", "SCSS", 0, 0, 0, 0, 0, 0, 0, 0, 0, 0, 0, 0, 0, 68, 0, 1, 11, 80
"/Users/johndoe/Documents/company/video_ops/editor/outdoor-ui/src/api/client.ts", "TypeScript", 0, 0, 0, 773, 0, 0, 0, 0, 0, 0, 0, 0, 0, 0, 0, 11, 95, 879
"/Users/johndoe/Documents/company/video_ops/editor/outdoor-ui/src/api/transport.ts", "TypeScript", 0, 0, 0, 265, 0, 0, 0, 0, 0, 0, 0, 0, 0, 0, 0, 17, 27, 309
"/Users/johndoe/Documents/company/video_ops/editor/outdoor-ui/src/api/urls.ts", "TypeScript", 0, 0, 0, 174, 0, 0, 0, 0, 0, 0, 0, 0, 0, 0, 0, 19, 25, 218
"/Users/johndoe/Documents/company/video_ops/editor/outdoor-ui/src/components/AbortStageButton/AbortStageButton.module.scss", "SCSS", 0, 0, 0, 0, 0, 0, 0, 0, 0, 0, 0, 0, 0, 3, 0, 0, 4, 7
"/Users/johndoe/Documents/company/video_ops/editor/outdoor-ui/src/components/AbortStageButton/AbortStageButton.tsx", "TypeScript JSX", 0, 0, 0, 0, 0, 0, 0, 25, 0, 0, 0, 0, 0, 0, 0, 0, 5, 30
"/Users/johndoe/Documents/company/video_ops/editor/outdoor-ui/src/components/AbortStageButton/AbortStageButton.types.ts", "TypeScript", 0, 0, 0, 8, 0, 0, 0, 0, 0, 0, 0, 0, 0, 0, 0, 1, 2, 11
"/Users/johndoe/Documents/company/video_ops/editor/outdoor-ui/src/components/AlignFilmedClipControls/AlignFilmedClipControls.module.scss", "SCSS", 0, 0, 0, 0, 0, 0, 0, 0, 0, 0, 0, 0, 0, 91, 0, 0, 4, 95
"/Users/johndoe/Documents/company/video_ops/editor/outdoor-ui/src/components/AlignFilmedClipControls/AlignFilmedClipControls.tsx", "TypeScript JSX", 0, 0, 0, 0, 0, 0, 0, 260, 0, 0, 0, 0, 0, 0, 0, 0, 20, 280
"/Users/johndoe/Documents/company/video_ops/editor/outdoor-ui/src/components/AlignFilmedClipControls/AlignFilmedClipControls.types.ts", "TypeScript", 0, 0, 0, 8, 0, 0, 0, 0, 0, 0, 0, 0, 0, 0, 0, 1, 2, 11
"/Users/johndoe/Documents/company/video_ops/editor/outdoor-ui/src/components/AlignReviewPanel/AlignReviewPanel.module.scss", "SCSS", 0, 0, 0, 0, 0, 0, 0, 0, 0, 0, 0, 0, 0, 112, 0, 0, 4, 116
"/Users/johndoe/Documents/company/video_ops/editor/outdoor-ui/src/components/AlignReviewPanel/AlignReviewPanel.tsx", "TypeScript JSX", 0, 0, 0, 0, 0, 0, 0, 289, 0, 0, 0, 0, 0, 0, 0, 0, 25, 314
"/Users/johndoe/Documents/company/video_ops/editor/outdoor-ui/src/components/AlignReviewPanel/AlignReviewPanel.types.ts", "TypeScript", 0, 0, 0, 5, 0, 0, 0, 0, 0, 0, 0, 0, 0, 0, 0, 1, 2, 8
"/Users/johndoe/Documents/company/video_ops/editor/outdoor-ui/src/components/AutoGrowTextInput/AutoGrowTextInput.module.scss", "SCSS", 0, 0, 0, 0, 0, 0, 0, 0, 0, 0, 0, 0, 0, 18, 0, 0, 5, 23
"/Users/johndoe/Documents/company/video_ops/editor/outdoor-ui/src/components/AutoGrowTextInput/AutoGrowTextInput.tsx", "TypeScript JSX", 0, 0, 0, 0, 0, 0, 0, 84, 0, 0, 0, 0, 0, 0, 0, 0, 10, 94
"/Users/johndoe/Documents/company/video_ops/editor/outdoor-ui/src/components/AutoGrowTextInput/AutoGrowTextInput.types.ts", "TypeScript", 0, 0, 0, 11, 0, 0, 0, 0, 0, 0, 0, 0, 0, 0, 0, 3, 2, 16
"/Users/johndoe/Documents/company/video_ops/editor/outdoor-ui/src/components/Badge/Badge.module.scss", "SCSS", 0, 0, 0, 0, 0, 0, 0, 0, 0, 0, 0, 0, 0, 20, 0, 0, 7, 27
"/Users/johndoe/Documents/company/video_ops/editor/outdoor-ui/src/components/Badge/Badge.tsx", "TypeScript JSX", 0, 0, 0, 0, 0, 0, 0, 12, 0, 0, 0, 0, 0, 0, 0, 0, 3, 15
"/Users/johndoe/Documents/company/video_ops/editor/outdoor-ui/src/components/Badge/Badge.types.ts", "TypeScript", 0, 0, 0, 4, 0, 0, 0, 0, 0, 0, 0, 0, 0, 0, 0, 1, 2, 7
"/Users/johndoe/Documents/company/video_ops/editor/outdoor-ui/src/components/BeatCandidateRail/BeatCandidateRail.module.scss", "SCSS", 0, 0, 0, 0, 0, 0, 0, 0, 0, 0, 0, 0, 0, 157, 0, 0, 28, 185
"/Users/johndoe/Documents/company/video_ops/editor/outdoor-ui/src/components/BeatCandidateRail/BeatCandidateRail.tsx", "TypeScript JSX", 0, 0, 0, 0, 0, 0, 0, 74, 0, 0, 0, 0, 0, 0, 0, 0, 5, 79
"/Users/johndoe/Documents/company/video_ops/editor/outdoor-ui/src/components/BeatCandidateRail/BeatCandidateRail.types.ts", "TypeScript", 0, 0, 0, 8, 0, 0, 0, 0, 0, 0, 0, 0, 0, 0, 0, 1, 2, 11
"/Users/johndoe/Documents/company/video_ops/editor/outdoor-ui/src/components/BeatEditorVisualPanel/BeatEditorVisualPanel.module.scss", "SCSS", 0, 0, 0, 0, 0, 0, 0, 0, 0, 0, 0, 0, 0, 167, 0, 0, 29, 196
"/Users/johndoe/Documents/company/video_ops/editor/outdoor-ui/src/components/BeatEditorVisualPanel/BeatEditorVisualPanel.tsx", "TypeScript JSX", 0, 0, 0, 0, 0, 0, 0, 441, 0, 0, 0, 0, 0, 0, 0, 0, 14, 455
"/Users/johndoe/Documents/company/video_ops/editor/outdoor-ui/src/components/BeatEditorVisualPanel/BeatEditorVisualPanel.types.ts", "TypeScript", 0, 0, 0, 16, 0, 0, 0, 0, 0, 0, 0, 0, 0, 0, 0, 1, 2, 19
"/Users/johndoe/Documents/company/video_ops/editor/outdoor-ui/src/components/BeatOverviewStrip/BeatOverviewStrip.module.scss", "SCSS", 0, 0, 0, 0, 0, 0, 0, 0, 0, 0, 0, 0, 0, 36, 0, 0, 2, 38
"/Users/johndoe/Documents/company/video_ops/editor/outdoor-ui/src/components/BeatOverviewStrip/BeatOverviewStrip.tsx", "TypeScript JSX", 0, 0, 0, 0, 0, 0, 0, 60, 0, 0, 0, 0, 0, 0, 0, 0, 5, 65
"/Users/johndoe/Documents/company/video_ops/editor/outdoor-ui/src/components/BeatOverviewStrip/BeatOverviewStrip.types.ts", "TypeScript", 0, 0, 0, 9, 0, 0, 0, 0, 0, 0, 0, 0, 0, 0, 0, 1, 2, 12
"/Users/johndoe/Documents/company/video_ops/editor/outdoor-ui/src/components/BeatTemplateSwitcher/BeatTemplateSwitcher.module.scss", "SCSS", 0, 0, 0, 0, 0, 0, 0, 0, 0, 0, 0, 0, 0, 41, 0, 0, 4, 45
"/Users/johndoe/Documents/company/video_ops/editor/outdoor-ui/src/components/BeatTemplateSwitcher/BeatTemplateSwitcher.tsx", "TypeScript JSX", 0, 0, 0, 0, 0, 0, 0, 36, 0, 0, 0, 0, 0, 0, 0, 0, 4, 40
"/Users/johndoe/Documents/company/video_ops/editor/outdoor-ui/src/components/BeatTemplateSwitcher/BeatTemplateSwitcher.types.ts", "TypeScript", 0, 0, 0, 5, 0, 0, 0, 0, 0, 0, 0, 0, 0, 0, 0, 0, 2, 7
"/Users/johndoe/Documents/company/video_ops/editor/outdoor-ui/src/components/BeatThumbnailCard/BeatThumbnailCard.module.scss", "SCSS", 0, 0, 0, 0, 0, 0, 0, 0, 0, 0, 0, 0, 0, 141, 0, 0, 23, 164
"/Users/johndoe/Documents/company/video_ops/editor/outdoor-ui/src/components/BeatThumbnailCard/BeatThumbnailCard.tsx", "TypeScript JSX", 0, 0, 0, 0, 0, 0, 0, 129, 0, 0, 0, 0, 0, 0, 0, 0, 6, 135
"/Users/johndoe/Documents/company/video_ops/editor/outdoor-ui/src/components/BeatThumbnailCard/BeatThumbnailCard.types.ts", "TypeScript", 0, 0, 0, 12, 0, 0, 0, 0, 0, 0, 0, 0, 0, 0, 0, 2, 2, 16
"/Users/johndoe/Documents/company/video_ops/editor/outdoor-ui/src/components/Button/Button.module.scss", "SCSS", 0, 0, 0, 0, 0, 0, 0, 0, 0, 0, 0, 0, 0, 45, 0, 0, 12, 57
"/Users/johndoe/Documents/company/video_ops/editor/outdoor-ui/src/components/Button/Button.tsx", "TypeScript JSX", 0, 0, 0, 0, 0, 0, 0, 58, 0, 0, 0, 0, 0, 0, 0, 0, 7, 65
"/Users/johndoe/Documents/company/video_ops/editor/outdoor-ui/src/components/Button/Button.types.ts", "TypeScript", 0, 0, 0, 7, 0, 0, 0, 0, 0, 0, 0, 0, 0, 0, 0, 0, 2, 9
"/Users/johndoe/Documents/company/video_ops/editor/outdoor-ui/src/components/CollapsibleSection/CollapsibleSection.module.scss", "SCSS", 0, 0, 0, 0, 0, 0, 0, 0, 0, 0, 0, 0, 0, 41, 0, 0, 4, 45
"/Users/johndoe/Documents/company/video_ops/editor/outdoor-ui/src/components/CollapsibleSection/CollapsibleSection.tsx", "TypeScript JSX", 0, 0, 0, 0, 0, 0, 0, 37, 0, 0, 0, 0, 0, 0, 0, 0, 4, 41
"/Users/johndoe/Documents/company/video_ops/editor/outdoor-ui/src/components/CollapsibleSection/CollapsibleSection.types.ts", "TypeScript", 0, 0, 0, 7, 0, 0, 0, 0, 0, 0, 0, 0, 0, 0, 0, 1, 2, 10
"/Users/johndoe/Documents/company/video_ops/editor/outdoor-ui/src/components/CompositeBlock/CompositeBlock.module.scss", "SCSS", 0, 0, 0, 0, 0, 0, 0, 0, 0, 0, 0, 0, 0, 56, 0, 0, 4, 60
"/Users/johndoe/Documents/company/video_ops/editor/outdoor-ui/src/components/CompositeBlock/CompositeBlock.tsx", "TypeScript JSX", 0, 0, 0, 0, 0, 0, 0, 281, 0, 0, 0, 0, 0, 0, 0, 0, 30, 311
"/Users/johndoe/Documents/company/video_ops/editor/outdoor-ui/src/components/CompositeBlock/CompositeBlock.types.ts", "TypeScript", 0, 0, 0, 7, 0, 0, 0, 0, 0, 0, 0, 0, 0, 0, 0, 1, 2, 10
"/Users/johndoe/Documents/company/video_ops/editor/outdoor-ui/src/components/CoverLibraryPanel/CoverLibraryPanel.module.scss", "SCSS", 0, 0, 0, 0, 0, 0, 0, 0, 0, 0, 0, 0, 0, 62, 0, 0, 4, 66
"/Users/johndoe/Documents/company/video_ops/editor/outdoor-ui/src/components/CoverLibraryPanel/CoverLibraryPanel.tsx", "TypeScript JSX", 0, 0, 0, 0, 0, 0, 0, 240, 0, 0, 0, 0, 0, 0, 0, 0, 16, 256
"/Users/johndoe/Documents/company/video_ops/editor/outdoor-ui/src/components/CoverLibraryPanel/CoverLibraryPanel.types.ts", "TypeScript", 0, 0, 0, 8, 0, 0, 0, 0, 0, 0, 0, 0, 0, 0, 0, 1, 2, 11
"/Users/johndoe/Documents/company/video_ops/editor/outdoor-ui/src/components/CutReviewPanel/CutReviewPanel.module.scss", "SCSS", 0, 0, 0, 0, 0, 0, 0, 0, 0, 0, 0, 0, 0, 150, 0, 0, 4, 154
"/Users/johndoe/Documents/company/video_ops/editor/outdoor-ui/src/components/CutReviewPanel/CutReviewPanel.tsx", "TypeScript JSX", 0, 0, 0, 0, 0, 0, 0, 475, 0, 0, 0, 0, 0, 0, 0, 3, 24, 502
"/Users/johndoe/Documents/company/video_ops/editor/outdoor-ui/src/components/CutReviewPanel/CutReviewPanel.types.ts", "TypeScript", 0, 0, 0, 8, 0, 0, 0, 0, 0, 0, 0, 0, 0, 0, 0, 3, 2, 13
"/Users/johndoe/Documents/company/video_ops/editor/outdoor-ui/src/components/Header/Header.module.scss", "SCSS", 0, 0, 0, 0, 0, 0, 0, 0, 0, 0, 0, 0, 0, 33, 0, 0, 4, 37
"/Users/johndoe/Documents/company/video_ops/editor/outdoor-ui/src/components/Header/Header.tsx", "TypeScript JSX", 0, 0, 0, 0, 0, 0, 0, 58, 0, 0, 0, 0, 0, 0, 0, 0, 5, 63
"/Users/johndoe/Documents/company/video_ops/editor/outdoor-ui/src/components/Header/Header.types.ts", "TypeScript", 0, 0, 0, 6, 0, 0, 0, 0, 0, 0, 0, 0, 0, 0, 0, 1, 3, 10
"/Users/johndoe/Documents/company/video_ops/editor/outdoor-ui/src/components/InboxBanner/InboxBanner.module.scss", "SCSS", 0, 0, 0, 0, 0, 0, 0, 0, 0, 0, 0, 0, 0, 73, 0, 0, 4, 77
"/Users/johndoe/Documents/company/video_ops/editor/outdoor-ui/src/components/InboxBanner/InboxBanner.tsx", "TypeScript JSX", 0, 0, 0, 0, 0, 0, 0, 141, 0, 0, 0, 0, 0, 0, 0, 0, 15, 156
"/Users/johndoe/Documents/company/video_ops/editor/outdoor-ui/src/components/InboxBanner/InboxBanner.types.ts", "TypeScript", 0, 0, 0, 4, 0, 0, 0, 0, 0, 0, 0, 0, 0, 0, 0, 6, 2, 12
"/Users/johndoe/Documents/company/video_ops/editor/outdoor-ui/src/components/LocalTakeCard/LocalTakeCard.module.scss", "SCSS", 0, 0, 0, 0, 0, 0, 0, 0, 0, 0, 0, 0, 0, 67, 0, 0, 4, 71
"/Users/johndoe/Documents/company/video_ops/editor/outdoor-ui/src/components/LocalTakeCard/LocalTakeCard.tsx", "TypeScript JSX", 0, 0, 0, 0, 0, 0, 0, 70, 0, 0, 0, 0, 0, 0, 0, 0, 10, 80
"/Users/johndoe/Documents/company/video_ops/editor/outdoor-ui/src/components/LocalTakeCard/LocalTakeCard.types.ts", "TypeScript", 0, 0, 0, 6, 0, 0, 0, 0, 0, 0, 0, 0, 0, 0, 0, 1, 2, 9
"/Users/johndoe/Documents/company/video_ops/editor/outdoor-ui/src/components/OrientationToggle/OrientationToggle.module.scss", "SCSS", 0, 0, 0, 0, 0, 0, 0, 0, 0, 0, 0, 0, 0, 35, 0, 0, 2, 37
"/Users/johndoe/Documents/company/video_ops/editor/outdoor-ui/src/components/OrientationToggle/OrientationToggle.tsx", "TypeScript JSX", 0, 0, 0, 0, 0, 0, 0, 35, 0, 0, 0, 0, 0, 0, 0, 0, 5, 40
"/Users/johndoe/Documents/company/video_ops/editor/outdoor-ui/src/components/OrientationToggle/OrientationToggle.types.ts", "TypeScript", 0, 0, 0, 6, 0, 0, 0, 0, 0, 0, 0, 0, 0, 0, 0, 0, 2, 8
"/Users/johndoe/Documents/company/video_ops/editor/outdoor-ui/src/components/PipelineStagesPanel/PipelineStagesPanel.module.scss", "SCSS", 0, 0, 0, 0, 0, 0, 0, 0, 0, 0, 0, 0, 0, 122, 0, 0, 4, 126
"/Users/johndoe/Documents/company/video_ops/editor/outdoor-ui/src/components/PipelineStagesPanel/PipelineStagesPanel.tsx", "TypeScript JSX", 0, 0, 0, 0, 0, 0, 0, 409, 0, 0, 0, 0, 0, 0, 0, 0, 30, 439
"/Users/johndoe/Documents/company/video_ops/editor/outdoor-ui/src/components/PipelineStagesPanel/PipelineStagesPanel.types.ts", "TypeScript", 0, 0, 0, 5, 0, 0, 0, 0, 0, 0, 0, 0, 0, 0, 0, 1, 2, 8
"/Users/johndoe/Documents/company/video_ops/editor/outdoor-ui/src/components/PipelineVideo/PipelineVideo.module.scss", "SCSS", 0, 0, 0, 0, 0, 0, 0, 0, 0, 0, 0, 0, 0, 34, 0, 0, 4, 38
"/Users/johndoe/Documents/company/video_ops/editor/outdoor-ui/src/components/PipelineVideo/PipelineVideo.native.tsx", "TypeScript JSX", 0, 0, 0, 0, 0, 0, 0, 78, 0, 0, 0, 0, 0, 0, 0, 0, 8, 86
"/Users/johndoe/Documents/company/video_ops/editor/outdoor-ui/src/components/PipelineVideo/PipelineVideo.types.ts", "TypeScript", 0, 0, 0, 12, 0, 0, 0, 0, 0, 0, 0, 0, 0, 0, 0, 2, 2, 16
"/Users/johndoe/Documents/company/video_ops/editor/outdoor-ui/src/components/PipelineVideo/PipelineVideo.web.tsx", "TypeScript JSX", 0, 0, 0, 0, 0, 0, 0, 70, 0, 0, 0, 0, 0, 0, 0, 0, 8, 78
"/Users/johndoe/Documents/company/video_ops/editor/outdoor-ui/src/components/RemotionEmbed/RemotionEmbed.module.scss", "SCSS", 0, 0, 0, 0, 0, 0, 0, 0, 0, 0, 0, 0, 0, 28, 0, 0, 4, 32
"/Users/johndoe/Documents/company/video_ops/editor/outdoor-ui/src/components/RemotionEmbed/RemotionEmbed.native.tsx", "TypeScript JSX", 0, 0, 0, 0, 0, 0, 0, 104, 0, 0, 0, 0, 0, 0, 0, 2, 8, 114
"/Users/johndoe/Documents/company/video_ops/editor/outdoor-ui/src/components/RemotionEmbed/RemotionEmbed.types.ts", "TypeScript", 0, 0, 0, 11, 0, 0, 0, 0, 0, 0, 0, 0, 0, 0, 0, 0, 3, 14
"/Users/johndoe/Documents/company/video_ops/editor/outdoor-ui/src/components/RemotionEmbed/RemotionEmbed.web.tsx", "TypeScript JSX", 0, 0, 0, 0, 0, 0, 0, 71, 0, 0, 0, 0, 0, 0, 0, 0, 7, 78
"/Users/johndoe/Documents/company/video_ops/editor/outdoor-ui/src/components/ScreenShell/ScreenShell.module.scss", "SCSS", 0, 0, 0, 0, 0, 0, 0, 0, 0, 0, 0, 0, 0, 5, 0, 0, 4, 9
"/Users/johndoe/Documents/company/video_ops/editor/outdoor-ui/src/components/ScreenShell/ScreenShell.tsx", "TypeScript JSX", 0, 0, 0, 0, 0, 0, 0, 39, 0, 0, 0, 0, 0, 0, 0, 0, 6, 45
"/Users/johndoe/Documents/company/video_ops/editor/outdoor-ui/src/components/ScreenShell/ScreenShell.types.ts", "TypeScript", 0, 0, 0, 4, 0, 0, 0, 0, 0, 0, 0, 0, 0, 0, 0, 1, 2, 7
"/Users/johndoe/Documents/company/video_ops/editor/outdoor-ui/src/components/ScriptBeatEditorPanel/ScriptBeatEditorPanel.module.scss", "SCSS", 0, 0, 0, 0, 0, 0, 0, 0, 0, 0, 0, 0, 0, 315, 0, 0, 47, 362
"/Users/johndoe/Documents/company/video_ops/editor/outdoor-ui/src/components/ScriptBeatEditorPanel/ScriptBeatEditorPanel.tsx", "TypeScript JSX", 0, 0, 0, 0, 0, 0, 0, 400, 0, 0, 0, 0, 0, 0, 0, 0, 25, 425
"/Users/johndoe/Documents/company/video_ops/editor/outdoor-ui/src/components/ScriptBeatEditorPanel/ScriptBeatEditorPanel.types.ts", "TypeScript", 0, 0, 0, 29, 0, 0, 0, 0, 0, 0, 0, 0, 0, 0, 0, 7, 3, 39
"/Users/johndoe/Documents/company/video_ops/editor/outdoor-ui/src/components/ScriptBeatEditorPanel/ScriptBeatEditorPanel.utils.ts", "TypeScript", 0, 0, 0, 23, 0, 0, 0, 0, 0, 0, 0, 0, 0, 0, 0, 0, 3, 26
"/Users/johndoe/Documents/company/video_ops/editor/outdoor-ui/src/components/ScriptLibrarySidebar/ScriptLibrarySidebar.module.scss", "SCSS", 0, 0, 0, 0, 0, 0, 0, 0, 0, 0, 0, 0, 0, 120, 0, 0, 4, 124
"/Users/johndoe/Documents/company/video_ops/editor/outdoor-ui/src/components/ScriptLibrarySidebar/ScriptLibrarySidebar.tsx", "TypeScript JSX", 0, 0, 0, 0, 0, 0, 0, 149, 0, 0, 0, 0, 0, 0, 0, 0, 12, 161
"/Users/johndoe/Documents/company/video_ops/editor/outdoor-ui/src/components/ScriptLibrarySidebar/ScriptLibrarySidebar.types.ts", "TypeScript", 0, 0, 0, 3, 0, 0, 0, 0, 0, 0, 0, 0, 0, 0, 0, 2, 2, 7
"/Users/johndoe/Documents/company/video_ops/editor/outdoor-ui/src/components/ScriptRemotionPreview/ScriptRemotionPreview.module.scss", "SCSS", 0, 0, 0, 0, 0, 0, 0, 0, 0, 0, 0, 0, 0, 27, 0, 0, 4, 31
"/Users/johndoe/Documents/company/video_ops/editor/outdoor-ui/src/components/ScriptRemotionPreview/ScriptRemotionPreview.tsx", "TypeScript JSX", 0, 0, 0, 0, 0, 0, 0, 98, 0, 0, 0, 0, 0, 0, 0, 4, 10, 112
"/Users/johndoe/Documents/company/video_ops/editor/outdoor-ui/src/components/ScriptRemotionPreview/ScriptRemotionPreview.types.ts", "TypeScript", 0, 0, 0, 10, 0, 0, 0, 0, 0, 0, 0, 0, 0, 0, 0, 4, 4, 18
"/Users/johndoe/Documents/company/video_ops/editor/outdoor-ui/src/components/SectionLabel/SectionLabel.module.scss", "SCSS", 0, 0, 0, 0, 0, 0, 0, 0, 0, 0, 0, 0, 0, 10, 0, 0, 2, 12
"/Users/johndoe/Documents/company/video_ops/editor/outdoor-ui/src/components/SectionLabel/SectionLabel.tsx", "TypeScript JSX", 0, 0, 0, 0, 0, 0, 0, 12, 0, 0, 0, 0, 0, 0, 0, 0, 3, 15
"/Users/johndoe/Documents/company/video_ops/editor/outdoor-ui/src/components/SectionLabel/SectionLabel.types.ts", "TypeScript", 0, 0, 0, 5, 0, 0, 0, 0, 0, 0, 0, 0, 0, 0, 0, 1, 2, 8
"/Users/johndoe/Documents/company/video_ops/editor/outdoor-ui/src/components/SocialSetupPanel/SocialSetupPanel.module.scss", "SCSS", 0, 0, 0, 0, 0, 0, 0, 0, 0, 0, 0, 0, 0, 94, 0, 0, 4, 98
"/Users/johndoe/Documents/company/video_ops/editor/outdoor-ui/src/components/SocialSetupPanel/SocialSetupPanel.tsx", "TypeScript JSX", 0, 0, 0, 0, 0, 0, 0, 499, 0, 0, 0, 0, 0, 0, 0, 1, 15, 515
"/Users/johndoe/Documents/company/video_ops/editor/outdoor-ui/src/components/SocialSetupPanel/SocialSetupPanel.types.ts", "TypeScript", 0, 0, 0, 10, 0, 0, 0, 0, 0, 0, 0, 0, 0, 0, 0, 1, 2, 13
"/Users/johndoe/Documents/company/video_ops/editor/outdoor-ui/src/components/StabilizePanel/StabilizePanel.module.scss", "SCSS", 0, 0, 0, 0, 0, 0, 0, 0, 0, 0, 0, 0, 0, 77, 0, 0, 4, 81
"/Users/johndoe/Documents/company/video_ops/editor/outdoor-ui/src/components/StabilizePanel/StabilizePanel.tsx", "TypeScript JSX", 0, 0, 0, 0, 0, 0, 0, 261, 0, 0, 0, 0, 0, 0, 0, 0, 30, 291
"/Users/johndoe/Documents/company/video_ops/editor/outdoor-ui/src/components/StabilizePanel/StabilizePanel.types.ts", "TypeScript", 0, 0, 0, 9, 0, 0, 0, 0, 0, 0, 0, 0, 0, 0, 0, 1, 2, 12
"/Users/johndoe/Documents/company/video_ops/editor/outdoor-ui/src/components/StageErrorBlock/StageErrorBlock.module.scss", "SCSS", 0, 0, 0, 0, 0, 0, 0, 0, 0, 0, 0, 0, 0, 27, 0, 0, 5, 32
"/Users/johndoe/Documents/company/video_ops/editor/outdoor-ui/src/components/StageErrorBlock/StageErrorBlock.tsx", "TypeScript JSX", 0, 0, 0, 0, 0, 0, 0, 21, 0, 0, 0, 0, 0, 0, 0, 0, 4, 25
"/Users/johndoe/Documents/company/video_ops/editor/outdoor-ui/src/components/StageErrorBlock/StageErrorBlock.types.ts", "TypeScript", 0, 0, 0, 4, 0, 0, 0, 0, 0, 0, 0, 0, 0, 0, 0, 0, 2, 6
"/Users/johndoe/Documents/company/video_ops/editor/outdoor-ui/src/components/StaleBanner/StaleBanner.module.scss", "SCSS", 0, 0, 0, 0, 0, 0, 0, 0, 0, 0, 0, 0, 0, 20, 0, 0, 4, 24
"/Users/johndoe/Documents/company/video_ops/editor/outdoor-ui/src/components/StaleBanner/StaleBanner.tsx", "TypeScript JSX", 0, 0, 0, 0, 0, 0, 0, 22, 0, 0, 0, 0, 0, 0, 0, 0, 4, 26
"/Users/johndoe/Documents/company/video_ops/editor/outdoor-ui/src/components/StaleBanner/StaleBanner.types.ts", "TypeScript", 0, 0, 0, 6, 0, 0, 0, 0, 0, 0, 0, 0, 0, 0, 0, 1, 2, 9
"/Users/johndoe/Documents/company/video_ops/editor/outdoor-ui/src/components/TakeCard/TakeCard.module.scss", "SCSS", 0, 0, 0, 0, 0, 0, 0, 0, 0, 0, 0, 0, 0, 13, 0, 0, 4, 17
"/Users/johndoe/Documents/company/video_ops/editor/outdoor-ui/src/components/TakeCard/TakeCard.tsx", "TypeScript JSX", 0, 0, 0, 0, 0, 0, 0, 37, 0, 0, 0, 0, 0, 0, 0, 0, 5, 42
"/Users/johndoe/Documents/company/video_ops/editor/outdoor-ui/src/components/TakeCard/TakeCard.types.ts", "TypeScript", 0, 0, 0, 7, 0, 0, 0, 0, 0, 0, 0, 0, 0, 0, 0, 1, 2, 10
"/Users/johndoe/Documents/company/video_ops/editor/outdoor-ui/src/components/TakeResults/TakeResults.module.scss", "SCSS", 0, 0, 0, 0, 0, 0, 0, 0, 0, 0, 0, 0, 0, 37, 0, 0, 4, 41
"/Users/johndoe/Documents/company/video_ops/editor/outdoor-ui/src/components/TakeResults/TakeResults.tsx", "TypeScript JSX", 0, 0, 0, 0, 0, 0, 0, 542, 0, 0, 0, 0, 0, 0, 0, 2, 39, 583
"/Users/johndoe/Documents/company/video_ops/editor/outdoor-ui/src/components/TakeResults/TakeResults.types.ts", "TypeScript", 0, 0, 0, 22, 0, 0, 0, 0, 0, 0, 0, 0, 0, 0, 0, 2, 4, 28
"/Users/johndoe/Documents/company/video_ops/editor/outdoor-ui/src/components/TakeStepstones/TakeStepstones.module.scss", "SCSS", 0, 0, 0, 0, 0, 0, 0, 0, 0, 0, 0, 0, 0, 68, 0, 0, 14, 82
"/Users/johndoe/Documents/company/video_ops/editor/outdoor-ui/src/components/TakeStepstones/TakeStepstones.tsx", "TypeScript JSX", 0, 0, 0, 0, 0, 0, 0, 43, 0, 0, 0, 0, 0, 0, 0, 0, 6, 49
"/Users/johndoe/Documents/company/video_ops/editor/outdoor-ui/src/components/TakeStepstones/TakeStepstones.types.ts", "TypeScript", 0, 0, 0, 5, 0, 0, 0, 0, 0, 0, 0, 0, 0, 0, 0, 0, 2, 7
"/Users/johndoe/Documents/company/video_ops/editor/outdoor-ui/src/components/TemplateConfigPanel/StickerEditor.module.scss", "SCSS", 0, 0, 0, 0, 0, 0, 0, 0, 0, 0, 0, 0, 0, 157, 0, 0, 26, 183
"/Users/johndoe/Documents/company/video_ops/editor/outdoor-ui/src/components/TemplateConfigPanel/StickerEditor.tsx", "TypeScript JSX", 0, 0, 0, 0, 0, 0, 0, 285, 0, 0, 0, 0, 0, 0, 0, 1, 17, 303
"/Users/johndoe/Documents/company/video_ops/editor/outdoor-ui/src/components/TemplateConfigPanel/TemplateConfigPanel.module.scss", "SCSS", 0, 0, 0, 0, 0, 0, 0, 0, 0, 0, 0, 0, 0, 96, 0, 0, 18, 114
"/Users/johndoe/Documents/company/video_ops/editor/outdoor-ui/src/components/TemplateConfigPanel/TemplateConfigPanel.tsx", "TypeScript JSX", 0, 0, 0, 0, 0, 0, 0, 704, 0, 0, 0, 0, 0, 0, 0, 0, 20, 724
"/Users/johndoe/Documents/company/video_ops/editor/outdoor-ui/src/components/TemplateConfigPanel/TemplateConfigPanel.types.ts", "TypeScript", 0, 0, 0, 7, 0, 0, 0, 0, 0, 0, 0, 0, 0, 0, 0, 0, 2, 9
"/Users/johndoe/Documents/company/video_ops/editor/outdoor-ui/src/components/kitThemes/kitThemes.module.scss", "SCSS", 0, 0, 0, 0, 0, 0, 0, 0, 0, 0, 0, 0, 0, 3, 0, 1, 2, 6
"/Users/johndoe/Documents/company/video_ops/editor/outdoor-ui/src/components/kitThemes/kitThemes.ts", "TypeScript", 0, 0, 0, 94, 0, 0, 0, 0, 0, 0, 0, 0, 0, 0, 0, 0, 4, 98
"/Users/johndoe/Documents/company/video_ops/editor/outdoor-ui/src/context/OutdoorUiContext.tsx", "TypeScript JSX", 0, 0, 0, 0, 0, 0, 0, 197, 0, 0, 0, 0, 0, 0, 0, 10, 18, 225
"/Users/johndoe/Documents/company/video_ops/editor/outdoor-ui/src/hooks/useOutdoorRoute.ts", "TypeScript", 0, 0, 0, 220, 0, 0, 0, 0, 0, 0, 0, 0, 0, 0, 0, 1, 23, 244
"/Users/johndoe/Documents/company/video_ops/editor/outdoor-ui/src/hooks/usePipelineAbort.ts", "TypeScript", 0, 0, 0, 22, 0, 0, 0, 0, 0, 0, 0, 0, 0, 0, 0, 0, 5, 27
"/Users/johndoe/Documents/company/video_ops/editor/outdoor-ui/src/index.ts", "TypeScript", 0, 0, 0, 185, 0, 0, 0, 0, 0, 0, 0, 0, 0, 0, 0, 0, 13, 198
"/Users/johndoe/Documents/company/video_ops/editor/outdoor-ui/src/layout.ts", "TypeScript", 0, 0, 0, 347, 0, 0, 0, 0, 0, 0, 0, 0, 0, 0, 0, 4, 11, 362
"/Users/johndoe/Documents/company/video_ops/editor/outdoor-ui/src/pages/AnimationEditorScreen/AnimationEditorScreen.module.scss", "SCSS", 0, 0, 0, 0, 0, 0, 0, 0, 0, 0, 0, 0, 0, 218, 0, 0, 2, 220
"/Users/johndoe/Documents/company/video_ops/editor/outdoor-ui/src/pages/AnimationEditorScreen/AnimationEditorScreen.tsx", "TypeScript JSX", 0, 0, 0, 0, 0, 0, 0, 1312, 0, 0, 0, 0, 0, 0, 0, 3, 27, 1342
"/Users/johndoe/Documents/company/video_ops/editor/outdoor-ui/src/pages/FilmScreen/FilmScreen.module.scss", "SCSS", 0, 0, 0, 0, 0, 0, 0, 0, 0, 0, 0, 0, 0, 184, 0, 0, 2, 186
"/Users/johndoe/Documents/company/video_ops/editor/outdoor-ui/src/pages/FilmScreen/FilmScreen.tsx", "TypeScript JSX", 0, 0, 0, 0, 0, 0, 0, 21, 0, 0, 0, 0, 0, 0, 0, 1, 5, 27
"/Users/johndoe/Documents/company/video_ops/editor/outdoor-ui/src/pages/FilmScreen/FilmScreen.web.tsx", "TypeScript JSX", 0, 0, 0, 0, 0, 0, 0, 701, 0, 0, 0, 0, 0, 0, 0, 30, 42, 773
"/Users/johndoe/Documents/company/video_ops/editor/outdoor-ui/src/pages/LibraryScreen/LibraryScreen.module.scss", "SCSS", 0, 0, 0, 0, 0, 0, 0, 0, 0, 0, 0, 0, 0, 327, 0, 0, 4, 331
"/Users/johndoe/Documents/company/video_ops/editor/outdoor-ui/src/pages/LibraryScreen/LibraryScreen.tsx", "TypeScript JSX", 0, 0, 0, 0, 0, 0, 0, 778, 0, 0, 0, 0, 0, 0, 0, 1, 29, 808
"/Users/johndoe/Documents/company/video_ops/editor/outdoor-ui/src/pages/PlatformsScreen/PlatformsScreen.module.scss", "SCSS", 0, 0, 0, 0, 0, 0, 0, 0, 0, 0, 0, 0, 0, 74, 0, 0, 2, 76
"/Users/johndoe/Documents/company/video_ops/editor/outdoor-ui/src/pages/PlatformsScreen/PlatformsScreen.tsx", "TypeScript JSX", 0, 0, 0, 0, 0, 0, 0, 724, 0, 0, 0, 0, 0, 0, 0, 0, 26, 750
"/Users/johndoe/Documents/company/video_ops/editor/outdoor-ui/src/pages/ScriptDetailScreen/ScriptDetailScreen.module.scss", "SCSS", 0, 0, 0, 0, 0, 0, 0, 0, 0, 0, 0, 0, 0, 81, 0, 0, 4, 85
"/Users/johndoe/Documents/company/video_ops/editor/outdoor-ui/src/pages/ScriptDetailScreen/ScriptDetailScreen.tsx", "TypeScript JSX", 0, 0, 0, 0, 0, 0, 0, 358, 0, 0, 0, 0, 0, 0, 0, 0, 6, 364
"/Users/johndoe/Documents/company/video_ops/editor/outdoor-ui/src/pages/TakePipelineScreen/TakePipelineScreen.module.scss", "SCSS", 0, 0, 0, 0, 0, 0, 0, 0, 0, 0, 0, 0, 0, 53, 0, 0, 4, 57
"/Users/johndoe/Documents/company/video_ops/editor/outdoor-ui/src/pages/TakePipelineScreen/TakePipelineScreen.tsx", "TypeScript JSX", 0, 0, 0, 0, 0, 0, 0, 321, 0, 0, 0, 0, 0, 0, 0, 1, 24, 346
"/Users/johndoe/Documents/company/video_ops/editor/outdoor-ui/src/rnw-classname.d.ts", "TypeScript", 0, 0, 0, 29, 0, 0, 0, 0, 0, 0, 0, 0, 0, 0, 0, 0, 11, 40
"/Users/johndoe/Documents/company/video_ops/editor/outdoor-ui/src/scss.d.ts", "TypeScript", 0, 0, 0, 4, 0, 0, 0, 0, 0, 0, 0, 0, 0, 0, 0, 0, 1, 5
"/Users/johndoe/Documents/company/video_ops/editor/outdoor-ui/src/shims/codegen-native-component.ts", "TypeScript", 0, 0, 0, 10, 0, 0, 0, 0, 0, 0, 0, 0, 0, 0, 0, 1, 3, 14
"/Users/johndoe/Documents/company/video_ops/editor/outdoor-ui/src/shims/empty-expo-video.ts", "TypeScript", 0, 0, 0, 6, 0, 0, 0, 0, 0, 0, 0, 0, 0, 0, 0, 0, 2, 8
"/Users/johndoe/Documents/company/video_ops/editor/outdoor-ui/src/shims/empty-webview.ts", "TypeScript", 0, 0, 0, 2, 0, 0, 0, 0, 0, 0, 0, 0, 0, 0, 0, 0, 2, 4
"/Users/johndoe/Documents/company/video_ops/editor/outdoor-ui/src/theme.ts", "TypeScript", 0, 0, 0, 278, 0, 0, 0, 0, 0, 0, 0, 0, 0, 0, 0, 2, 9, 289
"/Users/johndoe/Documents/company/video_ops/editor/outdoor-ui/src/types.ts", "TypeScript", 0, 0, 0, 685, 0, 0, 0, 0, 0, 0, 0, 0, 0, 0, 0, 18, 99, 802
"/Users/johndoe/Documents/company/video_ops/editor/outdoor-ui/src/types/beatStudio.ts", "TypeScript", 0, 0, 0, 110, 0, 0, 0, 0, 0, 0, 0, 0, 0, 0, 0, 17, 17, 144
"/Users/johndoe/Documents/company/video_ops/editor/outdoor-ui/src/utils/animationMdFormat.ts", "TypeScript", 0, 0, 0, 65, 0, 0, 0, 0, 0, 0, 0, 0, 0, 0, 0, 3, 7, 75
"/Users/johndoe/Documents/company/video_ops/editor/outdoor-ui/src/utils/beatSeek.ts", "TypeScript", 0, 0, 0, 18, 0, 0, 0, 0, 0, 0, 0, 0, 0, 0, 0, 6, 4, 28
"/Users/johndoe/Documents/company/video_ops/editor/outdoor-ui/src/utils/beatStudio.ts", "TypeScript", 0, 0, 0, 255, 0, 0, 0, 0, 0, 0, 0, 0, 0, 0, 0, 2, 24, 281
"/Users/johndoe/Documents/company/video_ops/editor/outdoor-ui/src/utils/beatStudioVisualNotes.ts", "TypeScript", 0, 0, 0, 94, 0, 0, 0, 0, 0, 0, 0, 0, 0, 0, 0, 3, 8, 105
"/Users/johndoe/Documents/company/video_ops/editor/outdoor-ui/src/utils/beatTemplateRegistry.ts", "TypeScript", 0, 0, 0, 266, 0, 0, 0, 0, 0, 0, 0, 0, 0, 0, 0, 4, 16, 286
"/Users/johndoe/Documents/company/video_ops/editor/outdoor-ui/src/utils/beatVariants.ts", "TypeScript", 0, 0, 0, 1, 0, 0, 0, 0, 0, 0, 0, 0, 0, 0, 0, 0, 1, 2
"/Users/johndoe/Documents/company/video_ops/editor/outdoor-ui/src/utils/beatVariantsFromAnimation.ts", "TypeScript", 0, 0, 0, 195, 0, 0, 0, 0, 0, 0, 0, 0, 0, 0, 0, 6, 15, 216
"/Users/johndoe/Documents/company/video_ops/editor/outdoor-ui/src/utils/beatVisual.ts", "TypeScript", 0, 0, 0, 90, 0, 0, 0, 0, 0, 0, 0, 0, 0, 0, 0, 0, 7, 97
"/Users/johndoe/Documents/company/video_ops/editor/outdoor-ui/src/utils/catalogEpisodesBySeries.ts", "TypeScript", 0, 0, 0, 28, 0, 0, 0, 0, 0, 0, 0, 0, 0, 0, 0, 0, 3, 31
"/Users/johndoe/Documents/company/video_ops/editor/outdoor-ui/src/utils/filmScript.ts", "TypeScript", 0, 0, 0, 100, 0, 0, 0, 0, 0, 0, 0, 0, 0, 0, 0, 0, 8, 108
"/Users/johndoe/Documents/company/video_ops/editor/outdoor-ui/src/utils/format.ts", "TypeScript", 0, 0, 0, 122, 0, 0, 0, 0, 0, 0, 0, 0, 0, 0, 0, 0, 13, 135
"/Users/johndoe/Documents/company/video_ops/editor/outdoor-ui/src/utils/manimDiagramCatalog.ts", "TypeScript", 0, 0, 0, 7, 0, 0, 0, 0, 0, 0, 0, 0, 0, 0, 0, 1, 2, 10
"/Users/johndoe/Documents/company/video_ops/editor/outdoor-ui/src/utils/scriptRemotionPreviewLayout.ts", "TypeScript", 0, 0, 0, 58, 0, 0, 0, 0, 0, 0, 0, 0, 0, 0, 0, 11, 6, 75
"/Users/johndoe/Documents/company/video_ops/editor/outdoor-ui/src/utils/stableFingerprint.ts", "TypeScript", 0, 0, 0, 7, 0, 0, 0, 0, 0, 0, 0, 0, 0, 0, 0, 1, 1, 9
"/Users/johndoe/Documents/company/video_ops/editor/outdoor-ui/src/utils/takeEntries.ts", "TypeScript", 0, 0, 0, 46, 0, 0, 0, 0, 0, 0, 0, 0, 0, 0, 0, 1, 3, 50
"/Users/johndoe/Documents/company/video_ops/editor/outdoor-ui/src/utils/templateConfigRemotionSync.ts", "TypeScript", 0, 0, 0, 58, 0, 0, 0, 0, 0, 0, 0, 0, 0, 0, 0, 1, 2, 61
"/Users/johndoe/Documents/company/video_ops/editor/outdoor-ui/src/utils/webClassName.ts", "TypeScript", 0, 0, 0, 20, 0, 0, 0, 0, 0, 0, 0, 0, 0, 0, 0, 2, 4, 26
"/Users/johndoe/Documents/company/video_ops/editor/outdoor-ui/tsconfig.json", "JSON with Comments", 0, 0, 0, 0, 0, 0, 0, 0, 19, 0, 0, 0, 0, 0, 0, 0, 1, 20
"/Users/johndoe/Documents/company/video_ops/editor/outdoor-ui/vite.config.ts", "TypeScript", 0, 0, 0, 61, 0, 0, 0, 0, 0, 0, 0, 0, 0, 0, 0, 1, 5, 67
"/Users/johndoe/Documents/company/video_ops/editor/outdoor-ui/web/index.html", "HTML", 0, 0, 0, 0, 0, 0, 0, 0, 0, 0, 0, 0, 29, 0, 0, 0, 1, 30
"/Users/johndoe/Documents/company/video_ops/editor/outdoor-ui/web/main.tsx", "TypeScript JSX", 0, 0, 0, 0, 0, 0, 0, 14, 0, 0, 0, 0, 0, 0, 0, 2, 6, 22
"/Users/johndoe/Documents/company/video_ops/editor/outdoor_agent/.inbox-status.json", "JSON", 49, 0, 0, 0, 0, 0, 0, 0, 0, 0, 0, 0, 0, 0, 0, 0, 1, 50
"/Users/johndoe/Documents/company/video_ops/editor/outdoor_agent/README.md", "Markdown", 0, 0, 97, 0, 0, 0, 0, 0, 0, 0, 0, 0, 0, 0, 0, 0, 33, 130
"/Users/johndoe/Documents/company/video_ops/editor/outdoor_agent/deno.json", "JSON", 20, 0, 0, 0, 0, 0, 0, 0, 0, 0, 0, 0, 0, 0, 0, 0, 1, 21
"/Users/johndoe/Documents/company/video_ops/editor/outdoor_agent/main.ts", "TypeScript", 0, 0, 0, 89, 0, 0, 0, 0, 0, 0, 0, 0, 0, 0, 0, 0, 10, 99
"/Users/johndoe/Documents/company/video_ops/editor/outdoor_agent/regenerate-take.ts", "TypeScript", 0, 0, 0, 16, 0, 0, 0, 0, 0, 0, 0, 0, 0, 0, 0, 0, 8, 24
"/Users/johndoe/Documents/company/video_ops/editor/outdoor_agent/scan-inbox-once.ts", "TypeScript", 0, 0, 0, 17, 0, 0, 0, 0, 0, 0, 0, 0, 0, 0, 0, 0, 3, 20
"/Users/johndoe/Documents/company/video_ops/editor/outdoor_agent/src/align-review.ts", "TypeScript", 0, 0, 0, 457, 0, 0, 0, 0, 0, 0, 0, 0, 0, 0, 0, 13, 37, 507
"/Users/johndoe/Documents/company/video_ops/editor/outdoor_agent/src/animation-load.ts", "TypeScript", 0, 0, 0, 43, 0, 0, 0, 0, 0, 0, 0, 0, 0, 0, 0, 4, 6, 53
"/Users/johndoe/Documents/company/video_ops/editor/outdoor_agent/src/animation-md.ts", "TypeScript", 0, 0, 0, 56, 0, 0, 0, 0, 0, 0, 0, 0, 0, 0, 0, 0, 5, 61
"/Users/johndoe/Documents/company/video_ops/editor/outdoor_agent/src/beat-studio.ts", "TypeScript", 0, 0, 0, 46, 0, 0, 0, 0, 0, 0, 0, 0, 0, 0, 0, 3, 8, 57
"/Users/johndoe/Documents/company/video_ops/editor/outdoor_agent/src/catalog.ts", "TypeScript", 0, 0, 0, 309, 0, 0, 0, 0, 0, 0, 0, 0, 0, 0, 0, 3, 18, 330
"/Users/johndoe/Documents/company/video_ops/editor/outdoor_agent/src/covers.ts", "TypeScript", 0, 0, 0, 343, 0, 0, 0, 0, 0, 0, 0, 0, 0, 0, 0, 2, 35, 380
"/Users/johndoe/Documents/company/video_ops/editor/outdoor_agent/src/cut-apply.ts", "TypeScript", 0, 0, 0, 48, 0, 0, 0, 0, 0, 0, 0, 0, 0, 0, 0, 3, 6, 57
"/Users/johndoe/Documents/company/video_ops/editor/outdoor_agent/src/cut-review.ts", "TypeScript", 0, 0, 0, 770, 0, 0, 0, 0, 0, 0, 0, 0, 0, 0, 0, 27, 56, 853
"/Users/johndoe/Documents/company/video_ops/editor/outdoor_agent/src/fs_util.ts", "TypeScript", 0, 0, 0, 21, 0, 0, 0, 0, 0, 0, 0, 0, 0, 0, 0, 0, 6, 27
"/Users/johndoe/Documents/company/video_ops/editor/outdoor_agent/src/http_util.ts", "TypeScript", 0, 0, 0, 232, 0, 0, 0, 0, 0, 0, 0, 0, 0, 0, 0, 9, 16, 257
"/Users/johndoe/Documents/company/video_ops/editor/outdoor_agent/src/inbox-status.ts", "TypeScript", 0, 0, 0, 154, 0, 0, 0, 0, 0, 0, 0, 0, 0, 0, 0, 3, 15, 172
"/Users/johndoe/Documents/company/video_ops/editor/outdoor_agent/src/inbox-watcher.ts", "TypeScript", 0, 0, 0, 145, 0, 0, 0, 0, 0, 0, 0, 0, 0, 0, 0, 2, 18, 165
"/Users/johndoe/Documents/company/video_ops/editor/outdoor_agent/src/job-results.ts", "TypeScript", 0, 0, 0, 217, 0, 0, 0, 0, 0, 0, 0, 0, 0, 0, 0, 0, 19, 236
"/Users/johndoe/Documents/company/video_ops/editor/outdoor_agent/src/job-store.ts", "TypeScript", 0, 0, 0, 224, 0, 0, 0, 0, 0, 0, 0, 0, 0, 0, 0, 2, 14, 240
"/Users/johndoe/Documents/company/video_ops/editor/outdoor_agent/src/live-script.ts", "TypeScript", 0, 0, 0, 359, 0, 0, 0, 0, 0, 0, 0, 0, 0, 0, 0, 9, 39, 407
"/Users/johndoe/Documents/company/video_ops/editor/outdoor_agent/src/llm-client.ts", "TypeScript", 0, 0, 0, 122, 0, 0, 0, 0, 0, 0, 0, 0, 0, 0, 0, 0, 19, 141
"/Users/johndoe/Documents/company/video_ops/editor/outdoor_agent/src/llm-settings.ts", "TypeScript", 0, 0, 0, 47, 0, 0, 0, 0, 0, 0, 0, 0, 0, 0, 0, 0, 7, 54
"/Users/johndoe/Documents/company/video_ops/editor/outdoor_agent/src/outdoor-endpoints.ts", "TypeScript", 0, 0, 0, 94, 0, 0, 0, 0, 0, 0, 0, 0, 0, 0, 0, 7, 15, 116
"/Users/johndoe/Documents/company/video_ops/editor/outdoor_agent/src/outdoor-script.ts", "TypeScript", 0, 0, 0, 72, 0, 0, 0, 0, 0, 0, 0, 0, 0, 0, 0, 4, 9, 85
"/Users/johndoe/Documents/company/video_ops/editor/outdoor_agent/src/paths.ts", "TypeScript", 0, 0, 0, 309, 0, 0, 0, 0, 0, 0, 0, 0, 0, 0, 0, 19, 45, 373
"/Users/johndoe/Documents/company/video_ops/editor/outdoor_agent/src/pipeline-error.ts", "TypeScript", 0, 0, 0, 269, 0, 0, 0, 0, 0, 0, 0, 0, 0, 0, 0, 0, 26, 295
"/Users/johndoe/Documents/company/video_ops/editor/outdoor_agent/src/pipeline-lineage.ts", "TypeScript", 0, 0, 0, 245, 0, 0, 0, 0, 0, 0, 0, 0, 0, 0, 0, 8, 28, 281
"/Users/johndoe/Documents/company/video_ops/editor/outdoor_agent/src/pipeline-snapshot.ts", "TypeScript", 0, 0, 0, 97, 0, 0, 0, 0, 0, 0, 0, 0, 0, 0, 0, 0, 5, 102
"/Users/johndoe/Documents/company/video_ops/editor/outdoor_agent/src/pipeline-status-page.ts", "TypeScript", 0, 0, 0, 340, 0, 0, 0, 0, 0, 0, 0, 0, 0, 0, 0, 1, 15, 356
"/Users/johndoe/Documents/company/video_ops/editor/outdoor_agent/src/platform-status.ts", "TypeScript", 0, 0, 0, 407, 0, 0, 0, 0, 0, 0, 0, 0, 0, 0, 0, 0, 24, 431
"/Users/johndoe/Documents/company/video_ops/editor/outdoor_agent/src/publish/index.ts", "TypeScript", 0, 0, 0, 298, 0, 0, 0, 0, 0, 0, 0, 0, 0, 0, 0, 0, 33, 331
"/Users/johndoe/Documents/company/video_ops/editor/outdoor_agent/src/publish/postiz.ts", "TypeScript", 0, 0, 0, 394, 0, 0, 0, 0, 0, 0, 0, 0, 0, 0, 0, 13, 39, 446
"/Users/johndoe/Documents/company/video_ops/editor/outdoor_agent/src/publish/sau.ts", "TypeScript", 0, 0, 0, 183, 0, 0, 0, 0, 0, 0, 0, 0, 0, 0, 0, 11, 30, 224
"/Users/johndoe/Documents/company/video_ops/editor/outdoor_agent/src/publish/zernio.ts", "TypeScript", 0, 0, 0, 291, 0, 0, 0, 0, 0, 0, 0, 0, 0, 0, 0, 13, 34, 338
"/Users/johndoe/Documents/company/video_ops/editor/outdoor_agent/src/queue.ts", "TypeScript", 0, 0, 0, 217, 0, 0, 0, 0, 0, 0, 0, 0, 0, 0, 0, 0, 15, 232
"/Users/johndoe/Documents/company/video_ops/editor/outdoor_agent/src/schema.ts", "TypeScript", 0, 0, 0, 130, 0, 0, 0, 0, 0, 0, 0, 0, 0, 0, 0, 1, 15, 146
"/Users/johndoe/Documents/company/video_ops/editor/outdoor_agent/src/scripts-watcher.ts", "TypeScript", 0, 0, 0, 227, 0, 0, 0, 0, 0, 0, 0, 0, 0, 0, 0, 8, 24, 259
"/Users/johndoe/Documents/company/video_ops/editor/outdoor_agent/src/server.ts", "TypeScript", 0, 0, 0, 1025, 0, 0, 0, 0, 0, 0, 0, 0, 0, 0, 0, 0, 70, 1095
"/Users/johndoe/Documents/company/video_ops/editor/outdoor_agent/src/stage-run-log.ts", "TypeScript", 0, 0, 0, 73, 0, 0, 0, 0, 0, 0, 0, 0, 0, 0, 0, 0, 17, 90
"/Users/johndoe/Documents/company/video_ops/editor/outdoor_agent/src/stages/align-from-slides.ts", "TypeScript", 0, 0, 0, 232, 0, 0, 0, 0, 0, 0, 0, 0, 0, 0, 0, 4, 21, 257
"/Users/johndoe/Documents/company/video_ops/editor/outdoor_agent/src/stages/align.ts", "TypeScript", 0, 0, 0, 122, 0, 0, 0, 0, 0, 0, 0, 0, 0, 0, 0, 0, 11, 133
"/Users/johndoe/Documents/company/video_ops/editor/outdoor_agent/src/stages/composite.ts", "TypeScript", 0, 0, 0, 82, 0, 0, 0, 0, 0, 0, 0, 0, 0, 0, 0, 0, 9, 91
"/Users/johndoe/Documents/company/video_ops/editor/outdoor_agent/src/stages/cut.ts", "TypeScript", 0, 0, 0, 47, 0, 0, 0, 0, 0, 0, 0, 0, 0, 0, 0, 0, 9, 56
"/Users/johndoe/Documents/company/video_ops/editor/outdoor_agent/src/stages/social.ts", "TypeScript", 0, 0, 0, 85, 0, 0, 0, 0, 0, 0, 0, 0, 0, 0, 0, 0, 12, 97
"/Users/johndoe/Documents/company/video_ops/editor/outdoor_agent/src/stages/stabilize.ts", "TypeScript", 0, 0, 0, 83, 0, 0, 0, 0, 0, 0, 0, 0, 0, 0, 0, 1, 10, 94
"/Users/johndoe/Documents/company/video_ops/editor/outdoor_agent/src/stages/util.ts", "TypeScript", 0, 0, 0, 65, 0, 0, 0, 0, 0, 0, 0, 0, 0, 0, 0, 0, 8, 73
"/Users/johndoe/Documents/company/video_ops/editor/outdoor_agent/src/sticker-assets.ts", "TypeScript", 0, 0, 0, 70, 0, 0, 0, 0, 0, 0, 0, 0, 0, 0, 0, 3, 10, 83
"/Users/johndoe/Documents/company/video_ops/editor/outdoor_agent/src/subprocess.ts", "TypeScript", 0, 0, 0, 235, 0, 0, 0, 0, 0, 0, 0, 0, 0, 0, 0, 1, 15, 251
"/Users/johndoe/Documents/company/video_ops/editor/outdoor_agent/src/sync-outdoor-animation.ts", "TypeScript", 0, 0, 0, 99, 0, 0, 0, 0, 0, 0, 0, 0, 0, 0, 0, 5, 12, 116
"/Users/johndoe/Documents/company/video_ops/editor/outdoor_post/README.md", "Markdown", 0, 0, 92, 0, 0, 0, 0, 0, 0, 0, 0, 0, 0, 0, 0, 0, 38, 130
"/Users/johndoe/Documents/company/video_ops/editor/outdoor_post/deno.json", "JSON", 20, 0, 0, 0, 0, 0, 0, 0, 0, 0, 0, 0, 0, 0, 0, 0, 1, 21
"/Users/johndoe/Documents/company/video_ops/editor/outdoor_post/main.ts", "TypeScript", 0, 0, 0, 47, 0, 0, 0, 0, 0, 0, 0, 0, 0, 0, 0, 0, 7, 54
"/Users/johndoe/Documents/company/video_ops/editor/outdoor_post/src/ai-edit.ts", "TypeScript", 0, 0, 0, 813, 0, 0, 0, 0, 0, 0, 0, 0, 0, 0, 0, 20, 73, 906
"/Users/johndoe/Documents/company/video_ops/editor/outdoor_post/src/align-speech-to-beats.ts", "TypeScript", 0, 0, 0, 709, 0, 0, 0, 0, 0, 0, 0, 0, 0, 0, 0, 1, 60, 770
"/Users/johndoe/Documents/company/video_ops/editor/outdoor_post/src/build-outdoor-manifest.ts", "TypeScript", 0, 0, 0, 190, 0, 0, 0, 0, 0, 0, 0, 0, 0, 0, 0, 0, 23, 213
"/Users/johndoe/Documents/company/video_ops/editor/outdoor_post/src/caption_zh.ts", "TypeScript", 0, 0, 0, 23, 0, 0, 0, 0, 0, 0, 0, 0, 0, 0, 0, 0, 2, 25
"/Users/johndoe/Documents/company/video_ops/editor/outdoor_post/src/export-outdoor-script.ts", "TypeScript", 0, 0, 0, 192, 0, 0, 0, 0, 0, 0, 0, 0, 0, 0, 0, 0, 29, 221
"/Users/johndoe/Documents/company/video_ops/editor/outdoor_post/src/fs_util.ts", "TypeScript", 0, 0, 0, 19, 0, 0, 0, 0, 0, 0, 0, 0, 0, 0, 0, 0, 5, 24
"/Users/johndoe/Documents/company/video_ops/editor/outdoor_post/src/paths.ts", "TypeScript", 0, 0, 0, 51, 0, 0, 0, 0, 0, 0, 0, 0, 0, 0, 0, 0, 9, 60
"/Users/johndoe/Documents/company/video_ops/editor/outdoor_post/src/sentence-captions.ts", "TypeScript", 0, 0, 0, 731, 0, 0, 0, 0, 0, 0, 0, 0, 0, 0, 0, 47, 59, 837
"/Users/johndoe/Documents/company/video_ops/editor/outdoor_post/src/subprocess.ts", "TypeScript", 0, 0, 0, 54, 0, 0, 0, 0, 0, 0, 0, 0, 0, 0, 0, 0, 7, 61
"/Users/johndoe/Documents/company/video_ops/editor/outdoor_post/transcribe-local.py", "Python", 0, 0, 0, 0, 0, 83, 0, 0, 0, 0, 0, 0, 0, 0, 0, 2, 10, 95
"/Users/johndoe/Documents/company/video_ops/editor/remotion/README.md", "Markdown", 0, 0, 132, 0, 0, 0, 0, 0, 0, 0, 0, 0, 0, 0, 0, 0, 54, 186
"/Users/johndoe/Documents/company/video_ops/editor/remotion/package-lock.json", "JSON", 5234, 0, 0, 0, 0, 0, 0, 0, 0, 0, 0, 0, 0, 0, 0, 0, 1, 5235
"/Users/johndoe/Documents/company/video_ops/editor/remotion/package.json", "JSON", 54, 0, 0, 0, 0, 0, 0, 0, 0, 0, 0, 0, 0, 0, 0, 0, 1, 55
"/Users/johndoe/Documents/company/video_ops/editor/remotion/remotion.config.ts", "TypeScript", 0, 0, 0, 94, 0, 0, 0, 0, 0, 0, 0, 0, 0, 0, 0, 1, 7, 102
"/Users/johndoe/Documents/company/video_ops/editor/remotion/scripts/add-component-scss-modules.mjs", "JavaScript", 0, 0, 0, 0, 0, 0, 0, 0, 0, 0, 67, 0, 0, 0, 0, 5, 13, 85
"/Users/johndoe/Documents/company/video_ops/editor/remotion/scripts/animation-json-to-md.mjs", "JavaScript", 0, 0, 0, 0, 0, 0, 0, 0, 0, 0, 281, 0, 0, 0, 0, 5, 31, 317
"/Users/johndoe/Documents/company/video_ops/editor/remotion/scripts/clean-stale-build.mjs", "JavaScript", 0, 0, 0, 0, 0, 0, 0, 0, 0, 0, 10, 0, 0, 0, 0, 1, 3, 14
"/Users/johndoe/Documents/company/video_ops/editor/remotion/scripts/convert-eigenlecture-py2ts.mjs", "JavaScript", 0, 0, 0, 0, 0, 0, 0, 0, 0, 0, 35, 0, 0, 0, 0, 5, 6, 46
"/Users/johndoe/Documents/company/video_ops/editor/remotion/scripts/convert-hairy-ball-py2ts.mjs", "JavaScript", 0, 0, 0, 0, 0, 0, 0, 0, 0, 0, 91, 0, 0, 0, 0, 10, 20, 121
"/Users/johndoe/Documents/company/video_ops/editor/remotion/scripts/ensure-public-dir.mjs", "JavaScript", 0, 0, 0, 0, 0, 0, 0, 0, 0, 0, 83, 0, 0, 0, 0, 8, 17, 108
"/Users/johndoe/Documents/company/video_ops/editor/remotion/scripts/fix-component-imports.mjs", "JavaScript", 0, 0, 0, 0, 0, 0, 0, 0, 0, 0, 145, 0, 0, 0, 0, 7, 15, 167
"/Users/johndoe/Documents/company/video_ops/editor/remotion/scripts/link-knowledge-fonts.sh", "Shell Script", 0, 0, 0, 0, 20, 0, 0, 0, 0, 0, 0, 0, 0, 0, 0, 2, 1, 23
"/Users/johndoe/Documents/company/video_ops/editor/remotion/scripts/render-edited.mjs", "JavaScript", 0, 0, 0, 0, 0, 0, 0, 0, 0, 0, 86, 0, 0, 0, 0, 11, 14, 111
"/Users/johndoe/Documents/company/video_ops/editor/remotion/scripts/render-manim-test.mjs", "JavaScript", 0, 0, 0, 0, 0, 0, 0, 0, 0, 0, 78, 0, 0, 0, 0, 9, 8, 95
"/Users/johndoe/Documents/company/video_ops/editor/remotion/scripts/render-outdoor.mjs", "JavaScript", 0, 0, 0, 0, 0, 0, 0, 0, 0, 0, 140, 0, 0, 0, 0, 0, 20, 160
"/Users/johndoe/Documents/company/video_ops/editor/remotion/scripts/render-script.mjs", "JavaScript", 0, 0, 0, 0, 0, 0, 0, 0, 0, 0, 45, 0, 0, 0, 0, 1, 10, 56
"/Users/johndoe/Documents/company/video_ops/editor/remotion/scripts/repoPaths.ts", "TypeScript", 0, 0, 0, 27, 0, 0, 0, 0, 0, 0, 0, 0, 0, 0, 0, 0, 5, 32
"/Users/johndoe/Documents/company/video_ops/editor/remotion/scripts/restructure-components.mjs", "JavaScript", 0, 0, 0, 0, 0, 0, 0, 0, 0, 0, 87, 0, 0, 0, 0, 16, 19, 122
"/Users/johndoe/Documents/company/video_ops/editor/remotion/scripts/scriptSeries.mjs", "JavaScript", 0, 0, 0, 0, 0, 0, 0, 0, 0, 0, 134, 0, 0, 0, 0, 7, 17, 158
"/Users/johndoe/Documents/company/video_ops/editor/remotion/scripts/sync-animations.ts", "TypeScript", 0, 0, 0, 195, 0, 0, 0, 0, 0, 0, 0, 0, 0, 0, 0, 3, 25, 223
"/Users/johndoe/Documents/company/video_ops/editor/remotion/scripts/warmTurnKnowledgeCache.mjs", "JavaScript", 0, 0, 0, 0, 0, 0, 0, 0, 0, 0, 234, 0, 0, 0, 0, 9, 32, 275
"/Users/johndoe/Documents/company/video_ops/editor/remotion/src/Root.tsx", "TypeScript JSX", 0, 0, 0, 0, 0, 0, 0, 60, 0, 0, 0, 0, 0, 0, 0, 1, 6, 67
"/Users/johndoe/Documents/company/video_ops/editor/remotion/src/_app.scss", "SCSS", 0, 0, 0, 0, 0, 0, 0, 0, 0, 0, 0, 0, 0, 31, 0, 3, 5, 39
"/Users/johndoe/Documents/company/video_ops/editor/remotion/src/beat-templates/BeatTemplateRenderer.tsx", "TypeScript JSX", 0, 0, 0, 0, 0, 0, 0, 54, 0, 0, 0, 0, 0, 0, 0, 1, 5, 60
"/Users/johndoe/Documents/company/video_ops/editor/remotion/src/beat-templates/CodingWalkthroughBeat/CodingWalkthroughBeat.tsx", "TypeScript JSX", 0, 0, 0, 0, 0, 0, 0, 6, 0, 0, 0, 0, 0, 0, 0, 1, 3, 10
"/Users/johndoe/Documents/company/video_ops/editor/remotion/src/beat-templates/CompareDualBeat/CompareDualBeat.tsx", "TypeScript JSX", 0, 0, 0, 0, 0, 0, 0, 35, 0, 0, 0, 0, 0, 0, 0, 1, 4, 40
"/Users/johndoe/Documents/company/video_ops/editor/remotion/src/beat-templates/ManimMotionBeat/ManimMotionBeat.tsx", "TypeScript JSX", 0, 0, 0, 0, 0, 0, 0, 24, 0, 0, 0, 0, 0, 0, 0, 1, 4, 29
"/Users/johndoe/Documents/company/video_ops/editor/remotion/src/beat-templates/PresenterOverlayBeat/PresenterOverlayBeat.tsx", "TypeScript JSX", 0, 0, 0, 0, 0, 0, 0, 20, 0, 0, 0, 0, 0, 0, 0, 1, 4, 25
"/Users/johndoe/Documents/company/video_ops/editor/remotion/src/beat-templates/StickersBeat/StickersBeat.tsx", "TypeScript JSX", 0, 0, 0, 0, 0, 0, 0, 6, 0, 0, 0, 0, 0, 0, 0, 1, 3, 10
"/Users/johndoe/Documents/company/video_ops/editor/remotion/src/beat-templates/TurnFocusBeat/TurnFocusBeat.tsx", "TypeScript JSX", 0, 0, 0, 0, 0, 0, 0, 47, 0, 0, 0, 0, 0, 0, 0, 1, 4, 52
"/Users/johndoe/Documents/company/video_ops/editor/remotion/src/beat-templates/TurnFocusBeat/TurnFocusSlideFrame.module.scss", "SCSS", 0, 0, 0, 0, 0, 0, 0, 0, 0, 0, 0, 0, 0, 155, 0, 2, 21, 178
"/Users/johndoe/Documents/company/video_ops/editor/remotion/src/beat-templates/TurnFocusBeat/TurnFocusSlideFrame.tsx", "TypeScript JSX", 0, 0, 0, 0, 0, 0, 0, 75, 0, 0, 0, 0, 0, 0, 0, 1, 8, 84
"/Users/johndoe/Documents/company/video_ops/editor/remotion/src/beat-templates/compareLayerFromScene.ts", "TypeScript", 0, 0, 0, 5, 0, 0, 0, 0, 0, 0, 0, 0, 0, 0, 0, 0, 2, 7
"/Users/johndoe/Documents/company/video_ops/editor/remotion/src/beat-templates/configHelpers.ts", "TypeScript", 0, 0, 0, 11, 0, 0, 0, 0, 0, 0, 0, 0, 0, 0, 0, 0, 3, 14
"/Users/johndoe/Documents/company/video_ops/editor/remotion/src/beat-templates/index.ts", "TypeScript", 0, 0, 0, 14, 0, 0, 0, 0, 0, 0, 0, 0, 0, 0, 0, 0, 1, 15
"/Users/johndoe/Documents/company/video_ops/editor/remotion/src/beat-templates/types.ts", "TypeScript", 0, 0, 0, 42, 0, 0, 0, 0, 0, 0, 0, 0, 0, 0, 0, 3, 6, 51
"/Users/johndoe/Documents/company/video_ops/editor/remotion/src/beatStudioCompile.ts", "TypeScript", 0, 0, 0, 151, 0, 0, 0, 0, 0, 0, 0, 0, 0, 0, 0, 4, 20, 175
"/Users/johndoe/Documents/company/video_ops/editor/remotion/src/components/BeatCommentEditor/BeatCommentEditor.module.scss", "SCSS", 0, 0, 0, 0, 0, 0, 0, 0, 0, 0, 0, 0, 0, 67, 0, 0, 10, 77
"/Users/johndoe/Documents/company/video_ops/editor/remotion/src/components/BeatCommentEditor/BeatCommentEditor.tsx", "TypeScript JSX", 0, 0, 0, 0, 0, 0, 0, 99, 0, 0, 0, 0, 0, 0, 0, 1, 7, 107
"/Users/johndoe/Documents/company/video_ops/editor/remotion/src/components/BeatCommentEditor/index.ts", "TypeScript", 0, 0, 0, 1, 0, 0, 0, 0, 0, 0, 0, 0, 0, 0, 0, 0, 1, 2
"/Users/johndoe/Documents/company/video_ops/editor/remotion/src/components/BeatStickersOverlay/BeatStickersOverlay.module.scss", "SCSS", 0, 0, 0, 0, 0, 0, 0, 0, 0, 0, 0, 0, 0, 37, 0, 0, 5, 42
"/Users/johndoe/Documents/company/video_ops/editor/remotion/src/components/BeatStickersOverlay/BeatStickersOverlay.tsx", "TypeScript JSX", 0, 0, 0, 0, 0, 0, 0, 82, 0, 0, 0, 0, 0, 0, 0, 0, 7, 89
"/Users/johndoe/Documents/company/video_ops/editor/remotion/src/components/BeatStickersOverlay/index.ts", "TypeScript", 0, 0, 0, 1, 0, 0, 0, 0, 0, 0, 0, 0, 0, 0, 0, 0, 1, 2
"/Users/johndoe/Documents/company/video_ops/editor/remotion/src/components/BurnedCaption/BurnedCaption.module.scss", "SCSS", 0, 0, 0, 0, 0, 0, 0, 0, 0, 0, 0, 0, 0, 280, 0, 0, 45, 325
"/Users/johndoe/Documents/company/video_ops/editor/remotion/src/components/BurnedCaption/BurnedCaption.tsx", "TypeScript JSX", 0, 0, 0, 0, 0, 0, 0, 357, 0, 0, 0, 0, 0, 0, 0, 24, 22, 403
"/Users/johndoe/Documents/company/video_ops/editor/remotion/src/components/BurnedCaption/index.ts", "TypeScript", 0, 0, 0, 1, 0, 0, 0, 0, 0, 0, 0, 0, 0, 0, 0, 0, 1, 2
"/Users/johndoe/Documents/company/video_ops/editor/remotion/src/components/ChapterBeat/ChapterBeat.module.scss", "SCSS", 0, 0, 0, 0, 0, 0, 0, 0, 0, 0, 0, 0, 0, 29, 0, 0, 5, 34
"/Users/johndoe/Documents/company/video_ops/editor/remotion/src/components/ChapterBeat/ChapterBeat.tsx", "TypeScript JSX", 0, 0, 0, 0, 0, 0, 0, 58, 0, 0, 0, 0, 0, 0, 0, 2, 8, 68
"/Users/johndoe/Documents/company/video_ops/editor/remotion/src/components/ChapterBeat/index.ts", "TypeScript", 0, 0, 0, 1, 0, 0, 0, 0, 0, 0, 0, 0, 0, 0, 0, 0, 1, 2
"/Users/johndoe/Documents/company/video_ops/editor/remotion/src/components/CompareBeatVideoPanel/CompareBeatVideoPanel.module.scss", "SCSS", 0, 0, 0, 0, 0, 0, 0, 0, 0, 0, 0, 0, 0, 24, 0, 0, 4, 28
"/Users/johndoe/Documents/company/video_ops/editor/remotion/src/components/CompareBeatVideoPanel/CompareBeatVideoPanel.tsx", "TypeScript JSX", 0, 0, 0, 0, 0, 0, 0, 25, 0, 0, 0, 0, 0, 0, 0, 2, 4, 31
"/Users/johndoe/Documents/company/video_ops/editor/remotion/src/components/CompareBeatVideoPanel/index.ts", "TypeScript", 0, 0, 0, 1, 0, 0, 0, 0, 0, 0, 0, 0, 0, 0, 0, 0, 1, 2
"/Users/johndoe/Documents/company/video_ops/editor/remotion/src/components/CompareFontScalesSaveBar/CompareFontScalesSaveBar.module.scss", "SCSS", 0, 0, 0, 0, 0, 0, 0, 0, 0, 0, 0, 0, 0, 44, 0, 0, 7, 51
"/Users/johndoe/Documents/company/video_ops/editor/remotion/src/components/CompareFontScalesSaveBar/CompareFontScalesSaveBar.tsx", "TypeScript JSX", 0, 0, 0, 0, 0, 0, 0, 64, 0, 0, 0, 0, 0, 0, 0, 1, 7, 72
"/Users/johndoe/Documents/company/video_ops/editor/remotion/src/components/CompareFontScalesSaveBar/index.ts", "TypeScript", 0, 0, 0, 1, 0, 0, 0, 0, 0, 0, 0, 0, 0, 0, 0, 0, 1, 2
"/Users/johndoe/Documents/company/video_ops/editor/remotion/src/components/CompareHintCallouts/CompareHintCallouts.module.scss", "SCSS", 0, 0, 0, 0, 0, 0, 0, 0, 0, 0, 0, 0, 0, 40, 0, 0, 7, 47
"/Users/johndoe/Documents/company/video_ops/editor/remotion/src/components/CompareHintCallouts/CompareHintCallouts.tsx", "TypeScript JSX", 0, 0, 0, 0, 0, 0, 0, 570, 0, 0, 0, 0, 0, 0, 0, 4, 38, 612
"/Users/johndoe/Documents/company/video_ops/editor/remotion/src/components/CompareHintCallouts/index.ts", "TypeScript", 0, 0, 0, 1, 0, 0, 0, 0, 0, 0, 0, 0, 0, 0, 0, 0, 1, 2
"/Users/johndoe/Documents/company/video_ops/editor/remotion/src/components/ComparePanelFontStepper/ComparePanelFontStepper.module.scss", "SCSS", 0, 0, 0, 0, 0, 0, 0, 0, 0, 0, 0, 0, 0, 46, 0, 0, 10, 56
"/Users/johndoe/Documents/company/video_ops/editor/remotion/src/components/ComparePanelFontStepper/ComparePanelFontStepper.tsx", "TypeScript JSX", 0, 0, 0, 0, 0, 0, 0, 55, 0, 0, 0, 0, 0, 0, 0, 2, 8, 65
"/Users/johndoe/Documents/company/video_ops/editor/remotion/src/components/ComparePanelFontStepper/index.ts", "TypeScript", 0, 0, 0, 1, 0, 0, 0, 0, 0, 0, 0, 0, 0, 0, 0, 0, 1, 2
"/Users/johndoe/Documents/company/video_ops/editor/remotion/src/components/CompareSceneContent/CompareSceneContent.module.scss", "SCSS", 0, 0, 0, 0, 0, 0, 0, 0, 0, 0, 0, 0, 0, 21, 0, 0, 3, 24
"/Users/johndoe/Documents/company/video_ops/editor/remotion/src/components/CompareSceneContent/CompareSceneContent.tsx", "TypeScript JSX", 0, 0, 0, 0, 0, 0, 0, 325, 0, 0, 0, 0, 0, 0, 0, 1, 26, 352
"/Users/johndoe/Documents/company/video_ops/editor/remotion/src/components/CompareSceneContent/index.ts", "TypeScript", 0, 0, 0, 1, 0, 0, 0, 0, 0, 0, 0, 0, 0, 0, 0, 0, 1, 2
"/Users/johndoe/Documents/company/video_ops/editor/remotion/src/components/CompareVideoFrame/CompareVideoFrame.module.scss", "SCSS", 0, 0, 0, 0, 0, 0, 0, 0, 0, 0, 0, 0, 0, 153, 0, 0, 24, 177
"/Users/johndoe/Documents/company/video_ops/editor/remotion/src/components/CompareVideoFrame/CompareVideoFrame.tsx", "TypeScript JSX", 0, 0, 0, 0, 0, 0, 0, 229, 0, 0, 0, 0, 0, 0, 0, 4, 16, 249
"/Users/johndoe/Documents/company/video_ops/editor/remotion/src/components/CompareVideoFrame/index.ts", "TypeScript", 0, 0, 0, 1, 0, 0, 0, 0, 0, 0, 0, 0, 0, 0, 0, 0, 1, 2
"/Users/johndoe/Documents/company/video_ops/editor/remotion/src/components/CompareWithTextbookOverlay/CompareWithTextbookOverlay.module.scss", "SCSS", 0, 0, 0, 0, 0, 0, 0, 0, 0, 0, 0, 0, 0, 9, 0, 0, 2, 11
"/Users/johndoe/Documents/company/video_ops/editor/remotion/src/components/CompareWithTextbookOverlay/CompareWithTextbookOverlay.tsx", "TypeScript JSX", 0, 0, 0, 0, 0, 0, 0, 15, 0, 0, 0, 0, 0, 0, 0, 2, 4, 21
"/Users/johndoe/Documents/company/video_ops/editor/remotion/src/components/CompareWithTextbookOverlay/index.ts", "TypeScript", 0, 0, 0, 1, 0, 0, 0, 0, 0, 0, 0, 0, 0, 0, 0, 0, 1, 2
"/Users/johndoe/Documents/company/video_ops/editor/remotion/src/components/ConceptCoverDiagram/ConceptCoverDiagram.module.scss", "SCSS", 0, 0, 0, 0, 0, 0, 0, 0, 0, 0, 0, 0, 0, 19, 0, 0, 3, 22
"/Users/johndoe/Documents/company/video_ops/editor/remotion/src/components/ConceptCoverDiagram/ConceptCoverDiagram.tsx", "TypeScript JSX", 0, 0, 0, 0, 0, 0, 0, 40, 0, 0, 0, 0, 0, 0, 0, 1, 8, 49
"/Users/johndoe/Documents/company/video_ops/editor/remotion/src/components/ConceptCoverDiagram/index.ts", "TypeScript", 0, 0, 0, 1, 0, 0, 0, 0, 0, 0, 0, 0, 0, 0, 0, 0, 1, 2
"/Users/johndoe/Documents/company/video_ops/editor/remotion/src/components/CoverEditableLayer/CoverEditableLayer.module.scss", "SCSS", 0, 0, 0, 0, 0, 0, 0, 0, 0, 0, 0, 0, 0, 96, 0, 0, 16, 112
"/Users/johndoe/Documents/company/video_ops/editor/remotion/src/components/CoverEditableLayer/CoverEditableLayer.tsx", "TypeScript JSX", 0, 0, 0, 0, 0, 0, 0, 171, 0, 0, 0, 0, 0, 0, 0, 1, 18, 190
"/Users/johndoe/Documents/company/video_ops/editor/remotion/src/components/CoverEditableLayer/index.ts", "TypeScript", 0, 0, 0, 1, 0, 0, 0, 0, 0, 0, 0, 0, 0, 0, 0, 0, 1, 2
"/Users/johndoe/Documents/company/video_ops/editor/remotion/src/components/CoverEditorControls/CoverEditorControls.module.scss", "SCSS", 0, 0, 0, 0, 0, 0, 0, 0, 0, 0, 0, 0, 0, 76, 0, 0, 14, 90
"/Users/johndoe/Documents/company/video_ops/editor/remotion/src/components/CoverEditorControls/CoverEditorControls.tsx", "TypeScript JSX", 0, 0, 0, 0, 0, 0, 0, 137, 0, 0, 0, 0, 0, 0, 0, 1, 16, 154
"/Users/johndoe/Documents/company/video_ops/editor/remotion/src/components/CoverEditorControls/index.ts", "TypeScript", 0, 0, 0, 1, 0, 0, 0, 0, 0, 0, 0, 0, 0, 0, 0, 0, 1, 2
"/Users/johndoe/Documents/company/video_ops/editor/remotion/src/components/CoverEpisodeTitle/CoverEpisodeTitle.module.scss", "SCSS", 0, 0, 0, 0, 0, 0, 0, 0, 0, 0, 0, 0, 0, 4, 0, 0, 2, 6
"/Users/johndoe/Documents/company/video_ops/editor/remotion/src/components/CoverEpisodeTitle/CoverEpisodeTitle.tsx", "TypeScript JSX", 0, 0, 0, 0, 0, 0, 0, 162, 0, 0, 0, 0, 0, 0, 0, 2, 12, 176
"/Users/johndoe/Documents/company/video_ops/editor/remotion/src/components/CoverEpisodeTitle/index.ts", "TypeScript", 0, 0, 0, 1, 0, 0, 0, 0, 0, 0, 0, 0, 0, 0, 0, 0, 1, 2
"/Users/johndoe/Documents/company/video_ops/editor/remotion/src/components/CroppedSvgImage/CroppedSvgImage.module.scss", "SCSS", 0, 0, 0, 0, 0, 0, 0, 0, 0, 0, 0, 0, 0, 10, 0, 0, 3, 13
"/Users/johndoe/Documents/company/video_ops/editor/remotion/src/components/CroppedSvgImage/CroppedSvgImage.tsx", "TypeScript JSX", 0, 0, 0, 0, 0, 0, 0, 47, 0, 0, 0, 0, 0, 0, 0, 7, 6, 60
"/Users/johndoe/Documents/company/video_ops/editor/remotion/src/components/CroppedSvgImage/index.ts", "TypeScript", 0, 0, 0, 1, 0, 0, 0, 0, 0, 0, 0, 0, 0, 0, 0, 0, 1, 2
"/Users/johndoe/Documents/company/video_ops/editor/remotion/src/components/DirectorTeleprompter/DirectorTeleprompter.module.scss", "SCSS", 0, 0, 0, 0, 0, 0, 0, 0, 0, 0, 0, 0, 0, 38, 0, 0, 6, 44
"/Users/johndoe/Documents/company/video_ops/editor/remotion/src/components/DirectorTeleprompter/DirectorTeleprompter.tsx", "TypeScript JSX", 0, 0, 0, 0, 0, 0, 0, 43, 0, 0, 0, 0, 0, 0, 0, 1, 6, 50
"/Users/johndoe/Documents/company/video_ops/editor/remotion/src/components/DirectorTeleprompter/index.ts", "TypeScript", 0, 0, 0, 1, 0, 0, 0, 0, 0, 0, 0, 0, 0, 0, 0, 0, 1, 2
"/Users/johndoe/Documents/company/video_ops/editor/remotion/src/components/FilmedPlaceholders/FilmedPlaceholders.module.scss", "SCSS", 0, 0, 0, 0, 0, 0, 0, 0, 0, 0, 0, 0, 0, 85, 0, 0, 10, 95
"/Users/johndoe/Documents/company/video_ops/editor/remotion/src/components/FilmedPlaceholders/FilmedPlaceholders.tsx", "TypeScript JSX", 0, 0, 0, 0, 0, 0, 0, 114, 0, 0, 0, 0, 0, 0, 0, 14, 12, 140
"/Users/johndoe/Documents/company/video_ops/editor/remotion/src/components/FilmedPlaceholders/index.ts", "TypeScript", 0, 0, 0, 1, 0, 0, 0, 0, 0, 0, 0, 0, 0, 0, 0, 0, 1, 2
"/Users/johndoe/Documents/company/video_ops/editor/remotion/src/components/IdeWindowChrome/IdeWindowChrome.module.scss", "SCSS", 0, 0, 0, 0, 0, 0, 0, 0, 0, 0, 0, 0, 0, 55, 0, 0, 12, 67
"/Users/johndoe/Documents/company/video_ops/editor/remotion/src/components/IdeWindowChrome/IdeWindowChrome.tsx", "TypeScript JSX", 0, 0, 0, 0, 0, 0, 0, 62, 0, 0, 0, 0, 0, 0, 0, 1, 5, 68
"/Users/johndoe/Documents/company/video_ops/editor/remotion/src/components/IdeWindowChrome/index.ts", "TypeScript", 0, 0, 0, 1, 0, 0, 0, 0, 0, 0, 0, 0, 0, 0, 0, 0, 1, 2
"/Users/johndoe/Documents/company/video_ops/editor/remotion/src/components/KitStubPanel/KitStubPanel.module.scss", "SCSS", 0, 0, 0, 0, 0, 0, 0, 0, 0, 0, 0, 0, 0, 26, 0, 0, 5, 31
"/Users/johndoe/Documents/company/video_ops/editor/remotion/src/components/KitStubPanel/KitStubPanel.tsx", "TypeScript JSX", 0, 0, 0, 0, 0, 0, 0, 16, 0, 0, 0, 0, 0, 0, 0, 0, 3, 19
"/Users/johndoe/Documents/company/video_ops/editor/remotion/src/components/KitStubPanel/index.ts", "TypeScript", 0, 0, 0, 1, 0, 0, 0, 0, 0, 0, 0, 0, 0, 0, 0, 0, 1, 2
"/Users/johndoe/Documents/company/video_ops/editor/remotion/src/components/KnowledgePanelRender/KnowledgePanelRender.module.scss", "SCSS", 0, 0, 0, 0, 0, 0, 0, 0, 0, 0, 0, 0, 0, 3, 0, 1, 2, 6
"/Users/johndoe/Documents/company/video_ops/editor/remotion/src/components/KnowledgePanelRender/KnowledgePanelRender.tsx", "TypeScript JSX", 0, 0, 0, 0, 0, 0, 0, 45, 0, 0, 0, 0, 0, 0, 0, 1, 5, 51
"/Users/johndoe/Documents/company/video_ops/editor/remotion/src/components/KnowledgePanelRender/index.ts", "TypeScript", 0, 0, 0, 1, 0, 0, 0, 0, 0, 0, 0, 0, 0, 0, 0, 0, 1, 2
"/Users/johndoe/Documents/company/video_ops/editor/remotion/src/components/KnowledgeSidePanel/KnowledgeSidePanel.module.scss", "SCSS", 0, 0, 0, 0, 0, 0, 0, 0, 0, 0, 0, 0, 0, 26, 0, 0, 5, 31
"/Users/johndoe/Documents/company/video_ops/editor/remotion/src/components/KnowledgeSidePanel/KnowledgeSidePanel.tsx", "TypeScript JSX", 0, 0, 0, 0, 0, 0, 0, 40, 0, 0, 0, 0, 0, 0, 0, 1, 4, 45
"/Users/johndoe/Documents/company/video_ops/editor/remotion/src/components/KnowledgeSidePanel/index.ts", "TypeScript", 0, 0, 0, 1, 0, 0, 0, 0, 0, 0, 0, 0, 0, 0, 0, 0, 1, 2
"/Users/johndoe/Documents/company/video_ops/editor/remotion/src/components/Lean4FromTrack/Lean4FromTrack.module.scss", "SCSS", 0, 0, 0, 0, 0, 0, 0, 0, 0, 0, 0, 0, 0, 3, 0, 1, 2, 6
"/Users/johndoe/Documents/company/video_ops/editor/remotion/src/components/Lean4FromTrack/Lean4FromTrack.tsx", "TypeScript JSX", 0, 0, 0, 0, 0, 0, 0, 219, 0, 0, 0, 0, 0, 0, 0, 5, 24, 248
"/Users/johndoe/Documents/company/video_ops/editor/remotion/src/components/Lean4FromTrack/index.ts", "TypeScript", 0, 0, 0, 1, 0, 0, 0, 0, 0, 0, 0, 0, 0, 0, 0, 0, 1, 2
"/Users/johndoe/Documents/company/video_ops/editor/remotion/src/components/Lean4VideoFrame/Lean4VideoFrame.module.scss", "SCSS", 0, 0, 0, 0, 0, 0, 0, 0, 0, 0, 0, 0, 0, 97, 0, 0, 16, 113
"/Users/johndoe/Documents/company/video_ops/editor/remotion/src/components/Lean4VideoFrame/Lean4VideoFrame.tsx", "TypeScript JSX", 0, 0, 0, 0, 0, 0, 0, 89, 0, 0, 0, 0, 0, 0, 0, 2, 9, 100
"/Users/johndoe/Documents/company/video_ops/editor/remotion/src/components/Lean4VideoFrame/index.ts", "TypeScript", 0, 0, 0, 1, 0, 0, 0, 0, 0, 0, 0, 0, 0, 0, 0, 0, 1, 2
"/Users/johndoe/Documents/company/video_ops/editor/remotion/src/components/LeanTypingCode/LeanTypingCode.module.scss", "SCSS", 0, 0, 0, 0, 0, 0, 0, 0, 0, 0, 0, 0, 0, 3, 0, 1, 2, 6
"/Users/johndoe/Documents/company/video_ops/editor/remotion/src/components/LeanTypingCode/LeanTypingCode.tsx", "TypeScript JSX", 0, 0, 0, 0, 0, 0, 0, 41, 0, 0, 0, 0, 0, 0, 0, 1, 5, 47
"/Users/johndoe/Documents/company/video_ops/editor/remotion/src/components/LeanTypingCode/index.ts", "TypeScript", 0, 0, 0, 1, 0, 0, 0, 0, 0, 0, 0, 0, 0, 0, 0, 0, 1, 2
"/Users/johndoe/Documents/company/video_ops/editor/remotion/src/components/ManimSceneLayer/ManimSceneLayer.module.scss", "SCSS", 0, 0, 0, 0, 0, 0, 0, 0, 0, 0, 0, 0, 0, 6, 0, 0, 2, 8
"/Users/johndoe/Documents/company/video_ops/editor/remotion/src/components/ManimSceneLayer/ManimSceneLayer.tsx", "TypeScript JSX", 0, 0, 0, 0, 0, 0, 0, 83, 0, 0, 0, 0, 0, 0, 0, 6, 14, 103
"/Users/johndoe/Documents/company/video_ops/editor/remotion/src/components/ManimSceneLayer/index.ts", "TypeScript", 0, 0, 0, 1, 0, 0, 0, 0, 0, 0, 0, 0, 0, 0, 0, 0, 1, 2
"/Users/johndoe/Documents/company/video_ops/editor/remotion/src/components/MathBoard/MathBoard.module.scss", "SCSS", 0, 0, 0, 0, 0, 0, 0, 0, 0, 0, 0, 0, 0, 8, 0, 0, 2, 10
"/Users/johndoe/Documents/company/video_ops/editor/remotion/src/components/MathBoard/MathBoard.tsx", "TypeScript JSX", 0, 0, 0, 0, 0, 0, 0, 61, 0, 0, 0, 0, 0, 0, 0, 2, 8, 71
"/Users/johndoe/Documents/company/video_ops/editor/remotion/src/components/MathBoard/index.ts", "TypeScript", 0, 0, 0, 1, 0, 0, 0, 0, 0, 0, 0, 0, 0, 0, 0, 0, 1, 2
"/Users/johndoe/Documents/company/video_ops/editor/remotion/src/components/MathBoardBeatSlide/MathBoardBeatSlide.module.scss", "SCSS", 0, 0, 0, 0, 0, 0, 0, 0, 0, 0, 0, 0, 0, 16, 0, 0, 3, 19
"/Users/johndoe/Documents/company/video_ops/editor/remotion/src/components/MathBoardBeatSlide/MathBoardBeatSlide.tsx", "TypeScript JSX", 0, 0, 0, 0, 0, 0, 0, 43, 0, 0, 0, 0, 0, 0, 0, 2, 5, 50
"/Users/johndoe/Documents/company/video_ops/editor/remotion/src/components/MathBoardBeatSlide/index.ts", "TypeScript", 0, 0, 0, 1, 0, 0, 0, 0, 0, 0, 0, 0, 0, 0, 0, 0, 1, 2
"/Users/johndoe/Documents/company/video_ops/editor/remotion/src/components/MathBoardDiagrams/CoherentEquivalenceDiagram.module.scss", "SCSS", 0, 0, 0, 0, 0, 0, 0, 0, 0, 0, 0, 0, 0, 3, 0, 1, 2, 6
"/Users/johndoe/Documents/company/video_ops/editor/remotion/src/components/MathBoardDiagrams/CoherentEquivalenceDiagram.tsx", "TypeScript JSX", 0, 0, 0, 0, 0, 0, 0, 416, 0, 0, 0, 0, 0, 0, 0, 2, 25, 443
"/Users/johndoe/Documents/company/video_ops/editor/remotion/src/components/MathBoardDiagrams/EquivalenceDiagrams.module.scss", "SCSS", 0, 0, 0, 0, 0, 0, 0, 0, 0, 0, 0, 0, 0, 3, 0, 1, 2, 6
"/Users/johndoe/Documents/company/video_ops/editor/remotion/src/components/MathBoardDiagrams/EquivalenceDiagrams.tsx", "TypeScript JSX", 0, 0, 0, 0, 0, 0, 0, 614, 0, 0, 0, 0, 0, 0, 0, 1, 24, 639
"/Users/johndoe/Documents/company/video_ops/editor/remotion/src/components/MathBoardDiagrams/MathBoardDiagramPanel.module.scss", "SCSS", 0, 0, 0, 0, 0, 0, 0, 0, 0, 0, 0, 0, 0, 16, 0, 0, 4, 20
"/Users/johndoe/Documents/company/video_ops/editor/remotion/src/components/MathBoardDiagrams/MathBoardDiagramPanel.tsx", "TypeScript JSX", 0, 0, 0, 0, 0, 0, 0, 72, 0, 0, 0, 0, 0, 0, 0, 2, 6, 80
"/Users/johndoe/Documents/company/video_ops/editor/remotion/src/components/MathBoardDiagrams/SimpleSetDiagram.module.scss", "SCSS", 0, 0, 0, 0, 0, 0, 0, 0, 0, 0, 0, 0, 0, 3, 0, 1, 2, 6
"/Users/johndoe/Documents/company/video_ops/editor/remotion/src/components/MathBoardDiagrams/SimpleSetDiagram.tsx", "TypeScript JSX", 0, 0, 0, 0, 0, 0, 0, 101, 0, 0, 0, 0, 0, 0, 0, 2, 9, 112
"/Users/johndoe/Documents/company/video_ops/editor/remotion/src/components/MathBoardDiagrams/diagramColors.ts", "TypeScript", 0, 0, 0, 14, 0, 0, 0, 0, 0, 0, 0, 0, 0, 0, 0, 1, 2, 17
"/Users/johndoe/Documents/company/video_ops/editor/remotion/src/components/MathBoardDiagrams/diagramMotion.ts", "TypeScript", 0, 0, 0, 22, 0, 0, 0, 0, 0, 0, 0, 0, 0, 0, 0, 1, 3, 26
"/Users/johndoe/Documents/company/video_ops/editor/remotion/src/components/MathBoardDiagrams/index.ts", "TypeScript", 0, 0, 0, 4, 0, 0, 0, 0, 0, 0, 0, 0, 0, 0, 0, 0, 1, 5
"/Users/johndoe/Documents/company/video_ops/editor/remotion/src/components/OutdoorAlignSeekBridge/OutdoorAlignSeekBridge.module.scss", "SCSS", 0, 0, 0, 0, 0, 0, 0, 0, 0, 0, 0, 0, 0, 3, 0, 1, 2, 6
"/Users/johndoe/Documents/company/video_ops/editor/remotion/src/components/OutdoorAlignSeekBridge/OutdoorAlignSeekBridge.tsx", "TypeScript JSX", 0, 0, 0, 0, 0, 0, 0, 69, 0, 0, 0, 0, 0, 0, 0, 7, 7, 83
"/Users/johndoe/Documents/company/video_ops/editor/remotion/src/components/OutdoorAlignSeekBridge/index.ts", "TypeScript", 0, 0, 0, 1, 0, 0, 0, 0, 0, 0, 0, 0, 0, 0, 0, 0, 1, 2
"/Users/johndoe/Documents/company/video_ops/editor/remotion/src/components/OutdoorFilmedClipMask/OutdoorFilmedClipMask.module.scss", "SCSS", 0, 0, 0, 0, 0, 0, 0, 0, 0, 0, 0, 0, 0, 165, 0, 0, 30, 195
"/Users/johndoe/Documents/company/video_ops/editor/remotion/src/components/OutdoorFilmedClipMask/OutdoorFilmedClipMask.tsx", "TypeScript JSX", 0, 0, 0, 0, 0, 0, 0, 536, 0, 0, 0, 0, 0, 0, 0, 16, 37, 589
"/Users/johndoe/Documents/company/video_ops/editor/remotion/src/components/OutdoorFilmedClipMask/index.ts", "TypeScript", 0, 0, 0, 1, 0, 0, 0, 0, 0, 0, 0, 0, 0, 0, 0, 0, 1, 2
"/Users/johndoe/Documents/company/video_ops/editor/remotion/src/components/OutdoorLeanRenderPip/OutdoorLeanRenderPip.module.scss", "SCSS", 0, 0, 0, 0, 0, 0, 0, 0, 0, 0, 0, 0, 0, 3, 0, 1, 2, 6
"/Users/johndoe/Documents/company/video_ops/editor/remotion/src/components/OutdoorLeanRenderPip/OutdoorLeanRenderPip.tsx", "TypeScript JSX", 0, 0, 0, 0, 0, 0, 0, 2, 0, 0, 0, 0, 0, 0, 0, 1, 1, 4
"/Users/johndoe/Documents/company/video_ops/editor/remotion/src/components/OutdoorLeanRenderPip/index.ts", "TypeScript", 0, 0, 0, 1, 0, 0, 0, 0, 0, 0, 0, 0, 0, 0, 0, 0, 1, 2
"/Users/johndoe/Documents/company/video_ops/editor/remotion/src/components/OutdoorPortraitCompare/OutdoorPortraitCompare.module.scss", "SCSS", 0, 0, 0, 0, 0, 0, 0, 0, 0, 0, 0, 0, 0, 47, 0, 0, 8, 55
"/Users/johndoe/Documents/company/video_ops/editor/remotion/src/components/OutdoorPortraitCompare/OutdoorPortraitCompare.tsx", "TypeScript JSX", 0, 0, 0, 0, 0, 0, 0, 211, 0, 0, 0, 0, 0, 0, 0, 1, 12, 224
"/Users/johndoe/Documents/company/video_ops/editor/remotion/src/components/OutdoorPortraitCompare/index.ts", "TypeScript", 0, 0, 0, 1, 0, 0, 0, 0, 0, 0, 0, 0, 0, 0, 0, 0, 1, 2
"/Users/johndoe/Documents/company/video_ops/editor/remotion/src/components/OutdoorPresenterVideo/OutdoorPresenterVideo.module.scss", "SCSS", 0, 0, 0, 0, 0, 0, 0, 0, 0, 0, 0, 0, 0, 3, 0, 1, 2, 6
"/Users/johndoe/Documents/company/video_ops/editor/remotion/src/components/OutdoorPresenterVideo/OutdoorPresenterVideo.tsx", "TypeScript JSX", 0, 0, 0, 0, 0, 0, 0, 26, 0, 0, 0, 0, 0, 0, 0, 1, 4, 31
"/Users/johndoe/Documents/company/video_ops/editor/remotion/src/components/OutdoorPresenterVideo/index.ts", "TypeScript", 0, 0, 0, 1, 0, 0, 0, 0, 0, 0, 0, 0, 0, 0, 0, 0, 1, 2
"/Users/johndoe/Documents/company/video_ops/editor/remotion/src/components/OutdoorSceneVideo/OutdoorSceneVideo.module.scss", "SCSS", 0, 0, 0, 0, 0, 0, 0, 0, 0, 0, 0, 0, 0, 17, 0, 0, 5, 22
"/Users/johndoe/Documents/company/video_ops/editor/remotion/src/components/OutdoorSceneVideo/OutdoorSceneVideo.tsx", "TypeScript JSX", 0, 0, 0, 0, 0, 0, 0, 47, 0, 0, 0, 0, 0, 0, 0, 2, 9, 58
"/Users/johndoe/Documents/company/video_ops/editor/remotion/src/components/OutdoorSceneVideo/index.ts", "TypeScript", 0, 0, 0, 1, 0, 0, 0, 0, 0, 0, 0, 0, 0, 0, 0, 0, 1, 2
"/Users/johndoe/Documents/company/video_ops/editor/remotion/src/components/PictureInPicture/PictureInPicture.module.scss", "SCSS", 0, 0, 0, 0, 0, 0, 0, 0, 0, 0, 0, 0, 0, 27, 0, 0, 7, 34
"/Users/johndoe/Documents/company/video_ops/editor/remotion/src/components/PictureInPicture/PictureInPicture.tsx", "TypeScript JSX", 0, 0, 0, 0, 0, 0, 0, 45, 0, 0, 0, 0, 0, 0, 0, 1, 7, 53
"/Users/johndoe/Documents/company/video_ops/editor/remotion/src/components/PictureInPicture/index.ts", "TypeScript", 0, 0, 0, 1, 0, 0, 0, 0, 0, 0, 0, 0, 0, 0, 0, 0, 1, 2
"/Users/johndoe/Documents/company/video_ops/editor/remotion/src/components/ProofPanelFromTrack/ProofPanelFromTrack.module.scss", "SCSS", 0, 0, 0, 0, 0, 0, 0, 0, 0, 0, 0, 0, 0, 3, 0, 1, 2, 6
"/Users/johndoe/Documents/company/video_ops/editor/remotion/src/components/ProofPanelFromTrack/ProofPanelFromTrack.tsx", "TypeScript JSX", 0, 0, 0, 0, 0, 0, 0, 1, 0, 0, 0, 0, 0, 0, 0, 1, 1, 3
"/Users/johndoe/Documents/company/video_ops/editor/remotion/src/components/ProofPanelFromTrack/index.ts", "TypeScript", 0, 0, 0, 1, 0, 0, 0, 0, 0, 0, 0, 0, 0, 0, 0, 0, 1, 2
"/Users/johndoe/Documents/company/video_ops/editor/remotion/src/components/ProofPanelRender/ProofPanelRender.module.scss", "SCSS", 0, 0, 0, 0, 0, 0, 0, 0, 0, 0, 0, 0, 0, 3, 0, 1, 2, 6
"/Users/johndoe/Documents/company/video_ops/editor/remotion/src/components/ProofPanelRender/ProofPanelRender.tsx", "TypeScript JSX", 0, 0, 0, 0, 0, 0, 0, 35, 0, 0, 0, 0, 0, 0, 0, 1, 6, 42
"/Users/johndoe/Documents/company/video_ops/editor/remotion/src/components/ProofPanelRender/index.ts", "TypeScript", 0, 0, 0, 1, 0, 0, 0, 0, 0, 0, 0, 0, 0, 0, 0, 0, 1, 2
"/Users/johndoe/Documents/company/video_ops/editor/remotion/src/components/SceneComposer/SceneComposer.module.scss", "SCSS", 0, 0, 0, 0, 0, 0, 0, 0, 0, 0, 0, 0, 0, 15, 0, 0, 4, 19
"/Users/johndoe/Documents/company/video_ops/editor/remotion/src/components/SceneComposer/SceneComposer.tsx", "TypeScript JSX", 0, 0, 0, 0, 0, 0, 0, 239, 0, 0, 0, 0, 0, 0, 0, 6, 19, 264
"/Users/johndoe/Documents/company/video_ops/editor/remotion/src/components/SceneComposer/index.ts", "TypeScript", 0, 0, 0, 1, 0, 0, 0, 0, 0, 0, 0, 0, 0, 0, 0, 0, 1, 2
"/Users/johndoe/Documents/company/video_ops/editor/remotion/src/components/SceneNarrationAudio/SceneNarrationAudio.module.scss", "SCSS", 0, 0, 0, 0, 0, 0, 0, 0, 0, 0, 0, 0, 0, 3, 0, 1, 2, 6
"/Users/johndoe/Documents/company/video_ops/editor/remotion/src/components/SceneNarrationAudio/SceneNarrationAudio.tsx", "TypeScript JSX", 0, 0, 0, 0, 0, 0, 0, 30, 0, 0, 0, 0, 0, 0, 0, 1, 4, 35
"/Users/johndoe/Documents/company/video_ops/editor/remotion/src/components/SceneNarrationAudio/index.ts", "TypeScript", 0, 0, 0, 1, 0, 0, 0, 0, 0, 0, 0, 0, 0, 0, 0, 0, 1, 2
"/Users/johndoe/Documents/company/video_ops/editor/remotion/src/components/SceneSlide/SceneSlide.module.scss", "SCSS", 0, 0, 0, 0, 0, 0, 0, 0, 0, 0, 0, 0, 0, 3, 0, 1, 2, 6
"/Users/johndoe/Documents/company/video_ops/editor/remotion/src/components/SceneSlide/SceneSlide.tsx", "TypeScript JSX", 0, 0, 0, 0, 0, 0, 0, 35, 0, 0, 0, 0, 0, 0, 0, 2, 3, 40
"/Users/johndoe/Documents/company/video_ops/editor/remotion/src/components/SceneSlide/index.ts", "TypeScript", 0, 0, 0, 1, 0, 0, 0, 0, 0, 0, 0, 0, 0, 0, 0, 0, 1, 2
"/Users/johndoe/Documents/company/video_ops/editor/remotion/src/components/ScreenConceptPanel/ScreenConceptPanel.module.scss", "SCSS", 0, 0, 0, 0, 0, 0, 0, 0, 0, 0, 0, 0, 0, 67, 0, 0, 11, 78
"/Users/johndoe/Documents/company/video_ops/editor/remotion/src/components/ScreenConceptPanel/ScreenConceptPanel.tsx", "TypeScript JSX", 0, 0, 0, 0, 0, 0, 0, 57, 0, 0, 0, 0, 0, 0, 0, 1, 8, 66
"/Users/johndoe/Documents/company/video_ops/editor/remotion/src/components/ScreenConceptPanel/index.ts", "TypeScript", 0, 0, 0, 1, 0, 0, 0, 0, 0, 0, 0, 0, 0, 0, 0, 0, 1, 2
"/Users/johndoe/Documents/company/video_ops/editor/remotion/src/components/ScriptAssetVideo/ScriptAssetVideo.module.scss", "SCSS", 0, 0, 0, 0, 0, 0, 0, 0, 0, 0, 0, 0, 0, 17, 0, 0, 5, 22
"/Users/johndoe/Documents/company/video_ops/editor/remotion/src/components/ScriptAssetVideo/ScriptAssetVideo.tsx", "TypeScript JSX", 0, 0, 0, 0, 0, 0, 0, 60, 0, 0, 0, 0, 0, 0, 0, 3, 7, 70
"/Users/johndoe/Documents/company/video_ops/editor/remotion/src/components/ScriptAssetVideo/index.ts", "TypeScript", 0, 0, 0, 1, 0, 0, 0, 0, 0, 0, 0, 0, 0, 0, 0, 0, 1, 2
"/Users/johndoe/Documents/company/video_ops/editor/remotion/src/components/SeriesOutroCard/SeriesOutroCard.module.scss", "SCSS", 0, 0, 0, 0, 0, 0, 0, 0, 0, 0, 0, 0, 0, 61, 0, 0, 9, 70
"/Users/johndoe/Documents/company/video_ops/editor/remotion/src/components/SeriesOutroCard/SeriesOutroCard.tsx", "TypeScript JSX", 0, 0, 0, 0, 0, 0, 0, 127, 0, 0, 0, 0, 0, 0, 0, 2, 10, 139
"/Users/johndoe/Documents/company/video_ops/editor/remotion/src/components/SeriesOutroCard/index.ts", "TypeScript", 0, 0, 0, 1, 0, 0, 0, 0, 0, 0, 0, 0, 0, 0, 0, 0, 1, 2
"/Users/johndoe/Documents/company/video_ops/editor/remotion/src/components/SidePanelFromTrack/SidePanelFromTrack.module.scss", "SCSS", 0, 0, 0, 0, 0, 0, 0, 0, 0, 0, 0, 0, 0, 18, 0, 0, 3, 21
"/Users/johndoe/Documents/company/video_ops/editor/remotion/src/components/SidePanelFromTrack/SidePanelFromTrack.tsx", "TypeScript JSX", 0, 0, 0, 0, 0, 0, 0, 259, 0, 0, 0, 0, 0, 0, 0, 4, 27, 290
"/Users/johndoe/Documents/company/video_ops/editor/remotion/src/components/SidePanelFromTrack/index.ts", "TypeScript", 0, 0, 0, 1, 0, 0, 0, 0, 0, 0, 0, 0, 0, 0, 0, 0, 1, 2
"/Users/johndoe/Documents/company/video_ops/editor/remotion/src/components/SplitReceipt/SplitReceipt.module.scss", "SCSS", 0, 0, 0, 0, 0, 0, 0, 0, 0, 0, 0, 0, 0, 79, 0, 0, 12, 91
"/Users/johndoe/Documents/company/video_ops/editor/remotion/src/components/SplitReceipt/SplitReceipt.tsx", "TypeScript JSX", 0, 0, 0, 0, 0, 0, 0, 179, 0, 0, 0, 0, 0, 0, 0, 3, 19, 201
"/Users/johndoe/Documents/company/video_ops/editor/remotion/src/components/SplitReceipt/index.ts", "TypeScript", 0, 0, 0, 1, 0, 0, 0, 0, 0, 0, 0, 0, 0, 0, 0, 0, 1, 2
"/Users/johndoe/Documents/company/video_ops/editor/remotion/src/components/TalkingHeadLayer/TalkingHeadLayer.module.scss", "SCSS", 0, 0, 0, 0, 0, 0, 0, 0, 0, 0, 0, 0, 0, 16, 0, 0, 3, 19
"/Users/johndoe/Documents/company/video_ops/editor/remotion/src/components/TalkingHeadLayer/TalkingHeadLayer.tsx", "TypeScript JSX", 0, 0, 0, 0, 0, 0, 0, 49, 0, 0, 0, 0, 0, 0, 0, 1, 6, 56
"/Users/johndoe/Documents/company/video_ops/editor/remotion/src/components/TalkingHeadLayer/index.ts", "TypeScript", 0, 0, 0, 1, 0, 0, 0, 0, 0, 0, 0, 0, 0, 0, 0, 0, 1, 2
"/Users/johndoe/Documents/company/video_ops/editor/remotion/src/components/TerminalPanel/TerminalPanel.module.scss", "SCSS", 0, 0, 0, 0, 0, 0, 0, 0, 0, 0, 0, 0, 0, 30, 0, 0, 6, 36
"/Users/johndoe/Documents/company/video_ops/editor/remotion/src/components/TerminalPanel/TerminalPanel.tsx", "TypeScript JSX", 0, 0, 0, 0, 0, 0, 0, 39, 0, 0, 0, 0, 0, 0, 0, 1, 7, 47
"/Users/johndoe/Documents/company/video_ops/editor/remotion/src/components/TerminalPanel/index.ts", "TypeScript", 0, 0, 0, 1, 0, 0, 0, 0, 0, 0, 0, 0, 0, 0, 0, 0, 1, 2
"/Users/johndoe/Documents/company/video_ops/editor/remotion/src/components/TextbookPaperOverlay/TextbookPaperOverlay.module.scss", "SCSS", 0, 0, 0, 0, 0, 0, 0, 0, 0, 0, 0, 0, 0, 68, 0, 0, 15, 83
"/Users/johndoe/Documents/company/video_ops/editor/remotion/src/components/TextbookPaperOverlay/TextbookPaperOverlay.tsx", "TypeScript JSX", 0, 0, 0, 0, 0, 0, 0, 127, 0, 0, 0, 0, 0, 0, 0, 7, 15, 149
"/Users/johndoe/Documents/company/video_ops/editor/remotion/src/components/TextbookPaperOverlay/index.ts", "TypeScript", 0, 0, 0, 1, 0, 0, 0, 0, 0, 0, 0, 0, 0, 0, 0, 0, 1, 2
"/Users/johndoe/Documents/company/video_ops/editor/remotion/src/components/TitleCard/TitleCard.module.scss", "SCSS", 0, 0, 0, 0, 0, 0, 0, 0, 0, 0, 0, 0, 0, 40, 0, 0, 7, 47
"/Users/johndoe/Documents/company/video_ops/editor/remotion/src/components/TitleCard/TitleCard.tsx", "TypeScript JSX", 0, 0, 0, 0, 0, 0, 0, 53, 0, 0, 0, 0, 0, 0, 0, 1, 7, 61
"/Users/johndoe/Documents/company/video_ops/editor/remotion/src/components/TitleCard/index.ts", "TypeScript", 0, 0, 0, 1, 0, 0, 0, 0, 0, 0, 0, 0, 0, 0, 0, 0, 1, 2
"/Users/johndoe/Documents/company/video_ops/editor/remotion/src/components/TurnAppShell/TurnAppShell.module.scss", "SCSS", 0, 0, 0, 0, 0, 0, 0, 0, 0, 0, 0, 0, 0, 192, 0, 0, 26, 218
"/Users/johndoe/Documents/company/video_ops/editor/remotion/src/components/TurnAppShell/TurnAppShell.tsx", "TypeScript JSX", 0, 0, 0, 0, 0, 0, 0, 132, 0, 0, 0, 0, 0, 0, 0, 1, 13, 146
"/Users/johndoe/Documents/company/video_ops/editor/remotion/src/components/TurnAppShell/index.ts", "TypeScript", 0, 0, 0, 1, 0, 0, 0, 0, 0, 0, 0, 0, 0, 0, 0, 0, 1, 2
"/Users/johndoe/Documents/company/video_ops/editor/remotion/src/components/TurnCodeFromTrack/TurnCodeFromTrack.module.scss", "SCSS", 0, 0, 0, 0, 0, 0, 0, 0, 0, 0, 0, 0, 0, 3, 0, 1, 2, 6
"/Users/johndoe/Documents/company/video_ops/editor/remotion/src/components/TurnCodeFromTrack/TurnCodeFromTrack.tsx", "TypeScript JSX", 0, 0, 0, 0, 0, 0, 0, 93, 0, 0, 0, 0, 0, 0, 0, 1, 12, 106
"/Users/johndoe/Documents/company/video_ops/editor/remotion/src/components/TurnCodeFromTrack/index.ts", "TypeScript", 0, 0, 0, 1, 0, 0, 0, 0, 0, 0, 0, 0, 0, 0, 0, 0, 1, 2
"/Users/johndoe/Documents/company/video_ops/editor/remotion/src/components/TurnIdeLayer/TurnIdeLayer.module.scss", "SCSS", 0, 0, 0, 0, 0, 0, 0, 0, 0, 0, 0, 0, 0, 55, 0, 0, 11, 66
"/Users/johndoe/Documents/company/video_ops/editor/remotion/src/components/TurnIdeLayer/TurnIdeLayer.tsx", "TypeScript JSX", 0, 0, 0, 0, 0, 0, 0, 101, 0, 0, 0, 0, 0, 0, 0, 1, 10, 112
"/Users/johndoe/Documents/company/video_ops/editor/remotion/src/components/TurnIdeLayer/index.ts", "TypeScript", 0, 0, 0, 1, 0, 0, 0, 0, 0, 0, 0, 0, 0, 0, 0, 0, 1, 2
"/Users/johndoe/Documents/company/video_ops/editor/remotion/src/components/TurnTypingCode/TurnTypingCode.module.scss", "SCSS", 0, 0, 0, 0, 0, 0, 0, 0, 0, 0, 0, 0, 0, 3, 0, 1, 2, 6
"/Users/johndoe/Documents/company/video_ops/editor/remotion/src/components/TurnTypingCode/TurnTypingCode.tsx", "TypeScript JSX", 0, 0, 0, 0, 0, 0, 0, 50, 0, 0, 0, 0, 0, 0, 0, 2, 5, 57
"/Users/johndoe/Documents/company/video_ops/editor/remotion/src/components/TurnTypingCode/index.ts", "TypeScript", 0, 0, 0, 1, 0, 0, 0, 0, 0, 0, 0, 0, 0, 0, 0, 0, 1, 2
"/Users/johndoe/Documents/company/video_ops/editor/remotion/src/components/TurnVideoFrame/TurnVideoFrame.module.scss", "SCSS", 0, 0, 0, 0, 0, 0, 0, 0, 0, 0, 0, 0, 0, 83, 0, 0, 12, 95
"/Users/johndoe/Documents/company/video_ops/editor/remotion/src/components/TurnVideoFrame/TurnVideoFrame.tsx", "TypeScript JSX", 0, 0, 0, 0, 0, 0, 0, 92, 0, 0, 0, 0, 0, 0, 0, 1, 12, 105
"/Users/johndoe/Documents/company/video_ops/editor/remotion/src/components/TurnVideoFrame/index.ts", "TypeScript", 0, 0, 0, 1, 0, 0, 0, 0, 0, 0, 0, 0, 0, 0, 0, 0, 1, 2
"/Users/johndoe/Documents/company/video_ops/editor/remotion/src/components/VideoClipBeat/VideoClipBeat.module.scss", "SCSS", 0, 0, 0, 0, 0, 0, 0, 0, 0, 0, 0, 0, 0, 19, 0, 0, 4, 23
"/Users/johndoe/Documents/company/video_ops/editor/remotion/src/components/VideoClipBeat/VideoClipBeat.tsx", "TypeScript JSX", 0, 0, 0, 0, 0, 0, 0, 60, 0, 0, 0, 0, 0, 0, 0, 5, 6, 71
"/Users/johndoe/Documents/company/video_ops/editor/remotion/src/components/VideoClipBeat/index.ts", "TypeScript", 0, 0, 0, 1, 0, 0, 0, 0, 0, 0, 0, 0, 0, 0, 0, 0, 1, 2
"/Users/johndoe/Documents/company/video_ops/editor/remotion/src/components/VideoOpsCoverCard/VideoOpsCoverCard.module.scss", "SCSS", 0, 0, 0, 0, 0, 0, 0, 0, 0, 0, 0, 0, 0, 63, 0, 0, 11, 74
"/Users/johndoe/Documents/company/video_ops/editor/remotion/src/components/VideoOpsCoverCard/VideoOpsCoverCard.tsx", "TypeScript JSX", 0, 0, 0, 0, 0, 0, 0, 306, 0, 0, 0, 0, 0, 0, 0, 2, 30, 338
"/Users/johndoe/Documents/company/video_ops/editor/remotion/src/components/VideoOpsCoverCard/index.ts", "TypeScript", 0, 0, 0, 1, 0, 0, 0, 0, 0, 0, 0, 0, 0, 0, 0, 0, 1, 2
"/Users/johndoe/Documents/company/video_ops/editor/remotion/src/components/VideoProofGoalCard/VideoProofGoalCard.module.scss", "SCSS", 0, 0, 0, 0, 0, 0, 0, 0, 0, 0, 0, 0, 0, 3, 0, 1, 2, 6
"/Users/johndoe/Documents/company/video_ops/editor/remotion/src/components/VideoProofGoalCard/VideoProofGoalCard.tsx", "TypeScript JSX", 0, 0, 0, 0, 0, 0, 0, 1, 0, 0, 0, 0, 0, 0, 0, 1, 1, 3
"/Users/johndoe/Documents/company/video_ops/editor/remotion/src/components/VideoProofGoalCard/index.ts", "TypeScript", 0, 0, 0, 1, 0, 0, 0, 0, 0, 0, 0, 0, 0, 0, 0, 0, 1, 2
"/Users/johndoe/Documents/company/video_ops/editor/remotion/src/components/index.ts", "TypeScript", 0, 0, 0, 58, 0, 0, 0, 0, 0, 0, 0, 0, 0, 0, 0, 0, 1, 59
"/Users/johndoe/Documents/company/video_ops/editor/remotion/src/components/kitLayers/index.ts", "TypeScript", 0, 0, 0, 1, 0, 0, 0, 0, 0, 0, 0, 0, 0, 0, 0, 0, 1, 2
"/Users/johndoe/Documents/company/video_ops/editor/remotion/src/components/kitLayers/kitLayers.module.scss", "SCSS", 0, 0, 0, 0, 0, 0, 0, 0, 0, 0, 0, 0, 0, 57, 0, 0, 16, 73
"/Users/johndoe/Documents/company/video_ops/editor/remotion/src/components/kitLayers/kitLayers.tsx", "TypeScript JSX", 0, 0, 0, 0, 0, 0, 0, 97, 0, 0, 0, 0, 0, 0, 0, 0, 17, 114
"/Users/johndoe/Documents/company/video_ops/editor/remotion/src/compositions/VideoFromScript.tsx", "TypeScript JSX", 0, 0, 0, 0, 0, 0, 0, 99, 0, 0, 0, 0, 0, 0, 0, 1, 13, 113
"/Users/johndoe/Documents/company/video_ops/editor/remotion/src/compositions/VideoOutdoor.tsx", "TypeScript JSX", 0, 0, 0, 0, 0, 0, 0, 83, 0, 0, 0, 0, 0, 0, 0, 1, 12, 96
"/Users/johndoe/Documents/company/video_ops/editor/remotion/src/generated/composition-meta.json", "JSON", 560, 0, 0, 0, 0, 0, 0, 0, 0, 0, 0, 0, 0, 0, 0, 0, 1, 561
"/Users/johndoe/Documents/company/video_ops/editor/remotion/src/generated/hint-layouts-bundled.json", "JSON", 621, 0, 0, 0, 0, 0, 0, 0, 0, 0, 0, 0, 0, 0, 0, 0, 1, 622
"/Users/johndoe/Documents/company/video_ops/editor/remotion/src/generated/projects.json", "JSON", 2040, 0, 0, 0, 0, 0, 0, 0, 0, 0, 0, 0, 0, 0, 0, 0, 1, 2041
"/Users/johndoe/Documents/company/video_ops/editor/remotion/src/global.d.ts", "TypeScript", 0, 0, 0, 5, 0, 0, 0, 0, 0, 0, 0, 0, 0, 0, 0, 0, 2, 7
"/Users/johndoe/Documents/company/video_ops/editor/remotion/src/index.ts", "TypeScript", 0, 0, 0, 4, 0, 0, 0, 0, 0, 0, 0, 0, 0, 0, 0, 1, 4, 9
"/Users/johndoe/Documents/company/video_ops/editor/remotion/src/kits/registry.ts", "TypeScript", 0, 0, 0, 74, 0, 0, 0, 0, 0, 0, 0, 0, 0, 0, 0, 0, 6, 80
"/Users/johndoe/Documents/company/video_ops/editor/remotion/src/lib/beatFitVideo.ts", "TypeScript", 0, 0, 0, 30, 0, 0, 0, 0, 0, 0, 0, 0, 0, 0, 0, 8, 7, 45
"/Users/johndoe/Documents/company/video_ops/editor/remotion/src/lib/compareTrackLoad.ts", "TypeScript", 0, 0, 0, 29, 0, 0, 0, 0, 0, 0, 0, 0, 0, 0, 0, 2, 5, 36
"/Users/johndoe/Documents/company/video_ops/editor/remotion/src/lib/computeCodeViewportLayout.test.ts", "TypeScript", 0, 0, 0, 48, 0, 0, 0, 0, 0, 0, 0, 0, 0, 0, 0, 0, 5, 53
"/Users/johndoe/Documents/company/video_ops/editor/remotion/src/lib/computeCodeViewportLayout.ts", "TypeScript", 0, 0, 0, 9, 0, 0, 0, 0, 0, 0, 0, 0, 0, 0, 0, 1, 1, 11
"/Users/johndoe/Documents/company/video_ops/editor/remotion/src/lib/createVideoKnowledgeRenderContext.ts", "TypeScript", 0, 0, 0, 1, 0, 0, 0, 0, 0, 0, 0, 0, 0, 0, 0, 1, 1, 3
"/Users/johndoe/Documents/company/video_ops/editor/remotion/src/lib/defaultRemotionConfig.ts", "TypeScript", 0, 0, 0, 20, 0, 0, 0, 0, 0, 0, 0, 0, 0, 0, 0, 1, 3, 24
"/Users/johndoe/Documents/company/video_ops/editor/remotion/src/lib/detectTurnSidePanelMode.ts", "TypeScript", 0, 0, 0, 2, 0, 0, 0, 0, 0, 0, 0, 0, 0, 0, 0, 1, 1, 4
"/Users/johndoe/Documents/company/video_ops/editor/remotion/src/lib/extractSourceRange.ts", "TypeScript", 0, 0, 0, 1, 0, 0, 0, 0, 0, 0, 0, 0, 0, 0, 0, 1, 1, 3
"/Users/johndoe/Documents/company/video_ops/editor/remotion/src/lib/ideTrackTypes.ts", "TypeScript", 0, 0, 0, 20, 0, 0, 0, 0, 0, 0, 0, 0, 0, 0, 0, 1, 1, 22
"/Users/johndoe/Documents/company/video_ops/editor/remotion/src/lib/knowledgePanelFromCode.ts", "TypeScript", 0, 0, 0, 73, 0, 0, 0, 0, 0, 0, 0, 0, 0, 0, 0, 1, 10, 84
"/Users/johndoe/Documents/company/video_ops/editor/remotion/src/lib/knowledgeRevealFromSource.test.ts", "TypeScript", 0, 0, 0, 29, 0, 0, 0, 0, 0, 0, 0, 0, 0, 0, 0, 0, 6, 35
"/Users/johndoe/Documents/company/video_ops/editor/remotion/src/lib/knowledgeRevealFromSource.ts", "TypeScript", 0, 0, 0, 4, 0, 0, 0, 0, 0, 0, 0, 0, 0, 0, 0, 1, 1, 6
"/Users/johndoe/Documents/company/video_ops/editor/remotion/src/lib/loadAnimationDocument.ts", "TypeScript", 0, 0, 0, 23, 0, 0, 0, 0, 0, 0, 0, 0, 0, 0, 0, 2, 5, 30
"/Users/johndoe/Documents/company/video_ops/editor/remotion/src/lib/loadHintLayouts.ts", "TypeScript", 0, 0, 0, 34, 0, 0, 0, 0, 0, 0, 0, 0, 0, 0, 0, 3, 6, 43
"/Users/johndoe/Documents/company/video_ops/editor/remotion/src/lib/loadIdeTrack.ts", "TypeScript", 0, 0, 0, 27, 0, 0, 0, 0, 0, 0, 0, 0, 0, 0, 0, 2, 5, 34
"/Users/johndoe/Documents/company/video_ops/editor/remotion/src/lib/loadLean4Track.ts", "TypeScript", 0, 0, 0, 27, 0, 0, 0, 0, 0, 0, 0, 0, 0, 0, 0, 2, 5, 34
"/Users/johndoe/Documents/company/video_ops/editor/remotion/src/lib/manim/loadManimConstruct.ts", "TypeScript", 0, 0, 0, 27, 0, 0, 0, 0, 0, 0, 0, 0, 0, 0, 0, 5, 4, 36
"/Users/johndoe/Documents/company/video_ops/editor/remotion/src/lib/manim/recordManimTimeline.ts", "TypeScript", 0, 0, 0, 79, 0, 0, 0, 0, 0, 0, 0, 0, 0, 0, 0, 4, 19, 102
"/Users/johndoe/Documents/company/video_ops/editor/remotion/src/lib/manim/types.ts", "TypeScript", 0, 0, 0, 13, 0, 0, 0, 0, 0, 0, 0, 0, 0, 0, 0, 1, 4, 18
"/Users/johndoe/Documents/company/video_ops/editor/remotion/src/lib/mapSnippetReveal.ts", "TypeScript", 0, 0, 0, 1, 0, 0, 0, 0, 0, 0, 0, 0, 0, 0, 0, 1, 1, 3
"/Users/johndoe/Documents/company/video_ops/editor/remotion/src/lib/narrationStrip.ts", "TypeScript", 0, 0, 0, 58, 0, 0, 0, 0, 0, 0, 0, 0, 0, 0, 0, 11, 10, 79
"/Users/johndoe/Documents/company/video_ops/editor/remotion/src/lib/outdoorLayoutContext.tsx", "TypeScript JSX", 0, 0, 0, 0, 0, 0, 0, 28, 0, 0, 0, 0, 0, 0, 0, 1, 9, 38
"/Users/johndoe/Documents/company/video_ops/editor/remotion/src/lib/parseAnimationDocument.ts", "TypeScript", 0, 0, 0, 4, 0, 0, 0, 0, 0, 0, 0, 0, 0, 0, 0, 1, 1, 6
"/Users/johndoe/Documents/company/video_ops/editor/remotion/src/lib/renderProps.ts", "TypeScript", 0, 0, 0, 125, 0, 0, 0, 0, 0, 0, 0, 0, 0, 0, 0, 21, 16, 162
"/Users/johndoe/Documents/company/video_ops/editor/remotion/src/lib/resolveOutdoorBeatLayout.ts", "TypeScript", 0, 0, 0, 37, 0, 0, 0, 0, 0, 0, 0, 0, 0, 0, 0, 0, 5, 42
"/Users/johndoe/Documents/company/video_ops/editor/remotion/src/lib/sayLines.ts", "TypeScript", 0, 0, 0, 62, 0, 0, 0, 0, 0, 0, 0, 0, 0, 0, 0, 2, 15, 79
"/Users/johndoe/Documents/company/video_ops/editor/remotion/src/lib/sayTiming.ts", "TypeScript", 0, 0, 0, 25, 0, 0, 0, 0, 0, 0, 0, 0, 0, 0, 0, 1, 3, 29
"/Users/johndoe/Documents/company/video_ops/editor/remotion/src/lib/scaleCss.ts", "TypeScript", 0, 0, 0, 4, 0, 0, 0, 0, 0, 0, 0, 0, 0, 0, 0, 1, 2, 7
"/Users/johndoe/Documents/company/video_ops/editor/remotion/src/lib/scriptAssetPath.ts", "TypeScript", 0, 0, 0, 9, 0, 0, 0, 0, 0, 0, 0, 0, 0, 0, 0, 1, 2, 12
"/Users/johndoe/Documents/company/video_ops/editor/remotion/src/lib/scriptStripUiContext.tsx", "TypeScript JSX", 0, 0, 0, 0, 0, 0, 0, 66, 0, 0, 0, 0, 0, 0, 0, 1, 13, 80
"/Users/johndoe/Documents/company/video_ops/editor/remotion/src/lib/turnKnowledgeBridge.ts", "TypeScript", 0, 0, 0, 6, 0, 0, 0, 0, 0, 0, 0, 0, 0, 0, 0, 1, 1, 8
"/Users/johndoe/Documents/company/video_ops/editor/remotion/src/lib/turnVideoTheme.ts", "TypeScript", 0, 0, 0, 101, 0, 0, 0, 0, 0, 0, 0, 0, 0, 0, 0, 4, 3, 108
"/Users/johndoe/Documents/company/video_ops/editor/remotion/src/lib/useAnimationHotReload.ts", "TypeScript", 0, 0, 0, 121, 0, 0, 0, 0, 0, 0, 0, 0, 0, 0, 0, 3, 15, 139
"/Users/johndoe/Documents/company/video_ops/editor/remotion/src/lib/useCompositionScale.ts", "TypeScript", 0, 0, 0, 48, 0, 0, 0, 0, 0, 0, 0, 0, 0, 0, 0, 7, 5, 60
"/Users/johndoe/Documents/company/video_ops/editor/remotion/src/lib/useCoverTitleFont.ts", "TypeScript", 0, 0, 0, 39, 0, 0, 0, 0, 0, 0, 0, 0, 0, 0, 0, 2, 11, 52
"/Users/johndoe/Documents/company/video_ops/editor/remotion/src/lib/videoProofRender.ts", "TypeScript", 0, 0, 0, 8, 0, 0, 0, 0, 0, 0, 0, 0, 0, 0, 0, 1, 1, 10
"/Users/johndoe/Documents/company/video_ops/editor/remotion/src/manim-tests/eigenlecture/eigenlecture.py", "Python", 0, 0, 0, 0, 0, 293, 0, 0, 0, 0, 0, 0, 0, 0, 0, 29, 49, 371
"/Users/johndoe/Documents/company/video_ops/editor/remotion/src/manim-tests/eigenlecture/eigenlecture.py2ts-raw.ts", "TypeScript", 0, 0, 0, 130, 0, 0, 0, 0, 0, 0, 0, 0, 0, 0, 0, 29, 42, 201
"/Users/johndoe/Documents/company/video_ops/editor/remotion/src/manim-tests/eigenlecture/eigenlecture.ts", "TypeScript", 0, 0, 0, 115, 0, 0, 0, 0, 0, 0, 0, 0, 0, 0, 0, 9, 18, 142
"/Users/johndoe/Documents/company/video_ops/editor/remotion/src/manim-tests/eigenlecture/helpers.ts", "TypeScript", 0, 0, 0, 112, 0, 0, 0, 0, 0, 0, 0, 0, 0, 0, 0, 28, 16, 156
"/Users/johndoe/Documents/company/video_ops/editor/remotion/src/manim-tests/eigenlecture/index.html", "HTML", 0, 0, 0, 0, 0, 0, 0, 0, 0, 0, 0, 0, 47, 0, 0, 0, 1, 48
"/Users/johndoe/Documents/company/video_ops/editor/remotion/src/manim-tests/eigenlecture/render-main.ts", "TypeScript", 0, 0, 0, 30, 0, 0, 0, 0, 0, 0, 0, 0, 0, 0, 0, 0, 8, 38
"/Users/johndoe/Documents/company/video_ops/editor/remotion/src/manim-tests/equality-equivalence/equality-equivalence.ts", "TypeScript", 0, 0, 0, 326, 0, 0, 0, 0, 0, 0, 0, 0, 0, 0, 0, 7, 42, 375
"/Users/johndoe/Documents/company/video_ops/editor/remotion/src/manim-tests/equality-equivalence/index.html", "HTML", 0, 0, 0, 0, 0, 0, 0, 0, 0, 0, 0, 0, 69, 0, 0, 0, 1, 70
"/Users/johndoe/Documents/company/video_ops/editor/remotion/src/manim-tests/equality-equivalence/render-main.ts", "TypeScript", 0, 0, 0, 48, 0, 0, 0, 0, 0, 0, 0, 0, 0, 0, 0, 0, 10, 58
"/Users/johndoe/Documents/company/video_ops/editor/remotion/src/manim-tests/equality-equivalence/script.ts", "TypeScript", 0, 0, 0, 48, 0, 0, 0, 0, 0, 0, 0, 0, 0, 0, 0, 4, 3, 55
"/Users/johndoe/Documents/company/video_ops/editor/remotion/src/manim-tests/hairy-ball-full/README.md", "Markdown", 0, 0, 26, 0, 0, 0, 0, 0, 0, 0, 0, 0, 0, 0, 0, 0, 14, 40
"/Users/johndoe/Documents/company/video_ops/editor/remotion/src/manim-tests/hairy-ball-full/full-hairy-ball.ts", "TypeScript", 0, 0, 0, 4, 0, 0, 0, 0, 0, 0, 0, 0, 0, 0, 0, 6, 2, 12
"/Users/johndoe/Documents/company/video_ops/editor/remotion/src/manim-tests/hairy-ball-full/model3d.py", "Python", 0, 0, 0, 0, 0, 523, 0, 0, 0, 0, 0, 0, 0, 0, 0, 25, 89, 637
"/Users/johndoe/Documents/company/video_ops/editor/remotion/src/manim-tests/hairy-ball-full/model3d.py2ts-raw.ts", "TypeScript", 0, 0, 0, 305, 0, 0, 0, 0, 0, 0, 0, 0, 0, 0, 0, 24, 68, 397
"/Users/johndoe/Documents/company/video_ops/editor/remotion/src/manim-tests/hairy-ball-full/old_functions.py", "Python", 0, 0, 0, 0, 0, 239, 0, 0, 0, 0, 0, 0, 0, 0, 0, 56, 123, 418
"/Users/johndoe/Documents/company/video_ops/editor/remotion/src/manim-tests/hairy-ball-full/old_functions.py2ts-raw.ts", "TypeScript", 0, 0, 0, 31, 0, 0, 0, 0, 0, 0, 0, 0, 0, 0, 0, 4, 18, 53
"/Users/johndoe/Documents/company/video_ops/editor/remotion/src/manim-tests/hairy-ball-full/spheres.py", "Python", 0, 0, 0, 0, 0, 1781, 0, 0, 0, 0, 0, 0, 0, 0, 0, 92, 322, 2195
"/Users/johndoe/Documents/company/video_ops/editor/remotion/src/manim-tests/hairy-ball-full/spheres.py2ts-raw.ts", "TypeScript", 0, 0, 0, 963, 0, 0, 0, 0, 0, 0, 0, 0, 0, 0, 0, 74, 233, 1270
"/Users/johndoe/Documents/company/video_ops/editor/remotion/src/manim-tests/hairy-ball-full/supplements.py", "Python", 0, 0, 0, 0, 0, 761, 0, 0, 0, 0, 0, 0, 0, 0, 0, 53, 151, 965
"/Users/johndoe/Documents/company/video_ops/editor/remotion/src/manim-tests/hairy-ball-full/supplements.py2ts-raw.ts", "TypeScript", 0, 0, 0, 571, 0, 0, 0, 0, 0, 0, 0, 0, 0, 0, 0, 51, 150, 772
"/Users/johndoe/Documents/company/video_ops/editor/remotion/src/manim-tests/hairy-ball/README.md", "Markdown", 0, 0, 37, 0, 0, 0, 0, 0, 0, 0, 0, 0, 0, 0, 0, 0, 18, 55
"/Users/johndoe/Documents/company/video_ops/editor/remotion/src/manim-tests/hairy-ball/helpers.ts", "TypeScript", 0, 0, 0, 56, 0, 0, 0, 0, 0, 0, 0, 0, 0, 0, 0, 1, 12, 69
"/Users/johndoe/Documents/company/video_ops/editor/remotion/src/manim-tests/hairy-ball/index.html", "HTML", 0, 0, 0, 0, 0, 0, 0, 0, 0, 0, 0, 0, 64, 0, 0, 0, 1, 65
"/Users/johndoe/Documents/company/video_ops/editor/remotion/src/manim-tests/hairy-ball/render-main.ts", "TypeScript", 0, 0, 0, 113, 0, 0, 0, 0, 0, 0, 0, 0, 0, 0, 0, 0, 21, 134
"/Users/johndoe/Documents/company/video_ops/editor/remotion/src/manim-tests/hairy-ball/simple-rightward-flow.py", "Python", 0, 0, 0, 0, 0, 21, 0, 0, 0, 0, 0, 0, 0, 0, 0, 2, 6, 29
"/Users/johndoe/Documents/company/video_ops/editor/remotion/src/manim-tests/hairy-ball/simple-rightward-flow.py2ts-raw.ts", "TypeScript", 0, 0, 0, 26, 0, 0, 0, 0, 0, 0, 0, 0, 0, 0, 0, 2, 7, 35
"/Users/johndoe/Documents/company/video_ops/editor/remotion/src/manim-tests/hairy-ball/single-null-point-hairy-ball.py2ts-raw.ts", "TypeScript", 0, 0, 0, 41, 0, 0, 0, 0, 0, 0, 0, 0, 0, 0, 0, 2, 12, 55
"/Users/johndoe/Documents/company/video_ops/editor/remotion/src/manim-tests/hairy-ball/single-null-point-hairy-ball.ts", "TypeScript", 0, 0, 0, 38, 0, 0, 0, 0, 0, 0, 0, 0, 0, 0, 0, 5, 9, 52
"/Users/johndoe/Documents/company/video_ops/editor/remotion/src/manim-tests/hairy-ball/single-null-point.py", "Python", 0, 0, 0, 0, 0, 64, 0, 0, 0, 0, 0, 0, 0, 0, 0, 2, 19, 85
"/Users/johndoe/Documents/company/video_ops/editor/remotion/src/manim-tests/lib/detectOverlaps.ts", "TypeScript", 0, 0, 0, 158, 0, 0, 0, 0, 0, 0, 0, 0, 0, 0, 0, 14, 23, 195
"/Users/johndoe/Documents/company/video_ops/editor/remotion/src/scenes/OutdoorLandscapeSceneView.tsx", "TypeScript JSX", 0, 0, 0, 0, 0, 0, 0, 81, 0, 0, 0, 0, 0, 0, 0, 0, 5, 86
"/Users/johndoe/Documents/company/video_ops/editor/remotion/src/scenes/OutdoorPortraitSceneView.tsx", "TypeScript JSX", 0, 0, 0, 0, 0, 0, 0, 146, 0, 0, 0, 0, 0, 0, 0, 1, 9, 156
"/Users/johndoe/Documents/company/video_ops/editor/remotion/src/scenes/StudioSceneView.tsx", "TypeScript JSX", 0, 0, 0, 0, 0, 0, 0, 53, 0, 0, 0, 0, 0, 0, 0, 0, 4, 57
"/Users/johndoe/Documents/company/video_ops/editor/remotion/src/schema/applyBeatTemplates.ts", "TypeScript", 0, 0, 0, 159, 0, 0, 0, 0, 0, 0, 0, 0, 0, 0, 0, 0, 17, 176
"/Users/johndoe/Documents/company/video_ops/editor/remotion/src/schema/compile.ts", "TypeScript", 0, 0, 0, 6, 0, 0, 0, 0, 0, 0, 0, 0, 0, 0, 0, 0, 1, 7
"/Users/johndoe/Documents/company/video_ops/editor/remotion/src/schema/compileEpisode.ts", "TypeScript", 0, 0, 0, 325, 0, 0, 0, 0, 0, 0, 0, 0, 0, 0, 0, 8, 22, 355
"/Users/johndoe/Documents/company/video_ops/editor/remotion/src/seriesRegistry.ts", "TypeScript", 0, 0, 0, 94, 0, 0, 0, 0, 0, 0, 0, 0, 0, 0, 0, 4, 14, 112
"/Users/johndoe/Documents/company/video_ops/editor/remotion/src/types.ts", "TypeScript", 0, 0, 0, 27, 0, 0, 0, 0, 0, 0, 0, 0, 0, 0, 0, 1, 6, 34
"/Users/johndoe/Documents/company/video_ops/editor/remotion/src/video-kit/LayoutShell.tsx", "TypeScript JSX", 0, 0, 0, 0, 0, 0, 0, 40, 0, 0, 0, 0, 0, 0, 0, 1, 6, 47
"/Users/johndoe/Documents/company/video_ops/editor/remotion/src/video-kit/MainLayerRenderer.tsx", "TypeScript JSX", 0, 0, 0, 0, 0, 0, 0, 331, 0, 0, 0, 0, 0, 0, 0, 1, 31, 363
"/Users/johndoe/Documents/company/video_ops/editor/remotion/src/video-kit/PresenterColumn.tsx", "TypeScript JSX", 0, 0, 0, 0, 0, 0, 0, 76, 0, 0, 0, 0, 0, 0, 0, 1, 5, 82
"/Users/johndoe/Documents/company/video_ops/editor/remotion/src/video-kit/types.ts", "TypeScript", 0, 0, 0, 191, 0, 0, 0, 0, 0, 0, 0, 0, 0, 0, 0, 26, 27, 244
"/Users/johndoe/Documents/company/video_ops/editor/remotion/src/video-kit/useSceneClock.ts", "TypeScript", 0, 0, 0, 26, 0, 0, 0, 0, 0, 0, 0, 0, 0, 0, 0, 3, 4, 33
"/Users/johndoe/Documents/company/video_ops/editor/remotion/tsconfig.json", "JSON with Comments", 0, 0, 0, 0, 0, 0, 0, 0, 19, 0, 0, 0, 0, 0, 0, 0, 1, 20
"/Users/johndoe/Documents/company/video_ops/editor/remotion/vite.manim-test-eigenlecture.config.ts", "TypeScript", 0, 0, 0, 22, 0, 0, 0, 0, 0, 0, 0, 0, 0, 0, 0, 0, 3, 25
"/Users/johndoe/Documents/company/video_ops/editor/remotion/vite.manim-test-equality.config.ts", "TypeScript", 0, 0, 0, 23, 0, 0, 0, 0, 0, 0, 0, 0, 0, 0, 0, 0, 3, 26
"/Users/johndoe/Documents/company/video_ops/editor/remotion/vite.manim-test-full.config.ts", "TypeScript", 0, 0, 0, 22, 0, 0, 0, 0, 0, 0, 0, 0, 0, 0, 0, 0, 3, 25
"/Users/johndoe/Documents/company/video_ops/editor/remotion/vite.manim-test.config.ts", "TypeScript", 0, 0, 0, 22, 0, 0, 0, 0, 0, 0, 0, 0, 0, 0, 0, 0, 3, 25
"/Users/johndoe/Documents/company/video_ops/manifest.json", "JSON", 114, 0, 0, 0, 0, 0, 0, 0, 0, 0, 0, 0, 0, 0, 0, 0, 1, 115
"/Users/johndoe/Documents/company/video_ops/ngrok.outdoor.example.yml", "YAML", 0, 12, 0, 0, 0, 0, 0, 0, 0, 0, 0, 0, 0, 0, 0, 1, 2, 15
"/Users/johndoe/Documents/company/video_ops/ngrok.outdoor.yml", "YAML", 0, 12, 0, 0, 0, 0, 0, 0, 0, 0, 0, 0, 0, 0, 0, 2, 2, 16
"/Users/johndoe/Documents/company/video_ops/package-lock.json", "JSON", 1060, 0, 0, 0, 0, 0, 0, 0, 0, 0, 0, 0, 0, 0, 0, 0, 1, 1061
"/Users/johndoe/Documents/company/video_ops/package.json", "JSON", 22, 0, 0, 0, 0, 0, 0, 0, 0, 0, 0, 0, 0, 0, 0, 0, 1, 23
"/Users/johndoe/Documents/company/video_ops/projects/README.md", "Markdown", 0, 0, 42, 0, 0, 0, 0, 0, 0, 0, 0, 0, 0, 0, 0, 0, 18, 60
"/Users/johndoe/Documents/company/video_ops/projects/_templates/template-ai-review-smoke/animation.md", "Markdown", 0, 0, 14, 0, 0, 0, 0, 0, 0, 0, 0, 0, 0, 0, 0, 4, 5, 23
"/Users/johndoe/Documents/company/video_ops/projects/_templates/template-ai-review-smoke/script.md", "Markdown", 0, 0, 6, 0, 0, 0, 0, 0, 0, 0, 0, 0, 0, 0, 0, 0, 3, 9
"/Users/johndoe/Documents/company/video_ops/projects/_templates/template-ai-review-smoke/social-posts.json", "JSON", 65, 0, 0, 0, 0, 0, 0, 0, 0, 0, 0, 0, 0, 0, 0, 0, 1, 66
"/Users/johndoe/Documents/company/video_ops/projects/_templates/template-compare-smoke/animation.md", "Markdown", 0, 0, 22, 0, 0, 0, 0, 0, 0, 0, 0, 0, 0, 0, 0, 4, 6, 32
"/Users/johndoe/Documents/company/video_ops/projects/_templates/template-compare-smoke/script.md", "Markdown", 0, 0, 6, 0, 0, 0, 0, 0, 0, 0, 0, 0, 0, 0, 0, 0, 3, 9
"/Users/johndoe/Documents/company/video_ops/projects/_templates/template-compare-smoke/social-posts.json", "JSON", 65, 0, 0, 0, 0, 0, 0, 0, 0, 0, 0, 0, 0, 0, 0, 0, 1, 66
"/Users/johndoe/Documents/company/video_ops/projects/_templates/template-launch-pv-smoke/animation.md", "Markdown", 0, 0, 14, 0, 0, 0, 0, 0, 0, 0, 0, 0, 0, 0, 0, 4, 5, 23
"/Users/johndoe/Documents/company/video_ops/projects/_templates/template-launch-pv-smoke/script.md", "Markdown", 0, 0, 6, 0, 0, 0, 0, 0, 0, 0, 0, 0, 0, 0, 0, 0, 3, 9
"/Users/johndoe/Documents/company/video_ops/projects/_templates/template-launch-pv-smoke/social-posts.json", "JSON", 65, 0, 0, 0, 0, 0, 0, 0, 0, 0, 0, 0, 0, 0, 0, 0, 1, 66
"/Users/johndoe/Documents/company/video_ops/projects/_templates/template-life-essay-smoke/animation.md", "Markdown", 0, 0, 16, 0, 0, 0, 0, 0, 0, 0, 0, 0, 0, 0, 0, 3, 5, 24
"/Users/johndoe/Documents/company/video_ops/projects/_templates/template-life-essay-smoke/script.md", "Markdown", 0, 0, 6, 0, 0, 0, 0, 0, 0, 0, 0, 0, 0, 0, 0, 0, 3, 9
"/Users/johndoe/Documents/company/video_ops/projects/_templates/template-life-essay-smoke/social-posts.json", "JSON", 65, 0, 0, 0, 0, 0, 0, 0, 0, 0, 0, 0, 0, 0, 0, 0, 1, 66
"/Users/johndoe/Documents/company/video_ops/projects/_templates/template-motion-essay-smoke/animation.md", "Markdown", 0, 0, 16, 0, 0, 0, 0, 0, 0, 0, 0, 0, 0, 0, 0, 3, 5, 24
"/Users/johndoe/Documents/company/video_ops/projects/_templates/template-motion-essay-smoke/script.md", "Markdown", 0, 0, 6, 0, 0, 0, 0, 0, 0, 0, 0, 0, 0, 0, 0, 0, 3, 9
"/Users/johndoe/Documents/company/video_ops/projects/_templates/template-motion-essay-smoke/social-posts.json", "JSON", 65, 0, 0, 0, 0, 0, 0, 0, 0, 0, 0, 0, 0, 0, 0, 0, 1, 66
"/Users/johndoe/Documents/company/video_ops/projects/_templates/template-pitfall-smoke/animation.md", "Markdown", 0, 0, 14, 0, 0, 0, 0, 0, 0, 0, 0, 0, 0, 0, 0, 4, 5, 23
"/Users/johndoe/Documents/company/video_ops/projects/_templates/template-pitfall-smoke/script.md", "Markdown", 0, 0, 6, 0, 0, 0, 0, 0, 0, 0, 0, 0, 0, 0, 0, 0, 3, 9
"/Users/johndoe/Documents/company/video_ops/projects/_templates/template-pitfall-smoke/social-posts.json", "JSON", 65, 0, 0, 0, 0, 0, 0, 0, 0, 0, 0, 0, 0, 0, 0, 0, 1, 66
"/Users/johndoe/Documents/company/video_ops/projects/_templates/template-syntax-spot-smoke/animation.md", "Markdown", 0, 0, 18, 0, 0, 0, 0, 0, 0, 0, 0, 0, 0, 0, 0, 3, 5, 26
"/Users/johndoe/Documents/company/video_ops/projects/_templates/template-syntax-spot-smoke/script.md", "Markdown", 0, 0, 6, 0, 0, 0, 0, 0, 0, 0, 0, 0, 0, 0, 0, 0, 3, 9
"/Users/johndoe/Documents/company/video_ops/projects/_templates/template-syntax-spot-smoke/social-posts.json", "JSON", 65, 0, 0, 0, 0, 0, 0, 0, 0, 0, 0, 0, 0, 0, 0, 0, 1, 66
"/Users/johndoe/Documents/company/video_ops/projects/_templates/video-beat-present-clip/README.md", "Markdown", 0, 0, 35, 0, 0, 0, 0, 0, 0, 0, 0, 0, 0, 0, 0, 0, 21, 56
"/Users/johndoe/Documents/company/video_ops/projects/_templates/video-beat-present-clip/animation.json", "JSON", 92, 0, 0, 0, 0, 0, 0, 0, 0, 0, 0, 0, 0, 0, 0, 0, 1, 93
"/Users/johndoe/Documents/company/video_ops/projects/_templates/video-beat-present-clip/animation.md", "Markdown", 0, 0, 38, 0, 0, 0, 0, 0, 0, 0, 0, 0, 0, 0, 0, 22, 18, 78
"/Users/johndoe/Documents/company/video_ops/projects/abstract_algebra_in_proof_assistant/01-set/animation.json", "JSON", 401, 0, 0, 0, 0, 0, 0, 0, 0, 0, 0, 0, 0, 0, 0, 0, 1, 402
"/Users/johndoe/Documents/company/video_ops/projects/abstract_algebra_in_proof_assistant/01-set/animation.md", "Markdown", 0, 0, 373, 0, 0, 0, 0, 0, 0, 0, 0, 0, 0, 0, 0, 138, 157, 668
"/Users/johndoe/Documents/company/video_ops/projects/abstract_algebra_in_proof_assistant/01-set/script-clean.md", "Markdown", 0, 0, 22, 0, 0, 0, 0, 0, 0, 0, 0, 0, 0, 0, 0, 0, 22, 44
"/Users/johndoe/Documents/company/video_ops/projects/abstract_algebra_in_proof_assistant/01-set/script.md", "Markdown", 0, 0, 32, 0, 0, 0, 0, 0, 0, 0, 0, 0, 0, 0, 0, 0, 9, 41
"/Users/johndoe/Documents/company/video_ops/projects/abstract_algebra_in_proof_assistant/01-set/social-posts.json", "JSON", 69, 0, 0, 0, 0, 0, 0, 0, 0, 0, 0, 0, 0, 0, 0, 0, 1, 70
"/Users/johndoe/Documents/company/video_ops/projects/abstract_algebra_in_proof_assistant/02-subset/animation.json", "JSON", 234, 0, 0, 0, 0, 0, 0, 0, 0, 0, 0, 0, 0, 0, 0, 0, 1, 235
"/Users/johndoe/Documents/company/video_ops/projects/abstract_algebra_in_proof_assistant/02-subset/animation.md", "Markdown", 0, 0, 221, 0, 0, 0, 0, 0, 0, 0, 0, 0, 0, 0, 0, 67, 114, 402
"/Users/johndoe/Documents/company/video_ops/projects/abstract_algebra_in_proof_assistant/02-subset/script-clean.md", "Markdown", 0, 0, 22, 0, 0, 0, 0, 0, 0, 0, 0, 0, 0, 0, 0, 0, 21, 43
"/Users/johndoe/Documents/company/video_ops/projects/abstract_algebra_in_proof_assistant/02-subset/script.md", "Markdown", 0, 0, 9, 0, 0, 0, 0, 0, 0, 0, 0, 0, 0, 0, 0, 0, 6, 15
"/Users/johndoe/Documents/company/video_ops/projects/abstract_algebra_in_proof_assistant/02-subset/social-posts.json", "JSON", 69, 0, 0, 0, 0, 0, 0, 0, 0, 0, 0, 0, 0, 0, 0, 0, 1, 70
"/Users/johndoe/Documents/company/video_ops/projects/abstract_algebra_in_proof_assistant/03-proper-subset/animation.json", "JSON", 411, 0, 0, 0, 0, 0, 0, 0, 0, 0, 0, 0, 0, 0, 0, 0, 1, 412
"/Users/johndoe/Documents/company/video_ops/projects/abstract_algebra_in_proof_assistant/03-proper-subset/animation.md", "Markdown", 0, 0, 456, 0, 0, 0, 0, 0, 0, 0, 0, 0, 0, 0, 0, 117, 196, 769
"/Users/johndoe/Documents/company/video_ops/projects/abstract_algebra_in_proof_assistant/03-proper-subset/export/voice-manifest.json", "JSON", 81, 0, 0, 0, 0, 0, 0, 0, 0, 0, 0, 0, 0, 0, 0, 0, 1, 82
"/Users/johndoe/Documents/company/video_ops/projects/abstract_algebra_in_proof_assistant/03-proper-subset/script-clean.md", "Markdown", 0, 0, 21, 0, 0, 0, 0, 0, 0, 0, 0, 0, 0, 0, 0, 0, 20, 41
"/Users/johndoe/Documents/company/video_ops/projects/abstract_algebra_in_proof_assistant/03-proper-subset/script.md", "Markdown", 0, 0, 9, 0, 0, 0, 0, 0, 0, 0, 0, 0, 0, 0, 0, 0, 6, 15
"/Users/johndoe/Documents/company/video_ops/projects/abstract_algebra_in_proof_assistant/03-proper-subset/social-posts.json", "JSON", 69, 0, 0, 0, 0, 0, 0, 0, 0, 0, 0, 0, 0, 0, 0, 0, 1, 70
"/Users/johndoe/Documents/company/video_ops/projects/abstract_algebra_in_proof_assistant/03-proper-subset/social-posts.md", "Markdown", 0, 0, 84, 0, 0, 0, 0, 0, 0, 0, 0, 0, 0, 0, 0, 0, 10, 94
"/Users/johndoe/Documents/company/video_ops/projects/abstract_algebra_in_proof_assistant/03-proper-subset/test_version/outdoor-edit-img-7405/animation-outdoor.json", "JSON", 1124, 0, 0, 0, 0, 0, 0, 0, 0, 0, 0, 0, 0, 0, 0, 0, 1, 1125
"/Users/johndoe/Documents/company/video_ops/projects/abstract_algebra_in_proof_assistant/03-proper-subset/test_version/outdoor-edit-img-7405/declip-transcript.raw.json", "JSON", 11020, 0, 0, 0, 0, 0, 0, 0, 0, 0, 0, 0, 0, 0, 0, 0, 4, 11024
"/Users/johndoe/Documents/company/video_ops/projects/abstract_algebra_in_proof_assistant/03-proper-subset/test_version/outdoor-edit-img-7405/outdoor-manifest.json", "JSON", 772, 0, 0, 0, 0, 0, 0, 0, 0, 0, 0, 0, 0, 0, 0, 0, 1, 773
"/Users/johndoe/Documents/company/video_ops/projects/abstract_algebra_in_proof_assistant/03-proper-subset/test_version/outdoor-edit-img-7405/remotion-visual-plan.json", "JSON", 121, 0, 0, 0, 0, 0, 0, 0, 0, 0, 0, 0, 0, 0, 0, 0, 1, 122
"/Users/johndoe/Documents/company/video_ops/projects/abstract_algebra_in_proof_assistant/03-proper-subset/test_version/outdoor-edit-img-7405/render-landscape.log", "Log", 0, 0, 0, 0, 0, 0, 0, 0, 0, 0, 0, 10034, 0, 0, 0, 0, 5, 10039
"/Users/johndoe/Documents/company/video_ops/projects/abstract_algebra_in_proof_assistant/03-proper-subset/test_version/outdoor-edit-img-7405/render-portrait.log", "Log", 0, 0, 0, 0, 0, 0, 0, 0, 0, 0, 0, 13867, 0, 0, 0, 0, 5, 13872
"/Users/johndoe/Documents/company/video_ops/projects/abstract_algebra_in_proof_assistant/03-proper-subset/test_version/outdoor-edit-img-7405/render.log", "Log", 0, 0, 0, 0, 0, 0, 0, 0, 0, 0, 0, 15065, 0, 0, 0, 0, 5, 15070
"/Users/johndoe/Documents/company/video_ops/projects/abstract_algebra_in_proof_assistant/03-proper-subset/test_version/outdoor-edit-img-7405/source-edit-report.json", "JSON", 222, 0, 0, 0, 0, 0, 0, 0, 0, 0, 0, 0, 0, 0, 0, 0, 1, 223
"/Users/johndoe/Documents/company/video_ops/projects/abstract_algebra_in_proof_assistant/03-proper-subset/test_version/outdoor-edit-img-7405/speech-alignment.json", "JSON", 328, 0, 0, 0, 0, 0, 0, 0, 0, 0, 0, 0, 0, 0, 0, 0, 1, 329
"/Users/johndoe/Documents/company/video_ops/projects/abstract_algebra_in_proof_assistant/03-proper-subset/test_version/outdoor-edit-img-7405/transcript.verbose.json", "JSON", 6836, 0, 0, 0, 0, 0, 0, 0, 0, 0, 0, 0, 0, 0, 0, 0, 1, 6837
"/Users/johndoe/Documents/company/video_ops/projects/abstract_algebra_in_proof_assistant/04-set-equality/animation.json", "JSON", 677, 0, 0, 0, 0, 0, 0, 0, 0, 0, 0, 0, 0, 0, 0, 0, 1, 678
"/Users/johndoe/Documents/company/video_ops/projects/abstract_algebra_in_proof_assistant/04-set-equality/animation.md", "Markdown", 0, 0, 332, 0, 0, 0, 0, 0, 0, 0, 0, 0, 0, 0, 0, 24, 116, 472
"/Users/johndoe/Documents/company/video_ops/projects/abstract_algebra_in_proof_assistant/04-set-equality/export/outdoor-script.json", "JSON", 68, 0, 0, 0, 0, 0, 0, 0, 0, 0, 0, 0, 0, 0, 0, 0, 1, 69
"/Users/johndoe/Documents/company/video_ops/projects/abstract_algebra_in_proof_assistant/04-set-equality/script-clean.md", "Markdown", 0, 0, 14, 0, 0, 0, 0, 0, 0, 0, 0, 0, 0, 0, 0, 0, 13, 27
"/Users/johndoe/Documents/company/video_ops/projects/abstract_algebra_in_proof_assistant/04-set-equality/script.md", "Markdown", 0, 0, 14, 0, 0, 0, 0, 0, 0, 0, 0, 0, 0, 0, 0, 0, 8, 22
"/Users/johndoe/Documents/company/video_ops/projects/abstract_algebra_in_proof_assistant/04-set-equality/social-posts.json", "JSON", 69, 0, 0, 0, 0, 0, 0, 0, 0, 0, 0, 0, 0, 0, 0, 0, 1, 70
"/Users/johndoe/Documents/company/video_ops/projects/abstract_algebra_in_proof_assistant/04-set-equality/takes/take-mrbtjdup/agent.log", "Log", 0, 0, 0, 0, 0, 0, 0, 0, 0, 0, 0, 2, 0, 0, 0, 0, 1, 3
"/Users/johndoe/Documents/company/video_ops/projects/abstract_algebra_in_proof_assistant/04-set-equality/takes/take-mrbtjdup/covers/cover-mrf6k5c9/meta.json", "JSON", 8, 0, 0, 0, 0, 0, 0, 0, 0, 0, 0, 0, 0, 0, 0, 0, 1, 9
"/Users/johndoe/Documents/company/video_ops/projects/abstract_algebra_in_proof_assistant/04-set-equality/takes/take-mrbtjdup/covers/cover-mrf6l9iw/meta.json", "JSON", 8, 0, 0, 0, 0, 0, 0, 0, 0, 0, 0, 0, 0, 0, 0, 0, 1, 9
"/Users/johndoe/Documents/company/video_ops/projects/abstract_algebra_in_proof_assistant/04-set-equality/takes/take-mrbtjdup/covers/covers-index.json", "JSON", 16, 0, 0, 0, 0, 0, 0, 0, 0, 0, 0, 0, 0, 0, 0, 0, 1, 17
"/Users/johndoe/Documents/company/video_ops/projects/abstract_algebra_in_proof_assistant/04-set-equality/takes/take-mrbtjdup/pipeline-status.json", "JSON", 32, 0, 0, 0, 0, 0, 0, 0, 0, 0, 0, 0, 0, 0, 0, 0, 1, 33
"/Users/johndoe/Documents/company/video_ops/projects/abstract_algebra_in_proof_assistant/04-set-equality/takes/take-mrbtjdup/pipeline/align/align-mrdnus0g/align-mode.json", "JSON", 4, 0, 0, 0, 0, 0, 0, 0, 0, 0, 0, 0, 0, 0, 0, 0, 1, 5
"/Users/johndoe/Documents/company/video_ops/projects/abstract_algebra_in_proof_assistant/04-set-equality/takes/take-mrbtjdup/pipeline/align/align-mrdnus0g/animation-outdoor.json", "JSON", 301, 0, 0, 0, 0, 0, 0, 0, 0, 0, 0, 0, 0, 0, 0, 0, 1, 302
"/Users/johndoe/Documents/company/video_ops/projects/abstract_algebra_in_proof_assistant/04-set-equality/takes/take-mrbtjdup/pipeline/align/align-mrdnus0g/progress.json", "JSON", 6, 0, 0, 0, 0, 0, 0, 0, 0, 0, 0, 0, 0, 0, 0, 0, 1, 7
"/Users/johndoe/Documents/company/video_ops/projects/abstract_algebra_in_proof_assistant/04-set-equality/takes/take-mrbtjdup/pipeline/align/align-mrdnus0g/remotion-visual-plan.json", "JSON", 57, 0, 0, 0, 0, 0, 0, 0, 0, 0, 0, 0, 0, 0, 0, 0, 1, 58
"/Users/johndoe/Documents/company/video_ops/projects/abstract_algebra_in_proof_assistant/04-set-equality/takes/take-mrbtjdup/pipeline/align/align-mrdnus0g/speech-alignment.json", "JSON", 67, 0, 0, 0, 0, 0, 0, 0, 0, 0, 0, 0, 0, 0, 0, 0, 1, 68
"/Users/johndoe/Documents/company/video_ops/projects/abstract_algebra_in_proof_assistant/04-set-equality/takes/take-mrbtjdup/pipeline/align/align-mrdpo3rm/align-mode.json", "JSON", 4, 0, 0, 0, 0, 0, 0, 0, 0, 0, 0, 0, 0, 0, 0, 0, 1, 5
"/Users/johndoe/Documents/company/video_ops/projects/abstract_algebra_in_proof_assistant/04-set-equality/takes/take-mrbtjdup/pipeline/align/align-mrdpo3rm/animation-outdoor.json", "JSON", 535, 0, 0, 0, 0, 0, 0, 0, 0, 0, 0, 0, 0, 0, 0, 0, 1, 536
"/Users/johndoe/Documents/company/video_ops/projects/abstract_algebra_in_proof_assistant/04-set-equality/takes/take-mrbtjdup/pipeline/align/align-mrdpo3rm/progress.json", "JSON", 6, 0, 0, 0, 0, 0, 0, 0, 0, 0, 0, 0, 0, 0, 0, 0, 1, 7
"/Users/johndoe/Documents/company/video_ops/projects/abstract_algebra_in_proof_assistant/04-set-equality/takes/take-mrbtjdup/pipeline/align/align-mrdpo3rm/remotion-visual-plan.json", "JSON", 57, 0, 0, 0, 0, 0, 0, 0, 0, 0, 0, 0, 0, 0, 0, 0, 1, 58
"/Users/johndoe/Documents/company/video_ops/projects/abstract_algebra_in_proof_assistant/04-set-equality/takes/take-mrbtjdup/pipeline/align/align-mrdpo3rm/speech-alignment.json", "JSON", 264, 0, 0, 0, 0, 0, 0, 0, 0, 0, 0, 0, 0, 0, 0, 0, 1, 265
"/Users/johndoe/Documents/company/video_ops/projects/abstract_algebra_in_proof_assistant/04-set-equality/takes/take-mrbtjdup/pipeline/align/align-mrdpo3rm/transcript.verbose.json", "JSON", 2236, 0, 0, 0, 0, 0, 0, 0, 0, 0, 0, 0, 0, 0, 0, 0, 1, 2237
"/Users/johndoe/Documents/company/video_ops/projects/abstract_algebra_in_proof_assistant/04-set-equality/takes/take-mrbtjdup/pipeline/align/align-mrec55fl/align-layout.json", "JSON", 20, 0, 0, 0, 0, 0, 0, 0, 0, 0, 0, 0, 0, 0, 0, 0, 1, 21
"/Users/johndoe/Documents/company/video_ops/projects/abstract_algebra_in_proof_assistant/04-set-equality/takes/take-mrbtjdup/pipeline/align/align-mrec55fl/align-mode.json", "JSON", 4, 0, 0, 0, 0, 0, 0, 0, 0, 0, 0, 0, 0, 0, 0, 0, 1, 5
"/Users/johndoe/Documents/company/video_ops/projects/abstract_algebra_in_proof_assistant/04-set-equality/takes/take-mrbtjdup/pipeline/align/align-mrec55fl/animation-outdoor.json", "JSON", 551, 0, 0, 0, 0, 0, 0, 0, 0, 0, 0, 0, 0, 0, 0, 0, 1, 552
"/Users/johndoe/Documents/company/video_ops/projects/abstract_algebra_in_proof_assistant/04-set-equality/takes/take-mrbtjdup/pipeline/align/align-mrec55fl/progress.json", "JSON", 6, 0, 0, 0, 0, 0, 0, 0, 0, 0, 0, 0, 0, 0, 0, 0, 1, 7
"/Users/johndoe/Documents/company/video_ops/projects/abstract_algebra_in_proof_assistant/04-set-equality/takes/take-mrbtjdup/pipeline/align/align-mrec55fl/remotion-visual-plan.json", "JSON", 57, 0, 0, 0, 0, 0, 0, 0, 0, 0, 0, 0, 0, 0, 0, 0, 1, 58
"/Users/johndoe/Documents/company/video_ops/projects/abstract_algebra_in_proof_assistant/04-set-equality/takes/take-mrbtjdup/pipeline/align/align-mrec55fl/speech-alignment.json", "JSON", 264, 0, 0, 0, 0, 0, 0, 0, 0, 0, 0, 0, 0, 0, 0, 0, 1, 265
"/Users/johndoe/Documents/company/video_ops/projects/abstract_algebra_in_proof_assistant/04-set-equality/takes/take-mrbtjdup/pipeline/align/align-mrec55fl/transcript.verbose.json", "JSON", 2236, 0, 0, 0, 0, 0, 0, 0, 0, 0, 0, 0, 0, 0, 0, 0, 1, 2237
"/Users/johndoe/Documents/company/video_ops/projects/abstract_algebra_in_proof_assistant/04-set-equality/takes/take-mrbtjdup/pipeline/composite/composite-mrdnus61/animation-outdoor.json", "JSON", 301, 0, 0, 0, 0, 0, 0, 0, 0, 0, 0, 0, 0, 0, 0, 0, 1, 302
"/Users/johndoe/Documents/company/video_ops/projects/abstract_algebra_in_proof_assistant/04-set-equality/takes/take-mrbtjdup/pipeline/composite/composite-mrdnus61/outdoor-manifest.json", "JSON", 106, 0, 0, 0, 0, 0, 0, 0, 0, 0, 0, 0, 0, 0, 0, 0, 1, 107
"/Users/johndoe/Documents/company/video_ops/projects/abstract_algebra_in_proof_assistant/04-set-equality/takes/take-mrbtjdup/pipeline/composite/composite-mrdnus61/progress.json", "JSON", 6, 0, 0, 0, 0, 0, 0, 0, 0, 0, 0, 0, 0, 0, 0, 0, 1, 7
"/Users/johndoe/Documents/company/video_ops/projects/abstract_algebra_in_proof_assistant/04-set-equality/takes/take-mrbtjdup/pipeline/composite/composite-mrdnus61/remotion-visual-plan.json", "JSON", 57, 0, 0, 0, 0, 0, 0, 0, 0, 0, 0, 0, 0, 0, 0, 0, 1, 58
"/Users/johndoe/Documents/company/video_ops/projects/abstract_algebra_in_proof_assistant/04-set-equality/takes/take-mrbtjdup/pipeline/composite/composite-mrdnus61/speech-alignment.json", "JSON", 67, 0, 0, 0, 0, 0, 0, 0, 0, 0, 0, 0, 0, 0, 0, 0, 1, 68
"/Users/johndoe/Documents/company/video_ops/projects/abstract_algebra_in_proof_assistant/04-set-equality/takes/take-mrbtjdup/pipeline/composite/composite-mrdpo4dg/animation-outdoor.json", "JSON", 535, 0, 0, 0, 0, 0, 0, 0, 0, 0, 0, 0, 0, 0, 0, 0, 1, 536
"/Users/johndoe/Documents/company/video_ops/projects/abstract_algebra_in_proof_assistant/04-set-equality/takes/take-mrbtjdup/pipeline/composite/composite-mrdpo4dg/outdoor-manifest.json", "JSON", 340, 0, 0, 0, 0, 0, 0, 0, 0, 0, 0, 0, 0, 0, 0, 0, 1, 341
"/Users/johndoe/Documents/company/video_ops/projects/abstract_algebra_in_proof_assistant/04-set-equality/takes/take-mrbtjdup/pipeline/composite/composite-mrdpo4dg/progress.json", "JSON", 6, 0, 0, 0, 0, 0, 0, 0, 0, 0, 0, 0, 0, 0, 0, 0, 1, 7
"/Users/johndoe/Documents/company/video_ops/projects/abstract_algebra_in_proof_assistant/04-set-equality/takes/take-mrbtjdup/pipeline/composite/composite-mrdpo4dg/remotion-visual-plan.json", "JSON", 57, 0, 0, 0, 0, 0, 0, 0, 0, 0, 0, 0, 0, 0, 0, 0, 1, 58
"/Users/johndoe/Documents/company/video_ops/projects/abstract_algebra_in_proof_assistant/04-set-equality/takes/take-mrbtjdup/pipeline/composite/composite-mrdpo4dg/speech-alignment.json", "JSON", 264, 0, 0, 0, 0, 0, 0, 0, 0, 0, 0, 0, 0, 0, 0, 0, 1, 265
"/Users/johndoe/Documents/company/video_ops/projects/abstract_algebra_in_proof_assistant/04-set-equality/takes/take-mrbtjdup/pipeline/composite/composite-mrdpo4dg/transcript.verbose.json", "JSON", 2236, 0, 0, 0, 0, 0, 0, 0, 0, 0, 0, 0, 0, 0, 0, 0, 1, 2237
"/Users/johndoe/Documents/company/video_ops/projects/abstract_algebra_in_proof_assistant/04-set-equality/takes/take-mrbtjdup/pipeline/composite/composite-mrec55qa/animation-outdoor.json", "JSON", 535, 0, 0, 0, 0, 0, 0, 0, 0, 0, 0, 0, 0, 0, 0, 0, 1, 536
"/Users/johndoe/Documents/company/video_ops/projects/abstract_algebra_in_proof_assistant/04-set-equality/takes/take-mrbtjdup/pipeline/composite/composite-mrec55qa/outdoor-manifest.json", "JSON", 340, 0, 0, 0, 0, 0, 0, 0, 0, 0, 0, 0, 0, 0, 0, 0, 1, 341
"/Users/johndoe/Documents/company/video_ops/projects/abstract_algebra_in_proof_assistant/04-set-equality/takes/take-mrbtjdup/pipeline/composite/composite-mrec55qa/progress.json", "JSON", 6, 0, 0, 0, 0, 0, 0, 0, 0, 0, 0, 0, 0, 0, 0, 0, 1, 7
"/Users/johndoe/Documents/company/video_ops/projects/abstract_algebra_in_proof_assistant/04-set-equality/takes/take-mrbtjdup/pipeline/composite/composite-mrec55qa/remotion-visual-plan.json", "JSON", 57, 0, 0, 0, 0, 0, 0, 0, 0, 0, 0, 0, 0, 0, 0, 0, 1, 58
"/Users/johndoe/Documents/company/video_ops/projects/abstract_algebra_in_proof_assistant/04-set-equality/takes/take-mrbtjdup/pipeline/composite/composite-mrec55qa/speech-alignment.json", "JSON", 264, 0, 0, 0, 0, 0, 0, 0, 0, 0, 0, 0, 0, 0, 0, 0, 1, 265
"/Users/johndoe/Documents/company/video_ops/projects/abstract_algebra_in_proof_assistant/04-set-equality/takes/take-mrbtjdup/pipeline/composite/composite-mrec55qa/transcript.verbose.json", "JSON", 2236, 0, 0, 0, 0, 0, 0, 0, 0, 0, 0, 0, 0, 0, 0, 0, 1, 2237
"/Users/johndoe/Documents/company/video_ops/projects/abstract_algebra_in_proof_assistant/04-set-equality/takes/take-mrbtjdup/pipeline/cut/cut-mrdnt7ew/analysis.json", "JSON", 346, 0, 0, 0, 0, 0, 0, 0, 0, 0, 0, 0, 0, 0, 0, 0, 1, 347
"/Users/johndoe/Documents/company/video_ops/projects/abstract_algebra_in_proof_assistant/04-set-equality/takes/take-mrbtjdup/pipeline/cut/cut-mrdnt7ew/cut-selection.json", "JSON", 15, 0, 0, 0, 0, 0, 0, 0, 0, 0, 0, 0, 0, 0, 0, 0, 1, 16
"/Users/johndoe/Documents/company/video_ops/projects/abstract_algebra_in_proof_assistant/04-set-equality/takes/take-mrbtjdup/pipeline/cut/cut-mrdnt7ew/progress.json", "JSON", 6, 0, 0, 0, 0, 0, 0, 0, 0, 0, 0, 0, 0, 0, 0, 0, 1, 7
"/Users/johndoe/Documents/company/video_ops/projects/abstract_algebra_in_proof_assistant/04-set-equality/takes/take-mrbtjdup/pipeline/cut/cut-mrdnt7ew/remotion-visual-plan.json", "JSON", 96, 0, 0, 0, 0, 0, 0, 0, 0, 0, 0, 0, 0, 0, 0, 0, 1, 97
"/Users/johndoe/Documents/company/video_ops/projects/abstract_algebra_in_proof_assistant/04-set-equality/takes/take-mrbtjdup/pipeline/cut/cut-mrdnt7ew/transcript.verbose.json", "JSON", 2236, 0, 0, 0, 0, 0, 0, 0, 0, 0, 0, 0, 0, 0, 0, 0, 1, 2237
"/Users/johndoe/Documents/company/video_ops/projects/abstract_algebra_in_proof_assistant/04-set-equality/takes/take-mrbtjdup/pipeline/social/social-mrdob26e/progress.json", "JSON", 6, 0, 0, 0, 0, 0, 0, 0, 0, 0, 0, 0, 0, 0, 0, 0, 1, 7
"/Users/johndoe/Documents/company/video_ops/projects/abstract_algebra_in_proof_assistant/04-set-equality/takes/take-mrbtjdup/pipeline/social/social-mrdob26e/social-posts.json", "JSON", 72, 0, 0, 0, 0, 0, 0, 0, 0, 0, 0, 0, 0, 0, 0, 0, 1, 73
"/Users/johndoe/Documents/company/video_ops/projects/abstract_algebra_in_proof_assistant/04-set-equality/takes/take-mrbtjdup/pipeline/social/social-mrdpvucd/progress.json", "JSON", 6, 0, 0, 0, 0, 0, 0, 0, 0, 0, 0, 0, 0, 0, 0, 0, 1, 7
"/Users/johndoe/Documents/company/video_ops/projects/abstract_algebra_in_proof_assistant/04-set-equality/takes/take-mrbtjdup/pipeline/social/social-mrdpvucd/social-posts.json", "JSON", 72, 0, 0, 0, 0, 0, 0, 0, 0, 0, 0, 0, 0, 0, 0, 0, 1, 73
"/Users/johndoe/Documents/company/video_ops/projects/abstract_algebra_in_proof_assistant/04-set-equality/takes/take-mrbtjdup/pipeline/social/social-mrecdsbl/progress.json", "JSON", 6, 0, 0, 0, 0, 0, 0, 0, 0, 0, 0, 0, 0, 0, 0, 0, 1, 7
"/Users/johndoe/Documents/company/video_ops/projects/abstract_algebra_in_proof_assistant/04-set-equality/takes/take-mrbtjdup/pipeline/social/social-mrecdsbl/social-posts.json", "JSON", 72, 0, 0, 0, 0, 0, 0, 0, 0, 0, 0, 0, 0, 0, 0, 0, 1, 73
"/Users/johndoe/Documents/company/video_ops/projects/abstract_algebra_in_proof_assistant/04-set-equality/takes/take-mrbtjdup/pipeline/social/social-mret314s/progress.json", "JSON", 6, 0, 0, 0, 0, 0, 0, 0, 0, 0, 0, 0, 0, 0, 0, 0, 1, 7
"/Users/johndoe/Documents/company/video_ops/projects/abstract_algebra_in_proof_assistant/04-set-equality/takes/take-mrbtjdup/pipeline/social/social-mret314s/social-posts.json", "JSON", 73, 0, 0, 0, 0, 0, 0, 0, 0, 0, 0, 0, 0, 0, 0, 0, 1, 74
"/Users/johndoe/Documents/company/video_ops/projects/abstract_algebra_in_proof_assistant/04-set-equality/takes/take-mrbtjdup/pipeline/stabilize/stabilize-mrsnzomq/progress.json", "JSON", 6, 0, 0, 0, 0, 0, 0, 0, 0, 0, 0, 0, 0, 0, 0, 0, 1, 7
"/Users/johndoe/Documents/company/video_ops/projects/abstract_algebra_in_proof_assistant/04-set-equality/takes/take-mrbtjdup/pipeline/stabilize/stabilize-mrsnzomq/stage-run.log", "Log", 0, 0, 0, 0, 0, 0, 0, 0, 0, 0, 0, 2, 0, 0, 0, 0, 1, 3
"/Users/johndoe/Documents/company/video_ops/projects/abstract_algebra_in_proof_assistant/04-set-equality/takes/take-mrbtjdup/publish-state.json", "JSON", 7, 0, 0, 0, 0, 0, 0, 0, 0, 0, 0, 0, 0, 0, 0, 0, 1, 8
"/Users/johndoe/Documents/company/video_ops/projects/abstract_algebra_in_proof_assistant/04-set-equality/takes/take-mrbtjdup/take.json", "JSON", 43, 0, 0, 0, 0, 0, 0, 0, 0, 0, 0, 0, 0, 0, 0, 0, 1, 44
"/Users/johndoe/Documents/company/video_ops/projects/abstract_algebra_in_proof_assistant/04-set-equality/takes/take-mrhjew5h/pipeline-status.json", "JSON", 35, 0, 0, 0, 0, 0, 0, 0, 0, 0, 0, 0, 0, 0, 0, 0, 1, 36
"/Users/johndoe/Documents/company/video_ops/projects/abstract_algebra_in_proof_assistant/04-set-equality/takes/take-mrhjew5h/pipeline/cut/cut-mrhkgv5c/progress.json", "JSON", 6, 0, 0, 0, 0, 0, 0, 0, 0, 0, 0, 0, 0, 0, 0, 0, 1, 7
"/Users/johndoe/Documents/company/video_ops/projects/abstract_algebra_in_proof_assistant/04-set-equality/takes/take-mrhjew5h/pipeline/cut/cut-mrhkriav/progress.json", "JSON", 6, 0, 0, 0, 0, 0, 0, 0, 0, 0, 0, 0, 0, 0, 0, 0, 1, 7
"/Users/johndoe/Documents/company/video_ops/projects/abstract_algebra_in_proof_assistant/04-set-equality/takes/take-mrhjew5h/publish-state.json", "JSON", 7, 0, 0, 0, 0, 0, 0, 0, 0, 0, 0, 0, 0, 0, 0, 0, 1, 8
"/Users/johndoe/Documents/company/video_ops/projects/abstract_algebra_in_proof_assistant/04-set-equality/takes/take-mrhjew5h/take.json", "JSON", 21, 0, 0, 0, 0, 0, 0, 0, 0, 0, 0, 0, 0, 0, 0, 0, 1, 22
"/Users/johndoe/Documents/company/video_ops/projects/abstract_algebra_in_proof_assistant/04-set-equality/takes/take-mrhmharr/agent.log", "Log", 0, 0, 0, 0, 0, 0, 0, 0, 0, 0, 0, 78, 0, 0, 0, 0, 1, 79
"/Users/johndoe/Documents/company/video_ops/projects/abstract_algebra_in_proof_assistant/04-set-equality/takes/take-mrhmharr/pipeline-status.json", "JSON", 535, 0, 0, 0, 0, 0, 0, 0, 0, 0, 0, 0, 0, 0, 0, 0, 1, 536
"/Users/johndoe/Documents/company/video_ops/projects/abstract_algebra_in_proof_assistant/04-set-equality/takes/take-mrhmharr/pipeline/align/align-mrhnk9qr/align-mode.json", "JSON", 4, 0, 0, 0, 0, 0, 0, 0, 0, 0, 0, 0, 0, 0, 0, 0, 1, 5
"/Users/johndoe/Documents/company/video_ops/projects/abstract_algebra_in_proof_assistant/04-set-equality/takes/take-mrhmharr/pipeline/align/align-mrhnk9qr/animation-outdoor.json", "JSON", 320, 0, 0, 0, 0, 0, 0, 0, 0, 0, 0, 0, 0, 0, 0, 0, 1, 321
"/Users/johndoe/Documents/company/video_ops/projects/abstract_algebra_in_proof_assistant/04-set-equality/takes/take-mrhmharr/pipeline/align/align-mrhnk9qr/progress.json", "JSON", 6, 0, 0, 0, 0, 0, 0, 0, 0, 0, 0, 0, 0, 0, 0, 0, 1, 7
"/Users/johndoe/Documents/company/video_ops/projects/abstract_algebra_in_proof_assistant/04-set-equality/takes/take-mrhmharr/pipeline/align/align-mrhnk9qr/remotion-visual-plan.json", "JSON", 57, 0, 0, 0, 0, 0, 0, 0, 0, 0, 0, 0, 0, 0, 0, 0, 1, 58
"/Users/johndoe/Documents/company/video_ops/projects/abstract_algebra_in_proof_assistant/04-set-equality/takes/take-mrhmharr/pipeline/align/align-mrhnk9qr/speech-alignment.json", "JSON", 67, 0, 0, 0, 0, 0, 0, 0, 0, 0, 0, 0, 0, 0, 0, 0, 1, 68
"/Users/johndoe/Documents/company/video_ops/projects/abstract_algebra_in_proof_assistant/04-set-equality/takes/take-mrhmharr/pipeline/align/align-mrhnk9qr/stage-run.log", "Log", 0, 0, 0, 0, 0, 0, 0, 0, 0, 0, 0, 10, 0, 0, 0, 0, 2, 12
"/Users/johndoe/Documents/company/video_ops/projects/abstract_algebra_in_proof_assistant/04-set-equality/takes/take-mrhmharr/pipeline/align/align-mrhsxdsy/align-mode.json", "JSON", 4, 0, 0, 0, 0, 0, 0, 0, 0, 0, 0, 0, 0, 0, 0, 0, 1, 5
"/Users/johndoe/Documents/company/video_ops/projects/abstract_algebra_in_proof_assistant/04-set-equality/takes/take-mrhmharr/pipeline/align/align-mrhsxdsy/animation-outdoor.json", "JSON", 320, 0, 0, 0, 0, 0, 0, 0, 0, 0, 0, 0, 0, 0, 0, 0, 1, 321
"/Users/johndoe/Documents/company/video_ops/projects/abstract_algebra_in_proof_assistant/04-set-equality/takes/take-mrhmharr/pipeline/align/align-mrhsxdsy/progress.json", "JSON", 6, 0, 0, 0, 0, 0, 0, 0, 0, 0, 0, 0, 0, 0, 0, 0, 1, 7
"/Users/johndoe/Documents/company/video_ops/projects/abstract_algebra_in_proof_assistant/04-set-equality/takes/take-mrhmharr/pipeline/align/align-mrhsxdsy/remotion-visual-plan.json", "JSON", 57, 0, 0, 0, 0, 0, 0, 0, 0, 0, 0, 0, 0, 0, 0, 0, 1, 58
"/Users/johndoe/Documents/company/video_ops/projects/abstract_algebra_in_proof_assistant/04-set-equality/takes/take-mrhmharr/pipeline/align/align-mrhsxdsy/speech-alignment.json", "JSON", 67, 0, 0, 0, 0, 0, 0, 0, 0, 0, 0, 0, 0, 0, 0, 0, 1, 68
"/Users/johndoe/Documents/company/video_ops/projects/abstract_algebra_in_proof_assistant/04-set-equality/takes/take-mrhmharr/pipeline/align/align-mrhsxdsy/stage-run.log", "Log", 0, 0, 0, 0, 0, 0, 0, 0, 0, 0, 0, 10, 0, 0, 0, 0, 2, 12
"/Users/johndoe/Documents/company/video_ops/projects/abstract_algebra_in_proof_assistant/04-set-equality/takes/take-mrhmharr/pipeline/align/align-mrhvy8m9/align-mode.json", "JSON", 4, 0, 0, 0, 0, 0, 0, 0, 0, 0, 0, 0, 0, 0, 0, 0, 1, 5
"/Users/johndoe/Documents/company/video_ops/projects/abstract_algebra_in_proof_assistant/04-set-equality/takes/take-mrhmharr/pipeline/align/align-mrhvy8m9/animation-outdoor.json", "JSON", 320, 0, 0, 0, 0, 0, 0, 0, 0, 0, 0, 0, 0, 0, 0, 0, 1, 321
"/Users/johndoe/Documents/company/video_ops/projects/abstract_algebra_in_proof_assistant/04-set-equality/takes/take-mrhmharr/pipeline/align/align-mrhvy8m9/progress.json", "JSON", 6, 0, 0, 0, 0, 0, 0, 0, 0, 0, 0, 0, 0, 0, 0, 0, 1, 7
"/Users/johndoe/Documents/company/video_ops/projects/abstract_algebra_in_proof_assistant/04-set-equality/takes/take-mrhmharr/pipeline/align/align-mrhvy8m9/remotion-visual-plan.json", "JSON", 57, 0, 0, 0, 0, 0, 0, 0, 0, 0, 0, 0, 0, 0, 0, 0, 1, 58
"/Users/johndoe/Documents/company/video_ops/projects/abstract_algebra_in_proof_assistant/04-set-equality/takes/take-mrhmharr/pipeline/align/align-mrhvy8m9/speech-alignment.json", "JSON", 67, 0, 0, 0, 0, 0, 0, 0, 0, 0, 0, 0, 0, 0, 0, 0, 1, 68
"/Users/johndoe/Documents/company/video_ops/projects/abstract_algebra_in_proof_assistant/04-set-equality/takes/take-mrhmharr/pipeline/align/align-mrhvy8m9/stage-run.log", "Log", 0, 0, 0, 0, 0, 0, 0, 0, 0, 0, 0, 10, 0, 0, 0, 0, 2, 12
"/Users/johndoe/Documents/company/video_ops/projects/abstract_algebra_in_proof_assistant/04-set-equality/takes/take-mrhmharr/pipeline/align/align-mrhvy8m9/transcript.verbose.json", "JSON", 4791, 0, 0, 0, 0, 0, 0, 0, 0, 0, 0, 0, 0, 0, 0, 0, 1, 4792
"/Users/johndoe/Documents/company/video_ops/projects/abstract_algebra_in_proof_assistant/04-set-equality/takes/take-mrhmharr/pipeline/align/align-mrhvy8mh/align-mode.json", "JSON", 4, 0, 0, 0, 0, 0, 0, 0, 0, 0, 0, 0, 0, 0, 0, 0, 1, 5
"/Users/johndoe/Documents/company/video_ops/projects/abstract_algebra_in_proof_assistant/04-set-equality/takes/take-mrhmharr/pipeline/align/align-mrhvy8mh/animation-outdoor.json", "JSON", 320, 0, 0, 0, 0, 0, 0, 0, 0, 0, 0, 0, 0, 0, 0, 0, 1, 321
"/Users/johndoe/Documents/company/video_ops/projects/abstract_algebra_in_proof_assistant/04-set-equality/takes/take-mrhmharr/pipeline/align/align-mrhvy8mh/progress.json", "JSON", 6, 0, 0, 0, 0, 0, 0, 0, 0, 0, 0, 0, 0, 0, 0, 0, 1, 7
"/Users/johndoe/Documents/company/video_ops/projects/abstract_algebra_in_proof_assistant/04-set-equality/takes/take-mrhmharr/pipeline/align/align-mrhvy8mh/remotion-visual-plan.json", "JSON", 57, 0, 0, 0, 0, 0, 0, 0, 0, 0, 0, 0, 0, 0, 0, 0, 1, 58
"/Users/johndoe/Documents/company/video_ops/projects/abstract_algebra_in_proof_assistant/04-set-equality/takes/take-mrhmharr/pipeline/align/align-mrhvy8mh/speech-alignment.json", "JSON", 67, 0, 0, 0, 0, 0, 0, 0, 0, 0, 0, 0, 0, 0, 0, 0, 1, 68
"/Users/johndoe/Documents/company/video_ops/projects/abstract_algebra_in_proof_assistant/04-set-equality/takes/take-mrhmharr/pipeline/align/align-mrhvy8mh/stage-run.log", "Log", 0, 0, 0, 0, 0, 0, 0, 0, 0, 0, 0, 10, 0, 0, 0, 0, 2, 12
"/Users/johndoe/Documents/company/video_ops/projects/abstract_algebra_in_proof_assistant/04-set-equality/takes/take-mrhmharr/pipeline/align/align-mrhvy8mh/transcript.verbose.json", "JSON", 4791, 0, 0, 0, 0, 0, 0, 0, 0, 0, 0, 0, 0, 0, 0, 0, 1, 4792
"/Users/johndoe/Documents/company/video_ops/projects/abstract_algebra_in_proof_assistant/04-set-equality/takes/take-mrhmharr/pipeline/align/align-mrhybyfb/align-mode.json", "JSON", 4, 0, 0, 0, 0, 0, 0, 0, 0, 0, 0, 0, 0, 0, 0, 0, 1, 5
"/Users/johndoe/Documents/company/video_ops/projects/abstract_algebra_in_proof_assistant/04-set-equality/takes/take-mrhmharr/pipeline/align/align-mrhybyfb/animation-outdoor.json", "JSON", 320, 0, 0, 0, 0, 0, 0, 0, 0, 0, 0, 0, 0, 0, 0, 0, 1, 321
"/Users/johndoe/Documents/company/video_ops/projects/abstract_algebra_in_proof_assistant/04-set-equality/takes/take-mrhmharr/pipeline/align/align-mrhybyfb/progress.json", "JSON", 6, 0, 0, 0, 0, 0, 0, 0, 0, 0, 0, 0, 0, 0, 0, 0, 1, 7
"/Users/johndoe/Documents/company/video_ops/projects/abstract_algebra_in_proof_assistant/04-set-equality/takes/take-mrhmharr/pipeline/align/align-mrhybyfb/remotion-visual-plan.json", "JSON", 57, 0, 0, 0, 0, 0, 0, 0, 0, 0, 0, 0, 0, 0, 0, 0, 1, 58
"/Users/johndoe/Documents/company/video_ops/projects/abstract_algebra_in_proof_assistant/04-set-equality/takes/take-mrhmharr/pipeline/align/align-mrhybyfb/speech-alignment.json", "JSON", 67, 0, 0, 0, 0, 0, 0, 0, 0, 0, 0, 0, 0, 0, 0, 0, 1, 68
"/Users/johndoe/Documents/company/video_ops/projects/abstract_algebra_in_proof_assistant/04-set-equality/takes/take-mrhmharr/pipeline/align/align-mrhybyfb/stage-run.log", "Log", 0, 0, 0, 0, 0, 0, 0, 0, 0, 0, 0, 10, 0, 0, 0, 0, 2, 12
"/Users/johndoe/Documents/company/video_ops/projects/abstract_algebra_in_proof_assistant/04-set-equality/takes/take-mrhmharr/pipeline/align/align-mrhybyfb/transcript.verbose.json", "JSON", 4791, 0, 0, 0, 0, 0, 0, 0, 0, 0, 0, 0, 0, 0, 0, 0, 1, 4792
"/Users/johndoe/Documents/company/video_ops/projects/abstract_algebra_in_proof_assistant/04-set-equality/takes/take-mrhmharr/pipeline/align/align-mrikvosb/align-mode.json", "JSON", 4, 0, 0, 0, 0, 0, 0, 0, 0, 0, 0, 0, 0, 0, 0, 0, 1, 5
"/Users/johndoe/Documents/company/video_ops/projects/abstract_algebra_in_proof_assistant/04-set-equality/takes/take-mrhmharr/pipeline/align/align-mrikvosb/animation-outdoor.json", "JSON", 320, 0, 0, 0, 0, 0, 0, 0, 0, 0, 0, 0, 0, 0, 0, 0, 1, 321
"/Users/johndoe/Documents/company/video_ops/projects/abstract_algebra_in_proof_assistant/04-set-equality/takes/take-mrhmharr/pipeline/align/align-mrikvosb/progress.json", "JSON", 6, 0, 0, 0, 0, 0, 0, 0, 0, 0, 0, 0, 0, 0, 0, 0, 1, 7
"/Users/johndoe/Documents/company/video_ops/projects/abstract_algebra_in_proof_assistant/04-set-equality/takes/take-mrhmharr/pipeline/align/align-mrikvosb/remotion-visual-plan.json", "JSON", 57, 0, 0, 0, 0, 0, 0, 0, 0, 0, 0, 0, 0, 0, 0, 0, 1, 58
"/Users/johndoe/Documents/company/video_ops/projects/abstract_algebra_in_proof_assistant/04-set-equality/takes/take-mrhmharr/pipeline/align/align-mrikvosb/speech-alignment.json", "JSON", 67, 0, 0, 0, 0, 0, 0, 0, 0, 0, 0, 0, 0, 0, 0, 0, 1, 68
"/Users/johndoe/Documents/company/video_ops/projects/abstract_algebra_in_proof_assistant/04-set-equality/takes/take-mrhmharr/pipeline/align/align-mrikvosb/stage-run.log", "Log", 0, 0, 0, 0, 0, 0, 0, 0, 0, 0, 0, 10, 0, 0, 0, 0, 2, 12
"/Users/johndoe/Documents/company/video_ops/projects/abstract_algebra_in_proof_assistant/04-set-equality/takes/take-mrhmharr/pipeline/align/align-mrikvosb/transcript.verbose.json", "JSON", 4791, 0, 0, 0, 0, 0, 0, 0, 0, 0, 0, 0, 0, 0, 0, 0, 1, 4792
"/Users/johndoe/Documents/company/video_ops/projects/abstract_algebra_in_proof_assistant/04-set-equality/takes/take-mrhmharr/pipeline/align/align-mriqlk4y/align-mode.json", "JSON", 4, 0, 0, 0, 0, 0, 0, 0, 0, 0, 0, 0, 0, 0, 0, 0, 1, 5
"/Users/johndoe/Documents/company/video_ops/projects/abstract_algebra_in_proof_assistant/04-set-equality/takes/take-mrhmharr/pipeline/align/align-mriqlk4y/animation-outdoor.json", "JSON", 320, 0, 0, 0, 0, 0, 0, 0, 0, 0, 0, 0, 0, 0, 0, 0, 1, 321
"/Users/johndoe/Documents/company/video_ops/projects/abstract_algebra_in_proof_assistant/04-set-equality/takes/take-mrhmharr/pipeline/align/align-mriqlk4y/progress.json", "JSON", 6, 0, 0, 0, 0, 0, 0, 0, 0, 0, 0, 0, 0, 0, 0, 0, 1, 7
"/Users/johndoe/Documents/company/video_ops/projects/abstract_algebra_in_proof_assistant/04-set-equality/takes/take-mrhmharr/pipeline/align/align-mriqlk4y/remotion-visual-plan.json", "JSON", 57, 0, 0, 0, 0, 0, 0, 0, 0, 0, 0, 0, 0, 0, 0, 0, 1, 58
"/Users/johndoe/Documents/company/video_ops/projects/abstract_algebra_in_proof_assistant/04-set-equality/takes/take-mrhmharr/pipeline/align/align-mriqlk4y/speech-alignment.json", "JSON", 67, 0, 0, 0, 0, 0, 0, 0, 0, 0, 0, 0, 0, 0, 0, 0, 1, 68
"/Users/johndoe/Documents/company/video_ops/projects/abstract_algebra_in_proof_assistant/04-set-equality/takes/take-mrhmharr/pipeline/align/align-mriqlk4y/stage-run.log", "Log", 0, 0, 0, 0, 0, 0, 0, 0, 0, 0, 0, 10, 0, 0, 0, 0, 2, 12
"/Users/johndoe/Documents/company/video_ops/projects/abstract_algebra_in_proof_assistant/04-set-equality/takes/take-mrhmharr/pipeline/align/align-mriqlk4y/transcript.verbose.json", "JSON", 4791, 0, 0, 0, 0, 0, 0, 0, 0, 0, 0, 0, 0, 0, 0, 0, 1, 4792
"/Users/johndoe/Documents/company/video_ops/projects/abstract_algebra_in_proof_assistant/04-set-equality/takes/take-mrhmharr/pipeline/align/align-mriqztv5/align-mode.json", "JSON", 4, 0, 0, 0, 0, 0, 0, 0, 0, 0, 0, 0, 0, 0, 0, 0, 1, 5
"/Users/johndoe/Documents/company/video_ops/projects/abstract_algebra_in_proof_assistant/04-set-equality/takes/take-mrhmharr/pipeline/align/align-mriqztv5/animation-outdoor.json", "JSON", 320, 0, 0, 0, 0, 0, 0, 0, 0, 0, 0, 0, 0, 0, 0, 0, 1, 321
"/Users/johndoe/Documents/company/video_ops/projects/abstract_algebra_in_proof_assistant/04-set-equality/takes/take-mrhmharr/pipeline/align/align-mriqztv5/progress.json", "JSON", 6, 0, 0, 0, 0, 0, 0, 0, 0, 0, 0, 0, 0, 0, 0, 0, 1, 7
"/Users/johndoe/Documents/company/video_ops/projects/abstract_algebra_in_proof_assistant/04-set-equality/takes/take-mrhmharr/pipeline/align/align-mriqztv5/remotion-visual-plan.json", "JSON", 57, 0, 0, 0, 0, 0, 0, 0, 0, 0, 0, 0, 0, 0, 0, 0, 1, 58
"/Users/johndoe/Documents/company/video_ops/projects/abstract_algebra_in_proof_assistant/04-set-equality/takes/take-mrhmharr/pipeline/align/align-mriqztv5/speech-alignment.json", "JSON", 67, 0, 0, 0, 0, 0, 0, 0, 0, 0, 0, 0, 0, 0, 0, 0, 1, 68
"/Users/johndoe/Documents/company/video_ops/projects/abstract_algebra_in_proof_assistant/04-set-equality/takes/take-mrhmharr/pipeline/align/align-mriqztv5/stage-run.log", "Log", 0, 0, 0, 0, 0, 0, 0, 0, 0, 0, 0, 10, 0, 0, 0, 0, 2, 12
"/Users/johndoe/Documents/company/video_ops/projects/abstract_algebra_in_proof_assistant/04-set-equality/takes/take-mrhmharr/pipeline/align/align-mriqztv5/transcript.verbose.json", "JSON", 4791, 0, 0, 0, 0, 0, 0, 0, 0, 0, 0, 0, 0, 0, 0, 0, 1, 4792
"/Users/johndoe/Documents/company/video_ops/projects/abstract_algebra_in_proof_assistant/04-set-equality/takes/take-mrhmharr/pipeline/align/align-mrir2x3u/align-mode.json", "JSON", 4, 0, 0, 0, 0, 0, 0, 0, 0, 0, 0, 0, 0, 0, 0, 0, 1, 5
"/Users/johndoe/Documents/company/video_ops/projects/abstract_algebra_in_proof_assistant/04-set-equality/takes/take-mrhmharr/pipeline/align/align-mrir2x3u/animation-outdoor.json", "JSON", 320, 0, 0, 0, 0, 0, 0, 0, 0, 0, 0, 0, 0, 0, 0, 0, 1, 321
"/Users/johndoe/Documents/company/video_ops/projects/abstract_algebra_in_proof_assistant/04-set-equality/takes/take-mrhmharr/pipeline/align/align-mrir2x3u/progress.json", "JSON", 6, 0, 0, 0, 0, 0, 0, 0, 0, 0, 0, 0, 0, 0, 0, 0, 1, 7
"/Users/johndoe/Documents/company/video_ops/projects/abstract_algebra_in_proof_assistant/04-set-equality/takes/take-mrhmharr/pipeline/align/align-mrir2x3u/remotion-visual-plan.json", "JSON", 57, 0, 0, 0, 0, 0, 0, 0, 0, 0, 0, 0, 0, 0, 0, 0, 1, 58
"/Users/johndoe/Documents/company/video_ops/projects/abstract_algebra_in_proof_assistant/04-set-equality/takes/take-mrhmharr/pipeline/align/align-mrir2x3u/speech-alignment.json", "JSON", 67, 0, 0, 0, 0, 0, 0, 0, 0, 0, 0, 0, 0, 0, 0, 0, 1, 68
"/Users/johndoe/Documents/company/video_ops/projects/abstract_algebra_in_proof_assistant/04-set-equality/takes/take-mrhmharr/pipeline/align/align-mrir2x3u/stage-run.log", "Log", 0, 0, 0, 0, 0, 0, 0, 0, 0, 0, 0, 10, 0, 0, 0, 0, 2, 12
"/Users/johndoe/Documents/company/video_ops/projects/abstract_algebra_in_proof_assistant/04-set-equality/takes/take-mrhmharr/pipeline/align/align-mrir2x3u/transcript.verbose.json", "JSON", 4791, 0, 0, 0, 0, 0, 0, 0, 0, 0, 0, 0, 0, 0, 0, 0, 1, 4792
"/Users/johndoe/Documents/company/video_ops/projects/abstract_algebra_in_proof_assistant/04-set-equality/takes/take-mrhmharr/pipeline/align/align-mrir2ybu/align-mode.json", "JSON", 4, 0, 0, 0, 0, 0, 0, 0, 0, 0, 0, 0, 0, 0, 0, 0, 1, 5
"/Users/johndoe/Documents/company/video_ops/projects/abstract_algebra_in_proof_assistant/04-set-equality/takes/take-mrhmharr/pipeline/align/align-mrir2ybu/animation-outdoor.json", "JSON", 320, 0, 0, 0, 0, 0, 0, 0, 0, 0, 0, 0, 0, 0, 0, 0, 1, 321
"/Users/johndoe/Documents/company/video_ops/projects/abstract_algebra_in_proof_assistant/04-set-equality/takes/take-mrhmharr/pipeline/align/align-mrir2ybu/progress.json", "JSON", 6, 0, 0, 0, 0, 0, 0, 0, 0, 0, 0, 0, 0, 0, 0, 0, 1, 7
"/Users/johndoe/Documents/company/video_ops/projects/abstract_algebra_in_proof_assistant/04-set-equality/takes/take-mrhmharr/pipeline/align/align-mrir2ybu/remotion-visual-plan.json", "JSON", 57, 0, 0, 0, 0, 0, 0, 0, 0, 0, 0, 0, 0, 0, 0, 0, 1, 58
"/Users/johndoe/Documents/company/video_ops/projects/abstract_algebra_in_proof_assistant/04-set-equality/takes/take-mrhmharr/pipeline/align/align-mrir2ybu/speech-alignment.json", "JSON", 67, 0, 0, 0, 0, 0, 0, 0, 0, 0, 0, 0, 0, 0, 0, 0, 1, 68
"/Users/johndoe/Documents/company/video_ops/projects/abstract_algebra_in_proof_assistant/04-set-equality/takes/take-mrhmharr/pipeline/align/align-mrir2ybu/stage-run.log", "Log", 0, 0, 0, 0, 0, 0, 0, 0, 0, 0, 0, 10, 0, 0, 0, 0, 2, 12
"/Users/johndoe/Documents/company/video_ops/projects/abstract_algebra_in_proof_assistant/04-set-equality/takes/take-mrhmharr/pipeline/align/align-mrir2ybu/transcript.verbose.json", "JSON", 4791, 0, 0, 0, 0, 0, 0, 0, 0, 0, 0, 0, 0, 0, 0, 0, 1, 4792
"/Users/johndoe/Documents/company/video_ops/projects/abstract_algebra_in_proof_assistant/04-set-equality/takes/take-mrhmharr/pipeline/align/align-mrirbwx5/align-layout.json", "JSON", 40, 0, 0, 0, 0, 0, 0, 0, 0, 0, 0, 0, 0, 0, 0, 0, 1, 41
"/Users/johndoe/Documents/company/video_ops/projects/abstract_algebra_in_proof_assistant/04-set-equality/takes/take-mrhmharr/pipeline/align/align-mrirbwx5/align-mode.json", "JSON", 4, 0, 0, 0, 0, 0, 0, 0, 0, 0, 0, 0, 0, 0, 0, 0, 1, 5
"/Users/johndoe/Documents/company/video_ops/projects/abstract_algebra_in_proof_assistant/04-set-equality/takes/take-mrhmharr/pipeline/align/align-mrirbwx5/animation-outdoor.json", "JSON", 356, 0, 0, 0, 0, 0, 0, 0, 0, 0, 0, 0, 0, 0, 0, 0, 1, 357
"/Users/johndoe/Documents/company/video_ops/projects/abstract_algebra_in_proof_assistant/04-set-equality/takes/take-mrhmharr/pipeline/align/align-mrirbwx5/progress.json", "JSON", 6, 0, 0, 0, 0, 0, 0, 0, 0, 0, 0, 0, 0, 0, 0, 0, 1, 7
"/Users/johndoe/Documents/company/video_ops/projects/abstract_algebra_in_proof_assistant/04-set-equality/takes/take-mrhmharr/pipeline/align/align-mrirbwx5/remotion-visual-plan.json", "JSON", 57, 0, 0, 0, 0, 0, 0, 0, 0, 0, 0, 0, 0, 0, 0, 0, 1, 58
"/Users/johndoe/Documents/company/video_ops/projects/abstract_algebra_in_proof_assistant/04-set-equality/takes/take-mrhmharr/pipeline/align/align-mrirbwx5/speech-alignment.json", "JSON", 67, 0, 0, 0, 0, 0, 0, 0, 0, 0, 0, 0, 0, 0, 0, 0, 1, 68
"/Users/johndoe/Documents/company/video_ops/projects/abstract_algebra_in_proof_assistant/04-set-equality/takes/take-mrhmharr/pipeline/align/align-mrirbwx5/stage-run.log", "Log", 0, 0, 0, 0, 0, 0, 0, 0, 0, 0, 0, 10, 0, 0, 0, 0, 2, 12
"/Users/johndoe/Documents/company/video_ops/projects/abstract_algebra_in_proof_assistant/04-set-equality/takes/take-mrhmharr/pipeline/align/align-mrirbwx5/transcript.verbose.json", "JSON", 4791, 0, 0, 0, 0, 0, 0, 0, 0, 0, 0, 0, 0, 0, 0, 0, 1, 4792
"/Users/johndoe/Documents/company/video_ops/projects/abstract_algebra_in_proof_assistant/04-set-equality/takes/take-mrhmharr/pipeline/align/align-mritvyxm/align-mode.json", "JSON", 4, 0, 0, 0, 0, 0, 0, 0, 0, 0, 0, 0, 0, 0, 0, 0, 1, 5
"/Users/johndoe/Documents/company/video_ops/projects/abstract_algebra_in_proof_assistant/04-set-equality/takes/take-mrhmharr/pipeline/align/align-mritvyxm/animation-outdoor.json", "JSON", 464, 0, 0, 0, 0, 0, 0, 0, 0, 0, 0, 0, 0, 0, 0, 0, 1, 465
"/Users/johndoe/Documents/company/video_ops/projects/abstract_algebra_in_proof_assistant/04-set-equality/takes/take-mrhmharr/pipeline/align/align-mritvyxm/cut-good-intervals.json", "JSON", 126, 0, 0, 0, 0, 0, 0, 0, 0, 0, 0, 0, 0, 0, 0, 0, 1, 127
"/Users/johndoe/Documents/company/video_ops/projects/abstract_algebra_in_proof_assistant/04-set-equality/takes/take-mrhmharr/pipeline/align/align-mritvyxm/progress.json", "JSON", 6, 0, 0, 0, 0, 0, 0, 0, 0, 0, 0, 0, 0, 0, 0, 0, 1, 7
"/Users/johndoe/Documents/company/video_ops/projects/abstract_algebra_in_proof_assistant/04-set-equality/takes/take-mrhmharr/pipeline/align/align-mritvyxm/remotion-visual-plan.json", "JSON", 57, 0, 0, 0, 0, 0, 0, 0, 0, 0, 0, 0, 0, 0, 0, 0, 1, 58
"/Users/johndoe/Documents/company/video_ops/projects/abstract_algebra_in_proof_assistant/04-set-equality/takes/take-mrhmharr/pipeline/align/align-mritvyxm/speech-alignment.json", "JSON", 67, 0, 0, 0, 0, 0, 0, 0, 0, 0, 0, 0, 0, 0, 0, 0, 1, 68
"/Users/johndoe/Documents/company/video_ops/projects/abstract_algebra_in_proof_assistant/04-set-equality/takes/take-mrhmharr/pipeline/align/align-mritvyxm/stage-run.log", "Log", 0, 0, 0, 0, 0, 0, 0, 0, 0, 0, 0, 10, 0, 0, 0, 0, 2, 12
"/Users/johndoe/Documents/company/video_ops/projects/abstract_algebra_in_proof_assistant/04-set-equality/takes/take-mrhmharr/pipeline/align/align-mritvyxm/transcript.verbose.json", "JSON", 4791, 0, 0, 0, 0, 0, 0, 0, 0, 0, 0, 0, 0, 0, 0, 0, 1, 4792
"/Users/johndoe/Documents/company/video_ops/projects/abstract_algebra_in_proof_assistant/04-set-equality/takes/take-mrhmharr/pipeline/align/align-mrizil4a/align-mode.json", "JSON", 4, 0, 0, 0, 0, 0, 0, 0, 0, 0, 0, 0, 0, 0, 0, 0, 1, 5
"/Users/johndoe/Documents/company/video_ops/projects/abstract_algebra_in_proof_assistant/04-set-equality/takes/take-mrhmharr/pipeline/align/align-mrizil4a/animation-outdoor.json", "JSON", 687, 0, 0, 0, 0, 0, 0, 0, 0, 0, 0, 0, 0, 0, 0, 0, 1, 688
"/Users/johndoe/Documents/company/video_ops/projects/abstract_algebra_in_proof_assistant/04-set-equality/takes/take-mrhmharr/pipeline/align/align-mrizil4a/cut-good-intervals.json", "JSON", 118, 0, 0, 0, 0, 0, 0, 0, 0, 0, 0, 0, 0, 0, 0, 0, 1, 119
"/Users/johndoe/Documents/company/video_ops/projects/abstract_algebra_in_proof_assistant/04-set-equality/takes/take-mrhmharr/pipeline/align/align-mrizil4a/progress.json", "JSON", 6, 0, 0, 0, 0, 0, 0, 0, 0, 0, 0, 0, 0, 0, 0, 0, 1, 7
"/Users/johndoe/Documents/company/video_ops/projects/abstract_algebra_in_proof_assistant/04-set-equality/takes/take-mrhmharr/pipeline/align/align-mrizil4a/remotion-visual-plan.json", "JSON", 57, 0, 0, 0, 0, 0, 0, 0, 0, 0, 0, 0, 0, 0, 0, 0, 1, 58
"/Users/johndoe/Documents/company/video_ops/projects/abstract_algebra_in_proof_assistant/04-set-equality/takes/take-mrhmharr/pipeline/align/align-mrizil4a/speech-alignment.json", "JSON", 67, 0, 0, 0, 0, 0, 0, 0, 0, 0, 0, 0, 0, 0, 0, 0, 1, 68
"/Users/johndoe/Documents/company/video_ops/projects/abstract_algebra_in_proof_assistant/04-set-equality/takes/take-mrhmharr/pipeline/align/align-mrizil4a/stage-run.log", "Log", 0, 0, 0, 0, 0, 0, 0, 0, 0, 0, 0, 10, 0, 0, 0, 0, 2, 12
"/Users/johndoe/Documents/company/video_ops/projects/abstract_algebra_in_proof_assistant/04-set-equality/takes/take-mrhmharr/pipeline/align/align-mrizil4a/transcript.verbose.json", "JSON", 4791, 0, 0, 0, 0, 0, 0, 0, 0, 0, 0, 0, 0, 0, 0, 0, 1, 4792
"/Users/johndoe/Documents/company/video_ops/projects/abstract_algebra_in_proof_assistant/04-set-equality/takes/take-mrhmharr/pipeline/align/align-mrj4ogj0/align-mode.json", "JSON", 4, 0, 0, 0, 0, 0, 0, 0, 0, 0, 0, 0, 0, 0, 0, 0, 1, 5
"/Users/johndoe/Documents/company/video_ops/projects/abstract_algebra_in_proof_assistant/04-set-equality/takes/take-mrhmharr/pipeline/align/align-mrj4ogj0/animation-outdoor.json", "JSON", 683, 0, 0, 0, 0, 0, 0, 0, 0, 0, 0, 0, 0, 0, 0, 0, 1, 684
"/Users/johndoe/Documents/company/video_ops/projects/abstract_algebra_in_proof_assistant/04-set-equality/takes/take-mrhmharr/pipeline/align/align-mrj4ogj0/cut-good-intervals.json", "JSON", 122, 0, 0, 0, 0, 0, 0, 0, 0, 0, 0, 0, 0, 0, 0, 0, 1, 123
"/Users/johndoe/Documents/company/video_ops/projects/abstract_algebra_in_proof_assistant/04-set-equality/takes/take-mrhmharr/pipeline/align/align-mrj4ogj0/progress.json", "JSON", 6, 0, 0, 0, 0, 0, 0, 0, 0, 0, 0, 0, 0, 0, 0, 0, 1, 7
"/Users/johndoe/Documents/company/video_ops/projects/abstract_algebra_in_proof_assistant/04-set-equality/takes/take-mrhmharr/pipeline/align/align-mrj4ogj0/remotion-visual-plan.json", "JSON", 57, 0, 0, 0, 0, 0, 0, 0, 0, 0, 0, 0, 0, 0, 0, 0, 1, 58
"/Users/johndoe/Documents/company/video_ops/projects/abstract_algebra_in_proof_assistant/04-set-equality/takes/take-mrhmharr/pipeline/align/align-mrj4ogj0/speech-alignment.json", "JSON", 67, 0, 0, 0, 0, 0, 0, 0, 0, 0, 0, 0, 0, 0, 0, 0, 1, 68
"/Users/johndoe/Documents/company/video_ops/projects/abstract_algebra_in_proof_assistant/04-set-equality/takes/take-mrhmharr/pipeline/align/align-mrj4ogj0/stage-run.log", "Log", 0, 0, 0, 0, 0, 0, 0, 0, 0, 0, 0, 10, 0, 0, 0, 0, 2, 12
"/Users/johndoe/Documents/company/video_ops/projects/abstract_algebra_in_proof_assistant/04-set-equality/takes/take-mrhmharr/pipeline/align/align-mrj4ogj0/transcript.verbose.json", "JSON", 4791, 0, 0, 0, 0, 0, 0, 0, 0, 0, 0, 0, 0, 0, 0, 0, 1, 4792
"/Users/johndoe/Documents/company/video_ops/projects/abstract_algebra_in_proof_assistant/04-set-equality/takes/take-mrhmharr/pipeline/align/align-mrj4xibp/align-mode.json", "JSON", 4, 0, 0, 0, 0, 0, 0, 0, 0, 0, 0, 0, 0, 0, 0, 0, 1, 5
"/Users/johndoe/Documents/company/video_ops/projects/abstract_algebra_in_proof_assistant/04-set-equality/takes/take-mrhmharr/pipeline/align/align-mrj4xibp/animation-outdoor.json", "JSON", 677, 0, 0, 0, 0, 0, 0, 0, 0, 0, 0, 0, 0, 0, 0, 0, 1, 678
"/Users/johndoe/Documents/company/video_ops/projects/abstract_algebra_in_proof_assistant/04-set-equality/takes/take-mrhmharr/pipeline/align/align-mrj4xibp/cut-good-intervals.json", "JSON", 118, 0, 0, 0, 0, 0, 0, 0, 0, 0, 0, 0, 0, 0, 0, 0, 1, 119
"/Users/johndoe/Documents/company/video_ops/projects/abstract_algebra_in_proof_assistant/04-set-equality/takes/take-mrhmharr/pipeline/align/align-mrj4xibp/progress.json", "JSON", 6, 0, 0, 0, 0, 0, 0, 0, 0, 0, 0, 0, 0, 0, 0, 0, 1, 7
"/Users/johndoe/Documents/company/video_ops/projects/abstract_algebra_in_proof_assistant/04-set-equality/takes/take-mrhmharr/pipeline/align/align-mrj4xibp/remotion-visual-plan.json", "JSON", 57, 0, 0, 0, 0, 0, 0, 0, 0, 0, 0, 0, 0, 0, 0, 0, 1, 58
"/Users/johndoe/Documents/company/video_ops/projects/abstract_algebra_in_proof_assistant/04-set-equality/takes/take-mrhmharr/pipeline/align/align-mrj4xibp/speech-alignment.json", "JSON", 67, 0, 0, 0, 0, 0, 0, 0, 0, 0, 0, 0, 0, 0, 0, 0, 1, 68
"/Users/johndoe/Documents/company/video_ops/projects/abstract_algebra_in_proof_assistant/04-set-equality/takes/take-mrhmharr/pipeline/align/align-mrj4xibp/stage-run.log", "Log", 0, 0, 0, 0, 0, 0, 0, 0, 0, 0, 0, 10, 0, 0, 0, 0, 2, 12
"/Users/johndoe/Documents/company/video_ops/projects/abstract_algebra_in_proof_assistant/04-set-equality/takes/take-mrhmharr/pipeline/align/align-mrj4xibp/transcript.verbose.json", "JSON", 4791, 0, 0, 0, 0, 0, 0, 0, 0, 0, 0, 0, 0, 0, 0, 0, 1, 4792
"/Users/johndoe/Documents/company/video_ops/projects/abstract_algebra_in_proof_assistant/04-set-equality/takes/take-mrhmharr/pipeline/composite/composite-mrhnk9qw/animation-outdoor.json", "JSON", 320, 0, 0, 0, 0, 0, 0, 0, 0, 0, 0, 0, 0, 0, 0, 0, 1, 321
"/Users/johndoe/Documents/company/video_ops/projects/abstract_algebra_in_proof_assistant/04-set-equality/takes/take-mrhmharr/pipeline/composite/composite-mrhnk9qw/outdoor-manifest.json", "JSON", 106, 0, 0, 0, 0, 0, 0, 0, 0, 0, 0, 0, 0, 0, 0, 0, 1, 107
"/Users/johndoe/Documents/company/video_ops/projects/abstract_algebra_in_proof_assistant/04-set-equality/takes/take-mrhmharr/pipeline/composite/composite-mrhnk9qw/progress.json", "JSON", 6, 0, 0, 0, 0, 0, 0, 0, 0, 0, 0, 0, 0, 0, 0, 0, 1, 7
"/Users/johndoe/Documents/company/video_ops/projects/abstract_algebra_in_proof_assistant/04-set-equality/takes/take-mrhmharr/pipeline/composite/composite-mrhnk9qw/remotion-visual-plan.json", "JSON", 57, 0, 0, 0, 0, 0, 0, 0, 0, 0, 0, 0, 0, 0, 0, 0, 1, 58
"/Users/johndoe/Documents/company/video_ops/projects/abstract_algebra_in_proof_assistant/04-set-equality/takes/take-mrhmharr/pipeline/composite/composite-mrhnk9qw/speech-alignment.json", "JSON", 67, 0, 0, 0, 0, 0, 0, 0, 0, 0, 0, 0, 0, 0, 0, 0, 1, 68
"/Users/johndoe/Documents/company/video_ops/projects/abstract_algebra_in_proof_assistant/04-set-equality/takes/take-mrhmharr/pipeline/composite/composite-mrhnk9qw/stage-run.log", "Log", 0, 0, 0, 0, 0, 0, 0, 0, 0, 0, 0, 20709, 0, 0, 0, 0, 6, 20715
"/Users/johndoe/Documents/company/video_ops/projects/abstract_algebra_in_proof_assistant/04-set-equality/takes/take-mrhmharr/pipeline/composite/composite-mrhsxdt3/animation-outdoor.json", "JSON", 320, 0, 0, 0, 0, 0, 0, 0, 0, 0, 0, 0, 0, 0, 0, 0, 1, 321
"/Users/johndoe/Documents/company/video_ops/projects/abstract_algebra_in_proof_assistant/04-set-equality/takes/take-mrhmharr/pipeline/composite/composite-mrhsxdt3/outdoor-manifest.json", "JSON", 106, 0, 0, 0, 0, 0, 0, 0, 0, 0, 0, 0, 0, 0, 0, 0, 1, 107
"/Users/johndoe/Documents/company/video_ops/projects/abstract_algebra_in_proof_assistant/04-set-equality/takes/take-mrhmharr/pipeline/composite/composite-mrhsxdt3/progress.json", "JSON", 6, 0, 0, 0, 0, 0, 0, 0, 0, 0, 0, 0, 0, 0, 0, 0, 1, 7
"/Users/johndoe/Documents/company/video_ops/projects/abstract_algebra_in_proof_assistant/04-set-equality/takes/take-mrhmharr/pipeline/composite/composite-mrhsxdt3/remotion-visual-plan.json", "JSON", 57, 0, 0, 0, 0, 0, 0, 0, 0, 0, 0, 0, 0, 0, 0, 0, 1, 58
"/Users/johndoe/Documents/company/video_ops/projects/abstract_algebra_in_proof_assistant/04-set-equality/takes/take-mrhmharr/pipeline/composite/composite-mrhsxdt3/speech-alignment.json", "JSON", 67, 0, 0, 0, 0, 0, 0, 0, 0, 0, 0, 0, 0, 0, 0, 0, 1, 68
"/Users/johndoe/Documents/company/video_ops/projects/abstract_algebra_in_proof_assistant/04-set-equality/takes/take-mrhmharr/pipeline/composite/composite-mrhsxdt3/stage-run.log", "Log", 0, 0, 0, 0, 0, 0, 0, 0, 0, 0, 0, 21641, 0, 0, 0, 0, 6, 21647
"/Users/johndoe/Documents/company/video_ops/projects/abstract_algebra_in_proof_assistant/04-set-equality/takes/take-mrhmharr/pipeline/composite/composite-mrhtlbcd/animation-outdoor.json", "JSON", 320, 0, 0, 0, 0, 0, 0, 0, 0, 0, 0, 0, 0, 0, 0, 0, 1, 321
"/Users/johndoe/Documents/company/video_ops/projects/abstract_algebra_in_proof_assistant/04-set-equality/takes/take-mrhmharr/pipeline/composite/composite-mrhtlbcd/outdoor-manifest.json", "JSON", 106, 0, 0, 0, 0, 0, 0, 0, 0, 0, 0, 0, 0, 0, 0, 0, 1, 107
"/Users/johndoe/Documents/company/video_ops/projects/abstract_algebra_in_proof_assistant/04-set-equality/takes/take-mrhmharr/pipeline/composite/composite-mrhtlbcd/progress.json", "JSON", 6, 0, 0, 0, 0, 0, 0, 0, 0, 0, 0, 0, 0, 0, 0, 0, 1, 7
"/Users/johndoe/Documents/company/video_ops/projects/abstract_algebra_in_proof_assistant/04-set-equality/takes/take-mrhmharr/pipeline/composite/composite-mrhtlbcd/remotion-visual-plan.json", "JSON", 57, 0, 0, 0, 0, 0, 0, 0, 0, 0, 0, 0, 0, 0, 0, 0, 1, 58
"/Users/johndoe/Documents/company/video_ops/projects/abstract_algebra_in_proof_assistant/04-set-equality/takes/take-mrhmharr/pipeline/composite/composite-mrhtlbcd/speech-alignment.json", "JSON", 67, 0, 0, 0, 0, 0, 0, 0, 0, 0, 0, 0, 0, 0, 0, 0, 1, 68
"/Users/johndoe/Documents/company/video_ops/projects/abstract_algebra_in_proof_assistant/04-set-equality/takes/take-mrhmharr/pipeline/composite/composite-mrhtlbcd/stage-run.log", "Log", 0, 0, 0, 0, 0, 0, 0, 0, 0, 0, 0, 21566, 0, 0, 0, 0, 6, 21572
"/Users/johndoe/Documents/company/video_ops/projects/abstract_algebra_in_proof_assistant/04-set-equality/takes/take-mrhmharr/pipeline/composite/composite-mrhvy8mn/animation-outdoor.json", "JSON", 320, 0, 0, 0, 0, 0, 0, 0, 0, 0, 0, 0, 0, 0, 0, 0, 1, 321
"/Users/johndoe/Documents/company/video_ops/projects/abstract_algebra_in_proof_assistant/04-set-equality/takes/take-mrhmharr/pipeline/composite/composite-mrhvy8mn/outdoor-manifest.json", "JSON", 106, 0, 0, 0, 0, 0, 0, 0, 0, 0, 0, 0, 0, 0, 0, 0, 1, 107
"/Users/johndoe/Documents/company/video_ops/projects/abstract_algebra_in_proof_assistant/04-set-equality/takes/take-mrhmharr/pipeline/composite/composite-mrhvy8mn/progress.json", "JSON", 6, 0, 0, 0, 0, 0, 0, 0, 0, 0, 0, 0, 0, 0, 0, 0, 1, 7
"/Users/johndoe/Documents/company/video_ops/projects/abstract_algebra_in_proof_assistant/04-set-equality/takes/take-mrhmharr/pipeline/composite/composite-mrhvy8mn/remotion-visual-plan.json", "JSON", 57, 0, 0, 0, 0, 0, 0, 0, 0, 0, 0, 0, 0, 0, 0, 0, 1, 58
"/Users/johndoe/Documents/company/video_ops/projects/abstract_algebra_in_proof_assistant/04-set-equality/takes/take-mrhmharr/pipeline/composite/composite-mrhvy8mn/speech-alignment.json", "JSON", 67, 0, 0, 0, 0, 0, 0, 0, 0, 0, 0, 0, 0, 0, 0, 0, 1, 68
"/Users/johndoe/Documents/company/video_ops/projects/abstract_algebra_in_proof_assistant/04-set-equality/takes/take-mrhmharr/pipeline/composite/composite-mrhvy8mn/stage-run.log", "Log", 0, 0, 0, 0, 0, 0, 0, 0, 0, 0, 0, 21261, 0, 0, 0, 0, 6, 21267
"/Users/johndoe/Documents/company/video_ops/projects/abstract_algebra_in_proof_assistant/04-set-equality/takes/take-mrhmharr/pipeline/composite/composite-mrhvy8mn/transcript.verbose.json", "JSON", 4791, 0, 0, 0, 0, 0, 0, 0, 0, 0, 0, 0, 0, 0, 0, 0, 1, 4792
"/Users/johndoe/Documents/company/video_ops/projects/abstract_algebra_in_proof_assistant/04-set-equality/takes/take-mrhmharr/pipeline/composite/composite-mrhyf6sh/animation-outdoor.json", "JSON", 320, 0, 0, 0, 0, 0, 0, 0, 0, 0, 0, 0, 0, 0, 0, 0, 1, 321
"/Users/johndoe/Documents/company/video_ops/projects/abstract_algebra_in_proof_assistant/04-set-equality/takes/take-mrhmharr/pipeline/composite/composite-mrhyf6sh/outdoor-manifest.json", "JSON", 106, 0, 0, 0, 0, 0, 0, 0, 0, 0, 0, 0, 0, 0, 0, 0, 1, 107
"/Users/johndoe/Documents/company/video_ops/projects/abstract_algebra_in_proof_assistant/04-set-equality/takes/take-mrhmharr/pipeline/composite/composite-mrhyf6sh/progress.json", "JSON", 6, 0, 0, 0, 0, 0, 0, 0, 0, 0, 0, 0, 0, 0, 0, 0, 1, 7
"/Users/johndoe/Documents/company/video_ops/projects/abstract_algebra_in_proof_assistant/04-set-equality/takes/take-mrhmharr/pipeline/composite/composite-mrhyf6sh/remotion-visual-plan.json", "JSON", 57, 0, 0, 0, 0, 0, 0, 0, 0, 0, 0, 0, 0, 0, 0, 0, 1, 58
"/Users/johndoe/Documents/company/video_ops/projects/abstract_algebra_in_proof_assistant/04-set-equality/takes/take-mrhmharr/pipeline/composite/composite-mrhyf6sh/speech-alignment.json", "JSON", 67, 0, 0, 0, 0, 0, 0, 0, 0, 0, 0, 0, 0, 0, 0, 0, 1, 68
"/Users/johndoe/Documents/company/video_ops/projects/abstract_algebra_in_proof_assistant/04-set-equality/takes/take-mrhmharr/pipeline/composite/composite-mrhyf6sh/stage-run.log", "Log", 0, 0, 0, 0, 0, 0, 0, 0, 0, 0, 0, 20303, 0, 0, 0, 0, 6, 20309
"/Users/johndoe/Documents/company/video_ops/projects/abstract_algebra_in_proof_assistant/04-set-equality/takes/take-mrhmharr/pipeline/composite/composite-mrhyf6sh/transcript.verbose.json", "JSON", 4791, 0, 0, 0, 0, 0, 0, 0, 0, 0, 0, 0, 0, 0, 0, 0, 1, 4792
"/Users/johndoe/Documents/company/video_ops/projects/abstract_algebra_in_proof_assistant/04-set-equality/takes/take-mrhmharr/pipeline/composite/composite-mriqluj2/animation-outdoor.json", "JSON", 320, 0, 0, 0, 0, 0, 0, 0, 0, 0, 0, 0, 0, 0, 0, 0, 1, 321
"/Users/johndoe/Documents/company/video_ops/projects/abstract_algebra_in_proof_assistant/04-set-equality/takes/take-mrhmharr/pipeline/composite/composite-mriqluj2/outdoor-manifest.json", "JSON", 106, 0, 0, 0, 0, 0, 0, 0, 0, 0, 0, 0, 0, 0, 0, 0, 1, 107
"/Users/johndoe/Documents/company/video_ops/projects/abstract_algebra_in_proof_assistant/04-set-equality/takes/take-mrhmharr/pipeline/composite/composite-mriqluj2/progress.json", "JSON", 6, 0, 0, 0, 0, 0, 0, 0, 0, 0, 0, 0, 0, 0, 0, 0, 1, 7
"/Users/johndoe/Documents/company/video_ops/projects/abstract_algebra_in_proof_assistant/04-set-equality/takes/take-mrhmharr/pipeline/composite/composite-mriqluj2/remotion-visual-plan.json", "JSON", 57, 0, 0, 0, 0, 0, 0, 0, 0, 0, 0, 0, 0, 0, 0, 0, 1, 58
"/Users/johndoe/Documents/company/video_ops/projects/abstract_algebra_in_proof_assistant/04-set-equality/takes/take-mrhmharr/pipeline/composite/composite-mriqluj2/speech-alignment.json", "JSON", 67, 0, 0, 0, 0, 0, 0, 0, 0, 0, 0, 0, 0, 0, 0, 0, 1, 68
"/Users/johndoe/Documents/company/video_ops/projects/abstract_algebra_in_proof_assistant/04-set-equality/takes/take-mrhmharr/pipeline/composite/composite-mriqluj2/stage-run.log", "Log", 0, 0, 0, 0, 0, 0, 0, 0, 0, 0, 0, 21031, 0, 0, 0, 0, 6, 21037
"/Users/johndoe/Documents/company/video_ops/projects/abstract_algebra_in_proof_assistant/04-set-equality/takes/take-mrhmharr/pipeline/composite/composite-mriqluj2/transcript.verbose.json", "JSON", 4791, 0, 0, 0, 0, 0, 0, 0, 0, 0, 0, 0, 0, 0, 0, 0, 1, 4792
"/Users/johndoe/Documents/company/video_ops/projects/abstract_algebra_in_proof_assistant/04-set-equality/takes/take-mrhmharr/pipeline/composite/composite-mrirspkq/animation-outdoor.json", "JSON", 320, 0, 0, 0, 0, 0, 0, 0, 0, 0, 0, 0, 0, 0, 0, 0, 1, 321
"/Users/johndoe/Documents/company/video_ops/projects/abstract_algebra_in_proof_assistant/04-set-equality/takes/take-mrhmharr/pipeline/composite/composite-mrirspkq/outdoor-manifest.json", "JSON", 106, 0, 0, 0, 0, 0, 0, 0, 0, 0, 0, 0, 0, 0, 0, 0, 1, 107
"/Users/johndoe/Documents/company/video_ops/projects/abstract_algebra_in_proof_assistant/04-set-equality/takes/take-mrhmharr/pipeline/composite/composite-mrirspkq/progress.json", "JSON", 6, 0, 0, 0, 0, 0, 0, 0, 0, 0, 0, 0, 0, 0, 0, 0, 1, 7
"/Users/johndoe/Documents/company/video_ops/projects/abstract_algebra_in_proof_assistant/04-set-equality/takes/take-mrhmharr/pipeline/composite/composite-mrirspkq/remotion-visual-plan.json", "JSON", 57, 0, 0, 0, 0, 0, 0, 0, 0, 0, 0, 0, 0, 0, 0, 0, 1, 58
"/Users/johndoe/Documents/company/video_ops/projects/abstract_algebra_in_proof_assistant/04-set-equality/takes/take-mrhmharr/pipeline/composite/composite-mrirspkq/speech-alignment.json", "JSON", 67, 0, 0, 0, 0, 0, 0, 0, 0, 0, 0, 0, 0, 0, 0, 0, 1, 68
"/Users/johndoe/Documents/company/video_ops/projects/abstract_algebra_in_proof_assistant/04-set-equality/takes/take-mrhmharr/pipeline/composite/composite-mrirspkq/stage-run.log", "Log", 0, 0, 0, 0, 0, 0, 0, 0, 0, 0, 0, 19823, 0, 0, 0, 0, 6, 19829
"/Users/johndoe/Documents/company/video_ops/projects/abstract_algebra_in_proof_assistant/04-set-equality/takes/take-mrhmharr/pipeline/composite/composite-mrirspkq/transcript.verbose.json", "JSON", 4791, 0, 0, 0, 0, 0, 0, 0, 0, 0, 0, 0, 0, 0, 0, 0, 1, 4792
"/Users/johndoe/Documents/company/video_ops/projects/abstract_algebra_in_proof_assistant/04-set-equality/takes/take-mrhmharr/pipeline/composite/composite-mritwa30/animation-outdoor.json", "JSON", 464, 0, 0, 0, 0, 0, 0, 0, 0, 0, 0, 0, 0, 0, 0, 0, 1, 465
"/Users/johndoe/Documents/company/video_ops/projects/abstract_algebra_in_proof_assistant/04-set-equality/takes/take-mrhmharr/pipeline/composite/composite-mritwa30/outdoor-manifest.json", "JSON", 249, 0, 0, 0, 0, 0, 0, 0, 0, 0, 0, 0, 0, 0, 0, 0, 1, 250
"/Users/johndoe/Documents/company/video_ops/projects/abstract_algebra_in_proof_assistant/04-set-equality/takes/take-mrhmharr/pipeline/composite/composite-mritwa30/progress.json", "JSON", 6, 0, 0, 0, 0, 0, 0, 0, 0, 0, 0, 0, 0, 0, 0, 0, 1, 7
"/Users/johndoe/Documents/company/video_ops/projects/abstract_algebra_in_proof_assistant/04-set-equality/takes/take-mrhmharr/pipeline/composite/composite-mritwa30/remotion-visual-plan.json", "JSON", 57, 0, 0, 0, 0, 0, 0, 0, 0, 0, 0, 0, 0, 0, 0, 0, 1, 58
"/Users/johndoe/Documents/company/video_ops/projects/abstract_algebra_in_proof_assistant/04-set-equality/takes/take-mrhmharr/pipeline/composite/composite-mritwa30/speech-alignment.json", "JSON", 67, 0, 0, 0, 0, 0, 0, 0, 0, 0, 0, 0, 0, 0, 0, 0, 1, 68
"/Users/johndoe/Documents/company/video_ops/projects/abstract_algebra_in_proof_assistant/04-set-equality/takes/take-mrhmharr/pipeline/composite/composite-mritwa30/stage-run.log", "Log", 0, 0, 0, 0, 0, 0, 0, 0, 0, 0, 0, 18585, 0, 0, 0, 0, 6, 18591
"/Users/johndoe/Documents/company/video_ops/projects/abstract_algebra_in_proof_assistant/04-set-equality/takes/take-mrhmharr/pipeline/composite/composite-mritwa30/transcript.verbose.json", "JSON", 4791, 0, 0, 0, 0, 0, 0, 0, 0, 0, 0, 0, 0, 0, 0, 0, 1, 4792
"/Users/johndoe/Documents/company/video_ops/projects/abstract_algebra_in_proof_assistant/04-set-equality/takes/take-mrhmharr/pipeline/composite/composite-mrrwb6tk/animation-outdoor.json", "JSON", 677, 0, 0, 0, 0, 0, 0, 0, 0, 0, 0, 0, 0, 0, 0, 0, 1, 678
"/Users/johndoe/Documents/company/video_ops/projects/abstract_algebra_in_proof_assistant/04-set-equality/takes/take-mrhmharr/pipeline/composite/composite-mrrwb6tk/outdoor-manifest.json", "JSON", 466, 0, 0, 0, 0, 0, 0, 0, 0, 0, 0, 0, 0, 0, 0, 0, 1, 467
"/Users/johndoe/Documents/company/video_ops/projects/abstract_algebra_in_proof_assistant/04-set-equality/takes/take-mrhmharr/pipeline/composite/composite-mrrwb6tk/progress.json", "JSON", 6, 0, 0, 0, 0, 0, 0, 0, 0, 0, 0, 0, 0, 0, 0, 0, 1, 7
"/Users/johndoe/Documents/company/video_ops/projects/abstract_algebra_in_proof_assistant/04-set-equality/takes/take-mrhmharr/pipeline/composite/composite-mrrwb6tk/remotion-visual-plan.json", "JSON", 57, 0, 0, 0, 0, 0, 0, 0, 0, 0, 0, 0, 0, 0, 0, 0, 1, 58
"/Users/johndoe/Documents/company/video_ops/projects/abstract_algebra_in_proof_assistant/04-set-equality/takes/take-mrhmharr/pipeline/composite/composite-mrrwb6tk/speech-alignment.json", "JSON", 67, 0, 0, 0, 0, 0, 0, 0, 0, 0, 0, 0, 0, 0, 0, 0, 1, 68
"/Users/johndoe/Documents/company/video_ops/projects/abstract_algebra_in_proof_assistant/04-set-equality/takes/take-mrhmharr/pipeline/composite/composite-mrrwb6tk/stage-run.log", "Log", 0, 0, 0, 0, 0, 0, 0, 0, 0, 0, 0, 44, 0, 0, 0, 0, 6, 50
"/Users/johndoe/Documents/company/video_ops/projects/abstract_algebra_in_proof_assistant/04-set-equality/takes/take-mrhmharr/pipeline/composite/composite-mrrwb6tk/transcript.verbose.json", "JSON", 4791, 0, 0, 0, 0, 0, 0, 0, 0, 0, 0, 0, 0, 0, 0, 0, 1, 4792
"/Users/johndoe/Documents/company/video_ops/projects/abstract_algebra_in_proof_assistant/04-set-equality/takes/take-mrhmharr/pipeline/cut/cut-mrhmwlre/progress.json", "JSON", 6, 0, 0, 0, 0, 0, 0, 0, 0, 0, 0, 0, 0, 0, 0, 0, 1, 7
"/Users/johndoe/Documents/company/video_ops/projects/abstract_algebra_in_proof_assistant/04-set-equality/takes/take-mrhmharr/pipeline/cut/cut-mrhmwlre/stage-run.log", "Log", 0, 0, 0, 0, 0, 0, 0, 0, 0, 0, 0, 22, 0, 0, 0, 0, 2, 24
"/Users/johndoe/Documents/company/video_ops/projects/abstract_algebra_in_proof_assistant/04-set-equality/takes/take-mrhmharr/pipeline/cut/cut-mrhn7t3r/progress.json", "JSON", 6, 0, 0, 0, 0, 0, 0, 0, 0, 0, 0, 0, 0, 0, 0, 0, 1, 7
"/Users/johndoe/Documents/company/video_ops/projects/abstract_algebra_in_proof_assistant/04-set-equality/takes/take-mrhmharr/pipeline/cut/cut-mrhn7t3r/stage-run.log", "Log", 0, 0, 0, 0, 0, 0, 0, 0, 0, 0, 0, 139, 0, 0, 0, 0, 9, 148
"/Users/johndoe/Documents/company/video_ops/projects/abstract_algebra_in_proof_assistant/04-set-equality/takes/take-mrhmharr/pipeline/cut/cut-mrhn8anp/progress.json", "JSON", 6, 0, 0, 0, 0, 0, 0, 0, 0, 0, 0, 0, 0, 0, 0, 0, 1, 7
"/Users/johndoe/Documents/company/video_ops/projects/abstract_algebra_in_proof_assistant/04-set-equality/takes/take-mrhmharr/pipeline/cut/cut-mrhn8anp/stage-run.log", "Log", 0, 0, 0, 0, 0, 0, 0, 0, 0, 0, 0, 139, 0, 0, 0, 0, 9, 148
"/Users/johndoe/Documents/company/video_ops/projects/abstract_algebra_in_proof_assistant/04-set-equality/takes/take-mrhmharr/pipeline/cut/cut-mrhniip1/analysis.json", "JSON", 67, 0, 0, 0, 0, 0, 0, 0, 0, 0, 0, 0, 0, 0, 0, 0, 1, 68
"/Users/johndoe/Documents/company/video_ops/projects/abstract_algebra_in_proof_assistant/04-set-equality/takes/take-mrhmharr/pipeline/cut/cut-mrhniip1/progress.json", "JSON", 6, 0, 0, 0, 0, 0, 0, 0, 0, 0, 0, 0, 0, 0, 0, 0, 1, 7
"/Users/johndoe/Documents/company/video_ops/projects/abstract_algebra_in_proof_assistant/04-set-equality/takes/take-mrhmharr/pipeline/cut/cut-mrhniip1/remotion-visual-plan.json", "JSON", 56, 0, 0, 0, 0, 0, 0, 0, 0, 0, 0, 0, 0, 0, 0, 0, 1, 57
"/Users/johndoe/Documents/company/video_ops/projects/abstract_algebra_in_proof_assistant/04-set-equality/takes/take-mrhmharr/pipeline/cut/cut-mrhniip1/stage-run.log", "Log", 0, 0, 0, 0, 0, 0, 0, 0, 0, 0, 0, 169, 0, 0, 0, 0, 2, 171
"/Users/johndoe/Documents/company/video_ops/projects/abstract_algebra_in_proof_assistant/04-set-equality/takes/take-mrhmharr/pipeline/cut/cut-mrhniip1/transcript.verbose.json", "JSON", 6, 0, 0, 0, 0, 0, 0, 0, 0, 0, 0, 0, 0, 0, 0, 0, 1, 7
"/Users/johndoe/Documents/company/video_ops/projects/abstract_algebra_in_proof_assistant/04-set-equality/takes/take-mrhmharr/pipeline/cut/cut-mrhnjx4j/analysis.json", "JSON", 67, 0, 0, 0, 0, 0, 0, 0, 0, 0, 0, 0, 0, 0, 0, 0, 1, 68
"/Users/johndoe/Documents/company/video_ops/projects/abstract_algebra_in_proof_assistant/04-set-equality/takes/take-mrhmharr/pipeline/cut/cut-mrhnjx4j/progress.json", "JSON", 6, 0, 0, 0, 0, 0, 0, 0, 0, 0, 0, 0, 0, 0, 0, 0, 1, 7
"/Users/johndoe/Documents/company/video_ops/projects/abstract_algebra_in_proof_assistant/04-set-equality/takes/take-mrhmharr/pipeline/cut/cut-mrhnjx4j/remotion-visual-plan.json", "JSON", 56, 0, 0, 0, 0, 0, 0, 0, 0, 0, 0, 0, 0, 0, 0, 0, 1, 57
"/Users/johndoe/Documents/company/video_ops/projects/abstract_algebra_in_proof_assistant/04-set-equality/takes/take-mrhmharr/pipeline/cut/cut-mrhnjx4j/stage-run.log", "Log", 0, 0, 0, 0, 0, 0, 0, 0, 0, 0, 0, 168, 0, 0, 0, 0, 2, 170
"/Users/johndoe/Documents/company/video_ops/projects/abstract_algebra_in_proof_assistant/04-set-equality/takes/take-mrhmharr/pipeline/cut/cut-mrhnjx4j/transcript.verbose.json", "JSON", 6, 0, 0, 0, 0, 0, 0, 0, 0, 0, 0, 0, 0, 0, 0, 0, 1, 7
"/Users/johndoe/Documents/company/video_ops/projects/abstract_algebra_in_proof_assistant/04-set-equality/takes/take-mrhmharr/pipeline/cut/cut-mrhswgb9/analysis.json", "JSON", 775, 0, 0, 0, 0, 0, 0, 0, 0, 0, 0, 0, 0, 0, 0, 0, 1, 776
"/Users/johndoe/Documents/company/video_ops/projects/abstract_algebra_in_proof_assistant/04-set-equality/takes/take-mrhmharr/pipeline/cut/cut-mrhswgb9/cut-selection.json", "JSON", 11, 0, 0, 0, 0, 0, 0, 0, 0, 0, 0, 0, 0, 0, 0, 0, 1, 12
"/Users/johndoe/Documents/company/video_ops/projects/abstract_algebra_in_proof_assistant/04-set-equality/takes/take-mrhmharr/pipeline/cut/cut-mrhswgb9/progress.json", "JSON", 6, 0, 0, 0, 0, 0, 0, 0, 0, 0, 0, 0, 0, 0, 0, 0, 1, 7
"/Users/johndoe/Documents/company/video_ops/projects/abstract_algebra_in_proof_assistant/04-set-equality/takes/take-mrhmharr/pipeline/cut/cut-mrhswgb9/remotion-visual-plan.json", "JSON", 224, 0, 0, 0, 0, 0, 0, 0, 0, 0, 0, 0, 0, 0, 0, 0, 1, 225
"/Users/johndoe/Documents/company/video_ops/projects/abstract_algebra_in_proof_assistant/04-set-equality/takes/take-mrhmharr/pipeline/cut/cut-mrhswgb9/stage-run.log", "Log", 0, 0, 0, 0, 0, 0, 0, 0, 0, 0, 0, 6215, 0, 0, 0, 0, 2, 6217
"/Users/johndoe/Documents/company/video_ops/projects/abstract_algebra_in_proof_assistant/04-set-equality/takes/take-mrhmharr/pipeline/cut/cut-mrhswgb9/transcript.verbose.json", "JSON", 4791, 0, 0, 0, 0, 0, 0, 0, 0, 0, 0, 0, 0, 0, 0, 0, 1, 4792
"/Users/johndoe/Documents/company/video_ops/projects/abstract_algebra_in_proof_assistant/04-set-equality/takes/take-mrhmharr/pipeline/cut/cut-mrhvutes/analysis.json", "JSON", 763, 0, 0, 0, 0, 0, 0, 0, 0, 0, 0, 0, 0, 0, 0, 0, 1, 764
"/Users/johndoe/Documents/company/video_ops/projects/abstract_algebra_in_proof_assistant/04-set-equality/takes/take-mrhmharr/pipeline/cut/cut-mrhvutes/cut-selection.json", "JSON", 15, 0, 0, 0, 0, 0, 0, 0, 0, 0, 0, 0, 0, 0, 0, 0, 1, 16
"/Users/johndoe/Documents/company/video_ops/projects/abstract_algebra_in_proof_assistant/04-set-equality/takes/take-mrhmharr/pipeline/cut/cut-mrhvutes/progress.json", "JSON", 6, 0, 0, 0, 0, 0, 0, 0, 0, 0, 0, 0, 0, 0, 0, 0, 1, 7
"/Users/johndoe/Documents/company/video_ops/projects/abstract_algebra_in_proof_assistant/04-set-equality/takes/take-mrhmharr/pipeline/cut/cut-mrhvutes/remotion-visual-plan.json", "JSON", 216, 0, 0, 0, 0, 0, 0, 0, 0, 0, 0, 0, 0, 0, 0, 0, 1, 217
"/Users/johndoe/Documents/company/video_ops/projects/abstract_algebra_in_proof_assistant/04-set-equality/takes/take-mrhmharr/pipeline/cut/cut-mrhvutes/stage-run.log", "Log", 0, 0, 0, 0, 0, 0, 0, 0, 0, 0, 0, 8059, 0, 0, 0, 0, 2, 8061
"/Users/johndoe/Documents/company/video_ops/projects/abstract_algebra_in_proof_assistant/04-set-equality/takes/take-mrhmharr/pipeline/cut/cut-mrhvutes/transcript.verbose.json", "JSON", 4791, 0, 0, 0, 0, 0, 0, 0, 0, 0, 0, 0, 0, 0, 0, 0, 1, 4792
"/Users/johndoe/Documents/company/video_ops/projects/abstract_algebra_in_proof_assistant/04-set-equality/takes/take-mrhmharr/pipeline/cut/cut-mriq7mo6/analysis.json", "JSON", 1533, 0, 0, 0, 0, 0, 0, 0, 0, 0, 0, 0, 0, 0, 0, 0, 1, 1534
"/Users/johndoe/Documents/company/video_ops/projects/abstract_algebra_in_proof_assistant/04-set-equality/takes/take-mrhmharr/pipeline/cut/cut-mriq7mo6/cut-selection.json", "JSON", 19, 0, 0, 0, 0, 0, 0, 0, 0, 0, 0, 0, 0, 0, 0, 0, 1, 20
"/Users/johndoe/Documents/company/video_ops/projects/abstract_algebra_in_proof_assistant/04-set-equality/takes/take-mrhmharr/pipeline/cut/cut-mriq7mo6/progress.json", "JSON", 6, 0, 0, 0, 0, 0, 0, 0, 0, 0, 0, 0, 0, 0, 0, 0, 1, 7
"/Users/johndoe/Documents/company/video_ops/projects/abstract_algebra_in_proof_assistant/04-set-equality/takes/take-mrhmharr/pipeline/cut/cut-mriq7mo6/remotion-visual-plan.json", "JSON", 240, 0, 0, 0, 0, 0, 0, 0, 0, 0, 0, 0, 0, 0, 0, 0, 1, 241
"/Users/johndoe/Documents/company/video_ops/projects/abstract_algebra_in_proof_assistant/04-set-equality/takes/take-mrhmharr/pipeline/cut/cut-mriq7mo6/stage-run.log", "Log", 0, 0, 0, 0, 0, 0, 0, 0, 0, 0, 0, 5761, 0, 0, 0, 0, 2, 5763
"/Users/johndoe/Documents/company/video_ops/projects/abstract_algebra_in_proof_assistant/04-set-equality/takes/take-mrhmharr/pipeline/cut/cut-mriq7mo6/transcript.verbose.json", "JSON", 4791, 0, 0, 0, 0, 0, 0, 0, 0, 0, 0, 0, 0, 0, 0, 0, 1, 4792
"/Users/johndoe/Documents/company/video_ops/projects/abstract_algebra_in_proof_assistant/04-set-equality/takes/take-mrhmharr/pipeline/cut/cut-mrj4gxs6/analysis.json", "JSON", 1533, 0, 0, 0, 0, 0, 0, 0, 0, 0, 0, 0, 0, 0, 0, 0, 1, 1534
"/Users/johndoe/Documents/company/video_ops/projects/abstract_algebra_in_proof_assistant/04-set-equality/takes/take-mrhmharr/pipeline/cut/cut-mrj4gxs6/cut-selection.json", "JSON", 19, 0, 0, 0, 0, 0, 0, 0, 0, 0, 0, 0, 0, 0, 0, 0, 1, 20
"/Users/johndoe/Documents/company/video_ops/projects/abstract_algebra_in_proof_assistant/04-set-equality/takes/take-mrhmharr/pipeline/cut/cut-mrj4gxs6/progress.json", "JSON", 6, 0, 0, 0, 0, 0, 0, 0, 0, 0, 0, 0, 0, 0, 0, 0, 1, 7
"/Users/johndoe/Documents/company/video_ops/projects/abstract_algebra_in_proof_assistant/04-set-equality/takes/take-mrhmharr/pipeline/cut/cut-mrj4gxs6/remotion-visual-plan.json", "JSON", 240, 0, 0, 0, 0, 0, 0, 0, 0, 0, 0, 0, 0, 0, 0, 0, 1, 241
"/Users/johndoe/Documents/company/video_ops/projects/abstract_algebra_in_proof_assistant/04-set-equality/takes/take-mrhmharr/pipeline/cut/cut-mrj4gxs6/stage-run.log", "Log", 0, 0, 0, 0, 0, 0, 0, 0, 0, 0, 0, 6782, 0, 0, 0, 0, 2, 6784
"/Users/johndoe/Documents/company/video_ops/projects/abstract_algebra_in_proof_assistant/04-set-equality/takes/take-mrhmharr/pipeline/cut/cut-mrj4gxs6/transcript.verbose.json", "JSON", 4791, 0, 0, 0, 0, 0, 0, 0, 0, 0, 0, 0, 0, 0, 0, 0, 1, 4792
"/Users/johndoe/Documents/company/video_ops/projects/abstract_algebra_in_proof_assistant/04-set-equality/takes/take-mrhmharr/pipeline/social/social-mrhteozu/progress.json", "JSON", 6, 0, 0, 0, 0, 0, 0, 0, 0, 0, 0, 0, 0, 0, 0, 0, 1, 7
"/Users/johndoe/Documents/company/video_ops/projects/abstract_algebra_in_proof_assistant/04-set-equality/takes/take-mrhmharr/pipeline/social/social-mrhteozu/social-posts.json", "JSON", 73, 0, 0, 0, 0, 0, 0, 0, 0, 0, 0, 0, 0, 0, 0, 0, 1, 74
"/Users/johndoe/Documents/company/video_ops/projects/abstract_algebra_in_proof_assistant/04-set-equality/takes/take-mrhmharr/pipeline/social/social-mrhteozu/stage-run.log", "Log", 0, 0, 0, 0, 0, 0, 0, 0, 0, 0, 0, 10, 0, 0, 0, 0, 2, 12
"/Users/johndoe/Documents/company/video_ops/projects/abstract_algebra_in_proof_assistant/04-set-equality/takes/take-mrhmharr/pipeline/social/social-mrhwezbp/progress.json", "JSON", 6, 0, 0, 0, 0, 0, 0, 0, 0, 0, 0, 0, 0, 0, 0, 0, 1, 7
"/Users/johndoe/Documents/company/video_ops/projects/abstract_algebra_in_proof_assistant/04-set-equality/takes/take-mrhmharr/pipeline/social/social-mrhwezbp/social-posts.json", "JSON", 73, 0, 0, 0, 0, 0, 0, 0, 0, 0, 0, 0, 0, 0, 0, 0, 1, 74
"/Users/johndoe/Documents/company/video_ops/projects/abstract_algebra_in_proof_assistant/04-set-equality/takes/take-mrhmharr/pipeline/social/social-mrhwezbp/stage-run.log", "Log", 0, 0, 0, 0, 0, 0, 0, 0, 0, 0, 0, 10, 0, 0, 0, 0, 2, 12
"/Users/johndoe/Documents/company/video_ops/projects/abstract_algebra_in_proof_assistant/04-set-equality/takes/take-mrhmharr/pipeline/stabilize/stabilize-mriphjg6/progress.json", "JSON", 6, 0, 0, 0, 0, 0, 0, 0, 0, 0, 0, 0, 0, 0, 0, 0, 1, 7
"/Users/johndoe/Documents/company/video_ops/projects/abstract_algebra_in_proof_assistant/04-set-equality/takes/take-mrhmharr/pipeline/stabilize/stabilize-mriphjg6/stage-run.log", "Log", 0, 0, 0, 0, 0, 0, 0, 0, 0, 0, 0, 76, 0, 0, 0, 0, 2, 78
"/Users/johndoe/Documents/company/video_ops/projects/abstract_algebra_in_proof_assistant/04-set-equality/takes/take-mrhmharr/pipeline/stabilize/stabilize-mripljg8/progress.json", "JSON", 6, 0, 0, 0, 0, 0, 0, 0, 0, 0, 0, 0, 0, 0, 0, 0, 1, 7
"/Users/johndoe/Documents/company/video_ops/projects/abstract_algebra_in_proof_assistant/04-set-equality/takes/take-mrhmharr/pipeline/stabilize/stabilize-mripljg8/stage-run.log", "Log", 0, 0, 0, 0, 0, 0, 0, 0, 0, 0, 0, 76, 0, 0, 0, 0, 2, 78
"/Users/johndoe/Documents/company/video_ops/projects/abstract_algebra_in_proof_assistant/04-set-equality/takes/take-mrhmharr/pipeline/stabilize/stabilize-mriqdtnm/progress.json", "JSON", 6, 0, 0, 0, 0, 0, 0, 0, 0, 0, 0, 0, 0, 0, 0, 0, 1, 7
"/Users/johndoe/Documents/company/video_ops/projects/abstract_algebra_in_proof_assistant/04-set-equality/takes/take-mrhmharr/pipeline/stabilize/stabilize-mriqdtnm/stage-run.log", "Log", 0, 0, 0, 0, 0, 0, 0, 0, 0, 0, 0, 76, 0, 0, 0, 0, 2, 78
"/Users/johndoe/Documents/company/video_ops/projects/abstract_algebra_in_proof_assistant/04-set-equality/takes/take-mrhmharr/publish-state.json", "JSON", 7, 0, 0, 0, 0, 0, 0, 0, 0, 0, 0, 0, 0, 0, 0, 0, 1, 8
"/Users/johndoe/Documents/company/video_ops/projects/abstract_algebra_in_proof_assistant/04-set-equality/takes/take-mrhmharr/take.json", "JSON", 46, 0, 0, 0, 0, 0, 0, 0, 0, 0, 0, 0, 0, 0, 0, 0, 1, 47
"/Users/johndoe/Documents/company/video_ops/projects/abstract_algebra_in_proof_assistant/04-set-equality/tracks/scene-compare-hint-layouts.json", "JSON", 65, 0, 0, 0, 0, 0, 0, 0, 0, 0, 0, 0, 0, 0, 0, 0, 1, 66
"/Users/johndoe/Documents/company/video_ops/projects/abstract_algebra_in_proof_assistant/05-empty-set/animation.json", "JSON", 172, 0, 0, 0, 0, 0, 0, 0, 0, 0, 0, 0, 0, 0, 0, 0, 1, 173
"/Users/johndoe/Documents/company/video_ops/projects/abstract_algebra_in_proof_assistant/05-empty-set/animation.md", "Markdown", 0, 0, 44, 0, 0, 0, 0, 0, 0, 0, 0, 0, 0, 0, 0, 60, 43, 147
"/Users/johndoe/Documents/company/video_ops/projects/abstract_algebra_in_proof_assistant/05-empty-set/script.md", "Markdown", 0, 0, 47, 0, 0, 0, 0, 0, 0, 0, 0, 0, 0, 0, 0, 0, 37, 84
"/Users/johndoe/Documents/company/video_ops/projects/abstract_algebra_in_proof_assistant/05-empty-set/social-posts.json", "JSON", 68, 0, 0, 0, 0, 0, 0, 0, 0, 0, 0, 0, 0, 0, 0, 0, 1, 69
"/Users/johndoe/Documents/company/video_ops/projects/abstract_algebra_in_proof_assistant/06-empty-subset-theorem/animation.json", "JSON", 159, 0, 0, 0, 0, 0, 0, 0, 0, 0, 0, 0, 0, 0, 0, 0, 1, 160
"/Users/johndoe/Documents/company/video_ops/projects/abstract_algebra_in_proof_assistant/06-empty-subset-theorem/animation.md", "Markdown", 0, 0, 44, 0, 0, 0, 0, 0, 0, 0, 0, 0, 0, 0, 0, 60, 43, 147
"/Users/johndoe/Documents/company/video_ops/projects/abstract_algebra_in_proof_assistant/06-empty-subset-theorem/script.md", "Markdown", 0, 0, 47, 0, 0, 0, 0, 0, 0, 0, 0, 0, 0, 0, 0, 0, 37, 84
"/Users/johndoe/Documents/company/video_ops/projects/abstract_algebra_in_proof_assistant/06-empty-subset-theorem/social-posts.json", "JSON", 68, 0, 0, 0, 0, 0, 0, 0, 0, 0, 0, 0, 0, 0, 0, 0, 1, 69
"/Users/johndoe/Documents/company/video_ops/projects/abstract_algebra_in_proof_assistant/07-union/animation.json", "JSON", 159, 0, 0, 0, 0, 0, 0, 0, 0, 0, 0, 0, 0, 0, 0, 0, 1, 160
"/Users/johndoe/Documents/company/video_ops/projects/abstract_algebra_in_proof_assistant/07-union/animation.md", "Markdown", 0, 0, 44, 0, 0, 0, 0, 0, 0, 0, 0, 0, 0, 0, 0, 60, 43, 147
"/Users/johndoe/Documents/company/video_ops/projects/abstract_algebra_in_proof_assistant/07-union/script.md", "Markdown", 0, 0, 47, 0, 0, 0, 0, 0, 0, 0, 0, 0, 0, 0, 0, 0, 37, 84
"/Users/johndoe/Documents/company/video_ops/projects/abstract_algebra_in_proof_assistant/07-union/social-posts.json", "JSON", 68, 0, 0, 0, 0, 0, 0, 0, 0, 0, 0, 0, 0, 0, 0, 0, 1, 69
"/Users/johndoe/Documents/company/video_ops/projects/abstract_algebra_in_proof_assistant/08-intersection/animation.json", "JSON", 154, 0, 0, 0, 0, 0, 0, 0, 0, 0, 0, 0, 0, 0, 0, 0, 1, 155
"/Users/johndoe/Documents/company/video_ops/projects/abstract_algebra_in_proof_assistant/08-intersection/animation.md", "Markdown", 0, 0, 42, 0, 0, 0, 0, 0, 0, 0, 0, 0, 0, 0, 0, 57, 40, 139
"/Users/johndoe/Documents/company/video_ops/projects/abstract_algebra_in_proof_assistant/08-intersection/script.md", "Markdown", 0, 0, 46, 0, 0, 0, 0, 0, 0, 0, 0, 0, 0, 0, 0, 0, 37, 83
"/Users/johndoe/Documents/company/video_ops/projects/abstract_algebra_in_proof_assistant/08-intersection/social-posts.json", "JSON", 68, 0, 0, 0, 0, 0, 0, 0, 0, 0, 0, 0, 0, 0, 0, 0, 1, 69
"/Users/johndoe/Documents/company/video_ops/projects/abstract_algebra_in_proof_assistant/09-disjoint/animation.json", "JSON", 154, 0, 0, 0, 0, 0, 0, 0, 0, 0, 0, 0, 0, 0, 0, 0, 1, 155
"/Users/johndoe/Documents/company/video_ops/projects/abstract_algebra_in_proof_assistant/09-disjoint/animation.md", "Markdown", 0, 0, 42, 0, 0, 0, 0, 0, 0, 0, 0, 0, 0, 0, 0, 57, 40, 139
"/Users/johndoe/Documents/company/video_ops/projects/abstract_algebra_in_proof_assistant/09-disjoint/script.md", "Markdown", 0, 0, 46, 0, 0, 0, 0, 0, 0, 0, 0, 0, 0, 0, 0, 0, 37, 83
"/Users/johndoe/Documents/company/video_ops/projects/abstract_algebra_in_proof_assistant/09-disjoint/social-posts.json", "JSON", 68, 0, 0, 0, 0, 0, 0, 0, 0, 0, 0, 0, 0, 0, 0, 0, 1, 69
"/Users/johndoe/Documents/company/video_ops/projects/abstract_algebra_in_proof_assistant/10-complement/animation.json", "JSON", 154, 0, 0, 0, 0, 0, 0, 0, 0, 0, 0, 0, 0, 0, 0, 0, 1, 155
"/Users/johndoe/Documents/company/video_ops/projects/abstract_algebra_in_proof_assistant/10-complement/animation.md", "Markdown", 0, 0, 42, 0, 0, 0, 0, 0, 0, 0, 0, 0, 0, 0, 0, 57, 40, 139
"/Users/johndoe/Documents/company/video_ops/projects/abstract_algebra_in_proof_assistant/10-complement/script.md", "Markdown", 0, 0, 46, 0, 0, 0, 0, 0, 0, 0, 0, 0, 0, 0, 0, 0, 37, 83
"/Users/johndoe/Documents/company/video_ops/projects/abstract_algebra_in_proof_assistant/10-complement/social-posts.json", "JSON", 68, 0, 0, 0, 0, 0, 0, 0, 0, 0, 0, 0, 0, 0, 0, 0, 1, 69
"/Users/johndoe/Documents/company/video_ops/projects/abstract_algebra_in_proof_assistant/11-difference/animation.json", "JSON", 154, 0, 0, 0, 0, 0, 0, 0, 0, 0, 0, 0, 0, 0, 0, 0, 1, 155
"/Users/johndoe/Documents/company/video_ops/projects/abstract_algebra_in_proof_assistant/11-difference/animation.md", "Markdown", 0, 0, 42, 0, 0, 0, 0, 0, 0, 0, 0, 0, 0, 0, 0, 57, 40, 139
"/Users/johndoe/Documents/company/video_ops/projects/abstract_algebra_in_proof_assistant/11-difference/script.md", "Markdown", 0, 0, 46, 0, 0, 0, 0, 0, 0, 0, 0, 0, 0, 0, 0, 0, 37, 83
"/Users/johndoe/Documents/company/video_ops/projects/abstract_algebra_in_proof_assistant/11-difference/social-posts.json", "JSON", 68, 0, 0, 0, 0, 0, 0, 0, 0, 0, 0, 0, 0, 0, 0, 0, 1, 69
"/Users/johndoe/Documents/company/video_ops/projects/abstract_algebra_in_proof_assistant/12-union-idempotent/animation.json", "JSON", 159, 0, 0, 0, 0, 0, 0, 0, 0, 0, 0, 0, 0, 0, 0, 0, 1, 160
"/Users/johndoe/Documents/company/video_ops/projects/abstract_algebra_in_proof_assistant/12-union-idempotent/animation.md", "Markdown", 0, 0, 44, 0, 0, 0, 0, 0, 0, 0, 0, 0, 0, 0, 0, 60, 43, 147
"/Users/johndoe/Documents/company/video_ops/projects/abstract_algebra_in_proof_assistant/12-union-idempotent/script.md", "Markdown", 0, 0, 47, 0, 0, 0, 0, 0, 0, 0, 0, 0, 0, 0, 0, 0, 37, 84
"/Users/johndoe/Documents/company/video_ops/projects/abstract_algebra_in_proof_assistant/12-union-idempotent/social-posts.json", "JSON", 68, 0, 0, 0, 0, 0, 0, 0, 0, 0, 0, 0, 0, 0, 0, 0, 1, 69
"/Users/johndoe/Documents/company/video_ops/projects/abstract_algebra_in_proof_assistant/README.md", "Markdown", 0, 0, 44, 0, 0, 0, 0, 0, 0, 0, 0, 0, 0, 0, 0, 0, 16, 60
"/Users/johndoe/Documents/company/video_ops/projects/abstract_algebra_in_proof_assistant/series.json", "JSON", 8, 0, 0, 0, 0, 0, 0, 0, 0, 0, 0, 0, 0, 0, 0, 0, 1, 9
"/Users/johndoe/Documents/company/video_ops/projects/abstract_algebra_in_proof_assistant/shared/abstrac_algbra_in_proof_assistant.svg", "XML", 0, 0, 0, 0, 0, 0, 1, 0, 0, 0, 0, 0, 0, 0, 0, 0, 0, 1
"/Users/johndoe/Documents/company/video_ops/projects/abstract_algebra_in_proof_assistant/shared/firewors.svg", "XML", 0, 0, 0, 0, 0, 0, 1, 0, 0, 0, 0, 0, 0, 0, 0, 0, 0, 1
"/Users/johndoe/Documents/company/video_ops/projects/abstract_algebra_in_proof_assistant/shared/lean.svg", "XML", 0, 0, 0, 0, 0, 0, 1, 0, 0, 0, 0, 0, 0, 0, 0, 0, 0, 1
"/Users/johndoe/Documents/company/video_ops/projects/abstract_algebra_in_proof_assistant/shared/title.svg", "XML", 0, 0, 0, 0, 0, 0, 1, 0, 0, 0, 0, 0, 0, 0, 0, 0, 0, 1
"/Users/johndoe/Documents/company/video_ops/projects/abstract_algebra_in_proof_assistant/shared/total.svg", "XML", 0, 0, 0, 0, 0, 0, 1, 0, 0, 0, 0, 0, 0, 0, 0, 0, 0, 1
"/Users/johndoe/Documents/company/video_ops/projects/abstract_algebra_in_proof_assistant/shared/turn-lang_with_link.svg", "XML", 0, 0, 0, 0, 0, 0, 1, 0, 0, 0, 0, 0, 0, 0, 0, 0, 0, 1
"/Users/johndoe/Documents/company/video_ops/projects/ai-math/01-keep-reject-intro/animation.md", "Markdown", 0, 0, 22, 0, 0, 0, 0, 0, 0, 0, 0, 0, 0, 0, 0, 8, 11, 41
"/Users/johndoe/Documents/company/video_ops/projects/ai-math/01-keep-reject-intro/script.md", "Markdown", 0, 0, 7, 0, 0, 0, 0, 0, 0, 0, 0, 0, 0, 0, 0, 0, 4, 11
"/Users/johndoe/Documents/company/video_ops/projects/ai-math/01-keep-reject-intro/social-posts.json", "JSON", 65, 0, 0, 0, 0, 0, 0, 0, 0, 0, 0, 0, 0, 0, 0, 0, 1, 66
"/Users/johndoe/Documents/company/video_ops/projects/ai-math/02-hallucinated-lemmas/animation.md", "Markdown", 0, 0, 22, 0, 0, 0, 0, 0, 0, 0, 0, 0, 0, 0, 0, 8, 11, 41
"/Users/johndoe/Documents/company/video_ops/projects/ai-math/02-hallucinated-lemmas/script.md", "Markdown", 0, 0, 7, 0, 0, 0, 0, 0, 0, 0, 0, 0, 0, 0, 0, 0, 4, 11
"/Users/johndoe/Documents/company/video_ops/projects/ai-math/02-hallucinated-lemmas/social-posts.json", "JSON", 65, 0, 0, 0, 0, 0, 0, 0, 0, 0, 0, 0, 0, 0, 0, 0, 1, 66
"/Users/johndoe/Documents/company/video_ops/projects/ai-math/03-proofs-that-typecheck-wrong/animation.md", "Markdown", 0, 0, 22, 0, 0, 0, 0, 0, 0, 0, 0, 0, 0, 0, 0, 8, 11, 41
"/Users/johndoe/Documents/company/video_ops/projects/ai-math/03-proofs-that-typecheck-wrong/script.md", "Markdown", 0, 0, 7, 0, 0, 0, 0, 0, 0, 0, 0, 0, 0, 0, 0, 0, 4, 11
"/Users/johndoe/Documents/company/video_ops/projects/ai-math/03-proofs-that-typecheck-wrong/social-posts.json", "JSON", 65, 0, 0, 0, 0, 0, 0, 0, 0, 0, 0, 0, 0, 0, 0, 0, 1, 66
"/Users/johndoe/Documents/company/video_ops/projects/ai-math/04-autoformalization-hype/animation.md", "Markdown", 0, 0, 22, 0, 0, 0, 0, 0, 0, 0, 0, 0, 0, 0, 0, 8, 11, 41
"/Users/johndoe/Documents/company/video_ops/projects/ai-math/04-autoformalization-hype/script.md", "Markdown", 0, 0, 7, 0, 0, 0, 0, 0, 0, 0, 0, 0, 0, 0, 0, 0, 4, 11
"/Users/johndoe/Documents/company/video_ops/projects/ai-math/04-autoformalization-hype/social-posts.json", "JSON", 65, 0, 0, 0, 0, 0, 0, 0, 0, 0, 0, 0, 0, 0, 0, 0, 1, 66
"/Users/johndoe/Documents/company/video_ops/projects/ai-math/05-agent-diff-review/animation.md", "Markdown", 0, 0, 38, 0, 0, 0, 0, 0, 0, 0, 0, 0, 0, 0, 0, 8, 23, 69
"/Users/johndoe/Documents/company/video_ops/projects/ai-math/05-agent-diff-review/script.md", "Markdown", 0, 0, 7, 0, 0, 0, 0, 0, 0, 0, 0, 0, 0, 0, 0, 0, 4, 11
"/Users/johndoe/Documents/company/video_ops/projects/ai-math/05-agent-diff-review/social-posts.json", "JSON", 65, 0, 0, 0, 0, 0, 0, 0, 0, 0, 0, 0, 0, 0, 0, 0, 1, 66
"/Users/johndoe/Documents/company/video_ops/projects/ai-math/06-news-imo-gold/animation.md", "Markdown", 0, 0, 22, 0, 0, 0, 0, 0, 0, 0, 0, 0, 0, 0, 0, 8, 11, 41
"/Users/johndoe/Documents/company/video_ops/projects/ai-math/06-news-imo-gold/script.md", "Markdown", 0, 0, 7, 0, 0, 0, 0, 0, 0, 0, 0, 0, 0, 0, 0, 0, 4, 11
"/Users/johndoe/Documents/company/video_ops/projects/ai-math/06-news-imo-gold/social-posts.json", "JSON", 65, 0, 0, 0, 0, 0, 0, 0, 0, 0, 0, 0, 0, 0, 0, 0, 1, 66
"/Users/johndoe/Documents/company/video_ops/projects/ai-math/07-copilot-for-lean/animation.md", "Markdown", 0, 0, 22, 0, 0, 0, 0, 0, 0, 0, 0, 0, 0, 0, 0, 8, 11, 41
"/Users/johndoe/Documents/company/video_ops/projects/ai-math/07-copilot-for-lean/script.md", "Markdown", 0, 0, 7, 0, 0, 0, 0, 0, 0, 0, 0, 0, 0, 0, 0, 0, 4, 11
"/Users/johndoe/Documents/company/video_ops/projects/ai-math/07-copilot-for-lean/social-posts.json", "JSON", 65, 0, 0, 0, 0, 0, 0, 0, 0, 0, 0, 0, 0, 0, 0, 0, 1, 66
"/Users/johndoe/Documents/company/video_ops/projects/ai-math/08-synthetic-data-risk/animation.md", "Markdown", 0, 0, 22, 0, 0, 0, 0, 0, 0, 0, 0, 0, 0, 0, 0, 8, 11, 41
"/Users/johndoe/Documents/company/video_ops/projects/ai-math/08-synthetic-data-risk/script.md", "Markdown", 0, 0, 7, 0, 0, 0, 0, 0, 0, 0, 0, 0, 0, 0, 0, 0, 4, 11
"/Users/johndoe/Documents/company/video_ops/projects/ai-math/08-synthetic-data-risk/social-posts.json", "JSON", 65, 0, 0, 0, 0, 0, 0, 0, 0, 0, 0, 0, 0, 0, 0, 0, 1, 66
"/Users/johndoe/Documents/company/video_ops/projects/ai-math/09-human-in-the-loop/animation.md", "Markdown", 0, 0, 22, 0, 0, 0, 0, 0, 0, 0, 0, 0, 0, 0, 0, 8, 11, 41
"/Users/johndoe/Documents/company/video_ops/projects/ai-math/09-human-in-the-loop/script.md", "Markdown", 0, 0, 7, 0, 0, 0, 0, 0, 0, 0, 0, 0, 0, 0, 0, 0, 4, 11
"/Users/johndoe/Documents/company/video_ops/projects/ai-math/09-human-in-the-loop/social-posts.json", "JSON", 65, 0, 0, 0, 0, 0, 0, 0, 0, 0, 0, 0, 0, 0, 0, 0, 1, 66
"/Users/johndoe/Documents/company/video_ops/projects/ai-math/10-turn-vs-llm-chat/animation.md", "Markdown", 0, 0, 22, 0, 0, 0, 0, 0, 0, 0, 0, 0, 0, 0, 0, 8, 11, 41
"/Users/johndoe/Documents/company/video_ops/projects/ai-math/10-turn-vs-llm-chat/script.md", "Markdown", 0, 0, 7, 0, 0, 0, 0, 0, 0, 0, 0, 0, 0, 0, 0, 0, 4, 11
"/Users/johndoe/Documents/company/video_ops/projects/ai-math/10-turn-vs-llm-chat/social-posts.json", "JSON", 65, 0, 0, 0, 0, 0, 0, 0, 0, 0, 0, 0, 0, 0, 0, 0, 1, 66
"/Users/johndoe/Documents/company/video_ops/projects/ai-math/series.json", "JSON", 9, 0, 0, 0, 0, 0, 0, 0, 0, 0, 0, 0, 0, 0, 0, 0, 1, 10
"/Users/johndoe/Documents/company/video_ops/projects/algebra/01-spread-classes-into-partition/animation.json", "JSON", 79, 0, 0, 0, 0, 0, 0, 0, 0, 0, 0, 0, 0, 0, 0, 0, 1, 80
"/Users/johndoe/Documents/company/video_ops/projects/algebra/01-spread-classes-into-partition/animation.md", "Markdown", 0, 0, 51, 0, 0, 0, 0, 0, 0, 0, 0, 0, 0, 0, 0, 26, 22, 99
"/Users/johndoe/Documents/company/video_ops/projects/algebra/01-spread-classes-into-partition/remotion.json", "JSON", 7, 0, 0, 0, 0, 0, 0, 0, 0, 0, 0, 0, 0, 0, 0, 0, 1, 8
"/Users/johndoe/Documents/company/video_ops/projects/algebra/01-spread-classes-into-partition/script.md", "Markdown", 0, 0, 55, 0, 0, 0, 0, 0, 0, 0, 0, 0, 0, 0, 0, 0, 29, 84
"/Users/johndoe/Documents/company/video_ops/projects/algebra/01-spread-classes-into-partition/social-posts.json", "JSON", 69, 0, 0, 0, 0, 0, 0, 0, 0, 0, 0, 0, 0, 0, 0, 0, 1, 70
"/Users/johndoe/Documents/company/video_ops/projects/algebra/01-spread-classes-into-partition/tracks/scene-1-ide.json", "JSON", 11, 0, 0, 0, 0, 0, 0, 0, 0, 0, 0, 0, 0, 0, 0, 0, 1, 12
"/Users/johndoe/Documents/company/video_ops/projects/algebra/01-spread-classes-into-partition/tracks/scene-2-ide.json", "JSON", 43, 0, 0, 0, 0, 0, 0, 0, 0, 0, 0, 0, 0, 0, 0, 0, 1, 44
"/Users/johndoe/Documents/company/video_ops/projects/algebra/01-spread-classes-into-partition/tracks/scene-2-knowledge-data.json", "JSON", 124429, 0, 0, 0, 0, 0, 0, 0, 0, 0, 0, 0, 0, 0, 0, 0, 1, 124430
"/Users/johndoe/Documents/company/video_ops/projects/algebra/01-spread-classes-into-partition/tracks/scene-2-knowledge.json", "JSON", 174, 0, 0, 0, 0, 0, 0, 0, 0, 0, 0, 0, 0, 0, 0, 0, 1, 175
"/Users/johndoe/Documents/company/video_ops/projects/algebra/01-spread-classes-into-partition/tracks/scene-3-ide.json", "JSON", 39, 0, 0, 0, 0, 0, 0, 0, 0, 0, 0, 0, 0, 0, 0, 0, 1, 40
"/Users/johndoe/Documents/company/video_ops/projects/algebra/01-spread-classes-into-partition/tracks/scene-3-proof.json", "JSON", 13009, 0, 0, 0, 0, 0, 0, 0, 0, 0, 0, 0, 0, 0, 0, 0, 1, 13010
"/Users/johndoe/Documents/company/video_ops/projects/algebra/02-invertible-bijective-proof/animation.json", "JSON", 143, 0, 0, 0, 0, 0, 0, 0, 0, 0, 0, 0, 0, 0, 0, 0, 1, 144
"/Users/johndoe/Documents/company/video_ops/projects/algebra/02-invertible-bijective-proof/animation.md", "Markdown", 0, 0, 75, 0, 0, 0, 0, 0, 0, 0, 0, 0, 0, 0, 0, 52, 38, 165
"/Users/johndoe/Documents/company/video_ops/projects/algebra/02-invertible-bijective-proof/remotion.json", "JSON", 7, 0, 0, 0, 0, 0, 0, 0, 0, 0, 0, 0, 0, 0, 0, 0, 1, 8
"/Users/johndoe/Documents/company/video_ops/projects/algebra/02-invertible-bijective-proof/script.md", "Markdown", 0, 0, 83, 0, 0, 0, 0, 0, 0, 0, 0, 0, 0, 0, 0, 0, 45, 128
"/Users/johndoe/Documents/company/video_ops/projects/algebra/02-invertible-bijective-proof/social-posts.json", "JSON", 69, 0, 0, 0, 0, 0, 0, 0, 0, 0, 0, 0, 0, 0, 0, 0, 1, 70
"/Users/johndoe/Documents/company/video_ops/projects/algebra/02-invertible-bijective-proof/tracks/scene-2-ide.json", "JSON", 40, 0, 0, 0, 0, 0, 0, 0, 0, 0, 0, 0, 0, 0, 0, 0, 1, 41
"/Users/johndoe/Documents/company/video_ops/projects/algebra/02-invertible-bijective-proof/tracks/scene-3-ide.json", "JSON", 40, 0, 0, 0, 0, 0, 0, 0, 0, 0, 0, 0, 0, 0, 0, 0, 1, 41
"/Users/johndoe/Documents/company/video_ops/projects/algebra/03-functions-relations-equivalence/animation.json", "JSON", 703, 0, 0, 0, 0, 0, 0, 0, 0, 0, 0, 0, 0, 0, 0, 0, 1, 704
"/Users/johndoe/Documents/company/video_ops/projects/algebra/03-functions-relations-equivalence/animation.md", "Markdown", 0, 0, 363, 0, 0, 0, 0, 0, 0, 0, 0, 0, 0, 0, 0, 273, 199, 835
"/Users/johndoe/Documents/company/video_ops/projects/algebra/03-functions-relations-equivalence/remotion.json", "JSON", 7, 0, 0, 0, 0, 0, 0, 0, 0, 0, 0, 0, 0, 0, 0, 0, 1, 8
"/Users/johndoe/Documents/company/video_ops/projects/algebra/03-functions-relations-equivalence/script.md", "Markdown", 0, 0, 411, 0, 0, 0, 0, 0, 0, 0, 0, 0, 0, 0, 0, 0, 199, 610
"/Users/johndoe/Documents/company/video_ops/projects/algebra/03-functions-relations-equivalence/social-posts.json", "JSON", 69, 0, 0, 0, 0, 0, 0, 0, 0, 0, 0, 0, 0, 0, 0, 0, 1, 70
"/Users/johndoe/Documents/company/video_ops/projects/algebra/03-functions-relations-equivalence/tracks/scene-11-ide.json", "JSON", 40, 0, 0, 0, 0, 0, 0, 0, 0, 0, 0, 0, 0, 0, 0, 0, 1, 41
"/Users/johndoe/Documents/company/video_ops/projects/algebra/03-functions-relations-equivalence/tracks/scene-12-ide.json", "JSON", 40, 0, 0, 0, 0, 0, 0, 0, 0, 0, 0, 0, 0, 0, 0, 0, 1, 41
"/Users/johndoe/Documents/company/video_ops/projects/algebra/03-functions-relations-equivalence/tracks/scene-13-ide.json", "JSON", 40, 0, 0, 0, 0, 0, 0, 0, 0, 0, 0, 0, 0, 0, 0, 0, 1, 41
"/Users/johndoe/Documents/company/video_ops/projects/algebra/03-functions-relations-equivalence/tracks/scene-15-ide.json", "JSON", 40, 0, 0, 0, 0, 0, 0, 0, 0, 0, 0, 0, 0, 0, 0, 0, 1, 41
"/Users/johndoe/Documents/company/video_ops/projects/algebra/03-functions-relations-equivalence/tracks/scene-17-ide.json", "JSON", 40, 0, 0, 0, 0, 0, 0, 0, 0, 0, 0, 0, 0, 0, 0, 0, 1, 41
"/Users/johndoe/Documents/company/video_ops/projects/algebra/03-functions-relations-equivalence/tracks/scene-18-ide.json", "JSON", 40, 0, 0, 0, 0, 0, 0, 0, 0, 0, 0, 0, 0, 0, 0, 0, 1, 41
"/Users/johndoe/Documents/company/video_ops/projects/algebra/03-functions-relations-equivalence/tracks/scene-19-ide.json", "JSON", 40, 0, 0, 0, 0, 0, 0, 0, 0, 0, 0, 0, 0, 0, 0, 0, 1, 41
"/Users/johndoe/Documents/company/video_ops/projects/algebra/03-functions-relations-equivalence/tracks/scene-20-ide.json", "JSON", 40, 0, 0, 0, 0, 0, 0, 0, 0, 0, 0, 0, 0, 0, 0, 0, 1, 41
"/Users/johndoe/Documents/company/video_ops/projects/algebra/03-functions-relations-equivalence/tracks/scene-3-ide.json", "JSON", 40, 0, 0, 0, 0, 0, 0, 0, 0, 0, 0, 0, 0, 0, 0, 0, 1, 41
"/Users/johndoe/Documents/company/video_ops/projects/algebra/03-functions-relations-equivalence/tracks/scene-5-ide.json", "JSON", 40, 0, 0, 0, 0, 0, 0, 0, 0, 0, 0, 0, 0, 0, 0, 0, 1, 41
"/Users/johndoe/Documents/company/video_ops/projects/algebra/03-functions-relations-equivalence/tracks/scene-6-ide.json", "JSON", 40, 0, 0, 0, 0, 0, 0, 0, 0, 0, 0, 0, 0, 0, 0, 0, 1, 41
"/Users/johndoe/Documents/company/video_ops/projects/algebra/03-functions-relations-equivalence/tracks/scene-8-ide.json", "JSON", 40, 0, 0, 0, 0, 0, 0, 0, 0, 0, 0, 0, 0, 0, 0, 0, 1, 41
"/Users/johndoe/Documents/company/video_ops/projects/algebra/03-functions-relations-equivalence/tracks/scene-9-ide.json", "JSON", 40, 0, 0, 0, 0, 0, 0, 0, 0, 0, 0, 0, 0, 0, 0, 0, 1, 41
"/Users/johndoe/Documents/company/video_ops/projects/algebra/04-partition-cutting-the-cake/animation.json", "JSON", 109, 0, 0, 0, 0, 0, 0, 0, 0, 0, 0, 0, 0, 0, 0, 0, 1, 110
"/Users/johndoe/Documents/company/video_ops/projects/algebra/04-partition-cutting-the-cake/animation.md", "Markdown", 0, 0, 52, 0, 0, 0, 0, 0, 0, 0, 0, 0, 0, 0, 0, 39, 28, 119
"/Users/johndoe/Documents/company/video_ops/projects/algebra/04-partition-cutting-the-cake/remotion.json", "JSON", 7, 0, 0, 0, 0, 0, 0, 0, 0, 0, 0, 0, 0, 0, 0, 0, 1, 8
"/Users/johndoe/Documents/company/video_ops/projects/algebra/04-partition-cutting-the-cake/script.md", "Markdown", 0, 0, 76, 0, 0, 0, 0, 0, 0, 0, 0, 0, 0, 0, 0, 0, 41, 117
"/Users/johndoe/Documents/company/video_ops/projects/algebra/04-partition-cutting-the-cake/social-posts.json", "JSON", 68, 0, 0, 0, 0, 0, 0, 0, 0, 0, 0, 0, 0, 0, 0, 0, 1, 69
"/Users/johndoe/Documents/company/video_ops/projects/algebra/04-partition-cutting-the-cake/tracks/scene-2-ide.json", "JSON", 40, 0, 0, 0, 0, 0, 0, 0, 0, 0, 0, 0, 0, 0, 0, 0, 1, 41
"/Users/johndoe/Documents/company/video_ops/projects/algebra/05-equivalence-weaker-than-equality/animation.json", "JSON", 374, 0, 0, 0, 0, 0, 0, 0, 0, 0, 0, 0, 0, 0, 0, 0, 1, 375
"/Users/johndoe/Documents/company/video_ops/projects/algebra/05-equivalence-weaker-than-equality/animation.md", "Markdown", 0, 0, 220, 0, 0, 0, 0, 0, 0, 0, 0, 0, 0, 0, 0, 33, 161, 414
"/Users/johndoe/Documents/company/video_ops/projects/algebra/05-equivalence-weaker-than-equality/remotion.json", "JSON", 7, 0, 0, 0, 0, 0, 0, 0, 0, 0, 0, 0, 0, 0, 0, 0, 1, 8
"/Users/johndoe/Documents/company/video_ops/projects/algebra/05-equivalence-weaker-than-equality/script.md", "Markdown", 0, 0, 66, 0, 0, 0, 0, 0, 0, 0, 0, 0, 0, 0, 0, 0, 43, 109
"/Users/johndoe/Documents/company/video_ops/projects/algebra/05-equivalence-weaker-than-equality/social-posts.json", "JSON", 68, 0, 0, 0, 0, 0, 0, 0, 0, 0, 0, 0, 0, 0, 0, 0, 1, 69
"/Users/johndoe/Documents/company/video_ops/projects/algebra/06-relations-bag-of-pairs/animation.json", "JSON", 140, 0, 0, 0, 0, 0, 0, 0, 0, 0, 0, 0, 0, 0, 0, 0, 1, 141
"/Users/johndoe/Documents/company/video_ops/projects/algebra/06-relations-bag-of-pairs/animation.md", "Markdown", 0, 0, 54, 0, 0, 0, 0, 0, 0, 0, 0, 0, 0, 0, 0, 52, 37, 143
"/Users/johndoe/Documents/company/video_ops/projects/algebra/06-relations-bag-of-pairs/remotion.json", "JSON", 7, 0, 0, 0, 0, 0, 0, 0, 0, 0, 0, 0, 0, 0, 0, 0, 1, 8
"/Users/johndoe/Documents/company/video_ops/projects/algebra/06-relations-bag-of-pairs/script.md", "Markdown", 0, 0, 80, 0, 0, 0, 0, 0, 0, 0, 0, 0, 0, 0, 0, 0, 50, 130
"/Users/johndoe/Documents/company/video_ops/projects/algebra/06-relations-bag-of-pairs/social-posts.json", "JSON", 68, 0, 0, 0, 0, 0, 0, 0, 0, 0, 0, 0, 0, 0, 0, 0, 1, 69
"/Users/johndoe/Documents/company/video_ops/projects/algebra/06-relations-bag-of-pairs/tracks/scene-3-ide.json", "JSON", 40, 0, 0, 0, 0, 0, 0, 0, 0, 0, 0, 0, 0, 0, 0, 0, 1, 41
"/Users/johndoe/Documents/company/video_ops/projects/algebra/07-theorem-125-what-formed-means/animation.json", "JSON", 109, 0, 0, 0, 0, 0, 0, 0, 0, 0, 0, 0, 0, 0, 0, 0, 1, 110
"/Users/johndoe/Documents/company/video_ops/projects/algebra/07-theorem-125-what-formed-means/animation.md", "Markdown", 0, 0, 54, 0, 0, 0, 0, 0, 0, 0, 0, 0, 0, 0, 0, 39, 29, 122
"/Users/johndoe/Documents/company/video_ops/projects/algebra/07-theorem-125-what-formed-means/remotion.json", "JSON", 7, 0, 0, 0, 0, 0, 0, 0, 0, 0, 0, 0, 0, 0, 0, 0, 1, 8
"/Users/johndoe/Documents/company/video_ops/projects/algebra/07-theorem-125-what-formed-means/script.md", "Markdown", 0, 0, 78, 0, 0, 0, 0, 0, 0, 0, 0, 0, 0, 0, 0, 0, 42, 120
"/Users/johndoe/Documents/company/video_ops/projects/algebra/07-theorem-125-what-formed-means/social-posts.json", "JSON", 68, 0, 0, 0, 0, 0, 0, 0, 0, 0, 0, 0, 0, 0, 0, 0, 1, 69
"/Users/johndoe/Documents/company/video_ops/projects/algebra/07-theorem-125-what-formed-means/tracks/scene-2-ide.json", "JSON", 40, 0, 0, 0, 0, 0, 0, 0, 0, 0, 0, 0, 0, 0, 0, 0, 1, 41
"/Users/johndoe/Documents/company/video_ops/projects/algebra/CLIPS-FROM-1.2-README.md", "Markdown", 0, 0, 36, 0, 0, 0, 0, 0, 0, 0, 0, 0, 0, 0, 0, 0, 13, 49
"/Users/johndoe/Documents/company/video_ops/projects/algebra/series.json", "JSON", 7, 0, 0, 0, 0, 0, 0, 0, 0, 0, 0, 0, 0, 0, 0, 0, 1, 8
"/Users/johndoe/Documents/company/video_ops/projects/compare/01-injective-vs-surjective/animation.md", "Markdown", 0, 0, 36, 0, 0, 0, 0, 0, 0, 0, 0, 0, 0, 0, 0, 9, 13, 58
"/Users/johndoe/Documents/company/video_ops/projects/compare/01-injective-vs-surjective/script.md", "Markdown", 0, 0, 7, 0, 0, 0, 0, 0, 0, 0, 0, 0, 0, 0, 0, 0, 4, 11
"/Users/johndoe/Documents/company/video_ops/projects/compare/01-injective-vs-surjective/social-posts.json", "JSON", 65, 0, 0, 0, 0, 0, 0, 0, 0, 0, 0, 0, 0, 0, 0, 0, 1, 66
"/Users/johndoe/Documents/company/video_ops/projects/compare/02-image-and-range/animation.md", "Markdown", 0, 0, 36, 0, 0, 0, 0, 0, 0, 0, 0, 0, 0, 0, 0, 9, 13, 58
"/Users/johndoe/Documents/company/video_ops/projects/compare/02-image-and-range/script.md", "Markdown", 0, 0, 7, 0, 0, 0, 0, 0, 0, 0, 0, 0, 0, 0, 0, 0, 4, 11
"/Users/johndoe/Documents/company/video_ops/projects/compare/02-image-and-range/social-posts.json", "JSON", 65, 0, 0, 0, 0, 0, 0, 0, 0, 0, 0, 0, 0, 0, 0, 0, 1, 66
"/Users/johndoe/Documents/company/video_ops/projects/compare/03-composition-associativity/animation.md", "Markdown", 0, 0, 36, 0, 0, 0, 0, 0, 0, 0, 0, 0, 0, 0, 0, 9, 13, 58
"/Users/johndoe/Documents/company/video_ops/projects/compare/03-composition-associativity/script.md", "Markdown", 0, 0, 7, 0, 0, 0, 0, 0, 0, 0, 0, 0, 0, 0, 0, 0, 4, 11
"/Users/johndoe/Documents/company/video_ops/projects/compare/03-composition-associativity/social-posts.json", "JSON", 65, 0, 0, 0, 0, 0, 0, 0, 0, 0, 0, 0, 0, 0, 0, 0, 1, 66
"/Users/johndoe/Documents/company/video_ops/projects/compare/04-equivalence-relation-axioms/animation.md", "Markdown", 0, 0, 36, 0, 0, 0, 0, 0, 0, 0, 0, 0, 0, 0, 0, 9, 13, 58
"/Users/johndoe/Documents/company/video_ops/projects/compare/04-equivalence-relation-axioms/script.md", "Markdown", 0, 0, 7, 0, 0, 0, 0, 0, 0, 0, 0, 0, 0, 0, 0, 0, 4, 11
"/Users/johndoe/Documents/company/video_ops/projects/compare/04-equivalence-relation-axioms/social-posts.json", "JSON", 65, 0, 0, 0, 0, 0, 0, 0, 0, 0, 0, 0, 0, 0, 0, 0, 1, 66
"/Users/johndoe/Documents/company/video_ops/projects/compare/05-quotient-type-vs-setoid/animation.md", "Markdown", 0, 0, 36, 0, 0, 0, 0, 0, 0, 0, 0, 0, 0, 0, 0, 9, 13, 58
"/Users/johndoe/Documents/company/video_ops/projects/compare/05-quotient-type-vs-setoid/script.md", "Markdown", 0, 0, 7, 0, 0, 0, 0, 0, 0, 0, 0, 0, 0, 0, 0, 0, 4, 11
"/Users/johndoe/Documents/company/video_ops/projects/compare/05-quotient-type-vs-setoid/social-posts.json", "JSON", 65, 0, 0, 0, 0, 0, 0, 0, 0, 0, 0, 0, 0, 0, 0, 0, 1, 66
"/Users/johndoe/Documents/company/video_ops/projects/compare/06-group-homomorphism/animation.md", "Markdown", 0, 0, 36, 0, 0, 0, 0, 0, 0, 0, 0, 0, 0, 0, 0, 9, 13, 58
"/Users/johndoe/Documents/company/video_ops/projects/compare/06-group-homomorphism/script.md", "Markdown", 0, 0, 7, 0, 0, 0, 0, 0, 0, 0, 0, 0, 0, 0, 0, 0, 4, 11
"/Users/johndoe/Documents/company/video_ops/projects/compare/06-group-homomorphism/social-posts.json", "JSON", 65, 0, 0, 0, 0, 0, 0, 0, 0, 0, 0, 0, 0, 0, 0, 0, 1, 66
"/Users/johndoe/Documents/company/video_ops/projects/compare/07-kernel-and-image/animation.md", "Markdown", 0, 0, 36, 0, 0, 0, 0, 0, 0, 0, 0, 0, 0, 0, 0, 9, 13, 58
"/Users/johndoe/Documents/company/video_ops/projects/compare/07-kernel-and-image/script.md", "Markdown", 0, 0, 7, 0, 0, 0, 0, 0, 0, 0, 0, 0, 0, 0, 0, 0, 4, 11
"/Users/johndoe/Documents/company/video_ops/projects/compare/07-kernel-and-image/social-posts.json", "JSON", 65, 0, 0, 0, 0, 0, 0, 0, 0, 0, 0, 0, 0, 0, 0, 0, 1, 66
"/Users/johndoe/Documents/company/video_ops/projects/compare/08-order-of-an-element/animation.md", "Markdown", 0, 0, 36, 0, 0, 0, 0, 0, 0, 0, 0, 0, 0, 0, 0, 9, 13, 58
"/Users/johndoe/Documents/company/video_ops/projects/compare/08-order-of-an-element/script.md", "Markdown", 0, 0, 7, 0, 0, 0, 0, 0, 0, 0, 0, 0, 0, 0, 0, 0, 4, 11
"/Users/johndoe/Documents/company/video_ops/projects/compare/08-order-of-an-element/social-posts.json", "JSON", 65, 0, 0, 0, 0, 0, 0, 0, 0, 0, 0, 0, 0, 0, 0, 0, 1, 66
"/Users/johndoe/Documents/company/video_ops/projects/compare/09-subgroup-criterion/animation.md", "Markdown", 0, 0, 36, 0, 0, 0, 0, 0, 0, 0, 0, 0, 0, 0, 0, 9, 13, 58
"/Users/johndoe/Documents/company/video_ops/projects/compare/09-subgroup-criterion/script.md", "Markdown", 0, 0, 7, 0, 0, 0, 0, 0, 0, 0, 0, 0, 0, 0, 0, 0, 4, 11
"/Users/johndoe/Documents/company/video_ops/projects/compare/09-subgroup-criterion/social-posts.json", "JSON", 65, 0, 0, 0, 0, 0, 0, 0, 0, 0, 0, 0, 0, 0, 0, 0, 1, 66
"/Users/johndoe/Documents/company/video_ops/projects/compare/10-cosets-left-right/animation.md", "Markdown", 0, 0, 36, 0, 0, 0, 0, 0, 0, 0, 0, 0, 0, 0, 0, 9, 13, 58
"/Users/johndoe/Documents/company/video_ops/projects/compare/10-cosets-left-right/script.md", "Markdown", 0, 0, 7, 0, 0, 0, 0, 0, 0, 0, 0, 0, 0, 0, 0, 0, 4, 11
"/Users/johndoe/Documents/company/video_ops/projects/compare/10-cosets-left-right/social-posts.json", "JSON", 65, 0, 0, 0, 0, 0, 0, 0, 0, 0, 0, 0, 0, 0, 0, 0, 1, 66
"/Users/johndoe/Documents/company/video_ops/projects/compare/series.json", "JSON", 11, 0, 0, 0, 0, 0, 0, 0, 0, 0, 0, 0, 0, 0, 0, 0, 1, 12
"/Users/johndoe/Documents/company/video_ops/projects/formal-math/01-proof-vs-calculation/animation.md", "Markdown", 0, 0, 22, 0, 0, 0, 0, 0, 0, 0, 0, 0, 0, 0, 0, 8, 11, 41
"/Users/johndoe/Documents/company/video_ops/projects/formal-math/01-proof-vs-calculation/script.md", "Markdown", 0, 0, 7, 0, 0, 0, 0, 0, 0, 0, 0, 0, 0, 0, 0, 0, 4, 11
"/Users/johndoe/Documents/company/video_ops/projects/formal-math/01-proof-vs-calculation/social-posts.json", "JSON", 65, 0, 0, 0, 0, 0, 0, 0, 0, 0, 0, 0, 0, 0, 0, 0, 1, 66
"/Users/johndoe/Documents/company/video_ops/projects/formal-math/02-definitions-are-apis/animation.md", "Markdown", 0, 0, 22, 0, 0, 0, 0, 0, 0, 0, 0, 0, 0, 0, 0, 8, 11, 41
"/Users/johndoe/Documents/company/video_ops/projects/formal-math/02-definitions-are-apis/script.md", "Markdown", 0, 0, 7, 0, 0, 0, 0, 0, 0, 0, 0, 0, 0, 0, 0, 0, 4, 11
"/Users/johndoe/Documents/company/video_ops/projects/formal-math/02-definitions-are-apis/social-posts.json", "JSON", 65, 0, 0, 0, 0, 0, 0, 0, 0, 0, 0, 0, 0, 0, 0, 0, 1, 66
"/Users/johndoe/Documents/company/video_ops/projects/formal-math/03-what-a-goal-is/animation.md", "Markdown", 0, 0, 22, 0, 0, 0, 0, 0, 0, 0, 0, 0, 0, 0, 0, 8, 11, 41
"/Users/johndoe/Documents/company/video_ops/projects/formal-math/03-what-a-goal-is/script.md", "Markdown", 0, 0, 7, 0, 0, 0, 0, 0, 0, 0, 0, 0, 0, 0, 0, 0, 4, 11
"/Users/johndoe/Documents/company/video_ops/projects/formal-math/03-what-a-goal-is/social-posts.json", "JSON", 65, 0, 0, 0, 0, 0, 0, 0, 0, 0, 0, 0, 0, 0, 0, 0, 1, 66
"/Users/johndoe/Documents/company/video_ops/projects/formal-math/04-tactics-vs-terms/animation.md", "Markdown", 0, 0, 22, 0, 0, 0, 0, 0, 0, 0, 0, 0, 0, 0, 0, 8, 11, 41
"/Users/johndoe/Documents/company/video_ops/projects/formal-math/04-tactics-vs-terms/script.md", "Markdown", 0, 0, 7, 0, 0, 0, 0, 0, 0, 0, 0, 0, 0, 0, 0, 0, 4, 11
"/Users/johndoe/Documents/company/video_ops/projects/formal-math/04-tactics-vs-terms/social-posts.json", "JSON", 65, 0, 0, 0, 0, 0, 0, 0, 0, 0, 0, 0, 0, 0, 0, 0, 1, 66
"/Users/johndoe/Documents/company/video_ops/projects/formal-math/05-side-conditions/animation.md", "Markdown", 0, 0, 22, 0, 0, 0, 0, 0, 0, 0, 0, 0, 0, 0, 0, 8, 11, 41
"/Users/johndoe/Documents/company/video_ops/projects/formal-math/05-side-conditions/script.md", "Markdown", 0, 0, 7, 0, 0, 0, 0, 0, 0, 0, 0, 0, 0, 0, 0, 0, 4, 11
"/Users/johndoe/Documents/company/video_ops/projects/formal-math/05-side-conditions/social-posts.json", "JSON", 65, 0, 0, 0, 0, 0, 0, 0, 0, 0, 0, 0, 0, 0, 0, 0, 1, 66
"/Users/johndoe/Documents/company/video_ops/projects/formal-math/06-notation-is-not-meaning/animation.md", "Markdown", 0, 0, 22, 0, 0, 0, 0, 0, 0, 0, 0, 0, 0, 0, 0, 8, 11, 41
"/Users/johndoe/Documents/company/video_ops/projects/formal-math/06-notation-is-not-meaning/script.md", "Markdown", 0, 0, 7, 0, 0, 0, 0, 0, 0, 0, 0, 0, 0, 0, 0, 0, 4, 11
"/Users/johndoe/Documents/company/video_ops/projects/formal-math/06-notation-is-not-meaning/social-posts.json", "JSON", 65, 0, 0, 0, 0, 0, 0, 0, 0, 0, 0, 0, 0, 0, 0, 0, 1, 66
"/Users/johndoe/Documents/company/video_ops/projects/formal-math/07-libraries-as-cities/animation.md", "Markdown", 0, 0, 22, 0, 0, 0, 0, 0, 0, 0, 0, 0, 0, 0, 0, 8, 11, 41
"/Users/johndoe/Documents/company/video_ops/projects/formal-math/07-libraries-as-cities/script.md", "Markdown", 0, 0, 7, 0, 0, 0, 0, 0, 0, 0, 0, 0, 0, 0, 0, 0, 4, 11
"/Users/johndoe/Documents/company/video_ops/projects/formal-math/07-libraries-as-cities/social-posts.json", "JSON", 65, 0, 0, 0, 0, 0, 0, 0, 0, 0, 0, 0, 0, 0, 0, 0, 1, 66
"/Users/johndoe/Documents/company/video_ops/projects/formal-math/08-refusal-is-a-feature/animation.md", "Markdown", 0, 0, 22, 0, 0, 0, 0, 0, 0, 0, 0, 0, 0, 0, 0, 8, 11, 41
"/Users/johndoe/Documents/company/video_ops/projects/formal-math/08-refusal-is-a-feature/script.md", "Markdown", 0, 0, 7, 0, 0, 0, 0, 0, 0, 0, 0, 0, 0, 0, 0, 0, 4, 11
"/Users/johndoe/Documents/company/video_ops/projects/formal-math/08-refusal-is-a-feature/social-posts.json", "JSON", 65, 0, 0, 0, 0, 0, 0, 0, 0, 0, 0, 0, 0, 0, 0, 0, 1, 66
"/Users/johndoe/Documents/company/video_ops/projects/formal-math/09-python-intuition-trap/animation.md", "Markdown", 0, 0, 22, 0, 0, 0, 0, 0, 0, 0, 0, 0, 0, 0, 0, 8, 11, 41
"/Users/johndoe/Documents/company/video_ops/projects/formal-math/09-python-intuition-trap/script.md", "Markdown", 0, 0, 7, 0, 0, 0, 0, 0, 0, 0, 0, 0, 0, 0, 0, 0, 4, 11
"/Users/johndoe/Documents/company/video_ops/projects/formal-math/09-python-intuition-trap/social-posts.json", "JSON", 65, 0, 0, 0, 0, 0, 0, 0, 0, 0, 0, 0, 0, 0, 0, 0, 1, 66
"/Users/johndoe/Documents/company/video_ops/projects/formal-math/10-matlab-to-proof/animation.md", "Markdown", 0, 0, 22, 0, 0, 0, 0, 0, 0, 0, 0, 0, 0, 0, 0, 8, 11, 41
"/Users/johndoe/Documents/company/video_ops/projects/formal-math/10-matlab-to-proof/script.md", "Markdown", 0, 0, 7, 0, 0, 0, 0, 0, 0, 0, 0, 0, 0, 0, 0, 0, 4, 11
"/Users/johndoe/Documents/company/video_ops/projects/formal-math/10-matlab-to-proof/social-posts.json", "JSON", 65, 0, 0, 0, 0, 0, 0, 0, 0, 0, 0, 0, 0, 0, 0, 0, 1, 66
"/Users/johndoe/Documents/company/video_ops/projects/formal-math/series.json", "JSON", 9, 0, 0, 0, 0, 0, 0, 0, 0, 0, 0, 0, 0, 0, 0, 0, 1, 10
"/Users/johndoe/Documents/company/video_ops/projects/launch/01-workspace-first-open/animation.md", "Markdown", 0, 0, 22, 0, 0, 0, 0, 0, 0, 0, 0, 0, 0, 0, 0, 8, 11, 41
"/Users/johndoe/Documents/company/video_ops/projects/launch/01-workspace-first-open/script.md", "Markdown", 0, 0, 7, 0, 0, 0, 0, 0, 0, 0, 0, 0, 0, 0, 0, 0, 4, 11
"/Users/johndoe/Documents/company/video_ops/projects/launch/01-workspace-first-open/social-posts.json", "JSON", 65, 0, 0, 0, 0, 0, 0, 0, 0, 0, 0, 0, 0, 0, 0, 0, 1, 66
"/Users/johndoe/Documents/company/video_ops/projects/launch/02-proof-tree-export/animation.md", "Markdown", 0, 0, 22, 0, 0, 0, 0, 0, 0, 0, 0, 0, 0, 0, 0, 8, 11, 41
"/Users/johndoe/Documents/company/video_ops/projects/launch/02-proof-tree-export/script.md", "Markdown", 0, 0, 7, 0, 0, 0, 0, 0, 0, 0, 0, 0, 0, 0, 0, 0, 4, 11
"/Users/johndoe/Documents/company/video_ops/projects/launch/02-proof-tree-export/social-posts.json", "JSON", 65, 0, 0, 0, 0, 0, 0, 0, 0, 0, 0, 0, 0, 0, 0, 0, 1, 66
"/Users/johndoe/Documents/company/video_ops/projects/launch/03-inline-premise/animation.md", "Markdown", 0, 0, 22, 0, 0, 0, 0, 0, 0, 0, 0, 0, 0, 0, 0, 8, 11, 41
"/Users/johndoe/Documents/company/video_ops/projects/launch/03-inline-premise/script.md", "Markdown", 0, 0, 7, 0, 0, 0, 0, 0, 0, 0, 0, 0, 0, 0, 0, 0, 4, 11
"/Users/johndoe/Documents/company/video_ops/projects/launch/03-inline-premise/social-posts.json", "JSON", 65, 0, 0, 0, 0, 0, 0, 0, 0, 0, 0, 0, 0, 0, 0, 0, 1, 66
"/Users/johndoe/Documents/company/video_ops/projects/launch/04-receipt-panel/animation.md", "Markdown", 0, 0, 22, 0, 0, 0, 0, 0, 0, 0, 0, 0, 0, 0, 0, 8, 11, 41
"/Users/johndoe/Documents/company/video_ops/projects/launch/04-receipt-panel/script.md", "Markdown", 0, 0, 7, 0, 0, 0, 0, 0, 0, 0, 0, 0, 0, 0, 0, 0, 4, 11
"/Users/johndoe/Documents/company/video_ops/projects/launch/04-receipt-panel/social-posts.json", "JSON", 65, 0, 0, 0, 0, 0, 0, 0, 0, 0, 0, 0, 0, 0, 0, 0, 1, 66
"/Users/johndoe/Documents/company/video_ops/projects/launch/05-mobile-teleprompter/animation.md", "Markdown", 0, 0, 22, 0, 0, 0, 0, 0, 0, 0, 0, 0, 0, 0, 0, 8, 11, 41
"/Users/johndoe/Documents/company/video_ops/projects/launch/05-mobile-teleprompter/script.md", "Markdown", 0, 0, 7, 0, 0, 0, 0, 0, 0, 0, 0, 0, 0, 0, 0, 0, 4, 11
"/Users/johndoe/Documents/company/video_ops/projects/launch/05-mobile-teleprompter/social-posts.json", "JSON", 65, 0, 0, 0, 0, 0, 0, 0, 0, 0, 0, 0, 0, 0, 0, 0, 1, 66
"/Users/johndoe/Documents/company/video_ops/projects/launch/06-compare-mode-reveal/animation.md", "Markdown", 0, 0, 22, 0, 0, 0, 0, 0, 0, 0, 0, 0, 0, 0, 0, 8, 11, 41
"/Users/johndoe/Documents/company/video_ops/projects/launch/06-compare-mode-reveal/script.md", "Markdown", 0, 0, 7, 0, 0, 0, 0, 0, 0, 0, 0, 0, 0, 0, 0, 0, 4, 11
"/Users/johndoe/Documents/company/video_ops/projects/launch/06-compare-mode-reveal/social-posts.json", "JSON", 65, 0, 0, 0, 0, 0, 0, 0, 0, 0, 0, 0, 0, 0, 0, 0, 1, 66
"/Users/johndoe/Documents/company/video_ops/projects/launch/07-social-export/animation.md", "Markdown", 0, 0, 22, 0, 0, 0, 0, 0, 0, 0, 0, 0, 0, 0, 0, 8, 11, 41
"/Users/johndoe/Documents/company/video_ops/projects/launch/07-social-export/script.md", "Markdown", 0, 0, 7, 0, 0, 0, 0, 0, 0, 0, 0, 0, 0, 0, 0, 0, 4, 11
"/Users/johndoe/Documents/company/video_ops/projects/launch/07-social-export/social-posts.json", "JSON", 65, 0, 0, 0, 0, 0, 0, 0, 0, 0, 0, 0, 0, 0, 0, 0, 1, 66
"/Users/johndoe/Documents/company/video_ops/projects/launch/08-cover-generator/animation.md", "Markdown", 0, 0, 22, 0, 0, 0, 0, 0, 0, 0, 0, 0, 0, 0, 0, 8, 11, 41
"/Users/johndoe/Documents/company/video_ops/projects/launch/08-cover-generator/script.md", "Markdown", 0, 0, 7, 0, 0, 0, 0, 0, 0, 0, 0, 0, 0, 0, 0, 0, 4, 11
"/Users/johndoe/Documents/company/video_ops/projects/launch/08-cover-generator/social-posts.json", "JSON", 65, 0, 0, 0, 0, 0, 0, 0, 0, 0, 0, 0, 0, 0, 0, 0, 1, 66
"/Users/johndoe/Documents/company/video_ops/projects/launch/09-agent-keep-reject/animation.md", "Markdown", 0, 0, 22, 0, 0, 0, 0, 0, 0, 0, 0, 0, 0, 0, 0, 8, 11, 41
"/Users/johndoe/Documents/company/video_ops/projects/launch/09-agent-keep-reject/script.md", "Markdown", 0, 0, 7, 0, 0, 0, 0, 0, 0, 0, 0, 0, 0, 0, 0, 0, 4, 11
"/Users/johndoe/Documents/company/video_ops/projects/launch/09-agent-keep-reject/social-posts.json", "JSON", 65, 0, 0, 0, 0, 0, 0, 0, 0, 0, 0, 0, 0, 0, 0, 0, 1, 66
"/Users/johndoe/Documents/company/video_ops/projects/launch/10-trailer-cutdown/animation.md", "Markdown", 0, 0, 22, 0, 0, 0, 0, 0, 0, 0, 0, 0, 0, 0, 0, 8, 11, 41
"/Users/johndoe/Documents/company/video_ops/projects/launch/10-trailer-cutdown/script.md", "Markdown", 0, 0, 7, 0, 0, 0, 0, 0, 0, 0, 0, 0, 0, 0, 0, 0, 4, 11
"/Users/johndoe/Documents/company/video_ops/projects/launch/10-trailer-cutdown/social-posts.json", "JSON", 65, 0, 0, 0, 0, 0, 0, 0, 0, 0, 0, 0, 0, 0, 0, 0, 1, 66
"/Users/johndoe/Documents/company/video_ops/projects/launch/series.json", "JSON", 9, 0, 0, 0, 0, 0, 0, 0, 0, 0, 0, 0, 0, 0, 0, 0, 1, 10
"/Users/johndoe/Documents/company/video_ops/projects/logic-for-life/01-premises-you-live-by/animation.md", "Markdown", 0, 0, 22, 0, 0, 0, 0, 0, 0, 0, 0, 0, 0, 0, 0, 8, 11, 41
"/Users/johndoe/Documents/company/video_ops/projects/logic-for-life/01-premises-you-live-by/script.md", "Markdown", 0, 0, 7, 0, 0, 0, 0, 0, 0, 0, 0, 0, 0, 0, 0, 0, 4, 11
"/Users/johndoe/Documents/company/video_ops/projects/logic-for-life/01-premises-you-live-by/social-posts.json", "JSON", 65, 0, 0, 0, 0, 0, 0, 0, 0, 0, 0, 0, 0, 0, 0, 0, 1, 66
"/Users/johndoe/Documents/company/video_ops/projects/logic-for-life/02-burden-of-proof/animation.md", "Markdown", 0, 0, 22, 0, 0, 0, 0, 0, 0, 0, 0, 0, 0, 0, 0, 8, 11, 41
"/Users/johndoe/Documents/company/video_ops/projects/logic-for-life/02-burden-of-proof/script.md", "Markdown", 0, 0, 7, 0, 0, 0, 0, 0, 0, 0, 0, 0, 0, 0, 0, 0, 4, 11
"/Users/johndoe/Documents/company/video_ops/projects/logic-for-life/02-burden-of-proof/social-posts.json", "JSON", 65, 0, 0, 0, 0, 0, 0, 0, 0, 0, 0, 0, 0, 0, 0, 0, 1, 66
"/Users/johndoe/Documents/company/video_ops/projects/logic-for-life/03-vacuous-promises/animation.md", "Markdown", 0, 0, 22, 0, 0, 0, 0, 0, 0, 0, 0, 0, 0, 0, 0, 8, 11, 41
"/Users/johndoe/Documents/company/video_ops/projects/logic-for-life/03-vacuous-promises/script.md", "Markdown", 0, 0, 7, 0, 0, 0, 0, 0, 0, 0, 0, 0, 0, 0, 0, 0, 4, 11
"/Users/johndoe/Documents/company/video_ops/projects/logic-for-life/03-vacuous-promises/social-posts.json", "JSON", 65, 0, 0, 0, 0, 0, 0, 0, 0, 0, 0, 0, 0, 0, 0, 0, 1, 66
"/Users/johndoe/Documents/company/video_ops/projects/logic-for-life/04-equivocation-at-work/animation.md", "Markdown", 0, 0, 22, 0, 0, 0, 0, 0, 0, 0, 0, 0, 0, 0, 0, 8, 11, 41
"/Users/johndoe/Documents/company/video_ops/projects/logic-for-life/04-equivocation-at-work/script.md", "Markdown", 0, 0, 7, 0, 0, 0, 0, 0, 0, 0, 0, 0, 0, 0, 0, 0, 4, 11
"/Users/johndoe/Documents/company/video_ops/projects/logic-for-life/04-equivocation-at-work/social-posts.json", "JSON", 65, 0, 0, 0, 0, 0, 0, 0, 0, 0, 0, 0, 0, 0, 0, 0, 1, 66
"/Users/johndoe/Documents/company/video_ops/projects/logic-for-life/05-counterexample-courage/animation.md", "Markdown", 0, 0, 22, 0, 0, 0, 0, 0, 0, 0, 0, 0, 0, 0, 0, 8, 11, 41
"/Users/johndoe/Documents/company/video_ops/projects/logic-for-life/05-counterexample-courage/script.md", "Markdown", 0, 0, 7, 0, 0, 0, 0, 0, 0, 0, 0, 0, 0, 0, 0, 0, 4, 11
"/Users/johndoe/Documents/company/video_ops/projects/logic-for-life/05-counterexample-courage/social-posts.json", "JSON", 65, 0, 0, 0, 0, 0, 0, 0, 0, 0, 0, 0, 0, 0, 0, 0, 1, 66
"/Users/johndoe/Documents/company/video_ops/projects/logic-for-life/06-definitions-before-debate/animation.md", "Markdown", 0, 0, 22, 0, 0, 0, 0, 0, 0, 0, 0, 0, 0, 0, 0, 8, 11, 41
"/Users/johndoe/Documents/company/video_ops/projects/logic-for-life/06-definitions-before-debate/script.md", "Markdown", 0, 0, 7, 0, 0, 0, 0, 0, 0, 0, 0, 0, 0, 0, 0, 0, 4, 11
"/Users/johndoe/Documents/company/video_ops/projects/logic-for-life/06-definitions-before-debate/social-posts.json", "JSON", 65, 0, 0, 0, 0, 0, 0, 0, 0, 0, 0, 0, 0, 0, 0, 0, 1, 66
"/Users/johndoe/Documents/company/video_ops/projects/logic-for-life/07-necessary-vs-sufficient/animation.md", "Markdown", 0, 0, 22, 0, 0, 0, 0, 0, 0, 0, 0, 0, 0, 0, 0, 8, 11, 41
"/Users/johndoe/Documents/company/video_ops/projects/logic-for-life/07-necessary-vs-sufficient/script.md", "Markdown", 0, 0, 7, 0, 0, 0, 0, 0, 0, 0, 0, 0, 0, 0, 0, 0, 4, 11
"/Users/johndoe/Documents/company/video_ops/projects/logic-for-life/07-necessary-vs-sufficient/social-posts.json", "JSON", 65, 0, 0, 0, 0, 0, 0, 0, 0, 0, 0, 0, 0, 0, 0, 0, 1, 66
"/Users/johndoe/Documents/company/video_ops/projects/logic-for-life/08-proof-and-apology/animation.md", "Markdown", 0, 0, 22, 0, 0, 0, 0, 0, 0, 0, 0, 0, 0, 0, 0, 8, 11, 41
"/Users/johndoe/Documents/company/video_ops/projects/logic-for-life/08-proof-and-apology/script.md", "Markdown", 0, 0, 7, 0, 0, 0, 0, 0, 0, 0, 0, 0, 0, 0, 0, 0, 4, 11
"/Users/johndoe/Documents/company/video_ops/projects/logic-for-life/08-proof-and-apology/social-posts.json", "JSON", 65, 0, 0, 0, 0, 0, 0, 0, 0, 0, 0, 0, 0, 0, 0, 0, 1, 66
"/Users/johndoe/Documents/company/video_ops/projects/logic-for-life/09-laws-vs-vibes/animation.md", "Markdown", 0, 0, 22, 0, 0, 0, 0, 0, 0, 0, 0, 0, 0, 0, 0, 8, 11, 41
"/Users/johndoe/Documents/company/video_ops/projects/logic-for-life/09-laws-vs-vibes/script.md", "Markdown", 0, 0, 7, 0, 0, 0, 0, 0, 0, 0, 0, 0, 0, 0, 0, 0, 4, 11
"/Users/johndoe/Documents/company/video_ops/projects/logic-for-life/09-laws-vs-vibes/social-posts.json", "JSON", 65, 0, 0, 0, 0, 0, 0, 0, 0, 0, 0, 0, 0, 0, 0, 0, 1, 66
"/Users/johndoe/Documents/company/video_ops/projects/logic-for-life/10-growth-as-refinement/animation.md", "Markdown", 0, 0, 22, 0, 0, 0, 0, 0, 0, 0, 0, 0, 0, 0, 0, 8, 11, 41
"/Users/johndoe/Documents/company/video_ops/projects/logic-for-life/10-growth-as-refinement/script.md", "Markdown", 0, 0, 7, 0, 0, 0, 0, 0, 0, 0, 0, 0, 0, 0, 0, 0, 4, 11
"/Users/johndoe/Documents/company/video_ops/projects/logic-for-life/10-growth-as-refinement/social-posts.json", "JSON", 65, 0, 0, 0, 0, 0, 0, 0, 0, 0, 0, 0, 0, 0, 0, 0, 1, 66
"/Users/johndoe/Documents/company/video_ops/projects/logic-for-life/series.json", "JSON", 9, 0, 0, 0, 0, 0, 0, 0, 0, 0, 0, 0, 0, 0, 0, 0, 1, 10
"/Users/johndoe/Documents/company/video_ops/projects/pitfalls/01-surjective-quantifier-order/animation.json", "JSON", 146, 0, 0, 0, 0, 0, 0, 0, 0, 0, 0, 0, 0, 0, 0, 0, 1, 147
"/Users/johndoe/Documents/company/video_ops/projects/pitfalls/01-surjective-quantifier-order/animation.md", "Markdown", 0, 0, 58, 0, 0, 0, 0, 0, 0, 0, 0, 0, 0, 0, 0, 53, 35, 146
"/Users/johndoe/Documents/company/video_ops/projects/pitfalls/01-surjective-quantifier-order/remotion.json", "JSON", 7, 0, 0, 0, 0, 0, 0, 0, 0, 0, 0, 0, 0, 0, 0, 0, 1, 8
"/Users/johndoe/Documents/company/video_ops/projects/pitfalls/01-surjective-quantifier-order/script.md", "Markdown", 0, 0, 79, 0, 0, 0, 0, 0, 0, 0, 0, 0, 0, 0, 0, 0, 50, 129
"/Users/johndoe/Documents/company/video_ops/projects/pitfalls/01-surjective-quantifier-order/social-posts.json", "JSON", 68, 0, 0, 0, 0, 0, 0, 0, 0, 0, 0, 0, 0, 0, 0, 0, 1, 69
"/Users/johndoe/Documents/company/video_ops/projects/pitfalls/01-surjective-quantifier-order/tracks/scene-3-ide.json", "JSON", 40, 0, 0, 0, 0, 0, 0, 0, 0, 0, 0, 0, 0, 0, 0, 0, 1, 41
"/Users/johndoe/Documents/company/video_ops/projects/pitfalls/02-witness-is-unpack-not-provide/animation.json", "JSON", 114, 0, 0, 0, 0, 0, 0, 0, 0, 0, 0, 0, 0, 0, 0, 0, 1, 115
"/Users/johndoe/Documents/company/video_ops/projects/pitfalls/02-witness-is-unpack-not-provide/animation.md", "Markdown", 0, 0, 52, 0, 0, 0, 0, 0, 0, 0, 0, 0, 0, 0, 0, 40, 28, 120
"/Users/johndoe/Documents/company/video_ops/projects/pitfalls/02-witness-is-unpack-not-provide/remotion.json", "JSON", 7, 0, 0, 0, 0, 0, 0, 0, 0, 0, 0, 0, 0, 0, 0, 0, 1, 8
"/Users/johndoe/Documents/company/video_ops/projects/pitfalls/02-witness-is-unpack-not-provide/script.md", "Markdown", 0, 0, 71, 0, 0, 0, 0, 0, 0, 0, 0, 0, 0, 0, 0, 0, 40, 111
"/Users/johndoe/Documents/company/video_ops/projects/pitfalls/02-witness-is-unpack-not-provide/social-posts.json", "JSON", 68, 0, 0, 0, 0, 0, 0, 0, 0, 0, 0, 0, 0, 0, 0, 0, 1, 69
"/Users/johndoe/Documents/company/video_ops/projects/pitfalls/02-witness-is-unpack-not-provide/tracks/scene-2-ide.json", "JSON", 40, 0, 0, 0, 0, 0, 0, 0, 0, 0, 0, 0, 0, 0, 0, 0, 1, 41
"/Users/johndoe/Documents/company/video_ops/projects/pitfalls/03-reject-a-false-premise/animation.json", "JSON", 156, 0, 0, 0, 0, 0, 0, 0, 0, 0, 0, 0, 0, 0, 0, 0, 1, 157
"/Users/johndoe/Documents/company/video_ops/projects/pitfalls/03-reject-a-false-premise/animation.md", "Markdown", 0, 0, 49, 0, 0, 0, 0, 0, 0, 0, 0, 0, 0, 0, 0, 52, 32, 133
"/Users/johndoe/Documents/company/video_ops/projects/pitfalls/03-reject-a-false-premise/remotion.json", "JSON", 30, 0, 0, 0, 0, 0, 0, 0, 0, 0, 0, 0, 0, 0, 0, 0, 1, 31
"/Users/johndoe/Documents/company/video_ops/projects/pitfalls/03-reject-a-false-premise/script.md", "Markdown", 0, 0, 72, 0, 0, 0, 0, 0, 0, 0, 0, 0, 0, 0, 0, 0, 48, 120
"/Users/johndoe/Documents/company/video_ops/projects/pitfalls/03-reject-a-false-premise/social-posts.json", "JSON", 68, 0, 0, 0, 0, 0, 0, 0, 0, 0, 0, 0, 0, 0, 0, 0, 1, 69
"/Users/johndoe/Documents/company/video_ops/projects/pitfalls/04-well-defined-one-input-two-outputs/animation.json", "JSON", 114, 0, 0, 0, 0, 0, 0, 0, 0, 0, 0, 0, 0, 0, 0, 0, 1, 115
"/Users/johndoe/Documents/company/video_ops/projects/pitfalls/04-well-defined-one-input-two-outputs/animation.md", "Markdown", 0, 0, 50, 0, 0, 0, 0, 0, 0, 0, 0, 0, 0, 0, 0, 40, 28, 118
"/Users/johndoe/Documents/company/video_ops/projects/pitfalls/04-well-defined-one-input-two-outputs/remotion.json", "JSON", 7, 0, 0, 0, 0, 0, 0, 0, 0, 0, 0, 0, 0, 0, 0, 0, 1, 8
"/Users/johndoe/Documents/company/video_ops/projects/pitfalls/04-well-defined-one-input-two-outputs/script.md", "Markdown", 0, 0, 71, 0, 0, 0, 0, 0, 0, 0, 0, 0, 0, 0, 0, 0, 42, 113
"/Users/johndoe/Documents/company/video_ops/projects/pitfalls/04-well-defined-one-input-two-outputs/social-posts.json", "JSON", 68, 0, 0, 0, 0, 0, 0, 0, 0, 0, 0, 0, 0, 0, 0, 0, 1, 69
"/Users/johndoe/Documents/company/video_ops/projects/pitfalls/04-well-defined-one-input-two-outputs/tracks/scene-2-ide.json", "JSON", 40, 0, 0, 0, 0, 0, 0, 0, 0, 0, 0, 0, 0, 0, 0, 0, 1, 41
"/Users/johndoe/Documents/company/video_ops/projects/pitfalls/05-exists-on-structure-is-a-claim/animation.json", "JSON", 113, 0, 0, 0, 0, 0, 0, 0, 0, 0, 0, 0, 0, 0, 0, 0, 1, 114
"/Users/johndoe/Documents/company/video_ops/projects/pitfalls/05-exists-on-structure-is-a-claim/animation.md", "Markdown", 0, 0, 48, 0, 0, 0, 0, 0, 0, 0, 0, 0, 0, 0, 0, 40, 28, 116
"/Users/johndoe/Documents/company/video_ops/projects/pitfalls/05-exists-on-structure-is-a-claim/remotion.json", "JSON", 7, 0, 0, 0, 0, 0, 0, 0, 0, 0, 0, 0, 0, 0, 0, 0, 1, 8
"/Users/johndoe/Documents/company/video_ops/projects/pitfalls/05-exists-on-structure-is-a-claim/script.md", "Markdown", 0, 0, 69, 0, 0, 0, 0, 0, 0, 0, 0, 0, 0, 0, 0, 0, 43, 112
"/Users/johndoe/Documents/company/video_ops/projects/pitfalls/05-exists-on-structure-is-a-claim/social-posts.json", "JSON", 68, 0, 0, 0, 0, 0, 0, 0, 0, 0, 0, 0, 0, 0, 0, 0, 1, 69
"/Users/johndoe/Documents/company/video_ops/projects/pitfalls/05-exists-on-structure-is-a-claim/tracks/scene-2-ide.json", "JSON", 40, 0, 0, 0, 0, 0, 0, 0, 0, 0, 0, 0, 0, 0, 0, 0, 1, 41
"/Users/johndoe/Documents/company/video_ops/projects/pitfalls/series.json", "JSON", 10, 0, 0, 0, 0, 0, 0, 0, 0, 0, 0, 0, 0, 0, 0, 0, 1, 11
"/Users/johndoe/Documents/company/video_ops/projects/syntax/01-trial-is-not-continuation/animation.json", "JSON", 145, 0, 0, 0, 0, 0, 0, 0, 0, 0, 0, 0, 0, 0, 0, 0, 1, 146
"/Users/johndoe/Documents/company/video_ops/projects/syntax/01-trial-is-not-continuation/animation.md", "Markdown", 0, 0, 68, 0, 0, 0, 0, 0, 0, 0, 0, 0, 0, 0, 0, 53, 35, 156
"/Users/johndoe/Documents/company/video_ops/projects/syntax/01-trial-is-not-continuation/remotion.json", "JSON", 7, 0, 0, 0, 0, 0, 0, 0, 0, 0, 0, 0, 0, 0, 0, 0, 1, 8
"/Users/johndoe/Documents/company/video_ops/projects/syntax/01-trial-is-not-continuation/script.md", "Markdown", 0, 0, 75, 0, 0, 0, 0, 0, 0, 0, 0, 0, 0, 0, 0, 0, 45, 120
"/Users/johndoe/Documents/company/video_ops/projects/syntax/01-trial-is-not-continuation/social-posts.json", "JSON", 69, 0, 0, 0, 0, 0, 0, 0, 0, 0, 0, 0, 0, 0, 0, 0, 1, 70
"/Users/johndoe/Documents/company/video_ops/projects/syntax/01-trial-is-not-continuation/tracks/scene-2-ide.json", "JSON", 40, 0, 0, 0, 0, 0, 0, 0, 0, 0, 0, 0, 0, 0, 0, 0, 1, 41
"/Users/johndoe/Documents/company/video_ops/projects/syntax/02-theorem-is-a-folder/animation.json", "JSON", 115, 0, 0, 0, 0, 0, 0, 0, 0, 0, 0, 0, 0, 0, 0, 0, 1, 116
"/Users/johndoe/Documents/company/video_ops/projects/syntax/02-theorem-is-a-folder/animation.md", "Markdown", 0, 0, 50, 0, 0, 0, 0, 0, 0, 0, 0, 0, 0, 0, 0, 40, 28, 118
"/Users/johndoe/Documents/company/video_ops/projects/syntax/02-theorem-is-a-folder/remotion.json", "JSON", 7, 0, 0, 0, 0, 0, 0, 0, 0, 0, 0, 0, 0, 0, 0, 0, 1, 8
"/Users/johndoe/Documents/company/video_ops/projects/syntax/02-theorem-is-a-folder/script.md", "Markdown", 0, 0, 54, 0, 0, 0, 0, 0, 0, 0, 0, 0, 0, 0, 0, 0, 37, 91
"/Users/johndoe/Documents/company/video_ops/projects/syntax/02-theorem-is-a-folder/social-posts.json", "JSON", 69, 0, 0, 0, 0, 0, 0, 0, 0, 0, 0, 0, 0, 0, 0, 0, 1, 70
"/Users/johndoe/Documents/company/video_ops/projects/syntax/02-theorem-is-a-folder/tracks/scene-1-ide.json", "JSON", 40, 0, 0, 0, 0, 0, 0, 0, 0, 0, 0, 0, 0, 0, 0, 0, 1, 41
"/Users/johndoe/Documents/company/video_ops/projects/syntax/03-export-proof-as-tree/animation.json", "JSON", 106, 0, 0, 0, 0, 0, 0, 0, 0, 0, 0, 0, 0, 0, 0, 0, 1, 107
"/Users/johndoe/Documents/company/video_ops/projects/syntax/03-export-proof-as-tree/animation.md", "Markdown", 0, 0, 32, 0, 0, 0, 0, 0, 0, 0, 0, 0, 0, 0, 0, 39, 23, 94
"/Users/johndoe/Documents/company/video_ops/projects/syntax/03-export-proof-as-tree/remotion.json", "JSON", 7, 0, 0, 0, 0, 0, 0, 0, 0, 0, 0, 0, 0, 0, 0, 0, 1, 8
"/Users/johndoe/Documents/company/video_ops/projects/syntax/03-export-proof-as-tree/script.md", "Markdown", 0, 0, 42, 0, 0, 0, 0, 0, 0, 0, 0, 0, 0, 0, 0, 0, 37, 79
"/Users/johndoe/Documents/company/video_ops/projects/syntax/03-export-proof-as-tree/social-posts.json", "JSON", 69, 0, 0, 0, 0, 0, 0, 0, 0, 0, 0, 0, 0, 0, 0, 0, 1, 70
"/Users/johndoe/Documents/company/video_ops/projects/syntax/04-close-and-split-at-once/animation.json", "JSON", 124, 0, 0, 0, 0, 0, 0, 0, 0, 0, 0, 0, 0, 0, 0, 0, 1, 125
"/Users/johndoe/Documents/company/video_ops/projects/syntax/04-close-and-split-at-once/animation.md", "Markdown", 0, 0, 57, 0, 0, 0, 0, 0, 0, 0, 0, 0, 0, 0, 0, 41, 33, 131
"/Users/johndoe/Documents/company/video_ops/projects/syntax/04-close-and-split-at-once/remotion.json", "JSON", 7, 0, 0, 0, 0, 0, 0, 0, 0, 0, 0, 0, 0, 0, 0, 0, 1, 8
"/Users/johndoe/Documents/company/video_ops/projects/syntax/04-close-and-split-at-once/script.md", "Markdown", 0, 0, 55, 0, 0, 0, 0, 0, 0, 0, 0, 0, 0, 0, 0, 0, 38, 93
"/Users/johndoe/Documents/company/video_ops/projects/syntax/04-close-and-split-at-once/social-posts.json", "JSON", 69, 0, 0, 0, 0, 0, 0, 0, 0, 0, 0, 0, 0, 0, 0, 0, 1, 70
"/Users/johndoe/Documents/company/video_ops/projects/syntax/04-close-and-split-at-once/tracks/scene-1-ide.json", "JSON", 40, 0, 0, 0, 0, 0, 0, 0, 0, 0, 0, 0, 0, 0, 0, 0, 1, 41
"/Users/johndoe/Documents/company/video_ops/projects/syntax/04-close-and-split-at-once/tracks/scene-2-ide.json", "JSON", 40, 0, 0, 0, 0, 0, 0, 0, 0, 0, 0, 0, 0, 0, 0, 0, 1, 41
"/Users/johndoe/Documents/company/video_ops/projects/syntax/05-outline-to-proof-slide-breadcrumb/animation.json", "JSON", 168, 0, 0, 0, 0, 0, 0, 0, 0, 0, 0, 0, 0, 0, 0, 0, 1, 169
"/Users/johndoe/Documents/company/video_ops/projects/syntax/05-outline-to-proof-slide-breadcrumb/animation.md", "Markdown", 0, 0, 50, 0, 0, 0, 0, 0, 0, 0, 0, 0, 0, 0, 0, 65, 37, 152
"/Users/johndoe/Documents/company/video_ops/projects/syntax/05-outline-to-proof-slide-breadcrumb/remotion.json", "JSON", 7, 0, 0, 0, 0, 0, 0, 0, 0, 0, 0, 0, 0, 0, 0, 0, 1, 8
"/Users/johndoe/Documents/company/video_ops/projects/syntax/05-outline-to-proof-slide-breadcrumb/script.md", "Markdown", 0, 0, 65, 0, 0, 0, 0, 0, 0, 0, 0, 0, 0, 0, 0, 0, 54, 119
"/Users/johndoe/Documents/company/video_ops/projects/syntax/05-outline-to-proof-slide-breadcrumb/social-posts.json", "JSON", 69, 0, 0, 0, 0, 0, 0, 0, 0, 0, 0, 0, 0, 0, 0, 0, 1, 70
"/Users/johndoe/Documents/company/video_ops/projects/syntax/06-tactic-status-during-replay/animation.json", "JSON", 137, 0, 0, 0, 0, 0, 0, 0, 0, 0, 0, 0, 0, 0, 0, 0, 1, 138
"/Users/johndoe/Documents/company/video_ops/projects/syntax/06-tactic-status-during-replay/animation.md", "Markdown", 0, 0, 41, 0, 0, 0, 0, 0, 0, 0, 0, 0, 0, 0, 0, 52, 30, 123
"/Users/johndoe/Documents/company/video_ops/projects/syntax/06-tactic-status-during-replay/remotion.json", "JSON", 7, 0, 0, 0, 0, 0, 0, 0, 0, 0, 0, 0, 0, 0, 0, 0, 1, 8
"/Users/johndoe/Documents/company/video_ops/projects/syntax/06-tactic-status-during-replay/script.md", "Markdown", 0, 0, 54, 0, 0, 0, 0, 0, 0, 0, 0, 0, 0, 0, 0, 0, 46, 100
"/Users/johndoe/Documents/company/video_ops/projects/syntax/06-tactic-status-during-replay/social-posts.json", "JSON", 69, 0, 0, 0, 0, 0, 0, 0, 0, 0, 0, 0, 0, 0, 0, 0, 1, 70
"/Users/johndoe/Documents/company/video_ops/projects/syntax/07-function-refines-well-defined-relation/animation.json", "JSON", 114, 0, 0, 0, 0, 0, 0, 0, 0, 0, 0, 0, 0, 0, 0, 0, 1, 115
"/Users/johndoe/Documents/company/video_ops/projects/syntax/07-function-refines-well-defined-relation/animation.md", "Markdown", 0, 0, 46, 0, 0, 0, 0, 0, 0, 0, 0, 0, 0, 0, 0, 40, 28, 114
"/Users/johndoe/Documents/company/video_ops/projects/syntax/07-function-refines-well-defined-relation/remotion.json", "JSON", 7, 0, 0, 0, 0, 0, 0, 0, 0, 0, 0, 0, 0, 0, 0, 0, 1, 8
"/Users/johndoe/Documents/company/video_ops/projects/syntax/07-function-refines-well-defined-relation/script.md", "Markdown", 0, 0, 66, 0, 0, 0, 0, 0, 0, 0, 0, 0, 0, 0, 0, 0, 43, 109
"/Users/johndoe/Documents/company/video_ops/projects/syntax/07-function-refines-well-defined-relation/social-posts.json", "JSON", 68, 0, 0, 0, 0, 0, 0, 0, 0, 0, 0, 0, 0, 0, 0, 0, 1, 69
"/Users/johndoe/Documents/company/video_ops/projects/syntax/07-function-refines-well-defined-relation/tracks/scene-2-ide.json", "JSON", 40, 0, 0, 0, 0, 0, 0, 0, 0, 0, 0, 0, 0, 0, 0, 0, 1, 41
"/Users/johndoe/Documents/company/video_ops/projects/syntax/08-composition-pipeline-a-to-c/animation.json", "JSON", 114, 0, 0, 0, 0, 0, 0, 0, 0, 0, 0, 0, 0, 0, 0, 0, 1, 115
"/Users/johndoe/Documents/company/video_ops/projects/syntax/08-composition-pipeline-a-to-c/animation.md", "Markdown", 0, 0, 53, 0, 0, 0, 0, 0, 0, 0, 0, 0, 0, 0, 0, 40, 28, 121
"/Users/johndoe/Documents/company/video_ops/projects/syntax/08-composition-pipeline-a-to-c/remotion.json", "JSON", 7, 0, 0, 0, 0, 0, 0, 0, 0, 0, 0, 0, 0, 0, 0, 0, 1, 8
"/Users/johndoe/Documents/company/video_ops/projects/syntax/08-composition-pipeline-a-to-c/script.md", "Markdown", 0, 0, 74, 0, 0, 0, 0, 0, 0, 0, 0, 0, 0, 0, 0, 0, 41, 115
"/Users/johndoe/Documents/company/video_ops/projects/syntax/08-composition-pipeline-a-to-c/social-posts.json", "JSON", 68, 0, 0, 0, 0, 0, 0, 0, 0, 0, 0, 0, 0, 0, 0, 0, 1, 69
"/Users/johndoe/Documents/company/video_ops/projects/syntax/08-composition-pipeline-a-to-c/tracks/scene-2-ide.json", "JSON", 40, 0, 0, 0, 0, 0, 0, 0, 0, 0, 0, 0, 0, 0, 0, 0, 1, 41
"/Users/johndoe/Documents/company/video_ops/projects/syntax/09-function-properties-as-adjectives/animation.json", "JSON", 122, 0, 0, 0, 0, 0, 0, 0, 0, 0, 0, 0, 0, 0, 0, 0, 1, 123
"/Users/johndoe/Documents/company/video_ops/projects/syntax/09-function-properties-as-adjectives/animation.md", "Markdown", 0, 0, 59, 0, 0, 0, 0, 0, 0, 0, 0, 0, 0, 0, 0, 41, 33, 133
"/Users/johndoe/Documents/company/video_ops/projects/syntax/09-function-properties-as-adjectives/remotion.json", "JSON", 7, 0, 0, 0, 0, 0, 0, 0, 0, 0, 0, 0, 0, 0, 0, 0, 1, 8
"/Users/johndoe/Documents/company/video_ops/projects/syntax/09-function-properties-as-adjectives/script.md", "Markdown", 0, 0, 73, 0, 0, 0, 0, 0, 0, 0, 0, 0, 0, 0, 0, 0, 43, 116
"/Users/johndoe/Documents/company/video_ops/projects/syntax/09-function-properties-as-adjectives/social-posts.json", "JSON", 68, 0, 0, 0, 0, 0, 0, 0, 0, 0, 0, 0, 0, 0, 0, 0, 1, 69
"/Users/johndoe/Documents/company/video_ops/projects/syntax/09-function-properties-as-adjectives/tracks/scene-2-ide.json", "JSON", 40, 0, 0, 0, 0, 0, 0, 0, 0, 0, 0, 0, 0, 0, 0, 0, 1, 41
"/Users/johndoe/Documents/company/video_ops/projects/syntax/09-function-properties-as-adjectives/tracks/scene-3-ide.json", "JSON", 40, 0, 0, 0, 0, 0, 0, 0, 0, 0, 0, 0, 0, 0, 0, 0, 1, 41
"/Users/johndoe/Documents/company/video_ops/projects/syntax/10-round-brackets-bundle-properties/animation.json", "JSON", 114, 0, 0, 0, 0, 0, 0, 0, 0, 0, 0, 0, 0, 0, 0, 0, 1, 115
"/Users/johndoe/Documents/company/video_ops/projects/syntax/10-round-brackets-bundle-properties/animation.md", "Markdown", 0, 0, 45, 0, 0, 0, 0, 0, 0, 0, 0, 0, 0, 0, 0, 40, 28, 113
"/Users/johndoe/Documents/company/video_ops/projects/syntax/10-round-brackets-bundle-properties/remotion.json", "JSON", 7, 0, 0, 0, 0, 0, 0, 0, 0, 0, 0, 0, 0, 0, 0, 0, 1, 8
"/Users/johndoe/Documents/company/video_ops/projects/syntax/10-round-brackets-bundle-properties/script.md", "Markdown", 0, 0, 65, 0, 0, 0, 0, 0, 0, 0, 0, 0, 0, 0, 0, 0, 42, 107
"/Users/johndoe/Documents/company/video_ops/projects/syntax/10-round-brackets-bundle-properties/social-posts.json", "JSON", 68, 0, 0, 0, 0, 0, 0, 0, 0, 0, 0, 0, 0, 0, 0, 0, 1, 69
"/Users/johndoe/Documents/company/video_ops/projects/syntax/10-round-brackets-bundle-properties/tracks/scene-2-ide.json", "JSON", 40, 0, 0, 0, 0, 0, 0, 0, 0, 0, 0, 0, 0, 0, 0, 0, 1, 41
"/Users/johndoe/Documents/company/video_ops/projects/syntax/11-laws-vs-properties-inside-structures/animation.json", "JSON", 114, 0, 0, 0, 0, 0, 0, 0, 0, 0, 0, 0, 0, 0, 0, 0, 1, 115
"/Users/johndoe/Documents/company/video_ops/projects/syntax/11-laws-vs-properties-inside-structures/animation.md", "Markdown", 0, 0, 51, 0, 0, 0, 0, 0, 0, 0, 0, 0, 0, 0, 0, 40, 28, 119
"/Users/johndoe/Documents/company/video_ops/projects/syntax/11-laws-vs-properties-inside-structures/remotion.json", "JSON", 7, 0, 0, 0, 0, 0, 0, 0, 0, 0, 0, 0, 0, 0, 0, 0, 1, 8
"/Users/johndoe/Documents/company/video_ops/projects/syntax/11-laws-vs-properties-inside-structures/script.md", "Markdown", 0, 0, 72, 0, 0, 0, 0, 0, 0, 0, 0, 0, 0, 0, 0, 0, 42, 114
"/Users/johndoe/Documents/company/video_ops/projects/syntax/11-laws-vs-properties-inside-structures/social-posts.json", "JSON", 68, 0, 0, 0, 0, 0, 0, 0, 0, 0, 0, 0, 0, 0, 0, 0, 1, 69
"/Users/johndoe/Documents/company/video_ops/projects/syntax/11-laws-vs-properties-inside-structures/tracks/scene-3-ide.json", "JSON", 40, 0, 0, 0, 0, 0, 0, 0, 0, 0, 0, 0, 0, 0, 0, 0, 1, 41
"/Users/johndoe/Documents/company/video_ops/projects/syntax/12-composition-theorem-four-leaves/animation.json", "JSON", 116, 0, 0, 0, 0, 0, 0, 0, 0, 0, 0, 0, 0, 0, 0, 0, 1, 117
"/Users/johndoe/Documents/company/video_ops/projects/syntax/12-composition-theorem-four-leaves/animation.md", "Markdown", 0, 0, 59, 0, 0, 0, 0, 0, 0, 0, 0, 0, 0, 0, 0, 40, 28, 127
"/Users/johndoe/Documents/company/video_ops/projects/syntax/12-composition-theorem-four-leaves/remotion.json", "JSON", 7, 0, 0, 0, 0, 0, 0, 0, 0, 0, 0, 0, 0, 0, 0, 0, 1, 8
"/Users/johndoe/Documents/company/video_ops/projects/syntax/12-composition-theorem-four-leaves/script.md", "Markdown", 0, 0, 77, 0, 0, 0, 0, 0, 0, 0, 0, 0, 0, 0, 0, 0, 42, 119
"/Users/johndoe/Documents/company/video_ops/projects/syntax/12-composition-theorem-four-leaves/social-posts.json", "JSON", 68, 0, 0, 0, 0, 0, 0, 0, 0, 0, 0, 0, 0, 0, 0, 0, 1, 69
"/Users/johndoe/Documents/company/video_ops/projects/syntax/12-composition-theorem-four-leaves/tracks/scene-2-ide.json", "JSON", 40, 0, 0, 0, 0, 0, 0, 0, 0, 0, 0, 0, 0, 0, 0, 0, 1, 41
"/Users/johndoe/Documents/company/video_ops/projects/syntax/13-exponent-laws-inline-premise/animation.json", "JSON", 161, 0, 0, 0, 0, 0, 0, 0, 0, 0, 0, 0, 0, 0, 0, 0, 1, 162
"/Users/johndoe/Documents/company/video_ops/projects/syntax/13-exponent-laws-inline-premise/animation.md", "Markdown", 0, 0, 96, 0, 0, 0, 0, 0, 0, 0, 0, 0, 0, 0, 0, 68, 54, 218
"/Users/johndoe/Documents/company/video_ops/projects/syntax/13-exponent-laws-inline-premise/remotion.json", "JSON", 7, 0, 0, 0, 0, 0, 0, 0, 0, 0, 0, 0, 0, 0, 0, 0, 1, 8
"/Users/johndoe/Documents/company/video_ops/projects/syntax/13-exponent-laws-inline-premise/script.md", "Markdown", 0, 0, 108, 0, 0, 0, 0, 0, 0, 0, 0, 0, 0, 0, 0, 0, 58, 166
"/Users/johndoe/Documents/company/video_ops/projects/syntax/13-exponent-laws-inline-premise/social-posts.json", "JSON", 68, 0, 0, 0, 0, 0, 0, 0, 0, 0, 0, 0, 0, 0, 0, 0, 1, 69
"/Users/johndoe/Documents/company/video_ops/projects/syntax/series.json", "JSON", 10, 0, 0, 0, 0, 0, 0, 0, 0, 0, 0, 0, 0, 0, 0, 0, 1, 11
"/Users/johndoe/Documents/company/video_ops/projects/why-need/01-cauchy-where-bundle/animation.json", "JSON", 150, 0, 0, 0, 0, 0, 0, 0, 0, 0, 0, 0, 0, 0, 0, 0, 1, 151
"/Users/johndoe/Documents/company/video_ops/projects/why-need/01-cauchy-where-bundle/animation.md", "Markdown", 0, 0, 58, 0, 0, 0, 0, 0, 0, 0, 0, 0, 0, 0, 0, 55, 35, 148
"/Users/johndoe/Documents/company/video_ops/projects/why-need/01-cauchy-where-bundle/remotion.json", "JSON", 7, 0, 0, 0, 0, 0, 0, 0, 0, 0, 0, 0, 0, 0, 0, 0, 1, 8
"/Users/johndoe/Documents/company/video_ops/projects/why-need/01-cauchy-where-bundle/script.md", "Markdown", 0, 0, 64, 0, 0, 0, 0, 0, 0, 0, 0, 0, 0, 0, 0, 0, 45, 109
"/Users/johndoe/Documents/company/video_ops/projects/why-need/01-cauchy-where-bundle/social-posts.json", "JSON", 69, 0, 0, 0, 0, 0, 0, 0, 0, 0, 0, 0, 0, 0, 0, 0, 1, 70
"/Users/johndoe/Documents/company/video_ops/projects/why-need/01-cauchy-where-bundle/tracks/scene-2-ide.json", "JSON", 40, 0, 0, 0, 0, 0, 0, 0, 0, 0, 0, 0, 0, 0, 0, 0, 1, 41
"/Users/johndoe/Documents/company/video_ops/projects/why-need/02-side-conditions-you-can-name/animation.json", "JSON", 149, 0, 0, 0, 0, 0, 0, 0, 0, 0, 0, 0, 0, 0, 0, 0, 1, 150
"/Users/johndoe/Documents/company/video_ops/projects/why-need/02-side-conditions-you-can-name/animation.md", "Markdown", 0, 0, 77, 0, 0, 0, 0, 0, 0, 0, 0, 0, 0, 0, 0, 52, 38, 167
"/Users/johndoe/Documents/company/video_ops/projects/why-need/02-side-conditions-you-can-name/remotion.json", "JSON", 7, 0, 0, 0, 0, 0, 0, 0, 0, 0, 0, 0, 0, 0, 0, 0, 1, 8
"/Users/johndoe/Documents/company/video_ops/projects/why-need/02-side-conditions-you-can-name/script.md", "Markdown", 0, 0, 80, 0, 0, 0, 0, 0, 0, 0, 0, 0, 0, 0, 0, 0, 45, 125
"/Users/johndoe/Documents/company/video_ops/projects/why-need/02-side-conditions-you-can-name/social-posts.json", "JSON", 69, 0, 0, 0, 0, 0, 0, 0, 0, 0, 0, 0, 0, 0, 0, 0, 1, 70
"/Users/johndoe/Documents/company/video_ops/projects/why-need/02-side-conditions-you-can-name/tracks/scene-2-ide.json", "JSON", 40, 0, 0, 0, 0, 0, 0, 0, 0, 0, 0, 0, 0, 0, 0, 0, 1, 41
"/Users/johndoe/Documents/company/video_ops/projects/why-need/02-side-conditions-you-can-name/tracks/scene-3-ide.json", "JSON", 40, 0, 0, 0, 0, 0, 0, 0, 0, 0, 0, 0, 0, 0, 0, 0, 1, 41
"/Users/johndoe/Documents/company/video_ops/projects/why-need/03-witness-you-cannot-compute/animation.json", "JSON", 143, 0, 0, 0, 0, 0, 0, 0, 0, 0, 0, 0, 0, 0, 0, 0, 1, 144
"/Users/johndoe/Documents/company/video_ops/projects/why-need/03-witness-you-cannot-compute/animation.md", "Markdown", 0, 0, 49, 0, 0, 0, 0, 0, 0, 0, 0, 0, 0, 0, 0, 52, 35, 136
"/Users/johndoe/Documents/company/video_ops/projects/why-need/03-witness-you-cannot-compute/remotion.json", "JSON", 7, 0, 0, 0, 0, 0, 0, 0, 0, 0, 0, 0, 0, 0, 0, 0, 1, 8
"/Users/johndoe/Documents/company/video_ops/projects/why-need/03-witness-you-cannot-compute/script.md", "Markdown", 0, 0, 57, 0, 0, 0, 0, 0, 0, 0, 0, 0, 0, 0, 0, 0, 46, 103
"/Users/johndoe/Documents/company/video_ops/projects/why-need/03-witness-you-cannot-compute/social-posts.json", "JSON", 69, 0, 0, 0, 0, 0, 0, 0, 0, 0, 0, 0, 0, 0, 0, 0, 1, 70
"/Users/johndoe/Documents/company/video_ops/projects/why-need/03-witness-you-cannot-compute/tracks/scene-1-ide.json", "JSON", 40, 0, 0, 0, 0, 0, 0, 0, 0, 0, 0, 0, 0, 0, 0, 0, 1, 41
"/Users/johndoe/Documents/company/video_ops/projects/why-need/05-keep-or-reject-before-ai-edits/animation.json", "JSON", 168, 0, 0, 0, 0, 0, 0, 0, 0, 0, 0, 0, 0, 0, 0, 0, 1, 169
"/Users/johndoe/Documents/company/video_ops/projects/why-need/05-keep-or-reject-before-ai-edits/animation.md", "Markdown", 0, 0, 50, 0, 0, 0, 0, 0, 0, 0, 0, 0, 0, 0, 0, 65, 37, 152
"/Users/johndoe/Documents/company/video_ops/projects/why-need/05-keep-or-reject-before-ai-edits/remotion.json", "JSON", 7, 0, 0, 0, 0, 0, 0, 0, 0, 0, 0, 0, 0, 0, 0, 0, 1, 8
"/Users/johndoe/Documents/company/video_ops/projects/why-need/05-keep-or-reject-before-ai-edits/script.md", "Markdown", 0, 0, 64, 0, 0, 0, 0, 0, 0, 0, 0, 0, 0, 0, 0, 0, 53, 117
"/Users/johndoe/Documents/company/video_ops/projects/why-need/05-keep-or-reject-before-ai-edits/social-posts.json", "JSON", 69, 0, 0, 0, 0, 0, 0, 0, 0, 0, 0, 0, 0, 0, 0, 0, 1, 70
"/Users/johndoe/Documents/company/video_ops/projects/why-need/06-partition-obligations-named-from-structure/animation.json", "JSON", 115, 0, 0, 0, 0, 0, 0, 0, 0, 0, 0, 0, 0, 0, 0, 0, 1, 116
"/Users/johndoe/Documents/company/video_ops/projects/why-need/06-partition-obligations-named-from-structure/animation.md", "Markdown", 0, 0, 54, 0, 0, 0, 0, 0, 0, 0, 0, 0, 0, 0, 0, 39, 28, 121
"/Users/johndoe/Documents/company/video_ops/projects/why-need/06-partition-obligations-named-from-structure/remotion.json", "JSON", 7, 0, 0, 0, 0, 0, 0, 0, 0, 0, 0, 0, 0, 0, 0, 0, 1, 8
"/Users/johndoe/Documents/company/video_ops/projects/why-need/06-partition-obligations-named-from-structure/script.md", "Markdown", 0, 0, 70, 0, 0, 0, 0, 0, 0, 0, 0, 0, 0, 0, 0, 0, 42, 112
"/Users/johndoe/Documents/company/video_ops/projects/why-need/06-partition-obligations-named-from-structure/social-posts.json", "JSON", 68, 0, 0, 0, 0, 0, 0, 0, 0, 0, 0, 0, 0, 0, 0, 0, 1, 69
"/Users/johndoe/Documents/company/video_ops/projects/why-need/06-partition-obligations-named-from-structure/tracks/scene-2-ide.json", "JSON", 40, 0, 0, 0, 0, 0, 0, 0, 0, 0, 0, 0, 0, 0, 0, 0, 1, 41
"/Users/johndoe/Documents/company/video_ops/projects/why-need/series.json", "JSON", 7, 0, 0, 0, 0, 0, 0, 0, 0, 0, 0, 0, 0, 0, 0, 0, 1, 8
"/Users/johndoe/Documents/company/video_ops/public/README.md", "Markdown", 0, 0, 7, 0, 0, 0, 0, 0, 0, 0, 0, 0, 0, 0, 0, 0, 5, 12
"/Users/johndoe/Documents/company/video_ops/public/assets/cover/components/concepts/concept-complement.svg", "XML", 0, 0, 0, 0, 0, 0, 7, 0, 0, 0, 0, 0, 0, 0, 0, 1, 1, 9
"/Users/johndoe/Documents/company/video_ops/public/assets/cover/components/concepts/concept-default.svg", "XML", 0, 0, 0, 0, 0, 0, 5, 0, 0, 0, 0, 0, 0, 0, 0, 1, 1, 7
"/Users/johndoe/Documents/company/video_ops/public/assets/cover/components/concepts/concept-difference.svg", "XML", 0, 0, 0, 0, 0, 0, 9, 0, 0, 0, 0, 0, 0, 0, 0, 1, 1, 11
"/Users/johndoe/Documents/company/video_ops/public/assets/cover/components/concepts/concept-disjoint.svg", "XML", 0, 0, 0, 0, 0, 0, 8, 0, 0, 0, 0, 0, 0, 0, 0, 1, 2, 11
"/Users/johndoe/Documents/company/video_ops/public/assets/cover/components/concepts/concept-empty-set.svg", "XML", 0, 0, 0, 0, 0, 0, 11, 0, 0, 0, 0, 0, 0, 0, 0, 1, 1, 13
"/Users/johndoe/Documents/company/video_ops/public/assets/cover/components/concepts/concept-equivalence.svg", "XML", 0, 0, 0, 0, 0, 0, 13, 0, 0, 0, 0, 0, 0, 0, 0, 1, 1, 15
"/Users/johndoe/Documents/company/video_ops/public/assets/cover/components/concepts/concept-function.svg", "XML", 0, 0, 0, 0, 0, 0, 9, 0, 0, 0, 0, 0, 0, 0, 0, 1, 1, 11
"/Users/johndoe/Documents/company/video_ops/public/assets/cover/components/concepts/concept-intersection.svg", "XML", 0, 0, 0, 0, 0, 0, 9, 0, 0, 0, 0, 0, 0, 0, 0, 1, 1, 11
"/Users/johndoe/Documents/company/video_ops/public/assets/cover/components/concepts/concept-partition.svg", "XML", 0, 0, 0, 0, 0, 0, 8, 0, 0, 0, 0, 0, 0, 0, 0, 1, 1, 10
"/Users/johndoe/Documents/company/video_ops/public/assets/cover/components/concepts/concept-pitfall.svg", "XML", 0, 0, 0, 0, 0, 0, 5, 0, 0, 0, 0, 0, 0, 0, 0, 1, 1, 7
"/Users/johndoe/Documents/company/video_ops/public/assets/cover/components/concepts/concept-proof.svg", "XML", 0, 0, 0, 0, 0, 0, 5, 0, 0, 0, 0, 0, 0, 0, 0, 1, 1, 7
"/Users/johndoe/Documents/company/video_ops/public/assets/cover/components/concepts/concept-proper-subset.svg", "XML", 0, 0, 0, 0, 0, 0, 8, 0, 0, 0, 0, 0, 0, 0, 0, 1, 1, 10
"/Users/johndoe/Documents/company/video_ops/public/assets/cover/components/concepts/concept-relation.svg", "XML", 0, 0, 0, 0, 0, 0, 5, 0, 0, 0, 0, 0, 0, 0, 0, 1, 1, 7
"/Users/johndoe/Documents/company/video_ops/public/assets/cover/components/concepts/concept-set-equality.svg", "XML", 0, 0, 0, 0, 0, 0, 8, 0, 0, 0, 0, 0, 0, 0, 0, 1, 1, 10
"/Users/johndoe/Documents/company/video_ops/public/assets/cover/components/concepts/concept-set.svg", "XML", 0, 0, 0, 0, 0, 0, 11, 0, 0, 0, 0, 0, 0, 0, 0, 1, 1, 13
"/Users/johndoe/Documents/company/video_ops/public/assets/cover/components/concepts/concept-subset.svg", "XML", 0, 0, 0, 0, 0, 0, 8, 0, 0, 0, 0, 0, 0, 0, 0, 1, 1, 10
"/Users/johndoe/Documents/company/video_ops/public/assets/cover/components/concepts/concept-syntax.svg", "XML", 0, 0, 0, 0, 0, 0, 5, 0, 0, 0, 0, 0, 0, 0, 0, 1, 1, 7
"/Users/johndoe/Documents/company/video_ops/public/assets/cover/components/concepts/concept-union.svg", "XML", 0, 0, 0, 0, 0, 0, 9, 0, 0, 0, 0, 0, 0, 0, 0, 1, 1, 11
"/Users/johndoe/Documents/company/video_ops/public/assets/cover/components/lean-logo.svg", "XML", 0, 0, 0, 0, 0, 0, 1, 0, 0, 0, 0, 0, 0, 0, 0, 0, 1, 2
"/Users/johndoe/Documents/company/video_ops/public/assets/lean.svg", "XML", 0, 0, 0, 0, 0, 0, 1, 0, 0, 0, 0, 0, 0, 0, 0, 0, 1, 2
"/Users/johndoe/Documents/company/video_ops/public/scripts/README.md", "Markdown", 0, 0, 42, 0, 0, 0, 0, 0, 0, 0, 0, 0, 0, 0, 0, 0, 18, 60
"/Users/johndoe/Documents/company/video_ops/public/scripts/_templates/template-ai-review-smoke/animation.md", "Markdown", 0, 0, 14, 0, 0, 0, 0, 0, 0, 0, 0, 0, 0, 0, 0, 4, 5, 23
"/Users/johndoe/Documents/company/video_ops/public/scripts/_templates/template-ai-review-smoke/script.md", "Markdown", 0, 0, 6, 0, 0, 0, 0, 0, 0, 0, 0, 0, 0, 0, 0, 0, 3, 9
"/Users/johndoe/Documents/company/video_ops/public/scripts/_templates/template-ai-review-smoke/social-posts.json", "JSON", 65, 0, 0, 0, 0, 0, 0, 0, 0, 0, 0, 0, 0, 0, 0, 0, 1, 66
"/Users/johndoe/Documents/company/video_ops/public/scripts/_templates/template-compare-smoke/animation.md", "Markdown", 0, 0, 22, 0, 0, 0, 0, 0, 0, 0, 0, 0, 0, 0, 0, 4, 6, 32
"/Users/johndoe/Documents/company/video_ops/public/scripts/_templates/template-compare-smoke/script.md", "Markdown", 0, 0, 6, 0, 0, 0, 0, 0, 0, 0, 0, 0, 0, 0, 0, 0, 3, 9
"/Users/johndoe/Documents/company/video_ops/public/scripts/_templates/template-compare-smoke/social-posts.json", "JSON", 65, 0, 0, 0, 0, 0, 0, 0, 0, 0, 0, 0, 0, 0, 0, 0, 1, 66
"/Users/johndoe/Documents/company/video_ops/public/scripts/_templates/template-launch-pv-smoke/animation.md", "Markdown", 0, 0, 14, 0, 0, 0, 0, 0, 0, 0, 0, 0, 0, 0, 0, 4, 5, 23
"/Users/johndoe/Documents/company/video_ops/public/scripts/_templates/template-launch-pv-smoke/script.md", "Markdown", 0, 0, 6, 0, 0, 0, 0, 0, 0, 0, 0, 0, 0, 0, 0, 0, 3, 9
"/Users/johndoe/Documents/company/video_ops/public/scripts/_templates/template-launch-pv-smoke/social-posts.json", "JSON", 65, 0, 0, 0, 0, 0, 0, 0, 0, 0, 0, 0, 0, 0, 0, 0, 1, 66
"/Users/johndoe/Documents/company/video_ops/public/scripts/_templates/template-life-essay-smoke/animation.md", "Markdown", 0, 0, 16, 0, 0, 0, 0, 0, 0, 0, 0, 0, 0, 0, 0, 3, 5, 24
"/Users/johndoe/Documents/company/video_ops/public/scripts/_templates/template-life-essay-smoke/script.md", "Markdown", 0, 0, 6, 0, 0, 0, 0, 0, 0, 0, 0, 0, 0, 0, 0, 0, 3, 9
"/Users/johndoe/Documents/company/video_ops/public/scripts/_templates/template-life-essay-smoke/social-posts.json", "JSON", 65, 0, 0, 0, 0, 0, 0, 0, 0, 0, 0, 0, 0, 0, 0, 0, 1, 66
"/Users/johndoe/Documents/company/video_ops/public/scripts/_templates/template-motion-essay-smoke/animation.md", "Markdown", 0, 0, 16, 0, 0, 0, 0, 0, 0, 0, 0, 0, 0, 0, 0, 3, 5, 24
"/Users/johndoe/Documents/company/video_ops/public/scripts/_templates/template-motion-essay-smoke/script.md", "Markdown", 0, 0, 6, 0, 0, 0, 0, 0, 0, 0, 0, 0, 0, 0, 0, 0, 3, 9
"/Users/johndoe/Documents/company/video_ops/public/scripts/_templates/template-motion-essay-smoke/social-posts.json", "JSON", 65, 0, 0, 0, 0, 0, 0, 0, 0, 0, 0, 0, 0, 0, 0, 0, 1, 66
"/Users/johndoe/Documents/company/video_ops/public/scripts/_templates/template-pitfall-smoke/animation.md", "Markdown", 0, 0, 14, 0, 0, 0, 0, 0, 0, 0, 0, 0, 0, 0, 0, 4, 5, 23
"/Users/johndoe/Documents/company/video_ops/public/scripts/_templates/template-pitfall-smoke/script.md", "Markdown", 0, 0, 6, 0, 0, 0, 0, 0, 0, 0, 0, 0, 0, 0, 0, 0, 3, 9
"/Users/johndoe/Documents/company/video_ops/public/scripts/_templates/template-pitfall-smoke/social-posts.json", "JSON", 65, 0, 0, 0, 0, 0, 0, 0, 0, 0, 0, 0, 0, 0, 0, 0, 1, 66
"/Users/johndoe/Documents/company/video_ops/public/scripts/_templates/template-syntax-spot-smoke/animation.md", "Markdown", 0, 0, 18, 0, 0, 0, 0, 0, 0, 0, 0, 0, 0, 0, 0, 3, 5, 26
"/Users/johndoe/Documents/company/video_ops/public/scripts/_templates/template-syntax-spot-smoke/script.md", "Markdown", 0, 0, 6, 0, 0, 0, 0, 0, 0, 0, 0, 0, 0, 0, 0, 0, 3, 9
"/Users/johndoe/Documents/company/video_ops/public/scripts/_templates/template-syntax-spot-smoke/social-posts.json", "JSON", 65, 0, 0, 0, 0, 0, 0, 0, 0, 0, 0, 0, 0, 0, 0, 0, 1, 66
"/Users/johndoe/Documents/company/video_ops/public/scripts/_templates/video-beat-present-clip/README.md", "Markdown", 0, 0, 35, 0, 0, 0, 0, 0, 0, 0, 0, 0, 0, 0, 0, 0, 21, 56
"/Users/johndoe/Documents/company/video_ops/public/scripts/_templates/video-beat-present-clip/animation.md", "Markdown", 0, 0, 38, 0, 0, 0, 0, 0, 0, 0, 0, 0, 0, 0, 0, 22, 18, 78
"/Users/johndoe/Documents/company/video_ops/public/scripts/abstract_algebra_in_proof_assistant/01-set/animation.md", "Markdown", 0, 0, 373, 0, 0, 0, 0, 0, 0, 0, 0, 0, 0, 0, 0, 138, 157, 668
"/Users/johndoe/Documents/company/video_ops/public/scripts/abstract_algebra_in_proof_assistant/01-set/script-clean.md", "Markdown", 0, 0, 22, 0, 0, 0, 0, 0, 0, 0, 0, 0, 0, 0, 0, 0, 22, 44
"/Users/johndoe/Documents/company/video_ops/public/scripts/abstract_algebra_in_proof_assistant/01-set/script.md", "Markdown", 0, 0, 32, 0, 0, 0, 0, 0, 0, 0, 0, 0, 0, 0, 0, 0, 9, 41
"/Users/johndoe/Documents/company/video_ops/public/scripts/abstract_algebra_in_proof_assistant/01-set/social-posts.json", "JSON", 69, 0, 0, 0, 0, 0, 0, 0, 0, 0, 0, 0, 0, 0, 0, 0, 1, 70
"/Users/johndoe/Documents/company/video_ops/public/scripts/abstract_algebra_in_proof_assistant/02-subset/animation.md", "Markdown", 0, 0, 221, 0, 0, 0, 0, 0, 0, 0, 0, 0, 0, 0, 0, 67, 114, 402
"/Users/johndoe/Documents/company/video_ops/public/scripts/abstract_algebra_in_proof_assistant/02-subset/script-clean.md", "Markdown", 0, 0, 22, 0, 0, 0, 0, 0, 0, 0, 0, 0, 0, 0, 0, 0, 21, 43
"/Users/johndoe/Documents/company/video_ops/public/scripts/abstract_algebra_in_proof_assistant/02-subset/script.md", "Markdown", 0, 0, 9, 0, 0, 0, 0, 0, 0, 0, 0, 0, 0, 0, 0, 0, 6, 15
"/Users/johndoe/Documents/company/video_ops/public/scripts/abstract_algebra_in_proof_assistant/02-subset/social-posts.json", "JSON", 69, 0, 0, 0, 0, 0, 0, 0, 0, 0, 0, 0, 0, 0, 0, 0, 1, 70
"/Users/johndoe/Documents/company/video_ops/public/scripts/abstract_algebra_in_proof_assistant/03-proper-subset/animation.md", "Markdown", 0, 0, 456, 0, 0, 0, 0, 0, 0, 0, 0, 0, 0, 0, 0, 117, 196, 769
"/Users/johndoe/Documents/company/video_ops/public/scripts/abstract_algebra_in_proof_assistant/03-proper-subset/export/voice-manifest.json", "JSON", 81, 0, 0, 0, 0, 0, 0, 0, 0, 0, 0, 0, 0, 0, 0, 0, 1, 82
"/Users/johndoe/Documents/company/video_ops/public/scripts/abstract_algebra_in_proof_assistant/03-proper-subset/script-clean.md", "Markdown", 0, 0, 21, 0, 0, 0, 0, 0, 0, 0, 0, 0, 0, 0, 0, 0, 20, 41
"/Users/johndoe/Documents/company/video_ops/public/scripts/abstract_algebra_in_proof_assistant/03-proper-subset/script.md", "Markdown", 0, 0, 9, 0, 0, 0, 0, 0, 0, 0, 0, 0, 0, 0, 0, 0, 6, 15
"/Users/johndoe/Documents/company/video_ops/public/scripts/abstract_algebra_in_proof_assistant/03-proper-subset/social-posts.json", "JSON", 69, 0, 0, 0, 0, 0, 0, 0, 0, 0, 0, 0, 0, 0, 0, 0, 1, 70
"/Users/johndoe/Documents/company/video_ops/public/scripts/abstract_algebra_in_proof_assistant/03-proper-subset/social-posts.md", "Markdown", 0, 0, 84, 0, 0, 0, 0, 0, 0, 0, 0, 0, 0, 0, 0, 0, 10, 94
"/Users/johndoe/Documents/company/video_ops/public/scripts/abstract_algebra_in_proof_assistant/03-proper-subset/test_version/outdoor-edit-img-7405/animation-outdoor.json", "JSON", 1124, 0, 0, 0, 0, 0, 0, 0, 0, 0, 0, 0, 0, 0, 0, 0, 1, 1125
"/Users/johndoe/Documents/company/video_ops/public/scripts/abstract_algebra_in_proof_assistant/03-proper-subset/test_version/outdoor-edit-img-7405/declip-transcript.raw.json", "JSON", 11020, 0, 0, 0, 0, 0, 0, 0, 0, 0, 0, 0, 0, 0, 0, 0, 4, 11024
"/Users/johndoe/Documents/company/video_ops/public/scripts/abstract_algebra_in_proof_assistant/03-proper-subset/test_version/outdoor-edit-img-7405/outdoor-manifest.json", "JSON", 772, 0, 0, 0, 0, 0, 0, 0, 0, 0, 0, 0, 0, 0, 0, 0, 1, 773
"/Users/johndoe/Documents/company/video_ops/public/scripts/abstract_algebra_in_proof_assistant/03-proper-subset/test_version/outdoor-edit-img-7405/remotion-visual-plan.json", "JSON", 121, 0, 0, 0, 0, 0, 0, 0, 0, 0, 0, 0, 0, 0, 0, 0, 1, 122
"/Users/johndoe/Documents/company/video_ops/public/scripts/abstract_algebra_in_proof_assistant/03-proper-subset/test_version/outdoor-edit-img-7405/render-landscape.log", "Log", 0, 0, 0, 0, 0, 0, 0, 0, 0, 0, 0, 10034, 0, 0, 0, 0, 5, 10039
"/Users/johndoe/Documents/company/video_ops/public/scripts/abstract_algebra_in_proof_assistant/03-proper-subset/test_version/outdoor-edit-img-7405/render-portrait.log", "Log", 0, 0, 0, 0, 0, 0, 0, 0, 0, 0, 0, 13867, 0, 0, 0, 0, 5, 13872
"/Users/johndoe/Documents/company/video_ops/public/scripts/abstract_algebra_in_proof_assistant/03-proper-subset/test_version/outdoor-edit-img-7405/render.log", "Log", 0, 0, 0, 0, 0, 0, 0, 0, 0, 0, 0, 15065, 0, 0, 0, 0, 5, 15070
"/Users/johndoe/Documents/company/video_ops/public/scripts/abstract_algebra_in_proof_assistant/03-proper-subset/test_version/outdoor-edit-img-7405/source-edit-report.json", "JSON", 222, 0, 0, 0, 0, 0, 0, 0, 0, 0, 0, 0, 0, 0, 0, 0, 1, 223
"/Users/johndoe/Documents/company/video_ops/public/scripts/abstract_algebra_in_proof_assistant/03-proper-subset/test_version/outdoor-edit-img-7405/speech-alignment.json", "JSON", 328, 0, 0, 0, 0, 0, 0, 0, 0, 0, 0, 0, 0, 0, 0, 0, 1, 329
"/Users/johndoe/Documents/company/video_ops/public/scripts/abstract_algebra_in_proof_assistant/03-proper-subset/test_version/outdoor-edit-img-7405/transcript.verbose.json", "JSON", 6836, 0, 0, 0, 0, 0, 0, 0, 0, 0, 0, 0, 0, 0, 0, 0, 1, 6837
"/Users/johndoe/Documents/company/video_ops/public/scripts/abstract_algebra_in_proof_assistant/04-set-equality/animation.md", "Markdown", 0, 0, 332, 0, 0, 0, 0, 0, 0, 0, 0, 0, 0, 0, 0, 24, 116, 472
"/Users/johndoe/Documents/company/video_ops/public/scripts/abstract_algebra_in_proof_assistant/04-set-equality/export/outdoor-script.json", "JSON", 68, 0, 0, 0, 0, 0, 0, 0, 0, 0, 0, 0, 0, 0, 0, 0, 1, 69
"/Users/johndoe/Documents/company/video_ops/public/scripts/abstract_algebra_in_proof_assistant/04-set-equality/script-clean.md", "Markdown", 0, 0, 14, 0, 0, 0, 0, 0, 0, 0, 0, 0, 0, 0, 0, 0, 13, 27
"/Users/johndoe/Documents/company/video_ops/public/scripts/abstract_algebra_in_proof_assistant/04-set-equality/script.md", "Markdown", 0, 0, 14, 0, 0, 0, 0, 0, 0, 0, 0, 0, 0, 0, 0, 0, 8, 22
"/Users/johndoe/Documents/company/video_ops/public/scripts/abstract_algebra_in_proof_assistant/04-set-equality/social-posts.json", "JSON", 69, 0, 0, 0, 0, 0, 0, 0, 0, 0, 0, 0, 0, 0, 0, 0, 1, 70
"/Users/johndoe/Documents/company/video_ops/public/scripts/abstract_algebra_in_proof_assistant/04-set-equality/takes/take-mrbtjdup/agent.log", "Log", 0, 0, 0, 0, 0, 0, 0, 0, 0, 0, 0, 2, 0, 0, 0, 0, 1, 3
"/Users/johndoe/Documents/company/video_ops/public/scripts/abstract_algebra_in_proof_assistant/04-set-equality/takes/take-mrbtjdup/covers/cover-mrf6k5c9/meta.json", "JSON", 8, 0, 0, 0, 0, 0, 0, 0, 0, 0, 0, 0, 0, 0, 0, 0, 1, 9
"/Users/johndoe/Documents/company/video_ops/public/scripts/abstract_algebra_in_proof_assistant/04-set-equality/takes/take-mrbtjdup/covers/cover-mrf6l9iw/meta.json", "JSON", 8, 0, 0, 0, 0, 0, 0, 0, 0, 0, 0, 0, 0, 0, 0, 0, 1, 9
"/Users/johndoe/Documents/company/video_ops/public/scripts/abstract_algebra_in_proof_assistant/04-set-equality/takes/take-mrbtjdup/covers/covers-index.json", "JSON", 16, 0, 0, 0, 0, 0, 0, 0, 0, 0, 0, 0, 0, 0, 0, 0, 1, 17
"/Users/johndoe/Documents/company/video_ops/public/scripts/abstract_algebra_in_proof_assistant/04-set-equality/takes/take-mrbtjdup/pipeline-status.json", "JSON", 32, 0, 0, 0, 0, 0, 0, 0, 0, 0, 0, 0, 0, 0, 0, 0, 1, 33
"/Users/johndoe/Documents/company/video_ops/public/scripts/abstract_algebra_in_proof_assistant/04-set-equality/takes/take-mrbtjdup/pipeline/align/align-mrdnus0g/align-mode.json", "JSON", 4, 0, 0, 0, 0, 0, 0, 0, 0, 0, 0, 0, 0, 0, 0, 0, 1, 5
"/Users/johndoe/Documents/company/video_ops/public/scripts/abstract_algebra_in_proof_assistant/04-set-equality/takes/take-mrbtjdup/pipeline/align/align-mrdnus0g/animation-outdoor.json", "JSON", 301, 0, 0, 0, 0, 0, 0, 0, 0, 0, 0, 0, 0, 0, 0, 0, 1, 302
"/Users/johndoe/Documents/company/video_ops/public/scripts/abstract_algebra_in_proof_assistant/04-set-equality/takes/take-mrbtjdup/pipeline/align/align-mrdnus0g/progress.json", "JSON", 6, 0, 0, 0, 0, 0, 0, 0, 0, 0, 0, 0, 0, 0, 0, 0, 1, 7
"/Users/johndoe/Documents/company/video_ops/public/scripts/abstract_algebra_in_proof_assistant/04-set-equality/takes/take-mrbtjdup/pipeline/align/align-mrdnus0g/remotion-visual-plan.json", "JSON", 57, 0, 0, 0, 0, 0, 0, 0, 0, 0, 0, 0, 0, 0, 0, 0, 1, 58
"/Users/johndoe/Documents/company/video_ops/public/scripts/abstract_algebra_in_proof_assistant/04-set-equality/takes/take-mrbtjdup/pipeline/align/align-mrdnus0g/speech-alignment.json", "JSON", 67, 0, 0, 0, 0, 0, 0, 0, 0, 0, 0, 0, 0, 0, 0, 0, 1, 68
"/Users/johndoe/Documents/company/video_ops/public/scripts/abstract_algebra_in_proof_assistant/04-set-equality/takes/take-mrbtjdup/pipeline/align/align-mrdpo3rm/align-mode.json", "JSON", 4, 0, 0, 0, 0, 0, 0, 0, 0, 0, 0, 0, 0, 0, 0, 0, 1, 5
"/Users/johndoe/Documents/company/video_ops/public/scripts/abstract_algebra_in_proof_assistant/04-set-equality/takes/take-mrbtjdup/pipeline/align/align-mrdpo3rm/animation-outdoor.json", "JSON", 535, 0, 0, 0, 0, 0, 0, 0, 0, 0, 0, 0, 0, 0, 0, 0, 1, 536
"/Users/johndoe/Documents/company/video_ops/public/scripts/abstract_algebra_in_proof_assistant/04-set-equality/takes/take-mrbtjdup/pipeline/align/align-mrdpo3rm/progress.json", "JSON", 6, 0, 0, 0, 0, 0, 0, 0, 0, 0, 0, 0, 0, 0, 0, 0, 1, 7
"/Users/johndoe/Documents/company/video_ops/public/scripts/abstract_algebra_in_proof_assistant/04-set-equality/takes/take-mrbtjdup/pipeline/align/align-mrdpo3rm/remotion-visual-plan.json", "JSON", 57, 0, 0, 0, 0, 0, 0, 0, 0, 0, 0, 0, 0, 0, 0, 0, 1, 58
"/Users/johndoe/Documents/company/video_ops/public/scripts/abstract_algebra_in_proof_assistant/04-set-equality/takes/take-mrbtjdup/pipeline/align/align-mrdpo3rm/speech-alignment.json", "JSON", 264, 0, 0, 0, 0, 0, 0, 0, 0, 0, 0, 0, 0, 0, 0, 0, 1, 265
"/Users/johndoe/Documents/company/video_ops/public/scripts/abstract_algebra_in_proof_assistant/04-set-equality/takes/take-mrbtjdup/pipeline/align/align-mrdpo3rm/transcript.verbose.json", "JSON", 2236, 0, 0, 0, 0, 0, 0, 0, 0, 0, 0, 0, 0, 0, 0, 0, 1, 2237
"/Users/johndoe/Documents/company/video_ops/public/scripts/abstract_algebra_in_proof_assistant/04-set-equality/takes/take-mrbtjdup/pipeline/align/align-mrec55fl/align-layout.json", "JSON", 20, 0, 0, 0, 0, 0, 0, 0, 0, 0, 0, 0, 0, 0, 0, 0, 1, 21
"/Users/johndoe/Documents/company/video_ops/public/scripts/abstract_algebra_in_proof_assistant/04-set-equality/takes/take-mrbtjdup/pipeline/align/align-mrec55fl/align-mode.json", "JSON", 4, 0, 0, 0, 0, 0, 0, 0, 0, 0, 0, 0, 0, 0, 0, 0, 1, 5
"/Users/johndoe/Documents/company/video_ops/public/scripts/abstract_algebra_in_proof_assistant/04-set-equality/takes/take-mrbtjdup/pipeline/align/align-mrec55fl/animation-outdoor.json", "JSON", 551, 0, 0, 0, 0, 0, 0, 0, 0, 0, 0, 0, 0, 0, 0, 0, 1, 552
"/Users/johndoe/Documents/company/video_ops/public/scripts/abstract_algebra_in_proof_assistant/04-set-equality/takes/take-mrbtjdup/pipeline/align/align-mrec55fl/progress.json", "JSON", 6, 0, 0, 0, 0, 0, 0, 0, 0, 0, 0, 0, 0, 0, 0, 0, 1, 7
"/Users/johndoe/Documents/company/video_ops/public/scripts/abstract_algebra_in_proof_assistant/04-set-equality/takes/take-mrbtjdup/pipeline/align/align-mrec55fl/remotion-visual-plan.json", "JSON", 57, 0, 0, 0, 0, 0, 0, 0, 0, 0, 0, 0, 0, 0, 0, 0, 1, 58
"/Users/johndoe/Documents/company/video_ops/public/scripts/abstract_algebra_in_proof_assistant/04-set-equality/takes/take-mrbtjdup/pipeline/align/align-mrec55fl/speech-alignment.json", "JSON", 264, 0, 0, 0, 0, 0, 0, 0, 0, 0, 0, 0, 0, 0, 0, 0, 1, 265
"/Users/johndoe/Documents/company/video_ops/public/scripts/abstract_algebra_in_proof_assistant/04-set-equality/takes/take-mrbtjdup/pipeline/align/align-mrec55fl/transcript.verbose.json", "JSON", 2236, 0, 0, 0, 0, 0, 0, 0, 0, 0, 0, 0, 0, 0, 0, 0, 1, 2237
"/Users/johndoe/Documents/company/video_ops/public/scripts/abstract_algebra_in_proof_assistant/04-set-equality/takes/take-mrbtjdup/pipeline/composite/composite-mrdnus61/animation-outdoor.json", "JSON", 301, 0, 0, 0, 0, 0, 0, 0, 0, 0, 0, 0, 0, 0, 0, 0, 1, 302
"/Users/johndoe/Documents/company/video_ops/public/scripts/abstract_algebra_in_proof_assistant/04-set-equality/takes/take-mrbtjdup/pipeline/composite/composite-mrdnus61/outdoor-manifest.json", "JSON", 106, 0, 0, 0, 0, 0, 0, 0, 0, 0, 0, 0, 0, 0, 0, 0, 1, 107
"/Users/johndoe/Documents/company/video_ops/public/scripts/abstract_algebra_in_proof_assistant/04-set-equality/takes/take-mrbtjdup/pipeline/composite/composite-mrdnus61/progress.json", "JSON", 6, 0, 0, 0, 0, 0, 0, 0, 0, 0, 0, 0, 0, 0, 0, 0, 1, 7
"/Users/johndoe/Documents/company/video_ops/public/scripts/abstract_algebra_in_proof_assistant/04-set-equality/takes/take-mrbtjdup/pipeline/composite/composite-mrdnus61/remotion-visual-plan.json", "JSON", 57, 0, 0, 0, 0, 0, 0, 0, 0, 0, 0, 0, 0, 0, 0, 0, 1, 58
"/Users/johndoe/Documents/company/video_ops/public/scripts/abstract_algebra_in_proof_assistant/04-set-equality/takes/take-mrbtjdup/pipeline/composite/composite-mrdnus61/speech-alignment.json", "JSON", 67, 0, 0, 0, 0, 0, 0, 0, 0, 0, 0, 0, 0, 0, 0, 0, 1, 68
"/Users/johndoe/Documents/company/video_ops/public/scripts/abstract_algebra_in_proof_assistant/04-set-equality/takes/take-mrbtjdup/pipeline/composite/composite-mrdpo4dg/animation-outdoor.json", "JSON", 535, 0, 0, 0, 0, 0, 0, 0, 0, 0, 0, 0, 0, 0, 0, 0, 1, 536
"/Users/johndoe/Documents/company/video_ops/public/scripts/abstract_algebra_in_proof_assistant/04-set-equality/takes/take-mrbtjdup/pipeline/composite/composite-mrdpo4dg/outdoor-manifest.json", "JSON", 340, 0, 0, 0, 0, 0, 0, 0, 0, 0, 0, 0, 0, 0, 0, 0, 1, 341
"/Users/johndoe/Documents/company/video_ops/public/scripts/abstract_algebra_in_proof_assistant/04-set-equality/takes/take-mrbtjdup/pipeline/composite/composite-mrdpo4dg/progress.json", "JSON", 6, 0, 0, 0, 0, 0, 0, 0, 0, 0, 0, 0, 0, 0, 0, 0, 1, 7
"/Users/johndoe/Documents/company/video_ops/public/scripts/abstract_algebra_in_proof_assistant/04-set-equality/takes/take-mrbtjdup/pipeline/composite/composite-mrdpo4dg/remotion-visual-plan.json", "JSON", 57, 0, 0, 0, 0, 0, 0, 0, 0, 0, 0, 0, 0, 0, 0, 0, 1, 58
"/Users/johndoe/Documents/company/video_ops/public/scripts/abstract_algebra_in_proof_assistant/04-set-equality/takes/take-mrbtjdup/pipeline/composite/composite-mrdpo4dg/speech-alignment.json", "JSON", 264, 0, 0, 0, 0, 0, 0, 0, 0, 0, 0, 0, 0, 0, 0, 0, 1, 265
"/Users/johndoe/Documents/company/video_ops/public/scripts/abstract_algebra_in_proof_assistant/04-set-equality/takes/take-mrbtjdup/pipeline/composite/composite-mrdpo4dg/transcript.verbose.json", "JSON", 2236, 0, 0, 0, 0, 0, 0, 0, 0, 0, 0, 0, 0, 0, 0, 0, 1, 2237
"/Users/johndoe/Documents/company/video_ops/public/scripts/abstract_algebra_in_proof_assistant/04-set-equality/takes/take-mrbtjdup/pipeline/composite/composite-mrec55qa/animation-outdoor.json", "JSON", 535, 0, 0, 0, 0, 0, 0, 0, 0, 0, 0, 0, 0, 0, 0, 0, 1, 536
"/Users/johndoe/Documents/company/video_ops/public/scripts/abstract_algebra_in_proof_assistant/04-set-equality/takes/take-mrbtjdup/pipeline/composite/composite-mrec55qa/outdoor-manifest.json", "JSON", 340, 0, 0, 0, 0, 0, 0, 0, 0, 0, 0, 0, 0, 0, 0, 0, 1, 341
"/Users/johndoe/Documents/company/video_ops/public/scripts/abstract_algebra_in_proof_assistant/04-set-equality/takes/take-mrbtjdup/pipeline/composite/composite-mrec55qa/progress.json", "JSON", 6, 0, 0, 0, 0, 0, 0, 0, 0, 0, 0, 0, 0, 0, 0, 0, 1, 7
"/Users/johndoe/Documents/company/video_ops/public/scripts/abstract_algebra_in_proof_assistant/04-set-equality/takes/take-mrbtjdup/pipeline/composite/composite-mrec55qa/remotion-visual-plan.json", "JSON", 57, 0, 0, 0, 0, 0, 0, 0, 0, 0, 0, 0, 0, 0, 0, 0, 1, 58
"/Users/johndoe/Documents/company/video_ops/public/scripts/abstract_algebra_in_proof_assistant/04-set-equality/takes/take-mrbtjdup/pipeline/composite/composite-mrec55qa/speech-alignment.json", "JSON", 264, 0, 0, 0, 0, 0, 0, 0, 0, 0, 0, 0, 0, 0, 0, 0, 1, 265
"/Users/johndoe/Documents/company/video_ops/public/scripts/abstract_algebra_in_proof_assistant/04-set-equality/takes/take-mrbtjdup/pipeline/composite/composite-mrec55qa/transcript.verbose.json", "JSON", 2236, 0, 0, 0, 0, 0, 0, 0, 0, 0, 0, 0, 0, 0, 0, 0, 1, 2237
"/Users/johndoe/Documents/company/video_ops/public/scripts/abstract_algebra_in_proof_assistant/04-set-equality/takes/take-mrbtjdup/pipeline/cut/cut-mrdnt7ew/analysis.json", "JSON", 346, 0, 0, 0, 0, 0, 0, 0, 0, 0, 0, 0, 0, 0, 0, 0, 1, 347
"/Users/johndoe/Documents/company/video_ops/public/scripts/abstract_algebra_in_proof_assistant/04-set-equality/takes/take-mrbtjdup/pipeline/cut/cut-mrdnt7ew/cut-selection.json", "JSON", 15, 0, 0, 0, 0, 0, 0, 0, 0, 0, 0, 0, 0, 0, 0, 0, 1, 16
"/Users/johndoe/Documents/company/video_ops/public/scripts/abstract_algebra_in_proof_assistant/04-set-equality/takes/take-mrbtjdup/pipeline/cut/cut-mrdnt7ew/progress.json", "JSON", 6, 0, 0, 0, 0, 0, 0, 0, 0, 0, 0, 0, 0, 0, 0, 0, 1, 7
"/Users/johndoe/Documents/company/video_ops/public/scripts/abstract_algebra_in_proof_assistant/04-set-equality/takes/take-mrbtjdup/pipeline/cut/cut-mrdnt7ew/remotion-visual-plan.json", "JSON", 96, 0, 0, 0, 0, 0, 0, 0, 0, 0, 0, 0, 0, 0, 0, 0, 1, 97
"/Users/johndoe/Documents/company/video_ops/public/scripts/abstract_algebra_in_proof_assistant/04-set-equality/takes/take-mrbtjdup/pipeline/cut/cut-mrdnt7ew/transcript.verbose.json", "JSON", 2236, 0, 0, 0, 0, 0, 0, 0, 0, 0, 0, 0, 0, 0, 0, 0, 1, 2237
"/Users/johndoe/Documents/company/video_ops/public/scripts/abstract_algebra_in_proof_assistant/04-set-equality/takes/take-mrbtjdup/pipeline/social/social-mrdob26e/progress.json", "JSON", 6, 0, 0, 0, 0, 0, 0, 0, 0, 0, 0, 0, 0, 0, 0, 0, 1, 7
"/Users/johndoe/Documents/company/video_ops/public/scripts/abstract_algebra_in_proof_assistant/04-set-equality/takes/take-mrbtjdup/pipeline/social/social-mrdob26e/social-posts.json", "JSON", 72, 0, 0, 0, 0, 0, 0, 0, 0, 0, 0, 0, 0, 0, 0, 0, 1, 73
"/Users/johndoe/Documents/company/video_ops/public/scripts/abstract_algebra_in_proof_assistant/04-set-equality/takes/take-mrbtjdup/pipeline/social/social-mrdpvucd/progress.json", "JSON", 6, 0, 0, 0, 0, 0, 0, 0, 0, 0, 0, 0, 0, 0, 0, 0, 1, 7
"/Users/johndoe/Documents/company/video_ops/public/scripts/abstract_algebra_in_proof_assistant/04-set-equality/takes/take-mrbtjdup/pipeline/social/social-mrdpvucd/social-posts.json", "JSON", 72, 0, 0, 0, 0, 0, 0, 0, 0, 0, 0, 0, 0, 0, 0, 0, 1, 73
"/Users/johndoe/Documents/company/video_ops/public/scripts/abstract_algebra_in_proof_assistant/04-set-equality/takes/take-mrbtjdup/pipeline/social/social-mrecdsbl/progress.json", "JSON", 6, 0, 0, 0, 0, 0, 0, 0, 0, 0, 0, 0, 0, 0, 0, 0, 1, 7
"/Users/johndoe/Documents/company/video_ops/public/scripts/abstract_algebra_in_proof_assistant/04-set-equality/takes/take-mrbtjdup/pipeline/social/social-mrecdsbl/social-posts.json", "JSON", 72, 0, 0, 0, 0, 0, 0, 0, 0, 0, 0, 0, 0, 0, 0, 0, 1, 73
"/Users/johndoe/Documents/company/video_ops/public/scripts/abstract_algebra_in_proof_assistant/04-set-equality/takes/take-mrbtjdup/pipeline/social/social-mret314s/progress.json", "JSON", 6, 0, 0, 0, 0, 0, 0, 0, 0, 0, 0, 0, 0, 0, 0, 0, 1, 7
"/Users/johndoe/Documents/company/video_ops/public/scripts/abstract_algebra_in_proof_assistant/04-set-equality/takes/take-mrbtjdup/pipeline/social/social-mret314s/social-posts.json", "JSON", 73, 0, 0, 0, 0, 0, 0, 0, 0, 0, 0, 0, 0, 0, 0, 0, 1, 74
"/Users/johndoe/Documents/company/video_ops/public/scripts/abstract_algebra_in_proof_assistant/04-set-equality/takes/take-mrbtjdup/pipeline/stabilize/stabilize-mrsnzomq/progress.json", "JSON", 6, 0, 0, 0, 0, 0, 0, 0, 0, 0, 0, 0, 0, 0, 0, 0, 1, 7
"/Users/johndoe/Documents/company/video_ops/public/scripts/abstract_algebra_in_proof_assistant/04-set-equality/takes/take-mrbtjdup/pipeline/stabilize/stabilize-mrsnzomq/stage-run.log", "Log", 0, 0, 0, 0, 0, 0, 0, 0, 0, 0, 0, 2, 0, 0, 0, 0, 1, 3
"/Users/johndoe/Documents/company/video_ops/public/scripts/abstract_algebra_in_proof_assistant/04-set-equality/takes/take-mrbtjdup/publish-state.json", "JSON", 7, 0, 0, 0, 0, 0, 0, 0, 0, 0, 0, 0, 0, 0, 0, 0, 1, 8
"/Users/johndoe/Documents/company/video_ops/public/scripts/abstract_algebra_in_proof_assistant/04-set-equality/takes/take-mrbtjdup/take.json", "JSON", 43, 0, 0, 0, 0, 0, 0, 0, 0, 0, 0, 0, 0, 0, 0, 0, 1, 44
"/Users/johndoe/Documents/company/video_ops/public/scripts/abstract_algebra_in_proof_assistant/04-set-equality/takes/take-mrhjew5h/pipeline-status.json", "JSON", 35, 0, 0, 0, 0, 0, 0, 0, 0, 0, 0, 0, 0, 0, 0, 0, 1, 36
"/Users/johndoe/Documents/company/video_ops/public/scripts/abstract_algebra_in_proof_assistant/04-set-equality/takes/take-mrhjew5h/pipeline/cut/cut-mrhkgv5c/progress.json", "JSON", 6, 0, 0, 0, 0, 0, 0, 0, 0, 0, 0, 0, 0, 0, 0, 0, 1, 7
"/Users/johndoe/Documents/company/video_ops/public/scripts/abstract_algebra_in_proof_assistant/04-set-equality/takes/take-mrhjew5h/pipeline/cut/cut-mrhkriav/progress.json", "JSON", 6, 0, 0, 0, 0, 0, 0, 0, 0, 0, 0, 0, 0, 0, 0, 0, 1, 7
"/Users/johndoe/Documents/company/video_ops/public/scripts/abstract_algebra_in_proof_assistant/04-set-equality/takes/take-mrhjew5h/publish-state.json", "JSON", 7, 0, 0, 0, 0, 0, 0, 0, 0, 0, 0, 0, 0, 0, 0, 0, 1, 8
"/Users/johndoe/Documents/company/video_ops/public/scripts/abstract_algebra_in_proof_assistant/04-set-equality/takes/take-mrhjew5h/take.json", "JSON", 21, 0, 0, 0, 0, 0, 0, 0, 0, 0, 0, 0, 0, 0, 0, 0, 1, 22
"/Users/johndoe/Documents/company/video_ops/public/scripts/abstract_algebra_in_proof_assistant/04-set-equality/takes/take-mrhmharr/agent.log", "Log", 0, 0, 0, 0, 0, 0, 0, 0, 0, 0, 0, 78, 0, 0, 0, 0, 1, 79
"/Users/johndoe/Documents/company/video_ops/public/scripts/abstract_algebra_in_proof_assistant/04-set-equality/takes/take-mrhmharr/pipeline-status.json", "JSON", 535, 0, 0, 0, 0, 0, 0, 0, 0, 0, 0, 0, 0, 0, 0, 0, 1, 536
"/Users/johndoe/Documents/company/video_ops/public/scripts/abstract_algebra_in_proof_assistant/04-set-equality/takes/take-mrhmharr/pipeline/align/align-mrhnk9qr/align-mode.json", "JSON", 4, 0, 0, 0, 0, 0, 0, 0, 0, 0, 0, 0, 0, 0, 0, 0, 1, 5
"/Users/johndoe/Documents/company/video_ops/public/scripts/abstract_algebra_in_proof_assistant/04-set-equality/takes/take-mrhmharr/pipeline/align/align-mrhnk9qr/animation-outdoor.json", "JSON", 320, 0, 0, 0, 0, 0, 0, 0, 0, 0, 0, 0, 0, 0, 0, 0, 1, 321
"/Users/johndoe/Documents/company/video_ops/public/scripts/abstract_algebra_in_proof_assistant/04-set-equality/takes/take-mrhmharr/pipeline/align/align-mrhnk9qr/progress.json", "JSON", 6, 0, 0, 0, 0, 0, 0, 0, 0, 0, 0, 0, 0, 0, 0, 0, 1, 7
"/Users/johndoe/Documents/company/video_ops/public/scripts/abstract_algebra_in_proof_assistant/04-set-equality/takes/take-mrhmharr/pipeline/align/align-mrhnk9qr/remotion-visual-plan.json", "JSON", 57, 0, 0, 0, 0, 0, 0, 0, 0, 0, 0, 0, 0, 0, 0, 0, 1, 58
"/Users/johndoe/Documents/company/video_ops/public/scripts/abstract_algebra_in_proof_assistant/04-set-equality/takes/take-mrhmharr/pipeline/align/align-mrhnk9qr/speech-alignment.json", "JSON", 67, 0, 0, 0, 0, 0, 0, 0, 0, 0, 0, 0, 0, 0, 0, 0, 1, 68
"/Users/johndoe/Documents/company/video_ops/public/scripts/abstract_algebra_in_proof_assistant/04-set-equality/takes/take-mrhmharr/pipeline/align/align-mrhnk9qr/stage-run.log", "Log", 0, 0, 0, 0, 0, 0, 0, 0, 0, 0, 0, 10, 0, 0, 0, 0, 2, 12
"/Users/johndoe/Documents/company/video_ops/public/scripts/abstract_algebra_in_proof_assistant/04-set-equality/takes/take-mrhmharr/pipeline/align/align-mrhsxdsy/align-mode.json", "JSON", 4, 0, 0, 0, 0, 0, 0, 0, 0, 0, 0, 0, 0, 0, 0, 0, 1, 5
"/Users/johndoe/Documents/company/video_ops/public/scripts/abstract_algebra_in_proof_assistant/04-set-equality/takes/take-mrhmharr/pipeline/align/align-mrhsxdsy/animation-outdoor.json", "JSON", 320, 0, 0, 0, 0, 0, 0, 0, 0, 0, 0, 0, 0, 0, 0, 0, 1, 321
"/Users/johndoe/Documents/company/video_ops/public/scripts/abstract_algebra_in_proof_assistant/04-set-equality/takes/take-mrhmharr/pipeline/align/align-mrhsxdsy/progress.json", "JSON", 6, 0, 0, 0, 0, 0, 0, 0, 0, 0, 0, 0, 0, 0, 0, 0, 1, 7
"/Users/johndoe/Documents/company/video_ops/public/scripts/abstract_algebra_in_proof_assistant/04-set-equality/takes/take-mrhmharr/pipeline/align/align-mrhsxdsy/remotion-visual-plan.json", "JSON", 57, 0, 0, 0, 0, 0, 0, 0, 0, 0, 0, 0, 0, 0, 0, 0, 1, 58
"/Users/johndoe/Documents/company/video_ops/public/scripts/abstract_algebra_in_proof_assistant/04-set-equality/takes/take-mrhmharr/pipeline/align/align-mrhsxdsy/speech-alignment.json", "JSON", 67, 0, 0, 0, 0, 0, 0, 0, 0, 0, 0, 0, 0, 0, 0, 0, 1, 68
"/Users/johndoe/Documents/company/video_ops/public/scripts/abstract_algebra_in_proof_assistant/04-set-equality/takes/take-mrhmharr/pipeline/align/align-mrhsxdsy/stage-run.log", "Log", 0, 0, 0, 0, 0, 0, 0, 0, 0, 0, 0, 10, 0, 0, 0, 0, 2, 12
"/Users/johndoe/Documents/company/video_ops/public/scripts/abstract_algebra_in_proof_assistant/04-set-equality/takes/take-mrhmharr/pipeline/align/align-mrhvy8m9/align-mode.json", "JSON", 4, 0, 0, 0, 0, 0, 0, 0, 0, 0, 0, 0, 0, 0, 0, 0, 1, 5
"/Users/johndoe/Documents/company/video_ops/public/scripts/abstract_algebra_in_proof_assistant/04-set-equality/takes/take-mrhmharr/pipeline/align/align-mrhvy8m9/animation-outdoor.json", "JSON", 320, 0, 0, 0, 0, 0, 0, 0, 0, 0, 0, 0, 0, 0, 0, 0, 1, 321
"/Users/johndoe/Documents/company/video_ops/public/scripts/abstract_algebra_in_proof_assistant/04-set-equality/takes/take-mrhmharr/pipeline/align/align-mrhvy8m9/progress.json", "JSON", 6, 0, 0, 0, 0, 0, 0, 0, 0, 0, 0, 0, 0, 0, 0, 0, 1, 7
"/Users/johndoe/Documents/company/video_ops/public/scripts/abstract_algebra_in_proof_assistant/04-set-equality/takes/take-mrhmharr/pipeline/align/align-mrhvy8m9/remotion-visual-plan.json", "JSON", 57, 0, 0, 0, 0, 0, 0, 0, 0, 0, 0, 0, 0, 0, 0, 0, 1, 58
"/Users/johndoe/Documents/company/video_ops/public/scripts/abstract_algebra_in_proof_assistant/04-set-equality/takes/take-mrhmharr/pipeline/align/align-mrhvy8m9/speech-alignment.json", "JSON", 67, 0, 0, 0, 0, 0, 0, 0, 0, 0, 0, 0, 0, 0, 0, 0, 1, 68
"/Users/johndoe/Documents/company/video_ops/public/scripts/abstract_algebra_in_proof_assistant/04-set-equality/takes/take-mrhmharr/pipeline/align/align-mrhvy8m9/stage-run.log", "Log", 0, 0, 0, 0, 0, 0, 0, 0, 0, 0, 0, 10, 0, 0, 0, 0, 2, 12
"/Users/johndoe/Documents/company/video_ops/public/scripts/abstract_algebra_in_proof_assistant/04-set-equality/takes/take-mrhmharr/pipeline/align/align-mrhvy8m9/transcript.verbose.json", "JSON", 4791, 0, 0, 0, 0, 0, 0, 0, 0, 0, 0, 0, 0, 0, 0, 0, 1, 4792
"/Users/johndoe/Documents/company/video_ops/public/scripts/abstract_algebra_in_proof_assistant/04-set-equality/takes/take-mrhmharr/pipeline/align/align-mrhvy8mh/align-mode.json", "JSON", 4, 0, 0, 0, 0, 0, 0, 0, 0, 0, 0, 0, 0, 0, 0, 0, 1, 5
"/Users/johndoe/Documents/company/video_ops/public/scripts/abstract_algebra_in_proof_assistant/04-set-equality/takes/take-mrhmharr/pipeline/align/align-mrhvy8mh/animation-outdoor.json", "JSON", 320, 0, 0, 0, 0, 0, 0, 0, 0, 0, 0, 0, 0, 0, 0, 0, 1, 321
"/Users/johndoe/Documents/company/video_ops/public/scripts/abstract_algebra_in_proof_assistant/04-set-equality/takes/take-mrhmharr/pipeline/align/align-mrhvy8mh/progress.json", "JSON", 6, 0, 0, 0, 0, 0, 0, 0, 0, 0, 0, 0, 0, 0, 0, 0, 1, 7
"/Users/johndoe/Documents/company/video_ops/public/scripts/abstract_algebra_in_proof_assistant/04-set-equality/takes/take-mrhmharr/pipeline/align/align-mrhvy8mh/remotion-visual-plan.json", "JSON", 57, 0, 0, 0, 0, 0, 0, 0, 0, 0, 0, 0, 0, 0, 0, 0, 1, 58
"/Users/johndoe/Documents/company/video_ops/public/scripts/abstract_algebra_in_proof_assistant/04-set-equality/takes/take-mrhmharr/pipeline/align/align-mrhvy8mh/speech-alignment.json", "JSON", 67, 0, 0, 0, 0, 0, 0, 0, 0, 0, 0, 0, 0, 0, 0, 0, 1, 68
"/Users/johndoe/Documents/company/video_ops/public/scripts/abstract_algebra_in_proof_assistant/04-set-equality/takes/take-mrhmharr/pipeline/align/align-mrhvy8mh/stage-run.log", "Log", 0, 0, 0, 0, 0, 0, 0, 0, 0, 0, 0, 10, 0, 0, 0, 0, 2, 12
"/Users/johndoe/Documents/company/video_ops/public/scripts/abstract_algebra_in_proof_assistant/04-set-equality/takes/take-mrhmharr/pipeline/align/align-mrhvy8mh/transcript.verbose.json", "JSON", 4791, 0, 0, 0, 0, 0, 0, 0, 0, 0, 0, 0, 0, 0, 0, 0, 1, 4792
"/Users/johndoe/Documents/company/video_ops/public/scripts/abstract_algebra_in_proof_assistant/04-set-equality/takes/take-mrhmharr/pipeline/align/align-mrhybyfb/align-mode.json", "JSON", 4, 0, 0, 0, 0, 0, 0, 0, 0, 0, 0, 0, 0, 0, 0, 0, 1, 5
"/Users/johndoe/Documents/company/video_ops/public/scripts/abstract_algebra_in_proof_assistant/04-set-equality/takes/take-mrhmharr/pipeline/align/align-mrhybyfb/animation-outdoor.json", "JSON", 320, 0, 0, 0, 0, 0, 0, 0, 0, 0, 0, 0, 0, 0, 0, 0, 1, 321
"/Users/johndoe/Documents/company/video_ops/public/scripts/abstract_algebra_in_proof_assistant/04-set-equality/takes/take-mrhmharr/pipeline/align/align-mrhybyfb/progress.json", "JSON", 6, 0, 0, 0, 0, 0, 0, 0, 0, 0, 0, 0, 0, 0, 0, 0, 1, 7
"/Users/johndoe/Documents/company/video_ops/public/scripts/abstract_algebra_in_proof_assistant/04-set-equality/takes/take-mrhmharr/pipeline/align/align-mrhybyfb/remotion-visual-plan.json", "JSON", 57, 0, 0, 0, 0, 0, 0, 0, 0, 0, 0, 0, 0, 0, 0, 0, 1, 58
"/Users/johndoe/Documents/company/video_ops/public/scripts/abstract_algebra_in_proof_assistant/04-set-equality/takes/take-mrhmharr/pipeline/align/align-mrhybyfb/speech-alignment.json", "JSON", 67, 0, 0, 0, 0, 0, 0, 0, 0, 0, 0, 0, 0, 0, 0, 0, 1, 68
"/Users/johndoe/Documents/company/video_ops/public/scripts/abstract_algebra_in_proof_assistant/04-set-equality/takes/take-mrhmharr/pipeline/align/align-mrhybyfb/stage-run.log", "Log", 0, 0, 0, 0, 0, 0, 0, 0, 0, 0, 0, 10, 0, 0, 0, 0, 2, 12
"/Users/johndoe/Documents/company/video_ops/public/scripts/abstract_algebra_in_proof_assistant/04-set-equality/takes/take-mrhmharr/pipeline/align/align-mrhybyfb/transcript.verbose.json", "JSON", 4791, 0, 0, 0, 0, 0, 0, 0, 0, 0, 0, 0, 0, 0, 0, 0, 1, 4792
"/Users/johndoe/Documents/company/video_ops/public/scripts/abstract_algebra_in_proof_assistant/04-set-equality/takes/take-mrhmharr/pipeline/align/align-mrikvosb/align-mode.json", "JSON", 4, 0, 0, 0, 0, 0, 0, 0, 0, 0, 0, 0, 0, 0, 0, 0, 1, 5
"/Users/johndoe/Documents/company/video_ops/public/scripts/abstract_algebra_in_proof_assistant/04-set-equality/takes/take-mrhmharr/pipeline/align/align-mrikvosb/animation-outdoor.json", "JSON", 320, 0, 0, 0, 0, 0, 0, 0, 0, 0, 0, 0, 0, 0, 0, 0, 1, 321
"/Users/johndoe/Documents/company/video_ops/public/scripts/abstract_algebra_in_proof_assistant/04-set-equality/takes/take-mrhmharr/pipeline/align/align-mrikvosb/progress.json", "JSON", 6, 0, 0, 0, 0, 0, 0, 0, 0, 0, 0, 0, 0, 0, 0, 0, 1, 7
"/Users/johndoe/Documents/company/video_ops/public/scripts/abstract_algebra_in_proof_assistant/04-set-equality/takes/take-mrhmharr/pipeline/align/align-mrikvosb/remotion-visual-plan.json", "JSON", 57, 0, 0, 0, 0, 0, 0, 0, 0, 0, 0, 0, 0, 0, 0, 0, 1, 58
"/Users/johndoe/Documents/company/video_ops/public/scripts/abstract_algebra_in_proof_assistant/04-set-equality/takes/take-mrhmharr/pipeline/align/align-mrikvosb/speech-alignment.json", "JSON", 67, 0, 0, 0, 0, 0, 0, 0, 0, 0, 0, 0, 0, 0, 0, 0, 1, 68
"/Users/johndoe/Documents/company/video_ops/public/scripts/abstract_algebra_in_proof_assistant/04-set-equality/takes/take-mrhmharr/pipeline/align/align-mrikvosb/stage-run.log", "Log", 0, 0, 0, 0, 0, 0, 0, 0, 0, 0, 0, 10, 0, 0, 0, 0, 2, 12
"/Users/johndoe/Documents/company/video_ops/public/scripts/abstract_algebra_in_proof_assistant/04-set-equality/takes/take-mrhmharr/pipeline/align/align-mrikvosb/transcript.verbose.json", "JSON", 4791, 0, 0, 0, 0, 0, 0, 0, 0, 0, 0, 0, 0, 0, 0, 0, 1, 4792
"/Users/johndoe/Documents/company/video_ops/public/scripts/abstract_algebra_in_proof_assistant/04-set-equality/takes/take-mrhmharr/pipeline/align/align-mriqlk4y/align-mode.json", "JSON", 4, 0, 0, 0, 0, 0, 0, 0, 0, 0, 0, 0, 0, 0, 0, 0, 1, 5
"/Users/johndoe/Documents/company/video_ops/public/scripts/abstract_algebra_in_proof_assistant/04-set-equality/takes/take-mrhmharr/pipeline/align/align-mriqlk4y/animation-outdoor.json", "JSON", 320, 0, 0, 0, 0, 0, 0, 0, 0, 0, 0, 0, 0, 0, 0, 0, 1, 321
"/Users/johndoe/Documents/company/video_ops/public/scripts/abstract_algebra_in_proof_assistant/04-set-equality/takes/take-mrhmharr/pipeline/align/align-mriqlk4y/progress.json", "JSON", 6, 0, 0, 0, 0, 0, 0, 0, 0, 0, 0, 0, 0, 0, 0, 0, 1, 7
"/Users/johndoe/Documents/company/video_ops/public/scripts/abstract_algebra_in_proof_assistant/04-set-equality/takes/take-mrhmharr/pipeline/align/align-mriqlk4y/remotion-visual-plan.json", "JSON", 57, 0, 0, 0, 0, 0, 0, 0, 0, 0, 0, 0, 0, 0, 0, 0, 1, 58
"/Users/johndoe/Documents/company/video_ops/public/scripts/abstract_algebra_in_proof_assistant/04-set-equality/takes/take-mrhmharr/pipeline/align/align-mriqlk4y/speech-alignment.json", "JSON", 67, 0, 0, 0, 0, 0, 0, 0, 0, 0, 0, 0, 0, 0, 0, 0, 1, 68
"/Users/johndoe/Documents/company/video_ops/public/scripts/abstract_algebra_in_proof_assistant/04-set-equality/takes/take-mrhmharr/pipeline/align/align-mriqlk4y/stage-run.log", "Log", 0, 0, 0, 0, 0, 0, 0, 0, 0, 0, 0, 10, 0, 0, 0, 0, 2, 12
"/Users/johndoe/Documents/company/video_ops/public/scripts/abstract_algebra_in_proof_assistant/04-set-equality/takes/take-mrhmharr/pipeline/align/align-mriqlk4y/transcript.verbose.json", "JSON", 4791, 0, 0, 0, 0, 0, 0, 0, 0, 0, 0, 0, 0, 0, 0, 0, 1, 4792
"/Users/johndoe/Documents/company/video_ops/public/scripts/abstract_algebra_in_proof_assistant/04-set-equality/takes/take-mrhmharr/pipeline/align/align-mriqztv5/align-mode.json", "JSON", 4, 0, 0, 0, 0, 0, 0, 0, 0, 0, 0, 0, 0, 0, 0, 0, 1, 5
"/Users/johndoe/Documents/company/video_ops/public/scripts/abstract_algebra_in_proof_assistant/04-set-equality/takes/take-mrhmharr/pipeline/align/align-mriqztv5/animation-outdoor.json", "JSON", 320, 0, 0, 0, 0, 0, 0, 0, 0, 0, 0, 0, 0, 0, 0, 0, 1, 321
"/Users/johndoe/Documents/company/video_ops/public/scripts/abstract_algebra_in_proof_assistant/04-set-equality/takes/take-mrhmharr/pipeline/align/align-mriqztv5/progress.json", "JSON", 6, 0, 0, 0, 0, 0, 0, 0, 0, 0, 0, 0, 0, 0, 0, 0, 1, 7
"/Users/johndoe/Documents/company/video_ops/public/scripts/abstract_algebra_in_proof_assistant/04-set-equality/takes/take-mrhmharr/pipeline/align/align-mriqztv5/remotion-visual-plan.json", "JSON", 57, 0, 0, 0, 0, 0, 0, 0, 0, 0, 0, 0, 0, 0, 0, 0, 1, 58
"/Users/johndoe/Documents/company/video_ops/public/scripts/abstract_algebra_in_proof_assistant/04-set-equality/takes/take-mrhmharr/pipeline/align/align-mriqztv5/speech-alignment.json", "JSON", 67, 0, 0, 0, 0, 0, 0, 0, 0, 0, 0, 0, 0, 0, 0, 0, 1, 68
"/Users/johndoe/Documents/company/video_ops/public/scripts/abstract_algebra_in_proof_assistant/04-set-equality/takes/take-mrhmharr/pipeline/align/align-mriqztv5/stage-run.log", "Log", 0, 0, 0, 0, 0, 0, 0, 0, 0, 0, 0, 10, 0, 0, 0, 0, 2, 12
"/Users/johndoe/Documents/company/video_ops/public/scripts/abstract_algebra_in_proof_assistant/04-set-equality/takes/take-mrhmharr/pipeline/align/align-mriqztv5/transcript.verbose.json", "JSON", 4791, 0, 0, 0, 0, 0, 0, 0, 0, 0, 0, 0, 0, 0, 0, 0, 1, 4792
"/Users/johndoe/Documents/company/video_ops/public/scripts/abstract_algebra_in_proof_assistant/04-set-equality/takes/take-mrhmharr/pipeline/align/align-mrir2x3u/align-mode.json", "JSON", 4, 0, 0, 0, 0, 0, 0, 0, 0, 0, 0, 0, 0, 0, 0, 0, 1, 5
"/Users/johndoe/Documents/company/video_ops/public/scripts/abstract_algebra_in_proof_assistant/04-set-equality/takes/take-mrhmharr/pipeline/align/align-mrir2x3u/animation-outdoor.json", "JSON", 320, 0, 0, 0, 0, 0, 0, 0, 0, 0, 0, 0, 0, 0, 0, 0, 1, 321
"/Users/johndoe/Documents/company/video_ops/public/scripts/abstract_algebra_in_proof_assistant/04-set-equality/takes/take-mrhmharr/pipeline/align/align-mrir2x3u/progress.json", "JSON", 6, 0, 0, 0, 0, 0, 0, 0, 0, 0, 0, 0, 0, 0, 0, 0, 1, 7
"/Users/johndoe/Documents/company/video_ops/public/scripts/abstract_algebra_in_proof_assistant/04-set-equality/takes/take-mrhmharr/pipeline/align/align-mrir2x3u/remotion-visual-plan.json", "JSON", 57, 0, 0, 0, 0, 0, 0, 0, 0, 0, 0, 0, 0, 0, 0, 0, 1, 58
"/Users/johndoe/Documents/company/video_ops/public/scripts/abstract_algebra_in_proof_assistant/04-set-equality/takes/take-mrhmharr/pipeline/align/align-mrir2x3u/speech-alignment.json", "JSON", 67, 0, 0, 0, 0, 0, 0, 0, 0, 0, 0, 0, 0, 0, 0, 0, 1, 68
"/Users/johndoe/Documents/company/video_ops/public/scripts/abstract_algebra_in_proof_assistant/04-set-equality/takes/take-mrhmharr/pipeline/align/align-mrir2x3u/stage-run.log", "Log", 0, 0, 0, 0, 0, 0, 0, 0, 0, 0, 0, 10, 0, 0, 0, 0, 2, 12
"/Users/johndoe/Documents/company/video_ops/public/scripts/abstract_algebra_in_proof_assistant/04-set-equality/takes/take-mrhmharr/pipeline/align/align-mrir2x3u/transcript.verbose.json", "JSON", 4791, 0, 0, 0, 0, 0, 0, 0, 0, 0, 0, 0, 0, 0, 0, 0, 1, 4792
"/Users/johndoe/Documents/company/video_ops/public/scripts/abstract_algebra_in_proof_assistant/04-set-equality/takes/take-mrhmharr/pipeline/align/align-mrir2ybu/align-mode.json", "JSON", 4, 0, 0, 0, 0, 0, 0, 0, 0, 0, 0, 0, 0, 0, 0, 0, 1, 5
"/Users/johndoe/Documents/company/video_ops/public/scripts/abstract_algebra_in_proof_assistant/04-set-equality/takes/take-mrhmharr/pipeline/align/align-mrir2ybu/animation-outdoor.json", "JSON", 320, 0, 0, 0, 0, 0, 0, 0, 0, 0, 0, 0, 0, 0, 0, 0, 1, 321
"/Users/johndoe/Documents/company/video_ops/public/scripts/abstract_algebra_in_proof_assistant/04-set-equality/takes/take-mrhmharr/pipeline/align/align-mrir2ybu/progress.json", "JSON", 6, 0, 0, 0, 0, 0, 0, 0, 0, 0, 0, 0, 0, 0, 0, 0, 1, 7
"/Users/johndoe/Documents/company/video_ops/public/scripts/abstract_algebra_in_proof_assistant/04-set-equality/takes/take-mrhmharr/pipeline/align/align-mrir2ybu/remotion-visual-plan.json", "JSON", 57, 0, 0, 0, 0, 0, 0, 0, 0, 0, 0, 0, 0, 0, 0, 0, 1, 58
"/Users/johndoe/Documents/company/video_ops/public/scripts/abstract_algebra_in_proof_assistant/04-set-equality/takes/take-mrhmharr/pipeline/align/align-mrir2ybu/speech-alignment.json", "JSON", 67, 0, 0, 0, 0, 0, 0, 0, 0, 0, 0, 0, 0, 0, 0, 0, 1, 68
"/Users/johndoe/Documents/company/video_ops/public/scripts/abstract_algebra_in_proof_assistant/04-set-equality/takes/take-mrhmharr/pipeline/align/align-mrir2ybu/stage-run.log", "Log", 0, 0, 0, 0, 0, 0, 0, 0, 0, 0, 0, 10, 0, 0, 0, 0, 2, 12
"/Users/johndoe/Documents/company/video_ops/public/scripts/abstract_algebra_in_proof_assistant/04-set-equality/takes/take-mrhmharr/pipeline/align/align-mrir2ybu/transcript.verbose.json", "JSON", 4791, 0, 0, 0, 0, 0, 0, 0, 0, 0, 0, 0, 0, 0, 0, 0, 1, 4792
"/Users/johndoe/Documents/company/video_ops/public/scripts/abstract_algebra_in_proof_assistant/04-set-equality/takes/take-mrhmharr/pipeline/align/align-mrirbwx5/align-layout.json", "JSON", 40, 0, 0, 0, 0, 0, 0, 0, 0, 0, 0, 0, 0, 0, 0, 0, 1, 41
"/Users/johndoe/Documents/company/video_ops/public/scripts/abstract_algebra_in_proof_assistant/04-set-equality/takes/take-mrhmharr/pipeline/align/align-mrirbwx5/align-mode.json", "JSON", 4, 0, 0, 0, 0, 0, 0, 0, 0, 0, 0, 0, 0, 0, 0, 0, 1, 5
"/Users/johndoe/Documents/company/video_ops/public/scripts/abstract_algebra_in_proof_assistant/04-set-equality/takes/take-mrhmharr/pipeline/align/align-mrirbwx5/animation-outdoor.json", "JSON", 356, 0, 0, 0, 0, 0, 0, 0, 0, 0, 0, 0, 0, 0, 0, 0, 1, 357
"/Users/johndoe/Documents/company/video_ops/public/scripts/abstract_algebra_in_proof_assistant/04-set-equality/takes/take-mrhmharr/pipeline/align/align-mrirbwx5/progress.json", "JSON", 6, 0, 0, 0, 0, 0, 0, 0, 0, 0, 0, 0, 0, 0, 0, 0, 1, 7
"/Users/johndoe/Documents/company/video_ops/public/scripts/abstract_algebra_in_proof_assistant/04-set-equality/takes/take-mrhmharr/pipeline/align/align-mrirbwx5/remotion-visual-plan.json", "JSON", 57, 0, 0, 0, 0, 0, 0, 0, 0, 0, 0, 0, 0, 0, 0, 0, 1, 58
"/Users/johndoe/Documents/company/video_ops/public/scripts/abstract_algebra_in_proof_assistant/04-set-equality/takes/take-mrhmharr/pipeline/align/align-mrirbwx5/speech-alignment.json", "JSON", 67, 0, 0, 0, 0, 0, 0, 0, 0, 0, 0, 0, 0, 0, 0, 0, 1, 68
"/Users/johndoe/Documents/company/video_ops/public/scripts/abstract_algebra_in_proof_assistant/04-set-equality/takes/take-mrhmharr/pipeline/align/align-mrirbwx5/stage-run.log", "Log", 0, 0, 0, 0, 0, 0, 0, 0, 0, 0, 0, 10, 0, 0, 0, 0, 2, 12
"/Users/johndoe/Documents/company/video_ops/public/scripts/abstract_algebra_in_proof_assistant/04-set-equality/takes/take-mrhmharr/pipeline/align/align-mrirbwx5/transcript.verbose.json", "JSON", 4791, 0, 0, 0, 0, 0, 0, 0, 0, 0, 0, 0, 0, 0, 0, 0, 1, 4792
"/Users/johndoe/Documents/company/video_ops/public/scripts/abstract_algebra_in_proof_assistant/04-set-equality/takes/take-mrhmharr/pipeline/align/align-mritvyxm/align-mode.json", "JSON", 4, 0, 0, 0, 0, 0, 0, 0, 0, 0, 0, 0, 0, 0, 0, 0, 1, 5
"/Users/johndoe/Documents/company/video_ops/public/scripts/abstract_algebra_in_proof_assistant/04-set-equality/takes/take-mrhmharr/pipeline/align/align-mritvyxm/animation-outdoor.json", "JSON", 464, 0, 0, 0, 0, 0, 0, 0, 0, 0, 0, 0, 0, 0, 0, 0, 1, 465
"/Users/johndoe/Documents/company/video_ops/public/scripts/abstract_algebra_in_proof_assistant/04-set-equality/takes/take-mrhmharr/pipeline/align/align-mritvyxm/cut-good-intervals.json", "JSON", 126, 0, 0, 0, 0, 0, 0, 0, 0, 0, 0, 0, 0, 0, 0, 0, 1, 127
"/Users/johndoe/Documents/company/video_ops/public/scripts/abstract_algebra_in_proof_assistant/04-set-equality/takes/take-mrhmharr/pipeline/align/align-mritvyxm/progress.json", "JSON", 6, 0, 0, 0, 0, 0, 0, 0, 0, 0, 0, 0, 0, 0, 0, 0, 1, 7
"/Users/johndoe/Documents/company/video_ops/public/scripts/abstract_algebra_in_proof_assistant/04-set-equality/takes/take-mrhmharr/pipeline/align/align-mritvyxm/remotion-visual-plan.json", "JSON", 57, 0, 0, 0, 0, 0, 0, 0, 0, 0, 0, 0, 0, 0, 0, 0, 1, 58
"/Users/johndoe/Documents/company/video_ops/public/scripts/abstract_algebra_in_proof_assistant/04-set-equality/takes/take-mrhmharr/pipeline/align/align-mritvyxm/speech-alignment.json", "JSON", 67, 0, 0, 0, 0, 0, 0, 0, 0, 0, 0, 0, 0, 0, 0, 0, 1, 68
"/Users/johndoe/Documents/company/video_ops/public/scripts/abstract_algebra_in_proof_assistant/04-set-equality/takes/take-mrhmharr/pipeline/align/align-mritvyxm/stage-run.log", "Log", 0, 0, 0, 0, 0, 0, 0, 0, 0, 0, 0, 10, 0, 0, 0, 0, 2, 12
"/Users/johndoe/Documents/company/video_ops/public/scripts/abstract_algebra_in_proof_assistant/04-set-equality/takes/take-mrhmharr/pipeline/align/align-mritvyxm/transcript.verbose.json", "JSON", 4791, 0, 0, 0, 0, 0, 0, 0, 0, 0, 0, 0, 0, 0, 0, 0, 1, 4792
"/Users/johndoe/Documents/company/video_ops/public/scripts/abstract_algebra_in_proof_assistant/04-set-equality/takes/take-mrhmharr/pipeline/align/align-mrizil4a/align-mode.json", "JSON", 4, 0, 0, 0, 0, 0, 0, 0, 0, 0, 0, 0, 0, 0, 0, 0, 1, 5
"/Users/johndoe/Documents/company/video_ops/public/scripts/abstract_algebra_in_proof_assistant/04-set-equality/takes/take-mrhmharr/pipeline/align/align-mrizil4a/animation-outdoor.json", "JSON", 687, 0, 0, 0, 0, 0, 0, 0, 0, 0, 0, 0, 0, 0, 0, 0, 1, 688
"/Users/johndoe/Documents/company/video_ops/public/scripts/abstract_algebra_in_proof_assistant/04-set-equality/takes/take-mrhmharr/pipeline/align/align-mrizil4a/cut-good-intervals.json", "JSON", 118, 0, 0, 0, 0, 0, 0, 0, 0, 0, 0, 0, 0, 0, 0, 0, 1, 119
"/Users/johndoe/Documents/company/video_ops/public/scripts/abstract_algebra_in_proof_assistant/04-set-equality/takes/take-mrhmharr/pipeline/align/align-mrizil4a/progress.json", "JSON", 6, 0, 0, 0, 0, 0, 0, 0, 0, 0, 0, 0, 0, 0, 0, 0, 1, 7
"/Users/johndoe/Documents/company/video_ops/public/scripts/abstract_algebra_in_proof_assistant/04-set-equality/takes/take-mrhmharr/pipeline/align/align-mrizil4a/remotion-visual-plan.json", "JSON", 57, 0, 0, 0, 0, 0, 0, 0, 0, 0, 0, 0, 0, 0, 0, 0, 1, 58
"/Users/johndoe/Documents/company/video_ops/public/scripts/abstract_algebra_in_proof_assistant/04-set-equality/takes/take-mrhmharr/pipeline/align/align-mrizil4a/speech-alignment.json", "JSON", 67, 0, 0, 0, 0, 0, 0, 0, 0, 0, 0, 0, 0, 0, 0, 0, 1, 68
"/Users/johndoe/Documents/company/video_ops/public/scripts/abstract_algebra_in_proof_assistant/04-set-equality/takes/take-mrhmharr/pipeline/align/align-mrizil4a/stage-run.log", "Log", 0, 0, 0, 0, 0, 0, 0, 0, 0, 0, 0, 10, 0, 0, 0, 0, 2, 12
"/Users/johndoe/Documents/company/video_ops/public/scripts/abstract_algebra_in_proof_assistant/04-set-equality/takes/take-mrhmharr/pipeline/align/align-mrizil4a/transcript.verbose.json", "JSON", 4791, 0, 0, 0, 0, 0, 0, 0, 0, 0, 0, 0, 0, 0, 0, 0, 1, 4792
"/Users/johndoe/Documents/company/video_ops/public/scripts/abstract_algebra_in_proof_assistant/04-set-equality/takes/take-mrhmharr/pipeline/align/align-mrj4ogj0/align-mode.json", "JSON", 4, 0, 0, 0, 0, 0, 0, 0, 0, 0, 0, 0, 0, 0, 0, 0, 1, 5
"/Users/johndoe/Documents/company/video_ops/public/scripts/abstract_algebra_in_proof_assistant/04-set-equality/takes/take-mrhmharr/pipeline/align/align-mrj4ogj0/animation-outdoor.json", "JSON", 683, 0, 0, 0, 0, 0, 0, 0, 0, 0, 0, 0, 0, 0, 0, 0, 1, 684
"/Users/johndoe/Documents/company/video_ops/public/scripts/abstract_algebra_in_proof_assistant/04-set-equality/takes/take-mrhmharr/pipeline/align/align-mrj4ogj0/cut-good-intervals.json", "JSON", 122, 0, 0, 0, 0, 0, 0, 0, 0, 0, 0, 0, 0, 0, 0, 0, 1, 123
"/Users/johndoe/Documents/company/video_ops/public/scripts/abstract_algebra_in_proof_assistant/04-set-equality/takes/take-mrhmharr/pipeline/align/align-mrj4ogj0/progress.json", "JSON", 6, 0, 0, 0, 0, 0, 0, 0, 0, 0, 0, 0, 0, 0, 0, 0, 1, 7
"/Users/johndoe/Documents/company/video_ops/public/scripts/abstract_algebra_in_proof_assistant/04-set-equality/takes/take-mrhmharr/pipeline/align/align-mrj4ogj0/remotion-visual-plan.json", "JSON", 57, 0, 0, 0, 0, 0, 0, 0, 0, 0, 0, 0, 0, 0, 0, 0, 1, 58
"/Users/johndoe/Documents/company/video_ops/public/scripts/abstract_algebra_in_proof_assistant/04-set-equality/takes/take-mrhmharr/pipeline/align/align-mrj4ogj0/speech-alignment.json", "JSON", 67, 0, 0, 0, 0, 0, 0, 0, 0, 0, 0, 0, 0, 0, 0, 0, 1, 68
"/Users/johndoe/Documents/company/video_ops/public/scripts/abstract_algebra_in_proof_assistant/04-set-equality/takes/take-mrhmharr/pipeline/align/align-mrj4ogj0/stage-run.log", "Log", 0, 0, 0, 0, 0, 0, 0, 0, 0, 0, 0, 10, 0, 0, 0, 0, 2, 12
"/Users/johndoe/Documents/company/video_ops/public/scripts/abstract_algebra_in_proof_assistant/04-set-equality/takes/take-mrhmharr/pipeline/align/align-mrj4ogj0/transcript.verbose.json", "JSON", 4791, 0, 0, 0, 0, 0, 0, 0, 0, 0, 0, 0, 0, 0, 0, 0, 1, 4792
"/Users/johndoe/Documents/company/video_ops/public/scripts/abstract_algebra_in_proof_assistant/04-set-equality/takes/take-mrhmharr/pipeline/align/align-mrj4xibp/align-mode.json", "JSON", 4, 0, 0, 0, 0, 0, 0, 0, 0, 0, 0, 0, 0, 0, 0, 0, 1, 5
"/Users/johndoe/Documents/company/video_ops/public/scripts/abstract_algebra_in_proof_assistant/04-set-equality/takes/take-mrhmharr/pipeline/align/align-mrj4xibp/animation-outdoor.json", "JSON", 677, 0, 0, 0, 0, 0, 0, 0, 0, 0, 0, 0, 0, 0, 0, 0, 1, 678
"/Users/johndoe/Documents/company/video_ops/public/scripts/abstract_algebra_in_proof_assistant/04-set-equality/takes/take-mrhmharr/pipeline/align/align-mrj4xibp/cut-good-intervals.json", "JSON", 118, 0, 0, 0, 0, 0, 0, 0, 0, 0, 0, 0, 0, 0, 0, 0, 1, 119
"/Users/johndoe/Documents/company/video_ops/public/scripts/abstract_algebra_in_proof_assistant/04-set-equality/takes/take-mrhmharr/pipeline/align/align-mrj4xibp/progress.json", "JSON", 6, 0, 0, 0, 0, 0, 0, 0, 0, 0, 0, 0, 0, 0, 0, 0, 1, 7
"/Users/johndoe/Documents/company/video_ops/public/scripts/abstract_algebra_in_proof_assistant/04-set-equality/takes/take-mrhmharr/pipeline/align/align-mrj4xibp/remotion-visual-plan.json", "JSON", 57, 0, 0, 0, 0, 0, 0, 0, 0, 0, 0, 0, 0, 0, 0, 0, 1, 58
"/Users/johndoe/Documents/company/video_ops/public/scripts/abstract_algebra_in_proof_assistant/04-set-equality/takes/take-mrhmharr/pipeline/align/align-mrj4xibp/speech-alignment.json", "JSON", 67, 0, 0, 0, 0, 0, 0, 0, 0, 0, 0, 0, 0, 0, 0, 0, 1, 68
"/Users/johndoe/Documents/company/video_ops/public/scripts/abstract_algebra_in_proof_assistant/04-set-equality/takes/take-mrhmharr/pipeline/align/align-mrj4xibp/stage-run.log", "Log", 0, 0, 0, 0, 0, 0, 0, 0, 0, 0, 0, 10, 0, 0, 0, 0, 2, 12
"/Users/johndoe/Documents/company/video_ops/public/scripts/abstract_algebra_in_proof_assistant/04-set-equality/takes/take-mrhmharr/pipeline/align/align-mrj4xibp/transcript.verbose.json", "JSON", 4791, 0, 0, 0, 0, 0, 0, 0, 0, 0, 0, 0, 0, 0, 0, 0, 1, 4792
"/Users/johndoe/Documents/company/video_ops/public/scripts/abstract_algebra_in_proof_assistant/04-set-equality/takes/take-mrhmharr/pipeline/composite/composite-mrhnk9qw/animation-outdoor.json", "JSON", 320, 0, 0, 0, 0, 0, 0, 0, 0, 0, 0, 0, 0, 0, 0, 0, 1, 321
"/Users/johndoe/Documents/company/video_ops/public/scripts/abstract_algebra_in_proof_assistant/04-set-equality/takes/take-mrhmharr/pipeline/composite/composite-mrhnk9qw/outdoor-manifest.json", "JSON", 106, 0, 0, 0, 0, 0, 0, 0, 0, 0, 0, 0, 0, 0, 0, 0, 1, 107
"/Users/johndoe/Documents/company/video_ops/public/scripts/abstract_algebra_in_proof_assistant/04-set-equality/takes/take-mrhmharr/pipeline/composite/composite-mrhnk9qw/progress.json", "JSON", 6, 0, 0, 0, 0, 0, 0, 0, 0, 0, 0, 0, 0, 0, 0, 0, 1, 7
"/Users/johndoe/Documents/company/video_ops/public/scripts/abstract_algebra_in_proof_assistant/04-set-equality/takes/take-mrhmharr/pipeline/composite/composite-mrhnk9qw/remotion-visual-plan.json", "JSON", 57, 0, 0, 0, 0, 0, 0, 0, 0, 0, 0, 0, 0, 0, 0, 0, 1, 58
"/Users/johndoe/Documents/company/video_ops/public/scripts/abstract_algebra_in_proof_assistant/04-set-equality/takes/take-mrhmharr/pipeline/composite/composite-mrhnk9qw/speech-alignment.json", "JSON", 67, 0, 0, 0, 0, 0, 0, 0, 0, 0, 0, 0, 0, 0, 0, 0, 1, 68
"/Users/johndoe/Documents/company/video_ops/public/scripts/abstract_algebra_in_proof_assistant/04-set-equality/takes/take-mrhmharr/pipeline/composite/composite-mrhnk9qw/stage-run.log", "Log", 0, 0, 0, 0, 0, 0, 0, 0, 0, 0, 0, 20709, 0, 0, 0, 0, 6, 20715
"/Users/johndoe/Documents/company/video_ops/public/scripts/abstract_algebra_in_proof_assistant/04-set-equality/takes/take-mrhmharr/pipeline/composite/composite-mrhsxdt3/animation-outdoor.json", "JSON", 320, 0, 0, 0, 0, 0, 0, 0, 0, 0, 0, 0, 0, 0, 0, 0, 1, 321
"/Users/johndoe/Documents/company/video_ops/public/scripts/abstract_algebra_in_proof_assistant/04-set-equality/takes/take-mrhmharr/pipeline/composite/composite-mrhsxdt3/outdoor-manifest.json", "JSON", 106, 0, 0, 0, 0, 0, 0, 0, 0, 0, 0, 0, 0, 0, 0, 0, 1, 107
"/Users/johndoe/Documents/company/video_ops/public/scripts/abstract_algebra_in_proof_assistant/04-set-equality/takes/take-mrhmharr/pipeline/composite/composite-mrhsxdt3/progress.json", "JSON", 6, 0, 0, 0, 0, 0, 0, 0, 0, 0, 0, 0, 0, 0, 0, 0, 1, 7
"/Users/johndoe/Documents/company/video_ops/public/scripts/abstract_algebra_in_proof_assistant/04-set-equality/takes/take-mrhmharr/pipeline/composite/composite-mrhsxdt3/remotion-visual-plan.json", "JSON", 57, 0, 0, 0, 0, 0, 0, 0, 0, 0, 0, 0, 0, 0, 0, 0, 1, 58
"/Users/johndoe/Documents/company/video_ops/public/scripts/abstract_algebra_in_proof_assistant/04-set-equality/takes/take-mrhmharr/pipeline/composite/composite-mrhsxdt3/speech-alignment.json", "JSON", 67, 0, 0, 0, 0, 0, 0, 0, 0, 0, 0, 0, 0, 0, 0, 0, 1, 68
"/Users/johndoe/Documents/company/video_ops/public/scripts/abstract_algebra_in_proof_assistant/04-set-equality/takes/take-mrhmharr/pipeline/composite/composite-mrhsxdt3/stage-run.log", "Log", 0, 0, 0, 0, 0, 0, 0, 0, 0, 0, 0, 21641, 0, 0, 0, 0, 6, 21647
"/Users/johndoe/Documents/company/video_ops/public/scripts/abstract_algebra_in_proof_assistant/04-set-equality/takes/take-mrhmharr/pipeline/composite/composite-mrhtlbcd/animation-outdoor.json", "JSON", 320, 0, 0, 0, 0, 0, 0, 0, 0, 0, 0, 0, 0, 0, 0, 0, 1, 321
"/Users/johndoe/Documents/company/video_ops/public/scripts/abstract_algebra_in_proof_assistant/04-set-equality/takes/take-mrhmharr/pipeline/composite/composite-mrhtlbcd/outdoor-manifest.json", "JSON", 106, 0, 0, 0, 0, 0, 0, 0, 0, 0, 0, 0, 0, 0, 0, 0, 1, 107
"/Users/johndoe/Documents/company/video_ops/public/scripts/abstract_algebra_in_proof_assistant/04-set-equality/takes/take-mrhmharr/pipeline/composite/composite-mrhtlbcd/progress.json", "JSON", 6, 0, 0, 0, 0, 0, 0, 0, 0, 0, 0, 0, 0, 0, 0, 0, 1, 7
"/Users/johndoe/Documents/company/video_ops/public/scripts/abstract_algebra_in_proof_assistant/04-set-equality/takes/take-mrhmharr/pipeline/composite/composite-mrhtlbcd/remotion-visual-plan.json", "JSON", 57, 0, 0, 0, 0, 0, 0, 0, 0, 0, 0, 0, 0, 0, 0, 0, 1, 58
"/Users/johndoe/Documents/company/video_ops/public/scripts/abstract_algebra_in_proof_assistant/04-set-equality/takes/take-mrhmharr/pipeline/composite/composite-mrhtlbcd/speech-alignment.json", "JSON", 67, 0, 0, 0, 0, 0, 0, 0, 0, 0, 0, 0, 0, 0, 0, 0, 1, 68
"/Users/johndoe/Documents/company/video_ops/public/scripts/abstract_algebra_in_proof_assistant/04-set-equality/takes/take-mrhmharr/pipeline/composite/composite-mrhtlbcd/stage-run.log", "Log", 0, 0, 0, 0, 0, 0, 0, 0, 0, 0, 0, 21566, 0, 0, 0, 0, 6, 21572
"/Users/johndoe/Documents/company/video_ops/public/scripts/abstract_algebra_in_proof_assistant/04-set-equality/takes/take-mrhmharr/pipeline/composite/composite-mrhvy8mn/animation-outdoor.json", "JSON", 320, 0, 0, 0, 0, 0, 0, 0, 0, 0, 0, 0, 0, 0, 0, 0, 1, 321
"/Users/johndoe/Documents/company/video_ops/public/scripts/abstract_algebra_in_proof_assistant/04-set-equality/takes/take-mrhmharr/pipeline/composite/composite-mrhvy8mn/outdoor-manifest.json", "JSON", 106, 0, 0, 0, 0, 0, 0, 0, 0, 0, 0, 0, 0, 0, 0, 0, 1, 107
"/Users/johndoe/Documents/company/video_ops/public/scripts/abstract_algebra_in_proof_assistant/04-set-equality/takes/take-mrhmharr/pipeline/composite/composite-mrhvy8mn/progress.json", "JSON", 6, 0, 0, 0, 0, 0, 0, 0, 0, 0, 0, 0, 0, 0, 0, 0, 1, 7
"/Users/johndoe/Documents/company/video_ops/public/scripts/abstract_algebra_in_proof_assistant/04-set-equality/takes/take-mrhmharr/pipeline/composite/composite-mrhvy8mn/remotion-visual-plan.json", "JSON", 57, 0, 0, 0, 0, 0, 0, 0, 0, 0, 0, 0, 0, 0, 0, 0, 1, 58
"/Users/johndoe/Documents/company/video_ops/public/scripts/abstract_algebra_in_proof_assistant/04-set-equality/takes/take-mrhmharr/pipeline/composite/composite-mrhvy8mn/speech-alignment.json", "JSON", 67, 0, 0, 0, 0, 0, 0, 0, 0, 0, 0, 0, 0, 0, 0, 0, 1, 68
"/Users/johndoe/Documents/company/video_ops/public/scripts/abstract_algebra_in_proof_assistant/04-set-equality/takes/take-mrhmharr/pipeline/composite/composite-mrhvy8mn/stage-run.log", "Log", 0, 0, 0, 0, 0, 0, 0, 0, 0, 0, 0, 21261, 0, 0, 0, 0, 6, 21267
"/Users/johndoe/Documents/company/video_ops/public/scripts/abstract_algebra_in_proof_assistant/04-set-equality/takes/take-mrhmharr/pipeline/composite/composite-mrhvy8mn/transcript.verbose.json", "JSON", 4791, 0, 0, 0, 0, 0, 0, 0, 0, 0, 0, 0, 0, 0, 0, 0, 1, 4792
"/Users/johndoe/Documents/company/video_ops/public/scripts/abstract_algebra_in_proof_assistant/04-set-equality/takes/take-mrhmharr/pipeline/composite/composite-mrhyf6sh/animation-outdoor.json", "JSON", 320, 0, 0, 0, 0, 0, 0, 0, 0, 0, 0, 0, 0, 0, 0, 0, 1, 321
"/Users/johndoe/Documents/company/video_ops/public/scripts/abstract_algebra_in_proof_assistant/04-set-equality/takes/take-mrhmharr/pipeline/composite/composite-mrhyf6sh/outdoor-manifest.json", "JSON", 106, 0, 0, 0, 0, 0, 0, 0, 0, 0, 0, 0, 0, 0, 0, 0, 1, 107
"/Users/johndoe/Documents/company/video_ops/public/scripts/abstract_algebra_in_proof_assistant/04-set-equality/takes/take-mrhmharr/pipeline/composite/composite-mrhyf6sh/progress.json", "JSON", 6, 0, 0, 0, 0, 0, 0, 0, 0, 0, 0, 0, 0, 0, 0, 0, 1, 7
"/Users/johndoe/Documents/company/video_ops/public/scripts/abstract_algebra_in_proof_assistant/04-set-equality/takes/take-mrhmharr/pipeline/composite/composite-mrhyf6sh/remotion-visual-plan.json", "JSON", 57, 0, 0, 0, 0, 0, 0, 0, 0, 0, 0, 0, 0, 0, 0, 0, 1, 58
"/Users/johndoe/Documents/company/video_ops/public/scripts/abstract_algebra_in_proof_assistant/04-set-equality/takes/take-mrhmharr/pipeline/composite/composite-mrhyf6sh/speech-alignment.json", "JSON", 67, 0, 0, 0, 0, 0, 0, 0, 0, 0, 0, 0, 0, 0, 0, 0, 1, 68
"/Users/johndoe/Documents/company/video_ops/public/scripts/abstract_algebra_in_proof_assistant/04-set-equality/takes/take-mrhmharr/pipeline/composite/composite-mrhyf6sh/stage-run.log", "Log", 0, 0, 0, 0, 0, 0, 0, 0, 0, 0, 0, 20303, 0, 0, 0, 0, 6, 20309
"/Users/johndoe/Documents/company/video_ops/public/scripts/abstract_algebra_in_proof_assistant/04-set-equality/takes/take-mrhmharr/pipeline/composite/composite-mrhyf6sh/transcript.verbose.json", "JSON", 4791, 0, 0, 0, 0, 0, 0, 0, 0, 0, 0, 0, 0, 0, 0, 0, 1, 4792
"/Users/johndoe/Documents/company/video_ops/public/scripts/abstract_algebra_in_proof_assistant/04-set-equality/takes/take-mrhmharr/pipeline/composite/composite-mriqluj2/animation-outdoor.json", "JSON", 320, 0, 0, 0, 0, 0, 0, 0, 0, 0, 0, 0, 0, 0, 0, 0, 1, 321
"/Users/johndoe/Documents/company/video_ops/public/scripts/abstract_algebra_in_proof_assistant/04-set-equality/takes/take-mrhmharr/pipeline/composite/composite-mriqluj2/outdoor-manifest.json", "JSON", 106, 0, 0, 0, 0, 0, 0, 0, 0, 0, 0, 0, 0, 0, 0, 0, 1, 107
"/Users/johndoe/Documents/company/video_ops/public/scripts/abstract_algebra_in_proof_assistant/04-set-equality/takes/take-mrhmharr/pipeline/composite/composite-mriqluj2/progress.json", "JSON", 6, 0, 0, 0, 0, 0, 0, 0, 0, 0, 0, 0, 0, 0, 0, 0, 1, 7
"/Users/johndoe/Documents/company/video_ops/public/scripts/abstract_algebra_in_proof_assistant/04-set-equality/takes/take-mrhmharr/pipeline/composite/composite-mriqluj2/remotion-visual-plan.json", "JSON", 57, 0, 0, 0, 0, 0, 0, 0, 0, 0, 0, 0, 0, 0, 0, 0, 1, 58
"/Users/johndoe/Documents/company/video_ops/public/scripts/abstract_algebra_in_proof_assistant/04-set-equality/takes/take-mrhmharr/pipeline/composite/composite-mriqluj2/speech-alignment.json", "JSON", 67, 0, 0, 0, 0, 0, 0, 0, 0, 0, 0, 0, 0, 0, 0, 0, 1, 68
"/Users/johndoe/Documents/company/video_ops/public/scripts/abstract_algebra_in_proof_assistant/04-set-equality/takes/take-mrhmharr/pipeline/composite/composite-mriqluj2/stage-run.log", "Log", 0, 0, 0, 0, 0, 0, 0, 0, 0, 0, 0, 21031, 0, 0, 0, 0, 6, 21037
"/Users/johndoe/Documents/company/video_ops/public/scripts/abstract_algebra_in_proof_assistant/04-set-equality/takes/take-mrhmharr/pipeline/composite/composite-mriqluj2/transcript.verbose.json", "JSON", 4791, 0, 0, 0, 0, 0, 0, 0, 0, 0, 0, 0, 0, 0, 0, 0, 1, 4792
"/Users/johndoe/Documents/company/video_ops/public/scripts/abstract_algebra_in_proof_assistant/04-set-equality/takes/take-mrhmharr/pipeline/composite/composite-mrirspkq/animation-outdoor.json", "JSON", 320, 0, 0, 0, 0, 0, 0, 0, 0, 0, 0, 0, 0, 0, 0, 0, 1, 321
"/Users/johndoe/Documents/company/video_ops/public/scripts/abstract_algebra_in_proof_assistant/04-set-equality/takes/take-mrhmharr/pipeline/composite/composite-mrirspkq/outdoor-manifest.json", "JSON", 106, 0, 0, 0, 0, 0, 0, 0, 0, 0, 0, 0, 0, 0, 0, 0, 1, 107
"/Users/johndoe/Documents/company/video_ops/public/scripts/abstract_algebra_in_proof_assistant/04-set-equality/takes/take-mrhmharr/pipeline/composite/composite-mrirspkq/progress.json", "JSON", 6, 0, 0, 0, 0, 0, 0, 0, 0, 0, 0, 0, 0, 0, 0, 0, 1, 7
"/Users/johndoe/Documents/company/video_ops/public/scripts/abstract_algebra_in_proof_assistant/04-set-equality/takes/take-mrhmharr/pipeline/composite/composite-mrirspkq/remotion-visual-plan.json", "JSON", 57, 0, 0, 0, 0, 0, 0, 0, 0, 0, 0, 0, 0, 0, 0, 0, 1, 58
"/Users/johndoe/Documents/company/video_ops/public/scripts/abstract_algebra_in_proof_assistant/04-set-equality/takes/take-mrhmharr/pipeline/composite/composite-mrirspkq/speech-alignment.json", "JSON", 67, 0, 0, 0, 0, 0, 0, 0, 0, 0, 0, 0, 0, 0, 0, 0, 1, 68
"/Users/johndoe/Documents/company/video_ops/public/scripts/abstract_algebra_in_proof_assistant/04-set-equality/takes/take-mrhmharr/pipeline/composite/composite-mrirspkq/stage-run.log", "Log", 0, 0, 0, 0, 0, 0, 0, 0, 0, 0, 0, 19823, 0, 0, 0, 0, 6, 19829
"/Users/johndoe/Documents/company/video_ops/public/scripts/abstract_algebra_in_proof_assistant/04-set-equality/takes/take-mrhmharr/pipeline/composite/composite-mrirspkq/transcript.verbose.json", "JSON", 4791, 0, 0, 0, 0, 0, 0, 0, 0, 0, 0, 0, 0, 0, 0, 0, 1, 4792
"/Users/johndoe/Documents/company/video_ops/public/scripts/abstract_algebra_in_proof_assistant/04-set-equality/takes/take-mrhmharr/pipeline/composite/composite-mritwa30/animation-outdoor.json", "JSON", 464, 0, 0, 0, 0, 0, 0, 0, 0, 0, 0, 0, 0, 0, 0, 0, 1, 465
"/Users/johndoe/Documents/company/video_ops/public/scripts/abstract_algebra_in_proof_assistant/04-set-equality/takes/take-mrhmharr/pipeline/composite/composite-mritwa30/outdoor-manifest.json", "JSON", 249, 0, 0, 0, 0, 0, 0, 0, 0, 0, 0, 0, 0, 0, 0, 0, 1, 250
"/Users/johndoe/Documents/company/video_ops/public/scripts/abstract_algebra_in_proof_assistant/04-set-equality/takes/take-mrhmharr/pipeline/composite/composite-mritwa30/progress.json", "JSON", 6, 0, 0, 0, 0, 0, 0, 0, 0, 0, 0, 0, 0, 0, 0, 0, 1, 7
"/Users/johndoe/Documents/company/video_ops/public/scripts/abstract_algebra_in_proof_assistant/04-set-equality/takes/take-mrhmharr/pipeline/composite/composite-mritwa30/remotion-visual-plan.json", "JSON", 57, 0, 0, 0, 0, 0, 0, 0, 0, 0, 0, 0, 0, 0, 0, 0, 1, 58
"/Users/johndoe/Documents/company/video_ops/public/scripts/abstract_algebra_in_proof_assistant/04-set-equality/takes/take-mrhmharr/pipeline/composite/composite-mritwa30/speech-alignment.json", "JSON", 67, 0, 0, 0, 0, 0, 0, 0, 0, 0, 0, 0, 0, 0, 0, 0, 1, 68
"/Users/johndoe/Documents/company/video_ops/public/scripts/abstract_algebra_in_proof_assistant/04-set-equality/takes/take-mrhmharr/pipeline/composite/composite-mritwa30/stage-run.log", "Log", 0, 0, 0, 0, 0, 0, 0, 0, 0, 0, 0, 18585, 0, 0, 0, 0, 6, 18591
"/Users/johndoe/Documents/company/video_ops/public/scripts/abstract_algebra_in_proof_assistant/04-set-equality/takes/take-mrhmharr/pipeline/composite/composite-mritwa30/transcript.verbose.json", "JSON", 4791, 0, 0, 0, 0, 0, 0, 0, 0, 0, 0, 0, 0, 0, 0, 0, 1, 4792
"/Users/johndoe/Documents/company/video_ops/public/scripts/abstract_algebra_in_proof_assistant/04-set-equality/takes/take-mrhmharr/pipeline/composite/composite-mrrwb6tk/animation-outdoor.json", "JSON", 677, 0, 0, 0, 0, 0, 0, 0, 0, 0, 0, 0, 0, 0, 0, 0, 1, 678
"/Users/johndoe/Documents/company/video_ops/public/scripts/abstract_algebra_in_proof_assistant/04-set-equality/takes/take-mrhmharr/pipeline/composite/composite-mrrwb6tk/outdoor-manifest.json", "JSON", 466, 0, 0, 0, 0, 0, 0, 0, 0, 0, 0, 0, 0, 0, 0, 0, 1, 467
"/Users/johndoe/Documents/company/video_ops/public/scripts/abstract_algebra_in_proof_assistant/04-set-equality/takes/take-mrhmharr/pipeline/composite/composite-mrrwb6tk/progress.json", "JSON", 6, 0, 0, 0, 0, 0, 0, 0, 0, 0, 0, 0, 0, 0, 0, 0, 1, 7
"/Users/johndoe/Documents/company/video_ops/public/scripts/abstract_algebra_in_proof_assistant/04-set-equality/takes/take-mrhmharr/pipeline/composite/composite-mrrwb6tk/remotion-visual-plan.json", "JSON", 57, 0, 0, 0, 0, 0, 0, 0, 0, 0, 0, 0, 0, 0, 0, 0, 1, 58
"/Users/johndoe/Documents/company/video_ops/public/scripts/abstract_algebra_in_proof_assistant/04-set-equality/takes/take-mrhmharr/pipeline/composite/composite-mrrwb6tk/speech-alignment.json", "JSON", 67, 0, 0, 0, 0, 0, 0, 0, 0, 0, 0, 0, 0, 0, 0, 0, 1, 68
"/Users/johndoe/Documents/company/video_ops/public/scripts/abstract_algebra_in_proof_assistant/04-set-equality/takes/take-mrhmharr/pipeline/composite/composite-mrrwb6tk/stage-run.log", "Log", 0, 0, 0, 0, 0, 0, 0, 0, 0, 0, 0, 44, 0, 0, 0, 0, 6, 50
"/Users/johndoe/Documents/company/video_ops/public/scripts/abstract_algebra_in_proof_assistant/04-set-equality/takes/take-mrhmharr/pipeline/composite/composite-mrrwb6tk/transcript.verbose.json", "JSON", 4791, 0, 0, 0, 0, 0, 0, 0, 0, 0, 0, 0, 0, 0, 0, 0, 1, 4792
"/Users/johndoe/Documents/company/video_ops/public/scripts/abstract_algebra_in_proof_assistant/04-set-equality/takes/take-mrhmharr/pipeline/cut/cut-mrhmwlre/progress.json", "JSON", 6, 0, 0, 0, 0, 0, 0, 0, 0, 0, 0, 0, 0, 0, 0, 0, 1, 7
"/Users/johndoe/Documents/company/video_ops/public/scripts/abstract_algebra_in_proof_assistant/04-set-equality/takes/take-mrhmharr/pipeline/cut/cut-mrhmwlre/stage-run.log", "Log", 0, 0, 0, 0, 0, 0, 0, 0, 0, 0, 0, 22, 0, 0, 0, 0, 2, 24
"/Users/johndoe/Documents/company/video_ops/public/scripts/abstract_algebra_in_proof_assistant/04-set-equality/takes/take-mrhmharr/pipeline/cut/cut-mrhn7t3r/progress.json", "JSON", 6, 0, 0, 0, 0, 0, 0, 0, 0, 0, 0, 0, 0, 0, 0, 0, 1, 7
"/Users/johndoe/Documents/company/video_ops/public/scripts/abstract_algebra_in_proof_assistant/04-set-equality/takes/take-mrhmharr/pipeline/cut/cut-mrhn7t3r/stage-run.log", "Log", 0, 0, 0, 0, 0, 0, 0, 0, 0, 0, 0, 139, 0, 0, 0, 0, 9, 148
"/Users/johndoe/Documents/company/video_ops/public/scripts/abstract_algebra_in_proof_assistant/04-set-equality/takes/take-mrhmharr/pipeline/cut/cut-mrhn8anp/progress.json", "JSON", 6, 0, 0, 0, 0, 0, 0, 0, 0, 0, 0, 0, 0, 0, 0, 0, 1, 7
"/Users/johndoe/Documents/company/video_ops/public/scripts/abstract_algebra_in_proof_assistant/04-set-equality/takes/take-mrhmharr/pipeline/cut/cut-mrhn8anp/stage-run.log", "Log", 0, 0, 0, 0, 0, 0, 0, 0, 0, 0, 0, 139, 0, 0, 0, 0, 9, 148
"/Users/johndoe/Documents/company/video_ops/public/scripts/abstract_algebra_in_proof_assistant/04-set-equality/takes/take-mrhmharr/pipeline/cut/cut-mrhniip1/analysis.json", "JSON", 67, 0, 0, 0, 0, 0, 0, 0, 0, 0, 0, 0, 0, 0, 0, 0, 1, 68
"/Users/johndoe/Documents/company/video_ops/public/scripts/abstract_algebra_in_proof_assistant/04-set-equality/takes/take-mrhmharr/pipeline/cut/cut-mrhniip1/progress.json", "JSON", 6, 0, 0, 0, 0, 0, 0, 0, 0, 0, 0, 0, 0, 0, 0, 0, 1, 7
"/Users/johndoe/Documents/company/video_ops/public/scripts/abstract_algebra_in_proof_assistant/04-set-equality/takes/take-mrhmharr/pipeline/cut/cut-mrhniip1/remotion-visual-plan.json", "JSON", 56, 0, 0, 0, 0, 0, 0, 0, 0, 0, 0, 0, 0, 0, 0, 0, 1, 57
"/Users/johndoe/Documents/company/video_ops/public/scripts/abstract_algebra_in_proof_assistant/04-set-equality/takes/take-mrhmharr/pipeline/cut/cut-mrhniip1/stage-run.log", "Log", 0, 0, 0, 0, 0, 0, 0, 0, 0, 0, 0, 169, 0, 0, 0, 0, 2, 171
"/Users/johndoe/Documents/company/video_ops/public/scripts/abstract_algebra_in_proof_assistant/04-set-equality/takes/take-mrhmharr/pipeline/cut/cut-mrhniip1/transcript.verbose.json", "JSON", 6, 0, 0, 0, 0, 0, 0, 0, 0, 0, 0, 0, 0, 0, 0, 0, 1, 7
"/Users/johndoe/Documents/company/video_ops/public/scripts/abstract_algebra_in_proof_assistant/04-set-equality/takes/take-mrhmharr/pipeline/cut/cut-mrhnjx4j/analysis.json", "JSON", 67, 0, 0, 0, 0, 0, 0, 0, 0, 0, 0, 0, 0, 0, 0, 0, 1, 68
"/Users/johndoe/Documents/company/video_ops/public/scripts/abstract_algebra_in_proof_assistant/04-set-equality/takes/take-mrhmharr/pipeline/cut/cut-mrhnjx4j/progress.json", "JSON", 6, 0, 0, 0, 0, 0, 0, 0, 0, 0, 0, 0, 0, 0, 0, 0, 1, 7
"/Users/johndoe/Documents/company/video_ops/public/scripts/abstract_algebra_in_proof_assistant/04-set-equality/takes/take-mrhmharr/pipeline/cut/cut-mrhnjx4j/remotion-visual-plan.json", "JSON", 56, 0, 0, 0, 0, 0, 0, 0, 0, 0, 0, 0, 0, 0, 0, 0, 1, 57
"/Users/johndoe/Documents/company/video_ops/public/scripts/abstract_algebra_in_proof_assistant/04-set-equality/takes/take-mrhmharr/pipeline/cut/cut-mrhnjx4j/stage-run.log", "Log", 0, 0, 0, 0, 0, 0, 0, 0, 0, 0, 0, 168, 0, 0, 0, 0, 2, 170
"/Users/johndoe/Documents/company/video_ops/public/scripts/abstract_algebra_in_proof_assistant/04-set-equality/takes/take-mrhmharr/pipeline/cut/cut-mrhnjx4j/transcript.verbose.json", "JSON", 6, 0, 0, 0, 0, 0, 0, 0, 0, 0, 0, 0, 0, 0, 0, 0, 1, 7
"/Users/johndoe/Documents/company/video_ops/public/scripts/abstract_algebra_in_proof_assistant/04-set-equality/takes/take-mrhmharr/pipeline/cut/cut-mrhswgb9/analysis.json", "JSON", 775, 0, 0, 0, 0, 0, 0, 0, 0, 0, 0, 0, 0, 0, 0, 0, 1, 776
"/Users/johndoe/Documents/company/video_ops/public/scripts/abstract_algebra_in_proof_assistant/04-set-equality/takes/take-mrhmharr/pipeline/cut/cut-mrhswgb9/cut-selection.json", "JSON", 11, 0, 0, 0, 0, 0, 0, 0, 0, 0, 0, 0, 0, 0, 0, 0, 1, 12
"/Users/johndoe/Documents/company/video_ops/public/scripts/abstract_algebra_in_proof_assistant/04-set-equality/takes/take-mrhmharr/pipeline/cut/cut-mrhswgb9/progress.json", "JSON", 6, 0, 0, 0, 0, 0, 0, 0, 0, 0, 0, 0, 0, 0, 0, 0, 1, 7
"/Users/johndoe/Documents/company/video_ops/public/scripts/abstract_algebra_in_proof_assistant/04-set-equality/takes/take-mrhmharr/pipeline/cut/cut-mrhswgb9/remotion-visual-plan.json", "JSON", 224, 0, 0, 0, 0, 0, 0, 0, 0, 0, 0, 0, 0, 0, 0, 0, 1, 225
"/Users/johndoe/Documents/company/video_ops/public/scripts/abstract_algebra_in_proof_assistant/04-set-equality/takes/take-mrhmharr/pipeline/cut/cut-mrhswgb9/stage-run.log", "Log", 0, 0, 0, 0, 0, 0, 0, 0, 0, 0, 0, 6215, 0, 0, 0, 0, 2, 6217
"/Users/johndoe/Documents/company/video_ops/public/scripts/abstract_algebra_in_proof_assistant/04-set-equality/takes/take-mrhmharr/pipeline/cut/cut-mrhswgb9/transcript.verbose.json", "JSON", 4791, 0, 0, 0, 0, 0, 0, 0, 0, 0, 0, 0, 0, 0, 0, 0, 1, 4792
"/Users/johndoe/Documents/company/video_ops/public/scripts/abstract_algebra_in_proof_assistant/04-set-equality/takes/take-mrhmharr/pipeline/cut/cut-mrhvutes/analysis.json", "JSON", 763, 0, 0, 0, 0, 0, 0, 0, 0, 0, 0, 0, 0, 0, 0, 0, 1, 764
"/Users/johndoe/Documents/company/video_ops/public/scripts/abstract_algebra_in_proof_assistant/04-set-equality/takes/take-mrhmharr/pipeline/cut/cut-mrhvutes/cut-selection.json", "JSON", 15, 0, 0, 0, 0, 0, 0, 0, 0, 0, 0, 0, 0, 0, 0, 0, 1, 16
"/Users/johndoe/Documents/company/video_ops/public/scripts/abstract_algebra_in_proof_assistant/04-set-equality/takes/take-mrhmharr/pipeline/cut/cut-mrhvutes/progress.json", "JSON", 6, 0, 0, 0, 0, 0, 0, 0, 0, 0, 0, 0, 0, 0, 0, 0, 1, 7
"/Users/johndoe/Documents/company/video_ops/public/scripts/abstract_algebra_in_proof_assistant/04-set-equality/takes/take-mrhmharr/pipeline/cut/cut-mrhvutes/remotion-visual-plan.json", "JSON", 216, 0, 0, 0, 0, 0, 0, 0, 0, 0, 0, 0, 0, 0, 0, 0, 1, 217
"/Users/johndoe/Documents/company/video_ops/public/scripts/abstract_algebra_in_proof_assistant/04-set-equality/takes/take-mrhmharr/pipeline/cut/cut-mrhvutes/stage-run.log", "Log", 0, 0, 0, 0, 0, 0, 0, 0, 0, 0, 0, 8059, 0, 0, 0, 0, 2, 8061
"/Users/johndoe/Documents/company/video_ops/public/scripts/abstract_algebra_in_proof_assistant/04-set-equality/takes/take-mrhmharr/pipeline/cut/cut-mrhvutes/transcript.verbose.json", "JSON", 4791, 0, 0, 0, 0, 0, 0, 0, 0, 0, 0, 0, 0, 0, 0, 0, 1, 4792
"/Users/johndoe/Documents/company/video_ops/public/scripts/abstract_algebra_in_proof_assistant/04-set-equality/takes/take-mrhmharr/pipeline/cut/cut-mriq7mo6/analysis.json", "JSON", 1533, 0, 0, 0, 0, 0, 0, 0, 0, 0, 0, 0, 0, 0, 0, 0, 1, 1534
"/Users/johndoe/Documents/company/video_ops/public/scripts/abstract_algebra_in_proof_assistant/04-set-equality/takes/take-mrhmharr/pipeline/cut/cut-mriq7mo6/cut-selection.json", "JSON", 19, 0, 0, 0, 0, 0, 0, 0, 0, 0, 0, 0, 0, 0, 0, 0, 1, 20
"/Users/johndoe/Documents/company/video_ops/public/scripts/abstract_algebra_in_proof_assistant/04-set-equality/takes/take-mrhmharr/pipeline/cut/cut-mriq7mo6/progress.json", "JSON", 6, 0, 0, 0, 0, 0, 0, 0, 0, 0, 0, 0, 0, 0, 0, 0, 1, 7
"/Users/johndoe/Documents/company/video_ops/public/scripts/abstract_algebra_in_proof_assistant/04-set-equality/takes/take-mrhmharr/pipeline/cut/cut-mriq7mo6/remotion-visual-plan.json", "JSON", 240, 0, 0, 0, 0, 0, 0, 0, 0, 0, 0, 0, 0, 0, 0, 0, 1, 241
"/Users/johndoe/Documents/company/video_ops/public/scripts/abstract_algebra_in_proof_assistant/04-set-equality/takes/take-mrhmharr/pipeline/cut/cut-mriq7mo6/stage-run.log", "Log", 0, 0, 0, 0, 0, 0, 0, 0, 0, 0, 0, 5761, 0, 0, 0, 0, 2, 5763
"/Users/johndoe/Documents/company/video_ops/public/scripts/abstract_algebra_in_proof_assistant/04-set-equality/takes/take-mrhmharr/pipeline/cut/cut-mriq7mo6/transcript.verbose.json", "JSON", 4791, 0, 0, 0, 0, 0, 0, 0, 0, 0, 0, 0, 0, 0, 0, 0, 1, 4792
"/Users/johndoe/Documents/company/video_ops/public/scripts/abstract_algebra_in_proof_assistant/04-set-equality/takes/take-mrhmharr/pipeline/cut/cut-mrj4gxs6/analysis.json", "JSON", 1533, 0, 0, 0, 0, 0, 0, 0, 0, 0, 0, 0, 0, 0, 0, 0, 1, 1534
"/Users/johndoe/Documents/company/video_ops/public/scripts/abstract_algebra_in_proof_assistant/04-set-equality/takes/take-mrhmharr/pipeline/cut/cut-mrj4gxs6/cut-selection.json", "JSON", 19, 0, 0, 0, 0, 0, 0, 0, 0, 0, 0, 0, 0, 0, 0, 0, 1, 20
"/Users/johndoe/Documents/company/video_ops/public/scripts/abstract_algebra_in_proof_assistant/04-set-equality/takes/take-mrhmharr/pipeline/cut/cut-mrj4gxs6/progress.json", "JSON", 6, 0, 0, 0, 0, 0, 0, 0, 0, 0, 0, 0, 0, 0, 0, 0, 1, 7
"/Users/johndoe/Documents/company/video_ops/public/scripts/abstract_algebra_in_proof_assistant/04-set-equality/takes/take-mrhmharr/pipeline/cut/cut-mrj4gxs6/remotion-visual-plan.json", "JSON", 240, 0, 0, 0, 0, 0, 0, 0, 0, 0, 0, 0, 0, 0, 0, 0, 1, 241
"/Users/johndoe/Documents/company/video_ops/public/scripts/abstract_algebra_in_proof_assistant/04-set-equality/takes/take-mrhmharr/pipeline/cut/cut-mrj4gxs6/stage-run.log", "Log", 0, 0, 0, 0, 0, 0, 0, 0, 0, 0, 0, 6782, 0, 0, 0, 0, 2, 6784
"/Users/johndoe/Documents/company/video_ops/public/scripts/abstract_algebra_in_proof_assistant/04-set-equality/takes/take-mrhmharr/pipeline/cut/cut-mrj4gxs6/transcript.verbose.json", "JSON", 4791, 0, 0, 0, 0, 0, 0, 0, 0, 0, 0, 0, 0, 0, 0, 0, 1, 4792
"/Users/johndoe/Documents/company/video_ops/public/scripts/abstract_algebra_in_proof_assistant/04-set-equality/takes/take-mrhmharr/pipeline/social/social-mrhteozu/progress.json", "JSON", 6, 0, 0, 0, 0, 0, 0, 0, 0, 0, 0, 0, 0, 0, 0, 0, 1, 7
"/Users/johndoe/Documents/company/video_ops/public/scripts/abstract_algebra_in_proof_assistant/04-set-equality/takes/take-mrhmharr/pipeline/social/social-mrhteozu/social-posts.json", "JSON", 73, 0, 0, 0, 0, 0, 0, 0, 0, 0, 0, 0, 0, 0, 0, 0, 1, 74
"/Users/johndoe/Documents/company/video_ops/public/scripts/abstract_algebra_in_proof_assistant/04-set-equality/takes/take-mrhmharr/pipeline/social/social-mrhteozu/stage-run.log", "Log", 0, 0, 0, 0, 0, 0, 0, 0, 0, 0, 0, 10, 0, 0, 0, 0, 2, 12
"/Users/johndoe/Documents/company/video_ops/public/scripts/abstract_algebra_in_proof_assistant/04-set-equality/takes/take-mrhmharr/pipeline/social/social-mrhwezbp/progress.json", "JSON", 6, 0, 0, 0, 0, 0, 0, 0, 0, 0, 0, 0, 0, 0, 0, 0, 1, 7
"/Users/johndoe/Documents/company/video_ops/public/scripts/abstract_algebra_in_proof_assistant/04-set-equality/takes/take-mrhmharr/pipeline/social/social-mrhwezbp/social-posts.json", "JSON", 73, 0, 0, 0, 0, 0, 0, 0, 0, 0, 0, 0, 0, 0, 0, 0, 1, 74
"/Users/johndoe/Documents/company/video_ops/public/scripts/abstract_algebra_in_proof_assistant/04-set-equality/takes/take-mrhmharr/pipeline/social/social-mrhwezbp/stage-run.log", "Log", 0, 0, 0, 0, 0, 0, 0, 0, 0, 0, 0, 10, 0, 0, 0, 0, 2, 12
"/Users/johndoe/Documents/company/video_ops/public/scripts/abstract_algebra_in_proof_assistant/04-set-equality/takes/take-mrhmharr/pipeline/stabilize/stabilize-mriphjg6/progress.json", "JSON", 6, 0, 0, 0, 0, 0, 0, 0, 0, 0, 0, 0, 0, 0, 0, 0, 1, 7
"/Users/johndoe/Documents/company/video_ops/public/scripts/abstract_algebra_in_proof_assistant/04-set-equality/takes/take-mrhmharr/pipeline/stabilize/stabilize-mriphjg6/stage-run.log", "Log", 0, 0, 0, 0, 0, 0, 0, 0, 0, 0, 0, 76, 0, 0, 0, 0, 2, 78
"/Users/johndoe/Documents/company/video_ops/public/scripts/abstract_algebra_in_proof_assistant/04-set-equality/takes/take-mrhmharr/pipeline/stabilize/stabilize-mripljg8/progress.json", "JSON", 6, 0, 0, 0, 0, 0, 0, 0, 0, 0, 0, 0, 0, 0, 0, 0, 1, 7
"/Users/johndoe/Documents/company/video_ops/public/scripts/abstract_algebra_in_proof_assistant/04-set-equality/takes/take-mrhmharr/pipeline/stabilize/stabilize-mripljg8/stage-run.log", "Log", 0, 0, 0, 0, 0, 0, 0, 0, 0, 0, 0, 76, 0, 0, 0, 0, 2, 78
"/Users/johndoe/Documents/company/video_ops/public/scripts/abstract_algebra_in_proof_assistant/04-set-equality/takes/take-mrhmharr/pipeline/stabilize/stabilize-mriqdtnm/progress.json", "JSON", 6, 0, 0, 0, 0, 0, 0, 0, 0, 0, 0, 0, 0, 0, 0, 0, 1, 7
"/Users/johndoe/Documents/company/video_ops/public/scripts/abstract_algebra_in_proof_assistant/04-set-equality/takes/take-mrhmharr/pipeline/stabilize/stabilize-mriqdtnm/stage-run.log", "Log", 0, 0, 0, 0, 0, 0, 0, 0, 0, 0, 0, 76, 0, 0, 0, 0, 2, 78
"/Users/johndoe/Documents/company/video_ops/public/scripts/abstract_algebra_in_proof_assistant/04-set-equality/takes/take-mrhmharr/publish-state.json", "JSON", 7, 0, 0, 0, 0, 0, 0, 0, 0, 0, 0, 0, 0, 0, 0, 0, 1, 8
"/Users/johndoe/Documents/company/video_ops/public/scripts/abstract_algebra_in_proof_assistant/04-set-equality/takes/take-mrhmharr/take.json", "JSON", 46, 0, 0, 0, 0, 0, 0, 0, 0, 0, 0, 0, 0, 0, 0, 0, 1, 47
"/Users/johndoe/Documents/company/video_ops/public/scripts/abstract_algebra_in_proof_assistant/04-set-equality/tracks/scene-compare-hint-layouts.json", "JSON", 65, 0, 0, 0, 0, 0, 0, 0, 0, 0, 0, 0, 0, 0, 0, 0, 1, 66
"/Users/johndoe/Documents/company/video_ops/public/scripts/abstract_algebra_in_proof_assistant/05-empty-set/animation.md", "Markdown", 0, 0, 44, 0, 0, 0, 0, 0, 0, 0, 0, 0, 0, 0, 0, 60, 43, 147
"/Users/johndoe/Documents/company/video_ops/public/scripts/abstract_algebra_in_proof_assistant/05-empty-set/script.md", "Markdown", 0, 0, 47, 0, 0, 0, 0, 0, 0, 0, 0, 0, 0, 0, 0, 0, 37, 84
"/Users/johndoe/Documents/company/video_ops/public/scripts/abstract_algebra_in_proof_assistant/05-empty-set/social-posts.json", "JSON", 68, 0, 0, 0, 0, 0, 0, 0, 0, 0, 0, 0, 0, 0, 0, 0, 1, 69
"/Users/johndoe/Documents/company/video_ops/public/scripts/abstract_algebra_in_proof_assistant/06-empty-subset-theorem/animation.md", "Markdown", 0, 0, 44, 0, 0, 0, 0, 0, 0, 0, 0, 0, 0, 0, 0, 60, 43, 147
"/Users/johndoe/Documents/company/video_ops/public/scripts/abstract_algebra_in_proof_assistant/06-empty-subset-theorem/script.md", "Markdown", 0, 0, 47, 0, 0, 0, 0, 0, 0, 0, 0, 0, 0, 0, 0, 0, 37, 84
"/Users/johndoe/Documents/company/video_ops/public/scripts/abstract_algebra_in_proof_assistant/06-empty-subset-theorem/social-posts.json", "JSON", 68, 0, 0, 0, 0, 0, 0, 0, 0, 0, 0, 0, 0, 0, 0, 0, 1, 69
"/Users/johndoe/Documents/company/video_ops/public/scripts/abstract_algebra_in_proof_assistant/07-union/animation.md", "Markdown", 0, 0, 44, 0, 0, 0, 0, 0, 0, 0, 0, 0, 0, 0, 0, 60, 43, 147
"/Users/johndoe/Documents/company/video_ops/public/scripts/abstract_algebra_in_proof_assistant/07-union/script.md", "Markdown", 0, 0, 47, 0, 0, 0, 0, 0, 0, 0, 0, 0, 0, 0, 0, 0, 37, 84
"/Users/johndoe/Documents/company/video_ops/public/scripts/abstract_algebra_in_proof_assistant/07-union/social-posts.json", "JSON", 68, 0, 0, 0, 0, 0, 0, 0, 0, 0, 0, 0, 0, 0, 0, 0, 1, 69
"/Users/johndoe/Documents/company/video_ops/public/scripts/abstract_algebra_in_proof_assistant/08-intersection/animation.md", "Markdown", 0, 0, 42, 0, 0, 0, 0, 0, 0, 0, 0, 0, 0, 0, 0, 57, 40, 139
"/Users/johndoe/Documents/company/video_ops/public/scripts/abstract_algebra_in_proof_assistant/08-intersection/script.md", "Markdown", 0, 0, 46, 0, 0, 0, 0, 0, 0, 0, 0, 0, 0, 0, 0, 0, 37, 83
"/Users/johndoe/Documents/company/video_ops/public/scripts/abstract_algebra_in_proof_assistant/08-intersection/social-posts.json", "JSON", 68, 0, 0, 0, 0, 0, 0, 0, 0, 0, 0, 0, 0, 0, 0, 0, 1, 69
"/Users/johndoe/Documents/company/video_ops/public/scripts/abstract_algebra_in_proof_assistant/09-disjoint/animation.md", "Markdown", 0, 0, 42, 0, 0, 0, 0, 0, 0, 0, 0, 0, 0, 0, 0, 57, 40, 139
"/Users/johndoe/Documents/company/video_ops/public/scripts/abstract_algebra_in_proof_assistant/09-disjoint/script.md", "Markdown", 0, 0, 46, 0, 0, 0, 0, 0, 0, 0, 0, 0, 0, 0, 0, 0, 37, 83
"/Users/johndoe/Documents/company/video_ops/public/scripts/abstract_algebra_in_proof_assistant/09-disjoint/social-posts.json", "JSON", 68, 0, 0, 0, 0, 0, 0, 0, 0, 0, 0, 0, 0, 0, 0, 0, 1, 69
"/Users/johndoe/Documents/company/video_ops/public/scripts/abstract_algebra_in_proof_assistant/10-complement/animation.md", "Markdown", 0, 0, 42, 0, 0, 0, 0, 0, 0, 0, 0, 0, 0, 0, 0, 57, 40, 139
"/Users/johndoe/Documents/company/video_ops/public/scripts/abstract_algebra_in_proof_assistant/10-complement/script.md", "Markdown", 0, 0, 46, 0, 0, 0, 0, 0, 0, 0, 0, 0, 0, 0, 0, 0, 37, 83
"/Users/johndoe/Documents/company/video_ops/public/scripts/abstract_algebra_in_proof_assistant/10-complement/social-posts.json", "JSON", 68, 0, 0, 0, 0, 0, 0, 0, 0, 0, 0, 0, 0, 0, 0, 0, 1, 69
"/Users/johndoe/Documents/company/video_ops/public/scripts/abstract_algebra_in_proof_assistant/11-difference/animation.md", "Markdown", 0, 0, 42, 0, 0, 0, 0, 0, 0, 0, 0, 0, 0, 0, 0, 57, 40, 139
"/Users/johndoe/Documents/company/video_ops/public/scripts/abstract_algebra_in_proof_assistant/11-difference/script.md", "Markdown", 0, 0, 46, 0, 0, 0, 0, 0, 0, 0, 0, 0, 0, 0, 0, 0, 37, 83
"/Users/johndoe/Documents/company/video_ops/public/scripts/abstract_algebra_in_proof_assistant/11-difference/social-posts.json", "JSON", 68, 0, 0, 0, 0, 0, 0, 0, 0, 0, 0, 0, 0, 0, 0, 0, 1, 69
"/Users/johndoe/Documents/company/video_ops/public/scripts/abstract_algebra_in_proof_assistant/12-union-idempotent/animation.md", "Markdown", 0, 0, 44, 0, 0, 0, 0, 0, 0, 0, 0, 0, 0, 0, 0, 60, 43, 147
"/Users/johndoe/Documents/company/video_ops/public/scripts/abstract_algebra_in_proof_assistant/12-union-idempotent/script.md", "Markdown", 0, 0, 47, 0, 0, 0, 0, 0, 0, 0, 0, 0, 0, 0, 0, 0, 37, 84
"/Users/johndoe/Documents/company/video_ops/public/scripts/abstract_algebra_in_proof_assistant/12-union-idempotent/social-posts.json", "JSON", 68, 0, 0, 0, 0, 0, 0, 0, 0, 0, 0, 0, 0, 0, 0, 0, 1, 69
"/Users/johndoe/Documents/company/video_ops/public/scripts/abstract_algebra_in_proof_assistant/README.md", "Markdown", 0, 0, 44, 0, 0, 0, 0, 0, 0, 0, 0, 0, 0, 0, 0, 0, 16, 60
"/Users/johndoe/Documents/company/video_ops/public/scripts/abstract_algebra_in_proof_assistant/series.json", "JSON", 8, 0, 0, 0, 0, 0, 0, 0, 0, 0, 0, 0, 0, 0, 0, 0, 1, 9
"/Users/johndoe/Documents/company/video_ops/public/scripts/abstract_algebra_in_proof_assistant/shared/abstrac_algbra_in_proof_assistant.svg", "XML", 0, 0, 0, 0, 0, 0, 1, 0, 0, 0, 0, 0, 0, 0, 0, 0, 0, 1
"/Users/johndoe/Documents/company/video_ops/public/scripts/abstract_algebra_in_proof_assistant/shared/firewors.svg", "XML", 0, 0, 0, 0, 0, 0, 1, 0, 0, 0, 0, 0, 0, 0, 0, 0, 0, 1
"/Users/johndoe/Documents/company/video_ops/public/scripts/abstract_algebra_in_proof_assistant/shared/lean.svg", "XML", 0, 0, 0, 0, 0, 0, 1, 0, 0, 0, 0, 0, 0, 0, 0, 0, 0, 1
"/Users/johndoe/Documents/company/video_ops/public/scripts/abstract_algebra_in_proof_assistant/shared/title.svg", "XML", 0, 0, 0, 0, 0, 0, 1, 0, 0, 0, 0, 0, 0, 0, 0, 0, 0, 1
"/Users/johndoe/Documents/company/video_ops/public/scripts/abstract_algebra_in_proof_assistant/shared/total.svg", "XML", 0, 0, 0, 0, 0, 0, 1, 0, 0, 0, 0, 0, 0, 0, 0, 0, 0, 1
"/Users/johndoe/Documents/company/video_ops/public/scripts/abstract_algebra_in_proof_assistant/shared/turn-lang_with_link.svg", "XML", 0, 0, 0, 0, 0, 0, 1, 0, 0, 0, 0, 0, 0, 0, 0, 0, 0, 1
"/Users/johndoe/Documents/company/video_ops/public/scripts/ai-math/01-keep-reject-intro/animation.md", "Markdown", 0, 0, 22, 0, 0, 0, 0, 0, 0, 0, 0, 0, 0, 0, 0, 8, 11, 41
"/Users/johndoe/Documents/company/video_ops/public/scripts/ai-math/01-keep-reject-intro/script.md", "Markdown", 0, 0, 7, 0, 0, 0, 0, 0, 0, 0, 0, 0, 0, 0, 0, 0, 4, 11
"/Users/johndoe/Documents/company/video_ops/public/scripts/ai-math/01-keep-reject-intro/social-posts.json", "JSON", 65, 0, 0, 0, 0, 0, 0, 0, 0, 0, 0, 0, 0, 0, 0, 0, 1, 66
"/Users/johndoe/Documents/company/video_ops/public/scripts/ai-math/02-hallucinated-lemmas/animation.md", "Markdown", 0, 0, 22, 0, 0, 0, 0, 0, 0, 0, 0, 0, 0, 0, 0, 8, 11, 41
"/Users/johndoe/Documents/company/video_ops/public/scripts/ai-math/02-hallucinated-lemmas/script.md", "Markdown", 0, 0, 7, 0, 0, 0, 0, 0, 0, 0, 0, 0, 0, 0, 0, 0, 4, 11
"/Users/johndoe/Documents/company/video_ops/public/scripts/ai-math/02-hallucinated-lemmas/social-posts.json", "JSON", 65, 0, 0, 0, 0, 0, 0, 0, 0, 0, 0, 0, 0, 0, 0, 0, 1, 66
"/Users/johndoe/Documents/company/video_ops/public/scripts/ai-math/03-proofs-that-typecheck-wrong/animation.md", "Markdown", 0, 0, 22, 0, 0, 0, 0, 0, 0, 0, 0, 0, 0, 0, 0, 8, 11, 41
"/Users/johndoe/Documents/company/video_ops/public/scripts/ai-math/03-proofs-that-typecheck-wrong/script.md", "Markdown", 0, 0, 7, 0, 0, 0, 0, 0, 0, 0, 0, 0, 0, 0, 0, 0, 4, 11
"/Users/johndoe/Documents/company/video_ops/public/scripts/ai-math/03-proofs-that-typecheck-wrong/social-posts.json", "JSON", 65, 0, 0, 0, 0, 0, 0, 0, 0, 0, 0, 0, 0, 0, 0, 0, 1, 66
"/Users/johndoe/Documents/company/video_ops/public/scripts/ai-math/04-autoformalization-hype/animation.md", "Markdown", 0, 0, 22, 0, 0, 0, 0, 0, 0, 0, 0, 0, 0, 0, 0, 8, 11, 41
"/Users/johndoe/Documents/company/video_ops/public/scripts/ai-math/04-autoformalization-hype/script.md", "Markdown", 0, 0, 7, 0, 0, 0, 0, 0, 0, 0, 0, 0, 0, 0, 0, 0, 4, 11
"/Users/johndoe/Documents/company/video_ops/public/scripts/ai-math/04-autoformalization-hype/social-posts.json", "JSON", 65, 0, 0, 0, 0, 0, 0, 0, 0, 0, 0, 0, 0, 0, 0, 0, 1, 66
"/Users/johndoe/Documents/company/video_ops/public/scripts/ai-math/05-agent-diff-review/animation.md", "Markdown", 0, 0, 38, 0, 0, 0, 0, 0, 0, 0, 0, 0, 0, 0, 0, 8, 23, 69
"/Users/johndoe/Documents/company/video_ops/public/scripts/ai-math/05-agent-diff-review/script.md", "Markdown", 0, 0, 7, 0, 0, 0, 0, 0, 0, 0, 0, 0, 0, 0, 0, 0, 4, 11
"/Users/johndoe/Documents/company/video_ops/public/scripts/ai-math/05-agent-diff-review/social-posts.json", "JSON", 65, 0, 0, 0, 0, 0, 0, 0, 0, 0, 0, 0, 0, 0, 0, 0, 1, 66
"/Users/johndoe/Documents/company/video_ops/public/scripts/ai-math/06-news-imo-gold/animation.md", "Markdown", 0, 0, 22, 0, 0, 0, 0, 0, 0, 0, 0, 0, 0, 0, 0, 8, 11, 41
"/Users/johndoe/Documents/company/video_ops/public/scripts/ai-math/06-news-imo-gold/script.md", "Markdown", 0, 0, 7, 0, 0, 0, 0, 0, 0, 0, 0, 0, 0, 0, 0, 0, 4, 11
"/Users/johndoe/Documents/company/video_ops/public/scripts/ai-math/06-news-imo-gold/social-posts.json", "JSON", 65, 0, 0, 0, 0, 0, 0, 0, 0, 0, 0, 0, 0, 0, 0, 0, 1, 66
"/Users/johndoe/Documents/company/video_ops/public/scripts/ai-math/07-copilot-for-lean/animation.md", "Markdown", 0, 0, 22, 0, 0, 0, 0, 0, 0, 0, 0, 0, 0, 0, 0, 8, 11, 41
"/Users/johndoe/Documents/company/video_ops/public/scripts/ai-math/07-copilot-for-lean/script.md", "Markdown", 0, 0, 7, 0, 0, 0, 0, 0, 0, 0, 0, 0, 0, 0, 0, 0, 4, 11
"/Users/johndoe/Documents/company/video_ops/public/scripts/ai-math/07-copilot-for-lean/social-posts.json", "JSON", 65, 0, 0, 0, 0, 0, 0, 0, 0, 0, 0, 0, 0, 0, 0, 0, 1, 66
"/Users/johndoe/Documents/company/video_ops/public/scripts/ai-math/08-synthetic-data-risk/animation.md", "Markdown", 0, 0, 22, 0, 0, 0, 0, 0, 0, 0, 0, 0, 0, 0, 0, 8, 11, 41
"/Users/johndoe/Documents/company/video_ops/public/scripts/ai-math/08-synthetic-data-risk/script.md", "Markdown", 0, 0, 7, 0, 0, 0, 0, 0, 0, 0, 0, 0, 0, 0, 0, 0, 4, 11
"/Users/johndoe/Documents/company/video_ops/public/scripts/ai-math/08-synthetic-data-risk/social-posts.json", "JSON", 65, 0, 0, 0, 0, 0, 0, 0, 0, 0, 0, 0, 0, 0, 0, 0, 1, 66
"/Users/johndoe/Documents/company/video_ops/public/scripts/ai-math/09-human-in-the-loop/animation.md", "Markdown", 0, 0, 22, 0, 0, 0, 0, 0, 0, 0, 0, 0, 0, 0, 0, 8, 11, 41
"/Users/johndoe/Documents/company/video_ops/public/scripts/ai-math/09-human-in-the-loop/script.md", "Markdown", 0, 0, 7, 0, 0, 0, 0, 0, 0, 0, 0, 0, 0, 0, 0, 0, 4, 11
"/Users/johndoe/Documents/company/video_ops/public/scripts/ai-math/09-human-in-the-loop/social-posts.json", "JSON", 65, 0, 0, 0, 0, 0, 0, 0, 0, 0, 0, 0, 0, 0, 0, 0, 1, 66
"/Users/johndoe/Documents/company/video_ops/public/scripts/ai-math/10-turn-vs-llm-chat/animation.md", "Markdown", 0, 0, 22, 0, 0, 0, 0, 0, 0, 0, 0, 0, 0, 0, 0, 8, 11, 41
"/Users/johndoe/Documents/company/video_ops/public/scripts/ai-math/10-turn-vs-llm-chat/script.md", "Markdown", 0, 0, 7, 0, 0, 0, 0, 0, 0, 0, 0, 0, 0, 0, 0, 0, 4, 11
"/Users/johndoe/Documents/company/video_ops/public/scripts/ai-math/10-turn-vs-llm-chat/social-posts.json", "JSON", 65, 0, 0, 0, 0, 0, 0, 0, 0, 0, 0, 0, 0, 0, 0, 0, 1, 66
"/Users/johndoe/Documents/company/video_ops/public/scripts/ai-math/series.json", "JSON", 9, 0, 0, 0, 0, 0, 0, 0, 0, 0, 0, 0, 0, 0, 0, 0, 1, 10
"/Users/johndoe/Documents/company/video_ops/public/scripts/algebra/01-spread-classes-into-partition/animation.md", "Markdown", 0, 0, 51, 0, 0, 0, 0, 0, 0, 0, 0, 0, 0, 0, 0, 26, 22, 99
"/Users/johndoe/Documents/company/video_ops/public/scripts/algebra/01-spread-classes-into-partition/remotion.json", "JSON", 7, 0, 0, 0, 0, 0, 0, 0, 0, 0, 0, 0, 0, 0, 0, 0, 1, 8
"/Users/johndoe/Documents/company/video_ops/public/scripts/algebra/01-spread-classes-into-partition/script.md", "Markdown", 0, 0, 55, 0, 0, 0, 0, 0, 0, 0, 0, 0, 0, 0, 0, 0, 29, 84
"/Users/johndoe/Documents/company/video_ops/public/scripts/algebra/01-spread-classes-into-partition/social-posts.json", "JSON", 69, 0, 0, 0, 0, 0, 0, 0, 0, 0, 0, 0, 0, 0, 0, 0, 1, 70
"/Users/johndoe/Documents/company/video_ops/public/scripts/algebra/01-spread-classes-into-partition/tracks/scene-1-ide.json", "JSON", 11, 0, 0, 0, 0, 0, 0, 0, 0, 0, 0, 0, 0, 0, 0, 0, 1, 12
"/Users/johndoe/Documents/company/video_ops/public/scripts/algebra/01-spread-classes-into-partition/tracks/scene-2-ide.json", "JSON", 43, 0, 0, 0, 0, 0, 0, 0, 0, 0, 0, 0, 0, 0, 0, 0, 1, 44
"/Users/johndoe/Documents/company/video_ops/public/scripts/algebra/01-spread-classes-into-partition/tracks/scene-2-knowledge-data.json", "JSON", 124429, 0, 0, 0, 0, 0, 0, 0, 0, 0, 0, 0, 0, 0, 0, 0, 1, 124430
"/Users/johndoe/Documents/company/video_ops/public/scripts/algebra/01-spread-classes-into-partition/tracks/scene-2-knowledge.json", "JSON", 174, 0, 0, 0, 0, 0, 0, 0, 0, 0, 0, 0, 0, 0, 0, 0, 1, 175
"/Users/johndoe/Documents/company/video_ops/public/scripts/algebra/01-spread-classes-into-partition/tracks/scene-3-ide.json", "JSON", 39, 0, 0, 0, 0, 0, 0, 0, 0, 0, 0, 0, 0, 0, 0, 0, 1, 40
"/Users/johndoe/Documents/company/video_ops/public/scripts/algebra/01-spread-classes-into-partition/tracks/scene-3-proof.json", "JSON", 13009, 0, 0, 0, 0, 0, 0, 0, 0, 0, 0, 0, 0, 0, 0, 0, 1, 13010
"/Users/johndoe/Documents/company/video_ops/public/scripts/algebra/02-invertible-bijective-proof/animation.md", "Markdown", 0, 0, 75, 0, 0, 0, 0, 0, 0, 0, 0, 0, 0, 0, 0, 52, 38, 165
"/Users/johndoe/Documents/company/video_ops/public/scripts/algebra/02-invertible-bijective-proof/remotion.json", "JSON", 7, 0, 0, 0, 0, 0, 0, 0, 0, 0, 0, 0, 0, 0, 0, 0, 1, 8
"/Users/johndoe/Documents/company/video_ops/public/scripts/algebra/02-invertible-bijective-proof/script.md", "Markdown", 0, 0, 83, 0, 0, 0, 0, 0, 0, 0, 0, 0, 0, 0, 0, 0, 45, 128
"/Users/johndoe/Documents/company/video_ops/public/scripts/algebra/02-invertible-bijective-proof/social-posts.json", "JSON", 69, 0, 0, 0, 0, 0, 0, 0, 0, 0, 0, 0, 0, 0, 0, 0, 1, 70
"/Users/johndoe/Documents/company/video_ops/public/scripts/algebra/02-invertible-bijective-proof/tracks/scene-2-ide.json", "JSON", 40, 0, 0, 0, 0, 0, 0, 0, 0, 0, 0, 0, 0, 0, 0, 0, 1, 41
"/Users/johndoe/Documents/company/video_ops/public/scripts/algebra/02-invertible-bijective-proof/tracks/scene-3-ide.json", "JSON", 40, 0, 0, 0, 0, 0, 0, 0, 0, 0, 0, 0, 0, 0, 0, 0, 1, 41
"/Users/johndoe/Documents/company/video_ops/public/scripts/algebra/03-functions-relations-equivalence/animation.md", "Markdown", 0, 0, 363, 0, 0, 0, 0, 0, 0, 0, 0, 0, 0, 0, 0, 273, 199, 835
"/Users/johndoe/Documents/company/video_ops/public/scripts/algebra/03-functions-relations-equivalence/remotion.json", "JSON", 7, 0, 0, 0, 0, 0, 0, 0, 0, 0, 0, 0, 0, 0, 0, 0, 1, 8
"/Users/johndoe/Documents/company/video_ops/public/scripts/algebra/03-functions-relations-equivalence/script.md", "Markdown", 0, 0, 411, 0, 0, 0, 0, 0, 0, 0, 0, 0, 0, 0, 0, 0, 199, 610
"/Users/johndoe/Documents/company/video_ops/public/scripts/algebra/03-functions-relations-equivalence/social-posts.json", "JSON", 69, 0, 0, 0, 0, 0, 0, 0, 0, 0, 0, 0, 0, 0, 0, 0, 1, 70
"/Users/johndoe/Documents/company/video_ops/public/scripts/algebra/03-functions-relations-equivalence/tracks/scene-11-ide.json", "JSON", 40, 0, 0, 0, 0, 0, 0, 0, 0, 0, 0, 0, 0, 0, 0, 0, 1, 41
"/Users/johndoe/Documents/company/video_ops/public/scripts/algebra/03-functions-relations-equivalence/tracks/scene-12-ide.json", "JSON", 40, 0, 0, 0, 0, 0, 0, 0, 0, 0, 0, 0, 0, 0, 0, 0, 1, 41
"/Users/johndoe/Documents/company/video_ops/public/scripts/algebra/03-functions-relations-equivalence/tracks/scene-13-ide.json", "JSON", 40, 0, 0, 0, 0, 0, 0, 0, 0, 0, 0, 0, 0, 0, 0, 0, 1, 41
"/Users/johndoe/Documents/company/video_ops/public/scripts/algebra/03-functions-relations-equivalence/tracks/scene-15-ide.json", "JSON", 40, 0, 0, 0, 0, 0, 0, 0, 0, 0, 0, 0, 0, 0, 0, 0, 1, 41
"/Users/johndoe/Documents/company/video_ops/public/scripts/algebra/03-functions-relations-equivalence/tracks/scene-17-ide.json", "JSON", 40, 0, 0, 0, 0, 0, 0, 0, 0, 0, 0, 0, 0, 0, 0, 0, 1, 41
"/Users/johndoe/Documents/company/video_ops/public/scripts/algebra/03-functions-relations-equivalence/tracks/scene-18-ide.json", "JSON", 40, 0, 0, 0, 0, 0, 0, 0, 0, 0, 0, 0, 0, 0, 0, 0, 1, 41
"/Users/johndoe/Documents/company/video_ops/public/scripts/algebra/03-functions-relations-equivalence/tracks/scene-19-ide.json", "JSON", 40, 0, 0, 0, 0, 0, 0, 0, 0, 0, 0, 0, 0, 0, 0, 0, 1, 41
"/Users/johndoe/Documents/company/video_ops/public/scripts/algebra/03-functions-relations-equivalence/tracks/scene-20-ide.json", "JSON", 40, 0, 0, 0, 0, 0, 0, 0, 0, 0, 0, 0, 0, 0, 0, 0, 1, 41
"/Users/johndoe/Documents/company/video_ops/public/scripts/algebra/03-functions-relations-equivalence/tracks/scene-3-ide.json", "JSON", 40, 0, 0, 0, 0, 0, 0, 0, 0, 0, 0, 0, 0, 0, 0, 0, 1, 41
"/Users/johndoe/Documents/company/video_ops/public/scripts/algebra/03-functions-relations-equivalence/tracks/scene-5-ide.json", "JSON", 40, 0, 0, 0, 0, 0, 0, 0, 0, 0, 0, 0, 0, 0, 0, 0, 1, 41
"/Users/johndoe/Documents/company/video_ops/public/scripts/algebra/03-functions-relations-equivalence/tracks/scene-6-ide.json", "JSON", 40, 0, 0, 0, 0, 0, 0, 0, 0, 0, 0, 0, 0, 0, 0, 0, 1, 41
"/Users/johndoe/Documents/company/video_ops/public/scripts/algebra/03-functions-relations-equivalence/tracks/scene-8-ide.json", "JSON", 40, 0, 0, 0, 0, 0, 0, 0, 0, 0, 0, 0, 0, 0, 0, 0, 1, 41
"/Users/johndoe/Documents/company/video_ops/public/scripts/algebra/03-functions-relations-equivalence/tracks/scene-9-ide.json", "JSON", 40, 0, 0, 0, 0, 0, 0, 0, 0, 0, 0, 0, 0, 0, 0, 0, 1, 41
"/Users/johndoe/Documents/company/video_ops/public/scripts/algebra/04-partition-cutting-the-cake/animation.md", "Markdown", 0, 0, 52, 0, 0, 0, 0, 0, 0, 0, 0, 0, 0, 0, 0, 39, 28, 119
"/Users/johndoe/Documents/company/video_ops/public/scripts/algebra/04-partition-cutting-the-cake/remotion.json", "JSON", 7, 0, 0, 0, 0, 0, 0, 0, 0, 0, 0, 0, 0, 0, 0, 0, 1, 8
"/Users/johndoe/Documents/company/video_ops/public/scripts/algebra/04-partition-cutting-the-cake/script.md", "Markdown", 0, 0, 76, 0, 0, 0, 0, 0, 0, 0, 0, 0, 0, 0, 0, 0, 41, 117
"/Users/johndoe/Documents/company/video_ops/public/scripts/algebra/04-partition-cutting-the-cake/social-posts.json", "JSON", 68, 0, 0, 0, 0, 0, 0, 0, 0, 0, 0, 0, 0, 0, 0, 0, 1, 69
"/Users/johndoe/Documents/company/video_ops/public/scripts/algebra/04-partition-cutting-the-cake/tracks/scene-2-ide.json", "JSON", 40, 0, 0, 0, 0, 0, 0, 0, 0, 0, 0, 0, 0, 0, 0, 0, 1, 41
"/Users/johndoe/Documents/company/video_ops/public/scripts/algebra/05-equivalence-weaker-than-equality/animation.md", "Markdown", 0, 0, 220, 0, 0, 0, 0, 0, 0, 0, 0, 0, 0, 0, 0, 33, 161, 414
"/Users/johndoe/Documents/company/video_ops/public/scripts/algebra/05-equivalence-weaker-than-equality/remotion.json", "JSON", 7, 0, 0, 0, 0, 0, 0, 0, 0, 0, 0, 0, 0, 0, 0, 0, 1, 8
"/Users/johndoe/Documents/company/video_ops/public/scripts/algebra/05-equivalence-weaker-than-equality/script.md", "Markdown", 0, 0, 66, 0, 0, 0, 0, 0, 0, 0, 0, 0, 0, 0, 0, 0, 43, 109
"/Users/johndoe/Documents/company/video_ops/public/scripts/algebra/05-equivalence-weaker-than-equality/social-posts.json", "JSON", 68, 0, 0, 0, 0, 0, 0, 0, 0, 0, 0, 0, 0, 0, 0, 0, 1, 69
"/Users/johndoe/Documents/company/video_ops/public/scripts/algebra/06-relations-bag-of-pairs/animation.md", "Markdown", 0, 0, 54, 0, 0, 0, 0, 0, 0, 0, 0, 0, 0, 0, 0, 52, 37, 143
"/Users/johndoe/Documents/company/video_ops/public/scripts/algebra/06-relations-bag-of-pairs/remotion.json", "JSON", 7, 0, 0, 0, 0, 0, 0, 0, 0, 0, 0, 0, 0, 0, 0, 0, 1, 8
"/Users/johndoe/Documents/company/video_ops/public/scripts/algebra/06-relations-bag-of-pairs/script.md", "Markdown", 0, 0, 80, 0, 0, 0, 0, 0, 0, 0, 0, 0, 0, 0, 0, 0, 50, 130
"/Users/johndoe/Documents/company/video_ops/public/scripts/algebra/06-relations-bag-of-pairs/social-posts.json", "JSON", 68, 0, 0, 0, 0, 0, 0, 0, 0, 0, 0, 0, 0, 0, 0, 0, 1, 69
"/Users/johndoe/Documents/company/video_ops/public/scripts/algebra/06-relations-bag-of-pairs/tracks/scene-3-ide.json", "JSON", 40, 0, 0, 0, 0, 0, 0, 0, 0, 0, 0, 0, 0, 0, 0, 0, 1, 41
"/Users/johndoe/Documents/company/video_ops/public/scripts/algebra/07-theorem-125-what-formed-means/animation.md", "Markdown", 0, 0, 54, 0, 0, 0, 0, 0, 0, 0, 0, 0, 0, 0, 0, 39, 29, 122
"/Users/johndoe/Documents/company/video_ops/public/scripts/algebra/07-theorem-125-what-formed-means/remotion.json", "JSON", 7, 0, 0, 0, 0, 0, 0, 0, 0, 0, 0, 0, 0, 0, 0, 0, 1, 8
"/Users/johndoe/Documents/company/video_ops/public/scripts/algebra/07-theorem-125-what-formed-means/script.md", "Markdown", 0, 0, 78, 0, 0, 0, 0, 0, 0, 0, 0, 0, 0, 0, 0, 0, 42, 120
"/Users/johndoe/Documents/company/video_ops/public/scripts/algebra/07-theorem-125-what-formed-means/social-posts.json", "JSON", 68, 0, 0, 0, 0, 0, 0, 0, 0, 0, 0, 0, 0, 0, 0, 0, 1, 69
"/Users/johndoe/Documents/company/video_ops/public/scripts/algebra/07-theorem-125-what-formed-means/tracks/scene-2-ide.json", "JSON", 40, 0, 0, 0, 0, 0, 0, 0, 0, 0, 0, 0, 0, 0, 0, 0, 1, 41
"/Users/johndoe/Documents/company/video_ops/public/scripts/algebra/CLIPS-FROM-1.2-README.md", "Markdown", 0, 0, 36, 0, 0, 0, 0, 0, 0, 0, 0, 0, 0, 0, 0, 0, 13, 49
"/Users/johndoe/Documents/company/video_ops/public/scripts/algebra/series.json", "JSON", 7, 0, 0, 0, 0, 0, 0, 0, 0, 0, 0, 0, 0, 0, 0, 0, 1, 8
"/Users/johndoe/Documents/company/video_ops/public/scripts/compare/01-injective-vs-surjective/animation.md", "Markdown", 0, 0, 36, 0, 0, 0, 0, 0, 0, 0, 0, 0, 0, 0, 0, 9, 13, 58
"/Users/johndoe/Documents/company/video_ops/public/scripts/compare/01-injective-vs-surjective/script.md", "Markdown", 0, 0, 7, 0, 0, 0, 0, 0, 0, 0, 0, 0, 0, 0, 0, 0, 4, 11
"/Users/johndoe/Documents/company/video_ops/public/scripts/compare/01-injective-vs-surjective/social-posts.json", "JSON", 65, 0, 0, 0, 0, 0, 0, 0, 0, 0, 0, 0, 0, 0, 0, 0, 1, 66
"/Users/johndoe/Documents/company/video_ops/public/scripts/compare/02-image-and-range/animation.md", "Markdown", 0, 0, 36, 0, 0, 0, 0, 0, 0, 0, 0, 0, 0, 0, 0, 9, 13, 58
"/Users/johndoe/Documents/company/video_ops/public/scripts/compare/02-image-and-range/script.md", "Markdown", 0, 0, 7, 0, 0, 0, 0, 0, 0, 0, 0, 0, 0, 0, 0, 0, 4, 11
"/Users/johndoe/Documents/company/video_ops/public/scripts/compare/02-image-and-range/social-posts.json", "JSON", 65, 0, 0, 0, 0, 0, 0, 0, 0, 0, 0, 0, 0, 0, 0, 0, 1, 66
"/Users/johndoe/Documents/company/video_ops/public/scripts/compare/03-composition-associativity/animation.md", "Markdown", 0, 0, 36, 0, 0, 0, 0, 0, 0, 0, 0, 0, 0, 0, 0, 9, 13, 58
"/Users/johndoe/Documents/company/video_ops/public/scripts/compare/03-composition-associativity/script.md", "Markdown", 0, 0, 7, 0, 0, 0, 0, 0, 0, 0, 0, 0, 0, 0, 0, 0, 4, 11
"/Users/johndoe/Documents/company/video_ops/public/scripts/compare/03-composition-associativity/social-posts.json", "JSON", 65, 0, 0, 0, 0, 0, 0, 0, 0, 0, 0, 0, 0, 0, 0, 0, 1, 66
"/Users/johndoe/Documents/company/video_ops/public/scripts/compare/04-equivalence-relation-axioms/animation.md", "Markdown", 0, 0, 36, 0, 0, 0, 0, 0, 0, 0, 0, 0, 0, 0, 0, 9, 13, 58
"/Users/johndoe/Documents/company/video_ops/public/scripts/compare/04-equivalence-relation-axioms/script.md", "Markdown", 0, 0, 7, 0, 0, 0, 0, 0, 0, 0, 0, 0, 0, 0, 0, 0, 4, 11
"/Users/johndoe/Documents/company/video_ops/public/scripts/compare/04-equivalence-relation-axioms/social-posts.json", "JSON", 65, 0, 0, 0, 0, 0, 0, 0, 0, 0, 0, 0, 0, 0, 0, 0, 1, 66
"/Users/johndoe/Documents/company/video_ops/public/scripts/compare/05-quotient-type-vs-setoid/animation.md", "Markdown", 0, 0, 36, 0, 0, 0, 0, 0, 0, 0, 0, 0, 0, 0, 0, 9, 13, 58
"/Users/johndoe/Documents/company/video_ops/public/scripts/compare/05-quotient-type-vs-setoid/script.md", "Markdown", 0, 0, 7, 0, 0, 0, 0, 0, 0, 0, 0, 0, 0, 0, 0, 0, 4, 11
"/Users/johndoe/Documents/company/video_ops/public/scripts/compare/05-quotient-type-vs-setoid/social-posts.json", "JSON", 65, 0, 0, 0, 0, 0, 0, 0, 0, 0, 0, 0, 0, 0, 0, 0, 1, 66
"/Users/johndoe/Documents/company/video_ops/public/scripts/compare/06-group-homomorphism/animation.md", "Markdown", 0, 0, 36, 0, 0, 0, 0, 0, 0, 0, 0, 0, 0, 0, 0, 9, 13, 58
"/Users/johndoe/Documents/company/video_ops/public/scripts/compare/06-group-homomorphism/script.md", "Markdown", 0, 0, 7, 0, 0, 0, 0, 0, 0, 0, 0, 0, 0, 0, 0, 0, 4, 11
"/Users/johndoe/Documents/company/video_ops/public/scripts/compare/06-group-homomorphism/social-posts.json", "JSON", 65, 0, 0, 0, 0, 0, 0, 0, 0, 0, 0, 0, 0, 0, 0, 0, 1, 66
"/Users/johndoe/Documents/company/video_ops/public/scripts/compare/07-kernel-and-image/animation.md", "Markdown", 0, 0, 36, 0, 0, 0, 0, 0, 0, 0, 0, 0, 0, 0, 0, 9, 13, 58
"/Users/johndoe/Documents/company/video_ops/public/scripts/compare/07-kernel-and-image/script.md", "Markdown", 0, 0, 7, 0, 0, 0, 0, 0, 0, 0, 0, 0, 0, 0, 0, 0, 4, 11
"/Users/johndoe/Documents/company/video_ops/public/scripts/compare/07-kernel-and-image/social-posts.json", "JSON", 65, 0, 0, 0, 0, 0, 0, 0, 0, 0, 0, 0, 0, 0, 0, 0, 1, 66
"/Users/johndoe/Documents/company/video_ops/public/scripts/compare/08-order-of-an-element/animation.md", "Markdown", 0, 0, 36, 0, 0, 0, 0, 0, 0, 0, 0, 0, 0, 0, 0, 9, 13, 58
"/Users/johndoe/Documents/company/video_ops/public/scripts/compare/08-order-of-an-element/script.md", "Markdown", 0, 0, 7, 0, 0, 0, 0, 0, 0, 0, 0, 0, 0, 0, 0, 0, 4, 11
"/Users/johndoe/Documents/company/video_ops/public/scripts/compare/08-order-of-an-element/social-posts.json", "JSON", 65, 0, 0, 0, 0, 0, 0, 0, 0, 0, 0, 0, 0, 0, 0, 0, 1, 66
"/Users/johndoe/Documents/company/video_ops/public/scripts/compare/09-subgroup-criterion/animation.md", "Markdown", 0, 0, 36, 0, 0, 0, 0, 0, 0, 0, 0, 0, 0, 0, 0, 9, 13, 58
"/Users/johndoe/Documents/company/video_ops/public/scripts/compare/09-subgroup-criterion/script.md", "Markdown", 0, 0, 7, 0, 0, 0, 0, 0, 0, 0, 0, 0, 0, 0, 0, 0, 4, 11
"/Users/johndoe/Documents/company/video_ops/public/scripts/compare/09-subgroup-criterion/social-posts.json", "JSON", 65, 0, 0, 0, 0, 0, 0, 0, 0, 0, 0, 0, 0, 0, 0, 0, 1, 66
"/Users/johndoe/Documents/company/video_ops/public/scripts/compare/10-cosets-left-right/animation.md", "Markdown", 0, 0, 36, 0, 0, 0, 0, 0, 0, 0, 0, 0, 0, 0, 0, 9, 13, 58
"/Users/johndoe/Documents/company/video_ops/public/scripts/compare/10-cosets-left-right/script.md", "Markdown", 0, 0, 7, 0, 0, 0, 0, 0, 0, 0, 0, 0, 0, 0, 0, 0, 4, 11
"/Users/johndoe/Documents/company/video_ops/public/scripts/compare/10-cosets-left-right/social-posts.json", "JSON", 65, 0, 0, 0, 0, 0, 0, 0, 0, 0, 0, 0, 0, 0, 0, 0, 1, 66
"/Users/johndoe/Documents/company/video_ops/public/scripts/compare/series.json", "JSON", 11, 0, 0, 0, 0, 0, 0, 0, 0, 0, 0, 0, 0, 0, 0, 0, 1, 12
"/Users/johndoe/Documents/company/video_ops/public/scripts/formal-math/01-proof-vs-calculation/animation.md", "Markdown", 0, 0, 22, 0, 0, 0, 0, 0, 0, 0, 0, 0, 0, 0, 0, 8, 11, 41
"/Users/johndoe/Documents/company/video_ops/public/scripts/formal-math/01-proof-vs-calculation/script.md", "Markdown", 0, 0, 7, 0, 0, 0, 0, 0, 0, 0, 0, 0, 0, 0, 0, 0, 4, 11
"/Users/johndoe/Documents/company/video_ops/public/scripts/formal-math/01-proof-vs-calculation/social-posts.json", "JSON", 65, 0, 0, 0, 0, 0, 0, 0, 0, 0, 0, 0, 0, 0, 0, 0, 1, 66
"/Users/johndoe/Documents/company/video_ops/public/scripts/formal-math/02-definitions-are-apis/animation.md", "Markdown", 0, 0, 22, 0, 0, 0, 0, 0, 0, 0, 0, 0, 0, 0, 0, 8, 11, 41
"/Users/johndoe/Documents/company/video_ops/public/scripts/formal-math/02-definitions-are-apis/script.md", "Markdown", 0, 0, 7, 0, 0, 0, 0, 0, 0, 0, 0, 0, 0, 0, 0, 0, 4, 11
"/Users/johndoe/Documents/company/video_ops/public/scripts/formal-math/02-definitions-are-apis/social-posts.json", "JSON", 65, 0, 0, 0, 0, 0, 0, 0, 0, 0, 0, 0, 0, 0, 0, 0, 1, 66
"/Users/johndoe/Documents/company/video_ops/public/scripts/formal-math/03-what-a-goal-is/animation.md", "Markdown", 0, 0, 22, 0, 0, 0, 0, 0, 0, 0, 0, 0, 0, 0, 0, 8, 11, 41
"/Users/johndoe/Documents/company/video_ops/public/scripts/formal-math/03-what-a-goal-is/script.md", "Markdown", 0, 0, 7, 0, 0, 0, 0, 0, 0, 0, 0, 0, 0, 0, 0, 0, 4, 11
"/Users/johndoe/Documents/company/video_ops/public/scripts/formal-math/03-what-a-goal-is/social-posts.json", "JSON", 65, 0, 0, 0, 0, 0, 0, 0, 0, 0, 0, 0, 0, 0, 0, 0, 1, 66
"/Users/johndoe/Documents/company/video_ops/public/scripts/formal-math/04-tactics-vs-terms/animation.md", "Markdown", 0, 0, 22, 0, 0, 0, 0, 0, 0, 0, 0, 0, 0, 0, 0, 8, 11, 41
"/Users/johndoe/Documents/company/video_ops/public/scripts/formal-math/04-tactics-vs-terms/script.md", "Markdown", 0, 0, 7, 0, 0, 0, 0, 0, 0, 0, 0, 0, 0, 0, 0, 0, 4, 11
"/Users/johndoe/Documents/company/video_ops/public/scripts/formal-math/04-tactics-vs-terms/social-posts.json", "JSON", 65, 0, 0, 0, 0, 0, 0, 0, 0, 0, 0, 0, 0, 0, 0, 0, 1, 66
"/Users/johndoe/Documents/company/video_ops/public/scripts/formal-math/05-side-conditions/animation.md", "Markdown", 0, 0, 22, 0, 0, 0, 0, 0, 0, 0, 0, 0, 0, 0, 0, 8, 11, 41
"/Users/johndoe/Documents/company/video_ops/public/scripts/formal-math/05-side-conditions/script.md", "Markdown", 0, 0, 7, 0, 0, 0, 0, 0, 0, 0, 0, 0, 0, 0, 0, 0, 4, 11
"/Users/johndoe/Documents/company/video_ops/public/scripts/formal-math/05-side-conditions/social-posts.json", "JSON", 65, 0, 0, 0, 0, 0, 0, 0, 0, 0, 0, 0, 0, 0, 0, 0, 1, 66
"/Users/johndoe/Documents/company/video_ops/public/scripts/formal-math/06-notation-is-not-meaning/animation.md", "Markdown", 0, 0, 22, 0, 0, 0, 0, 0, 0, 0, 0, 0, 0, 0, 0, 8, 11, 41
"/Users/johndoe/Documents/company/video_ops/public/scripts/formal-math/06-notation-is-not-meaning/script.md", "Markdown", 0, 0, 7, 0, 0, 0, 0, 0, 0, 0, 0, 0, 0, 0, 0, 0, 4, 11
"/Users/johndoe/Documents/company/video_ops/public/scripts/formal-math/06-notation-is-not-meaning/social-posts.json", "JSON", 65, 0, 0, 0, 0, 0, 0, 0, 0, 0, 0, 0, 0, 0, 0, 0, 1, 66
"/Users/johndoe/Documents/company/video_ops/public/scripts/formal-math/07-libraries-as-cities/animation.md", "Markdown", 0, 0, 22, 0, 0, 0, 0, 0, 0, 0, 0, 0, 0, 0, 0, 8, 11, 41
"/Users/johndoe/Documents/company/video_ops/public/scripts/formal-math/07-libraries-as-cities/script.md", "Markdown", 0, 0, 7, 0, 0, 0, 0, 0, 0, 0, 0, 0, 0, 0, 0, 0, 4, 11
"/Users/johndoe/Documents/company/video_ops/public/scripts/formal-math/07-libraries-as-cities/social-posts.json", "JSON", 65, 0, 0, 0, 0, 0, 0, 0, 0, 0, 0, 0, 0, 0, 0, 0, 1, 66
"/Users/johndoe/Documents/company/video_ops/public/scripts/formal-math/08-refusal-is-a-feature/animation.md", "Markdown", 0, 0, 22, 0, 0, 0, 0, 0, 0, 0, 0, 0, 0, 0, 0, 8, 11, 41
"/Users/johndoe/Documents/company/video_ops/public/scripts/formal-math/08-refusal-is-a-feature/script.md", "Markdown", 0, 0, 7, 0, 0, 0, 0, 0, 0, 0, 0, 0, 0, 0, 0, 0, 4, 11
"/Users/johndoe/Documents/company/video_ops/public/scripts/formal-math/08-refusal-is-a-feature/social-posts.json", "JSON", 65, 0, 0, 0, 0, 0, 0, 0, 0, 0, 0, 0, 0, 0, 0, 0, 1, 66
"/Users/johndoe/Documents/company/video_ops/public/scripts/formal-math/09-python-intuition-trap/animation.md", "Markdown", 0, 0, 22, 0, 0, 0, 0, 0, 0, 0, 0, 0, 0, 0, 0, 8, 11, 41
"/Users/johndoe/Documents/company/video_ops/public/scripts/formal-math/09-python-intuition-trap/script.md", "Markdown", 0, 0, 7, 0, 0, 0, 0, 0, 0, 0, 0, 0, 0, 0, 0, 0, 4, 11
"/Users/johndoe/Documents/company/video_ops/public/scripts/formal-math/09-python-intuition-trap/social-posts.json", "JSON", 65, 0, 0, 0, 0, 0, 0, 0, 0, 0, 0, 0, 0, 0, 0, 0, 1, 66
"/Users/johndoe/Documents/company/video_ops/public/scripts/formal-math/10-matlab-to-proof/animation.md", "Markdown", 0, 0, 22, 0, 0, 0, 0, 0, 0, 0, 0, 0, 0, 0, 0, 8, 11, 41
"/Users/johndoe/Documents/company/video_ops/public/scripts/formal-math/10-matlab-to-proof/script.md", "Markdown", 0, 0, 7, 0, 0, 0, 0, 0, 0, 0, 0, 0, 0, 0, 0, 0, 4, 11
"/Users/johndoe/Documents/company/video_ops/public/scripts/formal-math/10-matlab-to-proof/social-posts.json", "JSON", 65, 0, 0, 0, 0, 0, 0, 0, 0, 0, 0, 0, 0, 0, 0, 0, 1, 66
"/Users/johndoe/Documents/company/video_ops/public/scripts/formal-math/series.json", "JSON", 9, 0, 0, 0, 0, 0, 0, 0, 0, 0, 0, 0, 0, 0, 0, 0, 1, 10
"/Users/johndoe/Documents/company/video_ops/public/scripts/launch/01-workspace-first-open/animation.md", "Markdown", 0, 0, 22, 0, 0, 0, 0, 0, 0, 0, 0, 0, 0, 0, 0, 8, 11, 41
"/Users/johndoe/Documents/company/video_ops/public/scripts/launch/01-workspace-first-open/script.md", "Markdown", 0, 0, 7, 0, 0, 0, 0, 0, 0, 0, 0, 0, 0, 0, 0, 0, 4, 11
"/Users/johndoe/Documents/company/video_ops/public/scripts/launch/01-workspace-first-open/social-posts.json", "JSON", 65, 0, 0, 0, 0, 0, 0, 0, 0, 0, 0, 0, 0, 0, 0, 0, 1, 66
"/Users/johndoe/Documents/company/video_ops/public/scripts/launch/02-proof-tree-export/animation.md", "Markdown", 0, 0, 22, 0, 0, 0, 0, 0, 0, 0, 0, 0, 0, 0, 0, 8, 11, 41
"/Users/johndoe/Documents/company/video_ops/public/scripts/launch/02-proof-tree-export/script.md", "Markdown", 0, 0, 7, 0, 0, 0, 0, 0, 0, 0, 0, 0, 0, 0, 0, 0, 4, 11
"/Users/johndoe/Documents/company/video_ops/public/scripts/launch/02-proof-tree-export/social-posts.json", "JSON", 65, 0, 0, 0, 0, 0, 0, 0, 0, 0, 0, 0, 0, 0, 0, 0, 1, 66
"/Users/johndoe/Documents/company/video_ops/public/scripts/launch/03-inline-premise/animation.md", "Markdown", 0, 0, 22, 0, 0, 0, 0, 0, 0, 0, 0, 0, 0, 0, 0, 8, 11, 41
"/Users/johndoe/Documents/company/video_ops/public/scripts/launch/03-inline-premise/script.md", "Markdown", 0, 0, 7, 0, 0, 0, 0, 0, 0, 0, 0, 0, 0, 0, 0, 0, 4, 11
"/Users/johndoe/Documents/company/video_ops/public/scripts/launch/03-inline-premise/social-posts.json", "JSON", 65, 0, 0, 0, 0, 0, 0, 0, 0, 0, 0, 0, 0, 0, 0, 0, 1, 66
"/Users/johndoe/Documents/company/video_ops/public/scripts/launch/04-receipt-panel/animation.md", "Markdown", 0, 0, 22, 0, 0, 0, 0, 0, 0, 0, 0, 0, 0, 0, 0, 8, 11, 41
"/Users/johndoe/Documents/company/video_ops/public/scripts/launch/04-receipt-panel/script.md", "Markdown", 0, 0, 7, 0, 0, 0, 0, 0, 0, 0, 0, 0, 0, 0, 0, 0, 4, 11
"/Users/johndoe/Documents/company/video_ops/public/scripts/launch/04-receipt-panel/social-posts.json", "JSON", 65, 0, 0, 0, 0, 0, 0, 0, 0, 0, 0, 0, 0, 0, 0, 0, 1, 66
"/Users/johndoe/Documents/company/video_ops/public/scripts/launch/05-mobile-teleprompter/animation.md", "Markdown", 0, 0, 22, 0, 0, 0, 0, 0, 0, 0, 0, 0, 0, 0, 0, 8, 11, 41
"/Users/johndoe/Documents/company/video_ops/public/scripts/launch/05-mobile-teleprompter/script.md", "Markdown", 0, 0, 7, 0, 0, 0, 0, 0, 0, 0, 0, 0, 0, 0, 0, 0, 4, 11
"/Users/johndoe/Documents/company/video_ops/public/scripts/launch/05-mobile-teleprompter/social-posts.json", "JSON", 65, 0, 0, 0, 0, 0, 0, 0, 0, 0, 0, 0, 0, 0, 0, 0, 1, 66
"/Users/johndoe/Documents/company/video_ops/public/scripts/launch/06-compare-mode-reveal/animation.md", "Markdown", 0, 0, 22, 0, 0, 0, 0, 0, 0, 0, 0, 0, 0, 0, 0, 8, 11, 41
"/Users/johndoe/Documents/company/video_ops/public/scripts/launch/06-compare-mode-reveal/script.md", "Markdown", 0, 0, 7, 0, 0, 0, 0, 0, 0, 0, 0, 0, 0, 0, 0, 0, 4, 11
"/Users/johndoe/Documents/company/video_ops/public/scripts/launch/06-compare-mode-reveal/social-posts.json", "JSON", 65, 0, 0, 0, 0, 0, 0, 0, 0, 0, 0, 0, 0, 0, 0, 0, 1, 66
"/Users/johndoe/Documents/company/video_ops/public/scripts/launch/07-social-export/animation.md", "Markdown", 0, 0, 22, 0, 0, 0, 0, 0, 0, 0, 0, 0, 0, 0, 0, 8, 11, 41
"/Users/johndoe/Documents/company/video_ops/public/scripts/launch/07-social-export/script.md", "Markdown", 0, 0, 7, 0, 0, 0, 0, 0, 0, 0, 0, 0, 0, 0, 0, 0, 4, 11
"/Users/johndoe/Documents/company/video_ops/public/scripts/launch/07-social-export/social-posts.json", "JSON", 65, 0, 0, 0, 0, 0, 0, 0, 0, 0, 0, 0, 0, 0, 0, 0, 1, 66
"/Users/johndoe/Documents/company/video_ops/public/scripts/launch/08-cover-generator/animation.md", "Markdown", 0, 0, 22, 0, 0, 0, 0, 0, 0, 0, 0, 0, 0, 0, 0, 8, 11, 41
"/Users/johndoe/Documents/company/video_ops/public/scripts/launch/08-cover-generator/script.md", "Markdown", 0, 0, 7, 0, 0, 0, 0, 0, 0, 0, 0, 0, 0, 0, 0, 0, 4, 11
"/Users/johndoe/Documents/company/video_ops/public/scripts/launch/08-cover-generator/social-posts.json", "JSON", 65, 0, 0, 0, 0, 0, 0, 0, 0, 0, 0, 0, 0, 0, 0, 0, 1, 66
"/Users/johndoe/Documents/company/video_ops/public/scripts/launch/09-agent-keep-reject/animation.md", "Markdown", 0, 0, 22, 0, 0, 0, 0, 0, 0, 0, 0, 0, 0, 0, 0, 8, 11, 41
"/Users/johndoe/Documents/company/video_ops/public/scripts/launch/09-agent-keep-reject/script.md", "Markdown", 0, 0, 7, 0, 0, 0, 0, 0, 0, 0, 0, 0, 0, 0, 0, 0, 4, 11
"/Users/johndoe/Documents/company/video_ops/public/scripts/launch/09-agent-keep-reject/social-posts.json", "JSON", 65, 0, 0, 0, 0, 0, 0, 0, 0, 0, 0, 0, 0, 0, 0, 0, 1, 66
"/Users/johndoe/Documents/company/video_ops/public/scripts/launch/10-trailer-cutdown/animation.md", "Markdown", 0, 0, 22, 0, 0, 0, 0, 0, 0, 0, 0, 0, 0, 0, 0, 8, 11, 41
"/Users/johndoe/Documents/company/video_ops/public/scripts/launch/10-trailer-cutdown/script.md", "Markdown", 0, 0, 7, 0, 0, 0, 0, 0, 0, 0, 0, 0, 0, 0, 0, 0, 4, 11
"/Users/johndoe/Documents/company/video_ops/public/scripts/launch/10-trailer-cutdown/social-posts.json", "JSON", 65, 0, 0, 0, 0, 0, 0, 0, 0, 0, 0, 0, 0, 0, 0, 0, 1, 66
"/Users/johndoe/Documents/company/video_ops/public/scripts/launch/series.json", "JSON", 9, 0, 0, 0, 0, 0, 0, 0, 0, 0, 0, 0, 0, 0, 0, 0, 1, 10
"/Users/johndoe/Documents/company/video_ops/public/scripts/logic-for-life/01-premises-you-live-by/animation.md", "Markdown", 0, 0, 22, 0, 0, 0, 0, 0, 0, 0, 0, 0, 0, 0, 0, 8, 11, 41
"/Users/johndoe/Documents/company/video_ops/public/scripts/logic-for-life/01-premises-you-live-by/script.md", "Markdown", 0, 0, 7, 0, 0, 0, 0, 0, 0, 0, 0, 0, 0, 0, 0, 0, 4, 11
"/Users/johndoe/Documents/company/video_ops/public/scripts/logic-for-life/01-premises-you-live-by/social-posts.json", "JSON", 65, 0, 0, 0, 0, 0, 0, 0, 0, 0, 0, 0, 0, 0, 0, 0, 1, 66
"/Users/johndoe/Documents/company/video_ops/public/scripts/logic-for-life/02-burden-of-proof/animation.md", "Markdown", 0, 0, 22, 0, 0, 0, 0, 0, 0, 0, 0, 0, 0, 0, 0, 8, 11, 41
"/Users/johndoe/Documents/company/video_ops/public/scripts/logic-for-life/02-burden-of-proof/script.md", "Markdown", 0, 0, 7, 0, 0, 0, 0, 0, 0, 0, 0, 0, 0, 0, 0, 0, 4, 11
"/Users/johndoe/Documents/company/video_ops/public/scripts/logic-for-life/02-burden-of-proof/social-posts.json", "JSON", 65, 0, 0, 0, 0, 0, 0, 0, 0, 0, 0, 0, 0, 0, 0, 0, 1, 66
"/Users/johndoe/Documents/company/video_ops/public/scripts/logic-for-life/03-vacuous-promises/animation.md", "Markdown", 0, 0, 22, 0, 0, 0, 0, 0, 0, 0, 0, 0, 0, 0, 0, 8, 11, 41
"/Users/johndoe/Documents/company/video_ops/public/scripts/logic-for-life/03-vacuous-promises/script.md", "Markdown", 0, 0, 7, 0, 0, 0, 0, 0, 0, 0, 0, 0, 0, 0, 0, 0, 4, 11
"/Users/johndoe/Documents/company/video_ops/public/scripts/logic-for-life/03-vacuous-promises/social-posts.json", "JSON", 65, 0, 0, 0, 0, 0, 0, 0, 0, 0, 0, 0, 0, 0, 0, 0, 1, 66
"/Users/johndoe/Documents/company/video_ops/public/scripts/logic-for-life/04-equivocation-at-work/animation.md", "Markdown", 0, 0, 22, 0, 0, 0, 0, 0, 0, 0, 0, 0, 0, 0, 0, 8, 11, 41
"/Users/johndoe/Documents/company/video_ops/public/scripts/logic-for-life/04-equivocation-at-work/script.md", "Markdown", 0, 0, 7, 0, 0, 0, 0, 0, 0, 0, 0, 0, 0, 0, 0, 0, 4, 11
"/Users/johndoe/Documents/company/video_ops/public/scripts/logic-for-life/04-equivocation-at-work/social-posts.json", "JSON", 65, 0, 0, 0, 0, 0, 0, 0, 0, 0, 0, 0, 0, 0, 0, 0, 1, 66
"/Users/johndoe/Documents/company/video_ops/public/scripts/logic-for-life/05-counterexample-courage/animation.md", "Markdown", 0, 0, 22, 0, 0, 0, 0, 0, 0, 0, 0, 0, 0, 0, 0, 8, 11, 41
"/Users/johndoe/Documents/company/video_ops/public/scripts/logic-for-life/05-counterexample-courage/script.md", "Markdown", 0, 0, 7, 0, 0, 0, 0, 0, 0, 0, 0, 0, 0, 0, 0, 0, 4, 11
"/Users/johndoe/Documents/company/video_ops/public/scripts/logic-for-life/05-counterexample-courage/social-posts.json", "JSON", 65, 0, 0, 0, 0, 0, 0, 0, 0, 0, 0, 0, 0, 0, 0, 0, 1, 66
"/Users/johndoe/Documents/company/video_ops/public/scripts/logic-for-life/06-definitions-before-debate/animation.md", "Markdown", 0, 0, 22, 0, 0, 0, 0, 0, 0, 0, 0, 0, 0, 0, 0, 8, 11, 41
"/Users/johndoe/Documents/company/video_ops/public/scripts/logic-for-life/06-definitions-before-debate/script.md", "Markdown", 0, 0, 7, 0, 0, 0, 0, 0, 0, 0, 0, 0, 0, 0, 0, 0, 4, 11
"/Users/johndoe/Documents/company/video_ops/public/scripts/logic-for-life/06-definitions-before-debate/social-posts.json", "JSON", 65, 0, 0, 0, 0, 0, 0, 0, 0, 0, 0, 0, 0, 0, 0, 0, 1, 66
"/Users/johndoe/Documents/company/video_ops/public/scripts/logic-for-life/07-necessary-vs-sufficient/animation.md", "Markdown", 0, 0, 22, 0, 0, 0, 0, 0, 0, 0, 0, 0, 0, 0, 0, 8, 11, 41
"/Users/johndoe/Documents/company/video_ops/public/scripts/logic-for-life/07-necessary-vs-sufficient/script.md", "Markdown", 0, 0, 7, 0, 0, 0, 0, 0, 0, 0, 0, 0, 0, 0, 0, 0, 4, 11
"/Users/johndoe/Documents/company/video_ops/public/scripts/logic-for-life/07-necessary-vs-sufficient/social-posts.json", "JSON", 65, 0, 0, 0, 0, 0, 0, 0, 0, 0, 0, 0, 0, 0, 0, 0, 1, 66
"/Users/johndoe/Documents/company/video_ops/public/scripts/logic-for-life/08-proof-and-apology/animation.md", "Markdown", 0, 0, 22, 0, 0, 0, 0, 0, 0, 0, 0, 0, 0, 0, 0, 8, 11, 41
"/Users/johndoe/Documents/company/video_ops/public/scripts/logic-for-life/08-proof-and-apology/script.md", "Markdown", 0, 0, 7, 0, 0, 0, 0, 0, 0, 0, 0, 0, 0, 0, 0, 0, 4, 11
"/Users/johndoe/Documents/company/video_ops/public/scripts/logic-for-life/08-proof-and-apology/social-posts.json", "JSON", 65, 0, 0, 0, 0, 0, 0, 0, 0, 0, 0, 0, 0, 0, 0, 0, 1, 66
"/Users/johndoe/Documents/company/video_ops/public/scripts/logic-for-life/09-laws-vs-vibes/animation.md", "Markdown", 0, 0, 22, 0, 0, 0, 0, 0, 0, 0, 0, 0, 0, 0, 0, 8, 11, 41
"/Users/johndoe/Documents/company/video_ops/public/scripts/logic-for-life/09-laws-vs-vibes/script.md", "Markdown", 0, 0, 7, 0, 0, 0, 0, 0, 0, 0, 0, 0, 0, 0, 0, 0, 4, 11
"/Users/johndoe/Documents/company/video_ops/public/scripts/logic-for-life/09-laws-vs-vibes/social-posts.json", "JSON", 65, 0, 0, 0, 0, 0, 0, 0, 0, 0, 0, 0, 0, 0, 0, 0, 1, 66
"/Users/johndoe/Documents/company/video_ops/public/scripts/logic-for-life/10-growth-as-refinement/animation.md", "Markdown", 0, 0, 22, 0, 0, 0, 0, 0, 0, 0, 0, 0, 0, 0, 0, 8, 11, 41
"/Users/johndoe/Documents/company/video_ops/public/scripts/logic-for-life/10-growth-as-refinement/script.md", "Markdown", 0, 0, 7, 0, 0, 0, 0, 0, 0, 0, 0, 0, 0, 0, 0, 0, 4, 11
"/Users/johndoe/Documents/company/video_ops/public/scripts/logic-for-life/10-growth-as-refinement/social-posts.json", "JSON", 65, 0, 0, 0, 0, 0, 0, 0, 0, 0, 0, 0, 0, 0, 0, 0, 1, 66
"/Users/johndoe/Documents/company/video_ops/public/scripts/logic-for-life/series.json", "JSON", 9, 0, 0, 0, 0, 0, 0, 0, 0, 0, 0, 0, 0, 0, 0, 0, 1, 10
"/Users/johndoe/Documents/company/video_ops/public/scripts/pitfalls/01-surjective-quantifier-order/animation.md", "Markdown", 0, 0, 58, 0, 0, 0, 0, 0, 0, 0, 0, 0, 0, 0, 0, 53, 35, 146
"/Users/johndoe/Documents/company/video_ops/public/scripts/pitfalls/01-surjective-quantifier-order/remotion.json", "JSON", 7, 0, 0, 0, 0, 0, 0, 0, 0, 0, 0, 0, 0, 0, 0, 0, 1, 8
"/Users/johndoe/Documents/company/video_ops/public/scripts/pitfalls/01-surjective-quantifier-order/script.md", "Markdown", 0, 0, 79, 0, 0, 0, 0, 0, 0, 0, 0, 0, 0, 0, 0, 0, 50, 129
"/Users/johndoe/Documents/company/video_ops/public/scripts/pitfalls/01-surjective-quantifier-order/social-posts.json", "JSON", 68, 0, 0, 0, 0, 0, 0, 0, 0, 0, 0, 0, 0, 0, 0, 0, 1, 69
"/Users/johndoe/Documents/company/video_ops/public/scripts/pitfalls/01-surjective-quantifier-order/tracks/scene-3-ide.json", "JSON", 40, 0, 0, 0, 0, 0, 0, 0, 0, 0, 0, 0, 0, 0, 0, 0, 1, 41
"/Users/johndoe/Documents/company/video_ops/public/scripts/pitfalls/02-witness-is-unpack-not-provide/animation.md", "Markdown", 0, 0, 52, 0, 0, 0, 0, 0, 0, 0, 0, 0, 0, 0, 0, 40, 28, 120
"/Users/johndoe/Documents/company/video_ops/public/scripts/pitfalls/02-witness-is-unpack-not-provide/remotion.json", "JSON", 7, 0, 0, 0, 0, 0, 0, 0, 0, 0, 0, 0, 0, 0, 0, 0, 1, 8
"/Users/johndoe/Documents/company/video_ops/public/scripts/pitfalls/02-witness-is-unpack-not-provide/script.md", "Markdown", 0, 0, 71, 0, 0, 0, 0, 0, 0, 0, 0, 0, 0, 0, 0, 0, 40, 111
"/Users/johndoe/Documents/company/video_ops/public/scripts/pitfalls/02-witness-is-unpack-not-provide/social-posts.json", "JSON", 68, 0, 0, 0, 0, 0, 0, 0, 0, 0, 0, 0, 0, 0, 0, 0, 1, 69
"/Users/johndoe/Documents/company/video_ops/public/scripts/pitfalls/02-witness-is-unpack-not-provide/tracks/scene-2-ide.json", "JSON", 40, 0, 0, 0, 0, 0, 0, 0, 0, 0, 0, 0, 0, 0, 0, 0, 1, 41
"/Users/johndoe/Documents/company/video_ops/public/scripts/pitfalls/03-reject-a-false-premise/animation.md", "Markdown", 0, 0, 49, 0, 0, 0, 0, 0, 0, 0, 0, 0, 0, 0, 0, 52, 32, 133
"/Users/johndoe/Documents/company/video_ops/public/scripts/pitfalls/03-reject-a-false-premise/remotion.json", "JSON", 30, 0, 0, 0, 0, 0, 0, 0, 0, 0, 0, 0, 0, 0, 0, 0, 1, 31
"/Users/johndoe/Documents/company/video_ops/public/scripts/pitfalls/03-reject-a-false-premise/script.md", "Markdown", 0, 0, 72, 0, 0, 0, 0, 0, 0, 0, 0, 0, 0, 0, 0, 0, 48, 120
"/Users/johndoe/Documents/company/video_ops/public/scripts/pitfalls/03-reject-a-false-premise/social-posts.json", "JSON", 68, 0, 0, 0, 0, 0, 0, 0, 0, 0, 0, 0, 0, 0, 0, 0, 1, 69
"/Users/johndoe/Documents/company/video_ops/public/scripts/pitfalls/04-well-defined-one-input-two-outputs/animation.md", "Markdown", 0, 0, 50, 0, 0, 0, 0, 0, 0, 0, 0, 0, 0, 0, 0, 40, 28, 118
"/Users/johndoe/Documents/company/video_ops/public/scripts/pitfalls/04-well-defined-one-input-two-outputs/remotion.json", "JSON", 7, 0, 0, 0, 0, 0, 0, 0, 0, 0, 0, 0, 0, 0, 0, 0, 1, 8
"/Users/johndoe/Documents/company/video_ops/public/scripts/pitfalls/04-well-defined-one-input-two-outputs/script.md", "Markdown", 0, 0, 71, 0, 0, 0, 0, 0, 0, 0, 0, 0, 0, 0, 0, 0, 42, 113
"/Users/johndoe/Documents/company/video_ops/public/scripts/pitfalls/04-well-defined-one-input-two-outputs/social-posts.json", "JSON", 68, 0, 0, 0, 0, 0, 0, 0, 0, 0, 0, 0, 0, 0, 0, 0, 1, 69
"/Users/johndoe/Documents/company/video_ops/public/scripts/pitfalls/04-well-defined-one-input-two-outputs/tracks/scene-2-ide.json", "JSON", 40, 0, 0, 0, 0, 0, 0, 0, 0, 0, 0, 0, 0, 0, 0, 0, 1, 41
"/Users/johndoe/Documents/company/video_ops/public/scripts/pitfalls/05-exists-on-structure-is-a-claim/animation.md", "Markdown", 0, 0, 48, 0, 0, 0, 0, 0, 0, 0, 0, 0, 0, 0, 0, 40, 28, 116
"/Users/johndoe/Documents/company/video_ops/public/scripts/pitfalls/05-exists-on-structure-is-a-claim/remotion.json", "JSON", 7, 0, 0, 0, 0, 0, 0, 0, 0, 0, 0, 0, 0, 0, 0, 0, 1, 8
"/Users/johndoe/Documents/company/video_ops/public/scripts/pitfalls/05-exists-on-structure-is-a-claim/script.md", "Markdown", 0, 0, 69, 0, 0, 0, 0, 0, 0, 0, 0, 0, 0, 0, 0, 0, 43, 112
"/Users/johndoe/Documents/company/video_ops/public/scripts/pitfalls/05-exists-on-structure-is-a-claim/social-posts.json", "JSON", 68, 0, 0, 0, 0, 0, 0, 0, 0, 0, 0, 0, 0, 0, 0, 0, 1, 69
"/Users/johndoe/Documents/company/video_ops/public/scripts/pitfalls/05-exists-on-structure-is-a-claim/tracks/scene-2-ide.json", "JSON", 40, 0, 0, 0, 0, 0, 0, 0, 0, 0, 0, 0, 0, 0, 0, 0, 1, 41
"/Users/johndoe/Documents/company/video_ops/public/scripts/pitfalls/series.json", "JSON", 10, 0, 0, 0, 0, 0, 0, 0, 0, 0, 0, 0, 0, 0, 0, 0, 1, 11
"/Users/johndoe/Documents/company/video_ops/public/scripts/syntax/01-trial-is-not-continuation/animation.md", "Markdown", 0, 0, 68, 0, 0, 0, 0, 0, 0, 0, 0, 0, 0, 0, 0, 53, 35, 156
"/Users/johndoe/Documents/company/video_ops/public/scripts/syntax/01-trial-is-not-continuation/remotion.json", "JSON", 7, 0, 0, 0, 0, 0, 0, 0, 0, 0, 0, 0, 0, 0, 0, 0, 1, 8
"/Users/johndoe/Documents/company/video_ops/public/scripts/syntax/01-trial-is-not-continuation/script.md", "Markdown", 0, 0, 75, 0, 0, 0, 0, 0, 0, 0, 0, 0, 0, 0, 0, 0, 45, 120
"/Users/johndoe/Documents/company/video_ops/public/scripts/syntax/01-trial-is-not-continuation/social-posts.json", "JSON", 69, 0, 0, 0, 0, 0, 0, 0, 0, 0, 0, 0, 0, 0, 0, 0, 1, 70
"/Users/johndoe/Documents/company/video_ops/public/scripts/syntax/01-trial-is-not-continuation/tracks/scene-2-ide.json", "JSON", 40, 0, 0, 0, 0, 0, 0, 0, 0, 0, 0, 0, 0, 0, 0, 0, 1, 41
"/Users/johndoe/Documents/company/video_ops/public/scripts/syntax/02-theorem-is-a-folder/animation.md", "Markdown", 0, 0, 50, 0, 0, 0, 0, 0, 0, 0, 0, 0, 0, 0, 0, 40, 28, 118
"/Users/johndoe/Documents/company/video_ops/public/scripts/syntax/02-theorem-is-a-folder/remotion.json", "JSON", 7, 0, 0, 0, 0, 0, 0, 0, 0, 0, 0, 0, 0, 0, 0, 0, 1, 8
"/Users/johndoe/Documents/company/video_ops/public/scripts/syntax/02-theorem-is-a-folder/script.md", "Markdown", 0, 0, 54, 0, 0, 0, 0, 0, 0, 0, 0, 0, 0, 0, 0, 0, 37, 91
"/Users/johndoe/Documents/company/video_ops/public/scripts/syntax/02-theorem-is-a-folder/social-posts.json", "JSON", 69, 0, 0, 0, 0, 0, 0, 0, 0, 0, 0, 0, 0, 0, 0, 0, 1, 70
"/Users/johndoe/Documents/company/video_ops/public/scripts/syntax/02-theorem-is-a-folder/tracks/scene-1-ide.json", "JSON", 40, 0, 0, 0, 0, 0, 0, 0, 0, 0, 0, 0, 0, 0, 0, 0, 1, 41
"/Users/johndoe/Documents/company/video_ops/public/scripts/syntax/03-export-proof-as-tree/animation.md", "Markdown", 0, 0, 32, 0, 0, 0, 0, 0, 0, 0, 0, 0, 0, 0, 0, 39, 23, 94
"/Users/johndoe/Documents/company/video_ops/public/scripts/syntax/03-export-proof-as-tree/remotion.json", "JSON", 7, 0, 0, 0, 0, 0, 0, 0, 0, 0, 0, 0, 0, 0, 0, 0, 1, 8
"/Users/johndoe/Documents/company/video_ops/public/scripts/syntax/03-export-proof-as-tree/script.md", "Markdown", 0, 0, 42, 0, 0, 0, 0, 0, 0, 0, 0, 0, 0, 0, 0, 0, 37, 79
"/Users/johndoe/Documents/company/video_ops/public/scripts/syntax/03-export-proof-as-tree/social-posts.json", "JSON", 69, 0, 0, 0, 0, 0, 0, 0, 0, 0, 0, 0, 0, 0, 0, 0, 1, 70
"/Users/johndoe/Documents/company/video_ops/public/scripts/syntax/04-close-and-split-at-once/animation.md", "Markdown", 0, 0, 57, 0, 0, 0, 0, 0, 0, 0, 0, 0, 0, 0, 0, 41, 33, 131
"/Users/johndoe/Documents/company/video_ops/public/scripts/syntax/04-close-and-split-at-once/remotion.json", "JSON", 7, 0, 0, 0, 0, 0, 0, 0, 0, 0, 0, 0, 0, 0, 0, 0, 1, 8
"/Users/johndoe/Documents/company/video_ops/public/scripts/syntax/04-close-and-split-at-once/script.md", "Markdown", 0, 0, 55, 0, 0, 0, 0, 0, 0, 0, 0, 0, 0, 0, 0, 0, 38, 93
"/Users/johndoe/Documents/company/video_ops/public/scripts/syntax/04-close-and-split-at-once/social-posts.json", "JSON", 69, 0, 0, 0, 0, 0, 0, 0, 0, 0, 0, 0, 0, 0, 0, 0, 1, 70
"/Users/johndoe/Documents/company/video_ops/public/scripts/syntax/04-close-and-split-at-once/tracks/scene-1-ide.json", "JSON", 40, 0, 0, 0, 0, 0, 0, 0, 0, 0, 0, 0, 0, 0, 0, 0, 1, 41
"/Users/johndoe/Documents/company/video_ops/public/scripts/syntax/04-close-and-split-at-once/tracks/scene-2-ide.json", "JSON", 40, 0, 0, 0, 0, 0, 0, 0, 0, 0, 0, 0, 0, 0, 0, 0, 1, 41
"/Users/johndoe/Documents/company/video_ops/public/scripts/syntax/05-outline-to-proof-slide-breadcrumb/animation.md", "Markdown", 0, 0, 50, 0, 0, 0, 0, 0, 0, 0, 0, 0, 0, 0, 0, 65, 37, 152
"/Users/johndoe/Documents/company/video_ops/public/scripts/syntax/05-outline-to-proof-slide-breadcrumb/remotion.json", "JSON", 7, 0, 0, 0, 0, 0, 0, 0, 0, 0, 0, 0, 0, 0, 0, 0, 1, 8
"/Users/johndoe/Documents/company/video_ops/public/scripts/syntax/05-outline-to-proof-slide-breadcrumb/script.md", "Markdown", 0, 0, 65, 0, 0, 0, 0, 0, 0, 0, 0, 0, 0, 0, 0, 0, 54, 119
"/Users/johndoe/Documents/company/video_ops/public/scripts/syntax/05-outline-to-proof-slide-breadcrumb/social-posts.json", "JSON", 69, 0, 0, 0, 0, 0, 0, 0, 0, 0, 0, 0, 0, 0, 0, 0, 1, 70
"/Users/johndoe/Documents/company/video_ops/public/scripts/syntax/06-tactic-status-during-replay/animation.md", "Markdown", 0, 0, 41, 0, 0, 0, 0, 0, 0, 0, 0, 0, 0, 0, 0, 52, 30, 123
"/Users/johndoe/Documents/company/video_ops/public/scripts/syntax/06-tactic-status-during-replay/remotion.json", "JSON", 7, 0, 0, 0, 0, 0, 0, 0, 0, 0, 0, 0, 0, 0, 0, 0, 1, 8
"/Users/johndoe/Documents/company/video_ops/public/scripts/syntax/06-tactic-status-during-replay/script.md", "Markdown", 0, 0, 54, 0, 0, 0, 0, 0, 0, 0, 0, 0, 0, 0, 0, 0, 46, 100
"/Users/johndoe/Documents/company/video_ops/public/scripts/syntax/06-tactic-status-during-replay/social-posts.json", "JSON", 69, 0, 0, 0, 0, 0, 0, 0, 0, 0, 0, 0, 0, 0, 0, 0, 1, 70
"/Users/johndoe/Documents/company/video_ops/public/scripts/syntax/07-function-refines-well-defined-relation/animation.md", "Markdown", 0, 0, 46, 0, 0, 0, 0, 0, 0, 0, 0, 0, 0, 0, 0, 40, 28, 114
"/Users/johndoe/Documents/company/video_ops/public/scripts/syntax/07-function-refines-well-defined-relation/remotion.json", "JSON", 7, 0, 0, 0, 0, 0, 0, 0, 0, 0, 0, 0, 0, 0, 0, 0, 1, 8
"/Users/johndoe/Documents/company/video_ops/public/scripts/syntax/07-function-refines-well-defined-relation/script.md", "Markdown", 0, 0, 66, 0, 0, 0, 0, 0, 0, 0, 0, 0, 0, 0, 0, 0, 43, 109
"/Users/johndoe/Documents/company/video_ops/public/scripts/syntax/07-function-refines-well-defined-relation/social-posts.json", "JSON", 68, 0, 0, 0, 0, 0, 0, 0, 0, 0, 0, 0, 0, 0, 0, 0, 1, 69
"/Users/johndoe/Documents/company/video_ops/public/scripts/syntax/07-function-refines-well-defined-relation/tracks/scene-2-ide.json", "JSON", 40, 0, 0, 0, 0, 0, 0, 0, 0, 0, 0, 0, 0, 0, 0, 0, 1, 41
"/Users/johndoe/Documents/company/video_ops/public/scripts/syntax/08-composition-pipeline-a-to-c/animation.md", "Markdown", 0, 0, 53, 0, 0, 0, 0, 0, 0, 0, 0, 0, 0, 0, 0, 40, 28, 121
"/Users/johndoe/Documents/company/video_ops/public/scripts/syntax/08-composition-pipeline-a-to-c/remotion.json", "JSON", 7, 0, 0, 0, 0, 0, 0, 0, 0, 0, 0, 0, 0, 0, 0, 0, 1, 8
"/Users/johndoe/Documents/company/video_ops/public/scripts/syntax/08-composition-pipeline-a-to-c/script.md", "Markdown", 0, 0, 74, 0, 0, 0, 0, 0, 0, 0, 0, 0, 0, 0, 0, 0, 41, 115
"/Users/johndoe/Documents/company/video_ops/public/scripts/syntax/08-composition-pipeline-a-to-c/social-posts.json", "JSON", 68, 0, 0, 0, 0, 0, 0, 0, 0, 0, 0, 0, 0, 0, 0, 0, 1, 69
"/Users/johndoe/Documents/company/video_ops/public/scripts/syntax/08-composition-pipeline-a-to-c/tracks/scene-2-ide.json", "JSON", 40, 0, 0, 0, 0, 0, 0, 0, 0, 0, 0, 0, 0, 0, 0, 0, 1, 41
"/Users/johndoe/Documents/company/video_ops/public/scripts/syntax/09-function-properties-as-adjectives/animation.md", "Markdown", 0, 0, 59, 0, 0, 0, 0, 0, 0, 0, 0, 0, 0, 0, 0, 41, 33, 133
"/Users/johndoe/Documents/company/video_ops/public/scripts/syntax/09-function-properties-as-adjectives/remotion.json", "JSON", 7, 0, 0, 0, 0, 0, 0, 0, 0, 0, 0, 0, 0, 0, 0, 0, 1, 8
"/Users/johndoe/Documents/company/video_ops/public/scripts/syntax/09-function-properties-as-adjectives/script.md", "Markdown", 0, 0, 73, 0, 0, 0, 0, 0, 0, 0, 0, 0, 0, 0, 0, 0, 43, 116
"/Users/johndoe/Documents/company/video_ops/public/scripts/syntax/09-function-properties-as-adjectives/social-posts.json", "JSON", 68, 0, 0, 0, 0, 0, 0, 0, 0, 0, 0, 0, 0, 0, 0, 0, 1, 69
"/Users/johndoe/Documents/company/video_ops/public/scripts/syntax/09-function-properties-as-adjectives/tracks/scene-2-ide.json", "JSON", 40, 0, 0, 0, 0, 0, 0, 0, 0, 0, 0, 0, 0, 0, 0, 0, 1, 41
"/Users/johndoe/Documents/company/video_ops/public/scripts/syntax/09-function-properties-as-adjectives/tracks/scene-3-ide.json", "JSON", 40, 0, 0, 0, 0, 0, 0, 0, 0, 0, 0, 0, 0, 0, 0, 0, 1, 41
"/Users/johndoe/Documents/company/video_ops/public/scripts/syntax/10-round-brackets-bundle-properties/animation.md", "Markdown", 0, 0, 45, 0, 0, 0, 0, 0, 0, 0, 0, 0, 0, 0, 0, 40, 28, 113
"/Users/johndoe/Documents/company/video_ops/public/scripts/syntax/10-round-brackets-bundle-properties/remotion.json", "JSON", 7, 0, 0, 0, 0, 0, 0, 0, 0, 0, 0, 0, 0, 0, 0, 0, 1, 8
"/Users/johndoe/Documents/company/video_ops/public/scripts/syntax/10-round-brackets-bundle-properties/script.md", "Markdown", 0, 0, 65, 0, 0, 0, 0, 0, 0, 0, 0, 0, 0, 0, 0, 0, 42, 107
"/Users/johndoe/Documents/company/video_ops/public/scripts/syntax/10-round-brackets-bundle-properties/social-posts.json", "JSON", 68, 0, 0, 0, 0, 0, 0, 0, 0, 0, 0, 0, 0, 0, 0, 0, 1, 69
"/Users/johndoe/Documents/company/video_ops/public/scripts/syntax/10-round-brackets-bundle-properties/tracks/scene-2-ide.json", "JSON", 40, 0, 0, 0, 0, 0, 0, 0, 0, 0, 0, 0, 0, 0, 0, 0, 1, 41
"/Users/johndoe/Documents/company/video_ops/public/scripts/syntax/11-laws-vs-properties-inside-structures/animation.md", "Markdown", 0, 0, 51, 0, 0, 0, 0, 0, 0, 0, 0, 0, 0, 0, 0, 40, 28, 119
"/Users/johndoe/Documents/company/video_ops/public/scripts/syntax/11-laws-vs-properties-inside-structures/remotion.json", "JSON", 7, 0, 0, 0, 0, 0, 0, 0, 0, 0, 0, 0, 0, 0, 0, 0, 1, 8
"/Users/johndoe/Documents/company/video_ops/public/scripts/syntax/11-laws-vs-properties-inside-structures/script.md", "Markdown", 0, 0, 72, 0, 0, 0, 0, 0, 0, 0, 0, 0, 0, 0, 0, 0, 42, 114
"/Users/johndoe/Documents/company/video_ops/public/scripts/syntax/11-laws-vs-properties-inside-structures/social-posts.json", "JSON", 68, 0, 0, 0, 0, 0, 0, 0, 0, 0, 0, 0, 0, 0, 0, 0, 1, 69
"/Users/johndoe/Documents/company/video_ops/public/scripts/syntax/11-laws-vs-properties-inside-structures/tracks/scene-3-ide.json", "JSON", 40, 0, 0, 0, 0, 0, 0, 0, 0, 0, 0, 0, 0, 0, 0, 0, 1, 41
"/Users/johndoe/Documents/company/video_ops/public/scripts/syntax/12-composition-theorem-four-leaves/animation.md", "Markdown", 0, 0, 59, 0, 0, 0, 0, 0, 0, 0, 0, 0, 0, 0, 0, 40, 28, 127
"/Users/johndoe/Documents/company/video_ops/public/scripts/syntax/12-composition-theorem-four-leaves/remotion.json", "JSON", 7, 0, 0, 0, 0, 0, 0, 0, 0, 0, 0, 0, 0, 0, 0, 0, 1, 8
"/Users/johndoe/Documents/company/video_ops/public/scripts/syntax/12-composition-theorem-four-leaves/script.md", "Markdown", 0, 0, 77, 0, 0, 0, 0, 0, 0, 0, 0, 0, 0, 0, 0, 0, 42, 119
"/Users/johndoe/Documents/company/video_ops/public/scripts/syntax/12-composition-theorem-four-leaves/social-posts.json", "JSON", 68, 0, 0, 0, 0, 0, 0, 0, 0, 0, 0, 0, 0, 0, 0, 0, 1, 69
"/Users/johndoe/Documents/company/video_ops/public/scripts/syntax/12-composition-theorem-four-leaves/tracks/scene-2-ide.json", "JSON", 40, 0, 0, 0, 0, 0, 0, 0, 0, 0, 0, 0, 0, 0, 0, 0, 1, 41
"/Users/johndoe/Documents/company/video_ops/public/scripts/syntax/13-exponent-laws-inline-premise/animation.md", "Markdown", 0, 0, 96, 0, 0, 0, 0, 0, 0, 0, 0, 0, 0, 0, 0, 68, 54, 218
"/Users/johndoe/Documents/company/video_ops/public/scripts/syntax/13-exponent-laws-inline-premise/remotion.json", "JSON", 7, 0, 0, 0, 0, 0, 0, 0, 0, 0, 0, 0, 0, 0, 0, 0, 1, 8
"/Users/johndoe/Documents/company/video_ops/public/scripts/syntax/13-exponent-laws-inline-premise/script.md", "Markdown", 0, 0, 108, 0, 0, 0, 0, 0, 0, 0, 0, 0, 0, 0, 0, 0, 58, 166
"/Users/johndoe/Documents/company/video_ops/public/scripts/syntax/13-exponent-laws-inline-premise/social-posts.json", "JSON", 68, 0, 0, 0, 0, 0, 0, 0, 0, 0, 0, 0, 0, 0, 0, 0, 1, 69
"/Users/johndoe/Documents/company/video_ops/public/scripts/syntax/series.json", "JSON", 10, 0, 0, 0, 0, 0, 0, 0, 0, 0, 0, 0, 0, 0, 0, 0, 1, 11
"/Users/johndoe/Documents/company/video_ops/public/scripts/why-need/01-cauchy-where-bundle/animation.md", "Markdown", 0, 0, 58, 0, 0, 0, 0, 0, 0, 0, 0, 0, 0, 0, 0, 55, 35, 148
"/Users/johndoe/Documents/company/video_ops/public/scripts/why-need/01-cauchy-where-bundle/remotion.json", "JSON", 7, 0, 0, 0, 0, 0, 0, 0, 0, 0, 0, 0, 0, 0, 0, 0, 1, 8
"/Users/johndoe/Documents/company/video_ops/public/scripts/why-need/01-cauchy-where-bundle/script.md", "Markdown", 0, 0, 64, 0, 0, 0, 0, 0, 0, 0, 0, 0, 0, 0, 0, 0, 45, 109
"/Users/johndoe/Documents/company/video_ops/public/scripts/why-need/01-cauchy-where-bundle/social-posts.json", "JSON", 69, 0, 0, 0, 0, 0, 0, 0, 0, 0, 0, 0, 0, 0, 0, 0, 1, 70
"/Users/johndoe/Documents/company/video_ops/public/scripts/why-need/01-cauchy-where-bundle/tracks/scene-2-ide.json", "JSON", 40, 0, 0, 0, 0, 0, 0, 0, 0, 0, 0, 0, 0, 0, 0, 0, 1, 41
"/Users/johndoe/Documents/company/video_ops/public/scripts/why-need/02-side-conditions-you-can-name/animation.md", "Markdown", 0, 0, 77, 0, 0, 0, 0, 0, 0, 0, 0, 0, 0, 0, 0, 52, 38, 167
"/Users/johndoe/Documents/company/video_ops/public/scripts/why-need/02-side-conditions-you-can-name/remotion.json", "JSON", 7, 0, 0, 0, 0, 0, 0, 0, 0, 0, 0, 0, 0, 0, 0, 0, 1, 8
"/Users/johndoe/Documents/company/video_ops/public/scripts/why-need/02-side-conditions-you-can-name/script.md", "Markdown", 0, 0, 80, 0, 0, 0, 0, 0, 0, 0, 0, 0, 0, 0, 0, 0, 45, 125
"/Users/johndoe/Documents/company/video_ops/public/scripts/why-need/02-side-conditions-you-can-name/social-posts.json", "JSON", 69, 0, 0, 0, 0, 0, 0, 0, 0, 0, 0, 0, 0, 0, 0, 0, 1, 70
"/Users/johndoe/Documents/company/video_ops/public/scripts/why-need/02-side-conditions-you-can-name/tracks/scene-2-ide.json", "JSON", 40, 0, 0, 0, 0, 0, 0, 0, 0, 0, 0, 0, 0, 0, 0, 0, 1, 41
"/Users/johndoe/Documents/company/video_ops/public/scripts/why-need/02-side-conditions-you-can-name/tracks/scene-3-ide.json", "JSON", 40, 0, 0, 0, 0, 0, 0, 0, 0, 0, 0, 0, 0, 0, 0, 0, 1, 41
"/Users/johndoe/Documents/company/video_ops/public/scripts/why-need/03-witness-you-cannot-compute/animation.md", "Markdown", 0, 0, 49, 0, 0, 0, 0, 0, 0, 0, 0, 0, 0, 0, 0, 52, 35, 136
"/Users/johndoe/Documents/company/video_ops/public/scripts/why-need/03-witness-you-cannot-compute/remotion.json", "JSON", 7, 0, 0, 0, 0, 0, 0, 0, 0, 0, 0, 0, 0, 0, 0, 0, 1, 8
"/Users/johndoe/Documents/company/video_ops/public/scripts/why-need/03-witness-you-cannot-compute/script.md", "Markdown", 0, 0, 57, 0, 0, 0, 0, 0, 0, 0, 0, 0, 0, 0, 0, 0, 46, 103
"/Users/johndoe/Documents/company/video_ops/public/scripts/why-need/03-witness-you-cannot-compute/social-posts.json", "JSON", 69, 0, 0, 0, 0, 0, 0, 0, 0, 0, 0, 0, 0, 0, 0, 0, 1, 70
"/Users/johndoe/Documents/company/video_ops/public/scripts/why-need/03-witness-you-cannot-compute/tracks/scene-1-ide.json", "JSON", 40, 0, 0, 0, 0, 0, 0, 0, 0, 0, 0, 0, 0, 0, 0, 0, 1, 41
"/Users/johndoe/Documents/company/video_ops/public/scripts/why-need/05-keep-or-reject-before-ai-edits/animation.md", "Markdown", 0, 0, 50, 0, 0, 0, 0, 0, 0, 0, 0, 0, 0, 0, 0, 65, 37, 152
"/Users/johndoe/Documents/company/video_ops/public/scripts/why-need/05-keep-or-reject-before-ai-edits/remotion.json", "JSON", 7, 0, 0, 0, 0, 0, 0, 0, 0, 0, 0, 0, 0, 0, 0, 0, 1, 8
"/Users/johndoe/Documents/company/video_ops/public/scripts/why-need/05-keep-or-reject-before-ai-edits/script.md", "Markdown", 0, 0, 64, 0, 0, 0, 0, 0, 0, 0, 0, 0, 0, 0, 0, 0, 53, 117
"/Users/johndoe/Documents/company/video_ops/public/scripts/why-need/05-keep-or-reject-before-ai-edits/social-posts.json", "JSON", 69, 0, 0, 0, 0, 0, 0, 0, 0, 0, 0, 0, 0, 0, 0, 0, 1, 70
"/Users/johndoe/Documents/company/video_ops/public/scripts/why-need/06-partition-obligations-named-from-structure/animation.md", "Markdown", 0, 0, 54, 0, 0, 0, 0, 0, 0, 0, 0, 0, 0, 0, 0, 39, 28, 121
"/Users/johndoe/Documents/company/video_ops/public/scripts/why-need/06-partition-obligations-named-from-structure/remotion.json", "JSON", 7, 0, 0, 0, 0, 0, 0, 0, 0, 0, 0, 0, 0, 0, 0, 0, 1, 8
"/Users/johndoe/Documents/company/video_ops/public/scripts/why-need/06-partition-obligations-named-from-structure/script.md", "Markdown", 0, 0, 70, 0, 0, 0, 0, 0, 0, 0, 0, 0, 0, 0, 0, 0, 42, 112
"/Users/johndoe/Documents/company/video_ops/public/scripts/why-need/06-partition-obligations-named-from-structure/social-posts.json", "JSON", 68, 0, 0, 0, 0, 0, 0, 0, 0, 0, 0, 0, 0, 0, 0, 0, 1, 69
"/Users/johndoe/Documents/company/video_ops/public/scripts/why-need/06-partition-obligations-named-from-structure/tracks/scene-2-ide.json", "JSON", 40, 0, 0, 0, 0, 0, 0, 0, 0, 0, 0, 0, 0, 0, 0, 0, 1, 41
"/Users/johndoe/Documents/company/video_ops/public/scripts/why-need/series.json", "JSON", 7, 0, 0, 0, 0, 0, 0, 0, 0, 0, 0, 0, 0, 0, 0, 0, 1, 8
"/Users/johndoe/Documents/company/video_ops/public/turn-knowledge-cache/_turn-user_language_server_examples_AATA_01_preliminaries_02_sets_and_equivalence_relations.turn-bc7966af.json", "JSON", 124057, 0, 0, 0, 0, 0, 0, 0, 0, 0, 0, 0, 0, 0, 0, 0, 1, 124058
"/Users/johndoe/Documents/company/video_ops/public/turn-knowledge-cache/inline-22fc2cc5.json", "JSON", 533, 0, 0, 0, 0, 0, 0, 0, 0, 0, 0, 0, 0, 0, 0, 0, 1, 534
"/Users/johndoe/Documents/company/video_ops/public/turn-knowledge-cache/inline-2a2d1cfd.json", "JSON", 1347, 0, 0, 0, 0, 0, 0, 0, 0, 0, 0, 0, 0, 0, 0, 0, 1, 1348
"/Users/johndoe/Documents/company/video_ops/public/turn-knowledge-cache/inline-371fba10.json", "JSON", 1597, 0, 0, 0, 0, 0, 0, 0, 0, 0, 0, 0, 0, 0, 0, 0, 1, 1598
"/Users/johndoe/Documents/company/video_ops/public/turn-knowledge-cache/inline-409cfdde.json", "JSON", 533, 0, 0, 0, 0, 0, 0, 0, 0, 0, 0, 0, 0, 0, 0, 0, 1, 534
"/Users/johndoe/Documents/company/video_ops/public/turn-knowledge-cache/inline-45b38896.json", "JSON", 573, 0, 0, 0, 0, 0, 0, 0, 0, 0, 0, 0, 0, 0, 0, 0, 1, 574
"/Users/johndoe/Documents/company/video_ops/public/turn-knowledge-cache/inline-50d91c23.json", "JSON", 853, 0, 0, 0, 0, 0, 0, 0, 0, 0, 0, 0, 0, 0, 0, 0, 1, 854
"/Users/johndoe/Documents/company/video_ops/public/turn-knowledge-cache/inline-51d22f2a.json", "JSON", 913, 0, 0, 0, 0, 0, 0, 0, 0, 0, 0, 0, 0, 0, 0, 0, 1, 914
"/Users/johndoe/Documents/company/video_ops/public/turn-knowledge-cache/inline-64b503fe.json", "JSON", 3362, 0, 0, 0, 0, 0, 0, 0, 0, 0, 0, 0, 0, 0, 0, 0, 1, 3363
"/Users/johndoe/Documents/company/video_ops/public/turn-knowledge-cache/inline-8172da0.json", "JSON", 2292, 0, 0, 0, 0, 0, 0, 0, 0, 0, 0, 0, 0, 0, 0, 0, 1, 2293
"/Users/johndoe/Documents/company/video_ops/public/turn-knowledge-cache/inline-8eaa9420.json", "JSON", 1434, 0, 0, 0, 0, 0, 0, 0, 0, 0, 0, 0, 0, 0, 0, 0, 1, 1435
"/Users/johndoe/Documents/company/video_ops/public/turn-knowledge-cache/inline-94598097.json", "JSON", 1156, 0, 0, 0, 0, 0, 0, 0, 0, 0, 0, 0, 0, 0, 0, 0, 1, 1157
"/Users/johndoe/Documents/company/video_ops/public/turn-knowledge-cache/inline-9c602ae2.json", "JSON", 2706, 0, 0, 0, 0, 0, 0, 0, 0, 0, 0, 0, 0, 0, 0, 0, 1, 2707
"/Users/johndoe/Documents/company/video_ops/public/turn-knowledge-cache/inline-a8fbc194.json", "JSON", 90, 0, 0, 0, 0, 0, 0, 0, 0, 0, 0, 0, 0, 0, 0, 0, 1, 91
"/Users/johndoe/Documents/company/video_ops/public/turn-knowledge-cache/inline-ac99c21a.json", "JSON", 1904, 0, 0, 0, 0, 0, 0, 0, 0, 0, 0, 0, 0, 0, 0, 0, 1, 1905
"/Users/johndoe/Documents/company/video_ops/public/turn-knowledge-cache/inline-c0fbf97f.json", "JSON", 1501, 0, 0, 0, 0, 0, 0, 0, 0, 0, 0, 0, 0, 0, 0, 0, 1, 1502
"/Users/johndoe/Documents/company/video_ops/public/turn-knowledge-cache/inline-c89300e4.json", "JSON", 1358, 0, 0, 0, 0, 0, 0, 0, 0, 0, 0, 0, 0, 0, 0, 0, 1, 1359
"/Users/johndoe/Documents/company/video_ops/public/turn-knowledge-cache/inline-d4fcc6c2.json", "JSON", 2149, 0, 0, 0, 0, 0, 0, 0, 0, 0, 0, 0, 0, 0, 0, 0, 1, 2150
"/Users/johndoe/Documents/company/video_ops/public/turn-knowledge-cache/inline-d65f3d7d.json", "JSON", 1033, 0, 0, 0, 0, 0, 0, 0, 0, 0, 0, 0, 0, 0, 0, 0, 1, 1034
"/Users/johndoe/Documents/company/video_ops/public/turn-knowledge-cache/inline-e60dc3a7.json", "JSON", 2309, 0, 0, 0, 0, 0, 0, 0, 0, 0, 0, 0, 0, 0, 0, 0, 1, 2310
"/Users/johndoe/Documents/company/video_ops/public/turn-knowledge-cache/inline-edba62ef.json", "JSON", 1165, 0, 0, 0, 0, 0, 0, 0, 0, 0, 0, 0, 0, 0, 0, 0, 1, 1166
"/Users/johndoe/Documents/company/video_ops/public/turn-knowledge-cache/inline-f0cb7375.json", "JSON", 970, 0, 0, 0, 0, 0, 0, 0, 0, 0, 0, 0, 0, 0, 0, 0, 1, 971
"/Users/johndoe/Documents/company/video_ops/public/turn-knowledge-cache/inline-f356cb.json", "JSON", 1192, 0, 0, 0, 0, 0, 0, 0, 0, 0, 0, 0, 0, 0, 0, 0, 1, 1193
"/Users/johndoe/Documents/company/video_ops/public/turn-knowledge-cache/inline-f3dd3a62.json", "JSON", 1434, 0, 0, 0, 0, 0, 0, 0, 0, 0, 0, 0, 0, 0, 0, 0, 1, 1435
"/Users/johndoe/Documents/company/video_ops/public/turn-knowledge-cache/inline-f543d580.json", "JSON", 1510, 0, 0, 0, 0, 0, 0, 0, 0, 0, 0, 0, 0, 0, 0, 0, 1, 1511
"/Users/johndoe/Documents/company/video_ops/public/turn-knowledge-cache/inline-f743caae.json", "JSON", 1912, 0, 0, 0, 0, 0, 0, 0, 0, 0, 0, 0, 0, 0, 0, 0, 1, 1913
"/Users/johndoe/Documents/company/video_ops/public/turn-knowledge-cache/inline-fc2bb42b.json", "JSON", 1589, 0, 0, 0, 0, 0, 0, 0, 0, 0, 0, 0, 0, 0, 0, 0, 1, 1590
"/Users/johndoe/Documents/company/video_ops/public/turn-knowledge-cache/inline:04-set-equality-94598097.json", "JSON", 1156, 0, 0, 0, 0, 0, 0, 0, 0, 0, 0, 0, 0, 0, 0, 0, 1, 1157
"/Users/johndoe/Documents/company/video_ops/public/turn-knowledge-cache/inline:04-set-equality-c0fbf97f.json", "JSON", 1501, 0, 0, 0, 0, 0, 0, 0, 0, 0, 0, 0, 0, 0, 0, 0, 1, 1502
"/Users/johndoe/Documents/company/video_ops/public/turn-knowledge-cache/inline:04-set-equality-c89300e4.json", "JSON", 1358, 0, 0, 0, 0, 0, 0, 0, 0, 0, 0, 0, 0, 0, 0, 0, 1, 1359
"/Users/johndoe/Documents/company/video_ops/public/turn-knowledge-cache/inline:04-set-equality-d65f3d7d.json", "JSON", 1033, 0, 0, 0, 0, 0, 0, 0, 0, 0, 0, 0, 0, 0, 0, 0, 1, 1034
"/Users/johndoe/Documents/company/video_ops/public/turn-knowledge-cache/inline:04-set-equality-fc2bb42b.json", "JSON", 1589, 0, 0, 0, 0, 0, 0, 0, 0, 0, 0, 0, 0, 0, 0, 0, 1, 1590
"/Users/johndoe/Documents/company/video_ops/public/turn-knowledge-cache/shared_reference_turn_subset-relation.turn-981ba047.json", "JSON", 3681, 0, 0, 0, 0, 0, 0, 0, 0, 0, 0, 0, 0, 0, 0, 0, 1, 3682
"/Users/johndoe/Documents/company/video_ops/public/turn-user/language_server/examples/AATA/01_preliminaries/02_sets_and_equivalence_relations.equivalence_classes_form_a_partition_judson_theo.turn-proof-session.json", "JSON", 981, 0, 0, 0, 0, 0, 0, 0, 0, 0, 0, 0, 0, 0, 0, 0, 0, 981
"/Users/johndoe/Documents/company/video_ops/remotion/src/generated/hint-layouts-bundled.json", "JSON", 69, 0, 0, 0, 0, 0, 0, 0, 0, 0, 0, 0, 0, 0, 0, 0, 1, 70
"/Users/johndoe/Documents/company/video_ops/scripts/README.md", "Markdown", 0, 0, 42, 0, 0, 0, 0, 0, 0, 0, 0, 0, 0, 0, 0, 0, 18, 60
"/Users/johndoe/Documents/company/video_ops/scripts/_templates/template-ai-review-smoke/animation.md", "Markdown", 0, 0, 14, 0, 0, 0, 0, 0, 0, 0, 0, 0, 0, 0, 0, 4, 5, 23
"/Users/johndoe/Documents/company/video_ops/scripts/_templates/template-ai-review-smoke/script.md", "Markdown", 0, 0, 6, 0, 0, 0, 0, 0, 0, 0, 0, 0, 0, 0, 0, 0, 3, 9
"/Users/johndoe/Documents/company/video_ops/scripts/_templates/template-ai-review-smoke/social-posts.json", "JSON", 65, 0, 0, 0, 0, 0, 0, 0, 0, 0, 0, 0, 0, 0, 0, 0, 1, 66
"/Users/johndoe/Documents/company/video_ops/scripts/_templates/template-compare-smoke/animation.md", "Markdown", 0, 0, 22, 0, 0, 0, 0, 0, 0, 0, 0, 0, 0, 0, 0, 4, 6, 32
"/Users/johndoe/Documents/company/video_ops/scripts/_templates/template-compare-smoke/script.md", "Markdown", 0, 0, 6, 0, 0, 0, 0, 0, 0, 0, 0, 0, 0, 0, 0, 0, 3, 9
"/Users/johndoe/Documents/company/video_ops/scripts/_templates/template-compare-smoke/social-posts.json", "JSON", 65, 0, 0, 0, 0, 0, 0, 0, 0, 0, 0, 0, 0, 0, 0, 0, 1, 66
"/Users/johndoe/Documents/company/video_ops/scripts/_templates/template-launch-pv-smoke/animation.md", "Markdown", 0, 0, 14, 0, 0, 0, 0, 0, 0, 0, 0, 0, 0, 0, 0, 4, 5, 23
"/Users/johndoe/Documents/company/video_ops/scripts/_templates/template-launch-pv-smoke/script.md", "Markdown", 0, 0, 6, 0, 0, 0, 0, 0, 0, 0, 0, 0, 0, 0, 0, 0, 3, 9
"/Users/johndoe/Documents/company/video_ops/scripts/_templates/template-launch-pv-smoke/social-posts.json", "JSON", 65, 0, 0, 0, 0, 0, 0, 0, 0, 0, 0, 0, 0, 0, 0, 0, 1, 66
"/Users/johndoe/Documents/company/video_ops/scripts/_templates/template-life-essay-smoke/animation.md", "Markdown", 0, 0, 16, 0, 0, 0, 0, 0, 0, 0, 0, 0, 0, 0, 0, 3, 5, 24
"/Users/johndoe/Documents/company/video_ops/scripts/_templates/template-life-essay-smoke/script.md", "Markdown", 0, 0, 6, 0, 0, 0, 0, 0, 0, 0, 0, 0, 0, 0, 0, 0, 3, 9
"/Users/johndoe/Documents/company/video_ops/scripts/_templates/template-life-essay-smoke/social-posts.json", "JSON", 65, 0, 0, 0, 0, 0, 0, 0, 0, 0, 0, 0, 0, 0, 0, 0, 1, 66
"/Users/johndoe/Documents/company/video_ops/scripts/_templates/template-motion-essay-smoke/animation.md", "Markdown", 0, 0, 16, 0, 0, 0, 0, 0, 0, 0, 0, 0, 0, 0, 0, 3, 5, 24
"/Users/johndoe/Documents/company/video_ops/scripts/_templates/template-motion-essay-smoke/script.md", "Markdown", 0, 0, 6, 0, 0, 0, 0, 0, 0, 0, 0, 0, 0, 0, 0, 0, 3, 9
"/Users/johndoe/Documents/company/video_ops/scripts/_templates/template-motion-essay-smoke/social-posts.json", "JSON", 65, 0, 0, 0, 0, 0, 0, 0, 0, 0, 0, 0, 0, 0, 0, 0, 1, 66
"/Users/johndoe/Documents/company/video_ops/scripts/_templates/template-pitfall-smoke/animation.md", "Markdown", 0, 0, 14, 0, 0, 0, 0, 0, 0, 0, 0, 0, 0, 0, 0, 4, 5, 23
"/Users/johndoe/Documents/company/video_ops/scripts/_templates/template-pitfall-smoke/script.md", "Markdown", 0, 0, 6, 0, 0, 0, 0, 0, 0, 0, 0, 0, 0, 0, 0, 0, 3, 9
"/Users/johndoe/Documents/company/video_ops/scripts/_templates/template-pitfall-smoke/social-posts.json", "JSON", 65, 0, 0, 0, 0, 0, 0, 0, 0, 0, 0, 0, 0, 0, 0, 0, 1, 66
"/Users/johndoe/Documents/company/video_ops/scripts/_templates/template-syntax-spot-smoke/animation.md", "Markdown", 0, 0, 18, 0, 0, 0, 0, 0, 0, 0, 0, 0, 0, 0, 0, 3, 5, 26
"/Users/johndoe/Documents/company/video_ops/scripts/_templates/template-syntax-spot-smoke/script.md", "Markdown", 0, 0, 6, 0, 0, 0, 0, 0, 0, 0, 0, 0, 0, 0, 0, 0, 3, 9
"/Users/johndoe/Documents/company/video_ops/scripts/_templates/template-syntax-spot-smoke/social-posts.json", "JSON", 65, 0, 0, 0, 0, 0, 0, 0, 0, 0, 0, 0, 0, 0, 0, 0, 1, 66
"/Users/johndoe/Documents/company/video_ops/scripts/_templates/video-beat-present-clip/README.md", "Markdown", 0, 0, 35, 0, 0, 0, 0, 0, 0, 0, 0, 0, 0, 0, 0, 0, 21, 56
"/Users/johndoe/Documents/company/video_ops/scripts/_templates/video-beat-present-clip/animation.md", "Markdown", 0, 0, 38, 0, 0, 0, 0, 0, 0, 0, 0, 0, 0, 0, 0, 22, 18, 78
"/Users/johndoe/Documents/company/video_ops/scripts/abstract_algebra_in_proof_assistant/01-set/animation.md", "Markdown", 0, 0, 373, 0, 0, 0, 0, 0, 0, 0, 0, 0, 0, 0, 0, 138, 157, 668
"/Users/johndoe/Documents/company/video_ops/scripts/abstract_algebra_in_proof_assistant/01-set/script-clean.md", "Markdown", 0, 0, 22, 0, 0, 0, 0, 0, 0, 0, 0, 0, 0, 0, 0, 0, 22, 44
"/Users/johndoe/Documents/company/video_ops/scripts/abstract_algebra_in_proof_assistant/01-set/script.md", "Markdown", 0, 0, 32, 0, 0, 0, 0, 0, 0, 0, 0, 0, 0, 0, 0, 0, 9, 41
"/Users/johndoe/Documents/company/video_ops/scripts/abstract_algebra_in_proof_assistant/01-set/social-posts.json", "JSON", 69, 0, 0, 0, 0, 0, 0, 0, 0, 0, 0, 0, 0, 0, 0, 0, 1, 70
"/Users/johndoe/Documents/company/video_ops/scripts/abstract_algebra_in_proof_assistant/02-subset/animation.md", "Markdown", 0, 0, 221, 0, 0, 0, 0, 0, 0, 0, 0, 0, 0, 0, 0, 67, 114, 402
"/Users/johndoe/Documents/company/video_ops/scripts/abstract_algebra_in_proof_assistant/02-subset/script-clean.md", "Markdown", 0, 0, 22, 0, 0, 0, 0, 0, 0, 0, 0, 0, 0, 0, 0, 0, 21, 43
"/Users/johndoe/Documents/company/video_ops/scripts/abstract_algebra_in_proof_assistant/02-subset/script.md", "Markdown", 0, 0, 9, 0, 0, 0, 0, 0, 0, 0, 0, 0, 0, 0, 0, 0, 6, 15
"/Users/johndoe/Documents/company/video_ops/scripts/abstract_algebra_in_proof_assistant/02-subset/social-posts.json", "JSON", 69, 0, 0, 0, 0, 0, 0, 0, 0, 0, 0, 0, 0, 0, 0, 0, 1, 70
"/Users/johndoe/Documents/company/video_ops/scripts/abstract_algebra_in_proof_assistant/03-proper-subset/animation.md", "Markdown", 0, 0, 456, 0, 0, 0, 0, 0, 0, 0, 0, 0, 0, 0, 0, 117, 196, 769
"/Users/johndoe/Documents/company/video_ops/scripts/abstract_algebra_in_proof_assistant/03-proper-subset/export/voice-manifest.json", "JSON", 81, 0, 0, 0, 0, 0, 0, 0, 0, 0, 0, 0, 0, 0, 0, 0, 1, 82
"/Users/johndoe/Documents/company/video_ops/scripts/abstract_algebra_in_proof_assistant/03-proper-subset/script-clean.md", "Markdown", 0, 0, 21, 0, 0, 0, 0, 0, 0, 0, 0, 0, 0, 0, 0, 0, 20, 41
"/Users/johndoe/Documents/company/video_ops/scripts/abstract_algebra_in_proof_assistant/03-proper-subset/script.md", "Markdown", 0, 0, 9, 0, 0, 0, 0, 0, 0, 0, 0, 0, 0, 0, 0, 0, 6, 15
"/Users/johndoe/Documents/company/video_ops/scripts/abstract_algebra_in_proof_assistant/03-proper-subset/social-posts.json", "JSON", 69, 0, 0, 0, 0, 0, 0, 0, 0, 0, 0, 0, 0, 0, 0, 0, 1, 70
"/Users/johndoe/Documents/company/video_ops/scripts/abstract_algebra_in_proof_assistant/03-proper-subset/social-posts.md", "Markdown", 0, 0, 84, 0, 0, 0, 0, 0, 0, 0, 0, 0, 0, 0, 0, 0, 10, 94
"/Users/johndoe/Documents/company/video_ops/scripts/abstract_algebra_in_proof_assistant/03-proper-subset/test_version/outdoor-edit-img-7405/animation-outdoor.json", "JSON", 1124, 0, 0, 0, 0, 0, 0, 0, 0, 0, 0, 0, 0, 0, 0, 0, 1, 1125
"/Users/johndoe/Documents/company/video_ops/scripts/abstract_algebra_in_proof_assistant/03-proper-subset/test_version/outdoor-edit-img-7405/declip-transcript.raw.json", "JSON", 11020, 0, 0, 0, 0, 0, 0, 0, 0, 0, 0, 0, 0, 0, 0, 0, 4, 11024
"/Users/johndoe/Documents/company/video_ops/scripts/abstract_algebra_in_proof_assistant/03-proper-subset/test_version/outdoor-edit-img-7405/outdoor-manifest.json", "JSON", 772, 0, 0, 0, 0, 0, 0, 0, 0, 0, 0, 0, 0, 0, 0, 0, 1, 773
"/Users/johndoe/Documents/company/video_ops/scripts/abstract_algebra_in_proof_assistant/03-proper-subset/test_version/outdoor-edit-img-7405/remotion-visual-plan.json", "JSON", 121, 0, 0, 0, 0, 0, 0, 0, 0, 0, 0, 0, 0, 0, 0, 0, 1, 122
"/Users/johndoe/Documents/company/video_ops/scripts/abstract_algebra_in_proof_assistant/03-proper-subset/test_version/outdoor-edit-img-7405/render-landscape.log", "Log", 0, 0, 0, 0, 0, 0, 0, 0, 0, 0, 0, 10034, 0, 0, 0, 0, 5, 10039
"/Users/johndoe/Documents/company/video_ops/scripts/abstract_algebra_in_proof_assistant/03-proper-subset/test_version/outdoor-edit-img-7405/render-portrait.log", "Log", 0, 0, 0, 0, 0, 0, 0, 0, 0, 0, 0, 13867, 0, 0, 0, 0, 5, 13872
"/Users/johndoe/Documents/company/video_ops/scripts/abstract_algebra_in_proof_assistant/03-proper-subset/test_version/outdoor-edit-img-7405/render.log", "Log", 0, 0, 0, 0, 0, 0, 0, 0, 0, 0, 0, 15065, 0, 0, 0, 0, 5, 15070
"/Users/johndoe/Documents/company/video_ops/scripts/abstract_algebra_in_proof_assistant/03-proper-subset/test_version/outdoor-edit-img-7405/source-edit-report.json", "JSON", 222, 0, 0, 0, 0, 0, 0, 0, 0, 0, 0, 0, 0, 0, 0, 0, 1, 223
"/Users/johndoe/Documents/company/video_ops/scripts/abstract_algebra_in_proof_assistant/03-proper-subset/test_version/outdoor-edit-img-7405/speech-alignment.json", "JSON", 328, 0, 0, 0, 0, 0, 0, 0, 0, 0, 0, 0, 0, 0, 0, 0, 1, 329
"/Users/johndoe/Documents/company/video_ops/scripts/abstract_algebra_in_proof_assistant/03-proper-subset/test_version/outdoor-edit-img-7405/transcript.verbose.json", "JSON", 6836, 0, 0, 0, 0, 0, 0, 0, 0, 0, 0, 0, 0, 0, 0, 0, 1, 6837
"/Users/johndoe/Documents/company/video_ops/scripts/abstract_algebra_in_proof_assistant/04-set-equality/animation.md", "Markdown", 0, 0, 332, 0, 0, 0, 0, 0, 0, 0, 0, 0, 0, 0, 0, 24, 116, 472
"/Users/johndoe/Documents/company/video_ops/scripts/abstract_algebra_in_proof_assistant/04-set-equality/export/outdoor-script.json", "JSON", 68, 0, 0, 0, 0, 0, 0, 0, 0, 0, 0, 0, 0, 0, 0, 0, 1, 69
"/Users/johndoe/Documents/company/video_ops/scripts/abstract_algebra_in_proof_assistant/04-set-equality/script-clean.md", "Markdown", 0, 0, 14, 0, 0, 0, 0, 0, 0, 0, 0, 0, 0, 0, 0, 0, 13, 27
"/Users/johndoe/Documents/company/video_ops/scripts/abstract_algebra_in_proof_assistant/04-set-equality/script.md", "Markdown", 0, 0, 14, 0, 0, 0, 0, 0, 0, 0, 0, 0, 0, 0, 0, 0, 8, 22
"/Users/johndoe/Documents/company/video_ops/scripts/abstract_algebra_in_proof_assistant/04-set-equality/social-posts.json", "JSON", 69, 0, 0, 0, 0, 0, 0, 0, 0, 0, 0, 0, 0, 0, 0, 0, 1, 70
"/Users/johndoe/Documents/company/video_ops/scripts/abstract_algebra_in_proof_assistant/04-set-equality/takes/take-mrbtjdup/agent.log", "Log", 0, 0, 0, 0, 0, 0, 0, 0, 0, 0, 0, 2, 0, 0, 0, 0, 1, 3
"/Users/johndoe/Documents/company/video_ops/scripts/abstract_algebra_in_proof_assistant/04-set-equality/takes/take-mrbtjdup/covers/cover-mrf6k5c9/meta.json", "JSON", 8, 0, 0, 0, 0, 0, 0, 0, 0, 0, 0, 0, 0, 0, 0, 0, 1, 9
"/Users/johndoe/Documents/company/video_ops/scripts/abstract_algebra_in_proof_assistant/04-set-equality/takes/take-mrbtjdup/covers/cover-mrf6l9iw/meta.json", "JSON", 8, 0, 0, 0, 0, 0, 0, 0, 0, 0, 0, 0, 0, 0, 0, 0, 1, 9
"/Users/johndoe/Documents/company/video_ops/scripts/abstract_algebra_in_proof_assistant/04-set-equality/takes/take-mrbtjdup/covers/covers-index.json", "JSON", 16, 0, 0, 0, 0, 0, 0, 0, 0, 0, 0, 0, 0, 0, 0, 0, 1, 17
"/Users/johndoe/Documents/company/video_ops/scripts/abstract_algebra_in_proof_assistant/04-set-equality/takes/take-mrbtjdup/pipeline-status.json", "JSON", 32, 0, 0, 0, 0, 0, 0, 0, 0, 0, 0, 0, 0, 0, 0, 0, 1, 33
"/Users/johndoe/Documents/company/video_ops/scripts/abstract_algebra_in_proof_assistant/04-set-equality/takes/take-mrbtjdup/pipeline/align/align-mrdnus0g/align-mode.json", "JSON", 4, 0, 0, 0, 0, 0, 0, 0, 0, 0, 0, 0, 0, 0, 0, 0, 1, 5
"/Users/johndoe/Documents/company/video_ops/scripts/abstract_algebra_in_proof_assistant/04-set-equality/takes/take-mrbtjdup/pipeline/align/align-mrdnus0g/animation-outdoor.json", "JSON", 301, 0, 0, 0, 0, 0, 0, 0, 0, 0, 0, 0, 0, 0, 0, 0, 1, 302
"/Users/johndoe/Documents/company/video_ops/scripts/abstract_algebra_in_proof_assistant/04-set-equality/takes/take-mrbtjdup/pipeline/align/align-mrdnus0g/progress.json", "JSON", 6, 0, 0, 0, 0, 0, 0, 0, 0, 0, 0, 0, 0, 0, 0, 0, 1, 7
"/Users/johndoe/Documents/company/video_ops/scripts/abstract_algebra_in_proof_assistant/04-set-equality/takes/take-mrbtjdup/pipeline/align/align-mrdnus0g/remotion-visual-plan.json", "JSON", 57, 0, 0, 0, 0, 0, 0, 0, 0, 0, 0, 0, 0, 0, 0, 0, 1, 58
"/Users/johndoe/Documents/company/video_ops/scripts/abstract_algebra_in_proof_assistant/04-set-equality/takes/take-mrbtjdup/pipeline/align/align-mrdnus0g/speech-alignment.json", "JSON", 67, 0, 0, 0, 0, 0, 0, 0, 0, 0, 0, 0, 0, 0, 0, 0, 1, 68
"/Users/johndoe/Documents/company/video_ops/scripts/abstract_algebra_in_proof_assistant/04-set-equality/takes/take-mrbtjdup/pipeline/align/align-mrdpo3rm/align-mode.json", "JSON", 4, 0, 0, 0, 0, 0, 0, 0, 0, 0, 0, 0, 0, 0, 0, 0, 1, 5
"/Users/johndoe/Documents/company/video_ops/scripts/abstract_algebra_in_proof_assistant/04-set-equality/takes/take-mrbtjdup/pipeline/align/align-mrdpo3rm/animation-outdoor.json", "JSON", 535, 0, 0, 0, 0, 0, 0, 0, 0, 0, 0, 0, 0, 0, 0, 0, 1, 536
"/Users/johndoe/Documents/company/video_ops/scripts/abstract_algebra_in_proof_assistant/04-set-equality/takes/take-mrbtjdup/pipeline/align/align-mrdpo3rm/progress.json", "JSON", 6, 0, 0, 0, 0, 0, 0, 0, 0, 0, 0, 0, 0, 0, 0, 0, 1, 7
"/Users/johndoe/Documents/company/video_ops/scripts/abstract_algebra_in_proof_assistant/04-set-equality/takes/take-mrbtjdup/pipeline/align/align-mrdpo3rm/remotion-visual-plan.json", "JSON", 57, 0, 0, 0, 0, 0, 0, 0, 0, 0, 0, 0, 0, 0, 0, 0, 1, 58
"/Users/johndoe/Documents/company/video_ops/scripts/abstract_algebra_in_proof_assistant/04-set-equality/takes/take-mrbtjdup/pipeline/align/align-mrdpo3rm/speech-alignment.json", "JSON", 264, 0, 0, 0, 0, 0, 0, 0, 0, 0, 0, 0, 0, 0, 0, 0, 1, 265
"/Users/johndoe/Documents/company/video_ops/scripts/abstract_algebra_in_proof_assistant/04-set-equality/takes/take-mrbtjdup/pipeline/align/align-mrdpo3rm/transcript.verbose.json", "JSON", 2236, 0, 0, 0, 0, 0, 0, 0, 0, 0, 0, 0, 0, 0, 0, 0, 1, 2237
"/Users/johndoe/Documents/company/video_ops/scripts/abstract_algebra_in_proof_assistant/04-set-equality/takes/take-mrbtjdup/pipeline/align/align-mrec55fl/align-layout.json", "JSON", 20, 0, 0, 0, 0, 0, 0, 0, 0, 0, 0, 0, 0, 0, 0, 0, 1, 21
"/Users/johndoe/Documents/company/video_ops/scripts/abstract_algebra_in_proof_assistant/04-set-equality/takes/take-mrbtjdup/pipeline/align/align-mrec55fl/align-mode.json", "JSON", 4, 0, 0, 0, 0, 0, 0, 0, 0, 0, 0, 0, 0, 0, 0, 0, 1, 5
"/Users/johndoe/Documents/company/video_ops/scripts/abstract_algebra_in_proof_assistant/04-set-equality/takes/take-mrbtjdup/pipeline/align/align-mrec55fl/animation-outdoor.json", "JSON", 551, 0, 0, 0, 0, 0, 0, 0, 0, 0, 0, 0, 0, 0, 0, 0, 1, 552
"/Users/johndoe/Documents/company/video_ops/scripts/abstract_algebra_in_proof_assistant/04-set-equality/takes/take-mrbtjdup/pipeline/align/align-mrec55fl/progress.json", "JSON", 6, 0, 0, 0, 0, 0, 0, 0, 0, 0, 0, 0, 0, 0, 0, 0, 1, 7
"/Users/johndoe/Documents/company/video_ops/scripts/abstract_algebra_in_proof_assistant/04-set-equality/takes/take-mrbtjdup/pipeline/align/align-mrec55fl/remotion-visual-plan.json", "JSON", 57, 0, 0, 0, 0, 0, 0, 0, 0, 0, 0, 0, 0, 0, 0, 0, 1, 58
"/Users/johndoe/Documents/company/video_ops/scripts/abstract_algebra_in_proof_assistant/04-set-equality/takes/take-mrbtjdup/pipeline/align/align-mrec55fl/speech-alignment.json", "JSON", 264, 0, 0, 0, 0, 0, 0, 0, 0, 0, 0, 0, 0, 0, 0, 0, 1, 265
"/Users/johndoe/Documents/company/video_ops/scripts/abstract_algebra_in_proof_assistant/04-set-equality/takes/take-mrbtjdup/pipeline/align/align-mrec55fl/transcript.verbose.json", "JSON", 2236, 0, 0, 0, 0, 0, 0, 0, 0, 0, 0, 0, 0, 0, 0, 0, 1, 2237
"/Users/johndoe/Documents/company/video_ops/scripts/abstract_algebra_in_proof_assistant/04-set-equality/takes/take-mrbtjdup/pipeline/composite/composite-mrdnus61/animation-outdoor.json", "JSON", 301, 0, 0, 0, 0, 0, 0, 0, 0, 0, 0, 0, 0, 0, 0, 0, 1, 302
"/Users/johndoe/Documents/company/video_ops/scripts/abstract_algebra_in_proof_assistant/04-set-equality/takes/take-mrbtjdup/pipeline/composite/composite-mrdnus61/outdoor-manifest.json", "JSON", 106, 0, 0, 0, 0, 0, 0, 0, 0, 0, 0, 0, 0, 0, 0, 0, 1, 107
"/Users/johndoe/Documents/company/video_ops/scripts/abstract_algebra_in_proof_assistant/04-set-equality/takes/take-mrbtjdup/pipeline/composite/composite-mrdnus61/progress.json", "JSON", 6, 0, 0, 0, 0, 0, 0, 0, 0, 0, 0, 0, 0, 0, 0, 0, 1, 7
"/Users/johndoe/Documents/company/video_ops/scripts/abstract_algebra_in_proof_assistant/04-set-equality/takes/take-mrbtjdup/pipeline/composite/composite-mrdnus61/remotion-visual-plan.json", "JSON", 57, 0, 0, 0, 0, 0, 0, 0, 0, 0, 0, 0, 0, 0, 0, 0, 1, 58
"/Users/johndoe/Documents/company/video_ops/scripts/abstract_algebra_in_proof_assistant/04-set-equality/takes/take-mrbtjdup/pipeline/composite/composite-mrdnus61/speech-alignment.json", "JSON", 67, 0, 0, 0, 0, 0, 0, 0, 0, 0, 0, 0, 0, 0, 0, 0, 1, 68
"/Users/johndoe/Documents/company/video_ops/scripts/abstract_algebra_in_proof_assistant/04-set-equality/takes/take-mrbtjdup/pipeline/composite/composite-mrdpo4dg/animation-outdoor.json", "JSON", 535, 0, 0, 0, 0, 0, 0, 0, 0, 0, 0, 0, 0, 0, 0, 0, 1, 536
"/Users/johndoe/Documents/company/video_ops/scripts/abstract_algebra_in_proof_assistant/04-set-equality/takes/take-mrbtjdup/pipeline/composite/composite-mrdpo4dg/outdoor-manifest.json", "JSON", 340, 0, 0, 0, 0, 0, 0, 0, 0, 0, 0, 0, 0, 0, 0, 0, 1, 341
"/Users/johndoe/Documents/company/video_ops/scripts/abstract_algebra_in_proof_assistant/04-set-equality/takes/take-mrbtjdup/pipeline/composite/composite-mrdpo4dg/progress.json", "JSON", 6, 0, 0, 0, 0, 0, 0, 0, 0, 0, 0, 0, 0, 0, 0, 0, 1, 7
"/Users/johndoe/Documents/company/video_ops/scripts/abstract_algebra_in_proof_assistant/04-set-equality/takes/take-mrbtjdup/pipeline/composite/composite-mrdpo4dg/remotion-visual-plan.json", "JSON", 57, 0, 0, 0, 0, 0, 0, 0, 0, 0, 0, 0, 0, 0, 0, 0, 1, 58
"/Users/johndoe/Documents/company/video_ops/scripts/abstract_algebra_in_proof_assistant/04-set-equality/takes/take-mrbtjdup/pipeline/composite/composite-mrdpo4dg/speech-alignment.json", "JSON", 264, 0, 0, 0, 0, 0, 0, 0, 0, 0, 0, 0, 0, 0, 0, 0, 1, 265
"/Users/johndoe/Documents/company/video_ops/scripts/abstract_algebra_in_proof_assistant/04-set-equality/takes/take-mrbtjdup/pipeline/composite/composite-mrdpo4dg/transcript.verbose.json", "JSON", 2236, 0, 0, 0, 0, 0, 0, 0, 0, 0, 0, 0, 0, 0, 0, 0, 1, 2237
"/Users/johndoe/Documents/company/video_ops/scripts/abstract_algebra_in_proof_assistant/04-set-equality/takes/take-mrbtjdup/pipeline/composite/composite-mrec55qa/animation-outdoor.json", "JSON", 535, 0, 0, 0, 0, 0, 0, 0, 0, 0, 0, 0, 0, 0, 0, 0, 1, 536
"/Users/johndoe/Documents/company/video_ops/scripts/abstract_algebra_in_proof_assistant/04-set-equality/takes/take-mrbtjdup/pipeline/composite/composite-mrec55qa/outdoor-manifest.json", "JSON", 340, 0, 0, 0, 0, 0, 0, 0, 0, 0, 0, 0, 0, 0, 0, 0, 1, 341
"/Users/johndoe/Documents/company/video_ops/scripts/abstract_algebra_in_proof_assistant/04-set-equality/takes/take-mrbtjdup/pipeline/composite/composite-mrec55qa/progress.json", "JSON", 6, 0, 0, 0, 0, 0, 0, 0, 0, 0, 0, 0, 0, 0, 0, 0, 1, 7
"/Users/johndoe/Documents/company/video_ops/scripts/abstract_algebra_in_proof_assistant/04-set-equality/takes/take-mrbtjdup/pipeline/composite/composite-mrec55qa/remotion-visual-plan.json", "JSON", 57, 0, 0, 0, 0, 0, 0, 0, 0, 0, 0, 0, 0, 0, 0, 0, 1, 58
"/Users/johndoe/Documents/company/video_ops/scripts/abstract_algebra_in_proof_assistant/04-set-equality/takes/take-mrbtjdup/pipeline/composite/composite-mrec55qa/speech-alignment.json", "JSON", 264, 0, 0, 0, 0, 0, 0, 0, 0, 0, 0, 0, 0, 0, 0, 0, 1, 265
"/Users/johndoe/Documents/company/video_ops/scripts/abstract_algebra_in_proof_assistant/04-set-equality/takes/take-mrbtjdup/pipeline/composite/composite-mrec55qa/transcript.verbose.json", "JSON", 2236, 0, 0, 0, 0, 0, 0, 0, 0, 0, 0, 0, 0, 0, 0, 0, 1, 2237
"/Users/johndoe/Documents/company/video_ops/scripts/abstract_algebra_in_proof_assistant/04-set-equality/takes/take-mrbtjdup/pipeline/cut/cut-mrdnt7ew/analysis.json", "JSON", 346, 0, 0, 0, 0, 0, 0, 0, 0, 0, 0, 0, 0, 0, 0, 0, 1, 347
"/Users/johndoe/Documents/company/video_ops/scripts/abstract_algebra_in_proof_assistant/04-set-equality/takes/take-mrbtjdup/pipeline/cut/cut-mrdnt7ew/cut-selection.json", "JSON", 15, 0, 0, 0, 0, 0, 0, 0, 0, 0, 0, 0, 0, 0, 0, 0, 1, 16
"/Users/johndoe/Documents/company/video_ops/scripts/abstract_algebra_in_proof_assistant/04-set-equality/takes/take-mrbtjdup/pipeline/cut/cut-mrdnt7ew/progress.json", "JSON", 6, 0, 0, 0, 0, 0, 0, 0, 0, 0, 0, 0, 0, 0, 0, 0, 1, 7
"/Users/johndoe/Documents/company/video_ops/scripts/abstract_algebra_in_proof_assistant/04-set-equality/takes/take-mrbtjdup/pipeline/cut/cut-mrdnt7ew/remotion-visual-plan.json", "JSON", 96, 0, 0, 0, 0, 0, 0, 0, 0, 0, 0, 0, 0, 0, 0, 0, 1, 97
"/Users/johndoe/Documents/company/video_ops/scripts/abstract_algebra_in_proof_assistant/04-set-equality/takes/take-mrbtjdup/pipeline/cut/cut-mrdnt7ew/transcript.verbose.json", "JSON", 2236, 0, 0, 0, 0, 0, 0, 0, 0, 0, 0, 0, 0, 0, 0, 0, 1, 2237
"/Users/johndoe/Documents/company/video_ops/scripts/abstract_algebra_in_proof_assistant/04-set-equality/takes/take-mrbtjdup/pipeline/social/social-mrdob26e/progress.json", "JSON", 6, 0, 0, 0, 0, 0, 0, 0, 0, 0, 0, 0, 0, 0, 0, 0, 1, 7
"/Users/johndoe/Documents/company/video_ops/scripts/abstract_algebra_in_proof_assistant/04-set-equality/takes/take-mrbtjdup/pipeline/social/social-mrdob26e/social-posts.json", "JSON", 72, 0, 0, 0, 0, 0, 0, 0, 0, 0, 0, 0, 0, 0, 0, 0, 1, 73
"/Users/johndoe/Documents/company/video_ops/scripts/abstract_algebra_in_proof_assistant/04-set-equality/takes/take-mrbtjdup/pipeline/social/social-mrdpvucd/progress.json", "JSON", 6, 0, 0, 0, 0, 0, 0, 0, 0, 0, 0, 0, 0, 0, 0, 0, 1, 7
"/Users/johndoe/Documents/company/video_ops/scripts/abstract_algebra_in_proof_assistant/04-set-equality/takes/take-mrbtjdup/pipeline/social/social-mrdpvucd/social-posts.json", "JSON", 72, 0, 0, 0, 0, 0, 0, 0, 0, 0, 0, 0, 0, 0, 0, 0, 1, 73
"/Users/johndoe/Documents/company/video_ops/scripts/abstract_algebra_in_proof_assistant/04-set-equality/takes/take-mrbtjdup/pipeline/social/social-mrecdsbl/progress.json", "JSON", 6, 0, 0, 0, 0, 0, 0, 0, 0, 0, 0, 0, 0, 0, 0, 0, 1, 7
"/Users/johndoe/Documents/company/video_ops/scripts/abstract_algebra_in_proof_assistant/04-set-equality/takes/take-mrbtjdup/pipeline/social/social-mrecdsbl/social-posts.json", "JSON", 72, 0, 0, 0, 0, 0, 0, 0, 0, 0, 0, 0, 0, 0, 0, 0, 1, 73
"/Users/johndoe/Documents/company/video_ops/scripts/abstract_algebra_in_proof_assistant/04-set-equality/takes/take-mrbtjdup/pipeline/social/social-mret314s/progress.json", "JSON", 6, 0, 0, 0, 0, 0, 0, 0, 0, 0, 0, 0, 0, 0, 0, 0, 1, 7
"/Users/johndoe/Documents/company/video_ops/scripts/abstract_algebra_in_proof_assistant/04-set-equality/takes/take-mrbtjdup/pipeline/social/social-mret314s/social-posts.json", "JSON", 73, 0, 0, 0, 0, 0, 0, 0, 0, 0, 0, 0, 0, 0, 0, 0, 1, 74
"/Users/johndoe/Documents/company/video_ops/scripts/abstract_algebra_in_proof_assistant/04-set-equality/takes/take-mrbtjdup/pipeline/stabilize/stabilize-mrsnzomq/progress.json", "JSON", 6, 0, 0, 0, 0, 0, 0, 0, 0, 0, 0, 0, 0, 0, 0, 0, 1, 7
"/Users/johndoe/Documents/company/video_ops/scripts/abstract_algebra_in_proof_assistant/04-set-equality/takes/take-mrbtjdup/pipeline/stabilize/stabilize-mrsnzomq/stage-run.log", "Log", 0, 0, 0, 0, 0, 0, 0, 0, 0, 0, 0, 2, 0, 0, 0, 0, 1, 3
"/Users/johndoe/Documents/company/video_ops/scripts/abstract_algebra_in_proof_assistant/04-set-equality/takes/take-mrbtjdup/publish-state.json", "JSON", 7, 0, 0, 0, 0, 0, 0, 0, 0, 0, 0, 0, 0, 0, 0, 0, 1, 8
"/Users/johndoe/Documents/company/video_ops/scripts/abstract_algebra_in_proof_assistant/04-set-equality/takes/take-mrbtjdup/take.json", "JSON", 43, 0, 0, 0, 0, 0, 0, 0, 0, 0, 0, 0, 0, 0, 0, 0, 1, 44
"/Users/johndoe/Documents/company/video_ops/scripts/abstract_algebra_in_proof_assistant/04-set-equality/takes/take-mrhjew5h/pipeline-status.json", "JSON", 35, 0, 0, 0, 0, 0, 0, 0, 0, 0, 0, 0, 0, 0, 0, 0, 1, 36
"/Users/johndoe/Documents/company/video_ops/scripts/abstract_algebra_in_proof_assistant/04-set-equality/takes/take-mrhjew5h/pipeline/cut/cut-mrhkgv5c/progress.json", "JSON", 6, 0, 0, 0, 0, 0, 0, 0, 0, 0, 0, 0, 0, 0, 0, 0, 1, 7
"/Users/johndoe/Documents/company/video_ops/scripts/abstract_algebra_in_proof_assistant/04-set-equality/takes/take-mrhjew5h/pipeline/cut/cut-mrhkriav/progress.json", "JSON", 6, 0, 0, 0, 0, 0, 0, 0, 0, 0, 0, 0, 0, 0, 0, 0, 1, 7
"/Users/johndoe/Documents/company/video_ops/scripts/abstract_algebra_in_proof_assistant/04-set-equality/takes/take-mrhjew5h/publish-state.json", "JSON", 7, 0, 0, 0, 0, 0, 0, 0, 0, 0, 0, 0, 0, 0, 0, 0, 1, 8
"/Users/johndoe/Documents/company/video_ops/scripts/abstract_algebra_in_proof_assistant/04-set-equality/takes/take-mrhjew5h/take.json", "JSON", 21, 0, 0, 0, 0, 0, 0, 0, 0, 0, 0, 0, 0, 0, 0, 0, 1, 22
"/Users/johndoe/Documents/company/video_ops/scripts/abstract_algebra_in_proof_assistant/04-set-equality/takes/take-mrhmharr/agent.log", "Log", 0, 0, 0, 0, 0, 0, 0, 0, 0, 0, 0, 78, 0, 0, 0, 0, 1, 79
"/Users/johndoe/Documents/company/video_ops/scripts/abstract_algebra_in_proof_assistant/04-set-equality/takes/take-mrhmharr/pipeline-status.json", "JSON", 535, 0, 0, 0, 0, 0, 0, 0, 0, 0, 0, 0, 0, 0, 0, 0, 1, 536
"/Users/johndoe/Documents/company/video_ops/scripts/abstract_algebra_in_proof_assistant/04-set-equality/takes/take-mrhmharr/pipeline/align/align-mrhnk9qr/align-mode.json", "JSON", 4, 0, 0, 0, 0, 0, 0, 0, 0, 0, 0, 0, 0, 0, 0, 0, 1, 5
"/Users/johndoe/Documents/company/video_ops/scripts/abstract_algebra_in_proof_assistant/04-set-equality/takes/take-mrhmharr/pipeline/align/align-mrhnk9qr/animation-outdoor.json", "JSON", 320, 0, 0, 0, 0, 0, 0, 0, 0, 0, 0, 0, 0, 0, 0, 0, 1, 321
"/Users/johndoe/Documents/company/video_ops/scripts/abstract_algebra_in_proof_assistant/04-set-equality/takes/take-mrhmharr/pipeline/align/align-mrhnk9qr/progress.json", "JSON", 6, 0, 0, 0, 0, 0, 0, 0, 0, 0, 0, 0, 0, 0, 0, 0, 1, 7
"/Users/johndoe/Documents/company/video_ops/scripts/abstract_algebra_in_proof_assistant/04-set-equality/takes/take-mrhmharr/pipeline/align/align-mrhnk9qr/remotion-visual-plan.json", "JSON", 57, 0, 0, 0, 0, 0, 0, 0, 0, 0, 0, 0, 0, 0, 0, 0, 1, 58
"/Users/johndoe/Documents/company/video_ops/scripts/abstract_algebra_in_proof_assistant/04-set-equality/takes/take-mrhmharr/pipeline/align/align-mrhnk9qr/speech-alignment.json", "JSON", 67, 0, 0, 0, 0, 0, 0, 0, 0, 0, 0, 0, 0, 0, 0, 0, 1, 68
"/Users/johndoe/Documents/company/video_ops/scripts/abstract_algebra_in_proof_assistant/04-set-equality/takes/take-mrhmharr/pipeline/align/align-mrhnk9qr/stage-run.log", "Log", 0, 0, 0, 0, 0, 0, 0, 0, 0, 0, 0, 10, 0, 0, 0, 0, 2, 12
"/Users/johndoe/Documents/company/video_ops/scripts/abstract_algebra_in_proof_assistant/04-set-equality/takes/take-mrhmharr/pipeline/align/align-mrhsxdsy/align-mode.json", "JSON", 4, 0, 0, 0, 0, 0, 0, 0, 0, 0, 0, 0, 0, 0, 0, 0, 1, 5
"/Users/johndoe/Documents/company/video_ops/scripts/abstract_algebra_in_proof_assistant/04-set-equality/takes/take-mrhmharr/pipeline/align/align-mrhsxdsy/animation-outdoor.json", "JSON", 320, 0, 0, 0, 0, 0, 0, 0, 0, 0, 0, 0, 0, 0, 0, 0, 1, 321
"/Users/johndoe/Documents/company/video_ops/scripts/abstract_algebra_in_proof_assistant/04-set-equality/takes/take-mrhmharr/pipeline/align/align-mrhsxdsy/progress.json", "JSON", 6, 0, 0, 0, 0, 0, 0, 0, 0, 0, 0, 0, 0, 0, 0, 0, 1, 7
"/Users/johndoe/Documents/company/video_ops/scripts/abstract_algebra_in_proof_assistant/04-set-equality/takes/take-mrhmharr/pipeline/align/align-mrhsxdsy/remotion-visual-plan.json", "JSON", 57, 0, 0, 0, 0, 0, 0, 0, 0, 0, 0, 0, 0, 0, 0, 0, 1, 58
"/Users/johndoe/Documents/company/video_ops/scripts/abstract_algebra_in_proof_assistant/04-set-equality/takes/take-mrhmharr/pipeline/align/align-mrhsxdsy/speech-alignment.json", "JSON", 67, 0, 0, 0, 0, 0, 0, 0, 0, 0, 0, 0, 0, 0, 0, 0, 1, 68
"/Users/johndoe/Documents/company/video_ops/scripts/abstract_algebra_in_proof_assistant/04-set-equality/takes/take-mrhmharr/pipeline/align/align-mrhsxdsy/stage-run.log", "Log", 0, 0, 0, 0, 0, 0, 0, 0, 0, 0, 0, 10, 0, 0, 0, 0, 2, 12
"/Users/johndoe/Documents/company/video_ops/scripts/abstract_algebra_in_proof_assistant/04-set-equality/takes/take-mrhmharr/pipeline/align/align-mrhvy8m9/align-mode.json", "JSON", 4, 0, 0, 0, 0, 0, 0, 0, 0, 0, 0, 0, 0, 0, 0, 0, 1, 5
"/Users/johndoe/Documents/company/video_ops/scripts/abstract_algebra_in_proof_assistant/04-set-equality/takes/take-mrhmharr/pipeline/align/align-mrhvy8m9/animation-outdoor.json", "JSON", 320, 0, 0, 0, 0, 0, 0, 0, 0, 0, 0, 0, 0, 0, 0, 0, 1, 321
"/Users/johndoe/Documents/company/video_ops/scripts/abstract_algebra_in_proof_assistant/04-set-equality/takes/take-mrhmharr/pipeline/align/align-mrhvy8m9/progress.json", "JSON", 6, 0, 0, 0, 0, 0, 0, 0, 0, 0, 0, 0, 0, 0, 0, 0, 1, 7
"/Users/johndoe/Documents/company/video_ops/scripts/abstract_algebra_in_proof_assistant/04-set-equality/takes/take-mrhmharr/pipeline/align/align-mrhvy8m9/remotion-visual-plan.json", "JSON", 57, 0, 0, 0, 0, 0, 0, 0, 0, 0, 0, 0, 0, 0, 0, 0, 1, 58
"/Users/johndoe/Documents/company/video_ops/scripts/abstract_algebra_in_proof_assistant/04-set-equality/takes/take-mrhmharr/pipeline/align/align-mrhvy8m9/speech-alignment.json", "JSON", 67, 0, 0, 0, 0, 0, 0, 0, 0, 0, 0, 0, 0, 0, 0, 0, 1, 68
"/Users/johndoe/Documents/company/video_ops/scripts/abstract_algebra_in_proof_assistant/04-set-equality/takes/take-mrhmharr/pipeline/align/align-mrhvy8m9/stage-run.log", "Log", 0, 0, 0, 0, 0, 0, 0, 0, 0, 0, 0, 10, 0, 0, 0, 0, 2, 12
"/Users/johndoe/Documents/company/video_ops/scripts/abstract_algebra_in_proof_assistant/04-set-equality/takes/take-mrhmharr/pipeline/align/align-mrhvy8m9/transcript.verbose.json", "JSON", 4791, 0, 0, 0, 0, 0, 0, 0, 0, 0, 0, 0, 0, 0, 0, 0, 1, 4792
"/Users/johndoe/Documents/company/video_ops/scripts/abstract_algebra_in_proof_assistant/04-set-equality/takes/take-mrhmharr/pipeline/align/align-mrhvy8mh/align-mode.json", "JSON", 4, 0, 0, 0, 0, 0, 0, 0, 0, 0, 0, 0, 0, 0, 0, 0, 1, 5
"/Users/johndoe/Documents/company/video_ops/scripts/abstract_algebra_in_proof_assistant/04-set-equality/takes/take-mrhmharr/pipeline/align/align-mrhvy8mh/animation-outdoor.json", "JSON", 320, 0, 0, 0, 0, 0, 0, 0, 0, 0, 0, 0, 0, 0, 0, 0, 1, 321
"/Users/johndoe/Documents/company/video_ops/scripts/abstract_algebra_in_proof_assistant/04-set-equality/takes/take-mrhmharr/pipeline/align/align-mrhvy8mh/progress.json", "JSON", 6, 0, 0, 0, 0, 0, 0, 0, 0, 0, 0, 0, 0, 0, 0, 0, 1, 7
"/Users/johndoe/Documents/company/video_ops/scripts/abstract_algebra_in_proof_assistant/04-set-equality/takes/take-mrhmharr/pipeline/align/align-mrhvy8mh/remotion-visual-plan.json", "JSON", 57, 0, 0, 0, 0, 0, 0, 0, 0, 0, 0, 0, 0, 0, 0, 0, 1, 58
"/Users/johndoe/Documents/company/video_ops/scripts/abstract_algebra_in_proof_assistant/04-set-equality/takes/take-mrhmharr/pipeline/align/align-mrhvy8mh/speech-alignment.json", "JSON", 67, 0, 0, 0, 0, 0, 0, 0, 0, 0, 0, 0, 0, 0, 0, 0, 1, 68
"/Users/johndoe/Documents/company/video_ops/scripts/abstract_algebra_in_proof_assistant/04-set-equality/takes/take-mrhmharr/pipeline/align/align-mrhvy8mh/stage-run.log", "Log", 0, 0, 0, 0, 0, 0, 0, 0, 0, 0, 0, 10, 0, 0, 0, 0, 2, 12
"/Users/johndoe/Documents/company/video_ops/scripts/abstract_algebra_in_proof_assistant/04-set-equality/takes/take-mrhmharr/pipeline/align/align-mrhvy8mh/transcript.verbose.json", "JSON", 4791, 0, 0, 0, 0, 0, 0, 0, 0, 0, 0, 0, 0, 0, 0, 0, 1, 4792
"/Users/johndoe/Documents/company/video_ops/scripts/abstract_algebra_in_proof_assistant/04-set-equality/takes/take-mrhmharr/pipeline/align/align-mrhybyfb/align-mode.json", "JSON", 4, 0, 0, 0, 0, 0, 0, 0, 0, 0, 0, 0, 0, 0, 0, 0, 1, 5
"/Users/johndoe/Documents/company/video_ops/scripts/abstract_algebra_in_proof_assistant/04-set-equality/takes/take-mrhmharr/pipeline/align/align-mrhybyfb/animation-outdoor.json", "JSON", 320, 0, 0, 0, 0, 0, 0, 0, 0, 0, 0, 0, 0, 0, 0, 0, 1, 321
"/Users/johndoe/Documents/company/video_ops/scripts/abstract_algebra_in_proof_assistant/04-set-equality/takes/take-mrhmharr/pipeline/align/align-mrhybyfb/progress.json", "JSON", 6, 0, 0, 0, 0, 0, 0, 0, 0, 0, 0, 0, 0, 0, 0, 0, 1, 7
"/Users/johndoe/Documents/company/video_ops/scripts/abstract_algebra_in_proof_assistant/04-set-equality/takes/take-mrhmharr/pipeline/align/align-mrhybyfb/remotion-visual-plan.json", "JSON", 57, 0, 0, 0, 0, 0, 0, 0, 0, 0, 0, 0, 0, 0, 0, 0, 1, 58
"/Users/johndoe/Documents/company/video_ops/scripts/abstract_algebra_in_proof_assistant/04-set-equality/takes/take-mrhmharr/pipeline/align/align-mrhybyfb/speech-alignment.json", "JSON", 67, 0, 0, 0, 0, 0, 0, 0, 0, 0, 0, 0, 0, 0, 0, 0, 1, 68
"/Users/johndoe/Documents/company/video_ops/scripts/abstract_algebra_in_proof_assistant/04-set-equality/takes/take-mrhmharr/pipeline/align/align-mrhybyfb/stage-run.log", "Log", 0, 0, 0, 0, 0, 0, 0, 0, 0, 0, 0, 10, 0, 0, 0, 0, 2, 12
"/Users/johndoe/Documents/company/video_ops/scripts/abstract_algebra_in_proof_assistant/04-set-equality/takes/take-mrhmharr/pipeline/align/align-mrhybyfb/transcript.verbose.json", "JSON", 4791, 0, 0, 0, 0, 0, 0, 0, 0, 0, 0, 0, 0, 0, 0, 0, 1, 4792
"/Users/johndoe/Documents/company/video_ops/scripts/abstract_algebra_in_proof_assistant/04-set-equality/takes/take-mrhmharr/pipeline/align/align-mrikvosb/align-mode.json", "JSON", 4, 0, 0, 0, 0, 0, 0, 0, 0, 0, 0, 0, 0, 0, 0, 0, 1, 5
"/Users/johndoe/Documents/company/video_ops/scripts/abstract_algebra_in_proof_assistant/04-set-equality/takes/take-mrhmharr/pipeline/align/align-mrikvosb/animation-outdoor.json", "JSON", 320, 0, 0, 0, 0, 0, 0, 0, 0, 0, 0, 0, 0, 0, 0, 0, 1, 321
"/Users/johndoe/Documents/company/video_ops/scripts/abstract_algebra_in_proof_assistant/04-set-equality/takes/take-mrhmharr/pipeline/align/align-mrikvosb/progress.json", "JSON", 6, 0, 0, 0, 0, 0, 0, 0, 0, 0, 0, 0, 0, 0, 0, 0, 1, 7
"/Users/johndoe/Documents/company/video_ops/scripts/abstract_algebra_in_proof_assistant/04-set-equality/takes/take-mrhmharr/pipeline/align/align-mrikvosb/remotion-visual-plan.json", "JSON", 57, 0, 0, 0, 0, 0, 0, 0, 0, 0, 0, 0, 0, 0, 0, 0, 1, 58
"/Users/johndoe/Documents/company/video_ops/scripts/abstract_algebra_in_proof_assistant/04-set-equality/takes/take-mrhmharr/pipeline/align/align-mrikvosb/speech-alignment.json", "JSON", 67, 0, 0, 0, 0, 0, 0, 0, 0, 0, 0, 0, 0, 0, 0, 0, 1, 68
"/Users/johndoe/Documents/company/video_ops/scripts/abstract_algebra_in_proof_assistant/04-set-equality/takes/take-mrhmharr/pipeline/align/align-mrikvosb/stage-run.log", "Log", 0, 0, 0, 0, 0, 0, 0, 0, 0, 0, 0, 10, 0, 0, 0, 0, 2, 12
"/Users/johndoe/Documents/company/video_ops/scripts/abstract_algebra_in_proof_assistant/04-set-equality/takes/take-mrhmharr/pipeline/align/align-mrikvosb/transcript.verbose.json", "JSON", 4791, 0, 0, 0, 0, 0, 0, 0, 0, 0, 0, 0, 0, 0, 0, 0, 1, 4792
"/Users/johndoe/Documents/company/video_ops/scripts/abstract_algebra_in_proof_assistant/04-set-equality/takes/take-mrhmharr/pipeline/align/align-mriqlk4y/align-mode.json", "JSON", 4, 0, 0, 0, 0, 0, 0, 0, 0, 0, 0, 0, 0, 0, 0, 0, 1, 5
"/Users/johndoe/Documents/company/video_ops/scripts/abstract_algebra_in_proof_assistant/04-set-equality/takes/take-mrhmharr/pipeline/align/align-mriqlk4y/animation-outdoor.json", "JSON", 320, 0, 0, 0, 0, 0, 0, 0, 0, 0, 0, 0, 0, 0, 0, 0, 1, 321
"/Users/johndoe/Documents/company/video_ops/scripts/abstract_algebra_in_proof_assistant/04-set-equality/takes/take-mrhmharr/pipeline/align/align-mriqlk4y/progress.json", "JSON", 6, 0, 0, 0, 0, 0, 0, 0, 0, 0, 0, 0, 0, 0, 0, 0, 1, 7
"/Users/johndoe/Documents/company/video_ops/scripts/abstract_algebra_in_proof_assistant/04-set-equality/takes/take-mrhmharr/pipeline/align/align-mriqlk4y/remotion-visual-plan.json", "JSON", 57, 0, 0, 0, 0, 0, 0, 0, 0, 0, 0, 0, 0, 0, 0, 0, 1, 58
"/Users/johndoe/Documents/company/video_ops/scripts/abstract_algebra_in_proof_assistant/04-set-equality/takes/take-mrhmharr/pipeline/align/align-mriqlk4y/speech-alignment.json", "JSON", 67, 0, 0, 0, 0, 0, 0, 0, 0, 0, 0, 0, 0, 0, 0, 0, 1, 68
"/Users/johndoe/Documents/company/video_ops/scripts/abstract_algebra_in_proof_assistant/04-set-equality/takes/take-mrhmharr/pipeline/align/align-mriqlk4y/stage-run.log", "Log", 0, 0, 0, 0, 0, 0, 0, 0, 0, 0, 0, 10, 0, 0, 0, 0, 2, 12
"/Users/johndoe/Documents/company/video_ops/scripts/abstract_algebra_in_proof_assistant/04-set-equality/takes/take-mrhmharr/pipeline/align/align-mriqlk4y/transcript.verbose.json", "JSON", 4791, 0, 0, 0, 0, 0, 0, 0, 0, 0, 0, 0, 0, 0, 0, 0, 1, 4792
"/Users/johndoe/Documents/company/video_ops/scripts/abstract_algebra_in_proof_assistant/04-set-equality/takes/take-mrhmharr/pipeline/align/align-mriqztv5/align-mode.json", "JSON", 4, 0, 0, 0, 0, 0, 0, 0, 0, 0, 0, 0, 0, 0, 0, 0, 1, 5
"/Users/johndoe/Documents/company/video_ops/scripts/abstract_algebra_in_proof_assistant/04-set-equality/takes/take-mrhmharr/pipeline/align/align-mriqztv5/animation-outdoor.json", "JSON", 320, 0, 0, 0, 0, 0, 0, 0, 0, 0, 0, 0, 0, 0, 0, 0, 1, 321
"/Users/johndoe/Documents/company/video_ops/scripts/abstract_algebra_in_proof_assistant/04-set-equality/takes/take-mrhmharr/pipeline/align/align-mriqztv5/progress.json", "JSON", 6, 0, 0, 0, 0, 0, 0, 0, 0, 0, 0, 0, 0, 0, 0, 0, 1, 7
"/Users/johndoe/Documents/company/video_ops/scripts/abstract_algebra_in_proof_assistant/04-set-equality/takes/take-mrhmharr/pipeline/align/align-mriqztv5/remotion-visual-plan.json", "JSON", 57, 0, 0, 0, 0, 0, 0, 0, 0, 0, 0, 0, 0, 0, 0, 0, 1, 58
"/Users/johndoe/Documents/company/video_ops/scripts/abstract_algebra_in_proof_assistant/04-set-equality/takes/take-mrhmharr/pipeline/align/align-mriqztv5/speech-alignment.json", "JSON", 67, 0, 0, 0, 0, 0, 0, 0, 0, 0, 0, 0, 0, 0, 0, 0, 1, 68
"/Users/johndoe/Documents/company/video_ops/scripts/abstract_algebra_in_proof_assistant/04-set-equality/takes/take-mrhmharr/pipeline/align/align-mriqztv5/stage-run.log", "Log", 0, 0, 0, 0, 0, 0, 0, 0, 0, 0, 0, 10, 0, 0, 0, 0, 2, 12
"/Users/johndoe/Documents/company/video_ops/scripts/abstract_algebra_in_proof_assistant/04-set-equality/takes/take-mrhmharr/pipeline/align/align-mriqztv5/transcript.verbose.json", "JSON", 4791, 0, 0, 0, 0, 0, 0, 0, 0, 0, 0, 0, 0, 0, 0, 0, 1, 4792
"/Users/johndoe/Documents/company/video_ops/scripts/abstract_algebra_in_proof_assistant/04-set-equality/takes/take-mrhmharr/pipeline/align/align-mrir2x3u/align-mode.json", "JSON", 4, 0, 0, 0, 0, 0, 0, 0, 0, 0, 0, 0, 0, 0, 0, 0, 1, 5
"/Users/johndoe/Documents/company/video_ops/scripts/abstract_algebra_in_proof_assistant/04-set-equality/takes/take-mrhmharr/pipeline/align/align-mrir2x3u/animation-outdoor.json", "JSON", 320, 0, 0, 0, 0, 0, 0, 0, 0, 0, 0, 0, 0, 0, 0, 0, 1, 321
"/Users/johndoe/Documents/company/video_ops/scripts/abstract_algebra_in_proof_assistant/04-set-equality/takes/take-mrhmharr/pipeline/align/align-mrir2x3u/progress.json", "JSON", 6, 0, 0, 0, 0, 0, 0, 0, 0, 0, 0, 0, 0, 0, 0, 0, 1, 7
"/Users/johndoe/Documents/company/video_ops/scripts/abstract_algebra_in_proof_assistant/04-set-equality/takes/take-mrhmharr/pipeline/align/align-mrir2x3u/remotion-visual-plan.json", "JSON", 57, 0, 0, 0, 0, 0, 0, 0, 0, 0, 0, 0, 0, 0, 0, 0, 1, 58
"/Users/johndoe/Documents/company/video_ops/scripts/abstract_algebra_in_proof_assistant/04-set-equality/takes/take-mrhmharr/pipeline/align/align-mrir2x3u/speech-alignment.json", "JSON", 67, 0, 0, 0, 0, 0, 0, 0, 0, 0, 0, 0, 0, 0, 0, 0, 1, 68
"/Users/johndoe/Documents/company/video_ops/scripts/abstract_algebra_in_proof_assistant/04-set-equality/takes/take-mrhmharr/pipeline/align/align-mrir2x3u/stage-run.log", "Log", 0, 0, 0, 0, 0, 0, 0, 0, 0, 0, 0, 10, 0, 0, 0, 0, 2, 12
"/Users/johndoe/Documents/company/video_ops/scripts/abstract_algebra_in_proof_assistant/04-set-equality/takes/take-mrhmharr/pipeline/align/align-mrir2x3u/transcript.verbose.json", "JSON", 4791, 0, 0, 0, 0, 0, 0, 0, 0, 0, 0, 0, 0, 0, 0, 0, 1, 4792
"/Users/johndoe/Documents/company/video_ops/scripts/abstract_algebra_in_proof_assistant/04-set-equality/takes/take-mrhmharr/pipeline/align/align-mrir2ybu/align-mode.json", "JSON", 4, 0, 0, 0, 0, 0, 0, 0, 0, 0, 0, 0, 0, 0, 0, 0, 1, 5
"/Users/johndoe/Documents/company/video_ops/scripts/abstract_algebra_in_proof_assistant/04-set-equality/takes/take-mrhmharr/pipeline/align/align-mrir2ybu/animation-outdoor.json", "JSON", 320, 0, 0, 0, 0, 0, 0, 0, 0, 0, 0, 0, 0, 0, 0, 0, 1, 321
"/Users/johndoe/Documents/company/video_ops/scripts/abstract_algebra_in_proof_assistant/04-set-equality/takes/take-mrhmharr/pipeline/align/align-mrir2ybu/progress.json", "JSON", 6, 0, 0, 0, 0, 0, 0, 0, 0, 0, 0, 0, 0, 0, 0, 0, 1, 7
"/Users/johndoe/Documents/company/video_ops/scripts/abstract_algebra_in_proof_assistant/04-set-equality/takes/take-mrhmharr/pipeline/align/align-mrir2ybu/remotion-visual-plan.json", "JSON", 57, 0, 0, 0, 0, 0, 0, 0, 0, 0, 0, 0, 0, 0, 0, 0, 1, 58
"/Users/johndoe/Documents/company/video_ops/scripts/abstract_algebra_in_proof_assistant/04-set-equality/takes/take-mrhmharr/pipeline/align/align-mrir2ybu/speech-alignment.json", "JSON", 67, 0, 0, 0, 0, 0, 0, 0, 0, 0, 0, 0, 0, 0, 0, 0, 1, 68
"/Users/johndoe/Documents/company/video_ops/scripts/abstract_algebra_in_proof_assistant/04-set-equality/takes/take-mrhmharr/pipeline/align/align-mrir2ybu/stage-run.log", "Log", 0, 0, 0, 0, 0, 0, 0, 0, 0, 0, 0, 10, 0, 0, 0, 0, 2, 12
"/Users/johndoe/Documents/company/video_ops/scripts/abstract_algebra_in_proof_assistant/04-set-equality/takes/take-mrhmharr/pipeline/align/align-mrir2ybu/transcript.verbose.json", "JSON", 4791, 0, 0, 0, 0, 0, 0, 0, 0, 0, 0, 0, 0, 0, 0, 0, 1, 4792
"/Users/johndoe/Documents/company/video_ops/scripts/abstract_algebra_in_proof_assistant/04-set-equality/takes/take-mrhmharr/pipeline/align/align-mrirbwx5/align-layout.json", "JSON", 40, 0, 0, 0, 0, 0, 0, 0, 0, 0, 0, 0, 0, 0, 0, 0, 1, 41
"/Users/johndoe/Documents/company/video_ops/scripts/abstract_algebra_in_proof_assistant/04-set-equality/takes/take-mrhmharr/pipeline/align/align-mrirbwx5/align-mode.json", "JSON", 4, 0, 0, 0, 0, 0, 0, 0, 0, 0, 0, 0, 0, 0, 0, 0, 1, 5
"/Users/johndoe/Documents/company/video_ops/scripts/abstract_algebra_in_proof_assistant/04-set-equality/takes/take-mrhmharr/pipeline/align/align-mrirbwx5/animation-outdoor.json", "JSON", 356, 0, 0, 0, 0, 0, 0, 0, 0, 0, 0, 0, 0, 0, 0, 0, 1, 357
"/Users/johndoe/Documents/company/video_ops/scripts/abstract_algebra_in_proof_assistant/04-set-equality/takes/take-mrhmharr/pipeline/align/align-mrirbwx5/progress.json", "JSON", 6, 0, 0, 0, 0, 0, 0, 0, 0, 0, 0, 0, 0, 0, 0, 0, 1, 7
"/Users/johndoe/Documents/company/video_ops/scripts/abstract_algebra_in_proof_assistant/04-set-equality/takes/take-mrhmharr/pipeline/align/align-mrirbwx5/remotion-visual-plan.json", "JSON", 57, 0, 0, 0, 0, 0, 0, 0, 0, 0, 0, 0, 0, 0, 0, 0, 1, 58
"/Users/johndoe/Documents/company/video_ops/scripts/abstract_algebra_in_proof_assistant/04-set-equality/takes/take-mrhmharr/pipeline/align/align-mrirbwx5/speech-alignment.json", "JSON", 67, 0, 0, 0, 0, 0, 0, 0, 0, 0, 0, 0, 0, 0, 0, 0, 1, 68
"/Users/johndoe/Documents/company/video_ops/scripts/abstract_algebra_in_proof_assistant/04-set-equality/takes/take-mrhmharr/pipeline/align/align-mrirbwx5/stage-run.log", "Log", 0, 0, 0, 0, 0, 0, 0, 0, 0, 0, 0, 10, 0, 0, 0, 0, 2, 12
"/Users/johndoe/Documents/company/video_ops/scripts/abstract_algebra_in_proof_assistant/04-set-equality/takes/take-mrhmharr/pipeline/align/align-mrirbwx5/transcript.verbose.json", "JSON", 4791, 0, 0, 0, 0, 0, 0, 0, 0, 0, 0, 0, 0, 0, 0, 0, 1, 4792
"/Users/johndoe/Documents/company/video_ops/scripts/abstract_algebra_in_proof_assistant/04-set-equality/takes/take-mrhmharr/pipeline/align/align-mritvyxm/align-mode.json", "JSON", 4, 0, 0, 0, 0, 0, 0, 0, 0, 0, 0, 0, 0, 0, 0, 0, 1, 5
"/Users/johndoe/Documents/company/video_ops/scripts/abstract_algebra_in_proof_assistant/04-set-equality/takes/take-mrhmharr/pipeline/align/align-mritvyxm/animation-outdoor.json", "JSON", 464, 0, 0, 0, 0, 0, 0, 0, 0, 0, 0, 0, 0, 0, 0, 0, 1, 465
"/Users/johndoe/Documents/company/video_ops/scripts/abstract_algebra_in_proof_assistant/04-set-equality/takes/take-mrhmharr/pipeline/align/align-mritvyxm/cut-good-intervals.json", "JSON", 126, 0, 0, 0, 0, 0, 0, 0, 0, 0, 0, 0, 0, 0, 0, 0, 1, 127
"/Users/johndoe/Documents/company/video_ops/scripts/abstract_algebra_in_proof_assistant/04-set-equality/takes/take-mrhmharr/pipeline/align/align-mritvyxm/progress.json", "JSON", 6, 0, 0, 0, 0, 0, 0, 0, 0, 0, 0, 0, 0, 0, 0, 0, 1, 7
"/Users/johndoe/Documents/company/video_ops/scripts/abstract_algebra_in_proof_assistant/04-set-equality/takes/take-mrhmharr/pipeline/align/align-mritvyxm/remotion-visual-plan.json", "JSON", 57, 0, 0, 0, 0, 0, 0, 0, 0, 0, 0, 0, 0, 0, 0, 0, 1, 58
"/Users/johndoe/Documents/company/video_ops/scripts/abstract_algebra_in_proof_assistant/04-set-equality/takes/take-mrhmharr/pipeline/align/align-mritvyxm/speech-alignment.json", "JSON", 67, 0, 0, 0, 0, 0, 0, 0, 0, 0, 0, 0, 0, 0, 0, 0, 1, 68
"/Users/johndoe/Documents/company/video_ops/scripts/abstract_algebra_in_proof_assistant/04-set-equality/takes/take-mrhmharr/pipeline/align/align-mritvyxm/stage-run.log", "Log", 0, 0, 0, 0, 0, 0, 0, 0, 0, 0, 0, 10, 0, 0, 0, 0, 2, 12
"/Users/johndoe/Documents/company/video_ops/scripts/abstract_algebra_in_proof_assistant/04-set-equality/takes/take-mrhmharr/pipeline/align/align-mritvyxm/transcript.verbose.json", "JSON", 4791, 0, 0, 0, 0, 0, 0, 0, 0, 0, 0, 0, 0, 0, 0, 0, 1, 4792
"/Users/johndoe/Documents/company/video_ops/scripts/abstract_algebra_in_proof_assistant/04-set-equality/takes/take-mrhmharr/pipeline/align/align-mrizil4a/align-mode.json", "JSON", 4, 0, 0, 0, 0, 0, 0, 0, 0, 0, 0, 0, 0, 0, 0, 0, 1, 5
"/Users/johndoe/Documents/company/video_ops/scripts/abstract_algebra_in_proof_assistant/04-set-equality/takes/take-mrhmharr/pipeline/align/align-mrizil4a/animation-outdoor.json", "JSON", 687, 0, 0, 0, 0, 0, 0, 0, 0, 0, 0, 0, 0, 0, 0, 0, 1, 688
"/Users/johndoe/Documents/company/video_ops/scripts/abstract_algebra_in_proof_assistant/04-set-equality/takes/take-mrhmharr/pipeline/align/align-mrizil4a/cut-good-intervals.json", "JSON", 118, 0, 0, 0, 0, 0, 0, 0, 0, 0, 0, 0, 0, 0, 0, 0, 1, 119
"/Users/johndoe/Documents/company/video_ops/scripts/abstract_algebra_in_proof_assistant/04-set-equality/takes/take-mrhmharr/pipeline/align/align-mrizil4a/progress.json", "JSON", 6, 0, 0, 0, 0, 0, 0, 0, 0, 0, 0, 0, 0, 0, 0, 0, 1, 7
"/Users/johndoe/Documents/company/video_ops/scripts/abstract_algebra_in_proof_assistant/04-set-equality/takes/take-mrhmharr/pipeline/align/align-mrizil4a/remotion-visual-plan.json", "JSON", 57, 0, 0, 0, 0, 0, 0, 0, 0, 0, 0, 0, 0, 0, 0, 0, 1, 58
"/Users/johndoe/Documents/company/video_ops/scripts/abstract_algebra_in_proof_assistant/04-set-equality/takes/take-mrhmharr/pipeline/align/align-mrizil4a/speech-alignment.json", "JSON", 67, 0, 0, 0, 0, 0, 0, 0, 0, 0, 0, 0, 0, 0, 0, 0, 1, 68
"/Users/johndoe/Documents/company/video_ops/scripts/abstract_algebra_in_proof_assistant/04-set-equality/takes/take-mrhmharr/pipeline/align/align-mrizil4a/stage-run.log", "Log", 0, 0, 0, 0, 0, 0, 0, 0, 0, 0, 0, 10, 0, 0, 0, 0, 2, 12
"/Users/johndoe/Documents/company/video_ops/scripts/abstract_algebra_in_proof_assistant/04-set-equality/takes/take-mrhmharr/pipeline/align/align-mrizil4a/transcript.verbose.json", "JSON", 4791, 0, 0, 0, 0, 0, 0, 0, 0, 0, 0, 0, 0, 0, 0, 0, 1, 4792
"/Users/johndoe/Documents/company/video_ops/scripts/abstract_algebra_in_proof_assistant/04-set-equality/takes/take-mrhmharr/pipeline/align/align-mrj4ogj0/align-mode.json", "JSON", 4, 0, 0, 0, 0, 0, 0, 0, 0, 0, 0, 0, 0, 0, 0, 0, 1, 5
"/Users/johndoe/Documents/company/video_ops/scripts/abstract_algebra_in_proof_assistant/04-set-equality/takes/take-mrhmharr/pipeline/align/align-mrj4ogj0/animation-outdoor.json", "JSON", 683, 0, 0, 0, 0, 0, 0, 0, 0, 0, 0, 0, 0, 0, 0, 0, 1, 684
"/Users/johndoe/Documents/company/video_ops/scripts/abstract_algebra_in_proof_assistant/04-set-equality/takes/take-mrhmharr/pipeline/align/align-mrj4ogj0/cut-good-intervals.json", "JSON", 122, 0, 0, 0, 0, 0, 0, 0, 0, 0, 0, 0, 0, 0, 0, 0, 1, 123
"/Users/johndoe/Documents/company/video_ops/scripts/abstract_algebra_in_proof_assistant/04-set-equality/takes/take-mrhmharr/pipeline/align/align-mrj4ogj0/progress.json", "JSON", 6, 0, 0, 0, 0, 0, 0, 0, 0, 0, 0, 0, 0, 0, 0, 0, 1, 7
"/Users/johndoe/Documents/company/video_ops/scripts/abstract_algebra_in_proof_assistant/04-set-equality/takes/take-mrhmharr/pipeline/align/align-mrj4ogj0/remotion-visual-plan.json", "JSON", 57, 0, 0, 0, 0, 0, 0, 0, 0, 0, 0, 0, 0, 0, 0, 0, 1, 58
"/Users/johndoe/Documents/company/video_ops/scripts/abstract_algebra_in_proof_assistant/04-set-equality/takes/take-mrhmharr/pipeline/align/align-mrj4ogj0/speech-alignment.json", "JSON", 67, 0, 0, 0, 0, 0, 0, 0, 0, 0, 0, 0, 0, 0, 0, 0, 1, 68
"/Users/johndoe/Documents/company/video_ops/scripts/abstract_algebra_in_proof_assistant/04-set-equality/takes/take-mrhmharr/pipeline/align/align-mrj4ogj0/stage-run.log", "Log", 0, 0, 0, 0, 0, 0, 0, 0, 0, 0, 0, 10, 0, 0, 0, 0, 2, 12
"/Users/johndoe/Documents/company/video_ops/scripts/abstract_algebra_in_proof_assistant/04-set-equality/takes/take-mrhmharr/pipeline/align/align-mrj4ogj0/transcript.verbose.json", "JSON", 4791, 0, 0, 0, 0, 0, 0, 0, 0, 0, 0, 0, 0, 0, 0, 0, 1, 4792
"/Users/johndoe/Documents/company/video_ops/scripts/abstract_algebra_in_proof_assistant/04-set-equality/takes/take-mrhmharr/pipeline/align/align-mrj4xibp/align-mode.json", "JSON", 4, 0, 0, 0, 0, 0, 0, 0, 0, 0, 0, 0, 0, 0, 0, 0, 1, 5
"/Users/johndoe/Documents/company/video_ops/scripts/abstract_algebra_in_proof_assistant/04-set-equality/takes/take-mrhmharr/pipeline/align/align-mrj4xibp/animation-outdoor.json", "JSON", 677, 0, 0, 0, 0, 0, 0, 0, 0, 0, 0, 0, 0, 0, 0, 0, 1, 678
"/Users/johndoe/Documents/company/video_ops/scripts/abstract_algebra_in_proof_assistant/04-set-equality/takes/take-mrhmharr/pipeline/align/align-mrj4xibp/cut-good-intervals.json", "JSON", 118, 0, 0, 0, 0, 0, 0, 0, 0, 0, 0, 0, 0, 0, 0, 0, 1, 119
"/Users/johndoe/Documents/company/video_ops/scripts/abstract_algebra_in_proof_assistant/04-set-equality/takes/take-mrhmharr/pipeline/align/align-mrj4xibp/progress.json", "JSON", 6, 0, 0, 0, 0, 0, 0, 0, 0, 0, 0, 0, 0, 0, 0, 0, 1, 7
"/Users/johndoe/Documents/company/video_ops/scripts/abstract_algebra_in_proof_assistant/04-set-equality/takes/take-mrhmharr/pipeline/align/align-mrj4xibp/remotion-visual-plan.json", "JSON", 57, 0, 0, 0, 0, 0, 0, 0, 0, 0, 0, 0, 0, 0, 0, 0, 1, 58
"/Users/johndoe/Documents/company/video_ops/scripts/abstract_algebra_in_proof_assistant/04-set-equality/takes/take-mrhmharr/pipeline/align/align-mrj4xibp/speech-alignment.json", "JSON", 67, 0, 0, 0, 0, 0, 0, 0, 0, 0, 0, 0, 0, 0, 0, 0, 1, 68
"/Users/johndoe/Documents/company/video_ops/scripts/abstract_algebra_in_proof_assistant/04-set-equality/takes/take-mrhmharr/pipeline/align/align-mrj4xibp/stage-run.log", "Log", 0, 0, 0, 0, 0, 0, 0, 0, 0, 0, 0, 10, 0, 0, 0, 0, 2, 12
"/Users/johndoe/Documents/company/video_ops/scripts/abstract_algebra_in_proof_assistant/04-set-equality/takes/take-mrhmharr/pipeline/align/align-mrj4xibp/transcript.verbose.json", "JSON", 4791, 0, 0, 0, 0, 0, 0, 0, 0, 0, 0, 0, 0, 0, 0, 0, 1, 4792
"/Users/johndoe/Documents/company/video_ops/scripts/abstract_algebra_in_proof_assistant/04-set-equality/takes/take-mrhmharr/pipeline/composite/composite-mrhnk9qw/animation-outdoor.json", "JSON", 320, 0, 0, 0, 0, 0, 0, 0, 0, 0, 0, 0, 0, 0, 0, 0, 1, 321
"/Users/johndoe/Documents/company/video_ops/scripts/abstract_algebra_in_proof_assistant/04-set-equality/takes/take-mrhmharr/pipeline/composite/composite-mrhnk9qw/outdoor-manifest.json", "JSON", 106, 0, 0, 0, 0, 0, 0, 0, 0, 0, 0, 0, 0, 0, 0, 0, 1, 107
"/Users/johndoe/Documents/company/video_ops/scripts/abstract_algebra_in_proof_assistant/04-set-equality/takes/take-mrhmharr/pipeline/composite/composite-mrhnk9qw/progress.json", "JSON", 6, 0, 0, 0, 0, 0, 0, 0, 0, 0, 0, 0, 0, 0, 0, 0, 1, 7
"/Users/johndoe/Documents/company/video_ops/scripts/abstract_algebra_in_proof_assistant/04-set-equality/takes/take-mrhmharr/pipeline/composite/composite-mrhnk9qw/remotion-visual-plan.json", "JSON", 57, 0, 0, 0, 0, 0, 0, 0, 0, 0, 0, 0, 0, 0, 0, 0, 1, 58
"/Users/johndoe/Documents/company/video_ops/scripts/abstract_algebra_in_proof_assistant/04-set-equality/takes/take-mrhmharr/pipeline/composite/composite-mrhnk9qw/speech-alignment.json", "JSON", 67, 0, 0, 0, 0, 0, 0, 0, 0, 0, 0, 0, 0, 0, 0, 0, 1, 68
"/Users/johndoe/Documents/company/video_ops/scripts/abstract_algebra_in_proof_assistant/04-set-equality/takes/take-mrhmharr/pipeline/composite/composite-mrhnk9qw/stage-run.log", "Log", 0, 0, 0, 0, 0, 0, 0, 0, 0, 0, 0, 20709, 0, 0, 0, 0, 6, 20715
"/Users/johndoe/Documents/company/video_ops/scripts/abstract_algebra_in_proof_assistant/04-set-equality/takes/take-mrhmharr/pipeline/composite/composite-mrhsxdt3/animation-outdoor.json", "JSON", 320, 0, 0, 0, 0, 0, 0, 0, 0, 0, 0, 0, 0, 0, 0, 0, 1, 321
"/Users/johndoe/Documents/company/video_ops/scripts/abstract_algebra_in_proof_assistant/04-set-equality/takes/take-mrhmharr/pipeline/composite/composite-mrhsxdt3/outdoor-manifest.json", "JSON", 106, 0, 0, 0, 0, 0, 0, 0, 0, 0, 0, 0, 0, 0, 0, 0, 1, 107
"/Users/johndoe/Documents/company/video_ops/scripts/abstract_algebra_in_proof_assistant/04-set-equality/takes/take-mrhmharr/pipeline/composite/composite-mrhsxdt3/progress.json", "JSON", 6, 0, 0, 0, 0, 0, 0, 0, 0, 0, 0, 0, 0, 0, 0, 0, 1, 7
"/Users/johndoe/Documents/company/video_ops/scripts/abstract_algebra_in_proof_assistant/04-set-equality/takes/take-mrhmharr/pipeline/composite/composite-mrhsxdt3/remotion-visual-plan.json", "JSON", 57, 0, 0, 0, 0, 0, 0, 0, 0, 0, 0, 0, 0, 0, 0, 0, 1, 58
"/Users/johndoe/Documents/company/video_ops/scripts/abstract_algebra_in_proof_assistant/04-set-equality/takes/take-mrhmharr/pipeline/composite/composite-mrhsxdt3/speech-alignment.json", "JSON", 67, 0, 0, 0, 0, 0, 0, 0, 0, 0, 0, 0, 0, 0, 0, 0, 1, 68
"/Users/johndoe/Documents/company/video_ops/scripts/abstract_algebra_in_proof_assistant/04-set-equality/takes/take-mrhmharr/pipeline/composite/composite-mrhsxdt3/stage-run.log", "Log", 0, 0, 0, 0, 0, 0, 0, 0, 0, 0, 0, 21641, 0, 0, 0, 0, 6, 21647
"/Users/johndoe/Documents/company/video_ops/scripts/abstract_algebra_in_proof_assistant/04-set-equality/takes/take-mrhmharr/pipeline/composite/composite-mrhtlbcd/animation-outdoor.json", "JSON", 320, 0, 0, 0, 0, 0, 0, 0, 0, 0, 0, 0, 0, 0, 0, 0, 1, 321
"/Users/johndoe/Documents/company/video_ops/scripts/abstract_algebra_in_proof_assistant/04-set-equality/takes/take-mrhmharr/pipeline/composite/composite-mrhtlbcd/outdoor-manifest.json", "JSON", 106, 0, 0, 0, 0, 0, 0, 0, 0, 0, 0, 0, 0, 0, 0, 0, 1, 107
"/Users/johndoe/Documents/company/video_ops/scripts/abstract_algebra_in_proof_assistant/04-set-equality/takes/take-mrhmharr/pipeline/composite/composite-mrhtlbcd/progress.json", "JSON", 6, 0, 0, 0, 0, 0, 0, 0, 0, 0, 0, 0, 0, 0, 0, 0, 1, 7
"/Users/johndoe/Documents/company/video_ops/scripts/abstract_algebra_in_proof_assistant/04-set-equality/takes/take-mrhmharr/pipeline/composite/composite-mrhtlbcd/remotion-visual-plan.json", "JSON", 57, 0, 0, 0, 0, 0, 0, 0, 0, 0, 0, 0, 0, 0, 0, 0, 1, 58
"/Users/johndoe/Documents/company/video_ops/scripts/abstract_algebra_in_proof_assistant/04-set-equality/takes/take-mrhmharr/pipeline/composite/composite-mrhtlbcd/speech-alignment.json", "JSON", 67, 0, 0, 0, 0, 0, 0, 0, 0, 0, 0, 0, 0, 0, 0, 0, 1, 68
"/Users/johndoe/Documents/company/video_ops/scripts/abstract_algebra_in_proof_assistant/04-set-equality/takes/take-mrhmharr/pipeline/composite/composite-mrhtlbcd/stage-run.log", "Log", 0, 0, 0, 0, 0, 0, 0, 0, 0, 0, 0, 21566, 0, 0, 0, 0, 6, 21572
"/Users/johndoe/Documents/company/video_ops/scripts/abstract_algebra_in_proof_assistant/04-set-equality/takes/take-mrhmharr/pipeline/composite/composite-mrhvy8mn/animation-outdoor.json", "JSON", 320, 0, 0, 0, 0, 0, 0, 0, 0, 0, 0, 0, 0, 0, 0, 0, 1, 321
"/Users/johndoe/Documents/company/video_ops/scripts/abstract_algebra_in_proof_assistant/04-set-equality/takes/take-mrhmharr/pipeline/composite/composite-mrhvy8mn/outdoor-manifest.json", "JSON", 106, 0, 0, 0, 0, 0, 0, 0, 0, 0, 0, 0, 0, 0, 0, 0, 1, 107
"/Users/johndoe/Documents/company/video_ops/scripts/abstract_algebra_in_proof_assistant/04-set-equality/takes/take-mrhmharr/pipeline/composite/composite-mrhvy8mn/progress.json", "JSON", 6, 0, 0, 0, 0, 0, 0, 0, 0, 0, 0, 0, 0, 0, 0, 0, 1, 7
"/Users/johndoe/Documents/company/video_ops/scripts/abstract_algebra_in_proof_assistant/04-set-equality/takes/take-mrhmharr/pipeline/composite/composite-mrhvy8mn/remotion-visual-plan.json", "JSON", 57, 0, 0, 0, 0, 0, 0, 0, 0, 0, 0, 0, 0, 0, 0, 0, 1, 58
"/Users/johndoe/Documents/company/video_ops/scripts/abstract_algebra_in_proof_assistant/04-set-equality/takes/take-mrhmharr/pipeline/composite/composite-mrhvy8mn/speech-alignment.json", "JSON", 67, 0, 0, 0, 0, 0, 0, 0, 0, 0, 0, 0, 0, 0, 0, 0, 1, 68
"/Users/johndoe/Documents/company/video_ops/scripts/abstract_algebra_in_proof_assistant/04-set-equality/takes/take-mrhmharr/pipeline/composite/composite-mrhvy8mn/stage-run.log", "Log", 0, 0, 0, 0, 0, 0, 0, 0, 0, 0, 0, 21261, 0, 0, 0, 0, 6, 21267
"/Users/johndoe/Documents/company/video_ops/scripts/abstract_algebra_in_proof_assistant/04-set-equality/takes/take-mrhmharr/pipeline/composite/composite-mrhvy8mn/transcript.verbose.json", "JSON", 4791, 0, 0, 0, 0, 0, 0, 0, 0, 0, 0, 0, 0, 0, 0, 0, 1, 4792
"/Users/johndoe/Documents/company/video_ops/scripts/abstract_algebra_in_proof_assistant/04-set-equality/takes/take-mrhmharr/pipeline/composite/composite-mrhyf6sh/animation-outdoor.json", "JSON", 320, 0, 0, 0, 0, 0, 0, 0, 0, 0, 0, 0, 0, 0, 0, 0, 1, 321
"/Users/johndoe/Documents/company/video_ops/scripts/abstract_algebra_in_proof_assistant/04-set-equality/takes/take-mrhmharr/pipeline/composite/composite-mrhyf6sh/outdoor-manifest.json", "JSON", 106, 0, 0, 0, 0, 0, 0, 0, 0, 0, 0, 0, 0, 0, 0, 0, 1, 107
"/Users/johndoe/Documents/company/video_ops/scripts/abstract_algebra_in_proof_assistant/04-set-equality/takes/take-mrhmharr/pipeline/composite/composite-mrhyf6sh/progress.json", "JSON", 6, 0, 0, 0, 0, 0, 0, 0, 0, 0, 0, 0, 0, 0, 0, 0, 1, 7
"/Users/johndoe/Documents/company/video_ops/scripts/abstract_algebra_in_proof_assistant/04-set-equality/takes/take-mrhmharr/pipeline/composite/composite-mrhyf6sh/remotion-visual-plan.json", "JSON", 57, 0, 0, 0, 0, 0, 0, 0, 0, 0, 0, 0, 0, 0, 0, 0, 1, 58
"/Users/johndoe/Documents/company/video_ops/scripts/abstract_algebra_in_proof_assistant/04-set-equality/takes/take-mrhmharr/pipeline/composite/composite-mrhyf6sh/speech-alignment.json", "JSON", 67, 0, 0, 0, 0, 0, 0, 0, 0, 0, 0, 0, 0, 0, 0, 0, 1, 68
"/Users/johndoe/Documents/company/video_ops/scripts/abstract_algebra_in_proof_assistant/04-set-equality/takes/take-mrhmharr/pipeline/composite/composite-mrhyf6sh/stage-run.log", "Log", 0, 0, 0, 0, 0, 0, 0, 0, 0, 0, 0, 20303, 0, 0, 0, 0, 6, 20309
"/Users/johndoe/Documents/company/video_ops/scripts/abstract_algebra_in_proof_assistant/04-set-equality/takes/take-mrhmharr/pipeline/composite/composite-mrhyf6sh/transcript.verbose.json", "JSON", 4791, 0, 0, 0, 0, 0, 0, 0, 0, 0, 0, 0, 0, 0, 0, 0, 1, 4792
"/Users/johndoe/Documents/company/video_ops/scripts/abstract_algebra_in_proof_assistant/04-set-equality/takes/take-mrhmharr/pipeline/composite/composite-mriqluj2/animation-outdoor.json", "JSON", 320, 0, 0, 0, 0, 0, 0, 0, 0, 0, 0, 0, 0, 0, 0, 0, 1, 321
"/Users/johndoe/Documents/company/video_ops/scripts/abstract_algebra_in_proof_assistant/04-set-equality/takes/take-mrhmharr/pipeline/composite/composite-mriqluj2/outdoor-manifest.json", "JSON", 106, 0, 0, 0, 0, 0, 0, 0, 0, 0, 0, 0, 0, 0, 0, 0, 1, 107
"/Users/johndoe/Documents/company/video_ops/scripts/abstract_algebra_in_proof_assistant/04-set-equality/takes/take-mrhmharr/pipeline/composite/composite-mriqluj2/progress.json", "JSON", 6, 0, 0, 0, 0, 0, 0, 0, 0, 0, 0, 0, 0, 0, 0, 0, 1, 7
"/Users/johndoe/Documents/company/video_ops/scripts/abstract_algebra_in_proof_assistant/04-set-equality/takes/take-mrhmharr/pipeline/composite/composite-mriqluj2/remotion-visual-plan.json", "JSON", 57, 0, 0, 0, 0, 0, 0, 0, 0, 0, 0, 0, 0, 0, 0, 0, 1, 58
"/Users/johndoe/Documents/company/video_ops/scripts/abstract_algebra_in_proof_assistant/04-set-equality/takes/take-mrhmharr/pipeline/composite/composite-mriqluj2/speech-alignment.json", "JSON", 67, 0, 0, 0, 0, 0, 0, 0, 0, 0, 0, 0, 0, 0, 0, 0, 1, 68
"/Users/johndoe/Documents/company/video_ops/scripts/abstract_algebra_in_proof_assistant/04-set-equality/takes/take-mrhmharr/pipeline/composite/composite-mriqluj2/stage-run.log", "Log", 0, 0, 0, 0, 0, 0, 0, 0, 0, 0, 0, 21031, 0, 0, 0, 0, 6, 21037
"/Users/johndoe/Documents/company/video_ops/scripts/abstract_algebra_in_proof_assistant/04-set-equality/takes/take-mrhmharr/pipeline/composite/composite-mriqluj2/transcript.verbose.json", "JSON", 4791, 0, 0, 0, 0, 0, 0, 0, 0, 0, 0, 0, 0, 0, 0, 0, 1, 4792
"/Users/johndoe/Documents/company/video_ops/scripts/abstract_algebra_in_proof_assistant/04-set-equality/takes/take-mrhmharr/pipeline/composite/composite-mrirspkq/animation-outdoor.json", "JSON", 320, 0, 0, 0, 0, 0, 0, 0, 0, 0, 0, 0, 0, 0, 0, 0, 1, 321
"/Users/johndoe/Documents/company/video_ops/scripts/abstract_algebra_in_proof_assistant/04-set-equality/takes/take-mrhmharr/pipeline/composite/composite-mrirspkq/outdoor-manifest.json", "JSON", 106, 0, 0, 0, 0, 0, 0, 0, 0, 0, 0, 0, 0, 0, 0, 0, 1, 107
"/Users/johndoe/Documents/company/video_ops/scripts/abstract_algebra_in_proof_assistant/04-set-equality/takes/take-mrhmharr/pipeline/composite/composite-mrirspkq/progress.json", "JSON", 6, 0, 0, 0, 0, 0, 0, 0, 0, 0, 0, 0, 0, 0, 0, 0, 1, 7
"/Users/johndoe/Documents/company/video_ops/scripts/abstract_algebra_in_proof_assistant/04-set-equality/takes/take-mrhmharr/pipeline/composite/composite-mrirspkq/remotion-visual-plan.json", "JSON", 57, 0, 0, 0, 0, 0, 0, 0, 0, 0, 0, 0, 0, 0, 0, 0, 1, 58
"/Users/johndoe/Documents/company/video_ops/scripts/abstract_algebra_in_proof_assistant/04-set-equality/takes/take-mrhmharr/pipeline/composite/composite-mrirspkq/speech-alignment.json", "JSON", 67, 0, 0, 0, 0, 0, 0, 0, 0, 0, 0, 0, 0, 0, 0, 0, 1, 68
"/Users/johndoe/Documents/company/video_ops/scripts/abstract_algebra_in_proof_assistant/04-set-equality/takes/take-mrhmharr/pipeline/composite/composite-mrirspkq/stage-run.log", "Log", 0, 0, 0, 0, 0, 0, 0, 0, 0, 0, 0, 19823, 0, 0, 0, 0, 6, 19829
"/Users/johndoe/Documents/company/video_ops/scripts/abstract_algebra_in_proof_assistant/04-set-equality/takes/take-mrhmharr/pipeline/composite/composite-mrirspkq/transcript.verbose.json", "JSON", 4791, 0, 0, 0, 0, 0, 0, 0, 0, 0, 0, 0, 0, 0, 0, 0, 1, 4792
"/Users/johndoe/Documents/company/video_ops/scripts/abstract_algebra_in_proof_assistant/04-set-equality/takes/take-mrhmharr/pipeline/composite/composite-mritwa30/animation-outdoor.json", "JSON", 464, 0, 0, 0, 0, 0, 0, 0, 0, 0, 0, 0, 0, 0, 0, 0, 1, 465
"/Users/johndoe/Documents/company/video_ops/scripts/abstract_algebra_in_proof_assistant/04-set-equality/takes/take-mrhmharr/pipeline/composite/composite-mritwa30/outdoor-manifest.json", "JSON", 249, 0, 0, 0, 0, 0, 0, 0, 0, 0, 0, 0, 0, 0, 0, 0, 1, 250
"/Users/johndoe/Documents/company/video_ops/scripts/abstract_algebra_in_proof_assistant/04-set-equality/takes/take-mrhmharr/pipeline/composite/composite-mritwa30/progress.json", "JSON", 6, 0, 0, 0, 0, 0, 0, 0, 0, 0, 0, 0, 0, 0, 0, 0, 1, 7
"/Users/johndoe/Documents/company/video_ops/scripts/abstract_algebra_in_proof_assistant/04-set-equality/takes/take-mrhmharr/pipeline/composite/composite-mritwa30/remotion-visual-plan.json", "JSON", 57, 0, 0, 0, 0, 0, 0, 0, 0, 0, 0, 0, 0, 0, 0, 0, 1, 58
"/Users/johndoe/Documents/company/video_ops/scripts/abstract_algebra_in_proof_assistant/04-set-equality/takes/take-mrhmharr/pipeline/composite/composite-mritwa30/speech-alignment.json", "JSON", 67, 0, 0, 0, 0, 0, 0, 0, 0, 0, 0, 0, 0, 0, 0, 0, 1, 68
"/Users/johndoe/Documents/company/video_ops/scripts/abstract_algebra_in_proof_assistant/04-set-equality/takes/take-mrhmharr/pipeline/composite/composite-mritwa30/stage-run.log", "Log", 0, 0, 0, 0, 0, 0, 0, 0, 0, 0, 0, 18585, 0, 0, 0, 0, 6, 18591
"/Users/johndoe/Documents/company/video_ops/scripts/abstract_algebra_in_proof_assistant/04-set-equality/takes/take-mrhmharr/pipeline/composite/composite-mritwa30/transcript.verbose.json", "JSON", 4791, 0, 0, 0, 0, 0, 0, 0, 0, 0, 0, 0, 0, 0, 0, 0, 1, 4792
"/Users/johndoe/Documents/company/video_ops/scripts/abstract_algebra_in_proof_assistant/04-set-equality/takes/take-mrhmharr/pipeline/composite/composite-mrrwb6tk/animation-outdoor.json", "JSON", 677, 0, 0, 0, 0, 0, 0, 0, 0, 0, 0, 0, 0, 0, 0, 0, 1, 678
"/Users/johndoe/Documents/company/video_ops/scripts/abstract_algebra_in_proof_assistant/04-set-equality/takes/take-mrhmharr/pipeline/composite/composite-mrrwb6tk/outdoor-manifest.json", "JSON", 466, 0, 0, 0, 0, 0, 0, 0, 0, 0, 0, 0, 0, 0, 0, 0, 1, 467
"/Users/johndoe/Documents/company/video_ops/scripts/abstract_algebra_in_proof_assistant/04-set-equality/takes/take-mrhmharr/pipeline/composite/composite-mrrwb6tk/progress.json", "JSON", 6, 0, 0, 0, 0, 0, 0, 0, 0, 0, 0, 0, 0, 0, 0, 0, 1, 7
"/Users/johndoe/Documents/company/video_ops/scripts/abstract_algebra_in_proof_assistant/04-set-equality/takes/take-mrhmharr/pipeline/composite/composite-mrrwb6tk/remotion-visual-plan.json", "JSON", 57, 0, 0, 0, 0, 0, 0, 0, 0, 0, 0, 0, 0, 0, 0, 0, 1, 58
"/Users/johndoe/Documents/company/video_ops/scripts/abstract_algebra_in_proof_assistant/04-set-equality/takes/take-mrhmharr/pipeline/composite/composite-mrrwb6tk/speech-alignment.json", "JSON", 67, 0, 0, 0, 0, 0, 0, 0, 0, 0, 0, 0, 0, 0, 0, 0, 1, 68
"/Users/johndoe/Documents/company/video_ops/scripts/abstract_algebra_in_proof_assistant/04-set-equality/takes/take-mrhmharr/pipeline/composite/composite-mrrwb6tk/stage-run.log", "Log", 0, 0, 0, 0, 0, 0, 0, 0, 0, 0, 0, 44, 0, 0, 0, 0, 6, 50
"/Users/johndoe/Documents/company/video_ops/scripts/abstract_algebra_in_proof_assistant/04-set-equality/takes/take-mrhmharr/pipeline/composite/composite-mrrwb6tk/transcript.verbose.json", "JSON", 4791, 0, 0, 0, 0, 0, 0, 0, 0, 0, 0, 0, 0, 0, 0, 0, 1, 4792
"/Users/johndoe/Documents/company/video_ops/scripts/abstract_algebra_in_proof_assistant/04-set-equality/takes/take-mrhmharr/pipeline/cut/cut-mrhmwlre/progress.json", "JSON", 6, 0, 0, 0, 0, 0, 0, 0, 0, 0, 0, 0, 0, 0, 0, 0, 1, 7
"/Users/johndoe/Documents/company/video_ops/scripts/abstract_algebra_in_proof_assistant/04-set-equality/takes/take-mrhmharr/pipeline/cut/cut-mrhmwlre/stage-run.log", "Log", 0, 0, 0, 0, 0, 0, 0, 0, 0, 0, 0, 22, 0, 0, 0, 0, 2, 24
"/Users/johndoe/Documents/company/video_ops/scripts/abstract_algebra_in_proof_assistant/04-set-equality/takes/take-mrhmharr/pipeline/cut/cut-mrhn7t3r/progress.json", "JSON", 6, 0, 0, 0, 0, 0, 0, 0, 0, 0, 0, 0, 0, 0, 0, 0, 1, 7
"/Users/johndoe/Documents/company/video_ops/scripts/abstract_algebra_in_proof_assistant/04-set-equality/takes/take-mrhmharr/pipeline/cut/cut-mrhn7t3r/stage-run.log", "Log", 0, 0, 0, 0, 0, 0, 0, 0, 0, 0, 0, 139, 0, 0, 0, 0, 9, 148
"/Users/johndoe/Documents/company/video_ops/scripts/abstract_algebra_in_proof_assistant/04-set-equality/takes/take-mrhmharr/pipeline/cut/cut-mrhn8anp/progress.json", "JSON", 6, 0, 0, 0, 0, 0, 0, 0, 0, 0, 0, 0, 0, 0, 0, 0, 1, 7
"/Users/johndoe/Documents/company/video_ops/scripts/abstract_algebra_in_proof_assistant/04-set-equality/takes/take-mrhmharr/pipeline/cut/cut-mrhn8anp/stage-run.log", "Log", 0, 0, 0, 0, 0, 0, 0, 0, 0, 0, 0, 139, 0, 0, 0, 0, 9, 148
"/Users/johndoe/Documents/company/video_ops/scripts/abstract_algebra_in_proof_assistant/04-set-equality/takes/take-mrhmharr/pipeline/cut/cut-mrhniip1/analysis.json", "JSON", 67, 0, 0, 0, 0, 0, 0, 0, 0, 0, 0, 0, 0, 0, 0, 0, 1, 68
"/Users/johndoe/Documents/company/video_ops/scripts/abstract_algebra_in_proof_assistant/04-set-equality/takes/take-mrhmharr/pipeline/cut/cut-mrhniip1/progress.json", "JSON", 6, 0, 0, 0, 0, 0, 0, 0, 0, 0, 0, 0, 0, 0, 0, 0, 1, 7
"/Users/johndoe/Documents/company/video_ops/scripts/abstract_algebra_in_proof_assistant/04-set-equality/takes/take-mrhmharr/pipeline/cut/cut-mrhniip1/remotion-visual-plan.json", "JSON", 56, 0, 0, 0, 0, 0, 0, 0, 0, 0, 0, 0, 0, 0, 0, 0, 1, 57
"/Users/johndoe/Documents/company/video_ops/scripts/abstract_algebra_in_proof_assistant/04-set-equality/takes/take-mrhmharr/pipeline/cut/cut-mrhniip1/stage-run.log", "Log", 0, 0, 0, 0, 0, 0, 0, 0, 0, 0, 0, 169, 0, 0, 0, 0, 2, 171
"/Users/johndoe/Documents/company/video_ops/scripts/abstract_algebra_in_proof_assistant/04-set-equality/takes/take-mrhmharr/pipeline/cut/cut-mrhniip1/transcript.verbose.json", "JSON", 6, 0, 0, 0, 0, 0, 0, 0, 0, 0, 0, 0, 0, 0, 0, 0, 1, 7
"/Users/johndoe/Documents/company/video_ops/scripts/abstract_algebra_in_proof_assistant/04-set-equality/takes/take-mrhmharr/pipeline/cut/cut-mrhnjx4j/analysis.json", "JSON", 67, 0, 0, 0, 0, 0, 0, 0, 0, 0, 0, 0, 0, 0, 0, 0, 1, 68
"/Users/johndoe/Documents/company/video_ops/scripts/abstract_algebra_in_proof_assistant/04-set-equality/takes/take-mrhmharr/pipeline/cut/cut-mrhnjx4j/progress.json", "JSON", 6, 0, 0, 0, 0, 0, 0, 0, 0, 0, 0, 0, 0, 0, 0, 0, 1, 7
"/Users/johndoe/Documents/company/video_ops/scripts/abstract_algebra_in_proof_assistant/04-set-equality/takes/take-mrhmharr/pipeline/cut/cut-mrhnjx4j/remotion-visual-plan.json", "JSON", 56, 0, 0, 0, 0, 0, 0, 0, 0, 0, 0, 0, 0, 0, 0, 0, 1, 57
"/Users/johndoe/Documents/company/video_ops/scripts/abstract_algebra_in_proof_assistant/04-set-equality/takes/take-mrhmharr/pipeline/cut/cut-mrhnjx4j/stage-run.log", "Log", 0, 0, 0, 0, 0, 0, 0, 0, 0, 0, 0, 168, 0, 0, 0, 0, 2, 170
"/Users/johndoe/Documents/company/video_ops/scripts/abstract_algebra_in_proof_assistant/04-set-equality/takes/take-mrhmharr/pipeline/cut/cut-mrhnjx4j/transcript.verbose.json", "JSON", 6, 0, 0, 0, 0, 0, 0, 0, 0, 0, 0, 0, 0, 0, 0, 0, 1, 7
"/Users/johndoe/Documents/company/video_ops/scripts/abstract_algebra_in_proof_assistant/04-set-equality/takes/take-mrhmharr/pipeline/cut/cut-mrhswgb9/analysis.json", "JSON", 775, 0, 0, 0, 0, 0, 0, 0, 0, 0, 0, 0, 0, 0, 0, 0, 1, 776
"/Users/johndoe/Documents/company/video_ops/scripts/abstract_algebra_in_proof_assistant/04-set-equality/takes/take-mrhmharr/pipeline/cut/cut-mrhswgb9/cut-selection.json", "JSON", 11, 0, 0, 0, 0, 0, 0, 0, 0, 0, 0, 0, 0, 0, 0, 0, 1, 12
"/Users/johndoe/Documents/company/video_ops/scripts/abstract_algebra_in_proof_assistant/04-set-equality/takes/take-mrhmharr/pipeline/cut/cut-mrhswgb9/progress.json", "JSON", 6, 0, 0, 0, 0, 0, 0, 0, 0, 0, 0, 0, 0, 0, 0, 0, 1, 7
"/Users/johndoe/Documents/company/video_ops/scripts/abstract_algebra_in_proof_assistant/04-set-equality/takes/take-mrhmharr/pipeline/cut/cut-mrhswgb9/remotion-visual-plan.json", "JSON", 224, 0, 0, 0, 0, 0, 0, 0, 0, 0, 0, 0, 0, 0, 0, 0, 1, 225
"/Users/johndoe/Documents/company/video_ops/scripts/abstract_algebra_in_proof_assistant/04-set-equality/takes/take-mrhmharr/pipeline/cut/cut-mrhswgb9/stage-run.log", "Log", 0, 0, 0, 0, 0, 0, 0, 0, 0, 0, 0, 6215, 0, 0, 0, 0, 2, 6217
"/Users/johndoe/Documents/company/video_ops/scripts/abstract_algebra_in_proof_assistant/04-set-equality/takes/take-mrhmharr/pipeline/cut/cut-mrhswgb9/transcript.verbose.json", "JSON", 4791, 0, 0, 0, 0, 0, 0, 0, 0, 0, 0, 0, 0, 0, 0, 0, 1, 4792
"/Users/johndoe/Documents/company/video_ops/scripts/abstract_algebra_in_proof_assistant/04-set-equality/takes/take-mrhmharr/pipeline/cut/cut-mrhvutes/analysis.json", "JSON", 763, 0, 0, 0, 0, 0, 0, 0, 0, 0, 0, 0, 0, 0, 0, 0, 1, 764
"/Users/johndoe/Documents/company/video_ops/scripts/abstract_algebra_in_proof_assistant/04-set-equality/takes/take-mrhmharr/pipeline/cut/cut-mrhvutes/cut-selection.json", "JSON", 15, 0, 0, 0, 0, 0, 0, 0, 0, 0, 0, 0, 0, 0, 0, 0, 1, 16
"/Users/johndoe/Documents/company/video_ops/scripts/abstract_algebra_in_proof_assistant/04-set-equality/takes/take-mrhmharr/pipeline/cut/cut-mrhvutes/progress.json", "JSON", 6, 0, 0, 0, 0, 0, 0, 0, 0, 0, 0, 0, 0, 0, 0, 0, 1, 7
"/Users/johndoe/Documents/company/video_ops/scripts/abstract_algebra_in_proof_assistant/04-set-equality/takes/take-mrhmharr/pipeline/cut/cut-mrhvutes/remotion-visual-plan.json", "JSON", 216, 0, 0, 0, 0, 0, 0, 0, 0, 0, 0, 0, 0, 0, 0, 0, 1, 217
"/Users/johndoe/Documents/company/video_ops/scripts/abstract_algebra_in_proof_assistant/04-set-equality/takes/take-mrhmharr/pipeline/cut/cut-mrhvutes/stage-run.log", "Log", 0, 0, 0, 0, 0, 0, 0, 0, 0, 0, 0, 8059, 0, 0, 0, 0, 2, 8061
"/Users/johndoe/Documents/company/video_ops/scripts/abstract_algebra_in_proof_assistant/04-set-equality/takes/take-mrhmharr/pipeline/cut/cut-mrhvutes/transcript.verbose.json", "JSON", 4791, 0, 0, 0, 0, 0, 0, 0, 0, 0, 0, 0, 0, 0, 0, 0, 1, 4792
"/Users/johndoe/Documents/company/video_ops/scripts/abstract_algebra_in_proof_assistant/04-set-equality/takes/take-mrhmharr/pipeline/cut/cut-mriq7mo6/analysis.json", "JSON", 1533, 0, 0, 0, 0, 0, 0, 0, 0, 0, 0, 0, 0, 0, 0, 0, 1, 1534
"/Users/johndoe/Documents/company/video_ops/scripts/abstract_algebra_in_proof_assistant/04-set-equality/takes/take-mrhmharr/pipeline/cut/cut-mriq7mo6/cut-selection.json", "JSON", 19, 0, 0, 0, 0, 0, 0, 0, 0, 0, 0, 0, 0, 0, 0, 0, 1, 20
"/Users/johndoe/Documents/company/video_ops/scripts/abstract_algebra_in_proof_assistant/04-set-equality/takes/take-mrhmharr/pipeline/cut/cut-mriq7mo6/progress.json", "JSON", 6, 0, 0, 0, 0, 0, 0, 0, 0, 0, 0, 0, 0, 0, 0, 0, 1, 7
"/Users/johndoe/Documents/company/video_ops/scripts/abstract_algebra_in_proof_assistant/04-set-equality/takes/take-mrhmharr/pipeline/cut/cut-mriq7mo6/remotion-visual-plan.json", "JSON", 240, 0, 0, 0, 0, 0, 0, 0, 0, 0, 0, 0, 0, 0, 0, 0, 1, 241
"/Users/johndoe/Documents/company/video_ops/scripts/abstract_algebra_in_proof_assistant/04-set-equality/takes/take-mrhmharr/pipeline/cut/cut-mriq7mo6/stage-run.log", "Log", 0, 0, 0, 0, 0, 0, 0, 0, 0, 0, 0, 5761, 0, 0, 0, 0, 2, 5763
"/Users/johndoe/Documents/company/video_ops/scripts/abstract_algebra_in_proof_assistant/04-set-equality/takes/take-mrhmharr/pipeline/cut/cut-mriq7mo6/transcript.verbose.json", "JSON", 4791, 0, 0, 0, 0, 0, 0, 0, 0, 0, 0, 0, 0, 0, 0, 0, 1, 4792
"/Users/johndoe/Documents/company/video_ops/scripts/abstract_algebra_in_proof_assistant/04-set-equality/takes/take-mrhmharr/pipeline/cut/cut-mrj4gxs6/analysis.json", "JSON", 1533, 0, 0, 0, 0, 0, 0, 0, 0, 0, 0, 0, 0, 0, 0, 0, 1, 1534
"/Users/johndoe/Documents/company/video_ops/scripts/abstract_algebra_in_proof_assistant/04-set-equality/takes/take-mrhmharr/pipeline/cut/cut-mrj4gxs6/cut-selection.json", "JSON", 19, 0, 0, 0, 0, 0, 0, 0, 0, 0, 0, 0, 0, 0, 0, 0, 1, 20
"/Users/johndoe/Documents/company/video_ops/scripts/abstract_algebra_in_proof_assistant/04-set-equality/takes/take-mrhmharr/pipeline/cut/cut-mrj4gxs6/progress.json", "JSON", 6, 0, 0, 0, 0, 0, 0, 0, 0, 0, 0, 0, 0, 0, 0, 0, 1, 7
"/Users/johndoe/Documents/company/video_ops/scripts/abstract_algebra_in_proof_assistant/04-set-equality/takes/take-mrhmharr/pipeline/cut/cut-mrj4gxs6/remotion-visual-plan.json", "JSON", 240, 0, 0, 0, 0, 0, 0, 0, 0, 0, 0, 0, 0, 0, 0, 0, 1, 241
"/Users/johndoe/Documents/company/video_ops/scripts/abstract_algebra_in_proof_assistant/04-set-equality/takes/take-mrhmharr/pipeline/cut/cut-mrj4gxs6/stage-run.log", "Log", 0, 0, 0, 0, 0, 0, 0, 0, 0, 0, 0, 6782, 0, 0, 0, 0, 2, 6784
"/Users/johndoe/Documents/company/video_ops/scripts/abstract_algebra_in_proof_assistant/04-set-equality/takes/take-mrhmharr/pipeline/cut/cut-mrj4gxs6/transcript.verbose.json", "JSON", 4791, 0, 0, 0, 0, 0, 0, 0, 0, 0, 0, 0, 0, 0, 0, 0, 1, 4792
"/Users/johndoe/Documents/company/video_ops/scripts/abstract_algebra_in_proof_assistant/04-set-equality/takes/take-mrhmharr/pipeline/social/social-mrhteozu/progress.json", "JSON", 6, 0, 0, 0, 0, 0, 0, 0, 0, 0, 0, 0, 0, 0, 0, 0, 1, 7
"/Users/johndoe/Documents/company/video_ops/scripts/abstract_algebra_in_proof_assistant/04-set-equality/takes/take-mrhmharr/pipeline/social/social-mrhteozu/social-posts.json", "JSON", 73, 0, 0, 0, 0, 0, 0, 0, 0, 0, 0, 0, 0, 0, 0, 0, 1, 74
"/Users/johndoe/Documents/company/video_ops/scripts/abstract_algebra_in_proof_assistant/04-set-equality/takes/take-mrhmharr/pipeline/social/social-mrhteozu/stage-run.log", "Log", 0, 0, 0, 0, 0, 0, 0, 0, 0, 0, 0, 10, 0, 0, 0, 0, 2, 12
"/Users/johndoe/Documents/company/video_ops/scripts/abstract_algebra_in_proof_assistant/04-set-equality/takes/take-mrhmharr/pipeline/social/social-mrhwezbp/progress.json", "JSON", 6, 0, 0, 0, 0, 0, 0, 0, 0, 0, 0, 0, 0, 0, 0, 0, 1, 7
"/Users/johndoe/Documents/company/video_ops/scripts/abstract_algebra_in_proof_assistant/04-set-equality/takes/take-mrhmharr/pipeline/social/social-mrhwezbp/social-posts.json", "JSON", 73, 0, 0, 0, 0, 0, 0, 0, 0, 0, 0, 0, 0, 0, 0, 0, 1, 74
"/Users/johndoe/Documents/company/video_ops/scripts/abstract_algebra_in_proof_assistant/04-set-equality/takes/take-mrhmharr/pipeline/social/social-mrhwezbp/stage-run.log", "Log", 0, 0, 0, 0, 0, 0, 0, 0, 0, 0, 0, 10, 0, 0, 0, 0, 2, 12
"/Users/johndoe/Documents/company/video_ops/scripts/abstract_algebra_in_proof_assistant/04-set-equality/takes/take-mrhmharr/pipeline/stabilize/stabilize-mriphjg6/progress.json", "JSON", 6, 0, 0, 0, 0, 0, 0, 0, 0, 0, 0, 0, 0, 0, 0, 0, 1, 7
"/Users/johndoe/Documents/company/video_ops/scripts/abstract_algebra_in_proof_assistant/04-set-equality/takes/take-mrhmharr/pipeline/stabilize/stabilize-mriphjg6/stage-run.log", "Log", 0, 0, 0, 0, 0, 0, 0, 0, 0, 0, 0, 76, 0, 0, 0, 0, 2, 78
"/Users/johndoe/Documents/company/video_ops/scripts/abstract_algebra_in_proof_assistant/04-set-equality/takes/take-mrhmharr/pipeline/stabilize/stabilize-mripljg8/progress.json", "JSON", 6, 0, 0, 0, 0, 0, 0, 0, 0, 0, 0, 0, 0, 0, 0, 0, 1, 7
"/Users/johndoe/Documents/company/video_ops/scripts/abstract_algebra_in_proof_assistant/04-set-equality/takes/take-mrhmharr/pipeline/stabilize/stabilize-mripljg8/stage-run.log", "Log", 0, 0, 0, 0, 0, 0, 0, 0, 0, 0, 0, 76, 0, 0, 0, 0, 2, 78
"/Users/johndoe/Documents/company/video_ops/scripts/abstract_algebra_in_proof_assistant/04-set-equality/takes/take-mrhmharr/pipeline/stabilize/stabilize-mriqdtnm/progress.json", "JSON", 6, 0, 0, 0, 0, 0, 0, 0, 0, 0, 0, 0, 0, 0, 0, 0, 1, 7
"/Users/johndoe/Documents/company/video_ops/scripts/abstract_algebra_in_proof_assistant/04-set-equality/takes/take-mrhmharr/pipeline/stabilize/stabilize-mriqdtnm/stage-run.log", "Log", 0, 0, 0, 0, 0, 0, 0, 0, 0, 0, 0, 76, 0, 0, 0, 0, 2, 78
"/Users/johndoe/Documents/company/video_ops/scripts/abstract_algebra_in_proof_assistant/04-set-equality/takes/take-mrhmharr/publish-state.json", "JSON", 7, 0, 0, 0, 0, 0, 0, 0, 0, 0, 0, 0, 0, 0, 0, 0, 1, 8
"/Users/johndoe/Documents/company/video_ops/scripts/abstract_algebra_in_proof_assistant/04-set-equality/takes/take-mrhmharr/take.json", "JSON", 46, 0, 0, 0, 0, 0, 0, 0, 0, 0, 0, 0, 0, 0, 0, 0, 1, 47
"/Users/johndoe/Documents/company/video_ops/scripts/abstract_algebra_in_proof_assistant/04-set-equality/tracks/scene-compare-hint-layouts.json", "JSON", 65, 0, 0, 0, 0, 0, 0, 0, 0, 0, 0, 0, 0, 0, 0, 0, 1, 66
"/Users/johndoe/Documents/company/video_ops/scripts/abstract_algebra_in_proof_assistant/05-empty-set/animation.md", "Markdown", 0, 0, 44, 0, 0, 0, 0, 0, 0, 0, 0, 0, 0, 0, 0, 60, 43, 147
"/Users/johndoe/Documents/company/video_ops/scripts/abstract_algebra_in_proof_assistant/05-empty-set/script.md", "Markdown", 0, 0, 47, 0, 0, 0, 0, 0, 0, 0, 0, 0, 0, 0, 0, 0, 37, 84
"/Users/johndoe/Documents/company/video_ops/scripts/abstract_algebra_in_proof_assistant/05-empty-set/social-posts.json", "JSON", 68, 0, 0, 0, 0, 0, 0, 0, 0, 0, 0, 0, 0, 0, 0, 0, 1, 69
"/Users/johndoe/Documents/company/video_ops/scripts/abstract_algebra_in_proof_assistant/06-empty-subset-theorem/animation.md", "Markdown", 0, 0, 44, 0, 0, 0, 0, 0, 0, 0, 0, 0, 0, 0, 0, 60, 43, 147
"/Users/johndoe/Documents/company/video_ops/scripts/abstract_algebra_in_proof_assistant/06-empty-subset-theorem/script.md", "Markdown", 0, 0, 47, 0, 0, 0, 0, 0, 0, 0, 0, 0, 0, 0, 0, 0, 37, 84
"/Users/johndoe/Documents/company/video_ops/scripts/abstract_algebra_in_proof_assistant/06-empty-subset-theorem/social-posts.json", "JSON", 68, 0, 0, 0, 0, 0, 0, 0, 0, 0, 0, 0, 0, 0, 0, 0, 1, 69
"/Users/johndoe/Documents/company/video_ops/scripts/abstract_algebra_in_proof_assistant/07-union/animation.md", "Markdown", 0, 0, 44, 0, 0, 0, 0, 0, 0, 0, 0, 0, 0, 0, 0, 60, 43, 147
"/Users/johndoe/Documents/company/video_ops/scripts/abstract_algebra_in_proof_assistant/07-union/script.md", "Markdown", 0, 0, 47, 0, 0, 0, 0, 0, 0, 0, 0, 0, 0, 0, 0, 0, 37, 84
"/Users/johndoe/Documents/company/video_ops/scripts/abstract_algebra_in_proof_assistant/07-union/social-posts.json", "JSON", 68, 0, 0, 0, 0, 0, 0, 0, 0, 0, 0, 0, 0, 0, 0, 0, 1, 69
"/Users/johndoe/Documents/company/video_ops/scripts/abstract_algebra_in_proof_assistant/08-intersection/animation.md", "Markdown", 0, 0, 42, 0, 0, 0, 0, 0, 0, 0, 0, 0, 0, 0, 0, 57, 40, 139
"/Users/johndoe/Documents/company/video_ops/scripts/abstract_algebra_in_proof_assistant/08-intersection/script.md", "Markdown", 0, 0, 46, 0, 0, 0, 0, 0, 0, 0, 0, 0, 0, 0, 0, 0, 37, 83
"/Users/johndoe/Documents/company/video_ops/scripts/abstract_algebra_in_proof_assistant/08-intersection/social-posts.json", "JSON", 68, 0, 0, 0, 0, 0, 0, 0, 0, 0, 0, 0, 0, 0, 0, 0, 1, 69
"/Users/johndoe/Documents/company/video_ops/scripts/abstract_algebra_in_proof_assistant/09-disjoint/animation.md", "Markdown", 0, 0, 42, 0, 0, 0, 0, 0, 0, 0, 0, 0, 0, 0, 0, 57, 40, 139
"/Users/johndoe/Documents/company/video_ops/scripts/abstract_algebra_in_proof_assistant/09-disjoint/script.md", "Markdown", 0, 0, 46, 0, 0, 0, 0, 0, 0, 0, 0, 0, 0, 0, 0, 0, 37, 83
"/Users/johndoe/Documents/company/video_ops/scripts/abstract_algebra_in_proof_assistant/09-disjoint/social-posts.json", "JSON", 68, 0, 0, 0, 0, 0, 0, 0, 0, 0, 0, 0, 0, 0, 0, 0, 1, 69
"/Users/johndoe/Documents/company/video_ops/scripts/abstract_algebra_in_proof_assistant/10-complement/animation.md", "Markdown", 0, 0, 42, 0, 0, 0, 0, 0, 0, 0, 0, 0, 0, 0, 0, 57, 40, 139
"/Users/johndoe/Documents/company/video_ops/scripts/abstract_algebra_in_proof_assistant/10-complement/script.md", "Markdown", 0, 0, 46, 0, 0, 0, 0, 0, 0, 0, 0, 0, 0, 0, 0, 0, 37, 83
"/Users/johndoe/Documents/company/video_ops/scripts/abstract_algebra_in_proof_assistant/10-complement/social-posts.json", "JSON", 68, 0, 0, 0, 0, 0, 0, 0, 0, 0, 0, 0, 0, 0, 0, 0, 1, 69
"/Users/johndoe/Documents/company/video_ops/scripts/abstract_algebra_in_proof_assistant/11-difference/animation.md", "Markdown", 0, 0, 42, 0, 0, 0, 0, 0, 0, 0, 0, 0, 0, 0, 0, 57, 40, 139
"/Users/johndoe/Documents/company/video_ops/scripts/abstract_algebra_in_proof_assistant/11-difference/script.md", "Markdown", 0, 0, 46, 0, 0, 0, 0, 0, 0, 0, 0, 0, 0, 0, 0, 0, 37, 83
"/Users/johndoe/Documents/company/video_ops/scripts/abstract_algebra_in_proof_assistant/11-difference/social-posts.json", "JSON", 68, 0, 0, 0, 0, 0, 0, 0, 0, 0, 0, 0, 0, 0, 0, 0, 1, 69
"/Users/johndoe/Documents/company/video_ops/scripts/abstract_algebra_in_proof_assistant/12-union-idempotent/animation.md", "Markdown", 0, 0, 44, 0, 0, 0, 0, 0, 0, 0, 0, 0, 0, 0, 0, 60, 43, 147
"/Users/johndoe/Documents/company/video_ops/scripts/abstract_algebra_in_proof_assistant/12-union-idempotent/script.md", "Markdown", 0, 0, 47, 0, 0, 0, 0, 0, 0, 0, 0, 0, 0, 0, 0, 0, 37, 84
"/Users/johndoe/Documents/company/video_ops/scripts/abstract_algebra_in_proof_assistant/12-union-idempotent/social-posts.json", "JSON", 68, 0, 0, 0, 0, 0, 0, 0, 0, 0, 0, 0, 0, 0, 0, 0, 1, 69
"/Users/johndoe/Documents/company/video_ops/scripts/abstract_algebra_in_proof_assistant/README.md", "Markdown", 0, 0, 44, 0, 0, 0, 0, 0, 0, 0, 0, 0, 0, 0, 0, 0, 16, 60
"/Users/johndoe/Documents/company/video_ops/scripts/abstract_algebra_in_proof_assistant/series.json", "JSON", 8, 0, 0, 0, 0, 0, 0, 0, 0, 0, 0, 0, 0, 0, 0, 0, 1, 9
"/Users/johndoe/Documents/company/video_ops/scripts/abstract_algebra_in_proof_assistant/shared/abstrac_algbra_in_proof_assistant.svg", "XML", 0, 0, 0, 0, 0, 0, 1, 0, 0, 0, 0, 0, 0, 0, 0, 0, 0, 1
"/Users/johndoe/Documents/company/video_ops/scripts/abstract_algebra_in_proof_assistant/shared/firewors.svg", "XML", 0, 0, 0, 0, 0, 0, 1, 0, 0, 0, 0, 0, 0, 0, 0, 0, 0, 1
"/Users/johndoe/Documents/company/video_ops/scripts/abstract_algebra_in_proof_assistant/shared/lean.svg", "XML", 0, 0, 0, 0, 0, 0, 1, 0, 0, 0, 0, 0, 0, 0, 0, 0, 0, 1
"/Users/johndoe/Documents/company/video_ops/scripts/abstract_algebra_in_proof_assistant/shared/title.svg", "XML", 0, 0, 0, 0, 0, 0, 1, 0, 0, 0, 0, 0, 0, 0, 0, 0, 0, 1
"/Users/johndoe/Documents/company/video_ops/scripts/abstract_algebra_in_proof_assistant/shared/total.svg", "XML", 0, 0, 0, 0, 0, 0, 1, 0, 0, 0, 0, 0, 0, 0, 0, 0, 0, 1
"/Users/johndoe/Documents/company/video_ops/scripts/abstract_algebra_in_proof_assistant/shared/turn-lang_with_link.svg", "XML", 0, 0, 0, 0, 0, 0, 1, 0, 0, 0, 0, 0, 0, 0, 0, 0, 0, 1
"/Users/johndoe/Documents/company/video_ops/scripts/ai-math/01-keep-reject-intro/animation.md", "Markdown", 0, 0, 22, 0, 0, 0, 0, 0, 0, 0, 0, 0, 0, 0, 0, 8, 11, 41
"/Users/johndoe/Documents/company/video_ops/scripts/ai-math/01-keep-reject-intro/script.md", "Markdown", 0, 0, 7, 0, 0, 0, 0, 0, 0, 0, 0, 0, 0, 0, 0, 0, 4, 11
"/Users/johndoe/Documents/company/video_ops/scripts/ai-math/01-keep-reject-intro/social-posts.json", "JSON", 65, 0, 0, 0, 0, 0, 0, 0, 0, 0, 0, 0, 0, 0, 0, 0, 1, 66
"/Users/johndoe/Documents/company/video_ops/scripts/ai-math/02-hallucinated-lemmas/animation.md", "Markdown", 0, 0, 22, 0, 0, 0, 0, 0, 0, 0, 0, 0, 0, 0, 0, 8, 11, 41
"/Users/johndoe/Documents/company/video_ops/scripts/ai-math/02-hallucinated-lemmas/script.md", "Markdown", 0, 0, 7, 0, 0, 0, 0, 0, 0, 0, 0, 0, 0, 0, 0, 0, 4, 11
"/Users/johndoe/Documents/company/video_ops/scripts/ai-math/02-hallucinated-lemmas/social-posts.json", "JSON", 65, 0, 0, 0, 0, 0, 0, 0, 0, 0, 0, 0, 0, 0, 0, 0, 1, 66
"/Users/johndoe/Documents/company/video_ops/scripts/ai-math/03-proofs-that-typecheck-wrong/animation.md", "Markdown", 0, 0, 22, 0, 0, 0, 0, 0, 0, 0, 0, 0, 0, 0, 0, 8, 11, 41
"/Users/johndoe/Documents/company/video_ops/scripts/ai-math/03-proofs-that-typecheck-wrong/script.md", "Markdown", 0, 0, 7, 0, 0, 0, 0, 0, 0, 0, 0, 0, 0, 0, 0, 0, 4, 11
"/Users/johndoe/Documents/company/video_ops/scripts/ai-math/03-proofs-that-typecheck-wrong/social-posts.json", "JSON", 65, 0, 0, 0, 0, 0, 0, 0, 0, 0, 0, 0, 0, 0, 0, 0, 1, 66
"/Users/johndoe/Documents/company/video_ops/scripts/ai-math/04-autoformalization-hype/animation.md", "Markdown", 0, 0, 22, 0, 0, 0, 0, 0, 0, 0, 0, 0, 0, 0, 0, 8, 11, 41
"/Users/johndoe/Documents/company/video_ops/scripts/ai-math/04-autoformalization-hype/script.md", "Markdown", 0, 0, 7, 0, 0, 0, 0, 0, 0, 0, 0, 0, 0, 0, 0, 0, 4, 11
"/Users/johndoe/Documents/company/video_ops/scripts/ai-math/04-autoformalization-hype/social-posts.json", "JSON", 65, 0, 0, 0, 0, 0, 0, 0, 0, 0, 0, 0, 0, 0, 0, 0, 1, 66
"/Users/johndoe/Documents/company/video_ops/scripts/ai-math/05-agent-diff-review/animation.md", "Markdown", 0, 0, 38, 0, 0, 0, 0, 0, 0, 0, 0, 0, 0, 0, 0, 8, 23, 69
"/Users/johndoe/Documents/company/video_ops/scripts/ai-math/05-agent-diff-review/script.md", "Markdown", 0, 0, 7, 0, 0, 0, 0, 0, 0, 0, 0, 0, 0, 0, 0, 0, 4, 11
"/Users/johndoe/Documents/company/video_ops/scripts/ai-math/05-agent-diff-review/social-posts.json", "JSON", 65, 0, 0, 0, 0, 0, 0, 0, 0, 0, 0, 0, 0, 0, 0, 0, 1, 66
"/Users/johndoe/Documents/company/video_ops/scripts/ai-math/06-news-imo-gold/animation.md", "Markdown", 0, 0, 22, 0, 0, 0, 0, 0, 0, 0, 0, 0, 0, 0, 0, 8, 11, 41
"/Users/johndoe/Documents/company/video_ops/scripts/ai-math/06-news-imo-gold/script.md", "Markdown", 0, 0, 7, 0, 0, 0, 0, 0, 0, 0, 0, 0, 0, 0, 0, 0, 4, 11
"/Users/johndoe/Documents/company/video_ops/scripts/ai-math/06-news-imo-gold/social-posts.json", "JSON", 65, 0, 0, 0, 0, 0, 0, 0, 0, 0, 0, 0, 0, 0, 0, 0, 1, 66
"/Users/johndoe/Documents/company/video_ops/scripts/ai-math/07-copilot-for-lean/animation.md", "Markdown", 0, 0, 22, 0, 0, 0, 0, 0, 0, 0, 0, 0, 0, 0, 0, 8, 11, 41
"/Users/johndoe/Documents/company/video_ops/scripts/ai-math/07-copilot-for-lean/script.md", "Markdown", 0, 0, 7, 0, 0, 0, 0, 0, 0, 0, 0, 0, 0, 0, 0, 0, 4, 11
"/Users/johndoe/Documents/company/video_ops/scripts/ai-math/07-copilot-for-lean/social-posts.json", "JSON", 65, 0, 0, 0, 0, 0, 0, 0, 0, 0, 0, 0, 0, 0, 0, 0, 1, 66
"/Users/johndoe/Documents/company/video_ops/scripts/ai-math/08-synthetic-data-risk/animation.md", "Markdown", 0, 0, 22, 0, 0, 0, 0, 0, 0, 0, 0, 0, 0, 0, 0, 8, 11, 41
"/Users/johndoe/Documents/company/video_ops/scripts/ai-math/08-synthetic-data-risk/script.md", "Markdown", 0, 0, 7, 0, 0, 0, 0, 0, 0, 0, 0, 0, 0, 0, 0, 0, 4, 11
"/Users/johndoe/Documents/company/video_ops/scripts/ai-math/08-synthetic-data-risk/social-posts.json", "JSON", 65, 0, 0, 0, 0, 0, 0, 0, 0, 0, 0, 0, 0, 0, 0, 0, 1, 66
"/Users/johndoe/Documents/company/video_ops/scripts/ai-math/09-human-in-the-loop/animation.md", "Markdown", 0, 0, 22, 0, 0, 0, 0, 0, 0, 0, 0, 0, 0, 0, 0, 8, 11, 41
"/Users/johndoe/Documents/company/video_ops/scripts/ai-math/09-human-in-the-loop/script.md", "Markdown", 0, 0, 7, 0, 0, 0, 0, 0, 0, 0, 0, 0, 0, 0, 0, 0, 4, 11
"/Users/johndoe/Documents/company/video_ops/scripts/ai-math/09-human-in-the-loop/social-posts.json", "JSON", 65, 0, 0, 0, 0, 0, 0, 0, 0, 0, 0, 0, 0, 0, 0, 0, 1, 66
"/Users/johndoe/Documents/company/video_ops/scripts/ai-math/10-turn-vs-llm-chat/animation.md", "Markdown", 0, 0, 22, 0, 0, 0, 0, 0, 0, 0, 0, 0, 0, 0, 0, 8, 11, 41
"/Users/johndoe/Documents/company/video_ops/scripts/ai-math/10-turn-vs-llm-chat/script.md", "Markdown", 0, 0, 7, 0, 0, 0, 0, 0, 0, 0, 0, 0, 0, 0, 0, 0, 4, 11
"/Users/johndoe/Documents/company/video_ops/scripts/ai-math/10-turn-vs-llm-chat/social-posts.json", "JSON", 65, 0, 0, 0, 0, 0, 0, 0, 0, 0, 0, 0, 0, 0, 0, 0, 1, 66
"/Users/johndoe/Documents/company/video_ops/scripts/ai-math/series.json", "JSON", 9, 0, 0, 0, 0, 0, 0, 0, 0, 0, 0, 0, 0, 0, 0, 0, 1, 10
"/Users/johndoe/Documents/company/video_ops/scripts/algebra/01-spread-classes-into-partition/animation.md", "Markdown", 0, 0, 51, 0, 0, 0, 0, 0, 0, 0, 0, 0, 0, 0, 0, 26, 22, 99
"/Users/johndoe/Documents/company/video_ops/scripts/algebra/01-spread-classes-into-partition/remotion.json", "JSON", 7, 0, 0, 0, 0, 0, 0, 0, 0, 0, 0, 0, 0, 0, 0, 0, 1, 8
"/Users/johndoe/Documents/company/video_ops/scripts/algebra/01-spread-classes-into-partition/script.md", "Markdown", 0, 0, 55, 0, 0, 0, 0, 0, 0, 0, 0, 0, 0, 0, 0, 0, 29, 84
"/Users/johndoe/Documents/company/video_ops/scripts/algebra/01-spread-classes-into-partition/social-posts.json", "JSON", 69, 0, 0, 0, 0, 0, 0, 0, 0, 0, 0, 0, 0, 0, 0, 0, 1, 70
"/Users/johndoe/Documents/company/video_ops/scripts/algebra/01-spread-classes-into-partition/tracks/scene-1-ide.json", "JSON", 11, 0, 0, 0, 0, 0, 0, 0, 0, 0, 0, 0, 0, 0, 0, 0, 1, 12
"/Users/johndoe/Documents/company/video_ops/scripts/algebra/01-spread-classes-into-partition/tracks/scene-2-ide.json", "JSON", 43, 0, 0, 0, 0, 0, 0, 0, 0, 0, 0, 0, 0, 0, 0, 0, 1, 44
"/Users/johndoe/Documents/company/video_ops/scripts/algebra/01-spread-classes-into-partition/tracks/scene-2-knowledge-data.json", "JSON", 124429, 0, 0, 0, 0, 0, 0, 0, 0, 0, 0, 0, 0, 0, 0, 0, 1, 124430
"/Users/johndoe/Documents/company/video_ops/scripts/algebra/01-spread-classes-into-partition/tracks/scene-2-knowledge.json", "JSON", 174, 0, 0, 0, 0, 0, 0, 0, 0, 0, 0, 0, 0, 0, 0, 0, 1, 175
"/Users/johndoe/Documents/company/video_ops/scripts/algebra/01-spread-classes-into-partition/tracks/scene-3-ide.json", "JSON", 39, 0, 0, 0, 0, 0, 0, 0, 0, 0, 0, 0, 0, 0, 0, 0, 1, 40
"/Users/johndoe/Documents/company/video_ops/scripts/algebra/01-spread-classes-into-partition/tracks/scene-3-proof.json", "JSON", 13009, 0, 0, 0, 0, 0, 0, 0, 0, 0, 0, 0, 0, 0, 0, 0, 1, 13010
"/Users/johndoe/Documents/company/video_ops/scripts/algebra/02-invertible-bijective-proof/animation.md", "Markdown", 0, 0, 75, 0, 0, 0, 0, 0, 0, 0, 0, 0, 0, 0, 0, 52, 38, 165
"/Users/johndoe/Documents/company/video_ops/scripts/algebra/02-invertible-bijective-proof/remotion.json", "JSON", 7, 0, 0, 0, 0, 0, 0, 0, 0, 0, 0, 0, 0, 0, 0, 0, 1, 8
"/Users/johndoe/Documents/company/video_ops/scripts/algebra/02-invertible-bijective-proof/script.md", "Markdown", 0, 0, 83, 0, 0, 0, 0, 0, 0, 0, 0, 0, 0, 0, 0, 0, 45, 128
"/Users/johndoe/Documents/company/video_ops/scripts/algebra/02-invertible-bijective-proof/social-posts.json", "JSON", 69, 0, 0, 0, 0, 0, 0, 0, 0, 0, 0, 0, 0, 0, 0, 0, 1, 70
"/Users/johndoe/Documents/company/video_ops/scripts/algebra/02-invertible-bijective-proof/tracks/scene-2-ide.json", "JSON", 40, 0, 0, 0, 0, 0, 0, 0, 0, 0, 0, 0, 0, 0, 0, 0, 1, 41
"/Users/johndoe/Documents/company/video_ops/scripts/algebra/02-invertible-bijective-proof/tracks/scene-3-ide.json", "JSON", 40, 0, 0, 0, 0, 0, 0, 0, 0, 0, 0, 0, 0, 0, 0, 0, 1, 41
"/Users/johndoe/Documents/company/video_ops/scripts/algebra/03-functions-relations-equivalence/animation.md", "Markdown", 0, 0, 363, 0, 0, 0, 0, 0, 0, 0, 0, 0, 0, 0, 0, 273, 199, 835
"/Users/johndoe/Documents/company/video_ops/scripts/algebra/03-functions-relations-equivalence/remotion.json", "JSON", 7, 0, 0, 0, 0, 0, 0, 0, 0, 0, 0, 0, 0, 0, 0, 0, 1, 8
"/Users/johndoe/Documents/company/video_ops/scripts/algebra/03-functions-relations-equivalence/script.md", "Markdown", 0, 0, 411, 0, 0, 0, 0, 0, 0, 0, 0, 0, 0, 0, 0, 0, 199, 610
"/Users/johndoe/Documents/company/video_ops/scripts/algebra/03-functions-relations-equivalence/social-posts.json", "JSON", 69, 0, 0, 0, 0, 0, 0, 0, 0, 0, 0, 0, 0, 0, 0, 0, 1, 70
"/Users/johndoe/Documents/company/video_ops/scripts/algebra/03-functions-relations-equivalence/tracks/scene-11-ide.json", "JSON", 40, 0, 0, 0, 0, 0, 0, 0, 0, 0, 0, 0, 0, 0, 0, 0, 1, 41
"/Users/johndoe/Documents/company/video_ops/scripts/algebra/03-functions-relations-equivalence/tracks/scene-12-ide.json", "JSON", 40, 0, 0, 0, 0, 0, 0, 0, 0, 0, 0, 0, 0, 0, 0, 0, 1, 41
"/Users/johndoe/Documents/company/video_ops/scripts/algebra/03-functions-relations-equivalence/tracks/scene-13-ide.json", "JSON", 40, 0, 0, 0, 0, 0, 0, 0, 0, 0, 0, 0, 0, 0, 0, 0, 1, 41
"/Users/johndoe/Documents/company/video_ops/scripts/algebra/03-functions-relations-equivalence/tracks/scene-15-ide.json", "JSON", 40, 0, 0, 0, 0, 0, 0, 0, 0, 0, 0, 0, 0, 0, 0, 0, 1, 41
"/Users/johndoe/Documents/company/video_ops/scripts/algebra/03-functions-relations-equivalence/tracks/scene-17-ide.json", "JSON", 40, 0, 0, 0, 0, 0, 0, 0, 0, 0, 0, 0, 0, 0, 0, 0, 1, 41
"/Users/johndoe/Documents/company/video_ops/scripts/algebra/03-functions-relations-equivalence/tracks/scene-18-ide.json", "JSON", 40, 0, 0, 0, 0, 0, 0, 0, 0, 0, 0, 0, 0, 0, 0, 0, 1, 41
"/Users/johndoe/Documents/company/video_ops/scripts/algebra/03-functions-relations-equivalence/tracks/scene-19-ide.json", "JSON", 40, 0, 0, 0, 0, 0, 0, 0, 0, 0, 0, 0, 0, 0, 0, 0, 1, 41
"/Users/johndoe/Documents/company/video_ops/scripts/algebra/03-functions-relations-equivalence/tracks/scene-20-ide.json", "JSON", 40, 0, 0, 0, 0, 0, 0, 0, 0, 0, 0, 0, 0, 0, 0, 0, 1, 41
"/Users/johndoe/Documents/company/video_ops/scripts/algebra/03-functions-relations-equivalence/tracks/scene-3-ide.json", "JSON", 40, 0, 0, 0, 0, 0, 0, 0, 0, 0, 0, 0, 0, 0, 0, 0, 1, 41
"/Users/johndoe/Documents/company/video_ops/scripts/algebra/03-functions-relations-equivalence/tracks/scene-5-ide.json", "JSON", 40, 0, 0, 0, 0, 0, 0, 0, 0, 0, 0, 0, 0, 0, 0, 0, 1, 41
"/Users/johndoe/Documents/company/video_ops/scripts/algebra/03-functions-relations-equivalence/tracks/scene-6-ide.json", "JSON", 40, 0, 0, 0, 0, 0, 0, 0, 0, 0, 0, 0, 0, 0, 0, 0, 1, 41
"/Users/johndoe/Documents/company/video_ops/scripts/algebra/03-functions-relations-equivalence/tracks/scene-8-ide.json", "JSON", 40, 0, 0, 0, 0, 0, 0, 0, 0, 0, 0, 0, 0, 0, 0, 0, 1, 41
"/Users/johndoe/Documents/company/video_ops/scripts/algebra/03-functions-relations-equivalence/tracks/scene-9-ide.json", "JSON", 40, 0, 0, 0, 0, 0, 0, 0, 0, 0, 0, 0, 0, 0, 0, 0, 1, 41
"/Users/johndoe/Documents/company/video_ops/scripts/algebra/04-partition-cutting-the-cake/animation.md", "Markdown", 0, 0, 52, 0, 0, 0, 0, 0, 0, 0, 0, 0, 0, 0, 0, 39, 28, 119
"/Users/johndoe/Documents/company/video_ops/scripts/algebra/04-partition-cutting-the-cake/remotion.json", "JSON", 7, 0, 0, 0, 0, 0, 0, 0, 0, 0, 0, 0, 0, 0, 0, 0, 1, 8
"/Users/johndoe/Documents/company/video_ops/scripts/algebra/04-partition-cutting-the-cake/script.md", "Markdown", 0, 0, 76, 0, 0, 0, 0, 0, 0, 0, 0, 0, 0, 0, 0, 0, 41, 117
"/Users/johndoe/Documents/company/video_ops/scripts/algebra/04-partition-cutting-the-cake/social-posts.json", "JSON", 68, 0, 0, 0, 0, 0, 0, 0, 0, 0, 0, 0, 0, 0, 0, 0, 1, 69
"/Users/johndoe/Documents/company/video_ops/scripts/algebra/04-partition-cutting-the-cake/tracks/scene-2-ide.json", "JSON", 40, 0, 0, 0, 0, 0, 0, 0, 0, 0, 0, 0, 0, 0, 0, 0, 1, 41
"/Users/johndoe/Documents/company/video_ops/scripts/algebra/05-equivalence-weaker-than-equality/animation.md", "Markdown", 0, 0, 220, 0, 0, 0, 0, 0, 0, 0, 0, 0, 0, 0, 0, 33, 161, 414
"/Users/johndoe/Documents/company/video_ops/scripts/algebra/05-equivalence-weaker-than-equality/remotion.json", "JSON", 7, 0, 0, 0, 0, 0, 0, 0, 0, 0, 0, 0, 0, 0, 0, 0, 1, 8
"/Users/johndoe/Documents/company/video_ops/scripts/algebra/05-equivalence-weaker-than-equality/script.md", "Markdown", 0, 0, 66, 0, 0, 0, 0, 0, 0, 0, 0, 0, 0, 0, 0, 0, 43, 109
"/Users/johndoe/Documents/company/video_ops/scripts/algebra/05-equivalence-weaker-than-equality/social-posts.json", "JSON", 68, 0, 0, 0, 0, 0, 0, 0, 0, 0, 0, 0, 0, 0, 0, 0, 1, 69
"/Users/johndoe/Documents/company/video_ops/scripts/algebra/06-relations-bag-of-pairs/animation.md", "Markdown", 0, 0, 54, 0, 0, 0, 0, 0, 0, 0, 0, 0, 0, 0, 0, 52, 37, 143
"/Users/johndoe/Documents/company/video_ops/scripts/algebra/06-relations-bag-of-pairs/remotion.json", "JSON", 7, 0, 0, 0, 0, 0, 0, 0, 0, 0, 0, 0, 0, 0, 0, 0, 1, 8
"/Users/johndoe/Documents/company/video_ops/scripts/algebra/06-relations-bag-of-pairs/script.md", "Markdown", 0, 0, 80, 0, 0, 0, 0, 0, 0, 0, 0, 0, 0, 0, 0, 0, 50, 130
"/Users/johndoe/Documents/company/video_ops/scripts/algebra/06-relations-bag-of-pairs/social-posts.json", "JSON", 68, 0, 0, 0, 0, 0, 0, 0, 0, 0, 0, 0, 0, 0, 0, 0, 1, 69
"/Users/johndoe/Documents/company/video_ops/scripts/algebra/06-relations-bag-of-pairs/tracks/scene-3-ide.json", "JSON", 40, 0, 0, 0, 0, 0, 0, 0, 0, 0, 0, 0, 0, 0, 0, 0, 1, 41
"/Users/johndoe/Documents/company/video_ops/scripts/algebra/07-theorem-125-what-formed-means/animation.md", "Markdown", 0, 0, 54, 0, 0, 0, 0, 0, 0, 0, 0, 0, 0, 0, 0, 39, 29, 122
"/Users/johndoe/Documents/company/video_ops/scripts/algebra/07-theorem-125-what-formed-means/remotion.json", "JSON", 7, 0, 0, 0, 0, 0, 0, 0, 0, 0, 0, 0, 0, 0, 0, 0, 1, 8
"/Users/johndoe/Documents/company/video_ops/scripts/algebra/07-theorem-125-what-formed-means/script.md", "Markdown", 0, 0, 78, 0, 0, 0, 0, 0, 0, 0, 0, 0, 0, 0, 0, 0, 42, 120
"/Users/johndoe/Documents/company/video_ops/scripts/algebra/07-theorem-125-what-formed-means/social-posts.json", "JSON", 68, 0, 0, 0, 0, 0, 0, 0, 0, 0, 0, 0, 0, 0, 0, 0, 1, 69
"/Users/johndoe/Documents/company/video_ops/scripts/algebra/07-theorem-125-what-formed-means/tracks/scene-2-ide.json", "JSON", 40, 0, 0, 0, 0, 0, 0, 0, 0, 0, 0, 0, 0, 0, 0, 0, 1, 41
"/Users/johndoe/Documents/company/video_ops/scripts/algebra/CLIPS-FROM-1.2-README.md", "Markdown", 0, 0, 36, 0, 0, 0, 0, 0, 0, 0, 0, 0, 0, 0, 0, 0, 13, 49
"/Users/johndoe/Documents/company/video_ops/scripts/algebra/series.json", "JSON", 7, 0, 0, 0, 0, 0, 0, 0, 0, 0, 0, 0, 0, 0, 0, 0, 1, 8
"/Users/johndoe/Documents/company/video_ops/scripts/compare/01-injective-vs-surjective/animation.md", "Markdown", 0, 0, 36, 0, 0, 0, 0, 0, 0, 0, 0, 0, 0, 0, 0, 9, 13, 58
"/Users/johndoe/Documents/company/video_ops/scripts/compare/01-injective-vs-surjective/script.md", "Markdown", 0, 0, 7, 0, 0, 0, 0, 0, 0, 0, 0, 0, 0, 0, 0, 0, 4, 11
"/Users/johndoe/Documents/company/video_ops/scripts/compare/01-injective-vs-surjective/social-posts.json", "JSON", 65, 0, 0, 0, 0, 0, 0, 0, 0, 0, 0, 0, 0, 0, 0, 0, 1, 66
"/Users/johndoe/Documents/company/video_ops/scripts/compare/02-image-and-range/animation.md", "Markdown", 0, 0, 36, 0, 0, 0, 0, 0, 0, 0, 0, 0, 0, 0, 0, 9, 13, 58
"/Users/johndoe/Documents/company/video_ops/scripts/compare/02-image-and-range/script.md", "Markdown", 0, 0, 7, 0, 0, 0, 0, 0, 0, 0, 0, 0, 0, 0, 0, 0, 4, 11
"/Users/johndoe/Documents/company/video_ops/scripts/compare/02-image-and-range/social-posts.json", "JSON", 65, 0, 0, 0, 0, 0, 0, 0, 0, 0, 0, 0, 0, 0, 0, 0, 1, 66
"/Users/johndoe/Documents/company/video_ops/scripts/compare/03-composition-associativity/animation.md", "Markdown", 0, 0, 36, 0, 0, 0, 0, 0, 0, 0, 0, 0, 0, 0, 0, 9, 13, 58
"/Users/johndoe/Documents/company/video_ops/scripts/compare/03-composition-associativity/script.md", "Markdown", 0, 0, 7, 0, 0, 0, 0, 0, 0, 0, 0, 0, 0, 0, 0, 0, 4, 11
"/Users/johndoe/Documents/company/video_ops/scripts/compare/03-composition-associativity/social-posts.json", "JSON", 65, 0, 0, 0, 0, 0, 0, 0, 0, 0, 0, 0, 0, 0, 0, 0, 1, 66
"/Users/johndoe/Documents/company/video_ops/scripts/compare/04-equivalence-relation-axioms/animation.md", "Markdown", 0, 0, 36, 0, 0, 0, 0, 0, 0, 0, 0, 0, 0, 0, 0, 9, 13, 58
"/Users/johndoe/Documents/company/video_ops/scripts/compare/04-equivalence-relation-axioms/script.md", "Markdown", 0, 0, 7, 0, 0, 0, 0, 0, 0, 0, 0, 0, 0, 0, 0, 0, 4, 11
"/Users/johndoe/Documents/company/video_ops/scripts/compare/04-equivalence-relation-axioms/social-posts.json", "JSON", 65, 0, 0, 0, 0, 0, 0, 0, 0, 0, 0, 0, 0, 0, 0, 0, 1, 66
"/Users/johndoe/Documents/company/video_ops/scripts/compare/05-quotient-type-vs-setoid/animation.md", "Markdown", 0, 0, 36, 0, 0, 0, 0, 0, 0, 0, 0, 0, 0, 0, 0, 9, 13, 58
"/Users/johndoe/Documents/company/video_ops/scripts/compare/05-quotient-type-vs-setoid/script.md", "Markdown", 0, 0, 7, 0, 0, 0, 0, 0, 0, 0, 0, 0, 0, 0, 0, 0, 4, 11
"/Users/johndoe/Documents/company/video_ops/scripts/compare/05-quotient-type-vs-setoid/social-posts.json", "JSON", 65, 0, 0, 0, 0, 0, 0, 0, 0, 0, 0, 0, 0, 0, 0, 0, 1, 66
"/Users/johndoe/Documents/company/video_ops/scripts/compare/06-group-homomorphism/animation.md", "Markdown", 0, 0, 36, 0, 0, 0, 0, 0, 0, 0, 0, 0, 0, 0, 0, 9, 13, 58
"/Users/johndoe/Documents/company/video_ops/scripts/compare/06-group-homomorphism/script.md", "Markdown", 0, 0, 7, 0, 0, 0, 0, 0, 0, 0, 0, 0, 0, 0, 0, 0, 4, 11
"/Users/johndoe/Documents/company/video_ops/scripts/compare/06-group-homomorphism/social-posts.json", "JSON", 65, 0, 0, 0, 0, 0, 0, 0, 0, 0, 0, 0, 0, 0, 0, 0, 1, 66
"/Users/johndoe/Documents/company/video_ops/scripts/compare/07-kernel-and-image/animation.md", "Markdown", 0, 0, 36, 0, 0, 0, 0, 0, 0, 0, 0, 0, 0, 0, 0, 9, 13, 58
"/Users/johndoe/Documents/company/video_ops/scripts/compare/07-kernel-and-image/script.md", "Markdown", 0, 0, 7, 0, 0, 0, 0, 0, 0, 0, 0, 0, 0, 0, 0, 0, 4, 11
"/Users/johndoe/Documents/company/video_ops/scripts/compare/07-kernel-and-image/social-posts.json", "JSON", 65, 0, 0, 0, 0, 0, 0, 0, 0, 0, 0, 0, 0, 0, 0, 0, 1, 66
"/Users/johndoe/Documents/company/video_ops/scripts/compare/08-order-of-an-element/animation.md", "Markdown", 0, 0, 36, 0, 0, 0, 0, 0, 0, 0, 0, 0, 0, 0, 0, 9, 13, 58
"/Users/johndoe/Documents/company/video_ops/scripts/compare/08-order-of-an-element/script.md", "Markdown", 0, 0, 7, 0, 0, 0, 0, 0, 0, 0, 0, 0, 0, 0, 0, 0, 4, 11
"/Users/johndoe/Documents/company/video_ops/scripts/compare/08-order-of-an-element/social-posts.json", "JSON", 65, 0, 0, 0, 0, 0, 0, 0, 0, 0, 0, 0, 0, 0, 0, 0, 1, 66
"/Users/johndoe/Documents/company/video_ops/scripts/compare/09-subgroup-criterion/animation.md", "Markdown", 0, 0, 36, 0, 0, 0, 0, 0, 0, 0, 0, 0, 0, 0, 0, 9, 13, 58
"/Users/johndoe/Documents/company/video_ops/scripts/compare/09-subgroup-criterion/script.md", "Markdown", 0, 0, 7, 0, 0, 0, 0, 0, 0, 0, 0, 0, 0, 0, 0, 0, 4, 11
"/Users/johndoe/Documents/company/video_ops/scripts/compare/09-subgroup-criterion/social-posts.json", "JSON", 65, 0, 0, 0, 0, 0, 0, 0, 0, 0, 0, 0, 0, 0, 0, 0, 1, 66
"/Users/johndoe/Documents/company/video_ops/scripts/compare/10-cosets-left-right/animation.md", "Markdown", 0, 0, 36, 0, 0, 0, 0, 0, 0, 0, 0, 0, 0, 0, 0, 9, 13, 58
"/Users/johndoe/Documents/company/video_ops/scripts/compare/10-cosets-left-right/script.md", "Markdown", 0, 0, 7, 0, 0, 0, 0, 0, 0, 0, 0, 0, 0, 0, 0, 0, 4, 11
"/Users/johndoe/Documents/company/video_ops/scripts/compare/10-cosets-left-right/social-posts.json", "JSON", 65, 0, 0, 0, 0, 0, 0, 0, 0, 0, 0, 0, 0, 0, 0, 0, 1, 66
"/Users/johndoe/Documents/company/video_ops/scripts/compare/series.json", "JSON", 11, 0, 0, 0, 0, 0, 0, 0, 0, 0, 0, 0, 0, 0, 0, 0, 1, 12
"/Users/johndoe/Documents/company/video_ops/scripts/formal-math/01-proof-vs-calculation/animation.md", "Markdown", 0, 0, 22, 0, 0, 0, 0, 0, 0, 0, 0, 0, 0, 0, 0, 8, 11, 41
"/Users/johndoe/Documents/company/video_ops/scripts/formal-math/01-proof-vs-calculation/script.md", "Markdown", 0, 0, 7, 0, 0, 0, 0, 0, 0, 0, 0, 0, 0, 0, 0, 0, 4, 11
"/Users/johndoe/Documents/company/video_ops/scripts/formal-math/01-proof-vs-calculation/social-posts.json", "JSON", 65, 0, 0, 0, 0, 0, 0, 0, 0, 0, 0, 0, 0, 0, 0, 0, 1, 66
"/Users/johndoe/Documents/company/video_ops/scripts/formal-math/02-definitions-are-apis/animation.md", "Markdown", 0, 0, 22, 0, 0, 0, 0, 0, 0, 0, 0, 0, 0, 0, 0, 8, 11, 41
"/Users/johndoe/Documents/company/video_ops/scripts/formal-math/02-definitions-are-apis/script.md", "Markdown", 0, 0, 7, 0, 0, 0, 0, 0, 0, 0, 0, 0, 0, 0, 0, 0, 4, 11
"/Users/johndoe/Documents/company/video_ops/scripts/formal-math/02-definitions-are-apis/social-posts.json", "JSON", 65, 0, 0, 0, 0, 0, 0, 0, 0, 0, 0, 0, 0, 0, 0, 0, 1, 66
"/Users/johndoe/Documents/company/video_ops/scripts/formal-math/03-what-a-goal-is/animation.md", "Markdown", 0, 0, 22, 0, 0, 0, 0, 0, 0, 0, 0, 0, 0, 0, 0, 8, 11, 41
"/Users/johndoe/Documents/company/video_ops/scripts/formal-math/03-what-a-goal-is/script.md", "Markdown", 0, 0, 7, 0, 0, 0, 0, 0, 0, 0, 0, 0, 0, 0, 0, 0, 4, 11
"/Users/johndoe/Documents/company/video_ops/scripts/formal-math/03-what-a-goal-is/social-posts.json", "JSON", 65, 0, 0, 0, 0, 0, 0, 0, 0, 0, 0, 0, 0, 0, 0, 0, 1, 66
"/Users/johndoe/Documents/company/video_ops/scripts/formal-math/04-tactics-vs-terms/animation.md", "Markdown", 0, 0, 22, 0, 0, 0, 0, 0, 0, 0, 0, 0, 0, 0, 0, 8, 11, 41
"/Users/johndoe/Documents/company/video_ops/scripts/formal-math/04-tactics-vs-terms/script.md", "Markdown", 0, 0, 7, 0, 0, 0, 0, 0, 0, 0, 0, 0, 0, 0, 0, 0, 4, 11
"/Users/johndoe/Documents/company/video_ops/scripts/formal-math/04-tactics-vs-terms/social-posts.json", "JSON", 65, 0, 0, 0, 0, 0, 0, 0, 0, 0, 0, 0, 0, 0, 0, 0, 1, 66
"/Users/johndoe/Documents/company/video_ops/scripts/formal-math/05-side-conditions/animation.md", "Markdown", 0, 0, 22, 0, 0, 0, 0, 0, 0, 0, 0, 0, 0, 0, 0, 8, 11, 41
"/Users/johndoe/Documents/company/video_ops/scripts/formal-math/05-side-conditions/script.md", "Markdown", 0, 0, 7, 0, 0, 0, 0, 0, 0, 0, 0, 0, 0, 0, 0, 0, 4, 11
"/Users/johndoe/Documents/company/video_ops/scripts/formal-math/05-side-conditions/social-posts.json", "JSON", 65, 0, 0, 0, 0, 0, 0, 0, 0, 0, 0, 0, 0, 0, 0, 0, 1, 66
"/Users/johndoe/Documents/company/video_ops/scripts/formal-math/06-notation-is-not-meaning/animation.md", "Markdown", 0, 0, 22, 0, 0, 0, 0, 0, 0, 0, 0, 0, 0, 0, 0, 8, 11, 41
"/Users/johndoe/Documents/company/video_ops/scripts/formal-math/06-notation-is-not-meaning/script.md", "Markdown", 0, 0, 7, 0, 0, 0, 0, 0, 0, 0, 0, 0, 0, 0, 0, 0, 4, 11
"/Users/johndoe/Documents/company/video_ops/scripts/formal-math/06-notation-is-not-meaning/social-posts.json", "JSON", 65, 0, 0, 0, 0, 0, 0, 0, 0, 0, 0, 0, 0, 0, 0, 0, 1, 66
"/Users/johndoe/Documents/company/video_ops/scripts/formal-math/07-libraries-as-cities/animation.md", "Markdown", 0, 0, 22, 0, 0, 0, 0, 0, 0, 0, 0, 0, 0, 0, 0, 8, 11, 41
"/Users/johndoe/Documents/company/video_ops/scripts/formal-math/07-libraries-as-cities/script.md", "Markdown", 0, 0, 7, 0, 0, 0, 0, 0, 0, 0, 0, 0, 0, 0, 0, 0, 4, 11
"/Users/johndoe/Documents/company/video_ops/scripts/formal-math/07-libraries-as-cities/social-posts.json", "JSON", 65, 0, 0, 0, 0, 0, 0, 0, 0, 0, 0, 0, 0, 0, 0, 0, 1, 66
"/Users/johndoe/Documents/company/video_ops/scripts/formal-math/08-refusal-is-a-feature/animation.md", "Markdown", 0, 0, 22, 0, 0, 0, 0, 0, 0, 0, 0, 0, 0, 0, 0, 8, 11, 41
"/Users/johndoe/Documents/company/video_ops/scripts/formal-math/08-refusal-is-a-feature/script.md", "Markdown", 0, 0, 7, 0, 0, 0, 0, 0, 0, 0, 0, 0, 0, 0, 0, 0, 4, 11
"/Users/johndoe/Documents/company/video_ops/scripts/formal-math/08-refusal-is-a-feature/social-posts.json", "JSON", 65, 0, 0, 0, 0, 0, 0, 0, 0, 0, 0, 0, 0, 0, 0, 0, 1, 66
"/Users/johndoe/Documents/company/video_ops/scripts/formal-math/09-python-intuition-trap/animation.md", "Markdown", 0, 0, 22, 0, 0, 0, 0, 0, 0, 0, 0, 0, 0, 0, 0, 8, 11, 41
"/Users/johndoe/Documents/company/video_ops/scripts/formal-math/09-python-intuition-trap/script.md", "Markdown", 0, 0, 7, 0, 0, 0, 0, 0, 0, 0, 0, 0, 0, 0, 0, 0, 4, 11
"/Users/johndoe/Documents/company/video_ops/scripts/formal-math/09-python-intuition-trap/social-posts.json", "JSON", 65, 0, 0, 0, 0, 0, 0, 0, 0, 0, 0, 0, 0, 0, 0, 0, 1, 66
"/Users/johndoe/Documents/company/video_ops/scripts/formal-math/10-matlab-to-proof/animation.md", "Markdown", 0, 0, 22, 0, 0, 0, 0, 0, 0, 0, 0, 0, 0, 0, 0, 8, 11, 41
"/Users/johndoe/Documents/company/video_ops/scripts/formal-math/10-matlab-to-proof/script.md", "Markdown", 0, 0, 7, 0, 0, 0, 0, 0, 0, 0, 0, 0, 0, 0, 0, 0, 4, 11
"/Users/johndoe/Documents/company/video_ops/scripts/formal-math/10-matlab-to-proof/social-posts.json", "JSON", 65, 0, 0, 0, 0, 0, 0, 0, 0, 0, 0, 0, 0, 0, 0, 0, 1, 66
"/Users/johndoe/Documents/company/video_ops/scripts/formal-math/series.json", "JSON", 9, 0, 0, 0, 0, 0, 0, 0, 0, 0, 0, 0, 0, 0, 0, 0, 1, 10
"/Users/johndoe/Documents/company/video_ops/scripts/launch/01-workspace-first-open/animation.md", "Markdown", 0, 0, 22, 0, 0, 0, 0, 0, 0, 0, 0, 0, 0, 0, 0, 8, 11, 41
"/Users/johndoe/Documents/company/video_ops/scripts/launch/01-workspace-first-open/script.md", "Markdown", 0, 0, 7, 0, 0, 0, 0, 0, 0, 0, 0, 0, 0, 0, 0, 0, 4, 11
"/Users/johndoe/Documents/company/video_ops/scripts/launch/01-workspace-first-open/social-posts.json", "JSON", 65, 0, 0, 0, 0, 0, 0, 0, 0, 0, 0, 0, 0, 0, 0, 0, 1, 66
"/Users/johndoe/Documents/company/video_ops/scripts/launch/02-proof-tree-export/animation.md", "Markdown", 0, 0, 22, 0, 0, 0, 0, 0, 0, 0, 0, 0, 0, 0, 0, 8, 11, 41
"/Users/johndoe/Documents/company/video_ops/scripts/launch/02-proof-tree-export/script.md", "Markdown", 0, 0, 7, 0, 0, 0, 0, 0, 0, 0, 0, 0, 0, 0, 0, 0, 4, 11
"/Users/johndoe/Documents/company/video_ops/scripts/launch/02-proof-tree-export/social-posts.json", "JSON", 65, 0, 0, 0, 0, 0, 0, 0, 0, 0, 0, 0, 0, 0, 0, 0, 1, 66
"/Users/johndoe/Documents/company/video_ops/scripts/launch/03-inline-premise/animation.md", "Markdown", 0, 0, 22, 0, 0, 0, 0, 0, 0, 0, 0, 0, 0, 0, 0, 8, 11, 41
"/Users/johndoe/Documents/company/video_ops/scripts/launch/03-inline-premise/script.md", "Markdown", 0, 0, 7, 0, 0, 0, 0, 0, 0, 0, 0, 0, 0, 0, 0, 0, 4, 11
"/Users/johndoe/Documents/company/video_ops/scripts/launch/03-inline-premise/social-posts.json", "JSON", 65, 0, 0, 0, 0, 0, 0, 0, 0, 0, 0, 0, 0, 0, 0, 0, 1, 66
"/Users/johndoe/Documents/company/video_ops/scripts/launch/04-receipt-panel/animation.md", "Markdown", 0, 0, 22, 0, 0, 0, 0, 0, 0, 0, 0, 0, 0, 0, 0, 8, 11, 41
"/Users/johndoe/Documents/company/video_ops/scripts/launch/04-receipt-panel/script.md", "Markdown", 0, 0, 7, 0, 0, 0, 0, 0, 0, 0, 0, 0, 0, 0, 0, 0, 4, 11
"/Users/johndoe/Documents/company/video_ops/scripts/launch/04-receipt-panel/social-posts.json", "JSON", 65, 0, 0, 0, 0, 0, 0, 0, 0, 0, 0, 0, 0, 0, 0, 0, 1, 66
"/Users/johndoe/Documents/company/video_ops/scripts/launch/05-mobile-teleprompter/animation.md", "Markdown", 0, 0, 22, 0, 0, 0, 0, 0, 0, 0, 0, 0, 0, 0, 0, 8, 11, 41
"/Users/johndoe/Documents/company/video_ops/scripts/launch/05-mobile-teleprompter/script.md", "Markdown", 0, 0, 7, 0, 0, 0, 0, 0, 0, 0, 0, 0, 0, 0, 0, 0, 4, 11
"/Users/johndoe/Documents/company/video_ops/scripts/launch/05-mobile-teleprompter/social-posts.json", "JSON", 65, 0, 0, 0, 0, 0, 0, 0, 0, 0, 0, 0, 0, 0, 0, 0, 1, 66
"/Users/johndoe/Documents/company/video_ops/scripts/launch/06-compare-mode-reveal/animation.md", "Markdown", 0, 0, 22, 0, 0, 0, 0, 0, 0, 0, 0, 0, 0, 0, 0, 8, 11, 41
"/Users/johndoe/Documents/company/video_ops/scripts/launch/06-compare-mode-reveal/script.md", "Markdown", 0, 0, 7, 0, 0, 0, 0, 0, 0, 0, 0, 0, 0, 0, 0, 0, 4, 11
"/Users/johndoe/Documents/company/video_ops/scripts/launch/06-compare-mode-reveal/social-posts.json", "JSON", 65, 0, 0, 0, 0, 0, 0, 0, 0, 0, 0, 0, 0, 0, 0, 0, 1, 66
"/Users/johndoe/Documents/company/video_ops/scripts/launch/07-social-export/animation.md", "Markdown", 0, 0, 22, 0, 0, 0, 0, 0, 0, 0, 0, 0, 0, 0, 0, 8, 11, 41
"/Users/johndoe/Documents/company/video_ops/scripts/launch/07-social-export/script.md", "Markdown", 0, 0, 7, 0, 0, 0, 0, 0, 0, 0, 0, 0, 0, 0, 0, 0, 4, 11
"/Users/johndoe/Documents/company/video_ops/scripts/launch/07-social-export/social-posts.json", "JSON", 65, 0, 0, 0, 0, 0, 0, 0, 0, 0, 0, 0, 0, 0, 0, 0, 1, 66
"/Users/johndoe/Documents/company/video_ops/scripts/launch/08-cover-generator/animation.md", "Markdown", 0, 0, 22, 0, 0, 0, 0, 0, 0, 0, 0, 0, 0, 0, 0, 8, 11, 41
"/Users/johndoe/Documents/company/video_ops/scripts/launch/08-cover-generator/script.md", "Markdown", 0, 0, 7, 0, 0, 0, 0, 0, 0, 0, 0, 0, 0, 0, 0, 0, 4, 11
"/Users/johndoe/Documents/company/video_ops/scripts/launch/08-cover-generator/social-posts.json", "JSON", 65, 0, 0, 0, 0, 0, 0, 0, 0, 0, 0, 0, 0, 0, 0, 0, 1, 66
"/Users/johndoe/Documents/company/video_ops/scripts/launch/09-agent-keep-reject/animation.md", "Markdown", 0, 0, 22, 0, 0, 0, 0, 0, 0, 0, 0, 0, 0, 0, 0, 8, 11, 41
"/Users/johndoe/Documents/company/video_ops/scripts/launch/09-agent-keep-reject/script.md", "Markdown", 0, 0, 7, 0, 0, 0, 0, 0, 0, 0, 0, 0, 0, 0, 0, 0, 4, 11
"/Users/johndoe/Documents/company/video_ops/scripts/launch/09-agent-keep-reject/social-posts.json", "JSON", 65, 0, 0, 0, 0, 0, 0, 0, 0, 0, 0, 0, 0, 0, 0, 0, 1, 66
"/Users/johndoe/Documents/company/video_ops/scripts/launch/10-trailer-cutdown/animation.md", "Markdown", 0, 0, 22, 0, 0, 0, 0, 0, 0, 0, 0, 0, 0, 0, 0, 8, 11, 41
"/Users/johndoe/Documents/company/video_ops/scripts/launch/10-trailer-cutdown/script.md", "Markdown", 0, 0, 7, 0, 0, 0, 0, 0, 0, 0, 0, 0, 0, 0, 0, 0, 4, 11
"/Users/johndoe/Documents/company/video_ops/scripts/launch/10-trailer-cutdown/social-posts.json", "JSON", 65, 0, 0, 0, 0, 0, 0, 0, 0, 0, 0, 0, 0, 0, 0, 0, 1, 66
"/Users/johndoe/Documents/company/video_ops/scripts/launch/series.json", "JSON", 9, 0, 0, 0, 0, 0, 0, 0, 0, 0, 0, 0, 0, 0, 0, 0, 1, 10
"/Users/johndoe/Documents/company/video_ops/scripts/logic-for-life/01-premises-you-live-by/animation.md", "Markdown", 0, 0, 22, 0, 0, 0, 0, 0, 0, 0, 0, 0, 0, 0, 0, 8, 11, 41
"/Users/johndoe/Documents/company/video_ops/scripts/logic-for-life/01-premises-you-live-by/script.md", "Markdown", 0, 0, 7, 0, 0, 0, 0, 0, 0, 0, 0, 0, 0, 0, 0, 0, 4, 11
"/Users/johndoe/Documents/company/video_ops/scripts/logic-for-life/01-premises-you-live-by/social-posts.json", "JSON", 65, 0, 0, 0, 0, 0, 0, 0, 0, 0, 0, 0, 0, 0, 0, 0, 1, 66
"/Users/johndoe/Documents/company/video_ops/scripts/logic-for-life/02-burden-of-proof/animation.md", "Markdown", 0, 0, 22, 0, 0, 0, 0, 0, 0, 0, 0, 0, 0, 0, 0, 8, 11, 41
"/Users/johndoe/Documents/company/video_ops/scripts/logic-for-life/02-burden-of-proof/script.md", "Markdown", 0, 0, 7, 0, 0, 0, 0, 0, 0, 0, 0, 0, 0, 0, 0, 0, 4, 11
"/Users/johndoe/Documents/company/video_ops/scripts/logic-for-life/02-burden-of-proof/social-posts.json", "JSON", 65, 0, 0, 0, 0, 0, 0, 0, 0, 0, 0, 0, 0, 0, 0, 0, 1, 66
"/Users/johndoe/Documents/company/video_ops/scripts/logic-for-life/03-vacuous-promises/animation.md", "Markdown", 0, 0, 22, 0, 0, 0, 0, 0, 0, 0, 0, 0, 0, 0, 0, 8, 11, 41
"/Users/johndoe/Documents/company/video_ops/scripts/logic-for-life/03-vacuous-promises/script.md", "Markdown", 0, 0, 7, 0, 0, 0, 0, 0, 0, 0, 0, 0, 0, 0, 0, 0, 4, 11
"/Users/johndoe/Documents/company/video_ops/scripts/logic-for-life/03-vacuous-promises/social-posts.json", "JSON", 65, 0, 0, 0, 0, 0, 0, 0, 0, 0, 0, 0, 0, 0, 0, 0, 1, 66
"/Users/johndoe/Documents/company/video_ops/scripts/logic-for-life/04-equivocation-at-work/animation.md", "Markdown", 0, 0, 22, 0, 0, 0, 0, 0, 0, 0, 0, 0, 0, 0, 0, 8, 11, 41
"/Users/johndoe/Documents/company/video_ops/scripts/logic-for-life/04-equivocation-at-work/script.md", "Markdown", 0, 0, 7, 0, 0, 0, 0, 0, 0, 0, 0, 0, 0, 0, 0, 0, 4, 11
"/Users/johndoe/Documents/company/video_ops/scripts/logic-for-life/04-equivocation-at-work/social-posts.json", "JSON", 65, 0, 0, 0, 0, 0, 0, 0, 0, 0, 0, 0, 0, 0, 0, 0, 1, 66
"/Users/johndoe/Documents/company/video_ops/scripts/logic-for-life/05-counterexample-courage/animation.md", "Markdown", 0, 0, 22, 0, 0, 0, 0, 0, 0, 0, 0, 0, 0, 0, 0, 8, 11, 41
"/Users/johndoe/Documents/company/video_ops/scripts/logic-for-life/05-counterexample-courage/script.md", "Markdown", 0, 0, 7, 0, 0, 0, 0, 0, 0, 0, 0, 0, 0, 0, 0, 0, 4, 11
"/Users/johndoe/Documents/company/video_ops/scripts/logic-for-life/05-counterexample-courage/social-posts.json", "JSON", 65, 0, 0, 0, 0, 0, 0, 0, 0, 0, 0, 0, 0, 0, 0, 0, 1, 66
"/Users/johndoe/Documents/company/video_ops/scripts/logic-for-life/06-definitions-before-debate/animation.md", "Markdown", 0, 0, 22, 0, 0, 0, 0, 0, 0, 0, 0, 0, 0, 0, 0, 8, 11, 41
"/Users/johndoe/Documents/company/video_ops/scripts/logic-for-life/06-definitions-before-debate/script.md", "Markdown", 0, 0, 7, 0, 0, 0, 0, 0, 0, 0, 0, 0, 0, 0, 0, 0, 4, 11
"/Users/johndoe/Documents/company/video_ops/scripts/logic-for-life/06-definitions-before-debate/social-posts.json", "JSON", 65, 0, 0, 0, 0, 0, 0, 0, 0, 0, 0, 0, 0, 0, 0, 0, 1, 66
"/Users/johndoe/Documents/company/video_ops/scripts/logic-for-life/07-necessary-vs-sufficient/animation.md", "Markdown", 0, 0, 22, 0, 0, 0, 0, 0, 0, 0, 0, 0, 0, 0, 0, 8, 11, 41
"/Users/johndoe/Documents/company/video_ops/scripts/logic-for-life/07-necessary-vs-sufficient/script.md", "Markdown", 0, 0, 7, 0, 0, 0, 0, 0, 0, 0, 0, 0, 0, 0, 0, 0, 4, 11
"/Users/johndoe/Documents/company/video_ops/scripts/logic-for-life/07-necessary-vs-sufficient/social-posts.json", "JSON", 65, 0, 0, 0, 0, 0, 0, 0, 0, 0, 0, 0, 0, 0, 0, 0, 1, 66
"/Users/johndoe/Documents/company/video_ops/scripts/logic-for-life/08-proof-and-apology/animation.md", "Markdown", 0, 0, 22, 0, 0, 0, 0, 0, 0, 0, 0, 0, 0, 0, 0, 8, 11, 41
"/Users/johndoe/Documents/company/video_ops/scripts/logic-for-life/08-proof-and-apology/script.md", "Markdown", 0, 0, 7, 0, 0, 0, 0, 0, 0, 0, 0, 0, 0, 0, 0, 0, 4, 11
"/Users/johndoe/Documents/company/video_ops/scripts/logic-for-life/08-proof-and-apology/social-posts.json", "JSON", 65, 0, 0, 0, 0, 0, 0, 0, 0, 0, 0, 0, 0, 0, 0, 0, 1, 66
"/Users/johndoe/Documents/company/video_ops/scripts/logic-for-life/09-laws-vs-vibes/animation.md", "Markdown", 0, 0, 22, 0, 0, 0, 0, 0, 0, 0, 0, 0, 0, 0, 0, 8, 11, 41
"/Users/johndoe/Documents/company/video_ops/scripts/logic-for-life/09-laws-vs-vibes/script.md", "Markdown", 0, 0, 7, 0, 0, 0, 0, 0, 0, 0, 0, 0, 0, 0, 0, 0, 4, 11
"/Users/johndoe/Documents/company/video_ops/scripts/logic-for-life/09-laws-vs-vibes/social-posts.json", "JSON", 65, 0, 0, 0, 0, 0, 0, 0, 0, 0, 0, 0, 0, 0, 0, 0, 1, 66
"/Users/johndoe/Documents/company/video_ops/scripts/logic-for-life/10-growth-as-refinement/animation.md", "Markdown", 0, 0, 22, 0, 0, 0, 0, 0, 0, 0, 0, 0, 0, 0, 0, 8, 11, 41
"/Users/johndoe/Documents/company/video_ops/scripts/logic-for-life/10-growth-as-refinement/script.md", "Markdown", 0, 0, 7, 0, 0, 0, 0, 0, 0, 0, 0, 0, 0, 0, 0, 0, 4, 11
"/Users/johndoe/Documents/company/video_ops/scripts/logic-for-life/10-growth-as-refinement/social-posts.json", "JSON", 65, 0, 0, 0, 0, 0, 0, 0, 0, 0, 0, 0, 0, 0, 0, 0, 1, 66
"/Users/johndoe/Documents/company/video_ops/scripts/logic-for-life/series.json", "JSON", 9, 0, 0, 0, 0, 0, 0, 0, 0, 0, 0, 0, 0, 0, 0, 0, 1, 10
"/Users/johndoe/Documents/company/video_ops/scripts/pitfalls/01-surjective-quantifier-order/animation.md", "Markdown", 0, 0, 58, 0, 0, 0, 0, 0, 0, 0, 0, 0, 0, 0, 0, 53, 35, 146
"/Users/johndoe/Documents/company/video_ops/scripts/pitfalls/01-surjective-quantifier-order/remotion.json", "JSON", 7, 0, 0, 0, 0, 0, 0, 0, 0, 0, 0, 0, 0, 0, 0, 0, 1, 8
"/Users/johndoe/Documents/company/video_ops/scripts/pitfalls/01-surjective-quantifier-order/script.md", "Markdown", 0, 0, 79, 0, 0, 0, 0, 0, 0, 0, 0, 0, 0, 0, 0, 0, 50, 129
"/Users/johndoe/Documents/company/video_ops/scripts/pitfalls/01-surjective-quantifier-order/social-posts.json", "JSON", 68, 0, 0, 0, 0, 0, 0, 0, 0, 0, 0, 0, 0, 0, 0, 0, 1, 69
"/Users/johndoe/Documents/company/video_ops/scripts/pitfalls/01-surjective-quantifier-order/tracks/scene-3-ide.json", "JSON", 40, 0, 0, 0, 0, 0, 0, 0, 0, 0, 0, 0, 0, 0, 0, 0, 1, 41
"/Users/johndoe/Documents/company/video_ops/scripts/pitfalls/02-witness-is-unpack-not-provide/animation.md", "Markdown", 0, 0, 52, 0, 0, 0, 0, 0, 0, 0, 0, 0, 0, 0, 0, 40, 28, 120
"/Users/johndoe/Documents/company/video_ops/scripts/pitfalls/02-witness-is-unpack-not-provide/remotion.json", "JSON", 7, 0, 0, 0, 0, 0, 0, 0, 0, 0, 0, 0, 0, 0, 0, 0, 1, 8
"/Users/johndoe/Documents/company/video_ops/scripts/pitfalls/02-witness-is-unpack-not-provide/script.md", "Markdown", 0, 0, 71, 0, 0, 0, 0, 0, 0, 0, 0, 0, 0, 0, 0, 0, 40, 111
"/Users/johndoe/Documents/company/video_ops/scripts/pitfalls/02-witness-is-unpack-not-provide/social-posts.json", "JSON", 68, 0, 0, 0, 0, 0, 0, 0, 0, 0, 0, 0, 0, 0, 0, 0, 1, 69
"/Users/johndoe/Documents/company/video_ops/scripts/pitfalls/02-witness-is-unpack-not-provide/tracks/scene-2-ide.json", "JSON", 40, 0, 0, 0, 0, 0, 0, 0, 0, 0, 0, 0, 0, 0, 0, 0, 1, 41
"/Users/johndoe/Documents/company/video_ops/scripts/pitfalls/03-reject-a-false-premise/animation.md", "Markdown", 0, 0, 49, 0, 0, 0, 0, 0, 0, 0, 0, 0, 0, 0, 0, 52, 32, 133
"/Users/johndoe/Documents/company/video_ops/scripts/pitfalls/03-reject-a-false-premise/remotion.json", "JSON", 30, 0, 0, 0, 0, 0, 0, 0, 0, 0, 0, 0, 0, 0, 0, 0, 1, 31
"/Users/johndoe/Documents/company/video_ops/scripts/pitfalls/03-reject-a-false-premise/script.md", "Markdown", 0, 0, 72, 0, 0, 0, 0, 0, 0, 0, 0, 0, 0, 0, 0, 0, 48, 120
"/Users/johndoe/Documents/company/video_ops/scripts/pitfalls/03-reject-a-false-premise/social-posts.json", "JSON", 68, 0, 0, 0, 0, 0, 0, 0, 0, 0, 0, 0, 0, 0, 0, 0, 1, 69
"/Users/johndoe/Documents/company/video_ops/scripts/pitfalls/04-well-defined-one-input-two-outputs/animation.md", "Markdown", 0, 0, 50, 0, 0, 0, 0, 0, 0, 0, 0, 0, 0, 0, 0, 40, 28, 118
"/Users/johndoe/Documents/company/video_ops/scripts/pitfalls/04-well-defined-one-input-two-outputs/remotion.json", "JSON", 7, 0, 0, 0, 0, 0, 0, 0, 0, 0, 0, 0, 0, 0, 0, 0, 1, 8
"/Users/johndoe/Documents/company/video_ops/scripts/pitfalls/04-well-defined-one-input-two-outputs/script.md", "Markdown", 0, 0, 71, 0, 0, 0, 0, 0, 0, 0, 0, 0, 0, 0, 0, 0, 42, 113
"/Users/johndoe/Documents/company/video_ops/scripts/pitfalls/04-well-defined-one-input-two-outputs/social-posts.json", "JSON", 68, 0, 0, 0, 0, 0, 0, 0, 0, 0, 0, 0, 0, 0, 0, 0, 1, 69
"/Users/johndoe/Documents/company/video_ops/scripts/pitfalls/04-well-defined-one-input-two-outputs/tracks/scene-2-ide.json", "JSON", 40, 0, 0, 0, 0, 0, 0, 0, 0, 0, 0, 0, 0, 0, 0, 0, 1, 41
"/Users/johndoe/Documents/company/video_ops/scripts/pitfalls/05-exists-on-structure-is-a-claim/animation.md", "Markdown", 0, 0, 48, 0, 0, 0, 0, 0, 0, 0, 0, 0, 0, 0, 0, 40, 28, 116
"/Users/johndoe/Documents/company/video_ops/scripts/pitfalls/05-exists-on-structure-is-a-claim/remotion.json", "JSON", 7, 0, 0, 0, 0, 0, 0, 0, 0, 0, 0, 0, 0, 0, 0, 0, 1, 8
"/Users/johndoe/Documents/company/video_ops/scripts/pitfalls/05-exists-on-structure-is-a-claim/script.md", "Markdown", 0, 0, 69, 0, 0, 0, 0, 0, 0, 0, 0, 0, 0, 0, 0, 0, 43, 112
"/Users/johndoe/Documents/company/video_ops/scripts/pitfalls/05-exists-on-structure-is-a-claim/social-posts.json", "JSON", 68, 0, 0, 0, 0, 0, 0, 0, 0, 0, 0, 0, 0, 0, 0, 0, 1, 69
"/Users/johndoe/Documents/company/video_ops/scripts/pitfalls/05-exists-on-structure-is-a-claim/tracks/scene-2-ide.json", "JSON", 40, 0, 0, 0, 0, 0, 0, 0, 0, 0, 0, 0, 0, 0, 0, 0, 1, 41
"/Users/johndoe/Documents/company/video_ops/scripts/pitfalls/series.json", "JSON", 10, 0, 0, 0, 0, 0, 0, 0, 0, 0, 0, 0, 0, 0, 0, 0, 1, 11
"/Users/johndoe/Documents/company/video_ops/scripts/syntax/01-trial-is-not-continuation/animation.md", "Markdown", 0, 0, 68, 0, 0, 0, 0, 0, 0, 0, 0, 0, 0, 0, 0, 53, 35, 156
"/Users/johndoe/Documents/company/video_ops/scripts/syntax/01-trial-is-not-continuation/remotion.json", "JSON", 7, 0, 0, 0, 0, 0, 0, 0, 0, 0, 0, 0, 0, 0, 0, 0, 1, 8
"/Users/johndoe/Documents/company/video_ops/scripts/syntax/01-trial-is-not-continuation/script.md", "Markdown", 0, 0, 75, 0, 0, 0, 0, 0, 0, 0, 0, 0, 0, 0, 0, 0, 45, 120
"/Users/johndoe/Documents/company/video_ops/scripts/syntax/01-trial-is-not-continuation/social-posts.json", "JSON", 69, 0, 0, 0, 0, 0, 0, 0, 0, 0, 0, 0, 0, 0, 0, 0, 1, 70
"/Users/johndoe/Documents/company/video_ops/scripts/syntax/01-trial-is-not-continuation/tracks/scene-2-ide.json", "JSON", 40, 0, 0, 0, 0, 0, 0, 0, 0, 0, 0, 0, 0, 0, 0, 0, 1, 41
"/Users/johndoe/Documents/company/video_ops/scripts/syntax/02-theorem-is-a-folder/animation.md", "Markdown", 0, 0, 50, 0, 0, 0, 0, 0, 0, 0, 0, 0, 0, 0, 0, 40, 28, 118
"/Users/johndoe/Documents/company/video_ops/scripts/syntax/02-theorem-is-a-folder/remotion.json", "JSON", 7, 0, 0, 0, 0, 0, 0, 0, 0, 0, 0, 0, 0, 0, 0, 0, 1, 8
"/Users/johndoe/Documents/company/video_ops/scripts/syntax/02-theorem-is-a-folder/script.md", "Markdown", 0, 0, 54, 0, 0, 0, 0, 0, 0, 0, 0, 0, 0, 0, 0, 0, 37, 91
"/Users/johndoe/Documents/company/video_ops/scripts/syntax/02-theorem-is-a-folder/social-posts.json", "JSON", 69, 0, 0, 0, 0, 0, 0, 0, 0, 0, 0, 0, 0, 0, 0, 0, 1, 70
"/Users/johndoe/Documents/company/video_ops/scripts/syntax/02-theorem-is-a-folder/tracks/scene-1-ide.json", "JSON", 40, 0, 0, 0, 0, 0, 0, 0, 0, 0, 0, 0, 0, 0, 0, 0, 1, 41
"/Users/johndoe/Documents/company/video_ops/scripts/syntax/03-export-proof-as-tree/animation.md", "Markdown", 0, 0, 32, 0, 0, 0, 0, 0, 0, 0, 0, 0, 0, 0, 0, 39, 23, 94
"/Users/johndoe/Documents/company/video_ops/scripts/syntax/03-export-proof-as-tree/remotion.json", "JSON", 7, 0, 0, 0, 0, 0, 0, 0, 0, 0, 0, 0, 0, 0, 0, 0, 1, 8
"/Users/johndoe/Documents/company/video_ops/scripts/syntax/03-export-proof-as-tree/script.md", "Markdown", 0, 0, 42, 0, 0, 0, 0, 0, 0, 0, 0, 0, 0, 0, 0, 0, 37, 79
"/Users/johndoe/Documents/company/video_ops/scripts/syntax/03-export-proof-as-tree/social-posts.json", "JSON", 69, 0, 0, 0, 0, 0, 0, 0, 0, 0, 0, 0, 0, 0, 0, 0, 1, 70
"/Users/johndoe/Documents/company/video_ops/scripts/syntax/04-close-and-split-at-once/animation.md", "Markdown", 0, 0, 57, 0, 0, 0, 0, 0, 0, 0, 0, 0, 0, 0, 0, 41, 33, 131
"/Users/johndoe/Documents/company/video_ops/scripts/syntax/04-close-and-split-at-once/remotion.json", "JSON", 7, 0, 0, 0, 0, 0, 0, 0, 0, 0, 0, 0, 0, 0, 0, 0, 1, 8
"/Users/johndoe/Documents/company/video_ops/scripts/syntax/04-close-and-split-at-once/script.md", "Markdown", 0, 0, 55, 0, 0, 0, 0, 0, 0, 0, 0, 0, 0, 0, 0, 0, 38, 93
"/Users/johndoe/Documents/company/video_ops/scripts/syntax/04-close-and-split-at-once/social-posts.json", "JSON", 69, 0, 0, 0, 0, 0, 0, 0, 0, 0, 0, 0, 0, 0, 0, 0, 1, 70
"/Users/johndoe/Documents/company/video_ops/scripts/syntax/04-close-and-split-at-once/tracks/scene-1-ide.json", "JSON", 40, 0, 0, 0, 0, 0, 0, 0, 0, 0, 0, 0, 0, 0, 0, 0, 1, 41
"/Users/johndoe/Documents/company/video_ops/scripts/syntax/04-close-and-split-at-once/tracks/scene-2-ide.json", "JSON", 40, 0, 0, 0, 0, 0, 0, 0, 0, 0, 0, 0, 0, 0, 0, 0, 1, 41
"/Users/johndoe/Documents/company/video_ops/scripts/syntax/05-outline-to-proof-slide-breadcrumb/animation.md", "Markdown", 0, 0, 50, 0, 0, 0, 0, 0, 0, 0, 0, 0, 0, 0, 0, 65, 37, 152
"/Users/johndoe/Documents/company/video_ops/scripts/syntax/05-outline-to-proof-slide-breadcrumb/remotion.json", "JSON", 7, 0, 0, 0, 0, 0, 0, 0, 0, 0, 0, 0, 0, 0, 0, 0, 1, 8
"/Users/johndoe/Documents/company/video_ops/scripts/syntax/05-outline-to-proof-slide-breadcrumb/script.md", "Markdown", 0, 0, 65, 0, 0, 0, 0, 0, 0, 0, 0, 0, 0, 0, 0, 0, 54, 119
"/Users/johndoe/Documents/company/video_ops/scripts/syntax/05-outline-to-proof-slide-breadcrumb/social-posts.json", "JSON", 69, 0, 0, 0, 0, 0, 0, 0, 0, 0, 0, 0, 0, 0, 0, 0, 1, 70
"/Users/johndoe/Documents/company/video_ops/scripts/syntax/06-tactic-status-during-replay/animation.md", "Markdown", 0, 0, 41, 0, 0, 0, 0, 0, 0, 0, 0, 0, 0, 0, 0, 52, 30, 123
"/Users/johndoe/Documents/company/video_ops/scripts/syntax/06-tactic-status-during-replay/remotion.json", "JSON", 7, 0, 0, 0, 0, 0, 0, 0, 0, 0, 0, 0, 0, 0, 0, 0, 1, 8
"/Users/johndoe/Documents/company/video_ops/scripts/syntax/06-tactic-status-during-replay/script.md", "Markdown", 0, 0, 54, 0, 0, 0, 0, 0, 0, 0, 0, 0, 0, 0, 0, 0, 46, 100
"/Users/johndoe/Documents/company/video_ops/scripts/syntax/06-tactic-status-during-replay/social-posts.json", "JSON", 69, 0, 0, 0, 0, 0, 0, 0, 0, 0, 0, 0, 0, 0, 0, 0, 1, 70
"/Users/johndoe/Documents/company/video_ops/scripts/syntax/07-function-refines-well-defined-relation/animation.md", "Markdown", 0, 0, 46, 0, 0, 0, 0, 0, 0, 0, 0, 0, 0, 0, 0, 40, 28, 114
"/Users/johndoe/Documents/company/video_ops/scripts/syntax/07-function-refines-well-defined-relation/remotion.json", "JSON", 7, 0, 0, 0, 0, 0, 0, 0, 0, 0, 0, 0, 0, 0, 0, 0, 1, 8
"/Users/johndoe/Documents/company/video_ops/scripts/syntax/07-function-refines-well-defined-relation/script.md", "Markdown", 0, 0, 66, 0, 0, 0, 0, 0, 0, 0, 0, 0, 0, 0, 0, 0, 43, 109
"/Users/johndoe/Documents/company/video_ops/scripts/syntax/07-function-refines-well-defined-relation/social-posts.json", "JSON", 68, 0, 0, 0, 0, 0, 0, 0, 0, 0, 0, 0, 0, 0, 0, 0, 1, 69
"/Users/johndoe/Documents/company/video_ops/scripts/syntax/07-function-refines-well-defined-relation/tracks/scene-2-ide.json", "JSON", 40, 0, 0, 0, 0, 0, 0, 0, 0, 0, 0, 0, 0, 0, 0, 0, 1, 41
"/Users/johndoe/Documents/company/video_ops/scripts/syntax/08-composition-pipeline-a-to-c/animation.md", "Markdown", 0, 0, 53, 0, 0, 0, 0, 0, 0, 0, 0, 0, 0, 0, 0, 40, 28, 121
"/Users/johndoe/Documents/company/video_ops/scripts/syntax/08-composition-pipeline-a-to-c/remotion.json", "JSON", 7, 0, 0, 0, 0, 0, 0, 0, 0, 0, 0, 0, 0, 0, 0, 0, 1, 8
"/Users/johndoe/Documents/company/video_ops/scripts/syntax/08-composition-pipeline-a-to-c/script.md", "Markdown", 0, 0, 74, 0, 0, 0, 0, 0, 0, 0, 0, 0, 0, 0, 0, 0, 41, 115
"/Users/johndoe/Documents/company/video_ops/scripts/syntax/08-composition-pipeline-a-to-c/social-posts.json", "JSON", 68, 0, 0, 0, 0, 0, 0, 0, 0, 0, 0, 0, 0, 0, 0, 0, 1, 69
"/Users/johndoe/Documents/company/video_ops/scripts/syntax/08-composition-pipeline-a-to-c/tracks/scene-2-ide.json", "JSON", 40, 0, 0, 0, 0, 0, 0, 0, 0, 0, 0, 0, 0, 0, 0, 0, 1, 41
"/Users/johndoe/Documents/company/video_ops/scripts/syntax/09-function-properties-as-adjectives/animation.md", "Markdown", 0, 0, 59, 0, 0, 0, 0, 0, 0, 0, 0, 0, 0, 0, 0, 41, 33, 133
"/Users/johndoe/Documents/company/video_ops/scripts/syntax/09-function-properties-as-adjectives/remotion.json", "JSON", 7, 0, 0, 0, 0, 0, 0, 0, 0, 0, 0, 0, 0, 0, 0, 0, 1, 8
"/Users/johndoe/Documents/company/video_ops/scripts/syntax/09-function-properties-as-adjectives/script.md", "Markdown", 0, 0, 73, 0, 0, 0, 0, 0, 0, 0, 0, 0, 0, 0, 0, 0, 43, 116
"/Users/johndoe/Documents/company/video_ops/scripts/syntax/09-function-properties-as-adjectives/social-posts.json", "JSON", 68, 0, 0, 0, 0, 0, 0, 0, 0, 0, 0, 0, 0, 0, 0, 0, 1, 69
"/Users/johndoe/Documents/company/video_ops/scripts/syntax/09-function-properties-as-adjectives/tracks/scene-2-ide.json", "JSON", 40, 0, 0, 0, 0, 0, 0, 0, 0, 0, 0, 0, 0, 0, 0, 0, 1, 41
"/Users/johndoe/Documents/company/video_ops/scripts/syntax/09-function-properties-as-adjectives/tracks/scene-3-ide.json", "JSON", 40, 0, 0, 0, 0, 0, 0, 0, 0, 0, 0, 0, 0, 0, 0, 0, 1, 41
"/Users/johndoe/Documents/company/video_ops/scripts/syntax/10-round-brackets-bundle-properties/animation.md", "Markdown", 0, 0, 45, 0, 0, 0, 0, 0, 0, 0, 0, 0, 0, 0, 0, 40, 28, 113
"/Users/johndoe/Documents/company/video_ops/scripts/syntax/10-round-brackets-bundle-properties/remotion.json", "JSON", 7, 0, 0, 0, 0, 0, 0, 0, 0, 0, 0, 0, 0, 0, 0, 0, 1, 8
"/Users/johndoe/Documents/company/video_ops/scripts/syntax/10-round-brackets-bundle-properties/script.md", "Markdown", 0, 0, 65, 0, 0, 0, 0, 0, 0, 0, 0, 0, 0, 0, 0, 0, 42, 107
"/Users/johndoe/Documents/company/video_ops/scripts/syntax/10-round-brackets-bundle-properties/social-posts.json", "JSON", 68, 0, 0, 0, 0, 0, 0, 0, 0, 0, 0, 0, 0, 0, 0, 0, 1, 69
"/Users/johndoe/Documents/company/video_ops/scripts/syntax/10-round-brackets-bundle-properties/tracks/scene-2-ide.json", "JSON", 40, 0, 0, 0, 0, 0, 0, 0, 0, 0, 0, 0, 0, 0, 0, 0, 1, 41
"/Users/johndoe/Documents/company/video_ops/scripts/syntax/11-laws-vs-properties-inside-structures/animation.md", "Markdown", 0, 0, 51, 0, 0, 0, 0, 0, 0, 0, 0, 0, 0, 0, 0, 40, 28, 119
"/Users/johndoe/Documents/company/video_ops/scripts/syntax/11-laws-vs-properties-inside-structures/remotion.json", "JSON", 7, 0, 0, 0, 0, 0, 0, 0, 0, 0, 0, 0, 0, 0, 0, 0, 1, 8
"/Users/johndoe/Documents/company/video_ops/scripts/syntax/11-laws-vs-properties-inside-structures/script.md", "Markdown", 0, 0, 72, 0, 0, 0, 0, 0, 0, 0, 0, 0, 0, 0, 0, 0, 42, 114
"/Users/johndoe/Documents/company/video_ops/scripts/syntax/11-laws-vs-properties-inside-structures/social-posts.json", "JSON", 68, 0, 0, 0, 0, 0, 0, 0, 0, 0, 0, 0, 0, 0, 0, 0, 1, 69
"/Users/johndoe/Documents/company/video_ops/scripts/syntax/11-laws-vs-properties-inside-structures/tracks/scene-3-ide.json", "JSON", 40, 0, 0, 0, 0, 0, 0, 0, 0, 0, 0, 0, 0, 0, 0, 0, 1, 41
"/Users/johndoe/Documents/company/video_ops/scripts/syntax/12-composition-theorem-four-leaves/animation.md", "Markdown", 0, 0, 59, 0, 0, 0, 0, 0, 0, 0, 0, 0, 0, 0, 0, 40, 28, 127
"/Users/johndoe/Documents/company/video_ops/scripts/syntax/12-composition-theorem-four-leaves/remotion.json", "JSON", 7, 0, 0, 0, 0, 0, 0, 0, 0, 0, 0, 0, 0, 0, 0, 0, 1, 8
"/Users/johndoe/Documents/company/video_ops/scripts/syntax/12-composition-theorem-four-leaves/script.md", "Markdown", 0, 0, 77, 0, 0, 0, 0, 0, 0, 0, 0, 0, 0, 0, 0, 0, 42, 119
"/Users/johndoe/Documents/company/video_ops/scripts/syntax/12-composition-theorem-four-leaves/social-posts.json", "JSON", 68, 0, 0, 0, 0, 0, 0, 0, 0, 0, 0, 0, 0, 0, 0, 0, 1, 69
"/Users/johndoe/Documents/company/video_ops/scripts/syntax/12-composition-theorem-four-leaves/tracks/scene-2-ide.json", "JSON", 40, 0, 0, 0, 0, 0, 0, 0, 0, 0, 0, 0, 0, 0, 0, 0, 1, 41
"/Users/johndoe/Documents/company/video_ops/scripts/syntax/13-exponent-laws-inline-premise/animation.md", "Markdown", 0, 0, 96, 0, 0, 0, 0, 0, 0, 0, 0, 0, 0, 0, 0, 68, 54, 218
"/Users/johndoe/Documents/company/video_ops/scripts/syntax/13-exponent-laws-inline-premise/remotion.json", "JSON", 7, 0, 0, 0, 0, 0, 0, 0, 0, 0, 0, 0, 0, 0, 0, 0, 1, 8
"/Users/johndoe/Documents/company/video_ops/scripts/syntax/13-exponent-laws-inline-premise/script.md", "Markdown", 0, 0, 108, 0, 0, 0, 0, 0, 0, 0, 0, 0, 0, 0, 0, 0, 58, 166
"/Users/johndoe/Documents/company/video_ops/scripts/syntax/13-exponent-laws-inline-premise/social-posts.json", "JSON", 68, 0, 0, 0, 0, 0, 0, 0, 0, 0, 0, 0, 0, 0, 0, 0, 1, 69
"/Users/johndoe/Documents/company/video_ops/scripts/syntax/series.json", "JSON", 10, 0, 0, 0, 0, 0, 0, 0, 0, 0, 0, 0, 0, 0, 0, 0, 1, 11
"/Users/johndoe/Documents/company/video_ops/scripts/why-need/01-cauchy-where-bundle/animation.md", "Markdown", 0, 0, 58, 0, 0, 0, 0, 0, 0, 0, 0, 0, 0, 0, 0, 55, 35, 148
"/Users/johndoe/Documents/company/video_ops/scripts/why-need/01-cauchy-where-bundle/remotion.json", "JSON", 7, 0, 0, 0, 0, 0, 0, 0, 0, 0, 0, 0, 0, 0, 0, 0, 1, 8
"/Users/johndoe/Documents/company/video_ops/scripts/why-need/01-cauchy-where-bundle/script.md", "Markdown", 0, 0, 64, 0, 0, 0, 0, 0, 0, 0, 0, 0, 0, 0, 0, 0, 45, 109
"/Users/johndoe/Documents/company/video_ops/scripts/why-need/01-cauchy-where-bundle/social-posts.json", "JSON", 69, 0, 0, 0, 0, 0, 0, 0, 0, 0, 0, 0, 0, 0, 0, 0, 1, 70
"/Users/johndoe/Documents/company/video_ops/scripts/why-need/01-cauchy-where-bundle/tracks/scene-2-ide.json", "JSON", 40, 0, 0, 0, 0, 0, 0, 0, 0, 0, 0, 0, 0, 0, 0, 0, 1, 41
"/Users/johndoe/Documents/company/video_ops/scripts/why-need/02-side-conditions-you-can-name/animation.md", "Markdown", 0, 0, 77, 0, 0, 0, 0, 0, 0, 0, 0, 0, 0, 0, 0, 52, 38, 167
"/Users/johndoe/Documents/company/video_ops/scripts/why-need/02-side-conditions-you-can-name/remotion.json", "JSON", 7, 0, 0, 0, 0, 0, 0, 0, 0, 0, 0, 0, 0, 0, 0, 0, 1, 8
"/Users/johndoe/Documents/company/video_ops/scripts/why-need/02-side-conditions-you-can-name/script.md", "Markdown", 0, 0, 80, 0, 0, 0, 0, 0, 0, 0, 0, 0, 0, 0, 0, 0, 45, 125
"/Users/johndoe/Documents/company/video_ops/scripts/why-need/02-side-conditions-you-can-name/social-posts.json", "JSON", 69, 0, 0, 0, 0, 0, 0, 0, 0, 0, 0, 0, 0, 0, 0, 0, 1, 70
"/Users/johndoe/Documents/company/video_ops/scripts/why-need/02-side-conditions-you-can-name/tracks/scene-2-ide.json", "JSON", 40, 0, 0, 0, 0, 0, 0, 0, 0, 0, 0, 0, 0, 0, 0, 0, 1, 41
"/Users/johndoe/Documents/company/video_ops/scripts/why-need/02-side-conditions-you-can-name/tracks/scene-3-ide.json", "JSON", 40, 0, 0, 0, 0, 0, 0, 0, 0, 0, 0, 0, 0, 0, 0, 0, 1, 41
"/Users/johndoe/Documents/company/video_ops/scripts/why-need/03-witness-you-cannot-compute/animation.md", "Markdown", 0, 0, 49, 0, 0, 0, 0, 0, 0, 0, 0, 0, 0, 0, 0, 52, 35, 136
"/Users/johndoe/Documents/company/video_ops/scripts/why-need/03-witness-you-cannot-compute/remotion.json", "JSON", 7, 0, 0, 0, 0, 0, 0, 0, 0, 0, 0, 0, 0, 0, 0, 0, 1, 8
"/Users/johndoe/Documents/company/video_ops/scripts/why-need/03-witness-you-cannot-compute/script.md", "Markdown", 0, 0, 57, 0, 0, 0, 0, 0, 0, 0, 0, 0, 0, 0, 0, 0, 46, 103
"/Users/johndoe/Documents/company/video_ops/scripts/why-need/03-witness-you-cannot-compute/social-posts.json", "JSON", 69, 0, 0, 0, 0, 0, 0, 0, 0, 0, 0, 0, 0, 0, 0, 0, 1, 70
"/Users/johndoe/Documents/company/video_ops/scripts/why-need/03-witness-you-cannot-compute/tracks/scene-1-ide.json", "JSON", 40, 0, 0, 0, 0, 0, 0, 0, 0, 0, 0, 0, 0, 0, 0, 0, 1, 41
"/Users/johndoe/Documents/company/video_ops/scripts/why-need/05-keep-or-reject-before-ai-edits/animation.md", "Markdown", 0, 0, 50, 0, 0, 0, 0, 0, 0, 0, 0, 0, 0, 0, 0, 65, 37, 152
"/Users/johndoe/Documents/company/video_ops/scripts/why-need/05-keep-or-reject-before-ai-edits/remotion.json", "JSON", 7, 0, 0, 0, 0, 0, 0, 0, 0, 0, 0, 0, 0, 0, 0, 0, 1, 8
"/Users/johndoe/Documents/company/video_ops/scripts/why-need/05-keep-or-reject-before-ai-edits/script.md", "Markdown", 0, 0, 64, 0, 0, 0, 0, 0, 0, 0, 0, 0, 0, 0, 0, 0, 53, 117
"/Users/johndoe/Documents/company/video_ops/scripts/why-need/05-keep-or-reject-before-ai-edits/social-posts.json", "JSON", 69, 0, 0, 0, 0, 0, 0, 0, 0, 0, 0, 0, 0, 0, 0, 0, 1, 70
"/Users/johndoe/Documents/company/video_ops/scripts/why-need/06-partition-obligations-named-from-structure/animation.md", "Markdown", 0, 0, 54, 0, 0, 0, 0, 0, 0, 0, 0, 0, 0, 0, 0, 39, 28, 121
"/Users/johndoe/Documents/company/video_ops/scripts/why-need/06-partition-obligations-named-from-structure/remotion.json", "JSON", 7, 0, 0, 0, 0, 0, 0, 0, 0, 0, 0, 0, 0, 0, 0, 0, 1, 8
"/Users/johndoe/Documents/company/video_ops/scripts/why-need/06-partition-obligations-named-from-structure/script.md", "Markdown", 0, 0, 70, 0, 0, 0, 0, 0, 0, 0, 0, 0, 0, 0, 0, 0, 42, 112
"/Users/johndoe/Documents/company/video_ops/scripts/why-need/06-partition-obligations-named-from-structure/social-posts.json", "JSON", 68, 0, 0, 0, 0, 0, 0, 0, 0, 0, 0, 0, 0, 0, 0, 0, 1, 69
"/Users/johndoe/Documents/company/video_ops/scripts/why-need/06-partition-obligations-named-from-structure/tracks/scene-2-ide.json", "JSON", 40, 0, 0, 0, 0, 0, 0, 0, 0, 0, 0, 0, 0, 0, 0, 0, 1, 41
"/Users/johndoe/Documents/company/video_ops/scripts/why-need/series.json", "JSON", 7, 0, 0, 0, 0, 0, 0, 0, 0, 0, 0, 0, 0, 0, 0, 0, 1, 8
"/Users/johndoe/Documents/company/video_ops/src/animation/index.ts", "TypeScript", 0, 0, 0, 1, 0, 0, 0, 0, 0, 0, 0, 0, 0, 0, 0, 1, 1, 3
"/Users/johndoe/Documents/company/video_ops/src/beatVariants.ts", "TypeScript", 0, 0, 0, 306, 0, 0, 0, 0, 0, 0, 0, 0, 0, 0, 0, 9, 28, 343
"/Users/johndoe/Documents/company/video_ops/src/generated/scriptSeriesMap.ts", "TypeScript", 0, 0, 0, 95, 0, 0, 0, 0, 0, 0, 0, 0, 0, 0, 0, 1, 2, 98
"/Users/johndoe/Documents/company/video_ops/src/scriptCollections.ts", "TypeScript", 0, 0, 0, 67, 0, 0, 0, 0, 0, 0, 0, 0, 0, 0, 0, 14, 16, 97
"/Users/johndoe/Documents/company/video_ops/src/scriptFreshness.ts", "TypeScript", 0, 0, 0, 43, 0, 0, 0, 0, 0, 0, 0, 0, 0, 0, 0, 1, 6, 50
"/Users/johndoe/Documents/company/video_ops/src/seriesRegistry.ts", "TypeScript", 0, 0, 0, 142, 0, 0, 0, 0, 0, 0, 0, 0, 0, 0, 0, 19, 22, 183
"/Users/johndoe/Documents/company/video_ops/voice_profile.md", "Markdown", 0, 0, 66, 0, 0, 0, 0, 0, 0, 0, 0, 0, 0, 0, 0, 0, 34, 100
"Total", "-", 1157326, 26, 28592, 28749, 49, 3966, 309, 22403, 47, 46, 3102, 695589, 209, 6557, 292, 10489, 24977, 1982728