Bundling 6%
Bundling 13%
Bundling 39%
Bundling 55%
Bundling 65%
Bundling 71%
Bundling 76%
Bundling 81%
Bundling 87%
Bundling 92%
Bundling 98%
Bundling 100%
Copying public dir 13.3 MB
Copying public dir 108 MB
Copying public dir 120.6 MB
Copying public dir 130.5 MB
Copying public dir 130.5 MB
Copying public dir 307.9 MB
Copying public dir 442.6 MB
Copying public dir 444.5 MB
Copying public dir 617 MB
Copying public dir 617 MB
Copying public dir 788 MB
Copying public dir 788 MB
Copying public dir 959 MB
Copying public dir 959 MB
Copying public dir 1.1 GB
Copying public dir 1.1 GB
Copying public dir 1.3 GB
Copying public dir 1.3 GB
Copying public dir 1.4 GB
Copying public dir 1.4 GB
Copying public dir 1.6 GB
Copying public dir 1.6 GB
Copying public dir 1.7 GB
Copying public dir 1.7 GB
Copying public dir 1.9 GB
Copying public dir 1.9 GB
Copying public dir 2 GB
Copying public dir 2 GB
Copying public dir 2.1 GB
Copying public dir 2.1 GB
Copying public dir 2.2 GB
Copying public dir 2.2 GB
Copying public dir 2.2 GB
Copying public dir 2.3 GB
Copying public dir 2.3 GB
Copying public dir 2.3 GB
Copying public dir 2.3 GB
Copying public dir 2.3 GB
Copying public dir 2.5 GB
Copying public dir 2.5 GB
Copying public dir 2.5 GB
Copying public dir 2.6 GB
Copying public dir 2.6 GB
Copying public dir 2.6 GB
Copying public dir 2.6 GB
Copying public dir 2.6 GB
Copying public dir 2.7 GB
Copying public dir 2.7 GB
Copying public dir 2.8 GB
Copying public dir 2.8 GB
Copying public dir 2.8 GB
Copying public dir 2.8 GB
Copying public dir 2.8 GB
Copying public dir 2.8 GB
Copying public dir 2.8 GB
Copying public dir 2.8 GB
Copying public dir 3 GB
Copying public dir 3 GB
Copying public dir 3 GB
Copying public dir 3 GB
Copying public dir 3 GB
Copying public dir 3.2 GB
Copying public dir 3.2 GB
Copying public dir 3.5 GB
Copying public dir 3.5 GB
Copying public dir 3.7 GB
Copying public dir 3.7 GB
Copying public dir 3.9 GB
Copying public dir 3.9 GB
Copying public dir 4.1 GB
Copying public dir 4.1 GB
Copying public dir 4.3 GB
Copying public dir 4.3 GB
Copying public dir 4.5 GB
Copying public dir 4.5 GB
Copying public dir 4.7 GB
Copying public dir 4.7 GB
Copying public dir 4.9 GB
Copying public dir 4.9 GB
Copying public dir 5.1 GB
Copying public dir 5.1 GB
Copying public dir 5.3 GB
Copying public dir 5.3 GB
Copying public dir 5.5 GB
Copying public dir 5.5 GB
Copying public dir 5.7 GB
Copying public dir 5.7 GB
Copying public dir 5.9 GB
Copying public dir 5.9 GB
Copying public dir 6.1 GB
Copying public dir 6.1 GB
Copying public dir 6.3 GB
Copying public dir 6.3 GB
Copying public dir 6.5 GB
Copying public dir 6.9 GB
Copying public dir 6.9 GB
Copying public dir 7.2 GB
Copying public dir 7.4 GB
Copying public dir 7.8 GB
Copying public dir 7.8 GB
Copying public dir 8 GB
Copying public dir 8.2 GB
Copying public dir 8.6 GB
Copying public dir 8.6 GB
Copying public dir 8.8 GB
Copying public dir 9 GB
Copying public dir 9.4 GB
Copying public dir 9.4 GB
Copying public dir 9.6 GB
Copying public dir 9.8 GB
Copying public dir 10.2 GB
Copying public dir 10.2 GB
Copying public dir 10.4 GB
Copying public dir 10.6 GB
Copying public dir 10.9 GB
Copying public dir 10.9 GB
Copying public dir 11.1 GB
Copying public dir 11.3 GB
Copying public dir 11.7 GB
Copying public dir 11.7 GB
Copying public dir 11.8 GB
Copying public dir 11.9 GB
Copying public dir 12.3 GB
Copying public dir 12.3 GB
Copying public dir 12.4 GB
Copying public dir 12.4 GB
Copying public dir 12.6 GB
Copying public dir 12.6 GB
Copying public dir 12.6 GB
Copying public dir 12.7 GB
Copying public dir 12.7 GB
Copying public dir 12.9 GB
Copying public dir 13.2 GB
Copying public dir 13.2 GB
Copying public dir 13.4 GB
Copying public dir 13.6 GB
Copying public dir 13.6 GB
Copying public dir 13.7 GB
Copying public dir 13.7 GB
Copying public dir 13.7 GB
Copying public dir 13.7 GB
Copying public dir 13.7 GB
Copying public dir 13.8 GB
Copying public dir 13.8 GB
Copying public dir 13.8 GB
Copying public dir 13.8 GB
Copying public dir 13.8 GB
Copying public dir 13.8 GB
Copying public dir 13.8 GB
Copying public dir 13.9 GB
Copying public dir 13.9 GB
Copying public dir 13.9 GB
Copying public dir 14.1 GB
Copying public dir 14.1 GB
Copying public dir 14.1 GB
Copying public dir 14.1 GB
Copying public dir 14.2 GB
Copying public dir 14.2 GB
Copying public dir 14.2 GB
Copying public dir 14.2 GB
Copying public dir 14.2 GB
Copying public dir 14.3 GB
Copying public dir 14.3 GB
Copying public dir 14.3 GB
Copying public dir 14.3 GB
Copying public dir 14.3 GB
Copying public dir 14.4 GB
Copying public dir 14.4 GB
Copying public dir 14.6 GB
Copying public dir 14.6 GB
Copying public dir 14.6 GB
Copying public dir 14.6 GB
Copying public dir 14.6 GB
Copying public dir 14.6 GB
Copying public dir 14.6 GB
Copying public dir 14.7 GB
Copying public dir 14.7 GB
Copying public dir 14.7 GB
Copying public dir 14.7 GB
Copying public dir 14.7 GB
Copying public dir 14.7 GB
Copying public dir 14.8 GB
Copying public dir 14.8 GB
Copying public dir 14.8 GB
Copying public dir 15 GB
Copying public dir 15 GB
Copying public dir 15 GB
Copying public dir 15 GB
Copying public dir 15 GB
Copying public dir 15 GB
Copying public dir 15 GB
Copying public dir 15.1 GB
Copying public dir 15.1 GB
Copying public dir 15.1 GB
Copying public dir 15.1 GB
Copying public dir 15.1 GB
Copying public dir 15.1 GB
Copying public dir 15.2 GB
Copying public dir 15.2 GB
Copying public dir 15.2 GB
Copying public dir 15.2 GB
Copying public dir 15.4 GB
Copying public dir 15.4 GB
Copying public dir 15.4 GB
Copying public dir 15.4 GB
Copying public dir 15.5 GB
Copying public dir 15.5 GB
Copying public dir 15.5 GB
Copying public dir 15.5 GB
Copying public dir 15.5 GB
Copying public dir 15.5 GB
Copying public dir 15.6 GB
Copying public dir 15.6 GB
Copying public dir 15.6 GB
Copying public dir 15.6 GB
Copying public dir 15.6 GB
Copying public dir 15.6 GB
Copying public dir 15.6 GB
Copying public dir 15.8 GB
Copying public dir 15.8 GB
Copying public dir 15.8 GB
Copying public dir 15.8 GB
Copying public dir 16.1 GB
Copying public dir 16.2 GB
Copying public dir 16.2 GB
Copying public dir 16.5 GB
Copying public dir 16.6 GB
Copying public dir 16.6 GB
Copying public dir 16.8 GB
Copying public dir 16.9 GB
Copying public dir 16.9 GB
Copying public dir 16.9 GB
Copying public dir 17.1 GB
Copying public dir 17.1 GB
Copying public dir 17.6 GB
Copying public dir 17.6 GB
Copying public dir 18.1 GB
Copying public dir 18.1 GB
Copying public dir 18.6 GB
Copying public dir 18.7 GB
Copying public dir 19 GB
Copying public dir 19 GB
Copying public dir 19.5 GB
Copying public dir 19.5 GB
Copying public dir 20 GB
Copying public dir 20 GB
Copying public dir 20.5 GB
Copying public dir 20.7 GB
Copying public dir 21 GB
Copying public dir 21 GB
Copying public dir 21 GB
Copying public dir 21 GB
Copying public dir 21.1 GB
Copying public dir 21.1 GB
Copying public dir 21.1 GB
Copying public dir 21.1 GB
Copying public dir 21.1 GB
Copying public dir 21.2 GB
Copying public dir 21.2 GB
Copying public dir 21.2 GB
Copying public dir 21.2 GB
Copying public dir 21.3 GB
Copying public dir 21.3 GB
Copying public dir 21.3 GB
Copying public dir 21.3 GB
Copying public dir 21.3 GB
Copying public dir 21.4 GB
Copying public dir 21.4 GB
Copying public dir 21.4 GB
Copying public dir 21.4 GB
Copying public dir 21.4 GB
Copying public dir 21.5 GB
Copying public dir 21.5 GB
Copying public dir 21.5 GB
Copying public dir 21.5 GB
Copying public dir 21.5 GB
Copying public dir 21.6 GB
Copying public dir 21.6 GB
Copying public dir 21.6 GB
Copying public dir 21.6 GB
Copying public dir 22.1 GB
Copying public dir 22.1 GB
Copying public dir 22.1 GB
Copying public dir 22.4 GB
Copying public dir 22.4 GB
Copying public dir 22.5 GB
Copying public dir 22.5 GB
Copying public dir 22.5 GB
Copying public dir 22.5 GB
Copying public dir 22.5 GB
Copying public dir 22.6 GB
Copying public dir 22.6 GB
Copying public dir 22.6 GB
Copying public dir 22.6 GB
Copying public dir 22.6 GB
Copying public dir 22.6 GB
Copying public dir 22.6 GB
Copying public dir 22.7 GB
Copying public dir 22.7 GB
Copying public dir 22.7 GB
Copying public dir 22.7 GB
Copying public dir 22.7 GB
Copying public dir 22.7 GB
Copying public dir 22.7 GB
Copying public dir 22.7 GB
Copying public dir 22.7 GB
Copying public dir 22.7 GB
Copying public dir 22.7 GB
Copying public dir 22.7 GB
Copying public dir 22.7 GB
Copying public dir 22.7 GB
Copying public dir 22.7 GB
Copying public dir 22.7 GB
Copying public dir 22.7 GB
Copying public dir 22.7 GB
Copying public dir 22.7 GB
Copying public dir 22.7 GB
Copying public dir 22.7 GB
Copying public dir 22.7 GB
Copying public dir 22.7 GB
Copying public dir 22.7 GB
Copying public dir 23 GB
Copying public dir 23 GB
Copying public dir 23 GB
Copying public dir 23.2 GB
Copying public dir 23.2 GB
Copying public dir 23.2 GB
Copying public dir 23.2 GB
Copying public dir 23.5 GB
Copying public dir 23.6 GB
Copying public dir 23.6 GB
Copying public dir 23.7 GB
Copying public dir 23.7 GB
Copying public dir 23.7 GB
Copying public dir 23.7 GB
Copying public dir 23.7 GB
Copying public dir 23.7 GB
Copying public dir 23.7 GB
Copying public dir 23.7 GB
Copying public dir 23.7 GB
Copying public dir 23.7 GB
Copying public dir 23.7 GB
Copying public dir 23.7 GB
Copying public dir 23.7 GB
Copying public dir 23.7 GB
Copying public dir 23.7 GB
Copying public dir 23.7 GB
Copying public dir 23.7 GB
Copying public dir 23.7 GB
Copying public dir 23.7 GB
Copying public dir 23.7 GB
Copying public dir 23.7 GB
Copying public dir 23.7 GB
Copying public dir 23.7 GB
Copying public dir 23.7 GB
Copying public dir 23.7 GB
Copying public dir 23.7 GB
Copying public dir 23.7 GB
Copying public dir 23.7 GB
Copying public dir 23.7 GB
Copying public dir 23.7 GB
Copying public dir 23.7 GB
Copying public dir 23.7 GB
Copying public dir 23.7 GB
Copying public dir 23.7 GB
Copying public dir 23.7 GB
Copying public dir 23.7 GB
Copying public dir 23.7 GB
Copying public dir 23.7 GB
Copying public dir 23.7 GB
Copying public dir 23.7 GB
Copying public dir 23.7 GB
Copying public dir 23.7 GB
Copying public dir 23.7 GB
Copying public dir 23.7 GB
Copying public dir 23.7 GB
Copying public dir 23.7 GB
Copying public dir 23.7 GB
Copying public dir 23.7 GB
Copying public dir 23.7 GB
Copying public dir 23.7 GB
Copying public dir 23.7 GB
Copying public dir 23.7 GB
Copying public dir 23.7 GB
Copying public dir 23.7 GB
Copying public dir 23.7 GB
Copying public dir 23.7 GB
Copying public dir 23.7 GB
Copying public dir 23.7 GB
Copying public dir 23.7 GB
Copying public dir 23.7 GB
Copying public dir 23.7 GB
Copying public dir 23.7 GB
Copying public dir 23.7 GB
Copying public dir 23.7 GB
Copying public dir 23.7 GB
Copying public dir 23.7 GB
Copying public dir 23.7 GB
Copying public dir 23.7 GB
Copying public dir 23.7 GB
Copying public dir 23.7 GB
Copying public dir 23.7 GB
Copying public dir 23.7 GB
Copying public dir 23.7 GB
Copying public dir 23.7 GB
Copying public dir 23.7 GB
Copying public dir 23.7 GB
Copying public dir 23.7 GB
Copying public dir 23.7 GB
Copying public dir 23.7 GB
Copying public dir 23.7 GB
Copying public dir 23.7 GB
Copying public dir 23.7 GB
Copying public dir 23.7 GB
Copying public dir 23.7 GB
Copying public dir 23.7 GB
Copying public dir 23.7 GB
Copying public dir 23.7 GB
Copying public dir 23.7 GB
Copying public dir 23.7 GB
Copying public dir 23.7 GB
Copying public dir 23.7 GB
Copying public dir 23.7 GB
Copying public dir 23.7 GB
Copying public dir 23.7 GB
Copying public dir 23.7 GB
Copying public dir 23.7 GB
Copying public dir 23.7 GB
Copying public dir 23.7 GB
Copying public dir 23.7 GB
Copying public dir 23.7 GB
Copying public dir 23.7 GB
Copying public dir 23.7 GB
Copying public dir 23.7 GB
Copying public dir 23.7 GB
Copying public dir 23.7 GB
Copying public dir 23.7 GB
Copying public dir 23.7 GB
Copying public dir 23.7 GB
Copying public dir 23.7 GB
Copying public dir 23.7 GB
Copying public dir 23.7 GB
Copying public dir 23.7 GB
Copying public dir 23.7 GB
Copying public dir 23.7 GB
Copying public dir 23.7 GB
Copying public dir 23.7 GB
Copying public dir 23.7 GB
Copying public dir 23.7 GB
Copying public dir 23.7 GB
Copying public dir 23.7 GB
Copying public dir 23.7 GB
Copying public dir 23.7 GB
Copying public dir 23.7 GB
Copying public dir 23.7 GB
Copying public dir 23.7 GB
Copying public dir 23.7 GB
Copying public dir 23.7 GB
Copying public dir 23.7 GB
Copying public dir 23.7 GB
Copying public dir 23.7 GB
Copying public dir 23.7 GB
Copying public dir 23.7 GB
Copying public dir 23.7 GB
Copying public dir 23.7 GB
Copying public dir 23.7 GB
Copying public dir 23.7 GB
Copying public dir 23.7 GB
Copying public dir 23.7 GB
Copying public dir 23.7 GB
Copying public dir 23.7 GB
Copying public dir 23.7 GB
Copying public dir 23.7 GB
Copying public dir 23.7 GB
Copying public dir 23.7 GB
Copying public dir 23.7 GB
Copying public dir 23.7 GB
Copying public dir 23.7 GB
Copying public dir 23.7 GB
Copying public dir 23.7 GB
Copying public dir 23.7 GB
Copying public dir 23.7 GB
Copying public dir 23.7 GB
Copying public dir 23.7 GB
Copying public dir 23.7 GB
Copying public dir 23.7 GB
Copying public dir 23.7 GB
Copying public dir 23.7 GB
Copying public dir 23.7 GB
Copying public dir 23.7 GB
Copying public dir 23.7 GB
Copying public dir 23.7 GB
Getting compositions
Getting compositions
Composition          video-outdoor-portrait
Codec                h264
Output               /Users/johndoe/Documents/company/video_ops/projects/abstract_algebra_in_proof_assistant/04-set-equality/takes/take-voxcpm-ms0hkqyj/pipeline/composite/composite-ms0miymg/outdoor-portrait.mp4
Concurrency          6x
Rendered 0/10814
Rendered 1/10814, time remaining: 2h 44m 20s
Rendered 2/10814, time remaining: 2h 44m 48s
Rendered 3/10814, time remaining: 2h 45m 25s
Rendered 4/10814, time remaining: 2h 46m 3s
Rendered 5/10814, time remaining: 2h 46m 51s
Rendered 6/10814, time remaining: 2h 47m 40s
Rendered 7/10814, time remaining: 2h 25m 34s
Rendered 8/10814, time remaining: 2h 8m 44s
Rendered 9/10814, time remaining: 1h 56m 28s
Rendered 10/10814, time remaining: 1h 46m 25s
Rendered 11/10814, time remaining: 1h 38m 50s
Rendered 12/10814, time remaining: 1h 32m 57s
Rendered 13/10814, time remaining: 1h 26m 51s
Rendered 14/10814, time remaining: 1h 21m 55s
Rendered 15/10814, time remaining: 1h 17m 16s
Rendered 16/10814, time remaining: 1h 13m 25s
Rendered 17/10814, time remaining: 1h 10m 13s
Rendered 18/10814, time remaining: 1h 7m 4s
Rendered 19/10814, time remaining: 1h 4m 5s
Rendered 20/10814, time remaining: 1h 1m 32s
Rendered 21/10814, time remaining: 59m 17s
Rendered 22/10814, time remaining: 57m 8s
Rendered 23/10814, time remaining: 55m 18s
Rendered 24/10814, time remaining: 54m 1s
Rendered 25/10814, time remaining: 52m 27s
Rendered 26/10814, time remaining: 51m 1s
Rendered 27/10814, time remaining: 49m 57s
Rendered 28/10814, time remaining: 49m 4s
Rendered 29/10814, time remaining: 47m 58s
Rendered 30/10814, time remaining: 47m 5s
Rendered 31/10814, time remaining: 45m 54s
Rendered 32/10814, time remaining: 44m 58s
Rendered 33/10814, time remaining: 44m 8s
Rendered 34/10814, time remaining: 43m 14s
Rendered 35/10814, time remaining: 42m 33s
Rendered 36/10814, time remaining: 41m 47s
Rendered 37/10814, time remaining: 41m 4s
Rendered 38/10814, time remaining: 40m 24s
Rendered 39/10814, time remaining: 39m 45s
Rendered 40/10814, time remaining: 39m 5s
Rendered 41/10814, time remaining: 38m 33s
Rendered 42/10814, time remaining: 38m 1s
Rendered 43/10814, time remaining: 37m 21s
Rendered 44/10814, time remaining: 36m 51s
Rendered 45/10814, time remaining: 36m 21s
Rendered 46/10814, time remaining: 35m 56s
Rendered 47/10814, time remaining: 35m 30s
Rendered 48/10814, time remaining: 35m 5s
Rendered 49/10814, time remaining: 34m 42s
Rendered 50/10814, time remaining: 34m 26s
Rendered 51/10814, time remaining: 34m 6s
Rendered 52/10814, time remaining: 33m 52s
Rendered 53/10814, time remaining: 33m 39s
Rendered 54/10814, time remaining: 33m 21s
Rendered 55/10814, time remaining: 33m 9s
Rendered 56/10814, time remaining: 32m 50s
Rendered 57/10814, time remaining: 32m 34s
Rendered 58/10814, time remaining: 32m 23s
Rendered 59/10814, time remaining: 32m 6s
Rendered 60/10814, time remaining: 31m 54s
Rendered 61/10814, time remaining: 31m 40s
Rendered 62/10814, time remaining: 31m 22s
Rendered 63/10814, time remaining: 31m 4s
Rendered 64/10814, time remaining: 30m 47s
Rendered 65/10814, time remaining: 30m 33s
Rendered 66/10814, time remaining: 30m 29s
Rendered 67/10814, time remaining: 30m 22s
Rendered 68/10814, time remaining: 30m 7s
Rendered 69/10814, time remaining: 29m 56s
Rendered 70/10814, time remaining: 29m 41s
Rendered 71/10814, time remaining: 29m 34s
Rendered 72/10814, time remaining: 29m 29s
Rendered 73/10814, time remaining: 29m 17s
Rendered 74/10814, time remaining: 29m 11s
Rendered 75/10814, time remaining: 29m 5s
Rendered 76/10814, time remaining: 28m 55s
Rendered 77/10814, time remaining: 28m 47s
Rendered 78/10814, time remaining: 28m 37s
Rendered 79/10814, time remaining: 28m 31s
Rendered 80/10814, time remaining: 28m 23s
Rendered 81/10814, time remaining: 28m 15s
Rendered 82/10814, time remaining: 28m 4s
Rendered 83/10814, time remaining: 27m 57s
Rendered 84/10814, time remaining: 27m 54s
Rendered 85/10814, time remaining: 27m 47s
Rendered 86/10814, time remaining: 27m 45s
Rendered 87/10814, time remaining: 27m 40s
Rendered 88/10814, time remaining: 27m 33s
Rendered 89/10814, time remaining: 27m 26s
Rendered 90/10814, time remaining: 27m 18s
Rendered 91/10814, time remaining: 27m 13s
Rendered 92/10814, time remaining: 27m 8s
Rendered 93/10814, time remaining: 27m 9s
Rendered 94/10814, time remaining: 27m 3s
Rendered 95/10814, time remaining: 26m 59s
Rendered 96/10814, time remaining: 26m 56s
Rendered 97/10814, time remaining: 26m 52s
Rendered 98/10814, time remaining: 26m 48s
Rendered 99/10814, time remaining: 26m 43s
Rendered 100/10814, time remaining: 26m 39s
Rendered 101/10814, time remaining: 26m 32s
Rendered 102/10814, time remaining: 26m 26s
Rendered 103/10814, time remaining: 26m 21s
Rendered 104/10814, time remaining: 26m 21s
Rendered 105/10814, time remaining: 26m 21s
Rendered 106/10814, time remaining: 26m 18s
Rendered 107/10814, time remaining: 26m 18s
Rendered 108/10814, time remaining: 26m 17s
Rendered 109/10814, time remaining: 26m 14s
Rendered 110/10814, time remaining: 26m 14s
Rendered 111/10814, time remaining: 26m 11s
Rendered 112/10814, time remaining: 26m 9s
Rendered 113/10814, time remaining: 26m 5s
Rendered 114/10814, time remaining: 26m 5s
Rendered 115/10814, time remaining: 26m 1s
Rendered 116/10814, time remaining: 25m 57s
Rendered 117/10814, time remaining: 25m 58s
Rendered 118/10814, time remaining: 25m 53s
Rendered 119/10814, time remaining: 25m 48s
Rendered 120/10814, time remaining: 25m 45s
Rendered 121/10814, time remaining: 25m 40s
Rendered 122/10814, time remaining: 25m 41s
Rendered 123/10814, time remaining: 25m 42s
Rendered 124/10814, time remaining: 25m 35s
Rendered 125/10814, time remaining: 25m 34s
Rendered 126/10814, time remaining: 25m 31s
Rendered 127/10814, time remaining: 25m 30s
Rendered 128/10814, time remaining: 25m 29s
Rendered 129/10814, time remaining: 25m 28s
Rendered 130/10814, time remaining: 25m 26s
Rendered 131/10814, time remaining: 25m 25s
Rendered 132/10814, time remaining: 25m 22s
Rendered 133/10814, time remaining: 25m 19s
Rendered 134/10814, time remaining: 25m 16s
Rendered 135/10814, time remaining: 25m 14s
Rendered 136/10814, time remaining: 25m 8s
Rendered 137/10814, time remaining: 25m 4s
Rendered 138/10814, time remaining: 25m 2s
Rendered 139/10814, time remaining: 25m 0s
Rendered 140/10814, time remaining: 24m 58s
Rendered 141/10814, time remaining: 24m 56s
Rendered 142/10814, time remaining: 24m 51s
Rendered 143/10814, time remaining: 24m 48s
Rendered 144/10814, time remaining: 24m 43s
Rendered 145/10814, time remaining: 24m 41s
Rendered 146/10814, time remaining: 24m 38s
Rendered 147/10814, time remaining: 24m 35s
Rendered 148/10814, time remaining: 24m 32s
Rendered 149/10814, time remaining: 24m 28s
Rendered 150/10814, time remaining: 24m 25s
Rendered 151/10814, time remaining: 24m 22s
Rendered 152/10814, time remaining: 24m 19s
Rendered 153/10814, time remaining: 24m 16s
Rendered 154/10814, time remaining: 24m 11s
Rendered 155/10814, time remaining: 24m 8s
Rendered 156/10814, time remaining: 24m 4s
Rendered 157/10814, time remaining: 24m 1s
Rendered 158/10814, time remaining: 23m 57s
Rendered 159/10814, time remaining: 23m 54s
Rendered 160/10814, time remaining: 23m 50s
Rendered 161/10814, time remaining: 23m 46s
Rendered 162/10814, time remaining: 23m 43s
Rendered 163/10814, time remaining: 23m 39s
Rendered 164/10814, time remaining: 23m 38s
Rendered 165/10814, time remaining: 23m 37s
Rendered 166/10814, time remaining: 23m 34s
Rendered 167/10814, time remaining: 23m 31s
Rendered 168/10814, time remaining: 23m 28s
Rendered 169/10814, time remaining: 23m 25s
Rendered 170/10814, time remaining: 23m 21s
Rendered 171/10814, time remaining: 23m 20s
Rendered 172/10814, time remaining: 23m 18s
Rendered 173/10814, time remaining: 23m 14s
Rendered 174/10814, time remaining: 23m 11s
Rendered 175/10814, time remaining: 23m 8s
Rendered 176/10814, time remaining: 23m 6s
Rendered 177/10814, time remaining: 23m 3s
Rendered 178/10814, time remaining: 23m 1s
Rendered 179/10814, time remaining: 22m 57s
Rendered 180/10814, time remaining: 22m 54s
Rendered 181/10814, time remaining: 22m 51s
Rendered 182/10814, time remaining: 22m 48s
Rendered 183/10814, time remaining: 22m 46s
Rendered 184/10814, time remaining: 22m 44s
Rendered 185/10814, time remaining: 22m 42s
Rendered 186/10814, time remaining: 22m 39s
Rendered 187/10814, time remaining: 22m 36s
Rendered 188/10814, time remaining: 22m 33s
Rendered 189/10814, time remaining: 22m 30s
Rendered 190/10814, time remaining: 22m 28s
Rendered 191/10814, time remaining: 22m 26s
Rendered 192/10814, time remaining: 22m 23s
Rendered 193/10814, time remaining: 22m 20s
Rendered 194/10814, time remaining: 22m 17s
Rendered 195/10814, time remaining: 22m 15s
Rendered 196/10814, time remaining: 22m 13s
Rendered 197/10814, time remaining: 22m 10s
Rendered 198/10814, time remaining: 22m 9s
Rendered 199/10814, time remaining: 22m 8s
Rendered 200/10814, time remaining: 22m 5s
Rendered 201/10814, time remaining: 22m 2s
Rendered 202/10814, time remaining: 22m 0s
Rendered 203/10814, time remaining: 21m 58s
Rendered 204/10814, time remaining: 21m 57s
Rendered 205/10814, time remaining: 21m 55s
Rendered 206/10814, time remaining: 21m 53s
Rendered 207/10814, time remaining: 21m 51s
Rendered 208/10814, time remaining: 21m 49s
Rendered 209/10814, time remaining: 21m 47s
Rendered 210/10814, time remaining: 21m 44s
Rendered 211/10814, time remaining: 21m 43s
Rendered 212/10814, time remaining: 21m 41s
Rendered 213/10814, time remaining: 21m 38s
Rendered 214/10814, time remaining: 21m 37s
Rendered 215/10814, time remaining: 21m 35s
Rendered 216/10814, time remaining: 21m 32s
Rendered 217/10814, time remaining: 21m 30s
Rendered 218/10814, time remaining: 21m 29s
Rendered 219/10814, time remaining: 21m 26s
Rendered 220/10814, time remaining: 21m 25s
Rendered 221/10814, time remaining: 21m 22s
Rendered 222/10814, time remaining: 21m 19s
Rendered 223/10814, time remaining: 21m 17s
Rendered 224/10814, time remaining: 21m 16s
Rendered 225/10814, time remaining: 21m 14s
Rendered 226/10814, time remaining: 21m 12s
Rendered 227/10814, time remaining: 21m 10s
Rendered 228/10814, time remaining: 21m 8s
Rendered 229/10814, time remaining: 21m 6s
Rendered 230/10814, time remaining: 21m 4s
Rendered 231/10814, time remaining: 21m 2s
Rendered 232/10814, time remaining: 21m 0s
Rendered 233/10814, time remaining: 20m 59s
Rendered 234/10814, time remaining: 20m 58s
Rendered 235/10814, time remaining: 20m 56s
Rendered 236/10814, time remaining: 20m 55s
Rendered 237/10814, time remaining: 20m 53s
Rendered 238/10814, time remaining: 20m 51s
Rendered 239/10814, time remaining: 20m 50s
Rendered 240/10814, time remaining: 20m 47s
Rendered 241/10814, time remaining: 20m 45s
Rendered 242/10814, time remaining: 20m 44s
Rendered 243/10814, time remaining: 20m 42s
Rendered 244/10814, time remaining: 20m 41s
Rendered 245/10814, time remaining: 20m 39s
Rendered 246/10814, time remaining: 20m 37s
Rendered 247/10814, time remaining: 20m 36s
Rendered 248/10814, time remaining: 20m 34s
Rendered 249/10814, time remaining: 20m 32s
Rendered 250/10814, time remaining: 20m 30s
Rendered 251/10814, time remaining: 20m 28s
Rendered 252/10814, time remaining: 20m 27s
Rendered 253/10814, time remaining: 20m 25s
Rendered 254/10814, time remaining: 20m 24s
Rendered 255/10814, time remaining: 20m 22s
Rendered 256/10814, time remaining: 20m 20s
Rendered 257/10814, time remaining: 20m 18s
Rendered 258/10814, time remaining: 20m 17s
Rendered 259/10814, time remaining: 20m 16s
Rendered 260/10814, time remaining: 20m 14s
Rendered 261/10814, time remaining: 20m 13s
Rendered 262/10814, time remaining: 20m 12s
Rendered 263/10814, time remaining: 20m 10s
Rendered 264/10814, time remaining: 20m 9s
Rendered 265/10814, time remaining: 20m 7s
Rendered 266/10814, time remaining: 20m 6s
Rendered 267/10814, time remaining: 20m 4s
Rendered 268/10814, time remaining: 20m 3s
Rendered 269/10814, time remaining: 20m 1s
Rendered 270/10814, time remaining: 20m 0s
Rendered 271/10814, time remaining: 19m 59s
Rendered 272/10814, time remaining: 19m 57s
Rendered 273/10814, time remaining: 19m 56s
Rendered 274/10814, time remaining: 19m 55s
Rendered 275/10814, time remaining: 19m 54s
Rendered 276/10814, time remaining: 19m 52s
Rendered 277/10814, time remaining: 19m 51s
Rendered 278/10814, time remaining: 19m 51s
Rendered 279/10814, time remaining: 19m 49s
Rendered 280/10814, time remaining: 19m 48s
Rendered 281/10814, time remaining: 19m 48s
Rendered 282/10814, time remaining: 19m 48s
Rendered 283/10814, time remaining: 19m 48s
Rendered 284/10814, time remaining: 19m 48s
Rendered 285/10814, time remaining: 19m 48s
Rendered 286/10814, time remaining: 19m 48s
Rendered 287/10814, time remaining: 19m 46s
Rendered 288/10814, time remaining: 19m 46s
Rendered 289/10814, time remaining: 19m 46s
Rendered 290/10814, time remaining: 19m 46s
Rendered 291/10814, time remaining: 19m 46s
Rendered 292/10814, time remaining: 19m 45s
Rendered 293/10814, time remaining: 19m 45s
Rendered 294/10814, time remaining: 19m 44s
Rendered 295/10814, time remaining: 19m 44s
Rendered 296/10814, time remaining: 19m 44s
Rendered 297/10814, time remaining: 19m 44s
Rendered 298/10814, time remaining: 19m 44s
Rendered 299/10814, time remaining: 19m 44s
Rendered 300/10814, time remaining: 19m 43s
Rendered 301/10814, time remaining: 19m 42s
Rendered 302/10814, time remaining: 19m 42s
Rendered 303/10814, time remaining: 19m 41s
Rendered 304/10814, time remaining: 19m 40s
Rendered 305/10814, time remaining: 19m 40s
Rendered 306/10814, time remaining: 19m 38s
Rendered 307/10814, time remaining: 19m 38s
Rendered 308/10814, time remaining: 19m 38s
Rendered 309/10814, time remaining: 19m 38s
Rendered 310/10814, time remaining: 19m 37s
Rendered 311/10814, time remaining: 19m 36s
Rendered 312/10814, time remaining: 19m 34s
Rendered 313/10814, time remaining: 19m 34s
Rendered 314/10814, time remaining: 19m 33s
Rendered 315/10814, time remaining: 19m 33s
Rendered 316/10814, time remaining: 19m 32s
Rendered 317/10814, time remaining: 19m 31s
Rendered 318/10814, time remaining: 19m 30s
Rendered 319/10814, time remaining: 19m 29s
Rendered 320/10814, time remaining: 19m 29s
Rendered 321/10814, time remaining: 19m 29s
Rendered 322/10814, time remaining: 19m 29s
Rendered 323/10814, time remaining: 19m 29s
Rendered 324/10814, time remaining: 19m 28s
Rendered 325/10814, time remaining: 19m 27s
Rendered 326/10814, time remaining: 19m 28s
Rendered 327/10814, time remaining: 19m 29s
Rendered 328/10814, time remaining: 19m 29s
Rendered 329/10814, time remaining: 19m 28s
Rendered 330/10814, time remaining: 19m 29s
Rendered 331/10814, time remaining: 19m 29s
Rendered 332/10814, time remaining: 19m 28s
Rendered 333/10814, time remaining: 19m 29s
Rendered 334/10814, time remaining: 19m 28s
Rendered 335/10814, time remaining: 19m 29s
Rendered 336/10814, time remaining: 19m 29s
Rendered 337/10814, time remaining: 19m 28s
Rendered 338/10814, time remaining: 19m 27s
Rendered 339/10814, time remaining: 19m 27s
Rendered 340/10814, time remaining: 19m 26s
Rendered 341/10814, time remaining: 19m 26s
Rendered 342/10814, time remaining: 19m 27s
Rendered 343/10814, time remaining: 19m 26s
Rendered 344/10814, time remaining: 19m 25s
Rendered 345/10814, time remaining: 19m 25s
Rendered 346/10814, time remaining: 19m 24s
Rendered 347/10814, time remaining: 19m 24s
Rendered 348/10814, time remaining: 19m 23s
Rendered 349/10814, time remaining: 19m 23s
Rendered 350/10814, time remaining: 19m 23s
Rendered 351/10814, time remaining: 19m 23s
Rendered 352/10814, time remaining: 19m 24s
Rendered 353/10814, time remaining: 19m 24s
Rendered 354/10814, time remaining: 19m 24s
Rendered 355/10814, time remaining: 19m 24s
Rendered 356/10814, time remaining: 19m 23s
Rendered 357/10814, time remaining: 19m 22s
Rendered 358/10814, time remaining: 19m 22s
Rendered 359/10814, time remaining: 19m 21s
Rendered 360/10814, time remaining: 19m 22s
Rendered 361/10814, time remaining: 19m 23s
Rendered 362/10814, time remaining: 19m 23s
Rendered 363/10814, time remaining: 19m 23s
Rendered 364/10814, time remaining: 19m 23s
Rendered 365/10814, time remaining: 19m 23s
Rendered 366/10814, time remaining: 19m 23s
Rendered 367/10814, time remaining: 19m 23s
Rendered 368/10814, time remaining: 19m 22s
Rendered 369/10814, time remaining: 19m 22s
Rendered 370/10814, time remaining: 19m 21s
Rendered 371/10814, time remaining: 19m 22s
Rendered 372/10814, time remaining: 19m 21s
Rendered 373/10814, time remaining: 19m 21s
Rendered 374/10814, time remaining: 19m 20s
Rendered 375/10814, time remaining: 19m 20s
Rendered 376/10814, time remaining: 19m 21s
Rendered 377/10814, time remaining: 19m 21s
Rendered 378/10814, time remaining: 19m 21s
Rendered 379/10814, time remaining: 19m 21s
Rendered 380/10814, time remaining: 19m 20s
Rendered 381/10814, time remaining: 19m 20s
Rendered 382/10814, time remaining: 19m 20s
Rendered 383/10814, time remaining: 19m 20s
Rendered 384/10814, time remaining: 19m 21s
Rendered 385/10814, time remaining: 19m 22s
Rendered 386/10814, time remaining: 19m 21s
Rendered 387/10814, time remaining: 19m 21s
Rendered 388/10814, time remaining: 19m 23s
Rendered 389/10814, time remaining: 19m 24s
Rendered 390/10814, time remaining: 19m 24s
Rendered 391/10814, time remaining: 19m 24s
Rendered 392/10814, time remaining: 19m 24s
Rendered 393/10814, time remaining: 19m 24s
Rendered 394/10814, time remaining: 19m 23s
Rendered 395/10814, time remaining: 19m 23s
Rendered 396/10814, time remaining: 19m 22s
Rendered 397/10814, time remaining: 19m 24s
Rendered 398/10814, time remaining: 19m 23s
Rendered 399/10814, time remaining: 19m 23s
Rendered 400/10814, time remaining: 19m 23s
Rendered 401/10814, time remaining: 19m 23s
Rendered 402/10814, time remaining: 19m 23s
Rendered 403/10814, time remaining: 19m 22s
Rendered 404/10814, time remaining: 19m 22s
Rendered 405/10814, time remaining: 19m 22s
Rendered 406/10814, time remaining: 19m 22s
Rendered 407/10814, time remaining: 19m 20s
Rendered 408/10814, time remaining: 19m 20s
Rendered 409/10814, time remaining: 19m 20s
Rendered 410/10814, time remaining: 19m 20s
Rendered 411/10814, time remaining: 19m 20s
Rendered 412/10814, time remaining: 19m 20s
Rendered 413/10814, time remaining: 19m 19s
Rendered 414/10814, time remaining: 19m 20s
Rendered 415/10814, time remaining: 19m 19s
Rendered 416/10814, time remaining: 19m 19s
Rendered 417/10814, time remaining: 19m 19s
Rendered 418/10814, time remaining: 19m 20s
Rendered 419/10814, time remaining: 19m 19s
Rendered 420/10814, time remaining: 19m 18s
Rendered 421/10814, time remaining: 19m 18s
Rendered 422/10814, time remaining: 19m 19s
Rendered 423/10814, time remaining: 19m 18s
Rendered 424/10814, time remaining: 19m 17s
Rendered 425/10814, time remaining: 19m 17s
Rendered 426/10814, time remaining: 19m 17s
Rendered 427/10814, time remaining: 19m 17s
Rendered 428/10814, time remaining: 19m 17s
Rendered 429/10814, time remaining: 19m 16s
Rendered 430/10814, time remaining: 19m 15s
Rendered 431/10814, time remaining: 19m 16s
Rendered 432/10814, time remaining: 19m 16s
Rendered 433/10814, time remaining: 19m 17s
Rendered 434/10814, time remaining: 19m 17s
Rendered 435/10814, time remaining: 19m 17s
Rendered 436/10814, time remaining: 19m 16s
Rendered 437/10814, time remaining: 19m 16s
Rendered 438/10814, time remaining: 19m 16s
Rendered 439/10814, time remaining: 19m 16s
Rendered 440/10814, time remaining: 19m 17s
Rendered 441/10814, time remaining: 19m 16s
Rendered 442/10814, time remaining: 19m 16s
Rendered 443/10814, time remaining: 19m 15s
Rendered 444/10814, time remaining: 19m 16s
Rendered 445/10814, time remaining: 19m 16s
Rendered 446/10814, time remaining: 19m 16s
Rendered 447/10814, time remaining: 19m 15s
Rendered 448/10814, time remaining: 19m 15s
Rendered 449/10814, time remaining: 19m 15s
Rendered 450/10814, time remaining: 19m 16s
Rendered 451/10814, time remaining: 19m 16s
Rendered 452/10814, time remaining: 19m 16s
Rendered 453/10814, time remaining: 19m 16s
Rendered 454/10814, time remaining: 19m 16s
Rendered 455/10814, time remaining: 19m 16s
Rendered 456/10814, time remaining: 19m 16s
Rendered 457/10814, time remaining: 19m 17s
Rendered 458/10814, time remaining: 19m 17s
Rendered 459/10814, time remaining: 19m 16s
Rendered 460/10814, time remaining: 19m 15s
Rendered 461/10814, time remaining: 19m 16s
Rendered 462/10814, time remaining: 19m 16s
Rendered 463/10814, time remaining: 19m 15s
Rendered 464/10814, time remaining: 19m 15s
Rendered 465/10814, time remaining: 19m 15s
Rendered 466/10814, time remaining: 19m 14s
Rendered 467/10814, time remaining: 19m 14s
Rendered 468/10814, time remaining: 19m 14s
Rendered 469/10814, time remaining: 19m 14s
Rendered 470/10814, time remaining: 19m 15s
Rendered 471/10814, time remaining: 19m 15s
Rendered 472/10814, time remaining: 19m 15s
Rendered 473/10814, time remaining: 19m 15s
Rendered 474/10814, time remaining: 19m 14s
Rendered 475/10814, time remaining: 19m 15s
Rendered 476/10814, time remaining: 19m 14s
Rendered 477/10814, time remaining: 19m 14s
Rendered 478/10814, time remaining: 19m 13s
Rendered 479/10814, time remaining: 19m 13s
Rendered 480/10814, time remaining: 19m 12s
Rendered 481/10814, time remaining: 19m 13s
Rendered 482/10814, time remaining: 19m 13s
Rendered 483/10814, time remaining: 19m 13s
Rendered 484/10814, time remaining: 19m 13s
Rendered 485/10814, time remaining: 19m 13s
Rendered 486/10814, time remaining: 19m 13s
Rendered 487/10814, time remaining: 19m 13s
Rendered 488/10814, time remaining: 19m 13s
Rendered 489/10814, time remaining: 19m 12s
Rendered 490/10814, time remaining: 19m 11s
Rendered 491/10814, time remaining: 19m 11s
Rendered 492/10814, time remaining: 19m 11s
Rendered 493/10814, time remaining: 19m 11s
Rendered 494/10814, time remaining: 19m 10s
Rendered 495/10814, time remaining: 19m 10s
Rendered 496/10814, time remaining: 19m 10s
Rendered 497/10814, time remaining: 19m 9s
Rendered 498/10814, time remaining: 19m 10s
Rendered 499/10814, time remaining: 19m 10s
Rendered 500/10814, time remaining: 19m 10s
Rendered 501/10814, time remaining: 19m 10s
Rendered 502/10814, time remaining: 19m 10s
Rendered 503/10814, time remaining: 19m 9s
Rendered 504/10814, time remaining: 19m 10s
Rendered 505/10814, time remaining: 19m 10s
Rendered 506/10814, time remaining: 19m 9s
Rendered 507/10814, time remaining: 19m 9s
Rendered 508/10814, time remaining: 19m 8s
Rendered 509/10814, time remaining: 19m 8s
Rendered 510/10814, time remaining: 19m 8s
Rendered 511/10814, time remaining: 19m 8s
Rendered 512/10814, time remaining: 19m 8s
Rendered 513/10814, time remaining: 19m 8s
Rendered 514/10814, time remaining: 19m 7s
Rendered 515/10814, time remaining: 19m 8s
Rendered 516/10814, time remaining: 19m 8s
Rendered 517/10814, time remaining: 19m 7s
Rendered 518/10814, time remaining: 19m 7s
Rendered 519/10814, time remaining: 19m 7s
Rendered 520/10814, time remaining: 19m 6s
Rendered 521/10814, time remaining: 19m 6s
Rendered 522/10814, time remaining: 19m 6s
Rendered 523/10814, time remaining: 19m 7s
Rendered 524/10814, time remaining: 19m 7s
Rendered 525/10814, time remaining: 19m 8s
Rendered 526/10814, time remaining: 19m 8s
Rendered 527/10814, time remaining: 19m 8s
Rendered 528/10814, time remaining: 19m 8s
Rendered 529/10814, time remaining: 19m 9s
Rendered 530/10814, time remaining: 19m 9s
Rendered 531/10814, time remaining: 19m 10s
Rendered 532/10814, time remaining: 19m 9s
Rendered 533/10814, time remaining: 19m 8s
Rendered 534/10814, time remaining: 19m 8s
Rendered 535/10814, time remaining: 19m 8s
Rendered 536/10814, time remaining: 19m 9s
Rendered 537/10814, time remaining: 19m 9s
Rendered 538/10814, time remaining: 19m 8s
Rendered 539/10814, time remaining: 19m 7s
Rendered 540/10814, time remaining: 19m 8s
Rendered 541/10814, time remaining: 19m 8s
Rendered 542/10814, time remaining: 19m 8s
Rendered 543/10814, time remaining: 19m 8s
Rendered 544/10814, time remaining: 19m 8s
Rendered 545/10814, time remaining: 19m 8s
Rendered 546/10814, time remaining: 19m 7s
Rendered 547/10814, time remaining: 19m 8s
Rendered 548/10814, time remaining: 19m 7s
Rendered 549/10814, time remaining: 19m 7s
Rendered 550/10814, time remaining: 19m 7s
Rendered 551/10814, time remaining: 19m 7s
Rendered 552/10814, time remaining: 19m 6s
Rendered 553/10814, time remaining: 19m 6s
Rendered 554/10814, time remaining: 19m 6s
Rendered 555/10814, time remaining: 19m 6s
Rendered 556/10814, time remaining: 19m 6s
Rendered 557/10814, time remaining: 19m 6s
Rendered 558/10814, time remaining: 19m 6s
Rendered 559/10814, time remaining: 19m 6s
Rendered 560/10814, time remaining: 19m 6s
Rendered 561/10814, time remaining: 19m 6s
Rendered 562/10814, time remaining: 19m 6s
Rendered 563/10814, time remaining: 19m 6s
Rendered 564/10814, time remaining: 19m 6s
Rendered 565/10814, time remaining: 19m 6s
Rendered 566/10814, time remaining: 19m 6s
Rendered 567/10814, time remaining: 19m 6s
Rendered 568/10814, time remaining: 19m 6s
Rendered 569/10814, time remaining: 19m 5s
Rendered 570/10814, time remaining: 19m 5s
Rendered 571/10814, time remaining: 19m 6s
Rendered 572/10814, time remaining: 19m 5s
Rendered 573/10814, time remaining: 19m 5s
Rendered 574/10814, time remaining: 19m 5s
Rendered 575/10814, time remaining: 19m 5s
Rendered 576/10814, time remaining: 19m 5s
Rendered 577/10814, time remaining: 19m 5s
Rendered 578/10814, time remaining: 19m 5s
Rendered 579/10814, time remaining: 19m 5s
Rendered 580/10814, time remaining: 19m 4s
Rendered 581/10814, time remaining: 19m 3s
Rendered 582/10814, time remaining: 19m 3s
Rendered 583/10814, time remaining: 19m 3s
Rendered 584/10814, time remaining: 19m 3s
Rendered 585/10814, time remaining: 19m 4s
Rendered 586/10814, time remaining: 19m 3s
Rendered 587/10814, time remaining: 19m 3s
Rendered 588/10814, time remaining: 19m 3s
Rendered 589/10814, time remaining: 19m 3s
Rendered 590/10814, time remaining: 19m 3s
Rendered 591/10814, time remaining: 19m 4s
Rendered 592/10814, time remaining: 19m 4s
Rendered 593/10814, time remaining: 19m 4s
Rendered 594/10814, time remaining: 19m 4s
Rendered 595/10814, time remaining: 19m 3s
Rendered 596/10814, time remaining: 19m 3s
Rendered 597/10814, time remaining: 19m 4s
Rendered 598/10814, time remaining: 19m 3s
Rendered 599/10814, time remaining: 19m 3s
Rendered 600/10814, time remaining: 19m 3s
Rendered 601/10814, time remaining: 19m 3s
Rendered 602/10814, time remaining: 19m 3s
Rendered 603/10814, time remaining: 19m 2s
Rendered 604/10814, time remaining: 19m 2s
Rendered 605/10814, time remaining: 19m 1s
Rendered 606/10814, time remaining: 19m 1s
Rendered 607/10814, time remaining: 19m 2s
Rendered 608/10814, time remaining: 19m 3s
Rendered 609/10814, time remaining: 19m 3s
Rendered 610/10814, time remaining: 19m 2s
Rendered 611/10814, time remaining: 19m 2s
Rendered 612/10814, time remaining: 19m 2s
Rendered 613/10814, time remaining: 19m 2s
Rendered 614/10814, time remaining: 19m 2s
Rendered 615/10814, time remaining: 19m 2s
Rendered 616/10814, time remaining: 19m 2s
Rendered 617/10814, time remaining: 19m 2s
Rendered 618/10814, time remaining: 19m 1s
Rendered 619/10814, time remaining: 19m 1s
Rendered 620/10814, time remaining: 19m 2s
Rendered 621/10814, time remaining: 19m 2s
Rendered 622/10814, time remaining: 19m 2s
Rendered 623/10814, time remaining: 19m 1s
Rendered 624/10814, time remaining: 19m 1s
Rendered 625/10814, time remaining: 19m 1s
Rendered 626/10814, time remaining: 19m 1s
Rendered 627/10814, time remaining: 19m 1s
Rendered 628/10814, time remaining: 19m 1s
Rendered 629/10814, time remaining: 19m 1s
Rendered 630/10814, time remaining: 19m 0s
Rendered 631/10814, time remaining: 19m 0s
Rendered 632/10814, time remaining: 19m 1s
Rendered 633/10814, time remaining: 19m 1s
Rendered 634/10814, time remaining: 19m 2s
Rendered 635/10814, time remaining: 19m 1s
Rendered 636/10814, time remaining: 19m 1s
Rendered 637/10814, time remaining: 19m 1s
Rendered 638/10814, time remaining: 19m 1s
Rendered 639/10814, time remaining: 19m 2s
Rendered 640/10814, time remaining: 19m 1s
Rendered 641/10814, time remaining: 19m 1s
Rendered 642/10814, time remaining: 19m 1s
Rendered 643/10814, time remaining: 19m 1s
Rendered 644/10814, time remaining: 19m 1s
Rendered 645/10814, time remaining: 19m 1s
Rendered 646/10814, time remaining: 19m 1s
Rendered 647/10814, time remaining: 19m 1s
Rendered 648/10814, time remaining: 19m 7s
Rendered 649/10814, time remaining: 19m 13s
Rendered 650/10814, time remaining: 19m 20s
Rendered 651/10814, time remaining: 19m 28s
Rendered 652/10814, time remaining: 19m 36s
Rendered 653/10814, time remaining: 19m 44s
Rendered 654/10814, time remaining: 19m 45s
Rendered 655/10814, time remaining: 19m 48s
Rendered 656/10814, time remaining: 19m 51s
Rendered 657/10814, time remaining: 19m 52s
Rendered 658/10814, time remaining: 19m 52s
Rendered 659/10814, time remaining: 19m 53s
Rendered 660/10814, time remaining: 19m 52s
Rendered 661/10814, time remaining: 19m 52s
Rendered 662/10814, time remaining: 19m 52s
Rendered 663/10814, time remaining: 19m 52s
Rendered 664/10814, time remaining: 19m 52s
Rendered 665/10814, time remaining: 19m 52s
Rendered 666/10814, time remaining: 19m 52s
Rendered 667/10814, time remaining: 19m 51s
Rendered 668/10814, time remaining: 19m 51s
Rendered 669/10814, time remaining: 19m 51s
Rendered 670/10814, time remaining: 19m 51s
Rendered 671/10814, time remaining: 19m 51s
Rendered 672/10814, time remaining: 19m 51s
Rendered 673/10814, time remaining: 19m 51s
Rendered 674/10814, time remaining: 19m 51s
Rendered 675/10814, time remaining: 19m 51s
Rendered 676/10814, time remaining: 19m 51s
Rendered 677/10814, time remaining: 19m 51s
Rendered 678/10814, time remaining: 19m 51s
Rendered 679/10814, time remaining: 19m 51s
Rendered 680/10814, time remaining: 19m 51s
Rendered 681/10814, time remaining: 19m 50s
Rendered 682/10814, time remaining: 19m 51s
Rendered 683/10814, time remaining: 19m 51s
Rendered 684/10814, time remaining: 19m 51s
Rendered 685/10814, time remaining: 19m 50s
Rendered 686/10814, time remaining: 19m 51s
Rendered 687/10814, time remaining: 19m 51s
Rendered 688/10814, time remaining: 19m 51s
Rendered 689/10814, time remaining: 19m 51s
Rendered 690/10814, time remaining: 19m 51s
Rendered 691/10814, time remaining: 19m 51s
Rendered 692/10814, time remaining: 19m 51s
Rendered 693/10814, time remaining: 19m 51s
Rendered 694/10814, time remaining: 19m 51s
Rendered 695/10814, time remaining: 19m 51s
Rendered 696/10814, time remaining: 19m 51s
Rendered 697/10814, time remaining: 19m 51s
Rendered 698/10814, time remaining: 19m 51s
Rendered 699/10814, time remaining: 19m 51s
Rendered 700/10814, time remaining: 19m 51s
Rendered 701/10814, time remaining: 19m 51s
Rendered 702/10814, time remaining: 19m 50s
Rendered 703/10814, time remaining: 19m 51s
Rendered 704/10814, time remaining: 19m 52s
Rendered 705/10814, time remaining: 19m 52s
Rendered 706/10814, time remaining: 19m 53s
Rendered 707/10814, time remaining: 19m 54s
Rendered 708/10814, time remaining: 19m 53s
Rendered 709/10814, time remaining: 19m 52s
Rendered 710/10814, time remaining: 19m 52s
Rendered 711/10814, time remaining: 19m 52s
Rendered 712/10814, time remaining: 19m 52s
Rendered 713/10814, time remaining: 19m 52s
Rendered 714/10814, time remaining: 19m 52s
Rendered 715/10814, time remaining: 19m 51s
Rendered 716/10814, time remaining: 19m 51s
Rendered 717/10814, time remaining: 19m 50s
Rendered 718/10814, time remaining: 19m 51s
Rendered 719/10814, time remaining: 19m 51s
Rendered 720/10814, time remaining: 19m 51s
Rendered 721/10814, time remaining: 19m 50s
Rendered 722/10814, time remaining: 19m 51s
Rendered 723/10814, time remaining: 19m 51s
Rendered 724/10814, time remaining: 19m 51s
Rendered 725/10814, time remaining: 19m 51s
Rendered 726/10814, time remaining: 19m 51s
Rendered 727/10814, time remaining: 19m 50s
Rendered 728/10814, time remaining: 19m 50s
Rendered 729/10814, time remaining: 19m 49s
Rendered 730/10814, time remaining: 19m 50s
Rendered 731/10814, time remaining: 19m 49s
Rendered 732/10814, time remaining: 19m 49s
Rendered 733/10814, time remaining: 19m 49s
Rendered 734/10814, time remaining: 19m 48s
Rendered 735/10814, time remaining: 19m 49s
Rendered 736/10814, time remaining: 19m 48s
Rendered 737/10814, time remaining: 19m 48s
Rendered 738/10814, time remaining: 19m 48s
Rendered 739/10814, time remaining: 19m 48s
Rendered 740/10814, time remaining: 19m 48s
Rendered 741/10814, time remaining: 19m 48s
Rendered 742/10814, time remaining: 19m 49s
Rendered 743/10814, time remaining: 19m 49s
Rendered 744/10814, time remaining: 19m 48s
Rendered 745/10814, time remaining: 19m 48s
Rendered 746/10814, time remaining: 19m 48s
Rendered 747/10814, time remaining: 19m 48s
Rendered 748/10814, time remaining: 19m 49s
Rendered 749/10814, time remaining: 19m 49s
Rendered 750/10814, time remaining: 19m 48s
Rendered 751/10814, time remaining: 19m 48s
Rendered 752/10814, time remaining: 19m 48s
Rendered 753/10814, time remaining: 19m 48s
Rendered 754/10814, time remaining: 19m 48s
Rendered 755/10814, time remaining: 19m 48s
Rendered 756/10814, time remaining: 19m 48s
Rendered 757/10814, time remaining: 19m 48s
Rendered 758/10814, time remaining: 19m 48s
Rendered 759/10814, time remaining: 19m 48s
Rendered 760/10814, time remaining: 19m 48s
Rendered 761/10814, time remaining: 19m 48s
Rendered 762/10814, time remaining: 19m 47s
Rendered 763/10814, time remaining: 19m 47s
Rendered 764/10814, time remaining: 19m 48s
Rendered 765/10814, time remaining: 19m 48s
Rendered 766/10814, time remaining: 19m 47s
Rendered 767/10814, time remaining: 19m 48s
Rendered 768/10814, time remaining: 19m 47s
Rendered 769/10814, time remaining: 19m 47s
Rendered 770/10814, time remaining: 19m 47s
Rendered 771/10814, time remaining: 19m 47s
Rendered 772/10814, time remaining: 19m 47s
Rendered 773/10814, time remaining: 19m 48s
Rendered 774/10814, time remaining: 19m 47s
Rendered 775/10814, time remaining: 19m 48s
Rendered 776/10814, time remaining: 19m 48s
Rendered 777/10814, time remaining: 19m 48s
Rendered 778/10814, time remaining: 19m 49s
Rendered 779/10814, time remaining: 19m 49s
Rendered 780/10814, time remaining: 19m 48s
Rendered 781/10814, time remaining: 19m 48s
Rendered 782/10814, time remaining: 19m 48s
Rendered 783/10814, time remaining: 19m 48s
Rendered 784/10814, time remaining: 19m 48s
Rendered 785/10814, time remaining: 19m 48s
Rendered 786/10814, time remaining: 19m 47s
Rendered 787/10814, time remaining: 19m 47s
Rendered 788/10814, time remaining: 19m 47s
Rendered 789/10814, time remaining: 19m 46s
Rendered 790/10814, time remaining: 19m 46s
Rendered 791/10814, time remaining: 19m 46s
Rendered 792/10814, time remaining: 19m 46s
Rendered 793/10814, time remaining: 19m 45s
Rendered 794/10814, time remaining: 19m 45s
Rendered 795/10814, time remaining: 19m 46s
Rendered 796/10814, time remaining: 19m 46s
Rendered 797/10814, time remaining: 19m 46s
Rendered 798/10814, time remaining: 19m 46s
Rendered 799/10814, time remaining: 19m 45s
Rendered 800/10814, time remaining: 19m 45s
Rendered 801/10814, time remaining: 19m 45s
Rendered 802/10814, time remaining: 19m 45s
Rendered 803/10814, time remaining: 19m 44s
Rendered 804/10814, time remaining: 19m 44s
Rendered 805/10814, time remaining: 19m 44s
Rendered 806/10814, time remaining: 19m 44s
Rendered 807/10814, time remaining: 19m 44s
Rendered 808/10814, time remaining: 19m 44s
Rendered 809/10814, time remaining: 19m 44s
Rendered 810/10814, time remaining: 19m 44s
Rendered 811/10814, time remaining: 19m 45s
Rendered 812/10814, time remaining: 19m 45s
Rendered 813/10814, time remaining: 19m 45s
Rendered 814/10814, time remaining: 19m 45s
Rendered 815/10814, time remaining: 19m 45s
Rendered 816/10814, time remaining: 19m 46s
Rendered 817/10814, time remaining: 19m 46s
Rendered 818/10814, time remaining: 19m 46s
Rendered 819/10814, time remaining: 19m 46s
Rendered 820/10814, time remaining: 19m 46s
Rendered 821/10814, time remaining: 19m 46s
Rendered 822/10814, time remaining: 19m 46s
Rendered 823/10814, time remaining: 19m 45s
Rendered 824/10814, time remaining: 19m 45s
Rendered 825/10814, time remaining: 19m 45s
Rendered 826/10814, time remaining: 19m 45s
Rendered 827/10814, time remaining: 19m 45s
Rendered 828/10814, time remaining: 19m 45s
Rendered 829/10814, time remaining: 19m 45s
Rendered 830/10814, time remaining: 19m 44s
Rendered 831/10814, time remaining: 19m 44s
Rendered 832/10814, time remaining: 19m 44s
Rendered 833/10814, time remaining: 19m 44s
Rendered 834/10814, time remaining: 19m 44s
Rendered 835/10814, time remaining: 19m 44s
Rendered 836/10814, time remaining: 19m 43s
Rendered 837/10814, time remaining: 19m 44s
Rendered 838/10814, time remaining: 19m 43s
Rendered 839/10814, time remaining: 19m 44s
Rendered 840/10814, time remaining: 19m 44s
Rendered 841/10814, time remaining: 19m 43s
Rendered 842/10814, time remaining: 19m 44s
Rendered 843/10814, time remaining: 19m 43s
Rendered 844/10814, time remaining: 19m 43s
Rendered 845/10814, time remaining: 19m 43s
Rendered 846/10814, time remaining: 19m 43s
Rendered 847/10814, time remaining: 19m 43s
Rendered 848/10814, time remaining: 19m 42s
Rendered 849/10814, time remaining: 19m 42s
Rendered 850/10814, time remaining: 19m 42s
Rendered 851/10814, time remaining: 19m 42s
Rendered 852/10814, time remaining: 19m 42s
Rendered 853/10814, time remaining: 19m 42s
Rendered 854/10814, time remaining: 19m 42s
Rendered 855/10814, time remaining: 19m 42s
Rendered 856/10814, time remaining: 19m 42s
Rendered 857/10814, time remaining: 19m 42s
Rendered 858/10814, time remaining: 19m 42s
Rendered 859/10814, time remaining: 19m 42s
Rendered 860/10814, time remaining: 19m 42s
Rendered 861/10814, time remaining: 19m 41s
Rendered 862/10814, time remaining: 19m 42s
Rendered 863/10814, time remaining: 19m 42s
Rendered 864/10814, time remaining: 19m 42s
Rendered 865/10814, time remaining: 19m 42s
Rendered 866/10814, time remaining: 19m 41s
Rendered 867/10814, time remaining: 19m 41s
Rendered 868/10814, time remaining: 19m 40s
Rendered 869/10814, time remaining: 19m 40s
Rendered 870/10814, time remaining: 19m 40s
Rendered 871/10814, time remaining: 19m 40s
Rendered 872/10814, time remaining: 19m 40s
Rendered 873/10814, time remaining: 19m 40s
Rendered 874/10814, time remaining: 19m 39s
Rendered 875/10814, time remaining: 19m 39s
Rendered 876/10814, time remaining: 19m 39s
Rendered 877/10814, time remaining: 19m 39s
Rendered 878/10814, time remaining: 19m 38s
Rendered 879/10814, time remaining: 19m 38s
Rendered 880/10814, time remaining: 19m 38s
Rendered 881/10814, time remaining: 19m 38s
Rendered 882/10814, time remaining: 19m 38s
Rendered 883/10814, time remaining: 19m 37s
Rendered 884/10814, time remaining: 19m 37s
Rendered 885/10814, time remaining: 19m 37s
Rendered 886/10814, time remaining: 19m 37s
Rendered 887/10814, time remaining: 19m 37s
Rendered 888/10814, time remaining: 19m 37s
Rendered 889/10814, time remaining: 19m 37s
Rendered 890/10814, time remaining: 19m 37s
Rendered 891/10814, time remaining: 19m 36s
Rendered 892/10814, time remaining: 19m 36s
Rendered 893/10814, time remaining: 19m 37s
Rendered 894/10814, time remaining: 19m 37s
Rendered 895/10814, time remaining: 19m 37s
Rendered 896/10814, time remaining: 19m 36s
Rendered 897/10814, time remaining: 19m 36s
Rendered 898/10814, time remaining: 19m 36s
Rendered 899/10814, time remaining: 19m 36s
Rendered 900/10814, time remaining: 19m 36s
Rendered 901/10814, time remaining: 19m 36s
Rendered 902/10814, time remaining: 19m 36s
Rendered 903/10814, time remaining: 19m 36s
Rendered 904/10814, time remaining: 19m 35s
Rendered 905/10814, time remaining: 19m 36s
Rendered 906/10814, time remaining: 19m 36s
Rendered 907/10814, time remaining: 19m 36s
Rendered 908/10814, time remaining: 19m 36s
Rendered 909/10814, time remaining: 19m 35s
Rendered 910/10814, time remaining: 19m 36s
Rendered 911/10814, time remaining: 19m 36s
Rendered 912/10814, time remaining: 19m 35s
Rendered 913/10814, time remaining: 19m 35s
Rendered 914/10814, time remaining: 19m 35s
Rendered 915/10814, time remaining: 19m 35s
Rendered 916/10814, time remaining: 19m 34s
Rendered 917/10814, time remaining: 19m 34s
Rendered 918/10814, time remaining: 19m 34s
Rendered 919/10814, time remaining: 19m 34s
Rendered 920/10814, time remaining: 19m 34s
Rendered 921/10814, time remaining: 19m 34s
Rendered 922/10814, time remaining: 19m 34s
Rendered 923/10814, time remaining: 19m 34s
Rendered 924/10814, time remaining: 19m 33s
Rendered 925/10814, time remaining: 19m 33s
Rendered 926/10814, time remaining: 19m 33s
Rendered 927/10814, time remaining: 19m 33s
Rendered 928/10814, time remaining: 19m 33s
Rendered 929/10814, time remaining: 19m 33s
Rendered 930/10814, time remaining: 19m 32s
Rendered 931/10814, time remaining: 19m 32s
Rendered 932/10814, time remaining: 19m 32s
Rendered 933/10814, time remaining: 19m 32s
Rendered 934/10814, time remaining: 19m 32s
Rendered 935/10814, time remaining: 19m 32s
Rendered 936/10814, time remaining: 19m 32s
Rendered 937/10814, time remaining: 19m 32s
Rendered 938/10814, time remaining: 19m 32s
Rendered 939/10814, time remaining: 19m 31s
Rendered 940/10814, time remaining: 19m 31s
Rendered 941/10814, time remaining: 19m 31s
Rendered 942/10814, time remaining: 19m 30s
Rendered 943/10814, time remaining: 19m 30s
Rendered 944/10814, time remaining: 19m 30s
Rendered 945/10814, time remaining: 19m 30s
Rendered 946/10814, time remaining: 19m 30s
Rendered 947/10814, time remaining: 19m 29s
Rendered 948/10814, time remaining: 19m 29s
Rendered 949/10814, time remaining: 19m 29s
Rendered 950/10814, time remaining: 19m 28s
Rendered 951/10814, time remaining: 19m 28s
Rendered 952/10814, time remaining: 19m 28s
Rendered 953/10814, time remaining: 19m 28s
Rendered 954/10814, time remaining: 19m 28s
Rendered 955/10814, time remaining: 19m 28s
Rendered 956/10814, time remaining: 19m 27s
Rendered 957/10814, time remaining: 19m 27s
Rendered 958/10814, time remaining: 19m 27s
Rendered 959/10814, time remaining: 19m 28s
Rendered 960/10814, time remaining: 19m 28s
Rendered 961/10814, time remaining: 19m 28s
Rendered 962/10814, time remaining: 19m 27s
Rendered 963/10814, time remaining: 19m 27s
Rendered 964/10814, time remaining: 19m 27s
Rendered 965/10814, time remaining: 19m 27s
Rendered 966/10814, time remaining: 19m 27s
Rendered 967/10814, time remaining: 19m 27s
Rendered 968/10814, time remaining: 19m 26s
Rendered 969/10814, time remaining: 19m 26s
Rendered 970/10814, time remaining: 19m 26s
Rendered 971/10814, time remaining: 19m 25s
Rendered 972/10814, time remaining: 19m 25s
Rendered 973/10814, time remaining: 19m 25s
Rendered 974/10814, time remaining: 19m 25s
Rendered 975/10814, time remaining: 19m 24s
Rendered 976/10814, time remaining: 19m 24s
Rendered 977/10814, time remaining: 19m 24s
Rendered 978/10814, time remaining: 19m 24s
Rendered 979/10814, time remaining: 19m 23s
Rendered 980/10814, time remaining: 19m 23s
Rendered 981/10814, time remaining: 19m 23s
Rendered 982/10814, time remaining: 19m 23s
Rendered 983/10814, time remaining: 19m 23s
Rendered 984/10814, time remaining: 19m 23s
Rendered 985/10814, time remaining: 19m 23s
Rendered 986/10814, time remaining: 19m 22s
Rendered 987/10814, time remaining: 19m 22s
Rendered 988/10814, time remaining: 19m 22s
Rendered 989/10814, time remaining: 19m 22s
Rendered 990/10814, time remaining: 19m 21s
Rendered 991/10814, time remaining: 19m 21s
Rendered 992/10814, time remaining: 19m 21s
Rendered 993/10814, time remaining: 19m 21s
Rendered 994/10814, time remaining: 19m 20s
Rendered 995/10814, time remaining: 19m 20s
Rendered 996/10814, time remaining: 19m 20s
Rendered 997/10814, time remaining: 19m 20s
Rendered 998/10814, time remaining: 19m 19s
Rendered 999/10814, time remaining: 19m 19s
Rendered 1000/10814, time remaining: 19m 19s
Rendered 1001/10814, time remaining: 19m 19s
Rendered 1002/10814, time remaining: 19m 19s
Rendered 1003/10814, time remaining: 19m 19s
Rendered 1004/10814, time remaining: 19m 19s
Rendered 1005/10814, time remaining: 19m 18s
Rendered 1006/10814, time remaining: 19m 18s
Rendered 1007/10814, time remaining: 19m 18s
Rendered 1008/10814, time remaining: 19m 18s
Rendered 1009/10814, time remaining: 19m 18s
Rendered 1010/10814, time remaining: 19m 17s
Rendered 1011/10814, time remaining: 19m 17s
Rendered 1012/10814, time remaining: 19m 17s
Rendered 1013/10814, time remaining: 19m 16s
Rendered 1014/10814, time remaining: 19m 16s
Rendered 1015/10814, time remaining: 19m 16s
Rendered 1016/10814, time remaining: 19m 16s
Rendered 1017/10814, time remaining: 19m 15s
Rendered 1018/10814, time remaining: 19m 15s
Rendered 1019/10814, time remaining: 19m 15s
Rendered 1020/10814, time remaining: 19m 14s
Rendered 1021/10814, time remaining: 19m 15s
Rendered 1022/10814, time remaining: 19m 15s
Rendered 1023/10814, time remaining: 19m 14s
Rendered 1024/10814, time remaining: 19m 14s
Rendered 1025/10814, time remaining: 19m 14s
Rendered 1026/10814, time remaining: 19m 14s
Rendered 1027/10814, time remaining: 19m 14s
Rendered 1028/10814, time remaining: 19m 14s
Rendered 1029/10814, time remaining: 19m 14s
Rendered 1030/10814, time remaining: 19m 14s
Rendered 1031/10814, time remaining: 19m 13s
Rendered 1032/10814, time remaining: 19m 13s
Rendered 1033/10814, time remaining: 19m 13s
Rendered 1034/10814, time remaining: 19m 13s
Rendered 1035/10814, time remaining: 19m 13s
Rendered 1036/10814, time remaining: 19m 13s
Rendered 1037/10814, time remaining: 19m 12s
Rendered 1038/10814, time remaining: 19m 12s
Rendered 1039/10814, time remaining: 19m 12s
Rendered 1040/10814, time remaining: 19m 12s
Rendered 1041/10814, time remaining: 19m 12s
Rendered 1042/10814, time remaining: 19m 12s
Rendered 1043/10814, time remaining: 19m 12s
Rendered 1044/10814, time remaining: 19m 11s
Rendered 1045/10814, time remaining: 19m 11s
Rendered 1046/10814, time remaining: 19m 11s
Rendered 1047/10814, time remaining: 19m 11s
Rendered 1048/10814, time remaining: 19m 11s
Rendered 1049/10814, time remaining: 19m 10s
Rendered 1050/10814, time remaining: 19m 10s
Rendered 1051/10814, time remaining: 19m 10s
Rendered 1052/10814, time remaining: 19m 10s
Rendered 1053/10814, time remaining: 19m 10s
Rendered 1054/10814, time remaining: 19m 9s
Rendered 1055/10814, time remaining: 19m 9s
Rendered 1056/10814, time remaining: 19m 9s
Rendered 1057/10814, time remaining: 19m 9s
Rendered 1058/10814, time remaining: 19m 9s
Rendered 1059/10814, time remaining: 19m 9s
Rendered 1060/10814, time remaining: 19m 9s
Rendered 1061/10814, time remaining: 19m 8s
Rendered 1062/10814, time remaining: 19m 9s
Rendered 1063/10814, time remaining: 19m 9s
Rendered 1064/10814, time remaining: 19m 8s
Rendered 1065/10814, time remaining: 19m 9s
Rendered 1066/10814, time remaining: 19m 8s
Rendered 1067/10814, time remaining: 19m 8s
Rendered 1068/10814, time remaining: 19m 8s
Rendered 1069/10814, time remaining: 19m 8s
Rendered 1070/10814, time remaining: 19m 8s
Rendered 1071/10814, time remaining: 19m 8s
Rendered 1072/10814, time remaining: 19m 8s
Rendered 1073/10814, time remaining: 19m 8s
Rendered 1074/10814, time remaining: 19m 8s
Rendered 1075/10814, time remaining: 19m 7s
Rendered 1076/10814, time remaining: 19m 7s
Rendered 1077/10814, time remaining: 19m 7s
Rendered 1078/10814, time remaining: 19m 7s
Rendered 1079/10814, time remaining: 19m 7s
Rendered 1080/10814, time remaining: 19m 7s
Rendered 1081/10814, time remaining: 19m 6s
Rendered 1082/10814, time remaining: 19m 6s
Rendered 1083/10814, time remaining: 19m 6s
Rendered 1084/10814, time remaining: 19m 6s
Rendered 1085/10814, time remaining: 19m 6s
Rendered 1086/10814, time remaining: 19m 6s
Rendered 1087/10814, time remaining: 19m 6s
Rendered 1088/10814, time remaining: 19m 5s
Rendered 1089/10814, time remaining: 19m 5s
Rendered 1090/10814, time remaining: 19m 5s
Rendered 1091/10814, time remaining: 19m 5s
Rendered 1092/10814, time remaining: 19m 5s
Rendered 1093/10814, time remaining: 19m 5s
Rendered 1094/10814, time remaining: 19m 5s
Rendered 1095/10814, time remaining: 19m 4s
Rendered 1096/10814, time remaining: 19m 5s
Rendered 1097/10814, time remaining: 19m 4s
Rendered 1098/10814, time remaining: 19m 4s
Rendered 1099/10814, time remaining: 19m 4s
Rendered 1100/10814, time remaining: 19m 4s
Rendered 1101/10814, time remaining: 19m 4s
Rendered 1102/10814, time remaining: 19m 3s
Rendered 1103/10814, time remaining: 19m 3s
Rendered 1104/10814, time remaining: 19m 3s
Rendered 1105/10814, time remaining: 19m 3s
Rendered 1106/10814, time remaining: 19m 3s
Rendered 1107/10814, time remaining: 19m 3s
Rendered 1108/10814, time remaining: 19m 3s
Rendered 1109/10814, time remaining: 19m 3s
Rendered 1110/10814, time remaining: 19m 3s
Rendered 1111/10814, time remaining: 19m 3s
Rendered 1112/10814, time remaining: 19m 2s
Rendered 1113/10814, time remaining: 19m 2s
Rendered 1114/10814, time remaining: 19m 2s
Rendered 1115/10814, time remaining: 19m 2s
Rendered 1116/10814, time remaining: 19m 2s
Rendered 1117/10814, time remaining: 19m 2s
Rendered 1118/10814, time remaining: 19m 2s
Rendered 1119/10814, time remaining: 19m 2s
Rendered 1120/10814, time remaining: 19m 2s
Rendered 1121/10814, time remaining: 19m 3s
Rendered 1122/10814, time remaining: 19m 3s
Rendered 1123/10814, time remaining: 19m 3s
Rendered 1124/10814, time remaining: 19m 3s
Rendered 1125/10814, time remaining: 19m 3s
Rendered 1126/10814, time remaining: 19m 2s
Rendered 1127/10814, time remaining: 19m 2s
Rendered 1128/10814, time remaining: 19m 2s
Rendered 1129/10814, time remaining: 19m 3s
Rendered 1130/10814, time remaining: 19m 2s
Rendered 1131/10814, time remaining: 19m 2s
Rendered 1132/10814, time remaining: 19m 2s
Rendered 1133/10814, time remaining: 19m 2s
Rendered 1134/10814, time remaining: 19m 2s
Rendered 1135/10814, time remaining: 19m 2s
Rendered 1136/10814, time remaining: 19m 2s
Rendered 1137/10814, time remaining: 19m 2s
Rendered 1138/10814, time remaining: 19m 2s
Rendered 1139/10814, time remaining: 19m 1s
Rendered 1140/10814, time remaining: 19m 1s
Rendered 1141/10814, time remaining: 19m 1s
Rendered 1142/10814, time remaining: 19m 1s
Rendered 1143/10814, time remaining: 19m 1s
Rendered 1144/10814, time remaining: 19m 1s
Rendered 1145/10814, time remaining: 19m 0s
Rendered 1146/10814, time remaining: 19m 0s
Rendered 1147/10814, time remaining: 19m 0s
Rendered 1148/10814, time remaining: 19m 0s
Rendered 1149/10814, time remaining: 19m 0s
Rendered 1150/10814, time remaining: 19m 0s
Rendered 1151/10814, time remaining: 18m 59s
Rendered 1152/10814, time remaining: 18m 59s
Rendered 1153/10814, time remaining: 18m 59s
Rendered 1154/10814, time remaining: 18m 59s
Rendered 1155/10814, time remaining: 18m 59s
Rendered 1156/10814, time remaining: 19m 0s
Rendered 1157/10814, time remaining: 18m 59s
Rendered 1158/10814, time remaining: 18m 59s
Rendered 1159/10814, time remaining: 19m 0s
Rendered 1160/10814, time remaining: 19m 0s
Rendered 1161/10814, time remaining: 19m 0s
Rendered 1162/10814, time remaining: 19m 0s
Rendered 1163/10814, time remaining: 18m 59s
Rendered 1164/10814, time remaining: 18m 59s
Rendered 1165/10814, time remaining: 18m 59s
Rendered 1166/10814, time remaining: 18m 59s
Rendered 1167/10814, time remaining: 18m 59s
Rendered 1168/10814, time remaining: 18m 59s
Rendered 1169/10814, time remaining: 18m 59s
Rendered 1170/10814, time remaining: 18m 59s
Rendered 1171/10814, time remaining: 19m 0s
Rendered 1172/10814, time remaining: 18m 59s
Rendered 1173/10814, time remaining: 18m 59s
Rendered 1174/10814, time remaining: 18m 59s
Rendered 1175/10814, time remaining: 19m 0s
Rendered 1176/10814, time remaining: 19m 1s
Rendered 1177/10814, time remaining: 19m 2s
Rendered 1178/10814, time remaining: 19m 2s
Rendered 1179/10814, time remaining: 19m 3s
Rendered 1180/10814, time remaining: 19m 4s
Rendered 1181/10814, time remaining: 19m 4s
Rendered 1182/10814, time remaining: 19m 4s
Rendered 1183/10814, time remaining: 19m 3s
Rendered 1184/10814, time remaining: 19m 3s
Rendered 1185/10814, time remaining: 19m 3s
Rendered 1186/10814, time remaining: 19m 4s
Rendered 1187/10814, time remaining: 19m 3s
Rendered 1188/10814, time remaining: 19m 4s
Rendered 1189/10814, time remaining: 19m 4s
Rendered 1190/10814, time remaining: 19m 4s
Rendered 1191/10814, time remaining: 19m 4s
Rendered 1192/10814, time remaining: 19m 4s
Rendered 1193/10814, time remaining: 19m 4s
Rendered 1194/10814, time remaining: 19m 4s
Rendered 1195/10814, time remaining: 19m 5s
Rendered 1196/10814, time remaining: 19m 5s
Rendered 1197/10814, time remaining: 19m 5s
Rendered 1198/10814, time remaining: 19m 5s
Rendered 1199/10814, time remaining: 19m 5s
Rendered 1200/10814, time remaining: 19m 5s
Rendered 1201/10814, time remaining: 19m 5s
Rendered 1202/10814, time remaining: 19m 5s
Rendered 1203/10814, time remaining: 19m 6s
Rendered 1204/10814, time remaining: 19m 5s
Rendered 1205/10814, time remaining: 19m 5s
Rendered 1206/10814, time remaining: 19m 5s
Rendered 1207/10814, time remaining: 19m 6s
Rendered 1208/10814, time remaining: 19m 6s
Rendered 1209/10814, time remaining: 19m 6s
Rendered 1210/10814, time remaining: 19m 7s
Rendered 1211/10814, time remaining: 19m 7s
Rendered 1212/10814, time remaining: 19m 6s
Rendered 1213/10814, time remaining: 19m 7s
Rendered 1214/10814, time remaining: 19m 7s
Rendered 1215/10814, time remaining: 19m 7s
Rendered 1216/10814, time remaining: 19m 7s
Rendered 1217/10814, time remaining: 19m 7s
Rendered 1218/10814, time remaining: 19m 7s
Rendered 1219/10814, time remaining: 19m 7s
Rendered 1220/10814, time remaining: 19m 7s
Rendered 1221/10814, time remaining: 19m 8s
Rendered 1222/10814, time remaining: 19m 7s
Rendered 1223/10814, time remaining: 19m 8s
Rendered 1224/10814, time remaining: 19m 8s
Rendered 1225/10814, time remaining: 19m 7s
Rendered 1226/10814, time remaining: 19m 8s
Rendered 1227/10814, time remaining: 19m 8s
Rendered 1228/10814, time remaining: 19m 8s
Rendered 1229/10814, time remaining: 19m 8s
Rendered 1230/10814, time remaining: 19m 7s
Rendered 1231/10814, time remaining: 19m 8s
Rendered 1232/10814, time remaining: 19m 7s
Rendered 1233/10814, time remaining: 19m 7s
Rendered 1234/10814, time remaining: 19m 7s
Rendered 1235/10814, time remaining: 19m 6s
Rendered 1236/10814, time remaining: 19m 6s
Rendered 1237/10814, time remaining: 19m 6s
Rendered 1238/10814, time remaining: 19m 6s
Rendered 1239/10814, time remaining: 19m 7s
Rendered 1240/10814, time remaining: 19m 6s
Rendered 1241/10814, time remaining: 19m 6s
Rendered 1242/10814, time remaining: 19m 6s
Rendered 1243/10814, time remaining: 19m 6s
Rendered 1244/10814, time remaining: 19m 7s
Rendered 1245/10814, time remaining: 19m 6s
Rendered 1246/10814, time remaining: 19m 6s
Rendered 1247/10814, time remaining: 19m 7s
Rendered 1248/10814, time remaining: 19m 7s
Rendered 1249/10814, time remaining: 19m 7s
Rendered 1250/10814, time remaining: 19m 7s
Rendered 1251/10814, time remaining: 19m 7s
Rendered 1252/10814, time remaining: 19m 7s
Rendered 1253/10814, time remaining: 19m 8s
Rendered 1254/10814, time remaining: 19m 8s
Rendered 1255/10814, time remaining: 19m 8s
Rendered 1256/10814, time remaining: 19m 8s
Rendered 1257/10814, time remaining: 19m 8s
Rendered 1258/10814, time remaining: 19m 8s
Rendered 1259/10814, time remaining: 19m 8s
Rendered 1260/10814, time remaining: 19m 8s
Rendered 1261/10814, time remaining: 19m 8s
Rendered 1262/10814, time remaining: 19m 7s
Rendered 1263/10814, time remaining: 19m 7s
Rendered 1264/10814, time remaining: 19m 7s
Rendered 1265/10814, time remaining: 19m 7s
Rendered 1266/10814, time remaining: 19m 7s
Rendered 1267/10814, time remaining: 19m 7s
Rendered 1268/10814, time remaining: 19m 7s
Rendered 1269/10814, time remaining: 19m 6s
Rendered 1270/10814, time remaining: 19m 6s
Rendered 1271/10814, time remaining: 19m 6s
Rendered 1272/10814, time remaining: 19m 5s
Rendered 1273/10814, time remaining: 19m 6s
Rendered 1274/10814, time remaining: 19m 6s
Rendered 1275/10814, time remaining: 19m 5s
Rendered 1276/10814, time remaining: 19m 5s
Rendered 1277/10814, time remaining: 19m 5s
Rendered 1278/10814, time remaining: 19m 5s
Rendered 1279/10814, time remaining: 19m 5s
Rendered 1280/10814, time remaining: 19m 5s
Rendered 1281/10814, time remaining: 19m 4s
Rendered 1282/10814, time remaining: 19m 4s
Rendered 1283/10814, time remaining: 19m 4s
Rendered 1284/10814, time remaining: 19m 4s
Rendered 1285/10814, time remaining: 19m 4s
Rendered 1286/10814, time remaining: 19m 5s
Rendered 1287/10814, time remaining: 19m 4s
Rendered 1288/10814, time remaining: 19m 4s
Rendered 1289/10814, time remaining: 19m 3s
Rendered 1290/10814, time remaining: 19m 3s
Rendered 1291/10814, time remaining: 19m 3s
Rendered 1292/10814, time remaining: 19m 3s
Rendered 1293/10814, time remaining: 19m 3s
Rendered 1294/10814, time remaining: 19m 3s
Rendered 1295/10814, time remaining: 19m 3s
Rendered 1296/10814, time remaining: 19m 3s
Rendered 1297/10814, time remaining: 19m 3s
Rendered 1298/10814, time remaining: 19m 3s
Rendered 1299/10814, time remaining: 19m 3s
Rendered 1300/10814, time remaining: 19m 2s
Rendered 1301/10814, time remaining: 19m 2s
Rendered 1302/10814, time remaining: 19m 2s
Rendered 1303/10814, time remaining: 19m 2s
Rendered 1304/10814, time remaining: 19m 2s
Rendered 1305/10814, time remaining: 19m 2s
Rendered 1306/10814, time remaining: 19m 1s
Rendered 1307/10814, time remaining: 19m 1s
Rendered 1308/10814, time remaining: 19m 1s
Rendered 1309/10814, time remaining: 19m 1s
Rendered 1310/10814, time remaining: 19m 2s
Rendered 1311/10814, time remaining: 19m 1s
Rendered 1312/10814, time remaining: 19m 1s
Rendered 1313/10814, time remaining: 19m 1s
Rendered 1314/10814, time remaining: 19m 1s
Rendered 1315/10814, time remaining: 19m 0s
Rendered 1316/10814, time remaining: 19m 0s
Rendered 1317/10814, time remaining: 19m 0s
Rendered 1318/10814, time remaining: 19m 0s
Rendered 1319/10814, time remaining: 18m 59s
Rendered 1320/10814, time remaining: 18m 59s
Rendered 1321/10814, time remaining: 18m 59s
Rendered 1322/10814, time remaining: 18m 58s
Rendered 1323/10814, time remaining: 18m 58s
Rendered 1324/10814, time remaining: 18m 58s
Rendered 1325/10814, time remaining: 18m 57s
Rendered 1326/10814, time remaining: 18m 57s
Rendered 1327/10814, time remaining: 18m 57s
Rendered 1328/10814, time remaining: 18m 57s
Rendered 1329/10814, time remaining: 18m 56s
Rendered 1330/10814, time remaining: 18m 56s
Rendered 1331/10814, time remaining: 18m 56s
Rendered 1332/10814, time remaining: 18m 56s
Rendered 1333/10814, time remaining: 18m 56s
Rendered 1334/10814, time remaining: 18m 56s
Rendered 1335/10814, time remaining: 18m 55s
Rendered 1336/10814, time remaining: 18m 55s
Rendered 1337/10814, time remaining: 18m 55s
Rendered 1338/10814, time remaining: 18m 55s
Rendered 1339/10814, time remaining: 18m 55s
Rendered 1340/10814, time remaining: 18m 55s
Rendered 1341/10814, time remaining: 18m 55s
Rendered 1342/10814, time remaining: 18m 55s
Rendered 1343/10814, time remaining: 18m 54s
Rendered 1344/10814, time remaining: 18m 54s
Rendered 1345/10814, time remaining: 18m 54s
Rendered 1346/10814, time remaining: 18m 54s
Rendered 1347/10814, time remaining: 18m 53s
Rendered 1348/10814, time remaining: 18m 53s
Rendered 1349/10814, time remaining: 18m 53s
Rendered 1350/10814, time remaining: 18m 52s
Rendered 1351/10814, time remaining: 18m 52s
Rendered 1352/10814, time remaining: 18m 52s
Rendered 1353/10814, time remaining: 18m 52s
Rendered 1354/10814, time remaining: 18m 51s
Rendered 1355/10814, time remaining: 18m 51s
Rendered 1356/10814, time remaining: 18m 51s
Rendered 1357/10814, time remaining: 18m 50s
Rendered 1358/10814, time remaining: 18m 50s
Rendered 1359/10814, time remaining: 18m 50s
Rendered 1360/10814, time remaining: 18m 50s
Rendered 1361/10814, time remaining: 18m 49s
Rendered 1362/10814, time remaining: 18m 49s
Rendered 1363/10814, time remaining: 18m 49s
Rendered 1364/10814, time remaining: 18m 49s
Rendered 1365/10814, time remaining: 18m 49s
Rendered 1366/10814, time remaining: 18m 49s
Rendered 1367/10814, time remaining: 18m 48s
Rendered 1368/10814, time remaining: 18m 48s
Rendered 1369/10814, time remaining: 18m 48s
Rendered 1370/10814, time remaining: 18m 48s
Rendered 1371/10814, time remaining: 18m 48s
Rendered 1372/10814, time remaining: 18m 48s
Rendered 1373/10814, time remaining: 18m 48s
Rendered 1374/10814, time remaining: 18m 48s
Rendered 1375/10814, time remaining: 18m 48s
Rendered 1376/10814, time remaining: 18m 47s
Rendered 1377/10814, time remaining: 18m 47s
Rendered 1378/10814, time remaining: 18m 47s
Rendered 1379/10814, time remaining: 18m 47s
Rendered 1380/10814, time remaining: 18m 46s
Rendered 1381/10814, time remaining: 18m 46s
Rendered 1382/10814, time remaining: 18m 46s
Rendered 1383/10814, time remaining: 18m 46s
Rendered 1384/10814, time remaining: 18m 46s
Rendered 1385/10814, time remaining: 18m 46s
Rendered 1386/10814, time remaining: 18m 46s
Rendered 1387/10814, time remaining: 18m 46s
Rendered 1388/10814, time remaining: 18m 46s
Rendered 1389/10814, time remaining: 18m 45s
Rendered 1390/10814, time remaining: 18m 45s
Rendered 1391/10814, time remaining: 18m 45s
Rendered 1392/10814, time remaining: 18m 45s
Rendered 1393/10814, time remaining: 18m 45s
Rendered 1394/10814, time remaining: 18m 44s
Rendered 1395/10814, time remaining: 18m 45s
Rendered 1396/10814, time remaining: 18m 44s
Rendered 1397/10814, time remaining: 18m 45s
Rendered 1398/10814, time remaining: 18m 44s
Rendered 1399/10814, time remaining: 18m 44s
Rendered 1400/10814, time remaining: 18m 44s
Rendered 1401/10814, time remaining: 18m 44s
Rendered 1402/10814, time remaining: 18m 44s
Rendered 1403/10814, time remaining: 18m 43s
Rendered 1404/10814, time remaining: 18m 43s
Rendered 1405/10814, time remaining: 18m 43s
Rendered 1406/10814, time remaining: 18m 43s
Rendered 1407/10814, time remaining: 18m 43s
Rendered 1408/10814, time remaining: 18m 43s
Rendered 1409/10814, time remaining: 18m 42s
Rendered 1410/10814, time remaining: 18m 42s
Rendered 1411/10814, time remaining: 18m 42s
Rendered 1412/10814, time remaining: 18m 42s
Rendered 1413/10814, time remaining: 18m 41s
Rendered 1414/10814, time remaining: 18m 41s
Rendered 1415/10814, time remaining: 18m 41s
Rendered 1416/10814, time remaining: 18m 41s
Rendered 1417/10814, time remaining: 18m 40s
Rendered 1418/10814, time remaining: 18m 40s
Rendered 1419/10814, time remaining: 18m 40s
Rendered 1420/10814, time remaining: 18m 40s
Rendered 1421/10814, time remaining: 18m 40s
Rendered 1422/10814, time remaining: 18m 40s
Rendered 1423/10814, time remaining: 18m 40s
Rendered 1424/10814, time remaining: 18m 39s
Rendered 1425/10814, time remaining: 18m 39s
Rendered 1426/10814, time remaining: 18m 39s
Rendered 1427/10814, time remaining: 18m 38s
Rendered 1428/10814, time remaining: 18m 38s
Rendered 1429/10814, time remaining: 18m 38s
Rendered 1430/10814, time remaining: 18m 38s
Rendered 1431/10814, time remaining: 18m 38s
Rendered 1432/10814, time remaining: 18m 38s
Rendered 1433/10814, time remaining: 18m 38s
Rendered 1434/10814, time remaining: 18m 37s
Rendered 1435/10814, time remaining: 18m 37s
Rendered 1436/10814, time remaining: 18m 37s
Rendered 1437/10814, time remaining: 18m 36s
Rendered 1438/10814, time remaining: 18m 36s
Rendered 1439/10814, time remaining: 18m 36s
Rendered 1440/10814, time remaining: 18m 35s
Rendered 1441/10814, time remaining: 18m 35s
Rendered 1442/10814, time remaining: 18m 35s
Rendered 1443/10814, time remaining: 18m 35s
Rendered 1444/10814, time remaining: 18m 35s
Rendered 1445/10814, time remaining: 18m 35s
Rendered 1446/10814, time remaining: 18m 35s
Rendered 1447/10814, time remaining: 18m 34s
Rendered 1448/10814, time remaining: 18m 34s
Rendered 1449/10814, time remaining: 18m 34s
Rendered 1450/10814, time remaining: 18m 34s
Rendered 1451/10814, time remaining: 18m 34s
Rendered 1452/10814, time remaining: 18m 33s
Rendered 1453/10814, time remaining: 18m 33s
Rendered 1454/10814, time remaining: 18m 33s
Rendered 1455/10814, time remaining: 18m 33s
Rendered 1456/10814, time remaining: 18m 33s
Rendered 1457/10814, time remaining: 18m 32s
Rendered 1458/10814, time remaining: 18m 32s
Rendered 1459/10814, time remaining: 18m 32s
Rendered 1460/10814, time remaining: 18m 32s
Rendered 1461/10814, time remaining: 18m 31s
Rendered 1462/10814, time remaining: 18m 31s
Rendered 1463/10814, time remaining: 18m 31s
Rendered 1464/10814, time remaining: 18m 31s
Rendered 1465/10814, time remaining: 18m 31s
Rendered 1466/10814, time remaining: 18m 30s
Rendered 1467/10814, time remaining: 18m 30s
Rendered 1468/10814, time remaining: 18m 30s
Rendered 1469/10814, time remaining: 18m 30s
Rendered 1470/10814, time remaining: 18m 30s
Rendered 1471/10814, time remaining: 18m 30s
Rendered 1472/10814, time remaining: 18m 30s
Rendered 1473/10814, time remaining: 18m 29s
Rendered 1474/10814, time remaining: 18m 29s
Rendered 1475/10814, time remaining: 18m 29s
Rendered 1476/10814, time remaining: 18m 28s
Rendered 1477/10814, time remaining: 18m 28s
Rendered 1478/10814, time remaining: 18m 28s
Rendered 1479/10814, time remaining: 18m 28s
Rendered 1480/10814, time remaining: 18m 28s
Rendered 1481/10814, time remaining: 18m 28s
Rendered 1482/10814, time remaining: 18m 28s
Rendered 1483/10814, time remaining: 18m 28s
Rendered 1484/10814, time remaining: 18m 27s
Rendered 1485/10814, time remaining: 18m 27s
Rendered 1486/10814, time remaining: 18m 27s
Rendered 1487/10814, time remaining: 18m 27s
Rendered 1488/10814, time remaining: 18m 27s
Rendered 1489/10814, time remaining: 18m 26s
Rendered 1490/10814, time remaining: 18m 26s
Rendered 1491/10814, time remaining: 18m 26s
Rendered 1492/10814, time remaining: 18m 26s
Rendered 1493/10814, time remaining: 18m 26s
Rendered 1494/10814, time remaining: 18m 26s
Rendered 1495/10814, time remaining: 18m 25s
Rendered 1496/10814, time remaining: 18m 25s
Rendered 1497/10814, time remaining: 18m 25s
Rendered 1498/10814, time remaining: 18m 25s
Rendered 1499/10814, time remaining: 18m 25s
Rendered 1500/10814, time remaining: 18m 25s
Rendered 1501/10814, time remaining: 18m 25s
Rendered 1502/10814, time remaining: 18m 25s
Rendered 1503/10814, time remaining: 18m 25s
Rendered 1504/10814, time remaining: 18m 24s
Rendered 1505/10814, time remaining: 18m 24s
Rendered 1506/10814, time remaining: 18m 24s
Rendered 1507/10814, time remaining: 18m 24s
Rendered 1508/10814, time remaining: 18m 24s
Rendered 1509/10814, time remaining: 18m 24s
Rendered 1510/10814, time remaining: 18m 24s
Rendered 1511/10814, time remaining: 18m 24s
Rendered 1512/10814, time remaining: 18m 24s
Rendered 1513/10814, time remaining: 18m 23s
Rendered 1514/10814, time remaining: 18m 23s
Rendered 1515/10814, time remaining: 18m 23s
Rendered 1516/10814, time remaining: 18m 23s
Rendered 1517/10814, time remaining: 18m 23s
Rendered 1518/10814, time remaining: 18m 22s
Rendered 1519/10814, time remaining: 18m 22s
Rendered 1520/10814, time remaining: 18m 22s
Rendered 1521/10814, time remaining: 18m 22s
Rendered 1522/10814, time remaining: 18m 22s
Rendered 1523/10814, time remaining: 18m 22s
Rendered 1524/10814, time remaining: 18m 22s
Rendered 1525/10814, time remaining: 18m 22s
Rendered 1526/10814, time remaining: 18m 22s
Rendered 1527/10814, time remaining: 18m 22s
Rendered 1528/10814, time remaining: 18m 21s
Rendered 1529/10814, time remaining: 18m 21s
Rendered 1530/10814, time remaining: 18m 21s
Rendered 1531/10814, time remaining: 18m 21s
Rendered 1532/10814, time remaining: 18m 21s
Rendered 1533/10814, time remaining: 18m 21s
Rendered 1534/10814, time remaining: 18m 21s
Rendered 1535/10814, time remaining: 18m 21s
Rendered 1536/10814, time remaining: 18m 21s
Rendered 1537/10814, time remaining: 18m 20s
Rendered 1538/10814, time remaining: 18m 20s
Rendered 1539/10814, time remaining: 18m 20s
Rendered 1540/10814, time remaining: 18m 20s
Rendered 1541/10814, time remaining: 18m 20s
Rendered 1542/10814, time remaining: 18m 20s
Rendered 1543/10814, time remaining: 18m 19s
Rendered 1544/10814, time remaining: 18m 19s
Rendered 1545/10814, time remaining: 18m 19s
Rendered 1546/10814, time remaining: 18m 19s
Rendered 1547/10814, time remaining: 18m 19s
Rendered 1548/10814, time remaining: 18m 19s
Rendered 1549/10814, time remaining: 18m 19s
Rendered 1550/10814, time remaining: 18m 19s
Rendered 1551/10814, time remaining: 18m 19s
Rendered 1552/10814, time remaining: 18m 19s
Rendered 1553/10814, time remaining: 18m 19s
Rendered 1554/10814, time remaining: 18m 18s
Rendered 1555/10814, time remaining: 18m 18s
Rendered 1556/10814, time remaining: 18m 18s
Rendered 1557/10814, time remaining: 18m 18s
Rendered 1558/10814, time remaining: 18m 18s
Rendered 1559/10814, time remaining: 18m 18s
Rendered 1560/10814, time remaining: 18m 18s
Rendered 1561/10814, time remaining: 18m 18s
Rendered 1562/10814, time remaining: 18m 18s
Rendered 1563/10814, time remaining: 18m 18s
Rendered 1564/10814, time remaining: 18m 18s
Rendered 1565/10814, time remaining: 18m 17s
Rendered 1566/10814, time remaining: 18m 17s
Rendered 1567/10814, time remaining: 18m 17s
Rendered 1568/10814, time remaining: 18m 17s
Rendered 1569/10814, time remaining: 18m 17s
Rendered 1570/10814, time remaining: 18m 17s
Rendered 1571/10814, time remaining: 18m 17s
Rendered 1572/10814, time remaining: 18m 17s
Rendered 1573/10814, time remaining: 18m 16s
Rendered 1574/10814, time remaining: 18m 17s
Rendered 1575/10814, time remaining: 18m 16s
Rendered 1576/10814, time remaining: 18m 17s
Rendered 1577/10814, time remaining: 18m 17s
Rendered 1578/10814, time remaining: 18m 16s
Rendered 1579/10814, time remaining: 18m 16s
Rendered 1580/10814, time remaining: 18m 16s
Rendered 1581/10814, time remaining: 18m 16s
Rendered 1582/10814, time remaining: 18m 16s
Rendered 1583/10814, time remaining: 18m 16s
Rendered 1584/10814, time remaining: 18m 15s
Rendered 1585/10814, time remaining: 18m 15s
Rendered 1586/10814, time remaining: 18m 15s
Rendered 1587/10814, time remaining: 18m 15s
Rendered 1588/10814, time remaining: 18m 15s
Rendered 1589/10814, time remaining: 18m 15s
Rendered 1590/10814, time remaining: 18m 15s
Rendered 1591/10814, time remaining: 18m 15s
Rendered 1592/10814, time remaining: 18m 15s
Rendered 1593/10814, time remaining: 18m 14s
Rendered 1594/10814, time remaining: 18m 14s
Rendered 1595/10814, time remaining: 18m 14s
Rendered 1596/10814, time remaining: 18m 14s
Rendered 1597/10814, time remaining: 18m 14s
Rendered 1598/10814, time remaining: 18m 14s
Rendered 1599/10814, time remaining: 18m 14s
Rendered 1600/10814, time remaining: 18m 14s
Rendered 1601/10814, time remaining: 18m 13s
Rendered 1602/10814, time remaining: 18m 13s
Rendered 1603/10814, time remaining: 18m 13s
Rendered 1604/10814, time remaining: 18m 13s
Rendered 1605/10814, time remaining: 18m 13s
Rendered 1606/10814, time remaining: 18m 13s
Rendered 1607/10814, time remaining: 18m 13s
Rendered 1608/10814, time remaining: 18m 12s
Rendered 1609/10814, time remaining: 18m 12s
Rendered 1610/10814, time remaining: 18m 12s
Rendered 1611/10814, time remaining: 18m 11s
Rendered 1612/10814, time remaining: 18m 11s
Rendered 1613/10814, time remaining: 18m 11s
Rendered 1614/10814, time remaining: 18m 11s
Rendered 1615/10814, time remaining: 18m 11s
Rendered 1616/10814, time remaining: 18m 11s
Rendered 1617/10814, time remaining: 18m 11s
Rendered 1618/10814, time remaining: 18m 11s
Rendered 1619/10814, time remaining: 18m 11s
Rendered 1620/10814, time remaining: 18m 10s
Rendered 1621/10814, time remaining: 18m 10s
Rendered 1622/10814, time remaining: 18m 10s
Rendered 1623/10814, time remaining: 18m 10s
Rendered 1624/10814, time remaining: 18m 10s
Rendered 1625/10814, time remaining: 18m 10s
Rendered 1626/10814, time remaining: 18m 10s
Rendered 1627/10814, time remaining: 18m 10s
Rendered 1628/10814, time remaining: 18m 10s
Rendered 1629/10814, time remaining: 18m 10s
Rendered 1630/10814, time remaining: 18m 10s
Rendered 1631/10814, time remaining: 18m 10s
Rendered 1632/10814, time remaining: 18m 9s
Rendered 1633/10814, time remaining: 18m 9s
Rendered 1634/10814, time remaining: 18m 9s
Rendered 1635/10814, time remaining: 18m 9s
Rendered 1636/10814, time remaining: 18m 9s
Rendered 1637/10814, time remaining: 18m 9s
Rendered 1638/10814, time remaining: 18m 9s
Rendered 1639/10814, time remaining: 18m 9s
Rendered 1640/10814, time remaining: 18m 9s
Rendered 1641/10814, time remaining: 18m 9s
Rendered 1642/10814, time remaining: 18m 9s
Rendered 1643/10814, time remaining: 18m 8s
Rendered 1644/10814, time remaining: 18m 8s
Rendered 1645/10814, time remaining: 18m 8s
Rendered 1646/10814, time remaining: 18m 8s
Rendered 1647/10814, time remaining: 18m 7s
Rendered 1648/10814, time remaining: 18m 7s
Rendered 1649/10814, time remaining: 18m 7s
Rendered 1650/10814, time remaining: 18m 7s
Rendered 1651/10814, time remaining: 18m 7s
Rendered 1652/10814, time remaining: 18m 7s
Rendered 1653/10814, time remaining: 18m 6s
Rendered 1654/10814, time remaining: 18m 6s
Rendered 1655/10814, time remaining: 18m 6s
Rendered 1656/10814, time remaining: 18m 6s
Rendered 1657/10814, time remaining: 18m 6s
Rendered 1658/10814, time remaining: 18m 6s
Rendered 1659/10814, time remaining: 18m 5s
Rendered 1660/10814, time remaining: 18m 5s
Rendered 1661/10814, time remaining: 18m 5s
Rendered 1662/10814, time remaining: 18m 5s
Rendered 1663/10814, time remaining: 18m 5s
Rendered 1664/10814, time remaining: 18m 5s
Rendered 1665/10814, time remaining: 18m 5s
Rendered 1666/10814, time remaining: 18m 5s
Rendered 1667/10814, time remaining: 18m 5s
Rendered 1668/10814, time remaining: 18m 5s
Rendered 1669/10814, time remaining: 18m 5s
Rendered 1670/10814, time remaining: 18m 4s
Rendered 1671/10814, time remaining: 18m 4s
Rendered 1672/10814, time remaining: 18m 4s
Rendered 1673/10814, time remaining: 18m 4s
Rendered 1674/10814, time remaining: 18m 4s
Rendered 1675/10814, time remaining: 18m 4s
Rendered 1676/10814, time remaining: 18m 4s
Rendered 1677/10814, time remaining: 18m 4s
Rendered 1678/10814, time remaining: 18m 4s
Rendered 1679/10814, time remaining: 18m 4s
Rendered 1680/10814, time remaining: 18m 3s
Rendered 1681/10814, time remaining: 18m 3s
Rendered 1682/10814, time remaining: 18m 3s
Rendered 1683/10814, time remaining: 18m 3s
Rendered 1684/10814, time remaining: 18m 3s
Rendered 1685/10814, time remaining: 18m 3s
Rendered 1686/10814, time remaining: 18m 3s
Rendered 1687/10814, time remaining: 18m 3s
Rendered 1688/10814, time remaining: 18m 3s
Rendered 1689/10814, time remaining: 18m 2s
Rendered 1690/10814, time remaining: 18m 2s
Rendered 1691/10814, time remaining: 18m 2s
Rendered 1692/10814, time remaining: 18m 2s
Rendered 1693/10814, time remaining: 18m 2s
Rendered 1694/10814, time remaining: 18m 2s
Rendered 1695/10814, time remaining: 18m 2s
Rendered 1696/10814, time remaining: 18m 2s
Rendered 1697/10814, time remaining: 18m 2s
Rendered 1698/10814, time remaining: 18m 1s
Rendered 1699/10814, time remaining: 18m 1s
Rendered 1700/10814, time remaining: 18m 1s
Rendered 1701/10814, time remaining: 18m 1s
Rendered 1702/10814, time remaining: 18m 1s
Rendered 1703/10814, time remaining: 18m 1s
Rendered 1704/10814, time remaining: 18m 0s
Rendered 1705/10814, time remaining: 18m 0s
Rendered 1706/10814, time remaining: 18m 0s
Rendered 1707/10814, time remaining: 18m 0s
Rendered 1708/10814, time remaining: 18m 0s
Rendered 1709/10814, time remaining: 18m 0s
Rendered 1710/10814, time remaining: 18m 0s
Rendered 1711/10814, time remaining: 18m 0s
Rendered 1712/10814, time remaining: 17m 59s
Rendered 1713/10814, time remaining: 18m 0s
Rendered 1714/10814, time remaining: 17m 59s
Rendered 1715/10814, time remaining: 17m 59s
Rendered 1716/10814, time remaining: 17m 59s
Rendered 1717/10814, time remaining: 17m 59s
Rendered 1718/10814, time remaining: 17m 59s
Rendered 1719/10814, time remaining: 17m 59s
Rendered 1720/10814, time remaining: 17m 59s
Rendered 1721/10814, time remaining: 17m 58s
Rendered 1722/10814, time remaining: 17m 58s
Rendered 1723/10814, time remaining: 17m 58s
Rendered 1724/10814, time remaining: 17m 58s
Rendered 1725/10814, time remaining: 17m 58s
Rendered 1726/10814, time remaining: 17m 58s
Rendered 1727/10814, time remaining: 17m 57s
Rendered 1728/10814, time remaining: 17m 57s
Rendered 1729/10814, time remaining: 17m 57s
Rendered 1730/10814, time remaining: 17m 57s
Rendered 1731/10814, time remaining: 17m 57s
Rendered 1732/10814, time remaining: 17m 57s
Rendered 1733/10814, time remaining: 17m 57s
Rendered 1734/10814, time remaining: 17m 56s
Rendered 1735/10814, time remaining: 17m 56s
Rendered 1736/10814, time remaining: 17m 56s
Rendered 1737/10814, time remaining: 17m 56s
Rendered 1738/10814, time remaining: 17m 56s
Rendered 1739/10814, time remaining: 17m 56s
Rendered 1740/10814, time remaining: 17m 56s
Rendered 1741/10814, time remaining: 17m 56s
Rendered 1742/10814, time remaining: 17m 56s
Rendered 1743/10814, time remaining: 17m 56s
Rendered 1744/10814, time remaining: 17m 56s
Rendered 1745/10814, time remaining: 17m 55s
Rendered 1746/10814, time remaining: 17m 55s
Rendered 1747/10814, time remaining: 17m 55s
Rendered 1748/10814, time remaining: 17m 55s
Rendered 1749/10814, time remaining: 17m 55s
Rendered 1750/10814, time remaining: 17m 55s
Rendered 1751/10814, time remaining: 17m 55s
Rendered 1752/10814, time remaining: 17m 55s
Rendered 1753/10814, time remaining: 17m 54s
Rendered 1754/10814, time remaining: 17m 54s
Rendered 1755/10814, time remaining: 17m 54s
Rendered 1756/10814, time remaining: 17m 54s
Rendered 1757/10814, time remaining: 17m 54s
Rendered 1758/10814, time remaining: 17m 54s
Rendered 1759/10814, time remaining: 17m 53s
Rendered 1760/10814, time remaining: 17m 53s
Rendered 1761/10814, time remaining: 17m 53s
Rendered 1762/10814, time remaining: 17m 53s
Rendered 1763/10814, time remaining: 17m 53s
Rendered 1764/10814, time remaining: 17m 53s
Rendered 1765/10814, time remaining: 17m 53s
Rendered 1766/10814, time remaining: 17m 53s
Rendered 1767/10814, time remaining: 17m 53s
Rendered 1768/10814, time remaining: 17m 52s
Rendered 1769/10814, time remaining: 17m 52s
Rendered 1770/10814, time remaining: 17m 52s
Rendered 1771/10814, time remaining: 17m 52s
Rendered 1772/10814, time remaining: 17m 52s
Rendered 1773/10814, time remaining: 17m 51s
Rendered 1774/10814, time remaining: 17m 51s
Rendered 1775/10814, time remaining: 17m 51s
Rendered 1776/10814, time remaining: 17m 51s
Rendered 1777/10814, time remaining: 17m 51s
Rendered 1778/10814, time remaining: 17m 51s
Rendered 1779/10814, time remaining: 17m 50s
Rendered 1780/10814, time remaining: 17m 50s
Rendered 1781/10814, time remaining: 17m 50s
Rendered 1782/10814, time remaining: 17m 50s
Rendered 1783/10814, time remaining: 17m 50s
Rendered 1784/10814, time remaining: 17m 50s
Rendered 1785/10814, time remaining: 17m 50s
Rendered 1786/10814, time remaining: 17m 50s
Rendered 1787/10814, time remaining: 17m 49s
Rendered 1788/10814, time remaining: 17m 49s
Rendered 1789/10814, time remaining: 17m 49s
Rendered 1790/10814, time remaining: 17m 49s
Rendered 1791/10814, time remaining: 17m 49s
Rendered 1792/10814, time remaining: 17m 49s
Rendered 1793/10814, time remaining: 17m 48s
Rendered 1794/10814, time remaining: 17m 48s
Rendered 1795/10814, time remaining: 17m 48s
Rendered 1796/10814, time remaining: 17m 48s
Rendered 1797/10814, time remaining: 17m 48s
Rendered 1798/10814, time remaining: 17m 48s
Rendered 1799/10814, time remaining: 17m 47s
Rendered 1800/10814, time remaining: 17m 47s
Rendered 1801/10814, time remaining: 17m 47s
Rendered 1802/10814, time remaining: 17m 47s
Rendered 1803/10814, time remaining: 17m 47s
Rendered 1804/10814, time remaining: 17m 47s
Rendered 1805/10814, time remaining: 17m 46s
Rendered 1806/10814, time remaining: 17m 46s
Rendered 1807/10814, time remaining: 17m 46s
Rendered 1808/10814, time remaining: 17m 46s
Rendered 1809/10814, time remaining: 17m 46s
Rendered 1810/10814, time remaining: 17m 46s
Rendered 1811/10814, time remaining: 17m 46s
Rendered 1812/10814, time remaining: 17m 45s
Rendered 1813/10814, time remaining: 17m 45s
Rendered 1814/10814, time remaining: 17m 45s
Rendered 1815/10814, time remaining: 17m 45s
Rendered 1816/10814, time remaining: 17m 45s
Rendered 1817/10814, time remaining: 17m 44s
Rendered 1818/10814, time remaining: 17m 44s
Rendered 1819/10814, time remaining: 17m 44s
Rendered 1820/10814, time remaining: 17m 44s
Rendered 1821/10814, time remaining: 17m 44s
Rendered 1822/10814, time remaining: 17m 44s
Rendered 1823/10814, time remaining: 17m 43s
Rendered 1824/10814, time remaining: 17m 43s
Rendered 1825/10814, time remaining: 17m 43s
Rendered 1826/10814, time remaining: 17m 43s
Rendered 1827/10814, time remaining: 17m 43s
Rendered 1828/10814, time remaining: 17m 43s
Rendered 1829/10814, time remaining: 17m 43s
Rendered 1830/10814, time remaining: 17m 43s
Rendered 1831/10814, time remaining: 17m 42s
Rendered 1832/10814, time remaining: 17m 42s
Rendered 1833/10814, time remaining: 17m 42s
Rendered 1834/10814, time remaining: 17m 42s
Rendered 1835/10814, time remaining: 17m 42s
Rendered 1836/10814, time remaining: 17m 42s
Rendered 1837/10814, time remaining: 17m 42s
Rendered 1838/10814, time remaining: 17m 41s
Rendered 1839/10814, time remaining: 17m 41s
Rendered 1840/10814, time remaining: 17m 41s
Rendered 1841/10814, time remaining: 17m 41s
Rendered 1842/10814, time remaining: 17m 41s
Rendered 1843/10814, time remaining: 17m 41s
Rendered 1844/10814, time remaining: 17m 40s
Rendered 1845/10814, time remaining: 17m 40s
Rendered 1846/10814, time remaining: 17m 40s
Rendered 1847/10814, time remaining: 17m 40s
Rendered 1848/10814, time remaining: 17m 40s
Rendered 1849/10814, time remaining: 17m 40s
Rendered 1850/10814, time remaining: 17m 40s
Rendered 1851/10814, time remaining: 17m 40s
Rendered 1852/10814, time remaining: 17m 40s
Rendered 1853/10814, time remaining: 17m 40s
Rendered 1854/10814, time remaining: 17m 39s
Rendered 1855/10814, time remaining: 17m 39s
Rendered 1856/10814, time remaining: 17m 39s
Rendered 1857/10814, time remaining: 17m 39s
Rendered 1858/10814, time remaining: 17m 39s
Rendered 1859/10814, time remaining: 17m 39s
Rendered 1860/10814, time remaining: 17m 39s
Rendered 1861/10814, time remaining: 17m 39s
Rendered 1862/10814, time remaining: 17m 38s
Rendered 1863/10814, time remaining: 17m 38s
Rendered 1864/10814, time remaining: 17m 38s
Rendered 1865/10814, time remaining: 17m 38s
Rendered 1866/10814, time remaining: 17m 38s
Rendered 1867/10814, time remaining: 17m 38s
Rendered 1868/10814, time remaining: 17m 38s
Rendered 1869/10814, time remaining: 17m 37s
Rendered 1870/10814, time remaining: 17m 37s
Rendered 1871/10814, time remaining: 17m 37s
Rendered 1872/10814, time remaining: 17m 37s
Rendered 1873/10814, time remaining: 17m 37s
Rendered 1874/10814, time remaining: 17m 37s
Rendered 1875/10814, time remaining: 17m 37s
Rendered 1876/10814, time remaining: 17m 37s
Rendered 1877/10814, time remaining: 17m 37s
Rendered 1878/10814, time remaining: 17m 36s
Rendered 1879/10814, time remaining: 17m 36s
Rendered 1880/10814, time remaining: 17m 36s
Rendered 1881/10814, time remaining: 17m 36s
Rendered 1882/10814, time remaining: 17m 36s
Rendered 1883/10814, time remaining: 17m 36s
Rendered 1884/10814, time remaining: 17m 36s
Rendered 1885/10814, time remaining: 17m 36s
Rendered 1886/10814, time remaining: 17m 35s
Rendered 1887/10814, time remaining: 17m 35s
Rendered 1888/10814, time remaining: 17m 35s
Rendered 1889/10814, time remaining: 17m 35s
Rendered 1890/10814, time remaining: 17m 35s
Rendered 1891/10814, time remaining: 17m 35s
Rendered 1892/10814, time remaining: 17m 35s
Rendered 1893/10814, time remaining: 17m 35s
Rendered 1894/10814, time remaining: 17m 35s
Rendered 1895/10814, time remaining: 17m 35s
Rendered 1896/10814, time remaining: 17m 34s
Rendered 1897/10814, time remaining: 17m 34s
Rendered 1898/10814, time remaining: 17m 34s
Rendered 1899/10814, time remaining: 17m 34s
Rendered 1900/10814, time remaining: 17m 34s
Rendered 1901/10814, time remaining: 17m 34s
Rendered 1902/10814, time remaining: 17m 34s
Rendered 1903/10814, time remaining: 17m 33s
Rendered 1904/10814, time remaining: 17m 33s
Rendered 1905/10814, time remaining: 17m 33s
Rendered 1906/10814, time remaining: 17m 33s
Rendered 1907/10814, time remaining: 17m 33s
Rendered 1908/10814, time remaining: 17m 33s
Rendered 1909/10814, time remaining: 17m 32s
Rendered 1910/10814, time remaining: 17m 32s
Rendered 1911/10814, time remaining: 17m 32s
Rendered 1912/10814, time remaining: 17m 32s
Rendered 1913/10814, time remaining: 17m 32s
Rendered 1914/10814, time remaining: 17m 31s
Rendered 1915/10814, time remaining: 17m 31s
Rendered 1916/10814, time remaining: 17m 31s
Rendered 1917/10814, time remaining: 17m 31s
Rendered 1918/10814, time remaining: 17m 31s
Rendered 1919/10814, time remaining: 17m 31s
Rendered 1920/10814, time remaining: 17m 31s
Rendered 1921/10814, time remaining: 17m 31s
Rendered 1922/10814, time remaining: 17m 31s
Rendered 1923/10814, time remaining: 17m 30s
Rendered 1924/10814, time remaining: 17m 30s
Rendered 1925/10814, time remaining: 17m 30s
Rendered 1926/10814, time remaining: 17m 30s
Rendered 1927/10814, time remaining: 17m 30s
Rendered 1928/10814, time remaining: 17m 29s
Rendered 1929/10814, time remaining: 17m 29s
Rendered 1930/10814, time remaining: 17m 29s
Rendered 1931/10814, time remaining: 17m 29s
Rendered 1932/10814, time remaining: 17m 29s
Rendered 1933/10814, time remaining: 17m 29s
Rendered 1934/10814, time remaining: 17m 29s
Rendered 1935/10814, time remaining: 17m 29s
Rendered 1936/10814, time remaining: 17m 29s
Rendered 1937/10814, time remaining: 17m 28s
Rendered 1938/10814, time remaining: 17m 28s
Rendered 1939/10814, time remaining: 17m 28s
Rendered 1940/10814, time remaining: 17m 28s
Rendered 1941/10814, time remaining: 17m 28s
Rendered 1942/10814, time remaining: 17m 28s
Rendered 1943/10814, time remaining: 17m 28s
Rendered 1944/10814, time remaining: 17m 27s
Rendered 1945/10814, time remaining: 17m 27s
Rendered 1946/10814, time remaining: 17m 27s
Rendered 1947/10814, time remaining: 17m 27s
Rendered 1948/10814, time remaining: 17m 27s
Rendered 1949/10814, time remaining: 17m 26s
Rendered 1950/10814, time remaining: 17m 26s
Rendered 1951/10814, time remaining: 17m 26s
Rendered 1952/10814, time remaining: 17m 26s
Rendered 1953/10814, time remaining: 17m 25s
Rendered 1954/10814, time remaining: 17m 25s
Rendered 1955/10814, time remaining: 17m 25s
Rendered 1956/10814, time remaining: 17m 25s
Rendered 1957/10814, time remaining: 17m 25s
Rendered 1958/10814, time remaining: 17m 24s
Rendered 1959/10814, time remaining: 17m 24s
Rendered 1960/10814, time remaining: 17m 24s
Rendered 1961/10814, time remaining: 17m 24s
Rendered 1962/10814, time remaining: 17m 24s
Rendered 1963/10814, time remaining: 17m 23s
Rendered 1964/10814, time remaining: 17m 23s
Rendered 1965/10814, time remaining: 17m 23s
Rendered 1966/10814, time remaining: 17m 23s
Rendered 1967/10814, time remaining: 17m 23s
Rendered 1968/10814, time remaining: 17m 23s
Rendered 1969/10814, time remaining: 17m 22s
Rendered 1970/10814, time remaining: 17m 22s
Rendered 1971/10814, time remaining: 17m 22s
Rendered 1972/10814, time remaining: 17m 22s
Rendered 1973/10814, time remaining: 17m 22s
Rendered 1974/10814, time remaining: 17m 22s
Rendered 1975/10814, time remaining: 17m 21s
Rendered 1976/10814, time remaining: 17m 21s
Rendered 1977/10814, time remaining: 17m 21s
Rendered 1978/10814, time remaining: 17m 21s
Rendered 1979/10814, time remaining: 17m 21s
Rendered 1980/10814, time remaining: 17m 21s
Rendered 1981/10814, time remaining: 17m 21s
Rendered 1982/10814, time remaining: 17m 20s
Rendered 1983/10814, time remaining: 17m 20s
Rendered 1984/10814, time remaining: 17m 20s
Rendered 1985/10814, time remaining: 17m 20s
Rendered 1986/10814, time remaining: 17m 20s
Rendered 1987/10814, time remaining: 17m 20s
Rendered 1988/10814, time remaining: 17m 19s
Rendered 1989/10814, time remaining: 17m 19s
Rendered 1990/10814, time remaining: 17m 19s
Rendered 1991/10814, time remaining: 17m 19s
Rendered 1992/10814, time remaining: 17m 19s
Rendered 1993/10814, time remaining: 17m 19s
Rendered 1994/10814, time remaining: 17m 18s
Rendered 1995/10814, time remaining: 17m 18s
Rendered 1996/10814, time remaining: 17m 18s
Rendered 1997/10814, time remaining: 17m 18s
Rendered 1998/10814, time remaining: 17m 18s
Rendered 1999/10814, time remaining: 17m 18s
Rendered 2000/10814, time remaining: 17m 17s
Rendered 2001/10814, time remaining: 17m 17s
Rendered 2002/10814, time remaining: 17m 17s
Rendered 2003/10814, time remaining: 17m 17s
Rendered 2004/10814, time remaining: 17m 17s
Rendered 2005/10814, time remaining: 17m 17s
Rendered 2006/10814, time remaining: 17m 17s
Rendered 2007/10814, time remaining: 17m 16s
Rendered 2008/10814, time remaining: 17m 16s
Rendered 2009/10814, time remaining: 17m 16s
Rendered 2010/10814, time remaining: 17m 16s
Rendered 2011/10814, time remaining: 17m 16s
Rendered 2012/10814, time remaining: 17m 16s
Rendered 2013/10814, time remaining: 17m 16s
Rendered 2014/10814, time remaining: 17m 16s
Rendered 2015/10814, time remaining: 17m 15s
Rendered 2016/10814, time remaining: 17m 15s
Rendered 2017/10814, time remaining: 17m 15s
Rendered 2018/10814, time remaining: 17m 15s
Rendered 2019/10814, time remaining: 17m 15s
Rendered 2020/10814, time remaining: 17m 15s
Rendered 2021/10814, time remaining: 17m 15s
Rendered 2022/10814, time remaining: 17m 15s
Rendered 2023/10814, time remaining: 17m 15s
Rendered 2024/10814, time remaining: 17m 14s
Rendered 2025/10814, time remaining: 17m 14s
Rendered 2026/10814, time remaining: 17m 14s
Rendered 2027/10814, time remaining: 17m 14s
Rendered 2028/10814, time remaining: 17m 14s
Rendered 2029/10814, time remaining: 17m 14s
Rendered 2030/10814, time remaining: 17m 14s
Rendered 2031/10814, time remaining: 17m 14s
Rendered 2032/10814, time remaining: 17m 14s
Rendered 2033/10814, time remaining: 17m 13s
Rendered 2034/10814, time remaining: 17m 13s
Rendered 2035/10814, time remaining: 17m 14s
Rendered 2036/10814, time remaining: 17m 13s
Rendered 2037/10814, time remaining: 17m 13s
Rendered 2038/10814, time remaining: 17m 13s
Rendered 2039/10814, time remaining: 17m 13s
Rendered 2040/10814, time remaining: 17m 13s
Rendered 2041/10814, time remaining: 17m 13s
Rendered 2042/10814, time remaining: 17m 13s
Rendered 2043/10814, time remaining: 17m 12s
Rendered 2044/10814, time remaining: 17m 12s
Rendered 2045/10814, time remaining: 17m 12s
Rendered 2046/10814, time remaining: 17m 12s
Rendered 2047/10814, time remaining: 17m 12s
Rendered 2048/10814, time remaining: 17m 12s
Rendered 2049/10814, time remaining: 17m 12s
Rendered 2050/10814, time remaining: 17m 12s
Rendered 2051/10814, time remaining: 17m 12s
Rendered 2052/10814, time remaining: 17m 12s
Rendered 2053/10814, time remaining: 17m 11s
Rendered 2054/10814, time remaining: 17m 11s
Rendered 2055/10814, time remaining: 17m 11s
Rendered 2056/10814, time remaining: 17m 11s
Rendered 2057/10814, time remaining: 17m 10s
Rendered 2058/10814, time remaining: 17m 10s
Rendered 2059/10814, time remaining: 17m 10s
Rendered 2060/10814, time remaining: 17m 10s
Rendered 2061/10814, time remaining: 17m 10s
Rendered 2062/10814, time remaining: 17m 10s
Rendered 2063/10814, time remaining: 17m 10s
Rendered 2064/10814, time remaining: 17m 10s
Rendered 2065/10814, time remaining: 17m 10s
Rendered 2066/10814, time remaining: 17m 9s
Rendered 2067/10814, time remaining: 17m 9s
Rendered 2068/10814, time remaining: 17m 9s
Rendered 2069/10814, time remaining: 17m 9s
Rendered 2070/10814, time remaining: 17m 9s
Rendered 2071/10814, time remaining: 17m 9s
Rendered 2072/10814, time remaining: 17m 9s
Rendered 2073/10814, time remaining: 17m 8s
Rendered 2074/10814, time remaining: 17m 8s
Rendered 2075/10814, time remaining: 17m 8s
Rendered 2076/10814, time remaining: 17m 8s
Rendered 2077/10814, time remaining: 17m 8s
Rendered 2078/10814, time remaining: 17m 8s
Rendered 2079/10814, time remaining: 17m 8s
Rendered 2080/10814, time remaining: 17m 7s
Rendered 2081/10814, time remaining: 17m 7s
Rendered 2082/10814, time remaining: 17m 7s
Rendered 2083/10814, time remaining: 17m 7s
Rendered 2084/10814, time remaining: 17m 7s
Rendered 2085/10814, time remaining: 17m 6s
Rendered 2086/10814, time remaining: 17m 6s
Rendered 2087/10814, time remaining: 17m 6s
Rendered 2088/10814, time remaining: 17m 6s
Rendered 2089/10814, time remaining: 17m 6s
Rendered 2090/10814, time remaining: 17m 6s
Rendered 2091/10814, time remaining: 17m 5s
Rendered 2092/10814, time remaining: 17m 5s
Rendered 2093/10814, time remaining: 17m 5s
Rendered 2094/10814, time remaining: 17m 5s
Rendered 2095/10814, time remaining: 17m 5s
Rendered 2096/10814, time remaining: 17m 5s
Rendered 2097/10814, time remaining: 17m 4s
Rendered 2098/10814, time remaining: 17m 4s
Rendered 2099/10814, time remaining: 17m 4s
Rendered 2100/10814, time remaining: 17m 4s
Rendered 2101/10814, time remaining: 17m 4s
Rendered 2102/10814, time remaining: 17m 4s
Rendered 2103/10814, time remaining: 17m 4s
Rendered 2104/10814, time remaining: 17m 4s
Rendered 2105/10814, time remaining: 17m 4s
Rendered 2106/10814, time remaining: 17m 3s
Rendered 2107/10814, time remaining: 17m 3s
Rendered 2108/10814, time remaining: 17m 3s
Rendered 2109/10814, time remaining: 17m 3s
Rendered 2110/10814, time remaining: 17m 3s
Rendered 2111/10814, time remaining: 17m 3s
Rendered 2112/10814, time remaining: 17m 3s
Rendered 2113/10814, time remaining: 17m 3s
Rendered 2114/10814, time remaining: 17m 2s
Rendered 2115/10814, time remaining: 17m 2s
Rendered 2116/10814, time remaining: 17m 2s
Rendered 2117/10814, time remaining: 17m 2s
Rendered 2118/10814, time remaining: 17m 2s
Rendered 2119/10814, time remaining: 17m 2s
Rendered 2120/10814, time remaining: 17m 2s
Rendered 2121/10814, time remaining: 17m 2s
Rendered 2122/10814, time remaining: 17m 1s
Rendered 2123/10814, time remaining: 17m 1s
Rendered 2124/10814, time remaining: 17m 1s
Rendered 2125/10814, time remaining: 17m 1s
Rendered 2126/10814, time remaining: 17m 1s
Rendered 2127/10814, time remaining: 17m 1s
Rendered 2128/10814, time remaining: 17m 0s
Rendered 2129/10814, time remaining: 17m 0s
Rendered 2130/10814, time remaining: 17m 0s
Rendered 2131/10814, time remaining: 17m 0s
Rendered 2132/10814, time remaining: 17m 0s
Rendered 2133/10814, time remaining: 17m 0s
Rendered 2134/10814, time remaining: 17m 0s
Rendered 2135/10814, time remaining: 16m 59s
Rendered 2136/10814, time remaining: 16m 59s
Rendered 2137/10814, time remaining: 16m 59s
Rendered 2138/10814, time remaining: 16m 59s
Rendered 2139/10814, time remaining: 16m 59s
Rendered 2140/10814, time remaining: 16m 59s
Rendered 2141/10814, time remaining: 16m 59s
Rendered 2142/10814, time remaining: 16m 59s
Rendered 2143/10814, time remaining: 16m 59s
Rendered 2144/10814, time remaining: 16m 59s
Rendered 2145/10814, time remaining: 16m 58s
Rendered 2146/10814, time remaining: 16m 58s
Rendered 2147/10814, time remaining: 16m 58s
Rendered 2148/10814, time remaining: 16m 58s
Rendered 2149/10814, time remaining: 16m 58s
Rendered 2150/10814, time remaining: 16m 58s
Rendered 2151/10814, time remaining: 16m 57s
Rendered 2152/10814, time remaining: 16m 57s
Rendered 2153/10814, time remaining: 16m 57s
Rendered 2154/10814, time remaining: 16m 57s
Rendered 2155/10814, time remaining: 16m 57s
Rendered 2156/10814, time remaining: 16m 57s
Rendered 2157/10814, time remaining: 16m 57s
Rendered 2158/10814, time remaining: 16m 56s
Rendered 2159/10814, time remaining: 16m 56s
Rendered 2160/10814, time remaining: 16m 56s
Rendered 2161/10814, time remaining: 16m 56s
Rendered 2162/10814, time remaining: 16m 56s
Rendered 2163/10814, time remaining: 16m 56s
Rendered 2164/10814, time remaining: 16m 56s
Rendered 2165/10814, time remaining: 16m 56s
Rendered 2166/10814, time remaining: 16m 56s
Rendered 2167/10814, time remaining: 16m 56s
Rendered 2168/10814, time remaining: 16m 55s
Rendered 2169/10814, time remaining: 16m 55s
Rendered 2170/10814, time remaining: 16m 55s
Rendered 2171/10814, time remaining: 16m 55s
Rendered 2172/10814, time remaining: 16m 55s
Rendered 2173/10814, time remaining: 16m 55s
Rendered 2174/10814, time remaining: 16m 54s
Rendered 2175/10814, time remaining: 16m 54s
Rendered 2176/10814, time remaining: 16m 54s
Rendered 2177/10814, time remaining: 16m 54s
Rendered 2178/10814, time remaining: 16m 54s
Rendered 2179/10814, time remaining: 16m 54s
Rendered 2180/10814, time remaining: 16m 54s
Rendered 2181/10814, time remaining: 16m 53s
Rendered 2182/10814, time remaining: 16m 53s
Rendered 2183/10814, time remaining: 16m 53s
Rendered 2184/10814, time remaining: 16m 53s
Rendered 2185/10814, time remaining: 16m 53s
Rendered 2186/10814, time remaining: 16m 53s
Rendered 2187/10814, time remaining: 16m 53s
Rendered 2188/10814, time remaining: 16m 53s
Rendered 2189/10814, time remaining: 16m 52s
Rendered 2190/10814, time remaining: 16m 52s
Rendered 2191/10814, time remaining: 16m 52s
Rendered 2192/10814, time remaining: 16m 52s
Rendered 2193/10814, time remaining: 16m 52s
Rendered 2194/10814, time remaining: 16m 52s
Rendered 2195/10814, time remaining: 16m 52s
Rendered 2196/10814, time remaining: 16m 52s
Rendered 2197/10814, time remaining: 16m 52s
Rendered 2198/10814, time remaining: 16m 51s
Rendered 2199/10814, time remaining: 16m 51s
Rendered 2200/10814, time remaining: 16m 51s
Rendered 2201/10814, time remaining: 16m 51s
Rendered 2202/10814, time remaining: 16m 51s
Rendered 2203/10814, time remaining: 16m 51s
Rendered 2204/10814, time remaining: 16m 51s
Rendered 2205/10814, time remaining: 16m 51s
Rendered 2206/10814, time remaining: 16m 51s
Rendered 2207/10814, time remaining: 16m 51s
Rendered 2208/10814, time remaining: 16m 51s
Rendered 2209/10814, time remaining: 16m 51s
Rendered 2210/10814, time remaining: 16m 51s
Rendered 2211/10814, time remaining: 16m 51s
Rendered 2212/10814, time remaining: 16m 50s
Rendered 2213/10814, time remaining: 16m 50s
Rendered 2214/10814, time remaining: 16m 50s
Rendered 2215/10814, time remaining: 16m 50s
Rendered 2216/10814, time remaining: 16m 50s
Rendered 2217/10814, time remaining: 16m 50s
Rendered 2218/10814, time remaining: 16m 50s
Rendered 2219/10814, time remaining: 16m 50s
Rendered 2220/10814, time remaining: 16m 49s
Rendered 2221/10814, time remaining: 16m 50s
Rendered 2222/10814, time remaining: 16m 49s
Rendered 2223/10814, time remaining: 16m 49s
Rendered 2224/10814, time remaining: 16m 49s
Rendered 2225/10814, time remaining: 16m 49s
Rendered 2226/10814, time remaining: 16m 49s
Rendered 2227/10814, time remaining: 16m 49s
Rendered 2228/10814, time remaining: 16m 49s
Rendered 2229/10814, time remaining: 16m 49s
Rendered 2230/10814, time remaining: 16m 49s
Rendered 2231/10814, time remaining: 16m 48s
Rendered 2232/10814, time remaining: 16m 48s
Rendered 2233/10814, time remaining: 16m 48s
Rendered 2234/10814, time remaining: 16m 48s
Rendered 2235/10814, time remaining: 16m 48s
Rendered 2236/10814, time remaining: 16m 48s
Rendered 2237/10814, time remaining: 16m 48s
Rendered 2238/10814, time remaining: 16m 48s
Rendered 2239/10814, time remaining: 16m 48s
Rendered 2240/10814, time remaining: 16m 48s
Rendered 2241/10814, time remaining: 16m 48s
Rendered 2242/10814, time remaining: 16m 47s
Rendered 2243/10814, time remaining: 16m 47s
Rendered 2244/10814, time remaining: 16m 47s
Rendered 2245/10814, time remaining: 16m 47s
Rendered 2246/10814, time remaining: 16m 47s
Rendered 2247/10814, time remaining: 16m 47s
Rendered 2248/10814, time remaining: 16m 47s
Rendered 2249/10814, time remaining: 16m 47s
Rendered 2250/10814, time remaining: 16m 47s
Rendered 2251/10814, time remaining: 16m 47s
Rendered 2252/10814, time remaining: 16m 46s
Rendered 2253/10814, time remaining: 16m 46s
Rendered 2254/10814, time remaining: 16m 46s
Rendered 2255/10814, time remaining: 16m 46s
Rendered 2256/10814, time remaining: 16m 46s
Rendered 2257/10814, time remaining: 16m 46s
Rendered 2258/10814, time remaining: 16m 46s
Rendered 2259/10814, time remaining: 16m 46s
Rendered 2260/10814, time remaining: 16m 46s
Rendered 2261/10814, time remaining: 16m 45s
Rendered 2262/10814, time remaining: 16m 46s
Rendered 2263/10814, time remaining: 16m 46s
Rendered 2264/10814, time remaining: 16m 46s
Rendered 2265/10814, time remaining: 16m 46s
Rendered 2266/10814, time remaining: 16m 46s
Rendered 2267/10814, time remaining: 16m 46s
Rendered 2268/10814, time remaining: 16m 46s
Rendered 2269/10814, time remaining: 16m 46s
Rendered 2270/10814, time remaining: 16m 46s
Rendered 2271/10814, time remaining: 16m 46s
Rendered 2272/10814, time remaining: 16m 45s
Rendered 2273/10814, time remaining: 16m 45s
Rendered 2274/10814, time remaining: 16m 45s
Rendered 2275/10814, time remaining: 16m 45s
Rendered 2276/10814, time remaining: 16m 45s
Rendered 2277/10814, time remaining: 16m 45s
Rendered 2278/10814, time remaining: 16m 45s
Rendered 2279/10814, time remaining: 16m 45s
Rendered 2280/10814, time remaining: 16m 44s
Rendered 2281/10814, time remaining: 16m 44s
Rendered 2282/10814, time remaining: 16m 44s
Rendered 2283/10814, time remaining: 16m 44s
Rendered 2284/10814, time remaining: 16m 44s
Rendered 2285/10814, time remaining: 16m 44s
Rendered 2286/10814, time remaining: 16m 44s
Rendered 2287/10814, time remaining: 16m 43s
Rendered 2288/10814, time remaining: 16m 43s
Rendered 2289/10814, time remaining: 16m 43s
Rendered 2290/10814, time remaining: 16m 43s
Rendered 2291/10814, time remaining: 16m 43s
Rendered 2292/10814, time remaining: 16m 43s
Rendered 2293/10814, time remaining: 16m 43s
Rendered 2294/10814, time remaining: 16m 43s
Rendered 2295/10814, time remaining: 16m 43s
Rendered 2296/10814, time remaining: 16m 43s
Rendered 2297/10814, time remaining: 16m 43s
Rendered 2298/10814, time remaining: 16m 43s
Rendered 2299/10814, time remaining: 16m 43s
Rendered 2300/10814, time remaining: 16m 43s
Rendered 2301/10814, time remaining: 16m 43s
Rendered 2302/10814, time remaining: 16m 43s
Rendered 2303/10814, time remaining: 16m 42s
Rendered 2304/10814, time remaining: 16m 42s
Rendered 2305/10814, time remaining: 16m 42s
Rendered 2306/10814, time remaining: 16m 42s
Rendered 2307/10814, time remaining: 16m 42s
Rendered 2308/10814, time remaining: 16m 42s
Rendered 2309/10814, time remaining: 16m 42s
Rendered 2310/10814, time remaining: 16m 42s
Rendered 2311/10814, time remaining: 16m 42s
Rendered 2312/10814, time remaining: 16m 42s
Rendered 2313/10814, time remaining: 16m 42s
Rendered 2314/10814, time remaining: 16m 41s
Rendered 2315/10814, time remaining: 16m 41s
Rendered 2316/10814, time remaining: 16m 41s
Rendered 2317/10814, time remaining: 16m 41s
Rendered 2318/10814, time remaining: 16m 41s
Rendered 2319/10814, time remaining: 16m 41s
Rendered 2320/10814, time remaining: 16m 41s
Rendered 2321/10814, time remaining: 16m 41s
Rendered 2322/10814, time remaining: 16m 41s
Rendered 2323/10814, time remaining: 16m 41s
Rendered 2324/10814, time remaining: 16m 41s
Rendered 2325/10814, time remaining: 16m 41s
Rendered 2326/10814, time remaining: 16m 41s
Rendered 2327/10814, time remaining: 16m 41s
Rendered 2328/10814, time remaining: 16m 40s
Rendered 2329/10814, time remaining: 16m 40s
Rendered 2330/10814, time remaining: 16m 40s
Rendered 2331/10814, time remaining: 16m 40s
Rendered 2332/10814, time remaining: 16m 40s
Rendered 2333/10814, time remaining: 16m 40s
Rendered 2334/10814, time remaining: 16m 40s
Rendered 2335/10814, time remaining: 16m 39s
Rendered 2336/10814, time remaining: 16m 39s
Rendered 2337/10814, time remaining: 16m 39s
Rendered 2338/10814, time remaining: 16m 39s
Rendered 2339/10814, time remaining: 16m 39s
Rendered 2340/10814, time remaining: 16m 39s
Rendered 2341/10814, time remaining: 16m 39s
Rendered 2342/10814, time remaining: 16m 39s
Rendered 2343/10814, time remaining: 16m 39s
Rendered 2344/10814, time remaining: 16m 38s
Rendered 2345/10814, time remaining: 16m 38s
Rendered 2346/10814, time remaining: 16m 38s
Rendered 2347/10814, time remaining: 16m 38s
Rendered 2348/10814, time remaining: 16m 38s
Rendered 2349/10814, time remaining: 16m 38s
Rendered 2350/10814, time remaining: 16m 38s
Rendered 2351/10814, time remaining: 16m 38s
Rendered 2352/10814, time remaining: 16m 37s
Rendered 2353/10814, time remaining: 16m 37s
Rendered 2354/10814, time remaining: 16m 37s
Rendered 2355/10814, time remaining: 16m 37s
Rendered 2356/10814, time remaining: 16m 37s
Rendered 2357/10814, time remaining: 16m 37s
Rendered 2358/10814, time remaining: 16m 37s
Rendered 2359/10814, time remaining: 16m 37s
Rendered 2360/10814, time remaining: 16m 36s
Rendered 2361/10814, time remaining: 16m 36s
Rendered 2362/10814, time remaining: 16m 36s
Rendered 2363/10814, time remaining: 16m 36s
Rendered 2364/10814, time remaining: 16m 36s
Rendered 2365/10814, time remaining: 16m 35s
Rendered 2366/10814, time remaining: 16m 35s
Rendered 2367/10814, time remaining: 16m 35s
Rendered 2368/10814, time remaining: 16m 35s
Rendered 2369/10814, time remaining: 16m 35s
Rendered 2370/10814, time remaining: 16m 35s
Rendered 2371/10814, time remaining: 16m 35s
Rendered 2372/10814, time remaining: 16m 34s
Rendered 2373/10814, time remaining: 16m 34s
Rendered 2374/10814, time remaining: 16m 34s
Rendered 2375/10814, time remaining: 16m 35s
Rendered 2376/10814, time remaining: 16m 34s
Rendered 2377/10814, time remaining: 16m 34s
Rendered 2378/10814, time remaining: 16m 34s
Rendered 2379/10814, time remaining: 16m 34s
Rendered 2380/10814, time remaining: 16m 34s
Rendered 2381/10814, time remaining: 16m 34s
Rendered 2382/10814, time remaining: 16m 34s
Rendered 2383/10814, time remaining: 16m 33s
Rendered 2384/10814, time remaining: 16m 33s
Rendered 2385/10814, time remaining: 16m 33s
Rendered 2386/10814, time remaining: 16m 33s
Rendered 2387/10814, time remaining: 16m 33s
Rendered 2388/10814, time remaining: 16m 33s
Rendered 2389/10814, time remaining: 16m 33s
Rendered 2390/10814, time remaining: 16m 33s
Rendered 2391/10814, time remaining: 16m 32s
Rendered 2392/10814, time remaining: 16m 32s
Rendered 2393/10814, time remaining: 16m 32s
Rendered 2394/10814, time remaining: 16m 32s
Rendered 2395/10814, time remaining: 16m 32s
Rendered 2396/10814, time remaining: 16m 32s
Rendered 2397/10814, time remaining: 16m 32s
Rendered 2398/10814, time remaining: 16m 31s
Rendered 2399/10814, time remaining: 16m 31s
Rendered 2400/10814, time remaining: 16m 31s
Rendered 2401/10814, time remaining: 16m 31s
Rendered 2402/10814, time remaining: 16m 31s
Rendered 2403/10814, time remaining: 16m 31s
Rendered 2404/10814, time remaining: 16m 31s
Rendered 2405/10814, time remaining: 16m 31s
Rendered 2406/10814, time remaining: 16m 31s
Rendered 2407/10814, time remaining: 16m 31s
Rendered 2408/10814, time remaining: 16m 30s
Rendered 2409/10814, time remaining: 16m 30s
Rendered 2410/10814, time remaining: 16m 30s
Rendered 2411/10814, time remaining: 16m 30s
Rendered 2412/10814, time remaining: 16m 30s
Rendered 2413/10814, time remaining: 16m 30s
Rendered 2414/10814, time remaining: 16m 30s
Rendered 2415/10814, time remaining: 16m 30s
Rendered 2416/10814, time remaining: 16m 29s
Rendered 2417/10814, time remaining: 16m 29s
Rendered 2418/10814, time remaining: 16m 29s
Rendered 2419/10814, time remaining: 16m 29s
Rendered 2420/10814, time remaining: 16m 29s
Rendered 2421/10814, time remaining: 16m 29s
Rendered 2422/10814, time remaining: 16m 29s
Rendered 2423/10814, time remaining: 16m 29s
Rendered 2424/10814, time remaining: 16m 29s
Rendered 2425/10814, time remaining: 16m 28s
Rendered 2426/10814, time remaining: 16m 28s
Rendered 2427/10814, time remaining: 16m 28s
Rendered 2428/10814, time remaining: 16m 28s
Rendered 2429/10814, time remaining: 16m 28s
Rendered 2430/10814, time remaining: 16m 28s
Rendered 2431/10814, time remaining: 16m 28s
Rendered 2432/10814, time remaining: 16m 28s
Rendered 2433/10814, time remaining: 16m 27s
Rendered 2434/10814, time remaining: 16m 27s
Rendered 2435/10814, time remaining: 16m 27s
Rendered 2436/10814, time remaining: 16m 27s
Rendered 2437/10814, time remaining: 16m 27s
Rendered 2438/10814, time remaining: 16m 27s
Rendered 2439/10814, time remaining: 16m 27s
Rendered 2440/10814, time remaining: 16m 27s
Rendered 2441/10814, time remaining: 16m 27s
Rendered 2442/10814, time remaining: 16m 27s
Rendered 2443/10814, time remaining: 16m 26s
Rendered 2444/10814, time remaining: 16m 26s
Rendered 2445/10814, time remaining: 16m 26s
Rendered 2446/10814, time remaining: 16m 26s
Rendered 2447/10814, time remaining: 16m 26s
Rendered 2448/10814, time remaining: 16m 26s
Rendered 2449/10814, time remaining: 16m 26s
Rendered 2450/10814, time remaining: 16m 26s
Rendered 2451/10814, time remaining: 16m 26s
Rendered 2452/10814, time remaining: 16m 26s
Rendered 2453/10814, time remaining: 16m 25s
Rendered 2454/10814, time remaining: 16m 25s
Rendered 2455/10814, time remaining: 16m 25s
Rendered 2456/10814, time remaining: 16m 25s
Rendered 2457/10814, time remaining: 16m 25s
Rendered 2458/10814, time remaining: 16m 25s
Rendered 2459/10814, time remaining: 16m 25s
Rendered 2460/10814, time remaining: 16m 25s
Rendered 2461/10814, time remaining: 16m 25s
Rendered 2462/10814, time remaining: 16m 24s
Rendered 2463/10814, time remaining: 16m 24s
Rendered 2464/10814, time remaining: 16m 24s
Rendered 2465/10814, time remaining: 16m 24s
Rendered 2466/10814, time remaining: 16m 24s
Rendered 2467/10814, time remaining: 16m 24s
Rendered 2468/10814, time remaining: 16m 23s
Rendered 2469/10814, time remaining: 16m 23s
Rendered 2470/10814, time remaining: 16m 23s
Rendered 2471/10814, time remaining: 16m 23s
Rendered 2472/10814, time remaining: 16m 23s
Rendered 2473/10814, time remaining: 16m 23s
Rendered 2474/10814, time remaining: 16m 23s
Rendered 2475/10814, time remaining: 16m 22s
Rendered 2476/10814, time remaining: 16m 22s
Rendered 2477/10814, time remaining: 16m 23s
Rendered 2478/10814, time remaining: 16m 22s
Rendered 2479/10814, time remaining: 16m 22s
Rendered 2480/10814, time remaining: 16m 22s
Rendered 2481/10814, time remaining: 16m 22s
Rendered 2482/10814, time remaining: 16m 22s
Rendered 2483/10814, time remaining: 16m 22s
Rendered 2484/10814, time remaining: 16m 22s
Rendered 2485/10814, time remaining: 16m 22s
Rendered 2486/10814, time remaining: 16m 21s
Rendered 2487/10814, time remaining: 16m 21s
Rendered 2488/10814, time remaining: 16m 21s
Rendered 2489/10814, time remaining: 16m 21s
Rendered 2490/10814, time remaining: 16m 21s
Rendered 2491/10814, time remaining: 16m 21s
Rendered 2492/10814, time remaining: 16m 20s
Rendered 2493/10814, time remaining: 16m 20s
Rendered 2494/10814, time remaining: 16m 20s
Rendered 2495/10814, time remaining: 16m 20s
Rendered 2496/10814, time remaining: 16m 20s
Rendered 2497/10814, time remaining: 16m 20s
Rendered 2498/10814, time remaining: 16m 20s
Rendered 2499/10814, time remaining: 16m 19s
Rendered 2500/10814, time remaining: 16m 19s
Rendered 2501/10814, time remaining: 16m 19s
Rendered 2502/10814, time remaining: 16m 19s
Rendered 2503/10814, time remaining: 16m 19s
Rendered 2504/10814, time remaining: 16m 19s
Rendered 2505/10814, time remaining: 16m 19s
Rendered 2506/10814, time remaining: 16m 19s
Rendered 2507/10814, time remaining: 16m 19s
Rendered 2508/10814, time remaining: 16m 19s
Rendered 2509/10814, time remaining: 16m 18s
Rendered 2510/10814, time remaining: 16m 18s
Rendered 2511/10814, time remaining: 16m 18s
Rendered 2512/10814, time remaining: 16m 18s
Rendered 2513/10814, time remaining: 16m 18s
Rendered 2514/10814, time remaining: 16m 18s
Rendered 2515/10814, time remaining: 16m 18s
Rendered 2516/10814, time remaining: 16m 18s
Rendered 2517/10814, time remaining: 16m 17s
Rendered 2518/10814, time remaining: 16m 17s
Rendered 2519/10814, time remaining: 16m 17s
Rendered 2520/10814, time remaining: 16m 17s
Rendered 2521/10814, time remaining: 16m 17s
Rendered 2522/10814, time remaining: 16m 17s
Rendered 2523/10814, time remaining: 16m 17s
Rendered 2524/10814, time remaining: 16m 17s
Rendered 2525/10814, time remaining: 16m 17s
Rendered 2526/10814, time remaining: 16m 17s
Rendered 2527/10814, time remaining: 16m 17s
Rendered 2528/10814, time remaining: 16m 16s
Rendered 2529/10814, time remaining: 16m 16s
Rendered 2530/10814, time remaining: 16m 16s
Rendered 2531/10814, time remaining: 16m 16s
Rendered 2532/10814, time remaining: 16m 16s
Rendered 2533/10814, time remaining: 16m 16s
Rendered 2534/10814, time remaining: 16m 16s
Rendered 2535/10814, time remaining: 16m 15s
Rendered 2536/10814, time remaining: 16m 15s
Rendered 2537/10814, time remaining: 16m 15s
Rendered 2538/10814, time remaining: 16m 15s
Rendered 2539/10814, time remaining: 16m 15s
Rendered 2540/10814, time remaining: 16m 15s
Rendered 2541/10814, time remaining: 16m 15s
Rendered 2542/10814, time remaining: 16m 15s
Rendered 2543/10814, time remaining: 16m 14s
Rendered 2544/10814, time remaining: 16m 14s
Rendered 2545/10814, time remaining: 16m 14s
Rendered 2546/10814, time remaining: 16m 14s
Rendered 2547/10814, time remaining: 16m 14s
Rendered 2548/10814, time remaining: 16m 14s
Rendered 2549/10814, time remaining: 16m 14s
Rendered 2550/10814, time remaining: 16m 14s
Rendered 2551/10814, time remaining: 16m 14s
Rendered 2552/10814, time remaining: 16m 14s
Rendered 2553/10814, time remaining: 16m 14s
Rendered 2554/10814, time remaining: 16m 13s
Rendered 2555/10814, time remaining: 16m 13s
Rendered 2556/10814, time remaining: 16m 13s
Rendered 2557/10814, time remaining: 16m 13s
Rendered 2558/10814, time remaining: 16m 13s
Rendered 2559/10814, time remaining: 16m 13s
Rendered 2560/10814, time remaining: 16m 13s
Rendered 2561/10814, time remaining: 16m 13s
Rendered 2562/10814, time remaining: 16m 13s
Rendered 2563/10814, time remaining: 16m 13s
Rendered 2564/10814, time remaining: 16m 12s
Rendered 2565/10814, time remaining: 16m 12s
Rendered 2566/10814, time remaining: 16m 12s
Rendered 2567/10814, time remaining: 16m 12s
Rendered 2568/10814, time remaining: 16m 12s
Rendered 2569/10814, time remaining: 16m 12s
Rendered 2570/10814, time remaining: 16m 12s
Rendered 2571/10814, time remaining: 16m 12s
Rendered 2572/10814, time remaining: 16m 11s
Rendered 2573/10814, time remaining: 16m 11s
Rendered 2574/10814, time remaining: 16m 11s
Rendered 2575/10814, time remaining: 16m 11s
Rendered 2576/10814, time remaining: 16m 11s
Rendered 2577/10814, time remaining: 16m 11s
Rendered 2578/10814, time remaining: 16m 10s
Rendered 2579/10814, time remaining: 16m 10s
Rendered 2580/10814, time remaining: 16m 10s
Rendered 2581/10814, time remaining: 16m 10s
Rendered 2582/10814, time remaining: 16m 10s
Rendered 2583/10814, time remaining: 16m 10s
Rendered 2584/10814, time remaining: 16m 10s
Rendered 2585/10814, time remaining: 16m 9s
Rendered 2586/10814, time remaining: 16m 9s
Rendered 2587/10814, time remaining: 16m 9s
Rendered 2588/10814, time remaining: 16m 9s
Rendered 2589/10814, time remaining: 16m 9s
Rendered 2590/10814, time remaining: 16m 9s
Rendered 2591/10814, time remaining: 16m 9s
Rendered 2592/10814, time remaining: 16m 9s
Rendered 2593/10814, time remaining: 16m 8s
Rendered 2594/10814, time remaining: 16m 8s
Rendered 2595/10814, time remaining: 16m 8s
Rendered 2596/10814, time remaining: 16m 8s
Rendered 2597/10814, time remaining: 16m 8s
Rendered 2598/10814, time remaining: 16m 8s
Rendered 2599/10814, time remaining: 16m 8s
Rendered 2600/10814, time remaining: 16m 8s
Rendered 2601/10814, time remaining: 16m 8s
Rendered 2602/10814, time remaining: 16m 8s
Rendered 2603/10814, time remaining: 16m 7s
Rendered 2604/10814, time remaining: 16m 7s
Rendered 2605/10814, time remaining: 16m 7s
Rendered 2606/10814, time remaining: 16m 7s
Rendered 2607/10814, time remaining: 16m 7s
Rendered 2608/10814, time remaining: 16m 7s
Rendered 2609/10814, time remaining: 16m 7s
Rendered 2610/10814, time remaining: 16m 6s
Rendered 2611/10814, time remaining: 16m 6s
Rendered 2612/10814, time remaining: 16m 6s
Rendered 2613/10814, time remaining: 16m 6s
Rendered 2614/10814, time remaining: 16m 6s
Rendered 2615/10814, time remaining: 16m 6s
Rendered 2616/10814, time remaining: 16m 6s
Rendered 2617/10814, time remaining: 16m 6s
Rendered 2618/10814, time remaining: 16m 6s
Rendered 2619/10814, time remaining: 16m 6s
Rendered 2620/10814, time remaining: 16m 6s
Rendered 2621/10814, time remaining: 16m 6s
Rendered 2622/10814, time remaining: 16m 5s
Rendered 2623/10814, time remaining: 16m 5s
Rendered 2624/10814, time remaining: 16m 5s
Rendered 2625/10814, time remaining: 16m 5s
Rendered 2626/10814, time remaining: 16m 5s
Rendered 2627/10814, time remaining: 16m 5s
Rendered 2628/10814, time remaining: 16m 5s
Rendered 2629/10814, time remaining: 16m 5s
Rendered 2630/10814, time remaining: 16m 5s
Rendered 2631/10814, time remaining: 16m 4s
Rendered 2632/10814, time remaining: 16m 4s
Rendered 2633/10814, time remaining: 16m 4s
Rendered 2634/10814, time remaining: 16m 4s
Rendered 2635/10814, time remaining: 16m 4s
Rendered 2636/10814, time remaining: 16m 4s
Rendered 2637/10814, time remaining: 16m 4s
Rendered 2638/10814, time remaining: 16m 4s
Rendered 2639/10814, time remaining: 16m 3s
Rendered 2640/10814, time remaining: 16m 3s
Rendered 2641/10814, time remaining: 16m 3s
Rendered 2642/10814, time remaining: 16m 3s
Rendered 2643/10814, time remaining: 16m 3s
Rendered 2644/10814, time remaining: 16m 3s
Rendered 2645/10814, time remaining: 16m 3s
Rendered 2646/10814, time remaining: 16m 3s
Rendered 2647/10814, time remaining: 16m 3s
Rendered 2648/10814, time remaining: 16m 3s
Rendered 2649/10814, time remaining: 16m 3s
Rendered 2650/10814, time remaining: 16m 3s
Rendered 2651/10814, time remaining: 16m 2s
Rendered 2652/10814, time remaining: 16m 2s
Rendered 2653/10814, time remaining: 16m 2s
Rendered 2654/10814, time remaining: 16m 2s
Rendered 2655/10814, time remaining: 16m 2s
Rendered 2656/10814, time remaining: 16m 2s
Rendered 2657/10814, time remaining: 16m 2s
Rendered 2658/10814, time remaining: 16m 2s
Rendered 2659/10814, time remaining: 16m 2s
Rendered 2660/10814, time remaining: 16m 2s
Rendered 2661/10814, time remaining: 16m 2s
Rendered 2662/10814, time remaining: 16m 2s
Rendered 2663/10814, time remaining: 16m 1s
Rendered 2664/10814, time remaining: 16m 1s
Rendered 2665/10814, time remaining: 16m 1s
Rendered 2666/10814, time remaining: 16m 1s
Rendered 2667/10814, time remaining: 16m 1s
Rendered 2668/10814, time remaining: 16m 1s
Rendered 2669/10814, time remaining: 16m 1s
Rendered 2670/10814, time remaining: 16m 1s
Rendered 2671/10814, time remaining: 16m 0s
Rendered 2672/10814, time remaining: 16m 0s
Rendered 2673/10814, time remaining: 16m 0s
Rendered 2674/10814, time remaining: 16m 0s
Rendered 2675/10814, time remaining: 16m 0s
Rendered 2676/10814, time remaining: 16m 0s
Rendered 2677/10814, time remaining: 16m 0s
Rendered 2678/10814, time remaining: 16m 0s
Rendered 2679/10814, time remaining: 16m 0s
Rendered 2680/10814, time remaining: 16m 0s
Rendered 2681/10814, time remaining: 16m 0s
Rendered 2682/10814, time remaining: 16m 0s
Rendered 2683/10814, time remaining: 15m 59s
Rendered 2684/10814, time remaining: 15m 59s
Rendered 2685/10814, time remaining: 15m 59s
Rendered 2686/10814, time remaining: 15m 59s
Rendered 2687/10814, time remaining: 15m 59s
Rendered 2688/10814, time remaining: 15m 59s
Rendered 2689/10814, time remaining: 15m 59s
Rendered 2690/10814, time remaining: 15m 59s
Rendered 2691/10814, time remaining: 15m 59s
Rendered 2692/10814, time remaining: 15m 59s
Rendered 2693/10814, time remaining: 15m 59s
Rendered 2694/10814, time remaining: 15m 59s
Rendered 2695/10814, time remaining: 15m 59s
Rendered 2696/10814, time remaining: 15m 59s
Rendered 2697/10814, time remaining: 15m 58s
Rendered 2698/10814, time remaining: 15m 58s
Rendered 2699/10814, time remaining: 15m 58s
Rendered 2700/10814, time remaining: 15m 58s
Rendered 2701/10814, time remaining: 15m 58s
Rendered 2702/10814, time remaining: 15m 58s
Rendered 2703/10814, time remaining: 15m 58s
Rendered 2704/10814, time remaining: 15m 58s
Rendered 2705/10814, time remaining: 15m 57s
Rendered 2706/10814, time remaining: 15m 57s
Rendered 2707/10814, time remaining: 15m 57s
Rendered 2708/10814, time remaining: 15m 57s
Rendered 2709/10814, time remaining: 15m 57s
Rendered 2710/10814, time remaining: 15m 57s
Rendered 2711/10814, time remaining: 15m 57s
Rendered 2712/10814, time remaining: 15m 57s
Rendered 2713/10814, time remaining: 15m 57s
Rendered 2714/10814, time remaining: 15m 57s
Rendered 2715/10814, time remaining: 15m 57s
Rendered 2716/10814, time remaining: 15m 57s
Rendered 2717/10814, time remaining: 15m 57s
Rendered 2718/10814, time remaining: 15m 57s
Rendered 2719/10814, time remaining: 15m 56s
Rendered 2720/10814, time remaining: 15m 57s
Rendered 2721/10814, time remaining: 15m 56s
Rendered 2722/10814, time remaining: 15m 56s
Rendered 2723/10814, time remaining: 15m 56s
Rendered 2724/10814, time remaining: 15m 56s
Rendered 2725/10814, time remaining: 15m 56s
Rendered 2726/10814, time remaining: 15m 56s
Rendered 2727/10814, time remaining: 15m 56s
Rendered 2728/10814, time remaining: 15m 56s
Rendered 2729/10814, time remaining: 15m 55s
Rendered 2730/10814, time remaining: 15m 55s
Rendered 2731/10814, time remaining: 15m 55s
Rendered 2732/10814, time remaining: 15m 55s
Rendered 2733/10814, time remaining: 15m 55s
Rendered 2734/10814, time remaining: 15m 55s
Rendered 2735/10814, time remaining: 15m 55s
Rendered 2736/10814, time remaining: 15m 55s
Rendered 2737/10814, time remaining: 15m 55s
Rendered 2738/10814, time remaining: 15m 55s
Rendered 2739/10814, time remaining: 15m 55s
Rendered 2740/10814, time remaining: 15m 55s
Rendered 2741/10814, time remaining: 15m 55s
Rendered 2742/10814, time remaining: 15m 54s
Rendered 2743/10814, time remaining: 15m 54s
Rendered 2744/10814, time remaining: 15m 54s
Rendered 2745/10814, time remaining: 15m 54s
Rendered 2746/10814, time remaining: 15m 54s
Rendered 2747/10814, time remaining: 15m 54s
Rendered 2748/10814, time remaining: 15m 54s
Rendered 2749/10814, time remaining: 15m 54s
Rendered 2750/10814, time remaining: 15m 54s
Rendered 2751/10814, time remaining: 15m 54s
Rendered 2752/10814, time remaining: 15m 54s
Rendered 2753/10814, time remaining: 15m 54s
Rendered 2754/10814, time remaining: 15m 53s
Rendered 2755/10814, time remaining: 15m 53s
Rendered 2756/10814, time remaining: 15m 53s
Rendered 2757/10814, time remaining: 15m 53s
Rendered 2758/10814, time remaining: 15m 53s
Rendered 2759/10814, time remaining: 15m 53s
Rendered 2760/10814, time remaining: 15m 53s
Rendered 2761/10814, time remaining: 15m 53s
Rendered 2762/10814, time remaining: 15m 54s
Rendered 2763/10814, time remaining: 15m 54s
Rendered 2764/10814, time remaining: 15m 54s
Rendered 2765/10814, time remaining: 15m 54s
Rendered 2766/10814, time remaining: 15m 53s
Rendered 2767/10814, time remaining: 15m 53s
Rendered 2768/10814, time remaining: 15m 54s
Rendered 2769/10814, time remaining: 15m 54s
Rendered 2770/10814, time remaining: 15m 54s
Rendered 2771/10814, time remaining: 15m 54s
Rendered 2772/10814, time remaining: 15m 53s
Rendered 2773/10814, time remaining: 15m 53s
Rendered 2774/10814, time remaining: 15m 53s
Rendered 2775/10814, time remaining: 15m 53s
Rendered 2776/10814, time remaining: 15m 53s
Rendered 2777/10814, time remaining: 15m 53s
Rendered 2778/10814, time remaining: 15m 53s
Rendered 2779/10814, time remaining: 15m 53s
Rendered 2780/10814, time remaining: 15m 53s
Rendered 2781/10814, time remaining: 15m 53s
Rendered 2782/10814, time remaining: 15m 53s
Rendered 2783/10814, time remaining: 15m 52s
Rendered 2784/10814, time remaining: 15m 52s
Rendered 2785/10814, time remaining: 15m 52s
Rendered 2786/10814, time remaining: 15m 52s
Rendered 2787/10814, time remaining: 15m 52s
Rendered 2788/10814, time remaining: 15m 52s
Rendered 2789/10814, time remaining: 15m 52s
Rendered 2790/10814, time remaining: 15m 51s
Rendered 2791/10814, time remaining: 15m 51s
Rendered 2792/10814, time remaining: 15m 51s
Rendered 2793/10814, time remaining: 15m 51s
Rendered 2794/10814, time remaining: 15m 51s
Rendered 2795/10814, time remaining: 15m 51s
Rendered 2796/10814, time remaining: 15m 51s
Rendered 2797/10814, time remaining: 15m 51s
Rendered 2798/10814, time remaining: 15m 51s
Rendered 2799/10814, time remaining: 15m 51s
Rendered 2800/10814, time remaining: 15m 51s
Rendered 2801/10814, time remaining: 15m 51s
Rendered 2802/10814, time remaining: 15m 51s
Rendered 2803/10814, time remaining: 15m 51s
Rendered 2804/10814, time remaining: 15m 51s
Rendered 2805/10814, time remaining: 15m 51s
Rendered 2806/10814, time remaining: 15m 51s
Rendered 2807/10814, time remaining: 15m 51s
Rendered 2808/10814, time remaining: 15m 51s
Rendered 2809/10814, time remaining: 15m 50s
Rendered 2810/10814, time remaining: 15m 50s
Rendered 2811/10814, time remaining: 15m 50s
Rendered 2812/10814, time remaining: 15m 50s
Rendered 2813/10814, time remaining: 15m 50s
Rendered 2814/10814, time remaining: 15m 50s
Rendered 2815/10814, time remaining: 15m 50s
Rendered 2816/10814, time remaining: 15m 50s
Rendered 2817/10814, time remaining: 15m 50s
Rendered 2818/10814, time remaining: 15m 50s
Rendered 2819/10814, time remaining: 15m 50s
Rendered 2820/10814, time remaining: 15m 50s
Rendered 2821/10814, time remaining: 15m 50s
Rendered 2822/10814, time remaining: 15m 49s
Rendered 2823/10814, time remaining: 15m 49s
Rendered 2824/10814, time remaining: 15m 49s
Rendered 2825/10814, time remaining: 15m 49s
Rendered 2826/10814, time remaining: 15m 49s
Rendered 2827/10814, time remaining: 15m 49s
Rendered 2828/10814, time remaining: 15m 49s
Rendered 2829/10814, time remaining: 15m 49s
Rendered 2830/10814, time remaining: 15m 49s
Rendered 2831/10814, time remaining: 15m 49s
Rendered 2832/10814, time remaining: 15m 49s
Rendered 2833/10814, time remaining: 15m 49s
Rendered 2834/10814, time remaining: 15m 49s
Rendered 2835/10814, time remaining: 15m 49s
Rendered 2836/10814, time remaining: 15m 49s
Rendered 2837/10814, time remaining: 15m 49s
Rendered 2838/10814, time remaining: 15m 49s
Rendered 2839/10814, time remaining: 15m 49s
Rendered 2840/10814, time remaining: 15m 49s
Rendered 2841/10814, time remaining: 15m 49s
Rendered 2842/10814, time remaining: 15m 49s
Rendered 2843/10814, time remaining: 15m 49s
Rendered 2844/10814, time remaining: 15m 49s
Rendered 2845/10814, time remaining: 15m 48s
Rendered 2846/10814, time remaining: 15m 48s
Rendered 2847/10814, time remaining: 15m 48s
Rendered 2848/10814, time remaining: 15m 48s
Rendered 2849/10814, time remaining: 15m 48s
Rendered 2850/10814, time remaining: 15m 48s
Rendered 2851/10814, time remaining: 15m 48s
Rendered 2852/10814, time remaining: 15m 48s
Rendered 2853/10814, time remaining: 15m 48s
Rendered 2854/10814, time remaining: 15m 48s
Rendered 2855/10814, time remaining: 15m 48s
Rendered 2856/10814, time remaining: 15m 47s
Rendered 2857/10814, time remaining: 15m 47s
Rendered 2858/10814, time remaining: 15m 47s
Rendered 2859/10814, time remaining: 15m 48s
Rendered 2860/10814, time remaining: 15m 47s
Rendered 2861/10814, time remaining: 15m 47s
Rendered 2862/10814, time remaining: 15m 47s
Rendered 2863/10814, time remaining: 15m 47s
Rendered 2864/10814, time remaining: 15m 47s
Rendered 2865/10814, time remaining: 15m 47s
Rendered 2866/10814, time remaining: 15m 47s
Rendered 2867/10814, time remaining: 15m 47s
Rendered 2868/10814, time remaining: 15m 47s
Rendered 2869/10814, time remaining: 15m 47s
Rendered 2870/10814, time remaining: 15m 47s
Rendered 2871/10814, time remaining: 15m 47s
Rendered 2872/10814, time remaining: 15m 47s
Rendered 2873/10814, time remaining: 15m 47s
Rendered 2874/10814, time remaining: 15m 46s
Rendered 2875/10814, time remaining: 15m 46s
Rendered 2876/10814, time remaining: 15m 46s
Rendered 2877/10814, time remaining: 15m 46s
Rendered 2878/10814, time remaining: 15m 46s
Rendered 2879/10814, time remaining: 15m 46s
Rendered 2880/10814, time remaining: 15m 46s
Rendered 2881/10814, time remaining: 15m 46s
Rendered 2882/10814, time remaining: 15m 45s
Rendered 2883/10814, time remaining: 15m 45s
Rendered 2884/10814, time remaining: 15m 45s
Rendered 2885/10814, time remaining: 15m 45s
Rendered 2886/10814, time remaining: 15m 45s
Rendered 2887/10814, time remaining: 15m 45s
Rendered 2888/10814, time remaining: 15m 45s
Rendered 2889/10814, time remaining: 15m 45s
Rendered 2890/10814, time remaining: 15m 45s
Rendered 2891/10814, time remaining: 15m 45s
Rendered 2892/10814, time remaining: 15m 45s
Rendered 2893/10814, time remaining: 15m 45s
Rendered 2894/10814, time remaining: 15m 45s
Rendered 2895/10814, time remaining: 15m 44s
Rendered 2896/10814, time remaining: 15m 44s
Rendered 2897/10814, time remaining: 15m 44s
Rendered 2898/10814, time remaining: 15m 44s
Rendered 2899/10814, time remaining: 15m 44s
Rendered 2900/10814, time remaining: 15m 44s
Rendered 2901/10814, time remaining: 15m 44s
Rendered 2902/10814, time remaining: 15m 44s
Rendered 2903/10814, time remaining: 15m 44s
Rendered 2904/10814, time remaining: 15m 44s
Rendered 2905/10814, time remaining: 15m 43s
Rendered 2906/10814, time remaining: 15m 43s
Rendered 2907/10814, time remaining: 15m 43s
Rendered 2908/10814, time remaining: 15m 43s
Rendered 2909/10814, time remaining: 15m 43s
Rendered 2910/10814, time remaining: 15m 43s
Rendered 2911/10814, time remaining: 15m 43s
Rendered 2912/10814, time remaining: 15m 43s
Rendered 2913/10814, time remaining: 15m 43s
Rendered 2914/10814, time remaining: 15m 43s
Rendered 2915/10814, time remaining: 15m 43s
Rendered 2916/10814, time remaining: 15m 43s
Rendered 2917/10814, time remaining: 15m 43s
Rendered 2918/10814, time remaining: 15m 43s
Rendered 2919/10814, time remaining: 15m 43s
Rendered 2920/10814, time remaining: 15m 42s
Rendered 2921/10814, time remaining: 15m 42s
Rendered 2922/10814, time remaining: 15m 42s
Rendered 2923/10814, time remaining: 15m 42s
Rendered 2924/10814, time remaining: 15m 42s
Rendered 2925/10814, time remaining: 15m 42s
Rendered 2926/10814, time remaining: 15m 42s
Rendered 2927/10814, time remaining: 15m 41s
Rendered 2928/10814, time remaining: 15m 41s
Rendered 2929/10814, time remaining: 15m 41s
Rendered 2930/10814, time remaining: 15m 41s
Rendered 2931/10814, time remaining: 15m 41s
Rendered 2932/10814, time remaining: 15m 41s
Rendered 2933/10814, time remaining: 15m 41s
Rendered 2934/10814, time remaining: 15m 41s
Rendered 2935/10814, time remaining: 15m 41s
Rendered 2936/10814, time remaining: 15m 41s
Rendered 2937/10814, time remaining: 15m 41s
Rendered 2938/10814, time remaining: 15m 41s
Rendered 2939/10814, time remaining: 15m 40s
Rendered 2940/10814, time remaining: 15m 40s
Rendered 2941/10814, time remaining: 15m 40s
Rendered 2942/10814, time remaining: 15m 40s
Rendered 2943/10814, time remaining: 15m 40s
Rendered 2944/10814, time remaining: 15m 40s
Rendered 2945/10814, time remaining: 15m 40s
Rendered 2946/10814, time remaining: 15m 40s
Rendered 2947/10814, time remaining: 15m 40s
Rendered 2948/10814, time remaining: 15m 40s
Rendered 2949/10814, time remaining: 15m 40s
Rendered 2950/10814, time remaining: 15m 39s
Rendered 2951/10814, time remaining: 15m 39s
Rendered 2952/10814, time remaining: 15m 39s
Rendered 2953/10814, time remaining: 15m 39s
Rendered 2954/10814, time remaining: 15m 39s
Rendered 2955/10814, time remaining: 15m 39s
Rendered 2956/10814, time remaining: 15m 39s
Rendered 2957/10814, time remaining: 15m 39s
Rendered 2958/10814, time remaining: 15m 39s
Rendered 2959/10814, time remaining: 15m 39s
Rendered 2960/10814, time remaining: 15m 38s
Rendered 2961/10814, time remaining: 15m 38s
Rendered 2962/10814, time remaining: 15m 38s
Rendered 2963/10814, time remaining: 15m 38s
Rendered 2964/10814, time remaining: 15m 38s
Rendered 2965/10814, time remaining: 15m 38s
Rendered 2966/10814, time remaining: 15m 38s
Rendered 2967/10814, time remaining: 15m 38s
Rendered 2968/10814, time remaining: 15m 38s
Rendered 2969/10814, time remaining: 15m 37s
Rendered 2970/10814, time remaining: 15m 37s
Rendered 2971/10814, time remaining: 15m 37s
Rendered 2972/10814, time remaining: 15m 37s
Rendered 2973/10814, time remaining: 15m 37s
Rendered 2974/10814, time remaining: 15m 37s
Rendered 2975/10814, time remaining: 15m 37s
Rendered 2976/10814, time remaining: 15m 37s
Rendered 2977/10814, time remaining: 15m 37s
Rendered 2978/10814, time remaining: 15m 37s
Rendered 2979/10814, time remaining: 15m 37s
Rendered 2980/10814, time remaining: 15m 37s
Rendered 2981/10814, time remaining: 15m 36s
Rendered 2982/10814, time remaining: 15m 36s
Rendered 2983/10814, time remaining: 15m 36s
Rendered 2984/10814, time remaining: 15m 36s
Rendered 2985/10814, time remaining: 15m 36s
Rendered 2986/10814, time remaining: 15m 36s
Rendered 2987/10814, time remaining: 15m 36s
Rendered 2988/10814, time remaining: 15m 36s
Rendered 2989/10814, time remaining: 15m 36s
Rendered 2990/10814, time remaining: 15m 36s
Rendered 2991/10814, time remaining: 15m 36s
Rendered 2992/10814, time remaining: 15m 36s
Rendered 2993/10814, time remaining: 15m 36s
Rendered 2994/10814, time remaining: 15m 36s
Rendered 2995/10814, time remaining: 15m 36s
Rendered 2996/10814, time remaining: 15m 36s
Rendered 2997/10814, time remaining: 15m 36s
Rendered 2998/10814, time remaining: 15m 36s
Rendered 2999/10814, time remaining: 15m 35s
Rendered 3000/10814, time remaining: 15m 35s
Rendered 3001/10814, time remaining: 15m 35s
Rendered 3002/10814, time remaining: 15m 35s
Rendered 3003/10814, time remaining: 15m 35s
Rendered 3004/10814, time remaining: 15m 35s
Rendered 3005/10814, time remaining: 15m 35s
Rendered 3006/10814, time remaining: 15m 35s
Rendered 3007/10814, time remaining: 15m 35s
Rendered 3008/10814, time remaining: 15m 35s
Rendered 3009/10814, time remaining: 15m 35s
Rendered 3010/10814, time remaining: 15m 34s
Rendered 3011/10814, time remaining: 15m 34s
Rendered 3012/10814, time remaining: 15m 34s
Rendered 3013/10814, time remaining: 15m 34s
Rendered 3014/10814, time remaining: 15m 34s
Rendered 3015/10814, time remaining: 15m 34s
Rendered 3016/10814, time remaining: 15m 34s
Rendered 3017/10814, time remaining: 15m 34s
Rendered 3018/10814, time remaining: 15m 34s
Rendered 3019/10814, time remaining: 15m 34s
Rendered 3020/10814, time remaining: 15m 33s
Rendered 3021/10814, time remaining: 15m 33s
Rendered 3022/10814, time remaining: 15m 33s
Rendered 3023/10814, time remaining: 15m 33s
Rendered 3024/10814, time remaining: 15m 33s
Rendered 3025/10814, time remaining: 15m 33s
Rendered 3026/10814, time remaining: 15m 33s
Rendered 3027/10814, time remaining: 15m 33s
Rendered 3028/10814, time remaining: 15m 33s
Rendered 3029/10814, time remaining: 15m 33s
Rendered 3030/10814, time remaining: 15m 32s
Rendered 3031/10814, time remaining: 15m 32s
Rendered 3032/10814, time remaining: 15m 32s
Rendered 3033/10814, time remaining: 15m 32s
Rendered 3034/10814, time remaining: 15m 32s
Rendered 3035/10814, time remaining: 15m 32s
Rendered 3036/10814, time remaining: 15m 32s
Rendered 3037/10814, time remaining: 15m 32s
Rendered 3038/10814, time remaining: 15m 32s
Rendered 3039/10814, time remaining: 15m 32s
Rendered 3040/10814, time remaining: 15m 31s
Rendered 3041/10814, time remaining: 15m 31s
Rendered 3042/10814, time remaining: 15m 31s
Rendered 3043/10814, time remaining: 15m 31s
Rendered 3044/10814, time remaining: 15m 31s
Rendered 3045/10814, time remaining: 15m 31s
Rendered 3046/10814, time remaining: 15m 31s
Rendered 3047/10814, time remaining: 15m 31s
Rendered 3048/10814, time remaining: 15m 31s
Rendered 3049/10814, time remaining: 15m 31s
Rendered 3050/10814, time remaining: 15m 31s
Rendered 3051/10814, time remaining: 15m 31s
Rendered 3052/10814, time remaining: 15m 30s
Rendered 3053/10814, time remaining: 15m 30s
Rendered 3054/10814, time remaining: 15m 30s
Rendered 3055/10814, time remaining: 15m 30s
Rendered 3056/10814, time remaining: 15m 30s
Rendered 3057/10814, time remaining: 15m 30s
Rendered 3058/10814, time remaining: 15m 30s
Rendered 3059/10814, time remaining: 15m 30s
Rendered 3060/10814, time remaining: 15m 29s
Rendered 3061/10814, time remaining: 15m 29s
Rendered 3062/10814, time remaining: 15m 29s
Rendered 3063/10814, time remaining: 15m 29s
Rendered 3064/10814, time remaining: 15m 29s
Rendered 3065/10814, time remaining: 15m 29s
Rendered 3066/10814, time remaining: 15m 29s
Rendered 3067/10814, time remaining: 15m 29s
Rendered 3068/10814, time remaining: 15m 29s
Rendered 3069/10814, time remaining: 15m 29s
Rendered 3070/10814, time remaining: 15m 28s
Rendered 3071/10814, time remaining: 15m 28s
Rendered 3072/10814, time remaining: 15m 28s
Rendered 3073/10814, time remaining: 15m 28s
Rendered 3074/10814, time remaining: 15m 28s
Rendered 3075/10814, time remaining: 15m 28s
Rendered 3076/10814, time remaining: 15m 28s
Rendered 3077/10814, time remaining: 15m 28s
Rendered 3078/10814, time remaining: 15m 28s
Rendered 3079/10814, time remaining: 15m 28s
Rendered 3080/10814, time remaining: 15m 28s
Rendered 3081/10814, time remaining: 15m 28s
Rendered 3082/10814, time remaining: 15m 27s
Rendered 3083/10814, time remaining: 15m 27s
Rendered 3084/10814, time remaining: 15m 27s
Rendered 3085/10814, time remaining: 15m 27s
Rendered 3086/10814, time remaining: 15m 27s
Rendered 3087/10814, time remaining: 15m 27s
Rendered 3088/10814, time remaining: 15m 27s
Rendered 3089/10814, time remaining: 15m 27s
Rendered 3090/10814, time remaining: 15m 27s
Rendered 3091/10814, time remaining: 15m 27s
Rendered 3092/10814, time remaining: 15m 27s
Rendered 3093/10814, time remaining: 15m 27s
Rendered 3094/10814, time remaining: 15m 26s
Rendered 3095/10814, time remaining: 15m 26s
Rendered 3096/10814, time remaining: 15m 26s
Rendered 3097/10814, time remaining: 15m 26s
Rendered 3098/10814, time remaining: 15m 26s
Rendered 3099/10814, time remaining: 15m 26s
Rendered 3100/10814, time remaining: 15m 26s
Rendered 3101/10814, time remaining: 15m 25s
Rendered 3102/10814, time remaining: 15m 25s
Rendered 3103/10814, time remaining: 15m 25s
Rendered 3104/10814, time remaining: 15m 25s
Rendered 3105/10814, time remaining: 15m 25s
Rendered 3106/10814, time remaining: 15m 25s
Rendered 3107/10814, time remaining: 15m 25s
Rendered 3108/10814, time remaining: 15m 25s
Rendered 3109/10814, time remaining: 15m 25s
Rendered 3110/10814, time remaining: 15m 25s
Rendered 3111/10814, time remaining: 15m 25s
Rendered 3112/10814, time remaining: 15m 25s
Rendered 3113/10814, time remaining: 15m 25s
Rendered 3114/10814, time remaining: 15m 24s
Rendered 3115/10814, time remaining: 15m 24s
Rendered 3116/10814, time remaining: 15m 24s
Rendered 3117/10814, time remaining: 15m 24s
Rendered 3118/10814, time remaining: 15m 24s
Rendered 3119/10814, time remaining: 15m 24s
Rendered 3120/10814, time remaining: 15m 24s
Rendered 3121/10814, time remaining: 15m 24s
Rendered 3122/10814, time remaining: 15m 24s
Rendered 3123/10814, time remaining: 15m 23s
Rendered 3124/10814, time remaining: 15m 23s
Rendered 3125/10814, time remaining: 15m 23s
Rendered 3126/10814, time remaining: 15m 23s
Rendered 3127/10814, time remaining: 15m 23s
Rendered 3128/10814, time remaining: 15m 23s
Rendered 3129/10814, time remaining: 15m 23s
Rendered 3130/10814, time remaining: 15m 23s
Rendered 3131/10814, time remaining: 15m 23s
Rendered 3132/10814, time remaining: 15m 23s
Rendered 3133/10814, time remaining: 15m 23s
Rendered 3134/10814, time remaining: 15m 23s
Rendered 3135/10814, time remaining: 15m 22s
Rendered 3136/10814, time remaining: 15m 22s
Rendered 3137/10814, time remaining: 15m 22s
Rendered 3138/10814, time remaining: 15m 22s
Rendered 3139/10814, time remaining: 15m 22s
Rendered 3140/10814, time remaining: 15m 22s
Rendered 3141/10814, time remaining: 15m 22s
Rendered 3142/10814, time remaining: 15m 22s
Rendered 3143/10814, time remaining: 15m 21s
Rendered 3144/10814, time remaining: 15m 21s
Rendered 3145/10814, time remaining: 15m 21s
Rendered 3146/10814, time remaining: 15m 21s
Rendered 3147/10814, time remaining: 15m 21s
Rendered 3148/10814, time remaining: 15m 21s
Rendered 3149/10814, time remaining: 15m 21s
Rendered 3150/10814, time remaining: 15m 21s
Rendered 3151/10814, time remaining: 15m 21s
Rendered 3152/10814, time remaining: 15m 21s
Rendered 3153/10814, time remaining: 15m 21s
Rendered 3154/10814, time remaining: 15m 21s
Rendered 3155/10814, time remaining: 15m 21s
Rendered 3156/10814, time remaining: 15m 20s
Rendered 3157/10814, time remaining: 15m 20s
Rendered 3158/10814, time remaining: 15m 20s
Rendered 3159/10814, time remaining: 15m 20s
Rendered 3160/10814, time remaining: 15m 20s
Rendered 3161/10814, time remaining: 15m 20s
Rendered 3162/10814, time remaining: 15m 20s
Rendered 3163/10814, time remaining: 15m 20s
Rendered 3164/10814, time remaining: 15m 20s
Rendered 3165/10814, time remaining: 15m 20s
Rendered 3166/10814, time remaining: 15m 20s
Rendered 3167/10814, time remaining: 15m 20s
Rendered 3168/10814, time remaining: 15m 20s
Rendered 3169/10814, time remaining: 15m 20s
Rendered 3170/10814, time remaining: 15m 20s
Rendered 3171/10814, time remaining: 15m 20s
Rendered 3172/10814, time remaining: 15m 20s
Rendered 3173/10814, time remaining: 15m 20s
Rendered 3174/10814, time remaining: 15m 19s
Rendered 3175/10814, time remaining: 15m 19s
Rendered 3176/10814, time remaining: 15m 19s
Rendered 3177/10814, time remaining: 15m 19s
Rendered 3178/10814, time remaining: 15m 19s
Rendered 3179/10814, time remaining: 15m 19s
Rendered 3180/10814, time remaining: 15m 19s
Rendered 3181/10814, time remaining: 15m 19s
Rendered 3182/10814, time remaining: 15m 19s
Rendered 3183/10814, time remaining: 15m 18s
Rendered 3184/10814, time remaining: 15m 18s
Rendered 3185/10814, time remaining: 15m 18s
Rendered 3186/10814, time remaining: 15m 18s
Rendered 3187/10814, time remaining: 15m 18s
Rendered 3188/10814, time remaining: 15m 18s
Rendered 3189/10814, time remaining: 15m 18s
Rendered 3190/10814, time remaining: 15m 18s
Rendered 3191/10814, time remaining: 15m 17s
Rendered 3192/10814, time remaining: 15m 17s
Rendered 3193/10814, time remaining: 15m 17s
Rendered 3194/10814, time remaining: 15m 17s
Rendered 3195/10814, time remaining: 15m 17s
Rendered 3196/10814, time remaining: 15m 17s
Rendered 3197/10814, time remaining: 15m 17s
Rendered 3198/10814, time remaining: 15m 17s
Rendered 3199/10814, time remaining: 15m 17s
Rendered 3200/10814, time remaining: 15m 16s
Rendered 3201/10814, time remaining: 15m 16s
Rendered 3202/10814, time remaining: 15m 16s
Rendered 3203/10814, time remaining: 15m 16s
Rendered 3204/10814, time remaining: 15m 16s
Rendered 3205/10814, time remaining: 15m 16s
Rendered 3206/10814, time remaining: 15m 16s
Rendered 3207/10814, time remaining: 15m 16s
Rendered 3208/10814, time remaining: 15m 16s
Rendered 3209/10814, time remaining: 15m 16s
Rendered 3210/10814, time remaining: 15m 15s
Rendered 3211/10814, time remaining: 15m 15s
Rendered 3212/10814, time remaining: 15m 15s
Rendered 3213/10814, time remaining: 15m 15s
Rendered 3214/10814, time remaining: 15m 15s
Rendered 3215/10814, time remaining: 15m 15s
Rendered 3216/10814, time remaining: 15m 15s
Rendered 3217/10814, time remaining: 15m 15s
Rendered 3218/10814, time remaining: 15m 15s
Rendered 3219/10814, time remaining: 15m 15s
Rendered 3220/10814, time remaining: 15m 15s
Rendered 3221/10814, time remaining: 15m 14s
Rendered 3222/10814, time remaining: 15m 14s
Rendered 3223/10814, time remaining: 15m 14s
Rendered 3224/10814, time remaining: 15m 14s
Rendered 3225/10814, time remaining: 15m 14s
Rendered 3226/10814, time remaining: 15m 14s
Rendered 3227/10814, time remaining: 15m 14s
Rendered 3228/10814, time remaining: 15m 14s
Rendered 3229/10814, time remaining: 15m 14s
Rendered 3230/10814, time remaining: 15m 14s
Rendered 3231/10814, time remaining: 15m 14s
Rendered 3232/10814, time remaining: 15m 14s
Rendered 3233/10814, time remaining: 15m 14s
Rendered 3234/10814, time remaining: 15m 14s
Rendered 3235/10814, time remaining: 15m 13s
Rendered 3236/10814, time remaining: 15m 13s
Rendered 3237/10814, time remaining: 15m 13s
Rendered 3238/10814, time remaining: 15m 13s
Rendered 3239/10814, time remaining: 15m 13s
Rendered 3240/10814, time remaining: 15m 13s
Rendered 3241/10814, time remaining: 15m 13s
Rendered 3242/10814, time remaining: 15m 13s
Rendered 3243/10814, time remaining: 15m 13s
Rendered 3244/10814, time remaining: 15m 13s
Rendered 3245/10814, time remaining: 15m 13s
Rendered 3246/10814, time remaining: 15m 12s
Rendered 3247/10814, time remaining: 15m 12s
Rendered 3248/10814, time remaining: 15m 12s
Rendered 3249/10814, time remaining: 15m 12s
Rendered 3250/10814, time remaining: 15m 12s
Rendered 3251/10814, time remaining: 15m 12s
Rendered 3252/10814, time remaining: 15m 12s
Rendered 3253/10814, time remaining: 15m 12s
Rendered 3254/10814, time remaining: 15m 12s
Rendered 3255/10814, time remaining: 15m 12s
Rendered 3256/10814, time remaining: 15m 11s
Rendered 3257/10814, time remaining: 15m 11s
Rendered 3258/10814, time remaining: 15m 11s
Rendered 3259/10814, time remaining: 15m 11s
Rendered 3260/10814, time remaining: 15m 11s
Rendered 3261/10814, time remaining: 15m 11s
Rendered 3262/10814, time remaining: 15m 11s
Rendered 3263/10814, time remaining: 15m 11s
Rendered 3264/10814, time remaining: 15m 10s
Rendered 3265/10814, time remaining: 15m 10s
Rendered 3266/10814, time remaining: 15m 10s
Rendered 3267/10814, time remaining: 15m 10s
Rendered 3268/10814, time remaining: 15m 10s
Rendered 3269/10814, time remaining: 15m 10s
Rendered 3270/10814, time remaining: 15m 10s
Rendered 3271/10814, time remaining: 15m 10s
Rendered 3272/10814, time remaining: 15m 10s
Rendered 3273/10814, time remaining: 15m 10s
Rendered 3274/10814, time remaining: 15m 10s
Rendered 3275/10814, time remaining: 15m 10s
Rendered 3276/10814, time remaining: 15m 10s
Rendered 3277/10814, time remaining: 15m 10s
Rendered 3278/10814, time remaining: 15m 10s
Rendered 3279/10814, time remaining: 15m 9s
Rendered 3280/10814, time remaining: 15m 9s
Rendered 3281/10814, time remaining: 15m 9s
Rendered 3282/10814, time remaining: 15m 9s
Rendered 3283/10814, time remaining: 15m 9s
Rendered 3284/10814, time remaining: 15m 9s
Rendered 3285/10814, time remaining: 15m 9s
Rendered 3286/10814, time remaining: 15m 9s
Rendered 3287/10814, time remaining: 15m 9s
Rendered 3288/10814, time remaining: 15m 9s
Rendered 3289/10814, time remaining: 15m 8s
Rendered 3290/10814, time remaining: 15m 8s
Rendered 3291/10814, time remaining: 15m 8s
Rendered 3292/10814, time remaining: 15m 8s
Rendered 3293/10814, time remaining: 15m 8s
Rendered 3294/10814, time remaining: 15m 8s
Rendered 3295/10814, time remaining: 15m 8s
Rendered 3296/10814, time remaining: 15m 8s
Rendered 3297/10814, time remaining: 15m 8s
Rendered 3298/10814, time remaining: 15m 8s
Rendered 3299/10814, time remaining: 15m 7s
Rendered 3300/10814, time remaining: 15m 7s
Rendered 3301/10814, time remaining: 15m 7s
Rendered 3302/10814, time remaining: 15m 7s
Rendered 3303/10814, time remaining: 15m 7s
Rendered 3304/10814, time remaining: 15m 7s
Rendered 3305/10814, time remaining: 15m 7s
Rendered 3306/10814, time remaining: 15m 7s
Rendered 3307/10814, time remaining: 15m 6s
Rendered 3308/10814, time remaining: 15m 6s
Rendered 3309/10814, time remaining: 15m 6s
Rendered 3310/10814, time remaining: 15m 6s
Rendered 3311/10814, time remaining: 15m 6s
Rendered 3312/10814, time remaining: 15m 6s
Rendered 3313/10814, time remaining: 15m 6s
Rendered 3314/10814, time remaining: 15m 6s
Rendered 3315/10814, time remaining: 15m 6s
Rendered 3316/10814, time remaining: 15m 6s
Rendered 3317/10814, time remaining: 15m 5s
Rendered 3318/10814, time remaining: 15m 5s
Rendered 3319/10814, time remaining: 15m 5s
Rendered 3320/10814, time remaining: 15m 5s
Rendered 3321/10814, time remaining: 15m 5s
Rendered 3322/10814, time remaining: 15m 5s
Rendered 3323/10814, time remaining: 15m 5s
Rendered 3324/10814, time remaining: 15m 5s
Rendered 3325/10814, time remaining: 15m 5s
Rendered 3326/10814, time remaining: 15m 5s
Rendered 3327/10814, time remaining: 15m 5s
Rendered 3328/10814, time remaining: 15m 5s
Rendered 3329/10814, time remaining: 15m 5s
Rendered 3330/10814, time remaining: 15m 4s
Rendered 3331/10814, time remaining: 15m 4s
Rendered 3332/10814, time remaining: 15m 4s
Rendered 3333/10814, time remaining: 15m 4s
Rendered 3334/10814, time remaining: 15m 4s
Rendered 3335/10814, time remaining: 15m 4s
Rendered 3336/10814, time remaining: 15m 4s
Rendered 3337/10814, time remaining: 15m 4s
Rendered 3338/10814, time remaining: 15m 4s
Rendered 3339/10814, time remaining: 15m 4s
Rendered 3340/10814, time remaining: 15m 4s
Rendered 3341/10814, time remaining: 15m 4s
Rendered 3342/10814, time remaining: 15m 3s
Rendered 3343/10814, time remaining: 15m 3s
Rendered 3344/10814, time remaining: 15m 3s
Rendered 3345/10814, time remaining: 15m 3s
Rendered 3346/10814, time remaining: 15m 3s
Rendered 3347/10814, time remaining: 15m 3s
Rendered 3348/10814, time remaining: 15m 3s
Rendered 3349/10814, time remaining: 15m 2s
Rendered 3350/10814, time remaining: 15m 2s
Rendered 3351/10814, time remaining: 15m 2s
Rendered 3352/10814, time remaining: 15m 2s
Rendered 3353/10814, time remaining: 15m 2s
Rendered 3354/10814, time remaining: 15m 2s
Rendered 3355/10814, time remaining: 15m 2s
Rendered 3356/10814, time remaining: 15m 2s
Rendered 3357/10814, time remaining: 15m 1s
Rendered 3358/10814, time remaining: 15m 1s
Rendered 3359/10814, time remaining: 15m 1s
Rendered 3360/10814, time remaining: 15m 1s
Rendered 3361/10814, time remaining: 15m 1s
Rendered 3362/10814, time remaining: 15m 1s
Rendered 3363/10814, time remaining: 15m 1s
Rendered 3364/10814, time remaining: 15m 1s
Rendered 3365/10814, time remaining: 15m 1s
Rendered 3366/10814, time remaining: 15m 0s
Rendered 3367/10814, time remaining: 15m 0s
Rendered 3368/10814, time remaining: 15m 0s
Rendered 3369/10814, time remaining: 15m 0s
Rendered 3370/10814, time remaining: 15m 0s
Rendered 3371/10814, time remaining: 15m 0s
Rendered 3372/10814, time remaining: 15m 0s
Rendered 3373/10814, time remaining: 15m 0s
Rendered 3374/10814, time remaining: 15m 0s
Rendered 3375/10814, time remaining: 15m 0s
Rendered 3376/10814, time remaining: 15m 0s
Rendered 3377/10814, time remaining: 15m 0s
Rendered 3378/10814, time remaining: 15m 0s
Rendered 3379/10814, time remaining: 15m 0s
Rendered 3380/10814, time remaining: 15m 0s
Rendered 3381/10814, time remaining: 15m 0s
Rendered 3382/10814, time remaining: 15m 0s
Rendered 3383/10814, time remaining: 14m 59s
Rendered 3384/10814, time remaining: 14m 59s
Rendered 3385/10814, time remaining: 14m 59s
Rendered 3386/10814, time remaining: 14m 59s
Rendered 3387/10814, time remaining: 14m 59s
Rendered 3388/10814, time remaining: 14m 59s
Rendered 3389/10814, time remaining: 14m 59s
Rendered 3390/10814, time remaining: 14m 58s
Rendered 3391/10814, time remaining: 14m 58s
Rendered 3392/10814, time remaining: 14m 58s
Rendered 3393/10814, time remaining: 14m 58s
Rendered 3394/10814, time remaining: 14m 58s
Rendered 3395/10814, time remaining: 14m 58s
Rendered 3396/10814, time remaining: 14m 58s
Rendered 3397/10814, time remaining: 14m 58s
Rendered 3398/10814, time remaining: 14m 58s
Rendered 3399/10814, time remaining: 14m 58s
Rendered 3400/10814, time remaining: 14m 58s
Rendered 3401/10814, time remaining: 14m 58s
Rendered 3402/10814, time remaining: 14m 57s
Rendered 3403/10814, time remaining: 14m 57s
Rendered 3404/10814, time remaining: 14m 57s
Rendered 3405/10814, time remaining: 14m 57s
Rendered 3406/10814, time remaining: 14m 57s
Rendered 3407/10814, time remaining: 14m 57s
Rendered 3408/10814, time remaining: 14m 57s
Rendered 3409/10814, time remaining: 14m 57s
Rendered 3410/10814, time remaining: 14m 57s
Rendered 3411/10814, time remaining: 14m 56s
Rendered 3412/10814, time remaining: 14m 56s
Rendered 3413/10814, time remaining: 14m 56s
Rendered 3414/10814, time remaining: 14m 56s
Rendered 3415/10814, time remaining: 14m 56s
Rendered 3416/10814, time remaining: 14m 56s
Rendered 3417/10814, time remaining: 14m 56s
Rendered 3418/10814, time remaining: 14m 56s
Rendered 3419/10814, time remaining: 14m 56s
Rendered 3420/10814, time remaining: 14m 56s
Rendered 3421/10814, time remaining: 14m 55s
Rendered 3422/10814, time remaining: 14m 55s
Rendered 3423/10814, time remaining: 14m 55s
Rendered 3424/10814, time remaining: 14m 55s
Rendered 3425/10814, time remaining: 14m 55s
Rendered 3426/10814, time remaining: 14m 55s
Rendered 3427/10814, time remaining: 14m 55s
Rendered 3428/10814, time remaining: 14m 55s
Rendered 3429/10814, time remaining: 14m 54s
Rendered 3430/10814, time remaining: 14m 54s
Rendered 3431/10814, time remaining: 14m 54s
Rendered 3432/10814, time remaining: 14m 54s
Rendered 3433/10814, time remaining: 14m 54s
Rendered 3434/10814, time remaining: 14m 54s
Rendered 3435/10814, time remaining: 14m 54s
Rendered 3436/10814, time remaining: 14m 54s
Rendered 3437/10814, time remaining: 14m 54s
Rendered 3438/10814, time remaining: 14m 54s
Rendered 3439/10814, time remaining: 14m 53s
Rendered 3440/10814, time remaining: 14m 53s
Rendered 3441/10814, time remaining: 14m 53s
Rendered 3442/10814, time remaining: 14m 53s
Rendered 3443/10814, time remaining: 14m 53s
Rendered 3444/10814, time remaining: 14m 53s
Rendered 3445/10814, time remaining: 14m 53s
Rendered 3446/10814, time remaining: 14m 53s
Rendered 3447/10814, time remaining: 14m 53s
Rendered 3448/10814, time remaining: 14m 52s
Rendered 3449/10814, time remaining: 14m 52s
Rendered 3450/10814, time remaining: 14m 52s
Rendered 3451/10814, time remaining: 14m 52s
Rendered 3452/10814, time remaining: 14m 52s
Rendered 3453/10814, time remaining: 14m 52s
Rendered 3454/10814, time remaining: 14m 52s
Rendered 3455/10814, time remaining: 14m 51s
Rendered 3456/10814, time remaining: 14m 51s
Rendered 3457/10814, time remaining: 14m 51s
Rendered 3458/10814, time remaining: 14m 51s
Rendered 3459/10814, time remaining: 14m 51s
Rendered 3460/10814, time remaining: 14m 51s
Rendered 3461/10814, time remaining: 14m 51s
Rendered 3462/10814, time remaining: 14m 51s
Rendered 3463/10814, time remaining: 14m 50s
Rendered 3464/10814, time remaining: 14m 50s
Rendered 3465/10814, time remaining: 14m 50s
Rendered 3466/10814, time remaining: 14m 50s
Rendered 3467/10814, time remaining: 14m 50s
Rendered 3468/10814, time remaining: 14m 50s
Rendered 3469/10814, time remaining: 14m 50s
Rendered 3470/10814, time remaining: 14m 50s
Rendered 3471/10814, time remaining: 14m 50s
Rendered 3472/10814, time remaining: 14m 50s
Rendered 3473/10814, time remaining: 14m 50s
Rendered 3474/10814, time remaining: 14m 50s
Rendered 3475/10814, time remaining: 14m 49s
Rendered 3476/10814, time remaining: 14m 49s
Rendered 3477/10814, time remaining: 14m 49s
Rendered 3478/10814, time remaining: 14m 49s
Rendered 3479/10814, time remaining: 14m 49s
Rendered 3480/10814, time remaining: 14m 49s
Rendered 3481/10814, time remaining: 14m 49s
Rendered 3482/10814, time remaining: 14m 49s
Rendered 3483/10814, time remaining: 14m 49s
Rendered 3484/10814, time remaining: 14m 48s
Rendered 3485/10814, time remaining: 14m 48s
Rendered 3486/10814, time remaining: 14m 48s
Rendered 3487/10814, time remaining: 14m 48s
Rendered 3488/10814, time remaining: 14m 48s
Rendered 3489/10814, time remaining: 14m 48s
Rendered 3490/10814, time remaining: 14m 48s
Rendered 3491/10814, time remaining: 14m 48s
Rendered 3492/10814, time remaining: 14m 48s
Rendered 3493/10814, time remaining: 14m 47s
Rendered 3494/10814, time remaining: 14m 47s
Rendered 3495/10814, time remaining: 14m 47s
Rendered 3496/10814, time remaining: 14m 47s
Rendered 3497/10814, time remaining: 14m 47s
Rendered 3498/10814, time remaining: 14m 47s
Rendered 3499/10814, time remaining: 14m 47s
Rendered 3500/10814, time remaining: 14m 47s
Rendered 3501/10814, time remaining: 14m 47s
Rendered 3502/10814, time remaining: 14m 46s
Rendered 3503/10814, time remaining: 14m 46s
Rendered 3504/10814, time remaining: 14m 46s
Rendered 3505/10814, time remaining: 14m 46s
Rendered 3506/10814, time remaining: 14m 46s
Rendered 3507/10814, time remaining: 14m 46s
Rendered 3508/10814, time remaining: 14m 46s
Rendered 3509/10814, time remaining: 14m 46s
Rendered 3510/10814, time remaining: 14m 46s
Rendered 3511/10814, time remaining: 14m 46s
Rendered 3512/10814, time remaining: 14m 46s
Rendered 3513/10814, time remaining: 14m 45s
Rendered 3514/10814, time remaining: 14m 45s
Rendered 3515/10814, time remaining: 14m 45s
Rendered 3516/10814, time remaining: 14m 45s
Rendered 3517/10814, time remaining: 14m 45s
Rendered 3518/10814, time remaining: 14m 45s
Rendered 3519/10814, time remaining: 14m 45s
Rendered 3520/10814, time remaining: 14m 44s
Rendered 3521/10814, time remaining: 14m 44s
Rendered 3522/10814, time remaining: 14m 44s
Rendered 3523/10814, time remaining: 14m 44s
Rendered 3524/10814, time remaining: 14m 44s
Rendered 3525/10814, time remaining: 14m 44s
Rendered 3526/10814, time remaining: 14m 44s
Rendered 3527/10814, time remaining: 14m 44s
Rendered 3528/10814, time remaining: 14m 44s
Rendered 3529/10814, time remaining: 14m 44s
Rendered 3530/10814, time remaining: 14m 44s
Rendered 3531/10814, time remaining: 14m 44s
Rendered 3532/10814, time remaining: 14m 43s
Rendered 3533/10814, time remaining: 14m 43s
Rendered 3534/10814, time remaining: 14m 43s
Rendered 3535/10814, time remaining: 14m 43s
Rendered 3536/10814, time remaining: 14m 43s
Rendered 3537/10814, time remaining: 14m 43s
Rendered 3538/10814, time remaining: 14m 43s
Rendered 3539/10814, time remaining: 14m 42s
Rendered 3540/10814, time remaining: 14m 42s
Rendered 3541/10814, time remaining: 14m 42s
Rendered 3542/10814, time remaining: 14m 42s
Rendered 3543/10814, time remaining: 14m 42s
Rendered 3544/10814, time remaining: 14m 42s
Rendered 3545/10814, time remaining: 14m 42s
Rendered 3546/10814, time remaining: 14m 42s
Rendered 3547/10814, time remaining: 14m 42s
Rendered 3548/10814, time remaining: 14m 42s
Rendered 3549/10814, time remaining: 14m 41s
Rendered 3550/10814, time remaining: 14m 41s
Rendered 3551/10814, time remaining: 14m 41s
Rendered 3552/10814, time remaining: 14m 41s
Rendered 3553/10814, time remaining: 14m 41s
Rendered 3554/10814, time remaining: 14m 41s
Rendered 3555/10814, time remaining: 14m 41s
Rendered 3556/10814, time remaining: 14m 41s
Rendered 3557/10814, time remaining: 14m 41s
Rendered 3558/10814, time remaining: 14m 41s
Rendered 3559/10814, time remaining: 14m 41s
Rendered 3560/10814, time remaining: 14m 41s
Rendered 3561/10814, time remaining: 14m 40s
Rendered 3562/10814, time remaining: 14m 40s
Rendered 3563/10814, time remaining: 14m 40s
Rendered 3564/10814, time remaining: 14m 40s
Rendered 3565/10814, time remaining: 14m 40s
Rendered 3566/10814, time remaining: 14m 40s
Rendered 3567/10814, time remaining: 14m 40s
Rendered 3568/10814, time remaining: 14m 40s
Rendered 3569/10814, time remaining: 14m 40s
Rendered 3570/10814, time remaining: 14m 39s
Rendered 3571/10814, time remaining: 14m 39s
Rendered 3572/10814, time remaining: 14m 39s
Rendered 3573/10814, time remaining: 14m 39s
Rendered 3574/10814, time remaining: 14m 39s
Rendered 3575/10814, time remaining: 14m 39s
Rendered 3576/10814, time remaining: 14m 39s
Rendered 3577/10814, time remaining: 14m 38s
Rendered 3578/10814, time remaining: 14m 38s
Rendered 3579/10814, time remaining: 14m 38s
Rendered 3580/10814, time remaining: 14m 38s
Rendered 3581/10814, time remaining: 14m 38s
Rendered 3582/10814, time remaining: 14m 38s
Rendered 3583/10814, time remaining: 14m 38s
Rendered 3584/10814, time remaining: 14m 38s
Rendered 3585/10814, time remaining: 14m 38s
Rendered 3586/10814, time remaining: 14m 38s
Rendered 3587/10814, time remaining: 14m 38s
Rendered 3588/10814, time remaining: 14m 37s
Rendered 3589/10814, time remaining: 14m 37s
Rendered 3590/10814, time remaining: 14m 37s
Rendered 3591/10814, time remaining: 14m 37s
Rendered 3592/10814, time remaining: 14m 37s
Rendered 3593/10814, time remaining: 14m 37s
Rendered 3594/10814, time remaining: 14m 37s
Rendered 3595/10814, time remaining: 14m 37s
Rendered 3596/10814, time remaining: 14m 36s
Rendered 3597/10814, time remaining: 14m 36s
Rendered 3598/10814, time remaining: 14m 36s
Rendered 3599/10814, time remaining: 14m 36s
Rendered 3600/10814, time remaining: 14m 36s
Rendered 3601/10814, time remaining: 14m 36s
Rendered 3602/10814, time remaining: 14m 36s
Rendered 3603/10814, time remaining: 14m 36s
Rendered 3604/10814, time remaining: 14m 36s
Rendered 3605/10814, time remaining: 14m 35s
Rendered 3606/10814, time remaining: 14m 35s
Rendered 3607/10814, time remaining: 14m 35s
Rendered 3608/10814, time remaining: 14m 35s
Rendered 3609/10814, time remaining: 14m 35s
Rendered 3610/10814, time remaining: 14m 35s
Rendered 3611/10814, time remaining: 14m 35s
Rendered 3612/10814, time remaining: 14m 35s
Rendered 3613/10814, time remaining: 14m 35s
Rendered 3614/10814, time remaining: 14m 34s
Rendered 3615/10814, time remaining: 14m 34s
Rendered 3616/10814, time remaining: 14m 34s
Rendered 3617/10814, time remaining: 14m 34s
Rendered 3618/10814, time remaining: 14m 34s
Rendered 3619/10814, time remaining: 14m 34s
Rendered 3620/10814, time remaining: 14m 34s
Rendered 3621/10814, time remaining: 14m 34s
Rendered 3622/10814, time remaining: 14m 34s
Rendered 3623/10814, time remaining: 14m 33s
Rendered 3624/10814, time remaining: 14m 33s
Rendered 3625/10814, time remaining: 14m 33s
Rendered 3626/10814, time remaining: 14m 33s
Rendered 3627/10814, time remaining: 14m 33s
Rendered 3628/10814, time remaining: 14m 33s
Rendered 3629/10814, time remaining: 14m 33s
Rendered 3630/10814, time remaining: 14m 33s
Rendered 3631/10814, time remaining: 14m 33s
Rendered 3632/10814, time remaining: 14m 33s
Rendered 3633/10814, time remaining: 14m 33s
Rendered 3634/10814, time remaining: 14m 32s
Rendered 3635/10814, time remaining: 14m 32s
Rendered 3636/10814, time remaining: 14m 32s
Rendered 3637/10814, time remaining: 14m 32s
Rendered 3638/10814, time remaining: 14m 32s
Rendered 3639/10814, time remaining: 14m 32s
Rendered 3640/10814, time remaining: 14m 32s
Rendered 3641/10814, time remaining: 14m 32s
Rendered 3642/10814, time remaining: 14m 32s
Rendered 3643/10814, time remaining: 14m 32s
Rendered 3644/10814, time remaining: 14m 31s
Rendered 3645/10814, time remaining: 14m 31s
Rendered 3646/10814, time remaining: 14m 31s
Rendered 3647/10814, time remaining: 14m 31s
Rendered 3648/10814, time remaining: 14m 31s
Rendered 3649/10814, time remaining: 14m 31s
Rendered 3650/10814, time remaining: 14m 31s
Rendered 3651/10814, time remaining: 14m 31s
Rendered 3652/10814, time remaining: 14m 31s
Rendered 3653/10814, time remaining: 14m 30s
Rendered 3654/10814, time remaining: 14m 30s
Rendered 3655/10814, time remaining: 14m 30s
Rendered 3656/10814, time remaining: 14m 30s
Rendered 3657/10814, time remaining: 14m 30s
Rendered 3658/10814, time remaining: 14m 30s
Rendered 3659/10814, time remaining: 14m 30s
Rendered 3660/10814, time remaining: 14m 30s
Rendered 3661/10814, time remaining: 14m 30s
Rendered 3662/10814, time remaining: 14m 29s
Rendered 3663/10814, time remaining: 14m 29s
Rendered 3664/10814, time remaining: 14m 29s
Rendered 3665/10814, time remaining: 14m 29s
Rendered 3666/10814, time remaining: 14m 29s
Rendered 3667/10814, time remaining: 14m 29s
Rendered 3668/10814, time remaining: 14m 29s
Rendered 3669/10814, time remaining: 14m 29s
Rendered 3670/10814, time remaining: 14m 28s
Rendered 3671/10814, time remaining: 14m 28s
Rendered 3672/10814, time remaining: 14m 28s
Rendered 3673/10814, time remaining: 14m 28s
Rendered 3674/10814, time remaining: 14m 28s
Rendered 3675/10814, time remaining: 14m 28s
Rendered 3676/10814, time remaining: 14m 28s
Rendered 3677/10814, time remaining: 14m 28s
Rendered 3678/10814, time remaining: 14m 27s
Rendered 3679/10814, time remaining: 14m 27s
Rendered 3680/10814, time remaining: 14m 27s
Rendered 3681/10814, time remaining: 14m 27s
Rendered 3682/10814, time remaining: 14m 27s
Rendered 3683/10814, time remaining: 14m 27s
Rendered 3684/10814, time remaining: 14m 27s
Rendered 3685/10814, time remaining: 14m 27s
Rendered 3686/10814, time remaining: 14m 27s
Rendered 3687/10814, time remaining: 14m 26s
Rendered 3688/10814, time remaining: 14m 26s
Rendered 3689/10814, time remaining: 14m 26s
Rendered 3690/10814, time remaining: 14m 26s
Rendered 3691/10814, time remaining: 14m 26s
Rendered 3692/10814, time remaining: 14m 26s
Rendered 3693/10814, time remaining: 14m 26s
Rendered 3694/10814, time remaining: 14m 26s
Rendered 3695/10814, time remaining: 14m 25s
Rendered 3696/10814, time remaining: 14m 25s
Rendered 3697/10814, time remaining: 14m 25s
Rendered 3698/10814, time remaining: 14m 25s
Rendered 3699/10814, time remaining: 14m 25s
Rendered 3700/10814, time remaining: 14m 25s
Rendered 3701/10814, time remaining: 14m 25s
Rendered 3702/10814, time remaining: 14m 25s
Rendered 3703/10814, time remaining: 14m 25s
Rendered 3704/10814, time remaining: 14m 24s
Rendered 3705/10814, time remaining: 14m 24s
Rendered 3706/10814, time remaining: 14m 24s
Rendered 3707/10814, time remaining: 14m 24s
Rendered 3708/10814, time remaining: 14m 24s
Rendered 3709/10814, time remaining: 14m 24s
Rendered 3710/10814, time remaining: 14m 24s
Rendered 3711/10814, time remaining: 14m 23s
Rendered 3712/10814, time remaining: 14m 23s
Rendered 3713/10814, time remaining: 14m 23s
Rendered 3714/10814, time remaining: 14m 23s
Rendered 3715/10814, time remaining: 14m 23s
Rendered 3716/10814, time remaining: 14m 23s
Rendered 3717/10814, time remaining: 14m 23s
Rendered 3718/10814, time remaining: 14m 22s
Rendered 3719/10814, time remaining: 14m 22s
Rendered 3720/10814, time remaining: 14m 22s
Rendered 3721/10814, time remaining: 14m 22s
Rendered 3722/10814, time remaining: 14m 22s
Rendered 3723/10814, time remaining: 14m 22s
Rendered 3724/10814, time remaining: 14m 22s
Rendered 3725/10814, time remaining: 14m 22s
Rendered 3726/10814, time remaining: 14m 22s
Rendered 3727/10814, time remaining: 14m 22s
Rendered 3728/10814, time remaining: 14m 21s
Rendered 3729/10814, time remaining: 14m 21s
Rendered 3730/10814, time remaining: 14m 21s
Rendered 3731/10814, time remaining: 14m 21s
Rendered 3732/10814, time remaining: 14m 21s
Rendered 3733/10814, time remaining: 14m 21s
Rendered 3734/10814, time remaining: 14m 21s
Rendered 3735/10814, time remaining: 14m 20s
Rendered 3736/10814, time remaining: 14m 20s
Rendered 3737/10814, time remaining: 14m 20s
Rendered 3738/10814, time remaining: 14m 20s
Rendered 3739/10814, time remaining: 14m 20s
Rendered 3740/10814, time remaining: 14m 20s
Rendered 3741/10814, time remaining: 14m 19s
Rendered 3742/10814, time remaining: 14m 19s
Rendered 3743/10814, time remaining: 14m 19s
Rendered 3744/10814, time remaining: 14m 19s
Rendered 3745/10814, time remaining: 14m 19s
Rendered 3746/10814, time remaining: 14m 19s
Rendered 3747/10814, time remaining: 14m 19s
Rendered 3748/10814, time remaining: 14m 18s
Rendered 3749/10814, time remaining: 14m 18s
Rendered 3750/10814, time remaining: 14m 18s
Rendered 3751/10814, time remaining: 14m 18s
Rendered 3752/10814, time remaining: 14m 18s
Rendered 3753/10814, time remaining: 14m 18s
Rendered 3754/10814, time remaining: 14m 17s
Rendered 3755/10814, time remaining: 14m 17s
Rendered 3756/10814, time remaining: 14m 17s
Rendered 3757/10814, time remaining: 14m 17s
Rendered 3758/10814, time remaining: 14m 17s
Rendered 3759/10814, time remaining: 14m 17s
Rendered 3760/10814, time remaining: 14m 17s
Rendered 3761/10814, time remaining: 14m 17s
Rendered 3762/10814, time remaining: 14m 16s
Rendered 3763/10814, time remaining: 14m 16s
Rendered 3764/10814, time remaining: 14m 16s
Rendered 3765/10814, time remaining: 14m 16s
Rendered 3766/10814, time remaining: 14m 16s
Rendered 3767/10814, time remaining: 14m 16s
Rendered 3768/10814, time remaining: 14m 16s
Rendered 3769/10814, time remaining: 14m 15s
Rendered 3770/10814, time remaining: 14m 15s
Rendered 3771/10814, time remaining: 14m 15s
Rendered 3772/10814, time remaining: 14m 15s
Rendered 3773/10814, time remaining: 14m 15s
Rendered 3774/10814, time remaining: 14m 15s
Rendered 3775/10814, time remaining: 14m 15s
Rendered 3776/10814, time remaining: 14m 14s
Rendered 3777/10814, time remaining: 14m 14s
Rendered 3778/10814, time remaining: 14m 14s
Rendered 3779/10814, time remaining: 14m 14s
Rendered 3780/10814, time remaining: 14m 14s
Rendered 3781/10814, time remaining: 14m 14s
Rendered 3782/10814, time remaining: 14m 14s
Rendered 3783/10814, time remaining: 14m 14s
Rendered 3784/10814, time remaining: 14m 14s
Rendered 3785/10814, time remaining: 14m 14s
Rendered 3786/10814, time remaining: 14m 13s
Rendered 3787/10814, time remaining: 14m 13s
Rendered 3788/10814, time remaining: 14m 13s
Rendered 3789/10814, time remaining: 14m 13s
Rendered 3790/10814, time remaining: 14m 13s
Rendered 3791/10814, time remaining: 14m 13s
Rendered 3792/10814, time remaining: 14m 13s
Rendered 3793/10814, time remaining: 14m 12s
Rendered 3794/10814, time remaining: 14m 12s
Rendered 3795/10814, time remaining: 14m 12s
Rendered 3796/10814, time remaining: 14m 12s
Rendered 3797/10814, time remaining: 14m 12s
Rendered 3798/10814, time remaining: 14m 12s
Rendered 3799/10814, time remaining: 14m 12s
Rendered 3800/10814, time remaining: 14m 11s
Rendered 3801/10814, time remaining: 14m 11s
Rendered 3802/10814, time remaining: 14m 11s
Rendered 3803/10814, time remaining: 14m 11s
Rendered 3804/10814, time remaining: 14m 11s
Rendered 3805/10814, time remaining: 14m 11s
Rendered 3806/10814, time remaining: 14m 11s
Rendered 3807/10814, time remaining: 14m 11s
Rendered 3808/10814, time remaining: 14m 11s
Rendered 3809/10814, time remaining: 14m 10s
Rendered 3810/10814, time remaining: 14m 10s
Rendered 3811/10814, time remaining: 14m 10s
Rendered 3812/10814, time remaining: 14m 10s
Rendered 3813/10814, time remaining: 14m 10s
Rendered 3814/10814, time remaining: 14m 10s
Rendered 3815/10814, time remaining: 14m 10s
Rendered 3816/10814, time remaining: 14m 10s
Rendered 3817/10814, time remaining: 14m 9s
Rendered 3818/10814, time remaining: 14m 9s
Rendered 3819/10814, time remaining: 14m 9s
Rendered 3820/10814, time remaining: 14m 9s
Rendered 3821/10814, time remaining: 14m 9s
Rendered 3822/10814, time remaining: 14m 9s
Rendered 3823/10814, time remaining: 14m 9s
Rendered 3824/10814, time remaining: 14m 8s
Rendered 3825/10814, time remaining: 14m 8s
Rendered 3826/10814, time remaining: 14m 8s
Rendered 3827/10814, time remaining: 14m 8s
Rendered 3828/10814, time remaining: 14m 8s
Rendered 3829/10814, time remaining: 14m 8s
Rendered 3830/10814, time remaining: 14m 8s
Rendered 3831/10814, time remaining: 14m 8s
Rendered 3832/10814, time remaining: 14m 7s
Rendered 3833/10814, time remaining: 14m 7s
Rendered 3834/10814, time remaining: 14m 7s
Rendered 3835/10814, time remaining: 14m 7s
Rendered 3836/10814, time remaining: 14m 7s
Rendered 3837/10814, time remaining: 14m 7s
Rendered 3838/10814, time remaining: 14m 7s
Rendered 3839/10814, time remaining: 14m 6s
Rendered 3840/10814, time remaining: 14m 6s
Rendered 3841/10814, time remaining: 14m 6s
Rendered 3842/10814, time remaining: 14m 6s
Rendered 3843/10814, time remaining: 14m 6s
Rendered 3844/10814, time remaining: 14m 6s
Rendered 3845/10814, time remaining: 14m 6s
Rendered 3846/10814, time remaining: 14m 6s
Rendered 3847/10814, time remaining: 14m 6s
Rendered 3848/10814, time remaining: 14m 5s
Rendered 3849/10814, time remaining: 14m 5s
Rendered 3850/10814, time remaining: 14m 5s
Rendered 3851/10814, time remaining: 14m 5s
Rendered 3852/10814, time remaining: 14m 5s
Rendered 3853/10814, time remaining: 14m 5s
Rendered 3854/10814, time remaining: 14m 5s
Rendered 3855/10814, time remaining: 14m 4s
Rendered 3856/10814, time remaining: 14m 4s
Rendered 3857/10814, time remaining: 14m 4s
Rendered 3858/10814, time remaining: 14m 4s
Rendered 3859/10814, time remaining: 14m 4s
Rendered 3860/10814, time remaining: 14m 4s
Rendered 3861/10814, time remaining: 14m 4s
Rendered 3862/10814, time remaining: 14m 4s
Rendered 3863/10814, time remaining: 14m 4s
Rendered 3864/10814, time remaining: 14m 3s
Rendered 3865/10814, time remaining: 14m 3s
Rendered 3866/10814, time remaining: 14m 3s
Rendered 3867/10814, time remaining: 14m 3s
Rendered 3868/10814, time remaining: 14m 3s
Rendered 3869/10814, time remaining: 14m 3s
Rendered 3870/10814, time remaining: 14m 3s
Rendered 3871/10814, time remaining: 14m 3s
Rendered 3872/10814, time remaining: 14m 2s
Rendered 3873/10814, time remaining: 14m 2s
Rendered 3874/10814, time remaining: 14m 2s
Rendered 3875/10814, time remaining: 14m 2s
Rendered 3876/10814, time remaining: 14m 2s
Rendered 3877/10814, time remaining: 14m 2s
Rendered 3878/10814, time remaining: 14m 2s
Rendered 3879/10814, time remaining: 14m 2s
Rendered 3880/10814, time remaining: 14m 1s
Rendered 3881/10814, time remaining: 14m 1s
Rendered 3882/10814, time remaining: 14m 1s
Rendered 3883/10814, time remaining: 14m 1s
Rendered 3884/10814, time remaining: 14m 1s
Rendered 3885/10814, time remaining: 14m 1s
Rendered 3886/10814, time remaining: 14m 1s
Rendered 3887/10814, time remaining: 14m 0s
Rendered 3888/10814, time remaining: 14m 0s
Rendered 3889/10814, time remaining: 14m 0s
Rendered 3890/10814, time remaining: 14m 0s
Rendered 3891/10814, time remaining: 14m 0s
Rendered 3892/10814, time remaining: 14m 0s
Rendered 3893/10814, time remaining: 14m 0s
Rendered 3894/10814, time remaining: 14m 0s
Rendered 3895/10814, time remaining: 13m 59s
Rendered 3896/10814, time remaining: 13m 59s
Rendered 3897/10814, time remaining: 13m 59s
Rendered 3898/10814, time remaining: 13m 59s
Rendered 3899/10814, time remaining: 13m 59s
Rendered 3900/10814, time remaining: 13m 59s
Rendered 3901/10814, time remaining: 13m 59s
Rendered 3902/10814, time remaining: 13m 59s
Rendered 3903/10814, time remaining: 13m 58s
Rendered 3904/10814, time remaining: 13m 58s
Rendered 3905/10814, time remaining: 13m 58s
Rendered 3906/10814, time remaining: 13m 58s
Rendered 3907/10814, time remaining: 13m 58s
Rendered 3908/10814, time remaining: 13m 58s
Rendered 3909/10814, time remaining: 13m 58s
Rendered 3910/10814, time remaining: 13m 57s
Rendered 3911/10814, time remaining: 13m 57s
Rendered 3912/10814, time remaining: 13m 57s
Rendered 3913/10814, time remaining: 13m 57s
Rendered 3914/10814, time remaining: 13m 57s
Rendered 3915/10814, time remaining: 13m 57s
Rendered 3916/10814, time remaining: 13m 57s
Rendered 3917/10814, time remaining: 13m 56s
Rendered 3918/10814, time remaining: 13m 56s
Rendered 3919/10814, time remaining: 13m 56s
Rendered 3920/10814, time remaining: 13m 56s
Rendered 3921/10814, time remaining: 13m 56s
Rendered 3922/10814, time remaining: 13m 56s
Rendered 3923/10814, time remaining: 13m 56s
Rendered 3924/10814, time remaining: 13m 56s
Rendered 3925/10814, time remaining: 13m 55s
Rendered 3926/10814, time remaining: 13m 55s
Rendered 3927/10814, time remaining: 13m 55s
Rendered 3928/10814, time remaining: 13m 55s
Rendered 3929/10814, time remaining: 13m 55s
Rendered 3930/10814, time remaining: 13m 55s
Rendered 3931/10814, time remaining: 13m 55s
Rendered 3932/10814, time remaining: 13m 55s
Rendered 3933/10814, time remaining: 13m 54s
Rendered 3934/10814, time remaining: 13m 54s
Rendered 3935/10814, time remaining: 13m 54s
Rendered 3936/10814, time remaining: 13m 54s
Rendered 3937/10814, time remaining: 13m 54s
Rendered 3938/10814, time remaining: 13m 54s
Rendered 3939/10814, time remaining: 13m 54s
Rendered 3940/10814, time remaining: 13m 54s
Rendered 3941/10814, time remaining: 13m 53s
Rendered 3942/10814, time remaining: 13m 53s
Rendered 3943/10814, time remaining: 13m 53s
Rendered 3944/10814, time remaining: 13m 53s
Rendered 3945/10814, time remaining: 13m 53s
Rendered 3946/10814, time remaining: 13m 53s
Rendered 3947/10814, time remaining: 13m 53s
Rendered 3948/10814, time remaining: 13m 52s
Rendered 3949/10814, time remaining: 13m 52s
Rendered 3950/10814, time remaining: 13m 52s
Rendered 3951/10814, time remaining: 13m 52s
Rendered 3952/10814, time remaining: 13m 52s
Rendered 3953/10814, time remaining: 13m 52s
Rendered 3954/10814, time remaining: 13m 52s
Rendered 3955/10814, time remaining: 13m 51s
Rendered 3956/10814, time remaining: 13m 51s
Rendered 3957/10814, time remaining: 13m 51s
Rendered 3958/10814, time remaining: 13m 51s
Rendered 3959/10814, time remaining: 13m 51s
Rendered 3960/10814, time remaining: 13m 51s
Rendered 3961/10814, time remaining: 13m 51s
Rendered 3962/10814, time remaining: 13m 51s
Rendered 3963/10814, time remaining: 13m 50s
Rendered 3964/10814, time remaining: 13m 50s
Rendered 3965/10814, time remaining: 13m 50s
Rendered 3966/10814, time remaining: 13m 50s
Rendered 3967/10814, time remaining: 13m 50s
Rendered 3968/10814, time remaining: 13m 50s
Rendered 3969/10814, time remaining: 13m 50s
Rendered 3970/10814, time remaining: 13m 50s
Rendered 3971/10814, time remaining: 13m 49s
Rendered 3972/10814, time remaining: 13m 49s
Rendered 3973/10814, time remaining: 13m 49s
Rendered 3974/10814, time remaining: 13m 49s
Rendered 3975/10814, time remaining: 13m 49s
Rendered 3976/10814, time remaining: 13m 49s
Rendered 3977/10814, time remaining: 13m 49s
Rendered 3978/10814, time remaining: 13m 48s
Rendered 3979/10814, time remaining: 13m 48s
Rendered 3980/10814, time remaining: 13m 48s
Rendered 3981/10814, time remaining: 13m 48s
Rendered 3982/10814, time remaining: 13m 48s
Rendered 3983/10814, time remaining: 13m 48s
Rendered 3984/10814, time remaining: 13m 48s
Rendered 3985/10814, time remaining: 13m 48s
Rendered 3986/10814, time remaining: 13m 47s
Rendered 3987/10814, time remaining: 13m 47s
Rendered 3988/10814, time remaining: 13m 47s
Rendered 3989/10814, time remaining: 13m 47s
Rendered 3990/10814, time remaining: 13m 47s
Rendered 3991/10814, time remaining: 13m 47s
Rendered 3992/10814, time remaining: 13m 47s
Rendered 3993/10814, time remaining: 13m 47s
Rendered 3994/10814, time remaining: 13m 46s
Rendered 3995/10814, time remaining: 13m 46s
Rendered 3996/10814, time remaining: 13m 46s
Rendered 3997/10814, time remaining: 13m 46s
Rendered 3998/10814, time remaining: 13m 46s
Rendered 3999/10814, time remaining: 13m 46s
Rendered 4000/10814, time remaining: 13m 46s
Rendered 4001/10814, time remaining: 13m 45s
Rendered 4002/10814, time remaining: 13m 45s
Rendered 4003/10814, time remaining: 13m 45s
Rendered 4004/10814, time remaining: 13m 45s
Rendered 4005/10814, time remaining: 13m 45s
Rendered 4006/10814, time remaining: 13m 45s
Rendered 4007/10814, time remaining: 13m 45s
Rendered 4008/10814, time remaining: 13m 45s
Rendered 4009/10814, time remaining: 13m 44s
Rendered 4010/10814, time remaining: 13m 44s
Rendered 4011/10814, time remaining: 13m 44s
Rendered 4012/10814, time remaining: 13m 44s
Rendered 4013/10814, time remaining: 13m 44s
Rendered 4014/10814, time remaining: 13m 44s
Rendered 4015/10814, time remaining: 13m 44s
Rendered 4016/10814, time remaining: 13m 44s
Rendered 4017/10814, time remaining: 13m 44s
Rendered 4018/10814, time remaining: 13m 43s
Rendered 4019/10814, time remaining: 13m 43s
Rendered 4020/10814, time remaining: 13m 43s
Rendered 4021/10814, time remaining: 13m 43s
Rendered 4022/10814, time remaining: 13m 43s
Rendered 4023/10814, time remaining: 13m 43s
Rendered 4024/10814, time remaining: 13m 43s
Rendered 4025/10814, time remaining: 13m 42s
Rendered 4026/10814, time remaining: 13m 42s
Rendered 4027/10814, time remaining: 13m 42s
Rendered 4028/10814, time remaining: 13m 42s
Rendered 4029/10814, time remaining: 13m 42s
Rendered 4030/10814, time remaining: 13m 42s
Rendered 4031/10814, time remaining: 13m 42s
Rendered 4032/10814, time remaining: 13m 42s
Rendered 4033/10814, time remaining: 13m 41s
Rendered 4034/10814, time remaining: 13m 41s
Rendered 4035/10814, time remaining: 13m 41s
Rendered 4036/10814, time remaining: 13m 41s
Rendered 4037/10814, time remaining: 13m 41s
Rendered 4038/10814, time remaining: 13m 41s
Rendered 4039/10814, time remaining: 13m 41s
Rendered 4040/10814, time remaining: 13m 41s
Rendered 4041/10814, time remaining: 13m 40s
Rendered 4042/10814, time remaining: 13m 40s
Rendered 4043/10814, time remaining: 13m 40s
Rendered 4044/10814, time remaining: 13m 40s
Rendered 4045/10814, time remaining: 13m 40s
Rendered 4046/10814, time remaining: 13m 40s
Rendered 4047/10814, time remaining: 13m 40s
Rendered 4048/10814, time remaining: 13m 40s
Rendered 4049/10814, time remaining: 13m 39s
Rendered 4050/10814, time remaining: 13m 39s
Rendered 4051/10814, time remaining: 13m 39s
Rendered 4052/10814, time remaining: 13m 39s
Rendered 4053/10814, time remaining: 13m 39s
Rendered 4054/10814, time remaining: 13m 39s
Rendered 4055/10814, time remaining: 13m 39s
Rendered 4056/10814, time remaining: 13m 39s
Rendered 4057/10814, time remaining: 13m 38s
Rendered 4058/10814, time remaining: 13m 38s
Rendered 4059/10814, time remaining: 13m 38s
Rendered 4060/10814, time remaining: 13m 38s
Rendered 4061/10814, time remaining: 13m 38s
Rendered 4062/10814, time remaining: 13m 38s
Rendered 4063/10814, time remaining: 13m 38s
Rendered 4064/10814, time remaining: 13m 37s
Rendered 4065/10814, time remaining: 13m 37s
Rendered 4066/10814, time remaining: 13m 37s
Rendered 4067/10814, time remaining: 13m 37s
Rendered 4068/10814, time remaining: 13m 37s
Rendered 4069/10814, time remaining: 13m 37s
Rendered 4070/10814, time remaining: 13m 37s
Rendered 4071/10814, time remaining: 13m 37s
Rendered 4072/10814, time remaining: 13m 36s
Rendered 4073/10814, time remaining: 13m 36s
Rendered 4074/10814, time remaining: 13m 36s
Rendered 4075/10814, time remaining: 13m 36s
Rendered 4076/10814, time remaining: 13m 36s
Rendered 4077/10814, time remaining: 13m 36s
Rendered 4078/10814, time remaining: 13m 36s
Rendered 4079/10814, time remaining: 13m 36s
Rendered 4080/10814, time remaining: 13m 35s
Rendered 4081/10814, time remaining: 13m 35s
Rendered 4082/10814, time remaining: 13m 35s
Rendered 4083/10814, time remaining: 13m 35s
Rendered 4084/10814, time remaining: 13m 35s
Rendered 4085/10814, time remaining: 13m 35s
Rendered 4086/10814, time remaining: 13m 35s
Rendered 4087/10814, time remaining: 13m 35s
Rendered 4088/10814, time remaining: 13m 34s
Rendered 4089/10814, time remaining: 13m 34s
Rendered 4090/10814, time remaining: 13m 34s
Rendered 4091/10814, time remaining: 13m 34s
Rendered 4092/10814, time remaining: 13m 34s
Rendered 4093/10814, time remaining: 13m 34s
Rendered 4094/10814, time remaining: 13m 34s
Rendered 4095/10814, time remaining: 13m 34s
Rendered 4096/10814, time remaining: 13m 33s
Rendered 4097/10814, time remaining: 13m 33s
Rendered 4098/10814, time remaining: 13m 33s
Rendered 4099/10814, time remaining: 13m 33s
Rendered 4100/10814, time remaining: 13m 33s
Rendered 4101/10814, time remaining: 13m 33s
Rendered 4102/10814, time remaining: 13m 33s
Rendered 4103/10814, time remaining: 13m 32s
Rendered 4104/10814, time remaining: 13m 32s
Rendered 4105/10814, time remaining: 13m 32s
Rendered 4106/10814, time remaining: 13m 32s
Rendered 4107/10814, time remaining: 13m 32s
Rendered 4108/10814, time remaining: 13m 32s
Rendered 4109/10814, time remaining: 13m 32s
Rendered 4110/10814, time remaining: 13m 32s
Rendered 4111/10814, time remaining: 13m 31s
Rendered 4112/10814, time remaining: 13m 31s
Rendered 4113/10814, time remaining: 13m 31s
Rendered 4114/10814, time remaining: 13m 31s
Rendered 4115/10814, time remaining: 13m 31s
Rendered 4116/10814, time remaining: 13m 31s
Rendered 4117/10814, time remaining: 13m 31s
Rendered 4118/10814, time remaining: 13m 31s
Rendered 4119/10814, time remaining: 13m 31s
Rendered 4120/10814, time remaining: 13m 30s
Rendered 4121/10814, time remaining: 13m 30s
Rendered 4122/10814, time remaining: 13m 30s
Rendered 4123/10814, time remaining: 13m 30s
Rendered 4124/10814, time remaining: 13m 30s
Rendered 4125/10814, time remaining: 13m 30s
Rendered 4126/10814, time remaining: 13m 30s
Rendered 4127/10814, time remaining: 13m 30s
Rendered 4128/10814, time remaining: 13m 30s
Rendered 4129/10814, time remaining: 13m 29s
Rendered 4130/10814, time remaining: 13m 29s
Rendered 4131/10814, time remaining: 13m 29s
Rendered 4132/10814, time remaining: 13m 29s
Rendered 4133/10814, time remaining: 13m 29s
Rendered 4134/10814, time remaining: 13m 29s
Rendered 4135/10814, time remaining: 13m 29s
Rendered 4136/10814, time remaining: 13m 28s
Rendered 4137/10814, time remaining: 13m 28s
Rendered 4138/10814, time remaining: 13m 28s
Rendered 4139/10814, time remaining: 13m 28s
Rendered 4140/10814, time remaining: 13m 28s
Rendered 4141/10814, time remaining: 13m 28s
Rendered 4142/10814, time remaining: 13m 28s
Rendered 4143/10814, time remaining: 13m 28s
Rendered 4144/10814, time remaining: 13m 28s
Rendered 4145/10814, time remaining: 13m 27s
Rendered 4146/10814, time remaining: 13m 27s
Rendered 4147/10814, time remaining: 13m 27s
Rendered 4148/10814, time remaining: 13m 27s
Rendered 4149/10814, time remaining: 13m 27s
Rendered 4150/10814, time remaining: 13m 27s
Rendered 4151/10814, time remaining: 13m 27s
Rendered 4152/10814, time remaining: 13m 26s
Rendered 4153/10814, time remaining: 13m 26s
Rendered 4154/10814, time remaining: 13m 26s
Rendered 4155/10814, time remaining: 13m 26s
Rendered 4156/10814, time remaining: 13m 26s
Rendered 4157/10814, time remaining: 13m 26s
Rendered 4158/10814, time remaining: 13m 26s
Rendered 4159/10814, time remaining: 13m 26s
Rendered 4160/10814, time remaining: 13m 25s
Rendered 4161/10814, time remaining: 13m 25s
Rendered 4162/10814, time remaining: 13m 25s
Rendered 4163/10814, time remaining: 13m 25s
Rendered 4164/10814, time remaining: 13m 25s
Rendered 4165/10814, time remaining: 13m 25s
Rendered 4166/10814, time remaining: 13m 25s
Rendered 4167/10814, time remaining: 13m 25s
Rendered 4168/10814, time remaining: 13m 24s
Rendered 4169/10814, time remaining: 13m 24s
Rendered 4170/10814, time remaining: 13m 24s
Rendered 4171/10814, time remaining: 13m 24s
Rendered 4172/10814, time remaining: 13m 24s
Rendered 4173/10814, time remaining: 13m 24s
Rendered 4174/10814, time remaining: 13m 24s
Rendered 4175/10814, time remaining: 13m 23s
Rendered 4176/10814, time remaining: 13m 23s
Rendered 4177/10814, time remaining: 13m 23s
Rendered 4178/10814, time remaining: 13m 23s
Rendered 4179/10814, time remaining: 13m 23s
Rendered 4180/10814, time remaining: 13m 23s
Rendered 4181/10814, time remaining: 13m 23s
Rendered 4182/10814, time remaining: 13m 23s
Rendered 4183/10814, time remaining: 13m 22s
Rendered 4184/10814, time remaining: 13m 22s
Rendered 4185/10814, time remaining: 13m 22s
Rendered 4186/10814, time remaining: 13m 22s
Rendered 4187/10814, time remaining: 13m 22s
Rendered 4188/10814, time remaining: 13m 22s
Rendered 4189/10814, time remaining: 13m 22s
Rendered 4190/10814, time remaining: 13m 22s
Rendered 4191/10814, time remaining: 13m 22s
Rendered 4192/10814, time remaining: 13m 21s
Rendered 4193/10814, time remaining: 13m 21s
Rendered 4194/10814, time remaining: 13m 21s
Rendered 4195/10814, time remaining: 13m 21s
Rendered 4196/10814, time remaining: 13m 21s
Rendered 4197/10814, time remaining: 13m 21s
Rendered 4198/10814, time remaining: 13m 21s
Rendered 4199/10814, time remaining: 13m 21s
Rendered 4200/10814, time remaining: 13m 21s
Rendered 4201/10814, time remaining: 13m 20s
Rendered 4202/10814, time remaining: 13m 20s
Rendered 4203/10814, time remaining: 13m 20s
Rendered 4204/10814, time remaining: 13m 20s
Rendered 4205/10814, time remaining: 13m 20s
Rendered 4206/10814, time remaining: 13m 20s
Rendered 4207/10814, time remaining: 13m 20s
Rendered 4208/10814, time remaining: 13m 20s
Rendered 4209/10814, time remaining: 13m 20s
Rendered 4210/10814, time remaining: 13m 19s
Rendered 4211/10814, time remaining: 13m 19s
Rendered 4212/10814, time remaining: 13m 19s
Rendered 4213/10814, time remaining: 13m 19s
Rendered 4214/10814, time remaining: 13m 19s
Rendered 4215/10814, time remaining: 13m 19s
Rendered 4216/10814, time remaining: 13m 19s
Rendered 4217/10814, time remaining: 13m 19s
Rendered 4218/10814, time remaining: 13m 19s
Rendered 4219/10814, time remaining: 13m 18s
Rendered 4220/10814, time remaining: 13m 18s
Rendered 4221/10814, time remaining: 13m 18s
Rendered 4222/10814, time remaining: 13m 18s
Rendered 4223/10814, time remaining: 13m 18s
Rendered 4224/10814, time remaining: 13m 18s
Rendered 4225/10814, time remaining: 13m 18s
Rendered 4226/10814, time remaining: 13m 17s
Rendered 4227/10814, time remaining: 13m 17s
Rendered 4228/10814, time remaining: 13m 17s
Rendered 4229/10814, time remaining: 13m 17s
Rendered 4230/10814, time remaining: 13m 17s
Rendered 4231/10814, time remaining: 13m 17s
Rendered 4232/10814, time remaining: 13m 17s
Rendered 4233/10814, time remaining: 13m 17s
Rendered 4234/10814, time remaining: 13m 17s
Rendered 4235/10814, time remaining: 13m 17s
Rendered 4236/10814, time remaining: 13m 16s
Rendered 4237/10814, time remaining: 13m 16s
Rendered 4238/10814, time remaining: 13m 16s
Rendered 4239/10814, time remaining: 13m 16s
Rendered 4240/10814, time remaining: 13m 16s
Rendered 4241/10814, time remaining: 13m 16s
Rendered 4242/10814, time remaining: 13m 16s
Rendered 4243/10814, time remaining: 13m 16s
Rendered 4244/10814, time remaining: 13m 15s
Rendered 4245/10814, time remaining: 13m 16s
Rendered 4246/10814, time remaining: 13m 15s
Rendered 4247/10814, time remaining: 13m 15s
Rendered 4248/10814, time remaining: 13m 15s
Rendered 4249/10814, time remaining: 13m 15s
Rendered 4250/10814, time remaining: 13m 15s
Rendered 4251/10814, time remaining: 13m 15s
Rendered 4252/10814, time remaining: 13m 15s
Rendered 4253/10814, time remaining: 13m 15s
Rendered 4254/10814, time remaining: 13m 15s
Rendered 4255/10814, time remaining: 13m 15s
Rendered 4256/10814, time remaining: 13m 14s
Rendered 4257/10814, time remaining: 13m 14s
Rendered 4258/10814, time remaining: 13m 14s
Rendered 4259/10814, time remaining: 13m 14s
Rendered 4260/10814, time remaining: 13m 14s
Rendered 4261/10814, time remaining: 13m 14s
Rendered 4262/10814, time remaining: 13m 14s
Rendered 4263/10814, time remaining: 13m 14s
Rendered 4264/10814, time remaining: 13m 14s
Rendered 4265/10814, time remaining: 13m 13s
Rendered 4266/10814, time remaining: 13m 13s
Rendered 4267/10814, time remaining: 13m 13s
Rendered 4268/10814, time remaining: 13m 13s
Rendered 4269/10814, time remaining: 13m 13s
Rendered 4270/10814, time remaining: 13m 13s
Rendered 4271/10814, time remaining: 13m 13s
Rendered 4272/10814, time remaining: 13m 13s
Rendered 4273/10814, time remaining: 13m 13s
Rendered 4274/10814, time remaining: 13m 13s
Rendered 4275/10814, time remaining: 13m 13s
Rendered 4276/10814, time remaining: 13m 13s
Rendered 4277/10814, time remaining: 13m 12s
Rendered 4278/10814, time remaining: 13m 12s
Rendered 4279/10814, time remaining: 13m 12s
Rendered 4280/10814, time remaining: 13m 12s
Rendered 4281/10814, time remaining: 13m 12s
Rendered 4282/10814, time remaining: 13m 12s
Rendered 4283/10814, time remaining: 13m 12s
Rendered 4284/10814, time remaining: 13m 12s
Rendered 4285/10814, time remaining: 13m 12s
Rendered 4286/10814, time remaining: 13m 12s
Rendered 4287/10814, time remaining: 13m 11s
Rendered 4288/10814, time remaining: 13m 11s
Rendered 4289/10814, time remaining: 13m 11s
Rendered 4290/10814, time remaining: 13m 11s
Rendered 4291/10814, time remaining: 13m 11s
Rendered 4292/10814, time remaining: 13m 11s
Rendered 4293/10814, time remaining: 13m 11s
Rendered 4294/10814, time remaining: 13m 11s
Rendered 4295/10814, time remaining: 13m 11s
Rendered 4296/10814, time remaining: 13m 11s
Rendered 4297/10814, time remaining: 13m 11s
Rendered 4298/10814, time remaining: 13m 11s
Rendered 4299/10814, time remaining: 13m 11s
Rendered 4300/10814, time remaining: 13m 11s
Rendered 4301/10814, time remaining: 13m 11s
Rendered 4302/10814, time remaining: 13m 11s
Rendered 4303/10814, time remaining: 13m 11s
Rendered 4304/10814, time remaining: 13m 10s
Rendered 4305/10814, time remaining: 13m 10s
Rendered 4306/10814, time remaining: 13m 10s
Rendered 4307/10814, time remaining: 13m 10s
Rendered 4308/10814, time remaining: 13m 10s
Rendered 4309/10814, time remaining: 13m 10s
Rendered 4310/10814, time remaining: 13m 10s
Rendered 4311/10814, time remaining: 13m 10s
Rendered 4312/10814, time remaining: 13m 10s
Rendered 4313/10814, time remaining: 13m 10s
Rendered 4314/10814, time remaining: 13m 10s
Rendered 4315/10814, time remaining: 13m 10s
Rendered 4316/10814, time remaining: 13m 11s
Rendered 4317/10814, time remaining: 13m 11s
Rendered 4318/10814, time remaining: 13m 12s
Rendered 4319/10814, time remaining: 13m 12s
Rendered 4320/10814, time remaining: 13m 12s
Rendered 4321/10814, time remaining: 13m 13s
Rendered 4322/10814, time remaining: 13m 13s
Rendered 4323/10814, time remaining: 13m 13s
Rendered 4324/10814, time remaining: 13m 14s
Rendered 4325/10814, time remaining: 13m 14s
Rendered 4326/10814, time remaining: 13m 14s
Rendered 4327/10814, time remaining: 13m 14s
Rendered 4328/10814, time remaining: 13m 14s
Rendered 4329/10814, time remaining: 13m 14s
Rendered 4330/10814, time remaining: 13m 14s
Rendered 4331/10814, time remaining: 13m 14s
Rendered 4332/10814, time remaining: 13m 14s
Rendered 4333/10814, time remaining: 13m 13s
Rendered 4334/10814, time remaining: 13m 13s
Rendered 4335/10814, time remaining: 13m 13s
Rendered 4336/10814, time remaining: 13m 13s
Rendered 4337/10814, time remaining: 13m 13s
Rendered 4338/10814, time remaining: 13m 13s
Rendered 4339/10814, time remaining: 13m 13s
Rendered 4340/10814, time remaining: 13m 13s
Rendered 4341/10814, time remaining: 13m 12s
Rendered 4342/10814, time remaining: 13m 12s
Rendered 4343/10814, time remaining: 13m 12s
Rendered 4344/10814, time remaining: 13m 12s
Rendered 4345/10814, time remaining: 13m 12s
Rendered 4346/10814, time remaining: 13m 12s
Rendered 4347/10814, time remaining: 13m 12s
Rendered 4348/10814, time remaining: 13m 12s
Rendered 4349/10814, time remaining: 13m 11s
Rendered 4350/10814, time remaining: 13m 11s
Rendered 4351/10814, time remaining: 13m 11s
Rendered 4352/10814, time remaining: 13m 11s
Rendered 4353/10814, time remaining: 13m 11s
Rendered 4354/10814, time remaining: 13m 11s
Rendered 4355/10814, time remaining: 13m 11s
Rendered 4356/10814, time remaining: 13m 11s
Rendered 4357/10814, time remaining: 13m 11s
Rendered 4358/10814, time remaining: 13m 10s
Rendered 4359/10814, time remaining: 13m 10s
Rendered 4360/10814, time remaining: 13m 10s
Rendered 4361/10814, time remaining: 13m 10s
Rendered 4362/10814, time remaining: 13m 10s
Rendered 4363/10814, time remaining: 13m 10s
Rendered 4364/10814, time remaining: 13m 10s
Rendered 4365/10814, time remaining: 13m 10s
Rendered 4366/10814, time remaining: 13m 10s
Rendered 4367/10814, time remaining: 13m 10s
Rendered 4368/10814, time remaining: 13m 9s
Rendered 4369/10814, time remaining: 13m 9s
Rendered 4370/10814, time remaining: 13m 9s
Rendered 4371/10814, time remaining: 13m 9s
Rendered 4372/10814, time remaining: 13m 9s
Rendered 4373/10814, time remaining: 13m 9s
Rendered 4374/10814, time remaining: 13m 9s
Rendered 4375/10814, time remaining: 13m 9s
Rendered 4376/10814, time remaining: 13m 8s
Rendered 4377/10814, time remaining: 13m 8s
Rendered 4378/10814, time remaining: 13m 8s
Rendered 4379/10814, time remaining: 13m 8s
Rendered 4380/10814, time remaining: 13m 8s
Rendered 4381/10814, time remaining: 13m 8s
Rendered 4382/10814, time remaining: 13m 8s
Rendered 4383/10814, time remaining: 13m 8s
Rendered 4384/10814, time remaining: 13m 8s
Rendered 4385/10814, time remaining: 13m 7s
Rendered 4386/10814, time remaining: 13m 7s
Rendered 4387/10814, time remaining: 13m 7s
Rendered 4388/10814, time remaining: 13m 7s
Rendered 4389/10814, time remaining: 13m 7s
Rendered 4390/10814, time remaining: 13m 7s
Rendered 4391/10814, time remaining: 13m 7s
Rendered 4392/10814, time remaining: 13m 7s
Rendered 4393/10814, time remaining: 13m 7s
Rendered 4394/10814, time remaining: 13m 6s
Rendered 4395/10814, time remaining: 13m 6s
Rendered 4396/10814, time remaining: 13m 6s
Rendered 4397/10814, time remaining: 13m 6s
Rendered 4398/10814, time remaining: 13m 6s
Rendered 4399/10814, time remaining: 13m 6s
Rendered 4400/10814, time remaining: 13m 6s
Rendered 4401/10814, time remaining: 13m 6s
Rendered 4402/10814, time remaining: 13m 6s
Rendered 4403/10814, time remaining: 13m 5s
Rendered 4404/10814, time remaining: 13m 5s
Rendered 4405/10814, time remaining: 13m 5s
Rendered 4406/10814, time remaining: 13m 5s
Rendered 4407/10814, time remaining: 13m 5s
Rendered 4408/10814, time remaining: 13m 5s
Rendered 4409/10814, time remaining: 13m 5s
Rendered 4410/10814, time remaining: 13m 5s
Rendered 4411/10814, time remaining: 13m 5s
Rendered 4412/10814, time remaining: 13m 5s
Rendered 4413/10814, time remaining: 13m 4s
Rendered 4414/10814, time remaining: 13m 4s
Rendered 4415/10814, time remaining: 13m 4s
Rendered 4416/10814, time remaining: 13m 4s
Rendered 4417/10814, time remaining: 13m 4s
Rendered 4418/10814, time remaining: 13m 4s
Rendered 4419/10814, time remaining: 13m 4s
Rendered 4420/10814, time remaining: 13m 4s
Rendered 4421/10814, time remaining: 13m 4s
Rendered 4422/10814, time remaining: 13m 3s
Rendered 4423/10814, time remaining: 13m 3s
Rendered 4424/10814, time remaining: 13m 3s
Rendered 4425/10814, time remaining: 13m 3s
Rendered 4426/10814, time remaining: 13m 3s
Rendered 4427/10814, time remaining: 13m 3s
Rendered 4428/10814, time remaining: 13m 3s
Rendered 4429/10814, time remaining: 13m 3s
Rendered 4430/10814, time remaining: 13m 3s
Rendered 4431/10814, time remaining: 13m 3s
Rendered 4432/10814, time remaining: 13m 3s
Rendered 4433/10814, time remaining: 13m 2s
Rendered 4434/10814, time remaining: 13m 2s
Rendered 4435/10814, time remaining: 13m 2s
Rendered 4436/10814, time remaining: 13m 2s
Rendered 4437/10814, time remaining: 13m 2s
Rendered 4438/10814, time remaining: 13m 2s
Rendered 4439/10814, time remaining: 13m 2s
Rendered 4440/10814, time remaining: 13m 2s
Rendered 4441/10814, time remaining: 13m 2s
Rendered 4442/10814, time remaining: 13m 1s
Rendered 4443/10814, time remaining: 13m 1s
Rendered 4444/10814, time remaining: 13m 1s
Rendered 4445/10814, time remaining: 13m 1s
Rendered 4446/10814, time remaining: 13m 1s
Rendered 4447/10814, time remaining: 13m 1s
Rendered 4448/10814, time remaining: 13m 1s
Rendered 4449/10814, time remaining: 13m 1s
Rendered 4450/10814, time remaining: 13m 1s
Rendered 4451/10814, time remaining: 13m 0s
Rendered 4452/10814, time remaining: 13m 0s
Rendered 4453/10814, time remaining: 13m 0s
Rendered 4454/10814, time remaining: 13m 0s
Rendered 4455/10814, time remaining: 13m 0s
Rendered 4456/10814, time remaining: 13m 0s
Rendered 4457/10814, time remaining: 13m 0s
Rendered 4458/10814, time remaining: 13m 0s
Rendered 4459/10814, time remaining: 13m 0s
Rendered 4460/10814, time remaining: 12m 59s
Rendered 4461/10814, time remaining: 12m 59s
Rendered 4462/10814, time remaining: 12m 59s
Rendered 4463/10814, time remaining: 12m 59s
Rendered 4464/10814, time remaining: 12m 59s
Rendered 4465/10814, time remaining: 12m 59s
Rendered 4466/10814, time remaining: 12m 59s
Rendered 4467/10814, time remaining: 12m 59s
Rendered 4468/10814, time remaining: 12m 59s
Rendered 4469/10814, time remaining: 12m 58s
Rendered 4470/10814, time remaining: 12m 58s
Rendered 4471/10814, time remaining: 12m 58s
Rendered 4472/10814, time remaining: 12m 58s
Rendered 4473/10814, time remaining: 12m 58s
Rendered 4474/10814, time remaining: 12m 58s
Rendered 4475/10814, time remaining: 12m 58s
Rendered 4476/10814, time remaining: 12m 58s
Rendered 4477/10814, time remaining: 12m 58s
Rendered 4478/10814, time remaining: 12m 57s
Rendered 4479/10814, time remaining: 12m 57s
Rendered 4480/10814, time remaining: 12m 57s
Rendered 4481/10814, time remaining: 12m 57s
Rendered 4482/10814, time remaining: 12m 57s
Rendered 4483/10814, time remaining: 12m 57s
Rendered 4484/10814, time remaining: 12m 57s
Rendered 4485/10814, time remaining: 12m 57s
Rendered 4486/10814, time remaining: 12m 56s
Rendered 4487/10814, time remaining: 12m 56s
Rendered 4488/10814, time remaining: 12m 56s
Rendered 4489/10814, time remaining: 12m 56s
Rendered 4490/10814, time remaining: 12m 56s
Rendered 4491/10814, time remaining: 12m 56s
Rendered 4492/10814, time remaining: 12m 56s
Rendered 4493/10814, time remaining: 12m 56s
Rendered 4494/10814, time remaining: 12m 55s
Rendered 4495/10814, time remaining: 12m 55s
Rendered 4496/10814, time remaining: 12m 55s
Rendered 4497/10814, time remaining: 12m 55s
Rendered 4498/10814, time remaining: 12m 55s
Rendered 4499/10814, time remaining: 12m 55s
Rendered 4500/10814, time remaining: 12m 55s
Rendered 4501/10814, time remaining: 12m 55s
Rendered 4502/10814, time remaining: 12m 54s
Rendered 4503/10814, time remaining: 12m 54s
Rendered 4504/10814, time remaining: 12m 54s
Rendered 4505/10814, time remaining: 12m 54s
Rendered 4506/10814, time remaining: 12m 54s
Rendered 4507/10814, time remaining: 12m 54s
Rendered 4508/10814, time remaining: 12m 54s
Rendered 4509/10814, time remaining: 12m 54s
Rendered 4510/10814, time remaining: 12m 53s
Rendered 4511/10814, time remaining: 12m 53s
Rendered 4512/10814, time remaining: 12m 53s
Rendered 4513/10814, time remaining: 12m 53s
Rendered 4514/10814, time remaining: 12m 53s
Rendered 4515/10814, time remaining: 12m 53s
Rendered 4516/10814, time remaining: 12m 53s
Rendered 4517/10814, time remaining: 12m 53s
Rendered 4518/10814, time remaining: 12m 52s
Rendered 4519/10814, time remaining: 12m 52s
Rendered 4520/10814, time remaining: 12m 52s
Rendered 4521/10814, time remaining: 12m 52s
Rendered 4522/10814, time remaining: 12m 52s
Rendered 4523/10814, time remaining: 12m 52s
Rendered 4524/10814, time remaining: 12m 52s
Rendered 4525/10814, time remaining: 12m 51s
Rendered 4526/10814, time remaining: 12m 51s
Rendered 4527/10814, time remaining: 12m 51s
Rendered 4528/10814, time remaining: 12m 51s
Rendered 4529/10814, time remaining: 12m 51s
Rendered 4530/10814, time remaining: 12m 51s
Rendered 4531/10814, time remaining: 12m 51s
Rendered 4532/10814, time remaining: 12m 50s
Rendered 4533/10814, time remaining: 12m 50s
Rendered 4534/10814, time remaining: 12m 50s
Rendered 4535/10814, time remaining: 12m 50s
Rendered 4536/10814, time remaining: 12m 50s
Rendered 4537/10814, time remaining: 12m 50s
Rendered 4538/10814, time remaining: 12m 50s
Rendered 4539/10814, time remaining: 12m 49s
Rendered 4540/10814, time remaining: 12m 49s
Rendered 4541/10814, time remaining: 12m 49s
Rendered 4542/10814, time remaining: 12m 49s
Rendered 4543/10814, time remaining: 12m 49s
Rendered 4544/10814, time remaining: 12m 49s
Rendered 4545/10814, time remaining: 12m 49s
Rendered 4546/10814, time remaining: 12m 49s
Rendered 4547/10814, time remaining: 12m 48s
Rendered 4548/10814, time remaining: 12m 48s
Rendered 4549/10814, time remaining: 12m 48s
Rendered 4550/10814, time remaining: 12m 48s
Rendered 4551/10814, time remaining: 12m 48s
Rendered 4552/10814, time remaining: 12m 48s
Rendered 4553/10814, time remaining: 12m 48s
Rendered 4554/10814, time remaining: 12m 47s
Rendered 4555/10814, time remaining: 12m 47s
Rendered 4556/10814, time remaining: 12m 47s
Rendered 4557/10814, time remaining: 12m 47s
Rendered 4558/10814, time remaining: 12m 47s
Rendered 4559/10814, time remaining: 12m 47s
Rendered 4560/10814, time remaining: 12m 47s
Rendered 4561/10814, time remaining: 12m 47s
Rendered 4562/10814, time remaining: 12m 46s
Rendered 4563/10814, time remaining: 12m 46s
Rendered 4564/10814, time remaining: 12m 46s
Rendered 4565/10814, time remaining: 12m 46s
Rendered 4566/10814, time remaining: 12m 46s
Rendered 4567/10814, time remaining: 12m 46s
Rendered 4568/10814, time remaining: 12m 46s
Rendered 4569/10814, time remaining: 12m 46s
Rendered 4570/10814, time remaining: 12m 45s
Rendered 4571/10814, time remaining: 12m 45s
Rendered 4572/10814, time remaining: 12m 45s
Rendered 4573/10814, time remaining: 12m 45s
Rendered 4574/10814, time remaining: 12m 45s
Rendered 4575/10814, time remaining: 12m 45s
Rendered 4576/10814, time remaining: 12m 45s
Rendered 4577/10814, time remaining: 12m 45s
Rendered 4578/10814, time remaining: 12m 44s
Rendered 4579/10814, time remaining: 12m 44s
Rendered 4580/10814, time remaining: 12m 44s
Rendered 4581/10814, time remaining: 12m 44s
Rendered 4582/10814, time remaining: 12m 44s
Rendered 4583/10814, time remaining: 12m 44s
Rendered 4584/10814, time remaining: 12m 44s
Rendered 4585/10814, time remaining: 12m 43s
Rendered 4586/10814, time remaining: 12m 43s
Rendered 4587/10814, time remaining: 12m 43s
Rendered 4588/10814, time remaining: 12m 43s
Rendered 4589/10814, time remaining: 12m 43s
Rendered 4590/10814, time remaining: 12m 43s
Rendered 4591/10814, time remaining: 12m 43s
Rendered 4592/10814, time remaining: 12m 42s
Rendered 4593/10814, time remaining: 12m 42s
Rendered 4594/10814, time remaining: 12m 42s
Rendered 4595/10814, time remaining: 12m 42s
Rendered 4596/10814, time remaining: 12m 42s
Rendered 4597/10814, time remaining: 12m 42s
Rendered 4598/10814, time remaining: 12m 42s
Rendered 4599/10814, time remaining: 12m 42s
Rendered 4600/10814, time remaining: 12m 41s
Rendered 4601/10814, time remaining: 12m 41s
Rendered 4602/10814, time remaining: 12m 41s
Rendered 4603/10814, time remaining: 12m 41s
Rendered 4604/10814, time remaining: 12m 41s
Rendered 4605/10814, time remaining: 12m 41s
Rendered 4606/10814, time remaining: 12m 41s
Rendered 4607/10814, time remaining: 12m 40s
Rendered 4608/10814, time remaining: 12m 40s
Rendered 4609/10814, time remaining: 12m 40s
Rendered 4610/10814, time remaining: 12m 40s
Rendered 4611/10814, time remaining: 12m 40s
Rendered 4612/10814, time remaining: 12m 40s
Rendered 4613/10814, time remaining: 12m 40s
Rendered 4614/10814, time remaining: 12m 39s
Rendered 4615/10814, time remaining: 12m 39s
Rendered 4616/10814, time remaining: 12m 39s
Rendered 4617/10814, time remaining: 12m 39s
Rendered 4618/10814, time remaining: 12m 39s
Rendered 4619/10814, time remaining: 12m 39s
Rendered 4620/10814, time remaining: 12m 39s
Rendered 4621/10814, time remaining: 12m 39s
Rendered 4622/10814, time remaining: 12m 38s
Rendered 4623/10814, time remaining: 12m 38s
Rendered 4624/10814, time remaining: 12m 38s
Rendered 4625/10814, time remaining: 12m 38s
Rendered 4626/10814, time remaining: 12m 38s
Rendered 4627/10814, time remaining: 12m 38s
Rendered 4628/10814, time remaining: 12m 38s
Rendered 4629/10814, time remaining: 12m 37s
Rendered 4630/10814, time remaining: 12m 37s
Rendered 4631/10814, time remaining: 12m 37s
Rendered 4632/10814, time remaining: 12m 37s
Rendered 4633/10814, time remaining: 12m 37s
Rendered 4634/10814, time remaining: 12m 37s
Rendered 4635/10814, time remaining: 12m 37s
Rendered 4636/10814, time remaining: 12m 37s
Rendered 4637/10814, time remaining: 12m 36s
Rendered 4638/10814, time remaining: 12m 36s
Rendered 4639/10814, time remaining: 12m 36s
Rendered 4640/10814, time remaining: 12m 36s
Rendered 4641/10814, time remaining: 12m 36s
Rendered 4642/10814, time remaining: 12m 36s
Rendered 4643/10814, time remaining: 12m 36s
Rendered 4644/10814, time remaining: 12m 35s
Rendered 4645/10814, time remaining: 12m 35s
Rendered 4646/10814, time remaining: 12m 35s
Rendered 4647/10814, time remaining: 12m 35s
Rendered 4648/10814, time remaining: 12m 35s
Rendered 4649/10814, time remaining: 12m 35s
Rendered 4650/10814, time remaining: 12m 34s
Rendered 4651/10814, time remaining: 12m 34s
Rendered 4652/10814, time remaining: 12m 34s
Rendered 4653/10814, time remaining: 12m 34s
Rendered 4654/10814, time remaining: 12m 34s
Rendered 4655/10814, time remaining: 12m 34s
Rendered 4656/10814, time remaining: 12m 34s
Rendered 4657/10814, time remaining: 12m 34s
Rendered 4658/10814, time remaining: 12m 33s
Rendered 4659/10814, time remaining: 12m 33s
Rendered 4660/10814, time remaining: 12m 33s
Rendered 4661/10814, time remaining: 12m 33s
Rendered 4662/10814, time remaining: 12m 33s
Rendered 4663/10814, time remaining: 12m 33s
Rendered 4664/10814, time remaining: 12m 33s
Rendered 4665/10814, time remaining: 12m 32s
Rendered 4666/10814, time remaining: 12m 32s
Rendered 4667/10814, time remaining: 12m 32s
Rendered 4668/10814, time remaining: 12m 32s
Rendered 4669/10814, time remaining: 12m 32s
Rendered 4670/10814, time remaining: 12m 32s
Rendered 4671/10814, time remaining: 12m 32s
Rendered 4672/10814, time remaining: 12m 32s
Rendered 4673/10814, time remaining: 12m 31s
Rendered 4674/10814, time remaining: 12m 31s
Rendered 4675/10814, time remaining: 12m 31s
Rendered 4676/10814, time remaining: 12m 31s
Rendered 4677/10814, time remaining: 12m 31s
Rendered 4678/10814, time remaining: 12m 31s
Rendered 4679/10814, time remaining: 12m 31s
Rendered 4680/10814, time remaining: 12m 31s
Rendered 4681/10814, time remaining: 12m 30s
Rendered 4682/10814, time remaining: 12m 30s
Rendered 4683/10814, time remaining: 12m 30s
Rendered 4684/10814, time remaining: 12m 30s
Rendered 4685/10814, time remaining: 12m 30s
Rendered 4686/10814, time remaining: 12m 30s
Rendered 4687/10814, time remaining: 12m 30s
Rendered 4688/10814, time remaining: 12m 30s
Rendered 4689/10814, time remaining: 12m 29s
Rendered 4690/10814, time remaining: 12m 29s
Rendered 4691/10814, time remaining: 12m 29s
Rendered 4692/10814, time remaining: 12m 29s
Rendered 4693/10814, time remaining: 12m 29s
Rendered 4694/10814, time remaining: 12m 29s
Rendered 4695/10814, time remaining: 12m 29s
Rendered 4696/10814, time remaining: 12m 29s
Rendered 4697/10814, time remaining: 12m 28s
Rendered 4698/10814, time remaining: 12m 28s
Rendered 4699/10814, time remaining: 12m 28s
Rendered 4700/10814, time remaining: 12m 28s
Rendered 4701/10814, time remaining: 12m 28s
Rendered 4702/10814, time remaining: 12m 28s
Rendered 4703/10814, time remaining: 12m 28s
Rendered 4704/10814, time remaining: 12m 28s
Rendered 4705/10814, time remaining: 12m 27s
Rendered 4706/10814, time remaining: 12m 27s
Rendered 4707/10814, time remaining: 12m 27s
Rendered 4708/10814, time remaining: 12m 27s
Rendered 4709/10814, time remaining: 12m 27s
Rendered 4710/10814, time remaining: 12m 27s
Rendered 4711/10814, time remaining: 12m 27s
Rendered 4712/10814, time remaining: 12m 27s
Rendered 4713/10814, time remaining: 12m 26s
Rendered 4714/10814, time remaining: 12m 26s
Rendered 4715/10814, time remaining: 12m 26s
Rendered 4716/10814, time remaining: 12m 26s
Rendered 4717/10814, time remaining: 12m 26s
Rendered 4718/10814, time remaining: 12m 26s
Rendered 4719/10814, time remaining: 12m 26s
Rendered 4720/10814, time remaining: 12m 26s
Rendered 4721/10814, time remaining: 12m 25s
Rendered 4722/10814, time remaining: 12m 25s
Rendered 4723/10814, time remaining: 12m 25s
Rendered 4724/10814, time remaining: 12m 25s
Rendered 4725/10814, time remaining: 12m 25s
Rendered 4726/10814, time remaining: 12m 25s
Rendered 4727/10814, time remaining: 12m 25s
Rendered 4728/10814, time remaining: 12m 25s
Rendered 4729/10814, time remaining: 12m 24s
Rendered 4730/10814, time remaining: 12m 24s
Rendered 4731/10814, time remaining: 12m 24s
Rendered 4732/10814, time remaining: 12m 24s
Rendered 4733/10814, time remaining: 12m 24s
Rendered 4734/10814, time remaining: 12m 24s
Rendered 4735/10814, time remaining: 12m 24s
Rendered 4736/10814, time remaining: 12m 23s
Rendered 4737/10814, time remaining: 12m 23s
Rendered 4738/10814, time remaining: 12m 23s
Rendered 4739/10814, time remaining: 12m 23s
Rendered 4740/10814, time remaining: 12m 23s
Rendered 4741/10814, time remaining: 12m 23s
Rendered 4742/10814, time remaining: 12m 23s
Rendered 4743/10814, time remaining: 12m 23s
Rendered 4744/10814, time remaining: 12m 22s
Rendered 4745/10814, time remaining: 12m 22s
Rendered 4746/10814, time remaining: 12m 22s
Rendered 4747/10814, time remaining: 12m 22s
Rendered 4748/10814, time remaining: 12m 22s
Rendered 4749/10814, time remaining: 12m 22s
Rendered 4750/10814, time remaining: 12m 22s
Rendered 4751/10814, time remaining: 12m 22s
Rendered 4752/10814, time remaining: 12m 22s
Rendered 4753/10814, time remaining: 12m 21s
Rendered 4754/10814, time remaining: 12m 21s
Rendered 4755/10814, time remaining: 12m 21s
Rendered 4756/10814, time remaining: 12m 21s
Rendered 4757/10814, time remaining: 12m 21s
Rendered 4758/10814, time remaining: 12m 21s
Rendered 4759/10814, time remaining: 12m 21s
Rendered 4760/10814, time remaining: 12m 20s
Rendered 4761/10814, time remaining: 12m 20s
Rendered 4762/10814, time remaining: 12m 20s
Rendered 4763/10814, time remaining: 12m 20s
Rendered 4764/10814, time remaining: 12m 20s
Rendered 4765/10814, time remaining: 12m 20s
Rendered 4766/10814, time remaining: 12m 20s
Rendered 4767/10814, time remaining: 12m 20s
Rendered 4768/10814, time remaining: 12m 19s
Rendered 4769/10814, time remaining: 12m 19s
Rendered 4770/10814, time remaining: 12m 19s
Rendered 4771/10814, time remaining: 12m 19s
Rendered 4772/10814, time remaining: 12m 19s
Rendered 4773/10814, time remaining: 12m 19s
Rendered 4774/10814, time remaining: 12m 19s
Rendered 4775/10814, time remaining: 12m 18s
Rendered 4776/10814, time remaining: 12m 18s
Rendered 4777/10814, time remaining: 12m 18s
Rendered 4778/10814, time remaining: 12m 18s
Rendered 4779/10814, time remaining: 12m 18s
Rendered 4780/10814, time remaining: 12m 18s
Rendered 4781/10814, time remaining: 12m 18s
Rendered 4782/10814, time remaining: 12m 18s
Rendered 4783/10814, time remaining: 12m 17s
Rendered 4784/10814, time remaining: 12m 17s
Rendered 4785/10814, time remaining: 12m 17s
Rendered 4786/10814, time remaining: 12m 17s
Rendered 4787/10814, time remaining: 12m 17s
Rendered 4788/10814, time remaining: 12m 17s
Rendered 4789/10814, time remaining: 12m 17s
Rendered 4790/10814, time remaining: 12m 16s
Rendered 4791/10814, time remaining: 12m 16s
Rendered 4792/10814, time remaining: 12m 16s
Rendered 4793/10814, time remaining: 12m 16s
Rendered 4794/10814, time remaining: 12m 16s
Rendered 4795/10814, time remaining: 12m 16s
Rendered 4796/10814, time remaining: 12m 16s
Rendered 4797/10814, time remaining: 12m 16s
Rendered 4798/10814, time remaining: 12m 16s
Rendered 4799/10814, time remaining: 12m 15s
Rendered 4800/10814, time remaining: 12m 15s
Rendered 4801/10814, time remaining: 12m 15s
Rendered 4802/10814, time remaining: 12m 15s
Rendered 4803/10814, time remaining: 12m 15s
Rendered 4804/10814, time remaining: 12m 15s
Rendered 4805/10814, time remaining: 12m 15s
Rendered 4806/10814, time remaining: 12m 15s
Rendered 4807/10814, time remaining: 12m 14s
Rendered 4808/10814, time remaining: 12m 14s
Rendered 4809/10814, time remaining: 12m 14s
Rendered 4810/10814, time remaining: 12m 14s
Rendered 4811/10814, time remaining: 12m 14s
Rendered 4812/10814, time remaining: 12m 14s
Rendered 4813/10814, time remaining: 12m 14s
Rendered 4814/10814, time remaining: 12m 13s
Rendered 4815/10814, time remaining: 12m 13s
Rendered 4816/10814, time remaining: 12m 13s
Rendered 4817/10814, time remaining: 12m 13s
Rendered 4818/10814, time remaining: 12m 13s
Rendered 4819/10814, time remaining: 12m 13s
Rendered 4820/10814, time remaining: 12m 13s
Rendered 4821/10814, time remaining: 12m 13s
Rendered 4822/10814, time remaining: 12m 13s
Rendered 4823/10814, time remaining: 12m 12s
Rendered 4824/10814, time remaining: 12m 12s
Rendered 4825/10814, time remaining: 12m 12s
Rendered 4826/10814, time remaining: 12m 12s
Rendered 4827/10814, time remaining: 12m 12s
Rendered 4828/10814, time remaining: 12m 12s
Rendered 4829/10814, time remaining: 12m 12s
Rendered 4830/10814, time remaining: 12m 11s
Rendered 4831/10814, time remaining: 12m 11s
Rendered 4832/10814, time remaining: 12m 11s
Rendered 4833/10814, time remaining: 12m 11s
Rendered 4834/10814, time remaining: 12m 11s
Rendered 4835/10814, time remaining: 12m 11s
Rendered 4836/10814, time remaining: 12m 11s
Rendered 4837/10814, time remaining: 12m 11s
Rendered 4838/10814, time remaining: 12m 11s
Rendered 4839/10814, time remaining: 12m 10s
Rendered 4840/10814, time remaining: 12m 10s
Rendered 4841/10814, time remaining: 12m 10s
Rendered 4842/10814, time remaining: 12m 10s
Rendered 4843/10814, time remaining: 12m 10s
Rendered 4844/10814, time remaining: 12m 10s
Rendered 4845/10814, time remaining: 12m 10s
Rendered 4846/10814, time remaining: 12m 9s
Rendered 4847/10814, time remaining: 12m 9s
Rendered 4848/10814, time remaining: 12m 9s
Rendered 4849/10814, time remaining: 12m 9s
Rendered 4850/10814, time remaining: 12m 9s
Rendered 4851/10814, time remaining: 12m 9s
Rendered 4852/10814, time remaining: 12m 9s
Rendered 4853/10814, time remaining: 12m 8s
Rendered 4854/10814, time remaining: 12m 8s
Rendered 4855/10814, time remaining: 12m 8s
Rendered 4856/10814, time remaining: 12m 8s
Rendered 4857/10814, time remaining: 12m 8s
Rendered 4858/10814, time remaining: 12m 8s
Rendered 4859/10814, time remaining: 12m 8s
Rendered 4860/10814, time remaining: 12m 8s
Rendered 4861/10814, time remaining: 12m 7s
Rendered 4862/10814, time remaining: 12m 7s
Rendered 4863/10814, time remaining: 12m 7s
Rendered 4864/10814, time remaining: 12m 7s
Rendered 4865/10814, time remaining: 12m 7s
Rendered 4866/10814, time remaining: 12m 7s
Rendered 4867/10814, time remaining: 12m 7s
Rendered 4868/10814, time remaining: 12m 6s
Rendered 4869/10814, time remaining: 12m 6s
Rendered 4870/10814, time remaining: 12m 6s
Rendered 4871/10814, time remaining: 12m 6s
Rendered 4872/10814, time remaining: 12m 6s
Rendered 4873/10814, time remaining: 12m 6s
Rendered 4874/10814, time remaining: 12m 6s
Rendered 4875/10814, time remaining: 12m 6s
Rendered 4876/10814, time remaining: 12m 6s
Rendered 4877/10814, time remaining: 12m 5s
Rendered 4878/10814, time remaining: 12m 5s
Rendered 4879/10814, time remaining: 12m 5s
Rendered 4880/10814, time remaining: 12m 5s
Rendered 4881/10814, time remaining: 12m 5s
Rendered 4882/10814, time remaining: 12m 5s
Rendered 4883/10814, time remaining: 12m 5s
Rendered 4884/10814, time remaining: 12m 5s
Rendered 4885/10814, time remaining: 12m 4s
Rendered 4886/10814, time remaining: 12m 4s
Rendered 4887/10814, time remaining: 12m 4s
Rendered 4888/10814, time remaining: 12m 4s
Rendered 4889/10814, time remaining: 12m 4s
Rendered 4890/10814, time remaining: 12m 4s
Rendered 4891/10814, time remaining: 12m 4s
Rendered 4892/10814, time remaining: 12m 4s
Rendered 4893/10814, time remaining: 12m 3s
Rendered 4894/10814, time remaining: 12m 3s
Rendered 4895/10814, time remaining: 12m 3s
Rendered 4896/10814, time remaining: 12m 3s
Rendered 4897/10814, time remaining: 12m 3s
Rendered 4898/10814, time remaining: 12m 3s
Rendered 4899/10814, time remaining: 12m 3s
Rendered 4900/10814, time remaining: 12m 3s
Rendered 4901/10814, time remaining: 12m 2s
Rendered 4902/10814, time remaining: 12m 2s
Rendered 4903/10814, time remaining: 12m 2s
Rendered 4904/10814, time remaining: 12m 2s
Rendered 4905/10814, time remaining: 12m 2s
Rendered 4906/10814, time remaining: 12m 2s
Rendered 4907/10814, time remaining: 12m 2s
Rendered 4908/10814, time remaining: 12m 2s
Rendered 4909/10814, time remaining: 12m 1s
Rendered 4910/10814, time remaining: 12m 1s
Rendered 4911/10814, time remaining: 12m 1s
Rendered 4912/10814, time remaining: 12m 1s
Rendered 4913/10814, time remaining: 12m 1s
Rendered 4914/10814, time remaining: 12m 1s
Rendered 4915/10814, time remaining: 12m 1s
Rendered 4916/10814, time remaining: 12m 0s
Rendered 4917/10814, time remaining: 12m 0s
Rendered 4918/10814, time remaining: 12m 0s
Rendered 4919/10814, time remaining: 12m 0s
Rendered 4920/10814, time remaining: 12m 0s
Rendered 4921/10814, time remaining: 12m 0s
Rendered 4922/10814, time remaining: 12m 0s
Rendered 4923/10814, time remaining: 11m 59s
Rendered 4924/10814, time remaining: 11m 59s
Rendered 4925/10814, time remaining: 11m 59s
Rendered 4926/10814, time remaining: 11m 59s
Rendered 4927/10814, time remaining: 11m 59s
Rendered 4928/10814, time remaining: 11m 59s
Rendered 4929/10814, time remaining: 11m 59s
Rendered 4930/10814, time remaining: 11m 59s
Rendered 4931/10814, time remaining: 11m 58s
Rendered 4932/10814, time remaining: 11m 58s
Rendered 4933/10814, time remaining: 11m 58s
Rendered 4934/10814, time remaining: 11m 58s
Rendered 4935/10814, time remaining: 11m 58s
Rendered 4936/10814, time remaining: 11m 58s
Rendered 4937/10814, time remaining: 11m 58s
Rendered 4938/10814, time remaining: 11m 58s
Rendered 4939/10814, time remaining: 11m 57s
Rendered 4940/10814, time remaining: 11m 57s
Rendered 4941/10814, time remaining: 11m 57s
Rendered 4942/10814, time remaining: 11m 57s
Rendered 4943/10814, time remaining: 11m 57s
Rendered 4944/10814, time remaining: 11m 57s
Rendered 4945/10814, time remaining: 11m 57s
Rendered 4946/10814, time remaining: 11m 57s
Rendered 4947/10814, time remaining: 11m 56s
Rendered 4948/10814, time remaining: 11m 56s
Rendered 4949/10814, time remaining: 11m 56s
Rendered 4950/10814, time remaining: 11m 56s
Rendered 4951/10814, time remaining: 11m 56s
Rendered 4952/10814, time remaining: 11m 56s
Rendered 4953/10814, time remaining: 11m 56s
Rendered 4954/10814, time remaining: 11m 56s
Rendered 4955/10814, time remaining: 11m 55s
Rendered 4956/10814, time remaining: 11m 55s
Rendered 4957/10814, time remaining: 11m 55s
Rendered 4958/10814, time remaining: 11m 55s
Rendered 4959/10814, time remaining: 11m 55s
Rendered 4960/10814, time remaining: 11m 55s
Rendered 4961/10814, time remaining: 11m 55s
Rendered 4962/10814, time remaining: 11m 55s
Rendered 4963/10814, time remaining: 11m 54s
Rendered 4964/10814, time remaining: 11m 54s
Rendered 4965/10814, time remaining: 11m 54s
Rendered 4966/10814, time remaining: 11m 54s
Rendered 4967/10814, time remaining: 11m 54s
Rendered 4968/10814, time remaining: 11m 54s
Rendered 4969/10814, time remaining: 11m 54s
Rendered 4970/10814, time remaining: 11m 54s
Rendered 4971/10814, time remaining: 11m 53s
Rendered 4972/10814, time remaining: 11m 53s
Rendered 4973/10814, time remaining: 11m 53s
Rendered 4974/10814, time remaining: 11m 53s
Rendered 4975/10814, time remaining: 11m 53s
Rendered 4976/10814, time remaining: 11m 53s
Rendered 4977/10814, time remaining: 11m 53s
Rendered 4978/10814, time remaining: 11m 52s
Rendered 4979/10814, time remaining: 11m 52s
Rendered 4980/10814, time remaining: 11m 52s
Rendered 4981/10814, time remaining: 11m 52s
Rendered 4982/10814, time remaining: 11m 52s
Rendered 4983/10814, time remaining: 11m 52s
Rendered 4984/10814, time remaining: 11m 52s
Rendered 4985/10814, time remaining: 11m 52s
Rendered 4986/10814, time remaining: 11m 51s
Rendered 4987/10814, time remaining: 11m 51s
Rendered 4988/10814, time remaining: 11m 51s
Rendered 4989/10814, time remaining: 11m 51s
Rendered 4990/10814, time remaining: 11m 51s
Rendered 4991/10814, time remaining: 11m 51s
Rendered 4992/10814, time remaining: 11m 51s
Rendered 4993/10814, time remaining: 11m 51s
Rendered 4994/10814, time remaining: 11m 51s
Rendered 4995/10814, time remaining: 11m 50s
Rendered 4996/10814, time remaining: 11m 50s
Rendered 4997/10814, time remaining: 11m 50s
Rendered 4998/10814, time remaining: 11m 50s
Rendered 4999/10814, time remaining: 11m 50s
Rendered 5000/10814, time remaining: 11m 50s
Rendered 5001/10814, time remaining: 11m 50s
Rendered 5002/10814, time remaining: 11m 50s
Rendered 5003/10814, time remaining: 11m 49s
Rendered 5004/10814, time remaining: 11m 49s
Rendered 5005/10814, time remaining: 11m 49s
Rendered 5006/10814, time remaining: 11m 49s
Rendered 5007/10814, time remaining: 11m 49s
Rendered 5008/10814, time remaining: 11m 49s
Rendered 5009/10814, time remaining: 11m 49s
Rendered 5010/10814, time remaining: 11m 49s
Rendered 5011/10814, time remaining: 11m 49s
Rendered 5012/10814, time remaining: 11m 49s
Rendered 5013/10814, time remaining: 11m 48s
Rendered 5014/10814, time remaining: 11m 48s
Rendered 5015/10814, time remaining: 11m 48s
Rendered 5016/10814, time remaining: 11m 48s
Rendered 5017/10814, time remaining: 11m 48s
Rendered 5018/10814, time remaining: 11m 48s
Rendered 5019/10814, time remaining: 11m 48s
Rendered 5020/10814, time remaining: 11m 48s
Rendered 5021/10814, time remaining: 11m 47s
Rendered 5022/10814, time remaining: 11m 47s
Rendered 5023/10814, time remaining: 11m 47s
Rendered 5024/10814, time remaining: 11m 47s
Rendered 5025/10814, time remaining: 11m 47s
Rendered 5026/10814, time remaining: 11m 47s
Rendered 5027/10814, time remaining: 11m 47s
Rendered 5028/10814, time remaining: 11m 46s
Rendered 5029/10814, time remaining: 11m 46s
Rendered 5030/10814, time remaining: 11m 46s
Rendered 5031/10814, time remaining: 11m 46s
Rendered 5032/10814, time remaining: 11m 46s
Rendered 5033/10814, time remaining: 11m 46s
Rendered 5034/10814, time remaining: 11m 46s
Rendered 5035/10814, time remaining: 11m 46s
Rendered 5036/10814, time remaining: 11m 46s
Rendered 5037/10814, time remaining: 11m 46s
Rendered 5038/10814, time remaining: 11m 45s
Rendered 5039/10814, time remaining: 11m 45s
Rendered 5040/10814, time remaining: 11m 45s
Rendered 5041/10814, time remaining: 11m 45s
Rendered 5042/10814, time remaining: 11m 45s
Rendered 5043/10814, time remaining: 11m 45s
Rendered 5044/10814, time remaining: 11m 45s
Rendered 5045/10814, time remaining: 11m 45s
Rendered 5046/10814, time remaining: 11m 44s
Rendered 5047/10814, time remaining: 11m 44s
Rendered 5048/10814, time remaining: 11m 44s
Rendered 5049/10814, time remaining: 11m 44s
Rendered 5050/10814, time remaining: 11m 44s
Rendered 5051/10814, time remaining: 11m 44s
Rendered 5052/10814, time remaining: 11m 44s
Rendered 5053/10814, time remaining: 11m 44s
Rendered 5054/10814, time remaining: 11m 43s
Rendered 5055/10814, time remaining: 11m 43s
Rendered 5056/10814, time remaining: 11m 43s
Rendered 5057/10814, time remaining: 11m 43s
Rendered 5058/10814, time remaining: 11m 43s
Rendered 5059/10814, time remaining: 11m 43s
Rendered 5060/10814, time remaining: 11m 43s
Rendered 5061/10814, time remaining: 11m 43s
Rendered 5062/10814, time remaining: 11m 43s
Rendered 5063/10814, time remaining: 11m 42s
Rendered 5064/10814, time remaining: 11m 42s
Rendered 5065/10814, time remaining: 11m 42s
Rendered 5066/10814, time remaining: 11m 42s
Rendered 5067/10814, time remaining: 11m 42s
Rendered 5068/10814, time remaining: 11m 42s
Rendered 5069/10814, time remaining: 11m 42s
Rendered 5070/10814, time remaining: 11m 41s
Rendered 5071/10814, time remaining: 11m 41s
Rendered 5072/10814, time remaining: 11m 41s
Rendered 5073/10814, time remaining: 11m 41s
Rendered 5074/10814, time remaining: 11m 41s
Rendered 5075/10814, time remaining: 11m 41s
Rendered 5076/10814, time remaining: 11m 41s
Rendered 5077/10814, time remaining: 11m 41s
Rendered 5078/10814, time remaining: 11m 40s
Rendered 5079/10814, time remaining: 11m 40s
Rendered 5080/10814, time remaining: 11m 40s
Rendered 5081/10814, time remaining: 11m 40s
Rendered 5082/10814, time remaining: 11m 40s
Rendered 5083/10814, time remaining: 11m 40s
Rendered 5084/10814, time remaining: 11m 40s
Rendered 5085/10814, time remaining: 11m 40s
Rendered 5086/10814, time remaining: 11m 39s
Rendered 5087/10814, time remaining: 11m 39s
Rendered 5088/10814, time remaining: 11m 39s
Rendered 5089/10814, time remaining: 11m 39s
Rendered 5090/10814, time remaining: 11m 39s
Rendered 5091/10814, time remaining: 11m 39s
Rendered 5092/10814, time remaining: 11m 39s
Rendered 5093/10814, time remaining: 11m 39s
Rendered 5094/10814, time remaining: 11m 39s
Rendered 5095/10814, time remaining: 11m 38s
Rendered 5096/10814, time remaining: 11m 38s
Rendered 5097/10814, time remaining: 11m 38s
Rendered 5098/10814, time remaining: 11m 38s
Rendered 5099/10814, time remaining: 11m 38s
Rendered 5100/10814, time remaining: 11m 38s
Rendered 5101/10814, time remaining: 11m 38s
Rendered 5102/10814, time remaining: 11m 37s
Rendered 5103/10814, time remaining: 11m 37s
Rendered 5104/10814, time remaining: 11m 37s
Rendered 5105/10814, time remaining: 11m 37s
Rendered 5106/10814, time remaining: 11m 37s
Rendered 5107/10814, time remaining: 11m 37s
Rendered 5108/10814, time remaining: 11m 37s
Rendered 5109/10814, time remaining: 11m 37s
Rendered 5110/10814, time remaining: 11m 36s
Rendered 5111/10814, time remaining: 11m 36s
Rendered 5112/10814, time remaining: 11m 36s
Rendered 5113/10814, time remaining: 11m 36s
Rendered 5114/10814, time remaining: 11m 36s
Rendered 5115/10814, time remaining: 11m 36s
Rendered 5116/10814, time remaining: 11m 36s
Rendered 5117/10814, time remaining: 11m 35s
Rendered 5118/10814, time remaining: 11m 35s
Rendered 5119/10814, time remaining: 11m 35s
Rendered 5120/10814, time remaining: 11m 35s
Rendered 5121/10814, time remaining: 11m 35s
Rendered 5122/10814, time remaining: 11m 35s
Rendered 5123/10814, time remaining: 11m 35s
Rendered 5124/10814, time remaining: 11m 35s
Rendered 5125/10814, time remaining: 11m 34s
Rendered 5126/10814, time remaining: 11m 34s
Rendered 5127/10814, time remaining: 11m 34s
Rendered 5128/10814, time remaining: 11m 34s
Rendered 5129/10814, time remaining: 11m 34s
Rendered 5130/10814, time remaining: 11m 34s
Rendered 5131/10814, time remaining: 11m 34s
Rendered 5132/10814, time remaining: 11m 34s
Rendered 5133/10814, time remaining: 11m 33s
Rendered 5134/10814, time remaining: 11m 33s
Rendered 5135/10814, time remaining: 11m 33s
Rendered 5136/10814, time remaining: 11m 33s
Rendered 5137/10814, time remaining: 11m 33s
Rendered 5138/10814, time remaining: 11m 33s
Rendered 5139/10814, time remaining: 11m 33s
Rendered 5140/10814, time remaining: 11m 33s
Rendered 5141/10814, time remaining: 11m 33s
Rendered 5142/10814, time remaining: 11m 32s
Rendered 5143/10814, time remaining: 11m 32s
Rendered 5144/10814, time remaining: 11m 32s
Rendered 5145/10814, time remaining: 11m 32s
Rendered 5146/10814, time remaining: 11m 32s
Rendered 5147/10814, time remaining: 11m 32s
Rendered 5148/10814, time remaining: 11m 32s
Rendered 5149/10814, time remaining: 11m 32s
Rendered 5150/10814, time remaining: 11m 32s
Rendered 5151/10814, time remaining: 11m 31s
Rendered 5152/10814, time remaining: 11m 31s
Rendered 5153/10814, time remaining: 11m 31s
Rendered 5154/10814, time remaining: 11m 31s
Rendered 5155/10814, time remaining: 11m 31s
Rendered 5156/10814, time remaining: 11m 31s
Rendered 5157/10814, time remaining: 11m 31s
Rendered 5158/10814, time remaining: 11m 31s
Rendered 5159/10814, time remaining: 11m 31s
Rendered 5160/10814, time remaining: 11m 30s
Rendered 5161/10814, time remaining: 11m 30s
Rendered 5162/10814, time remaining: 11m 30s
Rendered 5163/10814, time remaining: 11m 30s
Rendered 5164/10814, time remaining: 11m 30s
Rendered 5165/10814, time remaining: 11m 30s
Rendered 5166/10814, time remaining: 11m 30s
Rendered 5167/10814, time remaining: 11m 30s
Rendered 5168/10814, time remaining: 11m 29s
Rendered 5169/10814, time remaining: 11m 29s
Rendered 5170/10814, time remaining: 11m 29s
Rendered 5171/10814, time remaining: 11m 29s
Rendered 5172/10814, time remaining: 11m 29s
Rendered 5173/10814, time remaining: 11m 29s
Rendered 5174/10814, time remaining: 11m 29s
Rendered 5175/10814, time remaining: 11m 29s
Rendered 5176/10814, time remaining: 11m 28s
Rendered 5177/10814, time remaining: 11m 28s
Rendered 5178/10814, time remaining: 11m 28s
Rendered 5179/10814, time remaining: 11m 28s
Rendered 5180/10814, time remaining: 11m 28s
Rendered 5181/10814, time remaining: 11m 28s
Rendered 5182/10814, time remaining: 11m 28s
Rendered 5183/10814, time remaining: 11m 28s
Rendered 5184/10814, time remaining: 11m 28s
Rendered 5185/10814, time remaining: 11m 27s
Rendered 5186/10814, time remaining: 11m 27s
Rendered 5187/10814, time remaining: 11m 27s
Rendered 5188/10814, time remaining: 11m 27s
Rendered 5189/10814, time remaining: 11m 27s
Rendered 5190/10814, time remaining: 11m 27s
Rendered 5191/10814, time remaining: 11m 27s
Rendered 5192/10814, time remaining: 11m 27s
Rendered 5193/10814, time remaining: 11m 27s
Rendered 5194/10814, time remaining: 11m 26s
Rendered 5195/10814, time remaining: 11m 26s
Rendered 5196/10814, time remaining: 11m 26s
Rendered 5197/10814, time remaining: 11m 26s
Rendered 5198/10814, time remaining: 11m 26s
Rendered 5199/10814, time remaining: 11m 26s
Rendered 5200/10814, time remaining: 11m 26s
Rendered 5201/10814, time remaining: 11m 26s
Rendered 5202/10814, time remaining: 11m 26s
Rendered 5203/10814, time remaining: 11m 25s
Rendered 5204/10814, time remaining: 11m 25s
Rendered 5205/10814, time remaining: 11m 25s
Rendered 5206/10814, time remaining: 11m 25s
Rendered 5207/10814, time remaining: 11m 25s
Rendered 5208/10814, time remaining: 11m 25s
Rendered 5209/10814, time remaining: 11m 25s
Rendered 5210/10814, time remaining: 11m 25s
Rendered 5211/10814, time remaining: 11m 25s
Rendered 5212/10814, time remaining: 11m 25s
Rendered 5213/10814, time remaining: 11m 24s
Rendered 5214/10814, time remaining: 11m 24s
Rendered 5215/10814, time remaining: 11m 24s
Rendered 5216/10814, time remaining: 11m 24s
Rendered 5217/10814, time remaining: 11m 24s
Rendered 5218/10814, time remaining: 11m 24s
Rendered 5219/10814, time remaining: 11m 24s
Rendered 5220/10814, time remaining: 11m 24s
Rendered 5221/10814, time remaining: 11m 23s
Rendered 5222/10814, time remaining: 11m 23s
Rendered 5223/10814, time remaining: 11m 23s
Rendered 5224/10814, time remaining: 11m 23s
Rendered 5225/10814, time remaining: 11m 23s
Rendered 5226/10814, time remaining: 11m 23s
Rendered 5227/10814, time remaining: 11m 23s
Rendered 5228/10814, time remaining: 11m 23s
Rendered 5229/10814, time remaining: 11m 23s
Rendered 5230/10814, time remaining: 11m 23s
Rendered 5231/10814, time remaining: 11m 22s
Rendered 5232/10814, time remaining: 11m 22s
Rendered 5233/10814, time remaining: 11m 22s
Rendered 5234/10814, time remaining: 11m 22s
Rendered 5235/10814, time remaining: 11m 22s
Rendered 5236/10814, time remaining: 11m 22s
Rendered 5237/10814, time remaining: 11m 22s
Rendered 5238/10814, time remaining: 11m 22s
Rendered 5239/10814, time remaining: 11m 22s
Rendered 5240/10814, time remaining: 11m 21s
Rendered 5241/10814, time remaining: 11m 21s
Rendered 5242/10814, time remaining: 11m 21s
Rendered 5243/10814, time remaining: 11m 21s
Rendered 5244/10814, time remaining: 11m 21s
Rendered 5245/10814, time remaining: 11m 21s
Rendered 5246/10814, time remaining: 11m 21s
Rendered 5247/10814, time remaining: 11m 21s
Rendered 5248/10814, time remaining: 11m 21s
Rendered 5249/10814, time remaining: 11m 20s
Rendered 5250/10814, time remaining: 11m 20s
Rendered 5251/10814, time remaining: 11m 20s
Rendered 5252/10814, time remaining: 11m 20s
Rendered 5253/10814, time remaining: 11m 20s
Rendered 5254/10814, time remaining: 11m 20s
Rendered 5255/10814, time remaining: 11m 20s
Rendered 5256/10814, time remaining: 11m 20s
Rendered 5257/10814, time remaining: 11m 19s
Rendered 5258/10814, time remaining: 11m 19s
Rendered 5259/10814, time remaining: 11m 19s
Rendered 5260/10814, time remaining: 11m 19s
Rendered 5261/10814, time remaining: 11m 19s
Rendered 5262/10814, time remaining: 11m 19s
Rendered 5263/10814, time remaining: 11m 19s
Rendered 5264/10814, time remaining: 11m 19s
Rendered 5265/10814, time remaining: 11m 18s
Rendered 5266/10814, time remaining: 11m 18s
Rendered 5267/10814, time remaining: 11m 18s
Rendered 5268/10814, time remaining: 11m 18s
Rendered 5269/10814, time remaining: 11m 18s
Rendered 5270/10814, time remaining: 11m 18s
Rendered 5271/10814, time remaining: 11m 18s
Rendered 5272/10814, time remaining: 11m 18s
Rendered 5273/10814, time remaining: 11m 18s
Rendered 5274/10814, time remaining: 11m 18s
Rendered 5275/10814, time remaining: 11m 17s
Rendered 5276/10814, time remaining: 11m 17s
Rendered 5277/10814, time remaining: 11m 17s
Rendered 5278/10814, time remaining: 11m 17s
Rendered 5279/10814, time remaining: 11m 17s
Rendered 5280/10814, time remaining: 11m 17s
Rendered 5281/10814, time remaining: 11m 17s
Rendered 5282/10814, time remaining: 11m 17s
Rendered 5283/10814, time remaining: 11m 16s
Rendered 5284/10814, time remaining: 11m 16s
Rendered 5285/10814, time remaining: 11m 16s
Rendered 5286/10814, time remaining: 11m 16s
Rendered 5287/10814, time remaining: 11m 16s
Rendered 5288/10814, time remaining: 11m 16s
Rendered 5289/10814, time remaining: 11m 16s
Rendered 5290/10814, time remaining: 11m 16s
Rendered 5291/10814, time remaining: 11m 15s
Rendered 5292/10814, time remaining: 11m 15s
Rendered 5293/10814, time remaining: 11m 15s
Rendered 5294/10814, time remaining: 11m 15s
Rendered 5295/10814, time remaining: 11m 15s
Rendered 5296/10814, time remaining: 11m 15s
Rendered 5297/10814, time remaining: 11m 15s
Rendered 5298/10814, time remaining: 11m 15s
Rendered 5299/10814, time remaining: 11m 15s
Rendered 5300/10814, time remaining: 11m 15s
Rendered 5301/10814, time remaining: 11m 14s
Rendered 5302/10814, time remaining: 11m 14s
Rendered 5303/10814, time remaining: 11m 14s
Rendered 5304/10814, time remaining: 11m 14s
Rendered 5305/10814, time remaining: 11m 14s
Rendered 5306/10814, time remaining: 11m 14s
Rendered 5307/10814, time remaining: 11m 14s
Rendered 5308/10814, time remaining: 11m 14s
Rendered 5309/10814, time remaining: 11m 14s
Rendered 5310/10814, time remaining: 11m 13s
Rendered 5311/10814, time remaining: 11m 13s
Rendered 5312/10814, time remaining: 11m 13s
Rendered 5313/10814, time remaining: 11m 13s
Rendered 5314/10814, time remaining: 11m 13s
Rendered 5315/10814, time remaining: 11m 13s
Rendered 5316/10814, time remaining: 11m 13s
Rendered 5317/10814, time remaining: 11m 13s
Rendered 5318/10814, time remaining: 11m 12s
Rendered 5319/10814, time remaining: 11m 12s
Rendered 5320/10814, time remaining: 11m 12s
Rendered 5321/10814, time remaining: 11m 12s
Rendered 5322/10814, time remaining: 11m 12s
Rendered 5323/10814, time remaining: 11m 12s
Rendered 5324/10814, time remaining: 11m 12s
Rendered 5325/10814, time remaining: 11m 12s
Rendered 5326/10814, time remaining: 11m 11s
Rendered 5327/10814, time remaining: 11m 11s
Rendered 5328/10814, time remaining: 11m 11s
Rendered 5329/10814, time remaining: 11m 11s
Rendered 5330/10814, time remaining: 11m 11s
Rendered 5331/10814, time remaining: 11m 11s
Rendered 5332/10814, time remaining: 11m 11s
Rendered 5333/10814, time remaining: 11m 11s
Rendered 5334/10814, time remaining: 11m 11s
Rendered 5335/10814, time remaining: 11m 10s
Rendered 5336/10814, time remaining: 11m 10s
Rendered 5337/10814, time remaining: 11m 10s
Rendered 5338/10814, time remaining: 11m 10s
Rendered 5339/10814, time remaining: 11m 10s
Rendered 5340/10814, time remaining: 11m 10s
Rendered 5341/10814, time remaining: 11m 10s
Rendered 5342/10814, time remaining: 11m 10s
Rendered 5343/10814, time remaining: 11m 9s
Rendered 5344/10814, time remaining: 11m 9s
Rendered 5345/10814, time remaining: 11m 9s
Rendered 5346/10814, time remaining: 11m 9s
Rendered 5347/10814, time remaining: 11m 9s
Rendered 5348/10814, time remaining: 11m 9s
Rendered 5349/10814, time remaining: 11m 9s
Rendered 5350/10814, time remaining: 11m 9s
Rendered 5351/10814, time remaining: 11m 8s
Rendered 5352/10814, time remaining: 11m 8s
Rendered 5353/10814, time remaining: 11m 8s
Rendered 5354/10814, time remaining: 11m 8s
Rendered 5355/10814, time remaining: 11m 8s
Rendered 5356/10814, time remaining: 11m 8s
Rendered 5357/10814, time remaining: 11m 8s
Rendered 5358/10814, time remaining: 11m 8s
Rendered 5359/10814, time remaining: 11m 8s
Rendered 5360/10814, time remaining: 11m 7s
Rendered 5361/10814, time remaining: 11m 7s
Rendered 5362/10814, time remaining: 11m 7s
Rendered 5363/10814, time remaining: 11m 7s
Rendered 5364/10814, time remaining: 11m 7s
Rendered 5365/10814, time remaining: 11m 7s
Rendered 5366/10814, time remaining: 11m 7s
Rendered 5367/10814, time remaining: 11m 7s
Rendered 5368/10814, time remaining: 11m 7s
Rendered 5369/10814, time remaining: 11m 6s
Rendered 5370/10814, time remaining: 11m 6s
Rendered 5371/10814, time remaining: 11m 6s
Rendered 5372/10814, time remaining: 11m 6s
Rendered 5373/10814, time remaining: 11m 6s
Rendered 5374/10814, time remaining: 11m 6s
Rendered 5375/10814, time remaining: 11m 6s
Rendered 5376/10814, time remaining: 11m 6s
Rendered 5377/10814, time remaining: 11m 6s
Rendered 5378/10814, time remaining: 11m 5s
Rendered 5379/10814, time remaining: 11m 5s
Rendered 5380/10814, time remaining: 11m 5s
Rendered 5381/10814, time remaining: 11m 5s
Rendered 5382/10814, time remaining: 11m 5s
Rendered 5383/10814, time remaining: 11m 5s
Rendered 5384/10814, time remaining: 11m 5s
Rendered 5385/10814, time remaining: 11m 5s
Rendered 5386/10814, time remaining: 11m 5s
Rendered 5387/10814, time remaining: 11m 4s
Rendered 5388/10814, time remaining: 11m 4s
Rendered 5389/10814, time remaining: 11m 4s
Rendered 5390/10814, time remaining: 11m 4s
Rendered 5391/10814, time remaining: 11m 4s
Rendered 5392/10814, time remaining: 11m 4s
Rendered 5393/10814, time remaining: 11m 4s
Rendered 5394/10814, time remaining: 11m 4s
Rendered 5395/10814, time remaining: 11m 3s
Rendered 5396/10814, time remaining: 11m 3s
Rendered 5397/10814, time remaining: 11m 3s
Rendered 5398/10814, time remaining: 11m 3s
Rendered 5399/10814, time remaining: 11m 3s
Rendered 5400/10814, time remaining: 11m 3s
Rendered 5401/10814, time remaining: 11m 3s
Rendered 5402/10814, time remaining: 11m 3s
Rendered 5403/10814, time remaining: 11m 2s
Rendered 5404/10814, time remaining: 11m 2s
Rendered 5405/10814, time remaining: 11m 2s
Rendered 5406/10814, time remaining: 11m 2s
Rendered 5407/10814, time remaining: 11m 2s
Rendered 5408/10814, time remaining: 11m 2s
Rendered 5409/10814, time remaining: 11m 2s
Rendered 5410/10814, time remaining: 11m 1s
Rendered 5411/10814, time remaining: 11m 1s
Rendered 5412/10814, time remaining: 11m 1s
Rendered 5413/10814, time remaining: 11m 1s
Rendered 5414/10814, time remaining: 11m 1s
Rendered 5415/10814, time remaining: 11m 1s
Rendered 5416/10814, time remaining: 11m 1s
Rendered 5417/10814, time remaining: 11m 1s
Rendered 5418/10814, time remaining: 11m 0s
Rendered 5419/10814, time remaining: 11m 0s
Rendered 5420/10814, time remaining: 11m 0s
Rendered 5421/10814, time remaining: 11m 0s
Rendered 5422/10814, time remaining: 11m 0s
Rendered 5423/10814, time remaining: 11m 0s
Rendered 5424/10814, time remaining: 11m 0s
Rendered 5425/10814, time remaining: 10m 59s
Rendered 5426/10814, time remaining: 10m 59s
Rendered 5427/10814, time remaining: 10m 59s
Rendered 5428/10814, time remaining: 10m 59s
Rendered 5429/10814, time remaining: 10m 59s
Rendered 5430/10814, time remaining: 10m 59s
Rendered 5431/10814, time remaining: 10m 59s
Rendered 5432/10814, time remaining: 10m 59s
Rendered 5433/10814, time remaining: 10m 59s
Rendered 5434/10814, time remaining: 10m 58s
Rendered 5435/10814, time remaining: 10m 58s
Rendered 5436/10814, time remaining: 10m 58s
Rendered 5437/10814, time remaining: 10m 58s
Rendered 5438/10814, time remaining: 10m 58s
Rendered 5439/10814, time remaining: 10m 58s
Rendered 5440/10814, time remaining: 10m 58s
Rendered 5441/10814, time remaining: 10m 57s
Rendered 5442/10814, time remaining: 10m 57s
Rendered 5443/10814, time remaining: 10m 57s
Rendered 5444/10814, time remaining: 10m 57s
Rendered 5445/10814, time remaining: 10m 57s
Rendered 5446/10814, time remaining: 10m 57s
Rendered 5447/10814, time remaining: 10m 57s
Rendered 5448/10814, time remaining: 10m 57s
Rendered 5449/10814, time remaining: 10m 57s
Rendered 5450/10814, time remaining: 10m 56s
Rendered 5451/10814, time remaining: 10m 56s
Rendered 5452/10814, time remaining: 10m 56s
Rendered 5453/10814, time remaining: 10m 56s
Rendered 5454/10814, time remaining: 10m 56s
Rendered 5455/10814, time remaining: 10m 56s
Rendered 5456/10814, time remaining: 10m 56s
Rendered 5457/10814, time remaining: 10m 55s
Rendered 5458/10814, time remaining: 10m 55s
Rendered 5459/10814, time remaining: 10m 55s
Rendered 5460/10814, time remaining: 10m 55s
Rendered 5461/10814, time remaining: 10m 55s
Rendered 5462/10814, time remaining: 10m 55s
Rendered 5463/10814, time remaining: 10m 55s
Rendered 5464/10814, time remaining: 10m 55s
Rendered 5465/10814, time remaining: 10m 54s
Rendered 5466/10814, time remaining: 10m 54s
Rendered 5467/10814, time remaining: 10m 54s
Rendered 5468/10814, time remaining: 10m 54s
Rendered 5469/10814, time remaining: 10m 54s
Rendered 5470/10814, time remaining: 10m 54s
Rendered 5471/10814, time remaining: 10m 54s
Rendered 5472/10814, time remaining: 10m 54s
Rendered 5473/10814, time remaining: 10m 53s
Rendered 5474/10814, time remaining: 10m 53s
Rendered 5475/10814, time remaining: 10m 53s
Rendered 5476/10814, time remaining: 10m 53s
Rendered 5477/10814, time remaining: 10m 53s
Rendered 5478/10814, time remaining: 10m 53s
Rendered 5479/10814, time remaining: 10m 53s
Rendered 5480/10814, time remaining: 10m 53s
Rendered 5481/10814, time remaining: 10m 52s
Rendered 5482/10814, time remaining: 10m 52s
Rendered 5483/10814, time remaining: 10m 52s
Rendered 5484/10814, time remaining: 10m 52s
Rendered 5485/10814, time remaining: 10m 52s
Rendered 5486/10814, time remaining: 10m 52s
Rendered 5487/10814, time remaining: 10m 52s
Rendered 5488/10814, time remaining: 10m 52s
Rendered 5489/10814, time remaining: 10m 51s
Rendered 5490/10814, time remaining: 10m 51s
Rendered 5491/10814, time remaining: 10m 51s
Rendered 5492/10814, time remaining: 10m 51s
Rendered 5493/10814, time remaining: 10m 51s
Rendered 5494/10814, time remaining: 10m 51s
Rendered 5495/10814, time remaining: 10m 51s
Rendered 5496/10814, time remaining: 10m 51s
Rendered 5497/10814, time remaining: 10m 50s
Rendered 5498/10814, time remaining: 10m 50s
Rendered 5499/10814, time remaining: 10m 50s
Rendered 5500/10814, time remaining: 10m 50s
Rendered 5501/10814, time remaining: 10m 50s
Rendered 5502/10814, time remaining: 10m 50s
Rendered 5503/10814, time remaining: 10m 50s
Rendered 5504/10814, time remaining: 10m 50s
Rendered 5505/10814, time remaining: 10m 49s
Rendered 5506/10814, time remaining: 10m 49s
Rendered 5507/10814, time remaining: 10m 49s
Rendered 5508/10814, time remaining: 10m 49s
Rendered 5509/10814, time remaining: 10m 49s
Rendered 5510/10814, time remaining: 10m 49s
Rendered 5511/10814, time remaining: 10m 49s
Rendered 5512/10814, time remaining: 10m 49s
Rendered 5513/10814, time remaining: 10m 48s
Rendered 5514/10814, time remaining: 10m 48s
Rendered 5515/10814, time remaining: 10m 48s
Rendered 5516/10814, time remaining: 10m 48s
Rendered 5517/10814, time remaining: 10m 48s
Rendered 5518/10814, time remaining: 10m 48s
Rendered 5519/10814, time remaining: 10m 48s
Rendered 5520/10814, time remaining: 10m 48s
Rendered 5521/10814, time remaining: 10m 47s
Rendered 5522/10814, time remaining: 10m 47s
Rendered 5523/10814, time remaining: 10m 47s
Rendered 5524/10814, time remaining: 10m 47s
Rendered 5525/10814, time remaining: 10m 47s
Rendered 5526/10814, time remaining: 10m 47s
Rendered 5527/10814, time remaining: 10m 47s
Rendered 5528/10814, time remaining: 10m 47s
Rendered 5529/10814, time remaining: 10m 46s
Rendered 5530/10814, time remaining: 10m 46s
Rendered 5531/10814, time remaining: 10m 46s
Rendered 5532/10814, time remaining: 10m 46s
Rendered 5533/10814, time remaining: 10m 46s
Rendered 5534/10814, time remaining: 10m 46s
Rendered 5535/10814, time remaining: 10m 45s
Rendered 5536/10814, time remaining: 10m 45s
Rendered 5537/10814, time remaining: 10m 45s
Rendered 5538/10814, time remaining: 10m 45s
Rendered 5539/10814, time remaining: 10m 45s
Rendered 5540/10814, time remaining: 10m 45s
Rendered 5541/10814, time remaining: 10m 45s
Rendered 5542/10814, time remaining: 10m 45s
Rendered 5543/10814, time remaining: 10m 45s
Rendered 5544/10814, time remaining: 10m 44s
Rendered 5545/10814, time remaining: 10m 44s
Rendered 5546/10814, time remaining: 10m 44s
Rendered 5547/10814, time remaining: 10m 44s
Rendered 5548/10814, time remaining: 10m 44s
Rendered 5549/10814, time remaining: 10m 44s
Rendered 5550/10814, time remaining: 10m 44s
Rendered 5551/10814, time remaining: 10m 44s
Rendered 5552/10814, time remaining: 10m 43s
Rendered 5553/10814, time remaining: 10m 43s
Rendered 5554/10814, time remaining: 10m 43s
Rendered 5555/10814, time remaining: 10m 43s
Rendered 5556/10814, time remaining: 10m 43s
Rendered 5557/10814, time remaining: 10m 43s
Rendered 5558/10814, time remaining: 10m 43s
Rendered 5559/10814, time remaining: 10m 42s
Rendered 5560/10814, time remaining: 10m 42s
Rendered 5561/10814, time remaining: 10m 42s
Rendered 5562/10814, time remaining: 10m 42s
Rendered 5563/10814, time remaining: 10m 42s
Rendered 5564/10814, time remaining: 10m 42s
Rendered 5565/10814, time remaining: 10m 42s
Rendered 5566/10814, time remaining: 10m 41s
Rendered 5567/10814, time remaining: 10m 41s
Rendered 5568/10814, time remaining: 10m 41s
Rendered 5569/10814, time remaining: 10m 41s
Rendered 5570/10814, time remaining: 10m 41s
Rendered 5571/10814, time remaining: 10m 41s
Rendered 5572/10814, time remaining: 10m 41s
Rendered 5573/10814, time remaining: 10m 41s
Rendered 5574/10814, time remaining: 10m 41s
Rendered 5575/10814, time remaining: 10m 41s
Rendered 5576/10814, time remaining: 10m 40s
Rendered 5577/10814, time remaining: 10m 40s
Rendered 5578/10814, time remaining: 10m 40s
Rendered 5579/10814, time remaining: 10m 40s
Rendered 5580/10814, time remaining: 10m 40s
Rendered 5581/10814, time remaining: 10m 40s
Rendered 5582/10814, time remaining: 10m 40s
Rendered 5583/10814, time remaining: 10m 40s
Rendered 5584/10814, time remaining: 10m 40s
Rendered 5585/10814, time remaining: 10m 39s
Rendered 5586/10814, time remaining: 10m 39s
Rendered 5587/10814, time remaining: 10m 39s
Rendered 5588/10814, time remaining: 10m 39s
Rendered 5589/10814, time remaining: 10m 39s
Rendered 5590/10814, time remaining: 10m 39s
Rendered 5591/10814, time remaining: 10m 39s
Rendered 5592/10814, time remaining: 10m 39s
Rendered 5593/10814, time remaining: 10m 39s
Rendered 5594/10814, time remaining: 10m 38s
Rendered 5595/10814, time remaining: 10m 38s
Rendered 5596/10814, time remaining: 10m 38s
Rendered 5597/10814, time remaining: 10m 38s
Rendered 5598/10814, time remaining: 10m 38s
Rendered 5599/10814, time remaining: 10m 38s
Rendered 5600/10814, time remaining: 10m 38s
Rendered 5601/10814, time remaining: 10m 38s
Rendered 5602/10814, time remaining: 10m 37s
Rendered 5603/10814, time remaining: 10m 37s
Rendered 5604/10814, time remaining: 10m 37s
Rendered 5605/10814, time remaining: 10m 37s
Rendered 5606/10814, time remaining: 10m 37s
Rendered 5607/10814, time remaining: 10m 37s
Rendered 5608/10814, time remaining: 10m 37s
Rendered 5609/10814, time remaining: 10m 37s
Rendered 5610/10814, time remaining: 10m 37s
Rendered 5611/10814, time remaining: 10m 37s
Rendered 5612/10814, time remaining: 10m 36s
Rendered 5613/10814, time remaining: 10m 36s
Rendered 5614/10814, time remaining: 10m 36s
Rendered 5615/10814, time remaining: 10m 36s
Rendered 5616/10814, time remaining: 10m 36s
Rendered 5617/10814, time remaining: 10m 36s
Rendered 5618/10814, time remaining: 10m 36s
Rendered 5619/10814, time remaining: 10m 36s
Rendered 5620/10814, time remaining: 10m 35s
Rendered 5621/10814, time remaining: 10m 35s
Rendered 5622/10814, time remaining: 10m 35s
Rendered 5623/10814, time remaining: 10m 35s
Rendered 5624/10814, time remaining: 10m 35s
Rendered 5625/10814, time remaining: 10m 35s
Rendered 5626/10814, time remaining: 10m 35s
Rendered 5627/10814, time remaining: 10m 35s
Rendered 5628/10814, time remaining: 10m 35s
Rendered 5629/10814, time remaining: 10m 34s
Rendered 5630/10814, time remaining: 10m 34s
Rendered 5631/10814, time remaining: 10m 34s
Rendered 5632/10814, time remaining: 10m 34s
Rendered 5633/10814, time remaining: 10m 34s
Rendered 5634/10814, time remaining: 10m 34s
Rendered 5635/10814, time remaining: 10m 34s
Rendered 5636/10814, time remaining: 10m 34s
Rendered 5637/10814, time remaining: 10m 34s
Rendered 5638/10814, time remaining: 10m 33s
Rendered 5639/10814, time remaining: 10m 33s
Rendered 5640/10814, time remaining: 10m 33s
Rendered 5641/10814, time remaining: 10m 33s
Rendered 5642/10814, time remaining: 10m 33s
Rendered 5643/10814, time remaining: 10m 33s
Rendered 5644/10814, time remaining: 10m 33s
Rendered 5645/10814, time remaining: 10m 33s
Rendered 5646/10814, time remaining: 10m 33s
Rendered 5647/10814, time remaining: 10m 32s
Rendered 5648/10814, time remaining: 10m 32s
Rendered 5649/10814, time remaining: 10m 32s
Rendered 5650/10814, time remaining: 10m 32s
Rendered 5651/10814, time remaining: 10m 32s
Rendered 5652/10814, time remaining: 10m 32s
Rendered 5653/10814, time remaining: 10m 32s
Rendered 5654/10814, time remaining: 10m 32s
Rendered 5655/10814, time remaining: 10m 32s
Rendered 5656/10814, time remaining: 10m 31s
Rendered 5657/10814, time remaining: 10m 31s
Rendered 5658/10814, time remaining: 10m 31s
Rendered 5659/10814, time remaining: 10m 31s
Rendered 5660/10814, time remaining: 10m 31s
Rendered 5661/10814, time remaining: 10m 31s
Rendered 5662/10814, time remaining: 10m 31s
Rendered 5663/10814, time remaining: 10m 31s
Rendered 5664/10814, time remaining: 10m 30s
Rendered 5665/10814, time remaining: 10m 30s
Rendered 5666/10814, time remaining: 10m 30s
Rendered 5667/10814, time remaining: 10m 30s
Rendered 5668/10814, time remaining: 10m 30s
Rendered 5669/10814, time remaining: 10m 30s
Rendered 5670/10814, time remaining: 10m 30s
Rendered 5671/10814, time remaining: 10m 30s
Rendered 5672/10814, time remaining: 10m 30s
Rendered 5673/10814, time remaining: 10m 29s
Rendered 5674/10814, time remaining: 10m 29s
Rendered 5675/10814, time remaining: 10m 29s
Rendered 5676/10814, time remaining: 10m 29s
Rendered 5677/10814, time remaining: 10m 29s
Rendered 5678/10814, time remaining: 10m 29s
Rendered 5679/10814, time remaining: 10m 29s
Rendered 5680/10814, time remaining: 10m 29s
Rendered 5681/10814, time remaining: 10m 29s
Rendered 5682/10814, time remaining: 10m 28s
Rendered 5683/10814, time remaining: 10m 28s
Rendered 5684/10814, time remaining: 10m 28s
Rendered 5685/10814, time remaining: 10m 28s
Rendered 5686/10814, time remaining: 10m 28s
Rendered 5687/10814, time remaining: 10m 28s
Rendered 5688/10814, time remaining: 10m 28s
Rendered 5689/10814, time remaining: 10m 28s
Rendered 5690/10814, time remaining: 10m 28s
Rendered 5691/10814, time remaining: 10m 28s
Rendered 5692/10814, time remaining: 10m 27s
Rendered 5693/10814, time remaining: 10m 27s
Rendered 5694/10814, time remaining: 10m 27s
Rendered 5695/10814, time remaining: 10m 27s
Rendered 5696/10814, time remaining: 10m 27s
Rendered 5697/10814, time remaining: 10m 27s
Rendered 5698/10814, time remaining: 10m 27s
Rendered 5699/10814, time remaining: 10m 27s
Rendered 5700/10814, time remaining: 10m 27s
Rendered 5701/10814, time remaining: 10m 26s
Rendered 5702/10814, time remaining: 10m 26s
Rendered 5703/10814, time remaining: 10m 26s
Rendered 5704/10814, time remaining: 10m 26s
Rendered 5705/10814, time remaining: 10m 26s
Rendered 5706/10814, time remaining: 10m 26s
Rendered 5707/10814, time remaining: 10m 26s
Rendered 5708/10814, time remaining: 10m 26s
Rendered 5709/10814, time remaining: 10m 26s
Rendered 5710/10814, time remaining: 10m 26s
Rendered 5711/10814, time remaining: 10m 25s
Rendered 5712/10814, time remaining: 10m 25s
Rendered 5713/10814, time remaining: 10m 25s
Rendered 5714/10814, time remaining: 10m 25s
Rendered 5715/10814, time remaining: 10m 25s
Rendered 5716/10814, time remaining: 10m 25s
Rendered 5717/10814, time remaining: 10m 25s
Rendered 5718/10814, time remaining: 10m 25s
Rendered 5719/10814, time remaining: 10m 25s
Rendered 5720/10814, time remaining: 10m 24s
Rendered 5721/10814, time remaining: 10m 24s
Rendered 5722/10814, time remaining: 10m 24s
Rendered 5723/10814, time remaining: 10m 24s
Rendered 5724/10814, time remaining: 10m 24s
Rendered 5725/10814, time remaining: 10m 24s
Rendered 5726/10814, time remaining: 10m 24s
Rendered 5727/10814, time remaining: 10m 24s
Rendered 5728/10814, time remaining: 10m 23s
Rendered 5729/10814, time remaining: 10m 23s
Rendered 5730/10814, time remaining: 10m 23s
Rendered 5731/10814, time remaining: 10m 23s
Rendered 5732/10814, time remaining: 10m 23s
Rendered 5733/10814, time remaining: 10m 23s
Rendered 5734/10814, time remaining: 10m 23s
Rendered 5735/10814, time remaining: 10m 23s
Rendered 5736/10814, time remaining: 10m 22s
Rendered 5737/10814, time remaining: 10m 22s
Rendered 5738/10814, time remaining: 10m 22s
Rendered 5739/10814, time remaining: 10m 22s
Rendered 5740/10814, time remaining: 10m 22s
Rendered 5741/10814, time remaining: 10m 22s
Rendered 5742/10814, time remaining: 10m 22s
Rendered 5743/10814, time remaining: 10m 22s
Rendered 5744/10814, time remaining: 10m 22s
Rendered 5745/10814, time remaining: 10m 21s
Rendered 5746/10814, time remaining: 10m 21s
Rendered 5747/10814, time remaining: 10m 21s
Rendered 5748/10814, time remaining: 10m 21s
Rendered 5749/10814, time remaining: 10m 21s
Rendered 5750/10814, time remaining: 10m 21s
Rendered 5751/10814, time remaining: 10m 21s
Rendered 5752/10814, time remaining: 10m 21s
Rendered 5753/10814, time remaining: 10m 20s
Rendered 5754/10814, time remaining: 10m 20s
Rendered 5755/10814, time remaining: 10m 20s
Rendered 5756/10814, time remaining: 10m 20s
Rendered 5757/10814, time remaining: 10m 20s
Rendered 5758/10814, time remaining: 10m 20s
Rendered 5759/10814, time remaining: 10m 20s
Rendered 5760/10814, time remaining: 10m 20s
Rendered 5761/10814, time remaining: 10m 19s
Rendered 5762/10814, time remaining: 10m 19s
Rendered 5763/10814, time remaining: 10m 19s
Rendered 5764/10814, time remaining: 10m 19s
Rendered 5765/10814, time remaining: 10m 19s
Rendered 5766/10814, time remaining: 10m 19s
Rendered 5767/10814, time remaining: 10m 19s
Rendered 5768/10814, time remaining: 10m 19s
Rendered 5769/10814, time remaining: 10m 18s
Rendered 5770/10814, time remaining: 10m 18s
Rendered 5771/10814, time remaining: 10m 18s
Rendered 5772/10814, time remaining: 10m 18s
Rendered 5773/10814, time remaining: 10m 18s
Rendered 5774/10814, time remaining: 10m 18s
Rendered 5775/10814, time remaining: 10m 18s
Rendered 5776/10814, time remaining: 10m 18s
Rendered 5777/10814, time remaining: 10m 18s
Rendered 5778/10814, time remaining: 10m 17s
Rendered 5779/10814, time remaining: 10m 17s
Rendered 5780/10814, time remaining: 10m 17s
Rendered 5781/10814, time remaining: 10m 17s
Rendered 5782/10814, time remaining: 10m 17s
Rendered 5783/10814, time remaining: 10m 17s
Rendered 5784/10814, time remaining: 10m 17s
Rendered 5785/10814, time remaining: 10m 16s
Rendered 5786/10814, time remaining: 10m 16s
Rendered 5787/10814, time remaining: 10m 16s
Rendered 5788/10814, time remaining: 10m 16s
Rendered 5789/10814, time remaining: 10m 16s
Rendered 5790/10814, time remaining: 10m 16s
Rendered 5791/10814, time remaining: 10m 16s
Rendered 5792/10814, time remaining: 10m 16s
Rendered 5793/10814, time remaining: 10m 15s
Rendered 5794/10814, time remaining: 10m 15s
Rendered 5795/10814, time remaining: 10m 15s
Rendered 5796/10814, time remaining: 10m 15s
Rendered 5797/10814, time remaining: 10m 15s
Rendered 5798/10814, time remaining: 10m 15s
Rendered 5799/10814, time remaining: 10m 15s
Rendered 5800/10814, time remaining: 10m 15s
Rendered 5801/10814, time remaining: 10m 14s
Rendered 5802/10814, time remaining: 10m 14s
Rendered 5803/10814, time remaining: 10m 14s
Rendered 5804/10814, time remaining: 10m 14s
Rendered 5805/10814, time remaining: 10m 14s
Rendered 5806/10814, time remaining: 10m 14s
Rendered 5807/10814, time remaining: 10m 14s
Rendered 5808/10814, time remaining: 10m 14s
Rendered 5809/10814, time remaining: 10m 13s
Rendered 5810/10814, time remaining: 10m 13s
Rendered 5811/10814, time remaining: 10m 13s
Rendered 5812/10814, time remaining: 10m 13s
Rendered 5813/10814, time remaining: 10m 13s
Rendered 5814/10814, time remaining: 10m 13s
Rendered 5815/10814, time remaining: 10m 13s
Rendered 5816/10814, time remaining: 10m 13s
Rendered 5817/10814, time remaining: 10m 13s
Rendered 5818/10814, time remaining: 10m 12s
Rendered 5819/10814, time remaining: 10m 12s
Rendered 5820/10814, time remaining: 10m 12s
Rendered 5821/10814, time remaining: 10m 12s
Rendered 5822/10814, time remaining: 10m 12s
Rendered 5823/10814, time remaining: 10m 12s
Rendered 5824/10814, time remaining: 10m 12s
Rendered 5825/10814, time remaining: 10m 11s
Rendered 5826/10814, time remaining: 10m 11s
Rendered 5827/10814, time remaining: 10m 11s
Rendered 5828/10814, time remaining: 10m 11s
Rendered 5829/10814, time remaining: 10m 11s
Rendered 5830/10814, time remaining: 10m 11s
Rendered 5831/10814, time remaining: 10m 11s
Rendered 5832/10814, time remaining: 10m 11s
Rendered 5833/10814, time remaining: 10m 10s
Rendered 5834/10814, time remaining: 10m 10s
Rendered 5835/10814, time remaining: 10m 10s
Rendered 5836/10814, time remaining: 10m 10s
Rendered 5837/10814, time remaining: 10m 10s
Rendered 5838/10814, time remaining: 10m 10s
Rendered 5839/10814, time remaining: 10m 10s
Rendered 5840/10814, time remaining: 10m 10s
Rendered 5841/10814, time remaining: 10m 10s
Rendered 5842/10814, time remaining: 10m 9s
Rendered 5843/10814, time remaining: 10m 9s
Rendered 5844/10814, time remaining: 10m 9s
Rendered 5845/10814, time remaining: 10m 9s
Rendered 5846/10814, time remaining: 10m 9s
Rendered 5847/10814, time remaining: 10m 9s
Rendered 5848/10814, time remaining: 10m 9s
Rendered 5849/10814, time remaining: 10m 9s
Rendered 5850/10814, time remaining: 10m 8s
Rendered 5851/10814, time remaining: 10m 8s
Rendered 5852/10814, time remaining: 10m 8s
Rendered 5853/10814, time remaining: 10m 8s
Rendered 5854/10814, time remaining: 10m 8s
Rendered 5855/10814, time remaining: 10m 8s
Rendered 5856/10814, time remaining: 10m 8s
Rendered 5857/10814, time remaining: 10m 8s
Rendered 5858/10814, time remaining: 10m 7s
Rendered 5859/10814, time remaining: 10m 7s
Rendered 5860/10814, time remaining: 10m 7s
Rendered 5861/10814, time remaining: 10m 7s
Rendered 5862/10814, time remaining: 10m 7s
Rendered 5863/10814, time remaining: 10m 7s
Rendered 5864/10814, time remaining: 10m 7s
Rendered 5865/10814, time remaining: 10m 6s
Rendered 5866/10814, time remaining: 10m 6s
Rendered 5867/10814, time remaining: 10m 6s
Rendered 5868/10814, time remaining: 10m 6s
Rendered 5869/10814, time remaining: 10m 6s
Rendered 5870/10814, time remaining: 10m 6s
Rendered 5871/10814, time remaining: 10m 6s
Rendered 5872/10814, time remaining: 10m 6s
Rendered 5873/10814, time remaining: 10m 5s
Rendered 5874/10814, time remaining: 10m 5s
Rendered 5875/10814, time remaining: 10m 5s
Rendered 5876/10814, time remaining: 10m 5s
Rendered 5877/10814, time remaining: 10m 5s
Rendered 5878/10814, time remaining: 10m 5s
Rendered 5879/10814, time remaining: 10m 5s
Rendered 5880/10814, time remaining: 10m 5s
Rendered 5881/10814, time remaining: 10m 4s
Rendered 5882/10814, time remaining: 10m 4s
Rendered 5883/10814, time remaining: 10m 4s
Rendered 5884/10814, time remaining: 10m 4s
Rendered 5885/10814, time remaining: 10m 4s
Rendered 5886/10814, time remaining: 10m 4s
Rendered 5887/10814, time remaining: 10m 4s
Rendered 5888/10814, time remaining: 10m 4s
Rendered 5889/10814, time remaining: 10m 4s
Rendered 5890/10814, time remaining: 10m 3s
Rendered 5891/10814, time remaining: 10m 3s
Rendered 5892/10814, time remaining: 10m 3s
Rendered 5893/10814, time remaining: 10m 3s
Rendered 5894/10814, time remaining: 10m 3s
Rendered 5895/10814, time remaining: 10m 3s
Rendered 5896/10814, time remaining: 10m 3s
Rendered 5897/10814, time remaining: 10m 2s
Rendered 5898/10814, time remaining: 10m 2s
Rendered 5899/10814, time remaining: 10m 2s
Rendered 5900/10814, time remaining: 10m 2s
Rendered 5901/10814, time remaining: 10m 2s
Rendered 5902/10814, time remaining: 10m 2s
Rendered 5903/10814, time remaining: 10m 2s
Rendered 5904/10814, time remaining: 10m 1s
Rendered 5905/10814, time remaining: 10m 1s
Rendered 5906/10814, time remaining: 10m 1s
Rendered 5907/10814, time remaining: 10m 1s
Rendered 5908/10814, time remaining: 10m 1s
Rendered 5909/10814, time remaining: 10m 1s
Rendered 5910/10814, time remaining: 10m 1s
Rendered 5911/10814, time remaining: 10m 1s
Rendered 5912/10814, time remaining: 10m 0s
Rendered 5913/10814, time remaining: 10m 0s
Rendered 5914/10814, time remaining: 10m 0s
Rendered 5915/10814, time remaining: 10m 0s
Rendered 5916/10814, time remaining: 10m 0s
Rendered 5917/10814, time remaining: 10m 0s
Rendered 5918/10814, time remaining: 10m 0s
Rendered 5919/10814, time remaining: 10m 0s
Rendered 5920/10814, time remaining: 9m 59s
Rendered 5921/10814, time remaining: 9m 59s
Rendered 5922/10814, time remaining: 9m 59s
Rendered 5923/10814, time remaining: 9m 59s
Rendered 5924/10814, time remaining: 9m 59s
Rendered 5925/10814, time remaining: 9m 59s
Rendered 5926/10814, time remaining: 9m 59s
Rendered 5927/10814, time remaining: 9m 58s
Rendered 5928/10814, time remaining: 9m 58s
Rendered 5929/10814, time remaining: 9m 58s
Rendered 5930/10814, time remaining: 9m 58s
Rendered 5931/10814, time remaining: 9m 58s
Rendered 5932/10814, time remaining: 9m 58s
Rendered 5933/10814, time remaining: 9m 58s
Rendered 5934/10814, time remaining: 9m 58s
Rendered 5935/10814, time remaining: 9m 58s
Rendered 5936/10814, time remaining: 9m 57s
Rendered 5937/10814, time remaining: 9m 57s
Rendered 5938/10814, time remaining: 9m 57s
Rendered 5939/10814, time remaining: 9m 57s
Rendered 5940/10814, time remaining: 9m 57s
Rendered 5941/10814, time remaining: 9m 57s
Rendered 5942/10814, time remaining: 9m 57s
Rendered 5943/10814, time remaining: 9m 57s
Rendered 5944/10814, time remaining: 9m 56s
Rendered 5945/10814, time remaining: 9m 56s
Rendered 5946/10814, time remaining: 9m 56s
Rendered 5947/10814, time remaining: 9m 56s
Rendered 5948/10814, time remaining: 9m 56s
Rendered 5949/10814, time remaining: 9m 56s
Rendered 5950/10814, time remaining: 9m 56s
Rendered 5951/10814, time remaining: 9m 56s
Rendered 5952/10814, time remaining: 9m 55s
Rendered 5953/10814, time remaining: 9m 55s
Rendered 5954/10814, time remaining: 9m 55s
Rendered 5955/10814, time remaining: 9m 55s
Rendered 5956/10814, time remaining: 9m 55s
Rendered 5957/10814, time remaining: 9m 55s
Rendered 5958/10814, time remaining: 9m 55s
Rendered 5959/10814, time remaining: 9m 54s
Rendered 5960/10814, time remaining: 9m 54s
Rendered 5961/10814, time remaining: 9m 54s
Rendered 5962/10814, time remaining: 9m 54s
Rendered 5963/10814, time remaining: 9m 54s
Rendered 5964/10814, time remaining: 9m 54s
Rendered 5965/10814, time remaining: 9m 54s
Rendered 5966/10814, time remaining: 9m 54s
Rendered 5967/10814, time remaining: 9m 53s
Rendered 5968/10814, time remaining: 9m 53s
Rendered 5969/10814, time remaining: 9m 53s
Rendered 5970/10814, time remaining: 9m 53s
Rendered 5971/10814, time remaining: 9m 53s
Rendered 5972/10814, time remaining: 9m 53s
Rendered 5973/10814, time remaining: 9m 53s
Rendered 5974/10814, time remaining: 9m 53s
Rendered 5975/10814, time remaining: 9m 52s
Rendered 5976/10814, time remaining: 9m 52s
Rendered 5977/10814, time remaining: 9m 52s
Rendered 5978/10814, time remaining: 9m 52s
Rendered 5979/10814, time remaining: 9m 52s
Rendered 5980/10814, time remaining: 9m 52s
Rendered 5981/10814, time remaining: 9m 52s
Rendered 5982/10814, time remaining: 9m 52s
Rendered 5983/10814, time remaining: 9m 51s
Rendered 5984/10814, time remaining: 9m 51s
Rendered 5985/10814, time remaining: 9m 51s
Rendered 5986/10814, time remaining: 9m 51s
Rendered 5987/10814, time remaining: 9m 51s
Rendered 5988/10814, time remaining: 9m 51s
Rendered 5989/10814, time remaining: 9m 51s
Rendered 5990/10814, time remaining: 9m 51s
Rendered 5991/10814, time remaining: 9m 50s
Rendered 5992/10814, time remaining: 9m 50s
Rendered 5993/10814, time remaining: 9m 50s
Rendered 5994/10814, time remaining: 9m 50s
Rendered 5995/10814, time remaining: 9m 50s
Rendered 5996/10814, time remaining: 9m 50s
Rendered 5997/10814, time remaining: 9m 50s
Rendered 5998/10814, time remaining: 9m 49s
Rendered 5999/10814, time remaining: 9m 49s
Rendered 6000/10814, time remaining: 9m 49s
Rendered 6001/10814, time remaining: 9m 49s
Rendered 6002/10814, time remaining: 9m 49s
Rendered 6003/10814, time remaining: 9m 49s
Rendered 6004/10814, time remaining: 9m 49s
Rendered 6005/10814, time remaining: 9m 49s
Rendered 6006/10814, time remaining: 9m 48s
Rendered 6007/10814, time remaining: 9m 48s
Rendered 6008/10814, time remaining: 9m 48s
Rendered 6009/10814, time remaining: 9m 48s
Rendered 6010/10814, time remaining: 9m 48s
Rendered 6011/10814, time remaining: 9m 48s
Rendered 6012/10814, time remaining: 9m 48s
Rendered 6013/10814, time remaining: 9m 47s
Rendered 6014/10814, time remaining: 9m 47s
Rendered 6015/10814, time remaining: 9m 47s
Rendered 6016/10814, time remaining: 9m 47s
Rendered 6017/10814, time remaining: 9m 47s
Rendered 6018/10814, time remaining: 9m 47s
Rendered 6019/10814, time remaining: 9m 47s
Rendered 6020/10814, time remaining: 9m 47s
Rendered 6021/10814, time remaining: 9m 46s
Rendered 6022/10814, time remaining: 9m 46s
Rendered 6023/10814, time remaining: 9m 46s
Rendered 6024/10814, time remaining: 9m 46s
Rendered 6025/10814, time remaining: 9m 46s
Rendered 6026/10814, time remaining: 9m 46s
Rendered 6027/10814, time remaining: 9m 46s
Rendered 6028/10814, time remaining: 9m 46s
Rendered 6029/10814, time remaining: 9m 45s
Rendered 6030/10814, time remaining: 9m 45s
Rendered 6031/10814, time remaining: 9m 45s
Rendered 6032/10814, time remaining: 9m 45s
Rendered 6033/10814, time remaining: 9m 45s
Rendered 6034/10814, time remaining: 9m 45s
Rendered 6035/10814, time remaining: 9m 45s
Rendered 6036/10814, time remaining: 9m 44s
Rendered 6037/10814, time remaining: 9m 44s
Rendered 6038/10814, time remaining: 9m 44s
Rendered 6039/10814, time remaining: 9m 44s
Rendered 6040/10814, time remaining: 9m 44s
Rendered 6041/10814, time remaining: 9m 44s
Rendered 6042/10814, time remaining: 9m 44s
Rendered 6043/10814, time remaining: 9m 44s
Rendered 6044/10814, time remaining: 9m 44s
Rendered 6045/10814, time remaining: 9m 43s
Rendered 6046/10814, time remaining: 9m 43s
Rendered 6047/10814, time remaining: 9m 43s
Rendered 6048/10814, time remaining: 9m 43s
Rendered 6049/10814, time remaining: 9m 43s
Rendered 6050/10814, time remaining: 9m 43s
Rendered 6051/10814, time remaining: 9m 43s
Rendered 6052/10814, time remaining: 9m 43s
Rendered 6053/10814, time remaining: 9m 42s
Rendered 6054/10814, time remaining: 9m 42s
Rendered 6055/10814, time remaining: 9m 42s
Rendered 6056/10814, time remaining: 9m 42s
Rendered 6057/10814, time remaining: 9m 42s
Rendered 6058/10814, time remaining: 9m 42s
Rendered 6059/10814, time remaining: 9m 42s
Rendered 6060/10814, time remaining: 9m 42s
Rendered 6061/10814, time remaining: 9m 41s
Rendered 6062/10814, time remaining: 9m 41s
Rendered 6063/10814, time remaining: 9m 41s
Rendered 6064/10814, time remaining: 9m 41s
Rendered 6065/10814, time remaining: 9m 41s
Rendered 6066/10814, time remaining: 9m 41s
Rendered 6067/10814, time remaining: 9m 41s
Rendered 6068/10814, time remaining: 9m 41s
Rendered 6069/10814, time remaining: 9m 40s
Rendered 6070/10814, time remaining: 9m 40s
Rendered 6071/10814, time remaining: 9m 40s
Rendered 6072/10814, time remaining: 9m 40s
Rendered 6073/10814, time remaining: 9m 40s
Rendered 6074/10814, time remaining: 9m 40s
Rendered 6075/10814, time remaining: 9m 40s
Rendered 6076/10814, time remaining: 9m 40s
Rendered 6077/10814, time remaining: 9m 39s
Rendered 6078/10814, time remaining: 9m 39s
Rendered 6079/10814, time remaining: 9m 39s
Rendered 6080/10814, time remaining: 9m 39s
Rendered 6081/10814, time remaining: 9m 39s
Rendered 6082/10814, time remaining: 9m 39s
Rendered 6083/10814, time remaining: 9m 39s
Rendered 6084/10814, time remaining: 9m 39s
Rendered 6085/10814, time remaining: 9m 38s
Rendered 6086/10814, time remaining: 9m 38s
Rendered 6087/10814, time remaining: 9m 38s
Rendered 6088/10814, time remaining: 9m 38s
Rendered 6089/10814, time remaining: 9m 38s
Rendered 6090/10814, time remaining: 9m 38s
Rendered 6091/10814, time remaining: 9m 38s
Rendered 6092/10814, time remaining: 9m 38s
Rendered 6093/10814, time remaining: 9m 38s
Rendered 6094/10814, time remaining: 9m 37s
Rendered 6095/10814, time remaining: 9m 37s
Rendered 6096/10814, time remaining: 9m 37s
Rendered 6097/10814, time remaining: 9m 37s
Rendered 6098/10814, time remaining: 9m 37s
Rendered 6099/10814, time remaining: 9m 37s
Rendered 6100/10814, time remaining: 9m 37s
Rendered 6101/10814, time remaining: 9m 36s
Rendered 6102/10814, time remaining: 9m 36s
Rendered 6103/10814, time remaining: 9m 36s
Rendered 6104/10814, time remaining: 9m 36s
Rendered 6105/10814, time remaining: 9m 36s
Rendered 6106/10814, time remaining: 9m 36s
Rendered 6107/10814, time remaining: 9m 36s
Rendered 6108/10814, time remaining: 9m 36s
Rendered 6109/10814, time remaining: 9m 35s
Rendered 6110/10814, time remaining: 9m 35s
Rendered 6111/10814, time remaining: 9m 35s
Rendered 6112/10814, time remaining: 9m 35s
Rendered 6113/10814, time remaining: 9m 35s
Rendered 6114/10814, time remaining: 9m 35s
Rendered 6115/10814, time remaining: 9m 35s
Rendered 6116/10814, time remaining: 9m 35s
Rendered 6117/10814, time remaining: 9m 34s
Rendered 6118/10814, time remaining: 9m 34s
Rendered 6119/10814, time remaining: 9m 34s
Rendered 6120/10814, time remaining: 9m 34s
Rendered 6121/10814, time remaining: 9m 34s
Rendered 6122/10814, time remaining: 9m 34s
Rendered 6123/10814, time remaining: 9m 34s
Rendered 6124/10814, time remaining: 9m 34s
Rendered 6125/10814, time remaining: 9m 33s
Rendered 6126/10814, time remaining: 9m 33s
Rendered 6127/10814, time remaining: 9m 33s
Rendered 6128/10814, time remaining: 9m 33s
Rendered 6129/10814, time remaining: 9m 33s
Rendered 6130/10814, time remaining: 9m 33s
Rendered 6131/10814, time remaining: 9m 33s
Rendered 6132/10814, time remaining: 9m 33s
Rendered 6133/10814, time remaining: 9m 32s
Rendered 6134/10814, time remaining: 9m 32s
Rendered 6135/10814, time remaining: 9m 32s
Rendered 6136/10814, time remaining: 9m 32s
Rendered 6137/10814, time remaining: 9m 32s
Rendered 6138/10814, time remaining: 9m 32s
Rendered 6139/10814, time remaining: 9m 32s
Rendered 6140/10814, time remaining: 9m 32s
Rendered 6141/10814, time remaining: 9m 31s
Rendered 6142/10814, time remaining: 9m 31s
Rendered 6143/10814, time remaining: 9m 31s
Rendered 6144/10814, time remaining: 9m 31s
Rendered 6145/10814, time remaining: 9m 31s
Rendered 6146/10814, time remaining: 9m 31s
Rendered 6147/10814, time remaining: 9m 31s
Rendered 6148/10814, time remaining: 9m 31s
Rendered 6149/10814, time remaining: 9m 30s
Rendered 6150/10814, time remaining: 9m 30s
Rendered 6151/10814, time remaining: 9m 30s
Rendered 6152/10814, time remaining: 9m 30s
Rendered 6153/10814, time remaining: 9m 30s
Rendered 6154/10814, time remaining: 9m 30s
Rendered 6155/10814, time remaining: 9m 30s
Rendered 6156/10814, time remaining: 9m 30s
Rendered 6157/10814, time remaining: 9m 29s
Rendered 6158/10814, time remaining: 9m 29s
Rendered 6159/10814, time remaining: 9m 29s
Rendered 6160/10814, time remaining: 9m 29s
Rendered 6161/10814, time remaining: 9m 29s
Rendered 6162/10814, time remaining: 9m 29s
Rendered 6163/10814, time remaining: 9m 29s
Rendered 6164/10814, time remaining: 9m 28s
Rendered 6165/10814, time remaining: 9m 28s
Rendered 6166/10814, time remaining: 9m 28s
Rendered 6167/10814, time remaining: 9m 28s
Rendered 6168/10814, time remaining: 9m 28s
Rendered 6169/10814, time remaining: 9m 28s
Rendered 6170/10814, time remaining: 9m 28s
Rendered 6171/10814, time remaining: 9m 28s
Rendered 6172/10814, time remaining: 9m 27s
Rendered 6173/10814, time remaining: 9m 27s
Rendered 6174/10814, time remaining: 9m 27s
Rendered 6175/10814, time remaining: 9m 27s
Rendered 6176/10814, time remaining: 9m 27s
Rendered 6177/10814, time remaining: 9m 27s
Rendered 6178/10814, time remaining: 9m 27s
Rendered 6179/10814, time remaining: 9m 27s
Rendered 6180/10814, time remaining: 9m 26s
Rendered 6181/10814, time remaining: 9m 26s
Rendered 6182/10814, time remaining: 9m 26s
Rendered 6183/10814, time remaining: 9m 26s
Rendered 6184/10814, time remaining: 9m 26s
Rendered 6185/10814, time remaining: 9m 26s
Rendered 6186/10814, time remaining: 9m 26s
Rendered 6187/10814, time remaining: 9m 26s
Rendered 6188/10814, time remaining: 9m 25s
Rendered 6189/10814, time remaining: 9m 25s
Rendered 6190/10814, time remaining: 9m 25s
Rendered 6191/10814, time remaining: 9m 25s
Rendered 6192/10814, time remaining: 9m 25s
Rendered 6193/10814, time remaining: 9m 25s
Rendered 6194/10814, time remaining: 9m 25s
Rendered 6195/10814, time remaining: 9m 25s
Rendered 6196/10814, time remaining: 9m 24s
Rendered 6197/10814, time remaining: 9m 24s
Rendered 6198/10814, time remaining: 9m 24s
Rendered 6199/10814, time remaining: 9m 24s
Rendered 6200/10814, time remaining: 9m 24s
Rendered 6201/10814, time remaining: 9m 24s
Rendered 6202/10814, time remaining: 9m 24s
Rendered 6203/10814, time remaining: 9m 24s
Rendered 6204/10814, time remaining: 9m 23s
Rendered 6205/10814, time remaining: 9m 23s
Rendered 6206/10814, time remaining: 9m 23s
Rendered 6207/10814, time remaining: 9m 23s
Rendered 6208/10814, time remaining: 9m 23s
Rendered 6209/10814, time remaining: 9m 23s
Rendered 6210/10814, time remaining: 9m 23s
Rendered 6211/10814, time remaining: 9m 22s
Rendered 6212/10814, time remaining: 9m 22s
Rendered 6213/10814, time remaining: 9m 22s
Rendered 6214/10814, time remaining: 9m 22s
Rendered 6215/10814, time remaining: 9m 22s
Rendered 6216/10814, time remaining: 9m 22s
Rendered 6217/10814, time remaining: 9m 22s
Rendered 6218/10814, time remaining: 9m 22s
Rendered 6219/10814, time remaining: 9m 21s
Rendered 6220/10814, time remaining: 9m 21s
Rendered 6221/10814, time remaining: 9m 21s
Rendered 6222/10814, time remaining: 9m 21s
Rendered 6223/10814, time remaining: 9m 21s
Rendered 6224/10814, time remaining: 9m 21s
Rendered 6225/10814, time remaining: 9m 21s
Rendered 6226/10814, time remaining: 9m 21s
Rendered 6227/10814, time remaining: 9m 20s
Rendered 6228/10814, time remaining: 9m 20s
Rendered 6229/10814, time remaining: 9m 20s
Rendered 6230/10814, time remaining: 9m 20s
Rendered 6231/10814, time remaining: 9m 20s
Rendered 6232/10814, time remaining: 9m 20s
Rendered 6233/10814, time remaining: 9m 20s
Rendered 6234/10814, time remaining: 9m 20s
Rendered 6235/10814, time remaining: 9m 19s
Rendered 6236/10814, time remaining: 9m 19s
Rendered 6237/10814, time remaining: 9m 19s
Rendered 6238/10814, time remaining: 9m 19s
Rendered 6239/10814, time remaining: 9m 19s
Rendered 6240/10814, time remaining: 9m 19s
Rendered 6241/10814, time remaining: 9m 19s
Rendered 6242/10814, time remaining: 9m 19s
Rendered 6243/10814, time remaining: 9m 18s
Rendered 6244/10814, time remaining: 9m 18s
Rendered 6245/10814, time remaining: 9m 18s
Rendered 6246/10814, time remaining: 9m 18s
Rendered 6247/10814, time remaining: 9m 18s
Rendered 6248/10814, time remaining: 9m 18s
Rendered 6249/10814, time remaining: 9m 18s
Rendered 6250/10814, time remaining: 9m 18s
Rendered 6251/10814, time remaining: 9m 17s
Rendered 6252/10814, time remaining: 9m 17s
Rendered 6253/10814, time remaining: 9m 17s
Rendered 6254/10814, time remaining: 9m 17s
Rendered 6255/10814, time remaining: 9m 17s
Rendered 6256/10814, time remaining: 9m 17s
Rendered 6257/10814, time remaining: 9m 17s
Rendered 6258/10814, time remaining: 9m 17s
Rendered 6259/10814, time remaining: 9m 16s
Rendered 6260/10814, time remaining: 9m 16s
Rendered 6261/10814, time remaining: 9m 16s
Rendered 6262/10814, time remaining: 9m 16s
Rendered 6263/10814, time remaining: 9m 16s
Rendered 6264/10814, time remaining: 9m 16s
Rendered 6265/10814, time remaining: 9m 16s
Rendered 6266/10814, time remaining: 9m 16s
Rendered 6267/10814, time remaining: 9m 15s
Rendered 6268/10814, time remaining: 9m 15s
Rendered 6269/10814, time remaining: 9m 15s
Rendered 6270/10814, time remaining: 9m 15s
Rendered 6271/10814, time remaining: 9m 15s
Rendered 6272/10814, time remaining: 9m 15s
Rendered 6273/10814, time remaining: 9m 15s
Rendered 6274/10814, time remaining: 9m 15s
Rendered 6275/10814, time remaining: 9m 14s
Rendered 6276/10814, time remaining: 9m 14s
Rendered 6277/10814, time remaining: 9m 14s
Rendered 6278/10814, time remaining: 9m 14s
Rendered 6279/10814, time remaining: 9m 14s
Rendered 6280/10814, time remaining: 9m 14s
Rendered 6281/10814, time remaining: 9m 14s
Rendered 6282/10814, time remaining: 9m 14s
Rendered 6283/10814, time remaining: 9m 13s
Rendered 6284/10814, time remaining: 9m 13s
Rendered 6285/10814, time remaining: 9m 13s
Rendered 6286/10814, time remaining: 9m 13s
Rendered 6287/10814, time remaining: 9m 13s
Rendered 6288/10814, time remaining: 9m 13s
Rendered 6289/10814, time remaining: 9m 13s
Rendered 6290/10814, time remaining: 9m 13s
Rendered 6291/10814, time remaining: 9m 12s
Rendered 6292/10814, time remaining: 9m 12s
Rendered 6293/10814, time remaining: 9m 12s
Rendered 6294/10814, time remaining: 9m 12s
Rendered 6295/10814, time remaining: 9m 12s
Rendered 6296/10814, time remaining: 9m 12s
Rendered 6297/10814, time remaining: 9m 12s
Rendered 6298/10814, time remaining: 9m 12s
Rendered 6299/10814, time remaining: 9m 11s
Rendered 6300/10814, time remaining: 9m 11s
Rendered 6301/10814, time remaining: 9m 11s
Rendered 6302/10814, time remaining: 9m 11s
Rendered 6303/10814, time remaining: 9m 11s
Rendered 6304/10814, time remaining: 9m 11s
Rendered 6305/10814, time remaining: 9m 11s
Rendered 6306/10814, time remaining: 9m 10s
Rendered 6307/10814, time remaining: 9m 10s
Rendered 6308/10814, time remaining: 9m 10s
Rendered 6309/10814, time remaining: 9m 10s
Rendered 6310/10814, time remaining: 9m 10s
Rendered 6311/10814, time remaining: 9m 10s
Rendered 6312/10814, time remaining: 9m 10s
Rendered 6313/10814, time remaining: 9m 10s
Rendered 6314/10814, time remaining: 9m 9s
Rendered 6315/10814, time remaining: 9m 9s
Rendered 6316/10814, time remaining: 9m 9s
Rendered 6317/10814, time remaining: 9m 9s
Rendered 6318/10814, time remaining: 9m 9s
Rendered 6319/10814, time remaining: 9m 9s
Rendered 6320/10814, time remaining: 9m 9s
Rendered 6321/10814, time remaining: 9m 9s
Rendered 6322/10814, time remaining: 9m 8s
Rendered 6323/10814, time remaining: 9m 8s
Rendered 6324/10814, time remaining: 9m 8s
Rendered 6325/10814, time remaining: 9m 8s
Rendered 6326/10814, time remaining: 9m 8s
Rendered 6327/10814, time remaining: 9m 8s
Rendered 6328/10814, time remaining: 9m 8s
Rendered 6329/10814, time remaining: 9m 8s
Rendered 6330/10814, time remaining: 9m 7s
Rendered 6331/10814, time remaining: 9m 7s
Rendered 6332/10814, time remaining: 9m 7s
Rendered 6333/10814, time remaining: 9m 7s
Rendered 6334/10814, time remaining: 9m 7s
Rendered 6335/10814, time remaining: 9m 7s
Rendered 6336/10814, time remaining: 9m 7s
Rendered 6337/10814, time remaining: 9m 6s
Rendered 6338/10814, time remaining: 9m 6s
Rendered 6339/10814, time remaining: 9m 6s
Rendered 6340/10814, time remaining: 9m 6s
Rendered 6341/10814, time remaining: 9m 6s
Rendered 6342/10814, time remaining: 9m 6s
Rendered 6343/10814, time remaining: 9m 6s
Rendered 6344/10814, time remaining: 9m 6s
Rendered 6345/10814, time remaining: 9m 6s
Rendered 6346/10814, time remaining: 9m 5s
Rendered 6347/10814, time remaining: 9m 5s
Rendered 6348/10814, time remaining: 9m 5s
Rendered 6349/10814, time remaining: 9m 5s
Rendered 6350/10814, time remaining: 9m 5s
Rendered 6351/10814, time remaining: 9m 5s
Rendered 6352/10814, time remaining: 9m 5s
Rendered 6353/10814, time remaining: 9m 4s
Rendered 6354/10814, time remaining: 9m 4s
Rendered 6355/10814, time remaining: 9m 4s
Rendered 6356/10814, time remaining: 9m 4s
Rendered 6357/10814, time remaining: 9m 4s
Rendered 6358/10814, time remaining: 9m 4s
Rendered 6359/10814, time remaining: 9m 4s
Rendered 6360/10814, time remaining: 9m 4s
Rendered 6361/10814, time remaining: 9m 4s
Rendered 6362/10814, time remaining: 9m 3s
Rendered 6363/10814, time remaining: 9m 3s
Rendered 6364/10814, time remaining: 9m 3s
Rendered 6365/10814, time remaining: 9m 3s
Rendered 6366/10814, time remaining: 9m 3s
Rendered 6367/10814, time remaining: 9m 3s
Rendered 6368/10814, time remaining: 9m 3s
Rendered 6369/10814, time remaining: 9m 3s
Rendered 6370/10814, time remaining: 9m 2s
Rendered 6371/10814, time remaining: 9m 2s
Rendered 6372/10814, time remaining: 9m 2s
Rendered 6373/10814, time remaining: 9m 2s
Rendered 6374/10814, time remaining: 9m 2s
Rendered 6375/10814, time remaining: 9m 2s
Rendered 6376/10814, time remaining: 9m 2s
Rendered 6377/10814, time remaining: 9m 1s
Rendered 6378/10814, time remaining: 9m 1s
Rendered 6379/10814, time remaining: 9m 1s
Rendered 6380/10814, time remaining: 9m 1s
Rendered 6381/10814, time remaining: 9m 1s
Rendered 6382/10814, time remaining: 9m 1s
Rendered 6383/10814, time remaining: 9m 1s
Rendered 6384/10814, time remaining: 9m 1s
Rendered 6385/10814, time remaining: 9m 1s
Rendered 6386/10814, time remaining: 9m 0s
Rendered 6387/10814, time remaining: 9m 0s
Rendered 6388/10814, time remaining: 9m 0s
Rendered 6389/10814, time remaining: 9m 0s
Rendered 6390/10814, time remaining: 9m 0s
Rendered 6391/10814, time remaining: 9m 0s
Rendered 6392/10814, time remaining: 9m 0s
Rendered 6393/10814, time remaining: 8m 59s
Rendered 6394/10814, time remaining: 8m 59s
Rendered 6395/10814, time remaining: 8m 59s
Rendered 6396/10814, time remaining: 8m 59s
Rendered 6397/10814, time remaining: 8m 59s
Rendered 6398/10814, time remaining: 8m 59s
Rendered 6399/10814, time remaining: 8m 59s
Rendered 6400/10814, time remaining: 8m 59s
Rendered 6401/10814, time remaining: 8m 58s
Rendered 6402/10814, time remaining: 8m 58s
Rendered 6403/10814, time remaining: 8m 58s
Rendered 6404/10814, time remaining: 8m 58s
Rendered 6405/10814, time remaining: 8m 58s
Rendered 6406/10814, time remaining: 8m 58s
Rendered 6407/10814, time remaining: 8m 58s
Rendered 6408/10814, time remaining: 8m 58s
Rendered 6409/10814, time remaining: 8m 57s
Rendered 6410/10814, time remaining: 8m 57s
Rendered 6411/10814, time remaining: 8m 57s
Rendered 6412/10814, time remaining: 8m 57s
Rendered 6413/10814, time remaining: 8m 57s
Rendered 6414/10814, time remaining: 8m 57s
Rendered 6415/10814, time remaining: 8m 57s
Rendered 6416/10814, time remaining: 8m 57s
Rendered 6417/10814, time remaining: 8m 57s
Rendered 6418/10814, time remaining: 8m 56s
Rendered 6419/10814, time remaining: 8m 56s
Rendered 6420/10814, time remaining: 8m 56s
Rendered 6421/10814, time remaining: 8m 56s
Rendered 6422/10814, time remaining: 8m 56s
Rendered 6423/10814, time remaining: 8m 56s
Rendered 6424/10814, time remaining: 8m 56s
Rendered 6425/10814, time remaining: 8m 56s
Rendered 6426/10814, time remaining: 8m 55s
Rendered 6427/10814, time remaining: 8m 55s
Rendered 6428/10814, time remaining: 8m 55s
Rendered 6429/10814, time remaining: 8m 55s
Rendered 6430/10814, time remaining: 8m 55s
Rendered 6431/10814, time remaining: 8m 55s
Rendered 6432/10814, time remaining: 8m 55s
Rendered 6433/10814, time remaining: 8m 55s
Rendered 6434/10814, time remaining: 8m 54s
Rendered 6435/10814, time remaining: 8m 54s
Rendered 6436/10814, time remaining: 8m 54s
Rendered 6437/10814, time remaining: 8m 54s
Rendered 6438/10814, time remaining: 8m 54s
Rendered 6439/10814, time remaining: 8m 54s
Rendered 6440/10814, time remaining: 8m 54s
Rendered 6441/10814, time remaining: 8m 54s
Rendered 6442/10814, time remaining: 8m 54s
Rendered 6443/10814, time remaining: 8m 53s
Rendered 6444/10814, time remaining: 8m 53s
Rendered 6445/10814, time remaining: 8m 53s
Rendered 6446/10814, time remaining: 8m 53s
Rendered 6447/10814, time remaining: 8m 53s
Rendered 6448/10814, time remaining: 8m 53s
Rendered 6449/10814, time remaining: 8m 53s
Rendered 6450/10814, time remaining: 8m 53s
Rendered 6451/10814, time remaining: 8m 52s
Rendered 6452/10814, time remaining: 8m 52s
Rendered 6453/10814, time remaining: 8m 52s
Rendered 6454/10814, time remaining: 8m 52s
Rendered 6455/10814, time remaining: 8m 52s
Rendered 6456/10814, time remaining: 8m 52s
Rendered 6457/10814, time remaining: 8m 52s
Rendered 6458/10814, time remaining: 8m 52s
Rendered 6459/10814, time remaining: 8m 51s
Rendered 6460/10814, time remaining: 8m 51s
Rendered 6461/10814, time remaining: 8m 51s
Rendered 6462/10814, time remaining: 8m 51s
Rendered 6463/10814, time remaining: 8m 51s
Rendered 6464/10814, time remaining: 8m 51s
Rendered 6465/10814, time remaining: 8m 51s
Rendered 6466/10814, time remaining: 8m 51s
Rendered 6467/10814, time remaining: 8m 50s
Rendered 6468/10814, time remaining: 8m 50s
Rendered 6469/10814, time remaining: 8m 50s
Rendered 6470/10814, time remaining: 8m 50s
Rendered 6471/10814, time remaining: 8m 50s
Rendered 6472/10814, time remaining: 8m 50s
Rendered 6473/10814, time remaining: 8m 50s
Rendered 6474/10814, time remaining: 8m 50s
Rendered 6475/10814, time remaining: 8m 50s
Rendered 6476/10814, time remaining: 8m 49s
Rendered 6477/10814, time remaining: 8m 49s
Rendered 6478/10814, time remaining: 8m 49s
Rendered 6479/10814, time remaining: 8m 49s
Rendered 6480/10814, time remaining: 8m 49s
Rendered 6481/10814, time remaining: 8m 49s
Rendered 6482/10814, time remaining: 8m 49s
Rendered 6483/10814, time remaining: 8m 49s
Rendered 6484/10814, time remaining: 8m 48s
Rendered 6485/10814, time remaining: 8m 48s
Rendered 6486/10814, time remaining: 8m 48s
Rendered 6487/10814, time remaining: 8m 48s
Rendered 6488/10814, time remaining: 8m 48s
Rendered 6489/10814, time remaining: 8m 48s
Rendered 6490/10814, time remaining: 8m 48s
Rendered 6491/10814, time remaining: 8m 48s
Rendered 6492/10814, time remaining: 8m 47s
Rendered 6493/10814, time remaining: 8m 47s
Rendered 6494/10814, time remaining: 8m 47s
Rendered 6495/10814, time remaining: 8m 47s
Rendered 6496/10814, time remaining: 8m 47s
Rendered 6497/10814, time remaining: 8m 47s
Rendered 6498/10814, time remaining: 8m 47s
Rendered 6499/10814, time remaining: 8m 47s
Rendered 6500/10814, time remaining: 8m 46s
Rendered 6501/10814, time remaining: 8m 46s
Rendered 6502/10814, time remaining: 8m 46s
Rendered 6503/10814, time remaining: 8m 46s
Rendered 6504/10814, time remaining: 8m 46s
Rendered 6505/10814, time remaining: 8m 46s
Rendered 6506/10814, time remaining: 8m 46s
Rendered 6507/10814, time remaining: 8m 45s
Rendered 6508/10814, time remaining: 8m 45s
Rendered 6509/10814, time remaining: 8m 45s
Rendered 6510/10814, time remaining: 8m 45s
Rendered 6511/10814, time remaining: 8m 45s
Rendered 6512/10814, time remaining: 8m 45s
Rendered 6513/10814, time remaining: 8m 45s
Rendered 6514/10814, time remaining: 8m 45s
Rendered 6515/10814, time remaining: 8m 44s
Rendered 6516/10814, time remaining: 8m 44s
Rendered 6517/10814, time remaining: 8m 44s
Rendered 6518/10814, time remaining: 8m 44s
Rendered 6519/10814, time remaining: 8m 44s
Rendered 6520/10814, time remaining: 8m 44s
Rendered 6521/10814, time remaining: 8m 44s
Rendered 6522/10814, time remaining: 8m 44s
Rendered 6523/10814, time remaining: 8m 43s
Rendered 6524/10814, time remaining: 8m 43s
Rendered 6525/10814, time remaining: 8m 43s
Rendered 6526/10814, time remaining: 8m 43s
Rendered 6527/10814, time remaining: 8m 43s
Rendered 6528/10814, time remaining: 8m 43s
Rendered 6529/10814, time remaining: 8m 43s
Rendered 6530/10814, time remaining: 8m 42s
Rendered 6531/10814, time remaining: 8m 42s
Rendered 6532/10814, time remaining: 8m 42s
Rendered 6533/10814, time remaining: 8m 42s
Rendered 6534/10814, time remaining: 8m 42s
Rendered 6535/10814, time remaining: 8m 42s
Rendered 6536/10814, time remaining: 8m 42s
Rendered 6537/10814, time remaining: 8m 42s
Rendered 6538/10814, time remaining: 8m 41s
Rendered 6539/10814, time remaining: 8m 41s
Rendered 6540/10814, time remaining: 8m 41s
Rendered 6541/10814, time remaining: 8m 41s
Rendered 6542/10814, time remaining: 8m 41s
Rendered 6543/10814, time remaining: 8m 41s
Rendered 6544/10814, time remaining: 8m 41s
Rendered 6545/10814, time remaining: 8m 41s
Rendered 6546/10814, time remaining: 8m 40s
Rendered 6547/10814, time remaining: 8m 40s
Rendered 6548/10814, time remaining: 8m 40s
Rendered 6549/10814, time remaining: 8m 40s
Rendered 6550/10814, time remaining: 8m 40s
Rendered 6551/10814, time remaining: 8m 40s
Rendered 6552/10814, time remaining: 8m 40s
Rendered 6553/10814, time remaining: 8m 40s
Rendered 6554/10814, time remaining: 8m 39s
Rendered 6555/10814, time remaining: 8m 39s
Rendered 6556/10814, time remaining: 8m 39s
Rendered 6557/10814, time remaining: 8m 39s
Rendered 6558/10814, time remaining: 8m 39s
Rendered 6559/10814, time remaining: 8m 39s
Rendered 6560/10814, time remaining: 8m 39s
Rendered 6561/10814, time remaining: 8m 38s
Rendered 6562/10814, time remaining: 8m 38s
Rendered 6563/10814, time remaining: 8m 38s
Rendered 6564/10814, time remaining: 8m 38s
Rendered 6565/10814, time remaining: 8m 38s
Rendered 6566/10814, time remaining: 8m 38s
Rendered 6567/10814, time remaining: 8m 38s
Rendered 6568/10814, time remaining: 8m 38s
Rendered 6569/10814, time remaining: 8m 37s
Rendered 6570/10814, time remaining: 8m 37s
Rendered 6571/10814, time remaining: 8m 37s
Rendered 6572/10814, time remaining: 8m 37s
Rendered 6573/10814, time remaining: 8m 37s
Rendered 6574/10814, time remaining: 8m 37s
Rendered 6575/10814, time remaining: 8m 37s
Rendered 6576/10814, time remaining: 8m 37s
Rendered 6577/10814, time remaining: 8m 36s
Rendered 6578/10814, time remaining: 8m 36s
Rendered 6579/10814, time remaining: 8m 36s
Rendered 6580/10814, time remaining: 8m 36s
Rendered 6581/10814, time remaining: 8m 36s
Rendered 6582/10814, time remaining: 8m 36s
Rendered 6583/10814, time remaining: 8m 36s
Rendered 6584/10814, time remaining: 8m 36s
Rendered 6585/10814, time remaining: 8m 35s
Rendered 6586/10814, time remaining: 8m 35s
Rendered 6587/10814, time remaining: 8m 35s
Rendered 6588/10814, time remaining: 8m 35s
Rendered 6589/10814, time remaining: 8m 35s
Rendered 6590/10814, time remaining: 8m 35s
Rendered 6591/10814, time remaining: 8m 35s
Rendered 6592/10814, time remaining: 8m 35s
Rendered 6593/10814, time remaining: 8m 34s
Rendered 6594/10814, time remaining: 8m 34s
Rendered 6595/10814, time remaining: 8m 34s
Rendered 6596/10814, time remaining: 8m 34s
Rendered 6597/10814, time remaining: 8m 34s
Rendered 6598/10814, time remaining: 8m 34s
Rendered 6599/10814, time remaining: 8m 34s
Rendered 6600/10814, time remaining: 8m 34s
Rendered 6601/10814, time remaining: 8m 33s
Rendered 6602/10814, time remaining: 8m 33s
Rendered 6603/10814, time remaining: 8m 33s
Rendered 6604/10814, time remaining: 8m 33s
Rendered 6605/10814, time remaining: 8m 33s
Rendered 6606/10814, time remaining: 8m 33s
Rendered 6607/10814, time remaining: 8m 33s
Rendered 6608/10814, time remaining: 8m 33s
Rendered 6609/10814, time remaining: 8m 32s
Rendered 6610/10814, time remaining: 8m 32s
Rendered 6611/10814, time remaining: 8m 32s
Rendered 6612/10814, time remaining: 8m 32s
Rendered 6613/10814, time remaining: 8m 32s
Rendered 6614/10814, time remaining: 8m 32s
Rendered 6615/10814, time remaining: 8m 32s
Rendered 6616/10814, time remaining: 8m 31s
Rendered 6617/10814, time remaining: 8m 31s
Rendered 6618/10814, time remaining: 8m 31s
Rendered 6619/10814, time remaining: 8m 31s
Rendered 6620/10814, time remaining: 8m 31s
Rendered 6621/10814, time remaining: 8m 31s
Rendered 6622/10814, time remaining: 8m 31s
Rendered 6623/10814, time remaining: 8m 31s
Rendered 6624/10814, time remaining: 8m 30s
Rendered 6625/10814, time remaining: 8m 30s
Rendered 6626/10814, time remaining: 8m 30s
Rendered 6627/10814, time remaining: 8m 30s
Rendered 6628/10814, time remaining: 8m 30s
Rendered 6629/10814, time remaining: 8m 30s
Rendered 6630/10814, time remaining: 8m 30s
Rendered 6631/10814, time remaining: 8m 30s
Rendered 6632/10814, time remaining: 8m 29s
Rendered 6633/10814, time remaining: 8m 29s
Rendered 6634/10814, time remaining: 8m 29s
Rendered 6635/10814, time remaining: 8m 29s
Rendered 6636/10814, time remaining: 8m 29s
Rendered 6637/10814, time remaining: 8m 29s
Rendered 6638/10814, time remaining: 8m 29s
Rendered 6639/10814, time remaining: 8m 29s
Rendered 6640/10814, time remaining: 8m 28s
Rendered 6641/10814, time remaining: 8m 28s
Rendered 6642/10814, time remaining: 8m 28s
Rendered 6643/10814, time remaining: 8m 28s
Rendered 6644/10814, time remaining: 8m 28s
Rendered 6645/10814, time remaining: 8m 28s
Rendered 6646/10814, time remaining: 8m 28s
Rendered 6647/10814, time remaining: 8m 28s
Rendered 6648/10814, time remaining: 8m 28s
Rendered 6649/10814, time remaining: 8m 27s
Rendered 6650/10814, time remaining: 8m 27s
Rendered 6651/10814, time remaining: 8m 27s
Rendered 6652/10814, time remaining: 8m 27s
Rendered 6653/10814, time remaining: 8m 27s
Rendered 6654/10814, time remaining: 8m 27s
Rendered 6655/10814, time remaining: 8m 27s
Rendered 6656/10814, time remaining: 8m 26s
Rendered 6657/10814, time remaining: 8m 26s
Rendered 6658/10814, time remaining: 8m 26s
Rendered 6659/10814, time remaining: 8m 26s
Rendered 6660/10814, time remaining: 8m 26s
Rendered 6661/10814, time remaining: 8m 26s
Rendered 6662/10814, time remaining: 8m 26s
Rendered 6663/10814, time remaining: 8m 26s
Rendered 6664/10814, time remaining: 8m 26s
Rendered 6665/10814, time remaining: 8m 25s
Rendered 6666/10814, time remaining: 8m 25s
Rendered 6667/10814, time remaining: 8m 25s
Rendered 6668/10814, time remaining: 8m 25s
Rendered 6669/10814, time remaining: 8m 25s
Rendered 6670/10814, time remaining: 8m 25s
Rendered 6671/10814, time remaining: 8m 25s
Rendered 6672/10814, time remaining: 8m 25s
Rendered 6673/10814, time remaining: 8m 24s
Rendered 6674/10814, time remaining: 8m 24s
Rendered 6675/10814, time remaining: 8m 24s
Rendered 6676/10814, time remaining: 8m 24s
Rendered 6677/10814, time remaining: 8m 24s
Rendered 6678/10814, time remaining: 8m 24s
Rendered 6679/10814, time remaining: 8m 24s
Rendered 6680/10814, time remaining: 8m 24s
Rendered 6681/10814, time remaining: 8m 23s
Rendered 6682/10814, time remaining: 8m 23s
Rendered 6683/10814, time remaining: 8m 23s
Rendered 6684/10814, time remaining: 8m 23s
Rendered 6685/10814, time remaining: 8m 23s
Rendered 6686/10814, time remaining: 8m 23s
Rendered 6687/10814, time remaining: 8m 23s
Rendered 6688/10814, time remaining: 8m 23s
Rendered 6689/10814, time remaining: 8m 23s
Rendered 6690/10814, time remaining: 8m 22s
Rendered 6691/10814, time remaining: 8m 22s
Rendered 6692/10814, time remaining: 8m 22s
Rendered 6693/10814, time remaining: 8m 22s
Rendered 6694/10814, time remaining: 8m 22s
Rendered 6695/10814, time remaining: 8m 22s
Rendered 6696/10814, time remaining: 8m 22s
Rendered 6697/10814, time remaining: 8m 22s
Rendered 6698/10814, time remaining: 8m 22s
Rendered 6699/10814, time remaining: 8m 21s
Rendered 6700/10814, time remaining: 8m 21s
Rendered 6701/10814, time remaining: 8m 21s
Rendered 6702/10814, time remaining: 8m 21s
Rendered 6703/10814, time remaining: 8m 21s
Rendered 6704/10814, time remaining: 8m 21s
Rendered 6705/10814, time remaining: 8m 21s
Rendered 6706/10814, time remaining: 8m 21s
Rendered 6707/10814, time remaining: 8m 20s
Rendered 6708/10814, time remaining: 8m 20s
Rendered 6709/10814, time remaining: 8m 20s
Rendered 6710/10814, time remaining: 8m 20s
Rendered 6711/10814, time remaining: 8m 20s
Rendered 6712/10814, time remaining: 8m 20s
Rendered 6713/10814, time remaining: 8m 20s
Rendered 6714/10814, time remaining: 8m 20s
Rendered 6715/10814, time remaining: 8m 19s
Rendered 6716/10814, time remaining: 8m 19s
Rendered 6717/10814, time remaining: 8m 19s
Rendered 6718/10814, time remaining: 8m 19s
Rendered 6719/10814, time remaining: 8m 19s
Rendered 6720/10814, time remaining: 8m 19s
Rendered 6721/10814, time remaining: 8m 19s
Rendered 6722/10814, time remaining: 8m 19s
Rendered 6723/10814, time remaining: 8m 18s
Rendered 6724/10814, time remaining: 8m 18s
Rendered 6725/10814, time remaining: 8m 18s
Rendered 6726/10814, time remaining: 8m 18s
Rendered 6727/10814, time remaining: 8m 18s
Rendered 6728/10814, time remaining: 8m 18s
Rendered 6729/10814, time remaining: 8m 18s
Rendered 6730/10814, time remaining: 8m 18s
Rendered 6731/10814, time remaining: 8m 18s
Rendered 6732/10814, time remaining: 8m 18s
Rendered 6733/10814, time remaining: 8m 17s
Rendered 6734/10814, time remaining: 8m 17s
Rendered 6735/10814, time remaining: 8m 17s
Rendered 6736/10814, time remaining: 8m 17s
Rendered 6737/10814, time remaining: 8m 17s
Rendered 6738/10814, time remaining: 8m 17s
Rendered 6739/10814, time remaining: 8m 17s
Rendered 6740/10814, time remaining: 8m 17s
Rendered 6741/10814, time remaining: 8m 16s
Rendered 6742/10814, time remaining: 8m 16s
Rendered 6743/10814, time remaining: 8m 16s
Rendered 6744/10814, time remaining: 8m 16s
Rendered 6745/10814, time remaining: 8m 16s
Rendered 6746/10814, time remaining: 8m 16s
Rendered 6747/10814, time remaining: 8m 16s
Rendered 6748/10814, time remaining: 8m 16s
Rendered 6749/10814, time remaining: 8m 16s
Rendered 6750/10814, time remaining: 8m 15s
Rendered 6751/10814, time remaining: 8m 15s
Rendered 6752/10814, time remaining: 8m 15s
Rendered 6753/10814, time remaining: 8m 15s
Rendered 6754/10814, time remaining: 8m 15s
Rendered 6755/10814, time remaining: 8m 15s
Rendered 6756/10814, time remaining: 8m 15s
Rendered 6757/10814, time remaining: 8m 15s
Rendered 6758/10814, time remaining: 8m 14s
Rendered 6759/10814, time remaining: 8m 14s
Rendered 6760/10814, time remaining: 8m 14s
Rendered 6761/10814, time remaining: 8m 14s
Rendered 6762/10814, time remaining: 8m 14s
Rendered 6763/10814, time remaining: 8m 14s
Rendered 6764/10814, time remaining: 8m 14s
Rendered 6765/10814, time remaining: 8m 14s
Rendered 6766/10814, time remaining: 8m 13s
Rendered 6767/10814, time remaining: 8m 13s
Rendered 6768/10814, time remaining: 8m 13s
Rendered 6769/10814, time remaining: 8m 13s
Rendered 6770/10814, time remaining: 8m 13s
Rendered 6771/10814, time remaining: 8m 13s
Rendered 6772/10814, time remaining: 8m 13s
Rendered 6773/10814, time remaining: 8m 13s
Rendered 6774/10814, time remaining: 8m 13s
Rendered 6775/10814, time remaining: 8m 12s
Rendered 6776/10814, time remaining: 8m 12s
Rendered 6777/10814, time remaining: 8m 12s
Rendered 6778/10814, time remaining: 8m 12s
Rendered 6779/10814, time remaining: 8m 12s
Rendered 6780/10814, time remaining: 8m 12s
Rendered 6781/10814, time remaining: 8m 12s
Rendered 6782/10814, time remaining: 8m 12s
Rendered 6783/10814, time remaining: 8m 11s
Rendered 6784/10814, time remaining: 8m 11s
Rendered 6785/10814, time remaining: 8m 11s
Rendered 6786/10814, time remaining: 8m 11s
Rendered 6787/10814, time remaining: 8m 11s
Rendered 6788/10814, time remaining: 8m 11s
Rendered 6789/10814, time remaining: 8m 11s
Rendered 6790/10814, time remaining: 8m 10s
Rendered 6791/10814, time remaining: 8m 10s
Rendered 6792/10814, time remaining: 8m 10s
Rendered 6793/10814, time remaining: 8m 10s
Rendered 6794/10814, time remaining: 8m 10s
Rendered 6795/10814, time remaining: 8m 10s
Rendered 6796/10814, time remaining: 8m 10s
Rendered 6797/10814, time remaining: 8m 10s
Rendered 6798/10814, time remaining: 8m 10s
Rendered 6799/10814, time remaining: 8m 10s
Rendered 6800/10814, time remaining: 8m 9s
Rendered 6801/10814, time remaining: 8m 9s
Rendered 6802/10814, time remaining: 8m 9s
Rendered 6803/10814, time remaining: 8m 9s
Rendered 6804/10814, time remaining: 8m 9s
Rendered 6805/10814, time remaining: 8m 9s
Rendered 6806/10814, time remaining: 8m 9s
Rendered 6807/10814, time remaining: 8m 9s
Rendered 6808/10814, time remaining: 8m 8s
Rendered 6809/10814, time remaining: 8m 8s
Rendered 6810/10814, time remaining: 8m 8s
Rendered 6811/10814, time remaining: 8m 8s
Rendered 6812/10814, time remaining: 8m 8s
Rendered 6813/10814, time remaining: 8m 8s
Rendered 6814/10814, time remaining: 8m 8s
Rendered 6815/10814, time remaining: 8m 8s
Rendered 6816/10814, time remaining: 8m 8s
Rendered 6817/10814, time remaining: 8m 8s
Rendered 6818/10814, time remaining: 8m 7s
Rendered 6819/10814, time remaining: 8m 7s
Rendered 6820/10814, time remaining: 8m 7s
Rendered 6821/10814, time remaining: 8m 7s
Rendered 6822/10814, time remaining: 8m 7s
Rendered 6823/10814, time remaining: 8m 7s
Rendered 6824/10814, time remaining: 8m 7s
Rendered 6825/10814, time remaining: 8m 7s
Rendered 6826/10814, time remaining: 8m 6s
Rendered 6827/10814, time remaining: 8m 6s
Rendered 6828/10814, time remaining: 8m 6s
Rendered 6829/10814, time remaining: 8m 6s
Rendered 6830/10814, time remaining: 8m 6s
Rendered 6831/10814, time remaining: 8m 6s
Rendered 6832/10814, time remaining: 8m 6s
Rendered 6833/10814, time remaining: 8m 6s
Rendered 6834/10814, time remaining: 8m 5s
Rendered 6835/10814, time remaining: 8m 5s
Rendered 6836/10814, time remaining: 8m 5s
Rendered 6837/10814, time remaining: 8m 5s
Rendered 6838/10814, time remaining: 8m 5s
Rendered 6839/10814, time remaining: 8m 5s
Rendered 6840/10814, time remaining: 8m 5s
Rendered 6841/10814, time remaining: 8m 5s
Rendered 6842/10814, time remaining: 8m 4s
Rendered 6843/10814, time remaining: 8m 4s
Rendered 6844/10814, time remaining: 8m 4s
Rendered 6845/10814, time remaining: 8m 4s
Rendered 6846/10814, time remaining: 8m 4s
Rendered 6847/10814, time remaining: 8m 4s
Rendered 6848/10814, time remaining: 8m 4s
Rendered 6849/10814, time remaining: 8m 4s
Rendered 6850/10814, time remaining: 8m 3s
Rendered 6851/10814, time remaining: 8m 3s
Rendered 6852/10814, time remaining: 8m 3s
Rendered 6853/10814, time remaining: 8m 3s
Rendered 6854/10814, time remaining: 8m 3s
Rendered 6855/10814, time remaining: 8m 3s
Rendered 6856/10814, time remaining: 8m 3s
Rendered 6857/10814, time remaining: 8m 3s
Rendered 6858/10814, time remaining: 8m 2s
Rendered 6859/10814, time remaining: 8m 2s
Rendered 6860/10814, time remaining: 8m 2s
Rendered 6861/10814, time remaining: 8m 2s
Rendered 6862/10814, time remaining: 8m 2s
Rendered 6863/10814, time remaining: 8m 2s
Rendered 6864/10814, time remaining: 8m 2s
Rendered 6865/10814, time remaining: 8m 2s
Rendered 6866/10814, time remaining: 8m 2s
Rendered 6867/10814, time remaining: 8m 1s
Rendered 6868/10814, time remaining: 8m 1s
Rendered 6869/10814, time remaining: 8m 1s
Rendered 6870/10814, time remaining: 8m 1s
Rendered 6871/10814, time remaining: 8m 1s
Rendered 6872/10814, time remaining: 8m 1s
Rendered 6873/10814, time remaining: 8m 1s
Rendered 6874/10814, time remaining: 8m 1s
Rendered 6875/10814, time remaining: 8m 0s
Rendered 6876/10814, time remaining: 8m 0s
Rendered 6877/10814, time remaining: 8m 0s
Rendered 6878/10814, time remaining: 8m 0s
Rendered 6879/10814, time remaining: 8m 0s
Rendered 6880/10814, time remaining: 8m 0s
Rendered 6881/10814, time remaining: 8m 0s
Rendered 6882/10814, time remaining: 8m 0s
Rendered 6883/10814, time remaining: 7m 59s
Rendered 6884/10814, time remaining: 7m 59s
Rendered 6885/10814, time remaining: 7m 59s
Rendered 6886/10814, time remaining: 7m 59s
Rendered 6887/10814, time remaining: 7m 59s
Rendered 6888/10814, time remaining: 7m 59s
Rendered 6889/10814, time remaining: 7m 59s
Rendered 6890/10814, time remaining: 7m 59s
Rendered 6891/10814, time remaining: 7m 58s
Rendered 6892/10814, time remaining: 7m 58s
Rendered 6893/10814, time remaining: 7m 58s
Rendered 6894/10814, time remaining: 7m 58s
Rendered 6895/10814, time remaining: 7m 58s
Rendered 6896/10814, time remaining: 7m 58s
Rendered 6897/10814, time remaining: 7m 58s
Rendered 6898/10814, time remaining: 7m 58s
Rendered 6899/10814, time remaining: 7m 57s
Rendered 6900/10814, time remaining: 7m 57s
Rendered 6901/10814, time remaining: 7m 57s
Rendered 6902/10814, time remaining: 7m 57s
Rendered 6903/10814, time remaining: 7m 57s
Rendered 6904/10814, time remaining: 7m 57s
Rendered 6905/10814, time remaining: 7m 57s
Rendered 6906/10814, time remaining: 7m 57s
Rendered 6907/10814, time remaining: 7m 56s
Rendered 6908/10814, time remaining: 7m 56s
Rendered 6909/10814, time remaining: 7m 56s
Rendered 6910/10814, time remaining: 7m 56s
Rendered 6911/10814, time remaining: 7m 56s
Rendered 6912/10814, time remaining: 7m 56s
Rendered 6913/10814, time remaining: 7m 56s
Rendered 6914/10814, time remaining: 7m 56s
Rendered 6915/10814, time remaining: 7m 55s
Rendered 6916/10814, time remaining: 7m 55s
Rendered 6917/10814, time remaining: 7m 55s
Rendered 6918/10814, time remaining: 7m 55s
Rendered 6919/10814, time remaining: 7m 55s
Rendered 6920/10814, time remaining: 7m 55s
Rendered 6921/10814, time remaining: 7m 55s
Rendered 6922/10814, time remaining: 7m 55s
Rendered 6923/10814, time remaining: 7m 54s
Rendered 6924/10814, time remaining: 7m 54s
Rendered 6925/10814, time remaining: 7m 54s
Rendered 6926/10814, time remaining: 7m 54s
Rendered 6927/10814, time remaining: 7m 54s
Rendered 6928/10814, time remaining: 7m 54s
Rendered 6929/10814, time remaining: 7m 54s
Rendered 6930/10814, time remaining: 7m 53s
Rendered 6931/10814, time remaining: 7m 53s
Rendered 6932/10814, time remaining: 7m 53s
Rendered 6933/10814, time remaining: 7m 53s
Rendered 6934/10814, time remaining: 7m 53s
Rendered 6935/10814, time remaining: 7m 53s
Rendered 6936/10814, time remaining: 7m 53s
Rendered 6937/10814, time remaining: 7m 53s
Rendered 6938/10814, time remaining: 7m 52s
Rendered 6939/10814, time remaining: 7m 52s
Rendered 6940/10814, time remaining: 7m 52s
Rendered 6941/10814, time remaining: 7m 52s
Rendered 6942/10814, time remaining: 7m 52s
Rendered 6943/10814, time remaining: 7m 52s
Rendered 6944/10814, time remaining: 7m 52s
Rendered 6945/10814, time remaining: 7m 52s
Rendered 6946/10814, time remaining: 7m 51s
Rendered 6947/10814, time remaining: 7m 51s
Rendered 6948/10814, time remaining: 7m 51s
Rendered 6949/10814, time remaining: 7m 51s
Rendered 6950/10814, time remaining: 7m 51s
Rendered 6951/10814, time remaining: 7m 51s
Rendered 6952/10814, time remaining: 7m 51s
Rendered 6953/10814, time remaining: 7m 50s
Rendered 6954/10814, time remaining: 7m 50s
Rendered 6955/10814, time remaining: 7m 50s
Rendered 6956/10814, time remaining: 7m 50s
Rendered 6957/10814, time remaining: 7m 50s
Rendered 6958/10814, time remaining: 7m 50s
Rendered 6959/10814, time remaining: 7m 50s
Rendered 6960/10814, time remaining: 7m 50s
Rendered 6961/10814, time remaining: 7m 49s
Rendered 6962/10814, time remaining: 7m 49s
Rendered 6963/10814, time remaining: 7m 49s
Rendered 6964/10814, time remaining: 7m 49s
Rendered 6965/10814, time remaining: 7m 49s
Rendered 6966/10814, time remaining: 7m 49s
Rendered 6967/10814, time remaining: 7m 49s
Rendered 6968/10814, time remaining: 7m 49s
Rendered 6969/10814, time remaining: 7m 49s
Rendered 6970/10814, time remaining: 7m 48s
Rendered 6971/10814, time remaining: 7m 48s
Rendered 6972/10814, time remaining: 7m 48s
Rendered 6973/10814, time remaining: 7m 48s
Rendered 6974/10814, time remaining: 7m 48s
Rendered 6975/10814, time remaining: 7m 48s
Rendered 6976/10814, time remaining: 7m 48s
Rendered 6977/10814, time remaining: 7m 47s
Rendered 6978/10814, time remaining: 7m 47s
Rendered 6979/10814, time remaining: 7m 47s
Rendered 6980/10814, time remaining: 7m 47s
Rendered 6981/10814, time remaining: 7m 47s
Rendered 6982/10814, time remaining: 7m 47s
Rendered 6983/10814, time remaining: 7m 47s
Rendered 6984/10814, time remaining: 7m 47s
Rendered 6985/10814, time remaining: 7m 46s
Rendered 6986/10814, time remaining: 7m 46s
Rendered 6987/10814, time remaining: 7m 46s
Rendered 6988/10814, time remaining: 7m 46s
Rendered 6989/10814, time remaining: 7m 46s
Rendered 6990/10814, time remaining: 7m 46s
Rendered 6991/10814, time remaining: 7m 46s
Rendered 6992/10814, time remaining: 7m 46s
Rendered 6993/10814, time remaining: 7m 45s
Rendered 6994/10814, time remaining: 7m 45s
Rendered 6995/10814, time remaining: 7m 45s
Rendered 6996/10814, time remaining: 7m 45s
Rendered 6997/10814, time remaining: 7m 45s
Rendered 6998/10814, time remaining: 7m 45s
Rendered 6999/10814, time remaining: 7m 45s
Rendered 7000/10814, time remaining: 7m 45s
Rendered 7001/10814, time remaining: 7m 44s
Rendered 7002/10814, time remaining: 7m 44s
Rendered 7003/10814, time remaining: 7m 44s
Rendered 7004/10814, time remaining: 7m 44s
Rendered 7005/10814, time remaining: 7m 44s
Rendered 7006/10814, time remaining: 7m 44s
Rendered 7007/10814, time remaining: 7m 44s
Rendered 7008/10814, time remaining: 7m 44s
Rendered 7009/10814, time remaining: 7m 43s
Rendered 7010/10814, time remaining: 7m 43s
Rendered 7011/10814, time remaining: 7m 43s
Rendered 7012/10814, time remaining: 7m 43s
Rendered 7013/10814, time remaining: 7m 43s
Rendered 7014/10814, time remaining: 7m 43s
Rendered 7015/10814, time remaining: 7m 43s
Rendered 7016/10814, time remaining: 7m 42s
Rendered 7017/10814, time remaining: 7m 42s
Rendered 7018/10814, time remaining: 7m 42s
Rendered 7019/10814, time remaining: 7m 42s
Rendered 7020/10814, time remaining: 7m 42s
Rendered 7021/10814, time remaining: 7m 42s
Rendered 7022/10814, time remaining: 7m 42s
Rendered 7023/10814, time remaining: 7m 42s
Rendered 7024/10814, time remaining: 7m 41s
Rendered 7025/10814, time remaining: 7m 41s
Rendered 7026/10814, time remaining: 7m 41s
Rendered 7027/10814, time remaining: 7m 41s
Rendered 7028/10814, time remaining: 7m 41s
Rendered 7029/10814, time remaining: 7m 41s
Rendered 7030/10814, time remaining: 7m 41s
Rendered 7031/10814, time remaining: 7m 41s
Rendered 7032/10814, time remaining: 7m 40s
Rendered 7033/10814, time remaining: 7m 40s
Rendered 7034/10814, time remaining: 7m 40s
Rendered 7035/10814, time remaining: 7m 40s
Rendered 7036/10814, time remaining: 7m 40s
Rendered 7037/10814, time remaining: 7m 40s
Rendered 7038/10814, time remaining: 7m 40s
Rendered 7039/10814, time remaining: 7m 40s
Rendered 7040/10814, time remaining: 7m 40s
Rendered 7041/10814, time remaining: 7m 39s
Rendered 7042/10814, time remaining: 7m 39s
Rendered 7043/10814, time remaining: 7m 39s
Rendered 7044/10814, time remaining: 7m 39s
Rendered 7045/10814, time remaining: 7m 39s
Rendered 7046/10814, time remaining: 7m 39s
Rendered 7047/10814, time remaining: 7m 39s
Rendered 7048/10814, time remaining: 7m 38s
Rendered 7049/10814, time remaining: 7m 38s
Rendered 7050/10814, time remaining: 7m 38s
Rendered 7051/10814, time remaining: 7m 38s
Rendered 7052/10814, time remaining: 7m 38s
Rendered 7053/10814, time remaining: 7m 38s
Rendered 7054/10814, time remaining: 7m 38s
Rendered 7055/10814, time remaining: 7m 38s
Rendered 7056/10814, time remaining: 7m 38s
Rendered 7057/10814, time remaining: 7m 37s
Rendered 7058/10814, time remaining: 7m 37s
Rendered 7059/10814, time remaining: 7m 37s
Rendered 7060/10814, time remaining: 7m 37s
Rendered 7061/10814, time remaining: 7m 37s
Rendered 7062/10814, time remaining: 7m 37s
Rendered 7063/10814, time remaining: 7m 37s
Rendered 7064/10814, time remaining: 7m 37s
Rendered 7065/10814, time remaining: 7m 36s
Rendered 7066/10814, time remaining: 7m 36s
Rendered 7067/10814, time remaining: 7m 36s
Rendered 7068/10814, time remaining: 7m 36s
Rendered 7069/10814, time remaining: 7m 36s
Rendered 7070/10814, time remaining: 7m 36s
Rendered 7071/10814, time remaining: 7m 36s
Rendered 7072/10814, time remaining: 7m 36s
Rendered 7073/10814, time remaining: 7m 35s
Rendered 7074/10814, time remaining: 7m 35s
Rendered 7075/10814, time remaining: 7m 35s
Rendered 7076/10814, time remaining: 7m 35s
Rendered 7077/10814, time remaining: 7m 35s
Rendered 7078/10814, time remaining: 7m 35s
Rendered 7079/10814, time remaining: 7m 35s
Rendered 7080/10814, time remaining: 7m 34s
Rendered 7081/10814, time remaining: 7m 34s
Rendered 7082/10814, time remaining: 7m 34s
Rendered 7083/10814, time remaining: 7m 34s
Rendered 7084/10814, time remaining: 7m 34s
Rendered 7085/10814, time remaining: 7m 34s
Rendered 7086/10814, time remaining: 7m 34s
Rendered 7087/10814, time remaining: 7m 34s
Rendered 7088/10814, time remaining: 7m 33s
Rendered 7089/10814, time remaining: 7m 33s
Rendered 7090/10814, time remaining: 7m 33s
Rendered 7091/10814, time remaining: 7m 33s
Rendered 7092/10814, time remaining: 7m 33s
Rendered 7093/10814, time remaining: 7m 33s
Rendered 7094/10814, time remaining: 7m 33s
Rendered 7095/10814, time remaining: 7m 33s
Rendered 7096/10814, time remaining: 7m 32s
Rendered 7097/10814, time remaining: 7m 32s
Rendered 7098/10814, time remaining: 7m 32s
Rendered 7099/10814, time remaining: 7m 32s
Rendered 7100/10814, time remaining: 7m 32s
Rendered 7101/10814, time remaining: 7m 32s
Rendered 7102/10814, time remaining: 7m 32s
Rendered 7103/10814, time remaining: 7m 32s
Rendered 7104/10814, time remaining: 7m 31s
Rendered 7105/10814, time remaining: 7m 31s
Rendered 7106/10814, time remaining: 7m 31s
Rendered 7107/10814, time remaining: 7m 31s
Rendered 7108/10814, time remaining: 7m 31s
Rendered 7109/10814, time remaining: 7m 31s
Rendered 7110/10814, time remaining: 7m 31s
Rendered 7111/10814, time remaining: 7m 30s
Rendered 7112/10814, time remaining: 7m 30s
Rendered 7113/10814, time remaining: 7m 30s
Rendered 7114/10814, time remaining: 7m 30s
Rendered 7115/10814, time remaining: 7m 30s
Rendered 7116/10814, time remaining: 7m 30s
Rendered 7117/10814, time remaining: 7m 30s
Rendered 7118/10814, time remaining: 7m 30s
Rendered 7119/10814, time remaining: 7m 30s
Rendered 7120/10814, time remaining: 7m 29s
Rendered 7121/10814, time remaining: 7m 29s
Rendered 7122/10814, time remaining: 7m 29s
Rendered 7123/10814, time remaining: 7m 29s
Rendered 7124/10814, time remaining: 7m 29s
Rendered 7125/10814, time remaining: 7m 29s
Rendered 7126/10814, time remaining: 7m 29s
Rendered 7127/10814, time remaining: 7m 29s
Rendered 7128/10814, time remaining: 7m 29s
Rendered 7129/10814, time remaining: 7m 29s
Rendered 7130/10814, time remaining: 7m 29s
Rendered 7131/10814, time remaining: 7m 28s
Rendered 7132/10814, time remaining: 7m 28s
Rendered 7133/10814, time remaining: 7m 28s
Rendered 7134/10814, time remaining: 7m 28s
Rendered 7135/10814, time remaining: 7m 28s
Rendered 7136/10814, time remaining: 7m 28s
Rendered 7137/10814, time remaining: 7m 28s
Rendered 7138/10814, time remaining: 7m 28s
Rendered 7139/10814, time remaining: 7m 27s
Rendered 7140/10814, time remaining: 7m 27s
Rendered 7141/10814, time remaining: 7m 27s
Rendered 7142/10814, time remaining: 7m 27s
Rendered 7143/10814, time remaining: 7m 27s
Rendered 7144/10814, time remaining: 7m 27s
Rendered 7145/10814, time remaining: 7m 27s
Rendered 7146/10814, time remaining: 7m 27s
Rendered 7147/10814, time remaining: 7m 26s
Rendered 7148/10814, time remaining: 7m 26s
Rendered 7149/10814, time remaining: 7m 26s
Rendered 7150/10814, time remaining: 7m 26s
Rendered 7151/10814, time remaining: 7m 26s
Rendered 7152/10814, time remaining: 7m 26s
Rendered 7153/10814, time remaining: 7m 26s
Rendered 7154/10814, time remaining: 7m 26s
Rendered 7155/10814, time remaining: 7m 26s
Rendered 7156/10814, time remaining: 7m 25s
Rendered 7157/10814, time remaining: 7m 25s
Rendered 7158/10814, time remaining: 7m 25s
Rendered 7159/10814, time remaining: 7m 25s
Rendered 7160/10814, time remaining: 7m 25s
Rendered 7161/10814, time remaining: 7m 25s
Rendered 7162/10814, time remaining: 7m 25s
Rendered 7163/10814, time remaining: 7m 25s
Rendered 7164/10814, time remaining: 7m 24s
Rendered 7165/10814, time remaining: 7m 24s
Rendered 7166/10814, time remaining: 7m 24s
Rendered 7167/10814, time remaining: 7m 24s
Rendered 7168/10814, time remaining: 7m 24s
Rendered 7169/10814, time remaining: 7m 24s
Rendered 7170/10814, time remaining: 7m 24s
Rendered 7171/10814, time remaining: 7m 24s
Rendered 7172/10814, time remaining: 7m 24s
Rendered 7173/10814, time remaining: 7m 24s
Rendered 7174/10814, time remaining: 7m 24s
Rendered 7175/10814, time remaining: 7m 23s
Rendered 7176/10814, time remaining: 7m 23s
Rendered 7177/10814, time remaining: 7m 23s
Rendered 7178/10814, time remaining: 7m 23s
Rendered 7179/10814, time remaining: 7m 23s
Rendered 7180/10814, time remaining: 7m 23s
Rendered 7181/10814, time remaining: 7m 23s
Rendered 7182/10814, time remaining: 7m 23s
Rendered 7183/10814, time remaining: 7m 22s
Rendered 7184/10814, time remaining: 7m 22s
Rendered 7185/10814, time remaining: 7m 22s
Rendered 7186/10814, time remaining: 7m 22s
Rendered 7187/10814, time remaining: 7m 22s
Rendered 7188/10814, time remaining: 7m 22s
Rendered 7189/10814, time remaining: 7m 22s
Rendered 7190/10814, time remaining: 7m 22s
Rendered 7191/10814, time remaining: 7m 22s
Rendered 7192/10814, time remaining: 7m 21s
Rendered 7193/10814, time remaining: 7m 21s
Rendered 7194/10814, time remaining: 7m 21s
Rendered 7195/10814, time remaining: 7m 21s
Rendered 7196/10814, time remaining: 7m 21s
Rendered 7197/10814, time remaining: 7m 21s
Rendered 7198/10814, time remaining: 7m 21s
Rendered 7199/10814, time remaining: 7m 21s
Rendered 7200/10814, time remaining: 7m 21s
Rendered 7201/10814, time remaining: 7m 20s
Rendered 7202/10814, time remaining: 7m 20s
Rendered 7203/10814, time remaining: 7m 20s
Rendered 7204/10814, time remaining: 7m 20s
Rendered 7205/10814, time remaining: 7m 20s
Rendered 7206/10814, time remaining: 7m 20s
Rendered 7207/10814, time remaining: 7m 20s
Rendered 7208/10814, time remaining: 7m 20s
Rendered 7209/10814, time remaining: 7m 20s
Rendered 7210/10814, time remaining: 7m 19s
Rendered 7211/10814, time remaining: 7m 19s
Rendered 7212/10814, time remaining: 7m 19s
Rendered 7213/10814, time remaining: 7m 19s
Rendered 7214/10814, time remaining: 7m 19s
Rendered 7215/10814, time remaining: 7m 19s
Rendered 7216/10814, time remaining: 7m 19s
Rendered 7217/10814, time remaining: 7m 19s
Rendered 7218/10814, time remaining: 7m 19s
Rendered 7219/10814, time remaining: 7m 18s
Rendered 7220/10814, time remaining: 7m 18s
Rendered 7221/10814, time remaining: 7m 18s
Rendered 7222/10814, time remaining: 7m 18s
Rendered 7223/10814, time remaining: 7m 18s
Rendered 7224/10814, time remaining: 7m 18s
Rendered 7225/10814, time remaining: 7m 18s
Rendered 7226/10814, time remaining: 7m 18s
Rendered 7227/10814, time remaining: 7m 18s
Rendered 7228/10814, time remaining: 7m 17s
Rendered 7229/10814, time remaining: 7m 17s
Rendered 7230/10814, time remaining: 7m 17s
Rendered 7231/10814, time remaining: 7m 17s
Rendered 7232/10814, time remaining: 7m 17s
Rendered 7233/10814, time remaining: 7m 17s
Rendered 7234/10814, time remaining: 7m 17s
Rendered 7235/10814, time remaining: 7m 17s
Rendered 7236/10814, time remaining: 7m 16s
Rendered 7237/10814, time remaining: 7m 16s
Rendered 7238/10814, time remaining: 7m 16s
Rendered 7239/10814, time remaining: 7m 16s
Rendered 7240/10814, time remaining: 7m 16s
Rendered 7241/10814, time remaining: 7m 16s
Rendered 7242/10814, time remaining: 7m 16s
Rendered 7243/10814, time remaining: 7m 16s
Rendered 7244/10814, time remaining: 7m 16s
Rendered 7245/10814, time remaining: 7m 15s
Rendered 7246/10814, time remaining: 7m 15s
Rendered 7247/10814, time remaining: 7m 15s
Rendered 7248/10814, time remaining: 7m 15s
Rendered 7249/10814, time remaining: 7m 15s
Rendered 7250/10814, time remaining: 7m 15s
Rendered 7251/10814, time remaining: 7m 15s
Rendered 7252/10814, time remaining: 7m 15s
Rendered 7253/10814, time remaining: 7m 15s
Rendered 7254/10814, time remaining: 7m 14s
Rendered 7255/10814, time remaining: 7m 14s
Rendered 7256/10814, time remaining: 7m 14s
Rendered 7257/10814, time remaining: 7m 14s
Rendered 7258/10814, time remaining: 7m 14s
Rendered 7259/10814, time remaining: 7m 14s
Rendered 7260/10814, time remaining: 7m 14s
Rendered 7261/10814, time remaining: 7m 14s
Rendered 7262/10814, time remaining: 7m 14s
Rendered 7263/10814, time remaining: 7m 13s
Rendered 7264/10814, time remaining: 7m 13s
Rendered 7265/10814, time remaining: 7m 13s
Rendered 7266/10814, time remaining: 7m 13s
Rendered 7267/10814, time remaining: 7m 13s
Rendered 7268/10814, time remaining: 7m 13s
Rendered 7269/10814, time remaining: 7m 13s
Rendered 7270/10814, time remaining: 7m 13s
Rendered 7271/10814, time remaining: 7m 13s
Rendered 7272/10814, time remaining: 7m 12s
Rendered 7273/10814, time remaining: 7m 12s
Rendered 7274/10814, time remaining: 7m 12s
Rendered 7275/10814, time remaining: 7m 12s
Rendered 7276/10814, time remaining: 7m 12s
Rendered 7277/10814, time remaining: 7m 12s
Rendered 7278/10814, time remaining: 7m 12s
Rendered 7279/10814, time remaining: 7m 12s
Rendered 7280/10814, time remaining: 7m 12s
Rendered 7281/10814, time remaining: 7m 11s
Rendered 7282/10814, time remaining: 7m 11s
Rendered 7283/10814, time remaining: 7m 11s
Rendered 7284/10814, time remaining: 7m 11s
Rendered 7285/10814, time remaining: 7m 11s
Rendered 7286/10814, time remaining: 7m 11s
Rendered 7287/10814, time remaining: 7m 11s
Rendered 7288/10814, time remaining: 7m 11s
Rendered 7289/10814, time remaining: 7m 10s
Rendered 7290/10814, time remaining: 7m 10s
Rendered 7291/10814, time remaining: 7m 10s
Rendered 7292/10814, time remaining: 7m 10s
Rendered 7293/10814, time remaining: 7m 10s
Rendered 7294/10814, time remaining: 7m 10s
Rendered 7295/10814, time remaining: 7m 10s
Rendered 7296/10814, time remaining: 7m 10s
Rendered 7297/10814, time remaining: 7m 9s
Rendered 7298/10814, time remaining: 7m 9s
Rendered 7299/10814, time remaining: 7m 9s
Rendered 7300/10814, time remaining: 7m 9s
Rendered 7301/10814, time remaining: 7m 9s
Rendered 7302/10814, time remaining: 7m 9s
Rendered 7303/10814, time remaining: 7m 9s
Rendered 7304/10814, time remaining: 7m 9s
Rendered 7305/10814, time remaining: 7m 9s
Rendered 7306/10814, time remaining: 7m 9s
Rendered 7307/10814, time remaining: 7m 8s
Rendered 7308/10814, time remaining: 7m 8s
Rendered 7309/10814, time remaining: 7m 8s
Rendered 7310/10814, time remaining: 7m 8s
Rendered 7311/10814, time remaining: 7m 8s
Rendered 7312/10814, time remaining: 7m 8s
Rendered 7313/10814, time remaining: 7m 8s
Rendered 7314/10814, time remaining: 7m 8s
Rendered 7315/10814, time remaining: 7m 8s
Rendered 7316/10814, time remaining: 7m 7s
Rendered 7317/10814, time remaining: 7m 7s
Rendered 7318/10814, time remaining: 7m 7s
Rendered 7319/10814, time remaining: 7m 7s
Rendered 7320/10814, time remaining: 7m 7s
Rendered 7321/10814, time remaining: 7m 7s
Rendered 7322/10814, time remaining: 7m 7s
Rendered 7323/10814, time remaining: 7m 7s
Rendered 7324/10814, time remaining: 7m 7s
Rendered 7325/10814, time remaining: 7m 6s
Rendered 7326/10814, time remaining: 7m 6s
Rendered 7327/10814, time remaining: 7m 6s
Rendered 7328/10814, time remaining: 7m 6s
Rendered 7329/10814, time remaining: 7m 6s
Rendered 7330/10814, time remaining: 7m 6s
Rendered 7331/10814, time remaining: 7m 6s
Rendered 7332/10814, time remaining: 7m 6s
Rendered 7333/10814, time remaining: 7m 5s
Rendered 7334/10814, time remaining: 7m 5s
Rendered 7335/10814, time remaining: 7m 5s
Rendered 7336/10814, time remaining: 7m 5s
Rendered 7337/10814, time remaining: 7m 5s
Rendered 7338/10814, time remaining: 7m 5s
Rendered 7339/10814, time remaining: 7m 5s
Rendered 7340/10814, time remaining: 7m 5s
Rendered 7341/10814, time remaining: 7m 5s
Rendered 7342/10814, time remaining: 7m 4s
Rendered 7343/10814, time remaining: 7m 4s
Rendered 7344/10814, time remaining: 7m 4s
Rendered 7345/10814, time remaining: 7m 4s
Rendered 7346/10814, time remaining: 7m 4s
Rendered 7347/10814, time remaining: 7m 4s
Rendered 7348/10814, time remaining: 7m 4s
Rendered 7349/10814, time remaining: 7m 4s
Rendered 7350/10814, time remaining: 7m 3s
Rendered 7351/10814, time remaining: 7m 3s
Rendered 7352/10814, time remaining: 7m 3s
Rendered 7353/10814, time remaining: 7m 3s
Rendered 7354/10814, time remaining: 7m 3s
Rendered 7355/10814, time remaining: 7m 3s
Rendered 7356/10814, time remaining: 7m 3s
Rendered 7357/10814, time remaining: 7m 3s
Rendered 7358/10814, time remaining: 7m 3s
Rendered 7359/10814, time remaining: 7m 2s
Rendered 7360/10814, time remaining: 7m 2s
Rendered 7361/10814, time remaining: 7m 2s
Rendered 7362/10814, time remaining: 7m 2s
Rendered 7363/10814, time remaining: 7m 2s
Rendered 7364/10814, time remaining: 7m 2s
Rendered 7365/10814, time remaining: 7m 2s
Rendered 7366/10814, time remaining: 7m 2s
Rendered 7367/10814, time remaining: 7m 1s
Rendered 7368/10814, time remaining: 7m 1s
Rendered 7369/10814, time remaining: 7m 1s
Rendered 7370/10814, time remaining: 7m 1s
Rendered 7371/10814, time remaining: 7m 1s
Rendered 7372/10814, time remaining: 7m 1s
Rendered 7373/10814, time remaining: 7m 1s
Rendered 7374/10814, time remaining: 7m 1s
Rendered 7375/10814, time remaining: 7m 1s
Rendered 7376/10814, time remaining: 7m 0s
Rendered 7377/10814, time remaining: 7m 0s
Rendered 7378/10814, time remaining: 7m 0s
Rendered 7379/10814, time remaining: 7m 0s
Rendered 7380/10814, time remaining: 7m 0s
Rendered 7381/10814, time remaining: 7m 0s
Rendered 7382/10814, time remaining: 7m 0s
Rendered 7383/10814, time remaining: 7m 0s
Rendered 7384/10814, time remaining: 7m 0s
Rendered 7385/10814, time remaining: 6m 59s
Rendered 7386/10814, time remaining: 6m 59s
Rendered 7387/10814, time remaining: 6m 59s
Rendered 7388/10814, time remaining: 6m 59s
Rendered 7389/10814, time remaining: 6m 59s
Rendered 7390/10814, time remaining: 6m 59s
Rendered 7391/10814, time remaining: 6m 59s
Rendered 7392/10814, time remaining: 6m 59s
Rendered 7393/10814, time remaining: 6m 58s
Rendered 7394/10814, time remaining: 6m 58s
Rendered 7395/10814, time remaining: 6m 58s
Rendered 7396/10814, time remaining: 6m 58s
Rendered 7397/10814, time remaining: 6m 58s
Rendered 7398/10814, time remaining: 6m 58s
Rendered 7399/10814, time remaining: 6m 58s
Rendered 7400/10814, time remaining: 6m 58s
Rendered 7401/10814, time remaining: 6m 58s
Rendered 7402/10814, time remaining: 6m 57s
Rendered 7403/10814, time remaining: 6m 57s
Rendered 7404/10814, time remaining: 6m 57s
Rendered 7405/10814, time remaining: 6m 57s
Rendered 7406/10814, time remaining: 6m 57s
Rendered 7407/10814, time remaining: 6m 57s
Rendered 7408/10814, time remaining: 6m 57s
Rendered 7409/10814, time remaining: 6m 57s
Rendered 7410/10814, time remaining: 6m 57s
Rendered 7411/10814, time remaining: 6m 56s
Rendered 7412/10814, time remaining: 6m 56s
Rendered 7413/10814, time remaining: 6m 56s
Rendered 7414/10814, time remaining: 6m 56s
Rendered 7415/10814, time remaining: 6m 56s
Rendered 7416/10814, time remaining: 6m 56s
Rendered 7417/10814, time remaining: 6m 56s
Rendered 7418/10814, time remaining: 6m 56s
Rendered 7419/10814, time remaining: 6m 55s
Rendered 7420/10814, time remaining: 6m 55s
Rendered 7421/10814, time remaining: 6m 55s
Rendered 7422/10814, time remaining: 6m 55s
Rendered 7423/10814, time remaining: 6m 55s
Rendered 7424/10814, time remaining: 6m 55s
Rendered 7425/10814, time remaining: 6m 55s
Rendered 7426/10814, time remaining: 6m 55s
Rendered 7427/10814, time remaining: 6m 55s
Rendered 7428/10814, time remaining: 6m 54s
Rendered 7429/10814, time remaining: 6m 54s
Rendered 7430/10814, time remaining: 6m 54s
Rendered 7431/10814, time remaining: 6m 54s
Rendered 7432/10814, time remaining: 6m 54s
Rendered 7433/10814, time remaining: 6m 54s
Rendered 7434/10814, time remaining: 6m 54s
Rendered 7435/10814, time remaining: 6m 54s
Rendered 7436/10814, time remaining: 6m 53s
Rendered 7437/10814, time remaining: 6m 53s
Rendered 7438/10814, time remaining: 6m 53s
Rendered 7439/10814, time remaining: 6m 53s
Rendered 7440/10814, time remaining: 6m 53s
Rendered 7441/10814, time remaining: 6m 53s
Rendered 7442/10814, time remaining: 6m 53s
Rendered 7443/10814, time remaining: 6m 53s
Rendered 7444/10814, time remaining: 6m 53s
Rendered 7445/10814, time remaining: 6m 52s
Rendered 7446/10814, time remaining: 6m 52s
Rendered 7447/10814, time remaining: 6m 52s
Rendered 7448/10814, time remaining: 6m 52s
Rendered 7449/10814, time remaining: 6m 52s
Rendered 7450/10814, time remaining: 6m 52s
Rendered 7451/10814, time remaining: 6m 52s
Rendered 7452/10814, time remaining: 6m 52s
Rendered 7453/10814, time remaining: 6m 51s
Rendered 7454/10814, time remaining: 6m 51s
Rendered 7455/10814, time remaining: 6m 51s
Rendered 7456/10814, time remaining: 6m 51s
Rendered 7457/10814, time remaining: 6m 51s
Rendered 7458/10814, time remaining: 6m 51s
Rendered 7459/10814, time remaining: 6m 51s
Rendered 7460/10814, time remaining: 6m 51s
Rendered 7461/10814, time remaining: 6m 51s
Rendered 7462/10814, time remaining: 6m 50s
Rendered 7463/10814, time remaining: 6m 50s
Rendered 7464/10814, time remaining: 6m 50s
Rendered 7465/10814, time remaining: 6m 50s
Rendered 7466/10814, time remaining: 6m 50s
Rendered 7467/10814, time remaining: 6m 50s
Rendered 7468/10814, time remaining: 6m 50s
Rendered 7469/10814, time remaining: 6m 50s
Rendered 7470/10814, time remaining: 6m 50s
Rendered 7471/10814, time remaining: 6m 49s
Rendered 7472/10814, time remaining: 6m 49s
Rendered 7473/10814, time remaining: 6m 49s
Rendered 7474/10814, time remaining: 6m 49s
Rendered 7475/10814, time remaining: 6m 49s
Rendered 7476/10814, time remaining: 6m 49s
Rendered 7477/10814, time remaining: 6m 49s
Rendered 7478/10814, time remaining: 6m 49s
Rendered 7479/10814, time remaining: 6m 48s
Rendered 7480/10814, time remaining: 6m 48s
Rendered 7481/10814, time remaining: 6m 48s
Rendered 7482/10814, time remaining: 6m 48s
Rendered 7483/10814, time remaining: 6m 48s
Rendered 7484/10814, time remaining: 6m 48s
Rendered 7485/10814, time remaining: 6m 48s
Rendered 7486/10814, time remaining: 6m 48s
Rendered 7487/10814, time remaining: 6m 47s
Rendered 7488/10814, time remaining: 6m 47s
Rendered 7489/10814, time remaining: 6m 47s
Rendered 7490/10814, time remaining: 6m 47s
Rendered 7491/10814, time remaining: 6m 47s
Rendered 7492/10814, time remaining: 6m 47s
Rendered 7493/10814, time remaining: 6m 47s
Rendered 7494/10814, time remaining: 6m 47s
Rendered 7495/10814, time remaining: 6m 46s
Rendered 7496/10814, time remaining: 6m 46s
Rendered 7497/10814, time remaining: 6m 46s
Rendered 7498/10814, time remaining: 6m 46s
Rendered 7499/10814, time remaining: 6m 46s
Rendered 7500/10814, time remaining: 6m 46s
Rendered 7501/10814, time remaining: 6m 46s
Rendered 7502/10814, time remaining: 6m 46s
Rendered 7503/10814, time remaining: 6m 46s
Rendered 7504/10814, time remaining: 6m 45s
Rendered 7505/10814, time remaining: 6m 45s
Rendered 7506/10814, time remaining: 6m 45s
Rendered 7507/10814, time remaining: 6m 45s
Rendered 7508/10814, time remaining: 6m 45s
Rendered 7509/10814, time remaining: 6m 45s
Rendered 7510/10814, time remaining: 6m 45s
Rendered 7511/10814, time remaining: 6m 45s
Rendered 7512/10814, time remaining: 6m 44s
Rendered 7513/10814, time remaining: 6m 44s
Rendered 7514/10814, time remaining: 6m 44s
Rendered 7515/10814, time remaining: 6m 44s
Rendered 7516/10814, time remaining: 6m 44s
Rendered 7517/10814, time remaining: 6m 44s
Rendered 7518/10814, time remaining: 6m 44s
Rendered 7519/10814, time remaining: 6m 44s
Rendered 7520/10814, time remaining: 6m 44s
Rendered 7521/10814, time remaining: 6m 43s
Rendered 7522/10814, time remaining: 6m 43s
Rendered 7523/10814, time remaining: 6m 43s
Rendered 7524/10814, time remaining: 6m 43s
Rendered 7525/10814, time remaining: 6m 43s
Rendered 7526/10814, time remaining: 6m 43s
Rendered 7527/10814, time remaining: 6m 43s
Rendered 7528/10814, time remaining: 6m 43s
Rendered 7529/10814, time remaining: 6m 43s
Rendered 7530/10814, time remaining: 6m 42s
Rendered 7531/10814, time remaining: 6m 42s
Rendered 7532/10814, time remaining: 6m 42s
Rendered 7533/10814, time remaining: 6m 42s
Rendered 7534/10814, time remaining: 6m 42s
Rendered 7535/10814, time remaining: 6m 42s
Rendered 7536/10814, time remaining: 6m 42s
Rendered 7537/10814, time remaining: 6m 42s
Rendered 7538/10814, time remaining: 6m 41s
Rendered 7539/10814, time remaining: 6m 41s
Rendered 7540/10814, time remaining: 6m 41s
Rendered 7541/10814, time remaining: 6m 41s
Rendered 7542/10814, time remaining: 6m 41s
Rendered 7543/10814, time remaining: 6m 41s
Rendered 7544/10814, time remaining: 6m 41s
Rendered 7545/10814, time remaining: 6m 41s
Rendered 7546/10814, time remaining: 6m 41s
Rendered 7547/10814, time remaining: 6m 40s
Rendered 7548/10814, time remaining: 6m 40s
Rendered 7549/10814, time remaining: 6m 40s
Rendered 7550/10814, time remaining: 6m 40s
Rendered 7551/10814, time remaining: 6m 40s
Rendered 7552/10814, time remaining: 6m 40s
Rendered 7553/10814, time remaining: 6m 40s
Rendered 7554/10814, time remaining: 6m 40s
Rendered 7555/10814, time remaining: 6m 39s
Rendered 7556/10814, time remaining: 6m 39s
Rendered 7557/10814, time remaining: 6m 39s
Rendered 7558/10814, time remaining: 6m 39s
Rendered 7559/10814, time remaining: 6m 39s
Rendered 7560/10814, time remaining: 6m 39s
Rendered 7561/10814, time remaining: 6m 39s
Rendered 7562/10814, time remaining: 6m 39s
Rendered 7563/10814, time remaining: 6m 38s
Rendered 7564/10814, time remaining: 6m 38s
Rendered 7565/10814, time remaining: 6m 38s
Rendered 7566/10814, time remaining: 6m 38s
Rendered 7567/10814, time remaining: 6m 38s
Rendered 7568/10814, time remaining: 6m 38s
Rendered 7569/10814, time remaining: 6m 38s
Rendered 7570/10814, time remaining: 6m 38s
Rendered 7571/10814, time remaining: 6m 38s
Rendered 7572/10814, time remaining: 6m 37s
Rendered 7573/10814, time remaining: 6m 37s
Rendered 7574/10814, time remaining: 6m 37s
Rendered 7575/10814, time remaining: 6m 37s
Rendered 7576/10814, time remaining: 6m 37s
Rendered 7577/10814, time remaining: 6m 37s
Rendered 7578/10814, time remaining: 6m 37s
Rendered 7579/10814, time remaining: 6m 37s
Rendered 7580/10814, time remaining: 6m 36s
Rendered 7581/10814, time remaining: 6m 36s
Rendered 7582/10814, time remaining: 6m 36s
Rendered 7583/10814, time remaining: 6m 36s
Rendered 7584/10814, time remaining: 6m 36s
Rendered 7585/10814, time remaining: 6m 36s
Rendered 7586/10814, time remaining: 6m 36s
Rendered 7587/10814, time remaining: 6m 36s
Rendered 7588/10814, time remaining: 6m 36s
Rendered 7589/10814, time remaining: 6m 35s
Rendered 7590/10814, time remaining: 6m 35s
Rendered 7591/10814, time remaining: 6m 35s
Rendered 7592/10814, time remaining: 6m 35s
Rendered 7593/10814, time remaining: 6m 35s
Rendered 7594/10814, time remaining: 6m 35s
Rendered 7595/10814, time remaining: 6m 35s
Rendered 7596/10814, time remaining: 6m 35s
Rendered 7597/10814, time remaining: 6m 34s
Rendered 7598/10814, time remaining: 6m 34s
Rendered 7599/10814, time remaining: 6m 34s
Rendered 7600/10814, time remaining: 6m 34s
Rendered 7601/10814, time remaining: 6m 34s
Rendered 7602/10814, time remaining: 6m 34s
Rendered 7603/10814, time remaining: 6m 34s
Rendered 7604/10814, time remaining: 6m 34s
Rendered 7605/10814, time remaining: 6m 34s
Rendered 7606/10814, time remaining: 6m 34s
Rendered 7607/10814, time remaining: 6m 33s
Rendered 7608/10814, time remaining: 6m 33s
Rendered 7609/10814, time remaining: 6m 33s
Rendered 7610/10814, time remaining: 6m 33s
Rendered 7611/10814, time remaining: 6m 33s
Rendered 7612/10814, time remaining: 6m 33s
Rendered 7613/10814, time remaining: 6m 33s
Rendered 7614/10814, time remaining: 6m 33s
Rendered 7615/10814, time remaining: 6m 32s
Rendered 7616/10814, time remaining: 6m 32s
Rendered 7617/10814, time remaining: 6m 32s
Rendered 7618/10814, time remaining: 6m 32s
Rendered 7619/10814, time remaining: 6m 32s
Rendered 7620/10814, time remaining: 6m 32s
Rendered 7621/10814, time remaining: 6m 32s
Rendered 7622/10814, time remaining: 6m 32s
Rendered 7623/10814, time remaining: 6m 32s
Rendered 7624/10814, time remaining: 6m 32s
Rendered 7625/10814, time remaining: 6m 31s
Rendered 7626/10814, time remaining: 6m 31s
Rendered 7627/10814, time remaining: 6m 31s
Rendered 7628/10814, time remaining: 6m 31s
Rendered 7629/10814, time remaining: 6m 31s
Rendered 7630/10814, time remaining: 6m 31s
Rendered 7631/10814, time remaining: 6m 31s
Rendered 7632/10814, time remaining: 6m 31s
Rendered 7633/10814, time remaining: 6m 30s
Rendered 7634/10814, time remaining: 6m 30s
Rendered 7635/10814, time remaining: 6m 30s
Rendered 7636/10814, time remaining: 6m 30s
Rendered 7637/10814, time remaining: 6m 30s
Rendered 7638/10814, time remaining: 6m 30s
Rendered 7639/10814, time remaining: 6m 30s
Rendered 7640/10814, time remaining: 6m 30s
Rendered 7641/10814, time remaining: 6m 30s
Rendered 7642/10814, time remaining: 6m 30s
Rendered 7643/10814, time remaining: 6m 29s
Rendered 7644/10814, time remaining: 6m 29s
Rendered 7645/10814, time remaining: 6m 29s
Rendered 7646/10814, time remaining: 6m 29s
Rendered 7647/10814, time remaining: 6m 29s
Rendered 7648/10814, time remaining: 6m 29s
Rendered 7649/10814, time remaining: 6m 29s
Rendered 7650/10814, time remaining: 6m 29s
Rendered 7651/10814, time remaining: 6m 29s
Rendered 7652/10814, time remaining: 6m 28s
Rendered 7653/10814, time remaining: 6m 28s
Rendered 7654/10814, time remaining: 6m 28s
Rendered 7655/10814, time remaining: 6m 28s
Rendered 7656/10814, time remaining: 6m 28s
Rendered 7657/10814, time remaining: 6m 28s
Rendered 7658/10814, time remaining: 6m 28s
Rendered 7659/10814, time remaining: 6m 28s
Rendered 7660/10814, time remaining: 6m 27s
Rendered 7661/10814, time remaining: 6m 27s
Rendered 7662/10814, time remaining: 6m 27s
Rendered 7663/10814, time remaining: 6m 27s
Rendered 7664/10814, time remaining: 6m 27s
Rendered 7665/10814, time remaining: 6m 27s
Rendered 7666/10814, time remaining: 6m 27s
Rendered 7667/10814, time remaining: 6m 27s
Rendered 7668/10814, time remaining: 6m 27s
Rendered 7669/10814, time remaining: 6m 26s
Rendered 7670/10814, time remaining: 6m 26s
Rendered 7671/10814, time remaining: 6m 26s
Rendered 7672/10814, time remaining: 6m 26s
Rendered 7673/10814, time remaining: 6m 26s
Rendered 7674/10814, time remaining: 6m 26s
Rendered 7675/10814, time remaining: 6m 26s
Rendered 7676/10814, time remaining: 6m 26s
Rendered 7677/10814, time remaining: 6m 25s
Rendered 7678/10814, time remaining: 6m 25s
Rendered 7679/10814, time remaining: 6m 25s
Rendered 7680/10814, time remaining: 6m 25s
Rendered 7681/10814, time remaining: 6m 25s
Rendered 7682/10814, time remaining: 6m 25s
Rendered 7683/10814, time remaining: 6m 25s
Rendered 7684/10814, time remaining: 6m 25s
Rendered 7685/10814, time remaining: 6m 25s
Rendered 7686/10814, time remaining: 6m 24s
Rendered 7687/10814, time remaining: 6m 24s
Rendered 7688/10814, time remaining: 6m 24s
Rendered 7689/10814, time remaining: 6m 24s
Rendered 7690/10814, time remaining: 6m 24s
Rendered 7691/10814, time remaining: 6m 24s
Rendered 7692/10814, time remaining: 6m 24s
Rendered 7693/10814, time remaining: 6m 24s
Rendered 7694/10814, time remaining: 6m 24s
Rendered 7695/10814, time remaining: 6m 24s
Rendered 7696/10814, time remaining: 6m 23s
Rendered 7697/10814, time remaining: 6m 23s
Rendered 7698/10814, time remaining: 6m 23s
Rendered 7699/10814, time remaining: 6m 23s
Rendered 7700/10814, time remaining: 6m 23s
Rendered 7701/10814, time remaining: 6m 23s
Rendered 7702/10814, time remaining: 6m 23s
Rendered 7703/10814, time remaining: 6m 23s
Rendered 7704/10814, time remaining: 6m 23s
Rendered 7705/10814, time remaining: 6m 22s
Rendered 7706/10814, time remaining: 6m 22s
Rendered 7707/10814, time remaining: 6m 22s
Rendered 7708/10814, time remaining: 6m 22s
Rendered 7709/10814, time remaining: 6m 22s
Rendered 7710/10814, time remaining: 6m 22s
Rendered 7711/10814, time remaining: 6m 22s
Rendered 7712/10814, time remaining: 6m 22s
Rendered 7713/10814, time remaining: 6m 22s
Rendered 7714/10814, time remaining: 6m 21s
Rendered 7715/10814, time remaining: 6m 21s
Rendered 7716/10814, time remaining: 6m 21s
Rendered 7717/10814, time remaining: 6m 21s
Rendered 7718/10814, time remaining: 6m 21s
Rendered 7719/10814, time remaining: 6m 21s
Rendered 7720/10814, time remaining: 6m 21s
Rendered 7721/10814, time remaining: 6m 21s
Rendered 7722/10814, time remaining: 6m 21s
Rendered 7723/10814, time remaining: 6m 20s
Rendered 7724/10814, time remaining: 6m 20s
Rendered 7725/10814, time remaining: 6m 20s
Rendered 7726/10814, time remaining: 6m 20s
Rendered 7727/10814, time remaining: 6m 20s
Rendered 7728/10814, time remaining: 6m 20s
Rendered 7729/10814, time remaining: 6m 20s
Rendered 7730/10814, time remaining: 6m 20s
Rendered 7731/10814, time remaining: 6m 20s
Rendered 7732/10814, time remaining: 6m 19s
Rendered 7733/10814, time remaining: 6m 19s
Rendered 7734/10814, time remaining: 6m 19s
Rendered 7735/10814, time remaining: 6m 19s
Rendered 7736/10814, time remaining: 6m 19s
Rendered 7737/10814, time remaining: 6m 19s
Rendered 7738/10814, time remaining: 6m 19s
Rendered 7739/10814, time remaining: 6m 19s
Rendered 7740/10814, time remaining: 6m 19s
Rendered 7741/10814, time remaining: 6m 18s
Rendered 7742/10814, time remaining: 6m 18s
Rendered 7743/10814, time remaining: 6m 18s
Rendered 7744/10814, time remaining: 6m 18s
Rendered 7745/10814, time remaining: 6m 18s
Rendered 7746/10814, time remaining: 6m 18s
Rendered 7747/10814, time remaining: 6m 18s
Rendered 7748/10814, time remaining: 6m 18s
Rendered 7749/10814, time remaining: 6m 17s
Rendered 7750/10814, time remaining: 6m 17s
Rendered 7751/10814, time remaining: 6m 17s
Rendered 7752/10814, time remaining: 6m 17s
Rendered 7753/10814, time remaining: 6m 17s
Rendered 7754/10814, time remaining: 6m 17s
Rendered 7755/10814, time remaining: 6m 17s
Rendered 7756/10814, time remaining: 6m 17s
Rendered 7757/10814, time remaining: 6m 17s
Rendered 7758/10814, time remaining: 6m 16s
Rendered 7759/10814, time remaining: 6m 16s
Rendered 7760/10814, time remaining: 6m 16s
Rendered 7761/10814, time remaining: 6m 16s
Rendered 7762/10814, time remaining: 6m 16s
Rendered 7763/10814, time remaining: 6m 16s
Rendered 7764/10814, time remaining: 6m 16s
Rendered 7765/10814, time remaining: 6m 16s
Rendered 7766/10814, time remaining: 6m 16s
Rendered 7767/10814, time remaining: 6m 15s
Rendered 7768/10814, time remaining: 6m 15s
Rendered 7769/10814, time remaining: 6m 15s
Rendered 7770/10814, time remaining: 6m 15s
Rendered 7771/10814, time remaining: 6m 15s
Rendered 7772/10814, time remaining: 6m 15s
Rendered 7773/10814, time remaining: 6m 15s
Rendered 7774/10814, time remaining: 6m 15s
Rendered 7775/10814, time remaining: 6m 14s
Rendered 7776/10814, time remaining: 6m 14s
Rendered 7777/10814, time remaining: 6m 14s
Rendered 7778/10814, time remaining: 6m 14s
Rendered 7779/10814, time remaining: 6m 14s
Rendered 7780/10814, time remaining: 6m 14s
Rendered 7781/10814, time remaining: 6m 14s
Rendered 7782/10814, time remaining: 6m 14s
Rendered 7783/10814, time remaining: 6m 13s
Rendered 7784/10814, time remaining: 6m 13s
Rendered 7785/10814, time remaining: 6m 13s
Rendered 7786/10814, time remaining: 6m 13s
Rendered 7787/10814, time remaining: 6m 13s
Rendered 7788/10814, time remaining: 6m 13s
Rendered 7789/10814, time remaining: 6m 13s
Rendered 7790/10814, time remaining: 6m 13s
Rendered 7791/10814, time remaining: 6m 13s
Rendered 7792/10814, time remaining: 6m 12s
Rendered 7793/10814, time remaining: 6m 12s
Rendered 7794/10814, time remaining: 6m 12s
Rendered 7795/10814, time remaining: 6m 12s
Rendered 7796/10814, time remaining: 6m 12s
Rendered 7797/10814, time remaining: 6m 12s
Rendered 7798/10814, time remaining: 6m 12s
Rendered 7799/10814, time remaining: 6m 12s
Rendered 7800/10814, time remaining: 6m 11s
Rendered 7801/10814, time remaining: 6m 11s
Rendered 7802/10814, time remaining: 6m 11s
Rendered 7803/10814, time remaining: 6m 11s
Rendered 7804/10814, time remaining: 6m 11s
Rendered 7805/10814, time remaining: 6m 11s
Rendered 7806/10814, time remaining: 6m 11s
Rendered 7807/10814, time remaining: 6m 11s
Rendered 7808/10814, time remaining: 6m 10s
Rendered 7809/10814, time remaining: 6m 10s
Rendered 7810/10814, time remaining: 6m 10s
Rendered 7811/10814, time remaining: 6m 10s
Rendered 7812/10814, time remaining: 6m 10s
Rendered 7813/10814, time remaining: 6m 10s
Rendered 7814/10814, time remaining: 6m 10s
Rendered 7815/10814, time remaining: 6m 10s
Rendered 7816/10814, time remaining: 6m 10s
Rendered 7817/10814, time remaining: 6m 9s
Rendered 7818/10814, time remaining: 6m 9s
Rendered 7819/10814, time remaining: 6m 9s
Rendered 7820/10814, time remaining: 6m 9s
Rendered 7821/10814, time remaining: 6m 9s
Rendered 7822/10814, time remaining: 6m 9s
Rendered 7823/10814, time remaining: 6m 9s
Rendered 7824/10814, time remaining: 6m 9s
Rendered 7825/10814, time remaining: 6m 9s
Rendered 7826/10814, time remaining: 6m 8s
Rendered 7827/10814, time remaining: 6m 8s
Rendered 7828/10814, time remaining: 6m 8s
Rendered 7829/10814, time remaining: 6m 8s
Rendered 7830/10814, time remaining: 6m 8s
Rendered 7831/10814, time remaining: 6m 8s
Rendered 7832/10814, time remaining: 6m 8s
Rendered 7833/10814, time remaining: 6m 8s
Rendered 7834/10814, time remaining: 6m 8s
Rendered 7835/10814, time remaining: 6m 7s
Rendered 7836/10814, time remaining: 6m 7s
Rendered 7837/10814, time remaining: 6m 7s
Rendered 7838/10814, time remaining: 6m 7s
Rendered 7839/10814, time remaining: 6m 7s
Rendered 7840/10814, time remaining: 6m 7s
Rendered 7841/10814, time remaining: 6m 7s
Rendered 7842/10814, time remaining: 6m 7s
Rendered 7843/10814, time remaining: 6m 6s
Rendered 7844/10814, time remaining: 6m 6s
Rendered 7845/10814, time remaining: 6m 6s
Rendered 7846/10814, time remaining: 6m 6s
Rendered 7847/10814, time remaining: 6m 6s
Rendered 7848/10814, time remaining: 6m 6s
Rendered 7849/10814, time remaining: 6m 6s
Rendered 7850/10814, time remaining: 6m 6s
Rendered 7851/10814, time remaining: 6m 5s
Rendered 7852/10814, time remaining: 6m 5s
Rendered 7853/10814, time remaining: 6m 5s
Rendered 7854/10814, time remaining: 6m 5s
Rendered 7855/10814, time remaining: 6m 5s
Rendered 7856/10814, time remaining: 6m 5s
Rendered 7857/10814, time remaining: 6m 5s
Rendered 7858/10814, time remaining: 6m 5s
Rendered 7859/10814, time remaining: 6m 5s
Rendered 7860/10814, time remaining: 6m 4s
Rendered 7861/10814, time remaining: 6m 4s
Rendered 7862/10814, time remaining: 6m 4s
Rendered 7863/10814, time remaining: 6m 4s
Rendered 7864/10814, time remaining: 6m 4s
Rendered 7865/10814, time remaining: 6m 4s
Rendered 7866/10814, time remaining: 6m 4s
Rendered 7867/10814, time remaining: 6m 4s
Rendered 7868/10814, time remaining: 6m 3s
Rendered 7869/10814, time remaining: 6m 3s
Rendered 7870/10814, time remaining: 6m 3s
Rendered 7871/10814, time remaining: 6m 3s
Rendered 7872/10814, time remaining: 6m 3s
Rendered 7873/10814, time remaining: 6m 3s
Rendered 7874/10814, time remaining: 6m 3s
Rendered 7875/10814, time remaining: 6m 3s
Rendered 7876/10814, time remaining: 6m 2s
Rendered 7877/10814, time remaining: 6m 2s
Rendered 7878/10814, time remaining: 6m 2s
Rendered 7879/10814, time remaining: 6m 2s
Rendered 7880/10814, time remaining: 6m 2s
Rendered 7881/10814, time remaining: 6m 2s
Rendered 7882/10814, time remaining: 6m 2s
Rendered 7883/10814, time remaining: 6m 2s
Rendered 7884/10814, time remaining: 6m 1s
Rendered 7885/10814, time remaining: 6m 1s
Rendered 7886/10814, time remaining: 6m 1s
Rendered 7887/10814, time remaining: 6m 1s
Rendered 7888/10814, time remaining: 6m 1s
Rendered 7889/10814, time remaining: 6m 1s
Rendered 7890/10814, time remaining: 6m 1s
Rendered 7891/10814, time remaining: 6m 1s
Rendered 7892/10814, time remaining: 6m 1s
Rendered 7893/10814, time remaining: 6m 0s
Rendered 7894/10814, time remaining: 6m 0s
Rendered 7895/10814, time remaining: 6m 0s
Rendered 7896/10814, time remaining: 6m 0s
Rendered 7897/10814, time remaining: 6m 0s
Rendered 7898/10814, time remaining: 6m 0s
Rendered 7899/10814, time remaining: 6m 0s
Rendered 7900/10814, time remaining: 6m 0s
Rendered 7901/10814, time remaining: 5m 59s
Rendered 7902/10814, time remaining: 5m 59s
Rendered 7903/10814, time remaining: 5m 59s
Rendered 7904/10814, time remaining: 5m 59s
Rendered 7905/10814, time remaining: 5m 59s
Rendered 7906/10814, time remaining: 5m 59s
Rendered 7907/10814, time remaining: 5m 59s
Rendered 7908/10814, time remaining: 5m 59s
Rendered 7909/10814, time remaining: 5m 58s
Rendered 7910/10814, time remaining: 5m 58s
Rendered 7911/10814, time remaining: 5m 58s
Rendered 7912/10814, time remaining: 5m 58s
Rendered 7913/10814, time remaining: 5m 58s
Rendered 7914/10814, time remaining: 5m 58s
Rendered 7915/10814, time remaining: 5m 58s
Rendered 7916/10814, time remaining: 5m 58s
Rendered 7917/10814, time remaining: 5m 58s
Rendered 7918/10814, time remaining: 5m 57s
Rendered 7919/10814, time remaining: 5m 57s
Rendered 7920/10814, time remaining: 5m 57s
Rendered 7921/10814, time remaining: 5m 57s
Rendered 7922/10814, time remaining: 5m 57s
Rendered 7923/10814, time remaining: 5m 57s
Rendered 7924/10814, time remaining: 5m 57s
Rendered 7925/10814, time remaining: 5m 57s
Rendered 7926/10814, time remaining: 5m 56s
Rendered 7927/10814, time remaining: 5m 56s
Rendered 7928/10814, time remaining: 5m 56s
Rendered 7929/10814, time remaining: 5m 56s
Rendered 7930/10814, time remaining: 5m 56s
Rendered 7931/10814, time remaining: 5m 56s
Rendered 7932/10814, time remaining: 5m 56s
Rendered 7933/10814, time remaining: 5m 56s
Rendered 7934/10814, time remaining: 5m 56s
Rendered 7935/10814, time remaining: 5m 55s
Rendered 7936/10814, time remaining: 5m 55s
Rendered 7937/10814, time remaining: 5m 55s
Rendered 7938/10814, time remaining: 5m 55s
Rendered 7939/10814, time remaining: 5m 55s
Rendered 7940/10814, time remaining: 5m 55s
Rendered 7941/10814, time remaining: 5m 55s
Rendered 7942/10814, time remaining: 5m 55s
Rendered 7943/10814, time remaining: 5m 54s
Rendered 7944/10814, time remaining: 5m 54s
Rendered 7945/10814, time remaining: 5m 54s
Rendered 7946/10814, time remaining: 5m 54s
Rendered 7947/10814, time remaining: 5m 54s
Rendered 7948/10814, time remaining: 5m 54s
Rendered 7949/10814, time remaining: 5m 54s
Rendered 7950/10814, time remaining: 5m 54s
Rendered 7951/10814, time remaining: 5m 54s
Rendered 7952/10814, time remaining: 5m 53s
Rendered 7953/10814, time remaining: 5m 53s
Rendered 7954/10814, time remaining: 5m 53s
Rendered 7955/10814, time remaining: 5m 53s
Rendered 7956/10814, time remaining: 5m 53s
Rendered 7957/10814, time remaining: 5m 53s
Rendered 7958/10814, time remaining: 5m 53s
Rendered 7959/10814, time remaining: 5m 53s
Rendered 7960/10814, time remaining: 5m 53s
Rendered 7961/10814, time remaining: 5m 52s
Rendered 7962/10814, time remaining: 5m 52s
Rendered 7963/10814, time remaining: 5m 52s
Rendered 7964/10814, time remaining: 5m 52s
Rendered 7965/10814, time remaining: 5m 52s
Rendered 7966/10814, time remaining: 5m 52s
Rendered 7967/10814, time remaining: 5m 52s
Rendered 7968/10814, time remaining: 5m 52s
Rendered 7969/10814, time remaining: 5m 51s
Rendered 7970/10814, time remaining: 5m 51s
Rendered 7971/10814, time remaining: 5m 51s
Rendered 7972/10814, time remaining: 5m 51s
Rendered 7973/10814, time remaining: 5m 51s
Rendered 7974/10814, time remaining: 5m 51s
Rendered 7975/10814, time remaining: 5m 51s
Rendered 7976/10814, time remaining: 5m 51s
Rendered 7977/10814, time remaining: 5m 50s
Rendered 7978/10814, time remaining: 5m 50s
Rendered 7979/10814, time remaining: 5m 50s
Rendered 7980/10814, time remaining: 5m 50s
Rendered 7981/10814, time remaining: 5m 50s
Rendered 7982/10814, time remaining: 5m 50s
Rendered 7983/10814, time remaining: 5m 50s
Rendered 7984/10814, time remaining: 5m 50s
Rendered 7985/10814, time remaining: 5m 49s
Rendered 7986/10814, time remaining: 5m 49s
Rendered 7987/10814, time remaining: 5m 49s
Rendered 7988/10814, time remaining: 5m 49s
Rendered 7989/10814, time remaining: 5m 49s
Rendered 7990/10814, time remaining: 5m 49s
Rendered 7991/10814, time remaining: 5m 49s
Rendered 7992/10814, time remaining: 5m 49s
Rendered 7993/10814, time remaining: 5m 48s
Rendered 7994/10814, time remaining: 5m 48s
Rendered 7995/10814, time remaining: 5m 48s
Rendered 7996/10814, time remaining: 5m 48s
Rendered 7997/10814, time remaining: 5m 48s
Rendered 7998/10814, time remaining: 5m 48s
Rendered 7999/10814, time remaining: 5m 48s
Rendered 8000/10814, time remaining: 5m 48s
Rendered 8001/10814, time remaining: 5m 48s
Rendered 8002/10814, time remaining: 5m 47s
Rendered 8003/10814, time remaining: 5m 47s
Rendered 8004/10814, time remaining: 5m 47s
Rendered 8005/10814, time remaining: 5m 47s
Rendered 8006/10814, time remaining: 5m 47s
Rendered 8007/10814, time remaining: 5m 47s
Rendered 8008/10814, time remaining: 5m 47s
Rendered 8009/10814, time remaining: 5m 47s
Rendered 8010/10814, time remaining: 5m 46s
Rendered 8011/10814, time remaining: 5m 46s
Rendered 8012/10814, time remaining: 5m 46s
Rendered 8013/10814, time remaining: 5m 46s
Rendered 8014/10814, time remaining: 5m 46s
Rendered 8015/10814, time remaining: 5m 46s
Rendered 8016/10814, time remaining: 5m 46s
Rendered 8017/10814, time remaining: 5m 46s
Rendered 8018/10814, time remaining: 5m 46s
Rendered 8019/10814, time remaining: 5m 45s
Rendered 8020/10814, time remaining: 5m 45s
Rendered 8021/10814, time remaining: 5m 45s
Rendered 8022/10814, time remaining: 5m 45s
Rendered 8023/10814, time remaining: 5m 45s
Rendered 8024/10814, time remaining: 5m 45s
Rendered 8025/10814, time remaining: 5m 45s
Rendered 8026/10814, time remaining: 5m 45s
Rendered 8027/10814, time remaining: 5m 44s
Rendered 8028/10814, time remaining: 5m 44s
Rendered 8029/10814, time remaining: 5m 44s
Rendered 8030/10814, time remaining: 5m 44s
Rendered 8031/10814, time remaining: 5m 44s
Rendered 8032/10814, time remaining: 5m 44s
Rendered 8033/10814, time remaining: 5m 44s
Rendered 8034/10814, time remaining: 5m 44s
Rendered 8035/10814, time remaining: 5m 43s
Rendered 8036/10814, time remaining: 5m 43s
Rendered 8037/10814, time remaining: 5m 43s
Rendered 8038/10814, time remaining: 5m 43s
Rendered 8039/10814, time remaining: 5m 43s
Rendered 8040/10814, time remaining: 5m 43s
Rendered 8041/10814, time remaining: 5m 43s
Rendered 8042/10814, time remaining: 5m 43s
Rendered 8043/10814, time remaining: 5m 42s
Rendered 8044/10814, time remaining: 5m 42s
Rendered 8045/10814, time remaining: 5m 42s
Rendered 8046/10814, time remaining: 5m 42s
Rendered 8047/10814, time remaining: 5m 42s
Rendered 8048/10814, time remaining: 5m 42s
Rendered 8049/10814, time remaining: 5m 42s
Rendered 8050/10814, time remaining: 5m 42s
Rendered 8051/10814, time remaining: 5m 42s
Rendered 8052/10814, time remaining: 5m 41s
Rendered 8053/10814, time remaining: 5m 41s
Rendered 8054/10814, time remaining: 5m 41s
Rendered 8055/10814, time remaining: 5m 41s
Rendered 8056/10814, time remaining: 5m 41s
Rendered 8057/10814, time remaining: 5m 41s
Rendered 8058/10814, time remaining: 5m 41s
Rendered 8059/10814, time remaining: 5m 41s
Rendered 8060/10814, time remaining: 5m 41s
Rendered 8061/10814, time remaining: 5m 40s
Rendered 8062/10814, time remaining: 5m 40s
Rendered 8063/10814, time remaining: 5m 40s
Rendered 8064/10814, time remaining: 5m 40s
Rendered 8065/10814, time remaining: 5m 40s
Rendered 8066/10814, time remaining: 5m 40s
Rendered 8067/10814, time remaining: 5m 40s
Rendered 8068/10814, time remaining: 5m 40s
Rendered 8069/10814, time remaining: 5m 39s
Rendered 8070/10814, time remaining: 5m 39s
Rendered 8071/10814, time remaining: 5m 39s
Rendered 8072/10814, time remaining: 5m 39s
Rendered 8073/10814, time remaining: 5m 39s
Rendered 8074/10814, time remaining: 5m 39s
Rendered 8075/10814, time remaining: 5m 39s
Rendered 8076/10814, time remaining: 5m 39s
Rendered 8077/10814, time remaining: 5m 39s
Rendered 8078/10814, time remaining: 5m 39s
Rendered 8079/10814, time remaining: 5m 38s
Rendered 8080/10814, time remaining: 5m 38s
Rendered 8081/10814, time remaining: 5m 38s
Rendered 8082/10814, time remaining: 5m 38s
Rendered 8083/10814, time remaining: 5m 38s
Rendered 8084/10814, time remaining: 5m 38s
Rendered 8085/10814, time remaining: 5m 38s
Rendered 8086/10814, time remaining: 5m 38s
Rendered 8087/10814, time remaining: 5m 38s
Rendered 8088/10814, time remaining: 5m 37s
Rendered 8089/10814, time remaining: 5m 37s
Rendered 8090/10814, time remaining: 5m 37s
Rendered 8091/10814, time remaining: 5m 37s
Rendered 8092/10814, time remaining: 5m 37s
Rendered 8093/10814, time remaining: 5m 37s
Rendered 8094/10814, time remaining: 5m 37s
Rendered 8095/10814, time remaining: 5m 37s
Rendered 8096/10814, time remaining: 5m 37s
Rendered 8097/10814, time remaining: 5m 36s
Rendered 8098/10814, time remaining: 5m 36s
Rendered 8099/10814, time remaining: 5m 36s
Rendered 8100/10814, time remaining: 5m 36s
Rendered 8101/10814, time remaining: 5m 36s
Rendered 8102/10814, time remaining: 5m 36s
Rendered 8103/10814, time remaining: 5m 36s
Rendered 8104/10814, time remaining: 5m 36s
Rendered 8105/10814, time remaining: 5m 36s
Rendered 8106/10814, time remaining: 5m 35s
Rendered 8107/10814, time remaining: 5m 35s
Rendered 8108/10814, time remaining: 5m 35s
Rendered 8109/10814, time remaining: 5m 35s
Rendered 8110/10814, time remaining: 5m 35s
Rendered 8111/10814, time remaining: 5m 35s
Rendered 8112/10814, time remaining: 5m 35s
Rendered 8113/10814, time remaining: 5m 35s
Rendered 8114/10814, time remaining: 5m 34s
Rendered 8115/10814, time remaining: 5m 34s
Rendered 8116/10814, time remaining: 5m 34s
Rendered 8117/10814, time remaining: 5m 34s
Rendered 8118/10814, time remaining: 5m 34s
Rendered 8119/10814, time remaining: 5m 34s
Rendered 8120/10814, time remaining: 5m 34s
Rendered 8121/10814, time remaining: 5m 34s
Rendered 8122/10814, time remaining: 5m 34s
Rendered 8123/10814, time remaining: 5m 33s
Rendered 8124/10814, time remaining: 5m 33s
Rendered 8125/10814, time remaining: 5m 33s
Rendered 8126/10814, time remaining: 5m 33s
Rendered 8127/10814, time remaining: 5m 33s
Rendered 8128/10814, time remaining: 5m 33s
Rendered 8129/10814, time remaining: 5m 33s
Rendered 8130/10814, time remaining: 5m 33s
Rendered 8131/10814, time remaining: 5m 33s
Rendered 8132/10814, time remaining: 5m 32s
Rendered 8133/10814, time remaining: 5m 32s
Rendered 8134/10814, time remaining: 5m 32s
Rendered 8135/10814, time remaining: 5m 32s
Rendered 8136/10814, time remaining: 5m 32s
Rendered 8137/10814, time remaining: 5m 32s
Rendered 8138/10814, time remaining: 5m 32s
Rendered 8139/10814, time remaining: 5m 32s
Rendered 8140/10814, time remaining: 5m 32s
Rendered 8141/10814, time remaining: 5m 32s
Rendered 8142/10814, time remaining: 5m 31s
Rendered 8143/10814, time remaining: 5m 31s
Rendered 8144/10814, time remaining: 5m 31s
Rendered 8145/10814, time remaining: 5m 31s
Rendered 8146/10814, time remaining: 5m 31s
Rendered 8147/10814, time remaining: 5m 31s
Rendered 8148/10814, time remaining: 5m 31s
Rendered 8149/10814, time remaining: 5m 31s
Rendered 8150/10814, time remaining: 5m 31s
Rendered 8151/10814, time remaining: 5m 30s
Rendered 8152/10814, time remaining: 5m 30s
Rendered 8153/10814, time remaining: 5m 30s
Rendered 8154/10814, time remaining: 5m 30s
Rendered 8155/10814, time remaining: 5m 30s
Rendered 8156/10814, time remaining: 5m 30s
Rendered 8157/10814, time remaining: 5m 30s
Rendered 8158/10814, time remaining: 5m 30s
Rendered 8159/10814, time remaining: 5m 29s
Rendered 8160/10814, time remaining: 5m 29s
Rendered 8161/10814, time remaining: 5m 29s
Rendered 8162/10814, time remaining: 5m 29s
Rendered 8163/10814, time remaining: 5m 29s
Rendered 8164/10814, time remaining: 5m 29s
Rendered 8165/10814, time remaining: 5m 29s
Rendered 8166/10814, time remaining: 5m 29s
Rendered 8167/10814, time remaining: 5m 29s
Rendered 8168/10814, time remaining: 5m 28s
Rendered 8169/10814, time remaining: 5m 28s
Rendered 8170/10814, time remaining: 5m 28s
Rendered 8171/10814, time remaining: 5m 28s
Rendered 8172/10814, time remaining: 5m 28s
Rendered 8173/10814, time remaining: 5m 28s
Rendered 8174/10814, time remaining: 5m 28s
Rendered 8175/10814, time remaining: 5m 28s
Rendered 8176/10814, time remaining: 5m 28s
Rendered 8177/10814, time remaining: 5m 27s
Rendered 8178/10814, time remaining: 5m 27s
Rendered 8179/10814, time remaining: 5m 27s
Rendered 8180/10814, time remaining: 5m 27s
Rendered 8181/10814, time remaining: 5m 27s
Rendered 8182/10814, time remaining: 5m 27s
Rendered 8183/10814, time remaining: 5m 27s
Rendered 8184/10814, time remaining: 5m 27s
Rendered 8185/10814, time remaining: 5m 27s
Rendered 8186/10814, time remaining: 5m 26s
Rendered 8187/10814, time remaining: 5m 26s
Rendered 8188/10814, time remaining: 5m 26s
Rendered 8189/10814, time remaining: 5m 26s
Rendered 8190/10814, time remaining: 5m 26s
Rendered 8191/10814, time remaining: 5m 26s
Rendered 8192/10814, time remaining: 5m 26s
Rendered 8193/10814, time remaining: 5m 26s
Rendered 8194/10814, time remaining: 5m 26s
Rendered 8195/10814, time remaining: 5m 25s
Rendered 8196/10814, time remaining: 5m 25s
Rendered 8197/10814, time remaining: 5m 25s
Rendered 8198/10814, time remaining: 5m 25s
Rendered 8199/10814, time remaining: 5m 25s
Rendered 8200/10814, time remaining: 5m 25s
Rendered 8201/10814, time remaining: 5m 25s
Rendered 8202/10814, time remaining: 5m 25s
Rendered 8203/10814, time remaining: 5m 25s
Rendered 8204/10814, time remaining: 5m 24s
Rendered 8205/10814, time remaining: 5m 24s
Rendered 8206/10814, time remaining: 5m 24s
Rendered 8207/10814, time remaining: 5m 24s
Rendered 8208/10814, time remaining: 5m 24s
Rendered 8209/10814, time remaining: 5m 24s
Rendered 8210/10814, time remaining: 5m 24s
Rendered 8211/10814, time remaining: 5m 24s
Rendered 8212/10814, time remaining: 5m 23s
Rendered 8213/10814, time remaining: 5m 23s
Rendered 8214/10814, time remaining: 5m 23s
Rendered 8215/10814, time remaining: 5m 23s
Rendered 8216/10814, time remaining: 5m 23s
Rendered 8217/10814, time remaining: 5m 23s
Rendered 8218/10814, time remaining: 5m 23s
Rendered 8219/10814, time remaining: 5m 23s
Rendered 8220/10814, time remaining: 5m 23s
Rendered 8221/10814, time remaining: 5m 22s
Rendered 8222/10814, time remaining: 5m 22s
Rendered 8223/10814, time remaining: 5m 22s
Rendered 8224/10814, time remaining: 5m 22s
Rendered 8225/10814, time remaining: 5m 22s
Rendered 8226/10814, time remaining: 5m 22s
Rendered 8227/10814, time remaining: 5m 22s
Rendered 8228/10814, time remaining: 5m 22s
Rendered 8229/10814, time remaining: 5m 22s
Rendered 8230/10814, time remaining: 5m 21s
Rendered 8231/10814, time remaining: 5m 21s
Rendered 8232/10814, time remaining: 5m 21s
Rendered 8233/10814, time remaining: 5m 21s
Rendered 8234/10814, time remaining: 5m 21s
Rendered 8235/10814, time remaining: 5m 21s
Rendered 8236/10814, time remaining: 5m 21s
Rendered 8237/10814, time remaining: 5m 21s
Rendered 8238/10814, time remaining: 5m 21s
Rendered 8239/10814, time remaining: 5m 21s
Rendered 8240/10814, time remaining: 5m 21s
Rendered 8241/10814, time remaining: 5m 21s
Rendered 8242/10814, time remaining: 5m 21s
Rendered 8243/10814, time remaining: 5m 21s
Rendered 8244/10814, time remaining: 5m 21s
Rendered 8245/10814, time remaining: 5m 21s
Rendered 8246/10814, time remaining: 5m 21s
Rendered 8247/10814, time remaining: 5m 20s
Rendered 8248/10814, time remaining: 5m 20s
Rendered 8249/10814, time remaining: 5m 20s
Rendered 8250/10814, time remaining: 5m 20s
Rendered 8251/10814, time remaining: 5m 20s
Rendered 8252/10814, time remaining: 5m 20s
Rendered 8253/10814, time remaining: 5m 20s
Rendered 8254/10814, time remaining: 5m 20s
Rendered 8255/10814, time remaining: 5m 19s
Rendered 8256/10814, time remaining: 5m 19s
Rendered 8257/10814, time remaining: 5m 19s
Rendered 8258/10814, time remaining: 5m 19s
Rendered 8259/10814, time remaining: 5m 19s
Rendered 8260/10814, time remaining: 5m 19s
Rendered 8261/10814, time remaining: 5m 19s
Rendered 8262/10814, time remaining: 5m 19s
Rendered 8263/10814, time remaining: 5m 18s
Rendered 8264/10814, time remaining: 5m 18s
Rendered 8265/10814, time remaining: 5m 18s
Rendered 8266/10814, time remaining: 5m 18s
Rendered 8267/10814, time remaining: 5m 18s
Rendered 8268/10814, time remaining: 5m 18s
Rendered 8269/10814, time remaining: 5m 18s
Rendered 8270/10814, time remaining: 5m 18s
Rendered 8271/10814, time remaining: 5m 17s
Rendered 8272/10814, time remaining: 5m 17s
Rendered 8273/10814, time remaining: 5m 17s
Rendered 8274/10814, time remaining: 5m 17s
Rendered 8275/10814, time remaining: 5m 17s
Rendered 8276/10814, time remaining: 5m 17s
Rendered 8277/10814, time remaining: 5m 17s
Rendered 8278/10814, time remaining: 5m 17s
Rendered 8279/10814, time remaining: 5m 16s
Rendered 8280/10814, time remaining: 5m 16s
Rendered 8281/10814, time remaining: 5m 16s
Rendered 8282/10814, time remaining: 5m 16s
Rendered 8283/10814, time remaining: 5m 16s
Rendered 8284/10814, time remaining: 5m 16s
Rendered 8285/10814, time remaining: 5m 16s
Rendered 8286/10814, time remaining: 5m 16s
Rendered 8287/10814, time remaining: 5m 15s
Rendered 8288/10814, time remaining: 5m 15s
Rendered 8289/10814, time remaining: 5m 15s
Rendered 8290/10814, time remaining: 5m 15s
Rendered 8291/10814, time remaining: 5m 15s
Rendered 8292/10814, time remaining: 5m 15s
Rendered 8293/10814, time remaining: 5m 15s
Rendered 8294/10814, time remaining: 5m 15s
Rendered 8295/10814, time remaining: 5m 14s
Rendered 8296/10814, time remaining: 5m 14s
Rendered 8297/10814, time remaining: 5m 14s
Rendered 8298/10814, time remaining: 5m 14s
Rendered 8299/10814, time remaining: 5m 14s
Rendered 8300/10814, time remaining: 5m 14s
Rendered 8301/10814, time remaining: 5m 14s
Rendered 8302/10814, time remaining: 5m 13s
Rendered 8303/10814, time remaining: 5m 13s
Rendered 8304/10814, time remaining: 5m 13s
Rendered 8305/10814, time remaining: 5m 13s
Rendered 8306/10814, time remaining: 5m 13s
Rendered 8307/10814, time remaining: 5m 13s
Rendered 8308/10814, time remaining: 5m 13s
Rendered 8309/10814, time remaining: 5m 13s
Rendered 8310/10814, time remaining: 5m 12s
Rendered 8311/10814, time remaining: 5m 12s
Rendered 8312/10814, time remaining: 5m 12s
Rendered 8313/10814, time remaining: 5m 12s
Rendered 8314/10814, time remaining: 5m 12s
Rendered 8315/10814, time remaining: 5m 12s
Rendered 8316/10814, time remaining: 5m 12s
Rendered 8317/10814, time remaining: 5m 12s
Rendered 8318/10814, time remaining: 5m 11s
Rendered 8319/10814, time remaining: 5m 11s
Rendered 8320/10814, time remaining: 5m 11s
Rendered 8321/10814, time remaining: 5m 11s
Rendered 8322/10814, time remaining: 5m 11s
Rendered 8323/10814, time remaining: 5m 11s
Rendered 8324/10814, time remaining: 5m 11s
Rendered 8325/10814, time remaining: 5m 11s
Rendered 8326/10814, time remaining: 5m 10s
Rendered 8327/10814, time remaining: 5m 10s
Rendered 8328/10814, time remaining: 5m 10s
Rendered 8329/10814, time remaining: 5m 10s
Rendered 8330/10814, time remaining: 5m 10s
Rendered 8331/10814, time remaining: 5m 10s
Rendered 8332/10814, time remaining: 5m 10s
Rendered 8333/10814, time remaining: 5m 10s
Rendered 8334/10814, time remaining: 5m 9s
Rendered 8335/10814, time remaining: 5m 9s
Rendered 8336/10814, time remaining: 5m 9s
Rendered 8337/10814, time remaining: 5m 9s
Rendered 8338/10814, time remaining: 5m 9s
Rendered 8339/10814, time remaining: 5m 9s
Rendered 8340/10814, time remaining: 5m 9s
Rendered 8341/10814, time remaining: 5m 9s
Rendered 8342/10814, time remaining: 5m 8s
Rendered 8343/10814, time remaining: 5m 8s
Rendered 8344/10814, time remaining: 5m 8s
Rendered 8345/10814, time remaining: 5m 8s
Rendered 8346/10814, time remaining: 5m 8s
Rendered 8347/10814, time remaining: 5m 8s
Rendered 8348/10814, time remaining: 5m 8s
Rendered 8349/10814, time remaining: 5m 8s
Rendered 8350/10814, time remaining: 5m 7s
Rendered 8351/10814, time remaining: 5m 7s
Rendered 8352/10814, time remaining: 5m 7s
Rendered 8353/10814, time remaining: 5m 7s
Rendered 8354/10814, time remaining: 5m 7s
Rendered 8355/10814, time remaining: 5m 7s
Rendered 8356/10814, time remaining: 5m 7s
Rendered 8357/10814, time remaining: 5m 6s
Rendered 8358/10814, time remaining: 5m 6s
Rendered 8359/10814, time remaining: 5m 6s
Rendered 8360/10814, time remaining: 5m 6s
Rendered 8361/10814, time remaining: 5m 6s
Rendered 8362/10814, time remaining: 5m 6s
Rendered 8363/10814, time remaining: 5m 6s
Rendered 8364/10814, time remaining: 5m 6s
Rendered 8365/10814, time remaining: 5m 5s
Rendered 8366/10814, time remaining: 5m 5s
Rendered 8367/10814, time remaining: 5m 5s
Rendered 8368/10814, time remaining: 5m 5s
Rendered 8369/10814, time remaining: 5m 5s
Rendered 8370/10814, time remaining: 5m 5s
Rendered 8371/10814, time remaining: 5m 5s
Rendered 8372/10814, time remaining: 5m 5s
Rendered 8373/10814, time remaining: 5m 4s
Rendered 8374/10814, time remaining: 5m 4s
Rendered 8375/10814, time remaining: 5m 4s
Rendered 8376/10814, time remaining: 5m 4s
Rendered 8377/10814, time remaining: 5m 4s
Rendered 8378/10814, time remaining: 5m 4s
Rendered 8379/10814, time remaining: 5m 4s
Rendered 8380/10814, time remaining: 5m 4s
Rendered 8381/10814, time remaining: 5m 3s
Rendered 8382/10814, time remaining: 5m 3s
Rendered 8383/10814, time remaining: 5m 3s
Rendered 8384/10814, time remaining: 5m 3s
Rendered 8385/10814, time remaining: 5m 3s
Rendered 8386/10814, time remaining: 5m 3s
Rendered 8387/10814, time remaining: 5m 3s
Rendered 8388/10814, time remaining: 5m 3s
Rendered 8389/10814, time remaining: 5m 2s
Rendered 8390/10814, time remaining: 5m 2s
Rendered 8391/10814, time remaining: 5m 2s
Rendered 8392/10814, time remaining: 5m 2s
Rendered 8393/10814, time remaining: 5m 2s
Rendered 8394/10814, time remaining: 5m 2s
Rendered 8395/10814, time remaining: 5m 2s
Rendered 8396/10814, time remaining: 5m 1s
Rendered 8397/10814, time remaining: 5m 1s
Rendered 8398/10814, time remaining: 5m 1s
Rendered 8399/10814, time remaining: 5m 1s
Rendered 8400/10814, time remaining: 5m 1s
Rendered 8401/10814, time remaining: 5m 1s
Rendered 8402/10814, time remaining: 5m 1s
Rendered 8403/10814, time remaining: 5m 1s
Rendered 8404/10814, time remaining: 5m 0s
Rendered 8405/10814, time remaining: 5m 0s
Rendered 8406/10814, time remaining: 5m 0s
Rendered 8407/10814, time remaining: 5m 0s
Rendered 8408/10814, time remaining: 5m 0s
Rendered 8409/10814, time remaining: 5m 0s
Rendered 8410/10814, time remaining: 5m 0s
Rendered 8411/10814, time remaining: 5m 0s
Rendered 8412/10814, time remaining: 4m 59s
Rendered 8413/10814, time remaining: 4m 59s
Rendered 8414/10814, time remaining: 4m 59s
Rendered 8415/10814, time remaining: 4m 59s
Rendered 8416/10814, time remaining: 4m 59s
Rendered 8417/10814, time remaining: 4m 59s
Rendered 8418/10814, time remaining: 4m 59s
Rendered 8419/10814, time remaining: 4m 59s
Rendered 8420/10814, time remaining: 4m 58s
Rendered 8421/10814, time remaining: 4m 58s
Rendered 8422/10814, time remaining: 4m 58s
Rendered 8423/10814, time remaining: 4m 58s
Rendered 8424/10814, time remaining: 4m 58s
Rendered 8425/10814, time remaining: 4m 58s
Rendered 8426/10814, time remaining: 4m 58s
Rendered 8427/10814, time remaining: 4m 58s
Rendered 8428/10814, time remaining: 4m 57s
Rendered 8429/10814, time remaining: 4m 57s
Rendered 8430/10814, time remaining: 4m 57s
Rendered 8431/10814, time remaining: 4m 57s
Rendered 8432/10814, time remaining: 4m 57s
Rendered 8433/10814, time remaining: 4m 57s
Rendered 8434/10814, time remaining: 4m 57s
Rendered 8435/10814, time remaining: 4m 57s
Rendered 8436/10814, time remaining: 4m 56s
Rendered 8437/10814, time remaining: 4m 56s
Rendered 8438/10814, time remaining: 4m 56s
Rendered 8439/10814, time remaining: 4m 56s
Rendered 8440/10814, time remaining: 4m 56s
Rendered 8441/10814, time remaining: 4m 56s
Rendered 8442/10814, time remaining: 4m 56s
Rendered 8443/10814, time remaining: 4m 56s
Rendered 8444/10814, time remaining: 4m 55s
Rendered 8445/10814, time remaining: 4m 55s
Rendered 8446/10814, time remaining: 4m 55s
Rendered 8447/10814, time remaining: 4m 55s
Rendered 8448/10814, time remaining: 4m 55s
Rendered 8449/10814, time remaining: 4m 55s
Rendered 8450/10814, time remaining: 4m 55s
Rendered 8451/10814, time remaining: 4m 55s
Rendered 8452/10814, time remaining: 4m 54s
Rendered 8453/10814, time remaining: 4m 54s
Rendered 8454/10814, time remaining: 4m 54s
Rendered 8455/10814, time remaining: 4m 54s
Rendered 8456/10814, time remaining: 4m 54s
Rendered 8457/10814, time remaining: 4m 54s
Rendered 8458/10814, time remaining: 4m 54s
Rendered 8459/10814, time remaining: 4m 54s
Rendered 8460/10814, time remaining: 4m 53s
Rendered 8461/10814, time remaining: 4m 53s
Rendered 8462/10814, time remaining: 4m 53s
Rendered 8463/10814, time remaining: 4m 53s
Rendered 8464/10814, time remaining: 4m 53s
Rendered 8465/10814, time remaining: 4m 53s
Rendered 8466/10814, time remaining: 4m 53s
Rendered 8467/10814, time remaining: 4m 52s
Rendered 8468/10814, time remaining: 4m 52s
Rendered 8469/10814, time remaining: 4m 52s
Rendered 8470/10814, time remaining: 4m 52s
Rendered 8471/10814, time remaining: 4m 52s
Rendered 8472/10814, time remaining: 4m 52s
Rendered 8473/10814, time remaining: 4m 52s
Rendered 8474/10814, time remaining: 4m 52s
Rendered 8475/10814, time remaining: 4m 52s
Rendered 8476/10814, time remaining: 4m 51s
Rendered 8477/10814, time remaining: 4m 51s
Rendered 8478/10814, time remaining: 4m 51s
Rendered 8479/10814, time remaining: 4m 51s
Rendered 8480/10814, time remaining: 4m 51s
Rendered 8481/10814, time remaining: 4m 51s
Rendered 8482/10814, time remaining: 4m 51s
Rendered 8483/10814, time remaining: 4m 51s
Rendered 8484/10814, time remaining: 4m 50s
Rendered 8485/10814, time remaining: 4m 50s
Rendered 8486/10814, time remaining: 4m 50s
Rendered 8487/10814, time remaining: 4m 50s
Rendered 8488/10814, time remaining: 4m 50s
Rendered 8489/10814, time remaining: 4m 50s
Rendered 8490/10814, time remaining: 4m 50s
Rendered 8491/10814, time remaining: 4m 50s
Rendered 8492/10814, time remaining: 4m 49s
Rendered 8493/10814, time remaining: 4m 49s
Rendered 8494/10814, time remaining: 4m 49s
Rendered 8495/10814, time remaining: 4m 49s
Rendered 8496/10814, time remaining: 4m 49s
Rendered 8497/10814, time remaining: 4m 49s
Rendered 8498/10814, time remaining: 4m 49s
Rendered 8499/10814, time remaining: 4m 49s
Rendered 8500/10814, time remaining: 4m 48s
Rendered 8501/10814, time remaining: 4m 48s
Rendered 8502/10814, time remaining: 4m 48s
Rendered 8503/10814, time remaining: 4m 48s
Rendered 8504/10814, time remaining: 4m 48s
Rendered 8505/10814, time remaining: 4m 48s
Rendered 8506/10814, time remaining: 4m 48s
Rendered 8507/10814, time remaining: 4m 48s
Rendered 8508/10814, time remaining: 4m 47s
Rendered 8509/10814, time remaining: 4m 47s
Rendered 8510/10814, time remaining: 4m 47s
Rendered 8511/10814, time remaining: 4m 47s
Rendered 8512/10814, time remaining: 4m 47s
Rendered 8513/10814, time remaining: 4m 47s
Rendered 8514/10814, time remaining: 4m 47s
Rendered 8515/10814, time remaining: 4m 47s
Rendered 8516/10814, time remaining: 4m 46s
Rendered 8517/10814, time remaining: 4m 46s
Rendered 8518/10814, time remaining: 4m 46s
Rendered 8519/10814, time remaining: 4m 46s
Rendered 8520/10814, time remaining: 4m 46s
Rendered 8521/10814, time remaining: 4m 46s
Rendered 8522/10814, time remaining: 4m 46s
Rendered 8523/10814, time remaining: 4m 46s
Rendered 8524/10814, time remaining: 4m 45s
Rendered 8525/10814, time remaining: 4m 45s
Rendered 8526/10814, time remaining: 4m 45s
Rendered 8527/10814, time remaining: 4m 45s
Rendered 8528/10814, time remaining: 4m 45s
Rendered 8529/10814, time remaining: 4m 45s
Rendered 8530/10814, time remaining: 4m 45s
Rendered 8531/10814, time remaining: 4m 45s
Rendered 8532/10814, time remaining: 4m 45s
Rendered 8533/10814, time remaining: 4m 44s
Rendered 8534/10814, time remaining: 4m 44s
Rendered 8535/10814, time remaining: 4m 44s
Rendered 8536/10814, time remaining: 4m 44s
Rendered 8537/10814, time remaining: 4m 44s
Rendered 8538/10814, time remaining: 4m 44s
Rendered 8539/10814, time remaining: 4m 44s
Rendered 8540/10814, time remaining: 4m 44s
Rendered 8541/10814, time remaining: 4m 43s
Rendered 8542/10814, time remaining: 4m 43s
Rendered 8543/10814, time remaining: 4m 43s
Rendered 8544/10814, time remaining: 4m 43s
Rendered 8545/10814, time remaining: 4m 43s
Rendered 8546/10814, time remaining: 4m 43s
Rendered 8547/10814, time remaining: 4m 43s
Rendered 8548/10814, time remaining: 4m 43s
Rendered 8549/10814, time remaining: 4m 42s
Rendered 8550/10814, time remaining: 4m 42s
Rendered 8551/10814, time remaining: 4m 42s
Rendered 8552/10814, time remaining: 4m 42s
Rendered 8553/10814, time remaining: 4m 42s
Rendered 8554/10814, time remaining: 4m 42s
Rendered 8555/10814, time remaining: 4m 42s
Rendered 8556/10814, time remaining: 4m 42s
Rendered 8557/10814, time remaining: 4m 41s
Rendered 8558/10814, time remaining: 4m 41s
Rendered 8559/10814, time remaining: 4m 41s
Rendered 8560/10814, time remaining: 4m 41s
Rendered 8561/10814, time remaining: 4m 41s
Rendered 8562/10814, time remaining: 4m 41s
Rendered 8563/10814, time remaining: 4m 41s
Rendered 8564/10814, time remaining: 4m 41s
Rendered 8565/10814, time remaining: 4m 40s
Rendered 8566/10814, time remaining: 4m 40s
Rendered 8567/10814, time remaining: 4m 40s
Rendered 8568/10814, time remaining: 4m 40s
Rendered 8569/10814, time remaining: 4m 40s
Rendered 8570/10814, time remaining: 4m 40s
Rendered 8571/10814, time remaining: 4m 40s
Rendered 8572/10814, time remaining: 4m 40s
Rendered 8573/10814, time remaining: 4m 39s
Rendered 8574/10814, time remaining: 4m 39s
Rendered 8575/10814, time remaining: 4m 39s
Rendered 8576/10814, time remaining: 4m 39s
Rendered 8577/10814, time remaining: 4m 39s
Rendered 8578/10814, time remaining: 4m 39s
Rendered 8579/10814, time remaining: 4m 39s
Rendered 8580/10814, time remaining: 4m 39s
Rendered 8581/10814, time remaining: 4m 38s
Rendered 8582/10814, time remaining: 4m 38s
Rendered 8583/10814, time remaining: 4m 38s
Rendered 8584/10814, time remaining: 4m 38s
Rendered 8585/10814, time remaining: 4m 38s
Rendered 8586/10814, time remaining: 4m 38s
Rendered 8587/10814, time remaining: 4m 38s
Rendered 8588/10814, time remaining: 4m 37s
Rendered 8589/10814, time remaining: 4m 37s
Rendered 8590/10814, time remaining: 4m 37s
Rendered 8591/10814, time remaining: 4m 37s
Rendered 8592/10814, time remaining: 4m 37s
Rendered 8593/10814, time remaining: 4m 37s
Rendered 8594/10814, time remaining: 4m 37s
Rendered 8595/10814, time remaining: 4m 37s
Rendered 8596/10814, time remaining: 4m 36s
Rendered 8597/10814, time remaining: 4m 36s
Rendered 8598/10814, time remaining: 4m 36s
Rendered 8599/10814, time remaining: 4m 36s
Rendered 8600/10814, time remaining: 4m 36s
Rendered 8601/10814, time remaining: 4m 36s
Rendered 8602/10814, time remaining: 4m 36s
Rendered 8603/10814, time remaining: 4m 36s
Rendered 8604/10814, time remaining: 4m 35s
Rendered 8605/10814, time remaining: 4m 35s
Rendered 8606/10814, time remaining: 4m 35s
Rendered 8607/10814, time remaining: 4m 35s
Rendered 8608/10814, time remaining: 4m 35s
Rendered 8609/10814, time remaining: 4m 35s
Rendered 8610/10814, time remaining: 4m 35s
Rendered 8611/10814, time remaining: 4m 35s
Rendered 8612/10814, time remaining: 4m 34s
Rendered 8613/10814, time remaining: 4m 34s
Rendered 8614/10814, time remaining: 4m 34s
Rendered 8615/10814, time remaining: 4m 34s
Rendered 8616/10814, time remaining: 4m 34s
Rendered 8617/10814, time remaining: 4m 34s
Rendered 8618/10814, time remaining: 4m 34s
Rendered 8619/10814, time remaining: 4m 34s
Rendered 8620/10814, time remaining: 4m 33s
Rendered 8621/10814, time remaining: 4m 33s
Rendered 8622/10814, time remaining: 4m 33s
Rendered 8623/10814, time remaining: 4m 33s
Rendered 8624/10814, time remaining: 4m 33s
Rendered 8625/10814, time remaining: 4m 33s
Rendered 8626/10814, time remaining: 4m 33s
Rendered 8627/10814, time remaining: 4m 33s
Rendered 8628/10814, time remaining: 4m 32s
Rendered 8629/10814, time remaining: 4m 32s
Rendered 8630/10814, time remaining: 4m 32s
Rendered 8631/10814, time remaining: 4m 32s
Rendered 8632/10814, time remaining: 4m 32s
Rendered 8633/10814, time remaining: 4m 32s
Rendered 8634/10814, time remaining: 4m 32s
Rendered 8635/10814, time remaining: 4m 32s
Rendered 8636/10814, time remaining: 4m 31s
Rendered 8637/10814, time remaining: 4m 31s
Rendered 8638/10814, time remaining: 4m 31s
Rendered 8639/10814, time remaining: 4m 31s
Rendered 8640/10814, time remaining: 4m 31s
Rendered 8641/10814, time remaining: 4m 31s
Rendered 8642/10814, time remaining: 4m 31s
Rendered 8643/10814, time remaining: 4m 31s
Rendered 8644/10814, time remaining: 4m 30s
Rendered 8645/10814, time remaining: 4m 30s
Rendered 8646/10814, time remaining: 4m 30s
Rendered 8647/10814, time remaining: 4m 30s
Rendered 8648/10814, time remaining: 4m 30s
Rendered 8649/10814, time remaining: 4m 30s
Rendered 8650/10814, time remaining: 4m 30s
Rendered 8651/10814, time remaining: 4m 30s
Rendered 8652/10814, time remaining: 4m 29s
Rendered 8653/10814, time remaining: 4m 29s
Rendered 8654/10814, time remaining: 4m 29s
Rendered 8655/10814, time remaining: 4m 29s
Rendered 8656/10814, time remaining: 4m 29s
Rendered 8657/10814, time remaining: 4m 29s
Rendered 8658/10814, time remaining: 4m 29s
Rendered 8659/10814, time remaining: 4m 29s
Rendered 8660/10814, time remaining: 4m 28s
Rendered 8661/10814, time remaining: 4m 28s
Rendered 8662/10814, time remaining: 4m 28s
Rendered 8663/10814, time remaining: 4m 28s
Rendered 8664/10814, time remaining: 4m 28s
Rendered 8665/10814, time remaining: 4m 28s
Rendered 8666/10814, time remaining: 4m 28s
Rendered 8667/10814, time remaining: 4m 28s
Rendered 8668/10814, time remaining: 4m 27s
Rendered 8669/10814, time remaining: 4m 27s
Rendered 8670/10814, time remaining: 4m 27s
Rendered 8671/10814, time remaining: 4m 27s
Rendered 8672/10814, time remaining: 4m 27s
Rendered 8673/10814, time remaining: 4m 27s
Rendered 8674/10814, time remaining: 4m 27s
Rendered 8675/10814, time remaining: 4m 27s
Rendered 8676/10814, time remaining: 4m 26s
Rendered 8677/10814, time remaining: 4m 26s
Rendered 8678/10814, time remaining: 4m 26s
Rendered 8679/10814, time remaining: 4m 26s
Rendered 8680/10814, time remaining: 4m 26s
Rendered 8681/10814, time remaining: 4m 26s
Rendered 8682/10814, time remaining: 4m 26s
Rendered 8683/10814, time remaining: 4m 26s
Rendered 8684/10814, time remaining: 4m 25s
Rendered 8685/10814, time remaining: 4m 25s
Rendered 8686/10814, time remaining: 4m 25s
Rendered 8687/10814, time remaining: 4m 25s
Rendered 8688/10814, time remaining: 4m 25s
Rendered 8689/10814, time remaining: 4m 25s
Rendered 8690/10814, time remaining: 4m 25s
Rendered 8691/10814, time remaining: 4m 24s
Rendered 8692/10814, time remaining: 4m 24s
Rendered 8693/10814, time remaining: 4m 24s
Rendered 8694/10814, time remaining: 4m 24s
Rendered 8695/10814, time remaining: 4m 24s
Rendered 8696/10814, time remaining: 4m 24s
Rendered 8697/10814, time remaining: 4m 24s
Rendered 8698/10814, time remaining: 4m 24s
Rendered 8699/10814, time remaining: 4m 24s
Rendered 8700/10814, time remaining: 4m 23s
Rendered 8701/10814, time remaining: 4m 23s
Rendered 8702/10814, time remaining: 4m 23s
Rendered 8703/10814, time remaining: 4m 23s
Rendered 8704/10814, time remaining: 4m 23s
Rendered 8705/10814, time remaining: 4m 23s
Rendered 8706/10814, time remaining: 4m 23s
Rendered 8707/10814, time remaining: 4m 23s
Rendered 8708/10814, time remaining: 4m 22s
Rendered 8709/10814, time remaining: 4m 22s
Rendered 8710/10814, time remaining: 4m 22s
Rendered 8711/10814, time remaining: 4m 22s
Rendered 8712/10814, time remaining: 4m 22s
Rendered 8713/10814, time remaining: 4m 22s
Rendered 8714/10814, time remaining: 4m 22s
Rendered 8715/10814, time remaining: 4m 22s
Rendered 8716/10814, time remaining: 4m 21s
Rendered 8717/10814, time remaining: 4m 21s
Rendered 8718/10814, time remaining: 4m 21s
Rendered 8719/10814, time remaining: 4m 21s
Rendered 8720/10814, time remaining: 4m 21s
Rendered 8721/10814, time remaining: 4m 21s
Rendered 8722/10814, time remaining: 4m 21s
Rendered 8723/10814, time remaining: 4m 20s
Rendered 8724/10814, time remaining: 4m 20s
Rendered 8725/10814, time remaining: 4m 20s
Rendered 8726/10814, time remaining: 4m 20s
Rendered 8727/10814, time remaining: 4m 20s
Rendered 8728/10814, time remaining: 4m 20s
Rendered 8729/10814, time remaining: 4m 20s
Rendered 8730/10814, time remaining: 4m 20s
Rendered 8731/10814, time remaining: 4m 19s
Rendered 8732/10814, time remaining: 4m 19s
Rendered 8733/10814, time remaining: 4m 19s
Rendered 8734/10814, time remaining: 4m 19s
Rendered 8735/10814, time remaining: 4m 19s
Rendered 8736/10814, time remaining: 4m 19s
Rendered 8737/10814, time remaining: 4m 19s
Rendered 8738/10814, time remaining: 4m 19s
Rendered 8739/10814, time remaining: 4m 18s
Rendered 8740/10814, time remaining: 4m 18s
Rendered 8741/10814, time remaining: 4m 18s
Rendered 8742/10814, time remaining: 4m 18s
Rendered 8743/10814, time remaining: 4m 18s
Rendered 8744/10814, time remaining: 4m 18s
Rendered 8745/10814, time remaining: 4m 18s
Rendered 8746/10814, time remaining: 4m 18s
Rendered 8747/10814, time remaining: 4m 17s
Rendered 8748/10814, time remaining: 4m 17s
Rendered 8749/10814, time remaining: 4m 17s
Rendered 8750/10814, time remaining: 4m 17s
Rendered 8751/10814, time remaining: 4m 17s
Rendered 8752/10814, time remaining: 4m 17s
Rendered 8753/10814, time remaining: 4m 17s
Rendered 8754/10814, time remaining: 4m 17s
Rendered 8755/10814, time remaining: 4m 16s
Rendered 8756/10814, time remaining: 4m 16s
Rendered 8757/10814, time remaining: 4m 16s
Rendered 8758/10814, time remaining: 4m 16s
Rendered 8759/10814, time remaining: 4m 16s
Rendered 8760/10814, time remaining: 4m 16s
Rendered 8761/10814, time remaining: 4m 16s
Rendered 8762/10814, time remaining: 4m 16s
Rendered 8763/10814, time remaining: 4m 15s
Rendered 8764/10814, time remaining: 4m 15s
Rendered 8765/10814, time remaining: 4m 15s
Rendered 8766/10814, time remaining: 4m 15s
Rendered 8767/10814, time remaining: 4m 15s
Rendered 8768/10814, time remaining: 4m 15s
Rendered 8769/10814, time remaining: 4m 15s
Rendered 8770/10814, time remaining: 4m 15s
Rendered 8771/10814, time remaining: 4m 14s
Rendered 8772/10814, time remaining: 4m 14s
Rendered 8773/10814, time remaining: 4m 14s
Rendered 8774/10814, time remaining: 4m 14s
Rendered 8775/10814, time remaining: 4m 14s
Rendered 8776/10814, time remaining: 4m 14s
Rendered 8777/10814, time remaining: 4m 14s
Rendered 8778/10814, time remaining: 4m 14s
Rendered 8779/10814, time remaining: 4m 13s
Rendered 8780/10814, time remaining: 4m 13s
Rendered 8781/10814, time remaining: 4m 13s
Rendered 8782/10814, time remaining: 4m 13s
Rendered 8783/10814, time remaining: 4m 13s
Rendered 8784/10814, time remaining: 4m 13s
Rendered 8785/10814, time remaining: 4m 13s
Rendered 8786/10814, time remaining: 4m 13s
Rendered 8787/10814, time remaining: 4m 12s
Rendered 8788/10814, time remaining: 4m 12s
Rendered 8789/10814, time remaining: 4m 12s
Rendered 8790/10814, time remaining: 4m 12s
Rendered 8791/10814, time remaining: 4m 12s
Rendered 8792/10814, time remaining: 4m 12s
Rendered 8793/10814, time remaining: 4m 12s
Rendered 8794/10814, time remaining: 4m 12s
Rendered 8795/10814, time remaining: 4m 11s
Rendered 8796/10814, time remaining: 4m 11s
Rendered 8797/10814, time remaining: 4m 11s
Rendered 8798/10814, time remaining: 4m 11s
Rendered 8799/10814, time remaining: 4m 11s
Rendered 8800/10814, time remaining: 4m 11s
Rendered 8801/10814, time remaining: 4m 11s
Rendered 8802/10814, time remaining: 4m 10s
Rendered 8803/10814, time remaining: 4m 10s
Rendered 8804/10814, time remaining: 4m 10s
Rendered 8805/10814, time remaining: 4m 10s
Rendered 8806/10814, time remaining: 4m 10s
Rendered 8807/10814, time remaining: 4m 10s
Rendered 8808/10814, time remaining: 4m 10s
Rendered 8809/10814, time remaining: 4m 10s
Rendered 8810/10814, time remaining: 4m 9s
Rendered 8811/10814, time remaining: 4m 9s
Rendered 8812/10814, time remaining: 4m 9s
Rendered 8813/10814, time remaining: 4m 9s
Rendered 8814/10814, time remaining: 4m 9s
Rendered 8815/10814, time remaining: 4m 9s
Rendered 8816/10814, time remaining: 4m 9s
Rendered 8817/10814, time remaining: 4m 9s
Rendered 8818/10814, time remaining: 4m 8s
Rendered 8819/10814, time remaining: 4m 8s
Rendered 8820/10814, time remaining: 4m 8s
Rendered 8821/10814, time remaining: 4m 8s
Rendered 8822/10814, time remaining: 4m 8s
Rendered 8823/10814, time remaining: 4m 8s
Rendered 8824/10814, time remaining: 4m 8s
Rendered 8825/10814, time remaining: 4m 8s
Rendered 8826/10814, time remaining: 4m 7s
Rendered 8827/10814, time remaining: 4m 7s
Rendered 8828/10814, time remaining: 4m 7s
Rendered 8829/10814, time remaining: 4m 7s
Rendered 8830/10814, time remaining: 4m 7s
Rendered 8831/10814, time remaining: 4m 7s
Rendered 8832/10814, time remaining: 4m 7s
Rendered 8833/10814, time remaining: 4m 7s
Rendered 8834/10814, time remaining: 4m 6s
Rendered 8835/10814, time remaining: 4m 6s
Rendered 8836/10814, time remaining: 4m 6s
Rendered 8837/10814, time remaining: 4m 6s
Rendered 8838/10814, time remaining: 4m 6s
Rendered 8839/10814, time remaining: 4m 6s
Rendered 8840/10814, time remaining: 4m 6s
Rendered 8841/10814, time remaining: 4m 6s
Rendered 8842/10814, time remaining: 4m 5s
Rendered 8843/10814, time remaining: 4m 5s
Rendered 8844/10814, time remaining: 4m 5s
Rendered 8845/10814, time remaining: 4m 5s
Rendered 8846/10814, time remaining: 4m 5s
Rendered 8847/10814, time remaining: 4m 5s
Rendered 8848/10814, time remaining: 4m 5s
Rendered 8849/10814, time remaining: 4m 5s
Rendered 8850/10814, time remaining: 4m 4s
Rendered 8851/10814, time remaining: 4m 4s
Rendered 8852/10814, time remaining: 4m 4s
Rendered 8853/10814, time remaining: 4m 4s
Rendered 8854/10814, time remaining: 4m 4s
Rendered 8855/10814, time remaining: 4m 4s
Rendered 8856/10814, time remaining: 4m 4s
Rendered 8857/10814, time remaining: 4m 4s
Rendered 8858/10814, time remaining: 4m 4s
Rendered 8859/10814, time remaining: 4m 3s
Rendered 8860/10814, time remaining: 4m 3s
Rendered 8861/10814, time remaining: 4m 3s
Rendered 8862/10814, time remaining: 4m 3s
Rendered 8863/10814, time remaining: 4m 3s
Rendered 8864/10814, time remaining: 4m 3s
Rendered 8865/10814, time remaining: 4m 3s
Rendered 8866/10814, time remaining: 4m 3s
Rendered 8867/10814, time remaining: 4m 2s
Rendered 8868/10814, time remaining: 4m 2s
Rendered 8869/10814, time remaining: 4m 2s
Rendered 8870/10814, time remaining: 4m 2s
Rendered 8871/10814, time remaining: 4m 2s
Rendered 8872/10814, time remaining: 4m 2s
Rendered 8873/10814, time remaining: 4m 2s
Rendered 8874/10814, time remaining: 4m 2s
Rendered 8875/10814, time remaining: 4m 1s
Rendered 8876/10814, time remaining: 4m 1s
Rendered 8877/10814, time remaining: 4m 1s
Rendered 8878/10814, time remaining: 4m 1s
Rendered 8879/10814, time remaining: 4m 1s
Rendered 8880/10814, time remaining: 4m 1s
Rendered 8881/10814, time remaining: 4m 1s
Rendered 8882/10814, time remaining: 4m 1s
Rendered 8883/10814, time remaining: 4m 0s
Rendered 8884/10814, time remaining: 4m 0s
Rendered 8885/10814, time remaining: 4m 0s
Rendered 8886/10814, time remaining: 4m 0s
Rendered 8887/10814, time remaining: 4m 0s
Rendered 8888/10814, time remaining: 4m 0s
Rendered 8889/10814, time remaining: 4m 0s
Rendered 8890/10814, time remaining: 4m 0s
Rendered 8891/10814, time remaining: 3m 59s
Rendered 8892/10814, time remaining: 3m 59s
Rendered 8893/10814, time remaining: 3m 59s
Rendered 8894/10814, time remaining: 3m 59s
Rendered 8895/10814, time remaining: 3m 59s
Rendered 8896/10814, time remaining: 3m 59s
Rendered 8897/10814, time remaining: 3m 59s
Rendered 8898/10814, time remaining: 3m 59s
Rendered 8899/10814, time remaining: 3m 58s
Rendered 8900/10814, time remaining: 3m 58s
Rendered 8901/10814, time remaining: 3m 58s
Rendered 8902/10814, time remaining: 3m 58s
Rendered 8903/10814, time remaining: 3m 58s
Rendered 8904/10814, time remaining: 3m 58s
Rendered 8905/10814, time remaining: 3m 58s
Rendered 8906/10814, time remaining: 3m 58s
Rendered 8907/10814, time remaining: 3m 58s
Rendered 8908/10814, time remaining: 3m 58s
Rendered 8909/10814, time remaining: 3m 57s
Rendered 8910/10814, time remaining: 3m 57s
Rendered 8911/10814, time remaining: 3m 57s
Rendered 8912/10814, time remaining: 3m 57s
Rendered 8913/10814, time remaining: 3m 57s
Rendered 8914/10814, time remaining: 3m 57s
Rendered 8915/10814, time remaining: 3m 57s
Rendered 8916/10814, time remaining: 3m 57s
Rendered 8917/10814, time remaining: 3m 57s
Rendered 8918/10814, time remaining: 3m 56s
Rendered 8919/10814, time remaining: 3m 56s
Rendered 8920/10814, time remaining: 3m 56s
Rendered 8921/10814, time remaining: 3m 56s
Rendered 8922/10814, time remaining: 3m 56s
Rendered 8923/10814, time remaining: 3m 56s
Rendered 8924/10814, time remaining: 3m 56s
Rendered 8925/10814, time remaining: 3m 56s
Rendered 8926/10814, time remaining: 3m 55s
Rendered 8927/10814, time remaining: 3m 55s
Rendered 8928/10814, time remaining: 3m 55s
Rendered 8929/10814, time remaining: 3m 55s
Rendered 8930/10814, time remaining: 3m 55s
Rendered 8931/10814, time remaining: 3m 55s
Rendered 8932/10814, time remaining: 3m 55s
Rendered 8933/10814, time remaining: 3m 54s
Rendered 8934/10814, time remaining: 3m 54s
Rendered 8935/10814, time remaining: 3m 54s
Rendered 8936/10814, time remaining: 3m 54s
Rendered 8937/10814, time remaining: 3m 54s
Rendered 8938/10814, time remaining: 3m 54s
Rendered 8939/10814, time remaining: 3m 54s
Rendered 8940/10814, time remaining: 3m 54s
Rendered 8941/10814, time remaining: 3m 54s
Rendered 8942/10814, time remaining: 3m 53s
Rendered 8943/10814, time remaining: 3m 53s
Rendered 8944/10814, time remaining: 3m 53s
Rendered 8945/10814, time remaining: 3m 53s
Rendered 8946/10814, time remaining: 3m 53s
Rendered 8947/10814, time remaining: 3m 53s
Rendered 8948/10814, time remaining: 3m 53s
Rendered 8949/10814, time remaining: 3m 53s
Rendered 8950/10814, time remaining: 3m 52s
Rendered 8951/10814, time remaining: 3m 52s
Rendered 8952/10814, time remaining: 3m 52s
Rendered 8953/10814, time remaining: 3m 52s
Rendered 8954/10814, time remaining: 3m 52s
Rendered 8955/10814, time remaining: 3m 52s
Rendered 8956/10814, time remaining: 3m 52s
Rendered 8957/10814, time remaining: 3m 52s
Rendered 8958/10814, time remaining: 3m 51s
Rendered 8959/10814, time remaining: 3m 51s
Rendered 8960/10814, time remaining: 3m 51s
Rendered 8961/10814, time remaining: 3m 51s
Rendered 8962/10814, time remaining: 3m 51s
Rendered 8963/10814, time remaining: 3m 51s
Rendered 8964/10814, time remaining: 3m 51s
Rendered 8965/10814, time remaining: 3m 51s
Rendered 8966/10814, time remaining: 3m 50s
Rendered 8967/10814, time remaining: 3m 50s
Rendered 8968/10814, time remaining: 3m 50s
Rendered 8969/10814, time remaining: 3m 50s
Rendered 8970/10814, time remaining: 3m 50s
Rendered 8971/10814, time remaining: 3m 50s
Rendered 8972/10814, time remaining: 3m 50s
Rendered 8973/10814, time remaining: 3m 50s
Rendered 8974/10814, time remaining: 3m 49s
Rendered 8975/10814, time remaining: 3m 49s
Rendered 8976/10814, time remaining: 3m 49s
Rendered 8977/10814, time remaining: 3m 49s
Rendered 8978/10814, time remaining: 3m 49s
Rendered 8979/10814, time remaining: 3m 49s
Rendered 8980/10814, time remaining: 3m 49s
Rendered 8981/10814, time remaining: 3m 49s
Rendered 8982/10814, time remaining: 3m 48s
Rendered 8983/10814, time remaining: 3m 48s
Rendered 8984/10814, time remaining: 3m 48s
Rendered 8985/10814, time remaining: 3m 48s
Rendered 8986/10814, time remaining: 3m 48s
Rendered 8987/10814, time remaining: 3m 48s
Rendered 8988/10814, time remaining: 3m 48s
Rendered 8989/10814, time remaining: 3m 48s
Rendered 8990/10814, time remaining: 3m 47s
Rendered 8991/10814, time remaining: 3m 47s
Rendered 8992/10814, time remaining: 3m 47s
Rendered 8993/10814, time remaining: 3m 47s
Rendered 8994/10814, time remaining: 3m 47s
Rendered 8995/10814, time remaining: 3m 47s
Rendered 8996/10814, time remaining: 3m 47s
Rendered 8997/10814, time remaining: 3m 47s
Rendered 8998/10814, time remaining: 3m 46s
Rendered 8999/10814, time remaining: 3m 46s
Rendered 9000/10814, time remaining: 3m 46s
Rendered 9001/10814, time remaining: 3m 46s
Rendered 9002/10814, time remaining: 3m 46s
Rendered 9003/10814, time remaining: 3m 46s
Rendered 9004/10814, time remaining: 3m 46s
Rendered 9005/10814, time remaining: 3m 46s
Rendered 9006/10814, time remaining: 3m 45s
Rendered 9007/10814, time remaining: 3m 45s
Rendered 9008/10814, time remaining: 3m 45s
Rendered 9009/10814, time remaining: 3m 45s
Rendered 9010/10814, time remaining: 3m 45s
Rendered 9011/10814, time remaining: 3m 45s
Rendered 9012/10814, time remaining: 3m 45s
Rendered 9013/10814, time remaining: 3m 45s
Rendered 9014/10814, time remaining: 3m 44s
Rendered 9015/10814, time remaining: 3m 44s
Rendered 9016/10814, time remaining: 3m 44s
Rendered 9017/10814, time remaining: 3m 44s
Rendered 9018/10814, time remaining: 3m 44s
Rendered 9019/10814, time remaining: 3m 44s
Rendered 9020/10814, time remaining: 3m 44s
Rendered 9021/10814, time remaining: 3m 44s
Rendered 9022/10814, time remaining: 3m 44s
Rendered 9023/10814, time remaining: 3m 43s
Rendered 9024/10814, time remaining: 3m 43s
Rendered 9025/10814, time remaining: 3m 43s
Rendered 9026/10814, time remaining: 3m 43s
Rendered 9027/10814, time remaining: 3m 43s
Rendered 9028/10814, time remaining: 3m 43s
Rendered 9029/10814, time remaining: 3m 43s
Rendered 9030/10814, time remaining: 3m 43s
Rendered 9031/10814, time remaining: 3m 42s
Rendered 9032/10814, time remaining: 3m 42s
Rendered 9033/10814, time remaining: 3m 42s
Rendered 9034/10814, time remaining: 3m 42s
Rendered 9035/10814, time remaining: 3m 42s
Rendered 9036/10814, time remaining: 3m 42s
Rendered 9037/10814, time remaining: 3m 42s
Rendered 9038/10814, time remaining: 3m 42s
Rendered 9039/10814, time remaining: 3m 41s
Rendered 9040/10814, time remaining: 3m 41s
Rendered 9041/10814, time remaining: 3m 41s
Rendered 9042/10814, time remaining: 3m 41s
Rendered 9043/10814, time remaining: 3m 41s
Rendered 9044/10814, time remaining: 3m 41s
Rendered 9045/10814, time remaining: 3m 41s
Rendered 9046/10814, time remaining: 3m 41s
Rendered 9047/10814, time remaining: 3m 40s
Rendered 9048/10814, time remaining: 3m 40s
Rendered 9049/10814, time remaining: 3m 40s
Rendered 9050/10814, time remaining: 3m 40s
Rendered 9051/10814, time remaining: 3m 40s
Rendered 9052/10814, time remaining: 3m 40s
Rendered 9053/10814, time remaining: 3m 40s
Rendered 9054/10814, time remaining: 3m 39s
Rendered 9055/10814, time remaining: 3m 39s
Rendered 9056/10814, time remaining: 3m 39s
Rendered 9057/10814, time remaining: 3m 39s
Rendered 9058/10814, time remaining: 3m 39s
Rendered 9059/10814, time remaining: 3m 39s
Rendered 9060/10814, time remaining: 3m 39s
Rendered 9061/10814, time remaining: 3m 39s
Rendered 9062/10814, time remaining: 3m 38s
Rendered 9063/10814, time remaining: 3m 38s
Rendered 9064/10814, time remaining: 3m 38s
Rendered 9065/10814, time remaining: 3m 38s
Rendered 9066/10814, time remaining: 3m 38s
Rendered 9067/10814, time remaining: 3m 38s
Rendered 9068/10814, time remaining: 3m 38s
Rendered 9069/10814, time remaining: 3m 38s
Rendered 9070/10814, time remaining: 3m 37s
Rendered 9071/10814, time remaining: 3m 37s
Rendered 9072/10814, time remaining: 3m 37s
Rendered 9073/10814, time remaining: 3m 37s
Rendered 9074/10814, time remaining: 3m 37s
Rendered 9075/10814, time remaining: 3m 37s
Rendered 9076/10814, time remaining: 3m 37s
Rendered 9077/10814, time remaining: 3m 37s
Rendered 9078/10814, time remaining: 3m 36s
Rendered 9079/10814, time remaining: 3m 36s
Rendered 9080/10814, time remaining: 3m 36s
Rendered 9081/10814, time remaining: 3m 36s
Rendered 9082/10814, time remaining: 3m 36s
Rendered 9083/10814, time remaining: 3m 36s
Rendered 9084/10814, time remaining: 3m 36s
Rendered 9085/10814, time remaining: 3m 36s
Rendered 9086/10814, time remaining: 3m 35s
Rendered 9087/10814, time remaining: 3m 35s
Rendered 9088/10814, time remaining: 3m 35s
Rendered 9089/10814, time remaining: 3m 35s
Rendered 9090/10814, time remaining: 3m 35s
Rendered 9091/10814, time remaining: 3m 35s
Rendered 9092/10814, time remaining: 3m 35s
Rendered 9093/10814, time remaining: 3m 35s
Rendered 9094/10814, time remaining: 3m 34s
Rendered 9095/10814, time remaining: 3m 34s
Rendered 9096/10814, time remaining: 3m 34s
Rendered 9097/10814, time remaining: 3m 34s
Rendered 9098/10814, time remaining: 3m 34s
Rendered 9099/10814, time remaining: 3m 34s
Rendered 9100/10814, time remaining: 3m 34s
Rendered 9101/10814, time remaining: 3m 34s
Rendered 9102/10814, time remaining: 3m 33s
Rendered 9103/10814, time remaining: 3m 33s
Rendered 9104/10814, time remaining: 3m 33s
Rendered 9105/10814, time remaining: 3m 33s
Rendered 9106/10814, time remaining: 3m 33s
Rendered 9107/10814, time remaining: 3m 33s
Rendered 9108/10814, time remaining: 3m 33s
Rendered 9109/10814, time remaining: 3m 33s
Rendered 9110/10814, time remaining: 3m 32s
Rendered 9111/10814, time remaining: 3m 32s
Rendered 9112/10814, time remaining: 3m 32s
Rendered 9113/10814, time remaining: 3m 32s
Rendered 9114/10814, time remaining: 3m 32s
Rendered 9115/10814, time remaining: 3m 32s
Rendered 9116/10814, time remaining: 3m 32s
Rendered 9117/10814, time remaining: 3m 32s
Rendered 9118/10814, time remaining: 3m 31s
Rendered 9119/10814, time remaining: 3m 31s
Rendered 9120/10814, time remaining: 3m 31s
Rendered 9121/10814, time remaining: 3m 31s
Rendered 9122/10814, time remaining: 3m 31s
Rendered 9123/10814, time remaining: 3m 31s
Rendered 9124/10814, time remaining: 3m 31s
Rendered 9125/10814, time remaining: 3m 31s
Rendered 9126/10814, time remaining: 3m 30s
Rendered 9127/10814, time remaining: 3m 30s
Rendered 9128/10814, time remaining: 3m 30s
Rendered 9129/10814, time remaining: 3m 30s
Rendered 9130/10814, time remaining: 3m 30s
Rendered 9131/10814, time remaining: 3m 30s
Rendered 9132/10814, time remaining: 3m 30s
Rendered 9133/10814, time remaining: 3m 30s
Rendered 9134/10814, time remaining: 3m 29s
Rendered 9135/10814, time remaining: 3m 29s
Rendered 9136/10814, time remaining: 3m 29s
Rendered 9137/10814, time remaining: 3m 29s
Rendered 9138/10814, time remaining: 3m 29s
Rendered 9139/10814, time remaining: 3m 29s
Rendered 9140/10814, time remaining: 3m 29s
Rendered 9141/10814, time remaining: 3m 29s
Rendered 9142/10814, time remaining: 3m 28s
Rendered 9143/10814, time remaining: 3m 28s
Rendered 9144/10814, time remaining: 3m 28s
Rendered 9145/10814, time remaining: 3m 28s
Rendered 9146/10814, time remaining: 3m 28s
Rendered 9147/10814, time remaining: 3m 28s
Rendered 9148/10814, time remaining: 3m 28s
Rendered 9149/10814, time remaining: 3m 28s
Rendered 9150/10814, time remaining: 3m 27s
Rendered 9151/10814, time remaining: 3m 27s
Rendered 9152/10814, time remaining: 3m 27s
Rendered 9153/10814, time remaining: 3m 27s
Rendered 9154/10814, time remaining: 3m 27s
Rendered 9155/10814, time remaining: 3m 27s
Rendered 9156/10814, time remaining: 3m 27s
Rendered 9157/10814, time remaining: 3m 27s
Rendered 9158/10814, time remaining: 3m 26s
Rendered 9159/10814, time remaining: 3m 26s
Rendered 9160/10814, time remaining: 3m 26s
Rendered 9161/10814, time remaining: 3m 26s
Rendered 9162/10814, time remaining: 3m 26s
Rendered 9163/10814, time remaining: 3m 26s
Rendered 9164/10814, time remaining: 3m 26s
Rendered 9165/10814, time remaining: 3m 26s
Rendered 9166/10814, time remaining: 3m 25s
Rendered 9167/10814, time remaining: 3m 25s
Rendered 9168/10814, time remaining: 3m 25s
Rendered 9169/10814, time remaining: 3m 25s
Rendered 9170/10814, time remaining: 3m 25s
Rendered 9171/10814, time remaining: 3m 25s
Rendered 9172/10814, time remaining: 3m 25s
Rendered 9173/10814, time remaining: 3m 25s
Rendered 9174/10814, time remaining: 3m 24s
Rendered 9175/10814, time remaining: 3m 24s
Rendered 9176/10814, time remaining: 3m 24s
Rendered 9177/10814, time remaining: 3m 24s
Rendered 9178/10814, time remaining: 3m 24s
Rendered 9179/10814, time remaining: 3m 24s
Rendered 9180/10814, time remaining: 3m 24s
Rendered 9181/10814, time remaining: 3m 24s
Rendered 9182/10814, time remaining: 3m 23s
Rendered 9183/10814, time remaining: 3m 23s
Rendered 9184/10814, time remaining: 3m 23s
Rendered 9185/10814, time remaining: 3m 23s
Rendered 9186/10814, time remaining: 3m 23s
Rendered 9187/10814, time remaining: 3m 23s
Rendered 9188/10814, time remaining: 3m 23s
Rendered 9189/10814, time remaining: 3m 23s
Rendered 9190/10814, time remaining: 3m 22s
Rendered 9191/10814, time remaining: 3m 22s
Rendered 9192/10814, time remaining: 3m 22s
Rendered 9193/10814, time remaining: 3m 22s
Rendered 9194/10814, time remaining: 3m 22s
Rendered 9195/10814, time remaining: 3m 22s
Rendered 9196/10814, time remaining: 3m 22s
Rendered 9197/10814, time remaining: 3m 22s
Rendered 9198/10814, time remaining: 3m 21s
Rendered 9199/10814, time remaining: 3m 21s
Rendered 9200/10814, time remaining: 3m 21s
Rendered 9201/10814, time remaining: 3m 21s
Rendered 9202/10814, time remaining: 3m 21s
Rendered 9203/10814, time remaining: 3m 21s
Rendered 9204/10814, time remaining: 3m 21s
Rendered 9205/10814, time remaining: 3m 21s
Rendered 9206/10814, time remaining: 3m 20s
Rendered 9207/10814, time remaining: 3m 20s
Rendered 9208/10814, time remaining: 3m 20s
Rendered 9209/10814, time remaining: 3m 20s
Rendered 9210/10814, time remaining: 3m 20s
Rendered 9211/10814, time remaining: 3m 20s
Rendered 9212/10814, time remaining: 3m 20s
Rendered 9213/10814, time remaining: 3m 20s
Rendered 9214/10814, time remaining: 3m 19s
Rendered 9215/10814, time remaining: 3m 19s
Rendered 9216/10814, time remaining: 3m 19s
Rendered 9217/10814, time remaining: 3m 19s
Rendered 9218/10814, time remaining: 3m 19s
Rendered 9219/10814, time remaining: 3m 19s
Rendered 9220/10814, time remaining: 3m 19s
Rendered 9221/10814, time remaining: 3m 19s
Rendered 9222/10814, time remaining: 3m 18s
Rendered 9223/10814, time remaining: 3m 18s
Rendered 9224/10814, time remaining: 3m 18s
Rendered 9225/10814, time remaining: 3m 18s
Rendered 9226/10814, time remaining: 3m 18s
Rendered 9227/10814, time remaining: 3m 18s
Rendered 9228/10814, time remaining: 3m 18s
Rendered 9229/10814, time remaining: 3m 18s
Rendered 9230/10814, time remaining: 3m 17s
Rendered 9231/10814, time remaining: 3m 17s
Rendered 9232/10814, time remaining: 3m 17s
Rendered 9233/10814, time remaining: 3m 17s
Rendered 9234/10814, time remaining: 3m 17s
Rendered 9235/10814, time remaining: 3m 17s
Rendered 9236/10814, time remaining: 3m 17s
Rendered 9237/10814, time remaining: 3m 17s
Rendered 9238/10814, time remaining: 3m 16s
Rendered 9239/10814, time remaining: 3m 16s
Rendered 9240/10814, time remaining: 3m 16s
Rendered 9241/10814, time remaining: 3m 16s
Rendered 9242/10814, time remaining: 3m 16s
Rendered 9243/10814, time remaining: 3m 16s
Rendered 9244/10814, time remaining: 3m 16s
Rendered 9245/10814, time remaining: 3m 16s
Rendered 9246/10814, time remaining: 3m 15s
Rendered 9247/10814, time remaining: 3m 15s
Rendered 9248/10814, time remaining: 3m 15s
Rendered 9249/10814, time remaining: 3m 15s
Rendered 9250/10814, time remaining: 3m 15s
Rendered 9251/10814, time remaining: 3m 15s
Rendered 9252/10814, time remaining: 3m 15s
Rendered 9253/10814, time remaining: 3m 15s
Rendered 9254/10814, time remaining: 3m 14s
Rendered 9255/10814, time remaining: 3m 14s
Rendered 9256/10814, time remaining: 3m 14s
Rendered 9257/10814, time remaining: 3m 14s
Rendered 9258/10814, time remaining: 3m 14s
Rendered 9259/10814, time remaining: 3m 14s
Rendered 9260/10814, time remaining: 3m 14s
Rendered 9261/10814, time remaining: 3m 14s
Rendered 9262/10814, time remaining: 3m 13s
Rendered 9263/10814, time remaining: 3m 13s
Rendered 9264/10814, time remaining: 3m 13s
Rendered 9265/10814, time remaining: 3m 13s
Rendered 9266/10814, time remaining: 3m 13s
Rendered 9267/10814, time remaining: 3m 13s
Rendered 9268/10814, time remaining: 3m 13s
Rendered 9269/10814, time remaining: 3m 13s
Rendered 9270/10814, time remaining: 3m 12s
Rendered 9271/10814, time remaining: 3m 12s
Rendered 9272/10814, time remaining: 3m 12s
Rendered 9273/10814, time remaining: 3m 12s
Rendered 9274/10814, time remaining: 3m 12s
Rendered 9275/10814, time remaining: 3m 12s
Rendered 9276/10814, time remaining: 3m 12s
Rendered 9277/10814, time remaining: 3m 12s
Rendered 9278/10814, time remaining: 3m 11s
Rendered 9279/10814, time remaining: 3m 11s
Rendered 9280/10814, time remaining: 3m 11s
Rendered 9281/10814, time remaining: 3m 11s
Rendered 9282/10814, time remaining: 3m 11s
Rendered 9283/10814, time remaining: 3m 11s
Rendered 9284/10814, time remaining: 3m 11s
Rendered 9285/10814, time remaining: 3m 11s
Rendered 9286/10814, time remaining: 3m 10s
Rendered 9287/10814, time remaining: 3m 10s
Rendered 9288/10814, time remaining: 3m 10s
Rendered 9289/10814, time remaining: 3m 10s
Rendered 9290/10814, time remaining: 3m 10s
Rendered 9291/10814, time remaining: 3m 10s
Rendered 9292/10814, time remaining: 3m 10s
Rendered 9293/10814, time remaining: 3m 10s
Rendered 9294/10814, time remaining: 3m 9s
Rendered 9295/10814, time remaining: 3m 9s
Rendered 9296/10814, time remaining: 3m 9s
Rendered 9297/10814, time remaining: 3m 9s
Rendered 9298/10814, time remaining: 3m 9s
Rendered 9299/10814, time remaining: 3m 9s
Rendered 9300/10814, time remaining: 3m 9s
Rendered 9301/10814, time remaining: 3m 9s
Rendered 9302/10814, time remaining: 3m 8s
Rendered 9303/10814, time remaining: 3m 8s
Rendered 9304/10814, time remaining: 3m 8s
Rendered 9305/10814, time remaining: 3m 8s
Rendered 9306/10814, time remaining: 3m 8s
Rendered 9307/10814, time remaining: 3m 8s
Rendered 9308/10814, time remaining: 3m 8s
Rendered 9309/10814, time remaining: 3m 8s
Rendered 9310/10814, time remaining: 3m 7s
Rendered 9311/10814, time remaining: 3m 7s
Rendered 9312/10814, time remaining: 3m 7s
Rendered 9313/10814, time remaining: 3m 7s
Rendered 9314/10814, time remaining: 3m 7s
Rendered 9315/10814, time remaining: 3m 7s
Rendered 9316/10814, time remaining: 3m 7s
Rendered 9317/10814, time remaining: 3m 7s
Rendered 9318/10814, time remaining: 3m 6s
Rendered 9319/10814, time remaining: 3m 6s
Rendered 9320/10814, time remaining: 3m 6s
Rendered 9321/10814, time remaining: 3m 6s
Rendered 9322/10814, time remaining: 3m 6s
Rendered 9323/10814, time remaining: 3m 6s
Rendered 9324/10814, time remaining: 3m 6s
Rendered 9325/10814, time remaining: 3m 6s
Rendered 9326/10814, time remaining: 3m 5s
Rendered 9327/10814, time remaining: 3m 5s
Rendered 9328/10814, time remaining: 3m 5s
Rendered 9329/10814, time remaining: 3m 5s
Rendered 9330/10814, time remaining: 3m 5s
Rendered 9331/10814, time remaining: 3m 5s
Rendered 9332/10814, time remaining: 3m 5s
Rendered 9333/10814, time remaining: 3m 5s
Rendered 9334/10814, time remaining: 3m 4s
Rendered 9335/10814, time remaining: 3m 4s
Rendered 9336/10814, time remaining: 3m 4s
Rendered 9337/10814, time remaining: 3m 4s
Rendered 9338/10814, time remaining: 3m 4s
Rendered 9339/10814, time remaining: 3m 4s
Rendered 9340/10814, time remaining: 3m 4s
Rendered 9341/10814, time remaining: 3m 4s
Rendered 9342/10814, time remaining: 3m 3s
Rendered 9343/10814, time remaining: 3m 3s
Rendered 9344/10814, time remaining: 3m 3s
Rendered 9345/10814, time remaining: 3m 3s
Rendered 9346/10814, time remaining: 3m 3s
Rendered 9347/10814, time remaining: 3m 3s
Rendered 9348/10814, time remaining: 3m 3s
Rendered 9349/10814, time remaining: 3m 3s
Rendered 9350/10814, time remaining: 3m 3s
Rendered 9351/10814, time remaining: 3m 2s
Rendered 9352/10814, time remaining: 3m 2s
Rendered 9353/10814, time remaining: 3m 2s
Rendered 9354/10814, time remaining: 3m 2s
Rendered 9355/10814, time remaining: 3m 2s
Rendered 9356/10814, time remaining: 3m 2s
Rendered 9357/10814, time remaining: 3m 2s
Rendered 9358/10814, time remaining: 3m 2s
Rendered 9359/10814, time remaining: 3m 1s
Rendered 9360/10814, time remaining: 3m 1s
Rendered 9361/10814, time remaining: 3m 1s
Rendered 9362/10814, time remaining: 3m 1s
Rendered 9363/10814, time remaining: 3m 1s
Rendered 9364/10814, time remaining: 3m 1s
Rendered 9365/10814, time remaining: 3m 1s
Rendered 9366/10814, time remaining: 3m 1s
Rendered 9367/10814, time remaining: 3m 0s
Rendered 9368/10814, time remaining: 3m 0s
Rendered 9369/10814, time remaining: 3m 0s
Rendered 9370/10814, time remaining: 3m 0s
Rendered 9371/10814, time remaining: 3m 0s
Rendered 9372/10814, time remaining: 3m 0s
Rendered 9373/10814, time remaining: 3m 0s
Rendered 9374/10814, time remaining: 3m 0s
Rendered 9375/10814, time remaining: 2m 59s
Rendered 9376/10814, time remaining: 2m 59s
Rendered 9377/10814, time remaining: 2m 59s
Rendered 9378/10814, time remaining: 2m 59s
Rendered 9379/10814, time remaining: 2m 59s
Rendered 9380/10814, time remaining: 2m 59s
Rendered 9381/10814, time remaining: 2m 59s
Rendered 9382/10814, time remaining: 2m 59s
Rendered 9383/10814, time remaining: 2m 58s
Rendered 9384/10814, time remaining: 2m 58s
Rendered 9385/10814, time remaining: 2m 58s
Rendered 9386/10814, time remaining: 2m 58s
Rendered 9387/10814, time remaining: 2m 58s
Rendered 9388/10814, time remaining: 2m 58s
Rendered 9389/10814, time remaining: 2m 58s
Rendered 9390/10814, time remaining: 2m 58s
Rendered 9391/10814, time remaining: 2m 57s
Rendered 9392/10814, time remaining: 2m 57s
Rendered 9393/10814, time remaining: 2m 57s
Rendered 9394/10814, time remaining: 2m 57s
Rendered 9395/10814, time remaining: 2m 57s
Rendered 9396/10814, time remaining: 2m 57s
Rendered 9397/10814, time remaining: 2m 57s
Rendered 9398/10814, time remaining: 2m 57s
Rendered 9399/10814, time remaining: 2m 56s
Rendered 9400/10814, time remaining: 2m 56s
Rendered 9401/10814, time remaining: 2m 56s
Rendered 9402/10814, time remaining: 2m 56s
Rendered 9403/10814, time remaining: 2m 56s
Rendered 9404/10814, time remaining: 2m 56s
Rendered 9405/10814, time remaining: 2m 56s
Rendered 9406/10814, time remaining: 2m 56s
Rendered 9407/10814, time remaining: 2m 55s
Rendered 9408/10814, time remaining: 2m 55s
Rendered 9409/10814, time remaining: 2m 55s
Rendered 9410/10814, time remaining: 2m 55s
Rendered 9411/10814, time remaining: 2m 55s
Rendered 9412/10814, time remaining: 2m 55s
Rendered 9413/10814, time remaining: 2m 55s
Rendered 9414/10814, time remaining: 2m 55s
Rendered 9415/10814, time remaining: 2m 54s
Rendered 9416/10814, time remaining: 2m 54s
Rendered 9417/10814, time remaining: 2m 54s
Rendered 9418/10814, time remaining: 2m 54s
Rendered 9419/10814, time remaining: 2m 54s
Rendered 9420/10814, time remaining: 2m 54s
Rendered 9421/10814, time remaining: 2m 54s
Rendered 9422/10814, time remaining: 2m 54s
Rendered 9423/10814, time remaining: 2m 53s
Rendered 9424/10814, time remaining: 2m 53s
Rendered 9425/10814, time remaining: 2m 53s
Rendered 9426/10814, time remaining: 2m 53s
Rendered 9427/10814, time remaining: 2m 53s
Rendered 9428/10814, time remaining: 2m 53s
Rendered 9429/10814, time remaining: 2m 53s
Rendered 9430/10814, time remaining: 2m 53s
Rendered 9431/10814, time remaining: 2m 52s
Rendered 9432/10814, time remaining: 2m 52s
Rendered 9433/10814, time remaining: 2m 52s
Rendered 9434/10814, time remaining: 2m 52s
Rendered 9435/10814, time remaining: 2m 52s
Rendered 9436/10814, time remaining: 2m 52s
Rendered 9437/10814, time remaining: 2m 52s
Rendered 9438/10814, time remaining: 2m 52s
Rendered 9439/10814, time remaining: 2m 51s
Rendered 9440/10814, time remaining: 2m 51s
Rendered 9441/10814, time remaining: 2m 51s
Rendered 9442/10814, time remaining: 2m 51s
Rendered 9443/10814, time remaining: 2m 51s
Rendered 9444/10814, time remaining: 2m 51s
Rendered 9445/10814, time remaining: 2m 51s
Rendered 9446/10814, time remaining: 2m 51s
Rendered 9447/10814, time remaining: 2m 50s
Rendered 9448/10814, time remaining: 2m 50s
Rendered 9449/10814, time remaining: 2m 50s
Rendered 9450/10814, time remaining: 2m 50s
Rendered 9451/10814, time remaining: 2m 50s
Rendered 9452/10814, time remaining: 2m 50s
Rendered 9453/10814, time remaining: 2m 50s
Rendered 9454/10814, time remaining: 2m 50s
Rendered 9455/10814, time remaining: 2m 49s
Rendered 9456/10814, time remaining: 2m 49s
Rendered 9457/10814, time remaining: 2m 49s
Rendered 9458/10814, time remaining: 2m 49s
Rendered 9459/10814, time remaining: 2m 49s
Rendered 9460/10814, time remaining: 2m 49s
Rendered 9461/10814, time remaining: 2m 49s
Rendered 9462/10814, time remaining: 2m 49s
Rendered 9463/10814, time remaining: 2m 48s
Rendered 9464/10814, time remaining: 2m 48s
Rendered 9465/10814, time remaining: 2m 48s
Rendered 9466/10814, time remaining: 2m 48s
Rendered 9467/10814, time remaining: 2m 48s
Rendered 9468/10814, time remaining: 2m 48s
Rendered 9469/10814, time remaining: 2m 48s
Rendered 9470/10814, time remaining: 2m 48s
Rendered 9471/10814, time remaining: 2m 47s
Rendered 9472/10814, time remaining: 2m 47s
Rendered 9473/10814, time remaining: 2m 47s
Rendered 9474/10814, time remaining: 2m 47s
Rendered 9475/10814, time remaining: 2m 47s
Rendered 9476/10814, time remaining: 2m 47s
Rendered 9477/10814, time remaining: 2m 47s
Rendered 9478/10814, time remaining: 2m 47s
Rendered 9479/10814, time remaining: 2m 46s
Rendered 9480/10814, time remaining: 2m 46s
Rendered 9481/10814, time remaining: 2m 46s
Rendered 9482/10814, time remaining: 2m 46s
Rendered 9483/10814, time remaining: 2m 46s
Rendered 9484/10814, time remaining: 2m 46s
Rendered 9485/10814, time remaining: 2m 46s
Rendered 9486/10814, time remaining: 2m 46s
Rendered 9487/10814, time remaining: 2m 45s
Rendered 9488/10814, time remaining: 2m 45s
Rendered 9489/10814, time remaining: 2m 45s
Rendered 9490/10814, time remaining: 2m 45s
Rendered 9491/10814, time remaining: 2m 45s
Rendered 9492/10814, time remaining: 2m 45s
Rendered 9493/10814, time remaining: 2m 45s
Rendered 9494/10814, time remaining: 2m 45s
Rendered 9495/10814, time remaining: 2m 44s
Rendered 9496/10814, time remaining: 2m 44s
Rendered 9497/10814, time remaining: 2m 44s
Rendered 9498/10814, time remaining: 2m 44s
Rendered 9499/10814, time remaining: 2m 44s
Rendered 9500/10814, time remaining: 2m 44s
Rendered 9501/10814, time remaining: 2m 44s
Rendered 9502/10814, time remaining: 2m 44s
Rendered 9503/10814, time remaining: 2m 43s
Rendered 9504/10814, time remaining: 2m 43s
Rendered 9505/10814, time remaining: 2m 43s
Rendered 9506/10814, time remaining: 2m 43s
Rendered 9507/10814, time remaining: 2m 43s
Rendered 9508/10814, time remaining: 2m 43s
Rendered 9509/10814, time remaining: 2m 43s
Rendered 9510/10814, time remaining: 2m 42s
Rendered 9511/10814, time remaining: 2m 42s
Rendered 9512/10814, time remaining: 2m 42s
Rendered 9513/10814, time remaining: 2m 42s
Rendered 9514/10814, time remaining: 2m 42s
Rendered 9515/10814, time remaining: 2m 42s
Rendered 9516/10814, time remaining: 2m 42s
Rendered 9517/10814, time remaining: 2m 42s
Rendered 9518/10814, time remaining: 2m 41s
Rendered 9519/10814, time remaining: 2m 41s
Rendered 9520/10814, time remaining: 2m 41s
Rendered 9521/10814, time remaining: 2m 41s
Rendered 9522/10814, time remaining: 2m 41s
Rendered 9523/10814, time remaining: 2m 41s
Rendered 9524/10814, time remaining: 2m 41s
Rendered 9525/10814, time remaining: 2m 41s
Rendered 9526/10814, time remaining: 2m 40s
Rendered 9527/10814, time remaining: 2m 40s
Rendered 9528/10814, time remaining: 2m 40s
Rendered 9529/10814, time remaining: 2m 40s
Rendered 9530/10814, time remaining: 2m 40s
Rendered 9531/10814, time remaining: 2m 40s
Rendered 9532/10814, time remaining: 2m 40s
Rendered 9533/10814, time remaining: 2m 40s
Rendered 9534/10814, time remaining: 2m 39s
Rendered 9535/10814, time remaining: 2m 39s
Rendered 9536/10814, time remaining: 2m 39s
Rendered 9537/10814, time remaining: 2m 39s
Rendered 9538/10814, time remaining: 2m 39s
Rendered 9539/10814, time remaining: 2m 39s
Rendered 9540/10814, time remaining: 2m 39s
Rendered 9541/10814, time remaining: 2m 39s
Rendered 9542/10814, time remaining: 2m 38s
Rendered 9543/10814, time remaining: 2m 38s
Rendered 9544/10814, time remaining: 2m 38s
Rendered 9545/10814, time remaining: 2m 38s
Rendered 9546/10814, time remaining: 2m 38s
Rendered 9547/10814, time remaining: 2m 38s
Rendered 9548/10814, time remaining: 2m 38s
Rendered 9549/10814, time remaining: 2m 38s
Rendered 9550/10814, time remaining: 2m 37s
Rendered 9551/10814, time remaining: 2m 37s
Rendered 9552/10814, time remaining: 2m 37s
Rendered 9553/10814, time remaining: 2m 37s
Rendered 9554/10814, time remaining: 2m 37s
Rendered 9555/10814, time remaining: 2m 37s
Rendered 9556/10814, time remaining: 2m 37s
Rendered 9557/10814, time remaining: 2m 37s
Rendered 9558/10814, time remaining: 2m 36s
Rendered 9559/10814, time remaining: 2m 36s
Rendered 9560/10814, time remaining: 2m 36s
Rendered 9561/10814, time remaining: 2m 36s
Rendered 9562/10814, time remaining: 2m 36s
Rendered 9563/10814, time remaining: 2m 36s
Rendered 9564/10814, time remaining: 2m 36s
Rendered 9565/10814, time remaining: 2m 36s
Rendered 9566/10814, time remaining: 2m 35s
Rendered 9567/10814, time remaining: 2m 35s
Rendered 9568/10814, time remaining: 2m 35s
Rendered 9569/10814, time remaining: 2m 35s
Rendered 9570/10814, time remaining: 2m 35s
Rendered 9571/10814, time remaining: 2m 35s
Rendered 9572/10814, time remaining: 2m 35s
Rendered 9573/10814, time remaining: 2m 35s
Rendered 9574/10814, time remaining: 2m 34s
Rendered 9575/10814, time remaining: 2m 34s
Rendered 9576/10814, time remaining: 2m 34s
Rendered 9577/10814, time remaining: 2m 34s
Rendered 9578/10814, time remaining: 2m 34s
Rendered 9579/10814, time remaining: 2m 34s
Rendered 9580/10814, time remaining: 2m 34s
Rendered 9581/10814, time remaining: 2m 34s
Rendered 9582/10814, time remaining: 2m 33s
Rendered 9583/10814, time remaining: 2m 33s
Rendered 9584/10814, time remaining: 2m 33s
Rendered 9585/10814, time remaining: 2m 33s
Rendered 9586/10814, time remaining: 2m 33s
Rendered 9587/10814, time remaining: 2m 33s
Rendered 9588/10814, time remaining: 2m 33s
Rendered 9589/10814, time remaining: 2m 33s
Rendered 9590/10814, time remaining: 2m 32s
Rendered 9591/10814, time remaining: 2m 32s
Rendered 9592/10814, time remaining: 2m 32s
Rendered 9593/10814, time remaining: 2m 32s
Rendered 9594/10814, time remaining: 2m 32s
Rendered 9595/10814, time remaining: 2m 32s
Rendered 9596/10814, time remaining: 2m 32s
Rendered 9597/10814, time remaining: 2m 32s
Rendered 9598/10814, time remaining: 2m 31s
Rendered 9599/10814, time remaining: 2m 31s
Rendered 9600/10814, time remaining: 2m 31s
Rendered 9601/10814, time remaining: 2m 31s
Rendered 9602/10814, time remaining: 2m 31s
Rendered 9603/10814, time remaining: 2m 31s
Rendered 9604/10814, time remaining: 2m 31s
Rendered 9605/10814, time remaining: 2m 31s
Rendered 9606/10814, time remaining: 2m 30s
Rendered 9607/10814, time remaining: 2m 30s
Rendered 9608/10814, time remaining: 2m 30s
Rendered 9609/10814, time remaining: 2m 30s
Rendered 9610/10814, time remaining: 2m 30s
Rendered 9611/10814, time remaining: 2m 30s
Rendered 9612/10814, time remaining: 2m 30s
Rendered 9613/10814, time remaining: 2m 30s
Rendered 9614/10814, time remaining: 2m 29s
Rendered 9615/10814, time remaining: 2m 29s
Rendered 9616/10814, time remaining: 2m 29s
Rendered 9617/10814, time remaining: 2m 29s
Rendered 9618/10814, time remaining: 2m 29s
Rendered 9619/10814, time remaining: 2m 29s
Rendered 9620/10814, time remaining: 2m 29s
Rendered 9621/10814, time remaining: 2m 29s
Rendered 9622/10814, time remaining: 2m 28s
Rendered 9623/10814, time remaining: 2m 28s
Rendered 9624/10814, time remaining: 2m 28s
Rendered 9625/10814, time remaining: 2m 28s
Rendered 9626/10814, time remaining: 2m 28s
Rendered 9627/10814, time remaining: 2m 28s
Rendered 9628/10814, time remaining: 2m 28s
Rendered 9629/10814, time remaining: 2m 28s
Rendered 9630/10814, time remaining: 2m 27s
Rendered 9631/10814, time remaining: 2m 27s
Rendered 9632/10814, time remaining: 2m 27s
Rendered 9633/10814, time remaining: 2m 27s
Rendered 9634/10814, time remaining: 2m 27s
Rendered 9635/10814, time remaining: 2m 27s
Rendered 9636/10814, time remaining: 2m 27s
Rendered 9637/10814, time remaining: 2m 27s
Rendered 9638/10814, time remaining: 2m 26s
Rendered 9639/10814, time remaining: 2m 26s
Rendered 9640/10814, time remaining: 2m 26s
Rendered 9641/10814, time remaining: 2m 26s
Rendered 9642/10814, time remaining: 2m 26s
Rendered 9643/10814, time remaining: 2m 26s
Rendered 9644/10814, time remaining: 2m 26s
Rendered 9645/10814, time remaining: 2m 26s
Rendered 9646/10814, time remaining: 2m 25s
Rendered 9647/10814, time remaining: 2m 25s
Rendered 9648/10814, time remaining: 2m 25s
Rendered 9649/10814, time remaining: 2m 25s
Rendered 9650/10814, time remaining: 2m 25s
Rendered 9651/10814, time remaining: 2m 25s
Rendered 9652/10814, time remaining: 2m 25s
Rendered 9653/10814, time remaining: 2m 25s
Rendered 9654/10814, time remaining: 2m 24s
Rendered 9655/10814, time remaining: 2m 24s
Rendered 9656/10814, time remaining: 2m 24s
Rendered 9657/10814, time remaining: 2m 24s
Rendered 9658/10814, time remaining: 2m 24s
Rendered 9659/10814, time remaining: 2m 24s
Rendered 9660/10814, time remaining: 2m 24s
Rendered 9661/10814, time remaining: 2m 24s
Rendered 9662/10814, time remaining: 2m 23s
Rendered 9663/10814, time remaining: 2m 23s
Rendered 9664/10814, time remaining: 2m 23s
Rendered 9665/10814, time remaining: 2m 23s
Rendered 9666/10814, time remaining: 2m 23s
Rendered 9667/10814, time remaining: 2m 23s
Rendered 9668/10814, time remaining: 2m 23s
Rendered 9669/10814, time remaining: 2m 23s
Rendered 9670/10814, time remaining: 2m 22s
Rendered 9671/10814, time remaining: 2m 22s
Rendered 9672/10814, time remaining: 2m 22s
Rendered 9673/10814, time remaining: 2m 22s
Rendered 9674/10814, time remaining: 2m 22s
Rendered 9675/10814, time remaining: 2m 22s
Rendered 9676/10814, time remaining: 2m 22s
Rendered 9677/10814, time remaining: 2m 22s
Rendered 9678/10814, time remaining: 2m 21s
Rendered 9679/10814, time remaining: 2m 21s
Rendered 9680/10814, time remaining: 2m 21s
Rendered 9681/10814, time remaining: 2m 21s
Rendered 9682/10814, time remaining: 2m 21s
Rendered 9683/10814, time remaining: 2m 21s
Rendered 9684/10814, time remaining: 2m 21s
Rendered 9685/10814, time remaining: 2m 21s
Rendered 9686/10814, time remaining: 2m 20s
Rendered 9687/10814, time remaining: 2m 20s
Rendered 9688/10814, time remaining: 2m 20s
Rendered 9689/10814, time remaining: 2m 20s
Rendered 9690/10814, time remaining: 2m 20s
Rendered 9691/10814, time remaining: 2m 20s
Rendered 9692/10814, time remaining: 2m 20s
Rendered 9693/10814, time remaining: 2m 20s
Rendered 9694/10814, time remaining: 2m 19s
Rendered 9695/10814, time remaining: 2m 19s
Rendered 9696/10814, time remaining: 2m 19s
Rendered 9697/10814, time remaining: 2m 19s
Rendered 9698/10814, time remaining: 2m 19s
Rendered 9699/10814, time remaining: 2m 19s
Rendered 9700/10814, time remaining: 2m 19s
Rendered 9701/10814, time remaining: 2m 19s
Rendered 9702/10814, time remaining: 2m 19s
Rendered 9703/10814, time remaining: 2m 18s
Rendered 9704/10814, time remaining: 2m 18s
Rendered 9705/10814, time remaining: 2m 18s
Rendered 9706/10814, time remaining: 2m 18s
Rendered 9707/10814, time remaining: 2m 18s
Rendered 9708/10814, time remaining: 2m 18s
Rendered 9709/10814, time remaining: 2m 18s
Rendered 9710/10814, time remaining: 2m 18s
Rendered 9711/10814, time remaining: 2m 17s
Rendered 9712/10814, time remaining: 2m 17s
Rendered 9713/10814, time remaining: 2m 17s
Rendered 9714/10814, time remaining: 2m 17s
Rendered 9715/10814, time remaining: 2m 17s
Rendered 9716/10814, time remaining: 2m 17s
Rendered 9717/10814, time remaining: 2m 17s
Rendered 9718/10814, time remaining: 2m 17s
Rendered 9719/10814, time remaining: 2m 16s
Rendered 9720/10814, time remaining: 2m 16s
Rendered 9721/10814, time remaining: 2m 16s
Rendered 9722/10814, time remaining: 2m 16s
Rendered 9723/10814, time remaining: 2m 16s
Rendered 9724/10814, time remaining: 2m 16s
Rendered 9725/10814, time remaining: 2m 16s
Rendered 9726/10814, time remaining: 2m 16s
Rendered 9727/10814, time remaining: 2m 15s
Rendered 9728/10814, time remaining: 2m 15s
Rendered 9729/10814, time remaining: 2m 15s
Rendered 9730/10814, time remaining: 2m 15s
Rendered 9731/10814, time remaining: 2m 15s
Rendered 9732/10814, time remaining: 2m 15s
Rendered 9733/10814, time remaining: 2m 15s
Rendered 9734/10814, time remaining: 2m 15s
Rendered 9735/10814, time remaining: 2m 14s
Rendered 9736/10814, time remaining: 2m 14s
Rendered 9737/10814, time remaining: 2m 14s
Rendered 9738/10814, time remaining: 2m 14s
Rendered 9739/10814, time remaining: 2m 14s
Rendered 9740/10814, time remaining: 2m 14s
Rendered 9741/10814, time remaining: 2m 14s
Rendered 9742/10814, time remaining: 2m 14s
Rendered 9743/10814, time remaining: 2m 13s
Rendered 9744/10814, time remaining: 2m 13s
Rendered 9745/10814, time remaining: 2m 13s
Rendered 9746/10814, time remaining: 2m 13s
Rendered 9747/10814, time remaining: 2m 13s
Rendered 9748/10814, time remaining: 2m 13s
Rendered 9749/10814, time remaining: 2m 13s
Rendered 9750/10814, time remaining: 2m 13s
Rendered 9751/10814, time remaining: 2m 12s
Rendered 9752/10814, time remaining: 2m 12s
Rendered 9753/10814, time remaining: 2m 12s
Rendered 9754/10814, time remaining: 2m 12s
Rendered 9755/10814, time remaining: 2m 12s
Rendered 9756/10814, time remaining: 2m 12s
Rendered 9757/10814, time remaining: 2m 12s
Rendered 9758/10814, time remaining: 2m 12s
Rendered 9759/10814, time remaining: 2m 11s
Rendered 9760/10814, time remaining: 2m 11s
Rendered 9761/10814, time remaining: 2m 11s
Rendered 9762/10814, time remaining: 2m 11s
Rendered 9763/10814, time remaining: 2m 11s
Rendered 9764/10814, time remaining: 2m 11s
Rendered 9765/10814, time remaining: 2m 11s
Rendered 9766/10814, time remaining: 2m 11s
Rendered 9767/10814, time remaining: 2m 10s
Rendered 9768/10814, time remaining: 2m 10s
Rendered 9769/10814, time remaining: 2m 10s
Rendered 9770/10814, time remaining: 2m 10s
Rendered 9771/10814, time remaining: 2m 10s
Rendered 9772/10814, time remaining: 2m 10s
Rendered 9773/10814, time remaining: 2m 10s
Rendered 9774/10814, time remaining: 2m 10s
Rendered 9775/10814, time remaining: 2m 9s
Rendered 9776/10814, time remaining: 2m 9s
Rendered 9777/10814, time remaining: 2m 9s
Rendered 9778/10814, time remaining: 2m 9s
Rendered 9779/10814, time remaining: 2m 9s
Rendered 9780/10814, time remaining: 2m 9s
Rendered 9781/10814, time remaining: 2m 9s
Rendered 9782/10814, time remaining: 2m 9s
Rendered 9783/10814, time remaining: 2m 9s
Rendered 9784/10814, time remaining: 2m 8s
Rendered 9785/10814, time remaining: 2m 8s
Rendered 9786/10814, time remaining: 2m 8s
Rendered 9787/10814, time remaining: 2m 8s
Rendered 9788/10814, time remaining: 2m 8s
Rendered 9789/10814, time remaining: 2m 8s
Rendered 9790/10814, time remaining: 2m 8s
Rendered 9791/10814, time remaining: 2m 8s
Rendered 9792/10814, time remaining: 2m 7s
Rendered 9793/10814, time remaining: 2m 7s
Rendered 9794/10814, time remaining: 2m 7s
Rendered 9795/10814, time remaining: 2m 7s
Rendered 9796/10814, time remaining: 2m 7s
Rendered 9797/10814, time remaining: 2m 7s
Rendered 9798/10814, time remaining: 2m 7s
Rendered 9799/10814, time remaining: 2m 7s
Rendered 9800/10814, time remaining: 2m 6s
Rendered 9801/10814, time remaining: 2m 6s
Rendered 9802/10814, time remaining: 2m 6s
Rendered 9803/10814, time remaining: 2m 6s
Rendered 9804/10814, time remaining: 2m 6s
Rendered 9805/10814, time remaining: 2m 6s
Rendered 9806/10814, time remaining: 2m 6s
Rendered 9807/10814, time remaining: 2m 6s
Rendered 9808/10814, time remaining: 2m 5s
Rendered 9809/10814, time remaining: 2m 5s
Rendered 9810/10814, time remaining: 2m 5s
Rendered 9811/10814, time remaining: 2m 5s
Rendered 9812/10814, time remaining: 2m 5s
Rendered 9813/10814, time remaining: 2m 5s
Rendered 9814/10814, time remaining: 2m 5s
Rendered 9815/10814, time remaining: 2m 5s
Rendered 9816/10814, time remaining: 2m 4s
Rendered 9817/10814, time remaining: 2m 4s
Rendered 9818/10814, time remaining: 2m 4s
Rendered 9819/10814, time remaining: 2m 4s
Rendered 9820/10814, time remaining: 2m 4s
Rendered 9821/10814, time remaining: 2m 4s
Rendered 9822/10814, time remaining: 2m 4s
Rendered 9823/10814, time remaining: 2m 3s
Rendered 9824/10814, time remaining: 2m 3s
Rendered 9825/10814, time remaining: 2m 3s
Rendered 9826/10814, time remaining: 2m 3s
Rendered 9827/10814, time remaining: 2m 3s
Rendered 9828/10814, time remaining: 2m 3s
Rendered 9829/10814, time remaining: 2m 3s
Rendered 9830/10814, time remaining: 2m 3s
Rendered 9831/10814, time remaining: 2m 2s
Rendered 9832/10814, time remaining: 2m 2s
Rendered 9833/10814, time remaining: 2m 2s
Rendered 9834/10814, time remaining: 2m 2s
Rendered 9835/10814, time remaining: 2m 2s
Rendered 9836/10814, time remaining: 2m 2s
Rendered 9837/10814, time remaining: 2m 2s
Rendered 9838/10814, time remaining: 2m 2s
Rendered 9839/10814, time remaining: 2m 1s
Rendered 9840/10814, time remaining: 2m 1s
Rendered 9841/10814, time remaining: 2m 1s
Rendered 9842/10814, time remaining: 2m 1s
Rendered 9843/10814, time remaining: 2m 1s
Rendered 9844/10814, time remaining: 2m 1s
Rendered 9845/10814, time remaining: 2m 1s
Rendered 9846/10814, time remaining: 2m 1s
Rendered 9847/10814, time remaining: 2m 0s
Rendered 9848/10814, time remaining: 2m 0s
Rendered 9849/10814, time remaining: 2m 0s
Rendered 9850/10814, time remaining: 2m 0s
Rendered 9851/10814, time remaining: 2m 0s
Rendered 9852/10814, time remaining: 2m 0s
Rendered 9853/10814, time remaining: 2m 0s
Rendered 9854/10814, time remaining: 2m 0s
Rendered 9855/10814, time remaining: 1m 59s
Rendered 9856/10814, time remaining: 1m 59s
Rendered 9857/10814, time remaining: 1m 59s
Rendered 9858/10814, time remaining: 1m 59s
Rendered 9859/10814, time remaining: 1m 59s
Rendered 9860/10814, time remaining: 1m 59s
Rendered 9861/10814, time remaining: 1m 59s
Rendered 9862/10814, time remaining: 1m 59s
Rendered 9863/10814, time remaining: 1m 58s
Rendered 9864/10814, time remaining: 1m 58s
Rendered 9865/10814, time remaining: 1m 58s
Rendered 9866/10814, time remaining: 1m 58s
Rendered 9867/10814, time remaining: 1m 58s
Rendered 9868/10814, time remaining: 1m 58s
Rendered 9869/10814, time remaining: 1m 58s
Rendered 9870/10814, time remaining: 1m 58s
Rendered 9871/10814, time remaining: 1m 57s
Rendered 9872/10814, time remaining: 1m 57s
Rendered 9873/10814, time remaining: 1m 57s
Rendered 9874/10814, time remaining: 1m 57s
Rendered 9875/10814, time remaining: 1m 57s
Rendered 9876/10814, time remaining: 1m 57s
Rendered 9877/10814, time remaining: 1m 57s
Rendered 9878/10814, time remaining: 1m 57s
Rendered 9879/10814, time remaining: 1m 56s
Rendered 9880/10814, time remaining: 1m 56s
Rendered 9881/10814, time remaining: 1m 56s
Rendered 9882/10814, time remaining: 1m 56s
Rendered 9883/10814, time remaining: 1m 56s
Rendered 9884/10814, time remaining: 1m 56s
Rendered 9885/10814, time remaining: 1m 56s
Rendered 9886/10814, time remaining: 1m 56s
Rendered 9887/10814, time remaining: 1m 55s
Rendered 9888/10814, time remaining: 1m 55s
Rendered 9889/10814, time remaining: 1m 55s
Rendered 9890/10814, time remaining: 1m 55s
Rendered 9891/10814, time remaining: 1m 55s
Rendered 9892/10814, time remaining: 1m 55s
Rendered 9893/10814, time remaining: 1m 55s
Rendered 9894/10814, time remaining: 1m 55s
Rendered 9895/10814, time remaining: 1m 54s
Rendered 9896/10814, time remaining: 1m 54s
Rendered 9897/10814, time remaining: 1m 54s
Rendered 9898/10814, time remaining: 1m 54s
Rendered 9899/10814, time remaining: 1m 54s
Rendered 9900/10814, time remaining: 1m 54s
Rendered 9901/10814, time remaining: 1m 54s
Rendered 9902/10814, time remaining: 1m 54s
Rendered 9903/10814, time remaining: 1m 53s
Rendered 9904/10814, time remaining: 1m 53s
Rendered 9905/10814, time remaining: 1m 53s
Rendered 9906/10814, time remaining: 1m 53s
Rendered 9907/10814, time remaining: 1m 53s
Rendered 9908/10814, time remaining: 1m 53s
Rendered 9909/10814, time remaining: 1m 53s
Rendered 9910/10814, time remaining: 1m 53s
Rendered 9911/10814, time remaining: 1m 52s
Rendered 9912/10814, time remaining: 1m 52s
Rendered 9913/10814, time remaining: 1m 52s
Rendered 9914/10814, time remaining: 1m 52s
Rendered 9915/10814, time remaining: 1m 52s
Rendered 9916/10814, time remaining: 1m 52s
Rendered 9917/10814, time remaining: 1m 52s
Rendered 9918/10814, time remaining: 1m 52s
Rendered 9919/10814, time remaining: 1m 51s
Rendered 9920/10814, time remaining: 1m 51s
Rendered 9921/10814, time remaining: 1m 51s
Rendered 9922/10814, time remaining: 1m 51s
Rendered 9923/10814, time remaining: 1m 51s
Rendered 9924/10814, time remaining: 1m 51s
Rendered 9925/10814, time remaining: 1m 51s
Rendered 9926/10814, time remaining: 1m 51s
Rendered 9927/10814, time remaining: 1m 50s
Rendered 9928/10814, time remaining: 1m 50s
Rendered 9929/10814, time remaining: 1m 50s
Rendered 9930/10814, time remaining: 1m 50s
Rendered 9931/10814, time remaining: 1m 50s
Rendered 9932/10814, time remaining: 1m 50s
Rendered 9933/10814, time remaining: 1m 50s
Rendered 9934/10814, time remaining: 1m 50s
Rendered 9935/10814, time remaining: 1m 49s
Rendered 9936/10814, time remaining: 1m 49s
Rendered 9937/10814, time remaining: 1m 49s
Rendered 9938/10814, time remaining: 1m 49s
Rendered 9939/10814, time remaining: 1m 49s
Rendered 9940/10814, time remaining: 1m 49s
Rendered 9941/10814, time remaining: 1m 49s
Rendered 9942/10814, time remaining: 1m 49s
Rendered 9943/10814, time remaining: 1m 48s
Rendered 9944/10814, time remaining: 1m 48s
Rendered 9945/10814, time remaining: 1m 48s
Rendered 9946/10814, time remaining: 1m 48s
Rendered 9947/10814, time remaining: 1m 48s
Rendered 9948/10814, time remaining: 1m 48s
Rendered 9949/10814, time remaining: 1m 48s
Rendered 9950/10814, time remaining: 1m 48s
Rendered 9951/10814, time remaining: 1m 47s
Rendered 9952/10814, time remaining: 1m 47s
Rendered 9953/10814, time remaining: 1m 47s
Rendered 9954/10814, time remaining: 1m 47s
Rendered 9955/10814, time remaining: 1m 47s
Rendered 9956/10814, time remaining: 1m 47s
Rendered 9957/10814, time remaining: 1m 47s
Rendered 9958/10814, time remaining: 1m 47s
Rendered 9959/10814, time remaining: 1m 46s
Rendered 9960/10814, time remaining: 1m 46s
Rendered 9961/10814, time remaining: 1m 46s
Rendered 9962/10814, time remaining: 1m 46s
Rendered 9963/10814, time remaining: 1m 46s
Rendered 9964/10814, time remaining: 1m 46s
Rendered 9965/10814, time remaining: 1m 46s
Rendered 9966/10814, time remaining: 1m 46s
Rendered 9967/10814, time remaining: 1m 45s
Rendered 9968/10814, time remaining: 1m 45s
Rendered 9969/10814, time remaining: 1m 45s
Rendered 9970/10814, time remaining: 1m 45s
Rendered 9971/10814, time remaining: 1m 45s
Rendered 9972/10814, time remaining: 1m 45s
Rendered 9973/10814, time remaining: 1m 45s
Rendered 9974/10814, time remaining: 1m 45s
Rendered 9975/10814, time remaining: 1m 44s
Rendered 9976/10814, time remaining: 1m 44s
Rendered 9977/10814, time remaining: 1m 44s
Rendered 9978/10814, time remaining: 1m 44s
Rendered 9979/10814, time remaining: 1m 44s
Rendered 9980/10814, time remaining: 1m 44s
Rendered 9981/10814, time remaining: 1m 44s
Rendered 9982/10814, time remaining: 1m 44s
Rendered 9983/10814, time remaining: 1m 43s
Rendered 9984/10814, time remaining: 1m 43s
Rendered 9985/10814, time remaining: 1m 43s
Rendered 9986/10814, time remaining: 1m 43s
Rendered 9987/10814, time remaining: 1m 43s
Rendered 9988/10814, time remaining: 1m 43s
Rendered 9989/10814, time remaining: 1m 43s
Rendered 9990/10814, time remaining: 1m 43s
Rendered 9991/10814, time remaining: 1m 42s
Rendered 9992/10814, time remaining: 1m 42s
Rendered 9993/10814, time remaining: 1m 42s
Rendered 9994/10814, time remaining: 1m 42s
Rendered 9995/10814, time remaining: 1m 42s
Rendered 9996/10814, time remaining: 1m 42s
Rendered 9997/10814, time remaining: 1m 42s
Rendered 9998/10814, time remaining: 1m 42s
Rendered 9999/10814, time remaining: 1m 41s
Rendered 10000/10814, time remaining: 1m 41s
Rendered 10001/10814, time remaining: 1m 41s
Rendered 10002/10814, time remaining: 1m 41s
Rendered 10003/10814, time remaining: 1m 41s
Rendered 10004/10814, time remaining: 1m 41s
Rendered 10005/10814, time remaining: 1m 41s
Rendered 10006/10814, time remaining: 1m 41s
Rendered 10007/10814, time remaining: 1m 40s
Rendered 10008/10814, time remaining: 1m 40s
Rendered 10009/10814, time remaining: 1m 40s
Rendered 10010/10814, time remaining: 1m 40s
Rendered 10011/10814, time remaining: 1m 40s
Rendered 10012/10814, time remaining: 1m 40s
Rendered 10013/10814, time remaining: 1m 40s
Rendered 10014/10814, time remaining: 1m 40s
Rendered 10015/10814, time remaining: 1m 39s
Rendered 10016/10814, time remaining: 1m 39s
Rendered 10017/10814, time remaining: 1m 39s
Rendered 10018/10814, time remaining: 1m 39s
Rendered 10019/10814, time remaining: 1m 39s
Rendered 10020/10814, time remaining: 1m 39s
Rendered 10021/10814, time remaining: 1m 39s
Rendered 10022/10814, time remaining: 1m 39s
Rendered 10023/10814, time remaining: 1m 38s
Rendered 10024/10814, time remaining: 1m 38s
Rendered 10025/10814, time remaining: 1m 38s
Rendered 10026/10814, time remaining: 1m 38s
Rendered 10027/10814, time remaining: 1m 38s
Rendered 10028/10814, time remaining: 1m 38s
Rendered 10029/10814, time remaining: 1m 38s
Rendered 10030/10814, time remaining: 1m 38s
Rendered 10031/10814, time remaining: 1m 37s
Rendered 10032/10814, time remaining: 1m 37s
Rendered 10033/10814, time remaining: 1m 37s
Rendered 10034/10814, time remaining: 1m 37s
Rendered 10035/10814, time remaining: 1m 37s
Rendered 10036/10814, time remaining: 1m 37s
Rendered 10037/10814, time remaining: 1m 37s
Rendered 10038/10814, time remaining: 1m 37s
Rendered 10039/10814, time remaining: 1m 36s
Rendered 10040/10814, time remaining: 1m 36s
Rendered 10041/10814, time remaining: 1m 36s
Rendered 10042/10814, time remaining: 1m 36s
Rendered 10043/10814, time remaining: 1m 36s
Rendered 10044/10814, time remaining: 1m 36s
Rendered 10045/10814, time remaining: 1m 36s
Rendered 10046/10814, time remaining: 1m 36s
Rendered 10047/10814, time remaining: 1m 35s
Rendered 10048/10814, time remaining: 1m 35s
Rendered 10049/10814, time remaining: 1m 35s
Rendered 10050/10814, time remaining: 1m 35s
Rendered 10051/10814, time remaining: 1m 35s
Rendered 10052/10814, time remaining: 1m 35s
Rendered 10053/10814, time remaining: 1m 35s
Rendered 10054/10814, time remaining: 1m 35s
Rendered 10055/10814, time remaining: 1m 34s
Rendered 10056/10814, time remaining: 1m 34s
Rendered 10057/10814, time remaining: 1m 34s
Rendered 10058/10814, time remaining: 1m 34s
Rendered 10059/10814, time remaining: 1m 34s
Rendered 10060/10814, time remaining: 1m 34s
Rendered 10061/10814, time remaining: 1m 34s
Rendered 10062/10814, time remaining: 1m 34s
Rendered 10063/10814, time remaining: 1m 33s
Rendered 10064/10814, time remaining: 1m 33s
Rendered 10065/10814, time remaining: 1m 33s
Rendered 10066/10814, time remaining: 1m 33s
Rendered 10067/10814, time remaining: 1m 33s
Rendered 10068/10814, time remaining: 1m 33s
Rendered 10069/10814, time remaining: 1m 33s
Rendered 10070/10814, time remaining: 1m 33s
Rendered 10071/10814, time remaining: 1m 32s
Rendered 10072/10814, time remaining: 1m 32s
Rendered 10073/10814, time remaining: 1m 32s
Rendered 10074/10814, time remaining: 1m 32s
Rendered 10075/10814, time remaining: 1m 32s
Rendered 10076/10814, time remaining: 1m 32s
Rendered 10077/10814, time remaining: 1m 32s
Rendered 10078/10814, time remaining: 1m 32s
Rendered 10079/10814, time remaining: 1m 31s
Rendered 10080/10814, time remaining: 1m 31s
Rendered 10081/10814, time remaining: 1m 31s
Rendered 10082/10814, time remaining: 1m 31s
Rendered 10083/10814, time remaining: 1m 31s
Rendered 10084/10814, time remaining: 1m 31s
Rendered 10085/10814, time remaining: 1m 31s
Rendered 10086/10814, time remaining: 1m 31s
Rendered 10087/10814, time remaining: 1m 30s
Rendered 10088/10814, time remaining: 1m 30s
Rendered 10089/10814, time remaining: 1m 30s
Rendered 10090/10814, time remaining: 1m 30s
Rendered 10091/10814, time remaining: 1m 30s
Rendered 10092/10814, time remaining: 1m 30s
Rendered 10093/10814, time remaining: 1m 30s
Rendered 10094/10814, time remaining: 1m 30s
Rendered 10095/10814, time remaining: 1m 29s
Rendered 10096/10814, time remaining: 1m 29s
Rendered 10097/10814, time remaining: 1m 29s
Rendered 10098/10814, time remaining: 1m 29s
Rendered 10099/10814, time remaining: 1m 29s
Rendered 10100/10814, time remaining: 1m 29s
Rendered 10101/10814, time remaining: 1m 29s
Rendered 10102/10814, time remaining: 1m 29s
Rendered 10103/10814, time remaining: 1m 28s
Rendered 10104/10814, time remaining: 1m 28s
Rendered 10105/10814, time remaining: 1m 28s
Rendered 10106/10814, time remaining: 1m 28s
Rendered 10107/10814, time remaining: 1m 28s
Rendered 10108/10814, time remaining: 1m 28s
Rendered 10109/10814, time remaining: 1m 28s
Rendered 10110/10814, time remaining: 1m 28s
Rendered 10111/10814, time remaining: 1m 27s
Rendered 10112/10814, time remaining: 1m 27s
Rendered 10113/10814, time remaining: 1m 27s
Rendered 10114/10814, time remaining: 1m 27s
Rendered 10115/10814, time remaining: 1m 27s
Rendered 10116/10814, time remaining: 1m 27s
Rendered 10117/10814, time remaining: 1m 27s
Rendered 10118/10814, time remaining: 1m 27s
Rendered 10119/10814, time remaining: 1m 26s
Rendered 10120/10814, time remaining: 1m 26s
Rendered 10121/10814, time remaining: 1m 26s
Rendered 10122/10814, time remaining: 1m 26s
Rendered 10123/10814, time remaining: 1m 26s
Rendered 10124/10814, time remaining: 1m 26s
Rendered 10125/10814, time remaining: 1m 26s
Rendered 10126/10814, time remaining: 1m 26s
Rendered 10127/10814, time remaining: 1m 25s
Rendered 10128/10814, time remaining: 1m 25s
Rendered 10129/10814, time remaining: 1m 25s
Rendered 10130/10814, time remaining: 1m 25s
Rendered 10131/10814, time remaining: 1m 25s
Rendered 10132/10814, time remaining: 1m 25s
Rendered 10133/10814, time remaining: 1m 25s
Rendered 10134/10814, time remaining: 1m 25s
Rendered 10135/10814, time remaining: 1m 24s
Rendered 10136/10814, time remaining: 1m 24s
Rendered 10137/10814, time remaining: 1m 24s
Rendered 10138/10814, time remaining: 1m 24s
Rendered 10139/10814, time remaining: 1m 24s
Rendered 10140/10814, time remaining: 1m 24s
Rendered 10141/10814, time remaining: 1m 24s
Rendered 10142/10814, time remaining: 1m 24s
Rendered 10143/10814, time remaining: 1m 23s
Rendered 10144/10814, time remaining: 1m 23s
Rendered 10145/10814, time remaining: 1m 23s
Rendered 10146/10814, time remaining: 1m 23s
Rendered 10147/10814, time remaining: 1m 23s
Rendered 10148/10814, time remaining: 1m 23s
Rendered 10149/10814, time remaining: 1m 23s
Rendered 10150/10814, time remaining: 1m 23s
Rendered 10151/10814, time remaining: 1m 22s
Rendered 10152/10814, time remaining: 1m 22s
Rendered 10153/10814, time remaining: 1m 22s
Rendered 10154/10814, time remaining: 1m 22s
Rendered 10155/10814, time remaining: 1m 22s
Rendered 10156/10814, time remaining: 1m 22s
Rendered 10157/10814, time remaining: 1m 22s
Rendered 10158/10814, time remaining: 1m 22s
Rendered 10159/10814, time remaining: 1m 21s
Rendered 10160/10814, time remaining: 1m 21s
Rendered 10161/10814, time remaining: 1m 21s
Rendered 10162/10814, time remaining: 1m 21s
Rendered 10163/10814, time remaining: 1m 21s
Rendered 10164/10814, time remaining: 1m 21s
Rendered 10165/10814, time remaining: 1m 21s
Rendered 10166/10814, time remaining: 1m 21s
Rendered 10167/10814, time remaining: 1m 20s
Rendered 10168/10814, time remaining: 1m 20s
Rendered 10169/10814, time remaining: 1m 20s
Rendered 10170/10814, time remaining: 1m 20s
Rendered 10171/10814, time remaining: 1m 20s
Rendered 10172/10814, time remaining: 1m 20s
Rendered 10173/10814, time remaining: 1m 20s
Rendered 10174/10814, time remaining: 1m 20s
Rendered 10175/10814, time remaining: 1m 19s
Rendered 10176/10814, time remaining: 1m 19s
Rendered 10177/10814, time remaining: 1m 19s
Rendered 10178/10814, time remaining: 1m 19s
Rendered 10179/10814, time remaining: 1m 19s
Rendered 10180/10814, time remaining: 1m 19s
Rendered 10181/10814, time remaining: 1m 19s
Rendered 10182/10814, time remaining: 1m 19s
Rendered 10183/10814, time remaining: 1m 18s
Rendered 10184/10814, time remaining: 1m 18s
Rendered 10185/10814, time remaining: 1m 18s
Rendered 10186/10814, time remaining: 1m 18s
Rendered 10187/10814, time remaining: 1m 18s
Rendered 10188/10814, time remaining: 1m 18s
Rendered 10189/10814, time remaining: 1m 18s
Rendered 10190/10814, time remaining: 1m 18s
Rendered 10191/10814, time remaining: 1m 17s
Rendered 10192/10814, time remaining: 1m 17s
Rendered 10193/10814, time remaining: 1m 17s
Rendered 10194/10814, time remaining: 1m 17s
Rendered 10195/10814, time remaining: 1m 17s
Rendered 10196/10814, time remaining: 1m 17s
Rendered 10197/10814, time remaining: 1m 17s
Rendered 10198/10814, time remaining: 1m 17s
Rendered 10199/10814, time remaining: 1m 17s
Rendered 10200/10814, time remaining: 1m 16s
Rendered 10201/10814, time remaining: 1m 16s
Rendered 10202/10814, time remaining: 1m 16s
Rendered 10203/10814, time remaining: 1m 16s
Rendered 10204/10814, time remaining: 1m 16s
Rendered 10205/10814, time remaining: 1m 16s
Rendered 10206/10814, time remaining: 1m 16s
Rendered 10207/10814, time remaining: 1m 16s
Rendered 10208/10814, time remaining: 1m 15s
Rendered 10209/10814, time remaining: 1m 15s
Rendered 10210/10814, time remaining: 1m 15s
Rendered 10211/10814, time remaining: 1m 15s
Rendered 10212/10814, time remaining: 1m 15s
Rendered 10213/10814, time remaining: 1m 15s
Rendered 10214/10814, time remaining: 1m 15s
Rendered 10215/10814, time remaining: 1m 15s
Rendered 10216/10814, time remaining: 1m 14s
Rendered 10217/10814, time remaining: 1m 14s
Rendered 10218/10814, time remaining: 1m 14s
Rendered 10219/10814, time remaining: 1m 14s
Rendered 10220/10814, time remaining: 1m 14s
Rendered 10221/10814, time remaining: 1m 14s
Rendered 10222/10814, time remaining: 1m 14s
Rendered 10223/10814, time remaining: 1m 14s
Rendered 10224/10814, time remaining: 1m 13s
Rendered 10225/10814, time remaining: 1m 13s
Rendered 10226/10814, time remaining: 1m 13s
Rendered 10227/10814, time remaining: 1m 13s
Rendered 10228/10814, time remaining: 1m 13s
Rendered 10229/10814, time remaining: 1m 13s
Rendered 10230/10814, time remaining: 1m 13s
Rendered 10231/10814, time remaining: 1m 13s
Rendered 10232/10814, time remaining: 1m 12s
Rendered 10233/10814, time remaining: 1m 12s
Rendered 10234/10814, time remaining: 1m 12s
Rendered 10235/10814, time remaining: 1m 12s
Rendered 10236/10814, time remaining: 1m 12s
Rendered 10237/10814, time remaining: 1m 12s
Rendered 10238/10814, time remaining: 1m 12s
Rendered 10239/10814, time remaining: 1m 12s
Rendered 10240/10814, time remaining: 1m 11s
Rendered 10241/10814, time remaining: 1m 11s
Rendered 10242/10814, time remaining: 1m 11s
Rendered 10243/10814, time remaining: 1m 11s
Rendered 10244/10814, time remaining: 1m 11s
Rendered 10245/10814, time remaining: 1m 11s
Rendered 10246/10814, time remaining: 1m 11s
Rendered 10247/10814, time remaining: 1m 11s
Rendered 10248/10814, time remaining: 1m 10s
Rendered 10249/10814, time remaining: 1m 10s
Rendered 10250/10814, time remaining: 1m 10s
Rendered 10251/10814, time remaining: 1m 10s
Rendered 10252/10814, time remaining: 1m 10s
Rendered 10253/10814, time remaining: 1m 10s
Rendered 10254/10814, time remaining: 1m 10s
Rendered 10255/10814, time remaining: 1m 10s
Rendered 10256/10814, time remaining: 1m 9s
Rendered 10257/10814, time remaining: 1m 9s
Rendered 10258/10814, time remaining: 1m 9s
Rendered 10259/10814, time remaining: 1m 9s
Rendered 10260/10814, time remaining: 1m 9s
Rendered 10261/10814, time remaining: 1m 9s
Rendered 10262/10814, time remaining: 1m 9s
Rendered 10263/10814, time remaining: 1m 9s
Rendered 10264/10814, time remaining: 1m 8s
Rendered 10265/10814, time remaining: 1m 8s
Rendered 10266/10814, time remaining: 1m 8s
Rendered 10267/10814, time remaining: 1m 8s
Rendered 10268/10814, time remaining: 1m 8s
Rendered 10269/10814, time remaining: 1m 8s
Rendered 10270/10814, time remaining: 1m 8s
Rendered 10271/10814, time remaining: 1m 8s
Rendered 10272/10814, time remaining: 1m 7s
Rendered 10273/10814, time remaining: 1m 7s
Rendered 10274/10814, time remaining: 1m 7s
Rendered 10275/10814, time remaining: 1m 7s
Rendered 10276/10814, time remaining: 1m 7s
Rendered 10277/10814, time remaining: 1m 7s
Rendered 10278/10814, time remaining: 1m 7s
Rendered 10279/10814, time remaining: 1m 7s
Rendered 10280/10814, time remaining: 1m 6s
Rendered 10281/10814, time remaining: 1m 6s
Rendered 10282/10814, time remaining: 1m 6s
Rendered 10283/10814, time remaining: 1m 6s
Rendered 10284/10814, time remaining: 1m 6s
Rendered 10285/10814, time remaining: 1m 6s
Rendered 10286/10814, time remaining: 1m 6s
Rendered 10287/10814, time remaining: 1m 6s
Rendered 10288/10814, time remaining: 1m 5s
Rendered 10289/10814, time remaining: 1m 5s
Rendered 10290/10814, time remaining: 1m 5s
Rendered 10291/10814, time remaining: 1m 5s
Rendered 10292/10814, time remaining: 1m 5s
Rendered 10293/10814, time remaining: 1m 5s
Rendered 10294/10814, time remaining: 1m 5s
Rendered 10295/10814, time remaining: 1m 5s
Rendered 10296/10814, time remaining: 1m 4s
Rendered 10297/10814, time remaining: 1m 4s
Rendered 10298/10814, time remaining: 1m 4s
Rendered 10299/10814, time remaining: 1m 4s
Rendered 10300/10814, time remaining: 1m 4s
Rendered 10301/10814, time remaining: 1m 4s
Rendered 10302/10814, time remaining: 1m 4s
Rendered 10303/10814, time remaining: 1m 4s
Rendered 10304/10814, time remaining: 1m 3s
Rendered 10305/10814, time remaining: 1m 3s
Rendered 10306/10814, time remaining: 1m 3s
Rendered 10307/10814, time remaining: 1m 3s
Rendered 10308/10814, time remaining: 1m 3s
Rendered 10309/10814, time remaining: 1m 3s
Rendered 10310/10814, time remaining: 1m 3s
Rendered 10311/10814, time remaining: 1m 3s
Rendered 10312/10814, time remaining: 1m 2s
Rendered 10313/10814, time remaining: 1m 2s
Rendered 10314/10814, time remaining: 1m 2s
Rendered 10315/10814, time remaining: 1m 2s
Rendered 10316/10814, time remaining: 1m 2s
Rendered 10317/10814, time remaining: 1m 2s
Rendered 10318/10814, time remaining: 1m 2s
Rendered 10319/10814, time remaining: 1m 2s
Rendered 10320/10814, time remaining: 1m 1s
Rendered 10321/10814, time remaining: 1m 1s
Rendered 10322/10814, time remaining: 1m 1s
Rendered 10323/10814, time remaining: 1m 1s
Rendered 10324/10814, time remaining: 1m 1s
Rendered 10325/10814, time remaining: 1m 1s
Rendered 10326/10814, time remaining: 1m 1s
Rendered 10327/10814, time remaining: 1m 1s
Rendered 10328/10814, time remaining: 1m 0s
Rendered 10329/10814, time remaining: 1m 0s
Rendered 10330/10814, time remaining: 1m 0s
Rendered 10331/10814, time remaining: 1m 0s
Rendered 10332/10814, time remaining: 1m 0s
Rendered 10333/10814, time remaining: 1m 0s
Rendered 10334/10814, time remaining: 1m 0s
Rendered 10335/10814, time remaining: 1m 0s
Rendered 10336/10814, time remaining: 59s
Rendered 10337/10814, time remaining: 59s
Rendered 10338/10814, time remaining: 59s
Rendered 10339/10814, time remaining: 59s
Rendered 10340/10814, time remaining: 59s
Rendered 10341/10814, time remaining: 59s
Rendered 10342/10814, time remaining: 59s
Rendered 10343/10814, time remaining: 59s
Rendered 10344/10814, time remaining: 58s
Rendered 10345/10814, time remaining: 58s
Rendered 10346/10814, time remaining: 58s
Rendered 10347/10814, time remaining: 58s
Rendered 10348/10814, time remaining: 58s
Rendered 10349/10814, time remaining: 58s
Rendered 10350/10814, time remaining: 58s
Rendered 10351/10814, time remaining: 58s
Rendered 10352/10814, time remaining: 57s
Rendered 10353/10814, time remaining: 57s
Rendered 10354/10814, time remaining: 57s
Rendered 10355/10814, time remaining: 57s
Rendered 10356/10814, time remaining: 57s
Rendered 10357/10814, time remaining: 57s
Rendered 10358/10814, time remaining: 57s
Rendered 10359/10814, time remaining: 57s
Rendered 10360/10814, time remaining: 56s
Rendered 10361/10814, time remaining: 56s
Rendered 10362/10814, time remaining: 56s
Rendered 10363/10814, time remaining: 56s
Rendered 10364/10814, time remaining: 56s
Rendered 10365/10814, time remaining: 56s
Rendered 10366/10814, time remaining: 56s
Rendered 10367/10814, time remaining: 56s
Rendered 10368/10814, time remaining: 55s
Rendered 10369/10814, time remaining: 55s
Rendered 10370/10814, time remaining: 55s
Rendered 10371/10814, time remaining: 55s
Rendered 10372/10814, time remaining: 55s
Rendered 10373/10814, time remaining: 55s
Rendered 10374/10814, time remaining: 55s
Rendered 10375/10814, time remaining: 55s
Rendered 10376/10814, time remaining: 54s
Rendered 10377/10814, time remaining: 54s
Rendered 10378/10814, time remaining: 54s
Rendered 10379/10814, time remaining: 54s
Rendered 10380/10814, time remaining: 54s
Rendered 10381/10814, time remaining: 54s
Rendered 10382/10814, time remaining: 54s
Rendered 10383/10814, time remaining: 54s
Rendered 10384/10814, time remaining: 53s
Rendered 10385/10814, time remaining: 53s
Rendered 10386/10814, time remaining: 53s
Rendered 10387/10814, time remaining: 53s
Rendered 10388/10814, time remaining: 53s
Rendered 10389/10814, time remaining: 53s
Rendered 10390/10814, time remaining: 53s
Rendered 10391/10814, time remaining: 53s
Rendered 10392/10814, time remaining: 52s
Rendered 10393/10814, time remaining: 52s
Rendered 10394/10814, time remaining: 52s
Rendered 10395/10814, time remaining: 52s
Rendered 10396/10814, time remaining: 52s
Rendered 10397/10814, time remaining: 52s
Rendered 10398/10814, time remaining: 52s
Rendered 10399/10814, time remaining: 52s
Rendered 10400/10814, time remaining: 51s
Rendered 10401/10814, time remaining: 51s
Rendered 10402/10814, time remaining: 51s
Rendered 10403/10814, time remaining: 51s
Rendered 10404/10814, time remaining: 51s
Rendered 10405/10814, time remaining: 51s
Rendered 10406/10814, time remaining: 51s
Rendered 10407/10814, time remaining: 51s
Rendered 10408/10814, time remaining: 50s
Rendered 10409/10814, time remaining: 50s
Rendered 10410/10814, time remaining: 50s
Rendered 10411/10814, time remaining: 50s
Rendered 10412/10814, time remaining: 50s
Rendered 10413/10814, time remaining: 50s
Rendered 10414/10814, time remaining: 50s
Rendered 10415/10814, time remaining: 50s
Rendered 10416/10814, time remaining: 49s
Rendered 10417/10814, time remaining: 49s
Rendered 10418/10814, time remaining: 49s
Rendered 10419/10814, time remaining: 49s
Rendered 10420/10814, time remaining: 49s
Rendered 10421/10814, time remaining: 49s
Rendered 10422/10814, time remaining: 49s
Rendered 10423/10814, time remaining: 49s
Rendered 10424/10814, time remaining: 48s
Rendered 10425/10814, time remaining: 48s
Rendered 10426/10814, time remaining: 48s
Rendered 10427/10814, time remaining: 48s
Rendered 10428/10814, time remaining: 48s
Rendered 10429/10814, time remaining: 48s
Rendered 10430/10814, time remaining: 48s
Rendered 10431/10814, time remaining: 48s
Rendered 10432/10814, time remaining: 47s
Rendered 10433/10814, time remaining: 47s
Rendered 10434/10814, time remaining: 47s
Rendered 10435/10814, time remaining: 47s
Rendered 10436/10814, time remaining: 47s
Rendered 10437/10814, time remaining: 47s
Rendered 10438/10814, time remaining: 47s
Rendered 10439/10814, time remaining: 47s
Rendered 10440/10814, time remaining: 46s
Rendered 10441/10814, time remaining: 46s
Rendered 10442/10814, time remaining: 46s
Rendered 10443/10814, time remaining: 46s
Rendered 10444/10814, time remaining: 46s
Rendered 10445/10814, time remaining: 46s
Rendered 10446/10814, time remaining: 46s
Rendered 10447/10814, time remaining: 46s
Rendered 10448/10814, time remaining: 45s
Rendered 10449/10814, time remaining: 45s
Rendered 10450/10814, time remaining: 45s
Rendered 10451/10814, time remaining: 45s
Rendered 10452/10814, time remaining: 45s
Rendered 10453/10814, time remaining: 45s
Rendered 10454/10814, time remaining: 45s
Rendered 10455/10814, time remaining: 45s
Rendered 10456/10814, time remaining: 44s
Rendered 10457/10814, time remaining: 44s
Rendered 10458/10814, time remaining: 44s
Rendered 10459/10814, time remaining: 44s
Rendered 10460/10814, time remaining: 44s
Rendered 10461/10814, time remaining: 44s
Rendered 10462/10814, time remaining: 44s
Rendered 10463/10814, time remaining: 44s
Rendered 10464/10814, time remaining: 43s
Rendered 10465/10814, time remaining: 43s
Rendered 10466/10814, time remaining: 43s
Rendered 10467/10814, time remaining: 43s
Rendered 10468/10814, time remaining: 43s
Rendered 10469/10814, time remaining: 43s
Rendered 10470/10814, time remaining: 43s
Rendered 10471/10814, time remaining: 43s
Rendered 10472/10814, time remaining: 42s
Rendered 10473/10814, time remaining: 42s
Rendered 10474/10814, time remaining: 42s
Rendered 10475/10814, time remaining: 42s
Rendered 10476/10814, time remaining: 42s
Rendered 10477/10814, time remaining: 42s
Rendered 10478/10814, time remaining: 42s
Rendered 10479/10814, time remaining: 42s
Rendered 10480/10814, time remaining: 41s
Rendered 10481/10814, time remaining: 41s
Rendered 10482/10814, time remaining: 41s
Rendered 10483/10814, time remaining: 41s
Rendered 10484/10814, time remaining: 41s
Rendered 10485/10814, time remaining: 41s
Rendered 10486/10814, time remaining: 41s
Rendered 10487/10814, time remaining: 41s
Rendered 10488/10814, time remaining: 40s
Rendered 10489/10814, time remaining: 40s
Rendered 10490/10814, time remaining: 40s
Rendered 10491/10814, time remaining: 40s
Rendered 10492/10814, time remaining: 40s
Rendered 10493/10814, time remaining: 40s
Rendered 10494/10814, time remaining: 40s
Rendered 10495/10814, time remaining: 40s
Rendered 10496/10814, time remaining: 39s
Rendered 10497/10814, time remaining: 39s
Rendered 10498/10814, time remaining: 39s
Rendered 10499/10814, time remaining: 39s
Rendered 10500/10814, time remaining: 39s
Rendered 10501/10814, time remaining: 39s
Rendered 10502/10814, time remaining: 39s
Rendered 10503/10814, time remaining: 39s
Rendered 10504/10814, time remaining: 38s
Rendered 10505/10814, time remaining: 38s
Rendered 10506/10814, time remaining: 38s
Rendered 10507/10814, time remaining: 38s
Rendered 10508/10814, time remaining: 38s
Rendered 10509/10814, time remaining: 38s
Rendered 10510/10814, time remaining: 38s
Rendered 10511/10814, time remaining: 38s
Rendered 10512/10814, time remaining: 37s
Rendered 10513/10814, time remaining: 37s
Rendered 10514/10814, time remaining: 37s
Rendered 10515/10814, time remaining: 37s
Rendered 10516/10814, time remaining: 37s
Rendered 10517/10814, time remaining: 37s
Rendered 10518/10814, time remaining: 37s
Rendered 10519/10814, time remaining: 37s
Rendered 10520/10814, time remaining: 36s
Rendered 10521/10814, time remaining: 36s
Rendered 10522/10814, time remaining: 36s
Rendered 10523/10814, time remaining: 36s
Rendered 10524/10814, time remaining: 36s
Rendered 10525/10814, time remaining: 36s
Rendered 10526/10814, time remaining: 36s
Rendered 10527/10814, time remaining: 36s
Rendered 10528/10814, time remaining: 35s
Rendered 10529/10814, time remaining: 35s
Rendered 10530/10814, time remaining: 35s
Rendered 10531/10814, time remaining: 35s
Rendered 10532/10814, time remaining: 35s
Rendered 10533/10814, time remaining: 35s
Rendered 10534/10814, time remaining: 35s
Rendered 10535/10814, time remaining: 35s
Rendered 10536/10814, time remaining: 34s
Rendered 10537/10814, time remaining: 34s
Rendered 10538/10814, time remaining: 34s
Rendered 10539/10814, time remaining: 34s
Rendered 10540/10814, time remaining: 34s
Rendered 10541/10814, time remaining: 34s
Rendered 10542/10814, time remaining: 34s
Rendered 10543/10814, time remaining: 33s
Rendered 10544/10814, time remaining: 33s
Rendered 10545/10814, time remaining: 33s
Rendered 10546/10814, time remaining: 33s
Rendered 10547/10814, time remaining: 33s
Rendered 10548/10814, time remaining: 33s
Rendered 10549/10814, time remaining: 33s
Rendered 10550/10814, time remaining: 33s
Rendered 10551/10814, time remaining: 32s
Rendered 10552/10814, time remaining: 32s
Rendered 10553/10814, time remaining: 32s
Rendered 10554/10814, time remaining: 32s
Rendered 10555/10814, time remaining: 32s
Rendered 10556/10814, time remaining: 32s
Rendered 10557/10814, time remaining: 32s
Rendered 10558/10814, time remaining: 32s
Rendered 10559/10814, time remaining: 31s
Rendered 10560/10814, time remaining: 31s
Rendered 10561/10814, time remaining: 31s
Rendered 10562/10814, time remaining: 31s
Rendered 10563/10814, time remaining: 31s
Rendered 10564/10814, time remaining: 31s
Rendered 10565/10814, time remaining: 31s
Rendered 10566/10814, time remaining: 31s
Rendered 10567/10814, time remaining: 30s
Rendered 10568/10814, time remaining: 30s
Rendered 10569/10814, time remaining: 30s
Rendered 10570/10814, time remaining: 30s
Rendered 10571/10814, time remaining: 30s
Rendered 10572/10814, time remaining: 30s
Rendered 10573/10814, time remaining: 30s
Rendered 10574/10814, time remaining: 30s
Rendered 10575/10814, time remaining: 29s
Rendered 10576/10814, time remaining: 29s
Rendered 10577/10814, time remaining: 29s
Rendered 10578/10814, time remaining: 29s
Rendered 10579/10814, time remaining: 29s
Rendered 10580/10814, time remaining: 29s
Rendered 10581/10814, time remaining: 29s
Rendered 10582/10814, time remaining: 29s
Rendered 10583/10814, time remaining: 28s
Rendered 10584/10814, time remaining: 28s
Rendered 10585/10814, time remaining: 28s
Rendered 10586/10814, time remaining: 28s
Rendered 10587/10814, time remaining: 28s
Rendered 10588/10814, time remaining: 28s
Rendered 10589/10814, time remaining: 28s
Rendered 10590/10814, time remaining: 28s
Rendered 10591/10814, time remaining: 27s
Rendered 10592/10814, time remaining: 27s
Rendered 10593/10814, time remaining: 27s
Rendered 10594/10814, time remaining: 27s
Rendered 10595/10814, time remaining: 27s
Rendered 10596/10814, time remaining: 27s
Rendered 10597/10814, time remaining: 27s
Rendered 10598/10814, time remaining: 27s
Rendered 10599/10814, time remaining: 26s
Rendered 10600/10814, time remaining: 26s
Rendered 10601/10814, time remaining: 26s
Rendered 10602/10814, time remaining: 26s
Rendered 10603/10814, time remaining: 26s
Rendered 10604/10814, time remaining: 26s
Rendered 10605/10814, time remaining: 26s
Rendered 10606/10814, time remaining: 26s
Rendered 10607/10814, time remaining: 25s
Rendered 10608/10814, time remaining: 25s
Rendered 10609/10814, time remaining: 25s
Rendered 10610/10814, time remaining: 25s
Rendered 10611/10814, time remaining: 25s
Rendered 10612/10814, time remaining: 25s
Rendered 10613/10814, time remaining: 25s
Rendered 10614/10814, time remaining: 25s
Rendered 10615/10814, time remaining: 24s
Rendered 10616/10814, time remaining: 24s
Rendered 10617/10814, time remaining: 24s
Rendered 10618/10814, time remaining: 24s
Rendered 10619/10814, time remaining: 24s
Rendered 10620/10814, time remaining: 24s
Rendered 10621/10814, time remaining: 24s
Rendered 10622/10814, time remaining: 24s
Rendered 10623/10814, time remaining: 23s
Rendered 10624/10814, time remaining: 23s
Rendered 10625/10814, time remaining: 23s
Rendered 10626/10814, time remaining: 23s
Rendered 10627/10814, time remaining: 23s
Rendered 10628/10814, time remaining: 23s
Rendered 10629/10814, time remaining: 23s
Rendered 10630/10814, time remaining: 23s
Rendered 10631/10814, time remaining: 22s
Rendered 10632/10814, time remaining: 22s
Rendered 10633/10814, time remaining: 22s
Rendered 10634/10814, time remaining: 22s
Rendered 10635/10814, time remaining: 22s
Rendered 10636/10814, time remaining: 22s
Rendered 10637/10814, time remaining: 22s
Rendered 10638/10814, time remaining: 22s
Rendered 10639/10814, time remaining: 21s
Rendered 10640/10814, time remaining: 21s
Rendered 10641/10814, time remaining: 21s
Rendered 10642/10814, time remaining: 21s
Rendered 10643/10814, time remaining: 21s
Rendered 10644/10814, time remaining: 21s
Rendered 10645/10814, time remaining: 21s
Rendered 10646/10814, time remaining: 21s
Rendered 10647/10814, time remaining: 20s
Rendered 10648/10814, time remaining: 20s
Rendered 10649/10814, time remaining: 20s
Rendered 10650/10814, time remaining: 20s
Rendered 10651/10814, time remaining: 20s
Rendered 10652/10814, time remaining: 20s
Rendered 10653/10814, time remaining: 20s
Rendered 10654/10814, time remaining: 20s
Rendered 10655/10814, time remaining: 19s
Rendered 10656/10814, time remaining: 19s
Rendered 10657/10814, time remaining: 19s
Rendered 10658/10814, time remaining: 19s
Rendered 10659/10814, time remaining: 19s
Rendered 10660/10814, time remaining: 19s
Rendered 10661/10814, time remaining: 19s
Rendered 10662/10814, time remaining: 19s
Rendered 10663/10814, time remaining: 18s
Rendered 10664/10814, time remaining: 18s
Rendered 10665/10814, time remaining: 18s
Rendered 10666/10814, time remaining: 18s
Rendered 10667/10814, time remaining: 18s
Rendered 10668/10814, time remaining: 18s
Rendered 10669/10814, time remaining: 18s
Rendered 10670/10814, time remaining: 18s
Rendered 10671/10814, time remaining: 17s
Rendered 10672/10814, time remaining: 17s
Rendered 10673/10814, time remaining: 17s
Rendered 10674/10814, time remaining: 17s
Rendered 10675/10814, time remaining: 17s
Rendered 10676/10814, time remaining: 17s
Rendered 10677/10814, time remaining: 17s
Rendered 10678/10814, time remaining: 17s
Rendered 10679/10814, time remaining: 16s
Rendered 10680/10814, time remaining: 16s
Rendered 10681/10814, time remaining: 16s
Rendered 10682/10814, time remaining: 16s
Rendered 10683/10814, time remaining: 16s
Rendered 10684/10814, time remaining: 16s
Rendered 10685/10814, time remaining: 16s
Rendered 10686/10814, time remaining: 16s
Rendered 10687/10814, time remaining: 15s
Rendered 10688/10814, time remaining: 15s
Rendered 10689/10814, time remaining: 15s
Rendered 10690/10814, time remaining: 15s
Rendered 10691/10814, time remaining: 15s
Rendered 10692/10814, time remaining: 15s
Rendered 10693/10814, time remaining: 15s
Rendered 10694/10814, time remaining: 15s
Rendered 10695/10814, time remaining: 14s
Rendered 10696/10814, time remaining: 14s
Rendered 10697/10814, time remaining: 14s
Rendered 10698/10814, time remaining: 14s
Rendered 10699/10814, time remaining: 14s
Rendered 10700/10814, time remaining: 14s
Rendered 10701/10814, time remaining: 14s
Rendered 10702/10814, time remaining: 14s
Rendered 10703/10814, time remaining: 13s
Rendered 10704/10814, time remaining: 13s
Rendered 10705/10814, time remaining: 13s
Rendered 10706/10814, time remaining: 13s
Rendered 10707/10814, time remaining: 13s
Rendered 10708/10814, time remaining: 13s
Rendered 10709/10814, time remaining: 13s
Rendered 10710/10814, time remaining: 13s
Rendered 10711/10814, time remaining: 12s
Rendered 10712/10814, time remaining: 12s
Rendered 10713/10814, time remaining: 12s
Rendered 10714/10814, time remaining: 12s
Rendered 10715/10814, time remaining: 12s
Rendered 10716/10814, time remaining: 12s
Rendered 10717/10814, time remaining: 12s
Rendered 10718/10814, time remaining: 12s
Rendered 10719/10814, time remaining: 11s
Rendered 10720/10814, time remaining: 11s
Rendered 10721/10814, time remaining: 11s
Rendered 10722/10814, time remaining: 11s
Rendered 10723/10814, time remaining: 11s
Rendered 10724/10814, time remaining: 11s
Rendered 10725/10814, time remaining: 11s
Rendered 10726/10814, time remaining: 11s
Rendered 10727/10814, time remaining: 10s
Rendered 10728/10814, time remaining: 10s
Rendered 10729/10814, time remaining: 10s
Rendered 10730/10814, time remaining: 10s
Rendered 10731/10814, time remaining: 10s
Rendered 10732/10814, time remaining: 10s
Rendered 10733/10814, time remaining: 10s
Rendered 10734/10814, time remaining: 10s
Rendered 10735/10814, time remaining: 9s
Rendered 10736/10814, time remaining: 9s
Rendered 10737/10814, time remaining: 9s
Rendered 10738/10814, time remaining: 9s
Rendered 10739/10814, time remaining: 9s
Rendered 10740/10814, time remaining: 9s
Rendered 10741/10814, time remaining: 9s
Rendered 10742/10814, time remaining: 9s
Rendered 10743/10814, time remaining: 8s
Rendered 10744/10814, time remaining: 8s
Rendered 10745/10814, time remaining: 8s
Rendered 10746/10814, time remaining: 8s
Rendered 10747/10814, time remaining: 8s
Rendered 10748/10814, time remaining: 8s
Rendered 10749/10814, time remaining: 8s
Rendered 10750/10814, time remaining: 8s
Rendered 10751/10814, time remaining: 7s
Rendered 10752/10814, time remaining: 7s
Rendered 10753/10814, time remaining: 7s
Rendered 10754/10814, time remaining: 7s
Rendered 10755/10814, time remaining: 7s
Rendered 10756/10814, time remaining: 7s
Rendered 10757/10814, time remaining: 7s
Rendered 10758/10814, time remaining: 7s
Rendered 10759/10814, time remaining: 6s
Rendered 10760/10814, time remaining: 6s
Rendered 10761/10814, time remaining: 6s
Rendered 10762/10814, time remaining: 6s
Rendered 10763/10814, time remaining: 6s
Rendered 10764/10814, time remaining: 6s
Rendered 10765/10814, time remaining: 6s
Rendered 10766/10814, time remaining: 6s
Rendered 10767/10814, time remaining: 5s
Rendered 10768/10814, time remaining: 5s
Rendered 10769/10814, time remaining: 5s
Rendered 10770/10814, time remaining: 5s
Rendered 10771/10814, time remaining: 5s
Rendered 10772/10814, time remaining: 5s
Rendered 10773/10814, time remaining: 5s
Rendered 10774/10814, time remaining: 5s
Rendered 10775/10814, time remaining: 4s
Rendered 10776/10814, time remaining: 4s
Rendered 10777/10814, time remaining: 4s
Rendered 10778/10814, time remaining: 4s
Rendered 10779/10814, time remaining: 4s
Rendered 10780/10814, time remaining: 4s
Rendered 10781/10814, time remaining: 4s
Rendered 10782/10814, time remaining: 4s
Rendered 10783/10814, time remaining: 3s
Rendered 10784/10814, time remaining: 3s
Rendered 10785/10814, time remaining: 3s
Rendered 10786/10814, time remaining: 3s
Rendered 10787/10814, time remaining: 3s
Rendered 10788/10814, time remaining: 3s
Rendered 10789/10814, time remaining: 3s
Rendered 10790/10814, time remaining: 3s
Rendered 10791/10814, time remaining: 2s
Rendered 10792/10814, time remaining: 2s
Rendered 10793/10814, time remaining: 2s
Rendered 10794/10814, time remaining: 2s
Rendered 10795/10814, time remaining: 2s
Rendered 10796/10814, time remaining: 2s
Rendered 10797/10814, time remaining: 2s
Rendered 10798/10814, time remaining: 2s
Rendered 10799/10814, time remaining: 1s
Rendered 10800/10814, time remaining: 1s
Rendered 10801/10814, time remaining: 1s
Rendered 10802/10814, time remaining: 1s
Rendered 10803/10814, time remaining: 1s
Rendered 10804/10814, time remaining: 1s
Rendered 10805/10814, time remaining: 1s
Rendered 10806/10814, time remaining: 1s
Rendered 10807/10814, time remaining: 0s
Rendered 10808/10814, time remaining: 0s
Rendered 10809/10814, time remaining: 0s
Rendered 10810/10814, time remaining: 0s
Rendered 10811/10814, time remaining: 0s
Rendered 10812/10814, time remaining: 0s
Rendered 10813/10814, time remaining: 0s
Rendered 10814/10814
Stitched 3/10814
Stitched 76/10814
Stitched 144/10814
Stitched 192/10814
Stitched 246/10814
Stitched 298/10814
Stitched 370/10814
Stitched 450/10814
Stitched 524/10814
Stitched 612/10814
Stitched 685/10814
Stitched 768/10814
Stitched 848/10814
Stitched 936/10814
Stitched 1002/10814
Stitched 1086/10814
Stitched 1156/10814
Stitched 1224/10814
Stitched 1302/10814
Stitched 1392/10814
Stitched 1480/10814
Stitched 1562/10814
Stitched 1647/10814
Stitched 1740/10814
Stitched 1820/10814
Stitched 1900/10814
Stitched 1979/10814
Stitched 2074/10814
Stitched 2153/10814
Stitched 2232/10814
Stitched 2308/10814
Stitched 2389/10814
Stitched 2474/10814
Stitched 2560/10814
Stitched 2647/10814
Stitched 2726/10814
Stitched 2820/10814
Stitched 2896/10814
Stitched 2956/10814
Stitched 3020/10814
Stitched 3087/10814
Stitched 3146/10814
Stitched 3260/10814
Stitched 3353/10814
Stitched 3436/10814
Stitched 3518/10814
Stitched 3614/10814
Stitched 3712/10814
Stitched 3790/10814
Stitched 3900/10814
Stitched 3997/10814
Stitched 4094/10814
Stitched 4186/10814
Stitched 4277/10814
Stitched 4376/10814
Stitched 4470/10814
Stitched 4577/10814
Stitched 4690/10814
Stitched 4787/10814
Stitched 4898/10814
Stitched 5010/10814
Stitched 5122/10814
Stitched 5222/10814
Stitched 5304/10814
Stitched 5377/10814
Stitched 5520/10814
Stitched 5693/10814
Stitched 5870/10814
Stitched 6053/10814
Stitched 6242/10814
Stitched 6429/10814
Stitched 6465/10814
Stitched 6561/10814
Stitched 6650/10814
Stitched 6762/10814
Stitched 6851/10814
Stitched 6967/10814
Stitched 7071/10814
Stitched 7175/10814
Stitched 7290/10814
Stitched 7395/10814
Stitched 7508/10814
Stitched 7628/10814
Stitched 7734/10814
Stitched 7846/10814
Stitched 7948/10814
Stitched 8058/10814
Stitched 8158/10814
Stitched 8280/10814
Stitched 8384/10814
Stitched 8514/10814
Stitched 8622/10814
Stitched 8735/10814
Stitched 8848/10814
Stitched 8958/10814
Stitched 9076/10814
Stitched 9174/10814
Stitched 9290/10814
Stitched 9398/10814
Stitched 9506/10814
Stitched 9613/10814
Stitched 9717/10814
Stitched 9834/10814
Stitched 9955/10814
Stitched 10071/10814
Stitched 10167/10814
Stitched 10261/10814
Stitched 10355/10814
Stitched 10490/10814
Stitched 10609/10814
Stitched 10733/10814
Stitched 10814/10814
+                    /Users/johndoe/Documents/company/video_ops/projects/abstract_algebra_in_proof_assistant/04-set-equality/takes/take-voxcpm-ms0hkqyj/pipeline/composite/composite-ms0miymg/outdoor-portrait.mp4 25.8 MB
