# stage-run 2026-07-12T13:00:01.558Z
jobId=job-take-mrhmharr
scriptId=sets-v2-04-set-equality
takeId=take-mrhmharr
stage=cut
runId=cut-mrhswgb9

[2026-07-12T13:00:01.559Z] Starting cut
[2026-07-12T13:00:01.559Z] Preparing cut inputs
[2026-07-12T13:00:01.559Z] Transcribing speech and detecting bad takes
[2026-07-12T13:00:01.560Z] $ deno run --allow-all /Users/johndoe/Documents/company/video_ops/outdoor_post/main.ts ai-edit --video /Users/johndoe/Documents/company/video_ops/scripts/abstract_algebra_in_proof_assistant/sets-v2-04-set-equality/takes/take-mrhmharr/source.mp4 --script /Users/johndoe/Documents/company/video_ops/scripts/abstract_algebra_in_proof_assistant/sets-v2-04-set-equality/export/sets-v2-04-set-equality-outdoor-script.json --take /Users/johndoe/Documents/company/video_ops/scripts/abstract_algebra_in_proof_assistant/sets-v2-04-set-equality/takes/take-mrhmharr/take.json --out-dir /Users/johndoe/Documents/company/video_ops/scripts/abstract_algebra_in_proof_assistant/sets-v2-04-set-equality/takes/take-mrhmharr/pipeline/cut/cut-mrhswgb9
[stderr] ffmpeg version 7.1 Copyright (c) 2000-2024 the FFmpeg developers
[stderr]   built with Apple clang version 15.0.0 (clang-1500.1.0.2.5)
[stderr]   configuration: --prefix=/opt/homebrew/Cellar/ffmpeg/7.1_3 --enable-shared --enable-pthreads --enable-version3 --cc=clang --host-cflags= --host-ldflags='-Wl,-ld_classic' --enable-ffplay --enable-gnutls --enable-gpl --enable-libaom --enable-libaribb24 --enable-libbluray --enable-libdav1d --enable-libharfbuzz --enable-libjxl --enable-libmp3lame --enable-libopus --enable-librav1e --enable-librist --enable-librubberband --enable-libsnappy --enable-libsrt --enable-libssh --enable-libsvtav1 --enable-libtesseract --enable-libtheora --enable-libvidstab --enable-libvmaf --enable-libvorbis --enable-libvpx --enable-libwebp --enable-libx264 --enable-libx265 --enable-libxml2 --enable-libxvid --enable-lzma --enable-libfontconfig --enable-libfreetype --enable-frei0r --enable-libass --enable-libopencore-amrnb --enable-libopencore-amrwb --enable-libopenjpeg --enable-libspeex --enable-libsoxr --enable-libzmq --enable-libzimg --disable-libjack --disable-indev=jack --enable-videotoolbox --enable-audiotoolbox --enable-neon
[stderr]   libavutil      59. 39.100 / 59. 39.100
[stderr]   libavcodec     61. 19.100 / 61. 19.100
[stderr]   libavformat    61.  7.100 / 61.  7.100
[stderr]   libavdevice    61.  3.100 / 61.  3.100
[stderr]   libavfilter    10.  4.100 / 10.  4.100
[stderr]   libswscale      8.  3.100 /  8.  3.100
[stderr]   libswresample   5.  3.100 /  5.  3.100
[stderr]   libpostproc    58.  3.100 / 58.  3.100
[stderr] Input #0, mov,mp4,m4a,3gp,3g2,mj2, from '/Users/johndoe/Documents/company/video_ops/scripts/abstract_algebra_in_proof_assistant/sets-v2-04-set-equality/takes/take-mrhmharr/source.mp4':
[stderr]   Metadata:
[stderr]     major_brand     : qt  
[stderr]     minor_version   : 0
[stderr]     compatible_brands: qt  
[stderr]     creation_time   : 2026-07-12T09:54:07.000000Z
[stderr]   Duration: 00:06:08.94, start: 0.000000, bitrate: 2946 kb/s
[stderr]   Stream #0:0[0x1](und): Video: hevc (Main) (hvc1 / 0x31637668), yuv420p(tv, smpte170m/bt709/bt709), 640x480, 2834 kb/s, 29.95 fps, 29.83 tbr, 600 tbn (default)
[stderr]       Metadata:
[stderr]         creation_time   : 2026-07-12T09:54:07.000000Z
[stderr]         handler_name    : Core Media Video
[stderr]         vendor_id       : [0][0][0][0]
[stderr]         encoder         : HEVC
[stderr]       Side data:
[stderr]         displaymatrix: rotation of -180.00 degrees
[stderr]   Stream #0:1[0x2](und): Audio: aac (LC) (mp4a / 0x6134706D), 48000 Hz, mono, fltp, 100 kb/s (default)
[stderr]       Metadata:
[stderr]         creation_time   : 2026-07-12T09:54:07.000000Z
[stderr]         handler_name    : Core Media Audio
[stderr]         vendor_id       : [0][0][0][0]
[stderr]   Stream #0:2[0x3](und): Data: none (mebx / 0x7862656D) (default)
[stderr]       Metadata:
[stderr]         creation_time   : 2026-07-12T09:54:07.000000Z
[stderr]         handler_name    : Core Media Metadata
[stderr] Stream mapping:
[stderr]   Stream #0:1 -> #0:0 (aac (native) -> pcm_s16le (native))
[stderr] Press [q] to stop, [?] for help
[stderr] Output #0, wav, to '/Users/johndoe/Documents/company/video_ops/scripts/abstract_algebra_in_proof_assistant/sets-v2-04-set-equality/takes/take-mrhmharr/pipeline/cut/cut-mrhswgb9/audio.wav':
[stderr]   Metadata:
[stderr]     major_brand     : qt  
[stderr]     minor_version   : 0
[stderr]     compatible_brands: qt  
[stderr]     ISFT            : Lavf61.7.100
[stderr]   Stream #0:0(und): Audio: pcm_s16le ([1][0][0][0] / 0x0001), 16000 Hz, mono, s16, 256 kb/s (default)
[stderr]       Metadata:
[stderr]         creation_time   : 2026-07-12T09:54:07.000000Z
[stderr]         handler_name    : Core Media Audio
[stderr]         vendor_id       : [0][0][0][0]
[stderr]         encoder         : Lavc61.19.100 pcm_s16le
[stderr] [out#0/wav @ 0x121604080] video:0KiB audio:11529KiB subtitle:0KiB other streams:0KiB global headers:0KiB muxing overhead: 0.000661%
[stderr] size=   11529KiB time=00:06:08.93 bitrate= 256.0kbits/s speed=1.78e+03x    
[stderr] ffmpeg version 7.1 Copyright (c) 2000-2024 the FFmpeg developers
[stderr]   built with Apple clang version 15.0.0 (clang-1500.1.0.2.5)
[stderr]   configuration: --prefix=/opt/homebrew/Cellar/ffmpeg/7.1_3 --enable-shared --enable-pthreads --enable-version3 --cc=clang --host-cflags= --host-ldflags='-Wl,-ld_classic' --enable-ffplay --enable-gnutls --enable-gpl --enable-libaom --enable-libaribb24 --enable-libbluray --enable-libdav1d --enable-libharfbuzz --enable-libjxl --enable-libmp3lame --enable-libopus --enable-librav1e --enable-librist --enable-librubberband --enable-libsnappy --enable-libsrt --enable-libssh --enable-libsvtav1 --enable-libtesseract --enable-libtheora --enable-libvidstab --enable-libvmaf --enable-libvorbis --enable-libvpx --enable-libwebp --enable-libx264 --enable-libx265 --enable-libxml2 --enable-libxvid --enable-lzma --enable-libfontconfig --enable-libfreetype --enable-frei0r --enable-libass --enable-libopencore-amrnb --enable-libopencore-amrwb --enable-libopenjpeg --enable-libspeex --enable-libsoxr --enable-libzmq --enable-libzimg --disable-libjack --disable-indev=jack --enable-videotoolbox --enable-audiotoolbox --enable-neon
[stderr]   libavutil      59. 39.100 / 59. 39.100
[stderr]   libavcodec     61. 19.100 / 61. 19.100
[stderr]   libavformat    61.  7.100 / 61.  7.100
[stderr]   libavdevice    61.  3.100 / 61.  3.100
[stderr]   libavfilter    10.  4.100 / 10.  4.100
[stderr]   libswscale      8.  3.100 /  8.  3.100
[stderr]   libswresample   5.  3.100 /  5.  3.100
[stderr]   libpostproc    58.  3.100 / 58.  3.100
[stderr] Input #0, mov,mp4,m4a,3gp,3g2,mj2, from '/Users/johndoe/Documents/company/video_ops/scripts/abstract_algebra_in_proof_assistant/sets-v2-04-set-equality/takes/take-mrhmharr/source.mp4':
[stderr]   Metadata:
[stderr]     major_brand     : qt  
[stderr]     minor_version   : 0
[stderr]     compatible_brands: qt  
[stderr]     creation_time   : 2026-07-12T09:54:07.000000Z
[stderr]   Duration: 00:06:08.94, start: 0.000000, bitrate: 2946 kb/s
[stderr]   Stream #0:0[0x1](und): Video: hevc (Main) (hvc1 / 0x31637668), yuv420p(tv, smpte170m/bt709/bt709), 640x480, 2834 kb/s, 29.95 fps, 29.83 tbr, 600 tbn (default)
[stderr]       Metadata:
[stderr]         creation_time   : 2026-07-12T09:54:07.000000Z
[stderr]         handler_name    : Core Media Video
[stderr]         vendor_id       : [0][0][0][0]
[stderr]         encoder         : HEVC
[stderr]       Side data:
[stderr]         displaymatrix: rotation of -180.00 degrees
[stderr]   Stream #0:1[0x2](und): Audio: aac (LC) (mp4a / 0x6134706D), 48000 Hz, mono, fltp, 100 kb/s (default)
[stderr]       Metadata:
[stderr]         creation_time   : 2026-07-12T09:54:07.000000Z
[stderr]         handler_name    : Core Media Audio
[stderr]         vendor_id       : [0][0][0][0]
[stderr]   Stream #0:2[0x3](und): Data: none (mebx / 0x7862656D) (default)
[stderr]       Metadata:
[stderr]         creation_time   : 2026-07-12T09:54:07.000000Z
[stderr]         handler_name    : Core Media Metadata
[stderr] Stream mapping:
[stderr]   Stream #0:0 -> #0:0 (hevc (native) -> h264 (libx264))
[stderr]   Stream #0:1 -> #0:1 (aac (native) -> aac (native))
[stderr] Press [q] to stop, [?] for help
[stderr] [libx264 @ 0x148f23e80] using cpu capabilities: ARMv8 NEON
[stderr] [libx264 @ 0x148f23e80] profile High, level 3.0, 4:2:0, 8-bit
[stderr] [libx264 @ 0x148f23e80] 264 - core 164 r3108 31e19f9 - H.264/MPEG-4 AVC codec - Copyleft 2003-2023 - http://www.videolan.org/x264.html - options: cabac=1 ref=1 deblock=1:0:0 analyse=0x3:0x113 me=hex subme=2 psy=1 psy_rd=1.00:0.00 mixed_ref=0 me_range=16 chroma_me=1 trellis=0 8x8dct=1 cqm=0 deadzone=21,11 fast_pskip=1 chroma_qp_offset=0 threads=15 lookahead_threads=3 sliced_threads=0 nr=0 decimate=1 interlaced=0 bluray_compat=0 constrained_intra=0 bframes=3 b_pyramid=2 b_adapt=1 b_bias=0 direct=1 weightb=1 open_gop=0 weightp=1 keyint=250 keyint_min=25 scenecut=40 intra_refresh=0 rc_lookahead=10 rc=crf mbtree=1 crf=18.0 qcomp=0.60 qpmin=0 qpmax=69 qpstep=4 ip_ratio=1.40 aq=1:1.00
[stderr] Output #0, mp4, to '/Users/johndoe/Documents/company/video_ops/scripts/abstract_algebra_in_proof_assistant/sets-v2-04-set-equality/takes/take-mrhmharr/pipeline/cut/cut-mrhswgb9/chunks/chunk-000.mp4':
[stderr]   Metadata:
[stderr]     major_brand     : qt  
[stderr]     minor_version   : 0
[stderr]     compatible_brands: qt  
[stderr]     encoder         : Lavf61.7.100
[stderr]   Stream #0:0(und): Video: h264 (avc1 / 0x31637661), yuv420p(tv, smpte170m/bt709/bt709, progressive), 640x480, q=2-31, 29.83 fps, 11456 tbn (default)
[stderr]       Metadata:
[stderr]         creation_time   : 2026-07-12T09:54:07.000000Z
[stderr]         handler_name    : Core Media Video
[stderr]         vendor_id       : [0][0][0][0]
[stderr]         encoder         : Lavc61.19.100 libx264
[stderr]       Side data:
[stderr]         cpb: bitrate max/min/avg: 0/0/0 buffer size: 0 vbv_delay: N/A
[stderr]   Stream #0:1(und): Audio: aac (LC) (mp4a / 0x6134706D), 48000 Hz, mono, fltp, 69 kb/s (default)
[stderr]       Metadata:
[stderr]         creation_time   : 2026-07-12T09:54:07.000000Z
[stderr]         handler_name    : Core Media Audio
[stderr]         vendor_id       : [0][0][0][0]
[stderr]         encoder         : Lavc61.19.100 aac
[stderr] [out#0/mp4 @ 0x148f217a0] video:2423KiB audio:32KiB subtitle:0KiB other streams:0KiB global headers:0KiB muxing overhead: 0.219595%
[stderr] frame=  112 fps=0.0 q=-1.0 Lsize=    2460KiB time=00:00:03.68 bitrate=5466.0kbits/s speed=16.5x    
[stderr] [libx264 @ 0x148f23e80] frame I:1     Avg QP:21.52  size: 63699
[stderr] [libx264 @ 0x148f23e80] frame P:32    Avg QP:22.45  size: 36569
[stderr] [libx264 @ 0x148f23e80] frame B:79    Avg QP:24.84  size: 15776
[stderr] [libx264 @ 0x148f23e80] consecutive B-frames:  4.5%  3.6%  2.7% 89.3%
[stderr] [libx264 @ 0x148f23e80] mb I  I16..4:  3.7%  4.4% 91.9%
[stderr] [libx264 @ 0x148f23e80] mb P  I16..4:  3.2%  6.5% 29.0%  P16..4: 17.6% 17.7% 25.1%  0.0%  0.0%    skip: 0.9%
[stderr] [libx264 @ 0x148f23e80] mb B  I16..4:  0.9%  0.8%  1.6%  B16..8: 30.7% 18.8% 11.9%  direct:18.5%  skip:16.8%  L0:27.1% L1:35.6% BI:37.3%
[stderr] [libx264 @ 0x148f23e80] 8x8 transform intra:17.4% inter:34.9%
[stderr] [libx264 @ 0x148f23e80] coded y,uvDC,uvAC intra: 87.5% 72.1% 35.9% inter: 53.3% 22.8% 1.9%
[stderr] [libx264 @ 0x148f23e80] i16 v,h,dc,p: 62% 20% 15%  3%
[stderr] [libx264 @ 0x148f23e80] i8 v,h,dc,ddl,ddr,vr,hd,vl,hu: 20% 25% 16%  2%  9%  8%  8%  5%  7%
[stderr] [libx264 @ 0x148f23e80] i4 v,h,dc,ddl,ddr,vr,hd,vl,hu: 16% 16% 14%  3% 17%  9% 12%  6%  8%
[stderr] [libx264 @ 0x148f23e80] i8c dc,h,v,p: 51% 21% 20%  8%
[stderr] [libx264 @ 0x148f23e80] Weighted P-Frames: Y:9.4% UV:0.0%
[stderr] [libx264 @ 0x148f23e80] kb/s:5285.29
[stderr] [aac @ 0x128e68810] Qavg: 114.870
[stderr] ffmpeg version 7.1 Copyright (c) 2000-2024 the FFmpeg developers
[stderr]   built with Apple clang version 15.0.0 (clang-1500.1.0.2.5)
[stderr]   configuration: --prefix=/opt/homebrew/Cellar/ffmpeg/7.1_3 --enable-shared --enable-pthreads --enable-version3 --cc=clang --host-cflags= --host-ldflags='-Wl,-ld_classic' --enable-ffplay --enable-gnutls --enable-gpl --enable-libaom --enable-libaribb24 --enable-libbluray --enable-libdav1d --enable-libharfbuzz --enable-libjxl --enable-libmp3lame --enable-libopus --enable-librav1e --enable-librist --enable-librubberband --enable-libsnappy --enable-libsrt --enable-libssh --enable-libsvtav1 --enable-libtesseract --enable-libtheora --enable-libvidstab --enable-libvmaf --enable-libvorbis --enable-libvpx --enable-libwebp --enable-libx264 --enable-libx265 --enable-libxml2 --enable-libxvid --enable-lzma --enable-libfontconfig --enable-libfreetype --enable-frei0r --enable-libass --enable-libopencore-amrnb --enable-libopencore-amrwb --enable-libopenjpeg --enable-libspeex --enable-libsoxr --enable-libzmq --enable-libzimg --disable-libjack --disable-indev=jack --enable-videotoolbox --enable-audiotoolbox --enable-neon
[stderr]   libavutil      59. 39.100 / 59. 39.100
[stderr]   libavcodec     61. 19.100 / 61. 19.100
[stderr]   libavformat    61.  7.100 / 61.  7.100
[stderr]   libavdevice    61.  3.100 / 61.  3.100
[stderr]   libavfilter    10.  4.100 / 10.  4.100
[stderr]   libswscale      8.  3.100 /  8.  3.100
[stderr]   libswresample   5.  3.100 /  5.  3.100
[stderr]   libpostproc    58.  3.100 / 58.  3.100
[stderr] Input #0, mov,mp4,m4a,3gp,3g2,mj2, from '/Users/johndoe/Documents/company/video_ops/scripts/abstract_algebra_in_proof_assistant/sets-v2-04-set-equality/takes/take-mrhmharr/source.mp4':
[stderr]   Metadata:
[stderr]     major_brand     : qt  
[stderr]     minor_version   : 0
[stderr]     compatible_brands: qt  
[stderr]     creation_time   : 2026-07-12T09:54:07.000000Z
[stderr]   Duration: 00:06:08.94, start: 0.000000, bitrate: 2946 kb/s
[stderr]   Stream #0:0[0x1](und): Video: hevc (Main) (hvc1 / 0x31637668), yuv420p(tv, smpte170m/bt709/bt709), 640x480, 2834 kb/s, 29.95 fps, 29.83 tbr, 600 tbn (default)
[stderr]       Metadata:
[stderr]         creation_time   : 2026-07-12T09:54:07.000000Z
[stderr]         handler_name    : Core Media Video
[stderr]         vendor_id       : [0][0][0][0]
[stderr]         encoder         : HEVC
[stderr]       Side data:
[stderr]         displaymatrix: rotation of -180.00 degrees
[stderr]   Stream #0:1[0x2](und): Audio: aac (LC) (mp4a / 0x6134706D), 48000 Hz, mono, fltp, 100 kb/s (default)
[stderr]       Metadata:
[stderr]         creation_time   : 2026-07-12T09:54:07.000000Z
[stderr]         handler_name    : Core Media Audio
[stderr]         vendor_id       : [0][0][0][0]
[stderr]   Stream #0:2[0x3](und): Data: none (mebx / 0x7862656D) (default)
[stderr]       Metadata:
[stderr]         creation_time   : 2026-07-12T09:54:07.000000Z
[stderr]         handler_name    : Core Media Metadata
[stderr] Stream mapping:
[stderr]   Stream #0:0 -> #0:0 (hevc (native) -> h264 (libx264))
[stderr]   Stream #0:1 -> #0:1 (aac (native) -> aac (native))
[stderr] Press [q] to stop, [?] for help
[stderr] [libx264 @ 0x14f9072f0] using cpu capabilities: ARMv8 NEON
[stderr] [libx264 @ 0x14f9072f0] profile High, level 3.0, 4:2:0, 8-bit
[stderr] [libx264 @ 0x14f9072f0] 264 - core 164 r3108 31e19f9 - H.264/MPEG-4 AVC codec - Copyleft 2003-2023 - http://www.videolan.org/x264.html - options: cabac=1 ref=1 deblock=1:0:0 analyse=0x3:0x113 me=hex subme=2 psy=1 psy_rd=1.00:0.00 mixed_ref=0 me_range=16 chroma_me=1 trellis=0 8x8dct=1 cqm=0 deadzone=21,11 fast_pskip=1 chroma_qp_offset=0 threads=15 lookahead_threads=3 sliced_threads=0 nr=0 decimate=1 interlaced=0 bluray_compat=0 constrained_intra=0 bframes=3 b_pyramid=2 b_adapt=1 b_bias=0 direct=1 weightb=1 open_gop=0 weightp=1 keyint=250 keyint_min=25 scenecut=40 intra_refresh=0 rc_lookahead=10 rc=crf mbtree=1 crf=18.0 qcomp=0.60 qpmin=0 qpmax=69 qpstep=4 ip_ratio=1.40 aq=1:1.00
[stderr] Output #0, mp4, to '/Users/johndoe/Documents/company/video_ops/scripts/abstract_algebra_in_proof_assistant/sets-v2-04-set-equality/takes/take-mrhmharr/pipeline/cut/cut-mrhswgb9/chunks/chunk-001.mp4':
[stderr]   Metadata:
[stderr]     major_brand     : qt  
[stderr]     minor_version   : 0
[stderr]     compatible_brands: qt  
[stderr]     encoder         : Lavf61.7.100
[stderr]   Stream #0:0(und): Video: h264 (avc1 / 0x31637661), yuv420p(tv, smpte170m/bt709/bt709, progressive), 640x480, q=2-31, 29.83 fps, 11456 tbn (default)
[stderr]       Metadata:
[stderr]         creation_time   : 2026-07-12T09:54:07.000000Z
[stderr]         handler_name    : Core Media Video
[stderr]         vendor_id       : [0][0][0][0]
[stderr]         encoder         : Lavc61.19.100 libx264
[stderr]       Side data:
[stderr]         cpb: bitrate max/min/avg: 0/0/0 buffer size: 0 vbv_delay: N/A
[stderr]   Stream #0:1(und): Audio: aac (LC) (mp4a / 0x6134706D), 48000 Hz, mono, fltp, 69 kb/s (default)
[stderr]       Metadata:
[stderr]         creation_time   : 2026-07-12T09:54:07.000000Z
[stderr]         handler_name    : Core Media Audio
[stderr]         vendor_id       : [0][0][0][0]
[stderr]         encoder         : Lavc61.19.100 aac
[stderr] frame=  274 fps=0.0 q=24.0 size=    6400KiB time=00:00:09.11 bitrate=5750.5kbits/s dup=0 drop=1 speed=18.1x    [stderr] [out#0/mp4 @ 0x14f9065b0] video:11820KiB audio:156KiB subtitle:0KiB other streams:0KiB global headers:0KiB muxing overhead: 0.172001%
[stderr] frame=  543 fps=0.0 q=-1.0 Lsize=   11996KiB time=00:00:18.16 bitrate=5411.4kbits/s dup=0 drop=2 speed=  20x    
[stderr] [libx264 @ 0x14f9072f0] frame I:3     Avg QP:20.44  size: 50971
[stderr] [libx264 @ 0x14f9072f0] frame P:169   Avg QP:21.95  size: 38224
[stderr] [libx264 @ 0x14f9072f0] frame B:371   Avg QP:25.07  size: 14798
[stderr] [libx264 @ 0x14f9072f0] consecutive B-frames:  5.5%  6.3% 11.6% 76.6%
[stderr] [libx264 @ 0x14f9072f0] mb I  I16..4:  5.2%  8.1% 86.6%
[stderr] [libx264 @ 0x14f9072f0] mb P  I16..4:  3.2%  4.0% 13.1%  P16..4: 24.4% 22.8% 31.6%  0.0%  0.0%    skip: 0.9%
[stderr] [libx264 @ 0x14f9072f0] mb B  I16..4:  0.7%  0.4%  0.7%  B16..8: 30.9% 19.0%  9.0%  direct:21.1%  skip:18.1%  L0:27.8% L1:33.4% BI:38.8%
[stderr] [libx264 @ 0x14f9072f0] 8x8 transform intra:19.3% inter:35.0%
[stderr] [libx264 @ 0x14f9072f0] coded y,uvDC,uvAC intra: 80.3% 73.2% 40.6% inter: 56.1% 23.8% 2.6%
[stderr] [libx264 @ 0x14f9072f0] i16 v,h,dc,p: 63% 15% 17%  4%
[stderr] [libx264 @ 0x14f9072f0] i8 v,h,dc,ddl,ddr,vr,hd,vl,hu: 19% 24% 19%  2%  8%  7%  8%  5%  8%
[stderr] [libx264 @ 0x14f9072f0] i4 v,h,dc,ddl,ddr,vr,hd,vl,hu: 15% 19% 14%  3% 14%  8% 11%  6% 10%
[stderr] [libx264 @ 0x14f9072f0] i8c dc,h,v,p: 51% 21% 19%  9%
[stderr] [libx264 @ 0x14f9072f0] Weighted P-Frames: Y:23.1% UV:1.8%
[stderr] [libx264 @ 0x14f9072f0] kb/s:5319.49
[stderr] [aac @ 0x14f96d500] Qavg: 273.390
[stderr] ffmpeg version 7.1 Copyright (c) 2000-2024 the FFmpeg developers
[stderr]   built with Apple clang version 15.0.0 (clang-1500.1.0.2.5)
[stderr]   configuration: --prefix=/opt/homebrew/Cellar/ffmpeg/7.1_3 --enable-shared --enable-pthreads --enable-version3 --cc=clang --host-cflags= --host-ldflags='-Wl,-ld_classic' --enable-ffplay --enable-gnutls --enable-gpl --enable-libaom --enable-libaribb24 --enable-libbluray --enable-libdav1d --enable-libharfbuzz --enable-libjxl --enable-libmp3lame --enable-libopus --enable-librav1e --enable-librist --enable-librubberband --enable-libsnappy --enable-libsrt --enable-libssh --enable-libsvtav1 --enable-libtesseract --enable-libtheora --enable-libvidstab --enable-libvmaf --enable-libvorbis --enable-libvpx --enable-libwebp --enable-libx264 --enable-libx265 --enable-libxml2 --enable-libxvid --enable-lzma --enable-libfontconfig --enable-libfreetype --enable-frei0r --enable-libass --enable-libopencore-amrnb --enable-libopencore-amrwb --enable-libopenjpeg --enable-libspeex --enable-libsoxr --enable-libzmq --enable-libzimg --disable-libjack --disable-indev=jack --enable-videotoolbox --enable-audiotoolbox --enable-neon
[stderr]   libavutil      59. 39.100 / 59. 39.100
[stderr]   libavcodec     61. 19.100 / 61. 19.100
[stderr]   libavformat    61.  7.100 / 61.  7.100
[stderr]   libavdevice    61.  3.100 / 61.  3.100
[stderr]   libavfilter    10.  4.100 / 10.  4.100
[stderr]   libswscale      8.  3.100 /  8.  3.100
[stderr]   libswresample   5.  3.100 /  5.  3.100
[stderr]   libpostproc    58.  3.100 / 58.  3.100
[stderr] Input #0, mov,mp4,m4a,3gp,3g2,mj2, from '/Users/johndoe/Documents/company/video_ops/scripts/abstract_algebra_in_proof_assistant/sets-v2-04-set-equality/takes/take-mrhmharr/source.mp4':
[stderr]   Metadata:
[stderr]     major_brand     : qt  
[stderr]     minor_version   : 0
[stderr]     compatible_brands: qt  
[stderr]     creation_time   : 2026-07-12T09:54:07.000000Z
[stderr]   Duration: 00:06:08.94, start: 0.000000, bitrate: 2946 kb/s
[stderr]   Stream #0:0[0x1](und): Video: hevc (Main) (hvc1 / 0x31637668), yuv420p(tv, smpte170m/bt709/bt709), 640x480, 2834 kb/s, 29.95 fps, 29.83 tbr, 600 tbn (default)
[stderr]       Metadata:
[stderr]         creation_time   : 2026-07-12T09:54:07.000000Z
[stderr]         handler_name    : Core Media Video
[stderr]         vendor_id       : [0][0][0][0]
[stderr]         encoder         : HEVC
[stderr]       Side data:
[stderr]         displaymatrix: rotation of -180.00 degrees
[stderr]   Stream #0:1[0x2](und): Audio: aac (LC) (mp4a / 0x6134706D), 48000 Hz, mono, fltp, 100 kb/s (default)
[stderr]       Metadata:
[stderr]         creation_time   : 2026-07-12T09:54:07.000000Z
[stderr]         handler_name    : Core Media Audio
[stderr]         vendor_id       : [0][0][0][0]
[stderr]   Stream #0:2[0x3](und): Data: none (mebx / 0x7862656D) (default)
[stderr]       Metadata:
[stderr]         creation_time   : 2026-07-12T09:54:07.000000Z
[stderr]         handler_name    : Core Media Metadata
[stderr] Stream mapping:
[stderr]   Stream #0:0 -> #0:0 (hevc (native) -> h264 (libx264))
[stderr]   Stream #0:1 -> #0:1 (aac (native) -> aac (native))
[stderr] Press [q] to stop, [?] for help
[stderr] [libx264 @ 0x115605b90] using cpu capabilities: ARMv8 NEON
[stderr] [libx264 @ 0x115605b90] profile High, level 3.0, 4:2:0, 8-bit
[stderr] [libx264 @ 0x115605b90] 264 - core 164 r3108 31e19f9 - H.264/MPEG-4 AVC codec - Copyleft 2003-2023 - http://www.videolan.org/x264.html - options: cabac=1 ref=1 deblock=1:0:0 analyse=0x3:0x113 me=hex subme=2 psy=1 psy_rd=1.00:0.00 mixed_ref=0 me_range=16 chroma_me=1 trellis=0 8x8dct=1 cqm=0 deadzone=21,11 fast_pskip=1 chroma_qp_offset=0 threads=15 lookahead_threads=3 sliced_threads=0 nr=0 decimate=1 interlaced=0 bluray_compat=0 constrained_intra=0 bframes=3 b_pyramid=2 b_adapt=1 b_bias=0 direct=1 weightb=1 open_gop=0 weightp=1 keyint=250 keyint_min=25 scenecut=40 intra_refresh=0 rc_lookahead=10 rc=crf mbtree=1 crf=18.0 qcomp=0.60 qpmin=0 qpmax=69 qpstep=4 ip_ratio=1.40 aq=1:1.00
[stderr] Output #0, mp4, to '/Users/johndoe/Documents/company/video_ops/scripts/abstract_algebra_in_proof_assistant/sets-v2-04-set-equality/takes/take-mrhmharr/pipeline/cut/cut-mrhswgb9/chunks/chunk-002.mp4':
[stderr]   Metadata:
[stderr]     major_brand     : qt  
[stderr]     minor_version   : 0
[stderr]     compatible_brands: qt  
[stderr]     encoder         : Lavf61.7.100
[stderr]   Stream #0:0(und): Video: h264 (avc1 / 0x31637661), yuv420p(tv, smpte170m/bt709/bt709, progressive), 640x480, q=2-31, 29.83 fps, 11456 tbn (default)
[stderr]       Metadata:
[stderr]         creation_time   : 2026-07-12T09:54:07.000000Z
[stderr]         handler_name    : Core Media Video
[stderr]         vendor_id       : [0][0][0][0]
[stderr]         encoder         : Lavc61.19.100 libx264
[stderr]       Side data:
[stderr]         cpb: bitrate max/min/avg: 0/0/0 buffer size: 0 vbv_delay: N/A
[stderr]   Stream #0:1(und): Audio: aac (LC) (mp4a / 0x6134706D), 48000 Hz, mono, fltp, 69 kb/s (default)
[stderr]       Metadata:
[stderr]         creation_time   : 2026-07-12T09:54:07.000000Z
[stderr]         handler_name    : Core Media Audio
[stderr]         vendor_id       : [0][0][0][0]
[stderr]         encoder         : Lavc61.19.100 aac
[stderr] frame=  319 fps=0.0 q=24.0 size=    5632KiB time=00:00:10.62 bitrate=4342.1kbits/s speed=21.2x    [stderr] frame=  628 fps=625 q=24.0 size=   13056KiB time=00:00:20.98 bitrate=5097.2kbits/s dup=0 drop=1 speed=20.9x    [stderr] frame=  911 fps=605 q=24.0 size=   21248KiB time=00:00:30.46 bitrate=5712.8kbits/s dup=0 drop=3 speed=20.2x    [stderr] [out#0/mp4 @ 0x115604c90] video:23946KiB audio:298KiB subtitle:0KiB other streams:0KiB global headers:0KiB muxing overhead: 0.157804%
[stderr] frame= 1043 fps=624 q=-1.0 Lsize=   24282KiB time=00:00:34.88 bitrate=5702.9kbits/s dup=0 drop=3 speed=20.9x    
[stderr] [libx264 @ 0x115605b90] frame I:7     Avg QP:19.12  size: 60851
[stderr] [libx264 @ 0x115605b90] frame P:327   Avg QP:22.15  size: 38322
[stderr] [libx264 @ 0x115605b90] frame B:709   Avg QP:25.54  size: 16308
[stderr] [libx264 @ 0x115605b90] consecutive B-frames:  5.9%  7.9%  7.2% 79.0%
[stderr] [libx264 @ 0x115605b90] mb I  I16..4:  9.1%  6.7% 84.2%
[stderr] [libx264 @ 0x115605b90] mb P  I16..4:  5.3%  4.8% 15.8%  P16..4: 21.1% 20.5% 30.6%  0.0%  0.0%    skip: 2.0%
[stderr] [libx264 @ 0x115605b90] mb B  I16..4:  1.2%  0.6%  1.4%  B16..8: 29.2% 18.5% 12.3%  direct:16.3%  skip:20.6%  L0:27.6% L1:32.1% BI:40.3%
[stderr] [libx264 @ 0x115605b90] 8x8 transform intra:17.7% inter:33.4%
[stderr] [libx264 @ 0x115605b90] coded y,uvDC,uvAC intra: 76.4% 65.0% 33.7% inter: 53.1% 22.9% 2.3%
[stderr] [libx264 @ 0x115605b90] i16 v,h,dc,p: 72% 12% 13%  3%
[stderr] [libx264 @ 0x115605b90] i8 v,h,dc,ddl,ddr,vr,hd,vl,hu: 25% 21% 16%  2%  8%  8%  7%  6%  6%
[stderr] [libx264 @ 0x115605b90] i4 v,h,dc,ddl,ddr,vr,hd,vl,hu: 16% 18% 14%  4% 14%  9% 10%  6%  9%
[stderr] [libx264 @ 0x115605b90] i8c dc,h,v,p: 56% 18% 18%  8%
[stderr] [libx264 @ 0x115605b90] Weighted P-Frames: Y:10.4% UV:0.3%
[stderr] [libx264 @ 0x115605b90] kb/s:5610.82
[stderr] [aac @ 0x11572cf80] Qavg: 228.574
[stderr] ffmpeg version 7.1 Copyright (c) 2000-2024 the FFmpeg developers
[stderr]   built with Apple clang version 15.0.0 (clang-1500.1.0.2.5)
[stderr]   configuration: --prefix=/opt/homebrew/Cellar/ffmpeg/7.1_3 --enable-shared --enable-pthreads --enable-version3 --cc=clang --host-cflags= --host-ldflags='-Wl,-ld_classic' --enable-ffplay --enable-gnutls --enable-gpl --enable-libaom --enable-libaribb24 --enable-libbluray --enable-libdav1d --enable-libharfbuzz --enable-libjxl --enable-libmp3lame --enable-libopus --enable-librav1e --enable-librist --enable-librubberband --enable-libsnappy --enable-libsrt --enable-libssh --enable-libsvtav1 --enable-libtesseract --enable-libtheora --enable-libvidstab --enable-libvmaf --enable-libvorbis --enable-libvpx --enable-libwebp --enable-libx264 --enable-libx265 --enable-libxml2 --enable-libxvid --enable-lzma --enable-libfontconfig --enable-libfreetype --enable-frei0r --enable-libass --enable-libopencore-amrnb --enable-libopencore-amrwb --enable-libopenjpeg --enable-libspeex --enable-libsoxr --enable-libzmq --enable-libzimg --disable-libjack --disable-indev=jack --enable-videotoolbox --enable-audiotoolbox --enable-neon
[stderr]   libavutil      59. 39.100 / 59. 39.100
[stderr]   libavcodec     61. 19.100 / 61. 19.100
[stderr]   libavformat    61.  7.100 / 61.  7.100
[stderr]   libavdevice    61.  3.100 / 61.  3.100
[stderr]   libavfilter    10.  4.100 / 10.  4.100
[stderr]   libswscale      8.  3.100 /  8.  3.100
[stderr]   libswresample   5.  3.100 /  5.  3.100
[stderr]   libpostproc    58.  3.100 / 58.  3.100
[stderr] Input #0, mov,mp4,m4a,3gp,3g2,mj2, from '/Users/johndoe/Documents/company/video_ops/scripts/abstract_algebra_in_proof_assistant/sets-v2-04-set-equality/takes/take-mrhmharr/source.mp4':
[stderr]   Metadata:
[stderr]     major_brand     : qt  
[stderr]     minor_version   : 0
[stderr]     compatible_brands: qt  
[stderr]     creation_time   : 2026-07-12T09:54:07.000000Z
[stderr]   Duration: 00:06:08.94, start: 0.000000, bitrate: 2946 kb/s
[stderr]   Stream #0:0[0x1](und): Video: hevc (Main) (hvc1 / 0x31637668), yuv420p(tv, smpte170m/bt709/bt709), 640x480, 2834 kb/s, 29.95 fps, 29.83 tbr, 600 tbn (default)
[stderr]       Metadata:
[stderr]         creation_time   : 2026-07-12T09:54:07.000000Z
[stderr]         handler_name    : Core Media Video
[stderr]         vendor_id       : [0][0][0][0]
[stderr]         encoder         : HEVC
[stderr]       Side data:
[stderr]         displaymatrix: rotation of -180.00 degrees
[stderr]   Stream #0:1[0x2](und): Audio: aac (LC) (mp4a / 0x6134706D), 48000 Hz, mono, fltp, 100 kb/s (default)
[stderr]       Metadata:
[stderr]         creation_time   : 2026-07-12T09:54:07.000000Z
[stderr]         handler_name    : Core Media Audio
[stderr]         vendor_id       : [0][0][0][0]
[stderr]   Stream #0:2[0x3](und): Data: none (mebx / 0x7862656D) (default)
[stderr]       Metadata:
[stderr]         creation_time   : 2026-07-12T09:54:07.000000Z
[stderr]         handler_name    : Core Media Metadata
[stderr] Stream mapping:
[stderr]   Stream #0:0 -> #0:0 (hevc (native) -> h264 (libx264))
[stderr]   Stream #0:1 -> #0:1 (aac (native) -> aac (native))
[stderr] Press [q] to stop, [?] for help
[stderr] [libx264 @ 0x13be059d0] using cpu capabilities: ARMv8 NEON
[stderr] [libx264 @ 0x13be059d0] profile High, level 3.0, 4:2:0, 8-bit
[stderr] [libx264 @ 0x13be059d0] 264 - core 164 r3108 31e19f9 - H.264/MPEG-4 AVC codec - Copyleft 2003-2023 - http://www.videolan.org/x264.html - options: cabac=1 ref=1 deblock=1:0:0 analyse=0x3:0x113 me=hex subme=2 psy=1 psy_rd=1.00:0.00 mixed_ref=0 me_range=16 chroma_me=1 trellis=0 8x8dct=1 cqm=0 deadzone=21,11 fast_pskip=1 chroma_qp_offset=0 threads=15 lookahead_threads=3 sliced_threads=0 nr=0 decimate=1 interlaced=0 bluray_compat=0 constrained_intra=0 bframes=3 b_pyramid=2 b_adapt=1 b_bias=0 direct=1 weightb=1 open_gop=0 weightp=1 keyint=250 keyint_min=25 scenecut=40 intra_refresh=0 rc_lookahead=10 rc=crf mbtree=1 crf=18.0 qcomp=0.60 qpmin=0 qpmax=69 qpstep=4 ip_ratio=1.40 aq=1:1.00
[stderr] Output #0, mp4, to '/Users/johndoe/Documents/company/video_ops/scripts/abstract_algebra_in_proof_assistant/sets-v2-04-set-equality/takes/take-mrhmharr/pipeline/cut/cut-mrhswgb9/chunks/chunk-003.mp4':
[stderr]   Metadata:
[stderr]     major_brand     : qt  
[stderr]     minor_version   : 0
[stderr]     compatible_brands: qt  
[stderr]     encoder         : Lavf61.7.100
[stderr]   Stream #0:0(und): Video: h264 (avc1 / 0x31637661), yuv420p(tv, smpte170m/bt709/bt709, progressive), 640x480, q=2-31, 29.83 fps, 11456 tbn (default)
[stderr]       Metadata:
[stderr]         creation_time   : 2026-07-12T09:54:07.000000Z
[stderr]         handler_name    : Core Media Video
[stderr]         vendor_id       : [0][0][0][0]
[stderr]         encoder         : Lavc61.19.100 libx264
[stderr]       Side data:
[stderr]         cpb: bitrate max/min/avg: 0/0/0 buffer size: 0 vbv_delay: N/A
[stderr]   Stream #0:1(und): Audio: aac (LC) (mp4a / 0x6134706D), 48000 Hz, mono, fltp, 69 kb/s (default)
[stderr]       Metadata:
[stderr]         creation_time   : 2026-07-12T09:54:07.000000Z
[stderr]         handler_name    : Core Media Audio
[stderr]         vendor_id       : [0][0][0][0]
[stderr]         encoder         : Lavc61.19.100 aac
[stderr] frame=  339 fps=0.0 q=24.0 size=    5120KiB time=N/A bitrate=N/A dup=0 drop=1 speed=N/A    [stderr] [out#0/mp4 @ 0x13be04a80] video:5737KiB audio:105KiB subtitle:0KiB other streams:0KiB global headers:0KiB muxing overhead: 0.250719%
[stderr] frame=  373 fps=0.0 q=-1.0 Lsize=    5857KiB time=00:00:12.45 bitrate=3854.0kbits/s dup=0 drop=1 speed=23.6x    
[stderr] [libx264 @ 0x13be059d0] frame I:2     Avg QP:17.78  size: 60184
[stderr] [libx264 @ 0x13be059d0] frame P:107   Avg QP:19.81  size: 33732
[stderr] [libx264 @ 0x13be059d0] frame B:264   Avg QP:24.97  size:  8123
[stderr] [libx264 @ 0x13be059d0] consecutive B-frames:  2.1%  8.6%  5.6% 83.6%
[stderr] [libx264 @ 0x13be059d0] mb I  I16..4: 19.1%  6.3% 74.5%
[stderr] [libx264 @ 0x13be059d0] mb P  I16..4: 11.2%  1.7%  3.2%  P16..4: 24.5% 21.7% 31.8%  0.0%  0.0%    skip: 5.8%
[stderr] [libx264 @ 0x13be059d0] mb B  I16..4:  1.5%  0.1%  0.0%  B16..8: 26.8% 13.7%  6.0%  direct:11.9%  skip:39.9%  L0:21.7% L1:31.4% BI:46.8%
[stderr] [libx264 @ 0x13be059d0] 8x8 transform intra:9.5% inter:29.7%
[stderr] [libx264 @ 0x13be059d0] coded y,uvDC,uvAC intra: 32.6% 27.1% 15.2% inter: 36.4% 13.0% 1.8%
[stderr] [libx264 @ 0x13be059d0] i16 v,h,dc,p: 86%  6%  7%  1%
[stderr] [libx264 @ 0x13be059d0] i8 v,h,dc,ddl,ddr,vr,hd,vl,hu: 20% 18% 27%  2%  7%  7%  7%  6%  6%
[stderr] [libx264 @ 0x13be059d0] i4 v,h,dc,ddl,ddr,vr,hd,vl,hu: 18% 16% 18%  4% 12%  9%  8%  6%  9%
[stderr] [libx264 @ 0x13be059d0] i8c dc,h,v,p: 82%  7%  9%  2%
[stderr] [libx264 @ 0x13be059d0] Weighted P-Frames: Y:12.1% UV:1.9%
[stderr] [libx264 @ 0x13be059d0] kb/s:3758.62
[stderr] [aac @ 0x15be97750] Qavg: 157.295
[stderr] ffmpeg version 7.1 Copyright (c) 2000-2024 the FFmpeg developers
[stderr]   built with Apple clang version 15.0.0 (clang-1500.1.0.2.5)
[stderr]   configuration: --prefix=/opt/homebrew/Cellar/ffmpeg/7.1_3 --enable-shared --enable-pthreads --enable-version3 --cc=clang --host-cflags= --host-ldflags='-Wl,-ld_classic' --enable-ffplay --enable-gnutls --enable-gpl --enable-libaom --enable-libaribb24 --enable-libbluray --enable-libdav1d --enable-libharfbuzz --enable-libjxl --enable-libmp3lame --enable-libopus --enable-librav1e --enable-librist --enable-librubberband --enable-libsnappy --enable-libsrt --enable-libssh --enable-libsvtav1 --enable-libtesseract --enable-libtheora --enable-libvidstab --enable-libvmaf --enable-libvorbis --enable-libvpx --enable-libwebp --enable-libx264 --enable-libx265 --enable-libxml2 --enable-libxvid --enable-lzma --enable-libfontconfig --enable-libfreetype --enable-frei0r --enable-libass --enable-libopencore-amrnb --enable-libopencore-amrwb --enable-libopenjpeg --enable-libspeex --enable-libsoxr --enable-libzmq --enable-libzimg --disable-libjack --disable-indev=jack --enable-videotoolbox --enable-audiotoolbox --enable-neon
[stderr]   libavutil      59. 39.100 / 59. 39.100
[stderr]   libavcodec     61. 19.100 / 61. 19.100
[stderr]   libavformat    61.  7.100 / 61.  7.100
[stderr]   libavdevice    61.  3.100 / 61.  3.100
[stderr]   libavfilter    10.  4.100 / 10.  4.100
[stderr]   libswscale      8.  3.100 /  8.  3.100
[stderr]   libswresample   5.  3.100 /  5.  3.100
[stderr]   libpostproc    58.  3.100 / 58.  3.100
[stderr] Input #0, mov,mp4,m4a,3gp,3g2,mj2, from '/Users/johndoe/Documents/company/video_ops/scripts/abstract_algebra_in_proof_assistant/sets-v2-04-set-equality/takes/take-mrhmharr/source.mp4':
[stderr]   Metadata:
[stderr]     major_brand     : qt  
[stderr]     minor_version   : 0
[stderr]     compatible_brands: qt  
[stderr]     creation_time   : 2026-07-12T09:54:07.000000Z
[stderr]   Duration: 00:06:08.94, start: 0.000000, bitrate: 2946 kb/s
[stderr]   Stream #0:0[0x1](und): Video: hevc (Main) (hvc1 / 0x31637668), yuv420p(tv, smpte170m/bt709/bt709), 640x480, 2834 kb/s, 29.95 fps, 29.83 tbr, 600 tbn (default)
[stderr]       Metadata:
[stderr]         creation_time   : 2026-07-12T09:54:07.000000Z
[stderr]         handler_name    : Core Media Video
[stderr]         vendor_id       : [0][0][0][0]
[stderr]         encoder         : HEVC
[stderr]       Side data:
[stderr]         displaymatrix: rotation of -180.00 degrees
[stderr]   Stream #0:1[0x2](und): Audio: aac (LC) (mp4a / 0x6134706D), 48000 Hz, mono, fltp, 100 kb/s (default)
[stderr]       Metadata:
[stderr]         creation_time   : 2026-07-12T09:54:07.000000Z
[stderr]         handler_name    : Core Media Audio
[stderr]         vendor_id       : [0][0][0][0]
[stderr]   Stream #0:2[0x3](und): Data: none (mebx / 0x7862656D) (default)
[stderr]       Metadata:
[stderr]         creation_time   : 2026-07-12T09:54:07.000000Z
[stderr]         handler_name    : Core Media Metadata
[stderr] Stream mapping:
[stderr]   Stream #0:0 -> #0:0 (hevc (native) -> h264 (libx264))
[stderr]   Stream #0:1 -> #0:1 (aac (native) -> aac (native))
[stderr] Press [q] to stop, [?] for help
[stderr] [libx264 @ 0x14dc062f0] using cpu capabilities: ARMv8 NEON
[stderr] [libx264 @ 0x14dc062f0] profile High, level 3.0, 4:2:0, 8-bit
[stderr] [libx264 @ 0x14dc062f0] 264 - core 164 r3108 31e19f9 - H.264/MPEG-4 AVC codec - Copyleft 2003-2023 - http://www.videolan.org/x264.html - options: cabac=1 ref=1 deblock=1:0:0 analyse=0x3:0x113 me=hex subme=2 psy=1 psy_rd=1.00:0.00 mixed_ref=0 me_range=16 chroma_me=1 trellis=0 8x8dct=1 cqm=0 deadzone=21,11 fast_pskip=1 chroma_qp_offset=0 threads=15 lookahead_threads=3 sliced_threads=0 nr=0 decimate=1 interlaced=0 bluray_compat=0 constrained_intra=0 bframes=3 b_pyramid=2 b_adapt=1 b_bias=0 direct=1 weightb=1 open_gop=0 weightp=1 keyint=250 keyint_min=25 scenecut=40 intra_refresh=0 rc_lookahead=10 rc=crf mbtree=1 crf=18.0 qcomp=0.60 qpmin=0 qpmax=69 qpstep=4 ip_ratio=1.40 aq=1:1.00
[stderr] Output #0, mp4, to '/Users/johndoe/Documents/company/video_ops/scripts/abstract_algebra_in_proof_assistant/sets-v2-04-set-equality/takes/take-mrhmharr/pipeline/cut/cut-mrhswgb9/chunks/chunk-004.mp4':
[stderr]   Metadata:
[stderr]     major_brand     : qt  
[stderr]     minor_version   : 0
[stderr]     compatible_brands: qt  
[stderr]     encoder         : Lavf61.7.100
[stderr]   Stream #0:0(und): Video: h264 (avc1 / 0x31637661), yuv420p(tv, smpte170m/bt709/bt709, progressive), 640x480, q=2-31, 29.83 fps, 11456 tbn (default)
[stderr]       Metadata:
[stderr]         creation_time   : 2026-07-12T09:54:07.000000Z
[stderr]         handler_name    : Core Media Video
[stderr]         vendor_id       : [0][0][0][0]
[stderr]         encoder         : Lavc61.19.100 libx264
[stderr]       Side data:
[stderr]         cpb: bitrate max/min/avg: 0/0/0 buffer size: 0 vbv_delay: N/A
[stderr]   Stream #0:1(und): Audio: aac (LC) (mp4a / 0x6134706D), 48000 Hz, mono, fltp, 69 kb/s (default)
[stderr]       Metadata:
[stderr]         creation_time   : 2026-07-12T09:54:07.000000Z
[stderr]         handler_name    : Core Media Audio
[stderr]         vendor_id       : [0][0][0][0]
[stderr]         encoder         : Lavc61.19.100 aac
[stderr] frame=  295 fps=0.0 q=24.0 size=    5888KiB time=00:00:09.82 bitrate=4911.3kbits/s speed=19.5x    [stderr] frame=  625 fps=621 q=24.0 size=   13312KiB time=00:00:20.84 bitrate=5230.5kbits/s dup=0 drop=2 speed=20.7x    [stderr] [out#0/mp4 @ 0x14dc053a0] video:22312KiB audio:262KiB subtitle:0KiB other streams:0KiB global headers:0KiB muxing overhead: 0.149006%
[stderr] frame=  920 fps=617 q=-1.0 Lsize=   22608KiB time=00:00:30.76 bitrate=6020.9kbits/s dup=0 drop=3 speed=20.6x    
[stderr] [libx264 @ 0x14dc062f0] frame I:4     Avg QP:20.09  size: 58700
[stderr] [libx264 @ 0x14dc062f0] frame P:341   Avg QP:22.68  size: 40382
[stderr] [libx264 @ 0x14dc062f0] frame B:575   Avg QP:25.79  size: 15376
[stderr] [libx264 @ 0x14dc062f0] consecutive B-frames: 11.5% 13.0%  7.2% 68.3%
[stderr] [libx264 @ 0x14dc062f0] mb I  I16..4:  6.9%  8.9% 84.2%
[stderr] [libx264 @ 0x14dc062f0] mb P  I16..4:  3.4%  4.1% 10.9%  P16..4: 25.1% 22.3% 33.1%  0.0%  0.0%    skip: 1.1%
[stderr] [libx264 @ 0x14dc062f0] mb B  I16..4:  1.0%  0.3%  0.5%  B16..8: 31.4% 17.9% 10.5%  direct:16.9%  skip:21.6%  L0:25.5% L1:30.3% BI:44.2%
[stderr] [libx264 @ 0x14dc062f0] 8x8 transform intra:20.7% inter:33.3%
[stderr] [libx264 @ 0x14dc062f0] coded y,uvDC,uvAC intra: 77.9% 56.4% 21.7% inter: 54.1% 18.5% 1.3%
[stderr] [libx264 @ 0x14dc062f0] i16 v,h,dc,p: 61% 20% 16%  4%
[stderr] [libx264 @ 0x14dc062f0] i8 v,h,dc,ddl,ddr,vr,hd,vl,hu: 23% 23% 17%  3%  7%  7%  7%  7%  7%
[stderr] [libx264 @ 0x14dc062f0] i4 v,h,dc,ddl,ddr,vr,hd,vl,hu: 15% 17% 15%  4% 14%  9%  9%  6% 10%
[stderr] [libx264 @ 0x14dc062f0] i8c dc,h,v,p: 59% 18% 18%  5%
[stderr] [libx264 @ 0x14dc062f0] Weighted P-Frames: Y:20.2% UV:2.3%
[stderr] [libx264 @ 0x14dc062f0] kb/s:5926.89
[stderr] [aac @ 0x14dc37e80] Qavg: 207.703
[stderr] ffmpeg version 7.1 Copyright (c) 2000-2024 the FFmpeg developers
[stderr]   built with Apple clang version 15.0.0 (clang-1500.1.0.2.5)
[stderr]   configuration: --prefix=/opt/homebrew/Cellar/ffmpeg/7.1_3 --enable-shared --enable-pthreads --enable-version3 --cc=clang --host-cflags= --host-ldflags='-Wl,-ld_classic' --enable-ffplay --enable-gnutls --enable-gpl --enable-libaom --enable-libaribb24 --enable-libbluray --enable-libdav1d --enable-libharfbuzz --enable-libjxl --enable-libmp3lame --enable-libopus --enable-librav1e --enable-librist --enable-librubberband --enable-libsnappy --enable-libsrt --enable-libssh --enable-libsvtav1 --enable-libtesseract --enable-libtheora --enable-libvidstab --enable-libvmaf --enable-libvorbis --enable-libvpx --enable-libwebp --enable-libx264 --enable-libx265 --enable-libxml2 --enable-libxvid --enable-lzma --enable-libfontconfig --enable-libfreetype --enable-frei0r --enable-libass --enable-libopencore-amrnb --enable-libopencore-amrwb --enable-libopenjpeg --enable-libspeex --enable-libsoxr --enable-libzmq --enable-libzimg --disable-libjack --disable-indev=jack --enable-videotoolbox --enable-audiotoolbox --enable-neon
[stderr]   libavutil      59. 39.100 / 59. 39.100
[stderr]   libavcodec     61. 19.100 / 61. 19.100
[stderr]   libavformat    61.  7.100 / 61.  7.100
[stderr]   libavdevice    61.  3.100 / 61.  3.100
[stderr]   libavfilter    10.  4.100 / 10.  4.100
[stderr]   libswscale      8.  3.100 /  8.  3.100
[stderr]   libswresample   5.  3.100 /  5.  3.100
[stderr]   libpostproc    58.  3.100 / 58.  3.100
[stderr] Input #0, mov,mp4,m4a,3gp,3g2,mj2, from '/Users/johndoe/Documents/company/video_ops/scripts/abstract_algebra_in_proof_assistant/sets-v2-04-set-equality/takes/take-mrhmharr/source.mp4':
[stderr]   Metadata:
[stderr]     major_brand     : qt  
[stderr]     minor_version   : 0
[stderr]     compatible_brands: qt  
[stderr]     creation_time   : 2026-07-12T09:54:07.000000Z
[stderr]   Duration: 00:06:08.94, start: 0.000000, bitrate: 2946 kb/s
[stderr]   Stream #0:0[0x1](und): Video: hevc (Main) (hvc1 / 0x31637668), yuv420p(tv, smpte170m/bt709/bt709), 640x480, 2834 kb/s, 29.95 fps, 29.83 tbr, 600 tbn (default)
[stderr]       Metadata:
[stderr]         creation_time   : 2026-07-12T09:54:07.000000Z
[stderr]         handler_name    : Core Media Video
[stderr]         vendor_id       : [0][0][0][0]
[stderr]         encoder         : HEVC
[stderr]       Side data:
[stderr]         displaymatrix: rotation of -180.00 degrees
[stderr]   Stream #0:1[0x2](und): Audio: aac (LC) (mp4a / 0x6134706D), 48000 Hz, mono, fltp, 100 kb/s (default)
[stderr]       Metadata:
[stderr]         creation_time   : 2026-07-12T09:54:07.000000Z
[stderr]         handler_name    : Core Media Audio
[stderr]         vendor_id       : [0][0][0][0]
[stderr]   Stream #0:2[0x3](und): Data: none (mebx / 0x7862656D) (default)
[stderr]       Metadata:
[stderr]         creation_time   : 2026-07-12T09:54:07.000000Z
[stderr]         handler_name    : Core Media Metadata
[stderr] Stream mapping:
[stderr]   Stream #0:0 -> #0:0 (hevc (native) -> h264 (libx264))
[stderr]   Stream #0:1 -> #0:1 (aac (native) -> aac (native))
[stderr] Press [q] to stop, [?] for help
[stderr] [libx264 @ 0x114705630] using cpu capabilities: ARMv8 NEON
[stderr] [libx264 @ 0x114705630] profile High, level 3.0, 4:2:0, 8-bit
[stderr] [libx264 @ 0x114705630] 264 - core 164 r3108 31e19f9 - H.264/MPEG-4 AVC codec - Copyleft 2003-2023 - http://www.videolan.org/x264.html - options: cabac=1 ref=1 deblock=1:0:0 analyse=0x3:0x113 me=hex subme=2 psy=1 psy_rd=1.00:0.00 mixed_ref=0 me_range=16 chroma_me=1 trellis=0 8x8dct=1 cqm=0 deadzone=21,11 fast_pskip=1 chroma_qp_offset=0 threads=15 lookahead_threads=3 sliced_threads=0 nr=0 decimate=1 interlaced=0 bluray_compat=0 constrained_intra=0 bframes=3 b_pyramid=2 b_adapt=1 b_bias=0 direct=1 weightb=1 open_gop=0 weightp=1 keyint=250 keyint_min=25 scenecut=40 intra_refresh=0 rc_lookahead=10 rc=crf mbtree=1 crf=18.0 qcomp=0.60 qpmin=0 qpmax=69 qpstep=4 ip_ratio=1.40 aq=1:1.00
[stderr] Output #0, mp4, to '/Users/johndoe/Documents/company/video_ops/scripts/abstract_algebra_in_proof_assistant/sets-v2-04-set-equality/takes/take-mrhmharr/pipeline/cut/cut-mrhswgb9/chunks/chunk-005.mp4':
[stderr]   Metadata:
[stderr]     major_brand     : qt  
[stderr]     minor_version   : 0
[stderr]     compatible_brands: qt  
[stderr]     encoder         : Lavf61.7.100
[stderr]   Stream #0:0(und): Video: h264 (avc1 / 0x31637661), yuv420p(tv, smpte170m/bt709/bt709, progressive), 640x480, q=2-31, 29.83 fps, 11456 tbn (default)
[stderr]       Metadata:
[stderr]         creation_time   : 2026-07-12T09:54:07.000000Z
[stderr]         handler_name    : Core Media Video
[stderr]         vendor_id       : [0][0][0][0]
[stderr]         encoder         : Lavc61.19.100 libx264
[stderr]       Side data:
[stderr]         cpb: bitrate max/min/avg: 0/0/0 buffer size: 0 vbv_delay: N/A
[stderr]   Stream #0:1(und): Audio: aac (LC) (mp4a / 0x6134706D), 48000 Hz, mono, fltp, 69 kb/s (default)
[stderr]       Metadata:
[stderr]         creation_time   : 2026-07-12T09:54:07.000000Z
[stderr]         handler_name    : Core Media Audio
[stderr]         vendor_id       : [0][0][0][0]
[stderr]         encoder         : Lavc61.19.100 aac
[stderr] [out#0/mp4 @ 0x1147046e0] video:3580KiB audio:34KiB subtitle:0KiB other streams:0KiB global headers:0KiB muxing overhead: 0.153080%
[stderr] frame=  118 fps=0.0 q=-1.0 Lsize=    3619KiB time=00:00:03.88 bitrate=7624.3kbits/s speed=16.3x    
[stderr] [libx264 @ 0x114705630] frame I:1     Avg QP:23.44  size: 42641
[stderr] [libx264 @ 0x114705630] frame P:46    Avg QP:23.62  size: 45781
[stderr] [libx264 @ 0x114705630] frame B:71    Avg QP:26.42  size: 21358
[stderr] [libx264 @ 0x114705630] consecutive B-frames: 13.6% 13.6% 15.3% 57.6%
[stderr] [libx264 @ 0x114705630] mb I  I16..4:  1.8% 14.1% 84.2%
[stderr] [libx264 @ 0x114705630] mb P  I16..4:  0.5%  3.3% 12.4%  P16..4: 23.8% 22.5% 37.1%  0.0%  0.0%    skip: 0.4%
[stderr] [libx264 @ 0x114705630] mb B  I16..4:  0.2%  0.3%  0.5%  B16..8: 30.8% 19.7% 13.9%  direct:20.7%  skip:13.9%  L0:26.2% L1:30.1% BI:43.7%
[stderr] [libx264 @ 0x114705630] 8x8 transform intra:20.2% inter:33.7%
[stderr] [libx264 @ 0x114705630] coded y,uvDC,uvAC intra: 95.2% 69.9% 25.0% inter: 66.3% 24.2% 1.3%
[stderr] [libx264 @ 0x114705630] i16 v,h,dc,p: 30% 24% 34% 12%
[stderr] [libx264 @ 0x114705630] i8 v,h,dc,ddl,ddr,vr,hd,vl,hu: 21% 22% 14%  3%  9%  9%  9%  7%  7%
[stderr] [libx264 @ 0x114705630] i4 v,h,dc,ddl,ddr,vr,hd,vl,hu: 14% 19% 14%  4% 15%  8% 11%  6% 10%
[stderr] [libx264 @ 0x114705630] i8c dc,h,v,p: 51% 22% 20%  7%
[stderr] [libx264 @ 0x114705630] Weighted P-Frames: Y:26.1% UV:2.2%
[stderr] [libx264 @ 0x114705630] kb/s:7412.76
[stderr] [aac @ 0x11476b720] Qavg: 121.119
[stderr] ffmpeg version 7.1 Copyright (c) 2000-2024 the FFmpeg developers
[stderr]   built with Apple clang version 15.0.0 (clang-1500.1.0.2.5)
[stderr]   configuration: --prefix=/opt/homebrew/Cellar/ffmpeg/7.1_3 --enable-shared --enable-pthreads --enable-version3 --cc=clang --host-cflags= --host-ldflags='-Wl,-ld_classic' --enable-ffplay --enable-gnutls --enable-gpl --enable-libaom --enable-libaribb24 --enable-libbluray --enable-libdav1d --enable-libharfbuzz --enable-libjxl --enable-libmp3lame --enable-libopus --enable-librav1e --enable-librist --enable-librubberband --enable-libsnappy --enable-libsrt --enable-libssh --enable-libsvtav1 --enable-libtesseract --enable-libtheora --enable-libvidstab --enable-libvmaf --enable-libvorbis --enable-libvpx --enable-libwebp --enable-libx264 --enable-libx265 --enable-libxml2 --enable-libxvid --enable-lzma --enable-libfontconfig --enable-libfreetype --enable-frei0r --enable-libass --enable-libopencore-amrnb --enable-libopencore-amrwb --enable-libopenjpeg --enable-libspeex --enable-libsoxr --enable-libzmq --enable-libzimg --disable-libjack --disable-indev=jack --enable-videotoolbox --enable-audiotoolbox --enable-neon
[stderr]   libavutil      59. 39.100 / 59. 39.100
[stderr]   libavcodec     61. 19.100 / 61. 19.100
[stderr]   libavformat    61.  7.100 / 61.  7.100
[stderr]   libavdevice    61.  3.100 / 61.  3.100
[stderr]   libavfilter    10.  4.100 / 10.  4.100
[stderr]   libswscale      8.  3.100 /  8.  3.100
[stderr]   libswresample   5.  3.100 /  5.  3.100
[stderr]   libpostproc    58.  3.100 / 58.  3.100
[stderr] Input #0, mov,mp4,m4a,3gp,3g2,mj2, from '/Users/johndoe/Documents/company/video_ops/scripts/abstract_algebra_in_proof_assistant/sets-v2-04-set-equality/takes/take-mrhmharr/source.mp4':
[stderr]   Metadata:
[stderr]     major_brand     : qt  
[stderr]     minor_version   : 0
[stderr]     compatible_brands: qt  
[stderr]     creation_time   : 2026-07-12T09:54:07.000000Z
[stderr]   Duration: 00:06:08.94, start: 0.000000, bitrate: 2946 kb/s
[stderr]   Stream #0:0[0x1](und): Video: hevc (Main) (hvc1 / 0x31637668), yuv420p(tv, smpte170m/bt709/bt709), 640x480, 2834 kb/s, 29.95 fps, 29.83 tbr, 600 tbn (default)
[stderr]       Metadata:
[stderr]         creation_time   : 2026-07-12T09:54:07.000000Z
[stderr]         handler_name    : Core Media Video
[stderr]         vendor_id       : [0][0][0][0]
[stderr]         encoder         : HEVC
[stderr]       Side data:
[stderr]         displaymatrix: rotation of -180.00 degrees
[stderr]   Stream #0:1[0x2](und): Audio: aac (LC) (mp4a / 0x6134706D), 48000 Hz, mono, fltp, 100 kb/s (default)
[stderr]       Metadata:
[stderr]         creation_time   : 2026-07-12T09:54:07.000000Z
[stderr]         handler_name    : Core Media Audio
[stderr]         vendor_id       : [0][0][0][0]
[stderr]   Stream #0:2[0x3](und): Data: none (mebx / 0x7862656D) (default)
[stderr]       Metadata:
[stderr]         creation_time   : 2026-07-12T09:54:07.000000Z
[stderr]         handler_name    : Core Media Metadata
[stderr] Stream mapping:
[stderr]   Stream #0:0 -> #0:0 (hevc (native) -> h264 (libx264))
[stderr]   Stream #0:1 -> #0:1 (aac (native) -> aac (native))
[stderr] Press [q] to stop, [?] for help
[stderr] [libx264 @ 0x12be05ad0] using cpu capabilities: ARMv8 NEON
[stderr] [libx264 @ 0x12be05ad0] profile High, level 3.0, 4:2:0, 8-bit
[stderr] [libx264 @ 0x12be05ad0] 264 - core 164 r3108 31e19f9 - H.264/MPEG-4 AVC codec - Copyleft 2003-2023 - http://www.videolan.org/x264.html - options: cabac=1 ref=1 deblock=1:0:0 analyse=0x3:0x113 me=hex subme=2 psy=1 psy_rd=1.00:0.00 mixed_ref=0 me_range=16 chroma_me=1 trellis=0 8x8dct=1 cqm=0 deadzone=21,11 fast_pskip=1 chroma_qp_offset=0 threads=15 lookahead_threads=3 sliced_threads=0 nr=0 decimate=1 interlaced=0 bluray_compat=0 constrained_intra=0 bframes=3 b_pyramid=2 b_adapt=1 b_bias=0 direct=1 weightb=1 open_gop=0 weightp=1 keyint=250 keyint_min=25 scenecut=40 intra_refresh=0 rc_lookahead=10 rc=crf mbtree=1 crf=18.0 qcomp=0.60 qpmin=0 qpmax=69 qpstep=4 ip_ratio=1.40 aq=1:1.00
[stderr] Output #0, mp4, to '/Users/johndoe/Documents/company/video_ops/scripts/abstract_algebra_in_proof_assistant/sets-v2-04-set-equality/takes/take-mrhmharr/pipeline/cut/cut-mrhswgb9/chunks/chunk-006.mp4':
[stderr]   Metadata:
[stderr]     major_brand     : qt  
[stderr]     minor_version   : 0
[stderr]     compatible_brands: qt  
[stderr]     encoder         : Lavf61.7.100
[stderr]   Stream #0:0(und): Video: h264 (avc1 / 0x31637661), yuv420p(tv, smpte170m/bt709/bt709, progressive), 640x480, q=2-31, 29.83 fps, 11456 tbn (default)
[stderr]       Metadata:
[stderr]         creation_time   : 2026-07-12T09:54:07.000000Z
[stderr]         handler_name    : Core Media Video
[stderr]         vendor_id       : [0][0][0][0]
[stderr]         encoder         : Lavc61.19.100 libx264
[stderr]       Side data:
[stderr]         cpb: bitrate max/min/avg: 0/0/0 buffer size: 0 vbv_delay: N/A
[stderr]   Stream #0:1(und): Audio: aac (LC) (mp4a / 0x6134706D), 48000 Hz, mono, fltp, 69 kb/s (default)
[stderr]       Metadata:
[stderr]         creation_time   : 2026-07-12T09:54:07.000000Z
[stderr]         handler_name    : Core Media Audio
[stderr]         vendor_id       : [0][0][0][0]
[stderr]         encoder         : Lavc61.19.100 aac
[stderr] frame=  258 fps=0.0 q=24.0 size=    7680KiB time=00:00:08.58 bitrate=7331.9kbits/s speed=  17x    [stderr] frame=  587 fps=583 q=24.0 size=   14848KiB time=00:00:19.57 bitrate=6213.7kbits/s dup=0 drop=2 speed=19.5x    [stderr] [out#0/mp4 @ 0x12be04cb0] video:16781KiB audio:202KiB subtitle:0KiB other streams:0KiB global headers:0KiB muxing overhead: 0.154732%
[stderr] frame=  709 fps=609 q=-1.0 Lsize=   17009KiB time=00:00:23.69 bitrate=5881.6kbits/s dup=0 drop=2 speed=20.3x    
[stderr] [libx264 @ 0x12be05ad0] frame I:4     Avg QP:19.51  size: 48694
[stderr] [libx264 @ 0x12be05ad0] frame P:268   Avg QP:21.28  size: 36695
[stderr] [libx264 @ 0x12be05ad0] frame B:437   Avg QP:25.23  size: 16371
[stderr] [libx264 @ 0x12be05ad0] consecutive B-frames: 11.0% 16.9% 10.6% 61.5%
[stderr] [libx264 @ 0x12be05ad0] mb I  I16..4: 11.9%  8.9% 79.2%
[stderr] [libx264 @ 0x12be05ad0] mb P  I16..4:  9.5%  4.9% 13.5%  P16..4: 19.3% 18.5% 28.1%  0.0%  0.0%    skip: 6.1%
[stderr] [libx264 @ 0x12be05ad0] mb B  I16..4:  1.5%  0.6%  1.1%  B16..8: 28.5% 17.0% 11.3%  direct:16.3%  skip:23.7%  L0:27.2% L1:29.6% BI:43.1%
[stderr] [libx264 @ 0x12be05ad0] 8x8 transform intra:17.3% inter:34.7%
[stderr] [libx264 @ 0x12be05ad0] coded y,uvDC,uvAC intra: 63.2% 54.9% 28.7% inter: 54.0% 24.1% 2.8%
[stderr] [libx264 @ 0x12be05ad0] i16 v,h,dc,p: 82%  8%  7%  3%
[stderr] [libx264 @ 0x12be05ad0] i8 v,h,dc,ddl,ddr,vr,hd,vl,hu: 28% 16% 19%  2%  7%  8%  6%  7%  6%
[stderr] [libx264 @ 0x12be05ad0] i4 v,h,dc,ddl,ddr,vr,hd,vl,hu: 17% 17% 14%  4% 14%  9%  9%  7% 10%
[stderr] [libx264 @ 0x12be05ad0] i8c dc,h,v,p: 62% 15% 16%  7%
[stderr] [libx264 @ 0x12be05ad0] Weighted P-Frames: Y:15.7% UV:2.6%
[stderr] [libx264 @ 0x12be05ad0] kb/s:5784.19
[stderr] [aac @ 0x14be54f40] Qavg: 195.051
[stderr] ffmpeg version 7.1 Copyright (c) 2000-2024 the FFmpeg developers
[stderr]   built with Apple clang version 15.0.0 (clang-1500.1.0.2.5)
[stderr]   configuration: --prefix=/opt/homebrew/Cellar/ffmpeg/7.1_3 --enable-shared --enable-pthreads --enable-version3 --cc=clang --host-cflags= --host-ldflags='-Wl,-ld_classic' --enable-ffplay --enable-gnutls --enable-gpl --enable-libaom --enable-libaribb24 --enable-libbluray --enable-libdav1d --enable-libharfbuzz --enable-libjxl --enable-libmp3lame --enable-libopus --enable-librav1e --enable-librist --enable-librubberband --enable-libsnappy --enable-libsrt --enable-libssh --enable-libsvtav1 --enable-libtesseract --enable-libtheora --enable-libvidstab --enable-libvmaf --enable-libvorbis --enable-libvpx --enable-libwebp --enable-libx264 --enable-libx265 --enable-libxml2 --enable-libxvid --enable-lzma --enable-libfontconfig --enable-libfreetype --enable-frei0r --enable-libass --enable-libopencore-amrnb --enable-libopencore-amrwb --enable-libopenjpeg --enable-libspeex --enable-libsoxr --enable-libzmq --enable-libzimg --disable-libjack --disable-indev=jack --enable-videotoolbox --enable-audiotoolbox --enable-neon
[stderr]   libavutil      59. 39.100 / 59. 39.100
[stderr]   libavcodec     61. 19.100 / 61. 19.100
[stderr]   libavformat    61.  7.100 / 61.  7.100
[stderr]   libavdevice    61.  3.100 / 61.  3.100
[stderr]   libavfilter    10.  4.100 / 10.  4.100
[stderr]   libswscale      8.  3.100 /  8.  3.100
[stderr]   libswresample   5.  3.100 /  5.  3.100
[stderr]   libpostproc    58.  3.100 / 58.  3.100
[stderr] Input #0, mov,mp4,m4a,3gp,3g2,mj2, from '/Users/johndoe/Documents/company/video_ops/scripts/abstract_algebra_in_proof_assistant/sets-v2-04-set-equality/takes/take-mrhmharr/source.mp4':
[stderr]   Metadata:
[stderr]     major_brand     : qt  
[stderr]     minor_version   : 0
[stderr]     compatible_brands: qt  
[stderr]     creation_time   : 2026-07-12T09:54:07.000000Z
[stderr]   Duration: 00:06:08.94, start: 0.000000, bitrate: 2946 kb/s
[stderr]   Stream #0:0[0x1](und): Video: hevc (Main) (hvc1 / 0x31637668), yuv420p(tv, smpte170m/bt709/bt709), 640x480, 2834 kb/s, 29.95 fps, 29.83 tbr, 600 tbn (default)
[stderr]       Metadata:
[stderr]         creation_time   : 2026-07-12T09:54:07.000000Z
[stderr]         handler_name    : Core Media Video
[stderr]         vendor_id       : [0][0][0][0]
[stderr]         encoder         : HEVC
[stderr]       Side data:
[stderr]         displaymatrix: rotation of -180.00 degrees
[stderr]   Stream #0:1[0x2](und): Audio: aac (LC) (mp4a / 0x6134706D), 48000 Hz, mono, fltp, 100 kb/s (default)
[stderr]       Metadata:
[stderr]         creation_time   : 2026-07-12T09:54:07.000000Z
[stderr]         handler_name    : Core Media Audio
[stderr]         vendor_id       : [0][0][0][0]
[stderr]   Stream #0:2[0x3](und): Data: none (mebx / 0x7862656D) (default)
[stderr]       Metadata:
[stderr]         creation_time   : 2026-07-12T09:54:07.000000Z
[stderr]         handler_name    : Core Media Metadata
[stderr] Stream mapping:
[stderr]   Stream #0:0 -> #0:0 (hevc (native) -> h264 (libx264))
[stderr]   Stream #0:1 -> #0:1 (aac (native) -> aac (native))
[stderr] Press [q] to stop, [?] for help
[stderr] [libx264 @ 0x13b605e30] using cpu capabilities: ARMv8 NEON
[stderr] [libx264 @ 0x13b605e30] profile High, level 3.0, 4:2:0, 8-bit
[stderr] [libx264 @ 0x13b605e30] 264 - core 164 r3108 31e19f9 - H.264/MPEG-4 AVC codec - Copyleft 2003-2023 - http://www.videolan.org/x264.html - options: cabac=1 ref=1 deblock=1:0:0 analyse=0x3:0x113 me=hex subme=2 psy=1 psy_rd=1.00:0.00 mixed_ref=0 me_range=16 chroma_me=1 trellis=0 8x8dct=1 cqm=0 deadzone=21,11 fast_pskip=1 chroma_qp_offset=0 threads=15 lookahead_threads=3 sliced_threads=0 nr=0 decimate=1 interlaced=0 bluray_compat=0 constrained_intra=0 bframes=3 b_pyramid=2 b_adapt=1 b_bias=0 direct=1 weightb=1 open_gop=0 weightp=1 keyint=250 keyint_min=25 scenecut=40 intra_refresh=0 rc_lookahead=10 rc=crf mbtree=1 crf=18.0 qcomp=0.60 qpmin=0 qpmax=69 qpstep=4 ip_ratio=1.40 aq=1:1.00
[stderr] Output #0, mp4, to '/Users/johndoe/Documents/company/video_ops/scripts/abstract_algebra_in_proof_assistant/sets-v2-04-set-equality/takes/take-mrhmharr/pipeline/cut/cut-mrhswgb9/chunks/chunk-007.mp4':
[stderr]   Metadata:
[stderr]     major_brand     : qt  
[stderr]     minor_version   : 0
[stderr]     compatible_brands: qt  
[stderr]     encoder         : Lavf61.7.100
[stderr]   Stream #0:0(und): Video: h264 (avc1 / 0x31637661), yuv420p(tv, smpte170m/bt709/bt709, progressive), 640x480, q=2-31, 29.83 fps, 11456 tbn (default)
[stderr]       Metadata:
[stderr]         creation_time   : 2026-07-12T09:54:07.000000Z
[stderr]         handler_name    : Core Media Video
[stderr]         vendor_id       : [0][0][0][0]
[stderr]         encoder         : Lavc61.19.100 libx264
[stderr]       Side data:
[stderr]         cpb: bitrate max/min/avg: 0/0/0 buffer size: 0 vbv_delay: N/A
[stderr]   Stream #0:1(und): Audio: aac (LC) (mp4a / 0x6134706D), 48000 Hz, mono, fltp, 69 kb/s (default)
[stderr]       Metadata:
[stderr]         creation_time   : 2026-07-12T09:54:07.000000Z
[stderr]         handler_name    : Core Media Audio
[stderr]         vendor_id       : [0][0][0][0]
[stderr]         encoder         : Lavc61.19.100 aac
[stderr] frame=  282 fps=0.0 q=24.0 size=    6144KiB time=00:00:09.35 bitrate=5382.0kbits/s speed=18.5x    [stderr] frame=  581 fps=578 q=24.0 size=   13824KiB time=00:00:19.37 bitrate=5845.2kbits/s speed=19.3x    [stderr] [out#0/mp4 @ 0x13b604ee0] video:15701KiB audio:185KiB subtitle:0KiB other streams:0KiB global headers:0KiB muxing overhead: 0.153607%
[stderr] frame=  648 fps=594 q=-1.0 Lsize=   15911KiB time=00:00:21.62 bitrate=6028.6kbits/s speed=19.8x    
[stderr] [libx264 @ 0x13b605e30] frame I:5     Avg QP:19.47  size: 56038
[stderr] [libx264 @ 0x13b605e30] frame P:185   Avg QP:22.16  size: 40861
[stderr] [libx264 @ 0x13b605e30] frame B:458   Avg QP:25.03  size: 17987
[stderr] [libx264 @ 0x13b605e30] consecutive B-frames:  3.1%  6.2%  5.6% 85.2%
[stderr] [libx264 @ 0x13b605e30] mb I  I16..4: 10.1%  7.4% 82.5%
[stderr] [libx264 @ 0x13b605e30] mb P  I16..4:  5.8%  6.4% 22.1%  P16..4: 16.0% 17.8% 29.9%  0.0%  0.0%    skip: 2.0%
[stderr] [libx264 @ 0x13b605e30] mb B  I16..4:  1.3%  0.5%  1.0%  B16..8: 28.8% 17.4% 14.6%  direct:16.5%  skip:19.9%  L0:27.2% L1:31.5% BI:41.3%
[stderr] [libx264 @ 0x13b605e30] 8x8 transform intra:18.1% inter:31.2%
[stderr] [libx264 @ 0x13b605e30] coded y,uvDC,uvAC intra: 77.2% 67.2% 37.9% inter: 53.5% 27.4% 3.9%
[stderr] [libx264 @ 0x13b605e30] i16 v,h,dc,p: 78% 13%  6%  3%
[stderr] [libx264 @ 0x13b605e30] i8 v,h,dc,ddl,ddr,vr,hd,vl,hu: 23% 16% 17%  3% 11%  9%  8%  6%  7%
[stderr] [libx264 @ 0x13b605e30] i4 v,h,dc,ddl,ddr,vr,hd,vl,hu: 16% 17% 15%  4% 13%  8%  9%  7% 10%
[stderr] [libx264 @ 0x13b605e30] i8c dc,h,v,p: 57% 17% 18%  8%
[stderr] [libx264 @ 0x13b605e30] Weighted P-Frames: Y:18.4% UV:3.2%
[stderr] [libx264 @ 0x13b605e30] kb/s:5921.50
[stderr] [aac @ 0x13b66b180] Qavg: 238.429
[stderr] ffmpeg version 7.1 Copyright (c) 2000-2024 the FFmpeg developers
[stderr]   built with Apple clang version 15.0.0 (clang-1500.1.0.2.5)
[stderr]   configuration: --prefix=/opt/homebrew/Cellar/ffmpeg/7.1_3 --enable-shared --enable-pthreads --enable-version3 --cc=clang --host-cflags= --host-ldflags='-Wl,-ld_classic' --enable-ffplay --enable-gnutls --enable-gpl --enable-libaom --enable-libaribb24 --enable-libbluray --enable-libdav1d --enable-libharfbuzz --enable-libjxl --enable-libmp3lame --enable-libopus --enable-librav1e --enable-librist --enable-librubberband --enable-libsnappy --enable-libsrt --enable-libssh --enable-libsvtav1 --enable-libtesseract --enable-libtheora --enable-libvidstab --enable-libvmaf --enable-libvorbis --enable-libvpx --enable-libwebp --enable-libx264 --enable-libx265 --enable-libxml2 --enable-libxvid --enable-lzma --enable-libfontconfig --enable-libfreetype --enable-frei0r --enable-libass --enable-libopencore-amrnb --enable-libopencore-amrwb --enable-libopenjpeg --enable-libspeex --enable-libsoxr --enable-libzmq --enable-libzimg --disable-libjack --disable-indev=jack --enable-videotoolbox --enable-audiotoolbox --enable-neon
[stderr]   libavutil      59. 39.100 / 59. 39.100
[stderr]   libavcodec     61. 19.100 / 61. 19.100
[stderr]   libavformat    61.  7.100 / 61.  7.100
[stderr]   libavdevice    61.  3.100 / 61.  3.100
[stderr]   libavfilter    10.  4.100 / 10.  4.100
[stderr]   libswscale      8.  3.100 /  8.  3.100
[stderr]   libswresample   5.  3.100 /  5.  3.100
[stderr]   libpostproc    58.  3.100 / 58.  3.100
[stderr] Input #0, mov,mp4,m4a,3gp,3g2,mj2, from '/Users/johndoe/Documents/company/video_ops/scripts/abstract_algebra_in_proof_assistant/sets-v2-04-set-equality/takes/take-mrhmharr/source.mp4':
[stderr]   Metadata:
[stderr]     major_brand     : qt  
[stderr]     minor_version   : 0
[stderr]     compatible_brands: qt  
[stderr]     creation_time   : 2026-07-12T09:54:07.000000Z
[stderr]   Duration: 00:06:08.94, start: 0.000000, bitrate: 2946 kb/s
[stderr]   Stream #0:0[0x1](und): Video: hevc (Main) (hvc1 / 0x31637668), yuv420p(tv, smpte170m/bt709/bt709), 640x480, 2834 kb/s, 29.95 fps, 29.83 tbr, 600 tbn (default)
[stderr]       Metadata:
[stderr]         creation_time   : 2026-07-12T09:54:07.000000Z
[stderr]         handler_name    : Core Media Video
[stderr]         vendor_id       : [0][0][0][0]
[stderr]         encoder         : HEVC
[stderr]       Side data:
[stderr]         displaymatrix: rotation of -180.00 degrees
[stderr]   Stream #0:1[0x2](und): Audio: aac (LC) (mp4a / 0x6134706D), 48000 Hz, mono, fltp, 100 kb/s (default)
[stderr]       Metadata:
[stderr]         creation_time   : 2026-07-12T09:54:07.000000Z
[stderr]         handler_name    : Core Media Audio
[stderr]         vendor_id       : [0][0][0][0]
[stderr]   Stream #0:2[0x3](und): Data: none (mebx / 0x7862656D) (default)
[stderr]       Metadata:
[stderr]         creation_time   : 2026-07-12T09:54:07.000000Z
[stderr]         handler_name    : Core Media Metadata
[stderr] Stream mapping:
[stderr]   Stream #0:0 -> #0:0 (hevc (native) -> h264 (libx264))
[stderr]   Stream #0:1 -> #0:1 (aac (native) -> aac (native))
[stderr] Press [q] to stop, [?] for help
[stderr] [libx264 @ 0x147635f80] using cpu capabilities: ARMv8 NEON
[stderr] [libx264 @ 0x147635f80] profile High, level 3.0, 4:2:0, 8-bit
[stderr] [libx264 @ 0x147635f80] 264 - core 164 r3108 31e19f9 - H.264/MPEG-4 AVC codec - Copyleft 2003-2023 - http://www.videolan.org/x264.html - options: cabac=1 ref=1 deblock=1:0:0 analyse=0x3:0x113 me=hex subme=2 psy=1 psy_rd=1.00:0.00 mixed_ref=0 me_range=16 chroma_me=1 trellis=0 8x8dct=1 cqm=0 deadzone=21,11 fast_pskip=1 chroma_qp_offset=0 threads=15 lookahead_threads=3 sliced_threads=0 nr=0 decimate=1 interlaced=0 bluray_compat=0 constrained_intra=0 bframes=3 b_pyramid=2 b_adapt=1 b_bias=0 direct=1 weightb=1 open_gop=0 weightp=1 keyint=250 keyint_min=25 scenecut=40 intra_refresh=0 rc_lookahead=10 rc=crf mbtree=1 crf=18.0 qcomp=0.60 qpmin=0 qpmax=69 qpstep=4 ip_ratio=1.40 aq=1:1.00
[stderr] Output #0, mp4, to '/Users/johndoe/Documents/company/video_ops/scripts/abstract_algebra_in_proof_assistant/sets-v2-04-set-equality/takes/take-mrhmharr/pipeline/cut/cut-mrhswgb9/chunks/chunk-008.mp4':
[stderr]   Metadata:
[stderr]     major_brand     : qt  
[stderr]     minor_version   : 0
[stderr]     compatible_brands: qt  
[stderr]     encoder         : Lavf61.7.100
[stderr]   Stream #0:0(und): Video: h264 (avc1 / 0x31637661), yuv420p(tv, smpte170m/bt709/bt709, progressive), 640x480, q=2-31, 29.83 fps, 11456 tbn (default)
[stderr]       Metadata:
[stderr]         creation_time   : 2026-07-12T09:54:07.000000Z
[stderr]         handler_name    : Core Media Video
[stderr]         vendor_id       : [0][0][0][0]
[stderr]         encoder         : Lavc61.19.100 libx264
[stderr]       Side data:
[stderr]         cpb: bitrate max/min/avg: 0/0/0 buffer size: 0 vbv_delay: N/A
[stderr]   Stream #0:1(und): Audio: aac (LC) (mp4a / 0x6134706D), 48000 Hz, mono, fltp, 69 kb/s (default)
[stderr]       Metadata:
[stderr]         creation_time   : 2026-07-12T09:54:07.000000Z
[stderr]         handler_name    : Core Media Audio
[stderr]         vendor_id       : [0][0][0][0]
[stderr]         encoder         : Lavc61.19.100 aac
[stderr] frame=  243 fps=0.0 q=24.0 size=    6656KiB time=00:00:08.07 bitrate=6749.8kbits/s speed=  16x    [stderr] [out#0/mp4 @ 0x147635240] video:13067KiB audio:143KiB subtitle:0KiB other streams:0KiB global headers:0KiB muxing overhead: 0.144246%
[stderr] frame=  500 fps=0.0 q=-1.0 Lsize=   13229KiB time=00:00:16.69 bitrate=6492.1kbits/s speed=18.3x    
[stderr] [libx264 @ 0x147635f80] frame I:5     Avg QP:21.00  size: 52696
[stderr] [libx264 @ 0x147635f80] frame P:161   Avg QP:23.01  size: 39871
[stderr] [libx264 @ 0x147635f80] frame B:334   Avg QP:25.44  size: 20050
[stderr] [libx264 @ 0x147635f80] consecutive B-frames:  6.6% 10.8%  6.6% 76.0%
[stderr] [libx264 @ 0x147635f80] mb I  I16..4:  4.0% 11.6% 84.4%
[stderr] [libx264 @ 0x147635f80] mb P  I16..4:  3.2%  8.7% 29.6%  P16..4: 15.5% 16.9% 25.3%  0.0%  0.0%    skip: 0.8%
[stderr] [libx264 @ 0x147635f80] mb B  I16..4:  0.8%  2.3%  4.0%  B16..8: 28.9% 20.1% 14.6%  direct:16.8%  skip:12.6%  L0:30.0% L1:31.8% BI:38.2%
[stderr] [libx264 @ 0x147635f80] 8x8 transform intra:23.3% inter:36.7%
[stderr] [libx264 @ 0x147635f80] coded y,uvDC,uvAC intra: 89.2% 78.7% 43.4% inter: 61.0% 34.1% 4.7%
[stderr] [libx264 @ 0x147635f80] i16 v,h,dc,p: 62% 12% 18%  9%
[stderr] [libx264 @ 0x147635f80] i8 v,h,dc,ddl,ddr,vr,hd,vl,hu: 24% 17% 15%  3%  8%  9%  7%  8%  8%
[stderr] [libx264 @ 0x147635f80] i4 v,h,dc,ddl,ddr,vr,hd,vl,hu: 15% 18% 13%  4% 14%  9% 10%  7% 10%
[stderr] [libx264 @ 0x147635f80] i8c dc,h,v,p: 48% 21% 21% 11%
[stderr] [libx264 @ 0x147635f80] Weighted P-Frames: Y:19.3% UV:6.2%
[stderr] [libx264 @ 0x147635f80] kb/s:6386.47
[stderr] [aac @ 0x14769b9d0] Qavg: 213.887
[stderr] ffmpeg version 7.1 Copyright (c) 2000-2024 the FFmpeg developers
[stderr]   built with Apple clang version 15.0.0 (clang-1500.1.0.2.5)
[stderr]   configuration: --prefix=/opt/homebrew/Cellar/ffmpeg/7.1_3 --enable-shared --enable-pthreads --enable-version3 --cc=clang --host-cflags= --host-ldflags='-Wl,-ld_classic' --enable-ffplay --enable-gnutls --enable-gpl --enable-libaom --enable-libaribb24 --enable-libbluray --enable-libdav1d --enable-libharfbuzz --enable-libjxl --enable-libmp3lame --enable-libopus --enable-librav1e --enable-librist --enable-librubberband --enable-libsnappy --enable-libsrt --enable-libssh --enable-libsvtav1 --enable-libtesseract --enable-libtheora --enable-libvidstab --enable-libvmaf --enable-libvorbis --enable-libvpx --enable-libwebp --enable-libx264 --enable-libx265 --enable-libxml2 --enable-libxvid --enable-lzma --enable-libfontconfig --enable-libfreetype --enable-frei0r --enable-libass --enable-libopencore-amrnb --enable-libopencore-amrwb --enable-libopenjpeg --enable-libspeex --enable-libsoxr --enable-libzmq --enable-libzimg --disable-libjack --disable-indev=jack --enable-videotoolbox --enable-audiotoolbox --enable-neon
[stderr]   libavutil      59. 39.100 / 59. 39.100
[stderr]   libavcodec     61. 19.100 / 61. 19.100
[stderr]   libavformat    61.  7.100 / 61.  7.100
[stderr]   libavdevice    61.  3.100 / 61.  3.100
[stderr]   libavfilter    10.  4.100 / 10.  4.100
[stderr]   libswscale      8.  3.100 /  8.  3.100
[stderr]   libswresample   5.  3.100 /  5.  3.100
[stderr]   libpostproc    58.  3.100 / 58.  3.100
[stderr] Input #0, mov,mp4,m4a,3gp,3g2,mj2, from '/Users/johndoe/Documents/company/video_ops/scripts/abstract_algebra_in_proof_assistant/sets-v2-04-set-equality/takes/take-mrhmharr/source.mp4':
[stderr]   Metadata:
[stderr]     major_brand     : qt  
[stderr]     minor_version   : 0
[stderr]     compatible_brands: qt  
[stderr]     creation_time   : 2026-07-12T09:54:07.000000Z
[stderr]   Duration: 00:06:08.94, start: 0.000000, bitrate: 2946 kb/s
[stderr]   Stream #0:0[0x1](und): Video: hevc (Main) (hvc1 / 0x31637668), yuv420p(tv, smpte170m/bt709/bt709), 640x480, 2834 kb/s, 29.95 fps, 29.83 tbr, 600 tbn (default)
[stderr]       Metadata:
[stderr]         creation_time   : 2026-07-12T09:54:07.000000Z
[stderr]         handler_name    : Core Media Video
[stderr]         vendor_id       : [0][0][0][0]
[stderr]         encoder         : HEVC
[stderr]       Side data:
[stderr]         displaymatrix: rotation of -180.00 degrees
[stderr]   Stream #0:1[0x2](und): Audio: aac (LC) (mp4a / 0x6134706D), 48000 Hz, mono, fltp, 100 kb/s (default)
[stderr]       Metadata:
[stderr]         creation_time   : 2026-07-12T09:54:07.000000Z
[stderr]         handler_name    : Core Media Audio
[stderr]         vendor_id       : [0][0][0][0]
[stderr]   Stream #0:2[0x3](und): Data: none (mebx / 0x7862656D) (default)
[stderr]       Metadata:
[stderr]         creation_time   : 2026-07-12T09:54:07.000000Z
[stderr]         handler_name    : Core Media Metadata
[stderr] Stream mapping:
[stderr]   Stream #0:0 -> #0:0 (hevc (native) -> h264 (libx264))
[stderr]   Stream #0:1 -> #0:1 (aac (native) -> aac (native))
[stderr] Press [q] to stop, [?] for help
[stderr] [libx264 @ 0x121e35500] using cpu capabilities: ARMv8 NEON
[stderr] [libx264 @ 0x121e35500] profile High, level 3.0, 4:2:0, 8-bit
[stderr] [libx264 @ 0x121e35500] 264 - core 164 r3108 31e19f9 - H.264/MPEG-4 AVC codec - Copyleft 2003-2023 - http://www.videolan.org/x264.html - options: cabac=1 ref=1 deblock=1:0:0 analyse=0x3:0x113 me=hex subme=2 psy=1 psy_rd=1.00:0.00 mixed_ref=0 me_range=16 chroma_me=1 trellis=0 8x8dct=1 cqm=0 deadzone=21,11 fast_pskip=1 chroma_qp_offset=0 threads=15 lookahead_threads=3 sliced_threads=0 nr=0 decimate=1 interlaced=0 bluray_compat=0 constrained_intra=0 bframes=3 b_pyramid=2 b_adapt=1 b_bias=0 direct=1 weightb=1 open_gop=0 weightp=1 keyint=250 keyint_min=25 scenecut=40 intra_refresh=0 rc_lookahead=10 rc=crf mbtree=1 crf=18.0 qcomp=0.60 qpmin=0 qpmax=69 qpstep=4 ip_ratio=1.40 aq=1:1.00
[stderr] Output #0, mp4, to '/Users/johndoe/Documents/company/video_ops/scripts/abstract_algebra_in_proof_assistant/sets-v2-04-set-equality/takes/take-mrhmharr/pipeline/cut/cut-mrhswgb9/chunks/chunk-009.mp4':
[stderr]   Metadata:
[stderr]     major_brand     : qt  
[stderr]     minor_version   : 0
[stderr]     compatible_brands: qt  
[stderr]     encoder         : Lavf61.7.100
[stderr]   Stream #0:0(und): Video: h264 (avc1 / 0x31637661), yuv420p(tv, smpte170m/bt709/bt709, progressive), 640x480, q=2-31, 29.83 fps, 11456 tbn (default)
[stderr]       Metadata:
[stderr]         creation_time   : 2026-07-12T09:54:07.000000Z
[stderr]         handler_name    : Core Media Video
[stderr]         vendor_id       : [0][0][0][0]
[stderr]         encoder         : Lavc61.19.100 libx264
[stderr]       Side data:
[stderr]         cpb: bitrate max/min/avg: 0/0/0 buffer size: 0 vbv_delay: N/A
[stderr]   Stream #0:1(und): Audio: aac (LC) (mp4a / 0x6134706D), 48000 Hz, mono, fltp, 69 kb/s (default)
[stderr]       Metadata:
[stderr]         creation_time   : 2026-07-12T09:54:07.000000Z
[stderr]         handler_name    : Core Media Audio
[stderr]         vendor_id       : [0][0][0][0]
[stderr]         encoder         : Lavc61.19.100 aac
[stderr] [out#0/mp4 @ 0x121e34760] video:1213KiB audio:19KiB subtitle:0KiB other streams:0KiB global headers:0KiB muxing overhead: 0.307180%
[stderr] frame=   68 fps=0.0 q=-1.0 Lsize=    1236KiB time=00:00:02.21 bitrate=4576.9kbits/s speed=16.3x    
[stderr] [libx264 @ 0x121e35500] frame I:1     Avg QP:20.75  size: 44060
[stderr] [libx264 @ 0x121e35500] frame P:25    Avg QP:20.43  size: 31702
[stderr] [libx264 @ 0x121e35500] frame B:42    Avg QP:24.79  size:  9640
[stderr] [libx264 @ 0x121e35500] consecutive B-frames: 10.3% 17.6% 13.2% 58.8%
[stderr] [libx264 @ 0x121e35500] mb I  I16..4: 14.1% 12.1% 73.8%
[stderr] [libx264 @ 0x121e35500] mb P  I16..4: 13.6%  3.1%  6.3%  P16..4: 23.2% 21.3% 30.4%  0.0%  0.0%    skip: 2.1%
[stderr] [libx264 @ 0x121e35500] mb B  I16..4:  3.5%  0.2%  0.1%  B16..8: 30.4% 16.2%  6.9%  direct:14.8%  skip:27.9%  L0:26.1% L1:32.5% BI:41.5%
[stderr] [libx264 @ 0x121e35500] 8x8 transform intra:11.7% inter:30.3%
[stderr] [libx264 @ 0x121e35500] coded y,uvDC,uvAC intra: 40.8% 39.0% 25.7% inter: 46.2% 20.6% 3.8%
[stderr] [libx264 @ 0x121e35500] i16 v,h,dc,p: 85%  5%  9%  1%
[stderr] [libx264 @ 0x121e35500] i8 v,h,dc,ddl,ddr,vr,hd,vl,hu: 26% 14% 24%  2%  7%  7%  6%  7%  6%
[stderr] [libx264 @ 0x121e35500] i4 v,h,dc,ddl,ddr,vr,hd,vl,hu: 19% 16% 16%  4% 12%  8%  9%  8%  9%
[stderr] [libx264 @ 0x121e35500] i8c dc,h,v,p: 75%  8% 12%  5%
[stderr] [libx264 @ 0x121e35500] Weighted P-Frames: Y:24.0% UV:0.0%
[stderr] [libx264 @ 0x121e35500] kb/s:4357.38
[stderr] [aac @ 0x121e9b5f0] Qavg: 116.476
[stderr] ffmpeg version 7.1 Copyright (c) 2000-2024 the FFmpeg developers
[stderr]   built with Apple clang version 15.0.0 (clang-1500.1.0.2.5)
[stderr]   configuration: --prefix=/opt/homebrew/Cellar/ffmpeg/7.1_3 --enable-shared --enable-pthreads --enable-version3 --cc=clang --host-cflags= --host-ldflags='-Wl,-ld_classic' --enable-ffplay --enable-gnutls --enable-gpl --enable-libaom --enable-libaribb24 --enable-libbluray --enable-libdav1d --enable-libharfbuzz --enable-libjxl --enable-libmp3lame --enable-libopus --enable-librav1e --enable-librist --enable-librubberband --enable-libsnappy --enable-libsrt --enable-libssh --enable-libsvtav1 --enable-libtesseract --enable-libtheora --enable-libvidstab --enable-libvmaf --enable-libvorbis --enable-libvpx --enable-libwebp --enable-libx264 --enable-libx265 --enable-libxml2 --enable-libxvid --enable-lzma --enable-libfontconfig --enable-libfreetype --enable-frei0r --enable-libass --enable-libopencore-amrnb --enable-libopencore-amrwb --enable-libopenjpeg --enable-libspeex --enable-libsoxr --enable-libzmq --enable-libzimg --disable-libjack --disable-indev=jack --enable-videotoolbox --enable-audiotoolbox --enable-neon
[stderr]   libavutil      59. 39.100 / 59. 39.100
[stderr]   libavcodec     61. 19.100 / 61. 19.100
[stderr]   libavformat    61.  7.100 / 61.  7.100
[stderr]   libavdevice    61.  3.100 / 61.  3.100
[stderr]   libavfilter    10.  4.100 / 10.  4.100
[stderr]   libswscale      8.  3.100 /  8.  3.100
[stderr]   libswresample   5.  3.100 /  5.  3.100
[stderr]   libpostproc    58.  3.100 / 58.  3.100
[stderr] Input #0, mov,mp4,m4a,3gp,3g2,mj2, from '/Users/johndoe/Documents/company/video_ops/scripts/abstract_algebra_in_proof_assistant/sets-v2-04-set-equality/takes/take-mrhmharr/source.mp4':
[stderr]   Metadata:
[stderr]     major_brand     : qt  
[stderr]     minor_version   : 0
[stderr]     compatible_brands: qt  
[stderr]     creation_time   : 2026-07-12T09:54:07.000000Z
[stderr]   Duration: 00:06:08.94, start: 0.000000, bitrate: 2946 kb/s
[stderr]   Stream #0:0[0x1](und): Video: hevc (Main) (hvc1 / 0x31637668), yuv420p(tv, smpte170m/bt709/bt709), 640x480, 2834 kb/s, 29.95 fps, 29.83 tbr, 600 tbn (default)
[stderr]       Metadata:
[stderr]         creation_time   : 2026-07-12T09:54:07.000000Z
[stderr]         handler_name    : Core Media Video
[stderr]         vendor_id       : [0][0][0][0]
[stderr]         encoder         : HEVC
[stderr]       Side data:
[stderr]         displaymatrix: rotation of -180.00 degrees
[stderr]   Stream #0:1[0x2](und): Audio: aac (LC) (mp4a / 0x6134706D), 48000 Hz, mono, fltp, 100 kb/s (default)
[stderr]       Metadata:
[stderr]         creation_time   : 2026-07-12T09:54:07.000000Z
[stderr]         handler_name    : Core Media Audio
[stderr]         vendor_id       : [0][0][0][0]
[stderr]   Stream #0:2[0x3](und): Data: none (mebx / 0x7862656D) (default)
[stderr]       Metadata:
[stderr]         creation_time   : 2026-07-12T09:54:07.000000Z
[stderr]         handler_name    : Core Media Metadata
[stderr] Stream mapping:
[stderr]   Stream #0:0 -> #0:0 (hevc (native) -> h264 (libx264))
[stderr]   Stream #0:1 -> #0:1 (aac (native) -> aac (native))
[stderr] Press [q] to stop, [?] for help
[stderr] [libx264 @ 0x124e34db0] using cpu capabilities: ARMv8 NEON
[stderr] [libx264 @ 0x124e34db0] profile High, level 3.0, 4:2:0, 8-bit
[stderr] [libx264 @ 0x124e34db0] 264 - core 164 r3108 31e19f9 - H.264/MPEG-4 AVC codec - Copyleft 2003-2023 - http://www.videolan.org/x264.html - options: cabac=1 ref=1 deblock=1:0:0 analyse=0x3:0x113 me=hex subme=2 psy=1 psy_rd=1.00:0.00 mixed_ref=0 me_range=16 chroma_me=1 trellis=0 8x8dct=1 cqm=0 deadzone=21,11 fast_pskip=1 chroma_qp_offset=0 threads=15 lookahead_threads=3 sliced_threads=0 nr=0 decimate=1 interlaced=0 bluray_compat=0 constrained_intra=0 bframes=3 b_pyramid=2 b_adapt=1 b_bias=0 direct=1 weightb=1 open_gop=0 weightp=1 keyint=250 keyint_min=25 scenecut=40 intra_refresh=0 rc_lookahead=10 rc=crf mbtree=1 crf=18.0 qcomp=0.60 qpmin=0 qpmax=69 qpstep=4 ip_ratio=1.40 aq=1:1.00
[stderr] Output #0, mp4, to '/Users/johndoe/Documents/company/video_ops/scripts/abstract_algebra_in_proof_assistant/sets-v2-04-set-equality/takes/take-mrhmharr/pipeline/cut/cut-mrhswgb9/chunks/chunk-010.mp4':
[stderr]   Metadata:
[stderr]     major_brand     : qt  
[stderr]     minor_version   : 0
[stderr]     compatible_brands: qt  
[stderr]     encoder         : Lavf61.7.100
[stderr]   Stream #0:0(und): Video: h264 (avc1 / 0x31637661), yuv420p(tv, smpte170m/bt709/bt709, progressive), 640x480, q=2-31, 29.83 fps, 11456 tbn (default)
[stderr]       Metadata:
[stderr]         creation_time   : 2026-07-12T09:54:07.000000Z
[stderr]         handler_name    : Core Media Video
[stderr]         vendor_id       : [0][0][0][0]
[stderr]         encoder         : Lavc61.19.100 libx264
[stderr]       Side data:
[stderr]         cpb: bitrate max/min/avg: 0/0/0 buffer size: 0 vbv_delay: N/A
[stderr]   Stream #0:1(und): Audio: aac (LC) (mp4a / 0x6134706D), 48000 Hz, mono, fltp, 69 kb/s (default)
[stderr]       Metadata:
[stderr]         creation_time   : 2026-07-12T09:54:07.000000Z
[stderr]         handler_name    : Core Media Audio
[stderr]         vendor_id       : [0][0][0][0]
[stderr]         encoder         : Lavc61.19.100 aac
[stderr] [out#0/mp4 @ 0x124e34010] video:5012KiB audio:71KiB subtitle:0KiB other streams:0KiB global headers:0KiB muxing overhead: 0.201889%
[stderr] frame=  251 fps=0.0 q=-1.0 Lsize=    5093KiB time=00:00:08.37 bitrate=4978.9kbits/s dup=0 drop=2 speed=20.7x    
[stderr] [libx264 @ 0x124e34db0] frame I:2     Avg QP:20.27  size: 64500
[stderr] [libx264 @ 0x124e34db0] frame P:91    Avg QP:20.82  size: 37807
[stderr] [libx264 @ 0x124e34db0] frame B:158   Avg QP:25.25  size:  9884
[stderr] [libx264 @ 0x124e34db0] consecutive B-frames:  4.4% 29.5% 16.7% 49.4%
[stderr] [libx264 @ 0x124e34db0] mb I  I16..4: 15.7%  5.3% 79.0%
[stderr] [libx264 @ 0x124e34db0] mb P  I16..4:  9.1%  2.3%  3.3%  P16..4: 24.7% 22.6% 34.6%  0.0%  0.0%    skip: 3.3%
[stderr] [libx264 @ 0x124e34db0] mb B  I16..4:  2.1%  0.2%  0.0%  B16..8: 30.6% 16.3%  7.5%  direct:14.2%  skip:29.2%  L0:22.9% L1:32.5% BI:44.6%
[stderr] [libx264 @ 0x124e34db0] 8x8 transform intra:13.3% inter:25.9%
[stderr] [libx264 @ 0x124e34db0] coded y,uvDC,uvAC intra: 39.2% 36.0% 22.3% inter: 46.0% 19.6% 3.2%
[stderr] [libx264 @ 0x124e34db0] i16 v,h,dc,p: 81% 10%  8%  1%
[stderr] [libx264 @ 0x124e34db0] i8 v,h,dc,ddl,ddr,vr,hd,vl,hu: 25% 13% 27%  2%  9%  8%  7%  4%  5%
[stderr] [libx264 @ 0x124e34db0] i4 v,h,dc,ddl,ddr,vr,hd,vl,hu: 17% 16% 18%  4% 13%  8%  9%  7% 10%
[stderr] [libx264 @ 0x124e34db0] i8c dc,h,v,p: 76%  9% 12%  4%
[stderr] [libx264 @ 0x124e34db0] Weighted P-Frames: Y:14.3% UV:1.1%
[stderr] [libx264 @ 0x124e34db0] kb/s:4878.98
[stderr] [aac @ 0x124e84400] Qavg: 161.021
[stderr] ffmpeg version 7.1 Copyright (c) 2000-2024 the FFmpeg developers
[stderr]   built with Apple clang version 15.0.0 (clang-1500.1.0.2.5)
[stderr]   configuration: --prefix=/opt/homebrew/Cellar/ffmpeg/7.1_3 --enable-shared --enable-pthreads --enable-version3 --cc=clang --host-cflags= --host-ldflags='-Wl,-ld_classic' --enable-ffplay --enable-gnutls --enable-gpl --enable-libaom --enable-libaribb24 --enable-libbluray --enable-libdav1d --enable-libharfbuzz --enable-libjxl --enable-libmp3lame --enable-libopus --enable-librav1e --enable-librist --enable-librubberband --enable-libsnappy --enable-libsrt --enable-libssh --enable-libsvtav1 --enable-libtesseract --enable-libtheora --enable-libvidstab --enable-libvmaf --enable-libvorbis --enable-libvpx --enable-libwebp --enable-libx264 --enable-libx265 --enable-libxml2 --enable-libxvid --enable-lzma --enable-libfontconfig --enable-libfreetype --enable-frei0r --enable-libass --enable-libopencore-amrnb --enable-libopencore-amrwb --enable-libopenjpeg --enable-libspeex --enable-libsoxr --enable-libzmq --enable-libzimg --disable-libjack --disable-indev=jack --enable-videotoolbox --enable-audiotoolbox --enable-neon
[stderr]   libavutil      59. 39.100 / 59. 39.100
[stderr]   libavcodec     61. 19.100 / 61. 19.100
[stderr]   libavformat    61.  7.100 / 61.  7.100
[stderr]   libavdevice    61.  3.100 / 61.  3.100
[stderr]   libavfilter    10.  4.100 / 10.  4.100
[stderr]   libswscale      8.  3.100 /  8.  3.100
[stderr]   libswresample   5.  3.100 /  5.  3.100
[stderr]   libpostproc    58.  3.100 / 58.  3.100
[stderr] Input #0, mov,mp4,m4a,3gp,3g2,mj2, from '/Users/johndoe/Documents/company/video_ops/scripts/abstract_algebra_in_proof_assistant/sets-v2-04-set-equality/takes/take-mrhmharr/source.mp4':
[stderr]   Metadata:
[stderr]     major_brand     : qt  
[stderr]     minor_version   : 0
[stderr]     compatible_brands: qt  
[stderr]     creation_time   : 2026-07-12T09:54:07.000000Z
[stderr]   Duration: 00:06:08.94, start: 0.000000, bitrate: 2946 kb/s
[stderr]   Stream #0:0[0x1](und): Video: hevc (Main) (hvc1 / 0x31637668), yuv420p(tv, smpte170m/bt709/bt709), 640x480, 2834 kb/s, 29.95 fps, 29.83 tbr, 600 tbn (default)
[stderr]       Metadata:
[stderr]         creation_time   : 2026-07-12T09:54:07.000000Z
[stderr]         handler_name    : Core Media Video
[stderr]         vendor_id       : [0][0][0][0]
[stderr]         encoder         : HEVC
[stderr]       Side data:
[stderr]         displaymatrix: rotation of -180.00 degrees
[stderr]   Stream #0:1[0x2](und): Audio: aac (LC) (mp4a / 0x6134706D), 48000 Hz, mono, fltp, 100 kb/s (default)
[stderr]       Metadata:
[stderr]         creation_time   : 2026-07-12T09:54:07.000000Z
[stderr]         handler_name    : Core Media Audio
[stderr]         vendor_id       : [0][0][0][0]
[stderr]   Stream #0:2[0x3](und): Data: none (mebx / 0x7862656D) (default)
[stderr]       Metadata:
[stderr]         creation_time   : 2026-07-12T09:54:07.000000Z
[stderr]         handler_name    : Core Media Metadata
[stderr] Stream mapping:
[stderr]   Stream #0:0 -> #0:0 (hevc (native) -> h264 (libx264))
[stderr]   Stream #0:1 -> #0:1 (aac (native) -> aac (native))
[stderr] Press [q] to stop, [?] for help
[stderr] [libx264 @ 0x11ce377d0] using cpu capabilities: ARMv8 NEON
[stderr] [libx264 @ 0x11ce377d0] profile High, level 3.0, 4:2:0, 8-bit
[stderr] [libx264 @ 0x11ce377d0] 264 - core 164 r3108 31e19f9 - H.264/MPEG-4 AVC codec - Copyleft 2003-2023 - http://www.videolan.org/x264.html - options: cabac=1 ref=1 deblock=1:0:0 analyse=0x3:0x113 me=hex subme=2 psy=1 psy_rd=1.00:0.00 mixed_ref=0 me_range=16 chroma_me=1 trellis=0 8x8dct=1 cqm=0 deadzone=21,11 fast_pskip=1 chroma_qp_offset=0 threads=15 lookahead_threads=3 sliced_threads=0 nr=0 decimate=1 interlaced=0 bluray_compat=0 constrained_intra=0 bframes=3 b_pyramid=2 b_adapt=1 b_bias=0 direct=1 weightb=1 open_gop=0 weightp=1 keyint=250 keyint_min=25 scenecut=40 intra_refresh=0 rc_lookahead=10 rc=crf mbtree=1 crf=18.0 qcomp=0.60 qpmin=0 qpmax=69 qpstep=4 ip_ratio=1.40 aq=1:1.00
[stderr] Output #0, mp4, to '/Users/johndoe/Documents/company/video_ops/scripts/abstract_algebra_in_proof_assistant/sets-v2-04-set-equality/takes/take-mrhmharr/pipeline/cut/cut-mrhswgb9/chunks/chunk-011.mp4':
[stderr]   Metadata:
[stderr]     major_brand     : qt  
[stderr]     minor_version   : 0
[stderr]     compatible_brands: qt  
[stderr]     encoder         : Lavf61.7.100
[stderr]   Stream #0:0(und): Video: h264 (avc1 / 0x31637661), yuv420p(tv, smpte170m/bt709/bt709, progressive), 640x480, q=2-31, 29.83 fps, 11456 tbn (default)
[stderr]       Metadata:
[stderr]         creation_time   : 2026-07-12T09:54:07.000000Z
[stderr]         handler_name    : Core Media Video
[stderr]         vendor_id       : [0][0][0][0]
[stderr]         encoder         : Lavc61.19.100 libx264
[stderr]       Side data:
[stderr]         cpb: bitrate max/min/avg: 0/0/0 buffer size: 0 vbv_delay: N/A
[stderr]   Stream #0:1(und): Audio: aac (LC) (mp4a / 0x6134706D), 48000 Hz, mono, fltp, 69 kb/s (default)
[stderr]       Metadata:
[stderr]         creation_time   : 2026-07-12T09:54:07.000000Z
[stderr]         handler_name    : Core Media Audio
[stderr]         vendor_id       : [0][0][0][0]
[stderr]         encoder         : Lavc61.19.100 aac
[stderr] frame=  304 fps=0.0 q=24.0 size=    6144KiB time=00:00:10.08 bitrate=4988.6kbits/s dup=0 drop=1 speed=  20x    [stderr] frame=  664 fps=657 q=24.0 size=   12288KiB time=00:00:22.15 bitrate=4543.3kbits/s dup=0 drop=3 speed=21.9x    [stderr] [out#0/mp4 @ 0x11ce35140] video:13328KiB audio:216KiB subtitle:0KiB other streams:0KiB global headers:0KiB muxing overhead: 0.206680%
[stderr] frame=  756 fps=625 q=-1.0 Lsize=   13572KiB time=00:00:25.27 bitrate=4399.0kbits/s dup=0 drop=3 speed=20.9x    
[stderr] [libx264 @ 0x11ce377d0] frame I:4     Avg QP:17.92  size: 63223
[stderr] [libx264 @ 0x11ce377d0] frame P:287   Avg QP:20.03  size: 31619
[stderr] [libx264 @ 0x11ce377d0] frame B:465   Avg QP:24.15  size:  9289
[stderr] [libx264 @ 0x11ce377d0] consecutive B-frames:  8.9% 24.3%  9.1% 57.7%
[stderr] [libx264 @ 0x11ce377d0] mb I  I16..4: 14.6% 12.4% 73.0%
[stderr] [libx264 @ 0x11ce377d0] mb P  I16..4: 12.2%  5.8%  5.4%  P16..4: 22.3% 20.2% 28.6%  0.0%  0.0%    skip: 5.3%
[stderr] [libx264 @ 0x11ce377d0] mb B  I16..4:  2.7%  0.5%  0.1%  B16..8: 29.7% 15.5%  6.8%  direct:13.4%  skip:31.3%  L0:24.3% L1:31.3% BI:44.4%
[stderr] [libx264 @ 0x11ce377d0] 8x8 transform intra:22.3% inter:29.0%
[stderr] [libx264 @ 0x11ce377d0] coded y,uvDC,uvAC intra: 40.8% 43.6% 18.8% inter: 42.4% 20.2% 2.6%
[stderr] [libx264 @ 0x11ce377d0] i16 v,h,dc,p: 74% 10% 13%  3%
[stderr] [libx264 @ 0x11ce377d0] i8 v,h,dc,ddl,ddr,vr,hd,vl,hu: 22% 17% 28%  2%  8%  8%  6%  5%  5%
[stderr] [libx264 @ 0x11ce377d0] i4 v,h,dc,ddl,ddr,vr,hd,vl,hu: 20% 15% 17%  3% 12% 10%  8%  6%  8%
[stderr] [libx264 @ 0x11ce377d0] i8c dc,h,v,p: 68% 13% 15%  4%
[stderr] [libx264 @ 0x11ce377d0] Weighted P-Frames: Y:9.4% UV:2.1%
[stderr] [libx264 @ 0x11ce377d0] kb/s:4308.24
[stderr] [aac @ 0x11ce9d1d0] Qavg: 182.367
[stderr] ffmpeg version 7.1 Copyright (c) 2000-2024 the FFmpeg developers
[stderr]   built with Apple clang version 15.0.0 (clang-1500.1.0.2.5)
[stderr]   configuration: --prefix=/opt/homebrew/Cellar/ffmpeg/7.1_3 --enable-shared --enable-pthreads --enable-version3 --cc=clang --host-cflags= --host-ldflags='-Wl,-ld_classic' --enable-ffplay --enable-gnutls --enable-gpl --enable-libaom --enable-libaribb24 --enable-libbluray --enable-libdav1d --enable-libharfbuzz --enable-libjxl --enable-libmp3lame --enable-libopus --enable-librav1e --enable-librist --enable-librubberband --enable-libsnappy --enable-libsrt --enable-libssh --enable-libsvtav1 --enable-libtesseract --enable-libtheora --enable-libvidstab --enable-libvmaf --enable-libvorbis --enable-libvpx --enable-libwebp --enable-libx264 --enable-libx265 --enable-libxml2 --enable-libxvid --enable-lzma --enable-libfontconfig --enable-libfreetype --enable-frei0r --enable-libass --enable-libopencore-amrnb --enable-libopencore-amrwb --enable-libopenjpeg --enable-libspeex --enable-libsoxr --enable-libzmq --enable-libzimg --disable-libjack --disable-indev=jack --enable-videotoolbox --enable-audiotoolbox --enable-neon
[stderr]   libavutil      59. 39.100 / 59. 39.100
[stderr]   libavcodec     61. 19.100 / 61. 19.100
[stderr]   libavformat    61.  7.100 / 61.  7.100
[stderr]   libavdevice    61.  3.100 / 61.  3.100
[stderr]   libavfilter    10.  4.100 / 10.  4.100
[stderr]   libswscale      8.  3.100 /  8.  3.100
[stderr]   libswresample   5.  3.100 /  5.  3.100
[stderr]   libpostproc    58.  3.100 / 58.  3.100
[stderr] Input #0, mov,mp4,m4a,3gp,3g2,mj2, from '/Users/johndoe/Documents/company/video_ops/scripts/abstract_algebra_in_proof_assistant/sets-v2-04-set-equality/takes/take-mrhmharr/source.mp4':
[stderr]   Metadata:
[stderr]     major_brand     : qt  
[stderr]     minor_version   : 0
[stderr]     compatible_brands: qt  
[stderr]     creation_time   : 2026-07-12T09:54:07.000000Z
[stderr]   Duration: 00:06:08.94, start: 0.000000, bitrate: 2946 kb/s
[stderr]   Stream #0:0[0x1](und): Video: hevc (Main) (hvc1 / 0x31637668), yuv420p(tv, smpte170m/bt709/bt709), 640x480, 2834 kb/s, 29.95 fps, 29.83 tbr, 600 tbn (default)
[stderr]       Metadata:
[stderr]         creation_time   : 2026-07-12T09:54:07.000000Z
[stderr]         handler_name    : Core Media Video
[stderr]         vendor_id       : [0][0][0][0]
[stderr]         encoder         : HEVC
[stderr]       Side data:
[stderr]         displaymatrix: rotation of -180.00 degrees
[stderr]   Stream #0:1[0x2](und): Audio: aac (LC) (mp4a / 0x6134706D), 48000 Hz, mono, fltp, 100 kb/s (default)
[stderr]       Metadata:
[stderr]         creation_time   : 2026-07-12T09:54:07.000000Z
[stderr]         handler_name    : Core Media Audio
[stderr]         vendor_id       : [0][0][0][0]
[stderr]   Stream #0:2[0x3](und): Data: none (mebx / 0x7862656D) (default)
[stderr]       Metadata:
[stderr]         creation_time   : 2026-07-12T09:54:07.000000Z
[stderr]         handler_name    : Core Media Metadata
[stderr] Stream mapping:
[stderr]   Stream #0:0 -> #0:0 (hevc (native) -> h264 (libx264))
[stderr]   Stream #0:1 -> #0:1 (aac (native) -> aac (native))
[stderr] Press [q] to stop, [?] for help
[stderr] [libx264 @ 0x107305630] using cpu capabilities: ARMv8 NEON
[stderr] [libx264 @ 0x107305630] profile High, level 3.0, 4:2:0, 8-bit
[stderr] [libx264 @ 0x107305630] 264 - core 164 r3108 31e19f9 - H.264/MPEG-4 AVC codec - Copyleft 2003-2023 - http://www.videolan.org/x264.html - options: cabac=1 ref=1 deblock=1:0:0 analyse=0x3:0x113 me=hex subme=2 psy=1 psy_rd=1.00:0.00 mixed_ref=0 me_range=16 chroma_me=1 trellis=0 8x8dct=1 cqm=0 deadzone=21,11 fast_pskip=1 chroma_qp_offset=0 threads=15 lookahead_threads=3 sliced_threads=0 nr=0 decimate=1 interlaced=0 bluray_compat=0 constrained_intra=0 bframes=3 b_pyramid=2 b_adapt=1 b_bias=0 direct=1 weightb=1 open_gop=0 weightp=1 keyint=250 keyint_min=25 scenecut=40 intra_refresh=0 rc_lookahead=10 rc=crf mbtree=1 crf=18.0 qcomp=0.60 qpmin=0 qpmax=69 qpstep=4 ip_ratio=1.40 aq=1:1.00
[stderr] Output #0, mp4, to '/Users/johndoe/Documents/company/video_ops/scripts/abstract_algebra_in_proof_assistant/sets-v2-04-set-equality/takes/take-mrhmharr/pipeline/cut/cut-mrhswgb9/chunks/chunk-012.mp4':
[stderr]   Metadata:
[stderr]     major_brand     : qt  
[stderr]     minor_version   : 0
[stderr]     compatible_brands: qt  
[stderr]     encoder         : Lavf61.7.100
[stderr]   Stream #0:0(und): Video: h264 (avc1 / 0x31637661), yuv420p(tv, smpte170m/bt709/bt709, progressive), 640x480, q=2-31, 29.83 fps, 11456 tbn (default)
[stderr]       Metadata:
[stderr]         creation_time   : 2026-07-12T09:54:07.000000Z
[stderr]         handler_name    : Core Media Video
[stderr]         vendor_id       : [0][0][0][0]
[stderr]         encoder         : Lavc61.19.100 libx264
[stderr]       Side data:
[stderr]         cpb: bitrate max/min/avg: 0/0/0 buffer size: 0 vbv_delay: N/A
[stderr]   Stream #0:1(und): Audio: aac (LC) (mp4a / 0x6134706D), 48000 Hz, mono, fltp, 69 kb/s (default)
[stderr]       Metadata:
[stderr]         creation_time   : 2026-07-12T09:54:07.000000Z
[stderr]         handler_name    : Core Media Audio
[stderr]         vendor_id       : [0][0][0][0]
[stderr]         encoder         : Lavc61.19.100 aac
[stderr] [out#0/mp4 @ 0x1073046e0] video:1182KiB audio:26KiB subtitle:0KiB other streams:0KiB global headers:0KiB muxing overhead: 0.368715%
[stderr] frame=   90 fps=0.0 q=-1.0 Lsize=    1212KiB time=00:00:02.94 bitrate=3366.5kbits/s speed=18.4x    
[stderr] [libx264 @ 0x107305630] frame I:1     Avg QP:19.74  size: 30600
[stderr] [libx264 @ 0x107305630] frame P:43    Avg QP:19.85  size: 20613
[stderr] [libx264 @ 0x107305630] frame B:46    Avg QP:21.92  size:  6360
[stderr] [libx264 @ 0x107305630] consecutive B-frames: 24.4% 15.6% 20.0% 40.0%
[stderr] [libx264 @ 0x107305630] mb I  I16..4: 16.1% 43.2% 40.7%
[stderr] [libx264 @ 0x107305630] mb P  I16..4:  9.8% 19.8%  3.7%  P16..4: 24.7% 18.5% 19.7%  0.0%  0.0%    skip: 3.9%
[stderr] [libx264 @ 0x107305630] mb B  I16..4:  3.1%  2.3%  0.1%  B16..8: 33.3% 14.5%  4.4%  direct:14.2%  skip:28.2%  L0:29.8% L1:33.2% BI:37.1%
[stderr] [libx264 @ 0x107305630] 8x8 transform intra:56.1% inter:30.3%
[stderr] [libx264 @ 0x107305630] coded y,uvDC,uvAC intra: 49.1% 64.7% 11.2% inter: 34.4% 24.9% 1.7%
[stderr] [libx264 @ 0x107305630] i16 v,h,dc,p: 23% 34% 28% 15%
[stderr] [libx264 @ 0x107305630] i8 v,h,dc,ddl,ddr,vr,hd,vl,hu: 14% 27% 35%  2%  5%  3%  5%  3%  6%
[stderr] [libx264 @ 0x107305630] i4 v,h,dc,ddl,ddr,vr,hd,vl,hu: 20% 16% 21%  3% 12%  9%  7%  5%  7%
[stderr] [libx264 @ 0x107305630] i8c dc,h,v,p: 50% 26% 18%  5%
[stderr] [libx264 @ 0x107305630] Weighted P-Frames: Y:2.3% UV:0.0%
[stderr] [libx264 @ 0x107305630] kb/s:3207.54
[stderr] [aac @ 0x123f0d7e0] Qavg: 151.689
[stderr] ffmpeg version 7.1 Copyright (c) 2000-2024 the FFmpeg developers
[stderr]   built with Apple clang version 15.0.0 (clang-1500.1.0.2.5)
[stderr]   configuration: --prefix=/opt/homebrew/Cellar/ffmpeg/7.1_3 --enable-shared --enable-pthreads --enable-version3 --cc=clang --host-cflags= --host-ldflags='-Wl,-ld_classic' --enable-ffplay --enable-gnutls --enable-gpl --enable-libaom --enable-libaribb24 --enable-libbluray --enable-libdav1d --enable-libharfbuzz --enable-libjxl --enable-libmp3lame --enable-libopus --enable-librav1e --enable-librist --enable-librubberband --enable-libsnappy --enable-libsrt --enable-libssh --enable-libsvtav1 --enable-libtesseract --enable-libtheora --enable-libvidstab --enable-libvmaf --enable-libvorbis --enable-libvpx --enable-libwebp --enable-libx264 --enable-libx265 --enable-libxml2 --enable-libxvid --enable-lzma --enable-libfontconfig --enable-libfreetype --enable-frei0r --enable-libass --enable-libopencore-amrnb --enable-libopencore-amrwb --enable-libopenjpeg --enable-libspeex --enable-libsoxr --enable-libzmq --enable-libzimg --disable-libjack --disable-indev=jack --enable-videotoolbox --enable-audiotoolbox --enable-neon
[stderr]   libavutil      59. 39.100 / 59. 39.100
[stderr]   libavcodec     61. 19.100 / 61. 19.100
[stderr]   libavformat    61.  7.100 / 61.  7.100
[stderr]   libavdevice    61.  3.100 / 61.  3.100
[stderr]   libavfilter    10.  4.100 / 10.  4.100
[stderr]   libswscale      8.  3.100 /  8.  3.100
[stderr]   libswresample   5.  3.100 /  5.  3.100
[stderr]   libpostproc    58.  3.100 / 58.  3.100
[stderr] Input #0, mov,mp4,m4a,3gp,3g2,mj2, from '/Users/johndoe/Documents/company/video_ops/scripts/abstract_algebra_in_proof_assistant/sets-v2-04-set-equality/takes/take-mrhmharr/source.mp4':
[stderr]   Metadata:
[stderr]     major_brand     : qt  
[stderr]     minor_version   : 0
[stderr]     compatible_brands: qt  
[stderr]     creation_time   : 2026-07-12T09:54:07.000000Z
[stderr]   Duration: 00:06:08.94, start: 0.000000, bitrate: 2946 kb/s
[stderr]   Stream #0:0[0x1](und): Video: hevc (Main) (hvc1 / 0x31637668), yuv420p(tv, smpte170m/bt709/bt709), 640x480, 2834 kb/s, 29.95 fps, 29.83 tbr, 600 tbn (default)
[stderr]       Metadata:
[stderr]         creation_time   : 2026-07-12T09:54:07.000000Z
[stderr]         handler_name    : Core Media Video
[stderr]         vendor_id       : [0][0][0][0]
[stderr]         encoder         : HEVC
[stderr]       Side data:
[stderr]         displaymatrix: rotation of -180.00 degrees
[stderr]   Stream #0:1[0x2](und): Audio: aac (LC) (mp4a / 0x6134706D), 48000 Hz, mono, fltp, 100 kb/s (default)
[stderr]       Metadata:
[stderr]         creation_time   : 2026-07-12T09:54:07.000000Z
[stderr]         handler_name    : Core Media Audio
[stderr]         vendor_id       : [0][0][0][0]
[stderr]   Stream #0:2[0x3](und): Data: none (mebx / 0x7862656D) (default)
[stderr]       Metadata:
[stderr]         creation_time   : 2026-07-12T09:54:07.000000Z
[stderr]         handler_name    : Core Media Metadata
[stderr] Stream mapping:
[stderr]   Stream #0:0 -> #0:0 (hevc (native) -> h264 (libx264))
[stderr]   Stream #0:1 -> #0:1 (aac (native) -> aac (native))
[stderr] Press [q] to stop, [?] for help
[stderr] [libx264 @ 0x10a006400] using cpu capabilities: ARMv8 NEON
[stderr] [libx264 @ 0x10a006400] profile High, level 3.0, 4:2:0, 8-bit
[stderr] [libx264 @ 0x10a006400] 264 - core 164 r3108 31e19f9 - H.264/MPEG-4 AVC codec - Copyleft 2003-2023 - http://www.videolan.org/x264.html - options: cabac=1 ref=1 deblock=1:0:0 analyse=0x3:0x113 me=hex subme=2 psy=1 psy_rd=1.00:0.00 mixed_ref=0 me_range=16 chroma_me=1 trellis=0 8x8dct=1 cqm=0 deadzone=21,11 fast_pskip=1 chroma_qp_offset=0 threads=15 lookahead_threads=3 sliced_threads=0 nr=0 decimate=1 interlaced=0 bluray_compat=0 constrained_intra=0 bframes=3 b_pyramid=2 b_adapt=1 b_bias=0 direct=1 weightb=1 open_gop=0 weightp=1 keyint=250 keyint_min=25 scenecut=40 intra_refresh=0 rc_lookahead=10 rc=crf mbtree=1 crf=18.0 qcomp=0.60 qpmin=0 qpmax=69 qpstep=4 ip_ratio=1.40 aq=1:1.00
[stderr] Output #0, mp4, to '/Users/johndoe/Documents/company/video_ops/scripts/abstract_algebra_in_proof_assistant/sets-v2-04-set-equality/takes/take-mrhmharr/pipeline/cut/cut-mrhswgb9/chunks/chunk-013.mp4':
[stderr]   Metadata:
[stderr]     major_brand     : qt  
[stderr]     minor_version   : 0
[stderr]     compatible_brands: qt  
[stderr]     encoder         : Lavf61.7.100
[stderr]   Stream #0:0(und): Video: h264 (avc1 / 0x31637661), yuv420p(tv, smpte170m/bt709/bt709, progressive), 640x480, q=2-31, 29.83 fps, 11456 tbn (default)
[stderr]       Metadata:
[stderr]         creation_time   : 2026-07-12T09:54:07.000000Z
[stderr]         handler_name    : Core Media Video
[stderr]         vendor_id       : [0][0][0][0]
[stderr]         encoder         : Lavc61.19.100 libx264
[stderr]       Side data:
[stderr]         cpb: bitrate max/min/avg: 0/0/0 buffer size: 0 vbv_delay: N/A
[stderr]   Stream #0:1(und): Audio: aac (LC) (mp4a / 0x6134706D), 48000 Hz, mono, fltp, 69 kb/s (default)
[stderr]       Metadata:
[stderr]         creation_time   : 2026-07-12T09:54:07.000000Z
[stderr]         handler_name    : Core Media Audio
[stderr]         vendor_id       : [0][0][0][0]
[stderr]         encoder         : Lavc61.19.100 aac
[stderr] frame=  297 fps=0.0 q=24.0 size=    4864KiB time=00:00:09.88 bitrate=4029.7kbits/s speed=19.8x    [stderr] [out#0/mp4 @ 0x10a005520] video:11109KiB audio:160KiB subtitle:0KiB other streams:0KiB global headers:0KiB muxing overhead: 0.185625%
[stderr] frame=  561 fps=0.0 q=-1.0 Lsize=   11290KiB time=00:00:18.73 bitrate=4935.9kbits/s dup=0 drop=1 speed=20.9x    
[stderr] [libx264 @ 0x10a006400] frame I:3     Avg QP:18.76  size: 55653
[stderr] [libx264 @ 0x10a006400] frame P:235   Avg QP:21.05  size: 31092
[stderr] [libx264 @ 0x10a006400] frame B:323   Avg QP:23.99  size: 12078
[stderr] [libx264 @ 0x10a006400] consecutive B-frames: 15.5% 20.3%  8.6% 55.6%
[stderr] [libx264 @ 0x10a006400] mb I  I16..4: 11.5% 21.0% 67.4%
[stderr] [libx264 @ 0x10a006400] mb P  I16..4:  7.1%  9.8%  9.2%  P16..4: 24.2% 20.5% 26.3%  0.0%  0.0%    skip: 2.8%
[stderr] [libx264 @ 0x10a006400] mb B  I16..4:  1.7%  0.8%  0.5%  B16..8: 31.7% 16.4%  8.7%  direct:16.1%  skip:24.1%  L0:28.4% L1:32.2% BI:39.4%
[stderr] [libx264 @ 0x10a006400] 8x8 transform intra:35.4% inter:29.5%
[stderr] [libx264 @ 0x10a006400] coded y,uvDC,uvAC intra: 62.2% 61.0% 25.3% inter: 46.6% 25.2% 3.0%
[stderr] [libx264 @ 0x10a006400] i16 v,h,dc,p: 60% 18% 14%  8%
[stderr] [libx264 @ 0x10a006400] i8 v,h,dc,ddl,ddr,vr,hd,vl,hu: 21% 20% 28%  2%  7%  5%  6%  5%  6%
[stderr] [libx264 @ 0x10a006400] i4 v,h,dc,ddl,ddr,vr,hd,vl,hu: 17% 17% 17%  4% 13%  8%  9%  7%  9%
[stderr] [libx264 @ 0x10a006400] i8c dc,h,v,p: 56% 19% 18%  6%
[stderr] [libx264 @ 0x10a006400] Weighted P-Frames: Y:11.9% UV:2.1%
[stderr] [libx264 @ 0x10a006400] kb/s:4839.12
[stderr] [aac @ 0x10a069ea0] Qavg: 192.119
[stderr] ffmpeg version 7.1 Copyright (c) 2000-2024 the FFmpeg developers
[stderr]   built with Apple clang version 15.0.0 (clang-1500.1.0.2.5)
[stderr]   configuration: --prefix=/opt/homebrew/Cellar/ffmpeg/7.1_3 --enable-shared --enable-pthreads --enable-version3 --cc=clang --host-cflags= --host-ldflags='-Wl,-ld_classic' --enable-ffplay --enable-gnutls --enable-gpl --enable-libaom --enable-libaribb24 --enable-libbluray --enable-libdav1d --enable-libharfbuzz --enable-libjxl --enable-libmp3lame --enable-libopus --enable-librav1e --enable-librist --enable-librubberband --enable-libsnappy --enable-libsrt --enable-libssh --enable-libsvtav1 --enable-libtesseract --enable-libtheora --enable-libvidstab --enable-libvmaf --enable-libvorbis --enable-libvpx --enable-libwebp --enable-libx264 --enable-libx265 --enable-libxml2 --enable-libxvid --enable-lzma --enable-libfontconfig --enable-libfreetype --enable-frei0r --enable-libass --enable-libopencore-amrnb --enable-libopencore-amrwb --enable-libopenjpeg --enable-libspeex --enable-libsoxr --enable-libzmq --enable-libzimg --disable-libjack --disable-indev=jack --enable-videotoolbox --enable-audiotoolbox --enable-neon
[stderr]   libavutil      59. 39.100 / 59. 39.100
[stderr]   libavcodec     61. 19.100 / 61. 19.100
[stderr]   libavformat    61.  7.100 / 61.  7.100
[stderr]   libavdevice    61.  3.100 / 61.  3.100
[stderr]   libavfilter    10.  4.100 / 10.  4.100
[stderr]   libswscale      8.  3.100 /  8.  3.100
[stderr]   libswresample   5.  3.100 /  5.  3.100
[stderr]   libpostproc    58.  3.100 / 58.  3.100
[stderr] Input #0, mov,mp4,m4a,3gp,3g2,mj2, from '/Users/johndoe/Documents/company/video_ops/scripts/abstract_algebra_in_proof_assistant/sets-v2-04-set-equality/takes/take-mrhmharr/source.mp4':
[stderr]   Metadata:
[stderr]     major_brand     : qt  
[stderr]     minor_version   : 0
[stderr]     compatible_brands: qt  
[stderr]     creation_time   : 2026-07-12T09:54:07.000000Z
[stderr]   Duration: 00:06:08.94, start: 0.000000, bitrate: 2946 kb/s
[stderr]   Stream #0:0[0x1](und): Video: hevc (Main) (hvc1 / 0x31637668), yuv420p(tv, smpte170m/bt709/bt709), 640x480, 2834 kb/s, 29.95 fps, 29.83 tbr, 600 tbn (default)
[stderr]       Metadata:
[stderr]         creation_time   : 2026-07-12T09:54:07.000000Z
[stderr]         handler_name    : Core Media Video
[stderr]         vendor_id       : [0][0][0][0]
[stderr]         encoder         : HEVC
[stderr]       Side data:
[stderr]         displaymatrix: rotation of -180.00 degrees
[stderr]   Stream #0:1[0x2](und): Audio: aac (LC) (mp4a / 0x6134706D), 48000 Hz, mono, fltp, 100 kb/s (default)
[stderr]       Metadata:
[stderr]         creation_time   : 2026-07-12T09:54:07.000000Z
[stderr]         handler_name    : Core Media Audio
[stderr]         vendor_id       : [0][0][0][0]
[stderr]   Stream #0:2[0x3](und): Data: none (mebx / 0x7862656D) (default)
[stderr]       Metadata:
[stderr]         creation_time   : 2026-07-12T09:54:07.000000Z
[stderr]         handler_name    : Core Media Metadata
[stderr] Stream mapping:
[stderr]   Stream #0:0 -> #0:0 (hevc (native) -> h264 (libx264))
[stderr]   Stream #0:1 -> #0:1 (aac (native) -> aac (native))
[stderr] Press [q] to stop, [?] for help
[stderr] [libx264 @ 0x1397071b0] using cpu capabilities: ARMv8 NEON
[stderr] [libx264 @ 0x1397071b0] profile High, level 3.0, 4:2:0, 8-bit
[stderr] [libx264 @ 0x1397071b0] 264 - core 164 r3108 31e19f9 - H.264/MPEG-4 AVC codec - Copyleft 2003-2023 - http://www.videolan.org/x264.html - options: cabac=1 ref=1 deblock=1:0:0 analyse=0x3:0x113 me=hex subme=2 psy=1 psy_rd=1.00:0.00 mixed_ref=0 me_range=16 chroma_me=1 trellis=0 8x8dct=1 cqm=0 deadzone=21,11 fast_pskip=1 chroma_qp_offset=0 threads=15 lookahead_threads=3 sliced_threads=0 nr=0 decimate=1 interlaced=0 bluray_compat=0 constrained_intra=0 bframes=3 b_pyramid=2 b_adapt=1 b_bias=0 direct=1 weightb=1 open_gop=0 weightp=1 keyint=250 keyint_min=25 scenecut=40 intra_refresh=0 rc_lookahead=10 rc=crf mbtree=1 crf=18.0 qcomp=0.60 qpmin=0 qpmax=69 qpstep=4 ip_ratio=1.40 aq=1:1.00
[stderr] Output #0, mp4, to '/Users/johndoe/Documents/company/video_ops/scripts/abstract_algebra_in_proof_assistant/sets-v2-04-set-equality/takes/take-mrhmharr/pipeline/cut/cut-mrhswgb9/chunks/chunk-014.mp4':
[stderr]   Metadata:
[stderr]     major_brand     : qt  
[stderr]     minor_version   : 0
[stderr]     compatible_brands: qt  
[stderr]     encoder         : Lavf61.7.100
[stderr]   Stream #0:0(und): Video: h264 (avc1 / 0x31637661), yuv420p(tv, smpte170m/bt709/bt709, progressive), 640x480, q=2-31, 29.83 fps, 11456 tbn (default)
[stderr]       Metadata:
[stderr]         creation_time   : 2026-07-12T09:54:07.000000Z
[stderr]         handler_name    : Core Media Video
[stderr]         vendor_id       : [0][0][0][0]
[stderr]         encoder         : Lavc61.19.100 libx264
[stderr]       Side data:
[stderr]         cpb: bitrate max/min/avg: 0/0/0 buffer size: 0 vbv_delay: N/A
[stderr]   Stream #0:1(und): Audio: aac (LC) (mp4a / 0x6134706D), 48000 Hz, mono, fltp, 69 kb/s (default)
[stderr]       Metadata:
[stderr]         creation_time   : 2026-07-12T09:54:07.000000Z
[stderr]         handler_name    : Core Media Audio
[stderr]         vendor_id       : [0][0][0][0]
[stderr]         encoder         : Lavc61.19.100 aac
[stderr] [out#0/mp4 @ 0x139706390] video:5540KiB audio:54KiB subtitle:0KiB other streams:0KiB global headers:0KiB muxing overhead: 0.143714%
[stderr] frame=  188 fps=0.0 q=-1.0 Lsize=    5602KiB time=00:00:06.26 bitrate=7321.2kbits/s speed=16.8x    
[stderr] [libx264 @ 0x1397071b0] frame I:3     Avg QP:21.90  size: 50680
[stderr] [libx264 @ 0x1397071b0] frame P:64    Avg QP:23.90  size: 41096
[stderr] [libx264 @ 0x1397071b0] frame B:121   Avg QP:26.02  size: 23886
[stderr] [libx264 @ 0x1397071b0] consecutive B-frames: 10.1% 10.6%  4.8% 74.5%
[stderr] [libx264 @ 0x1397071b0] mb I  I16..4:  2.1%  9.9% 87.9%
[stderr] [libx264 @ 0x1397071b0] mb P  I16..4:  2.1%  8.0% 31.9%  P16..4: 15.9% 16.0% 25.5%  0.0%  0.0%    skip: 0.7%
[stderr] [libx264 @ 0x1397071b0] mb B  I16..4:  0.8%  1.4%  3.1%  B16..8: 28.1% 22.3% 18.6%  direct:17.6%  skip: 8.1%  L0:32.4% L1:31.2% BI:36.4%
[stderr] [libx264 @ 0x1397071b0] 8x8 transform intra:19.6% inter:35.1%
[stderr] [libx264 @ 0x1397071b0] coded y,uvDC,uvAC intra: 91.1% 73.6% 37.3% inter: 67.1% 31.1% 2.6%
[stderr] [libx264 @ 0x1397071b0] i16 v,h,dc,p: 39% 23% 24% 15%
[stderr] [libx264 @ 0x1397071b0] i8 v,h,dc,ddl,ddr,vr,hd,vl,hu: 21% 19% 15%  3%  9%  7%  9%  8%  8%
[stderr] [libx264 @ 0x1397071b0] i4 v,h,dc,ddl,ddr,vr,hd,vl,hu: 15% 17% 13%  4% 16%  9% 11%  8%  9%
[stderr] [libx264 @ 0x1397071b0] i8c dc,h,v,p: 47% 22% 20% 10%
[stderr] [libx264 @ 0x1397071b0] Weighted P-Frames: Y:15.6% UV:4.7%
[stderr] [libx264 @ 0x1397071b0] kb/s:7201.13
[stderr] [aac @ 0x13976d390] Qavg: 389.175
[stderr] ffmpeg version 7.1 Copyright (c) 2000-2024 the FFmpeg developers
[stderr]   built with Apple clang version 15.0.0 (clang-1500.1.0.2.5)
[stderr]   configuration: --prefix=/opt/homebrew/Cellar/ffmpeg/7.1_3 --enable-shared --enable-pthreads --enable-version3 --cc=clang --host-cflags= --host-ldflags='-Wl,-ld_classic' --enable-ffplay --enable-gnutls --enable-gpl --enable-libaom --enable-libaribb24 --enable-libbluray --enable-libdav1d --enable-libharfbuzz --enable-libjxl --enable-libmp3lame --enable-libopus --enable-librav1e --enable-librist --enable-librubberband --enable-libsnappy --enable-libsrt --enable-libssh --enable-libsvtav1 --enable-libtesseract --enable-libtheora --enable-libvidstab --enable-libvmaf --enable-libvorbis --enable-libvpx --enable-libwebp --enable-libx264 --enable-libx265 --enable-libxml2 --enable-libxvid --enable-lzma --enable-libfontconfig --enable-libfreetype --enable-frei0r --enable-libass --enable-libopencore-amrnb --enable-libopencore-amrwb --enable-libopenjpeg --enable-libspeex --enable-libsoxr --enable-libzmq --enable-libzimg --disable-libjack --disable-indev=jack --enable-videotoolbox --enable-audiotoolbox --enable-neon
[stderr]   libavutil      59. 39.100 / 59. 39.100
[stderr]   libavcodec     61. 19.100 / 61. 19.100
[stderr]   libavformat    61.  7.100 / 61.  7.100
[stderr]   libavdevice    61.  3.100 / 61.  3.100
[stderr]   libavfilter    10.  4.100 / 10.  4.100
[stderr]   libswscale      8.  3.100 /  8.  3.100
[stderr]   libswresample   5.  3.100 /  5.  3.100
[stderr]   libpostproc    58.  3.100 / 58.  3.100
[stderr] Input #0, mov,mp4,m4a,3gp,3g2,mj2, from '/Users/johndoe/Documents/company/video_ops/scripts/abstract_algebra_in_proof_assistant/sets-v2-04-set-equality/takes/take-mrhmharr/source.mp4':
[stderr]   Metadata:
[stderr]     major_brand     : qt  
[stderr]     minor_version   : 0
[stderr]     compatible_brands: qt  
[stderr]     creation_time   : 2026-07-12T09:54:07.000000Z
[stderr]   Duration: 00:06:08.94, start: 0.000000, bitrate: 2946 kb/s
[stderr]   Stream #0:0[0x1](und): Video: hevc (Main) (hvc1 / 0x31637668), yuv420p(tv, smpte170m/bt709/bt709), 640x480, 2834 kb/s, 29.95 fps, 29.83 tbr, 600 tbn (default)
[stderr]       Metadata:
[stderr]         creation_time   : 2026-07-12T09:54:07.000000Z
[stderr]         handler_name    : Core Media Video
[stderr]         vendor_id       : [0][0][0][0]
[stderr]         encoder         : HEVC
[stderr]       Side data:
[stderr]         displaymatrix: rotation of -180.00 degrees
[stderr]   Stream #0:1[0x2](und): Audio: aac (LC) (mp4a / 0x6134706D), 48000 Hz, mono, fltp, 100 kb/s (default)
[stderr]       Metadata:
[stderr]         creation_time   : 2026-07-12T09:54:07.000000Z
[stderr]         handler_name    : Core Media Audio
[stderr]         vendor_id       : [0][0][0][0]
[stderr]   Stream #0:2[0x3](und): Data: none (mebx / 0x7862656D) (default)
[stderr]       Metadata:
[stderr]         creation_time   : 2026-07-12T09:54:07.000000Z
[stderr]         handler_name    : Core Media Metadata
[stderr] Stream mapping:
[stderr]   Stream #0:0 -> #0:0 (hevc (native) -> h264 (libx264))
[stderr]   Stream #0:1 -> #0:1 (aac (native) -> aac (native))
[stderr] Press [q] to stop, [?] for help
[stderr] [libx264 @ 0x140e07d40] using cpu capabilities: ARMv8 NEON
[stderr] [libx264 @ 0x140e07d40] profile High, level 3.0, 4:2:0, 8-bit
[stderr] [libx264 @ 0x140e07d40] 264 - core 164 r3108 31e19f9 - H.264/MPEG-4 AVC codec - Copyleft 2003-2023 - http://www.videolan.org/x264.html - options: cabac=1 ref=1 deblock=1:0:0 analyse=0x3:0x113 me=hex subme=2 psy=1 psy_rd=1.00:0.00 mixed_ref=0 me_range=16 chroma_me=1 trellis=0 8x8dct=1 cqm=0 deadzone=21,11 fast_pskip=1 chroma_qp_offset=0 threads=15 lookahead_threads=3 sliced_threads=0 nr=0 decimate=1 interlaced=0 bluray_compat=0 constrained_intra=0 bframes=3 b_pyramid=2 b_adapt=1 b_bias=0 direct=1 weightb=1 open_gop=0 weightp=1 keyint=250 keyint_min=25 scenecut=40 intra_refresh=0 rc_lookahead=10 rc=crf mbtree=1 crf=18.0 qcomp=0.60 qpmin=0 qpmax=69 qpstep=4 ip_ratio=1.40 aq=1:1.00
[stderr] Output #0, mp4, to '/Users/johndoe/Documents/company/video_ops/scripts/abstract_algebra_in_proof_assistant/sets-v2-04-set-equality/takes/take-mrhmharr/pipeline/cut/cut-mrhswgb9/chunks/chunk-015.mp4':
[stderr]   Metadata:
[stderr]     major_brand     : qt  
[stderr]     minor_version   : 0
[stderr]     compatible_brands: qt  
[stderr]     encoder         : Lavf61.7.100
[stderr]   Stream #0:0(und): Video: h264 (avc1 / 0x31637661), yuv420p(tv, smpte170m/bt709/bt709, progressive), 640x480, q=2-31, 29.83 fps, 11456 tbn (default)
[stderr]       Metadata:
[stderr]         creation_time   : 2026-07-12T09:54:07.000000Z
[stderr]         handler_name    : Core Media Video
[stderr]         vendor_id       : [0][0][0][0]
[stderr]         encoder         : Lavc61.19.100 libx264
[stderr]       Side data:
[stderr]         cpb: bitrate max/min/avg: 0/0/0 buffer size: 0 vbv_delay: N/A
[stderr]   Stream #0:1(und): Audio: aac (LC) (mp4a / 0x6134706D), 48000 Hz, mono, fltp, 69 kb/s (default)
[stderr]       Metadata:
[stderr]         creation_time   : 2026-07-12T09:54:07.000000Z
[stderr]         handler_name    : Core Media Audio
[stderr]         vendor_id       : [0][0][0][0]
[stderr]         encoder         : Lavc61.19.100 aac
[stderr] [out#0/mp4 @ 0x140e06fc0] video:6608KiB audio:71KiB subtitle:0KiB other streams:0KiB global headers:0KiB muxing overhead: 0.152477%
[stderr] frame=  248 fps=0.0 q=-1.0 Lsize=    6689KiB time=00:00:08.24 bitrate=6645.3kbits/s speed=17.7x    
[stderr] [libx264 @ 0x140e07d40] frame I:3     Avg QP:21.44  size: 46592
[stderr] [libx264 @ 0x140e07d40] frame P:79    Avg QP:23.33  size: 39800
[stderr] [libx264 @ 0x140e07d40] frame B:166   Avg QP:25.32  size: 20973
[stderr] [libx264 @ 0x140e07d40] consecutive B-frames:  8.1%  4.8%  9.7% 77.4%
[stderr] [libx264 @ 0x140e07d40] mb I  I16..4:  3.9% 13.2% 82.9%
[stderr] [libx264 @ 0x140e07d40] mb P  I16..4:  2.6% 12.0% 29.9%  P16..4: 14.6% 15.4% 24.8%  0.0%  0.0%    skip: 0.6%
[stderr] [libx264 @ 0x140e07d40] mb B  I16..4:  0.9%  2.5%  2.7%  B16..8: 27.1% 19.9% 15.2%  direct:20.1%  skip:11.6%  L0:31.4% L1:31.2% BI:37.4%
[stderr] [libx264 @ 0x140e07d40] 8x8 transform intra:29.0% inter:37.5%
[stderr] [libx264 @ 0x140e07d40] coded y,uvDC,uvAC intra: 88.4% 74.3% 41.9% inter: 63.6% 34.6% 4.7%
[stderr] [libx264 @ 0x140e07d40] i16 v,h,dc,p: 48% 15% 23% 14%
[stderr] [libx264 @ 0x140e07d40] i8 v,h,dc,ddl,ddr,vr,hd,vl,hu: 25% 19% 15%  3%  9%  8%  7%  7%  8%
[stderr] [libx264 @ 0x140e07d40] i4 v,h,dc,ddl,ddr,vr,hd,vl,hu: 14% 19% 13%  4% 15%  9% 11%  6% 10%
[stderr] [libx264 @ 0x140e07d40] i8c dc,h,v,p: 48% 22% 20% 10%
[stderr] [libx264 @ 0x140e07d40] Weighted P-Frames: Y:17.7% UV:5.1%
[stderr] [libx264 @ 0x140e07d40] kb/s:6510.85
[stderr] [aac @ 0x140e6df20] Qavg: 171.525
[stderr] ffmpeg version 7.1 Copyright (c) 2000-2024 the FFmpeg developers
[stderr]   built with Apple clang version 15.0.0 (clang-1500.1.0.2.5)
[stderr]   configuration: --prefix=/opt/homebrew/Cellar/ffmpeg/7.1_3 --enable-shared --enable-pthreads --enable-version3 --cc=clang --host-cflags= --host-ldflags='-Wl,-ld_classic' --enable-ffplay --enable-gnutls --enable-gpl --enable-libaom --enable-libaribb24 --enable-libbluray --enable-libdav1d --enable-libharfbuzz --enable-libjxl --enable-libmp3lame --enable-libopus --enable-librav1e --enable-librist --enable-librubberband --enable-libsnappy --enable-libsrt --enable-libssh --enable-libsvtav1 --enable-libtesseract --enable-libtheora --enable-libvidstab --enable-libvmaf --enable-libvorbis --enable-libvpx --enable-libwebp --enable-libx264 --enable-libx265 --enable-libxml2 --enable-libxvid --enable-lzma --enable-libfontconfig --enable-libfreetype --enable-frei0r --enable-libass --enable-libopencore-amrnb --enable-libopencore-amrwb --enable-libopenjpeg --enable-libspeex --enable-libsoxr --enable-libzmq --enable-libzimg --disable-libjack --disable-indev=jack --enable-videotoolbox --enable-audiotoolbox --enable-neon
[stderr]   libavutil      59. 39.100 / 59. 39.100
[stderr]   libavcodec     61. 19.100 / 61. 19.100
[stderr]   libavformat    61.  7.100 / 61.  7.100
[stderr]   libavdevice    61.  3.100 / 61.  3.100
[stderr]   libavfilter    10.  4.100 / 10.  4.100
[stderr]   libswscale      8.  3.100 /  8.  3.100
[stderr]   libswresample   5.  3.100 /  5.  3.100
[stderr]   libpostproc    58.  3.100 / 58.  3.100
[stderr] Input #0, mov,mp4,m4a,3gp,3g2,mj2, from '/Users/johndoe/Documents/company/video_ops/scripts/abstract_algebra_in_proof_assistant/sets-v2-04-set-equality/takes/take-mrhmharr/source.mp4':
[stderr]   Metadata:
[stderr]     major_brand     : qt  
[stderr]     minor_version   : 0
[stderr]     compatible_brands: qt  
[stderr]     creation_time   : 2026-07-12T09:54:07.000000Z
[stderr]   Duration: 00:06:08.94, start: 0.000000, bitrate: 2946 kb/s
[stderr]   Stream #0:0[0x1](und): Video: hevc (Main) (hvc1 / 0x31637668), yuv420p(tv, smpte170m/bt709/bt709), 640x480, 2834 kb/s, 29.95 fps, 29.83 tbr, 600 tbn (default)
[stderr]       Metadata:
[stderr]         creation_time   : 2026-07-12T09:54:07.000000Z
[stderr]         handler_name    : Core Media Video
[stderr]         vendor_id       : [0][0][0][0]
[stderr]         encoder         : HEVC
[stderr]       Side data:
[stderr]         displaymatrix: rotation of -180.00 degrees
[stderr]   Stream #0:1[0x2](und): Audio: aac (LC) (mp4a / 0x6134706D), 48000 Hz, mono, fltp, 100 kb/s (default)
[stderr]       Metadata:
[stderr]         creation_time   : 2026-07-12T09:54:07.000000Z
[stderr]         handler_name    : Core Media Audio
[stderr]         vendor_id       : [0][0][0][0]
[stderr]   Stream #0:2[0x3](und): Data: none (mebx / 0x7862656D) (default)
[stderr]       Metadata:
[stderr]         creation_time   : 2026-07-12T09:54:07.000000Z
[stderr]         handler_name    : Core Media Metadata
[stderr] Stream mapping:
[stderr]   Stream #0:0 -> #0:0 (hevc (native) -> h264 (libx264))
[stderr]   Stream #0:1 -> #0:1 (aac (native) -> aac (native))
[stderr] Press [q] to stop, [?] for help
[stderr] [libx264 @ 0x124605630] using cpu capabilities: ARMv8 NEON
[stderr] [libx264 @ 0x124605630] profile High, level 3.0, 4:2:0, 8-bit
[stderr] [libx264 @ 0x124605630] 264 - core 164 r3108 31e19f9 - H.264/MPEG-4 AVC codec - Copyleft 2003-2023 - http://www.videolan.org/x264.html - options: cabac=1 ref=1 deblock=1:0:0 analyse=0x3:0x113 me=hex subme=2 psy=1 psy_rd=1.00:0.00 mixed_ref=0 me_range=16 chroma_me=1 trellis=0 8x8dct=1 cqm=0 deadzone=21,11 fast_pskip=1 chroma_qp_offset=0 threads=15 lookahead_threads=3 sliced_threads=0 nr=0 decimate=1 interlaced=0 bluray_compat=0 constrained_intra=0 bframes=3 b_pyramid=2 b_adapt=1 b_bias=0 direct=1 weightb=1 open_gop=0 weightp=1 keyint=250 keyint_min=25 scenecut=40 intra_refresh=0 rc_lookahead=10 rc=crf mbtree=1 crf=18.0 qcomp=0.60 qpmin=0 qpmax=69 qpstep=4 ip_ratio=1.40 aq=1:1.00
[stderr] Output #0, mp4, to '/Users/johndoe/Documents/company/video_ops/scripts/abstract_algebra_in_proof_assistant/sets-v2-04-set-equality/takes/take-mrhmharr/pipeline/cut/cut-mrhswgb9/chunks/chunk-016.mp4':
[stderr]   Metadata:
[stderr]     major_brand     : qt  
[stderr]     minor_version   : 0
[stderr]     compatible_brands: qt  
[stderr]     encoder         : Lavf61.7.100
[stderr]   Stream #0:0(und): Video: h264 (avc1 / 0x31637661), yuv420p(tv, smpte170m/bt709/bt709, progressive), 640x480, q=2-31, 29.83 fps, 11456 tbn (default)
[stderr]       Metadata:
[stderr]         creation_time   : 2026-07-12T09:54:07.000000Z
[stderr]         handler_name    : Core Media Video
[stderr]         vendor_id       : [0][0][0][0]
[stderr]         encoder         : Lavc61.19.100 libx264
[stderr]       Side data:
[stderr]         cpb: bitrate max/min/avg: 0/0/0 buffer size: 0 vbv_delay: N/A
[stderr]   Stream #0:1(und): Audio: aac (LC) (mp4a / 0x6134706D), 48000 Hz, mono, fltp, 69 kb/s (default)
[stderr]       Metadata:
[stderr]         creation_time   : 2026-07-12T09:54:07.000000Z
[stderr]         handler_name    : Core Media Audio
[stderr]         vendor_id       : [0][0][0][0]
[stderr]         encoder         : Lavc61.19.100 aac
[stderr] [out#0/mp4 @ 0x1246046e0] video:615KiB audio:8KiB subtitle:0KiB other streams:0KiB global headers:0KiB muxing overhead: 0.377403%
[stderr] frame=   27 fps=0.0 q=-1.0 Lsize=     625KiB time=00:00:00.87 bitrate=5879.0kbits/s speed=12.6x    
[stderr] [libx264 @ 0x124605630] frame I:1     Avg QP:23.94  size: 38525
[stderr] [libx264 @ 0x124605630] frame P:7     Avg QP:22.72  size: 35582
[stderr] [libx264 @ 0x124605630] frame B:19    Avg QP:24.59  size: 17987
[stderr] [libx264 @ 0x124605630] consecutive B-frames:  3.7%  0.0% 22.2% 74.1%
[stderr] [libx264 @ 0x124605630] mb I  I16..4:  4.4% 19.2% 76.3%
[stderr] [libx264 @ 0x124605630] mb P  I16..4:  6.2% 17.1% 39.9%  P16..4:  6.8% 11.2% 18.2%  0.0%  0.0%    skip: 0.8%
[stderr] [libx264 @ 0x124605630] mb B  I16..4:  1.4%  3.6%  3.0%  B16..8: 27.5% 20.0% 13.9%  direct:18.1%  skip:12.5%  L0:33.8% L1:31.0% BI:35.2%
[stderr] [libx264 @ 0x124605630] 8x8 transform intra:29.7% inter:37.1%
[stderr] [libx264 @ 0x124605630] coded y,uvDC,uvAC intra: 84.9% 72.4% 42.4% inter: 56.8% 37.1% 5.6%
[stderr] [libx264 @ 0x124605630] i16 v,h,dc,p: 62% 10% 18% 10%
[stderr] [libx264 @ 0x124605630] i8 v,h,dc,ddl,ddr,vr,hd,vl,hu: 27% 15% 13%  3% 10% 11%  7%  7%  8%
[stderr] [libx264 @ 0x124605630] i4 v,h,dc,ddl,ddr,vr,hd,vl,hu: 14% 15% 13%  4% 17%  9% 12%  6% 10%
[stderr] [libx264 @ 0x124605630] i8c dc,h,v,p: 49% 21% 20% 10%
[stderr] [libx264 @ 0x124605630] Weighted P-Frames: Y:28.6% UV:0.0%
[stderr] [libx264 @ 0x124605630] kb/s:5563.20
[stderr] [aac @ 0x12466b720] Qavg: 1646.242
[stderr] ffmpeg version 7.1 Copyright (c) 2000-2024 the FFmpeg developers
[stderr]   built with Apple clang version 15.0.0 (clang-1500.1.0.2.5)
[stderr]   configuration: --prefix=/opt/homebrew/Cellar/ffmpeg/7.1_3 --enable-shared --enable-pthreads --enable-version3 --cc=clang --host-cflags= --host-ldflags='-Wl,-ld_classic' --enable-ffplay --enable-gnutls --enable-gpl --enable-libaom --enable-libaribb24 --enable-libbluray --enable-libdav1d --enable-libharfbuzz --enable-libjxl --enable-libmp3lame --enable-libopus --enable-librav1e --enable-librist --enable-librubberband --enable-libsnappy --enable-libsrt --enable-libssh --enable-libsvtav1 --enable-libtesseract --enable-libtheora --enable-libvidstab --enable-libvmaf --enable-libvorbis --enable-libvpx --enable-libwebp --enable-libx264 --enable-libx265 --enable-libxml2 --enable-libxvid --enable-lzma --enable-libfontconfig --enable-libfreetype --enable-frei0r --enable-libass --enable-libopencore-amrnb --enable-libopencore-amrwb --enable-libopenjpeg --enable-libspeex --enable-libsoxr --enable-libzmq --enable-libzimg --disable-libjack --disable-indev=jack --enable-videotoolbox --enable-audiotoolbox --enable-neon
[stderr]   libavutil      59. 39.100 / 59. 39.100
[stderr]   libavcodec     61. 19.100 / 61. 19.100
[stderr]   libavformat    61.  7.100 / 61.  7.100
[stderr]   libavdevice    61.  3.100 / 61.  3.100
[stderr]   libavfilter    10.  4.100 / 10.  4.100
[stderr]   libswscale      8.  3.100 /  8.  3.100
[stderr]   libswresample   5.  3.100 /  5.  3.100
[stderr]   libpostproc    58.  3.100 / 58.  3.100
[stderr] Input #0, mov,mp4,m4a,3gp,3g2,mj2, from '/Users/johndoe/Documents/company/video_ops/scripts/abstract_algebra_in_proof_assistant/sets-v2-04-set-equality/takes/take-mrhmharr/source.mp4':
[stderr]   Metadata:
[stderr]     major_brand     : qt  
[stderr]     minor_version   : 0
[stderr]     compatible_brands: qt  
[stderr]     creation_time   : 2026-07-12T09:54:07.000000Z
[stderr]   Duration: 00:06:08.94, start: 0.000000, bitrate: 2946 kb/s
[stderr]   Stream #0:0[0x1](und): Video: hevc (Main) (hvc1 / 0x31637668), yuv420p(tv, smpte170m/bt709/bt709), 640x480, 2834 kb/s, 29.95 fps, 29.83 tbr, 600 tbn (default)
[stderr]       Metadata:
[stderr]         creation_time   : 2026-07-12T09:54:07.000000Z
[stderr]         handler_name    : Core Media Video
[stderr]         vendor_id       : [0][0][0][0]
[stderr]         encoder         : HEVC
[stderr]       Side data:
[stderr]         displaymatrix: rotation of -180.00 degrees
[stderr]   Stream #0:1[0x2](und): Audio: aac (LC) (mp4a / 0x6134706D), 48000 Hz, mono, fltp, 100 kb/s (default)
[stderr]       Metadata:
[stderr]         creation_time   : 2026-07-12T09:54:07.000000Z
[stderr]         handler_name    : Core Media Audio
[stderr]         vendor_id       : [0][0][0][0]
[stderr]   Stream #0:2[0x3](und): Data: none (mebx / 0x7862656D) (default)
[stderr]       Metadata:
[stderr]         creation_time   : 2026-07-12T09:54:07.000000Z
[stderr]         handler_name    : Core Media Metadata
[stderr] Stream mapping:
[stderr]   Stream #0:0 -> #0:0 (hevc (native) -> h264 (libx264))
[stderr]   Stream #0:1 -> #0:1 (aac (native) -> aac (native))
[stderr] Press [q] to stop, [?] for help
[stderr] [libx264 @ 0x124635e90] using cpu capabilities: ARMv8 NEON
[stderr] [libx264 @ 0x124635e90] profile High, level 3.0, 4:2:0, 8-bit
[stderr] [libx264 @ 0x124635e90] 264 - core 164 r3108 31e19f9 - H.264/MPEG-4 AVC codec - Copyleft 2003-2023 - http://www.videolan.org/x264.html - options: cabac=1 ref=1 deblock=1:0:0 analyse=0x3:0x113 me=hex subme=2 psy=1 psy_rd=1.00:0.00 mixed_ref=0 me_range=16 chroma_me=1 trellis=0 8x8dct=1 cqm=0 deadzone=21,11 fast_pskip=1 chroma_qp_offset=0 threads=15 lookahead_threads=3 sliced_threads=0 nr=0 decimate=1 interlaced=0 bluray_compat=0 constrained_intra=0 bframes=3 b_pyramid=2 b_adapt=1 b_bias=0 direct=1 weightb=1 open_gop=0 weightp=1 keyint=250 keyint_min=25 scenecut=40 intra_refresh=0 rc_lookahead=10 rc=crf mbtree=1 crf=18.0 qcomp=0.60 qpmin=0 qpmax=69 qpstep=4 ip_ratio=1.40 aq=1:1.00
[stderr] Output #0, mp4, to '/Users/johndoe/Documents/company/video_ops/scripts/abstract_algebra_in_proof_assistant/sets-v2-04-set-equality/takes/take-mrhmharr/pipeline/cut/cut-mrhswgb9/chunks/chunk-017.mp4':
[stderr]   Metadata:
[stderr]     major_brand     : qt  
[stderr]     minor_version   : 0
[stderr]     compatible_brands: qt  
[stderr]     encoder         : Lavf61.7.100
[stderr]   Stream #0:0(und): Video: h264 (avc1 / 0x31637661), yuv420p(tv, smpte170m/bt709/bt709, progressive), 640x480, q=2-31, 29.83 fps, 11456 tbn (default)
[stderr]       Metadata:
[stderr]         creation_time   : 2026-07-12T09:54:07.000000Z
[stderr]         handler_name    : Core Media Video
[stderr]         vendor_id       : [0][0][0][0]
[stderr]         encoder         : Lavc61.19.100 libx264
[stderr]       Side data:
[stderr]         cpb: bitrate max/min/avg: 0/0/0 buffer size: 0 vbv_delay: N/A
[stderr]   Stream #0:1(und): Audio: aac (LC) (mp4a / 0x6134706D), 48000 Hz, mono, fltp, 69 kb/s (default)
[stderr]       Metadata:
[stderr]         creation_time   : 2026-07-12T09:54:07.000000Z
[stderr]         handler_name    : Core Media Audio
[stderr]         vendor_id       : [0][0][0][0]
[stderr]         encoder         : Lavc61.19.100 aac
[stderr] [out#0/mp4 @ 0x124640040] video:3806KiB audio:45KiB subtitle:0KiB other streams:0KiB global headers:0KiB muxing overhead: 0.181569%
[stderr] frame=  158 fps=0.0 q=-1.0 Lsize=    3858KiB time=00:00:05.26 bitrate=6005.5kbits/s speed=17.5x    
[stderr] [libx264 @ 0x124635e90] frame I:2     Avg QP:20.44  size: 50247
[stderr] [libx264 @ 0x124635e90] frame P:49    Avg QP:22.70  size: 40552
[stderr] [libx264 @ 0x124635e90] frame B:107   Avg QP:25.23  size: 16908
[stderr] [libx264 @ 0x124635e90] consecutive B-frames:  7.0%  6.3%  5.7% 81.0%
[stderr] [libx264 @ 0x124635e90] mb I  I16..4:  5.7% 10.0% 84.2%
[stderr] [libx264 @ 0x124635e90] mb P  I16..4:  3.1%  7.2% 21.5%  P16..4: 18.4% 19.2% 29.7%  0.0%  0.0%    skip: 0.9%
[stderr] [libx264 @ 0x124635e90] mb B  I16..4:  0.5%  0.5%  1.5%  B16..8: 30.1% 17.1% 11.9%  direct:20.1%  skip:18.3%  L0:30.9% L1:29.8% BI:39.3%
[stderr] [libx264 @ 0x124635e90] 8x8 transform intra:21.3% inter:34.1%
[stderr] [libx264 @ 0x124635e90] coded y,uvDC,uvAC intra: 88.1% 80.0% 49.9% inter: 55.5% 31.4% 6.0%
[stderr] [libx264 @ 0x124635e90] i16 v,h,dc,p: 64% 10% 20%  6%
[stderr] [libx264 @ 0x124635e90] i8 v,h,dc,ddl,ddr,vr,hd,vl,hu: 23% 19% 15%  3%  9%  8%  8%  7%  8%
[stderr] [libx264 @ 0x124635e90] i4 v,h,dc,ddl,ddr,vr,hd,vl,hu: 15% 18% 13%  4% 13%  8% 10%  7% 11%
[stderr] [libx264 @ 0x124635e90] i8c dc,h,v,p: 48% 20% 20% 12%
[stderr] [libx264 @ 0x124635e90] Weighted P-Frames: Y:22.4% UV:4.1%
[stderr] [libx264 @ 0x124635e90] kb/s:5886.09
[stderr] [aac @ 0x106f22590] Qavg: 133.507
[stderr] ffmpeg version 7.1 Copyright (c) 2000-2024 the FFmpeg developers
[stderr]   built with Apple clang version 15.0.0 (clang-1500.1.0.2.5)
[stderr]   configuration: --prefix=/opt/homebrew/Cellar/ffmpeg/7.1_3 --enable-shared --enable-pthreads --enable-version3 --cc=clang --host-cflags= --host-ldflags='-Wl,-ld_classic' --enable-ffplay --enable-gnutls --enable-gpl --enable-libaom --enable-libaribb24 --enable-libbluray --enable-libdav1d --enable-libharfbuzz --enable-libjxl --enable-libmp3lame --enable-libopus --enable-librav1e --enable-librist --enable-librubberband --enable-libsnappy --enable-libsrt --enable-libssh --enable-libsvtav1 --enable-libtesseract --enable-libtheora --enable-libvidstab --enable-libvmaf --enable-libvorbis --enable-libvpx --enable-libwebp --enable-libx264 --enable-libx265 --enable-libxml2 --enable-libxvid --enable-lzma --enable-libfontconfig --enable-libfreetype --enable-frei0r --enable-libass --enable-libopencore-amrnb --enable-libopencore-amrwb --enable-libopenjpeg --enable-libspeex --enable-libsoxr --enable-libzmq --enable-libzimg --disable-libjack --disable-indev=jack --enable-videotoolbox --enable-audiotoolbox --enable-neon
[stderr]   libavutil      59. 39.100 / 59. 39.100
[stderr]   libavcodec     61. 19.100 / 61. 19.100
[stderr]   libavformat    61.  7.100 / 61.  7.100
[stderr]   libavdevice    61.  3.100 / 61.  3.100
[stderr]   libavfilter    10.  4.100 / 10.  4.100
[stderr]   libswscale      8.  3.100 /  8.  3.100
[stderr]   libswresample   5.  3.100 /  5.  3.100
[stderr]   libpostproc    58.  3.100 / 58.  3.100
[stderr] Input #0, mov,mp4,m4a,3gp,3g2,mj2, from '/Users/johndoe/Documents/company/video_ops/scripts/abstract_algebra_in_proof_assistant/sets-v2-04-set-equality/takes/take-mrhmharr/source.mp4':
[stderr]   Metadata:
[stderr]     major_brand     : qt  
[stderr]     minor_version   : 0
[stderr]     compatible_brands: qt  
[stderr]     creation_time   : 2026-07-12T09:54:07.000000Z
[stderr]   Duration: 00:06:08.94, start: 0.000000, bitrate: 2946 kb/s
[stderr]   Stream #0:0[0x1](und): Video: hevc (Main) (hvc1 / 0x31637668), yuv420p(tv, smpte170m/bt709/bt709), 640x480, 2834 kb/s, 29.95 fps, 29.83 tbr, 600 tbn (default)
[stderr]       Metadata:
[stderr]         creation_time   : 2026-07-12T09:54:07.000000Z
[stderr]         handler_name    : Core Media Video
[stderr]         vendor_id       : [0][0][0][0]
[stderr]         encoder         : HEVC
[stderr]       Side data:
[stderr]         displaymatrix: rotation of -180.00 degrees
[stderr]   Stream #0:1[0x2](und): Audio: aac (LC) (mp4a / 0x6134706D), 48000 Hz, mono, fltp, 100 kb/s (default)
[stderr]       Metadata:
[stderr]         creation_time   : 2026-07-12T09:54:07.000000Z
[stderr]         handler_name    : Core Media Audio
[stderr]         vendor_id       : [0][0][0][0]
[stderr]   Stream #0:2[0x3](und): Data: none (mebx / 0x7862656D) (default)
[stderr]       Metadata:
[stderr]         creation_time   : 2026-07-12T09:54:07.000000Z
[stderr]         handler_name    : Core Media Metadata
[stderr] Stream mapping:
[stderr]   Stream #0:0 -> #0:0 (hevc (native) -> h264 (libx264))
[stderr]   Stream #0:1 -> #0:1 (aac (native) -> aac (native))
[stderr] Press [q] to stop, [?] for help
[stderr] [libx264 @ 0x11fe071a0] using cpu capabilities: ARMv8 NEON
[stderr] [libx264 @ 0x11fe071a0] profile High, level 3.0, 4:2:0, 8-bit
[stderr] [libx264 @ 0x11fe071a0] 264 - core 164 r3108 31e19f9 - H.264/MPEG-4 AVC codec - Copyleft 2003-2023 - http://www.videolan.org/x264.html - options: cabac=1 ref=1 deblock=1:0:0 analyse=0x3:0x113 me=hex subme=2 psy=1 psy_rd=1.00:0.00 mixed_ref=0 me_range=16 chroma_me=1 trellis=0 8x8dct=1 cqm=0 deadzone=21,11 fast_pskip=1 chroma_qp_offset=0 threads=15 lookahead_threads=3 sliced_threads=0 nr=0 decimate=1 interlaced=0 bluray_compat=0 constrained_intra=0 bframes=3 b_pyramid=2 b_adapt=1 b_bias=0 direct=1 weightb=1 open_gop=0 weightp=1 keyint=250 keyint_min=25 scenecut=40 intra_refresh=0 rc_lookahead=10 rc=crf mbtree=1 crf=18.0 qcomp=0.60 qpmin=0 qpmax=69 qpstep=4 ip_ratio=1.40 aq=1:1.00
[stderr] Output #0, mp4, to '/Users/johndoe/Documents/company/video_ops/scripts/abstract_algebra_in_proof_assistant/sets-v2-04-set-equality/takes/take-mrhmharr/pipeline/cut/cut-mrhswgb9/chunks/chunk-018.mp4':
[stderr]   Metadata:
[stderr]     major_brand     : qt  
[stderr]     minor_version   : 0
[stderr]     compatible_brands: qt  
[stderr]     encoder         : Lavf61.7.100
[stderr]   Stream #0:0(und): Video: h264 (avc1 / 0x31637661), yuv420p(tv, smpte170m/bt709/bt709, progressive), 640x480, q=2-31, 29.83 fps, 11456 tbn (default)
[stderr]       Metadata:
[stderr]         creation_time   : 2026-07-12T09:54:07.000000Z
[stderr]         handler_name    : Core Media Video
[stderr]         vendor_id       : [0][0][0][0]
[stderr]         encoder         : Lavc61.19.100 libx264
[stderr]       Side data:
[stderr]         cpb: bitrate max/min/avg: 0/0/0 buffer size: 0 vbv_delay: N/A
[stderr]   Stream #0:1(und): Audio: aac (LC) (mp4a / 0x6134706D), 48000 Hz, mono, fltp, 69 kb/s (default)
[stderr]       Metadata:
[stderr]         creation_time   : 2026-07-12T09:54:07.000000Z
[stderr]         handler_name    : Core Media Audio
[stderr]         vendor_id       : [0][0][0][0]
[stderr]         encoder         : Lavc61.19.100 aac
[stderr] [out#0/mp4 @ 0x11fe06380] video:3732KiB audio:43KiB subtitle:0KiB other streams:0KiB global headers:0KiB muxing overhead: 0.177980%
[stderr] frame=  150 fps=0.0 q=-1.0 Lsize=    3782KiB time=00:00:04.96 bitrate=6244.8kbits/s speed=16.6x    
[stderr] [libx264 @ 0x11fe071a0] frame I:1     Avg QP:22.06  size: 45262
[stderr] [libx264 @ 0x11fe071a0] frame P:46    Avg QP:22.98  size: 39436
[stderr] [libx264 @ 0x11fe071a0] frame B:103   Avg QP:25.33  size: 19047
[stderr] [libx264 @ 0x11fe071a0] consecutive B-frames:  6.0%  5.3%  6.0% 82.7%
[stderr] [libx264 @ 0x11fe071a0] mb I  I16..4:  2.7% 13.8% 83.5%
[stderr] [libx264 @ 0x11fe071a0] mb P  I16..4:  1.9%  7.5% 25.7%  P16..4: 18.2% 18.3% 27.7%  0.0%  0.0%    skip: 0.8%
[stderr] [libx264 @ 0x11fe071a0] mb B  I16..4:  0.7%  1.0%  1.9%  B16..8: 30.2% 19.2% 13.9%  direct:19.5%  skip:13.7%  L0:30.4% L1:29.7% BI:40.0%
[stderr] [libx264 @ 0x11fe071a0] 8x8 transform intra:22.2% inter:34.4%
[stderr] [libx264 @ 0x11fe071a0] coded y,uvDC,uvAC intra: 90.6% 78.3% 44.6% inter: 59.4% 30.7% 4.7%
[stderr] [libx264 @ 0x11fe071a0] i16 v,h,dc,p: 49% 21% 20% 10%
[stderr] [libx264 @ 0x11fe071a0] i8 v,h,dc,ddl,ddr,vr,hd,vl,hu: 21% 18% 15%  4%  8%  8%  8%  7% 10%
[stderr] [libx264 @ 0x11fe071a0] i4 v,h,dc,ddl,ddr,vr,hd,vl,hu: 15% 18% 14%  4% 14%  8% 10%  7% 11%
[stderr] [libx264 @ 0x11fe071a0] i8c dc,h,v,p: 49% 20% 21% 10%
[stderr] [libx264 @ 0x11fe071a0] Weighted P-Frames: Y:10.9% UV:4.3%
[stderr] [libx264 @ 0x11fe071a0] kb/s:6079.99
[stderr] [aac @ 0x11fe6cff0] Qavg: 398.329
[stderr] ffmpeg version 7.1 Copyright (c) 2000-2024 the FFmpeg developers
[stderr]   built with Apple clang version 15.0.0 (clang-1500.1.0.2.5)
[stderr]   configuration: --prefix=/opt/homebrew/Cellar/ffmpeg/7.1_3 --enable-shared --enable-pthreads --enable-version3 --cc=clang --host-cflags= --host-ldflags='-Wl,-ld_classic' --enable-ffplay --enable-gnutls --enable-gpl --enable-libaom --enable-libaribb24 --enable-libbluray --enable-libdav1d --enable-libharfbuzz --enable-libjxl --enable-libmp3lame --enable-libopus --enable-librav1e --enable-librist --enable-librubberband --enable-libsnappy --enable-libsrt --enable-libssh --enable-libsvtav1 --enable-libtesseract --enable-libtheora --enable-libvidstab --enable-libvmaf --enable-libvorbis --enable-libvpx --enable-libwebp --enable-libx264 --enable-libx265 --enable-libxml2 --enable-libxvid --enable-lzma --enable-libfontconfig --enable-libfreetype --enable-frei0r --enable-libass --enable-libopencore-amrnb --enable-libopencore-amrwb --enable-libopenjpeg --enable-libspeex --enable-libsoxr --enable-libzmq --enable-libzimg --disable-libjack --disable-indev=jack --enable-videotoolbox --enable-audiotoolbox --enable-neon
[stderr]   libavutil      59. 39.100 / 59. 39.100
[stderr]   libavcodec     61. 19.100 / 61. 19.100
[stderr]   libavformat    61.  7.100 / 61.  7.100
[stderr]   libavdevice    61.  3.100 / 61.  3.100
[stderr]   libavfilter    10.  4.100 / 10.  4.100
[stderr]   libswscale      8.  3.100 /  8.  3.100
[stderr]   libswresample   5.  3.100 /  5.  3.100
[stderr]   libpostproc    58.  3.100 / 58.  3.100
[stderr] Input #0, mov,mp4,m4a,3gp,3g2,mj2, from '/Users/johndoe/Documents/company/video_ops/scripts/abstract_algebra_in_proof_assistant/sets-v2-04-set-equality/takes/take-mrhmharr/source.mp4':
[stderr]   Metadata:
[stderr]     major_brand     : qt  
[stderr]     minor_version   : 0
[stderr]     compatible_brands: qt  
[stderr]     creation_time   : 2026-07-12T09:54:07.000000Z
[stderr]   Duration: 00:06:08.94, start: 0.000000, bitrate: 2946 kb/s
[stderr]   Stream #0:0[0x1](und): Video: hevc (Main) (hvc1 / 0x31637668), yuv420p(tv, smpte170m/bt709/bt709), 640x480, 2834 kb/s, 29.95 fps, 29.83 tbr, 600 tbn (default)
[stderr]       Metadata:
[stderr]         creation_time   : 2026-07-12T09:54:07.000000Z
[stderr]         handler_name    : Core Media Video
[stderr]         vendor_id       : [0][0][0][0]
[stderr]         encoder         : HEVC
[stderr]       Side data:
[stderr]         displaymatrix: rotation of -180.00 degrees
[stderr]   Stream #0:1[0x2](und): Audio: aac (LC) (mp4a / 0x6134706D), 48000 Hz, mono, fltp, 100 kb/s (default)
[stderr]       Metadata:
[stderr]         creation_time   : 2026-07-12T09:54:07.000000Z
[stderr]         handler_name    : Core Media Audio
[stderr]         vendor_id       : [0][0][0][0]
[stderr]   Stream #0:2[0x3](und): Data: none (mebx / 0x7862656D) (default)
[stderr]       Metadata:
[stderr]         creation_time   : 2026-07-12T09:54:07.000000Z
[stderr]         handler_name    : Core Media Metadata
[stderr] Stream mapping:
[stderr]   Stream #0:0 -> #0:0 (hevc (native) -> h264 (libx264))
[stderr]   Stream #0:1 -> #0:1 (aac (native) -> aac (native))
[stderr] Press [q] to stop, [?] for help
[stderr] [libx264 @ 0x14d3075d0] using cpu capabilities: ARMv8 NEON
[stderr] [libx264 @ 0x14d3075d0] profile High, level 3.0, 4:2:0, 8-bit
[stderr] [libx264 @ 0x14d3075d0] 264 - core 164 r3108 31e19f9 - H.264/MPEG-4 AVC codec - Copyleft 2003-2023 - http://www.videolan.org/x264.html - options: cabac=1 ref=1 deblock=1:0:0 analyse=0x3:0x113 me=hex subme=2 psy=1 psy_rd=1.00:0.00 mixed_ref=0 me_range=16 chroma_me=1 trellis=0 8x8dct=1 cqm=0 deadzone=21,11 fast_pskip=1 chroma_qp_offset=0 threads=15 lookahead_threads=3 sliced_threads=0 nr=0 decimate=1 interlaced=0 bluray_compat=0 constrained_intra=0 bframes=3 b_pyramid=2 b_adapt=1 b_bias=0 direct=1 weightb=1 open_gop=0 weightp=1 keyint=250 keyint_min=25 scenecut=40 intra_refresh=0 rc_lookahead=10 rc=crf mbtree=1 crf=18.0 qcomp=0.60 qpmin=0 qpmax=69 qpstep=4 ip_ratio=1.40 aq=1:1.00
[stderr] Output #0, mp4, to '/Users/johndoe/Documents/company/video_ops/scripts/abstract_algebra_in_proof_assistant/sets-v2-04-set-equality/takes/take-mrhmharr/pipeline/cut/cut-mrhswgb9/chunks/chunk-019.mp4':
[stderr]   Metadata:
[stderr]     major_brand     : qt  
[stderr]     minor_version   : 0
[stderr]     compatible_brands: qt  
[stderr]     encoder         : Lavf61.7.100
[stderr]   Stream #0:0(und): Video: h264 (avc1 / 0x31637661), yuv420p(tv, smpte170m/bt709/bt709, progressive), 640x480, q=2-31, 29.83 fps, 11456 tbn (default)
[stderr]       Metadata:
[stderr]         creation_time   : 2026-07-12T09:54:07.000000Z
[stderr]         handler_name    : Core Media Video
[stderr]         vendor_id       : [0][0][0][0]
[stderr]         encoder         : Lavc61.19.100 libx264
[stderr]       Side data:
[stderr]         cpb: bitrate max/min/avg: 0/0/0 buffer size: 0 vbv_delay: N/A
[stderr]   Stream #0:1(und): Audio: aac (LC) (mp4a / 0x6134706D), 48000 Hz, mono, fltp, 69 kb/s (default)
[stderr]       Metadata:
[stderr]         creation_time   : 2026-07-12T09:54:07.000000Z
[stderr]         handler_name    : Core Media Audio
[stderr]         vendor_id       : [0][0][0][0]
[stderr]         encoder         : Lavc61.19.100 aac
[stderr] [out#0/mp4 @ 0x14d306830] video:3252KiB audio:37KiB subtitle:0KiB other streams:0KiB global headers:0KiB muxing overhead: 0.182071%
[stderr] frame=  129 fps=0.0 q=-1.0 Lsize=    3295KiB time=00:00:04.29 bitrate=6291.2kbits/s speed=16.9x    
[stderr] [libx264 @ 0x14d3075d0] frame I:2     Avg QP:21.56  size: 51586
[stderr] [libx264 @ 0x14d3075d0] frame P:40    Avg QP:23.23  size: 39689
[stderr] [libx264 @ 0x14d3075d0] frame B:87    Avg QP:25.49  size: 18835
[stderr] [libx264 @ 0x14d3075d0] consecutive B-frames:  6.2%  7.8% 11.6% 74.4%
[stderr] [libx264 @ 0x14d3075d0] mb I  I16..4:  4.7%  7.8% 87.5%
[stderr] [libx264 @ 0x14d3075d0] mb P  I16..4:  2.3%  7.0% 26.1%  P16..4: 17.1% 18.2% 28.8%  0.0%  0.0%    skip: 0.5%
[stderr] [libx264 @ 0x14d3075d0] mb B  I16..4:  0.8%  0.9%  2.1%  B16..8: 30.2% 19.2% 13.4%  direct:20.0%  skip:13.4%  L0:28.4% L1:31.5% BI:40.1%
[stderr] [libx264 @ 0x14d3075d0] 8x8 transform intra:19.4% inter:35.5%
[stderr] [libx264 @ 0x14d3075d0] coded y,uvDC,uvAC intra: 90.6% 81.0% 46.4% inter: 60.8% 32.2% 5.1%
[stderr] [libx264 @ 0x14d3075d0] i16 v,h,dc,p: 53% 21% 19%  7%
[stderr] [libx264 @ 0x14d3075d0] i8 v,h,dc,ddl,ddr,vr,hd,vl,hu: 19% 20% 14%  3%  9%  8%  9%  8% 10%
[stderr] [libx264 @ 0x14d3075d0] i4 v,h,dc,ddl,ddr,vr,hd,vl,hu: 15% 18% 13%  4% 14%  9%  9%  7% 11%
[stderr] [libx264 @ 0x14d3075d0] i8c dc,h,v,p: 47% 22% 21% 10%
[stderr] [libx264 @ 0x14d3075d0] Weighted P-Frames: Y:25.0% UV:2.5%
[stderr] [libx264 @ 0x14d3075d0] kb/s:6159.75
[stderr] [aac @ 0x14d36d730] Qavg: 128.832
[stderr] ffmpeg version 7.1 Copyright (c) 2000-2024 the FFmpeg developers
[stderr]   built with Apple clang version 15.0.0 (clang-1500.1.0.2.5)
[stderr]   configuration: --prefix=/opt/homebrew/Cellar/ffmpeg/7.1_3 --enable-shared --enable-pthreads --enable-version3 --cc=clang --host-cflags= --host-ldflags='-Wl,-ld_classic' --enable-ffplay --enable-gnutls --enable-gpl --enable-libaom --enable-libaribb24 --enable-libbluray --enable-libdav1d --enable-libharfbuzz --enable-libjxl --enable-libmp3lame --enable-libopus --enable-librav1e --enable-librist --enable-librubberband --enable-libsnappy --enable-libsrt --enable-libssh --enable-libsvtav1 --enable-libtesseract --enable-libtheora --enable-libvidstab --enable-libvmaf --enable-libvorbis --enable-libvpx --enable-libwebp --enable-libx264 --enable-libx265 --enable-libxml2 --enable-libxvid --enable-lzma --enable-libfontconfig --enable-libfreetype --enable-frei0r --enable-libass --enable-libopencore-amrnb --enable-libopencore-amrwb --enable-libopenjpeg --enable-libspeex --enable-libsoxr --enable-libzmq --enable-libzimg --disable-libjack --disable-indev=jack --enable-videotoolbox --enable-audiotoolbox --enable-neon
[stderr]   libavutil      59. 39.100 / 59. 39.100
[stderr]   libavcodec     61. 19.100 / 61. 19.100
[stderr]   libavformat    61.  7.100 / 61.  7.100
[stderr]   libavdevice    61.  3.100 / 61.  3.100
[stderr]   libavfilter    10.  4.100 / 10.  4.100
[stderr]   libswscale      8.  3.100 /  8.  3.100
[stderr]   libswresample   5.  3.100 /  5.  3.100
[stderr]   libpostproc    58.  3.100 / 58.  3.100
[stderr] Input #0, mov,mp4,m4a,3gp,3g2,mj2, from '/Users/johndoe/Documents/company/video_ops/scripts/abstract_algebra_in_proof_assistant/sets-v2-04-set-equality/takes/take-mrhmharr/source.mp4':
[stderr]   Metadata:
[stderr]     major_brand     : qt  
[stderr]     minor_version   : 0
[stderr]     compatible_brands: qt  
[stderr]     creation_time   : 2026-07-12T09:54:07.000000Z
[stderr]   Duration: 00:06:08.94, start: 0.000000, bitrate: 2946 kb/s
[stderr]   Stream #0:0[0x1](und): Video: hevc (Main) (hvc1 / 0x31637668), yuv420p(tv, smpte170m/bt709/bt709), 640x480, 2834 kb/s, 29.95 fps, 29.83 tbr, 600 tbn (default)
[stderr]       Metadata:
[stderr]         creation_time   : 2026-07-12T09:54:07.000000Z
[stderr]         handler_name    : Core Media Video
[stderr]         vendor_id       : [0][0][0][0]
[stderr]         encoder         : HEVC
[stderr]       Side data:
[stderr]         displaymatrix: rotation of -180.00 degrees
[stderr]   Stream #0:1[0x2](und): Audio: aac (LC) (mp4a / 0x6134706D), 48000 Hz, mono, fltp, 100 kb/s (default)
[stderr]       Metadata:
[stderr]         creation_time   : 2026-07-12T09:54:07.000000Z
[stderr]         handler_name    : Core Media Audio
[stderr]         vendor_id       : [0][0][0][0]
[stderr]   Stream #0:2[0x3](und): Data: none (mebx / 0x7862656D) (default)
[stderr]       Metadata:
[stderr]         creation_time   : 2026-07-12T09:54:07.000000Z
[stderr]         handler_name    : Core Media Metadata
[stderr] Stream mapping:
[stderr]   Stream #0:0 -> #0:0 (hevc (native) -> h264 (libx264))
[stderr]   Stream #0:1 -> #0:1 (aac (native) -> aac (native))
[stderr] Press [q] to stop, [?] for help
[stderr] [libx264 @ 0x117e05b90] using cpu capabilities: ARMv8 NEON
[stderr] [libx264 @ 0x117e05b90] profile High, level 3.0, 4:2:0, 8-bit
[stderr] [libx264 @ 0x117e05b90] 264 - core 164 r3108 31e19f9 - H.264/MPEG-4 AVC codec - Copyleft 2003-2023 - http://www.videolan.org/x264.html - options: cabac=1 ref=1 deblock=1:0:0 analyse=0x3:0x113 me=hex subme=2 psy=1 psy_rd=1.00:0.00 mixed_ref=0 me_range=16 chroma_me=1 trellis=0 8x8dct=1 cqm=0 deadzone=21,11 fast_pskip=1 chroma_qp_offset=0 threads=15 lookahead_threads=3 sliced_threads=0 nr=0 decimate=1 interlaced=0 bluray_compat=0 constrained_intra=0 bframes=3 b_pyramid=2 b_adapt=1 b_bias=0 direct=1 weightb=1 open_gop=0 weightp=1 keyint=250 keyint_min=25 scenecut=40 intra_refresh=0 rc_lookahead=10 rc=crf mbtree=1 crf=18.0 qcomp=0.60 qpmin=0 qpmax=69 qpstep=4 ip_ratio=1.40 aq=1:1.00
[stderr] Output #0, mp4, to '/Users/johndoe/Documents/company/video_ops/scripts/abstract_algebra_in_proof_assistant/sets-v2-04-set-equality/takes/take-mrhmharr/pipeline/cut/cut-mrhswgb9/chunks/chunk-020.mp4':
[stderr]   Metadata:
[stderr]     major_brand     : qt  
[stderr]     minor_version   : 0
[stderr]     compatible_brands: qt  
[stderr]     encoder         : Lavf61.7.100
[stderr]   Stream #0:0(und): Video: h264 (avc1 / 0x31637661), yuv420p(tv, smpte170m/bt709/bt709, progressive), 640x480, q=2-31, 29.83 fps, 11456 tbn (default)
[stderr]       Metadata:
[stderr]         creation_time   : 2026-07-12T09:54:07.000000Z
[stderr]         handler_name    : Core Media Video
[stderr]         vendor_id       : [0][0][0][0]
[stderr]         encoder         : Lavc61.19.100 libx264
[stderr]       Side data:
[stderr]         cpb: bitrate max/min/avg: 0/0/0 buffer size: 0 vbv_delay: N/A
[stderr]   Stream #0:1(und): Audio: aac (LC) (mp4a / 0x6134706D), 48000 Hz, mono, fltp, 69 kb/s (default)
[stderr]       Metadata:
[stderr]         creation_time   : 2026-07-12T09:54:07.000000Z
[stderr]         handler_name    : Core Media Audio
[stderr]         vendor_id       : [0][0][0][0]
[stderr]         encoder         : Lavc61.19.100 aac
[stderr] [out#0/mp4 @ 0x117e04c90] video:2909KiB audio:33KiB subtitle:0KiB other streams:0KiB global headers:0KiB muxing overhead: 0.188624%
[stderr] frame=  118 fps=0.0 q=-1.0 Lsize=    2948KiB time=00:00:03.88 bitrate=6211.7kbits/s speed=17.6x    
[stderr] [libx264 @ 0x117e05b90] frame I:1     Avg QP:23.21  size: 68226
[stderr] [libx264 @ 0x117e05b90] frame P:38    Avg QP:22.85  size: 43135
[stderr] [libx264 @ 0x117e05b90] frame B:79    Avg QP:25.71  size: 16090
[stderr] [libx264 @ 0x117e05b90] consecutive B-frames:  6.8%  8.5% 10.2% 74.6%
[stderr] [libx264 @ 0x117e05b90] mb I  I16..4:  2.8%  5.6% 91.6%
[stderr] [libx264 @ 0x117e05b90] mb P  I16..4:  1.4%  3.2% 13.9%  P16..4: 25.3% 22.0% 33.5%  0.0%  0.0%    skip: 0.7%
[stderr] [libx264 @ 0x117e05b90] mb B  I16..4:  0.2%  0.2%  0.9%  B16..8: 29.2% 17.7%  9.8%  direct:24.6%  skip:17.3%  L0:32.5% L1:30.5% BI:37.1%
[stderr] [libx264 @ 0x117e05b90] 8x8 transform intra:15.9% inter:37.3%
[stderr] [libx264 @ 0x117e05b90] coded y,uvDC,uvAC intra: 90.2% 88.8% 54.7% inter: 60.0% 28.4% 5.1%
[stderr] [libx264 @ 0x117e05b90] i16 v,h,dc,p: 52% 23% 16%  8%
[stderr] [libx264 @ 0x117e05b90] i8 v,h,dc,ddl,ddr,vr,hd,vl,hu: 20% 20% 17%  3%  7%  5% 10%  9% 10%
[stderr] [libx264 @ 0x117e05b90] i4 v,h,dc,ddl,ddr,vr,hd,vl,hu: 13% 21% 13%  4% 11%  6% 11%  7% 13%
[stderr] [libx264 @ 0x117e05b90] i8c dc,h,v,p: 47% 24% 18% 11%
[stderr] [libx264 @ 0x117e05b90] Weighted P-Frames: Y:31.6% UV:5.3%
[stderr] [libx264 @ 0x117e05b90] kb/s:6024.16
[stderr] [aac @ 0x117e6c090] Qavg: 133.177
[stderr] ffmpeg version 7.1 Copyright (c) 2000-2024 the FFmpeg developers
[stderr]   built with Apple clang version 15.0.0 (clang-1500.1.0.2.5)
[stderr]   configuration: --prefix=/opt/homebrew/Cellar/ffmpeg/7.1_3 --enable-shared --enable-pthreads --enable-version3 --cc=clang --host-cflags= --host-ldflags='-Wl,-ld_classic' --enable-ffplay --enable-gnutls --enable-gpl --enable-libaom --enable-libaribb24 --enable-libbluray --enable-libdav1d --enable-libharfbuzz --enable-libjxl --enable-libmp3lame --enable-libopus --enable-librav1e --enable-librist --enable-librubberband --enable-libsnappy --enable-libsrt --enable-libssh --enable-libsvtav1 --enable-libtesseract --enable-libtheora --enable-libvidstab --enable-libvmaf --enable-libvorbis --enable-libvpx --enable-libwebp --enable-libx264 --enable-libx265 --enable-libxml2 --enable-libxvid --enable-lzma --enable-libfontconfig --enable-libfreetype --enable-frei0r --enable-libass --enable-libopencore-amrnb --enable-libopencore-amrwb --enable-libopenjpeg --enable-libspeex --enable-libsoxr --enable-libzmq --enable-libzimg --disable-libjack --disable-indev=jack --enable-videotoolbox --enable-audiotoolbox --enable-neon
[stderr]   libavutil      59. 39.100 / 59. 39.100
[stderr]   libavcodec     61. 19.100 / 61. 19.100
[stderr]   libavformat    61.  7.100 / 61.  7.100
[stderr]   libavdevice    61.  3.100 / 61.  3.100
[stderr]   libavfilter    10.  4.100 / 10.  4.100
[stderr]   libswscale      8.  3.100 /  8.  3.100
[stderr]   libswresample   5.  3.100 /  5.  3.100
[stderr]   libpostproc    58.  3.100 / 58.  3.100
[stderr] Input #0, mov,mp4,m4a,3gp,3g2,mj2, from '/Users/johndoe/Documents/company/video_ops/scripts/abstract_algebra_in_proof_assistant/sets-v2-04-set-equality/takes/take-mrhmharr/source.mp4':
[stderr]   Metadata:
[stderr]     major_brand     : qt  
[stderr]     minor_version   : 0
[stderr]     compatible_brands: qt  
[stderr]     creation_time   : 2026-07-12T09:54:07.000000Z
[stderr]   Duration: 00:06:08.94, start: 0.000000, bitrate: 2946 kb/s
[stderr]   Stream #0:0[0x1](und): Video: hevc (Main) (hvc1 / 0x31637668), yuv420p(tv, smpte170m/bt709/bt709), 640x480, 2834 kb/s, 29.95 fps, 29.83 tbr, 600 tbn (default)
[stderr]       Metadata:
[stderr]         creation_time   : 2026-07-12T09:54:07.000000Z
[stderr]         handler_name    : Core Media Video
[stderr]         vendor_id       : [0][0][0][0]
[stderr]         encoder         : HEVC
[stderr]       Side data:
[stderr]         displaymatrix: rotation of -180.00 degrees
[stderr]   Stream #0:1[0x2](und): Audio: aac (LC) (mp4a / 0x6134706D), 48000 Hz, mono, fltp, 100 kb/s (default)
[stderr]       Metadata:
[stderr]         creation_time   : 2026-07-12T09:54:07.000000Z
[stderr]         handler_name    : Core Media Audio
[stderr]         vendor_id       : [0][0][0][0]
[stderr]   Stream #0:2[0x3](und): Data: none (mebx / 0x7862656D) (default)
[stderr]       Metadata:
[stderr]         creation_time   : 2026-07-12T09:54:07.000000Z
[stderr]         handler_name    : Core Media Metadata
[stderr] Stream mapping:
[stderr]   Stream #0:0 -> #0:0 (hevc (native) -> h264 (libx264))
[stderr]   Stream #0:1 -> #0:1 (aac (native) -> aac (native))
[stderr] Press [q] to stop, [?] for help
[stderr] [libx264 @ 0x151104900] using cpu capabilities: ARMv8 NEON
[stderr] [libx264 @ 0x151104900] profile High, level 3.0, 4:2:0, 8-bit
[stderr] [libx264 @ 0x151104900] 264 - core 164 r3108 31e19f9 - H.264/MPEG-4 AVC codec - Copyleft 2003-2023 - http://www.videolan.org/x264.html - options: cabac=1 ref=1 deblock=1:0:0 analyse=0x3:0x113 me=hex subme=2 psy=1 psy_rd=1.00:0.00 mixed_ref=0 me_range=16 chroma_me=1 trellis=0 8x8dct=1 cqm=0 deadzone=21,11 fast_pskip=1 chroma_qp_offset=0 threads=15 lookahead_threads=3 sliced_threads=0 nr=0 decimate=1 interlaced=0 bluray_compat=0 constrained_intra=0 bframes=3 b_pyramid=2 b_adapt=1 b_bias=0 direct=1 weightb=1 open_gop=0 weightp=1 keyint=250 keyint_min=25 scenecut=40 intra_refresh=0 rc_lookahead=10 rc=crf mbtree=1 crf=18.0 qcomp=0.60 qpmin=0 qpmax=69 qpstep=4 ip_ratio=1.40 aq=1:1.00
[stderr] Output #0, mp4, to '/Users/johndoe/Documents/company/video_ops/scripts/abstract_algebra_in_proof_assistant/sets-v2-04-set-equality/takes/take-mrhmharr/pipeline/cut/cut-mrhswgb9/chunks/chunk-021.mp4':
[stderr]   Metadata:
[stderr]     major_brand     : qt  
[stderr]     minor_version   : 0
[stderr]     compatible_brands: qt  
[stderr]     encoder         : Lavf61.7.100
[stderr]   Stream #0:0(und): Video: h264 (avc1 / 0x31637661), yuv420p(tv, smpte170m/bt709/bt709, progressive), 640x480, q=2-31, 29.83 fps, 11456 tbn (default)
[stderr]       Metadata:
[stderr]         creation_time   : 2026-07-12T09:54:07.000000Z
[stderr]         handler_name    : Core Media Video
[stderr]         vendor_id       : [0][0][0][0]
[stderr]         encoder         : Lavc61.19.100 libx264
[stderr]       Side data:
[stderr]         cpb: bitrate max/min/avg: 0/0/0 buffer size: 0 vbv_delay: N/A
[stderr]   Stream #0:1(und): Audio: aac (LC) (mp4a / 0x6134706D), 48000 Hz, mono, fltp, 69 kb/s (default)
[stderr]       Metadata:
[stderr]         creation_time   : 2026-07-12T09:54:07.000000Z
[stderr]         handler_name    : Core Media Audio
[stderr]         vendor_id       : [0][0][0][0]
[stderr]         encoder         : Lavc61.19.100 aac
[stderr] [out#0/mp4 @ 0x1506348f0] video:1737KiB audio:19KiB subtitle:0KiB other streams:0KiB global headers:0KiB muxing overhead: 0.215051%
[stderr] frame=   67 fps=0.0 q=-1.0 Lsize=    1760KiB time=00:00:02.21 bitrate=6518.2kbits/s speed=16.4x    
[stderr] [libx264 @ 0x151104900] frame I:1     Avg QP:22.08  size: 54924
[stderr] [libx264 @ 0x151104900] frame P:21    Avg QP:23.02  size: 42877
[stderr] [libx264 @ 0x151104900] frame B:45    Avg QP:25.42  size: 18288
[stderr] [libx264 @ 0x151104900] consecutive B-frames:  6.0% 11.9%  4.5% 77.6%
[stderr] [libx264 @ 0x151104900] mb I  I16..4:  3.8%  6.1% 90.1%
[stderr] [libx264 @ 0x151104900] mb P  I16..4:  2.5%  4.8% 15.1%  P16..4: 23.5% 21.2% 32.4%  0.0%  0.0%    skip: 0.5%
[stderr] [libx264 @ 0x151104900] mb B  I16..4:  0.7%  0.8%  1.4%  B16..8: 28.4% 19.0% 11.6%  direct:25.3%  skip:12.9%  L0:29.6% L1:33.1% BI:37.4%
[stderr] [libx264 @ 0x151104900] 8x8 transform intra:20.4% inter:34.9%
[stderr] [libx264 @ 0x151104900] coded y,uvDC,uvAC intra: 87.2% 83.9% 51.0% inter: 63.7% 33.1% 6.6%
[stderr] [libx264 @ 0x151104900] i16 v,h,dc,p: 48% 15% 26% 10%
[stderr] [libx264 @ 0x151104900] i8 v,h,dc,ddl,ddr,vr,hd,vl,hu: 19% 19% 16%  3%  9%  6% 11%  7% 10%
[stderr] [libx264 @ 0x151104900] i4 v,h,dc,ddl,ddr,vr,hd,vl,hu: 13% 19% 13%  4% 15%  7% 12%  6% 11%
[stderr] [libx264 @ 0x151104900] i8c dc,h,v,p: 47% 24% 18% 11%
[stderr] [libx264 @ 0x151104900] Weighted P-Frames: Y:38.1% UV:4.8%
[stderr] [libx264 @ 0x151104900] kb/s:6334.64
[stderr] [aac @ 0x15069ac80] Qavg: 106.532
[stderr] ffmpeg version 7.1 Copyright (c) 2000-2024 the FFmpeg developers
[stderr]   built with Apple clang version 15.0.0 (clang-1500.1.0.2.5)
[stderr]   configuration: --prefix=/opt/homebrew/Cellar/ffmpeg/7.1_3 --enable-shared --enable-pthreads --enable-version3 --cc=clang --host-cflags= --host-ldflags='-Wl,-ld_classic' --enable-ffplay --enable-gnutls --enable-gpl --enable-libaom --enable-libaribb24 --enable-libbluray --enable-libdav1d --enable-libharfbuzz --enable-libjxl --enable-libmp3lame --enable-libopus --enable-librav1e --enable-librist --enable-librubberband --enable-libsnappy --enable-libsrt --enable-libssh --enable-libsvtav1 --enable-libtesseract --enable-libtheora --enable-libvidstab --enable-libvmaf --enable-libvorbis --enable-libvpx --enable-libwebp --enable-libx264 --enable-libx265 --enable-libxml2 --enable-libxvid --enable-lzma --enable-libfontconfig --enable-libfreetype --enable-frei0r --enable-libass --enable-libopencore-amrnb --enable-libopencore-amrwb --enable-libopenjpeg --enable-libspeex --enable-libsoxr --enable-libzmq --enable-libzimg --disable-libjack --disable-indev=jack --enable-videotoolbox --enable-audiotoolbox --enable-neon
[stderr]   libavutil      59. 39.100 / 59. 39.100
[stderr]   libavcodec     61. 19.100 / 61. 19.100
[stderr]   libavformat    61.  7.100 / 61.  7.100
[stderr]   libavdevice    61.  3.100 / 61.  3.100
[stderr]   libavfilter    10.  4.100 / 10.  4.100
[stderr]   libswscale      8.  3.100 /  8.  3.100
[stderr]   libswresample   5.  3.100 /  5.  3.100
[stderr]   libpostproc    58.  3.100 / 58.  3.100
[stderr] Input #0, mov,mp4,m4a,3gp,3g2,mj2, from '/Users/johndoe/Documents/company/video_ops/scripts/abstract_algebra_in_proof_assistant/sets-v2-04-set-equality/takes/take-mrhmharr/source.mp4':
[stderr]   Metadata:
[stderr]     major_brand     : qt  
[stderr]     minor_version   : 0
[stderr]     compatible_brands: qt  
[stderr]     creation_time   : 2026-07-12T09:54:07.000000Z
[stderr]   Duration: 00:06:08.94, start: 0.000000, bitrate: 2946 kb/s
[stderr]   Stream #0:0[0x1](und): Video: hevc (Main) (hvc1 / 0x31637668), yuv420p(tv, smpte170m/bt709/bt709), 640x480, 2834 kb/s, 29.95 fps, 29.83 tbr, 600 tbn (default)
[stderr]       Metadata:
[stderr]         creation_time   : 2026-07-12T09:54:07.000000Z
[stderr]         handler_name    : Core Media Video
[stderr]         vendor_id       : [0][0][0][0]
[stderr]         encoder         : HEVC
[stderr]       Side data:
[stderr]         displaymatrix: rotation of -180.00 degrees
[stderr]   Stream #0:1[0x2](und): Audio: aac (LC) (mp4a / 0x6134706D), 48000 Hz, mono, fltp, 100 kb/s (default)
[stderr]       Metadata:
[stderr]         creation_time   : 2026-07-12T09:54:07.000000Z
[stderr]         handler_name    : Core Media Audio
[stderr]         vendor_id       : [0][0][0][0]
[stderr]   Stream #0:2[0x3](und): Data: none (mebx / 0x7862656D) (default)
[stderr]       Metadata:
[stderr]         creation_time   : 2026-07-12T09:54:07.000000Z
[stderr]         handler_name    : Core Media Metadata
[stderr] Stream mapping:
[stderr]   Stream #0:0 -> #0:0 (hevc (native) -> h264 (libx264))
[stderr]   Stream #0:1 -> #0:1 (aac (native) -> aac (native))
[stderr] Press [q] to stop, [?] for help
[stderr] [libx264 @ 0x15a6360c0] using cpu capabilities: ARMv8 NEON
[stderr] [libx264 @ 0x15a6360c0] profile High, level 3.0, 4:2:0, 8-bit
[stderr] [libx264 @ 0x15a6360c0] 264 - core 164 r3108 31e19f9 - H.264/MPEG-4 AVC codec - Copyleft 2003-2023 - http://www.videolan.org/x264.html - options: cabac=1 ref=1 deblock=1:0:0 analyse=0x3:0x113 me=hex subme=2 psy=1 psy_rd=1.00:0.00 mixed_ref=0 me_range=16 chroma_me=1 trellis=0 8x8dct=1 cqm=0 deadzone=21,11 fast_pskip=1 chroma_qp_offset=0 threads=15 lookahead_threads=3 sliced_threads=0 nr=0 decimate=1 interlaced=0 bluray_compat=0 constrained_intra=0 bframes=3 b_pyramid=2 b_adapt=1 b_bias=0 direct=1 weightb=1 open_gop=0 weightp=1 keyint=250 keyint_min=25 scenecut=40 intra_refresh=0 rc_lookahead=10 rc=crf mbtree=1 crf=18.0 qcomp=0.60 qpmin=0 qpmax=69 qpstep=4 ip_ratio=1.40 aq=1:1.00
[stderr] Output #0, mp4, to '/Users/johndoe/Documents/company/video_ops/scripts/abstract_algebra_in_proof_assistant/sets-v2-04-set-equality/takes/take-mrhmharr/pipeline/cut/cut-mrhswgb9/chunks/chunk-022.mp4':
[stderr]   Metadata:
[stderr]     major_brand     : qt  
[stderr]     minor_version   : 0
[stderr]     compatible_brands: qt  
[stderr]     encoder         : Lavf61.7.100
[stderr]   Stream #0:0(und): Video: h264 (avc1 / 0x31637661), yuv420p(tv, smpte170m/bt709/bt709, progressive), 640x480, q=2-31, 29.83 fps, 11456 tbn (default)
[stderr]       Metadata:
[stderr]         creation_time   : 2026-07-12T09:54:07.000000Z
[stderr]         handler_name    : Core Media Video
[stderr]         vendor_id       : [0][0][0][0]
[stderr]         encoder         : Lavc61.19.100 libx264
[stderr]       Side data:
[stderr]         cpb: bitrate max/min/avg: 0/0/0 buffer size: 0 vbv_delay: N/A
[stderr]   Stream #0:1(und): Audio: aac (LC) (mp4a / 0x6134706D), 48000 Hz, mono, fltp, 69 kb/s (default)
[stderr]       Metadata:
[stderr]         creation_time   : 2026-07-12T09:54:07.000000Z
[stderr]         handler_name    : Core Media Audio
[stderr]         vendor_id       : [0][0][0][0]
[stderr]         encoder         : Lavc61.19.100 aac
[stderr] frame=  278 fps=0.0 q=24.0 size=    5888KiB time=00:00:09.25 bitrate=5213.8kbits/s speed=18.3x    [stderr] [out#0/mp4 @ 0x15a6348f0] video:9136KiB audio:121KiB subtitle:0KiB other streams:0KiB global headers:0KiB muxing overhead: 0.179417%
[stderr] frame=  427 fps=0.0 q=-1.0 Lsize=    9274KiB time=00:00:14.24 bitrate=5333.0kbits/s speed=19.8x    
[stderr] [libx264 @ 0x15a6360c0] frame I:4     Avg QP:19.92  size: 45038
[stderr] [libx264 @ 0x15a6360c0] frame P:118   Avg QP:22.03  size: 36758
[stderr] [libx264 @ 0x15a6360c0] frame B:305   Avg QP:24.61  size: 15860
[stderr] [libx264 @ 0x15a6360c0] consecutive B-frames:  2.6%  5.2%  4.2% 88.1%
[stderr] [libx264 @ 0x15a6360c0] mb I  I16..4:  6.6% 14.1% 79.3%
[stderr] [libx264 @ 0x15a6360c0] mb P  I16..4:  4.4%  9.5% 26.2%  P16..4: 16.7% 18.1% 24.2%  0.0%  0.0%    skip: 0.8%
[stderr] [libx264 @ 0x15a6360c0] mb B  I16..4:  1.3%  1.2%  1.9%  B16..8: 29.2% 18.1% 10.6%  direct:19.8%  skip:17.8%  L0:32.3% L1:33.0% BI:34.7%
[stderr] [libx264 @ 0x15a6360c0] 8x8 transform intra:23.9% inter:35.9%
[stderr] [libx264 @ 0x15a6360c0] coded y,uvDC,uvAC intra: 84.9% 75.8% 43.4% inter: 53.4% 29.3% 5.4%
[stderr] [libx264 @ 0x15a6360c0] i16 v,h,dc,p: 60% 18% 17%  5%
[stderr] [libx264 @ 0x15a6360c0] i8 v,h,dc,ddl,ddr,vr,hd,vl,hu: 19% 19% 16%  4%  9%  7%  8%  7% 10%
[stderr] [libx264 @ 0x15a6360c0] i4 v,h,dc,ddl,ddr,vr,hd,vl,hu: 15% 19% 14%  4% 13%  7% 10%  7% 11%
[stderr] [libx264 @ 0x15a6360c0] i8c dc,h,v,p: 50% 22% 19% 10%
[stderr] [libx264 @ 0x15a6360c0] Weighted P-Frames: Y:16.9% UV:0.0%
[stderr] [libx264 @ 0x15a6360c0] kb/s:5228.87
[stderr] [aac @ 0x15a6856a0] Qavg: 166.169
[stderr] ffmpeg version 7.1 Copyright (c) 2000-2024 the FFmpeg developers
[stderr]   built with Apple clang version 15.0.0 (clang-1500.1.0.2.5)
[stderr]   configuration: --prefix=/opt/homebrew/Cellar/ffmpeg/7.1_3 --enable-shared --enable-pthreads --enable-version3 --cc=clang --host-cflags= --host-ldflags='-Wl,-ld_classic' --enable-ffplay --enable-gnutls --enable-gpl --enable-libaom --enable-libaribb24 --enable-libbluray --enable-libdav1d --enable-libharfbuzz --enable-libjxl --enable-libmp3lame --enable-libopus --enable-librav1e --enable-librist --enable-librubberband --enable-libsnappy --enable-libsrt --enable-libssh --enable-libsvtav1 --enable-libtesseract --enable-libtheora --enable-libvidstab --enable-libvmaf --enable-libvorbis --enable-libvpx --enable-libwebp --enable-libx264 --enable-libx265 --enable-libxml2 --enable-libxvid --enable-lzma --enable-libfontconfig --enable-libfreetype --enable-frei0r --enable-libass --enable-libopencore-amrnb --enable-libopencore-amrwb --enable-libopenjpeg --enable-libspeex --enable-libsoxr --enable-libzmq --enable-libzimg --disable-libjack --disable-indev=jack --enable-videotoolbox --enable-audiotoolbox --enable-neon
[stderr]   libavutil      59. 39.100 / 59. 39.100
[stderr]   libavcodec     61. 19.100 / 61. 19.100
[stderr]   libavformat    61.  7.100 / 61.  7.100
[stderr]   libavdevice    61.  3.100 / 61.  3.100
[stderr]   libavfilter    10.  4.100 / 10.  4.100
[stderr]   libswscale      8.  3.100 /  8.  3.100
[stderr]   libswresample   5.  3.100 /  5.  3.100
[stderr]   libpostproc    58.  3.100 / 58.  3.100
[stderr] Input #0, mov,mp4,m4a,3gp,3g2,mj2, from '/Users/johndoe/Documents/company/video_ops/scripts/abstract_algebra_in_proof_assistant/sets-v2-04-set-equality/takes/take-mrhmharr/source.mp4':
[stderr]   Metadata:
[stderr]     major_brand     : qt  
[stderr]     minor_version   : 0
[stderr]     compatible_brands: qt  
[stderr]     creation_time   : 2026-07-12T09:54:07.000000Z
[stderr]   Duration: 00:06:08.94, start: 0.000000, bitrate: 2946 kb/s
[stderr]   Stream #0:0[0x1](und): Video: hevc (Main) (hvc1 / 0x31637668), yuv420p(tv, smpte170m/bt709/bt709), 640x480, 2834 kb/s, 29.95 fps, 29.83 tbr, 600 tbn (default)
[stderr]       Metadata:
[stderr]         creation_time   : 2026-07-12T09:54:07.000000Z
[stderr]         handler_name    : Core Media Video
[stderr]         vendor_id       : [0][0][0][0]
[stderr]         encoder         : HEVC
[stderr]       Side data:
[stderr]         displaymatrix: rotation of -180.00 degrees
[stderr]   Stream #0:1[0x2](und): Audio: aac (LC) (mp4a / 0x6134706D), 48000 Hz, mono, fltp, 100 kb/s (default)
[stderr]       Metadata:
[stderr]         creation_time   : 2026-07-12T09:54:07.000000Z
[stderr]         handler_name    : Core Media Audio
[stderr]         vendor_id       : [0][0][0][0]
[stderr]   Stream #0:2[0x3](und): Data: none (mebx / 0x7862656D) (default)
[stderr]       Metadata:
[stderr]         creation_time   : 2026-07-12T09:54:07.000000Z
[stderr]         handler_name    : Core Media Metadata
[stderr] Stream mapping:
[stderr]   Stream #0:0 -> #0:0 (hevc (native) -> h264 (libx264))
[stderr]   Stream #0:1 -> #0:1 (aac (native) -> aac (native))
[stderr] Press [q] to stop, [?] for help
[stderr] [libx264 @ 0x121635ea0] using cpu capabilities: ARMv8 NEON
[stderr] [libx264 @ 0x121635ea0] profile High, level 3.0, 4:2:0, 8-bit
[stderr] [libx264 @ 0x121635ea0] 264 - core 164 r3108 31e19f9 - H.264/MPEG-4 AVC codec - Copyleft 2003-2023 - http://www.videolan.org/x264.html - options: cabac=1 ref=1 deblock=1:0:0 analyse=0x3:0x113 me=hex subme=2 psy=1 psy_rd=1.00:0.00 mixed_ref=0 me_range=16 chroma_me=1 trellis=0 8x8dct=1 cqm=0 deadzone=21,11 fast_pskip=1 chroma_qp_offset=0 threads=15 lookahead_threads=3 sliced_threads=0 nr=0 decimate=1 interlaced=0 bluray_compat=0 constrained_intra=0 bframes=3 b_pyramid=2 b_adapt=1 b_bias=0 direct=1 weightb=1 open_gop=0 weightp=1 keyint=250 keyint_min=25 scenecut=40 intra_refresh=0 rc_lookahead=10 rc=crf mbtree=1 crf=18.0 qcomp=0.60 qpmin=0 qpmax=69 qpstep=4 ip_ratio=1.40 aq=1:1.00
[stderr] Output #0, mp4, to '/Users/johndoe/Documents/company/video_ops/scripts/abstract_algebra_in_proof_assistant/sets-v2-04-set-equality/takes/take-mrhmharr/pipeline/cut/cut-mrhswgb9/chunks/chunk-023.mp4':
[stderr]   Metadata:
[stderr]     major_brand     : qt  
[stderr]     minor_version   : 0
[stderr]     compatible_brands: qt  
[stderr]     encoder         : Lavf61.7.100
[stderr]   Stream #0:0(und): Video: h264 (avc1 / 0x31637661), yuv420p(tv, smpte170m/bt709/bt709, progressive), 640x480, q=2-31, 29.83 fps, 11456 tbn (default)
[stderr]       Metadata:
[stderr]         creation_time   : 2026-07-12T09:54:07.000000Z
[stderr]         handler_name    : Core Media Video
[stderr]         vendor_id       : [0][0][0][0]
[stderr]         encoder         : Lavc61.19.100 libx264
[stderr]       Side data:
[stderr]         cpb: bitrate max/min/avg: 0/0/0 buffer size: 0 vbv_delay: N/A
[stderr]   Stream #0:1(und): Audio: aac (LC) (mp4a / 0x6134706D), 48000 Hz, mono, fltp, 69 kb/s (default)
[stderr]       Metadata:
[stderr]         creation_time   : 2026-07-12T09:54:07.000000Z
[stderr]         handler_name    : Core Media Audio
[stderr]         vendor_id       : [0][0][0][0]
[stderr]         encoder         : Lavc61.19.100 aac
[stderr] frame=  281 fps=0.0 q=24.0 size=    6400KiB time=00:00:09.38 bitrate=5586.2kbits/s speed=18.6x    [stderr] frame=  604 fps=600 q=24.0 size=   13824KiB time=00:00:20.17 bitrate=5612.2kbits/s dup=0 drop=1 speed=20.1x    [stderr] frame=  959 fps=635 q=24.0 size=   19712KiB time=00:00:32.07 bitrate=5034.0kbits/s dup=0 drop=3 speed=21.2x    [stderr] frame= 1340 fps=665 q=24.0 size=   23808KiB time=00:00:44.84 bitrate=4348.7kbits/s dup=0 drop=5 speed=22.2x    [stderr] frame= 1696 fps=673 q=24.0 size=   28672KiB time=00:00:56.78 bitrate=4136.5kbits/s dup=0 drop=7 speed=22.5x    [stderr] [out#0/mp4 @ 0x121634fe0] video:30082KiB audio:501KiB subtitle:0KiB other streams:0KiB global headers:0KiB muxing overhead: 0.207121%
[stderr] frame= 1765 fps=680 q=-1.0 Lsize=   30646KiB time=00:00:59.12 bitrate=4245.9kbits/s dup=0 drop=7 speed=22.8x    
[stderr] [libx264 @ 0x121635ea0] frame I:8     Avg QP:17.43  size: 61180
[stderr] [libx264 @ 0x121635ea0] frame P:623   Avg QP:20.25  size: 30123
[stderr] [libx264 @ 0x121635ea0] frame B:1134  Avg QP:24.24  size: 10182
[stderr] [libx264 @ 0x121635ea0] consecutive B-frames:  7.8% 15.4% 12.9% 63.9%
[stderr] [libx264 @ 0x121635ea0] mb I  I16..4: 15.8%  6.2% 78.0%
[stderr] [libx264 @ 0x121635ea0] mb P  I16..4: 11.1%  3.9%  7.1%  P16..4: 21.8% 20.0% 29.0%  0.0%  0.0%    skip: 7.2%
[stderr] [libx264 @ 0x121635ea0] mb B  I16..4:  2.1%  0.3%  0.5%  B16..8: 27.5% 14.8%  7.4%  direct:13.7%  skip:33.7%  L0:26.0% L1:32.4% BI:41.5%
[stderr] [libx264 @ 0x121635ea0] 8x8 transform intra:15.9% inter:32.1%
[stderr] [libx264 @ 0x121635ea0] coded y,uvDC,uvAC intra: 47.9% 43.1% 23.4% inter: 42.5% 19.9% 2.8%
[stderr] [libx264 @ 0x121635ea0] i16 v,h,dc,p: 81%  7% 10%  2%
[stderr] [libx264 @ 0x121635ea0] i8 v,h,dc,ddl,ddr,vr,hd,vl,hu: 18% 20% 23%  3%  7%  6%  7%  7%  8%
[stderr] [libx264 @ 0x121635ea0] i4 v,h,dc,ddl,ddr,vr,hd,vl,hu: 14% 18% 16%  4% 12%  7% 10%  7% 11%
[stderr] [libx264 @ 0x121635ea0] i8c dc,h,v,p: 72% 12% 11%  5%
[stderr] [libx264 @ 0x121635ea0] Weighted P-Frames: Y:15.2% UV:1.3%
[stderr] [libx264 @ 0x121635ea0] kb/s:4165.21
[stderr] [aac @ 0x12169bb00] Qavg: 192.946
[stderr] ffmpeg version 7.1 Copyright (c) 2000-2024 the FFmpeg developers
[stderr]   built with Apple clang version 15.0.0 (clang-1500.1.0.2.5)
[stderr]   configuration: --prefix=/opt/homebrew/Cellar/ffmpeg/7.1_3 --enable-shared --enable-pthreads --enable-version3 --cc=clang --host-cflags= --host-ldflags='-Wl,-ld_classic' --enable-ffplay --enable-gnutls --enable-gpl --enable-libaom --enable-libaribb24 --enable-libbluray --enable-libdav1d --enable-libharfbuzz --enable-libjxl --enable-libmp3lame --enable-libopus --enable-librav1e --enable-librist --enable-librubberband --enable-libsnappy --enable-libsrt --enable-libssh --enable-libsvtav1 --enable-libtesseract --enable-libtheora --enable-libvidstab --enable-libvmaf --enable-libvorbis --enable-libvpx --enable-libwebp --enable-libx264 --enable-libx265 --enable-libxml2 --enable-libxvid --enable-lzma --enable-libfontconfig --enable-libfreetype --enable-frei0r --enable-libass --enable-libopencore-amrnb --enable-libopencore-amrwb --enable-libopenjpeg --enable-libspeex --enable-libsoxr --enable-libzmq --enable-libzimg --disable-libjack --disable-indev=jack --enable-videotoolbox --enable-audiotoolbox --enable-neon
[stderr]   libavutil      59. 39.100 / 59. 39.100
[stderr]   libavcodec     61. 19.100 / 61. 19.100
[stderr]   libavformat    61.  7.100 / 61.  7.100
[stderr]   libavdevice    61.  3.100 / 61.  3.100
[stderr]   libavfilter    10.  4.100 / 10.  4.100
[stderr]   libswscale      8.  3.100 /  8.  3.100
[stderr]   libswresample   5.  3.100 /  5.  3.100
[stderr]   libpostproc    58.  3.100 / 58.  3.100
[stderr] [mov,mp4,m4a,3gp,3g2,mj2 @ 0x158f07690] Auto-inserting h264_mp4toannexb bitstream filter
[stderr] Input #0, concat, from '/Users/johndoe/Documents/company/video_ops/scripts/abstract_algebra_in_proof_assistant/sets-v2-04-set-equality/takes/take-mrhmharr/pipeline/cut/cut-mrhswgb9/chunks/concat.txt':
[stderr]   Duration: N/A, start: -0.021333, bitrate: 5356 kb/s
[stderr]   Stream #0:0(und): Video: h264 (High) (avc1 / 0x31637661), yuv420p(tv, smpte170m/bt709/bt709, progressive), 640x480, 5286 kb/s, 29.83 fps, 29.83 tbr, 11456 tbn
[stderr]       Metadata:
[stderr]         handler_name    : Core Media Video
[stderr]         vendor_id       : [0][0][0][0]
[stderr]         encoder         : Lavc61.19.100 libx264
[stderr]   Stream #0:1(und): Audio: aac (LC) (mp4a / 0x6134706D), 48000 Hz, mono, fltp, 69 kb/s
[stderr]       Metadata:
[stderr]         handler_name    : Core Media Audio
[stderr]         vendor_id       : [0][0][0][0]
[stderr] Stream mapping:
[stderr]   Stream #0:0 -> #0:0 (copy)
[stderr]   Stream #0:1 -> #0:1 (copy)
[stderr] Output #0, mp4, to '/Users/johndoe/Documents/company/video_ops/scripts/abstract_algebra_in_proof_assistant/sets-v2-04-set-equality/takes/take-mrhmharr/pipeline/cut/cut-mrhswgb9/edited-good-intervals.mp4':
[stderr]   Metadata:
[stderr]     encoder         : Lavf61.7.100
[stderr]   Stream #0:0(und): Video: h264 (High) (avc1 / 0x31637661), yuv420p(tv, smpte170m/bt709/bt709, progressive), 640x480, q=2-31, 5286 kb/s, 29.83 fps, 29.83 tbr, 11456 tbn
[stderr]       Metadata:
[stderr]         handler_name    : Core Media Video
[stderr]         vendor_id       : [0][0][0][0]
[stderr]         encoder         : Lavc61.19.100 libx264
[stderr]   Stream #0:1(und): Audio: aac (LC) (mp4a / 0x6134706D), 48000 Hz, mono, fltp, 69 kb/s
[stderr]       Metadata:
[stderr]         handler_name    : Core Media Audio
[stderr]         vendor_id       : [0][0][0][0]
[stderr] Press [q] to stop, [?] for help
[stderr] [mov,mp4,m4a,3gp,3g2,mj2 @ 0x128e04b20] Auto-inserting h264_mp4toannexb bitstream filter
[stderr] [aost#0:1/copy @ 0x138e115c0] Non-monotonic DTS; previous: 180224, current: 180201; changing to 180225. This may result in incorrect timestamps in the output file.
[stderr] [mov,mp4,m4a,3gp,3g2,mj2 @ 0x138e12540] Auto-inserting h264_mp4toannexb bitstream filter
[stderr] [mov,mp4,m4a,3gp,3g2,mj2 @ 0x158f07690] Auto-inserting h264_mp4toannexb bitstream filter
[stderr] [mov,mp4,m4a,3gp,3g2,mj2 @ 0x158f087a0] Auto-inserting h264_mp4toannexb bitstream filter
[stderr] [mov,mp4,m4a,3gp,3g2,mj2 @ 0x15a004db0] Auto-inserting h264_mp4toannexb bitstream filter
[stderr] [mov,mp4,m4a,3gp,3g2,mj2 @ 0x15a304a10] Auto-inserting h264_mp4toannexb bitstream filter
[stderr] [mov,mp4,m4a,3gp,3g2,mj2 @ 0x138e198b0] Auto-inserting h264_mp4toannexb bitstream filter
[stderr] [mov,mp4,m4a,3gp,3g2,mj2 @ 0x158f07f10] Auto-inserting h264_mp4toannexb bitstream filter
[stderr] [mov,mp4,m4a,3gp,3g2,mj2 @ 0x106f041d0] Auto-inserting h264_mp4toannexb bitstream filter
[stderr] [mov,mp4,m4a,3gp,3g2,mj2 @ 0x106f04eb0] Auto-inserting h264_mp4toannexb bitstream filter
[stderr] [mov,mp4,m4a,3gp,3g2,mj2 @ 0x158e33450] Auto-inserting h264_mp4toannexb bitstream filter
[stderr] [mov,mp4,m4a,3gp,3g2,mj2 @ 0x15a104c00] Auto-inserting h264_mp4toannexb bitstream filter
[stderr] [mov,mp4,m4a,3gp,3g2,mj2 @ 0x128e049b0] Auto-inserting h264_mp4toannexb bitstream filter
[stderr] [mov,mp4,m4a,3gp,3g2,mj2 @ 0x128e05b40] Auto-inserting h264_mp4toannexb bitstream filter
[stderr] [mov,mp4,m4a,3gp,3g2,mj2 @ 0x158f07df0] Auto-inserting h264_mp4toannexb bitstream filter
[stderr] [mov,mp4,m4a,3gp,3g2,mj2 @ 0x158f08bd0] Auto-inserting h264_mp4toannexb bitstream filter
[stderr] [aost#0:1/copy @ 0x138e115c0] Non-monotonic DTS; previous: 11479944, current: 11479601; changing to 11479945. This may result in incorrect timestamps in the output file.
[stderr] [mov,mp4,m4a,3gp,3g2,mj2 @ 0x15a206240] Auto-inserting h264_mp4toannexb bitstream filter
[stderr] [mov,mp4,m4a,3gp,3g2,mj2 @ 0x15a304a10] Auto-inserting h264_mp4toannexb bitstream filter
[stderr] [mov,mp4,m4a,3gp,3g2,mj2 @ 0x128e047d0] Auto-inserting h264_mp4toannexb bitstream filter
[stderr] [mov,mp4,m4a,3gp,3g2,mj2 @ 0x158f07aa0] Auto-inserting h264_mp4toannexb bitstream filter
[stderr] [mov,mp4,m4a,3gp,3g2,mj2 @ 0x15a005920] Auto-inserting h264_mp4toannexb bitstream filter
[stderr] [mov,mp4,m4a,3gp,3g2,mj2 @ 0x138e0e350] Auto-inserting h264_mp4toannexb bitstream filter
[stderr] [mov,mp4,m4a,3gp,3g2,mj2 @ 0x15a304a10] Auto-inserting h264_mp4toannexb bitstream filter
[stderr] [out#0/mp4 @ 0x138e0d720] video:214629KiB audio:2842KiB subtitle:0KiB other streams:0KiB global headers:0KiB muxing overhead: 0.162310%
[stderr] frame= 9969 fps=0.0 q=-1.0 Lsize=  217824KiB time=00:05:34.50 bitrate=5334.5kbits/s speed= 981x    
[stdout] Edited video: /Users/johndoe/Documents/company/video_ops/scripts/abstract_algebra_in_proof_assistant/sets-v2-04-set-equality/takes/take-mrhmharr/pipeline/cut/cut-mrhswgb9/edited-good-intervals.mp4
[stdout] Analysis: /Users/johndoe/Documents/company/video_ops/scripts/abstract_algebra_in_proof_assistant/sets-v2-04-set-equality/takes/take-mrhmharr/pipeline/cut/cut-mrhswgb9/analysis.json
[stdout] Remotion visual plan: /Users/johndoe/Documents/company/video_ops/scripts/abstract_algebra_in_proof_assistant/sets-v2-04-set-equality/takes/take-mrhmharr/pipeline/cut/cut-mrhswgb9/remotion-visual-plan.json
[2026-07-12T13:00:44.961Z] exit 0
[2026-07-12T13:00:44.961Z] Cut complete
[2026-07-12T13:00:44.961Z] cut complete
[2026-07-12T13:14:28.618Z] Re-applying cut selection
[2026-07-12T13:14:28.618Z] $ deno run --allow-all /Users/johndoe/Documents/company/video_ops/outdoor_post/main.ts ai-edit --apply-selection --video /Users/johndoe/Documents/company/video_ops/scripts/abstract_algebra_in_proof_assistant/sets-v2-04-set-equality/takes/take-mrhmharr/source.mp4 --script /Users/johndoe/Documents/company/video_ops/scripts/abstract_algebra_in_proof_assistant/sets-v2-04-set-equality/export/sets-v2-04-set-equality-outdoor-script.json --take /Users/johndoe/Documents/company/video_ops/scripts/abstract_algebra_in_proof_assistant/sets-v2-04-set-equality/takes/take-mrhmharr/take.json --out-dir /Users/johndoe/Documents/company/video_ops/scripts/abstract_algebra_in_proof_assistant/sets-v2-04-set-equality/takes/take-mrhmharr/pipeline/cut/cut-mrhswgb9
[stderr] ffmpeg version 7.1 Copyright (c) 2000-2024 the FFmpeg developers
[stderr]   built with Apple clang version 15.0.0 (clang-1500.1.0.2.5)
[stderr]   configuration: --prefix=/opt/homebrew/Cellar/ffmpeg/7.1_3 --enable-shared --enable-pthreads --enable-version3 --cc=clang --host-cflags= --host-ldflags='-Wl,-ld_classic' --enable-ffplay --enable-gnutls --enable-gpl --enable-libaom --enable-libaribb24 --enable-libbluray --enable-libdav1d --enable-libharfbuzz --enable-libjxl --enable-libmp3lame --enable-libopus --enable-librav1e --enable-librist --enable-librubberband --enable-libsnappy --enable-libsrt --enable-libssh --enable-libsvtav1 --enable-libtesseract --enable-libtheora --enable-libvidstab --enable-libvmaf --enable-libvorbis --enable-libvpx --enable-libwebp --enable-libx264 --enable-libx265 --enable-libxml2 --enable-libxvid --enable-lzma --enable-libfontconfig --enable-libfreetype --enable-frei0r --enable-libass --enable-libopencore-amrnb --enable-libopencore-amrwb --enable-libopenjpeg --enable-libspeex --enable-libsoxr --enable-libzmq --enable-libzimg --disable-libjack --disable-indev=jack --enable-videotoolbox --enable-audiotoolbox --enable-neon
[stderr]   libavutil      59. 39.100 / 59. 39.100
[stderr]   libavcodec     61. 19.100 / 61. 19.100
[stderr]   libavformat    61.  7.100 / 61.  7.100
[stderr]   libavdevice    61.  3.100 / 61.  3.100
[stderr]   libavfilter    10.  4.100 / 10.  4.100
[stderr]   libswscale      8.  3.100 /  8.  3.100
[stderr]   libswresample   5.  3.100 /  5.  3.100
[stderr]   libpostproc    58.  3.100 / 58.  3.100
[stderr] Input #0, mov,mp4,m4a,3gp,3g2,mj2, from '/Users/johndoe/Documents/company/video_ops/scripts/abstract_algebra_in_proof_assistant/sets-v2-04-set-equality/takes/take-mrhmharr/source.mp4':
[stderr]   Metadata:
[stderr]     major_brand     : qt  
[stderr]     minor_version   : 0
[stderr]     compatible_brands: qt  
[stderr]     creation_time   : 2026-07-12T09:54:07.000000Z
[stderr]   Duration: 00:06:08.94, start: 0.000000, bitrate: 2946 kb/s
[stderr]   Stream #0:0[0x1](und): Video: hevc (Main) (hvc1 / 0x31637668), yuv420p(tv, smpte170m/bt709/bt709), 640x480, 2834 kb/s, 29.95 fps, 29.83 tbr, 600 tbn (default)
[stderr]       Metadata:
[stderr]         creation_time   : 2026-07-12T09:54:07.000000Z
[stderr]         handler_name    : Core Media Video
[stderr]         vendor_id       : [0][0][0][0]
[stderr]         encoder         : HEVC
[stderr]       Side data:
[stderr]         displaymatrix: rotation of -180.00 degrees
[stderr]   Stream #0:1[0x2](und): Audio: aac (LC) (mp4a / 0x6134706D), 48000 Hz, mono, fltp, 100 kb/s (default)
[stderr]       Metadata:
[stderr]         creation_time   : 2026-07-12T09:54:07.000000Z
[stderr]         handler_name    : Core Media Audio
[stderr]         vendor_id       : [0][0][0][0]
[stderr]   Stream #0:2[0x3](und): Data: none (mebx / 0x7862656D) (default)
[stderr]       Metadata:
[stderr]         creation_time   : 2026-07-12T09:54:07.000000Z
[stderr]         handler_name    : Core Media Metadata
[stderr] Stream mapping:
[stderr]   Stream #0:0 -> #0:0 (hevc (native) -> h264 (libx264))
[stderr]   Stream #0:1 -> #0:1 (aac (native) -> aac (native))
[stderr] Press [q] to stop, [?] for help
[stderr] [libx264 @ 0x14b806460] using cpu capabilities: ARMv8 NEON
[stderr] [libx264 @ 0x14b806460] profile High, level 3.0, 4:2:0, 8-bit
[stderr] [libx264 @ 0x14b806460] 264 - core 164 r3108 31e19f9 - H.264/MPEG-4 AVC codec - Copyleft 2003-2023 - http://www.videolan.org/x264.html - options: cabac=1 ref=1 deblock=1:0:0 analyse=0x3:0x113 me=hex subme=2 psy=1 psy_rd=1.00:0.00 mixed_ref=0 me_range=16 chroma_me=1 trellis=0 8x8dct=1 cqm=0 deadzone=21,11 fast_pskip=1 chroma_qp_offset=0 threads=15 lookahead_threads=3 sliced_threads=0 nr=0 decimate=1 interlaced=0 bluray_compat=0 constrained_intra=0 bframes=3 b_pyramid=2 b_adapt=1 b_bias=0 direct=1 weightb=1 open_gop=0 weightp=1 keyint=250 keyint_min=25 scenecut=40 intra_refresh=0 rc_lookahead=10 rc=crf mbtree=1 crf=18.0 qcomp=0.60 qpmin=0 qpmax=69 qpstep=4 ip_ratio=1.40 aq=1:1.00
[stderr] Output #0, mp4, to '/Users/johndoe/Documents/company/video_ops/scripts/abstract_algebra_in_proof_assistant/sets-v2-04-set-equality/takes/take-mrhmharr/pipeline/cut/cut-mrhswgb9/chunks/chunk-000.mp4':
[stderr]   Metadata:
[stderr]     major_brand     : qt  
[stderr]     minor_version   : 0
[stderr]     compatible_brands: qt  
[stderr]     encoder         : Lavf61.7.100
[stderr]   Stream #0:0(und): Video: h264 (avc1 / 0x31637661), yuv420p(tv, smpte170m/bt709/bt709, progressive), 640x480, q=2-31, 29.83 fps, 11456 tbn (default)
[stderr]       Metadata:
[stderr]         creation_time   : 2026-07-12T09:54:07.000000Z
[stderr]         handler_name    : Core Media Video
[stderr]         vendor_id       : [0][0][0][0]
[stderr]         encoder         : Lavc61.19.100 libx264
[stderr]       Side data:
[stderr]         cpb: bitrate max/min/avg: 0/0/0 buffer size: 0 vbv_delay: N/A
[stderr]   Stream #0:1(und): Audio: aac (LC) (mp4a / 0x6134706D), 48000 Hz, mono, fltp, 69 kb/s (default)
[stderr]       Metadata:
[stderr]         creation_time   : 2026-07-12T09:54:07.000000Z
[stderr]         handler_name    : Core Media Audio
[stderr]         vendor_id       : [0][0][0][0]
[stderr]         encoder         : Lavc61.19.100 aac
[stderr] [out#0/mp4 @ 0x14b805970] video:1159KiB audio:15KiB subtitle:0KiB other streams:0KiB global headers:0KiB muxing overhead: 0.280153%
[stderr] frame=   53 fps=0.0 q=-1.0 Lsize=    1177KiB time=00:00:01.70 bitrate=5641.7kbits/s speed=13.2x    
[stderr] [libx264 @ 0x14b806460] frame I:1     Avg QP:21.52  size: 63699
[stderr] [libx264 @ 0x14b806460] frame P:14    Avg QP:22.58  size: 37950
[stderr] [libx264 @ 0x14b806460] frame B:38    Avg QP:24.93  size: 15547
[stderr] [libx264 @ 0x14b806460] consecutive B-frames:  3.8%  0.0%  5.7% 90.6%
[stderr] [libx264 @ 0x14b806460] mb I  I16..4:  3.7%  4.4% 91.9%
[stderr] [libx264 @ 0x14b806460] mb P  I16..4:  4.0%  5.4% 28.7%  P16..4: 16.9% 17.7% 26.2%  0.0%  0.0%    skip: 1.0%
[stderr] [libx264 @ 0x14b806460] mb B  I16..4:  1.2%  0.6%  1.1%  B16..8: 31.3% 18.0% 12.3%  direct:17.7%  skip:17.9%  L0:26.1% L1:36.1% BI:37.7%
[stderr] [libx264 @ 0x14b806460] 8x8 transform intra:13.8% inter:34.9%
[stderr] [libx264 @ 0x14b806460] coded y,uvDC,uvAC intra: 85.0% 71.8% 38.2% inter: 51.4% 21.8% 2.3%
[stderr] [libx264 @ 0x14b806460] i16 v,h,dc,p: 63% 19% 15%  3%
[stderr] [libx264 @ 0x14b806460] i8 v,h,dc,ddl,ddr,vr,hd,vl,hu: 19% 24% 17%  3%  9%  7%  8%  5%  7%
[stderr] [libx264 @ 0x14b806460] i4 v,h,dc,ddl,ddr,vr,hd,vl,hu: 15% 14% 14%  3% 20%  9% 12%  5%  7%
[stderr] [libx264 @ 0x14b806460] i8c dc,h,v,p: 53% 20% 18%  8%
[stderr] [libx264 @ 0x14b806460] Weighted P-Frames: Y:7.1% UV:0.0%
[stderr] [libx264 @ 0x14b806460] kb/s:5339.77
[stderr] [aac @ 0x14bb38e10] Qavg: 105.751
[stderr] ffmpeg version 7.1 Copyright (c) 2000-2024 the FFmpeg developers
[stderr]   built with Apple clang version 15.0.0 (clang-1500.1.0.2.5)
[stderr]   configuration: --prefix=/opt/homebrew/Cellar/ffmpeg/7.1_3 --enable-shared --enable-pthreads --enable-version3 --cc=clang --host-cflags= --host-ldflags='-Wl,-ld_classic' --enable-ffplay --enable-gnutls --enable-gpl --enable-libaom --enable-libaribb24 --enable-libbluray --enable-libdav1d --enable-libharfbuzz --enable-libjxl --enable-libmp3lame --enable-libopus --enable-librav1e --enable-librist --enable-librubberband --enable-libsnappy --enable-libsrt --enable-libssh --enable-libsvtav1 --enable-libtesseract --enable-libtheora --enable-libvidstab --enable-libvmaf --enable-libvorbis --enable-libvpx --enable-libwebp --enable-libx264 --enable-libx265 --enable-libxml2 --enable-libxvid --enable-lzma --enable-libfontconfig --enable-libfreetype --enable-frei0r --enable-libass --enable-libopencore-amrnb --enable-libopencore-amrwb --enable-libopenjpeg --enable-libspeex --enable-libsoxr --enable-libzmq --enable-libzimg --disable-libjack --disable-indev=jack --enable-videotoolbox --enable-audiotoolbox --enable-neon
[stderr]   libavutil      59. 39.100 / 59. 39.100
[stderr]   libavcodec     61. 19.100 / 61. 19.100
[stderr]   libavformat    61.  7.100 / 61.  7.100
[stderr]   libavdevice    61.  3.100 / 61.  3.100
[stderr]   libavfilter    10.  4.100 / 10.  4.100
[stderr]   libswscale      8.  3.100 /  8.  3.100
[stderr]   libswresample   5.  3.100 /  5.  3.100
[stderr]   libpostproc    58.  3.100 / 58.  3.100
[stderr] Input #0, mov,mp4,m4a,3gp,3g2,mj2, from '/Users/johndoe/Documents/company/video_ops/scripts/abstract_algebra_in_proof_assistant/sets-v2-04-set-equality/takes/take-mrhmharr/source.mp4':
[stderr]   Metadata:
[stderr]     major_brand     : qt  
[stderr]     minor_version   : 0
[stderr]     compatible_brands: qt  
[stderr]     creation_time   : 2026-07-12T09:54:07.000000Z
[stderr]   Duration: 00:06:08.94, start: 0.000000, bitrate: 2946 kb/s
[stderr]   Stream #0:0[0x1](und): Video: hevc (Main) (hvc1 / 0x31637668), yuv420p(tv, smpte170m/bt709/bt709), 640x480, 2834 kb/s, 29.95 fps, 29.83 tbr, 600 tbn (default)
[stderr]       Metadata:
[stderr]         creation_time   : 2026-07-12T09:54:07.000000Z
[stderr]         handler_name    : Core Media Video
[stderr]         vendor_id       : [0][0][0][0]
[stderr]         encoder         : HEVC
[stderr]       Side data:
[stderr]         displaymatrix: rotation of -180.00 degrees
[stderr]   Stream #0:1[0x2](und): Audio: aac (LC) (mp4a / 0x6134706D), 48000 Hz, mono, fltp, 100 kb/s (default)
[stderr]       Metadata:
[stderr]         creation_time   : 2026-07-12T09:54:07.000000Z
[stderr]         handler_name    : Core Media Audio
[stderr]         vendor_id       : [0][0][0][0]
[stderr]   Stream #0:2[0x3](und): Data: none (mebx / 0x7862656D) (default)
[stderr]       Metadata:
[stderr]         creation_time   : 2026-07-12T09:54:07.000000Z
[stderr]         handler_name    : Core Media Metadata
[stderr] Stream mapping:
[stderr]   Stream #0:0 -> #0:0 (hevc (native) -> h264 (libx264))
[stderr]   Stream #0:1 -> #0:1 (aac (native) -> aac (native))
[stderr] Press [q] to stop, [?] for help
[stderr] [libx264 @ 0x121d04f20] using cpu capabilities: ARMv8 NEON
[stderr] [libx264 @ 0x121d04f20] profile High, level 3.0, 4:2:0, 8-bit
[stderr] [libx264 @ 0x121d04f20] 264 - core 164 r3108 31e19f9 - H.264/MPEG-4 AVC codec - Copyleft 2003-2023 - http://www.videolan.org/x264.html - options: cabac=1 ref=1 deblock=1:0:0 analyse=0x3:0x113 me=hex subme=2 psy=1 psy_rd=1.00:0.00 mixed_ref=0 me_range=16 chroma_me=1 trellis=0 8x8dct=1 cqm=0 deadzone=21,11 fast_pskip=1 chroma_qp_offset=0 threads=15 lookahead_threads=3 sliced_threads=0 nr=0 decimate=1 interlaced=0 bluray_compat=0 constrained_intra=0 bframes=3 b_pyramid=2 b_adapt=1 b_bias=0 direct=1 weightb=1 open_gop=0 weightp=1 keyint=250 keyint_min=25 scenecut=40 intra_refresh=0 rc_lookahead=10 rc=crf mbtree=1 crf=18.0 qcomp=0.60 qpmin=0 qpmax=69 qpstep=4 ip_ratio=1.40 aq=1:1.00
[stderr] Output #0, mp4, to '/Users/johndoe/Documents/company/video_ops/scripts/abstract_algebra_in_proof_assistant/sets-v2-04-set-equality/takes/take-mrhmharr/pipeline/cut/cut-mrhswgb9/chunks/chunk-001.mp4':
[stderr]   Metadata:
[stderr]     major_brand     : qt  
[stderr]     minor_version   : 0
[stderr]     compatible_brands: qt  
[stderr]     encoder         : Lavf61.7.100
[stderr]   Stream #0:0(und): Video: h264 (avc1 / 0x31637661), yuv420p(tv, smpte170m/bt709/bt709, progressive), 640x480, q=2-31, 29.83 fps, 11456 tbn (default)
[stderr]       Metadata:
[stderr]         creation_time   : 2026-07-12T09:54:07.000000Z
[stderr]         handler_name    : Core Media Video
[stderr]         vendor_id       : [0][0][0][0]
[stderr]         encoder         : Lavc61.19.100 libx264
[stderr]       Side data:
[stderr]         cpb: bitrate max/min/avg: 0/0/0 buffer size: 0 vbv_delay: N/A
[stderr]   Stream #0:1(und): Audio: aac (LC) (mp4a / 0x6134706D), 48000 Hz, mono, fltp, 69 kb/s (default)
[stderr]       Metadata:
[stderr]         creation_time   : 2026-07-12T09:54:07.000000Z
[stderr]         handler_name    : Core Media Audio
[stderr]         vendor_id       : [0][0][0][0]
[stderr]         encoder         : Lavc61.19.100 aac
[stderr] [out#0/mp4 @ 0x1218084c0] video:153KiB audio:2KiB subtitle:0KiB other streams:0KiB global headers:0KiB muxing overhead: 1.031278%
[stderr] frame=    6 fps=0.0 q=-1.0 Lsize=     157KiB time=00:00:00.13 bitrate=9586.4kbits/s speed=2.14x    
[stderr] [libx264 @ 0x121d04f20] frame I:1     Avg QP:22.74  size: 50319
[stderr] [libx264 @ 0x121d04f20] frame P:2     Avg QP:23.79  size: 24046
[stderr] [libx264 @ 0x121d04f20] frame B:3     Avg QP:24.58  size: 19346
[stderr] [libx264 @ 0x121d04f20] consecutive B-frames: 33.3%  0.0%  0.0% 66.7%
[stderr] [libx264 @ 0x121d04f20] mb I  I16..4:  2.5%  7.5% 90.0%
[stderr] [libx264 @ 0x121d04f20] mb P  I16..4:  1.4%  9.6% 26.7%  P16..4: 28.1% 15.0% 15.4%  0.0%  0.0%    skip: 3.8%
[stderr] [libx264 @ 0x121d04f20] mb B  I16..4:  0.4%  0.1%  0.4%  B16..8: 29.6% 24.1% 14.6%  direct:21.6%  skip: 9.1%  L0:33.0% L1:28.3% BI:38.7%
[stderr] [libx264 @ 0x121d04f20] 8x8 transform intra:15.2% inter:31.6%
[stderr] [libx264 @ 0x121d04f20] coded y,uvDC,uvAC intra: 94.4% 76.2% 36.5% inter: 60.6% 25.1% 1.0%
[stderr] [libx264 @ 0x121d04f20] i16 v,h,dc,p: 50% 14% 23% 13%
[stderr] [libx264 @ 0x121d04f20] i8 v,h,dc,ddl,ddr,vr,hd,vl,hu: 16% 22% 13%  3% 13% 10%  9%  6%  9%
[stderr] [libx264 @ 0x121d04f20] i4 v,h,dc,ddl,ddr,vr,hd,vl,hu: 17% 15% 13%  4% 16% 10%  9%  6%  9%
[stderr] [libx264 @ 0x121d04f20] i8c dc,h,v,p: 49% 21% 21%  9%
[stderr] [libx264 @ 0x121d04f20] Weighted P-Frames: Y:0.0% UV:0.0%
[stderr] [libx264 @ 0x121d04f20] kb/s:6223.19
[stderr] [aac @ 0x121e04bf0] Qavg: 110.646
[stderr] ffmpeg version 7.1 Copyright (c) 2000-2024 the FFmpeg developers
[stderr]   built with Apple clang version 15.0.0 (clang-1500.1.0.2.5)
[stderr]   configuration: --prefix=/opt/homebrew/Cellar/ffmpeg/7.1_3 --enable-shared --enable-pthreads --enable-version3 --cc=clang --host-cflags= --host-ldflags='-Wl,-ld_classic' --enable-ffplay --enable-gnutls --enable-gpl --enable-libaom --enable-libaribb24 --enable-libbluray --enable-libdav1d --enable-libharfbuzz --enable-libjxl --enable-libmp3lame --enable-libopus --enable-librav1e --enable-librist --enable-librubberband --enable-libsnappy --enable-libsrt --enable-libssh --enable-libsvtav1 --enable-libtesseract --enable-libtheora --enable-libvidstab --enable-libvmaf --enable-libvorbis --enable-libvpx --enable-libwebp --enable-libx264 --enable-libx265 --enable-libxml2 --enable-libxvid --enable-lzma --enable-libfontconfig --enable-libfreetype --enable-frei0r --enable-libass --enable-libopencore-amrnb --enable-libopencore-amrwb --enable-libopenjpeg --enable-libspeex --enable-libsoxr --enable-libzmq --enable-libzimg --disable-libjack --disable-indev=jack --enable-videotoolbox --enable-audiotoolbox --enable-neon
[stderr]   libavutil      59. 39.100 / 59. 39.100
[stderr]   libavcodec     61. 19.100 / 61. 19.100
[stderr]   libavformat    61.  7.100 / 61.  7.100
[stderr]   libavdevice    61.  3.100 / 61.  3.100
[stderr]   libavfilter    10.  4.100 / 10.  4.100
[stderr]   libswscale      8.  3.100 /  8.  3.100
[stderr]   libswresample   5.  3.100 /  5.  3.100
[stderr]   libpostproc    58.  3.100 / 58.  3.100
[stderr] Input #0, mov,mp4,m4a,3gp,3g2,mj2, from '/Users/johndoe/Documents/company/video_ops/scripts/abstract_algebra_in_proof_assistant/sets-v2-04-set-equality/takes/take-mrhmharr/source.mp4':
[stderr]   Metadata:
[stderr]     major_brand     : qt  
[stderr]     minor_version   : 0
[stderr]     compatible_brands: qt  
[stderr]     creation_time   : 2026-07-12T09:54:07.000000Z
[stderr]   Duration: 00:06:08.94, start: 0.000000, bitrate: 2946 kb/s
[stderr]   Stream #0:0[0x1](und): Video: hevc (Main) (hvc1 / 0x31637668), yuv420p(tv, smpte170m/bt709/bt709), 640x480, 2834 kb/s, 29.95 fps, 29.83 tbr, 600 tbn (default)
[stderr]       Metadata:
[stderr]         creation_time   : 2026-07-12T09:54:07.000000Z
[stderr]         handler_name    : Core Media Video
[stderr]         vendor_id       : [0][0][0][0]
[stderr]         encoder         : HEVC
[stderr]       Side data:
[stderr]         displaymatrix: rotation of -180.00 degrees
[stderr]   Stream #0:1[0x2](und): Audio: aac (LC) (mp4a / 0x6134706D), 48000 Hz, mono, fltp, 100 kb/s (default)
[stderr]       Metadata:
[stderr]         creation_time   : 2026-07-12T09:54:07.000000Z
[stderr]         handler_name    : Core Media Audio
[stderr]         vendor_id       : [0][0][0][0]
[stderr]   Stream #0:2[0x3](und): Data: none (mebx / 0x7862656D) (default)
[stderr]       Metadata:
[stderr]         creation_time   : 2026-07-12T09:54:07.000000Z
[stderr]         handler_name    : Core Media Metadata
[stderr] Stream mapping:
[stderr]   Stream #0:0 -> #0:0 (hevc (native) -> h264 (libx264))
[stderr]   Stream #0:1 -> #0:1 (aac (native) -> aac (native))
[stderr] Press [q] to stop, [?] for help
[stderr] [libx264 @ 0x13c80bf60] using cpu capabilities: ARMv8 NEON
[stderr] [libx264 @ 0x13c80bf60] profile High, level 3.0, 4:2:0, 8-bit
[stderr] [libx264 @ 0x13c80bf60] 264 - core 164 r3108 31e19f9 - H.264/MPEG-4 AVC codec - Copyleft 2003-2023 - http://www.videolan.org/x264.html - options: cabac=1 ref=1 deblock=1:0:0 analyse=0x3:0x113 me=hex subme=2 psy=1 psy_rd=1.00:0.00 mixed_ref=0 me_range=16 chroma_me=1 trellis=0 8x8dct=1 cqm=0 deadzone=21,11 fast_pskip=1 chroma_qp_offset=0 threads=15 lookahead_threads=3 sliced_threads=0 nr=0 decimate=1 interlaced=0 bluray_compat=0 constrained_intra=0 bframes=3 b_pyramid=2 b_adapt=1 b_bias=0 direct=1 weightb=1 open_gop=0 weightp=1 keyint=250 keyint_min=25 scenecut=40 intra_refresh=0 rc_lookahead=10 rc=crf mbtree=1 crf=18.0 qcomp=0.60 qpmin=0 qpmax=69 qpstep=4 ip_ratio=1.40 aq=1:1.00
[stderr] Output #0, mp4, to '/Users/johndoe/Documents/company/video_ops/scripts/abstract_algebra_in_proof_assistant/sets-v2-04-set-equality/takes/take-mrhmharr/pipeline/cut/cut-mrhswgb9/chunks/chunk-002.mp4':
[stderr]   Metadata:
[stderr]     major_brand     : qt  
[stderr]     minor_version   : 0
[stderr]     compatible_brands: qt  
[stderr]     encoder         : Lavf61.7.100
[stderr]   Stream #0:0(und): Video: h264 (avc1 / 0x31637661), yuv420p(tv, smpte170m/bt709/bt709, progressive), 640x480, q=2-31, 29.83 fps, 11456 tbn (default)
[stderr]       Metadata:
[stderr]         creation_time   : 2026-07-12T09:54:07.000000Z
[stderr]         handler_name    : Core Media Video
[stderr]         vendor_id       : [0][0][0][0]
[stderr]         encoder         : Lavc61.19.100 libx264
[stderr]       Side data:
[stderr]         cpb: bitrate max/min/avg: 0/0/0 buffer size: 0 vbv_delay: N/A
[stderr]   Stream #0:1(und): Audio: aac (LC) (mp4a / 0x6134706D), 48000 Hz, mono, fltp, 69 kb/s (default)
[stderr]       Metadata:
[stderr]         creation_time   : 2026-07-12T09:54:07.000000Z
[stderr]         handler_name    : Core Media Audio
[stderr]         vendor_id       : [0][0][0][0]
[stderr]         encoder         : Lavc61.19.100 aac
[stderr] frame=  183 fps=0.0 q=24.0 size=    4352KiB time=00:00:06.10 bitrate=5844.0kbits/s speed=12.1x    [stderr] frame=  390 fps=388 q=24.0 size=    8704KiB time=00:00:13.03 bitrate=5468.4kbits/s dup=0 drop=1 speed=  13x    [stderr] [out#0/mp4 @ 0x13c80b140] video:11820KiB audio:156KiB subtitle:0KiB other streams:0KiB global headers:0KiB muxing overhead: 0.172001%
[stderr] frame=  543 fps=403 q=-1.0 Lsize=   11996KiB time=00:00:18.16 bitrate=5411.4kbits/s dup=0 drop=2 speed=13.5x    
[stderr] [libx264 @ 0x13c80bf60] frame I:3     Avg QP:20.44  size: 50971
[stderr] [libx264 @ 0x13c80bf60] frame P:169   Avg QP:21.95  size: 38224
[stderr] [libx264 @ 0x13c80bf60] frame B:371   Avg QP:25.07  size: 14798
[stderr] [libx264 @ 0x13c80bf60] consecutive B-frames:  5.5%  6.3% 11.6% 76.6%
[stderr] [libx264 @ 0x13c80bf60] mb I  I16..4:  5.2%  8.1% 86.6%
[stderr] [libx264 @ 0x13c80bf60] mb P  I16..4:  3.2%  4.0% 13.1%  P16..4: 24.4% 22.8% 31.6%  0.0%  0.0%    skip: 0.9%
[stderr] [libx264 @ 0x13c80bf60] mb B  I16..4:  0.7%  0.4%  0.7%  B16..8: 30.9% 19.0%  9.0%  direct:21.1%  skip:18.1%  L0:27.8% L1:33.4% BI:38.8%
[stderr] [libx264 @ 0x13c80bf60] 8x8 transform intra:19.3% inter:35.0%
[stderr] [libx264 @ 0x13c80bf60] coded y,uvDC,uvAC intra: 80.3% 73.2% 40.6% inter: 56.1% 23.8% 2.6%
[stderr] [libx264 @ 0x13c80bf60] i16 v,h,dc,p: 63% 15% 17%  4%
[stderr] [libx264 @ 0x13c80bf60] i8 v,h,dc,ddl,ddr,vr,hd,vl,hu: 19% 24% 19%  2%  8%  7%  8%  5%  8%
[stderr] [libx264 @ 0x13c80bf60] i4 v,h,dc,ddl,ddr,vr,hd,vl,hu: 15% 19% 14%  3% 14%  8% 11%  6% 10%
[stderr] [libx264 @ 0x13c80bf60] i8c dc,h,v,p: 51% 21% 19%  9%
[stderr] [libx264 @ 0x13c80bf60] Weighted P-Frames: Y:23.1% UV:1.8%
[stderr] [libx264 @ 0x13c80bf60] kb/s:5319.49
[stderr] [aac @ 0x13c96f5a0] Qavg: 273.390
[stderr] ffmpeg version 7.1 Copyright (c) 2000-2024 the FFmpeg developers
[stderr]   built with Apple clang version 15.0.0 (clang-1500.1.0.2.5)
[stderr]   configuration: --prefix=/opt/homebrew/Cellar/ffmpeg/7.1_3 --enable-shared --enable-pthreads --enable-version3 --cc=clang --host-cflags= --host-ldflags='-Wl,-ld_classic' --enable-ffplay --enable-gnutls --enable-gpl --enable-libaom --enable-libaribb24 --enable-libbluray --enable-libdav1d --enable-libharfbuzz --enable-libjxl --enable-libmp3lame --enable-libopus --enable-librav1e --enable-librist --enable-librubberband --enable-libsnappy --enable-libsrt --enable-libssh --enable-libsvtav1 --enable-libtesseract --enable-libtheora --enable-libvidstab --enable-libvmaf --enable-libvorbis --enable-libvpx --enable-libwebp --enable-libx264 --enable-libx265 --enable-libxml2 --enable-libxvid --enable-lzma --enable-libfontconfig --enable-libfreetype --enable-frei0r --enable-libass --enable-libopencore-amrnb --enable-libopencore-amrwb --enable-libopenjpeg --enable-libspeex --enable-libsoxr --enable-libzmq --enable-libzimg --disable-libjack --disable-indev=jack --enable-videotoolbox --enable-audiotoolbox --enable-neon
[stderr]   libavutil      59. 39.100 / 59. 39.100
[stderr]   libavcodec     61. 19.100 / 61. 19.100
[stderr]   libavformat    61.  7.100 / 61.  7.100
[stderr]   libavdevice    61.  3.100 / 61.  3.100
[stderr]   libavfilter    10.  4.100 / 10.  4.100
[stderr]   libswscale      8.  3.100 /  8.  3.100
[stderr]   libswresample   5.  3.100 /  5.  3.100
[stderr]   libpostproc    58.  3.100 / 58.  3.100
[stderr] Input #0, mov,mp4,m4a,3gp,3g2,mj2, from '/Users/johndoe/Documents/company/video_ops/scripts/abstract_algebra_in_proof_assistant/sets-v2-04-set-equality/takes/take-mrhmharr/source.mp4':
[stderr]   Metadata:
[stderr]     major_brand     : qt  
[stderr]     minor_version   : 0
[stderr]     compatible_brands: qt  
[stderr]     creation_time   : 2026-07-12T09:54:07.000000Z
[stderr]   Duration: 00:06:08.94, start: 0.000000, bitrate: 2946 kb/s
[stderr]   Stream #0:0[0x1](und): Video: hevc (Main) (hvc1 / 0x31637668), yuv420p(tv, smpte170m/bt709/bt709), 640x480, 2834 kb/s, 29.95 fps, 29.83 tbr, 600 tbn (default)
[stderr]       Metadata:
[stderr]         creation_time   : 2026-07-12T09:54:07.000000Z
[stderr]         handler_name    : Core Media Video
[stderr]         vendor_id       : [0][0][0][0]
[stderr]         encoder         : HEVC
[stderr]       Side data:
[stderr]         displaymatrix: rotation of -180.00 degrees
[stderr]   Stream #0:1[0x2](und): Audio: aac (LC) (mp4a / 0x6134706D), 48000 Hz, mono, fltp, 100 kb/s (default)
[stderr]       Metadata:
[stderr]         creation_time   : 2026-07-12T09:54:07.000000Z
[stderr]         handler_name    : Core Media Audio
[stderr]         vendor_id       : [0][0][0][0]
[stderr]   Stream #0:2[0x3](und): Data: none (mebx / 0x7862656D) (default)
[stderr]       Metadata:
[stderr]         creation_time   : 2026-07-12T09:54:07.000000Z
[stderr]         handler_name    : Core Media Metadata
[stderr] Stream mapping:
[stderr]   Stream #0:0 -> #0:0 (hevc (native) -> h264 (libx264))
[stderr]   Stream #0:1 -> #0:1 (aac (native) -> aac (native))
[stderr] Press [q] to stop, [?] for help
[stderr] [libx264 @ 0x122a23950] using cpu capabilities: ARMv8 NEON
[stderr] [libx264 @ 0x122a23950] profile High, level 3.0, 4:2:0, 8-bit
[stderr] [libx264 @ 0x122a23950] 264 - core 164 r3108 31e19f9 - H.264/MPEG-4 AVC codec - Copyleft 2003-2023 - http://www.videolan.org/x264.html - options: cabac=1 ref=1 deblock=1:0:0 analyse=0x3:0x113 me=hex subme=2 psy=1 psy_rd=1.00:0.00 mixed_ref=0 me_range=16 chroma_me=1 trellis=0 8x8dct=1 cqm=0 deadzone=21,11 fast_pskip=1 chroma_qp_offset=0 threads=15 lookahead_threads=3 sliced_threads=0 nr=0 decimate=1 interlaced=0 bluray_compat=0 constrained_intra=0 bframes=3 b_pyramid=2 b_adapt=1 b_bias=0 direct=1 weightb=1 open_gop=0 weightp=1 keyint=250 keyint_min=25 scenecut=40 intra_refresh=0 rc_lookahead=10 rc=crf mbtree=1 crf=18.0 qcomp=0.60 qpmin=0 qpmax=69 qpstep=4 ip_ratio=1.40 aq=1:1.00
[stderr] Output #0, mp4, to '/Users/johndoe/Documents/company/video_ops/scripts/abstract_algebra_in_proof_assistant/sets-v2-04-set-equality/takes/take-mrhmharr/pipeline/cut/cut-mrhswgb9/chunks/chunk-003.mp4':
[stderr]   Metadata:
[stderr]     major_brand     : qt  
[stderr]     minor_version   : 0
[stderr]     compatible_brands: qt  
[stderr]     encoder         : Lavf61.7.100
[stderr]   Stream #0:0(und): Video: h264 (avc1 / 0x31637661), yuv420p(tv, smpte170m/bt709/bt709, progressive), 640x480, q=2-31, 29.83 fps, 11456 tbn (default)
[stderr]       Metadata:
[stderr]         creation_time   : 2026-07-12T09:54:07.000000Z
[stderr]         handler_name    : Core Media Video
[stderr]         vendor_id       : [0][0][0][0]
[stderr]         encoder         : Lavc61.19.100 libx264
[stderr]       Side data:
[stderr]         cpb: bitrate max/min/avg: 0/0/0 buffer size: 0 vbv_delay: N/A
[stderr]   Stream #0:1(und): Audio: aac (LC) (mp4a / 0x6134706D), 48000 Hz, mono, fltp, 69 kb/s (default)
[stderr]       Metadata:
[stderr]         creation_time   : 2026-07-12T09:54:07.000000Z
[stderr]         handler_name    : Core Media Audio
[stderr]         vendor_id       : [0][0][0][0]
[stderr]         encoder         : Lavc61.19.100 aac
[stderr] frame=  193 fps=0.0 q=24.0 size=    3072KiB time=00:00:06.36 bitrate=3951.5kbits/s speed=12.6x    [stderr] frame=  386 fps=384 q=24.0 size=    6912KiB time=00:00:12.83 bitrate=4410.6kbits/s dup=0 drop=1 speed=12.8x    [stderr] frame=  568 fps=376 q=24.0 size=   11264KiB time=00:00:18.97 bitrate=4863.7kbits/s dup=0 drop=1 speed=12.6x    [stderr] frame=  743 fps=369 q=24.0 size=   16384KiB time=00:00:24.80 bitrate=5411.0kbits/s dup=0 drop=2 speed=12.3x    [stderr] frame=  927 fps=369 q=24.0 size=   21504KiB time=00:00:30.97 bitrate=5687.7kbits/s dup=0 drop=3 speed=12.3x    [stderr] [out#0/mp4 @ 0x122a22ba0] video:23946KiB audio:298KiB subtitle:0KiB other streams:0KiB global headers:0KiB muxing overhead: 0.157804%
[stderr] frame= 1043 fps=385 q=-1.0 Lsize=   24282KiB time=00:00:34.88 bitrate=5702.9kbits/s dup=0 drop=3 speed=12.9x    
[stderr] [libx264 @ 0x122a23950] frame I:7     Avg QP:19.12  size: 60851
[stderr] [libx264 @ 0x122a23950] frame P:327   Avg QP:22.15  size: 38322
[stderr] [libx264 @ 0x122a23950] frame B:709   Avg QP:25.54  size: 16308
[stderr] [libx264 @ 0x122a23950] consecutive B-frames:  5.9%  7.9%  7.2% 79.0%
[stderr] [libx264 @ 0x122a23950] mb I  I16..4:  9.1%  6.7% 84.2%
[stderr] [libx264 @ 0x122a23950] mb P  I16..4:  5.3%  4.8% 15.8%  P16..4: 21.1% 20.5% 30.6%  0.0%  0.0%    skip: 2.0%
[stderr] [libx264 @ 0x122a23950] mb B  I16..4:  1.2%  0.6%  1.4%  B16..8: 29.2% 18.5% 12.3%  direct:16.3%  skip:20.6%  L0:27.6% L1:32.1% BI:40.3%
[stderr] [libx264 @ 0x122a23950] 8x8 transform intra:17.7% inter:33.4%
[stderr] [libx264 @ 0x122a23950] coded y,uvDC,uvAC intra: 76.4% 65.0% 33.7% inter: 53.1% 22.9% 2.3%
[stderr] [libx264 @ 0x122a23950] i16 v,h,dc,p: 72% 12% 13%  3%
[stderr] [libx264 @ 0x122a23950] i8 v,h,dc,ddl,ddr,vr,hd,vl,hu: 25% 21% 16%  2%  8%  8%  7%  6%  6%
[stderr] [libx264 @ 0x122a23950] i4 v,h,dc,ddl,ddr,vr,hd,vl,hu: 16% 18% 14%  4% 14%  9% 10%  6%  9%
[stderr] [libx264 @ 0x122a23950] i8c dc,h,v,p: 56% 18% 18%  8%
[stderr] [libx264 @ 0x122a23950] Weighted P-Frames: Y:10.4% UV:0.3%
[stderr] [libx264 @ 0x122a23950] kb/s:5610.82
[stderr] [aac @ 0x122a89a20] Qavg: 228.574
[stderr] ffmpeg version 7.1 Copyright (c) 2000-2024 the FFmpeg developers
[stderr]   built with Apple clang version 15.0.0 (clang-1500.1.0.2.5)
[stderr]   configuration: --prefix=/opt/homebrew/Cellar/ffmpeg/7.1_3 --enable-shared --enable-pthreads --enable-version3 --cc=clang --host-cflags= --host-ldflags='-Wl,-ld_classic' --enable-ffplay --enable-gnutls --enable-gpl --enable-libaom --enable-libaribb24 --enable-libbluray --enable-libdav1d --enable-libharfbuzz --enable-libjxl --enable-libmp3lame --enable-libopus --enable-librav1e --enable-librist --enable-librubberband --enable-libsnappy --enable-libsrt --enable-libssh --enable-libsvtav1 --enable-libtesseract --enable-libtheora --enable-libvidstab --enable-libvmaf --enable-libvorbis --enable-libvpx --enable-libwebp --enable-libx264 --enable-libx265 --enable-libxml2 --enable-libxvid --enable-lzma --enable-libfontconfig --enable-libfreetype --enable-frei0r --enable-libass --enable-libopencore-amrnb --enable-libopencore-amrwb --enable-libopenjpeg --enable-libspeex --enable-libsoxr --enable-libzmq --enable-libzimg --disable-libjack --disable-indev=jack --enable-videotoolbox --enable-audiotoolbox --enable-neon
[stderr]   libavutil      59. 39.100 / 59. 39.100
[stderr]   libavcodec     61. 19.100 / 61. 19.100
[stderr]   libavformat    61.  7.100 / 61.  7.100
[stderr]   libavdevice    61.  3.100 / 61.  3.100
[stderr]   libavfilter    10.  4.100 / 10.  4.100
[stderr]   libswscale      8.  3.100 /  8.  3.100
[stderr]   libswresample   5.  3.100 /  5.  3.100
[stderr]   libpostproc    58.  3.100 / 58.  3.100
[stderr] Input #0, mov,mp4,m4a,3gp,3g2,mj2, from '/Users/johndoe/Documents/company/video_ops/scripts/abstract_algebra_in_proof_assistant/sets-v2-04-set-equality/takes/take-mrhmharr/source.mp4':
[stderr]   Metadata:
[stderr]     major_brand     : qt  
[stderr]     minor_version   : 0
[stderr]     compatible_brands: qt  
[stderr]     creation_time   : 2026-07-12T09:54:07.000000Z
[stderr]   Duration: 00:06:08.94, start: 0.000000, bitrate: 2946 kb/s
[stderr]   Stream #0:0[0x1](und): Video: hevc (Main) (hvc1 / 0x31637668), yuv420p(tv, smpte170m/bt709/bt709), 640x480, 2834 kb/s, 29.95 fps, 29.83 tbr, 600 tbn (default)
[stderr]       Metadata:
[stderr]         creation_time   : 2026-07-12T09:54:07.000000Z
[stderr]         handler_name    : Core Media Video
[stderr]         vendor_id       : [0][0][0][0]
[stderr]         encoder         : HEVC
[stderr]       Side data:
[stderr]         displaymatrix: rotation of -180.00 degrees
[stderr]   Stream #0:1[0x2](und): Audio: aac (LC) (mp4a / 0x6134706D), 48000 Hz, mono, fltp, 100 kb/s (default)
[stderr]       Metadata:
[stderr]         creation_time   : 2026-07-12T09:54:07.000000Z
[stderr]         handler_name    : Core Media Audio
[stderr]         vendor_id       : [0][0][0][0]
[stderr]   Stream #0:2[0x3](und): Data: none (mebx / 0x7862656D) (default)
[stderr]       Metadata:
[stderr]         creation_time   : 2026-07-12T09:54:07.000000Z
[stderr]         handler_name    : Core Media Metadata
[stderr] Stream mapping:
[stderr]   Stream #0:0 -> #0:0 (hevc (native) -> h264 (libx264))
[stderr]   Stream #0:1 -> #0:1 (aac (native) -> aac (native))
[stderr] Press [q] to stop, [?] for help
[stderr] [libx264 @ 0x1094050a0] using cpu capabilities: ARMv8 NEON
[stderr] [libx264 @ 0x1094050a0] profile High, level 3.0, 4:2:0, 8-bit
[stderr] [libx264 @ 0x1094050a0] 264 - core 164 r3108 31e19f9 - H.264/MPEG-4 AVC codec - Copyleft 2003-2023 - http://www.videolan.org/x264.html - options: cabac=1 ref=1 deblock=1:0:0 analyse=0x3:0x113 me=hex subme=2 psy=1 psy_rd=1.00:0.00 mixed_ref=0 me_range=16 chroma_me=1 trellis=0 8x8dct=1 cqm=0 deadzone=21,11 fast_pskip=1 chroma_qp_offset=0 threads=15 lookahead_threads=3 sliced_threads=0 nr=0 decimate=1 interlaced=0 bluray_compat=0 constrained_intra=0 bframes=3 b_pyramid=2 b_adapt=1 b_bias=0 direct=1 weightb=1 open_gop=0 weightp=1 keyint=250 keyint_min=25 scenecut=40 intra_refresh=0 rc_lookahead=10 rc=crf mbtree=1 crf=18.0 qcomp=0.60 qpmin=0 qpmax=69 qpstep=4 ip_ratio=1.40 aq=1:1.00
[stderr] Output #0, mp4, to '/Users/johndoe/Documents/company/video_ops/scripts/abstract_algebra_in_proof_assistant/sets-v2-04-set-equality/takes/take-mrhmharr/pipeline/cut/cut-mrhswgb9/chunks/chunk-004.mp4':
[stderr]   Metadata:
[stderr]     major_brand     : qt  
[stderr]     minor_version   : 0
[stderr]     compatible_brands: qt  
[stderr]     encoder         : Lavf61.7.100
[stderr]   Stream #0:0(und): Video: h264 (avc1 / 0x31637661), yuv420p(tv, smpte170m/bt709/bt709, progressive), 640x480, q=2-31, 29.83 fps, 11456 tbn (default)
[stderr]       Metadata:
[stderr]         creation_time   : 2026-07-12T09:54:07.000000Z
[stderr]         handler_name    : Core Media Video
[stderr]         vendor_id       : [0][0][0][0]
[stderr]         encoder         : Lavc61.19.100 libx264
[stderr]       Side data:
[stderr]         cpb: bitrate max/min/avg: 0/0/0 buffer size: 0 vbv_delay: N/A
[stderr]   Stream #0:1(und): Audio: aac (LC) (mp4a / 0x6134706D), 48000 Hz, mono, fltp, 69 kb/s (default)
[stderr]       Metadata:
[stderr]         creation_time   : 2026-07-12T09:54:07.000000Z
[stderr]         handler_name    : Core Media Audio
[stderr]         vendor_id       : [0][0][0][0]
[stderr]         encoder         : Lavc61.19.100 aac
[stderr] frame=  253 fps=0.0 q=24.0 size=    3840KiB time=00:00:08.41 bitrate=3739.0kbits/s dup=0 drop=1 speed=16.7x    [stderr] [out#0/mp4 @ 0x109404150] video:5737KiB audio:105KiB subtitle:0KiB other streams:0KiB global headers:0KiB muxing overhead: 0.250719%
[stderr] frame=  373 fps=0.0 q=-1.0 Lsize=    5857KiB time=00:00:12.45 bitrate=3854.0kbits/s dup=0 drop=1 speed=17.8x    
[stderr] [libx264 @ 0x1094050a0] frame I:2     Avg QP:17.78  size: 60184
[stderr] [libx264 @ 0x1094050a0] frame P:107   Avg QP:19.81  size: 33732
[stderr] [libx264 @ 0x1094050a0] frame B:264   Avg QP:24.97  size:  8123
[stderr] [libx264 @ 0x1094050a0] consecutive B-frames:  2.1%  8.6%  5.6% 83.6%
[stderr] [libx264 @ 0x1094050a0] mb I  I16..4: 19.1%  6.3% 74.5%
[stderr] [libx264 @ 0x1094050a0] mb P  I16..4: 11.2%  1.7%  3.2%  P16..4: 24.5% 21.7% 31.8%  0.0%  0.0%    skip: 5.8%
[stderr] [libx264 @ 0x1094050a0] mb B  I16..4:  1.5%  0.1%  0.0%  B16..8: 26.8% 13.7%  6.0%  direct:11.9%  skip:39.9%  L0:21.7% L1:31.4% BI:46.8%
[stderr] [libx264 @ 0x1094050a0] 8x8 transform intra:9.5% inter:29.7%
[stderr] [libx264 @ 0x1094050a0] coded y,uvDC,uvAC intra: 32.6% 27.1% 15.2% inter: 36.4% 13.0% 1.8%
[stderr] [libx264 @ 0x1094050a0] i16 v,h,dc,p: 86%  6%  7%  1%
[stderr] [libx264 @ 0x1094050a0] i8 v,h,dc,ddl,ddr,vr,hd,vl,hu: 20% 18% 27%  2%  7%  7%  7%  6%  6%
[stderr] [libx264 @ 0x1094050a0] i4 v,h,dc,ddl,ddr,vr,hd,vl,hu: 18% 16% 18%  4% 12%  9%  8%  6%  9%
[stderr] [libx264 @ 0x1094050a0] i8c dc,h,v,p: 82%  7%  9%  2%
[stderr] [libx264 @ 0x1094050a0] Weighted P-Frames: Y:12.1% UV:1.9%
[stderr] [libx264 @ 0x1094050a0] kb/s:3758.62
[stderr] [aac @ 0x10946b720] Qavg: 157.295
[stderr] ffmpeg version 7.1 Copyright (c) 2000-2024 the FFmpeg developers
[stderr]   built with Apple clang version 15.0.0 (clang-1500.1.0.2.5)
[stderr]   configuration: --prefix=/opt/homebrew/Cellar/ffmpeg/7.1_3 --enable-shared --enable-pthreads --enable-version3 --cc=clang --host-cflags= --host-ldflags='-Wl,-ld_classic' --enable-ffplay --enable-gnutls --enable-gpl --enable-libaom --enable-libaribb24 --enable-libbluray --enable-libdav1d --enable-libharfbuzz --enable-libjxl --enable-libmp3lame --enable-libopus --enable-librav1e --enable-librist --enable-librubberband --enable-libsnappy --enable-libsrt --enable-libssh --enable-libsvtav1 --enable-libtesseract --enable-libtheora --enable-libvidstab --enable-libvmaf --enable-libvorbis --enable-libvpx --enable-libwebp --enable-libx264 --enable-libx265 --enable-libxml2 --enable-libxvid --enable-lzma --enable-libfontconfig --enable-libfreetype --enable-frei0r --enable-libass --enable-libopencore-amrnb --enable-libopencore-amrwb --enable-libopenjpeg --enable-libspeex --enable-libsoxr --enable-libzmq --enable-libzimg --disable-libjack --disable-indev=jack --enable-videotoolbox --enable-audiotoolbox --enable-neon
[stderr]   libavutil      59. 39.100 / 59. 39.100
[stderr]   libavcodec     61. 19.100 / 61. 19.100
[stderr]   libavformat    61.  7.100 / 61.  7.100
[stderr]   libavdevice    61.  3.100 / 61.  3.100
[stderr]   libavfilter    10.  4.100 / 10.  4.100
[stderr]   libswscale      8.  3.100 /  8.  3.100
[stderr]   libswresample   5.  3.100 /  5.  3.100
[stderr]   libpostproc    58.  3.100 / 58.  3.100
[stderr] Input #0, mov,mp4,m4a,3gp,3g2,mj2, from '/Users/johndoe/Documents/company/video_ops/scripts/abstract_algebra_in_proof_assistant/sets-v2-04-set-equality/takes/take-mrhmharr/source.mp4':
[stderr]   Metadata:
[stderr]     major_brand     : qt  
[stderr]     minor_version   : 0
[stderr]     compatible_brands: qt  
[stderr]     creation_time   : 2026-07-12T09:54:07.000000Z
[stderr]   Duration: 00:06:08.94, start: 0.000000, bitrate: 2946 kb/s
[stderr]   Stream #0:0[0x1](und): Video: hevc (Main) (hvc1 / 0x31637668), yuv420p(tv, smpte170m/bt709/bt709), 640x480, 2834 kb/s, 29.95 fps, 29.83 tbr, 600 tbn (default)
[stderr]       Metadata:
[stderr]         creation_time   : 2026-07-12T09:54:07.000000Z
[stderr]         handler_name    : Core Media Video
[stderr]         vendor_id       : [0][0][0][0]
[stderr]         encoder         : HEVC
[stderr]       Side data:
[stderr]         displaymatrix: rotation of -180.00 degrees
[stderr]   Stream #0:1[0x2](und): Audio: aac (LC) (mp4a / 0x6134706D), 48000 Hz, mono, fltp, 100 kb/s (default)
[stderr]       Metadata:
[stderr]         creation_time   : 2026-07-12T09:54:07.000000Z
[stderr]         handler_name    : Core Media Audio
[stderr]         vendor_id       : [0][0][0][0]
[stderr]   Stream #0:2[0x3](und): Data: none (mebx / 0x7862656D) (default)
[stderr]       Metadata:
[stderr]         creation_time   : 2026-07-12T09:54:07.000000Z
[stderr]         handler_name    : Core Media Metadata
[stderr] Stream mapping:
[stderr]   Stream #0:0 -> #0:0 (hevc (native) -> h264 (libx264))
[stderr]   Stream #0:1 -> #0:1 (aac (native) -> aac (native))
[stderr] Press [q] to stop, [?] for help
[stderr] [libx264 @ 0x152821fb0] using cpu capabilities: ARMv8 NEON
[stderr] [libx264 @ 0x152821fb0] profile High, level 3.0, 4:2:0, 8-bit
[stderr] [libx264 @ 0x152821fb0] 264 - core 164 r3108 31e19f9 - H.264/MPEG-4 AVC codec - Copyleft 2003-2023 - http://www.videolan.org/x264.html - options: cabac=1 ref=1 deblock=1:0:0 analyse=0x3:0x113 me=hex subme=2 psy=1 psy_rd=1.00:0.00 mixed_ref=0 me_range=16 chroma_me=1 trellis=0 8x8dct=1 cqm=0 deadzone=21,11 fast_pskip=1 chroma_qp_offset=0 threads=15 lookahead_threads=3 sliced_threads=0 nr=0 decimate=1 interlaced=0 bluray_compat=0 constrained_intra=0 bframes=3 b_pyramid=2 b_adapt=1 b_bias=0 direct=1 weightb=1 open_gop=0 weightp=1 keyint=250 keyint_min=25 scenecut=40 intra_refresh=0 rc_lookahead=10 rc=crf mbtree=1 crf=18.0 qcomp=0.60 qpmin=0 qpmax=69 qpstep=4 ip_ratio=1.40 aq=1:1.00
[stderr] Output #0, mp4, to '/Users/johndoe/Documents/company/video_ops/scripts/abstract_algebra_in_proof_assistant/sets-v2-04-set-equality/takes/take-mrhmharr/pipeline/cut/cut-mrhswgb9/chunks/chunk-005.mp4':
[stderr]   Metadata:
[stderr]     major_brand     : qt  
[stderr]     minor_version   : 0
[stderr]     compatible_brands: qt  
[stderr]     encoder         : Lavf61.7.100
[stderr]   Stream #0:0(und): Video: h264 (avc1 / 0x31637661), yuv420p(tv, smpte170m/bt709/bt709, progressive), 640x480, q=2-31, 29.83 fps, 11456 tbn (default)
[stderr]       Metadata:
[stderr]         creation_time   : 2026-07-12T09:54:07.000000Z
[stderr]         handler_name    : Core Media Video
[stderr]         vendor_id       : [0][0][0][0]
[stderr]         encoder         : Lavc61.19.100 libx264
[stderr]       Side data:
[stderr]         cpb: bitrate max/min/avg: 0/0/0 buffer size: 0 vbv_delay: N/A
[stderr]   Stream #0:1(und): Audio: aac (LC) (mp4a / 0x6134706D), 48000 Hz, mono, fltp, 69 kb/s (default)
[stderr]       Metadata:
[stderr]         creation_time   : 2026-07-12T09:54:07.000000Z
[stderr]         handler_name    : Core Media Audio
[stderr]         vendor_id       : [0][0][0][0]
[stderr]         encoder         : Lavc61.19.100 aac
[stderr] frame=  173 fps=0.0 q=24.0 size=    3328KiB time=00:00:05.73 bitrate=4756.5kbits/s speed=11.3x    [stderr] frame=  393 fps=389 q=24.0 size=    7680KiB time=00:00:13.07 bitrate=4812.7kbits/s dup=0 drop=1 speed=12.9x    [stderr] frame=  613 fps=404 q=24.0 size=   13056KiB time=00:00:20.44 bitrate=5230.9kbits/s dup=0 drop=2 speed=13.5x    [stderr] frame=  806 fps=399 q=24.0 size=   18688KiB time=00:00:26.91 bitrate=5687.7kbits/s dup=0 drop=3 speed=13.3x    [stderr] [out#0/mp4 @ 0x152821250] video:22312KiB audio:262KiB subtitle:0KiB other streams:0KiB global headers:0KiB muxing overhead: 0.149006%
[stderr] frame=  920 fps=406 q=-1.0 Lsize=   22608KiB time=00:00:30.76 bitrate=6020.9kbits/s dup=0 drop=3 speed=13.6x    
[stderr] [libx264 @ 0x152821fb0] frame I:4     Avg QP:20.09  size: 58700
[stderr] [libx264 @ 0x152821fb0] frame P:341   Avg QP:22.68  size: 40382
[stderr] [libx264 @ 0x152821fb0] frame B:575   Avg QP:25.79  size: 15376
[stderr] [libx264 @ 0x152821fb0] consecutive B-frames: 11.5% 13.0%  7.2% 68.3%
[stderr] [libx264 @ 0x152821fb0] mb I  I16..4:  6.9%  8.9% 84.2%
[stderr] [libx264 @ 0x152821fb0] mb P  I16..4:  3.4%  4.1% 10.9%  P16..4: 25.1% 22.3% 33.1%  0.0%  0.0%    skip: 1.1%
[stderr] [libx264 @ 0x152821fb0] mb B  I16..4:  1.0%  0.3%  0.5%  B16..8: 31.4% 17.9% 10.5%  direct:16.9%  skip:21.6%  L0:25.5% L1:30.3% BI:44.2%
[stderr] [libx264 @ 0x152821fb0] 8x8 transform intra:20.7% inter:33.3%
[stderr] [libx264 @ 0x152821fb0] coded y,uvDC,uvAC intra: 77.9% 56.4% 21.7% inter: 54.1% 18.5% 1.3%
[stderr] [libx264 @ 0x152821fb0] i16 v,h,dc,p: 61% 20% 16%  4%
[stderr] [libx264 @ 0x152821fb0] i8 v,h,dc,ddl,ddr,vr,hd,vl,hu: 23% 23% 17%  3%  7%  7%  7%  7%  7%
[stderr] [libx264 @ 0x152821fb0] i4 v,h,dc,ddl,ddr,vr,hd,vl,hu: 15% 17% 15%  4% 14%  9%  9%  6% 10%
[stderr] [libx264 @ 0x152821fb0] i8c dc,h,v,p: 59% 18% 18%  5%
[stderr] [libx264 @ 0x152821fb0] Weighted P-Frames: Y:20.2% UV:2.3%
[stderr] [libx264 @ 0x152821fb0] kb/s:5926.89
[stderr] [aac @ 0x152848940] Qavg: 207.703
[stderr] ffmpeg version 7.1 Copyright (c) 2000-2024 the FFmpeg developers
[stderr]   built with Apple clang version 15.0.0 (clang-1500.1.0.2.5)
[stderr]   configuration: --prefix=/opt/homebrew/Cellar/ffmpeg/7.1_3 --enable-shared --enable-pthreads --enable-version3 --cc=clang --host-cflags= --host-ldflags='-Wl,-ld_classic' --enable-ffplay --enable-gnutls --enable-gpl --enable-libaom --enable-libaribb24 --enable-libbluray --enable-libdav1d --enable-libharfbuzz --enable-libjxl --enable-libmp3lame --enable-libopus --enable-librav1e --enable-librist --enable-librubberband --enable-libsnappy --enable-libsrt --enable-libssh --enable-libsvtav1 --enable-libtesseract --enable-libtheora --enable-libvidstab --enable-libvmaf --enable-libvorbis --enable-libvpx --enable-libwebp --enable-libx264 --enable-libx265 --enable-libxml2 --enable-libxvid --enable-lzma --enable-libfontconfig --enable-libfreetype --enable-frei0r --enable-libass --enable-libopencore-amrnb --enable-libopencore-amrwb --enable-libopenjpeg --enable-libspeex --enable-libsoxr --enable-libzmq --enable-libzimg --disable-libjack --disable-indev=jack --enable-videotoolbox --enable-audiotoolbox --enable-neon
[stderr]   libavutil      59. 39.100 / 59. 39.100
[stderr]   libavcodec     61. 19.100 / 61. 19.100
[stderr]   libavformat    61.  7.100 / 61.  7.100
[stderr]   libavdevice    61.  3.100 / 61.  3.100
[stderr]   libavfilter    10.  4.100 / 10.  4.100
[stderr]   libswscale      8.  3.100 /  8.  3.100
[stderr]   libswresample   5.  3.100 /  5.  3.100
[stderr]   libpostproc    58.  3.100 / 58.  3.100
[stderr] Input #0, mov,mp4,m4a,3gp,3g2,mj2, from '/Users/johndoe/Documents/company/video_ops/scripts/abstract_algebra_in_proof_assistant/sets-v2-04-set-equality/takes/take-mrhmharr/source.mp4':
[stderr]   Metadata:
[stderr]     major_brand     : qt  
[stderr]     minor_version   : 0
[stderr]     compatible_brands: qt  
[stderr]     creation_time   : 2026-07-12T09:54:07.000000Z
[stderr]   Duration: 00:06:08.94, start: 0.000000, bitrate: 2946 kb/s
[stderr]   Stream #0:0[0x1](und): Video: hevc (Main) (hvc1 / 0x31637668), yuv420p(tv, smpte170m/bt709/bt709), 640x480, 2834 kb/s, 29.95 fps, 29.83 tbr, 600 tbn (default)
[stderr]       Metadata:
[stderr]         creation_time   : 2026-07-12T09:54:07.000000Z
[stderr]         handler_name    : Core Media Video
[stderr]         vendor_id       : [0][0][0][0]
[stderr]         encoder         : HEVC
[stderr]       Side data:
[stderr]         displaymatrix: rotation of -180.00 degrees
[stderr]   Stream #0:1[0x2](und): Audio: aac (LC) (mp4a / 0x6134706D), 48000 Hz, mono, fltp, 100 kb/s (default)
[stderr]       Metadata:
[stderr]         creation_time   : 2026-07-12T09:54:07.000000Z
[stderr]         handler_name    : Core Media Audio
[stderr]         vendor_id       : [0][0][0][0]
[stderr]   Stream #0:2[0x3](und): Data: none (mebx / 0x7862656D) (default)
[stderr]       Metadata:
[stderr]         creation_time   : 2026-07-12T09:54:07.000000Z
[stderr]         handler_name    : Core Media Metadata
[stderr] Stream mapping:
[stderr]   Stream #0:0 -> #0:0 (hevc (native) -> h264 (libx264))
[stderr]   Stream #0:1 -> #0:1 (aac (native) -> aac (native))
[stderr] Press [q] to stop, [?] for help
[stderr] [libx264 @ 0x140f05c10] using cpu capabilities: ARMv8 NEON
[stderr] [libx264 @ 0x140f05c10] profile High, level 3.0, 4:2:0, 8-bit
[stderr] [libx264 @ 0x140f05c10] 264 - core 164 r3108 31e19f9 - H.264/MPEG-4 AVC codec - Copyleft 2003-2023 - http://www.videolan.org/x264.html - options: cabac=1 ref=1 deblock=1:0:0 analyse=0x3:0x113 me=hex subme=2 psy=1 psy_rd=1.00:0.00 mixed_ref=0 me_range=16 chroma_me=1 trellis=0 8x8dct=1 cqm=0 deadzone=21,11 fast_pskip=1 chroma_qp_offset=0 threads=15 lookahead_threads=3 sliced_threads=0 nr=0 decimate=1 interlaced=0 bluray_compat=0 constrained_intra=0 bframes=3 b_pyramid=2 b_adapt=1 b_bias=0 direct=1 weightb=1 open_gop=0 weightp=1 keyint=250 keyint_min=25 scenecut=40 intra_refresh=0 rc_lookahead=10 rc=crf mbtree=1 crf=18.0 qcomp=0.60 qpmin=0 qpmax=69 qpstep=4 ip_ratio=1.40 aq=1:1.00
[stderr] Output #0, mp4, to '/Users/johndoe/Documents/company/video_ops/scripts/abstract_algebra_in_proof_assistant/sets-v2-04-set-equality/takes/take-mrhmharr/pipeline/cut/cut-mrhswgb9/chunks/chunk-006.mp4':
[stderr]   Metadata:
[stderr]     major_brand     : qt  
[stderr]     minor_version   : 0
[stderr]     compatible_brands: qt  
[stderr]     encoder         : Lavf61.7.100
[stderr]   Stream #0:0(und): Video: h264 (avc1 / 0x31637661), yuv420p(tv, smpte170m/bt709/bt709, progressive), 640x480, q=2-31, 29.83 fps, 11456 tbn (default)
[stderr]       Metadata:
[stderr]         creation_time   : 2026-07-12T09:54:07.000000Z
[stderr]         handler_name    : Core Media Video
[stderr]         vendor_id       : [0][0][0][0]
[stderr]         encoder         : Lavc61.19.100 libx264
[stderr]       Side data:
[stderr]         cpb: bitrate max/min/avg: 0/0/0 buffer size: 0 vbv_delay: N/A
[stderr]   Stream #0:1(und): Audio: aac (LC) (mp4a / 0x6134706D), 48000 Hz, mono, fltp, 69 kb/s (default)
[stderr]       Metadata:
[stderr]         creation_time   : 2026-07-12T09:54:07.000000Z
[stderr]         handler_name    : Core Media Audio
[stderr]         vendor_id       : [0][0][0][0]
[stderr]         encoder         : Lavc61.19.100 aac
[stderr] [out#0/mp4 @ 0x140f04d80] video:3580KiB audio:34KiB subtitle:0KiB other streams:0KiB global headers:0KiB muxing overhead: 0.153080%
[stderr] frame=  118 fps=0.0 q=-1.0 Lsize=    3619KiB time=00:00:03.88 bitrate=7624.3kbits/s speed=11.7x    
[stderr] [libx264 @ 0x140f05c10] frame I:1     Avg QP:23.44  size: 42641
[stderr] [libx264 @ 0x140f05c10] frame P:46    Avg QP:23.62  size: 45781
[stderr] [libx264 @ 0x140f05c10] frame B:71    Avg QP:26.42  size: 21358
[stderr] [libx264 @ 0x140f05c10] consecutive B-frames: 13.6% 13.6% 15.3% 57.6%
[stderr] [libx264 @ 0x140f05c10] mb I  I16..4:  1.8% 14.1% 84.2%
[stderr] [libx264 @ 0x140f05c10] mb P  I16..4:  0.5%  3.3% 12.4%  P16..4: 23.8% 22.5% 37.1%  0.0%  0.0%    skip: 0.4%
[stderr] [libx264 @ 0x140f05c10] mb B  I16..4:  0.2%  0.3%  0.5%  B16..8: 30.8% 19.7% 13.9%  direct:20.7%  skip:13.9%  L0:26.2% L1:30.1% BI:43.7%
[stderr] [libx264 @ 0x140f05c10] 8x8 transform intra:20.2% inter:33.7%
[stderr] [libx264 @ 0x140f05c10] coded y,uvDC,uvAC intra: 95.2% 69.9% 25.0% inter: 66.3% 24.2% 1.3%
[stderr] [libx264 @ 0x140f05c10] i16 v,h,dc,p: 30% 24% 34% 12%
[stderr] [libx264 @ 0x140f05c10] i8 v,h,dc,ddl,ddr,vr,hd,vl,hu: 21% 22% 14%  3%  9%  9%  9%  7%  7%
[stderr] [libx264 @ 0x140f05c10] i4 v,h,dc,ddl,ddr,vr,hd,vl,hu: 14% 19% 14%  4% 15%  8% 11%  6% 10%
[stderr] [libx264 @ 0x140f05c10] i8c dc,h,v,p: 51% 22% 20%  7%
[stderr] [libx264 @ 0x140f05c10] Weighted P-Frames: Y:26.1% UV:2.2%
[stderr] [libx264 @ 0x140f05c10] kb/s:7412.76
[stderr] [aac @ 0x140f6c200] Qavg: 121.119
[stderr] ffmpeg version 7.1 Copyright (c) 2000-2024 the FFmpeg developers
[stderr]   built with Apple clang version 15.0.0 (clang-1500.1.0.2.5)
[stderr]   configuration: --prefix=/opt/homebrew/Cellar/ffmpeg/7.1_3 --enable-shared --enable-pthreads --enable-version3 --cc=clang --host-cflags= --host-ldflags='-Wl,-ld_classic' --enable-ffplay --enable-gnutls --enable-gpl --enable-libaom --enable-libaribb24 --enable-libbluray --enable-libdav1d --enable-libharfbuzz --enable-libjxl --enable-libmp3lame --enable-libopus --enable-librav1e --enable-librist --enable-librubberband --enable-libsnappy --enable-libsrt --enable-libssh --enable-libsvtav1 --enable-libtesseract --enable-libtheora --enable-libvidstab --enable-libvmaf --enable-libvorbis --enable-libvpx --enable-libwebp --enable-libx264 --enable-libx265 --enable-libxml2 --enable-libxvid --enable-lzma --enable-libfontconfig --enable-libfreetype --enable-frei0r --enable-libass --enable-libopencore-amrnb --enable-libopencore-amrwb --enable-libopenjpeg --enable-libspeex --enable-libsoxr --enable-libzmq --enable-libzimg --disable-libjack --disable-indev=jack --enable-videotoolbox --enable-audiotoolbox --enable-neon
[stderr]   libavutil      59. 39.100 / 59. 39.100
[stderr]   libavcodec     61. 19.100 / 61. 19.100
[stderr]   libavformat    61.  7.100 / 61.  7.100
[stderr]   libavdevice    61.  3.100 / 61.  3.100
[stderr]   libavfilter    10.  4.100 / 10.  4.100
[stderr]   libswscale      8.  3.100 /  8.  3.100
[stderr]   libswresample   5.  3.100 /  5.  3.100
[stderr]   libpostproc    58.  3.100 / 58.  3.100
[stderr] Input #0, mov,mp4,m4a,3gp,3g2,mj2, from '/Users/johndoe/Documents/company/video_ops/scripts/abstract_algebra_in_proof_assistant/sets-v2-04-set-equality/takes/take-mrhmharr/source.mp4':
[stderr]   Metadata:
[stderr]     major_brand     : qt  
[stderr]     minor_version   : 0
[stderr]     compatible_brands: qt  
[stderr]     creation_time   : 2026-07-12T09:54:07.000000Z
[stderr]   Duration: 00:06:08.94, start: 0.000000, bitrate: 2946 kb/s
[stderr]   Stream #0:0[0x1](und): Video: hevc (Main) (hvc1 / 0x31637668), yuv420p(tv, smpte170m/bt709/bt709), 640x480, 2834 kb/s, 29.95 fps, 29.83 tbr, 600 tbn (default)
[stderr]       Metadata:
[stderr]         creation_time   : 2026-07-12T09:54:07.000000Z
[stderr]         handler_name    : Core Media Video
[stderr]         vendor_id       : [0][0][0][0]
[stderr]         encoder         : HEVC
[stderr]       Side data:
[stderr]         displaymatrix: rotation of -180.00 degrees
[stderr]   Stream #0:1[0x2](und): Audio: aac (LC) (mp4a / 0x6134706D), 48000 Hz, mono, fltp, 100 kb/s (default)
[stderr]       Metadata:
[stderr]         creation_time   : 2026-07-12T09:54:07.000000Z
[stderr]         handler_name    : Core Media Audio
[stderr]         vendor_id       : [0][0][0][0]
[stderr]   Stream #0:2[0x3](und): Data: none (mebx / 0x7862656D) (default)
[stderr]       Metadata:
[stderr]         creation_time   : 2026-07-12T09:54:07.000000Z
[stderr]         handler_name    : Core Media Metadata
[stderr] Stream mapping:
[stderr]   Stream #0:0 -> #0:0 (hevc (native) -> h264 (libx264))
[stderr]   Stream #0:1 -> #0:1 (aac (native) -> aac (native))
[stderr] Press [q] to stop, [?] for help
[stderr] [libx264 @ 0x159706cd0] using cpu capabilities: ARMv8 NEON
[stderr] [libx264 @ 0x159706cd0] profile High, level 3.0, 4:2:0, 8-bit
[stderr] [libx264 @ 0x159706cd0] 264 - core 164 r3108 31e19f9 - H.264/MPEG-4 AVC codec - Copyleft 2003-2023 - http://www.videolan.org/x264.html - options: cabac=1 ref=1 deblock=1:0:0 analyse=0x3:0x113 me=hex subme=2 psy=1 psy_rd=1.00:0.00 mixed_ref=0 me_range=16 chroma_me=1 trellis=0 8x8dct=1 cqm=0 deadzone=21,11 fast_pskip=1 chroma_qp_offset=0 threads=15 lookahead_threads=3 sliced_threads=0 nr=0 decimate=1 interlaced=0 bluray_compat=0 constrained_intra=0 bframes=3 b_pyramid=2 b_adapt=1 b_bias=0 direct=1 weightb=1 open_gop=0 weightp=1 keyint=250 keyint_min=25 scenecut=40 intra_refresh=0 rc_lookahead=10 rc=crf mbtree=1 crf=18.0 qcomp=0.60 qpmin=0 qpmax=69 qpstep=4 ip_ratio=1.40 aq=1:1.00
[stderr] Output #0, mp4, to '/Users/johndoe/Documents/company/video_ops/scripts/abstract_algebra_in_proof_assistant/sets-v2-04-set-equality/takes/take-mrhmharr/pipeline/cut/cut-mrhswgb9/chunks/chunk-007.mp4':
[stderr]   Metadata:
[stderr]     major_brand     : qt  
[stderr]     minor_version   : 0
[stderr]     compatible_brands: qt  
[stderr]     encoder         : Lavf61.7.100
[stderr]   Stream #0:0(und): Video: h264 (avc1 / 0x31637661), yuv420p(tv, smpte170m/bt709/bt709, progressive), 640x480, q=2-31, 29.83 fps, 11456 tbn (default)
[stderr]       Metadata:
[stderr]         creation_time   : 2026-07-12T09:54:07.000000Z
[stderr]         handler_name    : Core Media Video
[stderr]         vendor_id       : [0][0][0][0]
[stderr]         encoder         : Lavc61.19.100 libx264
[stderr]       Side data:
[stderr]         cpb: bitrate max/min/avg: 0/0/0 buffer size: 0 vbv_delay: N/A
[stderr]   Stream #0:1(und): Audio: aac (LC) (mp4a / 0x6134706D), 48000 Hz, mono, fltp, 69 kb/s (default)
[stderr]       Metadata:
[stderr]         creation_time   : 2026-07-12T09:54:07.000000Z
[stderr]         handler_name    : Core Media Audio
[stderr]         vendor_id       : [0][0][0][0]
[stderr]         encoder         : Lavc61.19.100 aac
[stderr] frame=  179 fps=0.0 q=24.0 size=    5376KiB time=00:00:05.89 bitrate=7465.2kbits/s speed=11.7x    [stderr] frame=  406 fps=402 q=24.0 size=   11520KiB time=00:00:13.50 bitrate=6986.2kbits/s dup=0 drop=1 speed=13.4x    [stderr] frame=  641 fps=424 q=24.0 size=   15616KiB time=00:00:21.41 bitrate=5972.6kbits/s dup=0 drop=2 speed=14.2x    [stderr] [out#0/mp4 @ 0x159705eb0] video:16781KiB audio:202KiB subtitle:0KiB other streams:0KiB global headers:0KiB muxing overhead: 0.154732%
[stderr] frame=  709 fps=441 q=-1.0 Lsize=   17009KiB time=00:00:23.69 bitrate=5881.6kbits/s dup=0 drop=2 speed=14.7x    
[stderr] [libx264 @ 0x159706cd0] frame I:4     Avg QP:19.51  size: 48694
[stderr] [libx264 @ 0x159706cd0] frame P:268   Avg QP:21.28  size: 36695
[stderr] [libx264 @ 0x159706cd0] frame B:437   Avg QP:25.23  size: 16371
[stderr] [libx264 @ 0x159706cd0] consecutive B-frames: 11.0% 16.9% 10.6% 61.5%
[stderr] [libx264 @ 0x159706cd0] mb I  I16..4: 11.9%  8.9% 79.2%
[stderr] [libx264 @ 0x159706cd0] mb P  I16..4:  9.5%  4.9% 13.5%  P16..4: 19.3% 18.5% 28.1%  0.0%  0.0%    skip: 6.1%
[stderr] [libx264 @ 0x159706cd0] mb B  I16..4:  1.5%  0.6%  1.1%  B16..8: 28.5% 17.0% 11.3%  direct:16.3%  skip:23.7%  L0:27.2% L1:29.6% BI:43.1%
[stderr] [libx264 @ 0x159706cd0] 8x8 transform intra:17.3% inter:34.7%
[stderr] [libx264 @ 0x159706cd0] coded y,uvDC,uvAC intra: 63.2% 54.9% 28.7% inter: 54.0% 24.1% 2.8%
[stderr] [libx264 @ 0x159706cd0] i16 v,h,dc,p: 82%  8%  7%  3%
[stderr] [libx264 @ 0x159706cd0] i8 v,h,dc,ddl,ddr,vr,hd,vl,hu: 28% 16% 19%  2%  7%  8%  6%  7%  6%
[stderr] [libx264 @ 0x159706cd0] i4 v,h,dc,ddl,ddr,vr,hd,vl,hu: 17% 17% 14%  4% 14%  9%  9%  7% 10%
[stderr] [libx264 @ 0x159706cd0] i8c dc,h,v,p: 62% 15% 16%  7%
[stderr] [libx264 @ 0x159706cd0] Weighted P-Frames: Y:15.7% UV:2.6%
[stderr] [libx264 @ 0x159706cd0] kb/s:5784.19
[stderr] [aac @ 0x1596660e0] Qavg: 195.051
[stderr] ffmpeg version 7.1 Copyright (c) 2000-2024 the FFmpeg developers
[stderr]   built with Apple clang version 15.0.0 (clang-1500.1.0.2.5)
[stderr]   configuration: --prefix=/opt/homebrew/Cellar/ffmpeg/7.1_3 --enable-shared --enable-pthreads --enable-version3 --cc=clang --host-cflags= --host-ldflags='-Wl,-ld_classic' --enable-ffplay --enable-gnutls --enable-gpl --enable-libaom --enable-libaribb24 --enable-libbluray --enable-libdav1d --enable-libharfbuzz --enable-libjxl --enable-libmp3lame --enable-libopus --enable-librav1e --enable-librist --enable-librubberband --enable-libsnappy --enable-libsrt --enable-libssh --enable-libsvtav1 --enable-libtesseract --enable-libtheora --enable-libvidstab --enable-libvmaf --enable-libvorbis --enable-libvpx --enable-libwebp --enable-libx264 --enable-libx265 --enable-libxml2 --enable-libxvid --enable-lzma --enable-libfontconfig --enable-libfreetype --enable-frei0r --enable-libass --enable-libopencore-amrnb --enable-libopencore-amrwb --enable-libopenjpeg --enable-libspeex --enable-libsoxr --enable-libzmq --enable-libzimg --disable-libjack --disable-indev=jack --enable-videotoolbox --enable-audiotoolbox --enable-neon
[stderr]   libavutil      59. 39.100 / 59. 39.100
[stderr]   libavcodec     61. 19.100 / 61. 19.100
[stderr]   libavformat    61.  7.100 / 61.  7.100
[stderr]   libavdevice    61.  3.100 / 61.  3.100
[stderr]   libavfilter    10.  4.100 / 10.  4.100
[stderr]   libswscale      8.  3.100 /  8.  3.100
[stderr]   libswresample   5.  3.100 /  5.  3.100
[stderr]   libpostproc    58.  3.100 / 58.  3.100
[stderr] Input #0, mov,mp4,m4a,3gp,3g2,mj2, from '/Users/johndoe/Documents/company/video_ops/scripts/abstract_algebra_in_proof_assistant/sets-v2-04-set-equality/takes/take-mrhmharr/source.mp4':
[stderr]   Metadata:
[stderr]     major_brand     : qt  
[stderr]     minor_version   : 0
[stderr]     compatible_brands: qt  
[stderr]     creation_time   : 2026-07-12T09:54:07.000000Z
[stderr]   Duration: 00:06:08.94, start: 0.000000, bitrate: 2946 kb/s
[stderr]   Stream #0:0[0x1](und): Video: hevc (Main) (hvc1 / 0x31637668), yuv420p(tv, smpte170m/bt709/bt709), 640x480, 2834 kb/s, 29.95 fps, 29.83 tbr, 600 tbn (default)
[stderr]       Metadata:
[stderr]         creation_time   : 2026-07-12T09:54:07.000000Z
[stderr]         handler_name    : Core Media Video
[stderr]         vendor_id       : [0][0][0][0]
[stderr]         encoder         : HEVC
[stderr]       Side data:
[stderr]         displaymatrix: rotation of -180.00 degrees
[stderr]   Stream #0:1[0x2](und): Audio: aac (LC) (mp4a / 0x6134706D), 48000 Hz, mono, fltp, 100 kb/s (default)
[stderr]       Metadata:
[stderr]         creation_time   : 2026-07-12T09:54:07.000000Z
[stderr]         handler_name    : Core Media Audio
[stderr]         vendor_id       : [0][0][0][0]
[stderr]   Stream #0:2[0x3](und): Data: none (mebx / 0x7862656D) (default)
[stderr]       Metadata:
[stderr]         creation_time   : 2026-07-12T09:54:07.000000Z
[stderr]         handler_name    : Core Media Metadata
[stderr] Stream mapping:
[stderr]   Stream #0:0 -> #0:0 (hevc (native) -> h264 (libx264))
[stderr]   Stream #0:1 -> #0:1 (aac (native) -> aac (native))
[stderr] Press [q] to stop, [?] for help
[stderr] [libx264 @ 0x13cc07d70] using cpu capabilities: ARMv8 NEON
[stderr] [libx264 @ 0x13cc07d70] profile High, level 3.0, 4:2:0, 8-bit
[stderr] [libx264 @ 0x13cc07d70] 264 - core 164 r3108 31e19f9 - H.264/MPEG-4 AVC codec - Copyleft 2003-2023 - http://www.videolan.org/x264.html - options: cabac=1 ref=1 deblock=1:0:0 analyse=0x3:0x113 me=hex subme=2 psy=1 psy_rd=1.00:0.00 mixed_ref=0 me_range=16 chroma_me=1 trellis=0 8x8dct=1 cqm=0 deadzone=21,11 fast_pskip=1 chroma_qp_offset=0 threads=15 lookahead_threads=3 sliced_threads=0 nr=0 decimate=1 interlaced=0 bluray_compat=0 constrained_intra=0 bframes=3 b_pyramid=2 b_adapt=1 b_bias=0 direct=1 weightb=1 open_gop=0 weightp=1 keyint=250 keyint_min=25 scenecut=40 intra_refresh=0 rc_lookahead=10 rc=crf mbtree=1 crf=18.0 qcomp=0.60 qpmin=0 qpmax=69 qpstep=4 ip_ratio=1.40 aq=1:1.00
[stderr] Output #0, mp4, to '/Users/johndoe/Documents/company/video_ops/scripts/abstract_algebra_in_proof_assistant/sets-v2-04-set-equality/takes/take-mrhmharr/pipeline/cut/cut-mrhswgb9/chunks/chunk-008.mp4':
[stderr]   Metadata:
[stderr]     major_brand     : qt  
[stderr]     minor_version   : 0
[stderr]     compatible_brands: qt  
[stderr]     encoder         : Lavf61.7.100
[stderr]   Stream #0:0(und): Video: h264 (avc1 / 0x31637661), yuv420p(tv, smpte170m/bt709/bt709, progressive), 640x480, q=2-31, 29.83 fps, 11456 tbn (default)
[stderr]       Metadata:
[stderr]         creation_time   : 2026-07-12T09:54:07.000000Z
[stderr]         handler_name    : Core Media Video
[stderr]         vendor_id       : [0][0][0][0]
[stderr]         encoder         : Lavc61.19.100 libx264
[stderr]       Side data:
[stderr]         cpb: bitrate max/min/avg: 0/0/0 buffer size: 0 vbv_delay: N/A
[stderr]   Stream #0:1(und): Audio: aac (LC) (mp4a / 0x6134706D), 48000 Hz, mono, fltp, 69 kb/s (default)
[stderr]       Metadata:
[stderr]         creation_time   : 2026-07-12T09:54:07.000000Z
[stderr]         handler_name    : Core Media Audio
[stderr]         vendor_id       : [0][0][0][0]
[stderr]         encoder         : Lavc61.19.100 aac
[stderr] frame=   91 fps=0.0 q=24.0 size=    1792KiB time=00:00:03.01 bitrate=4866.3kbits/s speed=6.02x    [stderr] frame=  240 fps=239 q=24.0 size=    5120KiB time=00:00:07.97 bitrate=5257.6kbits/s speed=7.96x    [stderr] frame=  386 fps=257 q=24.0 size=    8704KiB time=00:00:12.83 bitrate=5554.1kbits/s speed=8.54x    [stderr] frame=  619 fps=308 q=24.0 size=   14848KiB time=N/A bitrate=N/A speed=N/A    [stderr] [out#0/mp4 @ 0x13cc06ed0] video:15701KiB audio:185KiB subtitle:0KiB other streams:0KiB global headers:0KiB muxing overhead: 0.153607%
[stderr] frame=  648 fps=318 q=-1.0 Lsize=   15911KiB time=00:00:21.62 bitrate=6028.6kbits/s speed=10.6x    
[stderr] [libx264 @ 0x13cc07d70] frame I:5     Avg QP:19.47  size: 56038
[stderr] [libx264 @ 0x13cc07d70] frame P:185   Avg QP:22.16  size: 40861
[stderr] [libx264 @ 0x13cc07d70] frame B:458   Avg QP:25.03  size: 17987
[stderr] [libx264 @ 0x13cc07d70] consecutive B-frames:  3.1%  6.2%  5.6% 85.2%
[stderr] [libx264 @ 0x13cc07d70] mb I  I16..4: 10.1%  7.4% 82.5%
[stderr] [libx264 @ 0x13cc07d70] mb P  I16..4:  5.8%  6.4% 22.1%  P16..4: 16.0% 17.8% 29.9%  0.0%  0.0%    skip: 2.0%
[stderr] [libx264 @ 0x13cc07d70] mb B  I16..4:  1.3%  0.5%  1.0%  B16..8: 28.8% 17.4% 14.6%  direct:16.5%  skip:19.9%  L0:27.2% L1:31.5% BI:41.3%
[stderr] [libx264 @ 0x13cc07d70] 8x8 transform intra:18.1% inter:31.2%
[stderr] [libx264 @ 0x13cc07d70] coded y,uvDC,uvAC intra: 77.2% 67.2% 37.9% inter: 53.5% 27.4% 3.9%
[stderr] [libx264 @ 0x13cc07d70] i16 v,h,dc,p: 78% 13%  6%  3%
[stderr] [libx264 @ 0x13cc07d70] i8 v,h,dc,ddl,ddr,vr,hd,vl,hu: 23% 16% 17%  3% 11%  9%  8%  6%  7%
[stderr] [libx264 @ 0x13cc07d70] i4 v,h,dc,ddl,ddr,vr,hd,vl,hu: 16% 17% 15%  4% 13%  8%  9%  7% 10%
[stderr] [libx264 @ 0x13cc07d70] i8c dc,h,v,p: 57% 17% 18%  8%
[stderr] [libx264 @ 0x13cc07d70] Weighted P-Frames: Y:18.4% UV:3.2%
[stderr] [libx264 @ 0x13cc07d70] kb/s:5921.50
[stderr] [aac @ 0x10ab314d0] Qavg: 238.429
[stderr] ffmpeg version 7.1 Copyright (c) 2000-2024 the FFmpeg developers
[stderr]   built with Apple clang version 15.0.0 (clang-1500.1.0.2.5)
[stderr]   configuration: --prefix=/opt/homebrew/Cellar/ffmpeg/7.1_3 --enable-shared --enable-pthreads --enable-version3 --cc=clang --host-cflags= --host-ldflags='-Wl,-ld_classic' --enable-ffplay --enable-gnutls --enable-gpl --enable-libaom --enable-libaribb24 --enable-libbluray --enable-libdav1d --enable-libharfbuzz --enable-libjxl --enable-libmp3lame --enable-libopus --enable-librav1e --enable-librist --enable-librubberband --enable-libsnappy --enable-libsrt --enable-libssh --enable-libsvtav1 --enable-libtesseract --enable-libtheora --enable-libvidstab --enable-libvmaf --enable-libvorbis --enable-libvpx --enable-libwebp --enable-libx264 --enable-libx265 --enable-libxml2 --enable-libxvid --enable-lzma --enable-libfontconfig --enable-libfreetype --enable-frei0r --enable-libass --enable-libopencore-amrnb --enable-libopencore-amrwb --enable-libopenjpeg --enable-libspeex --enable-libsoxr --enable-libzmq --enable-libzimg --disable-libjack --disable-indev=jack --enable-videotoolbox --enable-audiotoolbox --enable-neon
[stderr]   libavutil      59. 39.100 / 59. 39.100
[stderr]   libavcodec     61. 19.100 / 61. 19.100
[stderr]   libavformat    61.  7.100 / 61.  7.100
[stderr]   libavdevice    61.  3.100 / 61.  3.100
[stderr]   libavfilter    10.  4.100 / 10.  4.100
[stderr]   libswscale      8.  3.100 /  8.  3.100
[stderr]   libswresample   5.  3.100 /  5.  3.100
[stderr]   libpostproc    58.  3.100 / 58.  3.100
[stderr] Input #0, mov,mp4,m4a,3gp,3g2,mj2, from '/Users/johndoe/Documents/company/video_ops/scripts/abstract_algebra_in_proof_assistant/sets-v2-04-set-equality/takes/take-mrhmharr/source.mp4':
[stderr]   Metadata:
[stderr]     major_brand     : qt  
[stderr]     minor_version   : 0
[stderr]     compatible_brands: qt  
[stderr]     creation_time   : 2026-07-12T09:54:07.000000Z
[stderr]   Duration: 00:06:08.94, start: 0.000000, bitrate: 2946 kb/s
[stderr]   Stream #0:0[0x1](und): Video: hevc (Main) (hvc1 / 0x31637668), yuv420p(tv, smpte170m/bt709/bt709), 640x480, 2834 kb/s, 29.95 fps, 29.83 tbr, 600 tbn (default)
[stderr]       Metadata:
[stderr]         creation_time   : 2026-07-12T09:54:07.000000Z
[stderr]         handler_name    : Core Media Video
[stderr]         vendor_id       : [0][0][0][0]
[stderr]         encoder         : HEVC
[stderr]       Side data:
[stderr]         displaymatrix: rotation of -180.00 degrees
[stderr]   Stream #0:1[0x2](und): Audio: aac (LC) (mp4a / 0x6134706D), 48000 Hz, mono, fltp, 100 kb/s (default)
[stderr]       Metadata:
[stderr]         creation_time   : 2026-07-12T09:54:07.000000Z
[stderr]         handler_name    : Core Media Audio
[stderr]         vendor_id       : [0][0][0][0]
[stderr]   Stream #0:2[0x3](und): Data: none (mebx / 0x7862656D) (default)
[stderr]       Metadata:
[stderr]         creation_time   : 2026-07-12T09:54:07.000000Z
[stderr]         handler_name    : Core Media Metadata
[stderr] Stream mapping:
[stderr]   Stream #0:0 -> #0:0 (hevc (native) -> h264 (libx264))
[stderr]   Stream #0:1 -> #0:1 (aac (native) -> aac (native))
[stderr] Press [q] to stop, [?] for help
[stderr] [libx264 @ 0x11ee05b90] using cpu capabilities: ARMv8 NEON
[stderr] [libx264 @ 0x11ee05b90] profile High, level 3.0, 4:2:0, 8-bit
[stderr] [libx264 @ 0x11ee05b90] 264 - core 164 r3108 31e19f9 - H.264/MPEG-4 AVC codec - Copyleft 2003-2023 - http://www.videolan.org/x264.html - options: cabac=1 ref=1 deblock=1:0:0 analyse=0x3:0x113 me=hex subme=2 psy=1 psy_rd=1.00:0.00 mixed_ref=0 me_range=16 chroma_me=1 trellis=0 8x8dct=1 cqm=0 deadzone=21,11 fast_pskip=1 chroma_qp_offset=0 threads=15 lookahead_threads=3 sliced_threads=0 nr=0 decimate=1 interlaced=0 bluray_compat=0 constrained_intra=0 bframes=3 b_pyramid=2 b_adapt=1 b_bias=0 direct=1 weightb=1 open_gop=0 weightp=1 keyint=250 keyint_min=25 scenecut=40 intra_refresh=0 rc_lookahead=10 rc=crf mbtree=1 crf=18.0 qcomp=0.60 qpmin=0 qpmax=69 qpstep=4 ip_ratio=1.40 aq=1:1.00
[stderr] Output #0, mp4, to '/Users/johndoe/Documents/company/video_ops/scripts/abstract_algebra_in_proof_assistant/sets-v2-04-set-equality/takes/take-mrhmharr/pipeline/cut/cut-mrhswgb9/chunks/chunk-009.mp4':
[stderr]   Metadata:
[stderr]     major_brand     : qt  
[stderr]     minor_version   : 0
[stderr]     compatible_brands: qt  
[stderr]     encoder         : Lavf61.7.100
[stderr]   Stream #0:0(und): Video: h264 (avc1 / 0x31637661), yuv420p(tv, smpte170m/bt709/bt709, progressive), 640x480, q=2-31, 29.83 fps, 11456 tbn (default)
[stderr]       Metadata:
[stderr]         creation_time   : 2026-07-12T09:54:07.000000Z
[stderr]         handler_name    : Core Media Video
[stderr]         vendor_id       : [0][0][0][0]
[stderr]         encoder         : Lavc61.19.100 libx264
[stderr]       Side data:
[stderr]         cpb: bitrate max/min/avg: 0/0/0 buffer size: 0 vbv_delay: N/A
[stderr]   Stream #0:1(und): Audio: aac (LC) (mp4a / 0x6134706D), 48000 Hz, mono, fltp, 69 kb/s (default)
[stderr]       Metadata:
[stderr]         creation_time   : 2026-07-12T09:54:07.000000Z
[stderr]         handler_name    : Core Media Audio
[stderr]         vendor_id       : [0][0][0][0]
[stderr]         encoder         : Lavc61.19.100 aac
[stderr] frame=  179 fps=0.0 q=24.0 size=    4864KiB time=00:00:05.93 bitrate=6716.1kbits/s speed=11.7x    [stderr] frame=  400 fps=397 q=24.0 size=   10752KiB time=00:00:13.30 bitrate=6619.0kbits/s speed=13.2x    [stderr] [out#0/mp4 @ 0x11ee04c90] video:13067KiB audio:143KiB subtitle:0KiB other streams:0KiB global headers:0KiB muxing overhead: 0.144246%
[stderr] frame=  500 fps=419 q=-1.0 Lsize=   13229KiB time=00:00:16.69 bitrate=6492.1kbits/s speed=  14x    
[stderr] [libx264 @ 0x11ee05b90] frame I:5     Avg QP:21.00  size: 52696
[stderr] [libx264 @ 0x11ee05b90] frame P:161   Avg QP:23.01  size: 39871
[stderr] [libx264 @ 0x11ee05b90] frame B:334   Avg QP:25.44  size: 20050
[stderr] [libx264 @ 0x11ee05b90] consecutive B-frames:  6.6% 10.8%  6.6% 76.0%
[stderr] [libx264 @ 0x11ee05b90] mb I  I16..4:  4.0% 11.6% 84.4%
[stderr] [libx264 @ 0x11ee05b90] mb P  I16..4:  3.2%  8.7% 29.6%  P16..4: 15.5% 16.9% 25.3%  0.0%  0.0%    skip: 0.8%
[stderr] [libx264 @ 0x11ee05b90] mb B  I16..4:  0.8%  2.3%  4.0%  B16..8: 28.9% 20.1% 14.6%  direct:16.8%  skip:12.6%  L0:30.0% L1:31.8% BI:38.2%
[stderr] [libx264 @ 0x11ee05b90] 8x8 transform intra:23.3% inter:36.7%
[stderr] [libx264 @ 0x11ee05b90] coded y,uvDC,uvAC intra: 89.2% 78.7% 43.4% inter: 61.0% 34.1% 4.7%
[stderr] [libx264 @ 0x11ee05b90] i16 v,h,dc,p: 62% 12% 18%  9%
[stderr] [libx264 @ 0x11ee05b90] i8 v,h,dc,ddl,ddr,vr,hd,vl,hu: 24% 17% 15%  3%  8%  9%  7%  8%  8%
[stderr] [libx264 @ 0x11ee05b90] i4 v,h,dc,ddl,ddr,vr,hd,vl,hu: 15% 18% 13%  4% 14%  9% 10%  7% 10%
[stderr] [libx264 @ 0x11ee05b90] i8c dc,h,v,p: 48% 21% 21% 11%
[stderr] [libx264 @ 0x11ee05b90] Weighted P-Frames: Y:19.3% UV:6.2%
[stderr] [libx264 @ 0x11ee05b90] kb/s:6386.47
[stderr] [aac @ 0x11ee6c090] Qavg: 213.887
[stderr] ffmpeg version 7.1 Copyright (c) 2000-2024 the FFmpeg developers
[stderr]   built with Apple clang version 15.0.0 (clang-1500.1.0.2.5)
[stderr]   configuration: --prefix=/opt/homebrew/Cellar/ffmpeg/7.1_3 --enable-shared --enable-pthreads --enable-version3 --cc=clang --host-cflags= --host-ldflags='-Wl,-ld_classic' --enable-ffplay --enable-gnutls --enable-gpl --enable-libaom --enable-libaribb24 --enable-libbluray --enable-libdav1d --enable-libharfbuzz --enable-libjxl --enable-libmp3lame --enable-libopus --enable-librav1e --enable-librist --enable-librubberband --enable-libsnappy --enable-libsrt --enable-libssh --enable-libsvtav1 --enable-libtesseract --enable-libtheora --enable-libvidstab --enable-libvmaf --enable-libvorbis --enable-libvpx --enable-libwebp --enable-libx264 --enable-libx265 --enable-libxml2 --enable-libxvid --enable-lzma --enable-libfontconfig --enable-libfreetype --enable-frei0r --enable-libass --enable-libopencore-amrnb --enable-libopencore-amrwb --enable-libopenjpeg --enable-libspeex --enable-libsoxr --enable-libzmq --enable-libzimg --disable-libjack --disable-indev=jack --enable-videotoolbox --enable-audiotoolbox --enable-neon
[stderr]   libavutil      59. 39.100 / 59. 39.100
[stderr]   libavcodec     61. 19.100 / 61. 19.100
[stderr]   libavformat    61.  7.100 / 61.  7.100
[stderr]   libavdevice    61.  3.100 / 61.  3.100
[stderr]   libavfilter    10.  4.100 / 10.  4.100
[stderr]   libswscale      8.  3.100 /  8.  3.100
[stderr]   libswresample   5.  3.100 /  5.  3.100
[stderr]   libpostproc    58.  3.100 / 58.  3.100
[stderr] Input #0, mov,mp4,m4a,3gp,3g2,mj2, from '/Users/johndoe/Documents/company/video_ops/scripts/abstract_algebra_in_proof_assistant/sets-v2-04-set-equality/takes/take-mrhmharr/source.mp4':
[stderr]   Metadata:
[stderr]     major_brand     : qt  
[stderr]     minor_version   : 0
[stderr]     compatible_brands: qt  
[stderr]     creation_time   : 2026-07-12T09:54:07.000000Z
[stderr]   Duration: 00:06:08.94, start: 0.000000, bitrate: 2946 kb/s
[stderr]   Stream #0:0[0x1](und): Video: hevc (Main) (hvc1 / 0x31637668), yuv420p(tv, smpte170m/bt709/bt709), 640x480, 2834 kb/s, 29.95 fps, 29.83 tbr, 600 tbn (default)
[stderr]       Metadata:
[stderr]         creation_time   : 2026-07-12T09:54:07.000000Z
[stderr]         handler_name    : Core Media Video
[stderr]         vendor_id       : [0][0][0][0]
[stderr]         encoder         : HEVC
[stderr]       Side data:
[stderr]         displaymatrix: rotation of -180.00 degrees
[stderr]   Stream #0:1[0x2](und): Audio: aac (LC) (mp4a / 0x6134706D), 48000 Hz, mono, fltp, 100 kb/s (default)
[stderr]       Metadata:
[stderr]         creation_time   : 2026-07-12T09:54:07.000000Z
[stderr]         handler_name    : Core Media Audio
[stderr]         vendor_id       : [0][0][0][0]
[stderr]   Stream #0:2[0x3](und): Data: none (mebx / 0x7862656D) (default)
[stderr]       Metadata:
[stderr]         creation_time   : 2026-07-12T09:54:07.000000Z
[stderr]         handler_name    : Core Media Metadata
[stderr] Stream mapping:
[stderr]   Stream #0:0 -> #0:0 (hevc (native) -> h264 (libx264))
[stderr]   Stream #0:1 -> #0:1 (aac (native) -> aac (native))
[stderr] Press [q] to stop, [?] for help
[stderr] [libx264 @ 0x15902c740] using cpu capabilities: ARMv8 NEON
[stderr] [libx264 @ 0x15902c740] profile High, level 3.0, 4:2:0, 8-bit
[stderr] [libx264 @ 0x15902c740] 264 - core 164 r3108 31e19f9 - H.264/MPEG-4 AVC codec - Copyleft 2003-2023 - http://www.videolan.org/x264.html - options: cabac=1 ref=1 deblock=1:0:0 analyse=0x3:0x113 me=hex subme=2 psy=1 psy_rd=1.00:0.00 mixed_ref=0 me_range=16 chroma_me=1 trellis=0 8x8dct=1 cqm=0 deadzone=21,11 fast_pskip=1 chroma_qp_offset=0 threads=15 lookahead_threads=3 sliced_threads=0 nr=0 decimate=1 interlaced=0 bluray_compat=0 constrained_intra=0 bframes=3 b_pyramid=2 b_adapt=1 b_bias=0 direct=1 weightb=1 open_gop=0 weightp=1 keyint=250 keyint_min=25 scenecut=40 intra_refresh=0 rc_lookahead=10 rc=crf mbtree=1 crf=18.0 qcomp=0.60 qpmin=0 qpmax=69 qpstep=4 ip_ratio=1.40 aq=1:1.00
[stderr] Output #0, mp4, to '/Users/johndoe/Documents/company/video_ops/scripts/abstract_algebra_in_proof_assistant/sets-v2-04-set-equality/takes/take-mrhmharr/pipeline/cut/cut-mrhswgb9/chunks/chunk-010.mp4':
[stderr]   Metadata:
[stderr]     major_brand     : qt  
[stderr]     minor_version   : 0
[stderr]     compatible_brands: qt  
[stderr]     encoder         : Lavf61.7.100
[stderr]   Stream #0:0(und): Video: h264 (avc1 / 0x31637661), yuv420p(tv, smpte170m/bt709/bt709, progressive), 640x480, q=2-31, 29.83 fps, 11456 tbn (default)
[stderr]       Metadata:
[stderr]         creation_time   : 2026-07-12T09:54:07.000000Z
[stderr]         handler_name    : Core Media Video
[stderr]         vendor_id       : [0][0][0][0]
[stderr]         encoder         : Lavc61.19.100 libx264
[stderr]       Side data:
[stderr]         cpb: bitrate max/min/avg: 0/0/0 buffer size: 0 vbv_delay: N/A
[stderr]   Stream #0:1(und): Audio: aac (LC) (mp4a / 0x6134706D), 48000 Hz, mono, fltp, 69 kb/s (default)
[stderr]       Metadata:
[stderr]         creation_time   : 2026-07-12T09:54:07.000000Z
[stderr]         handler_name    : Core Media Audio
[stderr]         vendor_id       : [0][0][0][0]
[stderr]         encoder         : Lavc61.19.100 aac
[stderr] [out#0/mp4 @ 0x15902a8b0] video:1213KiB audio:19KiB subtitle:0KiB other streams:0KiB global headers:0KiB muxing overhead: 0.307180%
[stderr] frame=   68 fps=0.0 q=-1.0 Lsize=    1236KiB time=00:00:02.21 bitrate=4576.9kbits/s speed=12.3x    
[stderr] [libx264 @ 0x15902c740] frame I:1     Avg QP:20.75  size: 44060
[stderr] [libx264 @ 0x15902c740] frame P:25    Avg QP:20.43  size: 31702
[stderr] [libx264 @ 0x15902c740] frame B:42    Avg QP:24.79  size:  9640
[stderr] [libx264 @ 0x15902c740] consecutive B-frames: 10.3% 17.6% 13.2% 58.8%
[stderr] [libx264 @ 0x15902c740] mb I  I16..4: 14.1% 12.1% 73.8%
[stderr] [libx264 @ 0x15902c740] mb P  I16..4: 13.6%  3.1%  6.3%  P16..4: 23.2% 21.3% 30.4%  0.0%  0.0%    skip: 2.1%
[stderr] [libx264 @ 0x15902c740] mb B  I16..4:  3.5%  0.2%  0.1%  B16..8: 30.4% 16.2%  6.9%  direct:14.8%  skip:27.9%  L0:26.1% L1:32.5% BI:41.5%
[stderr] [libx264 @ 0x15902c740] 8x8 transform intra:11.7% inter:30.3%
[stderr] [libx264 @ 0x15902c740] coded y,uvDC,uvAC intra: 40.8% 39.0% 25.7% inter: 46.2% 20.6% 3.8%
[stderr] [libx264 @ 0x15902c740] i16 v,h,dc,p: 85%  5%  9%  1%
[stderr] [libx264 @ 0x15902c740] i8 v,h,dc,ddl,ddr,vr,hd,vl,hu: 26% 14% 24%  2%  7%  7%  6%  7%  6%
[stderr] [libx264 @ 0x15902c740] i4 v,h,dc,ddl,ddr,vr,hd,vl,hu: 19% 16% 16%  4% 12%  8%  9%  8%  9%
[stderr] [libx264 @ 0x15902c740] i8c dc,h,v,p: 75%  8% 12%  5%
[stderr] [libx264 @ 0x15902c740] Weighted P-Frames: Y:24.0% UV:0.0%
[stderr] [libx264 @ 0x15902c740] kb/s:4357.38
[stderr] [aac @ 0x10bb29d30] Qavg: 116.476
[stderr] ffmpeg version 7.1 Copyright (c) 2000-2024 the FFmpeg developers
[stderr]   built with Apple clang version 15.0.0 (clang-1500.1.0.2.5)
[stderr]   configuration: --prefix=/opt/homebrew/Cellar/ffmpeg/7.1_3 --enable-shared --enable-pthreads --enable-version3 --cc=clang --host-cflags= --host-ldflags='-Wl,-ld_classic' --enable-ffplay --enable-gnutls --enable-gpl --enable-libaom --enable-libaribb24 --enable-libbluray --enable-libdav1d --enable-libharfbuzz --enable-libjxl --enable-libmp3lame --enable-libopus --enable-librav1e --enable-librist --enable-librubberband --enable-libsnappy --enable-libsrt --enable-libssh --enable-libsvtav1 --enable-libtesseract --enable-libtheora --enable-libvidstab --enable-libvmaf --enable-libvorbis --enable-libvpx --enable-libwebp --enable-libx264 --enable-libx265 --enable-libxml2 --enable-libxvid --enable-lzma --enable-libfontconfig --enable-libfreetype --enable-frei0r --enable-libass --enable-libopencore-amrnb --enable-libopencore-amrwb --enable-libopenjpeg --enable-libspeex --enable-libsoxr --enable-libzmq --enable-libzimg --disable-libjack --disable-indev=jack --enable-videotoolbox --enable-audiotoolbox --enable-neon
[stderr]   libavutil      59. 39.100 / 59. 39.100
[stderr]   libavcodec     61. 19.100 / 61. 19.100
[stderr]   libavformat    61.  7.100 / 61.  7.100
[stderr]   libavdevice    61.  3.100 / 61.  3.100
[stderr]   libavfilter    10.  4.100 / 10.  4.100
[stderr]   libswscale      8.  3.100 /  8.  3.100
[stderr]   libswresample   5.  3.100 /  5.  3.100
[stderr]   libpostproc    58.  3.100 / 58.  3.100
[stderr] Input #0, mov,mp4,m4a,3gp,3g2,mj2, from '/Users/johndoe/Documents/company/video_ops/scripts/abstract_algebra_in_proof_assistant/sets-v2-04-set-equality/takes/take-mrhmharr/source.mp4':
[stderr]   Metadata:
[stderr]     major_brand     : qt  
[stderr]     minor_version   : 0
[stderr]     compatible_brands: qt  
[stderr]     creation_time   : 2026-07-12T09:54:07.000000Z
[stderr]   Duration: 00:06:08.94, start: 0.000000, bitrate: 2946 kb/s
[stderr]   Stream #0:0[0x1](und): Video: hevc (Main) (hvc1 / 0x31637668), yuv420p(tv, smpte170m/bt709/bt709), 640x480, 2834 kb/s, 29.95 fps, 29.83 tbr, 600 tbn (default)
[stderr]       Metadata:
[stderr]         creation_time   : 2026-07-12T09:54:07.000000Z
[stderr]         handler_name    : Core Media Video
[stderr]         vendor_id       : [0][0][0][0]
[stderr]         encoder         : HEVC
[stderr]       Side data:
[stderr]         displaymatrix: rotation of -180.00 degrees
[stderr]   Stream #0:1[0x2](und): Audio: aac (LC) (mp4a / 0x6134706D), 48000 Hz, mono, fltp, 100 kb/s (default)
[stderr]       Metadata:
[stderr]         creation_time   : 2026-07-12T09:54:07.000000Z
[stderr]         handler_name    : Core Media Audio
[stderr]         vendor_id       : [0][0][0][0]
[stderr]   Stream #0:2[0x3](und): Data: none (mebx / 0x7862656D) (default)
[stderr]       Metadata:
[stderr]         creation_time   : 2026-07-12T09:54:07.000000Z
[stderr]         handler_name    : Core Media Metadata
[stderr] Stream mapping:
[stderr]   Stream #0:0 -> #0:0 (hevc (native) -> h264 (libx264))
[stderr]   Stream #0:1 -> #0:1 (aac (native) -> aac (native))
[stderr] Press [q] to stop, [?] for help
[stderr] [libx264 @ 0x13f0067a0] using cpu capabilities: ARMv8 NEON
[stderr] [libx264 @ 0x13f0067a0] profile High, level 3.0, 4:2:0, 8-bit
[stderr] [libx264 @ 0x13f0067a0] 264 - core 164 r3108 31e19f9 - H.264/MPEG-4 AVC codec - Copyleft 2003-2023 - http://www.videolan.org/x264.html - options: cabac=1 ref=1 deblock=1:0:0 analyse=0x3:0x113 me=hex subme=2 psy=1 psy_rd=1.00:0.00 mixed_ref=0 me_range=16 chroma_me=1 trellis=0 8x8dct=1 cqm=0 deadzone=21,11 fast_pskip=1 chroma_qp_offset=0 threads=15 lookahead_threads=3 sliced_threads=0 nr=0 decimate=1 interlaced=0 bluray_compat=0 constrained_intra=0 bframes=3 b_pyramid=2 b_adapt=1 b_bias=0 direct=1 weightb=1 open_gop=0 weightp=1 keyint=250 keyint_min=25 scenecut=40 intra_refresh=0 rc_lookahead=10 rc=crf mbtree=1 crf=18.0 qcomp=0.60 qpmin=0 qpmax=69 qpstep=4 ip_ratio=1.40 aq=1:1.00
[stderr] Output #0, mp4, to '/Users/johndoe/Documents/company/video_ops/scripts/abstract_algebra_in_proof_assistant/sets-v2-04-set-equality/takes/take-mrhmharr/pipeline/cut/cut-mrhswgb9/chunks/chunk-011.mp4':
[stderr]   Metadata:
[stderr]     major_brand     : qt  
[stderr]     minor_version   : 0
[stderr]     compatible_brands: qt  
[stderr]     encoder         : Lavf61.7.100
[stderr]   Stream #0:0(und): Video: h264 (avc1 / 0x31637661), yuv420p(tv, smpte170m/bt709/bt709, progressive), 640x480, q=2-31, 29.83 fps, 11456 tbn (default)
[stderr]       Metadata:
[stderr]         creation_time   : 2026-07-12T09:54:07.000000Z
[stderr]         handler_name    : Core Media Video
[stderr]         vendor_id       : [0][0][0][0]
[stderr]         encoder         : Lavc61.19.100 libx264
[stderr]       Side data:
[stderr]         cpb: bitrate max/min/avg: 0/0/0 buffer size: 0 vbv_delay: N/A
[stderr]   Stream #0:1(und): Audio: aac (LC) (mp4a / 0x6134706D), 48000 Hz, mono, fltp, 69 kb/s (default)
[stderr]       Metadata:
[stderr]         creation_time   : 2026-07-12T09:54:07.000000Z
[stderr]         handler_name    : Core Media Audio
[stderr]         vendor_id       : [0][0][0][0]
[stderr]         encoder         : Lavc61.19.100 aac
[stderr] frame=  194 fps=0.0 q=24.0 size=    3840KiB time=00:00:06.46 bitrate=4862.6kbits/s speed=12.8x    [stderr] [out#0/mp4 @ 0x13f005980] video:5012KiB audio:71KiB subtitle:0KiB other streams:0KiB global headers:0KiB muxing overhead: 0.201889%
[stderr] frame=  251 fps=0.0 q=-1.0 Lsize=    5093KiB time=00:00:08.37 bitrate=4978.9kbits/s dup=0 drop=2 speed=14.4x    
[stderr] [libx264 @ 0x13f0067a0] frame I:2     Avg QP:20.27  size: 64500
[stderr] [libx264 @ 0x13f0067a0] frame P:91    Avg QP:20.82  size: 37807
[stderr] [libx264 @ 0x13f0067a0] frame B:158   Avg QP:25.25  size:  9884
[stderr] [libx264 @ 0x13f0067a0] consecutive B-frames:  4.4% 29.5% 16.7% 49.4%
[stderr] [libx264 @ 0x13f0067a0] mb I  I16..4: 15.7%  5.3% 79.0%
[stderr] [libx264 @ 0x13f0067a0] mb P  I16..4:  9.1%  2.3%  3.3%  P16..4: 24.7% 22.6% 34.6%  0.0%  0.0%    skip: 3.3%
[stderr] [libx264 @ 0x13f0067a0] mb B  I16..4:  2.1%  0.2%  0.0%  B16..8: 30.6% 16.3%  7.5%  direct:14.2%  skip:29.2%  L0:22.9% L1:32.5% BI:44.6%
[stderr] [libx264 @ 0x13f0067a0] 8x8 transform intra:13.3% inter:25.9%
[stderr] [libx264 @ 0x13f0067a0] coded y,uvDC,uvAC intra: 39.2% 36.0% 22.3% inter: 46.0% 19.6% 3.2%
[stderr] [libx264 @ 0x13f0067a0] i16 v,h,dc,p: 81% 10%  8%  1%
[stderr] [libx264 @ 0x13f0067a0] i8 v,h,dc,ddl,ddr,vr,hd,vl,hu: 25% 13% 27%  2%  9%  8%  7%  4%  5%
[stderr] [libx264 @ 0x13f0067a0] i4 v,h,dc,ddl,ddr,vr,hd,vl,hu: 17% 16% 18%  4% 13%  8%  9%  7% 10%
[stderr] [libx264 @ 0x13f0067a0] i8c dc,h,v,p: 76%  9% 12%  4%
[stderr] [libx264 @ 0x13f0067a0] Weighted P-Frames: Y:14.3% UV:1.1%
[stderr] [libx264 @ 0x13f0067a0] kb/s:4878.98
[stderr] [aac @ 0x13f06cd80] Qavg: 161.021
[stderr] ffmpeg version 7.1 Copyright (c) 2000-2024 the FFmpeg developers
[stderr]   built with Apple clang version 15.0.0 (clang-1500.1.0.2.5)
[stderr]   configuration: --prefix=/opt/homebrew/Cellar/ffmpeg/7.1_3 --enable-shared --enable-pthreads --enable-version3 --cc=clang --host-cflags= --host-ldflags='-Wl,-ld_classic' --enable-ffplay --enable-gnutls --enable-gpl --enable-libaom --enable-libaribb24 --enable-libbluray --enable-libdav1d --enable-libharfbuzz --enable-libjxl --enable-libmp3lame --enable-libopus --enable-librav1e --enable-librist --enable-librubberband --enable-libsnappy --enable-libsrt --enable-libssh --enable-libsvtav1 --enable-libtesseract --enable-libtheora --enable-libvidstab --enable-libvmaf --enable-libvorbis --enable-libvpx --enable-libwebp --enable-libx264 --enable-libx265 --enable-libxml2 --enable-libxvid --enable-lzma --enable-libfontconfig --enable-libfreetype --enable-frei0r --enable-libass --enable-libopencore-amrnb --enable-libopencore-amrwb --enable-libopenjpeg --enable-libspeex --enable-libsoxr --enable-libzmq --enable-libzimg --disable-libjack --disable-indev=jack --enable-videotoolbox --enable-audiotoolbox --enable-neon
[stderr]   libavutil      59. 39.100 / 59. 39.100
[stderr]   libavcodec     61. 19.100 / 61. 19.100
[stderr]   libavformat    61.  7.100 / 61.  7.100
[stderr]   libavdevice    61.  3.100 / 61.  3.100
[stderr]   libavfilter    10.  4.100 / 10.  4.100
[stderr]   libswscale      8.  3.100 /  8.  3.100
[stderr]   libswresample   5.  3.100 /  5.  3.100
[stderr]   libpostproc    58.  3.100 / 58.  3.100
[stderr] Input #0, mov,mp4,m4a,3gp,3g2,mj2, from '/Users/johndoe/Documents/company/video_ops/scripts/abstract_algebra_in_proof_assistant/sets-v2-04-set-equality/takes/take-mrhmharr/source.mp4':
[stderr]   Metadata:
[stderr]     major_brand     : qt  
[stderr]     minor_version   : 0
[stderr]     compatible_brands: qt  
[stderr]     creation_time   : 2026-07-12T09:54:07.000000Z
[stderr]   Duration: 00:06:08.94, start: 0.000000, bitrate: 2946 kb/s
[stderr]   Stream #0:0[0x1](und): Video: hevc (Main) (hvc1 / 0x31637668), yuv420p(tv, smpte170m/bt709/bt709), 640x480, 2834 kb/s, 29.95 fps, 29.83 tbr, 600 tbn (default)
[stderr]       Metadata:
[stderr]         creation_time   : 2026-07-12T09:54:07.000000Z
[stderr]         handler_name    : Core Media Video
[stderr]         vendor_id       : [0][0][0][0]
[stderr]         encoder         : HEVC
[stderr]       Side data:
[stderr]         displaymatrix: rotation of -180.00 degrees
[stderr]   Stream #0:1[0x2](und): Audio: aac (LC) (mp4a / 0x6134706D), 48000 Hz, mono, fltp, 100 kb/s (default)
[stderr]       Metadata:
[stderr]         creation_time   : 2026-07-12T09:54:07.000000Z
[stderr]         handler_name    : Core Media Audio
[stderr]         vendor_id       : [0][0][0][0]
[stderr]   Stream #0:2[0x3](und): Data: none (mebx / 0x7862656D) (default)
[stderr]       Metadata:
[stderr]         creation_time   : 2026-07-12T09:54:07.000000Z
[stderr]         handler_name    : Core Media Metadata
[stderr] Stream mapping:
[stderr]   Stream #0:0 -> #0:0 (hevc (native) -> h264 (libx264))
[stderr]   Stream #0:1 -> #0:1 (aac (native) -> aac (native))
[stderr] Press [q] to stop, [?] for help
[stderr] [libx264 @ 0x15a618ee0] using cpu capabilities: ARMv8 NEON
[stderr] [libx264 @ 0x15a618ee0] profile High, level 3.0, 4:2:0, 8-bit
[stderr] [libx264 @ 0x15a618ee0] 264 - core 164 r3108 31e19f9 - H.264/MPEG-4 AVC codec - Copyleft 2003-2023 - http://www.videolan.org/x264.html - options: cabac=1 ref=1 deblock=1:0:0 analyse=0x3:0x113 me=hex subme=2 psy=1 psy_rd=1.00:0.00 mixed_ref=0 me_range=16 chroma_me=1 trellis=0 8x8dct=1 cqm=0 deadzone=21,11 fast_pskip=1 chroma_qp_offset=0 threads=15 lookahead_threads=3 sliced_threads=0 nr=0 decimate=1 interlaced=0 bluray_compat=0 constrained_intra=0 bframes=3 b_pyramid=2 b_adapt=1 b_bias=0 direct=1 weightb=1 open_gop=0 weightp=1 keyint=250 keyint_min=25 scenecut=40 intra_refresh=0 rc_lookahead=10 rc=crf mbtree=1 crf=18.0 qcomp=0.60 qpmin=0 qpmax=69 qpstep=4 ip_ratio=1.40 aq=1:1.00
[stderr] Output #0, mp4, to '/Users/johndoe/Documents/company/video_ops/scripts/abstract_algebra_in_proof_assistant/sets-v2-04-set-equality/takes/take-mrhmharr/pipeline/cut/cut-mrhswgb9/chunks/chunk-012.mp4':
[stderr]   Metadata:
[stderr]     major_brand     : qt  
[stderr]     minor_version   : 0
[stderr]     compatible_brands: qt  
[stderr]     encoder         : Lavf61.7.100
[stderr]   Stream #0:0(und): Video: h264 (avc1 / 0x31637661), yuv420p(tv, smpte170m/bt709/bt709, progressive), 640x480, q=2-31, 29.83 fps, 11456 tbn (default)
[stderr]       Metadata:
[stderr]         creation_time   : 2026-07-12T09:54:07.000000Z
[stderr]         handler_name    : Core Media Video
[stderr]         vendor_id       : [0][0][0][0]
[stderr]         encoder         : Lavc61.19.100 libx264
[stderr]       Side data:
[stderr]         cpb: bitrate max/min/avg: 0/0/0 buffer size: 0 vbv_delay: N/A
[stderr]   Stream #0:1(und): Audio: aac (LC) (mp4a / 0x6134706D), 48000 Hz, mono, fltp, 69 kb/s (default)
[stderr]       Metadata:
[stderr]         creation_time   : 2026-07-12T09:54:07.000000Z
[stderr]         handler_name    : Core Media Audio
[stderr]         vendor_id       : [0][0][0][0]
[stderr]         encoder         : Lavc61.19.100 aac
[stderr] frame=  189 fps=0.0 q=24.0 size=    3584KiB time=00:00:06.26 bitrate=4684.1kbits/s speed=12.4x    [stderr] frame=  392 fps=389 q=24.0 size=    7936KiB time=00:00:13.07 bitrate=4973.1kbits/s dup=0 drop=1 speed=  13x    [stderr] frame=  646 fps=428 q=24.0 size=   12032KiB time=00:00:21.58 bitrate=4566.1kbits/s dup=0 drop=3 speed=14.3x    [stderr] [out#0/mp4 @ 0x15a618100] video:13328KiB audio:216KiB subtitle:0KiB other streams:0KiB global headers:0KiB muxing overhead: 0.206680%
[stderr] frame=  756 fps=441 q=-1.0 Lsize=   13572KiB time=00:00:25.27 bitrate=4399.0kbits/s dup=0 drop=3 speed=14.8x    
[stderr] [libx264 @ 0x15a618ee0] frame I:4     Avg QP:17.92  size: 63223
[stderr] [libx264 @ 0x15a618ee0] frame P:287   Avg QP:20.03  size: 31619
[stderr] [libx264 @ 0x15a618ee0] frame B:465   Avg QP:24.15  size:  9289
[stderr] [libx264 @ 0x15a618ee0] consecutive B-frames:  8.9% 24.3%  9.1% 57.7%
[stderr] [libx264 @ 0x15a618ee0] mb I  I16..4: 14.6% 12.4% 73.0%
[stderr] [libx264 @ 0x15a618ee0] mb P  I16..4: 12.2%  5.8%  5.4%  P16..4: 22.3% 20.2% 28.6%  0.0%  0.0%    skip: 5.3%
[stderr] [libx264 @ 0x15a618ee0] mb B  I16..4:  2.7%  0.5%  0.1%  B16..8: 29.7% 15.5%  6.8%  direct:13.4%  skip:31.3%  L0:24.3% L1:31.3% BI:44.4%
[stderr] [libx264 @ 0x15a618ee0] 8x8 transform intra:22.3% inter:29.0%
[stderr] [libx264 @ 0x15a618ee0] coded y,uvDC,uvAC intra: 40.8% 43.6% 18.8% inter: 42.4% 20.2% 2.6%
[stderr] [libx264 @ 0x15a618ee0] i16 v,h,dc,p: 74% 10% 13%  3%
[stderr] [libx264 @ 0x15a618ee0] i8 v,h,dc,ddl,ddr,vr,hd,vl,hu: 22% 17% 28%  2%  8%  8%  6%  5%  5%
[stderr] [libx264 @ 0x15a618ee0] i4 v,h,dc,ddl,ddr,vr,hd,vl,hu: 20% 15% 17%  3% 12% 10%  8%  6%  8%
[stderr] [libx264 @ 0x15a618ee0] i8c dc,h,v,p: 68% 13% 15%  4%
[stderr] [libx264 @ 0x15a618ee0] Weighted P-Frames: Y:9.4% UV:2.1%
[stderr] [libx264 @ 0x15a618ee0] kb/s:4308.24
[stderr] [aac @ 0x12a604960] Qavg: 182.367
[stderr] ffmpeg version 7.1 Copyright (c) 2000-2024 the FFmpeg developers
[stderr]   built with Apple clang version 15.0.0 (clang-1500.1.0.2.5)
[stderr]   configuration: --prefix=/opt/homebrew/Cellar/ffmpeg/7.1_3 --enable-shared --enable-pthreads --enable-version3 --cc=clang --host-cflags= --host-ldflags='-Wl,-ld_classic' --enable-ffplay --enable-gnutls --enable-gpl --enable-libaom --enable-libaribb24 --enable-libbluray --enable-libdav1d --enable-libharfbuzz --enable-libjxl --enable-libmp3lame --enable-libopus --enable-librav1e --enable-librist --enable-librubberband --enable-libsnappy --enable-libsrt --enable-libssh --enable-libsvtav1 --enable-libtesseract --enable-libtheora --enable-libvidstab --enable-libvmaf --enable-libvorbis --enable-libvpx --enable-libwebp --enable-libx264 --enable-libx265 --enable-libxml2 --enable-libxvid --enable-lzma --enable-libfontconfig --enable-libfreetype --enable-frei0r --enable-libass --enable-libopencore-amrnb --enable-libopencore-amrwb --enable-libopenjpeg --enable-libspeex --enable-libsoxr --enable-libzmq --enable-libzimg --disable-libjack --disable-indev=jack --enable-videotoolbox --enable-audiotoolbox --enable-neon
[stderr]   libavutil      59. 39.100 / 59. 39.100
[stderr]   libavcodec     61. 19.100 / 61. 19.100
[stderr]   libavformat    61.  7.100 / 61.  7.100
[stderr]   libavdevice    61.  3.100 / 61.  3.100
[stderr]   libavfilter    10.  4.100 / 10.  4.100
[stderr]   libswscale      8.  3.100 /  8.  3.100
[stderr]   libswresample   5.  3.100 /  5.  3.100
[stderr]   libpostproc    58.  3.100 / 58.  3.100
[stderr] Input #0, mov,mp4,m4a,3gp,3g2,mj2, from '/Users/johndoe/Documents/company/video_ops/scripts/abstract_algebra_in_proof_assistant/sets-v2-04-set-equality/takes/take-mrhmharr/source.mp4':
[stderr]   Metadata:
[stderr]     major_brand     : qt  
[stderr]     minor_version   : 0
[stderr]     compatible_brands: qt  
[stderr]     creation_time   : 2026-07-12T09:54:07.000000Z
[stderr]   Duration: 00:06:08.94, start: 0.000000, bitrate: 2946 kb/s
[stderr]   Stream #0:0[0x1](und): Video: hevc (Main) (hvc1 / 0x31637668), yuv420p(tv, smpte170m/bt709/bt709), 640x480, 2834 kb/s, 29.95 fps, 29.83 tbr, 600 tbn (default)
[stderr]       Metadata:
[stderr]         creation_time   : 2026-07-12T09:54:07.000000Z
[stderr]         handler_name    : Core Media Video
[stderr]         vendor_id       : [0][0][0][0]
[stderr]         encoder         : HEVC
[stderr]       Side data:
[stderr]         displaymatrix: rotation of -180.00 degrees
[stderr]   Stream #0:1[0x2](und): Audio: aac (LC) (mp4a / 0x6134706D), 48000 Hz, mono, fltp, 100 kb/s (default)
[stderr]       Metadata:
[stderr]         creation_time   : 2026-07-12T09:54:07.000000Z
[stderr]         handler_name    : Core Media Audio
[stderr]         vendor_id       : [0][0][0][0]
[stderr]   Stream #0:2[0x3](und): Data: none (mebx / 0x7862656D) (default)
[stderr]       Metadata:
[stderr]         creation_time   : 2026-07-12T09:54:07.000000Z
[stderr]         handler_name    : Core Media Metadata
[stderr] Stream mapping:
[stderr]   Stream #0:0 -> #0:0 (hevc (native) -> h264 (libx264))
[stderr]   Stream #0:1 -> #0:1 (aac (native) -> aac (native))
[stderr] Press [q] to stop, [?] for help
[stderr] [libx264 @ 0x144616cd0] using cpu capabilities: ARMv8 NEON
[stderr] [libx264 @ 0x144616cd0] profile High, level 3.0, 4:2:0, 8-bit
[stderr] [libx264 @ 0x144616cd0] 264 - core 164 r3108 31e19f9 - H.264/MPEG-4 AVC codec - Copyleft 2003-2023 - http://www.videolan.org/x264.html - options: cabac=1 ref=1 deblock=1:0:0 analyse=0x3:0x113 me=hex subme=2 psy=1 psy_rd=1.00:0.00 mixed_ref=0 me_range=16 chroma_me=1 trellis=0 8x8dct=1 cqm=0 deadzone=21,11 fast_pskip=1 chroma_qp_offset=0 threads=15 lookahead_threads=3 sliced_threads=0 nr=0 decimate=1 interlaced=0 bluray_compat=0 constrained_intra=0 bframes=3 b_pyramid=2 b_adapt=1 b_bias=0 direct=1 weightb=1 open_gop=0 weightp=1 keyint=250 keyint_min=25 scenecut=40 intra_refresh=0 rc_lookahead=10 rc=crf mbtree=1 crf=18.0 qcomp=0.60 qpmin=0 qpmax=69 qpstep=4 ip_ratio=1.40 aq=1:1.00
[stderr] Output #0, mp4, to '/Users/johndoe/Documents/company/video_ops/scripts/abstract_algebra_in_proof_assistant/sets-v2-04-set-equality/takes/take-mrhmharr/pipeline/cut/cut-mrhswgb9/chunks/chunk-013.mp4':
[stderr]   Metadata:
[stderr]     major_brand     : qt  
[stderr]     minor_version   : 0
[stderr]     compatible_brands: qt  
[stderr]     encoder         : Lavf61.7.100
[stderr]   Stream #0:0(und): Video: h264 (avc1 / 0x31637661), yuv420p(tv, smpte170m/bt709/bt709, progressive), 640x480, q=2-31, 29.83 fps, 11456 tbn (default)
[stderr]       Metadata:
[stderr]         creation_time   : 2026-07-12T09:54:07.000000Z
[stderr]         handler_name    : Core Media Video
[stderr]         vendor_id       : [0][0][0][0]
[stderr]         encoder         : Lavc61.19.100 libx264
[stderr]       Side data:
[stderr]         cpb: bitrate max/min/avg: 0/0/0 buffer size: 0 vbv_delay: N/A
[stderr]   Stream #0:1(und): Audio: aac (LC) (mp4a / 0x6134706D), 48000 Hz, mono, fltp, 69 kb/s (default)
[stderr]       Metadata:
[stderr]         creation_time   : 2026-07-12T09:54:07.000000Z
[stderr]         handler_name    : Core Media Audio
[stderr]         vendor_id       : [0][0][0][0]
[stderr]         encoder         : Lavc61.19.100 aac
[stderr] [out#0/mp4 @ 0x144615f30] video:1182KiB audio:26KiB subtitle:0KiB other streams:0KiB global headers:0KiB muxing overhead: 0.368715%
[stderr] frame=   90 fps=0.0 q=-1.0 Lsize=    1212KiB time=00:00:02.94 bitrate=3366.5kbits/s speed=12.7x    
[stderr] [libx264 @ 0x144616cd0] frame I:1     Avg QP:19.74  size: 30600
[stderr] [libx264 @ 0x144616cd0] frame P:43    Avg QP:19.85  size: 20613
[stderr] [libx264 @ 0x144616cd0] frame B:46    Avg QP:21.92  size:  6360
[stderr] [libx264 @ 0x144616cd0] consecutive B-frames: 24.4% 15.6% 20.0% 40.0%
[stderr] [libx264 @ 0x144616cd0] mb I  I16..4: 16.1% 43.2% 40.7%
[stderr] [libx264 @ 0x144616cd0] mb P  I16..4:  9.8% 19.8%  3.7%  P16..4: 24.7% 18.5% 19.7%  0.0%  0.0%    skip: 3.9%
[stderr] [libx264 @ 0x144616cd0] mb B  I16..4:  3.1%  2.3%  0.1%  B16..8: 33.3% 14.5%  4.4%  direct:14.2%  skip:28.2%  L0:29.8% L1:33.2% BI:37.1%
[stderr] [libx264 @ 0x144616cd0] 8x8 transform intra:56.1% inter:30.3%
[stderr] [libx264 @ 0x144616cd0] coded y,uvDC,uvAC intra: 49.1% 64.7% 11.2% inter: 34.4% 24.9% 1.7%
[stderr] [libx264 @ 0x144616cd0] i16 v,h,dc,p: 23% 34% 28% 15%
[stderr] [libx264 @ 0x144616cd0] i8 v,h,dc,ddl,ddr,vr,hd,vl,hu: 14% 27% 35%  2%  5%  3%  5%  3%  6%
[stderr] [libx264 @ 0x144616cd0] i4 v,h,dc,ddl,ddr,vr,hd,vl,hu: 20% 16% 21%  3% 12%  9%  7%  5%  7%
[stderr] [libx264 @ 0x144616cd0] i8c dc,h,v,p: 50% 26% 18%  5%
[stderr] [libx264 @ 0x144616cd0] Weighted P-Frames: Y:2.3% UV:0.0%
[stderr] [libx264 @ 0x144616cd0] kb/s:3207.54
[stderr] [aac @ 0x14462ee40] Qavg: 151.689
[stderr] ffmpeg version 7.1 Copyright (c) 2000-2024 the FFmpeg developers
[stderr]   built with Apple clang version 15.0.0 (clang-1500.1.0.2.5)
[stderr]   configuration: --prefix=/opt/homebrew/Cellar/ffmpeg/7.1_3 --enable-shared --enable-pthreads --enable-version3 --cc=clang --host-cflags= --host-ldflags='-Wl,-ld_classic' --enable-ffplay --enable-gnutls --enable-gpl --enable-libaom --enable-libaribb24 --enable-libbluray --enable-libdav1d --enable-libharfbuzz --enable-libjxl --enable-libmp3lame --enable-libopus --enable-librav1e --enable-librist --enable-librubberband --enable-libsnappy --enable-libsrt --enable-libssh --enable-libsvtav1 --enable-libtesseract --enable-libtheora --enable-libvidstab --enable-libvmaf --enable-libvorbis --enable-libvpx --enable-libwebp --enable-libx264 --enable-libx265 --enable-libxml2 --enable-libxvid --enable-lzma --enable-libfontconfig --enable-libfreetype --enable-frei0r --enable-libass --enable-libopencore-amrnb --enable-libopencore-amrwb --enable-libopenjpeg --enable-libspeex --enable-libsoxr --enable-libzmq --enable-libzimg --disable-libjack --disable-indev=jack --enable-videotoolbox --enable-audiotoolbox --enable-neon
[stderr]   libavutil      59. 39.100 / 59. 39.100
[stderr]   libavcodec     61. 19.100 / 61. 19.100
[stderr]   libavformat    61.  7.100 / 61.  7.100
[stderr]   libavdevice    61.  3.100 / 61.  3.100
[stderr]   libavfilter    10.  4.100 / 10.  4.100
[stderr]   libswscale      8.  3.100 /  8.  3.100
[stderr]   libswresample   5.  3.100 /  5.  3.100
[stderr]   libpostproc    58.  3.100 / 58.  3.100
[stderr] Input #0, mov,mp4,m4a,3gp,3g2,mj2, from '/Users/johndoe/Documents/company/video_ops/scripts/abstract_algebra_in_proof_assistant/sets-v2-04-set-equality/takes/take-mrhmharr/source.mp4':
[stderr]   Metadata:
[stderr]     major_brand     : qt  
[stderr]     minor_version   : 0
[stderr]     compatible_brands: qt  
[stderr]     creation_time   : 2026-07-12T09:54:07.000000Z
[stderr]   Duration: 00:06:08.94, start: 0.000000, bitrate: 2946 kb/s
[stderr]   Stream #0:0[0x1](und): Video: hevc (Main) (hvc1 / 0x31637668), yuv420p(tv, smpte170m/bt709/bt709), 640x480, 2834 kb/s, 29.95 fps, 29.83 tbr, 600 tbn (default)
[stderr]       Metadata:
[stderr]         creation_time   : 2026-07-12T09:54:07.000000Z
[stderr]         handler_name    : Core Media Video
[stderr]         vendor_id       : [0][0][0][0]
[stderr]         encoder         : HEVC
[stderr]       Side data:
[stderr]         displaymatrix: rotation of -180.00 degrees
[stderr]   Stream #0:1[0x2](und): Audio: aac (LC) (mp4a / 0x6134706D), 48000 Hz, mono, fltp, 100 kb/s (default)
[stderr]       Metadata:
[stderr]         creation_time   : 2026-07-12T09:54:07.000000Z
[stderr]         handler_name    : Core Media Audio
[stderr]         vendor_id       : [0][0][0][0]
[stderr]   Stream #0:2[0x3](und): Data: none (mebx / 0x7862656D) (default)
[stderr]       Metadata:
[stderr]         creation_time   : 2026-07-12T09:54:07.000000Z
[stderr]         handler_name    : Core Media Metadata
[stderr] Stream mapping:
[stderr]   Stream #0:0 -> #0:0 (hevc (native) -> h264 (libx264))
[stderr]   Stream #0:1 -> #0:1 (aac (native) -> aac (native))
[stderr] Press [q] to stop, [?] for help
[stderr] [libx264 @ 0x15b805680] using cpu capabilities: ARMv8 NEON
[stderr] [libx264 @ 0x15b805680] profile High, level 3.0, 4:2:0, 8-bit
[stderr] [libx264 @ 0x15b805680] 264 - core 164 r3108 31e19f9 - H.264/MPEG-4 AVC codec - Copyleft 2003-2023 - http://www.videolan.org/x264.html - options: cabac=1 ref=1 deblock=1:0:0 analyse=0x3:0x113 me=hex subme=2 psy=1 psy_rd=1.00:0.00 mixed_ref=0 me_range=16 chroma_me=1 trellis=0 8x8dct=1 cqm=0 deadzone=21,11 fast_pskip=1 chroma_qp_offset=0 threads=15 lookahead_threads=3 sliced_threads=0 nr=0 decimate=1 interlaced=0 bluray_compat=0 constrained_intra=0 bframes=3 b_pyramid=2 b_adapt=1 b_bias=0 direct=1 weightb=1 open_gop=0 weightp=1 keyint=250 keyint_min=25 scenecut=40 intra_refresh=0 rc_lookahead=10 rc=crf mbtree=1 crf=18.0 qcomp=0.60 qpmin=0 qpmax=69 qpstep=4 ip_ratio=1.40 aq=1:1.00
[stderr] Output #0, mp4, to '/Users/johndoe/Documents/company/video_ops/scripts/abstract_algebra_in_proof_assistant/sets-v2-04-set-equality/takes/take-mrhmharr/pipeline/cut/cut-mrhswgb9/chunks/chunk-014.mp4':
[stderr]   Metadata:
[stderr]     major_brand     : qt  
[stderr]     minor_version   : 0
[stderr]     compatible_brands: qt  
[stderr]     encoder         : Lavf61.7.100
[stderr]   Stream #0:0(und): Video: h264 (avc1 / 0x31637661), yuv420p(tv, smpte170m/bt709/bt709, progressive), 640x480, q=2-31, 29.83 fps, 11456 tbn (default)
[stderr]       Metadata:
[stderr]         creation_time   : 2026-07-12T09:54:07.000000Z
[stderr]         handler_name    : Core Media Video
[stderr]         vendor_id       : [0][0][0][0]
[stderr]         encoder         : Lavc61.19.100 libx264
[stderr]       Side data:
[stderr]         cpb: bitrate max/min/avg: 0/0/0 buffer size: 0 vbv_delay: N/A
[stderr]   Stream #0:1(und): Audio: aac (LC) (mp4a / 0x6134706D), 48000 Hz, mono, fltp, 69 kb/s (default)
[stderr]       Metadata:
[stderr]         creation_time   : 2026-07-12T09:54:07.000000Z
[stderr]         handler_name    : Core Media Audio
[stderr]         vendor_id       : [0][0][0][0]
[stderr]         encoder         : Lavc61.19.100 aac
[stderr] frame=  218 fps=0.0 q=24.0 size=    3328KiB time=00:00:07.20 bitrate=3783.1kbits/s speed=14.3x    [stderr] frame=  425 fps=422 q=24.0 size=    7680KiB time=00:00:14.17 bitrate=4437.3kbits/s dup=0 drop=1 speed=14.1x    [stderr] [out#0/mp4 @ 0x15b804730] video:11109KiB audio:160KiB subtitle:0KiB other streams:0KiB global headers:0KiB muxing overhead: 0.185625%
[stderr] frame=  561 fps=421 q=-1.0 Lsize=   11290KiB time=00:00:18.73 bitrate=4935.9kbits/s dup=0 drop=1 speed=14.1x    
[stderr] [libx264 @ 0x15b805680] frame I:3     Avg QP:18.76  size: 55653
[stderr] [libx264 @ 0x15b805680] frame P:235   Avg QP:21.05  size: 31092
[stderr] [libx264 @ 0x15b805680] frame B:323   Avg QP:23.99  size: 12078
[stderr] [libx264 @ 0x15b805680] consecutive B-frames: 15.5% 20.3%  8.6% 55.6%
[stderr] [libx264 @ 0x15b805680] mb I  I16..4: 11.5% 21.0% 67.4%
[stderr] [libx264 @ 0x15b805680] mb P  I16..4:  7.1%  9.8%  9.2%  P16..4: 24.2% 20.5% 26.3%  0.0%  0.0%    skip: 2.8%
[stderr] [libx264 @ 0x15b805680] mb B  I16..4:  1.7%  0.8%  0.5%  B16..8: 31.7% 16.4%  8.7%  direct:16.1%  skip:24.1%  L0:28.4% L1:32.2% BI:39.4%
[stderr] [libx264 @ 0x15b805680] 8x8 transform intra:35.4% inter:29.5%
[stderr] [libx264 @ 0x15b805680] coded y,uvDC,uvAC intra: 62.2% 61.0% 25.3% inter: 46.6% 25.2% 3.0%
[stderr] [libx264 @ 0x15b805680] i16 v,h,dc,p: 60% 18% 14%  8%
[stderr] [libx264 @ 0x15b805680] i8 v,h,dc,ddl,ddr,vr,hd,vl,hu: 21% 20% 28%  2%  7%  5%  6%  5%  6%
[stderr] [libx264 @ 0x15b805680] i4 v,h,dc,ddl,ddr,vr,hd,vl,hu: 17% 17% 17%  4% 13%  8%  9%  7%  9%
[stderr] [libx264 @ 0x15b805680] i8c dc,h,v,p: 56% 19% 18%  6%
[stderr] [libx264 @ 0x15b805680] Weighted P-Frames: Y:11.9% UV:2.1%
[stderr] [libx264 @ 0x15b805680] kb/s:4839.12
[stderr] [aac @ 0x15b86b7d0] Qavg: 192.119
[stderr] ffmpeg version 7.1 Copyright (c) 2000-2024 the FFmpeg developers
[stderr]   built with Apple clang version 15.0.0 (clang-1500.1.0.2.5)
[stderr]   configuration: --prefix=/opt/homebrew/Cellar/ffmpeg/7.1_3 --enable-shared --enable-pthreads --enable-version3 --cc=clang --host-cflags= --host-ldflags='-Wl,-ld_classic' --enable-ffplay --enable-gnutls --enable-gpl --enable-libaom --enable-libaribb24 --enable-libbluray --enable-libdav1d --enable-libharfbuzz --enable-libjxl --enable-libmp3lame --enable-libopus --enable-librav1e --enable-librist --enable-librubberband --enable-libsnappy --enable-libsrt --enable-libssh --enable-libsvtav1 --enable-libtesseract --enable-libtheora --enable-libvidstab --enable-libvmaf --enable-libvorbis --enable-libvpx --enable-libwebp --enable-libx264 --enable-libx265 --enable-libxml2 --enable-libxvid --enable-lzma --enable-libfontconfig --enable-libfreetype --enable-frei0r --enable-libass --enable-libopencore-amrnb --enable-libopencore-amrwb --enable-libopenjpeg --enable-libspeex --enable-libsoxr --enable-libzmq --enable-libzimg --disable-libjack --disable-indev=jack --enable-videotoolbox --enable-audiotoolbox --enable-neon
[stderr]   libavutil      59. 39.100 / 59. 39.100
[stderr]   libavcodec     61. 19.100 / 61. 19.100
[stderr]   libavformat    61.  7.100 / 61.  7.100
[stderr]   libavdevice    61.  3.100 / 61.  3.100
[stderr]   libavfilter    10.  4.100 / 10.  4.100
[stderr]   libswscale      8.  3.100 /  8.  3.100
[stderr]   libswresample   5.  3.100 /  5.  3.100
[stderr]   libpostproc    58.  3.100 / 58.  3.100
[stderr] Input #0, mov,mp4,m4a,3gp,3g2,mj2, from '/Users/johndoe/Documents/company/video_ops/scripts/abstract_algebra_in_proof_assistant/sets-v2-04-set-equality/takes/take-mrhmharr/source.mp4':
[stderr]   Metadata:
[stderr]     major_brand     : qt  
[stderr]     minor_version   : 0
[stderr]     compatible_brands: qt  
[stderr]     creation_time   : 2026-07-12T09:54:07.000000Z
[stderr]   Duration: 00:06:08.94, start: 0.000000, bitrate: 2946 kb/s
[stderr]   Stream #0:0[0x1](und): Video: hevc (Main) (hvc1 / 0x31637668), yuv420p(tv, smpte170m/bt709/bt709), 640x480, 2834 kb/s, 29.95 fps, 29.83 tbr, 600 tbn (default)
[stderr]       Metadata:
[stderr]         creation_time   : 2026-07-12T09:54:07.000000Z
[stderr]         handler_name    : Core Media Video
[stderr]         vendor_id       : [0][0][0][0]
[stderr]         encoder         : HEVC
[stderr]       Side data:
[stderr]         displaymatrix: rotation of -180.00 degrees
[stderr]   Stream #0:1[0x2](und): Audio: aac (LC) (mp4a / 0x6134706D), 48000 Hz, mono, fltp, 100 kb/s (default)
[stderr]       Metadata:
[stderr]         creation_time   : 2026-07-12T09:54:07.000000Z
[stderr]         handler_name    : Core Media Audio
[stderr]         vendor_id       : [0][0][0][0]
[stderr]   Stream #0:2[0x3](und): Data: none (mebx / 0x7862656D) (default)
[stderr]       Metadata:
[stderr]         creation_time   : 2026-07-12T09:54:07.000000Z
[stderr]         handler_name    : Core Media Metadata
[stderr] Stream mapping:
[stderr]   Stream #0:0 -> #0:0 (hevc (native) -> h264 (libx264))
[stderr]   Stream #0:1 -> #0:1 (aac (native) -> aac (native))
[stderr] Press [q] to stop, [?] for help
[stderr] [libx264 @ 0x1338072b0] using cpu capabilities: ARMv8 NEON
[stderr] [libx264 @ 0x1338072b0] profile High, level 3.0, 4:2:0, 8-bit
[stderr] [libx264 @ 0x1338072b0] 264 - core 164 r3108 31e19f9 - H.264/MPEG-4 AVC codec - Copyleft 2003-2023 - http://www.videolan.org/x264.html - options: cabac=1 ref=1 deblock=1:0:0 analyse=0x3:0x113 me=hex subme=2 psy=1 psy_rd=1.00:0.00 mixed_ref=0 me_range=16 chroma_me=1 trellis=0 8x8dct=1 cqm=0 deadzone=21,11 fast_pskip=1 chroma_qp_offset=0 threads=15 lookahead_threads=3 sliced_threads=0 nr=0 decimate=1 interlaced=0 bluray_compat=0 constrained_intra=0 bframes=3 b_pyramid=2 b_adapt=1 b_bias=0 direct=1 weightb=1 open_gop=0 weightp=1 keyint=250 keyint_min=25 scenecut=40 intra_refresh=0 rc_lookahead=10 rc=crf mbtree=1 crf=18.0 qcomp=0.60 qpmin=0 qpmax=69 qpstep=4 ip_ratio=1.40 aq=1:1.00
[stderr] Output #0, mp4, to '/Users/johndoe/Documents/company/video_ops/scripts/abstract_algebra_in_proof_assistant/sets-v2-04-set-equality/takes/take-mrhmharr/pipeline/cut/cut-mrhswgb9/chunks/chunk-015.mp4':
[stderr]   Metadata:
[stderr]     major_brand     : qt  
[stderr]     minor_version   : 0
[stderr]     compatible_brands: qt  
[stderr]     encoder         : Lavf61.7.100
[stderr]   Stream #0:0(und): Video: h264 (avc1 / 0x31637661), yuv420p(tv, smpte170m/bt709/bt709, progressive), 640x480, q=2-31, 29.83 fps, 11456 tbn (default)
[stderr]       Metadata:
[stderr]         creation_time   : 2026-07-12T09:54:07.000000Z
[stderr]         handler_name    : Core Media Video
[stderr]         vendor_id       : [0][0][0][0]
[stderr]         encoder         : Lavc61.19.100 libx264
[stderr]       Side data:
[stderr]         cpb: bitrate max/min/avg: 0/0/0 buffer size: 0 vbv_delay: N/A
[stderr]   Stream #0:1(und): Audio: aac (LC) (mp4a / 0x6134706D), 48000 Hz, mono, fltp, 69 kb/s (default)
[stderr]       Metadata:
[stderr]         creation_time   : 2026-07-12T09:54:07.000000Z
[stderr]         handler_name    : Core Media Audio
[stderr]         vendor_id       : [0][0][0][0]
[stderr]         encoder         : Lavc61.19.100 aac
[stderr] [out#0/mp4 @ 0x133806420] video:5540KiB audio:54KiB subtitle:0KiB other streams:0KiB global headers:0KiB muxing overhead: 0.143714%
[stderr] frame=  188 fps=0.0 q=-1.0 Lsize=    5602KiB time=00:00:06.26 bitrate=7321.2kbits/s speed=12.5x    
[stderr] [libx264 @ 0x1338072b0] frame I:3     Avg QP:21.90  size: 50680
[stderr] [libx264 @ 0x1338072b0] frame P:64    Avg QP:23.90  size: 41096
[stderr] [libx264 @ 0x1338072b0] frame B:121   Avg QP:26.02  size: 23886
[stderr] [libx264 @ 0x1338072b0] consecutive B-frames: 10.1% 10.6%  4.8% 74.5%
[stderr] [libx264 @ 0x1338072b0] mb I  I16..4:  2.1%  9.9% 87.9%
[stderr] [libx264 @ 0x1338072b0] mb P  I16..4:  2.1%  8.0% 31.9%  P16..4: 15.9% 16.0% 25.5%  0.0%  0.0%    skip: 0.7%
[stderr] [libx264 @ 0x1338072b0] mb B  I16..4:  0.8%  1.4%  3.1%  B16..8: 28.1% 22.3% 18.6%  direct:17.6%  skip: 8.1%  L0:32.4% L1:31.2% BI:36.4%
[stderr] [libx264 @ 0x1338072b0] 8x8 transform intra:19.6% inter:35.1%
[stderr] [libx264 @ 0x1338072b0] coded y,uvDC,uvAC intra: 91.1% 73.6% 37.3% inter: 67.1% 31.1% 2.6%
[stderr] [libx264 @ 0x1338072b0] i16 v,h,dc,p: 39% 23% 24% 15%
[stderr] [libx264 @ 0x1338072b0] i8 v,h,dc,ddl,ddr,vr,hd,vl,hu: 21% 19% 15%  3%  9%  7%  9%  8%  8%
[stderr] [libx264 @ 0x1338072b0] i4 v,h,dc,ddl,ddr,vr,hd,vl,hu: 15% 17% 13%  4% 16%  9% 11%  8%  9%
[stderr] [libx264 @ 0x1338072b0] i8c dc,h,v,p: 47% 22% 20% 10%
[stderr] [libx264 @ 0x1338072b0] Weighted P-Frames: Y:15.6% UV:4.7%
[stderr] [libx264 @ 0x1338072b0] kb/s:7201.13
[stderr] [aac @ 0x133950fe0] Qavg: 389.175
[stderr] ffmpeg version 7.1 Copyright (c) 2000-2024 the FFmpeg developers
[stderr]   built with Apple clang version 15.0.0 (clang-1500.1.0.2.5)
[stderr]   configuration: --prefix=/opt/homebrew/Cellar/ffmpeg/7.1_3 --enable-shared --enable-pthreads --enable-version3 --cc=clang --host-cflags= --host-ldflags='-Wl,-ld_classic' --enable-ffplay --enable-gnutls --enable-gpl --enable-libaom --enable-libaribb24 --enable-libbluray --enable-libdav1d --enable-libharfbuzz --enable-libjxl --enable-libmp3lame --enable-libopus --enable-librav1e --enable-librist --enable-librubberband --enable-libsnappy --enable-libsrt --enable-libssh --enable-libsvtav1 --enable-libtesseract --enable-libtheora --enable-libvidstab --enable-libvmaf --enable-libvorbis --enable-libvpx --enable-libwebp --enable-libx264 --enable-libx265 --enable-libxml2 --enable-libxvid --enable-lzma --enable-libfontconfig --enable-libfreetype --enable-frei0r --enable-libass --enable-libopencore-amrnb --enable-libopencore-amrwb --enable-libopenjpeg --enable-libspeex --enable-libsoxr --enable-libzmq --enable-libzimg --disable-libjack --disable-indev=jack --enable-videotoolbox --enable-audiotoolbox --enable-neon
[stderr]   libavutil      59. 39.100 / 59. 39.100
[stderr]   libavcodec     61. 19.100 / 61. 19.100
[stderr]   libavformat    61.  7.100 / 61.  7.100
[stderr]   libavdevice    61.  3.100 / 61.  3.100
[stderr]   libavfilter    10.  4.100 / 10.  4.100
[stderr]   libswscale      8.  3.100 /  8.  3.100
[stderr]   libswresample   5.  3.100 /  5.  3.100
[stderr]   libpostproc    58.  3.100 / 58.  3.100
[stderr] Input #0, mov,mp4,m4a,3gp,3g2,mj2, from '/Users/johndoe/Documents/company/video_ops/scripts/abstract_algebra_in_proof_assistant/sets-v2-04-set-equality/takes/take-mrhmharr/source.mp4':
[stderr]   Metadata:
[stderr]     major_brand     : qt  
[stderr]     minor_version   : 0
[stderr]     compatible_brands: qt  
[stderr]     creation_time   : 2026-07-12T09:54:07.000000Z
[stderr]   Duration: 00:06:08.94, start: 0.000000, bitrate: 2946 kb/s
[stderr]   Stream #0:0[0x1](und): Video: hevc (Main) (hvc1 / 0x31637668), yuv420p(tv, smpte170m/bt709/bt709), 640x480, 2834 kb/s, 29.95 fps, 29.83 tbr, 600 tbn (default)
[stderr]       Metadata:
[stderr]         creation_time   : 2026-07-12T09:54:07.000000Z
[stderr]         handler_name    : Core Media Video
[stderr]         vendor_id       : [0][0][0][0]
[stderr]         encoder         : HEVC
[stderr]       Side data:
[stderr]         displaymatrix: rotation of -180.00 degrees
[stderr]   Stream #0:1[0x2](und): Audio: aac (LC) (mp4a / 0x6134706D), 48000 Hz, mono, fltp, 100 kb/s (default)
[stderr]       Metadata:
[stderr]         creation_time   : 2026-07-12T09:54:07.000000Z
[stderr]         handler_name    : Core Media Audio
[stderr]         vendor_id       : [0][0][0][0]
[stderr]   Stream #0:2[0x3](und): Data: none (mebx / 0x7862656D) (default)
[stderr]       Metadata:
[stderr]         creation_time   : 2026-07-12T09:54:07.000000Z
[stderr]         handler_name    : Core Media Metadata
[stderr] Stream mapping:
[stderr]   Stream #0:0 -> #0:0 (hevc (native) -> h264 (libx264))
[stderr]   Stream #0:1 -> #0:1 (aac (native) -> aac (native))
[stderr] Press [q] to stop, [?] for help
[stderr] [libx264 @ 0x124b06c90] using cpu capabilities: ARMv8 NEON
[stderr] [libx264 @ 0x124b06c90] profile High, level 3.0, 4:2:0, 8-bit
[stderr] [libx264 @ 0x124b06c90] 264 - core 164 r3108 31e19f9 - H.264/MPEG-4 AVC codec - Copyleft 2003-2023 - http://www.videolan.org/x264.html - options: cabac=1 ref=1 deblock=1:0:0 analyse=0x3:0x113 me=hex subme=2 psy=1 psy_rd=1.00:0.00 mixed_ref=0 me_range=16 chroma_me=1 trellis=0 8x8dct=1 cqm=0 deadzone=21,11 fast_pskip=1 chroma_qp_offset=0 threads=15 lookahead_threads=3 sliced_threads=0 nr=0 decimate=1 interlaced=0 bluray_compat=0 constrained_intra=0 bframes=3 b_pyramid=2 b_adapt=1 b_bias=0 direct=1 weightb=1 open_gop=0 weightp=1 keyint=250 keyint_min=25 scenecut=40 intra_refresh=0 rc_lookahead=10 rc=crf mbtree=1 crf=18.0 qcomp=0.60 qpmin=0 qpmax=69 qpstep=4 ip_ratio=1.40 aq=1:1.00
[stderr] Output #0, mp4, to '/Users/johndoe/Documents/company/video_ops/scripts/abstract_algebra_in_proof_assistant/sets-v2-04-set-equality/takes/take-mrhmharr/pipeline/cut/cut-mrhswgb9/chunks/chunk-016.mp4':
[stderr]   Metadata:
[stderr]     major_brand     : qt  
[stderr]     minor_version   : 0
[stderr]     compatible_brands: qt  
[stderr]     encoder         : Lavf61.7.100
[stderr]   Stream #0:0(und): Video: h264 (avc1 / 0x31637661), yuv420p(tv, smpte170m/bt709/bt709, progressive), 640x480, q=2-31, 29.83 fps, 11456 tbn (default)
[stderr]       Metadata:
[stderr]         creation_time   : 2026-07-12T09:54:07.000000Z
[stderr]         handler_name    : Core Media Video
[stderr]         vendor_id       : [0][0][0][0]
[stderr]         encoder         : Lavc61.19.100 libx264
[stderr]       Side data:
[stderr]         cpb: bitrate max/min/avg: 0/0/0 buffer size: 0 vbv_delay: N/A
[stderr]   Stream #0:1(und): Audio: aac (LC) (mp4a / 0x6134706D), 48000 Hz, mono, fltp, 69 kb/s (default)
[stderr]       Metadata:
[stderr]         creation_time   : 2026-07-12T09:54:07.000000Z
[stderr]         handler_name    : Core Media Audio
[stderr]         vendor_id       : [0][0][0][0]
[stderr]         encoder         : Lavc61.19.100 aac
[stderr] frame=  164 fps=0.0 q=24.0 size=    4352KiB time=00:00:05.43 bitrate=6565.5kbits/s speed=10.7x    [stderr] [out#0/mp4 @ 0x124b05ef0] video:6608KiB audio:71KiB subtitle:0KiB other streams:0KiB global headers:0KiB muxing overhead: 0.152477%
[stderr] frame=  248 fps=0.0 q=-1.0 Lsize=    6689KiB time=00:00:08.24 bitrate=6645.3kbits/s speed=12.3x    
[stderr] [libx264 @ 0x124b06c90] frame I:3     Avg QP:21.44  size: 46592
[stderr] [libx264 @ 0x124b06c90] frame P:79    Avg QP:23.33  size: 39800
[stderr] [libx264 @ 0x124b06c90] frame B:166   Avg QP:25.32  size: 20973
[stderr] [libx264 @ 0x124b06c90] consecutive B-frames:  8.1%  4.8%  9.7% 77.4%
[stderr] [libx264 @ 0x124b06c90] mb I  I16..4:  3.9% 13.2% 82.9%
[stderr] [libx264 @ 0x124b06c90] mb P  I16..4:  2.6% 12.0% 29.9%  P16..4: 14.6% 15.4% 24.8%  0.0%  0.0%    skip: 0.6%
[stderr] [libx264 @ 0x124b06c90] mb B  I16..4:  0.9%  2.5%  2.7%  B16..8: 27.1% 19.9% 15.2%  direct:20.1%  skip:11.6%  L0:31.4% L1:31.2% BI:37.4%
[stderr] [libx264 @ 0x124b06c90] 8x8 transform intra:29.0% inter:37.5%
[stderr] [libx264 @ 0x124b06c90] coded y,uvDC,uvAC intra: 88.4% 74.3% 41.9% inter: 63.6% 34.6% 4.7%
[stderr] [libx264 @ 0x124b06c90] i16 v,h,dc,p: 48% 15% 23% 14%
[stderr] [libx264 @ 0x124b06c90] i8 v,h,dc,ddl,ddr,vr,hd,vl,hu: 25% 19% 15%  3%  9%  8%  7%  7%  8%
[stderr] [libx264 @ 0x124b06c90] i4 v,h,dc,ddl,ddr,vr,hd,vl,hu: 14% 19% 13%  4% 15%  9% 11%  6% 10%
[stderr] [libx264 @ 0x124b06c90] i8c dc,h,v,p: 48% 22% 20% 10%
[stderr] [libx264 @ 0x124b06c90] Weighted P-Frames: Y:17.7% UV:5.1%
[stderr] [libx264 @ 0x124b06c90] kb/s:6510.85
[stderr] [aac @ 0x124b6cde0] Qavg: 171.525
[stderr] ffmpeg version 7.1 Copyright (c) 2000-2024 the FFmpeg developers
[stderr]   built with Apple clang version 15.0.0 (clang-1500.1.0.2.5)
[stderr]   configuration: --prefix=/opt/homebrew/Cellar/ffmpeg/7.1_3 --enable-shared --enable-pthreads --enable-version3 --cc=clang --host-cflags= --host-ldflags='-Wl,-ld_classic' --enable-ffplay --enable-gnutls --enable-gpl --enable-libaom --enable-libaribb24 --enable-libbluray --enable-libdav1d --enable-libharfbuzz --enable-libjxl --enable-libmp3lame --enable-libopus --enable-librav1e --enable-librist --enable-librubberband --enable-libsnappy --enable-libsrt --enable-libssh --enable-libsvtav1 --enable-libtesseract --enable-libtheora --enable-libvidstab --enable-libvmaf --enable-libvorbis --enable-libvpx --enable-libwebp --enable-libx264 --enable-libx265 --enable-libxml2 --enable-libxvid --enable-lzma --enable-libfontconfig --enable-libfreetype --enable-frei0r --enable-libass --enable-libopencore-amrnb --enable-libopencore-amrwb --enable-libopenjpeg --enable-libspeex --enable-libsoxr --enable-libzmq --enable-libzimg --disable-libjack --disable-indev=jack --enable-videotoolbox --enable-audiotoolbox --enable-neon
[stderr]   libavutil      59. 39.100 / 59. 39.100
[stderr]   libavcodec     61. 19.100 / 61. 19.100
[stderr]   libavformat    61.  7.100 / 61.  7.100
[stderr]   libavdevice    61.  3.100 / 61.  3.100
[stderr]   libavfilter    10.  4.100 / 10.  4.100
[stderr]   libswscale      8.  3.100 /  8.  3.100
[stderr]   libswresample   5.  3.100 /  5.  3.100
[stderr]   libpostproc    58.  3.100 / 58.  3.100
[stderr] Input #0, mov,mp4,m4a,3gp,3g2,mj2, from '/Users/johndoe/Documents/company/video_ops/scripts/abstract_algebra_in_proof_assistant/sets-v2-04-set-equality/takes/take-mrhmharr/source.mp4':
[stderr]   Metadata:
[stderr]     major_brand     : qt  
[stderr]     minor_version   : 0
[stderr]     compatible_brands: qt  
[stderr]     creation_time   : 2026-07-12T09:54:07.000000Z
[stderr]   Duration: 00:06:08.94, start: 0.000000, bitrate: 2946 kb/s
[stderr]   Stream #0:0[0x1](und): Video: hevc (Main) (hvc1 / 0x31637668), yuv420p(tv, smpte170m/bt709/bt709), 640x480, 2834 kb/s, 29.95 fps, 29.83 tbr, 600 tbn (default)
[stderr]       Metadata:
[stderr]         creation_time   : 2026-07-12T09:54:07.000000Z
[stderr]         handler_name    : Core Media Video
[stderr]         vendor_id       : [0][0][0][0]
[stderr]         encoder         : HEVC
[stderr]       Side data:
[stderr]         displaymatrix: rotation of -180.00 degrees
[stderr]   Stream #0:1[0x2](und): Audio: aac (LC) (mp4a / 0x6134706D), 48000 Hz, mono, fltp, 100 kb/s (default)
[stderr]       Metadata:
[stderr]         creation_time   : 2026-07-12T09:54:07.000000Z
[stderr]         handler_name    : Core Media Audio
[stderr]         vendor_id       : [0][0][0][0]
[stderr]   Stream #0:2[0x3](und): Data: none (mebx / 0x7862656D) (default)
[stderr]       Metadata:
[stderr]         creation_time   : 2026-07-12T09:54:07.000000Z
[stderr]         handler_name    : Core Media Metadata
[stderr] Stream mapping:
[stderr]   Stream #0:0 -> #0:0 (hevc (native) -> h264 (libx264))
[stderr]   Stream #0:1 -> #0:1 (aac (native) -> aac (native))
[stderr] Press [q] to stop, [?] for help
[stderr] [libx264 @ 0x143f26a60] using cpu capabilities: ARMv8 NEON
[stderr] [libx264 @ 0x143f26a60] profile High, level 3.0, 4:2:0, 8-bit
[stderr] [libx264 @ 0x143f26a60] 264 - core 164 r3108 31e19f9 - H.264/MPEG-4 AVC codec - Copyleft 2003-2023 - http://www.videolan.org/x264.html - options: cabac=1 ref=1 deblock=1:0:0 analyse=0x3:0x113 me=hex subme=2 psy=1 psy_rd=1.00:0.00 mixed_ref=0 me_range=16 chroma_me=1 trellis=0 8x8dct=1 cqm=0 deadzone=21,11 fast_pskip=1 chroma_qp_offset=0 threads=15 lookahead_threads=3 sliced_threads=0 nr=0 decimate=1 interlaced=0 bluray_compat=0 constrained_intra=0 bframes=3 b_pyramid=2 b_adapt=1 b_bias=0 direct=1 weightb=1 open_gop=0 weightp=1 keyint=250 keyint_min=25 scenecut=40 intra_refresh=0 rc_lookahead=10 rc=crf mbtree=1 crf=18.0 qcomp=0.60 qpmin=0 qpmax=69 qpstep=4 ip_ratio=1.40 aq=1:1.00
[stderr] Output #0, mp4, to '/Users/johndoe/Documents/company/video_ops/scripts/abstract_algebra_in_proof_assistant/sets-v2-04-set-equality/takes/take-mrhmharr/pipeline/cut/cut-mrhswgb9/chunks/chunk-017.mp4':
[stderr]   Metadata:
[stderr]     major_brand     : qt  
[stderr]     minor_version   : 0
[stderr]     compatible_brands: qt  
[stderr]     encoder         : Lavf61.7.100
[stderr]   Stream #0:0(und): Video: h264 (avc1 / 0x31637661), yuv420p(tv, smpte170m/bt709/bt709, progressive), 640x480, q=2-31, 29.83 fps, 11456 tbn (default)
[stderr]       Metadata:
[stderr]         creation_time   : 2026-07-12T09:54:07.000000Z
[stderr]         handler_name    : Core Media Video
[stderr]         vendor_id       : [0][0][0][0]
[stderr]         encoder         : Lavc61.19.100 libx264
[stderr]       Side data:
[stderr]         cpb: bitrate max/min/avg: 0/0/0 buffer size: 0 vbv_delay: N/A
[stderr]   Stream #0:1(und): Audio: aac (LC) (mp4a / 0x6134706D), 48000 Hz, mono, fltp, 69 kb/s (default)
[stderr]       Metadata:
[stderr]         creation_time   : 2026-07-12T09:54:07.000000Z
[stderr]         handler_name    : Core Media Audio
[stderr]         vendor_id       : [0][0][0][0]
[stderr]         encoder         : Lavc61.19.100 aac
[stderr] [out#0/mp4 @ 0x143f25da0] video:615KiB audio:8KiB subtitle:0KiB other streams:0KiB global headers:0KiB muxing overhead: 0.377403%
[stderr] frame=   27 fps=0.0 q=-1.0 Lsize=     625KiB time=00:00:00.87 bitrate=5879.0kbits/s speed=9.98x    
[stderr] [libx264 @ 0x143f26a60] frame I:1     Avg QP:23.94  size: 38525
[stderr] [libx264 @ 0x143f26a60] frame P:7     Avg QP:22.72  size: 35582
[stderr] [libx264 @ 0x143f26a60] frame B:19    Avg QP:24.59  size: 17987
[stderr] [libx264 @ 0x143f26a60] consecutive B-frames:  3.7%  0.0% 22.2% 74.1%
[stderr] [libx264 @ 0x143f26a60] mb I  I16..4:  4.4% 19.2% 76.3%
[stderr] [libx264 @ 0x143f26a60] mb P  I16..4:  6.2% 17.1% 39.9%  P16..4:  6.8% 11.2% 18.2%  0.0%  0.0%    skip: 0.8%
[stderr] [libx264 @ 0x143f26a60] mb B  I16..4:  1.4%  3.6%  3.0%  B16..8: 27.5% 20.0% 13.9%  direct:18.1%  skip:12.5%  L0:33.8% L1:31.0% BI:35.2%
[stderr] [libx264 @ 0x143f26a60] 8x8 transform intra:29.7% inter:37.1%
[stderr] [libx264 @ 0x143f26a60] coded y,uvDC,uvAC intra: 84.9% 72.4% 42.4% inter: 56.8% 37.1% 5.6%
[stderr] [libx264 @ 0x143f26a60] i16 v,h,dc,p: 62% 10% 18% 10%
[stderr] [libx264 @ 0x143f26a60] i8 v,h,dc,ddl,ddr,vr,hd,vl,hu: 27% 15% 13%  3% 10% 11%  7%  7%  8%
[stderr] [libx264 @ 0x143f26a60] i4 v,h,dc,ddl,ddr,vr,hd,vl,hu: 14% 15% 13%  4% 17%  9% 12%  6% 10%
[stderr] [libx264 @ 0x143f26a60] i8c dc,h,v,p: 49% 21% 20% 10%
[stderr] [libx264 @ 0x143f26a60] Weighted P-Frames: Y:28.6% UV:0.0%
[stderr] [libx264 @ 0x143f26a60] kb/s:5563.20
[stderr] [aac @ 0x143f8c2e0] Qavg: 1646.242
[stderr] ffmpeg version 7.1 Copyright (c) 2000-2024 the FFmpeg developers
[stderr]   built with Apple clang version 15.0.0 (clang-1500.1.0.2.5)
[stderr]   configuration: --prefix=/opt/homebrew/Cellar/ffmpeg/7.1_3 --enable-shared --enable-pthreads --enable-version3 --cc=clang --host-cflags= --host-ldflags='-Wl,-ld_classic' --enable-ffplay --enable-gnutls --enable-gpl --enable-libaom --enable-libaribb24 --enable-libbluray --enable-libdav1d --enable-libharfbuzz --enable-libjxl --enable-libmp3lame --enable-libopus --enable-librav1e --enable-librist --enable-librubberband --enable-libsnappy --enable-libsrt --enable-libssh --enable-libsvtav1 --enable-libtesseract --enable-libtheora --enable-libvidstab --enable-libvmaf --enable-libvorbis --enable-libvpx --enable-libwebp --enable-libx264 --enable-libx265 --enable-libxml2 --enable-libxvid --enable-lzma --enable-libfontconfig --enable-libfreetype --enable-frei0r --enable-libass --enable-libopencore-amrnb --enable-libopencore-amrwb --enable-libopenjpeg --enable-libspeex --enable-libsoxr --enable-libzmq --enable-libzimg --disable-libjack --disable-indev=jack --enable-videotoolbox --enable-audiotoolbox --enable-neon
[stderr]   libavutil      59. 39.100 / 59. 39.100
[stderr]   libavcodec     61. 19.100 / 61. 19.100
[stderr]   libavformat    61.  7.100 / 61.  7.100
[stderr]   libavdevice    61.  3.100 / 61.  3.100
[stderr]   libavfilter    10.  4.100 / 10.  4.100
[stderr]   libswscale      8.  3.100 /  8.  3.100
[stderr]   libswresample   5.  3.100 /  5.  3.100
[stderr]   libpostproc    58.  3.100 / 58.  3.100
[stderr] Input #0, mov,mp4,m4a,3gp,3g2,mj2, from '/Users/johndoe/Documents/company/video_ops/scripts/abstract_algebra_in_proof_assistant/sets-v2-04-set-equality/takes/take-mrhmharr/source.mp4':
[stderr]   Metadata:
[stderr]     major_brand     : qt  
[stderr]     minor_version   : 0
[stderr]     compatible_brands: qt  
[stderr]     creation_time   : 2026-07-12T09:54:07.000000Z
[stderr]   Duration: 00:06:08.94, start: 0.000000, bitrate: 2946 kb/s
[stderr]   Stream #0:0[0x1](und): Video: hevc (Main) (hvc1 / 0x31637668), yuv420p(tv, smpte170m/bt709/bt709), 640x480, 2834 kb/s, 29.95 fps, 29.83 tbr, 600 tbn (default)
[stderr]       Metadata:
[stderr]         creation_time   : 2026-07-12T09:54:07.000000Z
[stderr]         handler_name    : Core Media Video
[stderr]         vendor_id       : [0][0][0][0]
[stderr]         encoder         : HEVC
[stderr]       Side data:
[stderr]         displaymatrix: rotation of -180.00 degrees
[stderr]   Stream #0:1[0x2](und): Audio: aac (LC) (mp4a / 0x6134706D), 48000 Hz, mono, fltp, 100 kb/s (default)
[stderr]       Metadata:
[stderr]         creation_time   : 2026-07-12T09:54:07.000000Z
[stderr]         handler_name    : Core Media Audio
[stderr]         vendor_id       : [0][0][0][0]
[stderr]   Stream #0:2[0x3](und): Data: none (mebx / 0x7862656D) (default)
[stderr]       Metadata:
[stderr]         creation_time   : 2026-07-12T09:54:07.000000Z
[stderr]         handler_name    : Core Media Metadata
[stderr] Stream mapping:
[stderr]   Stream #0:0 -> #0:0 (hevc (native) -> h264 (libx264))
[stderr]   Stream #0:1 -> #0:1 (aac (native) -> aac (native))
[stderr] Press [q] to stop, [?] for help
[stderr] [libx264 @ 0x14df0a620] using cpu capabilities: ARMv8 NEON
[stderr] [libx264 @ 0x14df0a620] profile High, level 3.0, 4:2:0, 8-bit
[stderr] [libx264 @ 0x14df0a620] 264 - core 164 r3108 31e19f9 - H.264/MPEG-4 AVC codec - Copyleft 2003-2023 - http://www.videolan.org/x264.html - options: cabac=1 ref=1 deblock=1:0:0 analyse=0x3:0x113 me=hex subme=2 psy=1 psy_rd=1.00:0.00 mixed_ref=0 me_range=16 chroma_me=1 trellis=0 8x8dct=1 cqm=0 deadzone=21,11 fast_pskip=1 chroma_qp_offset=0 threads=15 lookahead_threads=3 sliced_threads=0 nr=0 decimate=1 interlaced=0 bluray_compat=0 constrained_intra=0 bframes=3 b_pyramid=2 b_adapt=1 b_bias=0 direct=1 weightb=1 open_gop=0 weightp=1 keyint=250 keyint_min=25 scenecut=40 intra_refresh=0 rc_lookahead=10 rc=crf mbtree=1 crf=18.0 qcomp=0.60 qpmin=0 qpmax=69 qpstep=4 ip_ratio=1.40 aq=1:1.00
[stderr] Output #0, mp4, to '/Users/johndoe/Documents/company/video_ops/scripts/abstract_algebra_in_proof_assistant/sets-v2-04-set-equality/takes/take-mrhmharr/pipeline/cut/cut-mrhswgb9/chunks/chunk-018.mp4':
[stderr]   Metadata:
[stderr]     major_brand     : qt  
[stderr]     minor_version   : 0
[stderr]     compatible_brands: qt  
[stderr]     encoder         : Lavf61.7.100
[stderr]   Stream #0:0(und): Video: h264 (avc1 / 0x31637661), yuv420p(tv, smpte170m/bt709/bt709, progressive), 640x480, q=2-31, 29.83 fps, 11456 tbn (default)
[stderr]       Metadata:
[stderr]         creation_time   : 2026-07-12T09:54:07.000000Z
[stderr]         handler_name    : Core Media Video
[stderr]         vendor_id       : [0][0][0][0]
[stderr]         encoder         : Lavc61.19.100 libx264
[stderr]       Side data:
[stderr]         cpb: bitrate max/min/avg: 0/0/0 buffer size: 0 vbv_delay: N/A
[stderr]   Stream #0:1(und): Audio: aac (LC) (mp4a / 0x6134706D), 48000 Hz, mono, fltp, 69 kb/s (default)
[stderr]       Metadata:
[stderr]         creation_time   : 2026-07-12T09:54:07.000000Z
[stderr]         handler_name    : Core Media Audio
[stderr]         vendor_id       : [0][0][0][0]
[stderr]         encoder         : Lavc61.19.100 aac
[stderr] [out#0/mp4 @ 0x14df09800] video:3806KiB audio:45KiB subtitle:0KiB other streams:0KiB global headers:0KiB muxing overhead: 0.181569%
[stderr] frame=  158 fps=0.0 q=-1.0 Lsize=    3858KiB time=00:00:05.26 bitrate=6005.5kbits/s speed=14.2x    
[stderr] [libx264 @ 0x14df0a620] frame I:2     Avg QP:20.44  size: 50247
[stderr] [libx264 @ 0x14df0a620] frame P:49    Avg QP:22.70  size: 40552
[stderr] [libx264 @ 0x14df0a620] frame B:107   Avg QP:25.23  size: 16908
[stderr] [libx264 @ 0x14df0a620] consecutive B-frames:  7.0%  6.3%  5.7% 81.0%
[stderr] [libx264 @ 0x14df0a620] mb I  I16..4:  5.7% 10.0% 84.2%
[stderr] [libx264 @ 0x14df0a620] mb P  I16..4:  3.1%  7.2% 21.5%  P16..4: 18.4% 19.2% 29.7%  0.0%  0.0%    skip: 0.9%
[stderr] [libx264 @ 0x14df0a620] mb B  I16..4:  0.5%  0.5%  1.5%  B16..8: 30.1% 17.1% 11.9%  direct:20.1%  skip:18.3%  L0:30.9% L1:29.8% BI:39.3%
[stderr] [libx264 @ 0x14df0a620] 8x8 transform intra:21.3% inter:34.1%
[stderr] [libx264 @ 0x14df0a620] coded y,uvDC,uvAC intra: 88.1% 80.0% 49.9% inter: 55.5% 31.4% 6.0%
[stderr] [libx264 @ 0x14df0a620] i16 v,h,dc,p: 64% 10% 20%  6%
[stderr] [libx264 @ 0x14df0a620] i8 v,h,dc,ddl,ddr,vr,hd,vl,hu: 23% 19% 15%  3%  9%  8%  8%  7%  8%
[stderr] [libx264 @ 0x14df0a620] i4 v,h,dc,ddl,ddr,vr,hd,vl,hu: 15% 18% 13%  4% 13%  8% 10%  7% 11%
[stderr] [libx264 @ 0x14df0a620] i8c dc,h,v,p: 48% 20% 20% 12%
[stderr] [libx264 @ 0x14df0a620] Weighted P-Frames: Y:22.4% UV:4.1%
[stderr] [libx264 @ 0x14df0a620] kb/s:5886.09
[stderr] [aac @ 0x14df70480] Qavg: 133.507
[stderr] ffmpeg version 7.1 Copyright (c) 2000-2024 the FFmpeg developers
[stderr]   built with Apple clang version 15.0.0 (clang-1500.1.0.2.5)
[stderr]   configuration: --prefix=/opt/homebrew/Cellar/ffmpeg/7.1_3 --enable-shared --enable-pthreads --enable-version3 --cc=clang --host-cflags= --host-ldflags='-Wl,-ld_classic' --enable-ffplay --enable-gnutls --enable-gpl --enable-libaom --enable-libaribb24 --enable-libbluray --enable-libdav1d --enable-libharfbuzz --enable-libjxl --enable-libmp3lame --enable-libopus --enable-librav1e --enable-librist --enable-librubberband --enable-libsnappy --enable-libsrt --enable-libssh --enable-libsvtav1 --enable-libtesseract --enable-libtheora --enable-libvidstab --enable-libvmaf --enable-libvorbis --enable-libvpx --enable-libwebp --enable-libx264 --enable-libx265 --enable-libxml2 --enable-libxvid --enable-lzma --enable-libfontconfig --enable-libfreetype --enable-frei0r --enable-libass --enable-libopencore-amrnb --enable-libopencore-amrwb --enable-libopenjpeg --enable-libspeex --enable-libsoxr --enable-libzmq --enable-libzimg --disable-libjack --disable-indev=jack --enable-videotoolbox --enable-audiotoolbox --enable-neon
[stderr]   libavutil      59. 39.100 / 59. 39.100
[stderr]   libavcodec     61. 19.100 / 61. 19.100
[stderr]   libavformat    61.  7.100 / 61.  7.100
[stderr]   libavdevice    61.  3.100 / 61.  3.100
[stderr]   libavfilter    10.  4.100 / 10.  4.100
[stderr]   libswscale      8.  3.100 /  8.  3.100
[stderr]   libswresample   5.  3.100 /  5.  3.100
[stderr]   libpostproc    58.  3.100 / 58.  3.100
[stderr] Input #0, mov,mp4,m4a,3gp,3g2,mj2, from '/Users/johndoe/Documents/company/video_ops/scripts/abstract_algebra_in_proof_assistant/sets-v2-04-set-equality/takes/take-mrhmharr/source.mp4':
[stderr]   Metadata:
[stderr]     major_brand     : qt  
[stderr]     minor_version   : 0
[stderr]     compatible_brands: qt  
[stderr]     creation_time   : 2026-07-12T09:54:07.000000Z
[stderr]   Duration: 00:06:08.94, start: 0.000000, bitrate: 2946 kb/s
[stderr]   Stream #0:0[0x1](und): Video: hevc (Main) (hvc1 / 0x31637668), yuv420p(tv, smpte170m/bt709/bt709), 640x480, 2834 kb/s, 29.95 fps, 29.83 tbr, 600 tbn (default)
[stderr]       Metadata:
[stderr]         creation_time   : 2026-07-12T09:54:07.000000Z
[stderr]         handler_name    : Core Media Video
[stderr]         vendor_id       : [0][0][0][0]
[stderr]         encoder         : HEVC
[stderr]       Side data:
[stderr]         displaymatrix: rotation of -180.00 degrees
[stderr]   Stream #0:1[0x2](und): Audio: aac (LC) (mp4a / 0x6134706D), 48000 Hz, mono, fltp, 100 kb/s (default)
[stderr]       Metadata:
[stderr]         creation_time   : 2026-07-12T09:54:07.000000Z
[stderr]         handler_name    : Core Media Audio
[stderr]         vendor_id       : [0][0][0][0]
[stderr]   Stream #0:2[0x3](und): Data: none (mebx / 0x7862656D) (default)
[stderr]       Metadata:
[stderr]         creation_time   : 2026-07-12T09:54:07.000000Z
[stderr]         handler_name    : Core Media Metadata
[stderr] Stream mapping:
[stderr]   Stream #0:0 -> #0:0 (hevc (native) -> h264 (libx264))
[stderr]   Stream #0:1 -> #0:1 (aac (native) -> aac (native))
[stderr] Press [q] to stop, [?] for help
[stderr] [libx264 @ 0x10af06680] using cpu capabilities: ARMv8 NEON
[stderr] [libx264 @ 0x10af06680] profile High, level 3.0, 4:2:0, 8-bit
[stderr] [libx264 @ 0x10af06680] 264 - core 164 r3108 31e19f9 - H.264/MPEG-4 AVC codec - Copyleft 2003-2023 - http://www.videolan.org/x264.html - options: cabac=1 ref=1 deblock=1:0:0 analyse=0x3:0x113 me=hex subme=2 psy=1 psy_rd=1.00:0.00 mixed_ref=0 me_range=16 chroma_me=1 trellis=0 8x8dct=1 cqm=0 deadzone=21,11 fast_pskip=1 chroma_qp_offset=0 threads=15 lookahead_threads=3 sliced_threads=0 nr=0 decimate=1 interlaced=0 bluray_compat=0 constrained_intra=0 bframes=3 b_pyramid=2 b_adapt=1 b_bias=0 direct=1 weightb=1 open_gop=0 weightp=1 keyint=250 keyint_min=25 scenecut=40 intra_refresh=0 rc_lookahead=10 rc=crf mbtree=1 crf=18.0 qcomp=0.60 qpmin=0 qpmax=69 qpstep=4 ip_ratio=1.40 aq=1:1.00
[stderr] Output #0, mp4, to '/Users/johndoe/Documents/company/video_ops/scripts/abstract_algebra_in_proof_assistant/sets-v2-04-set-equality/takes/take-mrhmharr/pipeline/cut/cut-mrhswgb9/chunks/chunk-019.mp4':
[stderr]   Metadata:
[stderr]     major_brand     : qt  
[stderr]     minor_version   : 0
[stderr]     compatible_brands: qt  
[stderr]     encoder         : Lavf61.7.100
[stderr]   Stream #0:0(und): Video: h264 (avc1 / 0x31637661), yuv420p(tv, smpte170m/bt709/bt709, progressive), 640x480, q=2-31, 29.83 fps, 11456 tbn (default)
[stderr]       Metadata:
[stderr]         creation_time   : 2026-07-12T09:54:07.000000Z
[stderr]         handler_name    : Core Media Video
[stderr]         vendor_id       : [0][0][0][0]
[stderr]         encoder         : Lavc61.19.100 libx264
[stderr]       Side data:
[stderr]         cpb: bitrate max/min/avg: 0/0/0 buffer size: 0 vbv_delay: N/A
[stderr]   Stream #0:1(und): Audio: aac (LC) (mp4a / 0x6134706D), 48000 Hz, mono, fltp, 69 kb/s (default)
[stderr]       Metadata:
[stderr]         creation_time   : 2026-07-12T09:54:07.000000Z
[stderr]         handler_name    : Core Media Audio
[stderr]         vendor_id       : [0][0][0][0]
[stderr]         encoder         : Lavc61.19.100 aac
[stderr] [out#0/mp4 @ 0x10af05860] video:3732KiB audio:43KiB subtitle:0KiB other streams:0KiB global headers:0KiB muxing overhead: 0.177980%
[stderr] frame=  150 fps=0.0 q=-1.0 Lsize=    3782KiB time=00:00:04.96 bitrate=6244.8kbits/s speed=14.1x    
[stderr] [libx264 @ 0x10af06680] frame I:1     Avg QP:22.06  size: 45262
[stderr] [libx264 @ 0x10af06680] frame P:46    Avg QP:22.98  size: 39436
[stderr] [libx264 @ 0x10af06680] frame B:103   Avg QP:25.33  size: 19047
[stderr] [libx264 @ 0x10af06680] consecutive B-frames:  6.0%  5.3%  6.0% 82.7%
[stderr] [libx264 @ 0x10af06680] mb I  I16..4:  2.7% 13.8% 83.5%
[stderr] [libx264 @ 0x10af06680] mb P  I16..4:  1.9%  7.5% 25.7%  P16..4: 18.2% 18.3% 27.7%  0.0%  0.0%    skip: 0.8%
[stderr] [libx264 @ 0x10af06680] mb B  I16..4:  0.7%  1.0%  1.9%  B16..8: 30.2% 19.2% 13.9%  direct:19.5%  skip:13.7%  L0:30.4% L1:29.7% BI:40.0%
[stderr] [libx264 @ 0x10af06680] 8x8 transform intra:22.2% inter:34.4%
[stderr] [libx264 @ 0x10af06680] coded y,uvDC,uvAC intra: 90.6% 78.3% 44.6% inter: 59.4% 30.7% 4.7%
[stderr] [libx264 @ 0x10af06680] i16 v,h,dc,p: 49% 21% 20% 10%
[stderr] [libx264 @ 0x10af06680] i8 v,h,dc,ddl,ddr,vr,hd,vl,hu: 21% 18% 15%  4%  8%  8%  8%  7% 10%
[stderr] [libx264 @ 0x10af06680] i4 v,h,dc,ddl,ddr,vr,hd,vl,hu: 15% 18% 14%  4% 14%  8% 10%  7% 11%
[stderr] [libx264 @ 0x10af06680] i8c dc,h,v,p: 49% 20% 21% 10%
[stderr] [libx264 @ 0x10af06680] Weighted P-Frames: Y:10.9% UV:4.3%
[stderr] [libx264 @ 0x10af06680] kb/s:6079.99
[stderr] [aac @ 0x10af6c880] Qavg: 398.329
[stderr] ffmpeg version 7.1 Copyright (c) 2000-2024 the FFmpeg developers
[stderr]   built with Apple clang version 15.0.0 (clang-1500.1.0.2.5)
[stderr]   configuration: --prefix=/opt/homebrew/Cellar/ffmpeg/7.1_3 --enable-shared --enable-pthreads --enable-version3 --cc=clang --host-cflags= --host-ldflags='-Wl,-ld_classic' --enable-ffplay --enable-gnutls --enable-gpl --enable-libaom --enable-libaribb24 --enable-libbluray --enable-libdav1d --enable-libharfbuzz --enable-libjxl --enable-libmp3lame --enable-libopus --enable-librav1e --enable-librist --enable-librubberband --enable-libsnappy --enable-libsrt --enable-libssh --enable-libsvtav1 --enable-libtesseract --enable-libtheora --enable-libvidstab --enable-libvmaf --enable-libvorbis --enable-libvpx --enable-libwebp --enable-libx264 --enable-libx265 --enable-libxml2 --enable-libxvid --enable-lzma --enable-libfontconfig --enable-libfreetype --enable-frei0r --enable-libass --enable-libopencore-amrnb --enable-libopencore-amrwb --enable-libopenjpeg --enable-libspeex --enable-libsoxr --enable-libzmq --enable-libzimg --disable-libjack --disable-indev=jack --enable-videotoolbox --enable-audiotoolbox --enable-neon
[stderr]   libavutil      59. 39.100 / 59. 39.100
[stderr]   libavcodec     61. 19.100 / 61. 19.100
[stderr]   libavformat    61.  7.100 / 61.  7.100
[stderr]   libavdevice    61.  3.100 / 61.  3.100
[stderr]   libavfilter    10.  4.100 / 10.  4.100
[stderr]   libswscale      8.  3.100 /  8.  3.100
[stderr]   libswresample   5.  3.100 /  5.  3.100
[stderr]   libpostproc    58.  3.100 / 58.  3.100
[stderr] Input #0, mov,mp4,m4a,3gp,3g2,mj2, from '/Users/johndoe/Documents/company/video_ops/scripts/abstract_algebra_in_proof_assistant/sets-v2-04-set-equality/takes/take-mrhmharr/source.mp4':
[stderr]   Metadata:
[stderr]     major_brand     : qt  
[stderr]     minor_version   : 0
[stderr]     compatible_brands: qt  
[stderr]     creation_time   : 2026-07-12T09:54:07.000000Z
[stderr]   Duration: 00:06:08.94, start: 0.000000, bitrate: 2946 kb/s
[stderr]   Stream #0:0[0x1](und): Video: hevc (Main) (hvc1 / 0x31637668), yuv420p(tv, smpte170m/bt709/bt709), 640x480, 2834 kb/s, 29.95 fps, 29.83 tbr, 600 tbn (default)
[stderr]       Metadata:
[stderr]         creation_time   : 2026-07-12T09:54:07.000000Z
[stderr]         handler_name    : Core Media Video
[stderr]         vendor_id       : [0][0][0][0]
[stderr]         encoder         : HEVC
[stderr]       Side data:
[stderr]         displaymatrix: rotation of -180.00 degrees
[stderr]   Stream #0:1[0x2](und): Audio: aac (LC) (mp4a / 0x6134706D), 48000 Hz, mono, fltp, 100 kb/s (default)
[stderr]       Metadata:
[stderr]         creation_time   : 2026-07-12T09:54:07.000000Z
[stderr]         handler_name    : Core Media Audio
[stderr]         vendor_id       : [0][0][0][0]
[stderr]   Stream #0:2[0x3](und): Data: none (mebx / 0x7862656D) (default)
[stderr]       Metadata:
[stderr]         creation_time   : 2026-07-12T09:54:07.000000Z
[stderr]         handler_name    : Core Media Metadata
[stderr] Stream mapping:
[stderr]   Stream #0:0 -> #0:0 (hevc (native) -> h264 (libx264))
[stderr]   Stream #0:1 -> #0:1 (aac (native) -> aac (native))
[stderr] Press [q] to stop, [?] for help
[stderr] [libx264 @ 0x1072063d0] using cpu capabilities: ARMv8 NEON
[stderr] [libx264 @ 0x1072063d0] profile High, level 3.0, 4:2:0, 8-bit
[stderr] [libx264 @ 0x1072063d0] 264 - core 164 r3108 31e19f9 - H.264/MPEG-4 AVC codec - Copyleft 2003-2023 - http://www.videolan.org/x264.html - options: cabac=1 ref=1 deblock=1:0:0 analyse=0x3:0x113 me=hex subme=2 psy=1 psy_rd=1.00:0.00 mixed_ref=0 me_range=16 chroma_me=1 trellis=0 8x8dct=1 cqm=0 deadzone=21,11 fast_pskip=1 chroma_qp_offset=0 threads=15 lookahead_threads=3 sliced_threads=0 nr=0 decimate=1 interlaced=0 bluray_compat=0 constrained_intra=0 bframes=3 b_pyramid=2 b_adapt=1 b_bias=0 direct=1 weightb=1 open_gop=0 weightp=1 keyint=250 keyint_min=25 scenecut=40 intra_refresh=0 rc_lookahead=10 rc=crf mbtree=1 crf=18.0 qcomp=0.60 qpmin=0 qpmax=69 qpstep=4 ip_ratio=1.40 aq=1:1.00
[stderr] Output #0, mp4, to '/Users/johndoe/Documents/company/video_ops/scripts/abstract_algebra_in_proof_assistant/sets-v2-04-set-equality/takes/take-mrhmharr/pipeline/cut/cut-mrhswgb9/chunks/chunk-020.mp4':
[stderr]   Metadata:
[stderr]     major_brand     : qt  
[stderr]     minor_version   : 0
[stderr]     compatible_brands: qt  
[stderr]     encoder         : Lavf61.7.100
[stderr]   Stream #0:0(und): Video: h264 (avc1 / 0x31637661), yuv420p(tv, smpte170m/bt709/bt709, progressive), 640x480, q=2-31, 29.83 fps, 11456 tbn (default)
[stderr]       Metadata:
[stderr]         creation_time   : 2026-07-12T09:54:07.000000Z
[stderr]         handler_name    : Core Media Video
[stderr]         vendor_id       : [0][0][0][0]
[stderr]         encoder         : Lavc61.19.100 libx264
[stderr]       Side data:
[stderr]         cpb: bitrate max/min/avg: 0/0/0 buffer size: 0 vbv_delay: N/A
[stderr]   Stream #0:1(und): Audio: aac (LC) (mp4a / 0x6134706D), 48000 Hz, mono, fltp, 69 kb/s (default)
[stderr]       Metadata:
[stderr]         creation_time   : 2026-07-12T09:54:07.000000Z
[stderr]         handler_name    : Core Media Audio
[stderr]         vendor_id       : [0][0][0][0]
[stderr]         encoder         : Lavc61.19.100 aac
[stderr] [out#0/mp4 @ 0x1072054a0] video:3252KiB audio:37KiB subtitle:0KiB other streams:0KiB global headers:0KiB muxing overhead: 0.182071%
[stderr] frame=  129 fps=0.0 q=-1.0 Lsize=    3295KiB time=00:00:04.29 bitrate=6291.2kbits/s speed=13.7x    
[stderr] [libx264 @ 0x1072063d0] frame I:2     Avg QP:21.56  size: 51586
[stderr] [libx264 @ 0x1072063d0] frame P:40    Avg QP:23.23  size: 39689
[stderr] [libx264 @ 0x1072063d0] frame B:87    Avg QP:25.49  size: 18835
[stderr] [libx264 @ 0x1072063d0] consecutive B-frames:  6.2%  7.8% 11.6% 74.4%
[stderr] [libx264 @ 0x1072063d0] mb I  I16..4:  4.7%  7.8% 87.5%
[stderr] [libx264 @ 0x1072063d0] mb P  I16..4:  2.3%  7.0% 26.1%  P16..4: 17.1% 18.2% 28.8%  0.0%  0.0%    skip: 0.5%
[stderr] [libx264 @ 0x1072063d0] mb B  I16..4:  0.8%  0.9%  2.1%  B16..8: 30.2% 19.2% 13.4%  direct:20.0%  skip:13.4%  L0:28.4% L1:31.5% BI:40.1%
[stderr] [libx264 @ 0x1072063d0] 8x8 transform intra:19.4% inter:35.5%
[stderr] [libx264 @ 0x1072063d0] coded y,uvDC,uvAC intra: 90.6% 81.0% 46.4% inter: 60.8% 32.2% 5.1%
[stderr] [libx264 @ 0x1072063d0] i16 v,h,dc,p: 53% 21% 19%  7%
[stderr] [libx264 @ 0x1072063d0] i8 v,h,dc,ddl,ddr,vr,hd,vl,hu: 19% 20% 14%  3%  9%  8%  9%  8% 10%
[stderr] [libx264 @ 0x1072063d0] i4 v,h,dc,ddl,ddr,vr,hd,vl,hu: 15% 18% 13%  4% 14%  9%  9%  7% 11%
[stderr] [libx264 @ 0x1072063d0] i8c dc,h,v,p: 47% 22% 21% 10%
[stderr] [libx264 @ 0x1072063d0] Weighted P-Frames: Y:25.0% UV:2.5%
[stderr] [libx264 @ 0x1072063d0] kb/s:6159.75
[stderr] [aac @ 0x12ca1b9c0] Qavg: 128.832
[stderr] ffmpeg version 7.1 Copyright (c) 2000-2024 the FFmpeg developers
[stderr]   built with Apple clang version 15.0.0 (clang-1500.1.0.2.5)
[stderr]   configuration: --prefix=/opt/homebrew/Cellar/ffmpeg/7.1_3 --enable-shared --enable-pthreads --enable-version3 --cc=clang --host-cflags= --host-ldflags='-Wl,-ld_classic' --enable-ffplay --enable-gnutls --enable-gpl --enable-libaom --enable-libaribb24 --enable-libbluray --enable-libdav1d --enable-libharfbuzz --enable-libjxl --enable-libmp3lame --enable-libopus --enable-librav1e --enable-librist --enable-librubberband --enable-libsnappy --enable-libsrt --enable-libssh --enable-libsvtav1 --enable-libtesseract --enable-libtheora --enable-libvidstab --enable-libvmaf --enable-libvorbis --enable-libvpx --enable-libwebp --enable-libx264 --enable-libx265 --enable-libxml2 --enable-libxvid --enable-lzma --enable-libfontconfig --enable-libfreetype --enable-frei0r --enable-libass --enable-libopencore-amrnb --enable-libopencore-amrwb --enable-libopenjpeg --enable-libspeex --enable-libsoxr --enable-libzmq --enable-libzimg --disable-libjack --disable-indev=jack --enable-videotoolbox --enable-audiotoolbox --enable-neon
[stderr]   libavutil      59. 39.100 / 59. 39.100
[stderr]   libavcodec     61. 19.100 / 61. 19.100
[stderr]   libavformat    61.  7.100 / 61.  7.100
[stderr]   libavdevice    61.  3.100 / 61.  3.100
[stderr]   libavfilter    10.  4.100 / 10.  4.100
[stderr]   libswscale      8.  3.100 /  8.  3.100
[stderr]   libswresample   5.  3.100 /  5.  3.100
[stderr]   libpostproc    58.  3.100 / 58.  3.100
[stderr] Input #0, mov,mp4,m4a,3gp,3g2,mj2, from '/Users/johndoe/Documents/company/video_ops/scripts/abstract_algebra_in_proof_assistant/sets-v2-04-set-equality/takes/take-mrhmharr/source.mp4':
[stderr]   Metadata:
[stderr]     major_brand     : qt  
[stderr]     minor_version   : 0
[stderr]     compatible_brands: qt  
[stderr]     creation_time   : 2026-07-12T09:54:07.000000Z
[stderr]   Duration: 00:06:08.94, start: 0.000000, bitrate: 2946 kb/s
[stderr]   Stream #0:0[0x1](und): Video: hevc (Main) (hvc1 / 0x31637668), yuv420p(tv, smpte170m/bt709/bt709), 640x480, 2834 kb/s, 29.95 fps, 29.83 tbr, 600 tbn (default)
[stderr]       Metadata:
[stderr]         creation_time   : 2026-07-12T09:54:07.000000Z
[stderr]         handler_name    : Core Media Video
[stderr]         vendor_id       : [0][0][0][0]
[stderr]         encoder         : HEVC
[stderr]       Side data:
[stderr]         displaymatrix: rotation of -180.00 degrees
[stderr]   Stream #0:1[0x2](und): Audio: aac (LC) (mp4a / 0x6134706D), 48000 Hz, mono, fltp, 100 kb/s (default)
[stderr]       Metadata:
[stderr]         creation_time   : 2026-07-12T09:54:07.000000Z
[stderr]         handler_name    : Core Media Audio
[stderr]         vendor_id       : [0][0][0][0]
[stderr]   Stream #0:2[0x3](und): Data: none (mebx / 0x7862656D) (default)
[stderr]       Metadata:
[stderr]         creation_time   : 2026-07-12T09:54:07.000000Z
[stderr]         handler_name    : Core Media Metadata
[stderr] Stream mapping:
[stderr]   Stream #0:0 -> #0:0 (hevc (native) -> h264 (libx264))
[stderr]   Stream #0:1 -> #0:1 (aac (native) -> aac (native))
[stderr] Press [q] to stop, [?] for help
[stderr] [libx264 @ 0x148208f10] using cpu capabilities: ARMv8 NEON
[stderr] [libx264 @ 0x148208f10] profile High, level 3.0, 4:2:0, 8-bit
[stderr] [libx264 @ 0x148208f10] 264 - core 164 r3108 31e19f9 - H.264/MPEG-4 AVC codec - Copyleft 2003-2023 - http://www.videolan.org/x264.html - options: cabac=1 ref=1 deblock=1:0:0 analyse=0x3:0x113 me=hex subme=2 psy=1 psy_rd=1.00:0.00 mixed_ref=0 me_range=16 chroma_me=1 trellis=0 8x8dct=1 cqm=0 deadzone=21,11 fast_pskip=1 chroma_qp_offset=0 threads=15 lookahead_threads=3 sliced_threads=0 nr=0 decimate=1 interlaced=0 bluray_compat=0 constrained_intra=0 bframes=3 b_pyramid=2 b_adapt=1 b_bias=0 direct=1 weightb=1 open_gop=0 weightp=1 keyint=250 keyint_min=25 scenecut=40 intra_refresh=0 rc_lookahead=10 rc=crf mbtree=1 crf=18.0 qcomp=0.60 qpmin=0 qpmax=69 qpstep=4 ip_ratio=1.40 aq=1:1.00
[stderr] Output #0, mp4, to '/Users/johndoe/Documents/company/video_ops/scripts/abstract_algebra_in_proof_assistant/sets-v2-04-set-equality/takes/take-mrhmharr/pipeline/cut/cut-mrhswgb9/chunks/chunk-021.mp4':
[stderr]   Metadata:
[stderr]     major_brand     : qt  
[stderr]     minor_version   : 0
[stderr]     compatible_brands: qt  
[stderr]     encoder         : Lavf61.7.100
[stderr]   Stream #0:0(und): Video: h264 (avc1 / 0x31637661), yuv420p(tv, smpte170m/bt709/bt709, progressive), 640x480, q=2-31, 29.83 fps, 11456 tbn (default)
[stderr]       Metadata:
[stderr]         creation_time   : 2026-07-12T09:54:07.000000Z
[stderr]         handler_name    : Core Media Video
[stderr]         vendor_id       : [0][0][0][0]
[stderr]         encoder         : Lavc61.19.100 libx264
[stderr]       Side data:
[stderr]         cpb: bitrate max/min/avg: 0/0/0 buffer size: 0 vbv_delay: N/A
[stderr]   Stream #0:1(und): Audio: aac (LC) (mp4a / 0x6134706D), 48000 Hz, mono, fltp, 69 kb/s (default)
[stderr]       Metadata:
[stderr]         creation_time   : 2026-07-12T09:54:07.000000Z
[stderr]         handler_name    : Core Media Audio
[stderr]         vendor_id       : [0][0][0][0]
[stderr]         encoder         : Lavc61.19.100 aac
[stderr] [out#0/mp4 @ 0x148208010] video:2909KiB audio:33KiB subtitle:0KiB other streams:0KiB global headers:0KiB muxing overhead: 0.188624%
[stderr] frame=  118 fps=0.0 q=-1.0 Lsize=    2948KiB time=00:00:03.88 bitrate=6211.7kbits/s speed=  14x    
[stderr] [libx264 @ 0x148208f10] frame I:1     Avg QP:23.21  size: 68226
[stderr] [libx264 @ 0x148208f10] frame P:38    Avg QP:22.85  size: 43135
[stderr] [libx264 @ 0x148208f10] frame B:79    Avg QP:25.71  size: 16090
[stderr] [libx264 @ 0x148208f10] consecutive B-frames:  6.8%  8.5% 10.2% 74.6%
[stderr] [libx264 @ 0x148208f10] mb I  I16..4:  2.8%  5.6% 91.6%
[stderr] [libx264 @ 0x148208f10] mb P  I16..4:  1.4%  3.2% 13.9%  P16..4: 25.3% 22.0% 33.5%  0.0%  0.0%    skip: 0.7%
[stderr] [libx264 @ 0x148208f10] mb B  I16..4:  0.2%  0.2%  0.9%  B16..8: 29.2% 17.7%  9.8%  direct:24.6%  skip:17.3%  L0:32.5% L1:30.5% BI:37.1%
[stderr] [libx264 @ 0x148208f10] 8x8 transform intra:15.9% inter:37.3%
[stderr] [libx264 @ 0x148208f10] coded y,uvDC,uvAC intra: 90.2% 88.8% 54.7% inter: 60.0% 28.4% 5.1%
[stderr] [libx264 @ 0x148208f10] i16 v,h,dc,p: 52% 23% 16%  8%
[stderr] [libx264 @ 0x148208f10] i8 v,h,dc,ddl,ddr,vr,hd,vl,hu: 20% 20% 17%  3%  7%  5% 10%  9% 10%
[stderr] [libx264 @ 0x148208f10] i4 v,h,dc,ddl,ddr,vr,hd,vl,hu: 13% 21% 13%  4% 11%  6% 11%  7% 13%
[stderr] [libx264 @ 0x148208f10] i8c dc,h,v,p: 47% 24% 18% 11%
[stderr] [libx264 @ 0x148208f10] Weighted P-Frames: Y:31.6% UV:5.3%
[stderr] [libx264 @ 0x148208f10] kb/s:6024.16
[stderr] [aac @ 0x116e5e710] Qavg: 133.177
[stderr] ffmpeg version 7.1 Copyright (c) 2000-2024 the FFmpeg developers
[stderr]   built with Apple clang version 15.0.0 (clang-1500.1.0.2.5)
[stderr]   configuration: --prefix=/opt/homebrew/Cellar/ffmpeg/7.1_3 --enable-shared --enable-pthreads --enable-version3 --cc=clang --host-cflags= --host-ldflags='-Wl,-ld_classic' --enable-ffplay --enable-gnutls --enable-gpl --enable-libaom --enable-libaribb24 --enable-libbluray --enable-libdav1d --enable-libharfbuzz --enable-libjxl --enable-libmp3lame --enable-libopus --enable-librav1e --enable-librist --enable-librubberband --enable-libsnappy --enable-libsrt --enable-libssh --enable-libsvtav1 --enable-libtesseract --enable-libtheora --enable-libvidstab --enable-libvmaf --enable-libvorbis --enable-libvpx --enable-libwebp --enable-libx264 --enable-libx265 --enable-libxml2 --enable-libxvid --enable-lzma --enable-libfontconfig --enable-libfreetype --enable-frei0r --enable-libass --enable-libopencore-amrnb --enable-libopencore-amrwb --enable-libopenjpeg --enable-libspeex --enable-libsoxr --enable-libzmq --enable-libzimg --disable-libjack --disable-indev=jack --enable-videotoolbox --enable-audiotoolbox --enable-neon
[stderr]   libavutil      59. 39.100 / 59. 39.100
[stderr]   libavcodec     61. 19.100 / 61. 19.100
[stderr]   libavformat    61.  7.100 / 61.  7.100
[stderr]   libavdevice    61.  3.100 / 61.  3.100
[stderr]   libavfilter    10.  4.100 / 10.  4.100
[stderr]   libswscale      8.  3.100 /  8.  3.100
[stderr]   libswresample   5.  3.100 /  5.  3.100
[stderr]   libpostproc    58.  3.100 / 58.  3.100
[stderr] Input #0, mov,mp4,m4a,3gp,3g2,mj2, from '/Users/johndoe/Documents/company/video_ops/scripts/abstract_algebra_in_proof_assistant/sets-v2-04-set-equality/takes/take-mrhmharr/source.mp4':
[stderr]   Metadata:
[stderr]     major_brand     : qt  
[stderr]     minor_version   : 0
[stderr]     compatible_brands: qt  
[stderr]     creation_time   : 2026-07-12T09:54:07.000000Z
[stderr]   Duration: 00:06:08.94, start: 0.000000, bitrate: 2946 kb/s
[stderr]   Stream #0:0[0x1](und): Video: hevc (Main) (hvc1 / 0x31637668), yuv420p(tv, smpte170m/bt709/bt709), 640x480, 2834 kb/s, 29.95 fps, 29.83 tbr, 600 tbn (default)
[stderr]       Metadata:
[stderr]         creation_time   : 2026-07-12T09:54:07.000000Z
[stderr]         handler_name    : Core Media Video
[stderr]         vendor_id       : [0][0][0][0]
[stderr]         encoder         : HEVC
[stderr]       Side data:
[stderr]         displaymatrix: rotation of -180.00 degrees
[stderr]   Stream #0:1[0x2](und): Audio: aac (LC) (mp4a / 0x6134706D), 48000 Hz, mono, fltp, 100 kb/s (default)
[stderr]       Metadata:
[stderr]         creation_time   : 2026-07-12T09:54:07.000000Z
[stderr]         handler_name    : Core Media Audio
[stderr]         vendor_id       : [0][0][0][0]
[stderr]   Stream #0:2[0x3](und): Data: none (mebx / 0x7862656D) (default)
[stderr]       Metadata:
[stderr]         creation_time   : 2026-07-12T09:54:07.000000Z
[stderr]         handler_name    : Core Media Metadata
[stderr] Stream mapping:
[stderr]   Stream #0:0 -> #0:0 (hevc (native) -> h264 (libx264))
[stderr]   Stream #0:1 -> #0:1 (aac (native) -> aac (native))
[stderr] Press [q] to stop, [?] for help
[stderr] [libx264 @ 0x123e064a0] using cpu capabilities: ARMv8 NEON
[stderr] [libx264 @ 0x123e064a0] profile High, level 3.0, 4:2:0, 8-bit
[stderr] [libx264 @ 0x123e064a0] 264 - core 164 r3108 31e19f9 - H.264/MPEG-4 AVC codec - Copyleft 2003-2023 - http://www.videolan.org/x264.html - options: cabac=1 ref=1 deblock=1:0:0 analyse=0x3:0x113 me=hex subme=2 psy=1 psy_rd=1.00:0.00 mixed_ref=0 me_range=16 chroma_me=1 trellis=0 8x8dct=1 cqm=0 deadzone=21,11 fast_pskip=1 chroma_qp_offset=0 threads=15 lookahead_threads=3 sliced_threads=0 nr=0 decimate=1 interlaced=0 bluray_compat=0 constrained_intra=0 bframes=3 b_pyramid=2 b_adapt=1 b_bias=0 direct=1 weightb=1 open_gop=0 weightp=1 keyint=250 keyint_min=25 scenecut=40 intra_refresh=0 rc_lookahead=10 rc=crf mbtree=1 crf=18.0 qcomp=0.60 qpmin=0 qpmax=69 qpstep=4 ip_ratio=1.40 aq=1:1.00
[stderr] Output #0, mp4, to '/Users/johndoe/Documents/company/video_ops/scripts/abstract_algebra_in_proof_assistant/sets-v2-04-set-equality/takes/take-mrhmharr/pipeline/cut/cut-mrhswgb9/chunks/chunk-022.mp4':
[stderr]   Metadata:
[stderr]     major_brand     : qt  
[stderr]     minor_version   : 0
[stderr]     compatible_brands: qt  
[stderr]     encoder         : Lavf61.7.100
[stderr]   Stream #0:0(und): Video: h264 (avc1 / 0x31637661), yuv420p(tv, smpte170m/bt709/bt709, progressive), 640x480, q=2-31, 29.83 fps, 11456 tbn (default)
[stderr]       Metadata:
[stderr]         creation_time   : 2026-07-12T09:54:07.000000Z
[stderr]         handler_name    : Core Media Video
[stderr]         vendor_id       : [0][0][0][0]
[stderr]         encoder         : Lavc61.19.100 libx264
[stderr]       Side data:
[stderr]         cpb: bitrate max/min/avg: 0/0/0 buffer size: 0 vbv_delay: N/A
[stderr]   Stream #0:1(und): Audio: aac (LC) (mp4a / 0x6134706D), 48000 Hz, mono, fltp, 69 kb/s (default)
[stderr]       Metadata:
[stderr]         creation_time   : 2026-07-12T09:54:07.000000Z
[stderr]         handler_name    : Core Media Audio
[stderr]         vendor_id       : [0][0][0][0]
[stderr]         encoder         : Lavc61.19.100 aac
[stderr] [out#0/mp4 @ 0x123e056c0] video:1737KiB audio:19KiB subtitle:0KiB other streams:0KiB global headers:0KiB muxing overhead: 0.215051%
[stderr] frame=   67 fps=0.0 q=-1.0 Lsize=    1760KiB time=00:00:02.21 bitrate=6518.2kbits/s speed=12.4x    
[stderr] [libx264 @ 0x123e064a0] frame I:1     Avg QP:22.08  size: 54924
[stderr] [libx264 @ 0x123e064a0] frame P:21    Avg QP:23.02  size: 42877
[stderr] [libx264 @ 0x123e064a0] frame B:45    Avg QP:25.42  size: 18288
[stderr] [libx264 @ 0x123e064a0] consecutive B-frames:  6.0% 11.9%  4.5% 77.6%
[stderr] [libx264 @ 0x123e064a0] mb I  I16..4:  3.8%  6.1% 90.1%
[stderr] [libx264 @ 0x123e064a0] mb P  I16..4:  2.5%  4.8% 15.1%  P16..4: 23.5% 21.2% 32.4%  0.0%  0.0%    skip: 0.5%
[stderr] [libx264 @ 0x123e064a0] mb B  I16..4:  0.7%  0.8%  1.4%  B16..8: 28.4% 19.0% 11.6%  direct:25.3%  skip:12.9%  L0:29.6% L1:33.1% BI:37.4%
[stderr] [libx264 @ 0x123e064a0] 8x8 transform intra:20.4% inter:34.9%
[stderr] [libx264 @ 0x123e064a0] coded y,uvDC,uvAC intra: 87.2% 83.9% 51.0% inter: 63.7% 33.1% 6.6%
[stderr] [libx264 @ 0x123e064a0] i16 v,h,dc,p: 48% 15% 26% 10%
[stderr] [libx264 @ 0x123e064a0] i8 v,h,dc,ddl,ddr,vr,hd,vl,hu: 19% 19% 16%  3%  9%  6% 11%  7% 10%
[stderr] [libx264 @ 0x123e064a0] i4 v,h,dc,ddl,ddr,vr,hd,vl,hu: 13% 19% 13%  4% 15%  7% 12%  6% 11%
[stderr] [libx264 @ 0x123e064a0] i8c dc,h,v,p: 47% 24% 18% 11%
[stderr] [libx264 @ 0x123e064a0] Weighted P-Frames: Y:38.1% UV:4.8%
[stderr] [libx264 @ 0x123e064a0] kb/s:6334.64
[stderr] [aac @ 0x123f04270] Qavg: 106.532
[stderr] ffmpeg version 7.1 Copyright (c) 2000-2024 the FFmpeg developers
[stderr]   built with Apple clang version 15.0.0 (clang-1500.1.0.2.5)
[stderr]   configuration: --prefix=/opt/homebrew/Cellar/ffmpeg/7.1_3 --enable-shared --enable-pthreads --enable-version3 --cc=clang --host-cflags= --host-ldflags='-Wl,-ld_classic' --enable-ffplay --enable-gnutls --enable-gpl --enable-libaom --enable-libaribb24 --enable-libbluray --enable-libdav1d --enable-libharfbuzz --enable-libjxl --enable-libmp3lame --enable-libopus --enable-librav1e --enable-librist --enable-librubberband --enable-libsnappy --enable-libsrt --enable-libssh --enable-libsvtav1 --enable-libtesseract --enable-libtheora --enable-libvidstab --enable-libvmaf --enable-libvorbis --enable-libvpx --enable-libwebp --enable-libx264 --enable-libx265 --enable-libxml2 --enable-libxvid --enable-lzma --enable-libfontconfig --enable-libfreetype --enable-frei0r --enable-libass --enable-libopencore-amrnb --enable-libopencore-amrwb --enable-libopenjpeg --enable-libspeex --enable-libsoxr --enable-libzmq --enable-libzimg --disable-libjack --disable-indev=jack --enable-videotoolbox --enable-audiotoolbox --enable-neon
[stderr]   libavutil      59. 39.100 / 59. 39.100
[stderr]   libavcodec     61. 19.100 / 61. 19.100
[stderr]   libavformat    61.  7.100 / 61.  7.100
[stderr]   libavdevice    61.  3.100 / 61.  3.100
[stderr]   libavfilter    10.  4.100 / 10.  4.100
[stderr]   libswscale      8.  3.100 /  8.  3.100
[stderr]   libswresample   5.  3.100 /  5.  3.100
[stderr]   libpostproc    58.  3.100 / 58.  3.100
[stderr] Input #0, mov,mp4,m4a,3gp,3g2,mj2, from '/Users/johndoe/Documents/company/video_ops/scripts/abstract_algebra_in_proof_assistant/sets-v2-04-set-equality/takes/take-mrhmharr/source.mp4':
[stderr]   Metadata:
[stderr]     major_brand     : qt  
[stderr]     minor_version   : 0
[stderr]     compatible_brands: qt  
[stderr]     creation_time   : 2026-07-12T09:54:07.000000Z
[stderr]   Duration: 00:06:08.94, start: 0.000000, bitrate: 2946 kb/s
[stderr]   Stream #0:0[0x1](und): Video: hevc (Main) (hvc1 / 0x31637668), yuv420p(tv, smpte170m/bt709/bt709), 640x480, 2834 kb/s, 29.95 fps, 29.83 tbr, 600 tbn (default)
[stderr]       Metadata:
[stderr]         creation_time   : 2026-07-12T09:54:07.000000Z
[stderr]         handler_name    : Core Media Video
[stderr]         vendor_id       : [0][0][0][0]
[stderr]         encoder         : HEVC
[stderr]       Side data:
[stderr]         displaymatrix: rotation of -180.00 degrees
[stderr]   Stream #0:1[0x2](und): Audio: aac (LC) (mp4a / 0x6134706D), 48000 Hz, mono, fltp, 100 kb/s (default)
[stderr]       Metadata:
[stderr]         creation_time   : 2026-07-12T09:54:07.000000Z
[stderr]         handler_name    : Core Media Audio
[stderr]         vendor_id       : [0][0][0][0]
[stderr]   Stream #0:2[0x3](und): Data: none (mebx / 0x7862656D) (default)
[stderr]       Metadata:
[stderr]         creation_time   : 2026-07-12T09:54:07.000000Z
[stderr]         handler_name    : Core Media Metadata
[stderr] Stream mapping:
[stderr]   Stream #0:0 -> #0:0 (hevc (native) -> h264 (libx264))
[stderr]   Stream #0:1 -> #0:1 (aac (native) -> aac (native))
[stderr] Press [q] to stop, [?] for help
[stderr] [libx264 @ 0x12a606800] using cpu capabilities: ARMv8 NEON
[stderr] [libx264 @ 0x12a606800] profile High, level 3.0, 4:2:0, 8-bit
[stderr] [libx264 @ 0x12a606800] 264 - core 164 r3108 31e19f9 - H.264/MPEG-4 AVC codec - Copyleft 2003-2023 - http://www.videolan.org/x264.html - options: cabac=1 ref=1 deblock=1:0:0 analyse=0x3:0x113 me=hex subme=2 psy=1 psy_rd=1.00:0.00 mixed_ref=0 me_range=16 chroma_me=1 trellis=0 8x8dct=1 cqm=0 deadzone=21,11 fast_pskip=1 chroma_qp_offset=0 threads=15 lookahead_threads=3 sliced_threads=0 nr=0 decimate=1 interlaced=0 bluray_compat=0 constrained_intra=0 bframes=3 b_pyramid=2 b_adapt=1 b_bias=0 direct=1 weightb=1 open_gop=0 weightp=1 keyint=250 keyint_min=25 scenecut=40 intra_refresh=0 rc_lookahead=10 rc=crf mbtree=1 crf=18.0 qcomp=0.60 qpmin=0 qpmax=69 qpstep=4 ip_ratio=1.40 aq=1:1.00
[stderr] Output #0, mp4, to '/Users/johndoe/Documents/company/video_ops/scripts/abstract_algebra_in_proof_assistant/sets-v2-04-set-equality/takes/take-mrhmharr/pipeline/cut/cut-mrhswgb9/chunks/chunk-023.mp4':
[stderr]   Metadata:
[stderr]     major_brand     : qt  
[stderr]     minor_version   : 0
[stderr]     compatible_brands: qt  
[stderr]     encoder         : Lavf61.7.100
[stderr]   Stream #0:0(und): Video: h264 (avc1 / 0x31637661), yuv420p(tv, smpte170m/bt709/bt709, progressive), 640x480, q=2-31, 29.83 fps, 11456 tbn (default)
[stderr]       Metadata:
[stderr]         creation_time   : 2026-07-12T09:54:07.000000Z
[stderr]         handler_name    : Core Media Video
[stderr]         vendor_id       : [0][0][0][0]
[stderr]         encoder         : Lavc61.19.100 libx264
[stderr]       Side data:
[stderr]         cpb: bitrate max/min/avg: 0/0/0 buffer size: 0 vbv_delay: N/A
[stderr]   Stream #0:1(und): Audio: aac (LC) (mp4a / 0x6134706D), 48000 Hz, mono, fltp, 69 kb/s (default)
[stderr]       Metadata:
[stderr]         creation_time   : 2026-07-12T09:54:07.000000Z
[stderr]         handler_name    : Core Media Audio
[stderr]         vendor_id       : [0][0][0][0]
[stderr]         encoder         : Lavc61.19.100 aac
[stderr] frame=  196 fps=0.0 q=24.0 size=    4352KiB time=00:00:06.50 bitrate=5482.6kbits/s speed=12.9x    [stderr] [out#0/mp4 @ 0x12a605a20] video:9136KiB audio:121KiB subtitle:0KiB other streams:0KiB global headers:0KiB muxing overhead: 0.179417%
[stderr] frame=  427 fps=0.0 q=-1.0 Lsize=    9274KiB time=00:00:14.24 bitrate=5333.0kbits/s speed=  15x    
[stderr] [libx264 @ 0x12a606800] frame I:4     Avg QP:19.92  size: 45038
[stderr] [libx264 @ 0x12a606800] frame P:118   Avg QP:22.03  size: 36758
[stderr] [libx264 @ 0x12a606800] frame B:305   Avg QP:24.61  size: 15860
[stderr] [libx264 @ 0x12a606800] consecutive B-frames:  2.6%  5.2%  4.2% 88.1%
[stderr] [libx264 @ 0x12a606800] mb I  I16..4:  6.6% 14.1% 79.3%
[stderr] [libx264 @ 0x12a606800] mb P  I16..4:  4.4%  9.5% 26.2%  P16..4: 16.7% 18.1% 24.2%  0.0%  0.0%    skip: 0.8%
[stderr] [libx264 @ 0x12a606800] mb B  I16..4:  1.3%  1.2%  1.9%  B16..8: 29.2% 18.1% 10.6%  direct:19.8%  skip:17.8%  L0:32.3% L1:33.0% BI:34.7%
[stderr] [libx264 @ 0x12a606800] 8x8 transform intra:23.9% inter:35.9%
[stderr] [libx264 @ 0x12a606800] coded y,uvDC,uvAC intra: 84.9% 75.8% 43.4% inter: 53.4% 29.3% 5.4%
[stderr] [libx264 @ 0x12a606800] i16 v,h,dc,p: 60% 18% 17%  5%
[stderr] [libx264 @ 0x12a606800] i8 v,h,dc,ddl,ddr,vr,hd,vl,hu: 19% 19% 16%  4%  9%  7%  8%  7% 10%
[stderr] [libx264 @ 0x12a606800] i4 v,h,dc,ddl,ddr,vr,hd,vl,hu: 15% 19% 14%  4% 13%  7% 10%  7% 11%
[stderr] [libx264 @ 0x12a606800] i8c dc,h,v,p: 50% 22% 19% 10%
[stderr] [libx264 @ 0x12a606800] Weighted P-Frames: Y:16.9% UV:0.0%
[stderr] [libx264 @ 0x12a606800] kb/s:5228.87
[stderr] [aac @ 0x12a66c9f0] Qavg: 166.169
[stderr] ffmpeg version 7.1 Copyright (c) 2000-2024 the FFmpeg developers
[stderr]   built with Apple clang version 15.0.0 (clang-1500.1.0.2.5)
[stderr]   configuration: --prefix=/opt/homebrew/Cellar/ffmpeg/7.1_3 --enable-shared --enable-pthreads --enable-version3 --cc=clang --host-cflags= --host-ldflags='-Wl,-ld_classic' --enable-ffplay --enable-gnutls --enable-gpl --enable-libaom --enable-libaribb24 --enable-libbluray --enable-libdav1d --enable-libharfbuzz --enable-libjxl --enable-libmp3lame --enable-libopus --enable-librav1e --enable-librist --enable-librubberband --enable-libsnappy --enable-libsrt --enable-libssh --enable-libsvtav1 --enable-libtesseract --enable-libtheora --enable-libvidstab --enable-libvmaf --enable-libvorbis --enable-libvpx --enable-libwebp --enable-libx264 --enable-libx265 --enable-libxml2 --enable-libxvid --enable-lzma --enable-libfontconfig --enable-libfreetype --enable-frei0r --enable-libass --enable-libopencore-amrnb --enable-libopencore-amrwb --enable-libopenjpeg --enable-libspeex --enable-libsoxr --enable-libzmq --enable-libzimg --disable-libjack --disable-indev=jack --enable-videotoolbox --enable-audiotoolbox --enable-neon
[stderr]   libavutil      59. 39.100 / 59. 39.100
[stderr]   libavcodec     61. 19.100 / 61. 19.100
[stderr]   libavformat    61.  7.100 / 61.  7.100
[stderr]   libavdevice    61.  3.100 / 61.  3.100
[stderr]   libavfilter    10.  4.100 / 10.  4.100
[stderr]   libswscale      8.  3.100 /  8.  3.100
[stderr]   libswresample   5.  3.100 /  5.  3.100
[stderr]   libpostproc    58.  3.100 / 58.  3.100
[stderr] Input #0, mov,mp4,m4a,3gp,3g2,mj2, from '/Users/johndoe/Documents/company/video_ops/scripts/abstract_algebra_in_proof_assistant/sets-v2-04-set-equality/takes/take-mrhmharr/source.mp4':
[stderr]   Metadata:
[stderr]     major_brand     : qt  
[stderr]     minor_version   : 0
[stderr]     compatible_brands: qt  
[stderr]     creation_time   : 2026-07-12T09:54:07.000000Z
[stderr]   Duration: 00:06:08.94, start: 0.000000, bitrate: 2946 kb/s
[stderr]   Stream #0:0[0x1](und): Video: hevc (Main) (hvc1 / 0x31637668), yuv420p(tv, smpte170m/bt709/bt709), 640x480, 2834 kb/s, 29.95 fps, 29.83 tbr, 600 tbn (default)
[stderr]       Metadata:
[stderr]         creation_time   : 2026-07-12T09:54:07.000000Z
[stderr]         handler_name    : Core Media Video
[stderr]         vendor_id       : [0][0][0][0]
[stderr]         encoder         : HEVC
[stderr]       Side data:
[stderr]         displaymatrix: rotation of -180.00 degrees
[stderr]   Stream #0:1[0x2](und): Audio: aac (LC) (mp4a / 0x6134706D), 48000 Hz, mono, fltp, 100 kb/s (default)
[stderr]       Metadata:
[stderr]         creation_time   : 2026-07-12T09:54:07.000000Z
[stderr]         handler_name    : Core Media Audio
[stderr]         vendor_id       : [0][0][0][0]
[stderr]   Stream #0:2[0x3](und): Data: none (mebx / 0x7862656D) (default)
[stderr]       Metadata:
[stderr]         creation_time   : 2026-07-12T09:54:07.000000Z
[stderr]         handler_name    : Core Media Metadata
[stderr] Stream mapping:
[stderr]   Stream #0:0 -> #0:0 (hevc (native) -> h264 (libx264))
[stderr]   Stream #0:1 -> #0:1 (aac (native) -> aac (native))
[stderr] Press [q] to stop, [?] for help
[stderr] [libx264 @ 0x11fe16970] using cpu capabilities: ARMv8 NEON
[stderr] [libx264 @ 0x11fe16970] profile High, level 3.0, 4:2:0, 8-bit
[stderr] [libx264 @ 0x11fe16970] 264 - core 164 r3108 31e19f9 - H.264/MPEG-4 AVC codec - Copyleft 2003-2023 - http://www.videolan.org/x264.html - options: cabac=1 ref=1 deblock=1:0:0 analyse=0x3:0x113 me=hex subme=2 psy=1 psy_rd=1.00:0.00 mixed_ref=0 me_range=16 chroma_me=1 trellis=0 8x8dct=1 cqm=0 deadzone=21,11 fast_pskip=1 chroma_qp_offset=0 threads=15 lookahead_threads=3 sliced_threads=0 nr=0 decimate=1 interlaced=0 bluray_compat=0 constrained_intra=0 bframes=3 b_pyramid=2 b_adapt=1 b_bias=0 direct=1 weightb=1 open_gop=0 weightp=1 keyint=250 keyint_min=25 scenecut=40 intra_refresh=0 rc_lookahead=10 rc=crf mbtree=1 crf=18.0 qcomp=0.60 qpmin=0 qpmax=69 qpstep=4 ip_ratio=1.40 aq=1:1.00
[stderr] Output #0, mp4, to '/Users/johndoe/Documents/company/video_ops/scripts/abstract_algebra_in_proof_assistant/sets-v2-04-set-equality/takes/take-mrhmharr/pipeline/cut/cut-mrhswgb9/chunks/chunk-024.mp4':
[stderr]   Metadata:
[stderr]     major_brand     : qt  
[stderr]     minor_version   : 0
[stderr]     compatible_brands: qt  
[stderr]     encoder         : Lavf61.7.100
[stderr]   Stream #0:0(und): Video: h264 (avc1 / 0x31637661), yuv420p(tv, smpte170m/bt709/bt709, progressive), 640x480, q=2-31, 29.83 fps, 11456 tbn (default)
[stderr]       Metadata:
[stderr]         creation_time   : 2026-07-12T09:54:07.000000Z
[stderr]         handler_name    : Core Media Video
[stderr]         vendor_id       : [0][0][0][0]
[stderr]         encoder         : Lavc61.19.100 libx264
[stderr]       Side data:
[stderr]         cpb: bitrate max/min/avg: 0/0/0 buffer size: 0 vbv_delay: N/A
[stderr]   Stream #0:1(und): Audio: aac (LC) (mp4a / 0x6134706D), 48000 Hz, mono, fltp, 69 kb/s (default)
[stderr]       Metadata:
[stderr]         creation_time   : 2026-07-12T09:54:07.000000Z
[stderr]         handler_name    : Core Media Audio
[stderr]         vendor_id       : [0][0][0][0]
[stderr]         encoder         : Lavc61.19.100 aac
[stderr] frame=  215 fps=0.0 q=24.0 size=    5120KiB time=00:00:07.17 bitrate=5847.3kbits/s speed=14.2x    [stderr] frame=  464 fps=459 q=24.0 size=   10752KiB time=00:00:15.51 bitrate=5675.5kbits/s speed=15.4x    [stderr] frame=  719 fps=474 q=24.0 size=   16384KiB time=00:00:24.06 bitrate=5576.8kbits/s dup=0 drop=1 speed=15.9x    [stderr] frame=  990 fps=490 q=24.0 size=   19968KiB time=00:00:33.11 bitrate=4939.4kbits/s dup=0 drop=3 speed=16.4x    [stderr] frame= 1293 fps=512 q=24.0 size=   23296KiB time=00:00:43.30 bitrate=4406.7kbits/s dup=0 drop=5 speed=17.1x    [stderr] frame= 1575 fps=520 q=24.0 size=   26368KiB time=00:00:52.75 bitrate=4094.2kbits/s dup=0 drop=6 speed=17.4x    [stderr] [out#0/mp4 @ 0x11fe1bec0] video:30082KiB audio:501KiB subtitle:0KiB other streams:0KiB global headers:0KiB muxing overhead: 0.207121%
[stderr] frame= 1765 fps=523 q=-1.0 Lsize=   30646KiB time=00:00:59.12 bitrate=4245.9kbits/s dup=0 drop=7 speed=17.5x    
[stderr] [libx264 @ 0x11fe16970] frame I:8     Avg QP:17.43  size: 61180
[stderr] [libx264 @ 0x11fe16970] frame P:623   Avg QP:20.25  size: 30123
[stderr] [libx264 @ 0x11fe16970] frame B:1134  Avg QP:24.24  size: 10182
[stderr] [libx264 @ 0x11fe16970] consecutive B-frames:  7.8% 15.4% 12.9% 63.9%
[stderr] [libx264 @ 0x11fe16970] mb I  I16..4: 15.8%  6.2% 78.0%
[stderr] [libx264 @ 0x11fe16970] mb P  I16..4: 11.1%  3.9%  7.1%  P16..4: 21.8% 20.0% 29.0%  0.0%  0.0%    skip: 7.2%
[stderr] [libx264 @ 0x11fe16970] mb B  I16..4:  2.1%  0.3%  0.5%  B16..8: 27.5% 14.8%  7.4%  direct:13.7%  skip:33.7%  L0:26.0% L1:32.4% BI:41.5%
[stderr] [libx264 @ 0x11fe16970] 8x8 transform intra:15.9% inter:32.1%
[stderr] [libx264 @ 0x11fe16970] coded y,uvDC,uvAC intra: 47.9% 43.1% 23.4% inter: 42.5% 19.9% 2.8%
[stderr] [libx264 @ 0x11fe16970] i16 v,h,dc,p: 81%  7% 10%  2%
[stderr] [libx264 @ 0x11fe16970] i8 v,h,dc,ddl,ddr,vr,hd,vl,hu: 18% 20% 23%  3%  7%  6%  7%  7%  8%
[stderr] [libx264 @ 0x11fe16970] i4 v,h,dc,ddl,ddr,vr,hd,vl,hu: 14% 18% 16%  4% 12%  7% 10%  7% 11%
[stderr] [libx264 @ 0x11fe16970] i8c dc,h,v,p: 72% 12% 11%  5%
[stderr] [libx264 @ 0x11fe16970] Weighted P-Frames: Y:15.2% UV:1.3%
[stderr] [libx264 @ 0x11fe16970] kb/s:4165.21
[stderr] [aac @ 0x11fe7ca40] Qavg: 192.946
[stderr] ffmpeg version 7.1 Copyright (c) 2000-2024 the FFmpeg developers
[stderr]   built with Apple clang version 15.0.0 (clang-1500.1.0.2.5)
[stderr]   configuration: --prefix=/opt/homebrew/Cellar/ffmpeg/7.1_3 --enable-shared --enable-pthreads --enable-version3 --cc=clang --host-cflags= --host-ldflags='-Wl,-ld_classic' --enable-ffplay --enable-gnutls --enable-gpl --enable-libaom --enable-libaribb24 --enable-libbluray --enable-libdav1d --enable-libharfbuzz --enable-libjxl --enable-libmp3lame --enable-libopus --enable-librav1e --enable-librist --enable-librubberband --enable-libsnappy --enable-libsrt --enable-libssh --enable-libsvtav1 --enable-libtesseract --enable-libtheora --enable-libvidstab --enable-libvmaf --enable-libvorbis --enable-libvpx --enable-libwebp --enable-libx264 --enable-libx265 --enable-libxml2 --enable-libxvid --enable-lzma --enable-libfontconfig --enable-libfreetype --enable-frei0r --enable-libass --enable-libopencore-amrnb --enable-libopencore-amrwb --enable-libopenjpeg --enable-libspeex --enable-libsoxr --enable-libzmq --enable-libzimg --disable-libjack --disable-indev=jack --enable-videotoolbox --enable-audiotoolbox --enable-neon
[stderr]   libavutil      59. 39.100 / 59. 39.100
[stderr]   libavcodec     61. 19.100 / 61. 19.100
[stderr]   libavformat    61.  7.100 / 61.  7.100
[stderr]   libavdevice    61.  3.100 / 61.  3.100
[stderr]   libavfilter    10.  4.100 / 10.  4.100
[stderr]   libswscale      8.  3.100 /  8.  3.100
[stderr]   libswresample   5.  3.100 /  5.  3.100
[stderr]   libpostproc    58.  3.100 / 58.  3.100
[stderr] [mov,mp4,m4a,3gp,3g2,mj2 @ 0x13fe0e1b0] Auto-inserting h264_mp4toannexb bitstream filter
[stderr] Input #0, concat, from '/Users/johndoe/Documents/company/video_ops/scripts/abstract_algebra_in_proof_assistant/sets-v2-04-set-equality/takes/take-mrhmharr/pipeline/cut/cut-mrhswgb9/chunks/concat.txt':
[stderr]   Duration: N/A, start: -0.021333, bitrate: 5413 kb/s
[stderr]   Stream #0:0(und): Video: h264 (High) (avc1 / 0x31637661), yuv420p(tv, smpte170m/bt709/bt709, progressive), 640x480, 5342 kb/s, 29.83 fps, 29.83 tbr, 11456 tbn
[stderr]       Metadata:
[stderr]         handler_name    : Core Media Video
[stderr]         vendor_id       : [0][0][0][0]
[stderr]         encoder         : Lavc61.19.100 libx264
[stderr]   Stream #0:1(und): Audio: aac (LC) (mp4a / 0x6134706D), 48000 Hz, mono, fltp, 70 kb/s
[stderr]       Metadata:
[stderr]         handler_name    : Core Media Audio
[stderr]         vendor_id       : [0][0][0][0]
[stderr] Stream mapping:
[stderr]   Stream #0:0 -> #0:0 (copy)
[stderr]   Stream #0:1 -> #0:1 (copy)
[stderr] Output #0, mp4, to '/Users/johndoe/Documents/company/video_ops/scripts/abstract_algebra_in_proof_assistant/sets-v2-04-set-equality/takes/take-mrhmharr/pipeline/cut/cut-mrhswgb9/edited-good-intervals.mp4':
[stderr]   Metadata:
[stderr]     encoder         : Lavf61.7.100
[stderr]   Stream #0:0(und): Video: h264 (High) (avc1 / 0x31637661), yuv420p(tv, smpte170m/bt709/bt709, progressive), 640x480, q=2-31, 5342 kb/s, 29.83 fps, 29.83 tbr, 11456 tbn
[stderr]       Metadata:
[stderr]         handler_name    : Core Media Video
[stderr]         vendor_id       : [0][0][0][0]
[stderr]         encoder         : Lavc61.19.100 libx264
[stderr]   Stream #0:1(und): Audio: aac (LC) (mp4a / 0x6134706D), 48000 Hz, mono, fltp, 70 kb/s
[stderr]       Metadata:
[stderr]         handler_name    : Core Media Audio
[stderr]         vendor_id       : [0][0][0][0]
[stderr] Press [q] to stop, [?] for help
[stderr] [mov,mp4,m4a,3gp,3g2,mj2 @ 0x1408070b0] Auto-inserting h264_mp4toannexb bitstream filter
[stderr] [mov,mp4,m4a,3gp,3g2,mj2 @ 0x13ff13250] Auto-inserting h264_mp4toannexb bitstream filter
[stderr] [mov,mp4,m4a,3gp,3g2,mj2 @ 0x10b704260] Auto-inserting h264_mp4toannexb bitstream filter
[stderr]     Last message repeated 1 times
[stderr] [mov,mp4,m4a,3gp,3g2,mj2 @ 0x140d042f0] Auto-inserting h264_mp4toannexb bitstream filter
[stderr] [mov,mp4,m4a,3gp,3g2,mj2 @ 0x140806c70] Auto-inserting h264_mp4toannexb bitstream filter
[stderr] [mov,mp4,m4a,3gp,3g2,mj2 @ 0x140d05430] Auto-inserting h264_mp4toannexb bitstream filter
[stderr] [mov,mp4,m4a,3gp,3g2,mj2 @ 0x10b704730] Auto-inserting h264_mp4toannexb bitstream filter
[stderr] [mov,mp4,m4a,3gp,3g2,mj2 @ 0x140806b90] Auto-inserting h264_mp4toannexb bitstream filter
[stderr]     Last message repeated 1 times
[stderr] [mov,mp4,m4a,3gp,3g2,mj2 @ 0x10b704260] Auto-inserting h264_mp4toannexb bitstream filter
[stderr] [mov,mp4,m4a,3gp,3g2,mj2 @ 0x140806750] Auto-inserting h264_mp4toannexb bitstream filter
[stderr] [mov,mp4,m4a,3gp,3g2,mj2 @ 0x140d04b50] Auto-inserting h264_mp4toannexb bitstream filter
[stderr] [mov,mp4,m4a,3gp,3g2,mj2 @ 0x140d042f0] Auto-inserting h264_mp4toannexb bitstream filter
[stderr] [mov,mp4,m4a,3gp,3g2,mj2 @ 0x140e04600] Auto-inserting h264_mp4toannexb bitstream filter
[stderr] [mov,mp4,m4a,3gp,3g2,mj2 @ 0x140d050e0] Auto-inserting h264_mp4toannexb bitstream filter
[stderr] [mov,mp4,m4a,3gp,3g2,mj2 @ 0x10b704e60] Auto-inserting h264_mp4toannexb bitstream filter
[stderr] [aost#0:1/copy @ 0x140921be0] Non-monotonic DTS; previous: 11394670, current: 11394327; changing to 11394671. This may result in incorrect timestamps in the output file.
[stderr] [mov,mp4,m4a,3gp,3g2,mj2 @ 0x11fe04160] Auto-inserting h264_mp4toannexb bitstream filter
[stderr] [mov,mp4,m4a,3gp,3g2,mj2 @ 0x140e045d0] Auto-inserting h264_mp4toannexb bitstream filter
[stderr] [mov,mp4,m4a,3gp,3g2,mj2 @ 0x10b704260] Auto-inserting h264_mp4toannexb bitstream filter
[stderr] [mov,mp4,m4a,3gp,3g2,mj2 @ 0x140d04b50] Auto-inserting h264_mp4toannexb bitstream filter
[stderr] [mov,mp4,m4a,3gp,3g2,mj2 @ 0x11fe04670] Auto-inserting h264_mp4toannexb bitstream filter
[stderr] [mov,mp4,m4a,3gp,3g2,mj2 @ 0x10b704b60] Auto-inserting h264_mp4toannexb bitstream filter
[stderr] [mov,mp4,m4a,3gp,3g2,mj2 @ 0x140d043f0] Auto-inserting h264_mp4toannexb bitstream filter
[stderr] [out#0/mp4 @ 0x14091f720] video:213518KiB audio:2827KiB subtitle:0KiB other streams:0KiB global headers:0KiB muxing overhead: 0.162277%
[stderr] frame= 9916 fps=0.0 q=-1.0 Lsize=  216697KiB time=00:05:32.73 bitrate=5335.2kbits/s speed=1.07e+03x    
[stdout] Edited video (selection applied): /Users/johndoe/Documents/company/video_ops/scripts/abstract_algebra_in_proof_assistant/sets-v2-04-set-equality/takes/take-mrhmharr/pipeline/cut/cut-mrhswgb9/edited-good-intervals.mp4
[stdout] Analysis updated: /Users/johndoe/Documents/company/video_ops/scripts/abstract_algebra_in_proof_assistant/sets-v2-04-set-equality/takes/take-mrhmharr/pipeline/cut/cut-mrhswgb9/analysis.json
[2026-07-12T13:14:55.115Z] exit 0
[2026-07-12T14:21:18.946Z] Re-applying cut selection
[2026-07-12T14:21:18.946Z] $ deno run --allow-all /Users/johndoe/Documents/company/video_ops/outdoor_post/main.ts ai-edit --apply-selection --video /Users/johndoe/Documents/company/video_ops/scripts/abstract_algebra_in_proof_assistant/sets-v2-04-set-equality/takes/take-mrhmharr/source.mp4 --script /Users/johndoe/Documents/company/video_ops/scripts/abstract_algebra_in_proof_assistant/sets-v2-04-set-equality/export/sets-v2-04-set-equality-outdoor-script.json --take /Users/johndoe/Documents/company/video_ops/scripts/abstract_algebra_in_proof_assistant/sets-v2-04-set-equality/takes/take-mrhmharr/take.json --out-dir /Users/johndoe/Documents/company/video_ops/scripts/abstract_algebra_in_proof_assistant/sets-v2-04-set-equality/takes/take-mrhmharr/pipeline/cut/cut-mrhswgb9
[stderr] ffmpeg version 7.1 Copyright (c) 2000-2024 the FFmpeg developers
[stderr]   built with Apple clang version 15.0.0 (clang-1500.1.0.2.5)
[stderr]   configuration: --prefix=/opt/homebrew/Cellar/ffmpeg/7.1_3 --enable-shared --enable-pthreads --enable-version3 --cc=clang --host-cflags= --host-ldflags='-Wl,-ld_classic' --enable-ffplay --enable-gnutls --enable-gpl --enable-libaom --enable-libaribb24 --enable-libbluray --enable-libdav1d --enable-libharfbuzz --enable-libjxl --enable-libmp3lame --enable-libopus --enable-librav1e --enable-librist --enable-librubberband --enable-libsnappy --enable-libsrt --enable-libssh --enable-libsvtav1 --enable-libtesseract --enable-libtheora --enable-libvidstab --enable-libvmaf --enable-libvorbis --enable-libvpx --enable-libwebp --enable-libx264 --enable-libx265 --enable-libxml2 --enable-libxvid --enable-lzma --enable-libfontconfig --enable-libfreetype --enable-frei0r --enable-libass --enable-libopencore-amrnb --enable-libopencore-amrwb --enable-libopenjpeg --enable-libspeex --enable-libsoxr --enable-libzmq --enable-libzimg --disable-libjack --disable-indev=jack --enable-videotoolbox --enable-audiotoolbox --enable-neon
[stderr]   libavutil      59. 39.100 / 59. 39.100
[stderr]   libavcodec     61. 19.100 / 61. 19.100
[stderr]   libavformat    61.  7.100 / 61.  7.100
[stderr]   libavdevice    61.  3.100 / 61.  3.100
[stderr]   libavfilter    10.  4.100 / 10.  4.100
[stderr]   libswscale      8.  3.100 /  8.  3.100
[stderr]   libswresample   5.  3.100 /  5.  3.100
[stderr]   libpostproc    58.  3.100 / 58.  3.100
[stderr] Input #0, mov,mp4,m4a,3gp,3g2,mj2, from '/Users/johndoe/Documents/company/video_ops/scripts/abstract_algebra_in_proof_assistant/sets-v2-04-set-equality/takes/take-mrhmharr/source.mp4':
[stderr]   Metadata:
[stderr]     major_brand     : qt  
[stderr]     minor_version   : 0
[stderr]     compatible_brands: qt  
[stderr]     creation_time   : 2026-07-12T09:54:07.000000Z
[stderr]   Duration: 00:06:08.94, start: 0.000000, bitrate: 2946 kb/s
[stderr]   Stream #0:0[0x1](und): Video: hevc (Main) (hvc1 / 0x31637668), yuv420p(tv, smpte170m/bt709/bt709), 640x480, 2834 kb/s, 29.95 fps, 29.83 tbr, 600 tbn (default)
[stderr]       Metadata:
[stderr]         creation_time   : 2026-07-12T09:54:07.000000Z
[stderr]         handler_name    : Core Media Video
[stderr]         vendor_id       : [0][0][0][0]
[stderr]         encoder         : HEVC
[stderr]       Side data:
[stderr]         displaymatrix: rotation of -180.00 degrees
[stderr]   Stream #0:1[0x2](und): Audio: aac (LC) (mp4a / 0x6134706D), 48000 Hz, mono, fltp, 100 kb/s (default)
[stderr]       Metadata:
[stderr]         creation_time   : 2026-07-12T09:54:07.000000Z
[stderr]         handler_name    : Core Media Audio
[stderr]         vendor_id       : [0][0][0][0]
[stderr]   Stream #0:2[0x3](und): Data: none (mebx / 0x7862656D) (default)
[stderr]       Metadata:
[stderr]         creation_time   : 2026-07-12T09:54:07.000000Z
[stderr]         handler_name    : Core Media Metadata
[stderr] Stream mapping:
[stderr]   Stream #0:0 -> #0:0 (hevc (native) -> h264 (libx264))
[stderr]   Stream #0:1 -> #0:1 (aac (native) -> aac (native))
[stderr] Press [q] to stop, [?] for help
[stderr] [libx264 @ 0x12a50bfa0] using cpu capabilities: ARMv8 NEON
[stderr] [libx264 @ 0x12a50bfa0] profile High, level 3.0, 4:2:0, 8-bit
[stderr] [libx264 @ 0x12a50bfa0] 264 - core 164 r3108 31e19f9 - H.264/MPEG-4 AVC codec - Copyleft 2003-2023 - http://www.videolan.org/x264.html - options: cabac=1 ref=1 deblock=1:0:0 analyse=0x3:0x113 me=hex subme=2 psy=1 psy_rd=1.00:0.00 mixed_ref=0 me_range=16 chroma_me=1 trellis=0 8x8dct=1 cqm=0 deadzone=21,11 fast_pskip=1 chroma_qp_offset=0 threads=15 lookahead_threads=3 sliced_threads=0 nr=0 decimate=1 interlaced=0 bluray_compat=0 constrained_intra=0 bframes=3 b_pyramid=2 b_adapt=1 b_bias=0 direct=1 weightb=1 open_gop=0 weightp=1 keyint=250 keyint_min=25 scenecut=40 intra_refresh=0 rc_lookahead=10 rc=crf mbtree=1 crf=18.0 qcomp=0.60 qpmin=0 qpmax=69 qpstep=4 ip_ratio=1.40 aq=1:1.00
[stderr] Output #0, mp4, to '/Users/johndoe/Documents/company/video_ops/scripts/abstract_algebra_in_proof_assistant/sets-v2-04-set-equality/takes/take-mrhmharr/pipeline/cut/cut-mrhswgb9/chunks/chunk-000.mp4':
[stderr]   Metadata:
[stderr]     major_brand     : qt  
[stderr]     minor_version   : 0
[stderr]     compatible_brands: qt  
[stderr]     encoder         : Lavf61.7.100
[stderr]   Stream #0:0(und): Video: h264 (avc1 / 0x31637661), yuv420p(tv, smpte170m/bt709/bt709, progressive), 640x480, q=2-31, 29.83 fps, 11456 tbn (default)
[stderr]       Metadata:
[stderr]         creation_time   : 2026-07-12T09:54:07.000000Z
[stderr]         handler_name    : Core Media Video
[stderr]         vendor_id       : [0][0][0][0]
[stderr]         encoder         : Lavc61.19.100 libx264
[stderr]       Side data:
[stderr]         cpb: bitrate max/min/avg: 0/0/0 buffer size: 0 vbv_delay: N/A
[stderr]   Stream #0:1(und): Audio: aac (LC) (mp4a / 0x6134706D), 48000 Hz, mono, fltp, 69 kb/s (default)
[stderr]       Metadata:
[stderr]         creation_time   : 2026-07-12T09:54:07.000000Z
[stderr]         handler_name    : Core Media Audio
[stderr]         vendor_id       : [0][0][0][0]
[stderr]         encoder         : Lavc61.19.100 aac
[stderr] [out#0/mp4 @ 0x12a50d7e0] video:1028KiB audio:13KiB subtitle:0KiB other streams:0KiB global headers:0KiB muxing overhead: 0.294219%
[stderr] frame=   46 fps=0.0 q=-1.0 Lsize=    1044KiB time=00:00:01.47 bitrate=5798.6kbits/s speed=10.3x    
[stderr] [libx264 @ 0x12a50bfa0] frame I:1     Avg QP:21.52  size: 63699
[stderr] [libx264 @ 0x12a50bfa0] frame P:13    Avg QP:22.73  size: 36543
[stderr] [libx264 @ 0x12a50bfa0] frame B:32    Avg QP:24.92  size: 16026
[stderr] [libx264 @ 0x12a50bfa0] consecutive B-frames:  6.5%  0.0%  6.5% 87.0%
[stderr] [libx264 @ 0x12a50bfa0] mb I  I16..4:  3.7%  4.4% 91.9%
[stderr] [libx264 @ 0x12a50bfa0] mb P  I16..4:  4.2%  5.2% 28.7%  P16..4: 17.9% 17.8% 24.6%  0.0%  0.0%    skip: 1.7%
[stderr] [libx264 @ 0x12a50bfa0] mb B  I16..4:  1.2%  0.7%  1.3%  B16..8: 30.7% 18.3% 12.6%  direct:17.8%  skip:17.5%  L0:26.8% L1:36.4% BI:36.8%
[stderr] [libx264 @ 0x12a50bfa0] 8x8 transform intra:13.6% inter:34.6%
[stderr] [libx264 @ 0x12a50bfa0] coded y,uvDC,uvAC intra: 85.2% 72.1% 38.6% inter: 52.5% 22.5% 2.2%
[stderr] [libx264 @ 0x12a50bfa0] i16 v,h,dc,p: 63% 19% 15%  3%
[stderr] [libx264 @ 0x12a50bfa0] i8 v,h,dc,ddl,ddr,vr,hd,vl,hu: 18% 24% 18%  3% 10%  8%  8%  5%  7%
[stderr] [libx264 @ 0x12a50bfa0] i4 v,h,dc,ddl,ddr,vr,hd,vl,hu: 15% 14% 14%  3% 20%  9% 13%  5%  7%
[stderr] [libx264 @ 0x12a50bfa0] i8c dc,h,v,p: 54% 21% 18%  8%
[stderr] [libx264 @ 0x12a50bfa0] Weighted P-Frames: Y:7.7% UV:0.0%
[stderr] [libx264 @ 0x12a50bfa0] kb/s:5456.03
[stderr] [aac @ 0x12a5182d0] Qavg: 105.835
[stderr] ffmpeg version 7.1 Copyright (c) 2000-2024 the FFmpeg developers
[stderr]   built with Apple clang version 15.0.0 (clang-1500.1.0.2.5)
[stderr]   configuration: --prefix=/opt/homebrew/Cellar/ffmpeg/7.1_3 --enable-shared --enable-pthreads --enable-version3 --cc=clang --host-cflags= --host-ldflags='-Wl,-ld_classic' --enable-ffplay --enable-gnutls --enable-gpl --enable-libaom --enable-libaribb24 --enable-libbluray --enable-libdav1d --enable-libharfbuzz --enable-libjxl --enable-libmp3lame --enable-libopus --enable-librav1e --enable-librist --enable-librubberband --enable-libsnappy --enable-libsrt --enable-libssh --enable-libsvtav1 --enable-libtesseract --enable-libtheora --enable-libvidstab --enable-libvmaf --enable-libvorbis --enable-libvpx --enable-libwebp --enable-libx264 --enable-libx265 --enable-libxml2 --enable-libxvid --enable-lzma --enable-libfontconfig --enable-libfreetype --enable-frei0r --enable-libass --enable-libopencore-amrnb --enable-libopencore-amrwb --enable-libopenjpeg --enable-libspeex --enable-libsoxr --enable-libzmq --enable-libzimg --disable-libjack --disable-indev=jack --enable-videotoolbox --enable-audiotoolbox --enable-neon
[stderr]   libavutil      59. 39.100 / 59. 39.100
[stderr]   libavcodec     61. 19.100 / 61. 19.100
[stderr]   libavformat    61.  7.100 / 61.  7.100
[stderr]   libavdevice    61.  3.100 / 61.  3.100
[stderr]   libavfilter    10.  4.100 / 10.  4.100
[stderr]   libswscale      8.  3.100 /  8.  3.100
[stderr]   libswresample   5.  3.100 /  5.  3.100
[stderr]   libpostproc    58.  3.100 / 58.  3.100
[stderr] Input #0, mov,mp4,m4a,3gp,3g2,mj2, from '/Users/johndoe/Documents/company/video_ops/scripts/abstract_algebra_in_proof_assistant/sets-v2-04-set-equality/takes/take-mrhmharr/source.mp4':
[stderr]   Metadata:
[stderr]     major_brand     : qt  
[stderr]     minor_version   : 0
[stderr]     compatible_brands: qt  
[stderr]     creation_time   : 2026-07-12T09:54:07.000000Z
[stderr]   Duration: 00:06:08.94, start: 0.000000, bitrate: 2946 kb/s
[stderr]   Stream #0:0[0x1](und): Video: hevc (Main) (hvc1 / 0x31637668), yuv420p(tv, smpte170m/bt709/bt709), 640x480, 2834 kb/s, 29.95 fps, 29.83 tbr, 600 tbn (default)
[stderr]       Metadata:
[stderr]         creation_time   : 2026-07-12T09:54:07.000000Z
[stderr]         handler_name    : Core Media Video
[stderr]         vendor_id       : [0][0][0][0]
[stderr]         encoder         : HEVC
[stderr]       Side data:
[stderr]         displaymatrix: rotation of -180.00 degrees
[stderr]   Stream #0:1[0x2](und): Audio: aac (LC) (mp4a / 0x6134706D), 48000 Hz, mono, fltp, 100 kb/s (default)
[stderr]       Metadata:
[stderr]         creation_time   : 2026-07-12T09:54:07.000000Z
[stderr]         handler_name    : Core Media Audio
[stderr]         vendor_id       : [0][0][0][0]
[stderr]   Stream #0:2[0x3](und): Data: none (mebx / 0x7862656D) (default)
[stderr]       Metadata:
[stderr]         creation_time   : 2026-07-12T09:54:07.000000Z
[stderr]         handler_name    : Core Media Metadata
[stderr] Stream mapping:
[stderr]   Stream #0:0 -> #0:0 (hevc (native) -> h264 (libx264))
[stderr]   Stream #0:1 -> #0:1 (aac (native) -> aac (native))
[stderr] Press [q] to stop, [?] for help
[stderr] [libx264 @ 0x157e07300] using cpu capabilities: ARMv8 NEON
[stderr] [libx264 @ 0x157e07300] profile High, level 3.0, 4:2:0, 8-bit
[stderr] [libx264 @ 0x157e07300] 264 - core 164 r3108 31e19f9 - H.264/MPEG-4 AVC codec - Copyleft 2003-2023 - http://www.videolan.org/x264.html - options: cabac=1 ref=1 deblock=1:0:0 analyse=0x3:0x113 me=hex subme=2 psy=1 psy_rd=1.00:0.00 mixed_ref=0 me_range=16 chroma_me=1 trellis=0 8x8dct=1 cqm=0 deadzone=21,11 fast_pskip=1 chroma_qp_offset=0 threads=15 lookahead_threads=3 sliced_threads=0 nr=0 decimate=1 interlaced=0 bluray_compat=0 constrained_intra=0 bframes=3 b_pyramid=2 b_adapt=1 b_bias=0 direct=1 weightb=1 open_gop=0 weightp=1 keyint=250 keyint_min=25 scenecut=40 intra_refresh=0 rc_lookahead=10 rc=crf mbtree=1 crf=18.0 qcomp=0.60 qpmin=0 qpmax=69 qpstep=4 ip_ratio=1.40 aq=1:1.00
[stderr] Output #0, mp4, to '/Users/johndoe/Documents/company/video_ops/scripts/abstract_algebra_in_proof_assistant/sets-v2-04-set-equality/takes/take-mrhmharr/pipeline/cut/cut-mrhswgb9/chunks/chunk-001.mp4':
[stderr]   Metadata:
[stderr]     major_brand     : qt  
[stderr]     minor_version   : 0
[stderr]     compatible_brands: qt  
[stderr]     encoder         : Lavf61.7.100
[stderr]   Stream #0:0(und): Video: h264 (avc1 / 0x31637661), yuv420p(tv, smpte170m/bt709/bt709, progressive), 640x480, q=2-31, 29.83 fps, 11456 tbn (default)
[stderr]       Metadata:
[stderr]         creation_time   : 2026-07-12T09:54:07.000000Z
[stderr]         handler_name    : Core Media Video
[stderr]         vendor_id       : [0][0][0][0]
[stderr]         encoder         : Lavc61.19.100 libx264
[stderr]       Side data:
[stderr]         cpb: bitrate max/min/avg: 0/0/0 buffer size: 0 vbv_delay: N/A
[stderr]   Stream #0:1(und): Audio: aac (LC) (mp4a / 0x6134706D), 48000 Hz, mono, fltp, 69 kb/s (default)
[stderr]       Metadata:
[stderr]         creation_time   : 2026-07-12T09:54:07.000000Z
[stderr]         handler_name    : Core Media Audio
[stderr]         vendor_id       : [0][0][0][0]
[stderr]         encoder         : Lavc61.19.100 aac
[stderr] frame=   82 fps=0.0 q=24.0 size=    1792KiB time=00:00:02.68 bitrate=5474.6kbits/s speed=5.36x    [stderr] frame=  214 fps=214 q=24.0 size=    5120KiB time=00:00:07.07 bitrate=5930.4kbits/s speed=7.07x    [stderr] frame=  343 fps=228 q=24.0 size=    7680KiB time=00:00:11.43 bitrate=5504.3kbits/s dup=0 drop=1 speed=7.61x    [stderr] [out#0/mp4 @ 0x157e06350] video:11677KiB audio:118KiB subtitle:0KiB other streams:0KiB global headers:0KiB muxing overhead: 0.173177%
[stderr] frame=  537 fps=292 q=-1.0 Lsize=   11815KiB time=00:00:17.93 bitrate=5397.3kbits/s dup=0 drop=1 speed=9.76x    
[stderr] [libx264 @ 0x157e07300] frame I:3     Avg QP:20.28  size: 49526
[stderr] [libx264 @ 0x157e07300] frame P:168   Avg QP:21.92  size: 38337
[stderr] [libx264 @ 0x157e07300] frame B:366   Avg QP:25.09  size: 14665
[stderr] [libx264 @ 0x157e07300] consecutive B-frames:  5.8%  6.7% 10.1% 77.5%
[stderr] [libx264 @ 0x157e07300] mb I  I16..4:  5.6%  9.2% 85.2%
[stderr] [libx264 @ 0x157e07300] mb P  I16..4:  3.2%  4.0% 13.8%  P16..4: 24.2% 22.6% 31.3%  0.0%  0.0%    skip: 0.8%
[stderr] [libx264 @ 0x157e07300] mb B  I16..4:  0.7%  0.4%  0.5%  B16..8: 30.9% 19.1%  9.0%  direct:20.9%  skip:18.5%  L0:27.6% L1:33.7% BI:38.6%
[stderr] [libx264 @ 0x157e07300] 8x8 transform intra:19.0% inter:34.9%
[stderr] [libx264 @ 0x157e07300] coded y,uvDC,uvAC intra: 80.5% 73.3% 41.0% inter: 55.9% 23.8% 2.6%
[stderr] [libx264 @ 0x157e07300] i16 v,h,dc,p: 63% 16% 17%  4%
[stderr] [libx264 @ 0x157e07300] i8 v,h,dc,ddl,ddr,vr,hd,vl,hu: 19% 25% 19%  2%  8%  6%  8%  5%  7%
[stderr] [libx264 @ 0x157e07300] i4 v,h,dc,ddl,ddr,vr,hd,vl,hu: 15% 20% 14%  3% 14%  8% 11%  6% 10%
[stderr] [libx264 @ 0x157e07300] i8c dc,h,v,p: 51% 22% 18%  9%
[stderr] [libx264 @ 0x157e07300] Weighted P-Frames: Y:24.4% UV:1.8%
[stderr] [libx264 @ 0x157e07300] kb/s:5314.07
[stderr] [aac @ 0x157d1af10] Qavg: 16365.711
[stderr] ffmpeg version 7.1 Copyright (c) 2000-2024 the FFmpeg developers
[stderr]   built with Apple clang version 15.0.0 (clang-1500.1.0.2.5)
[stderr]   configuration: --prefix=/opt/homebrew/Cellar/ffmpeg/7.1_3 --enable-shared --enable-pthreads --enable-version3 --cc=clang --host-cflags= --host-ldflags='-Wl,-ld_classic' --enable-ffplay --enable-gnutls --enable-gpl --enable-libaom --enable-libaribb24 --enable-libbluray --enable-libdav1d --enable-libharfbuzz --enable-libjxl --enable-libmp3lame --enable-libopus --enable-librav1e --enable-librist --enable-librubberband --enable-libsnappy --enable-libsrt --enable-libssh --enable-libsvtav1 --enable-libtesseract --enable-libtheora --enable-libvidstab --enable-libvmaf --enable-libvorbis --enable-libvpx --enable-libwebp --enable-libx264 --enable-libx265 --enable-libxml2 --enable-libxvid --enable-lzma --enable-libfontconfig --enable-libfreetype --enable-frei0r --enable-libass --enable-libopencore-amrnb --enable-libopencore-amrwb --enable-libopenjpeg --enable-libspeex --enable-libsoxr --enable-libzmq --enable-libzimg --disable-libjack --disable-indev=jack --enable-videotoolbox --enable-audiotoolbox --enable-neon
[stderr]   libavutil      59. 39.100 / 59. 39.100
[stderr]   libavcodec     61. 19.100 / 61. 19.100
[stderr]   libavformat    61.  7.100 / 61.  7.100
[stderr]   libavdevice    61.  3.100 / 61.  3.100
[stderr]   libavfilter    10.  4.100 / 10.  4.100
[stderr]   libswscale      8.  3.100 /  8.  3.100
[stderr]   libswresample   5.  3.100 /  5.  3.100
[stderr]   libpostproc    58.  3.100 / 58.  3.100
[stderr] Input #0, mov,mp4,m4a,3gp,3g2,mj2, from '/Users/johndoe/Documents/company/video_ops/scripts/abstract_algebra_in_proof_assistant/sets-v2-04-set-equality/takes/take-mrhmharr/source.mp4':
[stderr]   Metadata:
[stderr]     major_brand     : qt  
[stderr]     minor_version   : 0
[stderr]     compatible_brands: qt  
[stderr]     creation_time   : 2026-07-12T09:54:07.000000Z
[stderr]   Duration: 00:06:08.94, start: 0.000000, bitrate: 2946 kb/s
[stderr]   Stream #0:0[0x1](und): Video: hevc (Main) (hvc1 / 0x31637668), yuv420p(tv, smpte170m/bt709/bt709), 640x480, 2834 kb/s, 29.95 fps, 29.83 tbr, 600 tbn (default)
[stderr]       Metadata:
[stderr]         creation_time   : 2026-07-12T09:54:07.000000Z
[stderr]         handler_name    : Core Media Video
[stderr]         vendor_id       : [0][0][0][0]
[stderr]         encoder         : HEVC
[stderr]       Side data:
[stderr]         displaymatrix: rotation of -180.00 degrees
[stderr]   Stream #0:1[0x2](und): Audio: aac (LC) (mp4a / 0x6134706D), 48000 Hz, mono, fltp, 100 kb/s (default)
[stderr]       Metadata:
[stderr]         creation_time   : 2026-07-12T09:54:07.000000Z
[stderr]         handler_name    : Core Media Audio
[stderr]         vendor_id       : [0][0][0][0]
[stderr]   Stream #0:2[0x3](und): Data: none (mebx / 0x7862656D) (default)
[stderr]       Metadata:
[stderr]         creation_time   : 2026-07-12T09:54:07.000000Z
[stderr]         handler_name    : Core Media Metadata
[stderr] Stream mapping:
[stderr]   Stream #0:0 -> #0:0 (hevc (native) -> h264 (libx264))
[stderr]   Stream #0:1 -> #0:1 (aac (native) -> aac (native))
[stderr] Press [q] to stop, [?] for help
[stderr] [libx264 @ 0x109505c50] using cpu capabilities: ARMv8 NEON
[stderr] [libx264 @ 0x109505c50] profile High, level 3.0, 4:2:0, 8-bit
[stderr] [libx264 @ 0x109505c50] 264 - core 164 r3108 31e19f9 - H.264/MPEG-4 AVC codec - Copyleft 2003-2023 - http://www.videolan.org/x264.html - options: cabac=1 ref=1 deblock=1:0:0 analyse=0x3:0x113 me=hex subme=2 psy=1 psy_rd=1.00:0.00 mixed_ref=0 me_range=16 chroma_me=1 trellis=0 8x8dct=1 cqm=0 deadzone=21,11 fast_pskip=1 chroma_qp_offset=0 threads=15 lookahead_threads=3 sliced_threads=0 nr=0 decimate=1 interlaced=0 bluray_compat=0 constrained_intra=0 bframes=3 b_pyramid=2 b_adapt=1 b_bias=0 direct=1 weightb=1 open_gop=0 weightp=1 keyint=250 keyint_min=25 scenecut=40 intra_refresh=0 rc_lookahead=10 rc=crf mbtree=1 crf=18.0 qcomp=0.60 qpmin=0 qpmax=69 qpstep=4 ip_ratio=1.40 aq=1:1.00
[stderr] Output #0, mp4, to '/Users/johndoe/Documents/company/video_ops/scripts/abstract_algebra_in_proof_assistant/sets-v2-04-set-equality/takes/take-mrhmharr/pipeline/cut/cut-mrhswgb9/chunks/chunk-002.mp4':
[stderr]   Metadata:
[stderr]     major_brand     : qt  
[stderr]     minor_version   : 0
[stderr]     compatible_brands: qt  
[stderr]     encoder         : Lavf61.7.100
[stderr]   Stream #0:0(und): Video: h264 (avc1 / 0x31637661), yuv420p(tv, smpte170m/bt709/bt709, progressive), 640x480, q=2-31, 29.83 fps, 11456 tbn (default)
[stderr]       Metadata:
[stderr]         creation_time   : 2026-07-12T09:54:07.000000Z
[stderr]         handler_name    : Core Media Video
[stderr]         vendor_id       : [0][0][0][0]
[stderr]         encoder         : Lavc61.19.100 libx264
[stderr]       Side data:
[stderr]         cpb: bitrate max/min/avg: 0/0/0 buffer size: 0 vbv_delay: N/A
[stderr]   Stream #0:1(und): Audio: aac (LC) (mp4a / 0x6134706D), 48000 Hz, mono, fltp, 69 kb/s (default)
[stderr]       Metadata:
[stderr]         creation_time   : 2026-07-12T09:54:07.000000Z
[stderr]         handler_name    : Core Media Audio
[stderr]         vendor_id       : [0][0][0][0]
[stderr]         encoder         : Lavc61.19.100 aac
[stderr] frame=    9 fps=0.0 q=24.0 size=       0KiB time=00:00:00.26 bitrate=   1.4kbits/s speed=0.532x    [stderr] frame=  266 fps=264 q=24.0 size=    4608KiB time=00:00:08.88 bitrate=4249.7kbits/s dup=0 drop=1 speed=8.82x    [stderr] frame=  503 fps=333 q=24.0 size=    9472KiB time=00:00:16.79 bitrate=4620.6kbits/s dup=0 drop=2 speed=11.1x    [stderr] frame=  699 fps=347 q=24.0 size=   15104KiB time=00:00:23.36 bitrate=5296.1kbits/s dup=0 drop=2 speed=11.6x    [stderr] frame=  891 fps=354 q=24.0 size=   20736KiB time=00:00:29.79 bitrate=5700.5kbits/s dup=0 drop=3 speed=11.8x    [stderr] [out#0/mp4 @ 0x109504b90] video:23858KiB audio:68KiB subtitle:0KiB other streams:0KiB global headers:0KiB muxing overhead: 0.159086%
[stderr] frame= 1035 fps=349 q=-1.0 Lsize=   23964KiB time=00:00:34.62 bitrate=5669.5kbits/s dup=0 drop=4 speed=11.7x    
[stderr] [libx264 @ 0x109505c50] frame I:7     Avg QP:19.23  size: 60556
[stderr] [libx264 @ 0x109505c50] frame P:324   Avg QP:22.18  size: 38432
[stderr] [libx264 @ 0x109505c50] frame B:704   Avg QP:25.54  size: 16412
[stderr] [libx264 @ 0x109505c50] consecutive B-frames:  5.9%  7.9%  7.0% 79.2%
[stderr] [libx264 @ 0x109505c50] mb I  I16..4:  9.1%  6.5% 84.3%
[stderr] [libx264 @ 0x109505c50] mb P  I16..4:  5.2%  4.8% 15.8%  P16..4: 20.9% 20.5% 30.8%  0.0%  0.0%    skip: 2.0%
[stderr] [libx264 @ 0x109505c50] mb B  I16..4:  1.2%  0.6%  1.4%  B16..8: 29.1% 18.6% 12.4%  direct:16.3%  skip:20.5%  L0:27.2% L1:32.5% BI:40.3%
[stderr] [libx264 @ 0x109505c50] 8x8 transform intra:17.7% inter:33.3%
[stderr] [libx264 @ 0x109505c50] coded y,uvDC,uvAC intra: 76.4% 65.0% 33.8% inter: 53.3% 23.1% 2.3%
[stderr] [libx264 @ 0x109505c50] i16 v,h,dc,p: 72% 13% 13%  3%
[stderr] [libx264 @ 0x109505c50] i8 v,h,dc,ddl,ddr,vr,hd,vl,hu: 24% 21% 16%  2%  8%  8%  7%  6%  6%
[stderr] [libx264 @ 0x109505c50] i4 v,h,dc,ddl,ddr,vr,hd,vl,hu: 16% 18% 14%  3% 14%  9% 10%  6%  9%
[stderr] [libx264 @ 0x109505c50] i8c dc,h,v,p: 56% 18% 18%  8%
[stderr] [libx264 @ 0x109505c50] Weighted P-Frames: Y:10.8% UV:0.3%
[stderr] [libx264 @ 0x109505c50] kb/s:5633.40
[stderr] [aac @ 0x10956b030] Qavg: 51563.074
[stderr] ffmpeg version 7.1 Copyright (c) 2000-2024 the FFmpeg developers
[stderr]   built with Apple clang version 15.0.0 (clang-1500.1.0.2.5)
[stderr]   configuration: --prefix=/opt/homebrew/Cellar/ffmpeg/7.1_3 --enable-shared --enable-pthreads --enable-version3 --cc=clang --host-cflags= --host-ldflags='-Wl,-ld_classic' --enable-ffplay --enable-gnutls --enable-gpl --enable-libaom --enable-libaribb24 --enable-libbluray --enable-libdav1d --enable-libharfbuzz --enable-libjxl --enable-libmp3lame --enable-libopus --enable-librav1e --enable-librist --enable-librubberband --enable-libsnappy --enable-libsrt --enable-libssh --enable-libsvtav1 --enable-libtesseract --enable-libtheora --enable-libvidstab --enable-libvmaf --enable-libvorbis --enable-libvpx --enable-libwebp --enable-libx264 --enable-libx265 --enable-libxml2 --enable-libxvid --enable-lzma --enable-libfontconfig --enable-libfreetype --enable-frei0r --enable-libass --enable-libopencore-amrnb --enable-libopencore-amrwb --enable-libopenjpeg --enable-libspeex --enable-libsoxr --enable-libzmq --enable-libzimg --disable-libjack --disable-indev=jack --enable-videotoolbox --enable-audiotoolbox --enable-neon
[stderr]   libavutil      59. 39.100 / 59. 39.100
[stderr]   libavcodec     61. 19.100 / 61. 19.100
[stderr]   libavformat    61.  7.100 / 61.  7.100
[stderr]   libavdevice    61.  3.100 / 61.  3.100
[stderr]   libavfilter    10.  4.100 / 10.  4.100
[stderr]   libswscale      8.  3.100 /  8.  3.100
[stderr]   libswresample   5.  3.100 /  5.  3.100
[stderr]   libpostproc    58.  3.100 / 58.  3.100
[stderr] Input #0, mov,mp4,m4a,3gp,3g2,mj2, from '/Users/johndoe/Documents/company/video_ops/scripts/abstract_algebra_in_proof_assistant/sets-v2-04-set-equality/takes/take-mrhmharr/source.mp4':
[stderr]   Metadata:
[stderr]     major_brand     : qt  
[stderr]     minor_version   : 0
[stderr]     compatible_brands: qt  
[stderr]     creation_time   : 2026-07-12T09:54:07.000000Z
[stderr]   Duration: 00:06:08.94, start: 0.000000, bitrate: 2946 kb/s
[stderr]   Stream #0:0[0x1](und): Video: hevc (Main) (hvc1 / 0x31637668), yuv420p(tv, smpte170m/bt709/bt709), 640x480, 2834 kb/s, 29.95 fps, 29.83 tbr, 600 tbn (default)
[stderr]       Metadata:
[stderr]         creation_time   : 2026-07-12T09:54:07.000000Z
[stderr]         handler_name    : Core Media Video
[stderr]         vendor_id       : [0][0][0][0]
[stderr]         encoder         : HEVC
[stderr]       Side data:
[stderr]         displaymatrix: rotation of -180.00 degrees
[stderr]   Stream #0:1[0x2](und): Audio: aac (LC) (mp4a / 0x6134706D), 48000 Hz, mono, fltp, 100 kb/s (default)
[stderr]       Metadata:
[stderr]         creation_time   : 2026-07-12T09:54:07.000000Z
[stderr]         handler_name    : Core Media Audio
[stderr]         vendor_id       : [0][0][0][0]
[stderr]   Stream #0:2[0x3](und): Data: none (mebx / 0x7862656D) (default)
[stderr]       Metadata:
[stderr]         creation_time   : 2026-07-12T09:54:07.000000Z
[stderr]         handler_name    : Core Media Metadata
[stderr] Stream mapping:
[stderr]   Stream #0:0 -> #0:0 (hevc (native) -> h264 (libx264))
[stderr]   Stream #0:1 -> #0:1 (aac (native) -> aac (native))
[stderr] Press [q] to stop, [?] for help
[stderr] [libx264 @ 0x11ee10b10] using cpu capabilities: ARMv8 NEON
[stderr] [libx264 @ 0x11ee10b10] profile High, level 3.0, 4:2:0, 8-bit
[stderr] [libx264 @ 0x11ee10b10] 264 - core 164 r3108 31e19f9 - H.264/MPEG-4 AVC codec - Copyleft 2003-2023 - http://www.videolan.org/x264.html - options: cabac=1 ref=1 deblock=1:0:0 analyse=0x3:0x113 me=hex subme=2 psy=1 psy_rd=1.00:0.00 mixed_ref=0 me_range=16 chroma_me=1 trellis=0 8x8dct=1 cqm=0 deadzone=21,11 fast_pskip=1 chroma_qp_offset=0 threads=15 lookahead_threads=3 sliced_threads=0 nr=0 decimate=1 interlaced=0 bluray_compat=0 constrained_intra=0 bframes=3 b_pyramid=2 b_adapt=1 b_bias=0 direct=1 weightb=1 open_gop=0 weightp=1 keyint=250 keyint_min=25 scenecut=40 intra_refresh=0 rc_lookahead=10 rc=crf mbtree=1 crf=18.0 qcomp=0.60 qpmin=0 qpmax=69 qpstep=4 ip_ratio=1.40 aq=1:1.00
[stderr] Output #0, mp4, to '/Users/johndoe/Documents/company/video_ops/scripts/abstract_algebra_in_proof_assistant/sets-v2-04-set-equality/takes/take-mrhmharr/pipeline/cut/cut-mrhswgb9/chunks/chunk-003.mp4':
[stderr]   Metadata:
[stderr]     major_brand     : qt  
[stderr]     minor_version   : 0
[stderr]     compatible_brands: qt  
[stderr]     encoder         : Lavf61.7.100
[stderr]   Stream #0:0(und): Video: h264 (avc1 / 0x31637661), yuv420p(tv, smpte170m/bt709/bt709, progressive), 640x480, q=2-31, 29.83 fps, 11456 tbn (default)
[stderr]       Metadata:
[stderr]         creation_time   : 2026-07-12T09:54:07.000000Z
[stderr]         handler_name    : Core Media Video
[stderr]         vendor_id       : [0][0][0][0]
[stderr]         encoder         : Lavc61.19.100 libx264
[stderr]       Side data:
[stderr]         cpb: bitrate max/min/avg: 0/0/0 buffer size: 0 vbv_delay: N/A
[stderr]   Stream #0:1(und): Audio: aac (LC) (mp4a / 0x6134706D), 48000 Hz, mono, fltp, 69 kb/s (default)
[stderr]       Metadata:
[stderr]         creation_time   : 2026-07-12T09:54:07.000000Z
[stderr]         handler_name    : Core Media Audio
[stderr]         vendor_id       : [0][0][0][0]
[stderr]         encoder         : Lavc61.19.100 aac
[stderr] frame=   79 fps= 52 q=24.0 size=    1280KiB time=00:00:02.58 bitrate=4062.8kbits/s speed=1.71x    [stderr] frame=  332 fps=165 q=24.0 size=    4864KiB time=N/A bitrate=N/A dup=0 drop=1 speed=N/A    [stderr] [out#0/mp4 @ 0x11ee0fb60] video:5647KiB audio:2KiB subtitle:0KiB other streams:0KiB global headers:0KiB muxing overhead: 0.255846%
[stderr] frame=  367 fps=179 q=-1.0 Lsize=    5664KiB time=00:00:12.20 bitrate=3802.6kbits/s dup=0 drop=1 speed=5.96x    
[stderr] [libx264 @ 0x11ee10b10] frame I:2     Avg QP:17.46  size: 60194
[stderr] [libx264 @ 0x11ee10b10] frame P:105   Avg QP:19.75  size: 33602
[stderr] [libx264 @ 0x11ee10b10] frame B:260   Avg QP:24.93  size:  8204
[stderr] [libx264 @ 0x11ee10b10] consecutive B-frames:  2.5%  7.1%  6.5% 83.9%
[stderr] [libx264 @ 0x11ee10b10] mb I  I16..4: 20.0%  6.5% 73.4%
[stderr] [libx264 @ 0x11ee10b10] mb P  I16..4: 11.3%  1.7%  3.2%  P16..4: 24.8% 21.5% 31.7%  0.0%  0.0%    skip: 5.8%
[stderr] [libx264 @ 0x11ee10b10] mb B  I16..4:  1.6%  0.1%  0.0%  B16..8: 27.0% 13.7%  6.0%  direct:12.1%  skip:39.5%  L0:21.5% L1:31.4% BI:47.1%
[stderr] [libx264 @ 0x11ee10b10] 8x8 transform intra:9.4% inter:29.7%
[stderr] [libx264 @ 0x11ee10b10] coded y,uvDC,uvAC intra: 31.9% 26.2% 14.8% inter: 36.7% 13.0% 1.8%
[stderr] [libx264 @ 0x11ee10b10] i16 v,h,dc,p: 86%  6%  7%  1%
[stderr] [libx264 @ 0x11ee10b10] i8 v,h,dc,ddl,ddr,vr,hd,vl,hu: 21% 18% 25%  2%  7%  7%  7%  6%  6%
[stderr] [libx264 @ 0x11ee10b10] i4 v,h,dc,ddl,ddr,vr,hd,vl,hu: 19% 16% 18%  4% 12%  9%  8%  6%  9%
[stderr] [libx264 @ 0x11ee10b10] i8c dc,h,v,p: 82%  7%  9%  2%
[stderr] [libx264 @ 0x11ee10b10] Weighted P-Frames: Y:10.5% UV:1.9%
[stderr] [libx264 @ 0x11ee10b10] kb/s:3759.94
[stderr] [aac @ 0x11fd38c90] Qavg: 65472.727
[stderr] ffmpeg version 7.1 Copyright (c) 2000-2024 the FFmpeg developers
[stderr]   built with Apple clang version 15.0.0 (clang-1500.1.0.2.5)
[stderr]   configuration: --prefix=/opt/homebrew/Cellar/ffmpeg/7.1_3 --enable-shared --enable-pthreads --enable-version3 --cc=clang --host-cflags= --host-ldflags='-Wl,-ld_classic' --enable-ffplay --enable-gnutls --enable-gpl --enable-libaom --enable-libaribb24 --enable-libbluray --enable-libdav1d --enable-libharfbuzz --enable-libjxl --enable-libmp3lame --enable-libopus --enable-librav1e --enable-librist --enable-librubberband --enable-libsnappy --enable-libsrt --enable-libssh --enable-libsvtav1 --enable-libtesseract --enable-libtheora --enable-libvidstab --enable-libvmaf --enable-libvorbis --enable-libvpx --enable-libwebp --enable-libx264 --enable-libx265 --enable-libxml2 --enable-libxvid --enable-lzma --enable-libfontconfig --enable-libfreetype --enable-frei0r --enable-libass --enable-libopencore-amrnb --enable-libopencore-amrwb --enable-libopenjpeg --enable-libspeex --enable-libsoxr --enable-libzmq --enable-libzimg --disable-libjack --disable-indev=jack --enable-videotoolbox --enable-audiotoolbox --enable-neon
[stderr]   libavutil      59. 39.100 / 59. 39.100
[stderr]   libavcodec     61. 19.100 / 61. 19.100
[stderr]   libavformat    61.  7.100 / 61.  7.100
[stderr]   libavdevice    61.  3.100 / 61.  3.100
[stderr]   libavfilter    10.  4.100 / 10.  4.100
[stderr]   libswscale      8.  3.100 /  8.  3.100
[stderr]   libswresample   5.  3.100 /  5.  3.100
[stderr]   libpostproc    58.  3.100 / 58.  3.100
[stderr] Input #0, mov,mp4,m4a,3gp,3g2,mj2, from '/Users/johndoe/Documents/company/video_ops/scripts/abstract_algebra_in_proof_assistant/sets-v2-04-set-equality/takes/take-mrhmharr/source.mp4':
[stderr]   Metadata:
[stderr]     major_brand     : qt  
[stderr]     minor_version   : 0
[stderr]     compatible_brands: qt  
[stderr]     creation_time   : 2026-07-12T09:54:07.000000Z
[stderr]   Duration: 00:06:08.94, start: 0.000000, bitrate: 2946 kb/s
[stderr]   Stream #0:0[0x1](und): Video: hevc (Main) (hvc1 / 0x31637668), yuv420p(tv, smpte170m/bt709/bt709), 640x480, 2834 kb/s, 29.95 fps, 29.83 tbr, 600 tbn (default)
[stderr]       Metadata:
[stderr]         creation_time   : 2026-07-12T09:54:07.000000Z
[stderr]         handler_name    : Core Media Video
[stderr]         vendor_id       : [0][0][0][0]
[stderr]         encoder         : HEVC
[stderr]       Side data:
[stderr]         displaymatrix: rotation of -180.00 degrees
[stderr]   Stream #0:1[0x2](und): Audio: aac (LC) (mp4a / 0x6134706D), 48000 Hz, mono, fltp, 100 kb/s (default)
[stderr]       Metadata:
[stderr]         creation_time   : 2026-07-12T09:54:07.000000Z
[stderr]         handler_name    : Core Media Audio
[stderr]         vendor_id       : [0][0][0][0]
[stderr]   Stream #0:2[0x3](und): Data: none (mebx / 0x7862656D) (default)
[stderr]       Metadata:
[stderr]         creation_time   : 2026-07-12T09:54:07.000000Z
[stderr]         handler_name    : Core Media Metadata
[stderr] Stream mapping:
[stderr]   Stream #0:0 -> #0:0 (hevc (native) -> h264 (libx264))
[stderr]   Stream #0:1 -> #0:1 (aac (native) -> aac (native))
[stderr] Press [q] to stop, [?] for help
[stderr] [libx264 @ 0x1568115b0] using cpu capabilities: ARMv8 NEON
[stderr] [libx264 @ 0x1568115b0] profile High, level 3.0, 4:2:0, 8-bit
[stderr] [libx264 @ 0x1568115b0] 264 - core 164 r3108 31e19f9 - H.264/MPEG-4 AVC codec - Copyleft 2003-2023 - http://www.videolan.org/x264.html - options: cabac=1 ref=1 deblock=1:0:0 analyse=0x3:0x113 me=hex subme=2 psy=1 psy_rd=1.00:0.00 mixed_ref=0 me_range=16 chroma_me=1 trellis=0 8x8dct=1 cqm=0 deadzone=21,11 fast_pskip=1 chroma_qp_offset=0 threads=15 lookahead_threads=3 sliced_threads=0 nr=0 decimate=1 interlaced=0 bluray_compat=0 constrained_intra=0 bframes=3 b_pyramid=2 b_adapt=1 b_bias=0 direct=1 weightb=1 open_gop=0 weightp=1 keyint=250 keyint_min=25 scenecut=40 intra_refresh=0 rc_lookahead=10 rc=crf mbtree=1 crf=18.0 qcomp=0.60 qpmin=0 qpmax=69 qpstep=4 ip_ratio=1.40 aq=1:1.00
[stderr] Output #0, mp4, to '/Users/johndoe/Documents/company/video_ops/scripts/abstract_algebra_in_proof_assistant/sets-v2-04-set-equality/takes/take-mrhmharr/pipeline/cut/cut-mrhswgb9/chunks/chunk-004.mp4':
[stderr]   Metadata:
[stderr]     major_brand     : qt  
[stderr]     minor_version   : 0
[stderr]     compatible_brands: qt  
[stderr]     encoder         : Lavf61.7.100
[stderr]   Stream #0:0(und): Video: h264 (avc1 / 0x31637661), yuv420p(tv, smpte170m/bt709/bt709, progressive), 640x480, q=2-31, 29.83 fps, 11456 tbn (default)
[stderr]       Metadata:
[stderr]         creation_time   : 2026-07-12T09:54:07.000000Z
[stderr]         handler_name    : Core Media Video
[stderr]         vendor_id       : [0][0][0][0]
[stderr]         encoder         : Lavc61.19.100 libx264
[stderr]       Side data:
[stderr]         cpb: bitrate max/min/avg: 0/0/0 buffer size: 0 vbv_delay: N/A
[stderr]   Stream #0:1(und): Audio: aac (LC) (mp4a / 0x6134706D), 48000 Hz, mono, fltp, 69 kb/s (default)
[stderr]       Metadata:
[stderr]         creation_time   : 2026-07-12T09:54:07.000000Z
[stderr]         handler_name    : Core Media Audio
[stderr]         vendor_id       : [0][0][0][0]
[stderr]         encoder         : Lavc61.19.100 aac
[stderr] frame=    5 fps=3.3 q=24.0 size=       0KiB time=00:00:00.10 bitrate=   3.8kbits/s speed=0.0664x    [stderr] frame=  211 fps=104 q=24.0 size=    4096KiB time=00:00:07.00 bitrate=4789.7kbits/s speed=3.47x    [stderr] frame=  436 fps=173 q=24.0 size=    8192KiB time=00:00:14.54 bitrate=4613.1kbits/s dup=0 drop=1 speed=5.76x    [stderr] frame=  652 fps=215 q=24.0 size=   13824KiB time=00:00:21.78 bitrate=5197.7kbits/s dup=0 drop=3 speed= 7.2x    [stderr] frame=  851 fps=241 q=24.0 size=   19712KiB time=00:00:28.45 bitrate=5674.3kbits/s dup=0 drop=4 speed=8.06x    [stderr] [out#0/mp4 @ 0x156810680] video:22098KiB audio:6KiB subtitle:0KiB other streams:0KiB global headers:0KiB muxing overhead: 0.151239%
[stderr] frame=  913 fps=250 q=-1.0 Lsize=   22137KiB time=00:00:30.50 bitrate=5945.3kbits/s dup=0 drop=4 speed=8.35x    
[stderr] [libx264 @ 0x1568115b0] frame I:4     Avg QP:20.19  size: 58541
[stderr] [libx264 @ 0x1568115b0] frame P:335   Avg QP:22.68  size: 40585
[stderr] [libx264 @ 0x1568115b0] frame B:574   Avg QP:25.79  size: 15327
[stderr] [libx264 @ 0x1568115b0] consecutive B-frames: 11.0% 12.7%  8.9% 67.5%
[stderr] [libx264 @ 0x1568115b0] mb I  I16..4:  6.4%  8.8% 84.8%
[stderr] [libx264 @ 0x1568115b0] mb P  I16..4:  3.4%  4.1% 11.0%  P16..4: 24.9% 22.3% 33.2%  0.0%  0.0%    skip: 1.1%
[stderr] [libx264 @ 0x1568115b0] mb B  I16..4:  1.0%  0.3%  0.5%  B16..8: 31.2% 17.9% 10.5%  direct:16.8%  skip:21.8%  L0:25.4% L1:30.3% BI:44.3%
[stderr] [libx264 @ 0x1568115b0] 8x8 transform intra:20.8% inter:33.2%
[stderr] [libx264 @ 0x1568115b0] coded y,uvDC,uvAC intra: 77.8% 56.4% 21.6% inter: 53.9% 18.4% 1.3%
[stderr] [libx264 @ 0x1568115b0] i16 v,h,dc,p: 61% 20% 15%  4%
[stderr] [libx264 @ 0x1568115b0] i8 v,h,dc,ddl,ddr,vr,hd,vl,hu: 23% 23% 17%  3%  7%  7%  7%  6%  7%
[stderr] [libx264 @ 0x1568115b0] i4 v,h,dc,ddl,ddr,vr,hd,vl,hu: 16% 17% 15%  4% 14%  9%  9%  6% 10%
[stderr] [libx264 @ 0x1568115b0] i8c dc,h,v,p: 59% 18% 18%  5%
[stderr] [libx264 @ 0x1568115b0] Weighted P-Frames: Y:20.0% UV:2.4%
[stderr] [libx264 @ 0x1568115b0] kb/s:5915.11
[stderr] [aac @ 0x159026ee0] Qavg: 65510.527
[stderr] ffmpeg version 7.1 Copyright (c) 2000-2024 the FFmpeg developers
[stderr]   built with Apple clang version 15.0.0 (clang-1500.1.0.2.5)
[stderr]   configuration: --prefix=/opt/homebrew/Cellar/ffmpeg/7.1_3 --enable-shared --enable-pthreads --enable-version3 --cc=clang --host-cflags= --host-ldflags='-Wl,-ld_classic' --enable-ffplay --enable-gnutls --enable-gpl --enable-libaom --enable-libaribb24 --enable-libbluray --enable-libdav1d --enable-libharfbuzz --enable-libjxl --enable-libmp3lame --enable-libopus --enable-librav1e --enable-librist --enable-librubberband --enable-libsnappy --enable-libsrt --enable-libssh --enable-libsvtav1 --enable-libtesseract --enable-libtheora --enable-libvidstab --enable-libvmaf --enable-libvorbis --enable-libvpx --enable-libwebp --enable-libx264 --enable-libx265 --enable-libxml2 --enable-libxvid --enable-lzma --enable-libfontconfig --enable-libfreetype --enable-frei0r --enable-libass --enable-libopencore-amrnb --enable-libopencore-amrwb --enable-libopenjpeg --enable-libspeex --enable-libsoxr --enable-libzmq --enable-libzimg --disable-libjack --disable-indev=jack --enable-videotoolbox --enable-audiotoolbox --enable-neon
[stderr]   libavutil      59. 39.100 / 59. 39.100
[stderr]   libavcodec     61. 19.100 / 61. 19.100
[stderr]   libavformat    61.  7.100 / 61.  7.100
[stderr]   libavdevice    61.  3.100 / 61.  3.100
[stderr]   libavfilter    10.  4.100 / 10.  4.100
[stderr]   libswscale      8.  3.100 /  8.  3.100
[stderr]   libswresample   5.  3.100 /  5.  3.100
[stderr]   libpostproc    58.  3.100 / 58.  3.100
[stderr] Input #0, mov,mp4,m4a,3gp,3g2,mj2, from '/Users/johndoe/Documents/company/video_ops/scripts/abstract_algebra_in_proof_assistant/sets-v2-04-set-equality/takes/take-mrhmharr/source.mp4':
[stderr]   Metadata:
[stderr]     major_brand     : qt  
[stderr]     minor_version   : 0
[stderr]     compatible_brands: qt  
[stderr]     creation_time   : 2026-07-12T09:54:07.000000Z
[stderr]   Duration: 00:06:08.94, start: 0.000000, bitrate: 2946 kb/s
[stderr]   Stream #0:0[0x1](und): Video: hevc (Main) (hvc1 / 0x31637668), yuv420p(tv, smpte170m/bt709/bt709), 640x480, 2834 kb/s, 29.95 fps, 29.83 tbr, 600 tbn (default)
[stderr]       Metadata:
[stderr]         creation_time   : 2026-07-12T09:54:07.000000Z
[stderr]         handler_name    : Core Media Video
[stderr]         vendor_id       : [0][0][0][0]
[stderr]         encoder         : HEVC
[stderr]       Side data:
[stderr]         displaymatrix: rotation of -180.00 degrees
[stderr]   Stream #0:1[0x2](und): Audio: aac (LC) (mp4a / 0x6134706D), 48000 Hz, mono, fltp, 100 kb/s (default)
[stderr]       Metadata:
[stderr]         creation_time   : 2026-07-12T09:54:07.000000Z
[stderr]         handler_name    : Core Media Audio
[stderr]         vendor_id       : [0][0][0][0]
[stderr]   Stream #0:2[0x3](und): Data: none (mebx / 0x7862656D) (default)
[stderr]       Metadata:
[stderr]         creation_time   : 2026-07-12T09:54:07.000000Z
[stderr]         handler_name    : Core Media Metadata
[stderr] Stream mapping:
[stderr]   Stream #0:0 -> #0:0 (hevc (native) -> h264 (libx264))
[stderr]   Stream #0:1 -> #0:1 (aac (native) -> aac (native))
[stderr] Press [q] to stop, [?] for help
[stderr] [libx264 @ 0x15bf17fd0] using cpu capabilities: ARMv8 NEON
[stderr] [libx264 @ 0x15bf17fd0] profile High, level 3.0, 4:2:0, 8-bit
[stderr] [libx264 @ 0x15bf17fd0] 264 - core 164 r3108 31e19f9 - H.264/MPEG-4 AVC codec - Copyleft 2003-2023 - http://www.videolan.org/x264.html - options: cabac=1 ref=1 deblock=1:0:0 analyse=0x3:0x113 me=hex subme=2 psy=1 psy_rd=1.00:0.00 mixed_ref=0 me_range=16 chroma_me=1 trellis=0 8x8dct=1 cqm=0 deadzone=21,11 fast_pskip=1 chroma_qp_offset=0 threads=15 lookahead_threads=3 sliced_threads=0 nr=0 decimate=1 interlaced=0 bluray_compat=0 constrained_intra=0 bframes=3 b_pyramid=2 b_adapt=1 b_bias=0 direct=1 weightb=1 open_gop=0 weightp=1 keyint=250 keyint_min=25 scenecut=40 intra_refresh=0 rc_lookahead=10 rc=crf mbtree=1 crf=18.0 qcomp=0.60 qpmin=0 qpmax=69 qpstep=4 ip_ratio=1.40 aq=1:1.00
[stderr] Output #0, mp4, to '/Users/johndoe/Documents/company/video_ops/scripts/abstract_algebra_in_proof_assistant/sets-v2-04-set-equality/takes/take-mrhmharr/pipeline/cut/cut-mrhswgb9/chunks/chunk-005.mp4':
[stderr]   Metadata:
[stderr]     major_brand     : qt  
[stderr]     minor_version   : 0
[stderr]     compatible_brands: qt  
[stderr]     encoder         : Lavf61.7.100
[stderr]   Stream #0:0(und): Video: h264 (avc1 / 0x31637661), yuv420p(tv, smpte170m/bt709/bt709, progressive), 640x480, q=2-31, 29.83 fps, 11456 tbn (default)
[stderr]       Metadata:
[stderr]         creation_time   : 2026-07-12T09:54:07.000000Z
[stderr]         handler_name    : Core Media Video
[stderr]         vendor_id       : [0][0][0][0]
[stderr]         encoder         : Lavc61.19.100 libx264
[stderr]       Side data:
[stderr]         cpb: bitrate max/min/avg: 0/0/0 buffer size: 0 vbv_delay: N/A
[stderr]   Stream #0:1(und): Audio: aac (LC) (mp4a / 0x6134706D), 48000 Hz, mono, fltp, 69 kb/s (default)
[stderr]       Metadata:
[stderr]         creation_time   : 2026-07-12T09:54:07.000000Z
[stderr]         handler_name    : Core Media Audio
[stderr]         vendor_id       : [0][0][0][0]
[stderr]         encoder         : Lavc61.19.100 aac
[stderr] frame=   14 fps=7.0 q=24.0 size=     256KiB time=00:00:00.40 bitrate=5214.7kbits/s speed= 0.2x    [stderr] [out#0/mp4 @ 0x15bf0ec60] video:3377KiB audio:1KiB subtitle:0KiB other streams:0KiB global headers:0KiB muxing overhead: 0.158568%
[stderr] frame=  112 fps= 51 q=-1.0 Lsize=    3383KiB time=00:00:03.72 bitrate=7448.0kbits/s speed= 1.7x    
[stderr] [libx264 @ 0x15bf17fd0] frame I:1     Avg QP:23.09  size: 64979
[stderr] [libx264 @ 0x15bf17fd0] frame P:44    Avg QP:23.62  size: 45496
[stderr] [libx264 @ 0x15bf17fd0] frame B:67    Avg QP:26.45  size: 20750
[stderr] [libx264 @ 0x15bf17fd0] consecutive B-frames: 13.4% 16.1% 13.4% 57.1%
[stderr] [libx264 @ 0x15bf17fd0] mb I  I16..4:  0.6%  9.8% 89.7%
[stderr] [libx264 @ 0x15bf17fd0] mb P  I16..4:  0.4%  2.9% 11.9%  P16..4: 24.3% 23.0% 37.0%  0.0%  0.0%    skip: 0.4%
[stderr] [libx264 @ 0x15bf17fd0] mb B  I16..4:  0.2%  0.2%  0.2%  B16..8: 30.8% 19.3% 13.6%  direct:21.1%  skip:14.5%  L0:26.3% L1:29.5% BI:44.2%
[stderr] [libx264 @ 0x15bf17fd0] 8x8 transform intra:18.9% inter:33.9%
[stderr] [libx264 @ 0x15bf17fd0] coded y,uvDC,uvAC intra: 95.6% 71.2% 26.9% inter: 65.6% 23.5% 1.3%
[stderr] [libx264 @ 0x15bf17fd0] i16 v,h,dc,p: 26% 23% 38% 13%
[stderr] [libx264 @ 0x15bf17fd0] i8 v,h,dc,ddl,ddr,vr,hd,vl,hu: 20% 22% 14%  2% 10%  9%  9%  7%  7%
[stderr] [libx264 @ 0x15bf17fd0] i4 v,h,dc,ddl,ddr,vr,hd,vl,hu: 14% 16% 14%  4% 16%  8% 11%  6% 10%
[stderr] [libx264 @ 0x15bf17fd0] i8c dc,h,v,p: 51% 22% 20%  7%
[stderr] [libx264 @ 0x15bf17fd0] Weighted P-Frames: Y:27.3% UV:2.3%
[stderr] [libx264 @ 0x15bf17fd0] kb/s:7366.76
[stderr] [aac @ 0x15d238c70] Qavg: 65330.535
[stderr] ffmpeg version 7.1 Copyright (c) 2000-2024 the FFmpeg developers
[stderr]   built with Apple clang version 15.0.0 (clang-1500.1.0.2.5)
[stderr]   configuration: --prefix=/opt/homebrew/Cellar/ffmpeg/7.1_3 --enable-shared --enable-pthreads --enable-version3 --cc=clang --host-cflags= --host-ldflags='-Wl,-ld_classic' --enable-ffplay --enable-gnutls --enable-gpl --enable-libaom --enable-libaribb24 --enable-libbluray --enable-libdav1d --enable-libharfbuzz --enable-libjxl --enable-libmp3lame --enable-libopus --enable-librav1e --enable-librist --enable-librubberband --enable-libsnappy --enable-libsrt --enable-libssh --enable-libsvtav1 --enable-libtesseract --enable-libtheora --enable-libvidstab --enable-libvmaf --enable-libvorbis --enable-libvpx --enable-libwebp --enable-libx264 --enable-libx265 --enable-libxml2 --enable-libxvid --enable-lzma --enable-libfontconfig --enable-libfreetype --enable-frei0r --enable-libass --enable-libopencore-amrnb --enable-libopencore-amrwb --enable-libopenjpeg --enable-libspeex --enable-libsoxr --enable-libzmq --enable-libzimg --disable-libjack --disable-indev=jack --enable-videotoolbox --enable-audiotoolbox --enable-neon
[stderr]   libavutil      59. 39.100 / 59. 39.100
[stderr]   libavcodec     61. 19.100 / 61. 19.100
[stderr]   libavformat    61.  7.100 / 61.  7.100
[stderr]   libavdevice    61.  3.100 / 61.  3.100
[stderr]   libavfilter    10.  4.100 / 10.  4.100
[stderr]   libswscale      8.  3.100 /  8.  3.100
[stderr]   libswresample   5.  3.100 /  5.  3.100
[stderr]   libpostproc    58.  3.100 / 58.  3.100
[stderr] Input #0, mov,mp4,m4a,3gp,3g2,mj2, from '/Users/johndoe/Documents/company/video_ops/scripts/abstract_algebra_in_proof_assistant/sets-v2-04-set-equality/takes/take-mrhmharr/source.mp4':
[stderr]   Metadata:
[stderr]     major_brand     : qt  
[stderr]     minor_version   : 0
[stderr]     compatible_brands: qt  
[stderr]     creation_time   : 2026-07-12T09:54:07.000000Z
[stderr]   Duration: 00:06:08.94, start: 0.000000, bitrate: 2946 kb/s
[stderr]   Stream #0:0[0x1](und): Video: hevc (Main) (hvc1 / 0x31637668), yuv420p(tv, smpte170m/bt709/bt709), 640x480, 2834 kb/s, 29.95 fps, 29.83 tbr, 600 tbn (default)
[stderr]       Metadata:
[stderr]         creation_time   : 2026-07-12T09:54:07.000000Z
[stderr]         handler_name    : Core Media Video
[stderr]         vendor_id       : [0][0][0][0]
[stderr]         encoder         : HEVC
[stderr]       Side data:
[stderr]         displaymatrix: rotation of -180.00 degrees
[stderr]   Stream #0:1[0x2](und): Audio: aac (LC) (mp4a / 0x6134706D), 48000 Hz, mono, fltp, 100 kb/s (default)
[stderr]       Metadata:
[stderr]         creation_time   : 2026-07-12T09:54:07.000000Z
[stderr]         handler_name    : Core Media Audio
[stderr]         vendor_id       : [0][0][0][0]
[stderr]   Stream #0:2[0x3](und): Data: none (mebx / 0x7862656D) (default)
[stderr]       Metadata:
[stderr]         creation_time   : 2026-07-12T09:54:07.000000Z
[stderr]         handler_name    : Core Media Metadata
[stderr] Stream mapping:
[stderr]   Stream #0:0 -> #0:0 (hevc (native) -> h264 (libx264))
[stderr]   Stream #0:1 -> #0:1 (aac (native) -> aac (native))
[stderr] Press [q] to stop, [?] for help
[stderr] [libx264 @ 0x147211f10] using cpu capabilities: ARMv8 NEON
[stderr] [libx264 @ 0x147211f10] profile High, level 3.0, 4:2:0, 8-bit
[stderr] [libx264 @ 0x147211f10] 264 - core 164 r3108 31e19f9 - H.264/MPEG-4 AVC codec - Copyleft 2003-2023 - http://www.videolan.org/x264.html - options: cabac=1 ref=1 deblock=1:0:0 analyse=0x3:0x113 me=hex subme=2 psy=1 psy_rd=1.00:0.00 mixed_ref=0 me_range=16 chroma_me=1 trellis=0 8x8dct=1 cqm=0 deadzone=21,11 fast_pskip=1 chroma_qp_offset=0 threads=15 lookahead_threads=3 sliced_threads=0 nr=0 decimate=1 interlaced=0 bluray_compat=0 constrained_intra=0 bframes=3 b_pyramid=2 b_adapt=1 b_bias=0 direct=1 weightb=1 open_gop=0 weightp=1 keyint=250 keyint_min=25 scenecut=40 intra_refresh=0 rc_lookahead=10 rc=crf mbtree=1 crf=18.0 qcomp=0.60 qpmin=0 qpmax=69 qpstep=4 ip_ratio=1.40 aq=1:1.00
[stderr] Output #0, mp4, to '/Users/johndoe/Documents/company/video_ops/scripts/abstract_algebra_in_proof_assistant/sets-v2-04-set-equality/takes/take-mrhmharr/pipeline/cut/cut-mrhswgb9/chunks/chunk-006.mp4':
[stderr]   Metadata:
[stderr]     major_brand     : qt  
[stderr]     minor_version   : 0
[stderr]     compatible_brands: qt  
[stderr]     encoder         : Lavf61.7.100
[stderr]   Stream #0:0(und): Video: h264 (avc1 / 0x31637661), yuv420p(tv, smpte170m/bt709/bt709, progressive), 640x480, q=2-31, 29.83 fps, 11456 tbn (default)
[stderr]       Metadata:
[stderr]         creation_time   : 2026-07-12T09:54:07.000000Z
[stderr]         handler_name    : Core Media Video
[stderr]         vendor_id       : [0][0][0][0]
[stderr]         encoder         : Lavc61.19.100 libx264
[stderr]       Side data:
[stderr]         cpb: bitrate max/min/avg: 0/0/0 buffer size: 0 vbv_delay: N/A
[stderr]   Stream #0:1(und): Audio: aac (LC) (mp4a / 0x6134706D), 48000 Hz, mono, fltp, 69 kb/s (default)
[stderr]       Metadata:
[stderr]         creation_time   : 2026-07-12T09:54:07.000000Z
[stderr]         handler_name    : Core Media Audio
[stderr]         vendor_id       : [0][0][0][0]
[stderr]         encoder         : Lavc61.19.100 aac
[stderr] frame=  129 fps= 43 q=24.0 size=    3840KiB time=00:00:04.25 bitrate=7389.7kbits/s speed=1.41x    [stderr] frame=  326 fps= 93 q=24.0 size=    9728KiB time=00:00:10.86 bitrate=7337.9kbits/s dup=0 drop=1 speed=3.09x    [stderr] frame=  520 fps=129 q=24.0 size=   13568KiB time=00:00:17.36 bitrate=6401.5kbits/s dup=0 drop=2 speed=4.32x    [stderr] [out#0/mp4 @ 0x1472075f0] video:16592KiB audio:4KiB subtitle:0KiB other streams:0KiB global headers:0KiB muxing overhead: 0.156710%
[stderr] frame=  701 fps=160 q=-1.0 Lsize=   16622KiB time=00:00:23.43 bitrate=5811.7kbits/s dup=0 drop=3 speed=5.34x    
[stderr] [libx264 @ 0x147211f10] frame I:4     Avg QP:19.58  size: 47646
[stderr] [libx264 @ 0x147211f10] frame P:268   Avg QP:21.30  size: 36541
[stderr] [libx264 @ 0x147211f10] frame B:429   Avg QP:25.23  size: 16330
[stderr] [libx264 @ 0x147211f10] consecutive B-frames: 11.6% 16.8% 11.1% 60.5%
[stderr] [libx264 @ 0x147211f10] mb I  I16..4: 11.9%  9.6% 78.5%
[stderr] [libx264 @ 0x147211f10] mb P  I16..4:  9.5%  4.9% 13.4%  P16..4: 19.5% 18.5% 28.2%  0.0%  0.0%    skip: 6.1%
[stderr] [libx264 @ 0x147211f10] mb B  I16..4:  1.5%  0.6%  1.1%  B16..8: 28.3% 16.9% 11.3%  direct:16.2%  skip:24.1%  L0:27.1% L1:29.6% BI:43.3%
[stderr] [libx264 @ 0x147211f10] 8x8 transform intra:17.4% inter:34.7%
[stderr] [libx264 @ 0x147211f10] coded y,uvDC,uvAC intra: 63.2% 54.9% 28.8% inter: 53.9% 24.2% 2.8%
[stderr] [libx264 @ 0x147211f10] i16 v,h,dc,p: 82%  8%  7%  3%
[stderr] [libx264 @ 0x147211f10] i8 v,h,dc,ddl,ddr,vr,hd,vl,hu: 28% 16% 19%  3%  7%  8%  6%  7%  6%
[stderr] [libx264 @ 0x147211f10] i4 v,h,dc,ddl,ddr,vr,hd,vl,hu: 17% 17% 14%  4% 14%  9%  9%  7% 10%
[stderr] [libx264 @ 0x147211f10] i8c dc,h,v,p: 62% 15% 16%  6%
[stderr] [libx264 @ 0x147211f10] Weighted P-Frames: Y:16.4% UV:2.6%
[stderr] [libx264 @ 0x147211f10] kb/s:5784.26
[stderr] [aac @ 0x147332630] Qavg: 65502.871
[stderr] ffmpeg version 7.1 Copyright (c) 2000-2024 the FFmpeg developers
[stderr]   built with Apple clang version 15.0.0 (clang-1500.1.0.2.5)
[stderr]   configuration: --prefix=/opt/homebrew/Cellar/ffmpeg/7.1_3 --enable-shared --enable-pthreads --enable-version3 --cc=clang --host-cflags= --host-ldflags='-Wl,-ld_classic' --enable-ffplay --enable-gnutls --enable-gpl --enable-libaom --enable-libaribb24 --enable-libbluray --enable-libdav1d --enable-libharfbuzz --enable-libjxl --enable-libmp3lame --enable-libopus --enable-librav1e --enable-librist --enable-librubberband --enable-libsnappy --enable-libsrt --enable-libssh --enable-libsvtav1 --enable-libtesseract --enable-libtheora --enable-libvidstab --enable-libvmaf --enable-libvorbis --enable-libvpx --enable-libwebp --enable-libx264 --enable-libx265 --enable-libxml2 --enable-libxvid --enable-lzma --enable-libfontconfig --enable-libfreetype --enable-frei0r --enable-libass --enable-libopencore-amrnb --enable-libopencore-amrwb --enable-libopenjpeg --enable-libspeex --enable-libsoxr --enable-libzmq --enable-libzimg --disable-libjack --disable-indev=jack --enable-videotoolbox --enable-audiotoolbox --enable-neon
[stderr]   libavutil      59. 39.100 / 59. 39.100
[stderr]   libavcodec     61. 19.100 / 61. 19.100
[stderr]   libavformat    61.  7.100 / 61.  7.100
[stderr]   libavdevice    61.  3.100 / 61.  3.100
[stderr]   libavfilter    10.  4.100 / 10.  4.100
[stderr]   libswscale      8.  3.100 /  8.  3.100
[stderr]   libswresample   5.  3.100 /  5.  3.100
[stderr]   libpostproc    58.  3.100 / 58.  3.100
[stderr] Input #0, mov,mp4,m4a,3gp,3g2,mj2, from '/Users/johndoe/Documents/company/video_ops/scripts/abstract_algebra_in_proof_assistant/sets-v2-04-set-equality/takes/take-mrhmharr/source.mp4':
[stderr]   Metadata:
[stderr]     major_brand     : qt  
[stderr]     minor_version   : 0
[stderr]     compatible_brands: qt  
[stderr]     creation_time   : 2026-07-12T09:54:07.000000Z
[stderr]   Duration: 00:06:08.94, start: 0.000000, bitrate: 2946 kb/s
[stderr]   Stream #0:0[0x1](und): Video: hevc (Main) (hvc1 / 0x31637668), yuv420p(tv, smpte170m/bt709/bt709), 640x480, 2834 kb/s, 29.95 fps, 29.83 tbr, 600 tbn (default)
[stderr]       Metadata:
[stderr]         creation_time   : 2026-07-12T09:54:07.000000Z
[stderr]         handler_name    : Core Media Video
[stderr]         vendor_id       : [0][0][0][0]
[stderr]         encoder         : HEVC
[stderr]       Side data:
[stderr]         displaymatrix: rotation of -180.00 degrees
[stderr]   Stream #0:1[0x2](und): Audio: aac (LC) (mp4a / 0x6134706D), 48000 Hz, mono, fltp, 100 kb/s (default)
[stderr]       Metadata:
[stderr]         creation_time   : 2026-07-12T09:54:07.000000Z
[stderr]         handler_name    : Core Media Audio
[stderr]         vendor_id       : [0][0][0][0]
[stderr]   Stream #0:2[0x3](und): Data: none (mebx / 0x7862656D) (default)
[stderr]       Metadata:
[stderr]         creation_time   : 2026-07-12T09:54:07.000000Z
[stderr]         handler_name    : Core Media Metadata
[stderr] Stream mapping:
[stderr]   Stream #0:0 -> #0:0 (hevc (native) -> h264 (libx264))
[stderr]   Stream #0:1 -> #0:1 (aac (native) -> aac (native))
[stderr] Press [q] to stop, [?] for help
[stderr] [libx264 @ 0x1450083d0] using cpu capabilities: ARMv8 NEON
[stderr] [libx264 @ 0x1450083d0] profile High, level 3.0, 4:2:0, 8-bit
[stderr] [libx264 @ 0x1450083d0] 264 - core 164 r3108 31e19f9 - H.264/MPEG-4 AVC codec - Copyleft 2003-2023 - http://www.videolan.org/x264.html - options: cabac=1 ref=1 deblock=1:0:0 analyse=0x3:0x113 me=hex subme=2 psy=1 psy_rd=1.00:0.00 mixed_ref=0 me_range=16 chroma_me=1 trellis=0 8x8dct=1 cqm=0 deadzone=21,11 fast_pskip=1 chroma_qp_offset=0 threads=15 lookahead_threads=3 sliced_threads=0 nr=0 decimate=1 interlaced=0 bluray_compat=0 constrained_intra=0 bframes=3 b_pyramid=2 b_adapt=1 b_bias=0 direct=1 weightb=1 open_gop=0 weightp=1 keyint=250 keyint_min=25 scenecut=40 intra_refresh=0 rc_lookahead=10 rc=crf mbtree=1 crf=18.0 qcomp=0.60 qpmin=0 qpmax=69 qpstep=4 ip_ratio=1.40 aq=1:1.00
[stderr] Output #0, mp4, to '/Users/johndoe/Documents/company/video_ops/scripts/abstract_algebra_in_proof_assistant/sets-v2-04-set-equality/takes/take-mrhmharr/pipeline/cut/cut-mrhswgb9/chunks/chunk-007.mp4':
[stderr]   Metadata:
[stderr]     major_brand     : qt  
[stderr]     minor_version   : 0
[stderr]     compatible_brands: qt  
[stderr]     encoder         : Lavf61.7.100
[stderr]   Stream #0:0(und): Video: h264 (avc1 / 0x31637661), yuv420p(tv, smpte170m/bt709/bt709, progressive), 640x480, q=2-31, 29.83 fps, 11456 tbn (default)
[stderr]       Metadata:
[stderr]         creation_time   : 2026-07-12T09:54:07.000000Z
[stderr]         handler_name    : Core Media Video
[stderr]         vendor_id       : [0][0][0][0]
[stderr]         encoder         : Lavc61.19.100 libx264
[stderr]       Side data:
[stderr]         cpb: bitrate max/min/avg: 0/0/0 buffer size: 0 vbv_delay: N/A
[stderr]   Stream #0:1(und): Audio: aac (LC) (mp4a / 0x6134706D), 48000 Hz, mono, fltp, 69 kb/s (default)
[stderr]       Metadata:
[stderr]         creation_time   : 2026-07-12T09:54:07.000000Z
[stderr]         handler_name    : Core Media Audio
[stderr]         vendor_id       : [0][0][0][0]
[stderr]         encoder         : Lavc61.19.100 aac
[stderr] frame=  150 fps= 50 q=24.0 size=    3072KiB time=00:00:04.92 bitrate=5107.4kbits/s speed=1.63x    [stderr] frame=  326 fps= 93 q=24.0 size=    7168KiB time=00:00:10.82 bitrate=5423.6kbits/s speed=3.08x    [stderr] frame=  514 fps=128 q=24.0 size=   12032KiB time=00:00:17.16 bitrate=5743.3kbits/s speed=4.27x    [stderr] [out#0/mp4 @ 0x145007480] video:15546KiB audio:4KiB subtitle:0KiB other streams:0KiB global headers:0KiB muxing overhead: 0.155852%
[stderr] frame=  642 fps=149 q=-1.0 Lsize=   15574KiB time=00:00:21.45 bitrate=5947.1kbits/s speed=4.99x    
[stderr] [libx264 @ 0x1450083d0] frame I:5     Avg QP:19.43  size: 56312
[stderr] [libx264 @ 0x1450083d0] frame P:182   Avg QP:22.16  size: 40858
[stderr] [libx264 @ 0x1450083d0] frame B:455   Avg QP:25.00  size: 18022
[stderr] [libx264 @ 0x1450083d0] consecutive B-frames:  3.0%  5.9%  5.1% 86.0%
[stderr] [libx264 @ 0x1450083d0] mb I  I16..4: 10.1%  7.2% 82.7%
[stderr] [libx264 @ 0x1450083d0] mb P  I16..4:  5.8%  6.4% 22.3%  P16..4: 15.9% 17.7% 29.8%  0.0%  0.0%    skip: 2.0%
[stderr] [libx264 @ 0x1450083d0] mb B  I16..4:  1.3%  0.6%  1.0%  B16..8: 28.7% 17.5% 14.6%  direct:16.4%  skip:19.9%  L0:27.3% L1:31.5% BI:41.2%
[stderr] [libx264 @ 0x1450083d0] 8x8 transform intra:18.1% inter:31.1%
[stderr] [libx264 @ 0x1450083d0] coded y,uvDC,uvAC intra: 77.3% 67.1% 37.8% inter: 53.4% 27.4% 3.8%
[stderr] [libx264 @ 0x1450083d0] i16 v,h,dc,p: 77% 14%  7%  3%
[stderr] [libx264 @ 0x1450083d0] i8 v,h,dc,ddl,ddr,vr,hd,vl,hu: 24% 16% 17%  3% 11%  9%  8%  6%  7%
[stderr] [libx264 @ 0x1450083d0] i4 v,h,dc,ddl,ddr,vr,hd,vl,hu: 16% 17% 15%  4% 13%  8%  9%  7% 10%
[stderr] [libx264 @ 0x1450083d0] i8c dc,h,v,p: 57% 17% 18%  8%
[stderr] [libx264 @ 0x1450083d0] Weighted P-Frames: Y:18.7% UV:3.3%
[stderr] [libx264 @ 0x1450083d0] kb/s:5917.59
[stderr] [aac @ 0x144769560] Qavg: 65499.754
[stderr] ffmpeg version 7.1 Copyright (c) 2000-2024 the FFmpeg developers
[stderr]   built with Apple clang version 15.0.0 (clang-1500.1.0.2.5)
[stderr]   configuration: --prefix=/opt/homebrew/Cellar/ffmpeg/7.1_3 --enable-shared --enable-pthreads --enable-version3 --cc=clang --host-cflags= --host-ldflags='-Wl,-ld_classic' --enable-ffplay --enable-gnutls --enable-gpl --enable-libaom --enable-libaribb24 --enable-libbluray --enable-libdav1d --enable-libharfbuzz --enable-libjxl --enable-libmp3lame --enable-libopus --enable-librav1e --enable-librist --enable-librubberband --enable-libsnappy --enable-libsrt --enable-libssh --enable-libsvtav1 --enable-libtesseract --enable-libtheora --enable-libvidstab --enable-libvmaf --enable-libvorbis --enable-libvpx --enable-libwebp --enable-libx264 --enable-libx265 --enable-libxml2 --enable-libxvid --enable-lzma --enable-libfontconfig --enable-libfreetype --enable-frei0r --enable-libass --enable-libopencore-amrnb --enable-libopencore-amrwb --enable-libopenjpeg --enable-libspeex --enable-libsoxr --enable-libzmq --enable-libzimg --disable-libjack --disable-indev=jack --enable-videotoolbox --enable-audiotoolbox --enable-neon
[stderr]   libavutil      59. 39.100 / 59. 39.100
[stderr]   libavcodec     61. 19.100 / 61. 19.100
[stderr]   libavformat    61.  7.100 / 61.  7.100
[stderr]   libavdevice    61.  3.100 / 61.  3.100
[stderr]   libavfilter    10.  4.100 / 10.  4.100
[stderr]   libswscale      8.  3.100 /  8.  3.100
[stderr]   libswresample   5.  3.100 /  5.  3.100
[stderr]   libpostproc    58.  3.100 / 58.  3.100
[stderr] Input #0, mov,mp4,m4a,3gp,3g2,mj2, from '/Users/johndoe/Documents/company/video_ops/scripts/abstract_algebra_in_proof_assistant/sets-v2-04-set-equality/takes/take-mrhmharr/source.mp4':
[stderr]   Metadata:
[stderr]     major_brand     : qt  
[stderr]     minor_version   : 0
[stderr]     compatible_brands: qt  
[stderr]     creation_time   : 2026-07-12T09:54:07.000000Z
[stderr]   Duration: 00:06:08.94, start: 0.000000, bitrate: 2946 kb/s
[stderr]   Stream #0:0[0x1](und): Video: hevc (Main) (hvc1 / 0x31637668), yuv420p(tv, smpte170m/bt709/bt709), 640x480, 2834 kb/s, 29.95 fps, 29.83 tbr, 600 tbn (default)
[stderr]       Metadata:
[stderr]         creation_time   : 2026-07-12T09:54:07.000000Z
[stderr]         handler_name    : Core Media Video
[stderr]         vendor_id       : [0][0][0][0]
[stderr]         encoder         : HEVC
[stderr]       Side data:
[stderr]         displaymatrix: rotation of -180.00 degrees
[stderr]   Stream #0:1[0x2](und): Audio: aac (LC) (mp4a / 0x6134706D), 48000 Hz, mono, fltp, 100 kb/s (default)
[stderr]       Metadata:
[stderr]         creation_time   : 2026-07-12T09:54:07.000000Z
[stderr]         handler_name    : Core Media Audio
[stderr]         vendor_id       : [0][0][0][0]
[stderr]   Stream #0:2[0x3](und): Data: none (mebx / 0x7862656D) (default)
[stderr]       Metadata:
[stderr]         creation_time   : 2026-07-12T09:54:07.000000Z
[stderr]         handler_name    : Core Media Metadata
[stderr] Stream mapping:
[stderr]   Stream #0:0 -> #0:0 (hevc (native) -> h264 (libx264))
[stderr]   Stream #0:1 -> #0:1 (aac (native) -> aac (native))
[stderr] Press [q] to stop, [?] for help
[stderr] [libx264 @ 0x125720ba0] using cpu capabilities: ARMv8 NEON
[stderr] [libx264 @ 0x125720ba0] profile High, level 3.0, 4:2:0, 8-bit
[stderr] [libx264 @ 0x125720ba0] 264 - core 164 r3108 31e19f9 - H.264/MPEG-4 AVC codec - Copyleft 2003-2023 - http://www.videolan.org/x264.html - options: cabac=1 ref=1 deblock=1:0:0 analyse=0x3:0x113 me=hex subme=2 psy=1 psy_rd=1.00:0.00 mixed_ref=0 me_range=16 chroma_me=1 trellis=0 8x8dct=1 cqm=0 deadzone=21,11 fast_pskip=1 chroma_qp_offset=0 threads=15 lookahead_threads=3 sliced_threads=0 nr=0 decimate=1 interlaced=0 bluray_compat=0 constrained_intra=0 bframes=3 b_pyramid=2 b_adapt=1 b_bias=0 direct=1 weightb=1 open_gop=0 weightp=1 keyint=250 keyint_min=25 scenecut=40 intra_refresh=0 rc_lookahead=10 rc=crf mbtree=1 crf=18.0 qcomp=0.60 qpmin=0 qpmax=69 qpstep=4 ip_ratio=1.40 aq=1:1.00
[stderr] Output #0, mp4, to '/Users/johndoe/Documents/company/video_ops/scripts/abstract_algebra_in_proof_assistant/sets-v2-04-set-equality/takes/take-mrhmharr/pipeline/cut/cut-mrhswgb9/chunks/chunk-008.mp4':
[stderr]   Metadata:
[stderr]     major_brand     : qt  
[stderr]     minor_version   : 0
[stderr]     compatible_brands: qt  
[stderr]     encoder         : Lavf61.7.100
[stderr]   Stream #0:0(und): Video: h264 (avc1 / 0x31637661), yuv420p(tv, smpte170m/bt709/bt709, progressive), 640x480, q=2-31, 29.83 fps, 11456 tbn (default)
[stderr]       Metadata:
[stderr]         creation_time   : 2026-07-12T09:54:07.000000Z
[stderr]         handler_name    : Core Media Video
[stderr]         vendor_id       : [0][0][0][0]
[stderr]         encoder         : Lavc61.19.100 libx264
[stderr]       Side data:
[stderr]         cpb: bitrate max/min/avg: 0/0/0 buffer size: 0 vbv_delay: N/A
[stderr]   Stream #0:1(und): Audio: aac (LC) (mp4a / 0x6134706D), 48000 Hz, mono, fltp, 69 kb/s (default)
[stderr]       Metadata:
[stderr]         creation_time   : 2026-07-12T09:54:07.000000Z
[stderr]         handler_name    : Core Media Audio
[stderr]         vendor_id       : [0][0][0][0]
[stderr]         encoder         : Lavc61.19.100 aac
[stderr] frame=  196 fps= 56 q=24.0 size=    5376KiB time=00:00:06.50 bitrate=6772.6kbits/s speed=1.85x    [stderr] frame=  434 fps=108 q=24.0 size=   11520KiB time=00:00:14.48 bitrate=6517.2kbits/s speed= 3.6x    [stderr] [out#0/mp4 @ 0x12571fe00] video:12993KiB audio:3KiB subtitle:0KiB other streams:0KiB global headers:0KiB muxing overhead: 0.145295%
[stderr] frame=  494 fps=120 q=-1.0 Lsize=   13015KiB time=00:00:16.49 bitrate=6465.1kbits/s speed=   4x    
[stderr] [libx264 @ 0x125720ba0] frame I:5     Avg QP:20.93  size: 49915
[stderr] [libx264 @ 0x125720ba0] frame P:160   Avg QP:23.00  size: 39680
[stderr] [libx264 @ 0x125720ba0] frame B:329   Avg QP:25.44  size: 20383
[stderr] [libx264 @ 0x125720ba0] consecutive B-frames:  6.9% 10.9%  6.1% 76.1%
[stderr] [libx264 @ 0x125720ba0] mb I  I16..4:  4.1% 12.1% 83.8%
[stderr] [libx264 @ 0x125720ba0] mb P  I16..4:  3.2%  8.7% 29.1%  P16..4: 15.7% 17.1% 25.4%  0.0%  0.0%    skip: 0.9%
[stderr] [libx264 @ 0x125720ba0] mb B  I16..4:  0.8%  2.2%  3.7%  B16..8: 28.5% 20.5% 15.0%  direct:16.9%  skip:12.3%  L0:30.6% L1:31.1% BI:38.2%
[stderr] [libx264 @ 0x125720ba0] 8x8 transform intra:23.5% inter:36.3%
[stderr] [libx264 @ 0x125720ba0] coded y,uvDC,uvAC intra: 89.0% 78.7% 43.3% inter: 61.8% 34.7% 4.8%
[stderr] [libx264 @ 0x125720ba0] i16 v,h,dc,p: 62% 12% 18%  9%
[stderr] [libx264 @ 0x125720ba0] i8 v,h,dc,ddl,ddr,vr,hd,vl,hu: 24% 17% 15%  3%  8%  9%  7%  8%  9%
[stderr] [libx264 @ 0x125720ba0] i4 v,h,dc,ddl,ddr,vr,hd,vl,hu: 15% 18% 13%  4% 14%  9% 10%  7% 10%
[stderr] [libx264 @ 0x125720ba0] i8c dc,h,v,p: 48% 21% 21% 11%
[stderr] [libx264 @ 0x125720ba0] Weighted P-Frames: Y:20.0% UV:6.2%
[stderr] [libx264 @ 0x125720ba0] kb/s:6427.71
[stderr] [aac @ 0x126834280] Qavg: 65488.934
[stderr] ffmpeg version 7.1 Copyright (c) 2000-2024 the FFmpeg developers
[stderr]   built with Apple clang version 15.0.0 (clang-1500.1.0.2.5)
[stderr]   configuration: --prefix=/opt/homebrew/Cellar/ffmpeg/7.1_3 --enable-shared --enable-pthreads --enable-version3 --cc=clang --host-cflags= --host-ldflags='-Wl,-ld_classic' --enable-ffplay --enable-gnutls --enable-gpl --enable-libaom --enable-libaribb24 --enable-libbluray --enable-libdav1d --enable-libharfbuzz --enable-libjxl --enable-libmp3lame --enable-libopus --enable-librav1e --enable-librist --enable-librubberband --enable-libsnappy --enable-libsrt --enable-libssh --enable-libsvtav1 --enable-libtesseract --enable-libtheora --enable-libvidstab --enable-libvmaf --enable-libvorbis --enable-libvpx --enable-libwebp --enable-libx264 --enable-libx265 --enable-libxml2 --enable-libxvid --enable-lzma --enable-libfontconfig --enable-libfreetype --enable-frei0r --enable-libass --enable-libopencore-amrnb --enable-libopencore-amrwb --enable-libopenjpeg --enable-libspeex --enable-libsoxr --enable-libzmq --enable-libzimg --disable-libjack --disable-indev=jack --enable-videotoolbox --enable-audiotoolbox --enable-neon
[stderr]   libavutil      59. 39.100 / 59. 39.100
[stderr]   libavcodec     61. 19.100 / 61. 19.100
[stderr]   libavformat    61.  7.100 / 61.  7.100
[stderr]   libavdevice    61.  3.100 / 61.  3.100
[stderr]   libavfilter    10.  4.100 / 10.  4.100
[stderr]   libswscale      8.  3.100 /  8.  3.100
[stderr]   libswresample   5.  3.100 /  5.  3.100
[stderr]   libpostproc    58.  3.100 / 58.  3.100
[stderr] Input #0, mov,mp4,m4a,3gp,3g2,mj2, from '/Users/johndoe/Documents/company/video_ops/scripts/abstract_algebra_in_proof_assistant/sets-v2-04-set-equality/takes/take-mrhmharr/source.mp4':
[stderr]   Metadata:
[stderr]     major_brand     : qt  
[stderr]     minor_version   : 0
[stderr]     compatible_brands: qt  
[stderr]     creation_time   : 2026-07-12T09:54:07.000000Z
[stderr]   Duration: 00:06:08.94, start: 0.000000, bitrate: 2946 kb/s
[stderr]   Stream #0:0[0x1](und): Video: hevc (Main) (hvc1 / 0x31637668), yuv420p(tv, smpte170m/bt709/bt709), 640x480, 2834 kb/s, 29.95 fps, 29.83 tbr, 600 tbn (default)
[stderr]       Metadata:
[stderr]         creation_time   : 2026-07-12T09:54:07.000000Z
[stderr]         handler_name    : Core Media Video
[stderr]         vendor_id       : [0][0][0][0]
[stderr]         encoder         : HEVC
[stderr]       Side data:
[stderr]         displaymatrix: rotation of -180.00 degrees
[stderr]   Stream #0:1[0x2](und): Audio: aac (LC) (mp4a / 0x6134706D), 48000 Hz, mono, fltp, 100 kb/s (default)
[stderr]       Metadata:
[stderr]         creation_time   : 2026-07-12T09:54:07.000000Z
[stderr]         handler_name    : Core Media Audio
[stderr]         vendor_id       : [0][0][0][0]
[stderr]   Stream #0:2[0x3](und): Data: none (mebx / 0x7862656D) (default)
[stderr]       Metadata:
[stderr]         creation_time   : 2026-07-12T09:54:07.000000Z
[stderr]         handler_name    : Core Media Metadata
[stderr] Stream mapping:
[stderr]   Stream #0:0 -> #0:0 (hevc (native) -> h264 (libx264))
[stderr]   Stream #0:1 -> #0:1 (aac (native) -> aac (native))
[stderr] Press [q] to stop, [?] for help
[stderr] [libx264 @ 0x14a6187e0] using cpu capabilities: ARMv8 NEON
[stderr] [libx264 @ 0x14a6187e0] profile High, level 3.0, 4:2:0, 8-bit
[stderr] [libx264 @ 0x14a6187e0] 264 - core 164 r3108 31e19f9 - H.264/MPEG-4 AVC codec - Copyleft 2003-2023 - http://www.videolan.org/x264.html - options: cabac=1 ref=1 deblock=1:0:0 analyse=0x3:0x113 me=hex subme=2 psy=1 psy_rd=1.00:0.00 mixed_ref=0 me_range=16 chroma_me=1 trellis=0 8x8dct=1 cqm=0 deadzone=21,11 fast_pskip=1 chroma_qp_offset=0 threads=15 lookahead_threads=3 sliced_threads=0 nr=0 decimate=1 interlaced=0 bluray_compat=0 constrained_intra=0 bframes=3 b_pyramid=2 b_adapt=1 b_bias=0 direct=1 weightb=1 open_gop=0 weightp=1 keyint=250 keyint_min=25 scenecut=40 intra_refresh=0 rc_lookahead=10 rc=crf mbtree=1 crf=18.0 qcomp=0.60 qpmin=0 qpmax=69 qpstep=4 ip_ratio=1.40 aq=1:1.00
[stderr] Output #0, mp4, to '/Users/johndoe/Documents/company/video_ops/scripts/abstract_algebra_in_proof_assistant/sets-v2-04-set-equality/takes/take-mrhmharr/pipeline/cut/cut-mrhswgb9/chunks/chunk-009.mp4':
[stderr]   Metadata:
[stderr]     major_brand     : qt  
[stderr]     minor_version   : 0
[stderr]     compatible_brands: qt  
[stderr]     encoder         : Lavf61.7.100
[stderr]   Stream #0:0(und): Video: h264 (avc1 / 0x31637661), yuv420p(tv, smpte170m/bt709/bt709, progressive), 640x480, q=2-31, 29.83 fps, 11456 tbn (default)
[stderr]       Metadata:
[stderr]         creation_time   : 2026-07-12T09:54:07.000000Z
[stderr]         handler_name    : Core Media Video
[stderr]         vendor_id       : [0][0][0][0]
[stderr]         encoder         : Lavc61.19.100 libx264
[stderr]       Side data:
[stderr]         cpb: bitrate max/min/avg: 0/0/0 buffer size: 0 vbv_delay: N/A
[stderr]   Stream #0:1(und): Audio: aac (LC) (mp4a / 0x6134706D), 48000 Hz, mono, fltp, 69 kb/s (default)
[stderr]       Metadata:
[stderr]         creation_time   : 2026-07-12T09:54:07.000000Z
[stderr]         handler_name    : Core Media Audio
[stderr]         vendor_id       : [0][0][0][0]
[stderr]         encoder         : Lavc61.19.100 aac
[stderr] frame=   30 fps=8.5 q=24.0 size=     512KiB time=N/A bitrate=N/A speed=N/A    [stderr] [out#0/mp4 @ 0x14a60f470] video:1106KiB audio:0KiB subtitle:0KiB other streams:0KiB global headers:0KiB muxing overhead: 0.327985%
[stderr] frame=   63 fps= 18 q=-1.0 Lsize=    1110KiB time=00:00:02.04 bitrate=4447.4kbits/s speed=0.577x    
[stderr] [libx264 @ 0x14a6187e0] frame I:1     Avg QP:19.83  size: 48347
[stderr] [libx264 @ 0x14a6187e0] frame P:23    Avg QP:20.46  size: 30975
[stderr] [libx264 @ 0x14a6187e0] frame B:39    Avg QP:24.86  size:  9516
[stderr] [libx264 @ 0x14a6187e0] consecutive B-frames:  9.5% 19.0% 14.3% 57.1%
[stderr] [libx264 @ 0x14a6187e0] mb I  I16..4: 14.8%  8.8% 76.3%
[stderr] [libx264 @ 0x14a6187e0] mb P  I16..4: 13.2%  3.0%  4.9%  P16..4: 23.9% 21.5% 31.0%  0.0%  0.0%    skip: 2.6%
[stderr] [libx264 @ 0x14a6187e0] mb B  I16..4:  3.3%  0.2%  0.1%  B16..8: 30.2% 16.4%  6.7%  direct:15.1%  skip:28.0%  L0:25.0% L1:33.8% BI:41.2%
[stderr] [libx264 @ 0x14a6187e0] 8x8 transform intra:11.7% inter:30.2%
[stderr] [libx264 @ 0x14a6187e0] coded y,uvDC,uvAC intra: 39.1% 37.4% 24.2% inter: 46.0% 20.3% 3.7%
[stderr] [libx264 @ 0x14a6187e0] i16 v,h,dc,p: 85%  5% 10%  1%
[stderr] [libx264 @ 0x14a6187e0] i8 v,h,dc,ddl,ddr,vr,hd,vl,hu: 27% 14% 24%  2%  7%  7%  6%  7%  6%
[stderr] [libx264 @ 0x14a6187e0] i4 v,h,dc,ddl,ddr,vr,hd,vl,hu: 18% 18% 16%  4% 12%  7% 10%  7%  9%
[stderr] [libx264 @ 0x14a6187e0] i8c dc,h,v,p: 75%  9% 12%  5%
[stderr] [libx264 @ 0x14a6187e0] Weighted P-Frames: Y:21.7% UV:0.0%
[stderr] [libx264 @ 0x14a6187e0] kb/s:4287.95
[stderr] [aac @ 0x14b2247b0] Qavg: 65166.574
[stderr] ffmpeg version 7.1 Copyright (c) 2000-2024 the FFmpeg developers
[stderr]   built with Apple clang version 15.0.0 (clang-1500.1.0.2.5)
[stderr]   configuration: --prefix=/opt/homebrew/Cellar/ffmpeg/7.1_3 --enable-shared --enable-pthreads --enable-version3 --cc=clang --host-cflags= --host-ldflags='-Wl,-ld_classic' --enable-ffplay --enable-gnutls --enable-gpl --enable-libaom --enable-libaribb24 --enable-libbluray --enable-libdav1d --enable-libharfbuzz --enable-libjxl --enable-libmp3lame --enable-libopus --enable-librav1e --enable-librist --enable-librubberband --enable-libsnappy --enable-libsrt --enable-libssh --enable-libsvtav1 --enable-libtesseract --enable-libtheora --enable-libvidstab --enable-libvmaf --enable-libvorbis --enable-libvpx --enable-libwebp --enable-libx264 --enable-libx265 --enable-libxml2 --enable-libxvid --enable-lzma --enable-libfontconfig --enable-libfreetype --enable-frei0r --enable-libass --enable-libopencore-amrnb --enable-libopencore-amrwb --enable-libopenjpeg --enable-libspeex --enable-libsoxr --enable-libzmq --enable-libzimg --disable-libjack --disable-indev=jack --enable-videotoolbox --enable-audiotoolbox --enable-neon
[stderr]   libavutil      59. 39.100 / 59. 39.100
[stderr]   libavcodec     61. 19.100 / 61. 19.100
[stderr]   libavformat    61.  7.100 / 61.  7.100
[stderr]   libavdevice    61.  3.100 / 61.  3.100
[stderr]   libavfilter    10.  4.100 / 10.  4.100
[stderr]   libswscale      8.  3.100 /  8.  3.100
[stderr]   libswresample   5.  3.100 /  5.  3.100
[stderr]   libpostproc    58.  3.100 / 58.  3.100
[stderr] Input #0, mov,mp4,m4a,3gp,3g2,mj2, from '/Users/johndoe/Documents/company/video_ops/scripts/abstract_algebra_in_proof_assistant/sets-v2-04-set-equality/takes/take-mrhmharr/source.mp4':
[stderr]   Metadata:
[stderr]     major_brand     : qt  
[stderr]     minor_version   : 0
[stderr]     compatible_brands: qt  
[stderr]     creation_time   : 2026-07-12T09:54:07.000000Z
[stderr]   Duration: 00:06:08.94, start: 0.000000, bitrate: 2946 kb/s
[stderr]   Stream #0:0[0x1](und): Video: hevc (Main) (hvc1 / 0x31637668), yuv420p(tv, smpte170m/bt709/bt709), 640x480, 2834 kb/s, 29.95 fps, 29.83 tbr, 600 tbn (default)
[stderr]       Metadata:
[stderr]         creation_time   : 2026-07-12T09:54:07.000000Z
[stderr]         handler_name    : Core Media Video
[stderr]         vendor_id       : [0][0][0][0]
[stderr]         encoder         : HEVC
[stderr]       Side data:
[stderr]         displaymatrix: rotation of -180.00 degrees
[stderr]   Stream #0:1[0x2](und): Audio: aac (LC) (mp4a / 0x6134706D), 48000 Hz, mono, fltp, 100 kb/s (default)
[stderr]       Metadata:
[stderr]         creation_time   : 2026-07-12T09:54:07.000000Z
[stderr]         handler_name    : Core Media Audio
[stderr]         vendor_id       : [0][0][0][0]
[stderr]   Stream #0:2[0x3](und): Data: none (mebx / 0x7862656D) (default)
[stderr]       Metadata:
[stderr]         creation_time   : 2026-07-12T09:54:07.000000Z
[stderr]         handler_name    : Core Media Metadata
[stderr] Stream mapping:
[stderr]   Stream #0:0 -> #0:0 (hevc (native) -> h264 (libx264))
[stderr]   Stream #0:1 -> #0:1 (aac (native) -> aac (native))
[stderr] Press [q] to stop, [?] for help
[stderr] [libx264 @ 0x159c073f0] using cpu capabilities: ARMv8 NEON
[stderr] [libx264 @ 0x159c073f0] profile High, level 3.0, 4:2:0, 8-bit
[stderr] [libx264 @ 0x159c073f0] 264 - core 164 r3108 31e19f9 - H.264/MPEG-4 AVC codec - Copyleft 2003-2023 - http://www.videolan.org/x264.html - options: cabac=1 ref=1 deblock=1:0:0 analyse=0x3:0x113 me=hex subme=2 psy=1 psy_rd=1.00:0.00 mixed_ref=0 me_range=16 chroma_me=1 trellis=0 8x8dct=1 cqm=0 deadzone=21,11 fast_pskip=1 chroma_qp_offset=0 threads=15 lookahead_threads=3 sliced_threads=0 nr=0 decimate=1 interlaced=0 bluray_compat=0 constrained_intra=0 bframes=3 b_pyramid=2 b_adapt=1 b_bias=0 direct=1 weightb=1 open_gop=0 weightp=1 keyint=250 keyint_min=25 scenecut=40 intra_refresh=0 rc_lookahead=10 rc=crf mbtree=1 crf=18.0 qcomp=0.60 qpmin=0 qpmax=69 qpstep=4 ip_ratio=1.40 aq=1:1.00
[stderr] Output #0, mp4, to '/Users/johndoe/Documents/company/video_ops/scripts/abstract_algebra_in_proof_assistant/sets-v2-04-set-equality/takes/take-mrhmharr/pipeline/cut/cut-mrhswgb9/chunks/chunk-010.mp4':
[stderr]   Metadata:
[stderr]     major_brand     : qt  
[stderr]     minor_version   : 0
[stderr]     compatible_brands: qt  
[stderr]     encoder         : Lavf61.7.100
[stderr]   Stream #0:0(und): Video: h264 (avc1 / 0x31637661), yuv420p(tv, smpte170m/bt709/bt709, progressive), 640x480, q=2-31, 29.83 fps, 11456 tbn (default)
[stderr]       Metadata:
[stderr]         creation_time   : 2026-07-12T09:54:07.000000Z
[stderr]         handler_name    : Core Media Video
[stderr]         vendor_id       : [0][0][0][0]
[stderr]         encoder         : Lavc61.19.100 libx264
[stderr]       Side data:
[stderr]         cpb: bitrate max/min/avg: 0/0/0 buffer size: 0 vbv_delay: N/A
[stderr]   Stream #0:1(und): Audio: aac (LC) (mp4a / 0x6134706D), 48000 Hz, mono, fltp, 69 kb/s (default)
[stderr]       Metadata:
[stderr]         creation_time   : 2026-07-12T09:54:07.000000Z
[stderr]         handler_name    : Core Media Audio
[stderr]         vendor_id       : [0][0][0][0]
[stderr]         encoder         : Lavc61.19.100 aac
[stderr] [out#0/mp4 @ 0x159c06440] video:4882KiB audio:2KiB subtitle:0KiB other streams:0KiB global headers:0KiB muxing overhead: 0.206785%
[stderr] frame=  246 fps= 62 q=-1.0 Lsize=    4893KiB time=00:00:08.14 bitrate=4921.3kbits/s speed=2.04x    
[stderr] [libx264 @ 0x159c073f0] frame I:1     Avg QP:18.92  size: 69275
[stderr] [libx264 @ 0x159c073f0] frame P:90    Avg QP:20.87  size: 37603
[stderr] [libx264 @ 0x159c073f0] frame B:155   Avg QP:25.21  size:  9965
[stderr] [libx264 @ 0x159c073f0] consecutive B-frames:  4.5% 29.3% 15.9% 50.4%
[stderr] [libx264 @ 0x159c073f0] mb I  I16..4: 19.2%  6.2% 74.6%
[stderr] [libx264 @ 0x159c073f0] mb P  I16..4:  8.8%  2.4%  3.4%  P16..4: 24.8% 22.6% 34.5%  0.0%  0.0%    skip: 3.5%
[stderr] [libx264 @ 0x159c073f0] mb B  I16..4:  2.1%  0.2%  0.0%  B16..8: 30.5% 16.2%  7.5%  direct:14.3%  skip:29.2%  L0:22.9% L1:32.3% BI:44.8%
[stderr] [libx264 @ 0x159c073f0] 8x8 transform intra:14.2% inter:25.8%
[stderr] [libx264 @ 0x159c073f0] coded y,uvDC,uvAC intra: 37.8% 34.7% 21.0% inter: 46.1% 19.6% 3.2%
[stderr] [libx264 @ 0x159c073f0] i16 v,h,dc,p: 80% 11%  8%  1%
[stderr] [libx264 @ 0x159c073f0] i8 v,h,dc,ddl,ddr,vr,hd,vl,hu: 26% 13% 27%  2% 10%  8%  7%  5%  5%
[stderr] [libx264 @ 0x159c073f0] i4 v,h,dc,ddl,ddr,vr,hd,vl,hu: 17% 16% 19%  4% 12%  8%  9%  7% 10%
[stderr] [libx264 @ 0x159c073f0] i8c dc,h,v,p: 76%  9% 12%  3%
[stderr] [libx264 @ 0x159c073f0] Weighted P-Frames: Y:14.4% UV:1.1%
[stderr] [libx264 @ 0x159c073f0] kb/s:4849.10
[stderr] [aac @ 0x1599541e0] Qavg: 65441.500
[stderr] ffmpeg version 7.1 Copyright (c) 2000-2024 the FFmpeg developers
[stderr]   built with Apple clang version 15.0.0 (clang-1500.1.0.2.5)
[stderr]   configuration: --prefix=/opt/homebrew/Cellar/ffmpeg/7.1_3 --enable-shared --enable-pthreads --enable-version3 --cc=clang --host-cflags= --host-ldflags='-Wl,-ld_classic' --enable-ffplay --enable-gnutls --enable-gpl --enable-libaom --enable-libaribb24 --enable-libbluray --enable-libdav1d --enable-libharfbuzz --enable-libjxl --enable-libmp3lame --enable-libopus --enable-librav1e --enable-librist --enable-librubberband --enable-libsnappy --enable-libsrt --enable-libssh --enable-libsvtav1 --enable-libtesseract --enable-libtheora --enable-libvidstab --enable-libvmaf --enable-libvorbis --enable-libvpx --enable-libwebp --enable-libx264 --enable-libx265 --enable-libxml2 --enable-libxvid --enable-lzma --enable-libfontconfig --enable-libfreetype --enable-frei0r --enable-libass --enable-libopencore-amrnb --enable-libopencore-amrwb --enable-libopenjpeg --enable-libspeex --enable-libsoxr --enable-libzmq --enable-libzimg --disable-libjack --disable-indev=jack --enable-videotoolbox --enable-audiotoolbox --enable-neon
[stderr]   libavutil      59. 39.100 / 59. 39.100
[stderr]   libavcodec     61. 19.100 / 61. 19.100
[stderr]   libavformat    61.  7.100 / 61.  7.100
[stderr]   libavdevice    61.  3.100 / 61.  3.100
[stderr]   libavfilter    10.  4.100 / 10.  4.100
[stderr]   libswscale      8.  3.100 /  8.  3.100
[stderr]   libswresample   5.  3.100 /  5.  3.100
[stderr]   libpostproc    58.  3.100 / 58.  3.100
[stderr] Input #0, mov,mp4,m4a,3gp,3g2,mj2, from '/Users/johndoe/Documents/company/video_ops/scripts/abstract_algebra_in_proof_assistant/sets-v2-04-set-equality/takes/take-mrhmharr/source.mp4':
[stderr]   Metadata:
[stderr]     major_brand     : qt  
[stderr]     minor_version   : 0
[stderr]     compatible_brands: qt  
[stderr]     creation_time   : 2026-07-12T09:54:07.000000Z
[stderr]   Duration: 00:06:08.94, start: 0.000000, bitrate: 2946 kb/s
[stderr]   Stream #0:0[0x1](und): Video: hevc (Main) (hvc1 / 0x31637668), yuv420p(tv, smpte170m/bt709/bt709), 640x480, 2834 kb/s, 29.95 fps, 29.83 tbr, 600 tbn (default)
[stderr]       Metadata:
[stderr]         creation_time   : 2026-07-12T09:54:07.000000Z
[stderr]         handler_name    : Core Media Video
[stderr]         vendor_id       : [0][0][0][0]
[stderr]         encoder         : HEVC
[stderr]       Side data:
[stderr]         displaymatrix: rotation of -180.00 degrees
[stderr]   Stream #0:1[0x2](und): Audio: aac (LC) (mp4a / 0x6134706D), 48000 Hz, mono, fltp, 100 kb/s (default)
[stderr]       Metadata:
[stderr]         creation_time   : 2026-07-12T09:54:07.000000Z
[stderr]         handler_name    : Core Media Audio
[stderr]         vendor_id       : [0][0][0][0]
[stderr]   Stream #0:2[0x3](und): Data: none (mebx / 0x7862656D) (default)
[stderr]       Metadata:
[stderr]         creation_time   : 2026-07-12T09:54:07.000000Z
[stderr]         handler_name    : Core Media Metadata
[stderr] Stream mapping:
[stderr]   Stream #0:0 -> #0:0 (hevc (native) -> h264 (libx264))
[stderr]   Stream #0:1 -> #0:1 (aac (native) -> aac (native))
[stderr] Press [q] to stop, [?] for help
[stderr] [libx264 @ 0x10af04080] using cpu capabilities: ARMv8 NEON
[stderr] [libx264 @ 0x10af04080] profile High, level 3.0, 4:2:0, 8-bit
[stderr] [libx264 @ 0x10af04080] 264 - core 164 r3108 31e19f9 - H.264/MPEG-4 AVC codec - Copyleft 2003-2023 - http://www.videolan.org/x264.html - options: cabac=1 ref=1 deblock=1:0:0 analyse=0x3:0x113 me=hex subme=2 psy=1 psy_rd=1.00:0.00 mixed_ref=0 me_range=16 chroma_me=1 trellis=0 8x8dct=1 cqm=0 deadzone=21,11 fast_pskip=1 chroma_qp_offset=0 threads=15 lookahead_threads=3 sliced_threads=0 nr=0 decimate=1 interlaced=0 bluray_compat=0 constrained_intra=0 bframes=3 b_pyramid=2 b_adapt=1 b_bias=0 direct=1 weightb=1 open_gop=0 weightp=1 keyint=250 keyint_min=25 scenecut=40 intra_refresh=0 rc_lookahead=10 rc=crf mbtree=1 crf=18.0 qcomp=0.60 qpmin=0 qpmax=69 qpstep=4 ip_ratio=1.40 aq=1:1.00
[stderr] Output #0, mp4, to '/Users/johndoe/Documents/company/video_ops/scripts/abstract_algebra_in_proof_assistant/sets-v2-04-set-equality/takes/take-mrhmharr/pipeline/cut/cut-mrhswgb9/chunks/chunk-011.mp4':
[stderr]   Metadata:
[stderr]     major_brand     : qt  
[stderr]     minor_version   : 0
[stderr]     compatible_brands: qt  
[stderr]     encoder         : Lavf61.7.100
[stderr]   Stream #0:0(und): Video: h264 (avc1 / 0x31637661), yuv420p(tv, smpte170m/bt709/bt709, progressive), 640x480, q=2-31, 29.83 fps, 11456 tbn (default)
[stderr]       Metadata:
[stderr]         creation_time   : 2026-07-12T09:54:07.000000Z
[stderr]         handler_name    : Core Media Video
[stderr]         vendor_id       : [0][0][0][0]
[stderr]         encoder         : Lavc61.19.100 libx264
[stderr]       Side data:
[stderr]         cpb: bitrate max/min/avg: 0/0/0 buffer size: 0 vbv_delay: N/A
[stderr]   Stream #0:1(und): Audio: aac (LC) (mp4a / 0x6134706D), 48000 Hz, mono, fltp, 69 kb/s (default)
[stderr]       Metadata:
[stderr]         creation_time   : 2026-07-12T09:54:07.000000Z
[stderr]         handler_name    : Core Media Audio
[stderr]         vendor_id       : [0][0][0][0]
[stderr]         encoder         : Lavc61.19.100 aac
[stderr] frame=    0 fps=0.0 q=0.0 size=       0KiB time=N/A bitrate=N/A speed=N/A    [stderr] frame=  229 fps= 57 q=24.0 size=    4352KiB time=00:00:07.60 bitrate=4685.5kbits/s dup=0 drop=1 speed= 1.9x    [stderr] frame=  424 fps= 94 q=24.0 size=    8448KiB time=00:00:14.17 bitrate=4881.0kbits/s dup=0 drop=2 speed=3.14x    [stderr] frame=  568 fps=113 q=24.0 size=   10752KiB time=00:00:19.00 bitrate=4634.5kbits/s dup=0 drop=3 speed=3.79x    [stderr] [out#0/mp4 @ 0x11da05440] video:13214KiB audio:5KiB subtitle:0KiB other streams:0KiB global headers:0KiB muxing overhead: 0.210144%
[stderr] frame=  749 fps=138 q=-1.0 Lsize=   13246KiB time=00:00:25.07 bitrate=4327.9kbits/s dup=0 drop=3 speed=4.61x    
[stderr] [libx264 @ 0x10af04080] frame I:3     Avg QP:18.66  size: 64185
[stderr] [libx264 @ 0x10af04080] frame P:283   Avg QP:20.00  size: 31841
[stderr] [libx264 @ 0x10af04080] frame B:463   Avg QP:24.14  size:  9345
[stderr] [libx264 @ 0x10af04080] consecutive B-frames:  8.7% 23.5%  9.6% 58.2%
[stderr] [libx264 @ 0x10af04080] mb I  I16..4: 13.6%  5.7% 80.7%
[stderr] [libx264 @ 0x10af04080] mb P  I16..4: 12.4%  5.7%  5.5%  P16..4: 22.1% 20.2% 28.8%  0.0%  0.0%    skip: 5.2%
[stderr] [libx264 @ 0x10af04080] mb B  I16..4:  2.7%  0.5%  0.1%  B16..8: 29.7% 15.5%  6.8%  direct:13.4%  skip:31.4%  L0:24.5% L1:31.1% BI:44.4%
[stderr] [libx264 @ 0x10af04080] 8x8 transform intra:21.9% inter:28.8%
[stderr] [libx264 @ 0x10af04080] coded y,uvDC,uvAC intra: 40.2% 42.9% 18.3% inter: 42.5% 20.3% 2.6%
[stderr] [libx264 @ 0x10af04080] i16 v,h,dc,p: 75% 10% 12%  3%
[stderr] [libx264 @ 0x10af04080] i8 v,h,dc,ddl,ddr,vr,hd,vl,hu: 22% 17% 28%  2%  8%  8%  6%  4%  5%
[stderr] [libx264 @ 0x10af04080] i4 v,h,dc,ddl,ddr,vr,hd,vl,hu: 20% 15% 17%  3% 13% 10%  8%  6%  8%
[stderr] [libx264 @ 0x10af04080] i8c dc,h,v,p: 68% 13% 15%  4%
[stderr] [libx264 @ 0x10af04080] Weighted P-Frames: Y:9.9% UV:2.1%
[stderr] [libx264 @ 0x10af04080] kb/s:4311.28
[stderr] [aac @ 0x10b868810] Qavg: 65504.977
[stderr] ffmpeg version 7.1 Copyright (c) 2000-2024 the FFmpeg developers
[stderr]   built with Apple clang version 15.0.0 (clang-1500.1.0.2.5)
[stderr]   configuration: --prefix=/opt/homebrew/Cellar/ffmpeg/7.1_3 --enable-shared --enable-pthreads --enable-version3 --cc=clang --host-cflags= --host-ldflags='-Wl,-ld_classic' --enable-ffplay --enable-gnutls --enable-gpl --enable-libaom --enable-libaribb24 --enable-libbluray --enable-libdav1d --enable-libharfbuzz --enable-libjxl --enable-libmp3lame --enable-libopus --enable-librav1e --enable-librist --enable-librubberband --enable-libsnappy --enable-libsrt --enable-libssh --enable-libsvtav1 --enable-libtesseract --enable-libtheora --enable-libvidstab --enable-libvmaf --enable-libvorbis --enable-libvpx --enable-libwebp --enable-libx264 --enable-libx265 --enable-libxml2 --enable-libxvid --enable-lzma --enable-libfontconfig --enable-libfreetype --enable-frei0r --enable-libass --enable-libopencore-amrnb --enable-libopencore-amrwb --enable-libopenjpeg --enable-libspeex --enable-libsoxr --enable-libzmq --enable-libzimg --disable-libjack --disable-indev=jack --enable-videotoolbox --enable-audiotoolbox --enable-neon
[stderr]   libavutil      59. 39.100 / 59. 39.100
[stderr]   libavcodec     61. 19.100 / 61. 19.100
[stderr]   libavformat    61.  7.100 / 61.  7.100
[stderr]   libavdevice    61.  3.100 / 61.  3.100
[stderr]   libavfilter    10.  4.100 / 10.  4.100
[stderr]   libswscale      8.  3.100 /  8.  3.100
[stderr]   libswresample   5.  3.100 /  5.  3.100
[stderr]   libpostproc    58.  3.100 / 58.  3.100
[stderr] Input #0, mov,mp4,m4a,3gp,3g2,mj2, from '/Users/johndoe/Documents/company/video_ops/scripts/abstract_algebra_in_proof_assistant/sets-v2-04-set-equality/takes/take-mrhmharr/source.mp4':
[stderr]   Metadata:
[stderr]     major_brand     : qt  
[stderr]     minor_version   : 0
[stderr]     compatible_brands: qt  
[stderr]     creation_time   : 2026-07-12T09:54:07.000000Z
[stderr]   Duration: 00:06:08.94, start: 0.000000, bitrate: 2946 kb/s
[stderr]   Stream #0:0[0x1](und): Video: hevc (Main) (hvc1 / 0x31637668), yuv420p(tv, smpte170m/bt709/bt709), 640x480, 2834 kb/s, 29.95 fps, 29.83 tbr, 600 tbn (default)
[stderr]       Metadata:
[stderr]         creation_time   : 2026-07-12T09:54:07.000000Z
[stderr]         handler_name    : Core Media Video
[stderr]         vendor_id       : [0][0][0][0]
[stderr]         encoder         : HEVC
[stderr]       Side data:
[stderr]         displaymatrix: rotation of -180.00 degrees
[stderr]   Stream #0:1[0x2](und): Audio: aac (LC) (mp4a / 0x6134706D), 48000 Hz, mono, fltp, 100 kb/s (default)
[stderr]       Metadata:
[stderr]         creation_time   : 2026-07-12T09:54:07.000000Z
[stderr]         handler_name    : Core Media Audio
[stderr]         vendor_id       : [0][0][0][0]
[stderr]   Stream #0:2[0x3](und): Data: none (mebx / 0x7862656D) (default)
[stderr]       Metadata:
[stderr]         creation_time   : 2026-07-12T09:54:07.000000Z
[stderr]         handler_name    : Core Media Metadata
[stderr] Stream mapping:
[stderr]   Stream #0:0 -> #0:0 (hevc (native) -> h264 (libx264))
[stderr]   Stream #0:1 -> #0:1 (aac (native) -> aac (native))
[stderr] Press [q] to stop, [?] for help
[stderr] [libx264 @ 0x12360e090] using cpu capabilities: ARMv8 NEON
[stderr] [libx264 @ 0x12360e090] profile High, level 3.0, 4:2:0, 8-bit
[stderr] [libx264 @ 0x12360e090] 264 - core 164 r3108 31e19f9 - H.264/MPEG-4 AVC codec - Copyleft 2003-2023 - http://www.videolan.org/x264.html - options: cabac=1 ref=1 deblock=1:0:0 analyse=0x3:0x113 me=hex subme=2 psy=1 psy_rd=1.00:0.00 mixed_ref=0 me_range=16 chroma_me=1 trellis=0 8x8dct=1 cqm=0 deadzone=21,11 fast_pskip=1 chroma_qp_offset=0 threads=15 lookahead_threads=3 sliced_threads=0 nr=0 decimate=1 interlaced=0 bluray_compat=0 constrained_intra=0 bframes=3 b_pyramid=2 b_adapt=1 b_bias=0 direct=1 weightb=1 open_gop=0 weightp=1 keyint=250 keyint_min=25 scenecut=40 intra_refresh=0 rc_lookahead=10 rc=crf mbtree=1 crf=18.0 qcomp=0.60 qpmin=0 qpmax=69 qpstep=4 ip_ratio=1.40 aq=1:1.00
[stderr] Output #0, mp4, to '/Users/johndoe/Documents/company/video_ops/scripts/abstract_algebra_in_proof_assistant/sets-v2-04-set-equality/takes/take-mrhmharr/pipeline/cut/cut-mrhswgb9/chunks/chunk-012.mp4':
[stderr]   Metadata:
[stderr]     major_brand     : qt  
[stderr]     minor_version   : 0
[stderr]     compatible_brands: qt  
[stderr]     encoder         : Lavf61.7.100
[stderr]   Stream #0:0(und): Video: h264 (avc1 / 0x31637661), yuv420p(tv, smpte170m/bt709/bt709, progressive), 640x480, q=2-31, 29.83 fps, 11456 tbn (default)
[stderr]       Metadata:
[stderr]         creation_time   : 2026-07-12T09:54:07.000000Z
[stderr]         handler_name    : Core Media Video
[stderr]         vendor_id       : [0][0][0][0]
[stderr]         encoder         : Lavc61.19.100 libx264
[stderr]       Side data:
[stderr]         cpb: bitrate max/min/avg: 0/0/0 buffer size: 0 vbv_delay: N/A
[stderr]   Stream #0:1(und): Audio: aac (LC) (mp4a / 0x6134706D), 48000 Hz, mono, fltp, 69 kb/s (default)
[stderr]       Metadata:
[stderr]         creation_time   : 2026-07-12T09:54:07.000000Z
[stderr]         handler_name    : Core Media Audio
[stderr]         vendor_id       : [0][0][0][0]
[stderr]         encoder         : Lavc61.19.100 aac
[stderr] frame=   70 fps= 15 q=24.0 size=     768KiB time=00:00:02.27 bitrate=2760.4kbits/s speed=0.503x    [out#0/mp4 @ 0x12360d030] video:1112KiB audio:1KiB subtitle:0KiB other streams:0KiB global headers:0KiB muxing overhead: 0.387679%
[stderr] frame=   85 fps= 19 q=-1.0 Lsize=    1117KiB time=00:00:02.78 bitrate=3288.1kbits/s speed=0.613x    
[stderr] [libx264 @ 0x12360e090] frame I:1     Avg QP:19.69  size: 29588
[stderr] [libx264 @ 0x12360e090] frame P:40    Avg QP:19.86  size: 20682
[stderr] [libx264 @ 0x12360e090] frame B:44    Avg QP:21.92  size:  6386
[stderr] [libx264 @ 0x12360e090] consecutive B-frames: 24.7% 11.8% 21.2% 42.4%
[stderr] [libx264 @ 0x12360e090] mb I  I16..4: 15.3% 45.0% 39.7%
[stderr] [libx264 @ 0x12360e090] mb P  I16..4:  9.8% 19.1%  3.7%  P16..4: 25.4% 18.6% 19.6%  0.0%  0.0%    skip: 3.9%
[stderr] [libx264 @ 0x12360e090] mb B  I16..4:  3.0%  2.2%  0.1%  B16..8: 33.7% 14.3%  4.4%  direct:14.0%  skip:28.4%  L0:29.9% L1:33.5% BI:36.6%
[stderr] [libx264 @ 0x12360e090] 8x8 transform intra:55.5% inter:30.6%
[stderr] [libx264 @ 0x12360e090] coded y,uvDC,uvAC intra: 48.9% 65.2% 11.6% inter: 34.1% 24.7% 1.7%
[stderr] [libx264 @ 0x12360e090] i16 v,h,dc,p: 23% 34% 29% 15%
[stderr] [libx264 @ 0x12360e090] i8 v,h,dc,ddl,ddr,vr,hd,vl,hu: 14% 26% 35%  2%  5%  3%  5%  3%  6%
[stderr] [libx264 @ 0x12360e090] i4 v,h,dc,ddl,ddr,vr,hd,vl,hu: 20% 16% 20%  3% 12%  9%  7%  5%  7%
[stderr] [libx264 @ 0x12360e090] i8c dc,h,v,p: 50% 26% 18%  5%
[stderr] [libx264 @ 0x12360e090] Weighted P-Frames: Y:2.5% UV:0.0%
[stderr] [libx264 @ 0x12360e090] kb/s:3194.88
[stderr] [aac @ 0x1236453b0] Qavg: 65265.090
[stderr] ffmpeg version 7.1 Copyright (c) 2000-2024 the FFmpeg developers
[stderr]   built with Apple clang version 15.0.0 (clang-1500.1.0.2.5)
[stderr]   configuration: --prefix=/opt/homebrew/Cellar/ffmpeg/7.1_3 --enable-shared --enable-pthreads --enable-version3 --cc=clang --host-cflags= --host-ldflags='-Wl,-ld_classic' --enable-ffplay --enable-gnutls --enable-gpl --enable-libaom --enable-libaribb24 --enable-libbluray --enable-libdav1d --enable-libharfbuzz --enable-libjxl --enable-libmp3lame --enable-libopus --enable-librav1e --enable-librist --enable-librubberband --enable-libsnappy --enable-libsrt --enable-libssh --enable-libsvtav1 --enable-libtesseract --enable-libtheora --enable-libvidstab --enable-libvmaf --enable-libvorbis --enable-libvpx --enable-libwebp --enable-libx264 --enable-libx265 --enable-libxml2 --enable-libxvid --enable-lzma --enable-libfontconfig --enable-libfreetype --enable-frei0r --enable-libass --enable-libopencore-amrnb --enable-libopencore-amrwb --enable-libopenjpeg --enable-libspeex --enable-libsoxr --enable-libzmq --enable-libzimg --disable-libjack --disable-indev=jack --enable-videotoolbox --enable-audiotoolbox --enable-neon
[stderr]   libavutil      59. 39.100 / 59. 39.100
[stderr]   libavcodec     61. 19.100 / 61. 19.100
[stderr]   libavformat    61.  7.100 / 61.  7.100
[stderr]   libavdevice    61.  3.100 / 61.  3.100
[stderr]   libavfilter    10.  4.100 / 10.  4.100
[stderr]   libswscale      8.  3.100 /  8.  3.100
[stderr]   libswresample   5.  3.100 /  5.  3.100
[stderr]   libpostproc    58.  3.100 / 58.  3.100
[stderr] Input #0, mov,mp4,m4a,3gp,3g2,mj2, from '/Users/johndoe/Documents/company/video_ops/scripts/abstract_algebra_in_proof_assistant/sets-v2-04-set-equality/takes/take-mrhmharr/source.mp4':
[stderr]   Metadata:
[stderr]     major_brand     : qt  
[stderr]     minor_version   : 0
[stderr]     compatible_brands: qt  
[stderr]     creation_time   : 2026-07-12T09:54:07.000000Z
[stderr]   Duration: 00:06:08.94, start: 0.000000, bitrate: 2946 kb/s
[stderr]   Stream #0:0[0x1](und): Video: hevc (Main) (hvc1 / 0x31637668), yuv420p(tv, smpte170m/bt709/bt709), 640x480, 2834 kb/s, 29.95 fps, 29.83 tbr, 600 tbn (default)
[stderr]       Metadata:
[stderr]         creation_time   : 2026-07-12T09:54:07.000000Z
[stderr]         handler_name    : Core Media Video
[stderr]         vendor_id       : [0][0][0][0]
[stderr]         encoder         : HEVC
[stderr]       Side data:
[stderr]         displaymatrix: rotation of -180.00 degrees
[stderr]   Stream #0:1[0x2](und): Audio: aac (LC) (mp4a / 0x6134706D), 48000 Hz, mono, fltp, 100 kb/s (default)
[stderr]       Metadata:
[stderr]         creation_time   : 2026-07-12T09:54:07.000000Z
[stderr]         handler_name    : Core Media Audio
[stderr]         vendor_id       : [0][0][0][0]
[stderr]   Stream #0:2[0x3](und): Data: none (mebx / 0x7862656D) (default)
[stderr]       Metadata:
[stderr]         creation_time   : 2026-07-12T09:54:07.000000Z
[stderr]         handler_name    : Core Media Metadata
[stderr] Stream mapping:
[stderr]   Stream #0:0 -> #0:0 (hevc (native) -> h264 (libx264))
[stderr]   Stream #0:1 -> #0:1 (aac (native) -> aac (native))
[stderr] Press [q] to stop, [?] for help
[stderr] [libx264 @ 0x14a811360] using cpu capabilities: ARMv8 NEON
[stderr] [libx264 @ 0x14a811360] profile High, level 3.0, 4:2:0, 8-bit
[stderr] [libx264 @ 0x14a811360] 264 - core 164 r3108 31e19f9 - H.264/MPEG-4 AVC codec - Copyleft 2003-2023 - http://www.videolan.org/x264.html - options: cabac=1 ref=1 deblock=1:0:0 analyse=0x3:0x113 me=hex subme=2 psy=1 psy_rd=1.00:0.00 mixed_ref=0 me_range=16 chroma_me=1 trellis=0 8x8dct=1 cqm=0 deadzone=21,11 fast_pskip=1 chroma_qp_offset=0 threads=15 lookahead_threads=3 sliced_threads=0 nr=0 decimate=1 interlaced=0 bluray_compat=0 constrained_intra=0 bframes=3 b_pyramid=2 b_adapt=1 b_bias=0 direct=1 weightb=1 open_gop=0 weightp=1 keyint=250 keyint_min=25 scenecut=40 intra_refresh=0 rc_lookahead=10 rc=crf mbtree=1 crf=18.0 qcomp=0.60 qpmin=0 qpmax=69 qpstep=4 ip_ratio=1.40 aq=1:1.00
[stderr] Output #0, mp4, to '/Users/johndoe/Documents/company/video_ops/scripts/abstract_algebra_in_proof_assistant/sets-v2-04-set-equality/takes/take-mrhmharr/pipeline/cut/cut-mrhswgb9/chunks/chunk-013.mp4':
[stderr]   Metadata:
[stderr]     major_brand     : qt  
[stderr]     minor_version   : 0
[stderr]     compatible_brands: qt  
[stderr]     encoder         : Lavf61.7.100
[stderr]   Stream #0:0(und): Video: h264 (avc1 / 0x31637661), yuv420p(tv, smpte170m/bt709/bt709, progressive), 640x480, q=2-31, 29.83 fps, 11456 tbn (default)
[stderr]       Metadata:
[stderr]         creation_time   : 2026-07-12T09:54:07.000000Z
[stderr]         handler_name    : Core Media Video
[stderr]         vendor_id       : [0][0][0][0]
[stderr]         encoder         : Lavc61.19.100 libx264
[stderr]       Side data:
[stderr]         cpb: bitrate max/min/avg: 0/0/0 buffer size: 0 vbv_delay: N/A
[stderr]   Stream #0:1(und): Audio: aac (LC) (mp4a / 0x6134706D), 48000 Hz, mono, fltp, 69 kb/s (default)
[stderr]       Metadata:
[stderr]         creation_time   : 2026-07-12T09:54:07.000000Z
[stderr]         handler_name    : Core Media Audio
[stderr]         vendor_id       : [0][0][0][0]
[stderr]         encoder         : Lavc61.19.100 aac
[stderr] frame=  122 fps= 27 q=24.0 size=    1280KiB time=00:00:04.02 bitrate=2607.0kbits/s speed=0.89x    [stderr] frame=  374 fps= 74 q=24.0 size=    6656KiB time=00:00:12.50 bitrate=4361.1kbits/s dup=0 drop=1 speed=2.49x    [stderr] [out#0/mp4 @ 0x14a807ff0] video:11054KiB audio:3KiB subtitle:0KiB other streams:0KiB global headers:0KiB muxing overhead: 0.187236%
[stderr] frame=  554 fps=102 q=-1.0 Lsize=   11078KiB time=00:00:18.50 bitrate=4904.7kbits/s dup=0 drop=2 speed= 3.4x    
[stderr] [libx264 @ 0x14a811360] frame I:3     Avg QP:18.87  size: 56433
[stderr] [libx264 @ 0x14a811360] frame P:231   Avg QP:21.05  size: 31265
[stderr] [libx264 @ 0x14a811360] frame B:320   Avg QP:24.00  size: 12272
[stderr] [libx264 @ 0x14a811360] consecutive B-frames: 15.3% 19.9%  9.2% 55.6%
[stderr] [libx264 @ 0x14a811360] mb I  I16..4: 10.6% 20.9% 68.5%
[stderr] [libx264 @ 0x14a811360] mb P  I16..4:  7.2%  9.9%  9.2%  P16..4: 24.1% 20.5% 26.4%  0.0%  0.0%    skip: 2.8%
[stderr] [libx264 @ 0x14a811360] mb B  I16..4:  1.7%  0.7%  0.4%  B16..8: 31.4% 16.7%  9.0%  direct:16.2%  skip:23.8%  L0:28.5% L1:32.6% BI:39.0%
[stderr] [libx264 @ 0x14a811360] 8x8 transform intra:35.6% inter:29.1%
[stderr] [libx264 @ 0x14a811360] coded y,uvDC,uvAC intra: 61.8% 60.6% 25.2% inter: 47.1% 25.6% 3.0%
[stderr] [libx264 @ 0x14a811360] i16 v,h,dc,p: 60% 18% 14%  8%
[stderr] [libx264 @ 0x14a811360] i8 v,h,dc,ddl,ddr,vr,hd,vl,hu: 21% 20% 27%  2%  6%  5%  6%  5%  6%
[stderr] [libx264 @ 0x14a811360] i4 v,h,dc,ddl,ddr,vr,hd,vl,hu: 17% 16% 17%  4% 13%  8%  9%  7%  9%
[stderr] [libx264 @ 0x14a811360] i8c dc,h,v,p: 56% 19% 18%  6%
[stderr] [libx264 @ 0x14a811360] Weighted P-Frames: Y:13.0% UV:1.7%
[stderr] [libx264 @ 0x14a811360] kb/s:4876.03
[stderr] [aac @ 0x14a86fc80] Qavg: 65494.059
[stderr] ffmpeg version 7.1 Copyright (c) 2000-2024 the FFmpeg developers
[stderr]   built with Apple clang version 15.0.0 (clang-1500.1.0.2.5)
[stderr]   configuration: --prefix=/opt/homebrew/Cellar/ffmpeg/7.1_3 --enable-shared --enable-pthreads --enable-version3 --cc=clang --host-cflags= --host-ldflags='-Wl,-ld_classic' --enable-ffplay --enable-gnutls --enable-gpl --enable-libaom --enable-libaribb24 --enable-libbluray --enable-libdav1d --enable-libharfbuzz --enable-libjxl --enable-libmp3lame --enable-libopus --enable-librav1e --enable-librist --enable-librubberband --enable-libsnappy --enable-libsrt --enable-libssh --enable-libsvtav1 --enable-libtesseract --enable-libtheora --enable-libvidstab --enable-libvmaf --enable-libvorbis --enable-libvpx --enable-libwebp --enable-libx264 --enable-libx265 --enable-libxml2 --enable-libxvid --enable-lzma --enable-libfontconfig --enable-libfreetype --enable-frei0r --enable-libass --enable-libopencore-amrnb --enable-libopencore-amrwb --enable-libopenjpeg --enable-libspeex --enable-libsoxr --enable-libzmq --enable-libzimg --disable-libjack --disable-indev=jack --enable-videotoolbox --enable-audiotoolbox --enable-neon
[stderr]   libavutil      59. 39.100 / 59. 39.100
[stderr]   libavcodec     61. 19.100 / 61. 19.100
[stderr]   libavformat    61.  7.100 / 61.  7.100
[stderr]   libavdevice    61.  3.100 / 61.  3.100
[stderr]   libavfilter    10.  4.100 / 10.  4.100
[stderr]   libswscale      8.  3.100 /  8.  3.100
[stderr]   libswresample   5.  3.100 /  5.  3.100
[stderr]   libpostproc    58.  3.100 / 58.  3.100
[stderr] Input #0, mov,mp4,m4a,3gp,3g2,mj2, from '/Users/johndoe/Documents/company/video_ops/scripts/abstract_algebra_in_proof_assistant/sets-v2-04-set-equality/takes/take-mrhmharr/source.mp4':
[stderr]   Metadata:
[stderr]     major_brand     : qt  
[stderr]     minor_version   : 0
[stderr]     compatible_brands: qt  
[stderr]     creation_time   : 2026-07-12T09:54:07.000000Z
[stderr]   Duration: 00:06:08.94, start: 0.000000, bitrate: 2946 kb/s
[stderr]   Stream #0:0[0x1](und): Video: hevc (Main) (hvc1 / 0x31637668), yuv420p(tv, smpte170m/bt709/bt709), 640x480, 2834 kb/s, 29.95 fps, 29.83 tbr, 600 tbn (default)
[stderr]       Metadata:
[stderr]         creation_time   : 2026-07-12T09:54:07.000000Z
[stderr]         handler_name    : Core Media Video
[stderr]         vendor_id       : [0][0][0][0]
[stderr]         encoder         : HEVC
[stderr]       Side data:
[stderr]         displaymatrix: rotation of -180.00 degrees
[stderr]   Stream #0:1[0x2](und): Audio: aac (LC) (mp4a / 0x6134706D), 48000 Hz, mono, fltp, 100 kb/s (default)
[stderr]       Metadata:
[stderr]         creation_time   : 2026-07-12T09:54:07.000000Z
[stderr]         handler_name    : Core Media Audio
[stderr]         vendor_id       : [0][0][0][0]
[stderr]   Stream #0:2[0x3](und): Data: none (mebx / 0x7862656D) (default)
[stderr]       Metadata:
[stderr]         creation_time   : 2026-07-12T09:54:07.000000Z
[stderr]         handler_name    : Core Media Metadata
[stderr] Stream mapping:
[stderr]   Stream #0:0 -> #0:0 (hevc (native) -> h264 (libx264))
[stderr]   Stream #0:1 -> #0:1 (aac (native) -> aac (native))
[stderr] Press [q] to stop, [?] for help
[stderr] [libx264 @ 0x129f065c0] using cpu capabilities: ARMv8 NEON
[stderr] [libx264 @ 0x129f065c0] profile High, level 3.0, 4:2:0, 8-bit
[stderr] [libx264 @ 0x129f065c0] 264 - core 164 r3108 31e19f9 - H.264/MPEG-4 AVC codec - Copyleft 2003-2023 - http://www.videolan.org/x264.html - options: cabac=1 ref=1 deblock=1:0:0 analyse=0x3:0x113 me=hex subme=2 psy=1 psy_rd=1.00:0.00 mixed_ref=0 me_range=16 chroma_me=1 trellis=0 8x8dct=1 cqm=0 deadzone=21,11 fast_pskip=1 chroma_qp_offset=0 threads=15 lookahead_threads=3 sliced_threads=0 nr=0 decimate=1 interlaced=0 bluray_compat=0 constrained_intra=0 bframes=3 b_pyramid=2 b_adapt=1 b_bias=0 direct=1 weightb=1 open_gop=0 weightp=1 keyint=250 keyint_min=25 scenecut=40 intra_refresh=0 rc_lookahead=10 rc=crf mbtree=1 crf=18.0 qcomp=0.60 qpmin=0 qpmax=69 qpstep=4 ip_ratio=1.40 aq=1:1.00
[stderr] Output #0, mp4, to '/Users/johndoe/Documents/company/video_ops/scripts/abstract_algebra_in_proof_assistant/sets-v2-04-set-equality/takes/take-mrhmharr/pipeline/cut/cut-mrhswgb9/chunks/chunk-014.mp4':
[stderr]   Metadata:
[stderr]     major_brand     : qt  
[stderr]     minor_version   : 0
[stderr]     compatible_brands: qt  
[stderr]     encoder         : Lavf61.7.100
[stderr]   Stream #0:0(und): Video: h264 (avc1 / 0x31637661), yuv420p(tv, smpte170m/bt709/bt709, progressive), 640x480, q=2-31, 29.83 fps, 11456 tbn (default)
[stderr]       Metadata:
[stderr]         creation_time   : 2026-07-12T09:54:07.000000Z
[stderr]         handler_name    : Core Media Video
[stderr]         vendor_id       : [0][0][0][0]
[stderr]         encoder         : Lavc61.19.100 libx264
[stderr]       Side data:
[stderr]         cpb: bitrate max/min/avg: 0/0/0 buffer size: 0 vbv_delay: N/A
[stderr]   Stream #0:1(und): Audio: aac (LC) (mp4a / 0x6134706D), 48000 Hz, mono, fltp, 69 kb/s (default)
[stderr]       Metadata:
[stderr]         creation_time   : 2026-07-12T09:54:07.000000Z
[stderr]         handler_name    : Core Media Audio
[stderr]         vendor_id       : [0][0][0][0]
[stderr]         encoder         : Lavc61.19.100 aac
[stderr] frame=  128 fps= 23 q=24.0 size=    3584KiB time=00:00:04.22 bitrate=6951.8kbits/s speed=0.763x    [stderr] [out#0/mp4 @ 0x129f044f0] video:5433KiB audio:1KiB subtitle:0KiB other streams:0KiB global headers:0KiB muxing overhead: 0.145275%
[stderr] frame=  183 fps= 32 q=-1.0 Lsize=    5442KiB time=00:00:06.06 bitrate=7348.2kbits/s speed=1.07x    
[stderr] [libx264 @ 0x129f065c0] frame I:3     Avg QP:21.90  size: 49061
[stderr] [libx264 @ 0x129f065c0] frame P:60    Avg QP:23.94  size: 41733
[stderr] [libx264 @ 0x129f065c0] frame B:120   Avg QP:26.00  size: 24263
[stderr] [libx264 @ 0x129f065c0] consecutive B-frames:  8.7%  9.8%  4.9% 76.5%
[stderr] [libx264 @ 0x129f065c0] mb I  I16..4:  2.2% 10.2% 87.5%
[stderr] [libx264 @ 0x129f065c0] mb P  I16..4:  2.2%  8.3% 33.2%  P16..4: 14.6% 15.6% 25.5%  0.0%  0.0%    skip: 0.6%
[stderr] [libx264 @ 0x129f065c0] mb B  I16..4:  0.9%  1.4%  3.4%  B16..8: 27.7% 22.7% 18.8%  direct:17.8%  skip: 7.4%  L0:32.0% L1:31.9% BI:36.2%
[stderr] [libx264 @ 0x129f065c0] 8x8 transform intra:19.5% inter:34.6%
[stderr] [libx264 @ 0x129f065c0] coded y,uvDC,uvAC intra: 91.1% 73.5% 37.2% inter: 67.9% 31.5% 2.5%
[stderr] [libx264 @ 0x129f065c0] i16 v,h,dc,p: 38% 23% 24% 14%
[stderr] [libx264 @ 0x129f065c0] i8 v,h,dc,ddl,ddr,vr,hd,vl,hu: 21% 19% 15%  3%  9%  7%  9%  8%  8%
[stderr] [libx264 @ 0x129f065c0] i4 v,h,dc,ddl,ddr,vr,hd,vl,hu: 14% 17% 13%  4% 16%  9% 11%  8%  9%
[stderr] [libx264 @ 0x129f065c0] i8c dc,h,v,p: 47% 23% 20% 10%
[stderr] [libx264 @ 0x129f065c0] Weighted P-Frames: Y:11.7% UV:3.3%
[stderr] [libx264 @ 0x129f065c0] kb/s:7254.85
[stderr] [aac @ 0x129f6b520] Qavg: 65409.016
[stderr] ffmpeg version 7.1 Copyright (c) 2000-2024 the FFmpeg developers
[stderr]   built with Apple clang version 15.0.0 (clang-1500.1.0.2.5)
[stderr]   configuration: --prefix=/opt/homebrew/Cellar/ffmpeg/7.1_3 --enable-shared --enable-pthreads --enable-version3 --cc=clang --host-cflags= --host-ldflags='-Wl,-ld_classic' --enable-ffplay --enable-gnutls --enable-gpl --enable-libaom --enable-libaribb24 --enable-libbluray --enable-libdav1d --enable-libharfbuzz --enable-libjxl --enable-libmp3lame --enable-libopus --enable-librav1e --enable-librist --enable-librubberband --enable-libsnappy --enable-libsrt --enable-libssh --enable-libsvtav1 --enable-libtesseract --enable-libtheora --enable-libvidstab --enable-libvmaf --enable-libvorbis --enable-libvpx --enable-libwebp --enable-libx264 --enable-libx265 --enable-libxml2 --enable-libxvid --enable-lzma --enable-libfontconfig --enable-libfreetype --enable-frei0r --enable-libass --enable-libopencore-amrnb --enable-libopencore-amrwb --enable-libopenjpeg --enable-libspeex --enable-libsoxr --enable-libzmq --enable-libzimg --disable-libjack --disable-indev=jack --enable-videotoolbox --enable-audiotoolbox --enable-neon
[stderr]   libavutil      59. 39.100 / 59. 39.100
[stderr]   libavcodec     61. 19.100 / 61. 19.100
[stderr]   libavformat    61.  7.100 / 61.  7.100
[stderr]   libavdevice    61.  3.100 / 61.  3.100
[stderr]   libavfilter    10.  4.100 / 10.  4.100
[stderr]   libswscale      8.  3.100 /  8.  3.100
[stderr]   libswresample   5.  3.100 /  5.  3.100
[stderr]   libpostproc    58.  3.100 / 58.  3.100
[stderr] Input #0, mov,mp4,m4a,3gp,3g2,mj2, from '/Users/johndoe/Documents/company/video_ops/scripts/abstract_algebra_in_proof_assistant/sets-v2-04-set-equality/takes/take-mrhmharr/source.mp4':
[stderr]   Metadata:
[stderr]     major_brand     : qt  
[stderr]     minor_version   : 0
[stderr]     compatible_brands: qt  
[stderr]     creation_time   : 2026-07-12T09:54:07.000000Z
[stderr]   Duration: 00:06:08.94, start: 0.000000, bitrate: 2946 kb/s
[stderr]   Stream #0:0[0x1](und): Video: hevc (Main) (hvc1 / 0x31637668), yuv420p(tv, smpte170m/bt709/bt709), 640x480, 2834 kb/s, 29.95 fps, 29.83 tbr, 600 tbn (default)
[stderr]       Metadata:
[stderr]         creation_time   : 2026-07-12T09:54:07.000000Z
[stderr]         handler_name    : Core Media Video
[stderr]         vendor_id       : [0][0][0][0]
[stderr]         encoder         : HEVC
[stderr]       Side data:
[stderr]         displaymatrix: rotation of -180.00 degrees
[stderr]   Stream #0:1[0x2](und): Audio: aac (LC) (mp4a / 0x6134706D), 48000 Hz, mono, fltp, 100 kb/s (default)
[stderr]       Metadata:
[stderr]         creation_time   : 2026-07-12T09:54:07.000000Z
[stderr]         handler_name    : Core Media Audio
[stderr]         vendor_id       : [0][0][0][0]
[stderr]   Stream #0:2[0x3](und): Data: none (mebx / 0x7862656D) (default)
[stderr]       Metadata:
[stderr]         creation_time   : 2026-07-12T09:54:07.000000Z
[stderr]         handler_name    : Core Media Metadata
[stderr] Stream mapping:
[stderr]   Stream #0:0 -> #0:0 (hevc (native) -> h264 (libx264))
[stderr]   Stream #0:1 -> #0:1 (aac (native) -> aac (native))
[stderr] Press [q] to stop, [?] for help
[stderr] [libx264 @ 0x130f0d3d0] using cpu capabilities: ARMv8 NEON
[stderr] [libx264 @ 0x130f0d3d0] profile High, level 3.0, 4:2:0, 8-bit
[stderr] [libx264 @ 0x130f0d3d0] 264 - core 164 r3108 31e19f9 - H.264/MPEG-4 AVC codec - Copyleft 2003-2023 - http://www.videolan.org/x264.html - options: cabac=1 ref=1 deblock=1:0:0 analyse=0x3:0x113 me=hex subme=2 psy=1 psy_rd=1.00:0.00 mixed_ref=0 me_range=16 chroma_me=1 trellis=0 8x8dct=1 cqm=0 deadzone=21,11 fast_pskip=1 chroma_qp_offset=0 threads=15 lookahead_threads=3 sliced_threads=0 nr=0 decimate=1 interlaced=0 bluray_compat=0 constrained_intra=0 bframes=3 b_pyramid=2 b_adapt=1 b_bias=0 direct=1 weightb=1 open_gop=0 weightp=1 keyint=250 keyint_min=25 scenecut=40 intra_refresh=0 rc_lookahead=10 rc=crf mbtree=1 crf=18.0 qcomp=0.60 qpmin=0 qpmax=69 qpstep=4 ip_ratio=1.40 aq=1:1.00
[stderr] Output #0, mp4, to '/Users/johndoe/Documents/company/video_ops/scripts/abstract_algebra_in_proof_assistant/sets-v2-04-set-equality/takes/take-mrhmharr/pipeline/cut/cut-mrhswgb9/chunks/chunk-015.mp4':
[stderr]   Metadata:
[stderr]     major_brand     : qt  
[stderr]     minor_version   : 0
[stderr]     compatible_brands: qt  
[stderr]     encoder         : Lavf61.7.100
[stderr]   Stream #0:0(und): Video: h264 (avc1 / 0x31637661), yuv420p(tv, smpte170m/bt709/bt709, progressive), 640x480, q=2-31, 29.83 fps, 11456 tbn (default)
[stderr]       Metadata:
[stderr]         creation_time   : 2026-07-12T09:54:07.000000Z
[stderr]         handler_name    : Core Media Video
[stderr]         vendor_id       : [0][0][0][0]
[stderr]         encoder         : Lavc61.19.100 libx264
[stderr]       Side data:
[stderr]         cpb: bitrate max/min/avg: 0/0/0 buffer size: 0 vbv_delay: N/A
[stderr]   Stream #0:1(und): Audio: aac (LC) (mp4a / 0x6134706D), 48000 Hz, mono, fltp, 69 kb/s (default)
[stderr]       Metadata:
[stderr]         creation_time   : 2026-07-12T09:54:07.000000Z
[stderr]         handler_name    : Core Media Audio
[stderr]         vendor_id       : [0][0][0][0]
[stderr]         encoder         : Lavc61.19.100 aac
[stderr] frame=   67 fps= 13 q=24.0 size=    1536KiB time=00:00:02.21 bitrate=5687.9kbits/s speed=0.44x    [stderr] [out#0/mp4 @ 0x130f0c5f0] video:6469KiB audio:2KiB subtitle:0KiB other streams:0KiB global headers:0KiB muxing overhead: 0.154610%
[stderr] frame=  242 fps= 44 q=-1.0 Lsize=    6480KiB time=00:00:08.07 bitrate=6571.7kbits/s speed=1.47x    
[stderr] [libx264 @ 0x130f0d3d0] frame I:3     Avg QP:21.47  size: 48981
[stderr] [libx264 @ 0x130f0d3d0] frame P:77    Avg QP:23.34  size: 39747
[stderr] [libx264 @ 0x130f0d3d0] frame B:162   Avg QP:25.33  size: 21086
[stderr] [libx264 @ 0x130f0d3d0] consecutive B-frames:  7.9%  5.8%  8.7% 77.7%
[stderr] [libx264 @ 0x130f0d3d0] mb I  I16..4:  3.7% 13.1% 83.2%
[stderr] [libx264 @ 0x130f0d3d0] mb P  I16..4:  2.6% 12.3% 30.0%  P16..4: 14.5% 15.4% 24.8%  0.0%  0.0%    skip: 0.5%
[stderr] [libx264 @ 0x130f0d3d0] mb B  I16..4:  0.9%  2.6%  2.8%  B16..8: 27.1% 19.9% 15.3%  direct:20.1%  skip:11.4%  L0:31.0% L1:31.6% BI:37.4%
[stderr] [libx264 @ 0x130f0d3d0] 8x8 transform intra:29.4% inter:37.5%
[stderr] [libx264 @ 0x130f0d3d0] coded y,uvDC,uvAC intra: 88.4% 74.0% 41.4% inter: 63.9% 34.7% 4.7%
[stderr] [libx264 @ 0x130f0d3d0] i16 v,h,dc,p: 47% 15% 22% 15%
[stderr] [libx264 @ 0x130f0d3d0] i8 v,h,dc,ddl,ddr,vr,hd,vl,hu: 25% 18% 15%  3%  9%  8%  7%  7%  8%
[stderr] [libx264 @ 0x130f0d3d0] i4 v,h,dc,ddl,ddr,vr,hd,vl,hu: 14% 19% 13%  4% 14%  9% 11%  6% 10%
[stderr] [libx264 @ 0x130f0d3d0] i8c dc,h,v,p: 48% 22% 20% 10%
[stderr] [libx264 @ 0x130f0d3d0] Weighted P-Frames: Y:16.9% UV:5.2%
[stderr] [libx264 @ 0x130f0d3d0] kb/s:6532.23
[stderr] [aac @ 0x130f72760] Qavg: 65440.512
[stderr] ffmpeg version 7.1 Copyright (c) 2000-2024 the FFmpeg developers
[stderr]   built with Apple clang version 15.0.0 (clang-1500.1.0.2.5)
[stderr]   configuration: --prefix=/opt/homebrew/Cellar/ffmpeg/7.1_3 --enable-shared --enable-pthreads --enable-version3 --cc=clang --host-cflags= --host-ldflags='-Wl,-ld_classic' --enable-ffplay --enable-gnutls --enable-gpl --enable-libaom --enable-libaribb24 --enable-libbluray --enable-libdav1d --enable-libharfbuzz --enable-libjxl --enable-libmp3lame --enable-libopus --enable-librav1e --enable-librist --enable-librubberband --enable-libsnappy --enable-libsrt --enable-libssh --enable-libsvtav1 --enable-libtesseract --enable-libtheora --enable-libvidstab --enable-libvmaf --enable-libvorbis --enable-libvpx --enable-libwebp --enable-libx264 --enable-libx265 --enable-libxml2 --enable-libxvid --enable-lzma --enable-libfontconfig --enable-libfreetype --enable-frei0r --enable-libass --enable-libopencore-amrnb --enable-libopencore-amrwb --enable-libopenjpeg --enable-libspeex --enable-libsoxr --enable-libzmq --enable-libzimg --disable-libjack --disable-indev=jack --enable-videotoolbox --enable-audiotoolbox --enable-neon
[stderr]   libavutil      59. 39.100 / 59. 39.100
[stderr]   libavcodec     61. 19.100 / 61. 19.100
[stderr]   libavformat    61.  7.100 / 61.  7.100
[stderr]   libavdevice    61.  3.100 / 61.  3.100
[stderr]   libavfilter    10.  4.100 / 10.  4.100
[stderr]   libswscale      8.  3.100 /  8.  3.100
[stderr]   libswresample   5.  3.100 /  5.  3.100
[stderr]   libpostproc    58.  3.100 / 58.  3.100
[stderr] Input #0, mov,mp4,m4a,3gp,3g2,mj2, from '/Users/johndoe/Documents/company/video_ops/scripts/abstract_algebra_in_proof_assistant/sets-v2-04-set-equality/takes/take-mrhmharr/source.mp4':
[stderr]   Metadata:
[stderr]     major_brand     : qt  
[stderr]     minor_version   : 0
[stderr]     compatible_brands: qt  
[stderr]     creation_time   : 2026-07-12T09:54:07.000000Z
[stderr]   Duration: 00:06:08.94, start: 0.000000, bitrate: 2946 kb/s
[stderr]   Stream #0:0[0x1](und): Video: hevc (Main) (hvc1 / 0x31637668), yuv420p(tv, smpte170m/bt709/bt709), 640x480, 2834 kb/s, 29.95 fps, 29.83 tbr, 600 tbn (default)
[stderr]       Metadata:
[stderr]         creation_time   : 2026-07-12T09:54:07.000000Z
[stderr]         handler_name    : Core Media Video
[stderr]         vendor_id       : [0][0][0][0]
[stderr]         encoder         : HEVC
[stderr]       Side data:
[stderr]         displaymatrix: rotation of -180.00 degrees
[stderr]   Stream #0:1[0x2](und): Audio: aac (LC) (mp4a / 0x6134706D), 48000 Hz, mono, fltp, 100 kb/s (default)
[stderr]       Metadata:
[stderr]         creation_time   : 2026-07-12T09:54:07.000000Z
[stderr]         handler_name    : Core Media Audio
[stderr]         vendor_id       : [0][0][0][0]
[stderr]   Stream #0:2[0x3](und): Data: none (mebx / 0x7862656D) (default)
[stderr]       Metadata:
[stderr]         creation_time   : 2026-07-12T09:54:07.000000Z
[stderr]         handler_name    : Core Media Metadata
[stderr] Stream mapping:
[stderr]   Stream #0:0 -> #0:0 (hevc (native) -> h264 (libx264))
[stderr]   Stream #0:1 -> #0:1 (aac (native) -> aac (native))
[stderr] Press [q] to stop, [?] for help
[stderr] [libx264 @ 0x12a60f240] using cpu capabilities: ARMv8 NEON
[stderr] [libx264 @ 0x12a60f240] profile High, level 3.0, 4:2:0, 8-bit
[stderr] [libx264 @ 0x12a60f240] 264 - core 164 r3108 31e19f9 - H.264/MPEG-4 AVC codec - Copyleft 2003-2023 - http://www.videolan.org/x264.html - options: cabac=1 ref=1 deblock=1:0:0 analyse=0x3:0x113 me=hex subme=2 psy=1 psy_rd=1.00:0.00 mixed_ref=0 me_range=16 chroma_me=1 trellis=0 8x8dct=1 cqm=0 deadzone=21,11 fast_pskip=1 chroma_qp_offset=0 threads=15 lookahead_threads=3 sliced_threads=0 nr=0 decimate=1 interlaced=0 bluray_compat=0 constrained_intra=0 bframes=3 b_pyramid=2 b_adapt=1 b_bias=0 direct=1 weightb=1 open_gop=0 weightp=1 keyint=250 keyint_min=25 scenecut=40 intra_refresh=0 rc_lookahead=10 rc=crf mbtree=1 crf=18.0 qcomp=0.60 qpmin=0 qpmax=69 qpstep=4 ip_ratio=1.40 aq=1:1.00
[stderr] Output #0, mp4, to '/Users/johndoe/Documents/company/video_ops/scripts/abstract_algebra_in_proof_assistant/sets-v2-04-set-equality/takes/take-mrhmharr/pipeline/cut/cut-mrhswgb9/chunks/chunk-016.mp4':
[stderr]   Metadata:
[stderr]     major_brand     : qt  
[stderr]     minor_version   : 0
[stderr]     compatible_brands: qt  
[stderr]     encoder         : Lavf61.7.100
[stderr]   Stream #0:0(und): Video: h264 (avc1 / 0x31637661), yuv420p(tv, smpte170m/bt709/bt709, progressive), 640x480, q=2-31, 29.83 fps, 11456 tbn (default)
[stderr]       Metadata:
[stderr]         creation_time   : 2026-07-12T09:54:07.000000Z
[stderr]         handler_name    : Core Media Video
[stderr]         vendor_id       : [0][0][0][0]
[stderr]         encoder         : Lavc61.19.100 libx264
[stderr]       Side data:
[stderr]         cpb: bitrate max/min/avg: 0/0/0 buffer size: 0 vbv_delay: N/A
[stderr]   Stream #0:1(und): Audio: aac (LC) (mp4a / 0x6134706D), 48000 Hz, mono, fltp, 69 kb/s (default)
[stderr]       Metadata:
[stderr]         creation_time   : 2026-07-12T09:54:07.000000Z
[stderr]         handler_name    : Core Media Audio
[stderr]         vendor_id       : [0][0][0][0]
[stderr]         encoder         : Lavc61.19.100 aac
[stderr] [out#0/mp4 @ 0x12a604590] video:492KiB audio:0KiB subtitle:0KiB other streams:0KiB global headers:0KiB muxing overhead: 0.446672%
[stderr] frame=   22 fps=3.6 q=-1.0 Lsize=     495KiB time=00:00:00.67 bitrate=6043.3kbits/s speed=0.11x    
[stderr] [libx264 @ 0x12a60f240] frame I:1     Avg QP:23.70  size: 38009
[stderr] [libx264 @ 0x12a60f240] frame P:7     Avg QP:22.47  size: 31945
[stderr] [libx264 @ 0x12a60f240] frame B:14    Avg QP:24.63  size: 17264
[stderr] [libx264 @ 0x12a60f240] consecutive B-frames: 13.6%  0.0% 13.6% 72.7%
[stderr] [libx264 @ 0x12a60f240] mb I  I16..4:  5.6% 21.7% 72.8%
[stderr] [libx264 @ 0x12a60f240] mb P  I16..4:  7.0% 13.3% 26.9%  P16..4: 14.3% 15.1% 22.9%  0.0%  0.0%    skip: 0.5%
[stderr] [libx264 @ 0x12a60f240] mb B  I16..4:  1.1%  4.3%  4.0%  B16..8: 28.0% 18.7% 12.3%  direct:17.9%  skip:13.7%  L0:34.3% L1:27.6% BI:38.1%
[stderr] [libx264 @ 0x12a60f240] 8x8 transform intra:31.2% inter:38.3%
[stderr] [libx264 @ 0x12a60f240] coded y,uvDC,uvAC intra: 83.7% 70.1% 39.5% inter: 57.1% 35.4% 5.4%
[stderr] [libx264 @ 0x12a60f240] i16 v,h,dc,p: 65%  9% 18%  8%
[stderr] [libx264 @ 0x12a60f240] i8 v,h,dc,ddl,ddr,vr,hd,vl,hu: 28% 15% 13%  3% 10% 11%  6%  7%  7%
[stderr] [libx264 @ 0x12a60f240] i4 v,h,dc,ddl,ddr,vr,hd,vl,hu: 13% 17% 13%  4% 15%  7% 13%  6% 11%
[stderr] [libx264 @ 0x12a60f240] i8c dc,h,v,p: 51% 21% 19%  9%
[stderr] [libx264 @ 0x12a60f240] Weighted P-Frames: Y:14.3% UV:0.0%
[stderr] [libx264 @ 0x12a60f240] kb/s:5460.33
[stderr] [aac @ 0x12a66e0a0] Qavg: 64491.059
[stderr] ffmpeg version 7.1 Copyright (c) 2000-2024 the FFmpeg developers
[stderr]   built with Apple clang version 15.0.0 (clang-1500.1.0.2.5)
[stderr]   configuration: --prefix=/opt/homebrew/Cellar/ffmpeg/7.1_3 --enable-shared --enable-pthreads --enable-version3 --cc=clang --host-cflags= --host-ldflags='-Wl,-ld_classic' --enable-ffplay --enable-gnutls --enable-gpl --enable-libaom --enable-libaribb24 --enable-libbluray --enable-libdav1d --enable-libharfbuzz --enable-libjxl --enable-libmp3lame --enable-libopus --enable-librav1e --enable-librist --enable-librubberband --enable-libsnappy --enable-libsrt --enable-libssh --enable-libsvtav1 --enable-libtesseract --enable-libtheora --enable-libvidstab --enable-libvmaf --enable-libvorbis --enable-libvpx --enable-libwebp --enable-libx264 --enable-libx265 --enable-libxml2 --enable-libxvid --enable-lzma --enable-libfontconfig --enable-libfreetype --enable-frei0r --enable-libass --enable-libopencore-amrnb --enable-libopencore-amrwb --enable-libopenjpeg --enable-libspeex --enable-libsoxr --enable-libzmq --enable-libzimg --disable-libjack --disable-indev=jack --enable-videotoolbox --enable-audiotoolbox --enable-neon
[stderr]   libavutil      59. 39.100 / 59. 39.100
[stderr]   libavcodec     61. 19.100 / 61. 19.100
[stderr]   libavformat    61.  7.100 / 61.  7.100
[stderr]   libavdevice    61.  3.100 / 61.  3.100
[stderr]   libavfilter    10.  4.100 / 10.  4.100
[stderr]   libswscale      8.  3.100 /  8.  3.100
[stderr]   libswresample   5.  3.100 /  5.  3.100
[stderr]   libpostproc    58.  3.100 / 58.  3.100
[stderr] Input #0, mov,mp4,m4a,3gp,3g2,mj2, from '/Users/johndoe/Documents/company/video_ops/scripts/abstract_algebra_in_proof_assistant/sets-v2-04-set-equality/takes/take-mrhmharr/source.mp4':
[stderr]   Metadata:
[stderr]     major_brand     : qt  
[stderr]     minor_version   : 0
[stderr]     compatible_brands: qt  
[stderr]     creation_time   : 2026-07-12T09:54:07.000000Z
[stderr]   Duration: 00:06:08.94, start: 0.000000, bitrate: 2946 kb/s
[stderr]   Stream #0:0[0x1](und): Video: hevc (Main) (hvc1 / 0x31637668), yuv420p(tv, smpte170m/bt709/bt709), 640x480, 2834 kb/s, 29.95 fps, 29.83 tbr, 600 tbn (default)
[stderr]       Metadata:
[stderr]         creation_time   : 2026-07-12T09:54:07.000000Z
[stderr]         handler_name    : Core Media Video
[stderr]         vendor_id       : [0][0][0][0]
[stderr]         encoder         : HEVC
[stderr]       Side data:
[stderr]         displaymatrix: rotation of -180.00 degrees
[stderr]   Stream #0:1[0x2](und): Audio: aac (LC) (mp4a / 0x6134706D), 48000 Hz, mono, fltp, 100 kb/s (default)
[stderr]       Metadata:
[stderr]         creation_time   : 2026-07-12T09:54:07.000000Z
[stderr]         handler_name    : Core Media Audio
[stderr]         vendor_id       : [0][0][0][0]
[stderr]   Stream #0:2[0x3](und): Data: none (mebx / 0x7862656D) (default)
[stderr]       Metadata:
[stderr]         creation_time   : 2026-07-12T09:54:07.000000Z
[stderr]         handler_name    : Core Media Metadata
[stderr] Stream mapping:
[stderr]   Stream #0:0 -> #0:0 (hevc (native) -> h264 (libx264))
[stderr]   Stream #0:1 -> #0:1 (aac (native) -> aac (native))
[stderr] Press [q] to stop, [?] for help
[stderr] [libx264 @ 0x145f07380] using cpu capabilities: ARMv8 NEON
[stderr] [libx264 @ 0x145f07380] profile High, level 3.0, 4:2:0, 8-bit
[stderr] [libx264 @ 0x145f07380] 264 - core 164 r3108 31e19f9 - H.264/MPEG-4 AVC codec - Copyleft 2003-2023 - http://www.videolan.org/x264.html - options: cabac=1 ref=1 deblock=1:0:0 analyse=0x3:0x113 me=hex subme=2 psy=1 psy_rd=1.00:0.00 mixed_ref=0 me_range=16 chroma_me=1 trellis=0 8x8dct=1 cqm=0 deadzone=21,11 fast_pskip=1 chroma_qp_offset=0 threads=15 lookahead_threads=3 sliced_threads=0 nr=0 decimate=1 interlaced=0 bluray_compat=0 constrained_intra=0 bframes=3 b_pyramid=2 b_adapt=1 b_bias=0 direct=1 weightb=1 open_gop=0 weightp=1 keyint=250 keyint_min=25 scenecut=40 intra_refresh=0 rc_lookahead=10 rc=crf mbtree=1 crf=18.0 qcomp=0.60 qpmin=0 qpmax=69 qpstep=4 ip_ratio=1.40 aq=1:1.00
[stderr] Output #0, mp4, to '/Users/johndoe/Documents/company/video_ops/scripts/abstract_algebra_in_proof_assistant/sets-v2-04-set-equality/takes/take-mrhmharr/pipeline/cut/cut-mrhswgb9/chunks/chunk-017.mp4':
[stderr]   Metadata:
[stderr]     major_brand     : qt  
[stderr]     minor_version   : 0
[stderr]     compatible_brands: qt  
[stderr]     encoder         : Lavf61.7.100
[stderr]   Stream #0:0(und): Video: h264 (avc1 / 0x31637661), yuv420p(tv, smpte170m/bt709/bt709, progressive), 640x480, q=2-31, 29.83 fps, 11456 tbn (default)
[stderr]       Metadata:
[stderr]         creation_time   : 2026-07-12T09:54:07.000000Z
[stderr]         handler_name    : Core Media Video
[stderr]         vendor_id       : [0][0][0][0]
[stderr]         encoder         : Lavc61.19.100 libx264
[stderr]       Side data:
[stderr]         cpb: bitrate max/min/avg: 0/0/0 buffer size: 0 vbv_delay: N/A
[stderr]   Stream #0:1(und): Audio: aac (LC) (mp4a / 0x6134706D), 48000 Hz, mono, fltp, 69 kb/s (default)
[stderr]       Metadata:
[stderr]         creation_time   : 2026-07-12T09:54:07.000000Z
[stderr]         handler_name    : Core Media Audio
[stderr]         vendor_id       : [0][0][0][0]
[stderr]         encoder         : Lavc61.19.100 aac
[stderr] [out#0/mp4 @ 0x145f063e0] video:3710KiB audio:1KiB subtitle:0KiB other streams:0KiB global headers:0KiB muxing overhead: 0.184110%
[stderr] frame=  153 fps= 26 q=-1.0 Lsize=    3718KiB time=00:00:05.06 bitrate=6017.1kbits/s speed=0.847x    
[stderr] [libx264 @ 0x145f07380] frame I:2     Avg QP:20.55  size: 49082
[stderr] [libx264 @ 0x145f07380] frame P:45    Avg QP:22.73  size: 41476
[stderr] [libx264 @ 0x145f07380] frame B:106   Avg QP:25.23  size: 17299
[stderr] [libx264 @ 0x145f07380] consecutive B-frames:  5.9%  3.9%  3.9% 86.3%
[stderr] [libx264 @ 0x145f07380] mb I  I16..4:  5.8% 10.8% 83.4%
[stderr] [libx264 @ 0x145f07380] mb P  I16..4:  3.0%  7.7% 22.9%  P16..4: 17.4% 18.8% 29.2%  0.0%  0.0%    skip: 1.0%
[stderr] [libx264 @ 0x145f07380] mb B  I16..4:  0.5%  0.5%  1.5%  B16..8: 29.9% 17.5% 12.1%  direct:20.5%  skip:17.5%  L0:29.6% L1:30.8% BI:39.6%
[stderr] [libx264 @ 0x145f07380] 8x8 transform intra:21.4% inter:33.7%
[stderr] [libx264 @ 0x145f07380] coded y,uvDC,uvAC intra: 88.8% 80.8% 50.4% inter: 56.0% 31.3% 5.9%
[stderr] [libx264 @ 0x145f07380] i16 v,h,dc,p: 62% 11% 20%  7%
[stderr] [libx264 @ 0x145f07380] i8 v,h,dc,ddl,ddr,vr,hd,vl,hu: 23% 18% 15%  3%  9%  8%  8%  7%  8%
[stderr] [libx264 @ 0x145f07380] i4 v,h,dc,ddl,ddr,vr,hd,vl,hu: 15% 18% 13%  4% 13%  8% 10%  8% 11%
[stderr] [libx264 @ 0x145f07380] i8c dc,h,v,p: 48% 20% 20% 12%
[stderr] [libx264 @ 0x145f07380] Weighted P-Frames: Y:20.0% UV:2.2%
[stderr] [libx264 @ 0x145f07380] kb/s:5924.93
[stderr] [aac @ 0x146a160b0] Qavg: 65384.246
[stderr] ffmpeg version 7.1 Copyright (c) 2000-2024 the FFmpeg developers
[stderr]   built with Apple clang version 15.0.0 (clang-1500.1.0.2.5)
[stderr]   configuration: --prefix=/opt/homebrew/Cellar/ffmpeg/7.1_3 --enable-shared --enable-pthreads --enable-version3 --cc=clang --host-cflags= --host-ldflags='-Wl,-ld_classic' --enable-ffplay --enable-gnutls --enable-gpl --enable-libaom --enable-libaribb24 --enable-libbluray --enable-libdav1d --enable-libharfbuzz --enable-libjxl --enable-libmp3lame --enable-libopus --enable-librav1e --enable-librist --enable-librubberband --enable-libsnappy --enable-libsrt --enable-libssh --enable-libsvtav1 --enable-libtesseract --enable-libtheora --enable-libvidstab --enable-libvmaf --enable-libvorbis --enable-libvpx --enable-libwebp --enable-libx264 --enable-libx265 --enable-libxml2 --enable-libxvid --enable-lzma --enable-libfontconfig --enable-libfreetype --enable-frei0r --enable-libass --enable-libopencore-amrnb --enable-libopencore-amrwb --enable-libopenjpeg --enable-libspeex --enable-libsoxr --enable-libzmq --enable-libzimg --disable-libjack --disable-indev=jack --enable-videotoolbox --enable-audiotoolbox --enable-neon
[stderr]   libavutil      59. 39.100 / 59. 39.100
[stderr]   libavcodec     61. 19.100 / 61. 19.100
[stderr]   libavformat    61.  7.100 / 61.  7.100
[stderr]   libavdevice    61.  3.100 / 61.  3.100
[stderr]   libavfilter    10.  4.100 / 10.  4.100
[stderr]   libswscale      8.  3.100 /  8.  3.100
[stderr]   libswresample   5.  3.100 /  5.  3.100
[stderr]   libpostproc    58.  3.100 / 58.  3.100
[stderr] Input #0, mov,mp4,m4a,3gp,3g2,mj2, from '/Users/johndoe/Documents/company/video_ops/scripts/abstract_algebra_in_proof_assistant/sets-v2-04-set-equality/takes/take-mrhmharr/source.mp4':
[stderr]   Metadata:
[stderr]     major_brand     : qt  
[stderr]     minor_version   : 0
[stderr]     compatible_brands: qt  
[stderr]     creation_time   : 2026-07-12T09:54:07.000000Z
[stderr]   Duration: 00:06:08.94, start: 0.000000, bitrate: 2946 kb/s
[stderr]   Stream #0:0[0x1](und): Video: hevc (Main) (hvc1 / 0x31637668), yuv420p(tv, smpte170m/bt709/bt709), 640x480, 2834 kb/s, 29.95 fps, 29.83 tbr, 600 tbn (default)
[stderr]       Metadata:
[stderr]         creation_time   : 2026-07-12T09:54:07.000000Z
[stderr]         handler_name    : Core Media Video
[stderr]         vendor_id       : [0][0][0][0]
[stderr]         encoder         : HEVC
[stderr]       Side data:
[stderr]         displaymatrix: rotation of -180.00 degrees
[stderr]   Stream #0:1[0x2](und): Audio: aac (LC) (mp4a / 0x6134706D), 48000 Hz, mono, fltp, 100 kb/s (default)
[stderr]       Metadata:
[stderr]         creation_time   : 2026-07-12T09:54:07.000000Z
[stderr]         handler_name    : Core Media Audio
[stderr]         vendor_id       : [0][0][0][0]
[stderr]   Stream #0:2[0x3](und): Data: none (mebx / 0x7862656D) (default)
[stderr]       Metadata:
[stderr]         creation_time   : 2026-07-12T09:54:07.000000Z
[stderr]         handler_name    : Core Media Metadata
[stderr] Stream mapping:
[stderr]   Stream #0:0 -> #0:0 (hevc (native) -> h264 (libx264))
[stderr]   Stream #0:1 -> #0:1 (aac (native) -> aac (native))
[stderr] Press [q] to stop, [?] for help
[stderr] [libx264 @ 0x10ae05dd0] using cpu capabilities: ARMv8 NEON
[stderr] [libx264 @ 0x10ae05dd0] profile High, level 3.0, 4:2:0, 8-bit
[stderr] [libx264 @ 0x10ae05dd0] 264 - core 164 r3108 31e19f9 - H.264/MPEG-4 AVC codec - Copyleft 2003-2023 - http://www.videolan.org/x264.html - options: cabac=1 ref=1 deblock=1:0:0 analyse=0x3:0x113 me=hex subme=2 psy=1 psy_rd=1.00:0.00 mixed_ref=0 me_range=16 chroma_me=1 trellis=0 8x8dct=1 cqm=0 deadzone=21,11 fast_pskip=1 chroma_qp_offset=0 threads=15 lookahead_threads=3 sliced_threads=0 nr=0 decimate=1 interlaced=0 bluray_compat=0 constrained_intra=0 bframes=3 b_pyramid=2 b_adapt=1 b_bias=0 direct=1 weightb=1 open_gop=0 weightp=1 keyint=250 keyint_min=25 scenecut=40 intra_refresh=0 rc_lookahead=10 rc=crf mbtree=1 crf=18.0 qcomp=0.60 qpmin=0 qpmax=69 qpstep=4 ip_ratio=1.40 aq=1:1.00
[stderr] Output #0, mp4, to '/Users/johndoe/Documents/company/video_ops/scripts/abstract_algebra_in_proof_assistant/sets-v2-04-set-equality/takes/take-mrhmharr/pipeline/cut/cut-mrhswgb9/chunks/chunk-018.mp4':
[stderr]   Metadata:
[stderr]     major_brand     : qt  
[stderr]     minor_version   : 0
[stderr]     compatible_brands: qt  
[stderr]     encoder         : Lavf61.7.100
[stderr]   Stream #0:0(und): Video: h264 (avc1 / 0x31637661), yuv420p(tv, smpte170m/bt709/bt709, progressive), 640x480, q=2-31, 29.83 fps, 11456 tbn (default)
[stderr]       Metadata:
[stderr]         creation_time   : 2026-07-12T09:54:07.000000Z
[stderr]         handler_name    : Core Media Video
[stderr]         vendor_id       : [0][0][0][0]
[stderr]         encoder         : Lavc61.19.100 libx264
[stderr]       Side data:
[stderr]         cpb: bitrate max/min/avg: 0/0/0 buffer size: 0 vbv_delay: N/A
[stderr]   Stream #0:1(und): Audio: aac (LC) (mp4a / 0x6134706D), 48000 Hz, mono, fltp, 69 kb/s (default)
[stderr]       Metadata:
[stderr]         creation_time   : 2026-07-12T09:54:07.000000Z
[stderr]         handler_name    : Core Media Audio
[stderr]         vendor_id       : [0][0][0][0]
[stderr]         encoder         : Lavc61.19.100 aac
[stderr] [out#0/mp4 @ 0x10ae04980] video:3582KiB audio:1KiB subtitle:0KiB other streams:0KiB global headers:0KiB muxing overhead: 0.182965%
[stderr] frame=  144 fps= 21 q=-1.0 Lsize=    3589KiB time=00:00:04.79 bitrate=6133.9kbits/s speed=0.691x    
[stderr] [libx264 @ 0x10ae05dd0] frame I:1     Avg QP:21.88  size: 54627
[stderr] [libx264 @ 0x10ae05dd0] frame P:42    Avg QP:23.03  size: 40151
[stderr] [libx264 @ 0x10ae05dd0] frame B:101   Avg QP:25.33  size: 19068
[stderr] [libx264 @ 0x10ae05dd0] consecutive B-frames:  4.2%  5.6%  4.2% 86.1%
[stderr] [libx264 @ 0x10ae05dd0] mb I  I16..4:  2.0% 13.2% 84.8%
[stderr] [libx264 @ 0x10ae05dd0] mb P  I16..4:  2.0%  8.1% 27.6%  P16..4: 16.2% 17.7% 27.8%  0.0%  0.0%    skip: 0.5%
[stderr] [libx264 @ 0x10ae05dd0] mb B  I16..4:  0.6%  1.0%  1.9%  B16..8: 30.0% 19.4% 13.9%  direct:19.7%  skip:13.5%  L0:30.5% L1:29.8% BI:39.7%
[stderr] [libx264 @ 0x10ae05dd0] 8x8 transform intra:22.4% inter:33.9%
[stderr] [libx264 @ 0x10ae05dd0] coded y,uvDC,uvAC intra: 90.8% 78.5% 45.3% inter: 59.1% 30.4% 4.6%
[stderr] [libx264 @ 0x10ae05dd0] i16 v,h,dc,p: 49% 22% 21%  9%
[stderr] [libx264 @ 0x10ae05dd0] i8 v,h,dc,ddl,ddr,vr,hd,vl,hu: 21% 19% 15%  4%  9%  8%  8%  7% 10%
[stderr] [libx264 @ 0x10ae05dd0] i4 v,h,dc,ddl,ddr,vr,hd,vl,hu: 15% 17% 14%  4% 14%  8% 10%  7% 11%
[stderr] [libx264 @ 0x10ae05dd0] i8c dc,h,v,p: 49% 20% 21% 10%
[stderr] [libx264 @ 0x10ae05dd0] Weighted P-Frames: Y:11.9% UV:4.8%
[stderr] [libx264 @ 0x10ae05dd0] kb/s:6077.47
[stderr] [aac @ 0x10ae6b170] Qavg: 65375.594
[stderr] ffmpeg version 7.1 Copyright (c) 2000-2024 the FFmpeg developers
[stderr]   built with Apple clang version 15.0.0 (clang-1500.1.0.2.5)
[stderr]   configuration: --prefix=/opt/homebrew/Cellar/ffmpeg/7.1_3 --enable-shared --enable-pthreads --enable-version3 --cc=clang --host-cflags= --host-ldflags='-Wl,-ld_classic' --enable-ffplay --enable-gnutls --enable-gpl --enable-libaom --enable-libaribb24 --enable-libbluray --enable-libdav1d --enable-libharfbuzz --enable-libjxl --enable-libmp3lame --enable-libopus --enable-librav1e --enable-librist --enable-librubberband --enable-libsnappy --enable-libsrt --enable-libssh --enable-libsvtav1 --enable-libtesseract --enable-libtheora --enable-libvidstab --enable-libvmaf --enable-libvorbis --enable-libvpx --enable-libwebp --enable-libx264 --enable-libx265 --enable-libxml2 --enable-libxvid --enable-lzma --enable-libfontconfig --enable-libfreetype --enable-frei0r --enable-libass --enable-libopencore-amrnb --enable-libopencore-amrwb --enable-libopenjpeg --enable-libspeex --enable-libsoxr --enable-libzmq --enable-libzimg --disable-libjack --disable-indev=jack --enable-videotoolbox --enable-audiotoolbox --enable-neon
[stderr]   libavutil      59. 39.100 / 59. 39.100
[stderr]   libavcodec     61. 19.100 / 61. 19.100
[stderr]   libavformat    61.  7.100 / 61.  7.100
[stderr]   libavdevice    61.  3.100 / 61.  3.100
[stderr]   libavfilter    10.  4.100 / 10.  4.100
[stderr]   libswscale      8.  3.100 /  8.  3.100
[stderr]   libswresample   5.  3.100 /  5.  3.100
[stderr]   libpostproc    58.  3.100 / 58.  3.100
[stderr] Input #0, mov,mp4,m4a,3gp,3g2,mj2, from '/Users/johndoe/Documents/company/video_ops/scripts/abstract_algebra_in_proof_assistant/sets-v2-04-set-equality/takes/take-mrhmharr/source.mp4':
[stderr]   Metadata:
[stderr]     major_brand     : qt  
[stderr]     minor_version   : 0
[stderr]     compatible_brands: qt  
[stderr]     creation_time   : 2026-07-12T09:54:07.000000Z
[stderr]   Duration: 00:06:08.94, start: 0.000000, bitrate: 2946 kb/s
[stderr]   Stream #0:0[0x1](und): Video: hevc (Main) (hvc1 / 0x31637668), yuv420p(tv, smpte170m/bt709/bt709), 640x480, 2834 kb/s, 29.95 fps, 29.83 tbr, 600 tbn (default)
[stderr]       Metadata:
[stderr]         creation_time   : 2026-07-12T09:54:07.000000Z
[stderr]         handler_name    : Core Media Video
[stderr]         vendor_id       : [0][0][0][0]
[stderr]         encoder         : HEVC
[stderr]       Side data:
[stderr]         displaymatrix: rotation of -180.00 degrees
[stderr]   Stream #0:1[0x2](und): Audio: aac (LC) (mp4a / 0x6134706D), 48000 Hz, mono, fltp, 100 kb/s (default)
[stderr]       Metadata:
[stderr]         creation_time   : 2026-07-12T09:54:07.000000Z
[stderr]         handler_name    : Core Media Audio
[stderr]         vendor_id       : [0][0][0][0]
[stderr]   Stream #0:2[0x3](und): Data: none (mebx / 0x7862656D) (default)
[stderr]       Metadata:
[stderr]         creation_time   : 2026-07-12T09:54:07.000000Z
[stderr]         handler_name    : Core Media Metadata
[stderr] Stream mapping:
[stderr]   Stream #0:0 -> #0:0 (hevc (native) -> h264 (libx264))
[stderr]   Stream #0:1 -> #0:1 (aac (native) -> aac (native))
[stderr] Press [q] to stop, [?] for help
[stderr] [libx264 @ 0x15581a810] using cpu capabilities: ARMv8 NEON
[stderr] [libx264 @ 0x15581a810] profile High, level 3.0, 4:2:0, 8-bit
[stderr] [libx264 @ 0x15581a810] 264 - core 164 r3108 31e19f9 - H.264/MPEG-4 AVC codec - Copyleft 2003-2023 - http://www.videolan.org/x264.html - options: cabac=1 ref=1 deblock=1:0:0 analyse=0x3:0x113 me=hex subme=2 psy=1 psy_rd=1.00:0.00 mixed_ref=0 me_range=16 chroma_me=1 trellis=0 8x8dct=1 cqm=0 deadzone=21,11 fast_pskip=1 chroma_qp_offset=0 threads=15 lookahead_threads=3 sliced_threads=0 nr=0 decimate=1 interlaced=0 bluray_compat=0 constrained_intra=0 bframes=3 b_pyramid=2 b_adapt=1 b_bias=0 direct=1 weightb=1 open_gop=0 weightp=1 keyint=250 keyint_min=25 scenecut=40 intra_refresh=0 rc_lookahead=10 rc=crf mbtree=1 crf=18.0 qcomp=0.60 qpmin=0 qpmax=69 qpstep=4 ip_ratio=1.40 aq=1:1.00
[stderr] Output #0, mp4, to '/Users/johndoe/Documents/company/video_ops/scripts/abstract_algebra_in_proof_assistant/sets-v2-04-set-equality/takes/take-mrhmharr/pipeline/cut/cut-mrhswgb9/chunks/chunk-019.mp4':
[stderr]   Metadata:
[stderr]     major_brand     : qt  
[stderr]     minor_version   : 0
[stderr]     compatible_brands: qt  
[stderr]     encoder         : Lavf61.7.100
[stderr]   Stream #0:0(und): Video: h264 (avc1 / 0x31637661), yuv420p(tv, smpte170m/bt709/bt709, progressive), 640x480, q=2-31, 29.83 fps, 11456 tbn (default)
[stderr]       Metadata:
[stderr]         creation_time   : 2026-07-12T09:54:07.000000Z
[stderr]         handler_name    : Core Media Video
[stderr]         vendor_id       : [0][0][0][0]
[stderr]         encoder         : Lavc61.19.100 libx264
[stderr]       Side data:
[stderr]         cpb: bitrate max/min/avg: 0/0/0 buffer size: 0 vbv_delay: N/A
[stderr]   Stream #0:1(und): Audio: aac (LC) (mp4a / 0x6134706D), 48000 Hz, mono, fltp, 69 kb/s (default)
[stderr]       Metadata:
[stderr]         creation_time   : 2026-07-12T09:54:07.000000Z
[stderr]         handler_name    : Core Media Audio
[stderr]         vendor_id       : [0][0][0][0]
[stderr]         encoder         : Lavc61.19.100 aac
[stderr] frame=   45 fps=7.5 q=24.0 size=    1024KiB time=00:00:01.44 bitrate=5820.3kbits/s speed=0.239x    [stderr] [out#0/mp4 @ 0x155819a30] video:3160KiB audio:1KiB subtitle:0KiB other streams:0KiB global headers:0KiB muxing overhead: 0.184644%
[stderr] frame=  125 fps= 20 q=-1.0 Lsize=    3166KiB time=00:00:04.12 bitrate=6291.6kbits/s speed=0.667x    
[stderr] [libx264 @ 0x15581a810] frame I:2     Avg QP:21.72  size: 50092
[stderr] [libx264 @ 0x15581a810] frame P:39    Avg QP:23.28  size: 39444
[stderr] [libx264 @ 0x15581a810] frame B:84    Avg QP:25.48  size: 19006
[stderr] [libx264 @ 0x15581a810] consecutive B-frames:  7.2%  6.4%  9.6% 76.8%
[stderr] [libx264 @ 0x15581a810] mb I  I16..4:  4.8%  8.0% 87.2%
[stderr] [libx264 @ 0x15581a810] mb P  I16..4:  2.3%  6.9% 26.1%  P16..4: 17.4% 18.1% 28.5%  0.0%  0.0%    skip: 0.8%
[stderr] [libx264 @ 0x15581a810] mb B  I16..4:  0.8%  1.0%  2.2%  B16..8: 30.0% 19.4% 13.5%  direct:19.9%  skip:13.1%  L0:27.8% L1:31.9% BI:40.2%
[stderr] [libx264 @ 0x15581a810] 8x8 transform intra:19.4% inter:35.5%
[stderr] [libx264 @ 0x15581a810] coded y,uvDC,uvAC intra: 90.5% 80.8% 46.1% inter: 60.9% 32.3% 5.1%
[stderr] [libx264 @ 0x15581a810] i16 v,h,dc,p: 51% 21% 20%  8%
[stderr] [libx264 @ 0x15581a810] i8 v,h,dc,ddl,ddr,vr,hd,vl,hu: 19% 20% 14%  3%  9%  8%  9%  8% 10%
[stderr] [libx264 @ 0x15581a810] i4 v,h,dc,ddl,ddr,vr,hd,vl,hu: 16% 18% 14%  4% 13%  9%  9%  7% 11%
[stderr] [libx264 @ 0x15581a810] i8c dc,h,v,p: 47% 22% 21% 10%
[stderr] [libx264 @ 0x15581a810] Weighted P-Frames: Y:25.6% UV:2.6%
[stderr] [libx264 @ 0x15581a810] kb/s:6176.70
[stderr] [aac @ 0x15471b560] Qavg: 65349.402
[stderr] ffmpeg version 7.1 Copyright (c) 2000-2024 the FFmpeg developers
[stderr]   built with Apple clang version 15.0.0 (clang-1500.1.0.2.5)
[stderr]   configuration: --prefix=/opt/homebrew/Cellar/ffmpeg/7.1_3 --enable-shared --enable-pthreads --enable-version3 --cc=clang --host-cflags= --host-ldflags='-Wl,-ld_classic' --enable-ffplay --enable-gnutls --enable-gpl --enable-libaom --enable-libaribb24 --enable-libbluray --enable-libdav1d --enable-libharfbuzz --enable-libjxl --enable-libmp3lame --enable-libopus --enable-librav1e --enable-librist --enable-librubberband --enable-libsnappy --enable-libsrt --enable-libssh --enable-libsvtav1 --enable-libtesseract --enable-libtheora --enable-libvidstab --enable-libvmaf --enable-libvorbis --enable-libvpx --enable-libwebp --enable-libx264 --enable-libx265 --enable-libxml2 --enable-libxvid --enable-lzma --enable-libfontconfig --enable-libfreetype --enable-frei0r --enable-libass --enable-libopencore-amrnb --enable-libopencore-amrwb --enable-libopenjpeg --enable-libspeex --enable-libsoxr --enable-libzmq --enable-libzimg --disable-libjack --disable-indev=jack --enable-videotoolbox --enable-audiotoolbox --enable-neon
[stderr]   libavutil      59. 39.100 / 59. 39.100
[stderr]   libavcodec     61. 19.100 / 61. 19.100
[stderr]   libavformat    61.  7.100 / 61.  7.100
[stderr]   libavdevice    61.  3.100 / 61.  3.100
[stderr]   libavfilter    10.  4.100 / 10.  4.100
[stderr]   libswscale      8.  3.100 /  8.  3.100
[stderr]   libswresample   5.  3.100 /  5.  3.100
[stderr]   libpostproc    58.  3.100 / 58.  3.100
[stderr] Input #0, mov,mp4,m4a,3gp,3g2,mj2, from '/Users/johndoe/Documents/company/video_ops/scripts/abstract_algebra_in_proof_assistant/sets-v2-04-set-equality/takes/take-mrhmharr/source.mp4':
[stderr]   Metadata:
[stderr]     major_brand     : qt  
[stderr]     minor_version   : 0
[stderr]     compatible_brands: qt  
[stderr]     creation_time   : 2026-07-12T09:54:07.000000Z
[stderr]   Duration: 00:06:08.94, start: 0.000000, bitrate: 2946 kb/s
[stderr]   Stream #0:0[0x1](und): Video: hevc (Main) (hvc1 / 0x31637668), yuv420p(tv, smpte170m/bt709/bt709), 640x480, 2834 kb/s, 29.95 fps, 29.83 tbr, 600 tbn (default)
[stderr]       Metadata:
[stderr]         creation_time   : 2026-07-12T09:54:07.000000Z
[stderr]         handler_name    : Core Media Video
[stderr]         vendor_id       : [0][0][0][0]
[stderr]         encoder         : HEVC
[stderr]       Side data:
[stderr]         displaymatrix: rotation of -180.00 degrees
[stderr]   Stream #0:1[0x2](und): Audio: aac (LC) (mp4a / 0x6134706D), 48000 Hz, mono, fltp, 100 kb/s (default)
[stderr]       Metadata:
[stderr]         creation_time   : 2026-07-12T09:54:07.000000Z
[stderr]         handler_name    : Core Media Audio
[stderr]         vendor_id       : [0][0][0][0]
[stderr]   Stream #0:2[0x3](und): Data: none (mebx / 0x7862656D) (default)
[stderr]       Metadata:
[stderr]         creation_time   : 2026-07-12T09:54:07.000000Z
[stderr]         handler_name    : Core Media Metadata
[stderr] Stream mapping:
[stderr]   Stream #0:0 -> #0:0 (hevc (native) -> h264 (libx264))
[stderr]   Stream #0:1 -> #0:1 (aac (native) -> aac (native))
[stderr] Press [q] to stop, [?] for help
[stderr] [libx264 @ 0x107407160] using cpu capabilities: ARMv8 NEON
[stderr] [libx264 @ 0x107407160] profile High, level 3.0, 4:2:0, 8-bit
[stderr] [libx264 @ 0x107407160] 264 - core 164 r3108 31e19f9 - H.264/MPEG-4 AVC codec - Copyleft 2003-2023 - http://www.videolan.org/x264.html - options: cabac=1 ref=1 deblock=1:0:0 analyse=0x3:0x113 me=hex subme=2 psy=1 psy_rd=1.00:0.00 mixed_ref=0 me_range=16 chroma_me=1 trellis=0 8x8dct=1 cqm=0 deadzone=21,11 fast_pskip=1 chroma_qp_offset=0 threads=15 lookahead_threads=3 sliced_threads=0 nr=0 decimate=1 interlaced=0 bluray_compat=0 constrained_intra=0 bframes=3 b_pyramid=2 b_adapt=1 b_bias=0 direct=1 weightb=1 open_gop=0 weightp=1 keyint=250 keyint_min=25 scenecut=40 intra_refresh=0 rc_lookahead=10 rc=crf mbtree=1 crf=18.0 qcomp=0.60 qpmin=0 qpmax=69 qpstep=4 ip_ratio=1.40 aq=1:1.00
[stderr] Output #0, mp4, to '/Users/johndoe/Documents/company/video_ops/scripts/abstract_algebra_in_proof_assistant/sets-v2-04-set-equality/takes/take-mrhmharr/pipeline/cut/cut-mrhswgb9/chunks/chunk-020.mp4':
[stderr]   Metadata:
[stderr]     major_brand     : qt  
[stderr]     minor_version   : 0
[stderr]     compatible_brands: qt  
[stderr]     encoder         : Lavf61.7.100
[stderr]   Stream #0:0(und): Video: h264 (avc1 / 0x31637661), yuv420p(tv, smpte170m/bt709/bt709, progressive), 640x480, q=2-31, 29.83 fps, 11456 tbn (default)
[stderr]       Metadata:
[stderr]         creation_time   : 2026-07-12T09:54:07.000000Z
[stderr]         handler_name    : Core Media Video
[stderr]         vendor_id       : [0][0][0][0]
[stderr]         encoder         : Lavc61.19.100 libx264
[stderr]       Side data:
[stderr]         cpb: bitrate max/min/avg: 0/0/0 buffer size: 0 vbv_delay: N/A
[stderr]   Stream #0:1(und): Audio: aac (LC) (mp4a / 0x6134706D), 48000 Hz, mono, fltp, 69 kb/s (default)
[stderr]       Metadata:
[stderr]         creation_time   : 2026-07-12T09:54:07.000000Z
[stderr]         handler_name    : Core Media Audio
[stderr]         vendor_id       : [0][0][0][0]
[stderr]         encoder         : Lavc61.19.100 aac
[stderr] frame=   18 fps=2.6 q=24.0 size=     256KiB time=00:00:00.53 bitrate=3911.0kbits/s speed=0.0762x    [stderr] [out#0/mp4 @ 0x107404770] video:2746KiB audio:1KiB subtitle:0KiB other streams:0KiB global headers:0KiB muxing overhead: 0.197546%
[stderr] frame=  113 fps= 16 q=-1.0 Lsize=    2752KiB time=00:00:03.72 bitrate=6059.3kbits/s speed=0.514x    
[stderr] [libx264 @ 0x107407160] frame I:1     Avg QP:22.26  size: 60556
[stderr] [libx264 @ 0x107407160] frame P:35    Avg QP:22.83  size: 43616
[stderr] [libx264 @ 0x107407160] frame B:77    Avg QP:25.72  size: 15896
[stderr] [libx264 @ 0x107407160] consecutive B-frames:  5.3%  8.8%  8.0% 77.9%
[stderr] [libx264 @ 0x107407160] mb I  I16..4:  3.3%  6.2% 90.4%
[stderr] [libx264 @ 0x107407160] mb P  I16..4:  1.5%  3.2% 14.7%  P16..4: 24.6% 22.0% 33.5%  0.0%  0.0%    skip: 0.5%
[stderr] [libx264 @ 0x107407160] mb B  I16..4:  0.3%  0.2%  0.9%  B16..8: 29.1% 17.7%  9.6%  direct:24.3%  skip:17.8%  L0:32.4% L1:30.7% BI:36.9%
[stderr] [libx264 @ 0x107407160] 8x8 transform intra:15.3% inter:37.5%
[stderr] [libx264 @ 0x107407160] coded y,uvDC,uvAC intra: 90.4% 88.9% 55.5% inter: 59.1% 27.8% 5.1%
[stderr] [libx264 @ 0x107407160] i16 v,h,dc,p: 50% 23% 18%  9%
[stderr] [libx264 @ 0x107407160] i8 v,h,dc,ddl,ddr,vr,hd,vl,hu: 19% 20% 17%  3%  7%  5% 10%  9%  9%
[stderr] [libx264 @ 0x107407160] i4 v,h,dc,ddl,ddr,vr,hd,vl,hu: 12% 22% 13%  4% 11%  6% 11%  7% 13%
[stderr] [libx264 @ 0x107407160] i8c dc,h,v,p: 47% 24% 17% 11%
[stderr] [libx264 @ 0x107407160] Weighted P-Frames: Y:31.4% UV:5.7%
[stderr] [libx264 @ 0x107407160] kb/s:5937.30
[stderr] [aac @ 0x10746c4d0] Qavg: 65330.535
[stderr] ffmpeg version 7.1 Copyright (c) 2000-2024 the FFmpeg developers
[stderr]   built with Apple clang version 15.0.0 (clang-1500.1.0.2.5)
[stderr]   configuration: --prefix=/opt/homebrew/Cellar/ffmpeg/7.1_3 --enable-shared --enable-pthreads --enable-version3 --cc=clang --host-cflags= --host-ldflags='-Wl,-ld_classic' --enable-ffplay --enable-gnutls --enable-gpl --enable-libaom --enable-libaribb24 --enable-libbluray --enable-libdav1d --enable-libharfbuzz --enable-libjxl --enable-libmp3lame --enable-libopus --enable-librav1e --enable-librist --enable-librubberband --enable-libsnappy --enable-libsrt --enable-libssh --enable-libsvtav1 --enable-libtesseract --enable-libtheora --enable-libvidstab --enable-libvmaf --enable-libvorbis --enable-libvpx --enable-libwebp --enable-libx264 --enable-libx265 --enable-libxml2 --enable-libxvid --enable-lzma --enable-libfontconfig --enable-libfreetype --enable-frei0r --enable-libass --enable-libopencore-amrnb --enable-libopencore-amrwb --enable-libopenjpeg --enable-libspeex --enable-libsoxr --enable-libzmq --enable-libzimg --disable-libjack --disable-indev=jack --enable-videotoolbox --enable-audiotoolbox --enable-neon
[stderr]   libavutil      59. 39.100 / 59. 39.100
[stderr]   libavcodec     61. 19.100 / 61. 19.100
[stderr]   libavformat    61.  7.100 / 61.  7.100
[stderr]   libavdevice    61.  3.100 / 61.  3.100
[stderr]   libavfilter    10.  4.100 / 10.  4.100
[stderr]   libswscale      8.  3.100 /  8.  3.100
[stderr]   libswresample   5.  3.100 /  5.  3.100
[stderr]   libpostproc    58.  3.100 / 58.  3.100
[stderr] Input #0, mov,mp4,m4a,3gp,3g2,mj2, from '/Users/johndoe/Documents/company/video_ops/scripts/abstract_algebra_in_proof_assistant/sets-v2-04-set-equality/takes/take-mrhmharr/source.mp4':
[stderr]   Metadata:
[stderr]     major_brand     : qt  
[stderr]     minor_version   : 0
[stderr]     compatible_brands: qt  
[stderr]     creation_time   : 2026-07-12T09:54:07.000000Z
[stderr]   Duration: 00:06:08.94, start: 0.000000, bitrate: 2946 kb/s
[stderr]   Stream #0:0[0x1](und): Video: hevc (Main) (hvc1 / 0x31637668), yuv420p(tv, smpte170m/bt709/bt709), 640x480, 2834 kb/s, 29.95 fps, 29.83 tbr, 600 tbn (default)
[stderr]       Metadata:
[stderr]         creation_time   : 2026-07-12T09:54:07.000000Z
[stderr]         handler_name    : Core Media Video
[stderr]         vendor_id       : [0][0][0][0]
[stderr]         encoder         : HEVC
[stderr]       Side data:
[stderr]         displaymatrix: rotation of -180.00 degrees
[stderr]   Stream #0:1[0x2](und): Audio: aac (LC) (mp4a / 0x6134706D), 48000 Hz, mono, fltp, 100 kb/s (default)
[stderr]       Metadata:
[stderr]         creation_time   : 2026-07-12T09:54:07.000000Z
[stderr]         handler_name    : Core Media Audio
[stderr]         vendor_id       : [0][0][0][0]
[stderr]   Stream #0:2[0x3](und): Data: none (mebx / 0x7862656D) (default)
[stderr]       Metadata:
[stderr]         creation_time   : 2026-07-12T09:54:07.000000Z
[stderr]         handler_name    : Core Media Metadata
[stderr] Stream mapping:
[stderr]   Stream #0:0 -> #0:0 (hevc (native) -> h264 (libx264))
[stderr]   Stream #0:1 -> #0:1 (aac (native) -> aac (native))
[stderr] Press [q] to stop, [?] for help
[stderr] [libx264 @ 0x1458123b0] using cpu capabilities: ARMv8 NEON
[stderr] [libx264 @ 0x1458123b0] profile High, level 3.0, 4:2:0, 8-bit
[stderr] [libx264 @ 0x1458123b0] 264 - core 164 r3108 31e19f9 - H.264/MPEG-4 AVC codec - Copyleft 2003-2023 - http://www.videolan.org/x264.html - options: cabac=1 ref=1 deblock=1:0:0 analyse=0x3:0x113 me=hex subme=2 psy=1 psy_rd=1.00:0.00 mixed_ref=0 me_range=16 chroma_me=1 trellis=0 8x8dct=1 cqm=0 deadzone=21,11 fast_pskip=1 chroma_qp_offset=0 threads=15 lookahead_threads=3 sliced_threads=0 nr=0 decimate=1 interlaced=0 bluray_compat=0 constrained_intra=0 bframes=3 b_pyramid=2 b_adapt=1 b_bias=0 direct=1 weightb=1 open_gop=0 weightp=1 keyint=250 keyint_min=25 scenecut=40 intra_refresh=0 rc_lookahead=10 rc=crf mbtree=1 crf=18.0 qcomp=0.60 qpmin=0 qpmax=69 qpstep=4 ip_ratio=1.40 aq=1:1.00
[stderr] Output #0, mp4, to '/Users/johndoe/Documents/company/video_ops/scripts/abstract_algebra_in_proof_assistant/sets-v2-04-set-equality/takes/take-mrhmharr/pipeline/cut/cut-mrhswgb9/chunks/chunk-021.mp4':
[stderr]   Metadata:
[stderr]     major_brand     : qt  
[stderr]     minor_version   : 0
[stderr]     compatible_brands: qt  
[stderr]     encoder         : Lavf61.7.100
[stderr]   Stream #0:0(und): Video: h264 (avc1 / 0x31637661), yuv420p(tv, smpte170m/bt709/bt709, progressive), 640x480, q=2-31, 29.83 fps, 11456 tbn (default)
[stderr]       Metadata:
[stderr]         creation_time   : 2026-07-12T09:54:07.000000Z
[stderr]         handler_name    : Core Media Video
[stderr]         vendor_id       : [0][0][0][0]
[stderr]         encoder         : Lavc61.19.100 libx264
[stderr]       Side data:
[stderr]         cpb: bitrate max/min/avg: 0/0/0 buffer size: 0 vbv_delay: N/A
[stderr]   Stream #0:1(und): Audio: aac (LC) (mp4a / 0x6134706D), 48000 Hz, mono, fltp, 69 kb/s (default)
[stderr]       Metadata:
[stderr]         creation_time   : 2026-07-12T09:54:07.000000Z
[stderr]         handler_name    : Core Media Audio
[stderr]         vendor_id       : [0][0][0][0]
[stderr]         encoder         : Lavc61.19.100 aac
[stderr] [out#0/mp4 @ 0x1458115d0] video:1634KiB audio:0KiB subtitle:0KiB other streams:0KiB global headers:0KiB muxing overhead: 0.223988%
[stderr] frame=   63 fps=8.0 q=-1.0 Lsize=    1638KiB time=00:00:02.04 bitrate=6561.6kbits/s speed=0.258x    
[stderr] [libx264 @ 0x1458123b0] frame I:1     Avg QP:22.07  size: 69262
[stderr] [libx264 @ 0x1458123b0] frame P:21    Avg QP:23.08  size: 41894
[stderr] [libx264 @ 0x1458123b0] frame B:41    Avg QP:25.44  size: 17638
[stderr] [libx264 @ 0x1458123b0] consecutive B-frames:  6.3% 19.0%  4.8% 69.8%
[stderr] [libx264 @ 0x1458123b0] mb I  I16..4:  3.5%  5.0% 91.5%
[stderr] [libx264 @ 0x1458123b0] mb P  I16..4:  2.4%  4.3% 12.9%  P16..4: 26.3% 21.6% 31.7%  0.0%  0.0%    skip: 0.8%
[stderr] [libx264 @ 0x1458123b0] mb B  I16..4:  0.7%  0.8%  1.5%  B16..8: 28.1% 18.1% 11.5%  direct:24.6%  skip:14.6%  L0:30.1% L1:31.9% BI:38.0%
[stderr] [libx264 @ 0x1458123b0] 8x8 transform intra:20.1% inter:35.1%
[stderr] [libx264 @ 0x1458123b0] coded y,uvDC,uvAC intra: 86.9% 84.9% 52.4% inter: 62.2% 32.7% 6.5%
[stderr] [libx264 @ 0x1458123b0] i16 v,h,dc,p: 49% 15% 26% 10%
[stderr] [libx264 @ 0x1458123b0] i8 v,h,dc,ddl,ddr,vr,hd,vl,hu: 19% 19% 17%  3%  9%  6% 10%  8% 10%
[stderr] [libx264 @ 0x1458123b0] i4 v,h,dc,ddl,ddr,vr,hd,vl,hu: 14% 18% 13%  4% 14%  7% 11%  7% 11%
[stderr] [libx264 @ 0x1458123b0] i8c dc,h,v,p: 48% 23% 17% 11%
[stderr] [libx264 @ 0x1458123b0] Weighted P-Frames: Y:28.6% UV:0.0%
[stderr] [libx264 @ 0x1458123b0] kb/s:6334.90
[stderr] [aac @ 0x142b0ed50] Qavg: 65166.574
[stderr] ffmpeg version 7.1 Copyright (c) 2000-2024 the FFmpeg developers
[stderr]   built with Apple clang version 15.0.0 (clang-1500.1.0.2.5)
[stderr]   configuration: --prefix=/opt/homebrew/Cellar/ffmpeg/7.1_3 --enable-shared --enable-pthreads --enable-version3 --cc=clang --host-cflags= --host-ldflags='-Wl,-ld_classic' --enable-ffplay --enable-gnutls --enable-gpl --enable-libaom --enable-libaribb24 --enable-libbluray --enable-libdav1d --enable-libharfbuzz --enable-libjxl --enable-libmp3lame --enable-libopus --enable-librav1e --enable-librist --enable-librubberband --enable-libsnappy --enable-libsrt --enable-libssh --enable-libsvtav1 --enable-libtesseract --enable-libtheora --enable-libvidstab --enable-libvmaf --enable-libvorbis --enable-libvpx --enable-libwebp --enable-libx264 --enable-libx265 --enable-libxml2 --enable-libxvid --enable-lzma --enable-libfontconfig --enable-libfreetype --enable-frei0r --enable-libass --enable-libopencore-amrnb --enable-libopencore-amrwb --enable-libopenjpeg --enable-libspeex --enable-libsoxr --enable-libzmq --enable-libzimg --disable-libjack --disable-indev=jack --enable-videotoolbox --enable-audiotoolbox --enable-neon
[stderr]   libavutil      59. 39.100 / 59. 39.100
[stderr]   libavcodec     61. 19.100 / 61. 19.100
[stderr]   libavformat    61.  7.100 / 61.  7.100
[stderr]   libavdevice    61.  3.100 / 61.  3.100
[stderr]   libavfilter    10.  4.100 / 10.  4.100
[stderr]   libswscale      8.  3.100 /  8.  3.100
[stderr]   libswresample   5.  3.100 /  5.  3.100
[stderr]   libpostproc    58.  3.100 / 58.  3.100
[stderr] Input #0, mov,mp4,m4a,3gp,3g2,mj2, from '/Users/johndoe/Documents/company/video_ops/scripts/abstract_algebra_in_proof_assistant/sets-v2-04-set-equality/takes/take-mrhmharr/source.mp4':
[stderr]   Metadata:
[stderr]     major_brand     : qt  
[stderr]     minor_version   : 0
[stderr]     compatible_brands: qt  
[stderr]     creation_time   : 2026-07-12T09:54:07.000000Z
[stderr]   Duration: 00:06:08.94, start: 0.000000, bitrate: 2946 kb/s
[stderr]   Stream #0:0[0x1](und): Video: hevc (Main) (hvc1 / 0x31637668), yuv420p(tv, smpte170m/bt709/bt709), 640x480, 2834 kb/s, 29.95 fps, 29.83 tbr, 600 tbn (default)
[stderr]       Metadata:
[stderr]         creation_time   : 2026-07-12T09:54:07.000000Z
[stderr]         handler_name    : Core Media Video
[stderr]         vendor_id       : [0][0][0][0]
[stderr]         encoder         : HEVC
[stderr]       Side data:
[stderr]         displaymatrix: rotation of -180.00 degrees
[stderr]   Stream #0:1[0x2](und): Audio: aac (LC) (mp4a / 0x6134706D), 48000 Hz, mono, fltp, 100 kb/s (default)
[stderr]       Metadata:
[stderr]         creation_time   : 2026-07-12T09:54:07.000000Z
[stderr]         handler_name    : Core Media Audio
[stderr]         vendor_id       : [0][0][0][0]
[stderr]   Stream #0:2[0x3](und): Data: none (mebx / 0x7862656D) (default)
[stderr]       Metadata:
[stderr]         creation_time   : 2026-07-12T09:54:07.000000Z
[stderr]         handler_name    : Core Media Metadata
[stderr] Stream mapping:
[stderr]   Stream #0:0 -> #0:0 (hevc (native) -> h264 (libx264))
[stderr]   Stream #0:1 -> #0:1 (aac (native) -> aac (native))
[stderr] Press [q] to stop, [?] for help
[stderr] [libx264 @ 0x11b60e9d0] using cpu capabilities: ARMv8 NEON
[stderr] [libx264 @ 0x11b60e9d0] profile High, level 3.0, 4:2:0, 8-bit
[stderr] [libx264 @ 0x11b60e9d0] 264 - core 164 r3108 31e19f9 - H.264/MPEG-4 AVC codec - Copyleft 2003-2023 - http://www.videolan.org/x264.html - options: cabac=1 ref=1 deblock=1:0:0 analyse=0x3:0x113 me=hex subme=2 psy=1 psy_rd=1.00:0.00 mixed_ref=0 me_range=16 chroma_me=1 trellis=0 8x8dct=1 cqm=0 deadzone=21,11 fast_pskip=1 chroma_qp_offset=0 threads=15 lookahead_threads=3 sliced_threads=0 nr=0 decimate=1 interlaced=0 bluray_compat=0 constrained_intra=0 bframes=3 b_pyramid=2 b_adapt=1 b_bias=0 direct=1 weightb=1 open_gop=0 weightp=1 keyint=250 keyint_min=25 scenecut=40 intra_refresh=0 rc_lookahead=10 rc=crf mbtree=1 crf=18.0 qcomp=0.60 qpmin=0 qpmax=69 qpstep=4 ip_ratio=1.40 aq=1:1.00
[stderr] Output #0, mp4, to '/Users/johndoe/Documents/company/video_ops/scripts/abstract_algebra_in_proof_assistant/sets-v2-04-set-equality/takes/take-mrhmharr/pipeline/cut/cut-mrhswgb9/chunks/chunk-022.mp4':
[stderr]   Metadata:
[stderr]     major_brand     : qt  
[stderr]     minor_version   : 0
[stderr]     compatible_brands: qt  
[stderr]     encoder         : Lavf61.7.100
[stderr]   Stream #0:0(und): Video: h264 (avc1 / 0x31637661), yuv420p(tv, smpte170m/bt709/bt709, progressive), 640x480, q=2-31, 29.83 fps, 11456 tbn (default)
[stderr]       Metadata:
[stderr]         creation_time   : 2026-07-12T09:54:07.000000Z
[stderr]         handler_name    : Core Media Video
[stderr]         vendor_id       : [0][0][0][0]
[stderr]         encoder         : Lavc61.19.100 libx264
[stderr]       Side data:
[stderr]         cpb: bitrate max/min/avg: 0/0/0 buffer size: 0 vbv_delay: N/A
[stderr]   Stream #0:1(und): Audio: aac (LC) (mp4a / 0x6134706D), 48000 Hz, mono, fltp, 69 kb/s (default)
[stderr]       Metadata:
[stderr]         creation_time   : 2026-07-12T09:54:07.000000Z
[stderr]         handler_name    : Core Media Audio
[stderr]         vendor_id       : [0][0][0][0]
[stderr]         encoder         : Lavc61.19.100 aac
[stderr] frame=   54 fps=9.0 q=24.0 size=    1024KiB time=00:00:01.77 bitrate=4722.1kbits/s speed=0.295x    [stderr] frame=  299 fps= 46 q=21.0 size=    6400KiB time=00:00:09.95 bitrate=5266.5kbits/s speed=1.52x    [stderr] [out#0/mp4 @ 0x11b60dbb0] video:9058KiB audio:3KiB subtitle:0KiB other streams:0KiB global headers:0KiB muxing overhead: 0.181332%
[stderr] frame=  421 fps= 62 q=-1.0 Lsize=    9077KiB time=00:00:14.04 bitrate=5294.4kbits/s speed=2.08x    
[stderr] [libx264 @ 0x11b60e9d0] frame I:4     Avg QP:20.01  size: 47784
[stderr] [libx264 @ 0x11b60e9d0] frame P:115   Avg QP:22.03  size: 36859
[stderr] [libx264 @ 0x11b60e9d0] frame B:302   Avg QP:24.60  size: 16042
[stderr] [libx264 @ 0x11b60e9d0] consecutive B-frames:  2.4%  4.3%  5.0% 88.4%
[stderr] [libx264 @ 0x11b60e9d0] mb I  I16..4:  6.0% 12.8% 81.1%
[stderr] [libx264 @ 0x11b60e9d0] mb P  I16..4:  4.4%  9.7% 26.1%  P16..4: 16.4% 18.1% 24.5%  0.0%  0.0%    skip: 0.7%
[stderr] [libx264 @ 0x11b60e9d0] mb B  I16..4:  1.3%  1.3%  2.0%  B16..8: 29.2% 18.4% 10.7%  direct:20.1%  skip:17.2%  L0:32.1% L1:33.3% BI:34.6%
[stderr] [libx264 @ 0x11b60e9d0] 8x8 transform intra:24.2% inter:35.6%
[stderr] [libx264 @ 0x11b60e9d0] coded y,uvDC,uvAC intra: 84.9% 75.4% 43.0% inter: 54.0% 29.6% 5.4%
[stderr] [libx264 @ 0x11b60e9d0] i16 v,h,dc,p: 59% 18% 17%  5%
[stderr] [libx264 @ 0x11b60e9d0] i8 v,h,dc,ddl,ddr,vr,hd,vl,hu: 19% 19% 16%  4%  9%  7%  8%  7% 10%
[stderr] [libx264 @ 0x11b60e9d0] i4 v,h,dc,ddl,ddr,vr,hd,vl,hu: 15% 19% 15%  4% 13%  8%  9%  7% 11%
[stderr] [libx264 @ 0x11b60e9d0] i8c dc,h,v,p: 50% 22% 19% 10%
[stderr] [libx264 @ 0x11b60e9d0] Weighted P-Frames: Y:17.4% UV:0.0%
[stderr] [libx264 @ 0x11b60e9d0] kb/s:5257.82
[stderr] [aac @ 0x11b66d930] Qavg: 65480.922
[stderr] ffmpeg version 7.1 Copyright (c) 2000-2024 the FFmpeg developers
[stderr]   built with Apple clang version 15.0.0 (clang-1500.1.0.2.5)
[stderr]   configuration: --prefix=/opt/homebrew/Cellar/ffmpeg/7.1_3 --enable-shared --enable-pthreads --enable-version3 --cc=clang --host-cflags= --host-ldflags='-Wl,-ld_classic' --enable-ffplay --enable-gnutls --enable-gpl --enable-libaom --enable-libaribb24 --enable-libbluray --enable-libdav1d --enable-libharfbuzz --enable-libjxl --enable-libmp3lame --enable-libopus --enable-librav1e --enable-librist --enable-librubberband --enable-libsnappy --enable-libsrt --enable-libssh --enable-libsvtav1 --enable-libtesseract --enable-libtheora --enable-libvidstab --enable-libvmaf --enable-libvorbis --enable-libvpx --enable-libwebp --enable-libx264 --enable-libx265 --enable-libxml2 --enable-libxvid --enable-lzma --enable-libfontconfig --enable-libfreetype --enable-frei0r --enable-libass --enable-libopencore-amrnb --enable-libopencore-amrwb --enable-libopenjpeg --enable-libspeex --enable-libsoxr --enable-libzmq --enable-libzimg --disable-libjack --disable-indev=jack --enable-videotoolbox --enable-audiotoolbox --enable-neon
[stderr]   libavutil      59. 39.100 / 59. 39.100
[stderr]   libavcodec     61. 19.100 / 61. 19.100
[stderr]   libavformat    61.  7.100 / 61.  7.100
[stderr]   libavdevice    61.  3.100 / 61.  3.100
[stderr]   libavfilter    10.  4.100 / 10.  4.100
[stderr]   libswscale      8.  3.100 /  8.  3.100
[stderr]   libswresample   5.  3.100 /  5.  3.100
[stderr]   libpostproc    58.  3.100 / 58.  3.100
[stderr] Input #0, mov,mp4,m4a,3gp,3g2,mj2, from '/Users/johndoe/Documents/company/video_ops/scripts/abstract_algebra_in_proof_assistant/sets-v2-04-set-equality/takes/take-mrhmharr/source.mp4':
[stderr]   Metadata:
[stderr]     major_brand     : qt  
[stderr]     minor_version   : 0
[stderr]     compatible_brands: qt  
[stderr]     creation_time   : 2026-07-12T09:54:07.000000Z
[stderr]   Duration: [stderr] 00:06:08.94, start: 0.000000, bitrate: 2946 kb/s
[stderr]   Stream #0:0[0x1](und): Video: hevc (Main) (hvc1 / 0x31637668), yuv420p(tv, smpte170m/bt709/bt709), 640x480, 2834 kb/s, 29.95 fps, 29.83 tbr, 600 tbn (default)
[stderr]       Metadata:
[stderr]         creation_time   : 2026-07-12T09:54:07.000000Z
[stderr]         handler_name    : Core Media Video
[stderr]         vendor_id       : [0][0][0][0]
[stderr]         encoder         : HEVC
[stderr]       Side data:
[stderr]         displaymatrix: rotation of -180.00 degrees
[stderr]   Stream #0:1[0x2](und): Audio: aac (LC) (mp4a / 0x6134706D), 48000 Hz, mono, fltp, 100 kb/s (default)
[stderr]       Metadata:
[stderr]         creation_time   : 2026-07-12T09:54:07.000000Z
[stderr]         handler_name    : Core Media Audio
[stderr]         vendor_id       : [0][0][0][0]
[stderr]   Stream #0:2[0x3](und): Data: none (mebx / 0x7862656D) (default)
[stderr]       Metadata:
[stderr]         creation_time   : 2026-07-12T09:54:07.000000Z
[stderr]         handler_name    : Core Media Metadata
[stderr] Stream mapping:
[stderr]   Stream #0:0 -> #0:0 (hevc (native) -> h264 (libx264))
[stderr]   Stream #0:1 -> #0:1 (aac (native) -> aac (native))
[stderr] Press [q] to stop, [?] for help
[stderr] [libx264 @ 0x127e05700] using cpu capabilities: ARMv8 NEON
[stderr] [libx264 @ 0x127e05700] profile High, level 3.0, 4:2:0, 8-bit
[stderr] [libx264 @ 0x127e05700] 264 - core 164 r3108 31e19f9 - H.264/MPEG-4 AVC codec - Copyleft 2003-2023 - http://www.videolan.org/x264.html - options: cabac=1 ref=1 deblock=1:0:0 analyse=0x3:0x113 me=hex subme=2 psy=1 psy_rd=1.00:0.00 mixed_ref=0 me_range=16 chroma_me=1 trellis=0 8x8dct=1 cqm=0 deadzone=21,11 fast_pskip=1 chroma_qp_offset=0 threads=15 lookahead_threads=3 sliced_threads=0 nr=0 decimate=1 interlaced=0 bluray_compat=0 constrained_intra=0 bframes=3 b_pyramid=2 b_adapt=1 b_bias=0 direct=1 weightb=1 open_gop=0 weightp=1 keyint=250 keyint_min=25 scenecut=40 intra_refresh=0 rc_lookahead=10 rc=crf mbtree=1 crf=18.0 qcomp=0.60 qpmin=0 qpmax=69 qpstep=4 ip_ratio=1.40 aq=1:1.00
[stderr] Output #0, mp4, to '/Users/johndoe/Documents/company/video_ops/scripts/abstract_algebra_in_proof_assistant/sets-v2-04-set-equality/takes/take-mrhmharr/pipeline/cut/cut-mrhswgb9/chunks/chunk-023.mp4':
[stderr]   Metadata:
[stderr]     major_brand     : qt  
[stderr]     minor_version   : 0
[stderr]     compatible_brands: qt  
[stderr]     encoder         : Lavf61.7.100
[stderr]   Stream #0:0(und): Video: h264 (avc1 / 0x31637661), yuv420p(tv, smpte170m/bt709/bt709, progressive), 640x480, q=2-31, 29.83 fps, 11456 tbn (default)
[stderr]       Metadata:
[stderr]         creation_time   : 2026-07-12T09:54:07.000000Z
[stderr]         handler_name    : Core Media Video
[stderr]         vendor_id       : [0][0][0][0]
[stderr]         encoder         : Lavc61.19.100 libx264
[stderr]       Side data:
[stderr]         cpb: bitrate max/min/avg: 0/0/0 buffer size: 0 vbv_delay: N/A
[stderr]   Stream #0:1(und): Audio: aac (LC) (mp4a / 0x6134706D), 48000 Hz, mono, fltp, 69 kb/s (default)
[stderr]       Metadata:
[stderr]         creation_time   : 2026-07-12T09:54:07.000000Z
[stderr]         handler_name    : Core Media Audio
[stderr]         vendor_id       : [0][0][0][0]
[stderr]         encoder         : Lavc61.19.100 aac
[stderr] frame=  244 fps= 35 q=24.0 size=    5632KiB time=00:00:08.11 bitrate=5687.8kbits/s speed=1.15x    [stderr] frame=  453 fps= 60 q=24.0 size=   10240KiB time=00:00:15.11 bitrate=5549.0kbits/s speed=   2x    [stderr] frame=  623 fps= 77 q=24.0 size=   14080KiB time=00:00:20.81 bitrate=5541.2kbits/s speed=2.58x    [stderr] frame=  861 fps=101 q=24.0 size=   18176KiB time=00:00:28.79 bitrate=5171.3kbits/s dup=0 drop=2 speed=3.36x    [stderr] frame= 1100 fps=121 q=24.0 size=   20736KiB time=00:00:36.77 bitrate=4619.7kbits/s dup=0 drop=3 speed=4.06x    [stderr] frame= 1375 fps=144 q=24.0 size=   23808KiB time=00:00:46.02 bitrate=4237.8kbits/s dup=0 drop=5 speed=4.81x    [stderr] frame= 1663 fps=165 q=24.0 size=   27648KiB time=00:00:55.64 bitrate=4070.5kbits/s dup=0 drop=6 speed=5.53x    [stderr] [out#0/mp4 @ 0x127e04760] video:30068KiB audio:11KiB subtitle:0KiB other streams:0KiB global headers:0KiB muxing overhead: 0.210724%
[stderr] frame= 1764 fps=173 q=-1.0 Lsize=   30142KiB time=00:00:59.06 bitrate=4180.8kbits/s dup=0 drop=6 speed=5.78x    
[stderr] [libx264 @ 0x127e05700] frame I:8     Avg QP:17.52  size: 60551
[stderr] [libx264 @ 0x127e05700] frame P:624   Avg QP:20.27  size: 30073
[stderr] [libx264 @ 0x127e05700] frame B:1132  Avg QP:24.25  size: 10193
[stderr] [libx264 @ 0x127e05700] consecutive B-frames:  7.7% 16.1% 12.2% 63.9%
[stderr] [libx264 @ 0x127e05700] mb I  I16..4: 15.6%  6.4% 78.0%
[stderr] [libx264 @ 0x127e05700] mb P  I16..4: 11.0%  3.9%  7.0%  P16..4: 21.9% 20.1% 28.8%  0.0%  0.0%    skip: 7.3%
[stderr] [libx264 @ 0x127e05700] mb B  I16..4:  2.1%  0.3%  0.5%  B16..8: 27.4% 14.8%  7.4%  direct:13.6%  skip:33.8%  L0:26.0% L1:32.4% BI:41.6%
[stderr] [libx264 @ 0x127e05700] 8x8 transform intra:15.9% inter:32.2%
[stderr] [libx264 @ 0x127e05700] coded y,uvDC,uvAC intra: 48.1% 43.0% 23.4% inter: 42.5% 19.8% 2.8%
[stderr] [libx264 @ 0x127e05700] i16 v,h,dc,p: 81%  7% 10%  2%
[stderr] [libx264 @ 0x127e05700] i8 v,h,dc,ddl,ddr,vr,hd,vl,hu: 18% 20% 23%  3%  7%  6%  7%  7%  8%
[stderr] [libx264 @ 0x127e05700] i4 v,h,dc,ddl,ddr,vr,hd,vl,hu: 14% 18% 16%  4% 12%  7%  9%  7% 11%
[stderr] [libx264 @ 0x127e05700] i8c dc,h,v,p: 72% 12% 11%  5%
[stderr] [libx264 @ 0x127e05700] Weighted P-Frames: Y:15.9% UV:1.3%
[stderr] [libx264 @ 0x127e05700] kb/s:4165.65
[stderr] [aac @ 0x13884b6d0] Qavg: 65522.801
[stderr] ffmpeg version 7.1 Copyright (c) 2000-2024 the FFmpeg developers
[stderr]   built with Apple clang version 15.0.0 (clang-1500.1.0.2.5)
[stderr]   configuration: --prefix=/opt/homebrew/Cellar/ffmpeg/7.1_3 --enable-shared --enable-pthreads --enable-version3 --cc=clang --host-cflags= --host-ldflags='-Wl,-ld_classic' --enable-ffplay --enable-gnutls --enable-gpl --enable-libaom --enable-libaribb24 --enable-libbluray --enable-libdav1d --enable-libharfbuzz --enable-libjxl --enable-libmp3lame --enable-libopus --enable-librav1e --enable-librist --enable-librubberband --enable-libsnappy --enable-libsrt --enable-libssh --enable-libsvtav1 --enable-libtesseract --enable-libtheora --enable-libvidstab --enable-libvmaf --enable-libvorbis --enable-libvpx --enable-libwebp --enable-libx264 --enable-libx265 --enable-libxml2 --enable-libxvid --enable-lzma --enable-libfontconfig --enable-libfreetype --enable-frei0r --enable-libass --enable-libopencore-amrnb --enable-libopencore-amrwb --enable-libopenjpeg --enable-libspeex --enable-libsoxr --enable-libzmq --enable-libzimg --disable-libjack --disable-indev=jack --enable-videotoolbox --enable-audiotoolbox --enable-neon
[stderr]   libavutil      59. 39.100 / 59. 39.100
[stderr]   libavcodec     61. 19.100 / 61. 19.100
[stderr]   libavformat    61.  7.100 / 61.  7.100
[stderr]   libavdevice    61.  3.100 / 61.  3.100
[stderr]   libavfilter    10.  4.100 / 10.  4.100
[stderr]   libswscale      8.  3.100 /  8.  3.100
[stderr]   libswresample   5.  3.100 /  5.  3.100
[stderr]   libpostproc    58.  3.100 / 58.  3.100
[stderr] [mov,mp4,m4a,3gp,3g2,mj2 @ 0x122708c20] Auto-inserting h264_mp4toannexb bitstream filter
[stderr] Input #0, concat, from '/Users/johndoe/Documents/company/video_ops/scripts/abstract_algebra_in_proof_assistant/sets-v2-04-set-equality/takes/take-mrhmharr/pipeline/cut/cut-mrhswgb9/chunks/concat.txt':
[stderr]   Duration: N/A, start: 0.000000, bitrate: 5529 kb/s
[stderr]   Stream #0:0(und): Video: h264 (High) (avc1 / 0x31637661), yuv420p(tv, smpte170m/bt709/bt709, progressive), 640x480, 5459 kb/s[stderr] , 29.83 fps, 29.83 tbr, 11456 tbn
[stderr]       Metadata:
[stderr]         handler_name    : Core Media Video
[stderr]         vendor_id       : [0][0][0][0]
[stderr]         encoder         : Lavc61.19.100 libx264
[stderr]   Stream #0:1(und): Audio: aac (LC) (mp4a / 0x6134706D), 48000 Hz, mono, fltp, 70 kb/s
[stderr]       Metadata:
[stderr]         handler_name    : Core Media Audio
[stderr]         vendor_id       : [0][0][0][0]
[stderr] Stream mapping:
[stderr]   Stream #0:0 -> #0:0 (copy)
[stderr]   Stream #0:1 -> #0:1 (copy)
[stderr] Output #0, mp4, to '/Users/johndoe/Documents/company/video_ops/scripts/abstract_algebra_in_proof_assistant/sets-v2-04-set-equality/takes/take-mrhmharr/pipeline/cut/cut-mrhswgb9/edited-good-intervals.mp4':
[stderr]   Metadata:
[stderr]     encoder         : Lavf61.7.100
[stderr]   Stream #0:0(und): Video: h264 (High) (avc1 / 0x31637661), yuv420p(tv, smpte170m/bt709/bt709, progressive), 640x480, q=2-31, 5459 kb/s, 29.83 fps, 29.83 tbr, 11456 tbn
[stderr]       Metadata:
[stderr]         handler_name    : Core Media Video
[stderr]         vendor_id       : [0][0][0][0]
[stderr]         encoder         : Lavc61.19.100 libx264
[stderr]   Stream #0:1(und): Audio: aac (LC) (mp4a / 0x6134706D), 48000 Hz, mono, fltp, 70 kb/s
[stderr]       Metadata:
[stderr]         handler_name    : Core Media Audio
[stderr]         vendor_id       : [0][0][0][0]
[stderr] Press [q] to stop, [?] for help
[stderr] [mov,mp4,m4a,3gp,3g2,mj2 @ 0x10c004a40] Auto-inserting h264_mp4toannexb bitstream filter
[stderr] [mov,mp4,m4a,3gp,3g2,mj2 @ 0x1126048e0] Auto-inserting h264_mp4toannexb bitstream filter
[stderr] [mov,mp4,m4a,3gp,3g2,mj2 @ 0x12381fe10] Auto-inserting h264_mp4toannexb bitstream filter
[stderr] [mov,mp4,m4a,3gp,3g2,mj2 @ 0x123906240] Auto-inserting h264_mp4toannexb bitstream filter
[stderr] [mov,mp4,m4a,3gp,3g2,mj2 @ 0x10c404370] Auto-inserting h264_mp4toannexb bitstream filter
[stderr] [mov,mp4,m4a,3gp,3g2,mj2 @ 0x10c304cd0] Auto-inserting h264_mp4toannexb bitstream filter
[stderr] [mov,mp4,m4a,3gp,3g2,mj2 @ 0x1238206e0] Auto-inserting h264_mp4toannexb bitstream filter
[stderr] [mov,mp4,m4a,3gp,3g2,mj2 @ 0x12270a4e0] Auto-inserting h264_mp4toannexb bitstream filter
[stderr] [mov,mp4,m4a,3gp,3g2,mj2 @ 0x1239065e0] Auto-inserting h264_mp4toannexb bitstream filter
[stderr] [mov,mp4,m4a,3gp,3g2,mj2 @ 0x10af05780] Auto-inserting h264_mp4toannexb bitstream filter
[stderr] [mov,mp4,m4a,3gp,3g2,mj2 @ 0x10c404270] Auto-inserting h264_mp4toannexb bitstream filter
[stderr] [mov,mp4,m4a,3gp,3g2,mj2 @ 0x1226193f0] Auto-inserting h264_mp4toannexb bitstream filter
[stderr] [mov,mp4,m4a,3gp,3g2,mj2 @ 0x112605f40] Auto-inserting h264_mp4toannexb bitstream filter
[stderr] [mov,mp4,m4a,3gp,3g2,mj2 @ 0x10c404ad0] Auto-inserting h264_mp4toannexb bitstream filter
[stderr] [mov,mp4,m4a,3gp,3g2,mj2 @ 0x10c104220] Auto-inserting h264_mp4toannexb bitstream filter
[stderr] [mov,mp4,m4a,3gp,3g2,mj2 @ 0x10c104080] Auto-inserting h264_mp4toannexb bitstream filter
[stderr] [mov,mp4,m4a,3gp,3g2,mj2 @ 0x10c404bb0] Auto-inserting h264_mp4toannexb bitstream filter
[stderr] [mov,mp4,m4a,3gp,3g2,mj2 @ 0x10c0168f0] Auto-inserting h264_mp4toannexb bitstream filter
[stderr] [mov,mp4,m4a,3gp,3g2,mj2 @ 0x1238207d0] Auto-inserting h264_mp4toannexb bitstream filter
[stderr] [mov,mp4,m4a,3gp,3g2,mj2 @ 0x10c4044b0] Auto-inserting h264_mp4toannexb bitstream filter
[stderr] [mov,mp4,m4a,3gp,3g2,mj2 @ 0x123821270] Auto-inserting h264_mp4toannexb bitstream filter
[stderr] [mov,mp4,m4a,3gp,3g2,mj2 @ 0x112606680] Auto-inserting h264_mp4toannexb bitstream filter
[stderr] [mov,mp4,m4a,3gp,3g2,mj2 @ 0x112608030] Auto-inserting h264_mp4toannexb bitstream filter
[stderr] [out#0/mp4 @ 0x1239042d0] video:210535KiB audio:250KiB subtitle:0KiB other streams:0KiB global headers:0KiB muxing overhead: 0.164552%
[stderr] frame= 9774 fps=0.0 q=-1.0 Lsize=  211131KiB time=00:05:28.34 bitrate=5267.6kbits/s speed= 898x    
[stdout] Edited video (selection applied): /Users/johndoe/Documents/company/video_ops/scripts/abstract_algebra_in_proof_assistant/sets-v2-04-set-equality/takes/take-mrhmharr/pipeline/cut/cut-mrhswgb9/edited-good-intervals.mp4
[stdout] Analysis updated: /Users/johndoe/Documents/company/video_ops/scripts/abstract_algebra_in_proof_assistant/sets-v2-04-set-equality/takes/take-mrhmharr/pipeline/cut/cut-mrhswgb9/analysis.json
[2026-07-12T14:23:18.860Z] exit 0
