# stage-run 2026-07-23T14:45:41.822Z
jobId=job-take-mrhmharr
scriptId=sets-v2-04-set-equality
takeId=take-mrhmharr
stage=cut
runId=cut-mrxmiptn

[2026-07-23T14:45:41.843Z] Starting cut
[2026-07-23T14:45:41.862Z] Preparing cut inputs
[2026-07-23T14:45:41.884Z] Transcribing speech and detecting bad takes
[2026-07-23T14:45:41.884Z] $ deno run --allow-all /Users/johndoe/Documents/company/video_ops/editor/outdoor_post/main.ts ai-edit --video /Users/johndoe/Documents/company/video_ops/projects/abstract_algebra_in_proof_assistant/04-set-equality/takes/take-mrhmharr/source.mp4 --script /Users/johndoe/Documents/company/video_ops/projects/abstract_algebra_in_proof_assistant/04-set-equality/export/outdoor-script.json --take /Users/johndoe/Documents/company/video_ops/projects/abstract_algebra_in_proof_assistant/04-set-equality/takes/take-mrhmharr/take.json --out-dir /Users/johndoe/Documents/company/video_ops/projects/abstract_algebra_in_proof_assistant/04-set-equality/takes/take-mrhmharr/pipeline/cut/cut-mrxmiptn
[stderr] ffmpeg version 7.1 Copyright (c) 2000-2024 the FFmpeg developers
[stderr]   built with Apple clang version 15.0.0 (clang-1500.1.0.2.5)
[stderr]   configuration: --prefix=/opt/homebrew/Cellar/ffmpeg/7.1_3 --enable-shared --enable-pthreads --enable-version3 --cc=clang --host-cflags= --host-ldflags='-Wl,-ld_classic' --enable-ffplay --enable-gnutls --enable-gpl --enable-libaom --enable-libaribb24 --enable-libbluray --enable-libdav1d --enable-libharfbuzz --enable-libjxl --enable-libmp3lame --enable-libopus --enable-librav1e --enable-librist --enable-librubberband --enable-libsnappy --enable-libsrt --enable-libssh --enable-libsvtav1 --enable-libtesseract --enable-libtheora --enable-libvidstab --enable-libvmaf --enable-libvorbis --enable-libvpx --enable-libwebp --enable-libx264 --enable-libx265 --enable-libxml2 --enable-libxvid --enable-lzma --enable-libfontconfig --enable-libfreetype --enable-frei0r --enable-libass --enable-libopencore-amrnb --enable-libopencore-amrwb --enable-libopenjpeg --enable-libspeex --enable-libsoxr --enable-libzmq --enable-libzimg --disable-libjack --disable-indev=jack --enable-videotoolbox --enable-audiotoolbox --enable-neon
[stderr]   libavutil      59. 39.100 / 59. 39.100
[stderr]   libavcodec     61. 19.100 / 61. 19.100
[stderr]   libavformat    61.  7.100 / 61.  7.100
[stderr]   libavdevice    61.  3.100 / 61.  3.100
[stderr]   libavfilter    10.  4.100 / 10.  4.100
[stderr]   libswscale      8.  3.100 /  8.  3.100
[stderr]   libswresample   5.  3.100 /  5.  3.100
[stderr]   libpostproc    58.  3.100 / 58.  3.100
[stderr] Input #0, mov,mp4,m4a,3gp,3g2,mj2, from '/Users/johndoe/Documents/company/video_ops/projects/abstract_algebra_in_proof_assistant/04-set-equality/takes/take-mrhmharr/source.mp4':
[stderr]   Metadata:
[stderr]     major_brand     : qt  
[stderr]     minor_version   : 0
[stderr]     compatible_brands: qt  
[stderr]     creation_time   : 2026-07-12T09:54:07.000000Z
[stderr]   Duration: 00:06:08.94, start: 0.000000, bitrate: 2946 kb/s
[stderr]   Stream #0:0[0x1](und): Video: hevc (Main) (hvc1 / 0x31637668), yuv420p(tv, smpte170m/bt709/bt709), 640x480, 2834 kb/s, 29.95 fps, 29.83 tbr, 600 tbn (default)
[stderr]       Metadata:
[stderr]         creation_time   : 2026-07-12T09:54:07.000000Z
[stderr]         handler_name    : Core Media Video
[stderr]         vendor_id       : [0][0][0][0]
[stderr]         encoder         : HEVC
[stderr]       Side data:
[stderr]         displaymatrix: rotation of -180.00 degrees
[stderr]   Stream #0:1[0x2](und): Audio: aac (LC) (mp4a / 0x6134706D), 48000 Hz, mono, fltp, 100 kb/s (default)
[stderr]       Metadata:
[stderr]         creation_time   : 2026-07-12T09:54:07.000000Z
[stderr]         handler_name    : Core Media Audio
[stderr]         vendor_id       : [0][0][0][0]
[stderr]   Stream #0:2[0x3](und): Data: none (mebx / 0x7862656D) (default)
[stderr]       Metadata:
[stderr]         creation_time   : 2026-07-12T09:54:07.000000Z
[stderr]         handler_name    : Core Media Metadata
[stderr] Stream mapping:
[stderr]   Stream #0:1 -> #0:0 (aac (native) -> pcm_s16le (native))
[stderr] Press [q] to stop, [?] for help
[stderr] Output #0, wav, to '/Users/johndoe/Documents/company/video_ops/projects/abstract_algebra_in_proof_assistant/04-set-equality/takes/take-mrhmharr/pipeline/cut/cut-mrxmiptn/audio.wav':
[stderr]   Metadata:
[stderr]     major_brand     : qt  
[stderr]     minor_version   : 0
[stderr]     compatible_brands: qt  
[stderr]     ISFT            : Lavf61.7.100
[stderr]   Stream #0:0(und): Audio: pcm_s16le ([1][0][0][0] / 0x0001), 16000 Hz, mono, s16, 256 kb/s (default)
[stderr]       Metadata:
[stderr]         creation_time   : 2026-07-12T09:54:07.000000Z
[stderr]         handler_name    : Core Media Audio
[stderr]         vendor_id       : [0][0][0][0]
[stderr]         encoder         : Lavc61.19.100 pcm_s16le
[stderr] [out#0/wav @ 0x11e004990] video:0KiB audio:11529KiB subtitle:0KiB other streams:0KiB global headers:0KiB muxing overhead: 0.000661%
[stderr] size=   11529KiB time=00:06:08.93 bitrate= 256.0kbits/s speed=1.46e+03x    
[stderr] ffmpeg version 7.1 Copyright (c) 2000-2024 the FFmpeg developers
[stderr]   built with Apple clang version 15.0.0 (clang-1500.1.0.2.5)
[stderr]   configuration: --prefix=/opt/homebrew/Cellar/ffmpeg/7.1_3 --enable-shared --enable-pthreads --enable-version3 --cc=clang --host-cflags= --host-ldflags='-Wl,-ld_classic' --enable-ffplay --enable-gnutls --enable-gpl --enable-libaom --enable-libaribb24 --enable-libbluray --enable-libdav1d --enable-libharfbuzz --enable-libjxl --enable-libmp3lame --enable-libopus --enable-librav1e --enable-librist --enable-librubberband --enable-libsnappy --enable-libsrt --enable-libssh --enable-libsvtav1 --enable-libtesseract --enable-libtheora --enable-libvidstab --enable-libvmaf --enable-libvorbis --enable-libvpx --enable-libwebp --enable-libx264 --enable-libx265 --enable-libxml2 --enable-libxvid --enable-lzma --enable-libfontconfig --enable-libfreetype --enable-frei0r --enable-libass --enable-libopencore-amrnb --enable-libopencore-amrwb --enable-libopenjpeg --enable-libspeex --enable-libsoxr --enable-libzmq --enable-libzimg --disable-libjack --disable-indev=jack --enable-videotoolbox --enable-audiotoolbox --enable-neon
[stderr]   libavutil      59. 39.100 / 59. 39.100
[stderr]   libavcodec     61. 19.100 / 61. 19.100
[stderr]   libavformat    61.  7.100 / 61.  7.100
[stderr]   libavdevice    61.  3.100 / 61.  3.100
[stderr]   libavfilter    10.  4.100 / 10.  4.100
[stderr]   libswscale      8.  3.100 /  8.  3.100
[stderr]   libswresample   5.  3.100 /  5.  3.100
[stderr]   libpostproc    58.  3.100 / 58.  3.100
[stderr] Input #0, mov,mp4,m4a,3gp,3g2,mj2, from '/Users/johndoe/Documents/company/video_ops/projects/abstract_algebra_in_proof_assistant/04-set-equality/takes/take-mrhmharr/source.mp4':
[stderr]   Metadata:
[stderr]     major_brand     : qt  
[stderr]     minor_version   : 0
[stderr]     compatible_brands: qt  
[stderr]     creation_time   : 2026-07-12T09:54:07.000000Z
[stderr]   Duration: [stderr] 00:06:08.94, start: 0.000000, bitrate: 2946 kb/s
[stderr]   Stream #0:0[0x1](und): Video: hevc (Main) (hvc1 / 0x31637668), yuv420p(tv, smpte170m/bt709/bt709), 640x480, 2834 kb/s, 29.95 fps, 29.83 tbr, 600 tbn (default)
[stderr]       Metadata:
[stderr]         creation_time   : 2026-07-12T09:54:07.000000Z
[stderr]         handler_name    : Core Media Video
[stderr]         vendor_id       : [0][0][0][0]
[stderr]         encoder         : HEVC
[stderr]       Side data:
[stderr]         displaymatrix: rotation of -180.00 degrees
[stderr]   Stream #0:1[0x2](und): Audio: aac (LC) (mp4a / 0x6134706D), 48000 Hz, mono, fltp, 100 kb/s (default)
[stderr]       Metadata:
[stderr]         creation_time   : 2026-07-12T09:54:07.000000Z
[stderr]         handler_name    : Core Media Audio
[stderr]         vendor_id       : [0][0][0][0]
[stderr]   Stream #0:2[0x3](und): Data: none (mebx / 0x7862656D) (default)
[stderr]       Metadata:
[stderr]         creation_time   : 2026-07-12T09:54:07.000000Z
[stderr]         handler_name    : Core Media Metadata
[stderr] Stream mapping:
[stderr]   Stream #0:0 -> #0:0 (hevc (native) -> h264 (libx264))
[stderr]   Stream #0:1 -> #0:1 (aac (native) -> aac (native))
[stderr] Press [q] to stop, [?] for help
[stderr] [libx264 @ 0x14a80f380] using cpu capabilities: ARMv8 NEON
[stderr] [libx264 @ 0x14a80f380] profile High, level 3.0, 4:2:0, 8-bit
[stderr] [libx264 @ 0x14a80f380] 264 - core 164 r3108 31e19f9 - H.264/MPEG-4 AVC codec - Copyleft 2003-2023 - http://www.videolan.org/x264.html - options: cabac=1 ref=1 deblock=1:0:0 analyse=0x3:0x113 me=hex subme=2 psy=1 psy_rd=1.00:0.00 mixed_ref=0 me_range=16 chroma_me=1 trellis=0 8x8dct=1 cqm=0 deadzone=21,11 fast_pskip=1 chroma_qp_offset=0 threads=15 lookahead_threads=3 sliced_threads=0 nr=0 decimate=1 interlaced=0 bluray_compat=0 constrained_intra=0 bframes=3 b_pyramid=2 b_adapt=1 b_bias=0 direct=1 weightb=1 open_gop=0 weightp=1 keyint=250 keyint_min=25 scenecut=40 intra_refresh=0 rc_lookahead=10 rc=crf mbtree=1 crf=18.0 qcomp=0.60 qpmin=0 qpmax=69 qpstep=4 ip_ratio=1.40 aq=1:1.00
[stderr] Output #0, mp4, to '/Users/johndoe/Documents/company/video_ops/projects/abstract_algebra_in_proof_assistant/04-set-equality/takes/take-mrhmharr/pipeline/cut/cut-mrxmiptn/chunks/chunk-000.mp4':
[stderr]   Metadata:
[stderr]     major_brand     : qt  
[stderr]     minor_version   : 0
[stderr]     compatible_brands: qt  
[stderr]     encoder         : Lavf61.7.100
[stderr]   Stream #0:0(und): Video: h264 (avc1 / 0x31637661), yuv420p(tv, smpte170m/bt709/bt709, progressive), 640x480, q=2-31, 29.83 fps, 11456 tbn (default)
[stderr]       Metadata:
[stderr]         creation_time   : 2026-07-12T09:54:07.000000Z
[stderr]         handler_name    : Core Media Video
[stderr]         vendor_id       : [0][0][0][0]
[stderr]         encoder         : Lavc61.19.100 libx264
[stderr]       Side data:
[stderr]         cpb: bitrate max/min/avg: 0/0/0 buffer size: 0 vbv_delay: N/A
[stderr]   Stream #0:1(und): Audio: aac (LC) (mp4a / 0x6134706D), 48000 Hz, mono, fltp, 69 kb/s (default)
[stderr]       Metadata:
[stderr]         creation_time   : 2026-07-12T09:54:07.000000Z
[stderr]         handler_name    : Core Media Audio
[stderr]         vendor_id       : [0][0][0][0]
[stderr]         encoder         : Lavc61.19.100 aac
[stderr] [out#0/mp4 @ 0x14a804810] video:2305KiB audio:29KiB subtitle:0KiB other streams:0KiB global headers:0KiB muxing overhead: 0.216876%
[stderr] frame=  102 fps=0.0 q=-1.0 Lsize=    2339KiB time=00:00:03.38 bitrate=5660.6kbits/s speed=18.3x    
[stderr] [libx264 @ 0x14a80f380] frame I:1     Avg QP:22.92  size: 63949
[stderr] [libx264 @ 0x14a80f380] frame P:28    Avg QP:22.37  size: 36763
[stderr] [libx264 @ 0x14a80f380] frame B:73    Avg QP:24.77  size: 17348
[stderr] [libx264 @ 0x14a80f380] consecutive B-frames:  2.9%  3.9%  2.9% 90.2%
[stderr] [libx264 @ 0x14a80f380] mb I  I16..4:  2.8%  5.0% 92.2%
[stderr] [libx264 @ 0x14a80f380] mb P  I16..4:  3.5%  6.4% 29.0%  P16..4: 17.3% 18.2% 24.9%  0.0%  0.0%    skip: 0.8%
[stderr] [libx264 @ 0x14a80f380] mb B  I16..4:  1.0%  0.9%  1.4%  B16..8: 29.0% 21.0% 12.6%  direct:19.7%  skip:14.5%  L0:32.2% L1:31.3% BI:36.5%
[stderr] [libx264 @ 0x14a80f380] 8x8 transform intra:17.3% inter:33.1%
[stderr] [libx264 @ 0x14a80f380] coded y,uvDC,uvAC intra: 86.8% 71.1% 35.4% inter: 57.2% 25.5% 2.0%
[stderr] [libx264 @ 0x14a80f380] i16 v,h,dc,p: 62% 20% 16%  3%
[stderr] [libx264 @ 0x14a80f380] i8 v,h,dc,ddl,ddr,vr,hd,vl,hu: 20% 25% 16%  2%  8%  8%  8%  5%  7%
[stderr] [libx264 @ 0x14a80f380] i4 v,h,dc,ddl,ddr,vr,hd,vl,hu: 16% 17% 14%  3% 16%  9% 11%  6%  8%
[stderr] [libx264 @ 0x14a80f380] i8c dc,h,v,p: 51% 21% 20%  8%
[stderr] [libx264 @ 0x14a80f380] Weighted P-Frames: Y:10.7% UV:0.0%
[stderr] [libx264 @ 0x14a80f380] kb/s:5521.35
[stderr] [aac @ 0x14a86e200] Qavg: 540.908
[stderr] ffmpeg version 7.1 Copyright (c) 2000-2024 the FFmpeg developers
[stderr]   built with Apple clang version 15.0.0 (clang-1500.1.0.2.5)
[stderr]   configuration: --prefix=/opt/homebrew/Cellar/ffmpeg/7.1_3 --enable-shared --enable-pthreads --enable-version3 --cc=clang --host-cflags= --host-ldflags='-Wl,-ld_classic' --enable-ffplay --enable-gnutls --enable-gpl --enable-libaom --enable-libaribb24 --enable-libbluray --enable-libdav1d --enable-libharfbuzz --enable-libjxl --enable-libmp3lame --enable-libopus --enable-librav1e --enable-librist --enable-librubberband --enable-libsnappy --enable-libsrt --enable-libssh --enable-libsvtav1 --enable-libtesseract --enable-libtheora --enable-libvidstab --enable-libvmaf --enable-libvorbis --enable-libvpx --enable-libwebp --enable-libx264 --enable-libx265 --enable-libxml2 --enable-libxvid --enable-lzma --enable-libfontconfig --enable-libfreetype --enable-frei0r --enable-libass --enable-libopencore-amrnb --enable-libopencore-amrwb --enable-libopenjpeg --enable-libspeex --enable-libsoxr --enable-libzmq --enable-libzimg --disable-libjack --disable-indev=jack --enable-videotoolbox --enable-audiotoolbox --enable-neon
[stderr]   libavutil      59. 39.100 / 59. 39.100
[stderr]   libavcodec     61. 19.100 / 61. 19.100
[stderr]   libavformat    61.  7.100 / 61.  7.100
[stderr]   libavdevice    61.  3.100 / 61.  3.100
[stderr]   libavfilter    10.  4.100 / 10.  4.100
[stderr]   libswscale      8.  3.100 /  8.  3.100
[stderr]   libswresample   5.  3.100 /  5.  3.100
[stderr]   libpostproc    58.  3.100 / 58.  3.100
[stderr] Input #0, mov,mp4,m4a,3gp,3g2,mj2, from '/Users/johndoe/Documents/company/video_ops/projects/abstract_algebra_in_proof_assistant/04-set-equality/takes/take-mrhmharr/source.mp4':
[stderr]   Metadata:
[stderr]     major_brand     : qt  
[stderr]     minor_version   : 0
[stderr]     compatible_brands: qt  
[stderr]     creation_time   : 2026-07-12T09:54:07.000000Z
[stderr]   Duration: 00:06:08.94, start: 0.000000, bitrate: 2946 kb/s
[stderr]   Stream #0:0[0x1](und): Video: hevc (Main) (hvc1 / 0x31637668), yuv420p(tv, smpte170m/bt709/bt709), 640x480, 2834 kb/s, 29.95 fps, 29.83 tbr, 600 tbn (default)
[stderr]       Metadata:
[stderr]         creation_time   : 2026-07-12T09:54:07.000000Z
[stderr]         handler_name    : Core Media Video
[stderr]         vendor_id       : [0][0][0][0]
[stderr]         encoder         : HEVC
[stderr]       Side data:
[stderr]         displaymatrix: rotation of -180.00 degrees
[stderr]   Stream #0:1[0x2](und): Audio: aac (LC) (mp4a / 0x6134706D), 48000 Hz, mono, fltp, 100 kb/s (default)
[stderr]       Metadata:
[stderr]         creation_time   : 2026-07-12T09:54:07.000000Z
[stderr]         handler_name    : Core Media Audio
[stderr]         vendor_id       : [0][0][0][0]
[stderr]   Stream #0:2[0x3](und): Data: none (mebx / 0x7862656D) (default)
[stderr]       Metadata:
[stderr]         creation_time   : 2026-07-12T09:54:07.000000Z
[stderr]         handler_name    : Core Media Metadata
[stderr] Stream mapping:
[stderr]   Stream #0:0 -> #0:0 (hevc (native) -> h264 (libx264))
[stderr]   Stream #0:1 -> #0:1 (aac (native) -> aac (native))
[stderr] Press [q] to stop, [?] for help
[stderr] [libx264 @ 0x114605ea0] using cpu capabilities: ARMv8 NEON
[stderr] [libx264 @ 0x114605ea0] profile High, level 3.0, 4:2:0, 8-bit
[stderr] [libx264 @ 0x114605ea0] 264 - core 164 r3108 31e19f9 - H.264/MPEG-4 AVC codec - Copyleft 2003-2023 - http://www.videolan.org/x264.html - options: cabac=1 ref=1 deblock=1:0:0 analyse=0x3:0x113 me=hex subme=2 psy=1 psy_rd=1.00:0.00 mixed_ref=0 me_range=16 chroma_me=1 trellis=0 8x8dct=1 cqm=0 deadzone=21,11 fast_pskip=1 chroma_qp_offset=0 threads=15 lookahead_threads=3 sliced_threads=0 nr=0 decimate=1 interlaced=0 bluray_compat=0 constrained_intra=0 bframes=3 b_pyramid=2 b_adapt=1 b_bias=0 direct=1 weightb=1 open_gop=0 weightp=1 keyint=250 keyint_min=25 scenecut=40 intra_refresh=0 rc_lookahead=10 rc=crf mbtree=1 crf=18.0 qcomp=0.60 qpmin=0 qpmax=69 qpstep=4 ip_ratio=1.40 aq=1:1.00
[stderr] Output #0, mp4, to '/Users/johndoe/Documents/company/video_ops/projects/abstract_algebra_in_proof_assistant/04-set-equality/takes/take-mrhmharr/pipeline/cut/cut-mrxmiptn/chunks/chunk-001.mp4':
[stderr]   Metadata:
[stderr]     major_brand     : qt  
[stderr]     minor_version   : 0
[stderr]     compatible_brands: qt  
[stderr]     encoder         : Lavf61.7.100
[stderr]   Stream #0:0(und): Video: h264 (avc1 / 0x31637661), yuv420p(tv, smpte170m/bt709/bt709, progressive), 640x480, q=2-31, 29.83 fps, 11456 tbn (default)
[stderr]       Metadata:
[stderr]         creation_time   : 2026-07-12T09:54:07.000000Z
[stderr]         handler_name    : Core Media Video
[stderr]         vendor_id       : [0][0][0][0]
[stderr]         encoder         : Lavc61.19.100 libx264
[stderr]       Side data:
[stderr]         cpb: bitrate max/min/avg: 0/0/0 buffer size: 0 vbv_delay: N/A
[stderr]   Stream #0:1(und): Audio: aac (LC) (mp4a / 0x6134706D), 48000 Hz, mono, fltp, 69 kb/s (default)
[stderr]       Metadata:
[stderr]         creation_time   : 2026-07-12T09:54:07.000000Z
[stderr]         handler_name    : Core Media Audio
[stderr]         vendor_id       : [0][0][0][0]
[stderr]         encoder         : Lavc61.19.100 aac
[stderr] frame=  237 fps=0.0 q=24.0 size=    5376KiB time=00:00:07.91 bitrate=5567.3kbits/s dup=0 drop=1 speed=15.7x    [stderr] [out#0/mp4 @ 0x114604f10] video:11631KiB audio:154KiB subtitle:0KiB other streams:0KiB global headers:0KiB muxing overhead: 0.172726%
[stderr] frame=  535 fps=0.0 q=-1.0 Lsize=   11805KiB time=00:00:17.89 bitrate=5402.8kbits/s dup=0 drop=2 speed=19.5x    
[stderr] [libx264 @ 0x114605ea0] frame I:3     Avg QP:20.62  size: 49317
[stderr] [libx264 @ 0x114605ea0] frame P:169   Avg QP:21.93  size: 38175
[stderr] [libx264 @ 0x114605ea0] frame B:363   Avg QP:25.10  size: 14628
[stderr] [libx264 @ 0x114605ea0] consecutive B-frames:  6.0%  7.5%  9.5% 77.0%
[stderr] [libx264 @ 0x114605ea0] mb I  I16..4:  5.7%  8.8% 85.4%
[stderr] [libx264 @ 0x114605ea0] mb P  I16..4:  3.2%  4.0% 13.5%  P16..4: 24.7% 22.6% 31.2%  0.0%  0.0%    skip: 0.9%
[stderr] [libx264 @ 0x114605ea0] mb B  I16..4:  0.7%  0.4%  0.7%  B16..8: 30.8% 18.8%  8.9%  direct:21.0%  skip:18.6%  L0:27.6% L1:33.3% BI:39.1%
[stderr] [libx264 @ 0x114605ea0] 8x8 transform intra:19.0% inter:35.0%
[stderr] [libx264 @ 0x114605ea0] coded y,uvDC,uvAC intra: 80.8% 73.2% 40.8% inter: 55.8% 23.6% 2.6%
[stderr] [libx264 @ 0x114605ea0] i16 v,h,dc,p: 63% 16% 17%  5%
[stderr] [libx264 @ 0x114605ea0] i8 v,h,dc,ddl,ddr,vr,hd,vl,hu: 19% 25% 19%  2%  8%  6%  8%  5%  7%
[stderr] [libx264 @ 0x114605ea0] i4 v,h,dc,ddl,ddr,vr,hd,vl,hu: 15% 20% 14%  3% 14%  8% 11%  6% 10%
[stderr] [libx264 @ 0x114605ea0] i8c dc,h,v,p: 51% 22% 18%  9%
[stderr] [libx264 @ 0x114605ea0] Weighted P-Frames: Y:23.7% UV:2.4%
[stderr] [libx264 @ 0x114605ea0] kb/s:5312.90
[stderr] [aac @ 0x135214ac0] Qavg: 178.601
[stderr] ffmpeg version 7.1 Copyright (c) 2000-2024 the FFmpeg developers
[stderr]   built with Apple clang version 15.0.0 (clang-1500.1.0.2.5)
[stderr]   configuration: --prefix=/opt/homebrew/Cellar/ffmpeg/7.1_3 --enable-shared --enable-pthreads --enable-version3 --cc=clang --host-cflags= --host-ldflags='-Wl,-ld_classic' --enable-ffplay --enable-gnutls --enable-gpl --enable-libaom --enable-libaribb24 --enable-libbluray --enable-libdav1d --enable-libharfbuzz --enable-libjxl --enable-libmp3lame --enable-libopus --enable-librav1e --enable-librist --enable-librubberband --enable-libsnappy --enable-libsrt --enable-libssh --enable-libsvtav1 --enable-libtesseract --enable-libtheora --enable-libvidstab --enable-libvmaf --enable-libvorbis --enable-libvpx --enable-libwebp --enable-libx264 --enable-libx265 --enable-libxml2 --enable-libxvid --enable-lzma --enable-libfontconfig --enable-libfreetype --enable-frei0r --enable-libass --enable-libopencore-amrnb --enable-libopencore-amrwb --enable-libopenjpeg --enable-libspeex --enable-libsoxr --enable-libzmq --enable-libzimg --disable-libjack --disable-indev=jack --enable-videotoolbox --enable-audiotoolbox --enable-neon
[stderr]   libavutil      59. 39.100 / 59. 39.100
[stderr]   libavcodec     61. 19.100 / 61. 19.100
[stderr]   libavformat    61.  7.100 / 61.  7.100
[stderr]   libavdevice    61.  3.100 / 61.  3.100
[stderr]   libavfilter    10.  4.100 / 10.  4.100
[stderr]   libswscale      8.  3.100 /  8.  3.100
[stderr]   libswresample   5.  3.100 /  5.  3.100
[stderr]   libpostproc    58.  3.100 / 58.  3.100
[stderr] Input #0, mov,mp4,m4a,3gp,3g2,mj2, from '/Users/johndoe/Documents/company/video_ops/projects/abstract_algebra_in_proof_assistant/04-set-equality/takes/take-mrhmharr/source.mp4':
[stderr]   Metadata:
[stderr]     major_brand     : qt  
[stderr]     minor_version   : 0
[stderr]     compatible_brands: [stderr] qt  
[stderr]     creation_time   : 2026-07-12T09:54:07.000000Z
[stderr]   Duration: 00:06:08.94, start: 0.000000, bitrate: 2946 kb/s
[stderr]   Stream #0:0[0x1](und): Video: hevc (Main) (hvc1 / 0x31637668), yuv420p(tv, smpte170m/bt709/bt709), 640x480, 2834 kb/s, 29.95 fps, 29.83 tbr, 600 tbn (default)
[stderr]       Metadata:
[stderr]         creation_time   : 2026-07-12T09:54:07.000000Z
[stderr]         handler_name    : Core Media Video
[stderr]         vendor_id       : [0][0][0][0]
[stderr]         encoder         : HEVC
[stderr]       Side data:
[stderr]         displaymatrix: rotation of -180.00 degrees
[stderr]   Stream #0:1[0x2](und): Audio: aac (LC) (mp4a / 0x6134706D), 48000 Hz, mono, fltp, 100 kb/s (default)
[stderr]       Metadata:
[stderr]         creation_time   : 2026-07-12T09:54:07.000000Z
[stderr]         handler_name    : Core Media Audio
[stderr]         vendor_id       : [0][0][0][0]
[stderr]   Stream #0:2[0x3](und): Data: none (mebx / 0x7862656D) (default)
[stderr]       Metadata:
[stderr]         creation_time   : 2026-07-12T09:54:07.000000Z
[stderr]         handler_name    : Core Media Metadata
[stderr] Stream mapping:
[stderr]   Stream #0:0 -> #0:0 (hevc (native) -> h264 (libx264))
[stderr]   Stream #0:1 -> #0:1[stderr]  (aac (native) -> aac (native))
[stderr] Press [q] to stop, [?] for help
[stderr] [libx264 @ 0x12a705720] using cpu capabilities: ARMv8 NEON
[stderr] [libx264 @ 0x12a705720] profile High, level 3.0, 4:2:0, 8-bit
[stderr] [libx264 @ 0x12a705720] 264 - core 164 r3108 31e19f9 - H.264/MPEG-4 AVC codec - Copyleft 2003-2023 - http://www.videolan.org/x264.html - options: cabac=1 ref=1 deblock=1:0:0 analyse=0x3:0x113 me=hex subme=2 psy=1 psy_rd=1.00:0.00 mixed_ref=0 me_range=16 chroma_me=1 trellis=0 8x8dct=1 cqm=0 deadzone=21,11 fast_pskip=1 chroma_qp_offset=0 threads=15 lookahead_threads=3 sliced_threads=0 nr=0 decimate=1 interlaced=0 bluray_compat=0 constrained_intra=0 bframes=3 b_pyramid=2 b_adapt=1 b_bias=0 direct=1 weightb=1 open_gop=0 weightp=1 keyint=250 keyint_min=25 scenecut=40 intra_refresh=0 rc_lookahead=10 rc=crf mbtree=1 crf=18.0 qcomp=0.60 qpmin=0 qpmax=69 qpstep=4 ip_ratio=1.40 aq=1:1.00
[stderr] Output #0, mp4, to '/Users/johndoe/Documents/company/video_ops/projects/abstract_algebra_in_proof_assistant/04-set-equality/takes/take-mrhmharr/pipeline/cut/cut-mrxmiptn/chunks/chunk-002.mp4':
[stderr]   Metadata:
[stderr]     major_brand     : qt  
[stderr]     minor_version   : 0
[stderr]     compatible_brands: qt  
[stderr]     encoder         : Lavf61.7.100
[stderr]   Stream #0:0(und): Video: h264 (avc1 / 0x31637661), yuv420p(tv, smpte170m/bt709/bt709, progressive), 640x480, q=2-31, 29.83 fps, 11456 tbn (default)
[stderr]       Metadata:
[stderr]         creation_time   : 2026-07-12T09:54:07.000000Z
[stderr]         handler_name    : Core Media Video
[stderr]         vendor_id       : [0][0][0][0]
[stderr]         encoder         : Lavc61.19.100 libx264
[stderr]       Side data:
[stderr]         cpb: bitrate max/min/avg: 0/0/0 buffer size: 0 vbv_delay: N/A
[stderr]   Stream #0:1(und): Audio: aac (LC) (mp4a / 0x6134706D), 48000 Hz, mono, fltp, 69 kb/s (default)
[stderr]       Metadata:
[stderr]         creation_time   : 2026-07-12T09:54:07.000000Z
[stderr]         handler_name    : Core Media Audio
[stderr]         vendor_id       : [0][0][0][0]
[stderr]         encoder         : Lavc61.19.100 aac
[stderr] frame=  101 fps=0.0 q=24.0 size=    1536KiB time=00:00:03.31 bitrate=3791.9kbits/s speed=6.57x    [stderr] frame=  454 fps=450 q=24.0 size=    8448KiB time=00:00:15.15 bitrate=4567.8kbits/s dup=0 drop=1 speed=  15x    [stderr] frame=  772 fps=510 q=24.0 size=   17152KiB time=00:00:25.77 bitrate=5451.1kbits/s dup=0 drop=2 speed=  17x    [stderr] [out#0/mp4 @ 0x12a704340] video:22776KiB audio:284KiB subtitle:0KiB other streams:0KiB global headers:0KiB muxing overhead: 0.157912%
[stderr] frame=  989 fps=542 q=-1.0 Lsize=   23096KiB time=00:00:33.05 bitrate=5724.7kbits/s dup=0 drop=3 speed=18.1x    
[stderr] [libx264 @ 0x12a705720] frame I:6     Avg QP:19.60  size: 57935
[stderr] [libx264 @ 0x12a705720] frame P:309   Avg QP:22.24  size: 38413
[stderr] [libx264 @ 0x12a705720] frame B:674   Avg QP:25.56  size: 16476
[stderr] [libx264 @ 0x12a705720] consecutive B-frames:  6.0%  7.3%  6.7% 80.1%
[stderr] [libx264 @ 0x12a705720] mb I  I16..4:  8.1%  6.9% 84.9%
[stderr] [libx264 @ 0x12a705720] mb P  I16..4:  5.1%  4.9% 16.4%  P16..4: 20.9% 20.4% 30.4%  0.0%  0.0%    skip: 1.9%
[stderr] [libx264 @ 0x12a705720] mb B  I16..4:  1.1%  0.6%  1.4%  B16..8: 29.1% 18.5% 12.5%  direct:16.4%  skip:20.3%  L0:27.3% L1:32.4% BI:40.3%
[stderr] [libx264 @ 0x12a705720] 8x8 transform intra:17.9% inter:33.5%
[stderr] [libx264 @ 0x12a705720] coded y,uvDC,uvAC intra: 77.5% 65.8% 34.1% inter: 53.4% 23.2% 2.3%
[stderr] [libx264 @ 0x12a705720] i16 v,h,dc,p: 71% 13% 13%  3%
[stderr] [libx264 @ 0x12a705720] i8 v,h,dc,ddl,ddr,vr,hd,vl,hu: 25% 21% 16%  2%  8%  8%  7%  6%  6%
[stderr] [libx264 @ 0x12a705720] i4 v,h,dc,ddl,ddr,vr,hd,vl,hu: 16% 18% 14%  3% 14%  9% 10%  6%  9%
[stderr] [libx264 @ 0x12a705720] i8c dc,h,v,p: 56% 18% 18%  8%
[stderr] [libx264 @ 0x12a705720] Weighted P-Frames: Y:10.7% UV:0.3%
[stderr] [libx264 @ 0x12a705720] kb/s:5628.13
[stderr] [aac @ 0x12a76c4a0] Qavg: 245.739
[stderr] ffmpeg version 7.1 Copyright (c) 2000-2024 the FFmpeg developers
[stderr]   built with Apple clang version 15.0.0 (clang-1500.1.0.2.5)
[stderr]   configuration: --prefix=/opt/homebrew/Cellar/ffmpeg/7.1_3 --enable-shared --enable-pthreads --enable-version3 --cc=clang --host-cflags= --host-ldflags='-Wl,-ld_classic' --enable-ffplay --enable-gnutls --enable-gpl --enable-libaom --enable-libaribb24 --enable-libbluray --enable-libdav1d --enable-libharfbuzz --enable-libjxl --enable-libmp3lame --enable-libopus --enable-librav1e --enable-librist --enable-librubberband --enable-libsnappy --enable-libsrt --enable-libssh --enable-libsvtav1 --enable-libtesseract --enable-libtheora --enable-libvidstab --enable-libvmaf --enable-libvorbis --enable-libvpx --enable-libwebp --enable-libx264 --enable-libx265 --enable-libxml2 --enable-libxvid --enable-lzma --enable-libfontconfig --enable-libfreetype --enable-frei0r --enable-libass --enable-libopencore-amrnb --enable-libopencore-amrwb --enable-libopenjpeg --enable-libspeex --enable-libsoxr --enable-libzmq --enable-libzimg --disable-libjack --disable-indev=jack --enable-videotoolbox --enable-audiotoolbox --enable-neon
[stderr]   libavutil      59. 39.100 / 59. 39.100
[stderr]   libavcodec     61. 19.100 / 61. 19.100
[stderr]   libavformat    61.  7.100 / 61.  7.100
[stderr]   libavdevice    61.  3.100 / 61.  3.100
[stderr]   libavfilter    10.  4.100 / 10.  4.100
[stderr]   libswscale      8.  3.100 /  8.  3.100
[stderr]   libswresample   5.  3.100 /  5.  3.100
[stderr]   libpostproc    58.  3.100 / 58.  3.100
[stderr] Input #0, mov,mp4,m4a,3gp,3g2,mj2, from '/Users/johndoe/Documents/company/video_ops/projects/abstract_algebra_in_proof_assistant/04-set-equality/takes/take-mrhmharr/source.mp4':
[stderr]   Metadata:
[stderr]     major_brand     : qt  
[stderr]     minor_version   : 0
[stderr]     compatible_brands: qt  
[stderr]     creation_time   : [stderr] 2026-07-12T09:54:07.000000Z
[stderr]   Duration: 00:06:08.94, start: 0.000000, bitrate: 2946 kb/s
[stderr]   Stream #0:0[0x1](und): Video: hevc (Main) (hvc1 / 0x31637668), yuv420p(tv, smpte170m/bt709/bt709), 640x480, 2834 kb/s, 29.95 fps, 29.83 tbr, 600 tbn (default)
[stderr]       Metadata:
[stderr]         creation_time   : 2026-07-12T09:54:07.000000Z
[stderr]         handler_name    : Core Media Video
[stderr]         vendor_id       : [0][0][0][0]
[stderr]         encoder         : HEVC
[stderr]       Side data:
[stderr]         displaymatrix: rotation of -180.00 degrees
[stderr]   Stream #0:1[0x2](und): Audio: aac (LC) (mp4a / 0x6134706D), 48000 Hz, mono, fltp, 100 kb/s (default)
[stderr]       Metadata:
[stderr]         creation_time   : 2026-07-12T09:54:07.000000Z
[stderr]         handler_name    : Core Media Audio
[stderr]         vendor_id       : [0][0][0][0]
[stderr]   Stream #0:2[0x3](und): Data: none (mebx / 0x7862656D) (default)
[stderr]       Metadata:
[stderr]         creation_time   : 2026-07-12T09:54:07.000000Z
[stderr]         handler_name    : Core Media Metadata
[stderr] Stream mapping:
[stderr]   Stream #0:0 -> #0:0 (hevc (native) -> h264 (libx264))
[stderr]   Stream #0:1 -> #0:1 (aac (native) -> aac (native))
[stderr] Press [q] to stop, [?] for help
[stderr] [libx264 @ 0x129f1dac0] using cpu capabilities: ARMv8 NEON
[stderr] [libx264 @ 0x129f1dac0] profile High, level 3.0, 4:2:0, 8-bit
[stderr] [libx264 @ 0x129f1dac0] 264 - core 164 r3108 31e19f9 - H.264/MPEG-4 AVC codec - Copyleft 2003-2023 - http://www.videolan.org/x264.html - options: cabac=1 ref=1 deblock=1:0:0 analyse=0x3:0x113 me=hex subme=2 psy=1 psy_rd=1.00:0.00 mixed_ref=0 me_range=16 chroma_me=1 trellis=0 8x8dct=1 cqm=0 deadzone=21,11 fast_pskip=1 chroma_qp_offset=0 threads=15 lookahead_threads=3 sliced_threads=0 nr=0 decimate=1 interlaced=0 bluray_compat=0 constrained_intra=0 bframes=3 b_pyramid=2 b_adapt=1 b_bias=0 direct=1 weightb=1 open_gop=0 weightp=1 keyint=250 keyint_min=25 scenecut=40 intra_refresh=0 rc_lookahead=10 rc=crf mbtree=1 crf=18.0 qcomp=0.60 qpmin=0 qpmax=69 qpstep=4 ip_ratio=1.40 aq=1:1.00
[stderr] Output #0, mp4, to '/Users/johndoe/Documents/company/video_ops/projects/abstract_algebra_in_proof_assistant/04-set-equality/takes/take-mrhmharr/pipeline/cut/cut-mrxmiptn/chunks/chunk-003.mp4':
[stderr]   Metadata:
[stderr]     major_brand     : qt  
[stderr]     minor_version   : 0
[stderr]     compatible_brands: qt  
[stderr]     encoder         : Lavf61.7.100
[stderr]   Stream #0:0(und): Video: h264 (avc1 / 0x31637661), yuv420p(tv, smpte170m/bt709/bt709, progressive), 640x480, q=2-31, 29.83 fps, 11456 tbn (default)
[stderr]       Metadata:
[stderr]         creation_time   : 2026-07-12T09:54:07.000000Z
[stderr]         handler_name    : Core Media Video
[stderr]         vendor_id       : [0][0][0][0]
[stderr]         encoder         : Lavc61.19.100 libx264
[stderr]       Side data:
[stderr]         cpb: bitrate max/min/avg: 0/0/0 buffer size: 0 vbv_delay: N/A
[stderr]   Stream #0:1(und): Audio: aac (LC) (mp4a / 0x6134706D), 48000 Hz, mono, fltp, 69 kb/s (default)
[stderr]       Metadata:
[stderr]         creation_time   : 2026-07-12T09:54:07.000000Z
[stderr]         handler_name    : Core Media Audio
[stderr]         vendor_id       : [0][0][0][0]
[stderr]         encoder         : Lavc61.19.100 aac
[stderr] [out#0/mp4 @ 0x129f12f40] video:428KiB audio:6KiB subtitle:0KiB other streams:0KiB global headers:0KiB muxing overhead: 0.483966%
[stderr] frame=   19 fps=0.0 q=-1.0 Lsize=     436KiB time=00:00:00.56 bitrate=6272.9kbits/s speed=0.72x    
[stderr] [libx264 @ 0x129f1dac0] frame I:1     Avg QP:20.28  size: 53158
[stderr] [libx264 @ 0x129f1dac0] frame P:7     Avg QP:21.77  size: 32653
[stderr] [libx264 @ 0x129f1dac0] frame B:11    Avg QP:25.29  size: 14206
[stderr] [libx264 @ 0x129f1dac0] consecutive B-frames: 10.5% 31.6% 15.8% 42.1%
[stderr] [libx264 @ 0x129f1dac0] mb I  I16..4: 12.5%  8.2% 79.2%
[stderr] [libx264 @ 0x129f1dac0] mb P  I16..4:  7.2%  2.8%  4.5%  P16..4: 25.9% 21.8% 31.2%  0.0%  0.0%    skip: 6.7%
[stderr] [libx264 @ 0x129f1dac0] mb B  I16..4:  1.8%  0.2%  0.0%  B16..8: 28.8% 16.5%  9.4%  direct:16.2%  skip:27.1%  L0:20.9% L1:40.2% BI:38.9%
[stderr] [libx264 @ 0x129f1dac0] 8x8 transform intra:13.4% inter:30.2%
[stderr] [libx264 @ 0x129f1dac0] coded y,uvDC,uvAC intra: 61.9% 55.4% 29.2% inter: 49.1% 17.9% 1.4%
[stderr] [libx264 @ 0x129f1dac0] i16 v,h,dc,p: 88%  3%  8%  1%
[stderr] [libx264 @ 0x129f1dac0] i8 v,h,dc,ddl,ddr,vr,hd,vl,hu: 24% 17% 23%  2%  9%  9%  7%  4%  5%
[stderr] [libx264 @ 0x129f1dac0] i4 v,h,dc,ddl,ddr,vr,hd,vl,hu: 18% 15% 14%  4% 13%  9%  9%  8%  9%
[stderr] [libx264 @ 0x129f1dac0] i8c dc,h,v,p: 66% 14% 15%  5%
[stderr] [libx264 @ 0x129f1dac0] Weighted P-Frames: Y:14.3% UV:0.0%
[stderr] [libx264 @ 0x129f1dac0] kb/s:5501.87
[stderr] [aac @ 0x129f7c990] Qavg: 109.934
[stderr] ffmpeg version 7.1 Copyright (c) 2000-2024 the FFmpeg developers
[stderr]   built with Apple clang version 15.0.0 (clang-1500.1.0.2.5)
[stderr]   configuration: --prefix=/opt/homebrew/Cellar/ffmpeg/7.1_3 --enable-shared --enable-pthreads --enable-version3 --cc=clang --host-cflags= --host-ldflags='-Wl,-ld_classic' --enable-ffplay --enable-gnutls --enable-gpl --enable-libaom --enable-libaribb24 --enable-libbluray --enable-libdav1d --enable-libharfbuzz --enable-libjxl --enable-libmp3lame --enable-libopus --enable-librav1e --enable-librist --enable-librubberband --enable-libsnappy --enable-libsrt --enable-libssh --enable-libsvtav1 --enable-libtesseract --enable-libtheora --enable-libvidstab --enable-libvmaf --enable-libvorbis --enable-libvpx --enable-libwebp --enable-libx264 --enable-libx265 --enable-libxml2 --enable-libxvid --enable-lzma --enable-libfontconfig --enable-libfreetype --enable-frei0r --enable-libass --enable-libopencore-amrnb --enable-libopencore-amrwb --enable-libopenjpeg --enable-libspeex --enable-libsoxr --enable-libzmq --enable-libzimg --disable-libjack --disable-indev=jack --enable-videotoolbox --enable-audiotoolbox --enable-neon
[stderr]   libavutil      59. 39.100 / 59. 39.100
[stderr]   libavcodec     61. 19.100 / 61. 19.100
[stderr]   libavformat    61.  7.100 / 61.  7.100
[stderr]   libavdevice    61.  3.100 / 61.  3.100
[stderr]   libavfilter    10.  4.100 / 10.  4.100
[stderr]   libswscale      8.  3.100 /  8.  3.100
[stderr]   libswresample   5.  3.100 /  5.  3.100
[stderr]   libpostproc    58.  3.100 / 58.  3.100
[stderr] Input #0, mov,mp4,m4a,3gp,3g2,mj2, from '/Users/johndoe/Documents/company/video_ops/projects/abstract_algebra_in_proof_assistant/04-set-equality/takes/take-mrhmharr/source.mp4':
[stderr]   Metadata:
[stderr]     major_brand     : qt  
[stderr]     minor_version   : 0
[stderr]     compatible_brands: qt  
[stderr]     creation_time   : [stderr] 2026-07-12T09:54:07.000000Z
[stderr]   Duration: 00:06:08.94, start: 0.000000, bitrate: 2946 kb/s
[stderr]   Stream #0:0[0x1](und): Video: hevc (Main) (hvc1 / 0x31637668), yuv420p(tv, smpte170m/bt709/bt709), 640x480, 2834 kb/s, 29.95 fps, 29.83 tbr, 600 tbn (default)
[stderr]       Metadata:
[stderr]         creation_time   : 2026-07-12T09:54:07.000000Z
[stderr]         handler_name    : Core Media Video
[stderr]         vendor_id       : [0][0][0][0]
[stderr]         encoder         : HEVC
[stderr]       Side data:
[stderr]         displaymatrix: rotation of -180.00 degrees
[stderr]   Stream #0:1[0x2](und): Audio: aac (LC) (mp4a / 0x6134706D), 48000 Hz, mono, fltp, 100 kb/s (default)
[stderr]       Metadata:
[stderr]         creation_time   : 2026-07-12T09:54:07.000000Z
[stderr]         handler_name    : Core Media Audio
[stderr]         vendor_id       : [0][0][0][0]
[stderr]   Stream #0:2[0x3](und): Data: none (mebx / 0x7862656D) (default)
[stderr]       Metadata:
[stderr]         creation_time   : 2026-07-12T09:54:07.000000Z
[stderr]         handler_name    : Core Media Metadata
[stderr] Stream mapping:
[stderr]   Stream #0:0 -> #0:0 (hevc (native) -> h264 (libx264))
[stderr]   Stream #0:1 -> #0:1 (aac (native) -> aac (native))
[stderr] Press [q] to stop, [?] for help
[stderr] [libx264 @ 0x123105310] using cpu capabilities: ARMv8 NEON
[stderr] [libx264 @ 0x123105310] profile High, level 3.0, 4:2:0, 8-bit
[stderr] [libx264 @ 0x123105310] 264 - core 164 r3108 31e19f9 - H.264/MPEG-4 AVC codec - Copyleft 2003-2023 - http://www.videolan.org/x264.html - options: cabac=1 ref=1 deblock=1:0:0 analyse=0x3:0x113 me=hex subme=2 psy=1 psy_rd=1.00:0.00 mixed_ref=0 me_range=16 chroma_me=1 trellis=0 8x8dct=1 cqm=0 deadzone=21,11 fast_pskip=1 chroma_qp_offset=0 threads=15 lookahead_threads=3 sliced_threads=0 nr=0 decimate=1 interlaced=0 bluray_compat=0 constrained_intra=0 bframes=3 b_pyramid=2 b_adapt=1 b_bias=0 direct=1 weightb=1 open_gop=0 weightp=1 keyint=250 keyint_min=25 scenecut=40 intra_refresh=0 rc_lookahead=10 rc=crf mbtree=1 crf=18.0 qcomp=0.60 qpmin=0 qpmax=69 qpstep=4 ip_ratio=1.40 aq=1:1.00
[stderr] Output #0, mp4, to '/Users/johndoe/Documents/company/video_ops/projects/abstract_algebra_in_proof_assistant/04-set-equality/takes/take-mrhmharr/pipeline/cut/cut-mrxmiptn/chunks/chunk-004.mp4':
[stderr]   Metadata:
[stderr]     major_brand     : qt  
[stderr]     minor_version   : 0
[stderr]     compatible_brands: qt  
[stderr]     encoder         : Lavf61.7.100
[stderr]   Stream #0:0(und): Video: h264 (avc1 / 0x31637661), yuv420p(tv, smpte170m/bt709/bt709, progressive), 640x480, q=2-31, 29.83 fps, 11456 tbn (default)
[stderr]       Metadata:
[stderr]         creation_time   : 2026-07-12T09:54:07.000000Z
[stderr]         handler_name    : Core Media Video
[stderr]         vendor_id       : [0][0][0][0]
[stderr]         encoder         : Lavc61.19.100 libx264
[stderr]       Side data:
[stderr]         cpb: bitrate max/min/avg: 0/0/0 buffer size: 0 vbv_delay: N/A
[stderr]   Stream #0:1(und): Audio: aac (LC) (mp4a / 0x6134706D), 48000 Hz, mono, fltp, 69 kb/s (default)
[stderr]       Metadata:
[stderr]         creation_time   : 2026-07-12T09:54:07.000000Z
[stderr]         handler_name    : Core Media Audio
[stderr]         vendor_id       : [0][0][0][0]
[stderr]         encoder         : Lavc61.19.100 aac
[stderr] [out#0/mp4 @ 0x12360dbc0] video:1217KiB audio:20KiB subtitle:0KiB other streams:0KiB global headers:0KiB muxing overhead: 0.315611%
[stderr] frame=   70 fps=0.0 q=-1.0 Lsize=    1240KiB time=00:00:02.27 bitrate=4457.8kbits/s speed=2.58x    
[stderr] [libx264 @ 0x123105310] frame I:1     Avg QP:19.56  size: 61325
[stderr] [libx264 @ 0x123105310] frame P:20    Avg QP:20.25  size: 35364
[stderr] [libx264 @ 0x123105310] frame B:49    Avg QP:24.86  size:  9723
[stderr] [libx264 @ 0x123105310] consecutive B-frames:  2.9%  8.6%  8.6% 80.0%
[stderr] [libx264 @ 0x123105310] mb I  I16..4: 15.5%  9.1% 75.4%
[stderr] [libx264 @ 0x123105310] mb P  I16..4: 10.4%  2.2%  4.5%  P16..4: 23.4% 21.8% 32.5%  0.0%  0.0%    skip: 5.1%
[stderr] [libx264 @ 0x123105310] mb B  I16..4:  2.1%  0.1%  0.0%  B16..8: 28.1% 14.8%  6.9%  direct:12.3%  skip:35.6%  L0:22.5% L1:27.9% BI:49.6%
[stderr] [libx264 @ 0x123105310] 8x8 transform intra:11.0% inter:29.0%
[stderr] [libx264 @ 0x123105310] coded y,uvDC,uvAC intra: 41.4% 35.3% 20.4% inter: 38.8% 14.4% 2.0%
[stderr] [libx264 @ 0x123105310] i16 v,h,dc,p: 87%  4%  8%  1%
[stderr] [libx264 @ 0x123105310] i8 v,h,dc,ddl,ddr,vr,hd,vl,hu: 20% 22% 24%  2%  6%  6%  8%  4%  7%
[stderr] [libx264 @ 0x123105310] i4 v,h,dc,ddl,ddr,vr,hd,vl,hu: 18% 16% 17%  4% 12%  9%  8%  6% 10%
[stderr] [libx264 @ 0x123105310] i8c dc,h,v,p: 77% 10% 10%  3%
[stderr] [libx264 @ 0x123105310] Weighted P-Frames: Y:10.0% UV:0.0%
[stderr] [libx264 @ 0x123105310] kb/s:4245.03
[stderr] [aac @ 0x12316a2a0] Qavg: 125.090
[stderr] ffmpeg version 7.1 Copyright (c) 2000-2024 the FFmpeg developers
[stderr]   built with Apple clang version 15.0.0 (clang-1500.1.0.2.5)
[stderr]   configuration: --prefix=/opt/homebrew/Cellar/ffmpeg/7.1_3 --enable-shared --enable-pthreads --enable-version3 --cc=clang --host-cflags= --host-ldflags='-Wl,-ld_classic' --enable-ffplay --enable-gnutls --enable-gpl --enable-libaom --enable-libaribb24 --enable-libbluray --enable-libdav1d --enable-libharfbuzz --enable-libjxl --enable-libmp3lame --enable-libopus --enable-librav1e --enable-librist --enable-librubberband --enable-libsnappy --enable-libsrt --enable-libssh --enable-libsvtav1 --enable-libtesseract --enable-libtheora --enable-libvidstab --enable-libvmaf --enable-libvorbis --enable-libvpx --enable-libwebp --enable-libx264 --enable-libx265 --enable-libxml2 --enable-libxvid --enable-lzma --enable-libfontconfig --enable-libfreetype --enable-frei0r --enable-libass --enable-libopencore-amrnb --enable-libopencore-amrwb --enable-libopenjpeg --enable-libspeex --enable-libsoxr --enable-libzmq --enable-libzimg --disable-libjack --disable-indev=jack --enable-videotoolbox --enable-audiotoolbox --enable-neon
[stderr]   libavutil      59. 39.100 / 59. 39.100
[stderr]   libavcodec     61. 19.100 / 61. 19.100
[stderr]   libavformat    61.  7.100 / 61.  7.100
[stderr]   libavdevice    61.  3.100 / 61.  3.100
[stderr]   libavfilter    10.  4.100 / 10.  4.100
[stderr]   libswscale      8.  3.100 /  8.  3.100
[stderr]   libswresample   5.  3.100 /  5.  3.100
[stderr]   libpostproc    58.  3.100 / 58.  3.100
[stderr] Input #0, mov,mp4,m4a,3gp,3g2,mj2, from '/Users/johndoe/Documents/company/video_ops/projects/abstract_algebra_in_proof_assistant/04-set-equality/takes/take-mrhmharr/source.mp4':
[stderr]   Metadata:
[stderr]     major_brand     : qt  
[stderr]     minor_version   : 0
[stderr]     compatible_brands: qt  
[stderr]     creation_time   : 2026-07-12T09:54:07.000000Z
[stderr]   Duration: 00:06:08.94, start: 0.000000, bitrate: 2946 kb/s
[stderr]   Stream #0:0[0x1](und): Video: hevc (Main) (hvc1 / 0x31637668), yuv420p(tv, smpte170m/bt709/bt709), 640x480, 2834 kb/s, 29.95 fps, 29.83 tbr, 600 tbn (default)
[stderr]       Metadata:
[stderr]         creation_time   : 2026-07-12T09:54:07.000000Z
[stderr]         handler_name    : Core Media Video
[stderr]         vendor_id       : [0][0][0][0]
[stderr]         encoder         : HEVC
[stderr]       Side data:
[stderr]         displaymatrix: rotation of -180.00 degrees
[stderr]   Stream #0:1[0x2](und): Audio: aac (LC) (mp4a / 0x6134706D), 48000 Hz, mono, fltp, 100 kb/s (default)
[stderr]       Metadata:
[stderr]         creation_time   : 2026-07-12T09:54:07.000000Z
[stderr]         handler_name    : Core Media Audio
[stderr]         vendor_id       : [0][0][0][0]
[stderr]   Stream #0:2[0x3](und): Data: none (mebx / 0x7862656D) (default)
[stderr]       Metadata:
[stderr]         creation_time   : 2026-07-12T09:54:07.000000Z
[stderr]         handler_name    : Core Media Metadata
[stderr] Stream mapping:
[stderr]   Stream #0:0 -> #0:0 (hevc (native) -> h264 (libx264))
[stderr]   Stream #0:1 -> #0:1[stderr]  (aac (native) -> aac (native))
[stderr] Press [q] to stop, [?] for help
[stderr] [libx264 @ 0x12da0f300] using cpu capabilities: ARMv8 NEON
[stderr] [libx264 @ 0x12da0f300] profile High, level 3.0, 4:2:0, 8-bit
[stderr] [libx264 @ 0x12da0f300] 264 - core 164 r3108 31e19f9 - H.264/MPEG-4 AVC codec - Copyleft 2003-2023 - http://www.videolan.org/x264.html - options: cabac=1 ref=1 deblock=1:0:0 analyse=0x3:0x113 me=hex subme=2 psy=1 psy_rd=1.00:0.00 mixed_ref=0 me_range=16 chroma_me=1 trellis=0 8x8dct=1 cqm=0 deadzone=21,11 fast_pskip=1 chroma_qp_offset=0 threads=15 lookahead_threads=3 sliced_threads=0 nr=0 decimate=1 interlaced=0 bluray_compat=0 constrained_intra=0 bframes=3 b_pyramid=2 b_adapt=1 b_bias=0 direct=1 weightb=1 open_gop=0 weightp=1 keyint=250 keyint_min=25 scenecut=40 intra_refresh=0 rc_lookahead=10 rc=crf mbtree=1 crf=18.0 qcomp=0.60 qpmin=0 qpmax=69 qpstep=4 ip_ratio=1.40 aq=1:1.00
[stderr] Output #0, mp4, to '/Users/johndoe/Documents/company/video_ops/projects/abstract_algebra_in_proof_assistant/04-set-equality/takes/take-mrhmharr/pipeline/cut/cut-mrxmiptn/chunks/chunk-005.mp4':
[stderr]   Metadata:
[stderr]     major_brand     : qt  
[stderr]     minor_version   : 0
[stderr]     compatible_brands: qt  
[stderr]     encoder         : Lavf61.7.100
[stderr]   Stream #0:0(und): Video: h264 (avc1 / 0x31637661), yuv420p(tv, smpte170m/bt709/bt709, progressive), 640x480, q=2-31, 29.83 fps, 11456 tbn (default)
[stderr]       Metadata:
[stderr]         creation_time   : 2026-07-12T09:54:07.000000Z
[stderr]         handler_name    : Core Media Video
[stderr]         vendor_id       : [0][0][0][0]
[stderr]         encoder         : Lavc61.19.100 libx264
[stderr]       Side data:
[stderr]         cpb: bitrate max/min/avg: 0/0/0 buffer size: 0 vbv_delay: N/A
[stderr]   Stream #0:1(und): Audio: aac (LC) (mp4a / 0x6134706D), 48000 Hz, mono, fltp, 69 kb/s (default)
[stderr]       Metadata:
[stderr]         creation_time   : 2026-07-12T09:54:07.000000Z
[stderr]         handler_name    : Core Media Audio
[stderr]         vendor_id       : [0][0][0][0]
[stderr]         encoder         : Lavc61.19.100 aac
[stderr] [out#0/mp4 @ 0x12da046a0] video:1274KiB audio:22KiB subtitle:0KiB other streams:0KiB global headers:0KiB muxing overhead: 0.317788%
[stderr] frame=   77 fps= 56 q=-1.0 Lsize=    1300KiB time=00:00:02.51 bitrate=4235.2kbits/s speed=1.81x    
[stderr] [libx264 @ 0x12da0f300] frame I:1     Avg QP:19.30  size: 60873
[stderr] [libx264 @ 0x12da0f300] frame P:26    Avg QP:20.79  size: 32378
[stderr] [libx264 @ 0x12da0f300] frame B:50    Avg QP:25.22  size:  8014
[stderr] [libx264 @ 0x12da0f300] consecutive B-frames:  9.1%  7.8% 15.6% 67.5%
[stderr] [libx264 @ 0x12da0f300] mb I  I16..4: 17.9%  6.4% 75.7%
[stderr] [libx264 @ 0x12da0f300] mb P  I16..4:  7.5%  1.7%  3.4%  P16..4: 26.0% 23.2% 31.8%  0.0%  0.0%    skip: 6.4%
[stderr] [libx264 @ 0x12da0f300] mb B  I16..4:  0.7%  0.1%  0.0%  B16..8: 30.1% 15.5%  6.3%  direct:12.1%  skip:35.2%  L0:25.2% L1:30.6% BI:44.2%
[stderr] [libx264 @ 0x12da0f300] 8x8 transform intra:11.9% inter:29.4%
[stderr] [libx264 @ 0x12da0f300] coded y,uvDC,uvAC intra: 52.3% 38.4% 21.2% inter: 39.0% 12.8% 1.7%
[stderr] [libx264 @ 0x12da0f300] i16 v,h,dc,p: 72% 18%  9%  1%
[stderr] [libx264 @ 0x12da0f300] i8 v,h,dc,ddl,ddr,vr,hd,vl,hu: 23% 17% 23%  2%  6%  7%  6%  8%  7%
[stderr] [libx264 @ 0x12da0f300] i4 v,h,dc,ddl,ddr,vr,hd,vl,hu: 17% 17% 18%  3% 13%  9%  8%  6%  9%
[stderr] [libx264 @ 0x12da0f300] i8c dc,h,v,p: 73% 11% 12%  4%
[stderr] [libx264 @ 0x12da0f300] Weighted P-Frames: Y:19.2% UV:3.8%
[stderr] [libx264 @ 0x12da0f300] kb/s:4040.00
[stderr] [aac @ 0x12da6e180] Qavg: 120.717
[stderr] ffmpeg version 7.1 Copyright (c) 2000-2024 the FFmpeg developers
[stderr]   built with Apple clang version 15.0.0 (clang-1500.1.0.2.5)
[stderr]   configuration: --prefix=/opt/homebrew/Cellar/ffmpeg/7.1_3 --enable-shared --enable-pthreads --enable-version3 --cc=clang --host-cflags= --host-ldflags='-Wl,-ld_classic' --enable-ffplay --enable-gnutls --enable-gpl --enable-libaom --enable-libaribb24 --enable-libbluray --enable-libdav1d --enable-libharfbuzz --enable-libjxl --enable-libmp3lame --enable-libopus --enable-librav1e --enable-librist --enable-librubberband --enable-libsnappy --enable-libsrt --enable-libssh --enable-libsvtav1 --enable-libtesseract --enable-libtheora --enable-libvidstab --enable-libvmaf --enable-libvorbis --enable-libvpx --enable-libwebp --enable-libx264 --enable-libx265 --enable-libxml2 --enable-libxvid --enable-lzma --enable-libfontconfig --enable-libfreetype --enable-frei0r --enable-libass --enable-libopencore-amrnb --enable-libopencore-amrwb --enable-libopenjpeg --enable-libspeex --enable-libsoxr --enable-libzmq --enable-libzimg --disable-libjack --disable-indev=jack --enable-videotoolbox --enable-audiotoolbox --enable-neon
[stderr]   libavutil      59. 39.100 / 59. 39.100
[stderr]   libavcodec     61. 19.100 / 61. 19.100
[stderr]   libavformat    61.  7.100 / 61.  7.100
[stderr]   libavdevice    61.  3.100 / 61.  3.100
[stderr]   libavfilter    10.  4.100 / 10.  4.100
[stderr]   libswscale      8.  3.100 /  8.  3.100
[stderr]   libswresample   5.  3.100 /  5.  3.100
[stderr]   libpostproc    58.  3.100 / 58.  3.100
[stderr] Input #0, mov,mp4,m4a,3gp,3g2,mj2, from '/Users/johndoe/Documents/company/video_ops/projects/abstract_algebra_in_proof_assistant/04-set-equality/takes/take-mrhmharr/source.mp4':
[stderr]   Metadata:
[stderr]     major_brand     : qt  
[stderr]     minor_version   : 0
[stderr]     compatible_brands: qt  
[stderr]     creation_time   : 2026-07-12T09:54:07.000000Z
[stderr]   Duration: 00:06:08.94, start: 0.000000, bitrate: 2946 kb/s
[stderr]   Stream #0:0[0x1](und): Video: hevc (Main) (hvc1 / 0x31637668), yuv420p(tv, smpte170m/bt709/bt709), 640x480, 2834 kb/s, 29.95 fps, 29.83 tbr, 600 tbn (default)
[stderr]       Metadata:
[stderr]         creation_time   : 2026-07-12T09:54:07.000000Z
[stderr]         handler_name    : Core Media Video
[stderr]         vendor_id       : [0][0][0][0]
[stderr]         encoder         : HEVC
[stderr]       Side data:
[stderr]         displaymatrix: rotation of -180.00 degrees
[stderr]   Stream #0:1[0x2](und): Audio: aac (LC) (mp4a / 0x6134706D), 48000 Hz, mono, fltp, 100 kb/s (default)
[stderr]       Metadata:
[stderr]         creation_time   : 2026-07-12T09:54:07.000000Z
[stderr]         handler_name    : Core Media Audio
[stderr]         vendor_id       : [0][0][0][0]
[stderr]   Stream #0:2[0x3](und): Data: none (mebx / 0x7862656D) (default)
[stderr]       Metadata:
[stderr]         creation_time   : 2026-07-12T09:54:07.000000Z
[stderr]         handler_name    : Core Media Metadata
[stderr] Stream mapping:
[stderr]   Stream #0:0 -> #0:0 (hevc (native) -> h264 (libx264))
[stderr]   Stream #0:1 -> #0:1 (aac (native) -> aac (native))
[stderr] Press [q] to stop, [?] for help
[stderr] [libx264 @ 0x13ff06520] using cpu capabilities: ARMv8 NEON
[stderr] [libx264 @ 0x13ff06520] profile High, level 3.0, 4:2:0, 8-bit
[stderr] [libx264 @ 0x13ff06520] 264 - core 164 r3108 31e19f9 - H.264/MPEG-4 AVC codec - Copyleft 2003-2023 - http://www.videolan.org/x264.html - options: cabac=1 ref=1 deblock=1:0:0 analyse=0x3:0x113 me=hex subme=2 psy=1 psy_rd=1.00:0.00 mixed_ref=0 me_range=16 chroma_me=1 trellis=0 8x8dct=1 cqm=0 deadzone=21,11 fast_pskip=1 chroma_qp_offset=0 threads=15 lookahead_threads=3 sliced_threads=0 nr=0 decimate=1 interlaced=0 bluray_compat=0 constrained_intra=0 bframes=3 b_pyramid=2 b_adapt=1 b_bias=0 direct=1 weightb=1 open_gop=0 weightp=1 keyint=250 keyint_min=25 scenecut=40 intra_refresh=0 rc_lookahead=10 rc=crf mbtree=1 crf=18.0 qcomp=0.60 qpmin=0 qpmax=69 qpstep=4 ip_ratio=1.40 aq=1:1.00
[stderr] Output #0, mp4, to '/Users/johndoe/Documents/company/video_ops/projects/abstract_algebra_in_proof_assistant/04-set-equality/takes/take-mrhmharr/pipeline/cut/cut-mrxmiptn/chunks/chunk-006.mp4':
[stderr]   Metadata:
[stderr]     major_brand     : qt  
[stderr]     minor_version   : 0
[stderr]     compatible_brands: qt  
[stderr]     encoder         : Lavf61.7.100
[stderr]   Stream #0:0(und): Video: h264 (avc1 / 0x31637661), yuv420p(tv, smpte170m/bt709/bt709, progressive), 640x480, q=2-31, 29.83 fps, 11456 tbn (default)
[stderr]       Metadata:
[stderr]         creation_time   : 2026-07-12T09:54:07.000000Z
[stderr]         handler_name    : Core Media Video
[stderr]         vendor_id       : [0][0][0][0]
[stderr]         encoder         : Lavc61.19.100 libx264
[stderr]       Side data:
[stderr]         cpb: bitrate max/min/avg: 0/0/0 buffer size: 0 vbv_delay: N/A
[stderr]   Stream #0:1(und): Audio: aac (LC) (mp4a / 0x6134706D), 48000 Hz, mono, fltp, 69 kb/s (default)
[stderr]       Metadata:
[stderr]         creation_time   : 2026-07-12T09:54:07.000000Z
[stderr]         handler_name    : Core Media Audio
[stderr]         vendor_id       : [0][0][0][0]
[stderr]         encoder         : Lavc61.19.100 aac
[stderr] frame=    0 fps=0.0 q=0.0 size=       0KiB time=N/A bitrate=N/A speed=N/A    [stderr] frame=  334 fps=221 q=24.0 size=    6656KiB time=00:00:11.12 bitrate=4899.7kbits/s speed=7.38x    [stderr] [out#0/mp4 @ 0x13ff05880] video:11039KiB audio:155KiB subtitle:0KiB other streams:0KiB global headers:0KiB muxing overhead: 0.184043%
[stderr] frame=  545 fps=301 q=-1.0 Lsize=   11214KiB time=00:00:18.20 bitrate=5047.4kbits/s dup=0 drop=1 speed=10.1x    
[stderr] [libx264 @ 0x13ff06520] frame I:3     Avg QP:20.13  size: 61656
[stderr] [libx264 @ 0x13ff06520] frame P:187   Avg QP:22.06  size: 37682
[stderr] [libx264 @ 0x13ff06520] frame B:355   Avg QP:25.61  size: 11470
[stderr] [libx264 @ 0x13ff06520] consecutive B-frames:  8.8% 11.4%  5.0% 74.9%
[stderr] [libx264 @ 0x13ff06520] mb I  I16..4:  6.6%  8.0% 85.4%
[stderr] [libx264 @ 0x13ff06520] mb P  I16..4:  4.3%  3.2%  6.8%  P16..4: 27.1% 23.7% 33.6%  0.0%  0.0%    skip: 1.3%
[stderr] [libx264 @ 0x13ff06520] mb B  I16..4:  1.1%  0.2%  0.1%  B16..8: 31.1% 17.1%  8.2%  direct:15.6%  skip:26.6%  L0:25.0% L1:30.5% BI:44.5%
[stderr] [libx264 @ 0x13ff06520] 8x8 transform intra:19.8% inter:30.2%
[stderr] [libx264 @ 0x13ff06520] coded y,uvDC,uvAC intra: 66.6% 51.2% 22.9% inter: 47.2% 16.0% 1.6%
[stderr] [libx264 @ 0x13ff06520] i16 v,h,dc,p: 64% 20% 14%  3%
[stderr] [libx264 @ 0x13ff06520] i8 v,h,dc,ddl,ddr,vr,hd,vl,hu: 23% 24% 19%  2%  6%  6%  6%  6%  7%
[stderr] [libx264 @ 0x13ff06520] i4 v,h,dc,ddl,ddr,vr,hd,vl,hu: 17% 18% 17%  4% 12%  9%  8%  6%  9%
[stderr] [libx264 @ 0x13ff06520] i8c dc,h,v,p: 64% 15% 16%  5%
[stderr] [libx264 @ 0x13ff06520] Weighted P-Frames: Y:13.4% UV:2.1%
[stderr] [libx264 @ 0x13ff06520] kb/s:4949.93
[stderr] [aac @ 0x10ff66f90] Qavg: 178.441
[stderr] ffmpeg version 7.1 Copyright (c) 2000-2024 the FFmpeg developers
[stderr]   built with Apple clang version 15.0.0 (clang-1500.1.0.2.5)
[stderr]   configuration: --prefix=/opt/homebrew/Cellar/ffmpeg/7.1_3 --enable-shared --enable-pthreads --enable-version3 --cc=clang --host-cflags= --host-ldflags='-Wl,-ld_classic' --enable-ffplay --enable-gnutls --enable-gpl --enable-libaom --enable-libaribb24 --enable-libbluray --enable-libdav1d --enable-libharfbuzz --enable-libjxl --enable-libmp3lame --enable-libopus --enable-librav1e --enable-librist --enable-librubberband --enable-libsnappy --enable-libsrt --enable-libssh --enable-libsvtav1 --enable-libtesseract --enable-libtheora --enable-libvidstab --enable-libvmaf --enable-libvorbis --enable-libvpx --enable-libwebp --enable-libx264 --enable-libx265 --enable-libxml2 --enable-libxvid --enable-lzma --enable-libfontconfig --enable-libfreetype --enable-frei0r --enable-libass --enable-libopencore-amrnb --enable-libopencore-amrwb --enable-libopenjpeg --enable-libspeex --enable-libsoxr --enable-libzmq --enable-libzimg --disable-libjack --disable-indev=jack --enable-videotoolbox --enable-audiotoolbox --enable-neon
[stderr]   libavutil      59. 39.100 / 59. 39.100
[stderr]   libavcodec     61. 19.100 / 61. 19.100
[stderr]   libavformat    61.  7.100 / 61.  7.100
[stderr]   libavdevice    61.  3.100 / 61.  3.100
[stderr]   libavfilter    10.  4.100 / 10.  4.100
[stderr]   libswscale      8.  3.100 /  8.  3.100
[stderr]   libswresample   5.  3.100 /  5.  3.100
[stderr]   libpostproc    58.  3.100 / 58.  3.100
[stderr] Input #0, mov,mp4,m4a,3gp,3g2,mj2, from '/Users/johndoe/Documents/company/video_ops/projects/abstract_algebra_in_proof_assistant/04-set-equality/takes/take-mrhmharr/source.mp4':
[stderr]   Metadata:
[stderr]     major_brand     : qt  
[stderr]     minor_version   : 0
[stderr]     compatible_brands: qt  
[stderr]     creation_time   : [stderr] 2026-07-12T09:54:07.000000Z
[stderr]   Duration: 00:06:08.94, start: 0.000000, bitrate: 2946 kb/s
[stderr]   Stream #0:0[0x1](und): Video: hevc (Main) (hvc1 / 0x31637668), yuv420p(tv, smpte170m/bt709/bt709), 640x480, 2834 kb/s, 29.95 fps, 29.83 tbr, 600 tbn (default)
[stderr]       Metadata:
[stderr]         creation_time   : 2026-07-12T09:54:07.000000Z
[stderr]         handler_name    : Core Media Video
[stderr]         vendor_id       : [0][0][0][0]
[stderr]         encoder         : HEVC
[stderr]       Side data:
[stderr]         displaymatrix: rotation of -180.00 degrees
[stderr]   Stream #0:1[0x2](und): Audio: aac (LC) (mp4a / 0x6134706D), 48000 Hz, mono, fltp, 100 kb/s (default)
[stderr]       Metadata:
[stderr]         creation_time   : 2026-07-12T09:54:07.000000Z
[stderr]         handler_name    : Core Media Audio
[stderr]         vendor_id       : [0][0][0][0]
[stderr]   Stream #0:2[0x3](und): Data: none (mebx / 0x7862656D) (default)
[stderr]       Metadata:
[stderr]         creation_time   : 2026-07-12T09:54:07.000000Z
[stderr]         handler_name    : Core Media Metadata
[stderr] Stream mapping:
[stderr]   Stream #0:0 -> #0:0 (hevc (native) -> h264 (libx264))
[stderr]   Stream #0:1 -> #0:1 (aac (native) -> aac (native))
[stderr] Press [q] to stop, [?] for help
[stderr] [libx264 @ 0x120e38770] using cpu capabilities: ARMv8 NEON
[stderr] [libx264 @ 0x120e38770] profile High, level 3.0, 4:2:0, 8-bit
[stderr] [libx264 @ 0x120e38770] 264 - core 164 r3108 31e19f9 - H.264/MPEG-4 AVC codec - Copyleft 2003-2023 - http://www.videolan.org/x264.html - options: cabac=1 ref=1 deblock=1:0:0 analyse=0x3:0x113 me=hex subme=2 psy=1 psy_rd=1.00:0.00 mixed_ref=0 me_range=16 chroma_me=1 trellis=0 8x8dct=1 cqm=0 deadzone=21,11 fast_pskip=1 chroma_qp_offset=0 threads=15 lookahead_threads=3 sliced_threads=0 nr=0 decimate=1 interlaced=0 bluray_compat=0 constrained_intra=0 bframes=3 b_pyramid=2 b_adapt=1 b_bias=0 direct=1 weightb=1 open_gop=0 weightp=1 keyint=250 keyint_min=25 scenecut=40 intra_refresh=0 rc_lookahead=10 rc=crf mbtree=1 crf=18.0 qcomp=0.60 qpmin=0 qpmax=69 qpstep=4 ip_ratio=1.40 aq=1:1.00
[stderr] Output #0, mp4, to '/Users/johndoe/Documents/company/video_ops/projects/abstract_algebra_in_proof_assistant/04-set-equality/takes/take-mrhmharr/pipeline/cut/cut-mrxmiptn/chunks/chunk-007.mp4':
[stderr]   Metadata:
[stderr]     major_brand     : qt  
[stderr]     minor_version   : 0
[stderr]     compatible_brands: qt  
[stderr]     encoder         : Lavf61.7.100
[stderr]   Stream #0:0(und): Video: h264 (avc1 / 0x31637661), yuv420p(tv, smpte170m/bt709/bt709, progressive), 640x480, q=2-31, 29.83 fps, 11456 tbn (default)
[stderr]       Metadata:
[stderr]         creation_time   : 2026-07-12T09:54:07.000000Z
[stderr]         handler_name    : Core Media Video
[stderr]         vendor_id       : [0][0][0][0]
[stderr]         encoder         : Lavc61.19.100 libx264
[stderr]       Side data:
[stderr]         cpb: bitrate max/min/avg: 0/0/0 buffer size: 0 vbv_delay: N/A
[stderr]   Stream #0:1(und): Audio: aac (LC) (mp4a / 0x6134706D), 48000 Hz, mono, fltp, 69 kb/s (default)
[stderr]       Metadata:
[stderr]         creation_time   : 2026-07-12T09:54:07.000000Z
[stderr]         handler_name    : Core Media Audio
[stderr]         vendor_id       : [0][0][0][0]
[stderr]         encoder         : Lavc61.19.100 aac
[stderr] frame=  156 fps=103 q=24.0 size=    4352KiB time=00:00:05.16 bitrate=6906.6kbits/s speed=3.41x    [stderr] [out#0/mp4 @ 0x120e37c30] video:10630KiB audio:100KiB subtitle:0KiB other streams:0KiB global headers:0KiB muxing overhead: 0.127494%
[stderr] frame=  351 fps=193 q=-1.0 Lsize=   10743KiB time=00:00:11.69 bitrate=7523.3kbits/s speed=6.42x    
[stderr] [libx264 @ 0x120e38770] frame I:2     Avg QP:21.31  size: 55250
[stderr] [libx264 @ 0x120e38770] frame P:139   Avg QP:23.48  size: 44552
[stderr] [libx264 @ 0x120e38770] frame B:210   Avg QP:26.12  size: 21813
[stderr] [libx264 @ 0x120e38770] consecutive B-frames: 14.0% 15.4% 10.3% 60.4%
[stderr] [libx264 @ 0x120e38770] mb I  I16..4:  5.1%  8.8% 86.1%
[stderr] [libx264 @ 0x120e38770] mb P  I16..4:  2.2%  5.3% 15.9%  P16..4: 21.9% 20.6% 33.3%  0.0%  0.0%    skip: 0.7%
[stderr] [libx264 @ 0x120e38770] mb B  I16..4:  0.8%  0.5%  0.9%  B16..8: 31.7% 19.5% 14.1%  direct:19.5%  skip:13.1%  L0:26.7% L1:29.6% BI:43.8%
[stderr] [libx264 @ 0x120e38770] 8x8 transform intra:22.0% inter:37.2%
[stderr] [libx264 @ 0x120e38770] coded y,uvDC,uvAC intra: 87.5% 60.6% 20.5% inter: 64.8% 22.2% 0.9%
[stderr] [libx264 @ 0x120e38770] i16 v,h,dc,p: 53% 21% 19%  7%
[stderr] [libx264 @ 0x120e38770] i8 v,h,dc,ddl,ddr,vr,hd,vl,hu: 22% 22% 15%  3%  8%  8%  8%  7%  7%
[stderr] [libx264 @ 0x120e38770] i4 v,h,dc,ddl,ddr,vr,hd,vl,hu: 14% 17% 14%  4% 15%  9% 10%  6% 10%
[stderr] [libx264 @ 0x120e38770] i8c dc,h,v,p: 54% 20% 20%  6%
[stderr] [libx264 @ 0x120e38770] Weighted P-Frames: Y:30.2% UV:2.2%
[stderr] [libx264 @ 0x120e38770] kb/s:7400.68
[stderr] [aac @ 0x120e9f2f0] Qavg: 300.918
[stderr] ffmpeg version 7.1 Copyright (c) 2000-2024 the FFmpeg developers
[stderr]   built with Apple clang version 15.0.0 (clang-1500.1.0.2.5)
[stderr]   configuration: --prefix=/opt/homebrew/Cellar/ffmpeg/7.1_3 --enable-shared --enable-pthreads --enable-version3 --cc=clang --host-cflags= --host-ldflags='-Wl,-ld_classic' --enable-ffplay --enable-gnutls --enable-gpl --enable-libaom --enable-libaribb24 --enable-libbluray --enable-libdav1d --enable-libharfbuzz --enable-libjxl --enable-libmp3lame --enable-libopus --enable-librav1e --enable-librist --enable-librubberband --enable-libsnappy --enable-libsrt --enable-libssh --enable-libsvtav1 --enable-libtesseract --enable-libtheora --enable-libvidstab --enable-libvmaf --enable-libvorbis --enable-libvpx --enable-libwebp --enable-libx264 --enable-libx265 --enable-libxml2 --enable-libxvid --enable-lzma --enable-libfontconfig --enable-libfreetype --enable-frei0r --enable-libass --enable-libopencore-amrnb --enable-libopencore-amrwb --enable-libopenjpeg --enable-libspeex --enable-libsoxr --enable-libzmq --enable-libzimg --disable-libjack --disable-indev=jack --enable-videotoolbox --enable-audiotoolbox --enable-neon
[stderr]   libavutil      59. 39.100 / 59. 39.100
[stderr]   libavcodec     61. 19.100 / 61. 19.100
[stderr]   libavformat    61.  7.100 / 61.  7.100
[stderr]   libavdevice    61.  3.100 / 61.  3.100
[stderr]   libavfilter    10.  4.100 / 10.  4.100
[stderr]   libswscale      8.  3.100 /  8.  3.100
[stderr]   libswresample   5.  3.100 /  5.  3.100
[stderr]   libpostproc    58.  3.100 / 58.  3.100
[stderr] Input #0, mov,mp4,m4a,3gp,3g2,mj2, from '/Users/johndoe/Documents/company/video_ops/projects/abstract_algebra_in_proof_assistant/04-set-equality/takes/take-mrhmharr/source.mp4':
[stderr]   Metadata:
[stderr]     major_brand     : qt  
[stderr]     minor_version   : 0
[stderr]     compatible_brands: qt  
[stderr]     creation_time   : 2026-07-12T09:54:07.000000Z
[stderr]   Duration: [stderr] 00:06:08.94, start: 0.000000, bitrate: 2946 kb/s
[stderr]   Stream #0:0[0x1](und): Video: hevc (Main) (hvc1 / 0x31637668), yuv420p(tv, smpte170m/bt709/bt709), 640x480, 2834 kb/s, 29.95 fps, 29.83 tbr, 600 tbn (default)
[stderr]       Metadata:
[stderr]         creation_time   : 2026-07-12T09:54:07.000000Z
[stderr]         handler_name    : Core Media Video
[stderr]         vendor_id       : [0][0][0][0]
[stderr]         encoder         : HEVC
[stderr]       Side data:
[stderr]         displaymatrix: rotation of -180.00 degrees
[stderr]   Stream #0:1[0x2](und): Audio: aac (LC) (mp4a / 0x6134706D), 48000 Hz, mono, fltp, 100 kb/s (default)
[stderr]       Metadata:
[stderr]         creation_time   : 2026-07-12T09:54:07.000000Z
[stderr]         handler_name    : Core Media Audio
[stderr]         vendor_id       : [0][0][0][0]
[stderr]   Stream #0:2[0x3](und): Data: none (mebx / 0x7862656D) (default)
[stderr]       Metadata:
[stderr]         creation_time   : 2026-07-12T09:54:07.000000Z
[stderr]         handler_name    : Core Media Metadata
[stderr] Stream mapping:
[stderr]   Stream #0:0 -> #0:0 (hevc (native) -> h264 (libx264))
[stderr]   Stream #0:1 -> #0:1 (aac (native) -> aac (native))
[stderr] Press [q] to stop, [?] for help
[stderr] [libx264 @ 0x11d00e270] using cpu capabilities: ARMv8 NEON
[stderr] [libx264 @ 0x11d00e270] profile High, level 3.0, 4:2:0, 8-bit
[stderr] [libx264 @ 0x11d00e270] 264 - core 164 r3108 31e19f9 - H.264/MPEG-4 AVC codec - Copyleft 2003-2023 - http://www.videolan.org/x264.html - options: cabac=1 ref=1 deblock=1:0:0 analyse=0x3:0x113 me=hex subme=2 psy=1 psy_rd=1.00:0.00 mixed_ref=0 me_range=16 chroma_me=1 trellis=0 8x8dct=1 cqm=0 deadzone=21,11 fast_pskip=1 chroma_qp_offset=0 threads=15 lookahead_threads=3 sliced_threads=0 nr=0 decimate=1 interlaced=0 bluray_compat=0 constrained_intra=0 bframes=3 b_pyramid=2 b_adapt=1 b_bias=0 direct=1 weightb=1 open_gop=0 weightp=1 keyint=250 keyint_min=25 scenecut=40 intra_refresh=0 rc_lookahead=10 rc=crf mbtree=1 crf=18.0 qcomp=0.60 qpmin=0 qpmax=69 qpstep=4 ip_ratio=1.40 aq=1:1.00
[stderr] Output #0, mp4, to '/Users/johndoe/Documents/company/video_ops/projects/abstract_algebra_in_proof_assistant/04-set-equality/takes/take-mrhmharr/pipeline/cut/cut-mrxmiptn/chunks/chunk-008.mp4':
[stderr]   Metadata:
[stderr]     major_brand     : qt  
[stderr]     minor_version   : 0
[stderr]     compatible_brands: qt  
[stderr]     encoder         : Lavf61.7.100
[stderr]   Stream #0:0(und): Video: h264 (avc1 / 0x31637661), yuv420p(tv, smpte170m/bt709/bt709, progressive), 640x480, q=2-31, 29.83 fps, 11456 tbn (default)
[stderr]       Metadata:
[stderr]         creation_time   : 2026-07-12T09:54:07.000000Z
[stderr]         handler_name    : Core Media Video
[stderr]         vendor_id       : [0][0][0][0]
[stderr]         encoder         : Lavc61.19.100 libx264
[stderr]       Side data:
[stderr]         cpb: bitrate max/min/avg: 0/0/0 buffer size: 0 vbv_delay: N/A
[stderr]   Stream #0[stderr] :1(und): Audio: aac (LC) (mp4a / 0x6134706D), 48000 Hz, mono, fltp, 69 kb/s (default)
[stderr]       Metadata:
[stderr]         creation_time   : 2026-07-12T09:54:07.000000Z
[stderr]         handler_name    : Core Media Audio
[stderr]         vendor_id       : [0][0][0][0]
[stderr]         encoder         : Lavc61.19.100 aac
[stderr] frame=   53 fps= 35 q=24.0 size=    1280KiB time=00:00:01.74 bitrate=6016.1kbits/s speed=1.16x    [stderr] [out#0/mp4 @ 0x11d00d440] video:3334KiB audio:32KiB subtitle:0KiB other streams:0KiB global headers:0KiB muxing overhead: 0.156439%
[stderr] frame=  110 fps= 68 q=-1.0 Lsize=    3371KiB time=00:00:03.62 bitrate=7628.7kbits/s speed=2.24x    
[stderr] [libx264 @ 0x11d00e270] frame I:1     Avg QP:22.98  size: 65515
[stderr] [libx264 @ 0x11d00e270] frame P:44    Avg QP:23.64  size: 45558
[stderr] [libx264 @ 0x11d00e270] frame B:65    Avg QP:26.46  size: 20668
[stderr] [libx264 @ 0x11d00e270] consecutive B-frames: 13.6% 16.4% 19.1% 50.9%
[stderr] [libx264 @ 0x11d00e270] mb I  I16..4:  0.6%  8.8% 90.7%
[stderr] [libx264 @ 0x11d00e270] mb P  I16..4:  0.4%  3.0% 11.5%  P16..4: 24.7% 23.0% 37.1%  0.0%  0.0%    skip: 0.4%
[stderr] [libx264 @ 0x11d00e270] mb B  I16..4:  0.2%  0.2%  0.2%  B16..8: 30.9% 19.6% 13.5%  direct:21.2%  skip:14.3%  L0:25.5% L1:30.1% BI:44.4%
[stderr] [libx264 @ 0x11d00e270] 8x8 transform intra:19.8% inter:33.6%
[stderr] [libx264 @ 0x11d00e270] coded y,uvDC,uvAC intra: 95.4% 71.3% 27.2% inter: 66.1% 23.7% 1.3%
[stderr] [libx264 @ 0x11d00e270] i16 v,h,dc,p: 26% 24% 38% 12%
[stderr] [libx264 @ 0x11d00e270] i8 v,h,dc,ddl,ddr,vr,hd,vl,hu: 21% 22% 14%  2%  9%  9%  9%  7%  7%
[stderr] [libx264 @ 0x11d00e270] i4 v,h,dc,ddl,ddr,vr,hd,vl,hu: 14% 16% 14%  4% 16%  8% 11%  7% 10%
[stderr] [libx264 @ 0x11d00e270] i8c dc,h,v,p: 52% 21% 20%  7%
[stderr] [libx264 @ 0x11d00e270] Weighted P-Frames: Y:27.3% UV:2.3%
[stderr] [libx264 @ 0x11d00e270] kb/s:7406.24
[stderr] [aac @ 0x10c668810] Qavg: 145.297
[stderr] ffmpeg version 7.1 Copyright (c) 2000-2024 the FFmpeg developers
[stderr]   built with Apple clang version 15.0.0 (clang-1500.1.0.2.5)
[stderr]   configuration: --prefix=/opt/homebrew/Cellar/ffmpeg/7.1_3 --enable-shared --enable-pthreads --enable-version3 --cc=clang --host-cflags= --host-ldflags='-Wl,-ld_classic' --enable-ffplay --enable-gnutls --enable-gpl --enable-libaom --enable-libaribb24 --enable-libbluray --enable-libdav1d --enable-libharfbuzz --enable-libjxl --enable-libmp3lame --enable-libopus --enable-librav1e --enable-librist --enable-librubberband --enable-libsnappy --enable-libsrt --enable-libssh --enable-libsvtav1 --enable-libtesseract --enable-libtheora --enable-libvidstab --enable-libvmaf --enable-libvorbis --enable-libvpx --enable-libwebp --enable-libx264 --enable-libx265 --enable-libxml2 --enable-libxvid --enable-lzma --enable-libfontconfig --enable-libfreetype --enable-frei0r --enable-libass --enable-libopencore-amrnb --enable-libopencore-amrwb --enable-libopenjpeg --enable-libspeex --enable-libsoxr --enable-libzmq --enable-libzimg --disable-libjack --disable-indev=jack --enable-videotoolbox --enable-audiotoolbox --enable-neon
[stderr]   libavutil      59. 39.100 / 59. 39.100
[stderr]   libavcodec     61. 19.100 / 61. 19.100
[stderr]   libavformat    61.  7.100 / 61.  7.100
[stderr]   libavdevice    61.  3.100 / 61.  3.100
[stderr]   libavfilter    10.  4.100 / 10.  4.100
[stderr]   libswscale      8.  3.100 /  8.  3.100
[stderr]   libswresample   5.  3.100 /  5.  3.100
[stderr]   libpostproc    58.  3.100 / 58.  3.100
[stderr] Input #0, mov,mp4,m4a,3gp,3g2,mj2, from '/Users/johndoe/Documents/company/video_ops/projects/abstract_algebra_in_proof_assistant/04-set-equality/takes/take-mrhmharr/source.mp4':
[stderr]   Metadata:
[stderr]     major_brand     : qt  
[stderr]     minor_version   : 0
[stderr]     compatible_brands: qt  
[stderr]     creation_time   : 2026-07-12T09:54:07.000000Z
[stderr]   Duration: 00:06:08.94, start: [stderr] 0.000000, bitrate: 2946 kb/s
[stderr]   Stream #0:0[0x1](und): Video: hevc (Main) (hvc1 / 0x31637668), yuv420p(tv, smpte170m/bt709/bt709), 640x480, 2834 kb/s, 29.95 fps, 29.83 tbr, 600 tbn (default)
[stderr]       Metadata:
[stderr]         creation_time   : 2026-07-12T09:54:07.000000Z
[stderr]         handler_name    : Core Media Video
[stderr]         vendor_id       : [0][0][0][0]
[stderr]         encoder         : HEVC
[stderr]       Side data:
[stderr]         displaymatrix: rotation of -180.00 degrees
[stderr]   Stream #0:1[0x2](und): Audio: aac (LC) (mp4a / 0x6134706D), 48000 Hz, mono, fltp, 100 kb/s (default)
[stderr]       Metadata:
[stderr]         creation_time   : 2026-07-12T09:54:07.000000Z
[stderr]         handler_name    : Core Media Audio
[stderr]         vendor_id       : [0][0][0][0]
[stderr]   Stream #0:2[0x3](und): Data: none (mebx / 0x7862656D) (default)
[stderr]       Metadata:
[stderr]         creation_time   : 2026-07-12T09:54:07.000000Z
[stderr]         handler_name    : Core Media Metadata
[stderr] Stream mapping:
[stderr]   Stream #0:0 -> #0:0 (hevc (native) -> h264 (libx264))
[stderr]   Stream #0:1 -> #0:1 (aac (native) -> aac (native))
[stderr] Press [q] to stop, [?] for help
[stderr] [libx264 @ 0x135005c50] using cpu capabilities: ARMv8 NEON
[stderr] [libx264 @ 0x135005c50] profile High, level 3.0, 4:2:0, 8-bit
[stderr] [libx264 @ 0x135005c50] 264 - core 164 r3108 31e19f9 - H.264/MPEG-4 AVC codec - Copyleft 2003-2023 - http://www.videolan.org/x264.html - options: cabac=1 ref=1 deblock=1:0:0 analyse=0x3:0x113 me=hex subme=2 psy=1 psy_rd=1.00:0.00 mixed_ref=0 me_range=16 chroma_me=1 trellis=0 8x8dct=1 cqm=0 deadzone=21,11 fast_pskip=1 chroma_qp_offset=0 threads=15 lookahead_threads=3 sliced_threads=0 nr=0 decimate=1 interlaced=0 bluray_compat=0 constrained_intra=0 bframes=3 b_pyramid=2 b_adapt=1 b_bias=0 direct=1 weightb=1 open_gop=0 weightp=1 keyint=250 keyint_min=25 scenecut=40 intra_refresh=0 rc_lookahead=10 rc=crf mbtree=1 crf=18.0 qcomp=0.60 qpmin=0 qpmax=69 qpstep=4 ip_ratio=1.40 aq=1:1.00
[stderr] Output #0, mp4, to '/Users/johndoe/Documents/company/video_ops/projects/abstract_algebra_in_proof_assistant/04-set-equality/takes/take-mrhmharr/pipeline/cut/cut-mrxmiptn/chunks/chunk-009.mp4':
[stderr]   Metadata:
[stderr]     major_brand     : qt  
[stderr]     minor_version   : 0
[stderr]     compatible_brands: qt  
[stderr]     encoder         : Lavf61.7.100
[stderr]   Stream #0:0(und): Video: h264 (avc1 / 0x31637661), yuv420p(tv, smpte170m/bt709/bt709, progressive), 640x480, q=2-31, 29.83 fps, 11456 tbn (default)
[stderr]       Metadata:
[stderr]         creation_time   : 2026-07-12T09:54:07.000000Z
[stderr]         handler_name    : Core Media Video
[stderr]         vendor_id       : [0][0][0][0]
[stderr]         encoder         : Lavc61.19.100 libx264
[stderr]       Side data:
[stderr]         cpb: bitrate max/min/avg: 0/0/0 buffer size: 0 vbv_delay: N/A
[stderr]   Stream #0:1(und): Audio: aac (LC) (mp4a / 0x6134706D), 48000 Hz, mono, fltp, 69 kb/s (default)
[stderr]       Metadata:
[stderr]         creation_time   : 2026-07-12T09:54:07.000000Z
[stderr]         handler_name    : Core Media Audio
[stderr]         vendor_id       : [0][0][0][0]
[stderr]         encoder         : Lavc61.19.100 aac
[stderr] frame=    0 fps=0.0 q=0.0 size=       0KiB time=N/A bitrate=N/A speed=N/A    [stderr] [out#0/mp4 @ 0x1350050a0] video:1944KiB audio:19KiB subtitle:0KiB other streams:0KiB global headers:0KiB muxing overhead: 0.192065%
[stderr] frame=   66 fps= 41 q=-1.0 Lsize=    1966KiB time=00:00:02.14 bitrate=7509.1kbits/s speed=1.35x    
[stderr] [libx264 @ 0x135005c50] frame I:1     Avg QP:23.53  size: 52909
[stderr] [libx264 @ 0x135005c50] frame P:23    Avg QP:23.66  size: 49686
[stderr] [libx264 @ 0x135005c50] frame B:42    Avg QP:26.53  size: 18905
[stderr] [libx264 @ 0x135005c50] consecutive B-frames:  6.1% 24.2%  9.1% 60.6%
[stderr] [libx264 @ 0x135005c50] mb I  I16..4:  3.0% 13.7% 83.3%
[stderr] [libx264 @ 0x135005c50] mb P  I16..4:  2.2%  3.1% 11.6%  P16..4: 25.0% 21.2% 36.3%  0.0%  0.0%    skip: 0.7%
[stderr] [libx264 @ 0x135005c50] mb B  I16..4:  0.5%  0.2%  1.1%  B16..8: 31.7% 15.7% 11.2%  direct:23.4%  skip:16.2%  L0:25.3% L1:29.6% BI:45.1%
[stderr] [libx264 @ 0x135005c50] 8x8 transform intra:16.2% inter:38.4%
[stderr] [libx264 @ 0x135005c50] coded y,uvDC,uvAC intra: 87.5% 61.2% 21.6% inter: 62.6% 19.6% 1.0%
[stderr] [libx264 @ 0x135005c50] i16 v,h,dc,p: 66% 20%  9%  4%
[stderr] [libx264 @ 0x135005c50] i8 v,h,dc,ddl,ddr,vr,hd,vl,hu: 27% 20% 13%  3%  6%  8%  6%  8%  9%
[stderr] [libx264 @ 0x135005c50] i4 v,h,dc,ddl,ddr,vr,hd,vl,hu: 15% 17% 14%  4% 14%  9% 10%  7% 10%
[stderr] [libx264 @ 0x135005c50] i8c dc,h,v,p: 55% 20% 19%  6%
[stderr] [libx264 @ 0x135005c50] Weighted P-Frames: Y:21.7% UV:4.3%
[stderr] [libx264 @ 0x135005c50] kb/s:7195.12
[stderr] [aac @ 0x13506b010] Qavg: 735.977
[stderr] ffmpeg version 7.1 Copyright (c) 2000-2024 the FFmpeg developers
[stderr]   built with Apple clang version 15.0.0 (clang-1500.1.0.2.5)
[stderr]   configuration: --prefix=/opt/homebrew/Cellar/ffmpeg/7.1_3 --enable-shared --enable-pthreads --enable-version3 --cc=clang --host-cflags= --host-ldflags='-Wl,-ld_classic' --enable-ffplay --enable-gnutls --enable-gpl --enable-libaom --enable-libaribb24 --enable-libbluray --enable-libdav1d --enable-libharfbuzz --enable-libjxl --enable-libmp3lame --enable-libopus --enable-librav1e --enable-librist --enable-librubberband --enable-libsnappy --enable-libsrt --enable-libssh --enable-libsvtav1 --enable-libtesseract --enable-libtheora --enable-libvidstab --enable-libvmaf --enable-libvorbis --enable-libvpx --enable-libwebp --enable-libx264 --enable-libx265 --enable-libxml2 --enable-libxvid --enable-lzma --enable-libfontconfig --enable-libfreetype --enable-frei0r --enable-libass --enable-libopencore-amrnb --enable-libopencore-amrwb --enable-libopenjpeg --enable-libspeex --enable-libsoxr --enable-libzmq --enable-libzimg --disable-libjack --disable-indev=jack --enable-videotoolbox --enable-audiotoolbox --enable-neon
[stderr]   libavutil      59. 39.100 / 59. 39.100
[stderr]   libavcodec     61. 19.100 / 61. 19.100
[stderr]   libavformat    61.  7.100 / 61.  7.100
[stderr]   libavdevice    61.  3.100 / 61.  3.100
[stderr]   libavfilter    10.  4.100 / 10.  4.100
[stderr]   libswscale      8.  3.100 /  8.  3.100
[stderr]   libswresample   5.  3.100 /  5.  3.100
[stderr]   libpostproc    58.  3.100 / 58.  3.100
[stderr] Input #0, mov,mp4,m4a,3gp,3g2,mj2, from '/Users/johndoe/Documents/company/video_ops/projects/abstract_algebra_in_proof_assistant/04-set-equality/takes/take-mrhmharr/source.mp4':
[stderr]   Metadata:
[stderr]     major_brand     : qt  
[stderr]     minor_version   : 0
[stderr]     compatible_brands: qt  
[stderr]     creation_time   : 2026-07-12T09:54:07.000000Z
[stderr]   Duration: 00:06:08.94[stderr] , start: 0.000000, bitrate: 2946 kb/s
[stderr]   Stream #0:0[0x1](und): Video: hevc (Main) (hvc1 / 0x31637668), yuv420p(tv, smpte170m/bt709/bt709), 640x480, 2834 kb/s, 29.95 fps, 29.83 tbr, 600 tbn (default)
[stderr]       Metadata:
[stderr]         creation_time   : 2026-07-12T09:54:07.000000Z
[stderr]         handler_name    : Core Media Video
[stderr]         vendor_id       : [0][0][0][0]
[stderr]         encoder         : HEVC
[stderr]       Side data:
[stderr]         displaymatrix: rotation of -180.00 degrees
[stderr]   Stream #0:1[0x2](und): Audio: aac (LC) (mp4a / 0x6134706D), 48000 Hz, mono, fltp, 100 kb/s (default)
[stderr]       Metadata:
[stderr]         creation_time   : 2026-07-12T09:54:07.000000Z
[stderr]         handler_name    : Core Media Audio
[stderr]         vendor_id       : [0][0][0][0]
[stderr]   Stream #0:2[0x3](und): Data: none (mebx / 0x7862656D) (default)
[stderr]       Metadata:
[stderr]         creation_time   : 2026-07-12T09:54:07.000000Z
[stderr]         handler_name    : Core Media Metadata
[stderr] Stream mapping:
[stderr]   Stream #0:0 -> #0:0 (hevc (native) -> h264 (libx264))
[stderr]   Stream #0:1 -> #0:1 (aac (native) -> aac (native))
[stderr] Press [q] to stop, [?] for help
[stderr] [libx264 @ 0x15261d730] using cpu capabilities: ARMv8 NEON
[stderr] [libx264 @ 0x15261d730] profile High, level 3.0, 4:2:0, 8-bit
[stderr] [libx264 @ 0x15261d730] 264 - core 164 r3108 31e19f9 - H.264/MPEG-4 AVC codec - Copyleft 2003-2023 - http://www.videolan.org/x264.html - options: cabac=1 ref=1 deblock=1:0:0 analyse=0x3:0x113 me=hex subme=2 psy=1 psy_rd=1.00:0.00 mixed_ref=0 me_range=16 chroma_me=1 trellis=0 8x8dct=1 cqm=0 deadzone=21,11 fast_pskip=1 chroma_qp_offset=0 threads=15 lookahead_threads=3 sliced_threads=0 nr=0 decimate=1 interlaced=0 bluray_compat=0 constrained_intra=0 bframes=3 b_pyramid=2 b_adapt=1 b_bias=0 direct=1 weightb=1 open_gop=0 weightp=1 keyint=250 keyint_min=25 scenecut=40 intra_refresh=0 rc_lookahead=10 rc=crf mbtree=1 crf=18.0 qcomp=0.60 qpmin=0 qpmax=69 qpstep=4 ip_ratio=1.40 aq=1:1.00
[stderr] Output #0, mp4, to '/Users/johndoe/Documents/company/video_ops/projects/abstract_algebra_in_proof_assistant/04-set-equality/takes/take-mrhmharr/pipeline/cut/cut-mrxmiptn/chunks/chunk-010.mp4':
[stderr]   Metadata:
[stderr]     major_brand     : qt  
[stderr]     minor_version   : 0
[stderr]     compatible_brands: qt  
[stderr]     encoder         : Lavf61.7.100
[stderr]   Stream #0:0(und): Video: h264 (avc1 / 0x31637661), yuv420p(tv, smpte170m/bt709/bt709, progressive), 640x480, q=2-31, 29.83 fps, 11456 tbn (default)
[stderr]       Metadata:
[stderr]         creation_time   : 2026-07-12T09:54:07.000000Z
[stderr]         handler_name    : Core Media Video
[stderr]         vendor_id       : [0][0][0][0]
[stderr]         encoder         : Lavc61.19.100 libx264
[stderr]       Side data:
[stderr]         cpb: bitrate max/min/avg: 0/0/0 buffer size: 0 vbv_delay: N/A
[stderr]   Stream #0:1(und): Audio: aac (LC) (mp4a / 0x6134706D), 48000 Hz, mono, fltp, 69 kb/s (default)
[stderr]       Metadata:
[stderr]         creation_time   : 2026-07-12T09:54:07.000000Z
[stderr]         handler_name    : Core Media Audio
[stderr]         vendor_id       : [0][0][0][0]
[stderr]         encoder         : Lavc61.19.100 aac
[stderr] frame=    0 fps=0.0 q=0.0 size=       0KiB time=N/A bitrate=N/A speed=N/A    [stderr] [out#0/mp4 @ 0x152612b00] video:1220KiB audio:13KiB subtitle:0KiB other streams:0KiB global headers:0KiB muxing overhead: 0.240579%
[stderr] frame=   43 fps= 27 q=-1.0 Lsize=    1235KiB time=00:00:01.40 bitrate=7188.4kbits/s speed=0.891x    
[stderr] [libx264 @ 0x15261d730] frame I:1     Avg QP:24.22  size: 59636
[stderr] [libx264 @ 0x15261d730] frame P:14    Avg QP:24.10  size: 44323
[stderr] [libx264 @ 0x15261d730] frame B:28    Avg QP:26.47  size: 20290
[stderr] [libx264 @ 0x15261d730] consecutive B-frames:  9.3%  9.3%  7.0% 74.4%
[stderr] [libx264 @ 0x15261d730] mb I  I16..4:  1.0%  6.1% 92.9%
[stderr] [libx264 @ 0x15261d730] mb P  I16..4:  1.0%  2.4% 16.7%  P16..4: 19.5% 21.9% 37.8%  0.0%  0.0%    skip: 0.7%
[stderr] [libx264 @ 0x15261d730] mb B  I16..4:  0.6%  0.2%  0.5%  B16..8: 30.5% 23.2% 15.3%  direct:19.6%  skip:10.1%  L0:29.5% L1:32.7% BI:37.8%
[stderr] [libx264 @ 0x15261d730] 8x8 transform intra:10.8% inter:29.1%
[stderr] [libx264 @ 0x15261d730] coded y,uvDC,uvAC intra: 92.4% 81.6% 47.3% inter: 65.2% 23.6% 1.5%
[stderr] [libx264 @ 0x15261d730] i16 v,h,dc,p: 37% 31% 28%  4%
[stderr] [libx264 @ 0x15261d730] i8 v,h,dc,ddl,ddr,vr,hd,vl,hu: 24% 16% 14%  3%  7%  7% 12%  9%  7%
[stderr] [libx264 @ 0x15261d730] i4 v,h,dc,ddl,ddr,vr,hd,vl,hu: 13% 20% 13%  4% 15%  7% 10%  7% 10%
[stderr] [libx264 @ 0x15261d730] i8c dc,h,v,p: 47% 25% 18%  9%
[stderr] [libx264 @ 0x15261d730] Weighted P-Frames: Y:21.4% UV:0.0%
[stderr] [libx264 @ 0x15261d730] kb/s:6928.52
[stderr] [aac @ 0x15267c5b0] Qavg: 109.605
[stderr] ffmpeg version 7.1 Copyright (c) 2000-2024 the FFmpeg developers
[stderr]   built with Apple clang version 15.0.0 (clang-1500.1.0.2.5)
[stderr]   configuration: --prefix=/opt/homebrew/Cellar/ffmpeg/7.1_3 --enable-shared --enable-pthreads --enable-version3 --cc=clang --host-cflags= --host-ldflags='-Wl,-ld_classic' --enable-ffplay --enable-gnutls --enable-gpl --enable-libaom --enable-libaribb24 --enable-libbluray --enable-libdav1d --enable-libharfbuzz --enable-libjxl --enable-libmp3lame --enable-libopus --enable-librav1e --enable-librist --enable-librubberband --enable-libsnappy --enable-libsrt --enable-libssh --enable-libsvtav1 --enable-libtesseract --enable-libtheora --enable-libvidstab --enable-libvmaf --enable-libvorbis --enable-libvpx --enable-libwebp --enable-libx264 --enable-libx265 --enable-libxml2 --enable-libxvid --enable-lzma --enable-libfontconfig --enable-libfreetype --enable-frei0r --enable-libass --enable-libopencore-amrnb --enable-libopencore-amrwb --enable-libopenjpeg --enable-libspeex --enable-libsoxr --enable-libzmq --enable-libzimg --disable-libjack --disable-indev=jack --enable-videotoolbox --enable-audiotoolbox --enable-neon
[stderr]   libavutil      59. 39.100 / 59. 39.100
[stderr]   libavcodec     61. 19.100 / 61. 19.100
[stderr]   libavformat    61.  7.100 / 61.  7.100
[stderr]   libavdevice    61.  3.100 / 61.  3.100
[stderr]   libavfilter    10.  4.100 / 10.  4.100
[stderr]   libswscale      8.  3.100 /  8.  3.100
[stderr]   libswresample   5.  3.100 /  5.  3.100
[stderr]   libpostproc    58.  3.100 / 58.  3.100
[stderr] Input #0, mov,mp4,m4a,3gp,3g2,mj2, from '/Users/johndoe/Documents/company/video_ops/projects/abstract_algebra_in_proof_assistant/04-set-equality/takes/take-mrhmharr/source.mp4':
[stderr]   Metadata:
[stderr]     major_brand     : qt  
[stderr]     minor_version   : 0
[stderr]     compatible_brands: qt  
[stderr]     creation_time   : 2026-07-12T09:54:07.000000Z
[stderr]   Duration: [stderr] 00:06:08.94, start: 0.000000, bitrate: 2946 kb/s
[stderr]   Stream #0:0[0x1](und): Video: hevc (Main) (hvc1 / 0x31637668), yuv420p(tv, smpte170m/bt709/bt709), 640x480, 2834 kb/s, 29.95 fps, 29.83 tbr, 600 tbn (default)
[stderr]       Metadata:
[stderr]         creation_time   : 2026-07-12T09:54:07.000000Z
[stderr]         handler_name    : Core Media Video
[stderr]         vendor_id       : [0][0][0][0]
[stderr]         encoder         : HEVC
[stderr]       Side data:
[stderr]         displaymatrix: rotation of -180.00 degrees
[stderr]   Stream #0:1[0x2](und): Audio: aac (LC) (mp4a / 0x6134706D), 48000 Hz, mono, fltp, 100 kb/s (default)
[stderr]       Metadata:
[stderr]         creation_time   : 2026-07-12T09:54:07.000000Z
[stderr]         handler_name    : Core Media Audio
[stderr]         vendor_id       : [0][0][0][0]
[stderr]   Stream #0:2[0x3](und): Data: none (mebx / 0x7862656D) (default)
[stderr]       Metadata:
[stderr]         creation_time   : 2026-07-12T09:54:07.000000Z
[stderr]         handler_name    : Core Media Metadata
[stderr] Stream mapping:
[stderr]   Stream #0:0 -> #0:0 (hevc (native) -> h264 (libx264))
[stderr]   Stream #0:1 -> #0:1 (aac (native) -> aac (native))
[stderr] Press [q] to stop, [?] for help
[stderr] [libx264 @ 0x13c635f50] using cpu capabilities: ARMv8 NEON
[stderr] [libx264 @ 0x13c635f50] profile High, level 3.0, 4:2:0, 8-bit
[stderr] [libx264 @ 0x13c635f50] 264 - core 164 r3108 31e19f9 - H.264/MPEG-4 AVC codec - Copyleft 2003-2023 - http://www.videolan.org/x264.html - options: cabac=1 ref=1 deblock=1:0:0 analyse=0x3:0x113 me=hex subme=2 psy=1 psy_rd=1.00:0.00 mixed_ref=0 me_range=16 chroma_me=1 trellis=0 8x8dct=1 cqm=0 deadzone=21,11 fast_pskip=1 chroma_qp_offset=0 threads=15 lookahead_threads=3 sliced_threads=0 nr=0 decimate=1 interlaced=0 bluray_compat=0 constrained_intra=0 bframes=3 b_pyramid=2 b_adapt=1 b_bias=0 direct=1 weightb=1 open_gop=0 weightp=1 keyint=250 keyint_min=25 scenecut=40 intra_refresh=0 rc_lookahead=10 rc=crf mbtree=1 crf=18.0 qcomp=0.60 qpmin=0 qpmax=69 qpstep=4 ip_ratio=1.40 aq=1:1.00
[stderr] Output #0, mp4, to '/Users/johndoe/Documents/company/video_ops/projects/abstract_algebra_in_proof_assistant/04-set-equality/takes/take-mrhmharr/pipeline/cut/cut-mrxmiptn/chunks/chunk-011.mp4':
[stderr]   Metadata:
[stderr]     major_brand     : qt  
[stderr]     minor_version   : 0
[stderr]     compatible_brands: qt  
[stderr]     encoder         : Lavf61.7.100
[stderr]   Stream #0:0(und): Video: h264 (avc1 / 0x31637661), yuv420p(tv, smpte170m/bt709/bt709, progressive), 640x480, q=2-31, 29.83 fps, 11456 tbn (default)
[stderr]       Metadata:
[stderr]         creation_time   : 2026-07-12T09:54:07.000000Z
[stderr]         handler_name    : Core Media Video
[stderr]         vendor_id       : [0][0][0][0]
[stderr]         encoder         : Lavc61.19.100 libx264
[stderr]       Side data:
[stderr]         cpb: bitrate max/min/avg: 0/0/0 buffer size: 0 vbv_delay: N/A
[stderr]   Stream #0:1(und): Audio: aac (LC) (mp4a / 0x6134706D), 48000 Hz, mono, fltp, 69 kb/s (default)
[stderr]       Metadata:
[stderr]         creation_time   : 2026-07-12T09:54:07.000000Z
[stderr]         handler_name    : Core Media Audio
[stderr]         vendor_id       : [0][0][0][0]
[stderr]         encoder         : Lavc61.19.100 aac
[stderr] frame=  152 fps= 76 q=24.0 size=    2304KiB time=00:00:05.02 bitrate=3754.0kbits/s speed= 2.5x    [stderr] [out#0/mp4 @ 0x13c6352a0] video:3496KiB audio:63KiB subtitle:0KiB other streams:0KiB global headers:0KiB muxing overhead: 0.256952%
[stderr] frame=  218 fps= 96 q=-1.0 Lsize=    3568KiB time=00:00:07.27 bitrate=4018.4kbits/s speed=3.22x    
[stderr] [libx264 @ 0x13c635f50] frame I:1     Avg QP:18.59  size: 56075
[stderr] [libx264 @ 0x13c635f50] frame P:76    Avg QP:19.26  size: 28448
[stderr] [libx264 @ 0x13c635f50] frame B:141   Avg QP:23.75  size:  9654
[stderr] [libx264 @ 0x13c635f50] consecutive B-frames:  7.8% 15.6%  6.9% 69.7%
[stderr] [libx264 @ 0x13c635f50] mb I  I16..4: 24.3%  7.6% 68.1%
[stderr] [libx264 @ 0x13c635f50] mb P  I16..4: 15.5%  6.9%  8.6%  P16..4: 18.7% 18.5% 24.0%  0.0%  0.0%    skip: 7.7%
[stderr] [libx264 @ 0x13c635f50] mb B  I16..4:  2.8%  0.8%  0.5%  B16..8: 26.7% 14.3%  6.9%  direct:12.2%  skip:35.8%  L0:26.8% L1:31.1% BI:42.1%
[stderr] [libx264 @ 0x13c635f50] 8x8 transform intra:21.5% inter:31.8%
[stderr] [libx264 @ 0x13c635f50] coded y,uvDC,uvAC intra: 44.5% 38.9% 20.2% inter: 39.0% 20.6% 3.2%
[stderr] [libx264 @ 0x13c635f50] i16 v,h,dc,p: 86%  6%  5%  2%
[stderr] [libx264 @ 0x13c635f50] i8 v,h,dc,ddl,ddr,vr,hd,vl,hu: 32% 14% 19%  2%  8%  9%  6%  6%  5%
[stderr] [libx264 @ 0x13c635f50] i4 v,h,dc,ddl,ddr,vr,hd,vl,hu: 22% 15% 16%  3% 12% 10%  8%  6%  8%
[stderr] [libx264 @ 0x13c635f50] i8c dc,h,v,p: 71% 10% 14%  4%
[stderr] [libx264 @ 0x13c635f50] Weighted P-Frames: Y:11.8% UV:1.3%
[stderr] [libx264 @ 0x13c635f50] kb/s:3918.69
[stderr] [aac @ 0x13c69cc00] Qavg: 348.580
[stderr] ffmpeg version 7.1 Copyright (c) 2000-2024 the FFmpeg developers
[stderr]   built with Apple clang version 15.0.0 (clang-1500.1.0.2.5)
[stderr]   configuration: --prefix=/opt/homebrew/Cellar/ffmpeg/7.1_3 --enable-shared --enable-pthreads --enable-version3 --cc=clang --host-cflags= --host-ldflags='-Wl,-ld_classic' --enable-ffplay --enable-gnutls --enable-gpl --enable-libaom --enable-libaribb24 --enable-libbluray --enable-libdav1d --enable-libharfbuzz --enable-libjxl --enable-libmp3lame --enable-libopus --enable-librav1e --enable-librist --enable-librubberband --enable-libsnappy --enable-libsrt --enable-libssh --enable-libsvtav1 --enable-libtesseract --enable-libtheora --enable-libvidstab --enable-libvmaf --enable-libvorbis --enable-libvpx --enable-libwebp --enable-libx264 --enable-libx265 --enable-libxml2 --enable-libxvid --enable-lzma --enable-libfontconfig --enable-libfreetype --enable-frei0r --enable-libass --enable-libopencore-amrnb --enable-libopencore-amrwb --enable-libopenjpeg --enable-libspeex --enable-libsoxr --enable-libzmq --enable-libzimg --disable-libjack --disable-indev=jack --enable-videotoolbox --enable-audiotoolbox --enable-neon
[stderr]   libavutil      59. 39.100 / 59. 39.100
[stderr]   libavcodec     61. 19.100 / 61. 19.100
[stderr]   libavformat    61.  7.100 / 61.  7.100
[stderr]   libavdevice    61.  3.100 / 61.  3.100
[stderr]   libavfilter    10.  4.100 / 10.  4.100
[stderr]   libswscale      8.  3.100 /  8.  3.100
[stderr]   libswresample   5.  3.100 /  5.  3.100
[stderr]   libpostproc    58.  3.100 / 58.  3.100
[stderr] Input #0, mov,mp4,m4a,3gp,3g2,mj2, from '/Users/johndoe/Documents/company/video_ops/projects/abstract_algebra_in_proof_assistant/04-set-equality/takes/take-mrhmharr/source.mp4':
[stderr]   Metadata:
[stderr]     major_brand     : qt  
[stderr]     minor_version   : 0
[stderr]     compatible_brands: qt  
[stderr]     creation_time   : 2026-07-12T09:54:07.000000Z
[stderr]   Duration: 00:06:08.94, start: 0.000000, bitrate: 2946 kb/s
[stderr]   Stream #0:0[0x1](und): Video: hevc (Main) (hvc1 / 0x31637668), yuv420p(tv, smpte170m/bt709/bt709), 640x480, 2834 kb/s, 29.95 fps, 29.83 tbr, 600 tbn (default)
[stderr]       Metadata:
[stderr]         creation_time   : 2026-07-12T09:54:07.000000Z
[stderr]         handler_name    : Core Media Video
[stderr]         vendor_id       : [0][0][0][0]
[stderr]         encoder         : HEVC
[stderr]       Side data:
[stderr]         displaymatrix: rotation of -180.00 degrees
[stderr]   Stream #0:1[0x2](und): Audio: aac (LC) (mp4a / 0x6134706D), 48000 Hz, mono, fltp, 100 kb/s (default)
[stderr]       Metadata:
[stderr]         creation_time   : 2026-07-12T09:54:07.000000Z
[stderr]         handler_name    : Core Media Audio
[stderr]         vendor_id       : [0][0][0][0]
[stderr]   Stream #0:2[0x3](und): Data: none (mebx / 0x7862656D) (default)
[stderr]       Metadata:
[stderr]         creation_time   : 2026-07-12T09:54:07.000000Z
[stderr]         handler_name    : Core Media Metadata
[stderr] Stream mapping:
[stderr]   Stream #0:0 -> #0:0 (hevc (native) -> h264 (libx264))
[stderr]   Stream #0:1 -> #0:1 (aac (native) -> aac (native))
[stderr] Press [q] to stop, [?] for help
[stderr] [libx264 @ 0x10b10ea50] using cpu capabilities: ARMv8 NEON
[stderr] [libx264 @ 0x10b10ea50] profile High, level 3.0, 4:2:0, 8-bit
[stderr] [libx264 @ 0x10b10ea50] 264 - core 164 r3108 31e19f9 - H.264/MPEG-4 AVC codec - Copyleft 2003-2023 - http://www.videolan.org/x264.html - options: cabac=1 ref=1 deblock=1:0:0 analyse=0x3:0x113 me=hex subme=2 psy=1 psy_rd=1.00:0.00 mixed_ref=0 me_range=16 chroma_me=1 trellis=0 8x8dct=1 cqm=0 deadzone=21,11 fast_pskip=1 chroma_qp_offset=0 threads=15 lookahead_threads=3 sliced_threads=0 nr=0 decimate=1 interlaced=0 bluray_compat=0 constrained_intra=0 bframes=3 b_pyramid=2 b_adapt=1 b_bias=0 direct=1 weightb=1 open_gop=0 weightp=1 keyint=250 keyint_min=25 scenecut=40 intra_refresh=0 rc_lookahead=10 rc=crf mbtree=1 crf=18.0 qcomp=0.60 qpmin=0 qpmax=69 qpstep=4 ip_ratio=1.40 aq=1:1.00
[stderr] Output #0, mp4, to '/Users/johndoe/Documents/company/video_ops/projects/abstract_algebra_in_proof_assistant/04-set-equality/takes/take-mrhmharr/pipeline/cut/cut-mrxmiptn/chunks/chunk-012.mp4':
[stderr]   Metadata:
[stderr]     major_brand     : qt  
[stderr]     minor_version   : 0
[stderr]     compatible_brands: qt  
[stderr]     encoder         : Lavf61.7.100
[stderr]   Stream #0:0(und): Video: h264 (avc1 / 0x31637661), yuv420p(tv, smpte170m/bt709/bt709, progressive), 640x480, q=2-31, 29.83 fps, 11456 tbn (default)
[stderr]       Metadata:
[stderr]         creation_time   : 2026-07-12T09:54:07.000000Z
[stderr]         handler_name    : Core Media Video
[stderr]         vendor_id       : [0][0][0][0]
[stderr]         encoder         : Lavc61.19.100 libx264
[stderr]       Side data:
[stderr]         cpb: bitrate max/min/avg: 0/0/0 buffer size: 0 vbv_delay: N/A
[stderr]   Stream #0:1(und): Audio: aac (LC) (mp4a / 0x6134706D), 48000 Hz, mono, fltp, 69 kb/s (default)
[stderr]       Metadata:
[stderr]         creation_time   : 2026-07-12T09:54:07.000000Z
[stderr]         handler_name    : Core Media Audio
[stderr]         vendor_id       : [0][0][0][0]
[stderr]         encoder         : Lavc61.19.100 aac
[stderr] [out#0/mp4 @ 0x10b10dc80] video:853KiB audio:12KiB subtitle:0KiB other streams:0KiB global headers:0KiB muxing overhead: 0.340171%
[stderr] frame=   43 fps= 24 q=-1.0 Lsize=     869KiB time=00:00:01.37 bitrate=5178.7kbits/s speed=0.77x    
[stderr] [libx264 @ 0x10b10ea50] frame I:1     Avg QP:18.58  size: 58231
[stderr] [libx264 @ 0x10b10ea50] frame P:15    Avg QP:20.36  size: 32991
[stderr] [libx264 @ 0x10b10ea50] frame B:27    Avg QP:24.40  size: 11854
[stderr] [libx264 @ 0x10b10ea50] consecutive B-frames:  9.3% 18.6%  7.0% 65.1%
[stderr] [libx264 @ 0x10b10ea50] mb I  I16..4: 22.6%  8.1% 69.3%
[stderr] [libx264 @ 0x10b10ea50] mb P  I16..4: 11.7%  6.7%  8.0%  P16..4: 19.5% 19.1% 27.8%  0.0%  0.0%    skip: 7.1%
[stderr] [libx264 @ 0x10b10ea50] mb B  I16..4:  1.0%  0.3%  0.1%  B16..8: 27.4% 15.1%  9.0%  direct:12.6%  skip:34.4%  L0:23.7% L1:31.8% BI:44.4%
[stderr] [libx264 @ 0x10b10ea50] 8x8 transform intra:22.1% inter:27.9%
[stderr] [libx264 @ 0x10b10ea50] coded y,uvDC,uvAC intra: 56.9% 47.8% 25.3% inter: 42.0% 19.6% 2.4%
[stderr] [libx264 @ 0x10b10ea50] i16 v,h,dc,p: 85%  8%  5%  2%
[stderr] [libx264 @ 0x10b10ea50] i8 v,h,dc,ddl,ddr,vr,hd,vl,hu: 28% 15% 21%  2%  9%  9%  5%  7%  6%
[stderr] [libx264 @ 0x10b10ea50] i4 v,h,dc,ddl,ddr,vr,hd,vl,hu: 17% 15% 19%  4% 12%  8%  7%  7% 10%
[stderr] [libx264 @ 0x10b10ea50] i8c dc,h,v,p: 70% 12% 13%  5%
[stderr] [libx264 @ 0x10b10ea50] Weighted P-Frames: Y:33.3% UV:0.0%
[stderr] [libx264 @ 0x10b10ea50] kb/s:4846.38
[stderr] [aac @ 0x10b16d9d0] Qavg: 110.773
[stderr] ffmpeg version 7.1 Copyright (c) 2000-2024 the FFmpeg developers
[stderr]   built with Apple clang version 15.0.0 (clang-1500.1.0.2.5)
[stderr]   configuration: --prefix=/opt/homebrew/Cellar/ffmpeg/7.1_3 --enable-shared --enable-pthreads --enable-version3 --cc=clang --host-cflags= --host-ldflags='-Wl,-ld_classic' --enable-ffplay --enable-gnutls --enable-gpl --enable-libaom --enable-libaribb24 --enable-libbluray --enable-libdav1d --enable-libharfbuzz --enable-libjxl --enable-libmp3lame --enable-libopus --enable-librav1e --enable-librist --enable-librubberband --enable-libsnappy --enable-libsrt --enable-libssh --enable-libsvtav1 --enable-libtesseract --enable-libtheora --enable-libvidstab --enable-libvmaf --enable-libvorbis --enable-libvpx --enable-libwebp --enable-libx264 --enable-libx265 --enable-libxml2 --enable-libxvid --enable-lzma --enable-libfontconfig --enable-libfreetype --enable-frei0r --enable-libass --enable-libopencore-amrnb --enable-libopencore-amrwb --enable-libopenjpeg --enable-libspeex --enable-libsoxr --enable-libzmq --enable-libzimg --disable-libjack --disable-indev=jack --enable-videotoolbox --enable-audiotoolbox --enable-neon
[stderr]   libavutil      59. 39.100 / 59. 39.100
[stderr]   libavcodec     61. 19.100 / 61. 19.100
[stderr]   libavformat    61.  7.100 / 61.  7.100
[stderr]   libavdevice    61.  3.100 / 61.  3.100
[stderr]   libavfilter    10.  4.100 / 10.  4.100
[stderr]   libswscale      8.  3.100 /  8.  3.100
[stderr]   libswresample   5.  3.100 /  5.  3.100
[stderr]   libpostproc    58.  3.100 / 58.  3.100
[stderr] Input #0, mov,mp4,m4a,3gp,3g2,mj2, from '/Users/johndoe/Documents/company/video_ops/projects/abstract_algebra_in_proof_assistant/04-set-equality/takes/take-mrhmharr/source.mp4':
[stderr]   Metadata:
[stderr]     major_brand     : qt  
[stderr]     minor_version   : 0
[stderr]     compatible_brands: qt  
[stderr]     creation_time   : 2026-07-12T09:54:07.000000Z
[stderr]   Duration: [stderr] 00:06:08.94, start: 0.000000, bitrate: 2946 kb/s
[stderr]   Stream #0:0[0x1](und): Video: hevc (Main) (hvc1 / 0x31637668), yuv420p(tv, smpte170m/bt709/bt709), 640x480, 2834 kb/s, 29.95 fps, 29.83 tbr, 600 tbn (default)
[stderr]       Metadata:
[stderr]         creation_time   : 2026-07-12T09:54:07.000000Z
[stderr]         handler_name    : Core Media Video
[stderr]         vendor_id       : [0][0][0][0]
[stderr]         encoder         : HEVC
[stderr]       Side data:
[stderr]         displaymatrix: rotation of -180.00 degrees
[stderr]   Stream #0:1[0x2](und): Audio: aac (LC) (mp4a / 0x6134706D), 48000 Hz, mono, fltp, 100 kb/s (default)
[stderr]       Metadata:
[stderr]         creation_time   : 2026-07-12T09:54:07.000000Z
[stderr]         handler_name    : Core Media Audio
[stderr]         vendor_id       : [0][0][0][0]
[stderr]   Stream #0:2[0x3](und): Data: none (mebx / 0x7862656D) (default)
[stderr]       Metadata:
[stderr]         creation_time   : 2026-07-12T09:54:07.000000Z
[stderr]         handler_name    : Core Media Metadata
[stderr] Stream mapping:
[stderr]   Stream #0:0 -> #0:0 (hevc (native) -> h264 (libx264))
[stderr]   Stream #0:1 -> #0:1 (aac (native) -> aac (native))
[stderr] Press [q] to stop, [?] for help
[stderr] [libx264 @ 0x108805720] using cpu capabilities: ARMv8 NEON
[stderr] [libx264 @ 0x108805720] profile High, level 3.0, 4:2:0, 8-bit
[stderr] [libx264 @ 0x108805720] 264 - core 164 r3108 31e19f9 - H.264/MPEG-4 AVC codec - Copyleft 2003-2023 - http://www.videolan.org/x264.html - options: cabac=1 ref=1 deblock=1:0:0 analyse=0x3:0x113 me=hex subme=2 psy=1 psy_rd=1.00:0.00 mixed_ref=0 me_range=16 chroma_me=1 trellis=0 8x8dct=1 cqm=0 deadzone=21,11 fast_pskip=1 chroma_qp_offset=0 threads=15 lookahead_threads=3 sliced_threads=0 nr=0 decimate=1 interlaced=0 bluray_compat=0 constrained_intra=0 bframes=3 b_pyramid=2 b_adapt=1 b_bias=0 direct=1 weightb=1 open_gop=0 weightp=1 keyint=250 keyint_min=25 scenecut=40 intra_refresh=0 rc_lookahead=10 rc=crf mbtree=1 crf=18.0 qcomp=0.60 qpmin=0 qpmax=69 qpstep=4 ip_ratio=1.40 aq=1:1.00
[stderr] Output #0, mp4, to '/Users/johndoe/Documents/company/video_ops/projects/abstract_algebra_in_proof_assistant/04-set-equality/takes/take-mrhmharr/pipeline/cut/cut-mrxmiptn/chunks/chunk-013.mp4':
[stderr]   Metadata:
[stderr]     major_brand     : qt  
[stderr]     minor_version   : 0
[stderr]     compatible_brands: qt  
[stderr]     encoder         : Lavf61.7.100
[stderr]   Stream #0:0(und): Video: h264 (avc1 / 0x31637661), yuv420p(tv, smpte170m/bt709/bt709, progressive), 640x480, q=2-31, 29.83 fps, 11456 tbn (default)
[stderr]       Metadata:
[stderr]         creation_time   : 2026-07-12T09:54:07.000000Z
[stderr]         handler_name    : Core Media Video
[stderr]         vendor_id       : [0][0][0][0]
[stderr]         encoder         : Lavc61.19.100 libx264
[stderr]       Side data:
[stderr]         cpb: bitrate max/min/avg: 0/0/0 buffer size: 0 vbv_delay: N/A
[stderr]   Stream #0:1(und): Audio: aac (LC) (mp4a / 0x6134706D), 48000 Hz, mono, fltp, 69 kb/s (default)
[stderr]       Metadata:
[stderr]         creation_time   : 2026-07-12T09:54:07.000000Z
[stderr]         handler_name    : Core Media Audio
[stderr]         vendor_id       : [0][0][0][0]
[stderr]         encoder         : Lavc61.19.100 aac
[stderr] frame=  159 fps= 79 q=24.0 size=    3584KiB time=00:00:05.26 bitrate=5579.1kbits/s speed=2.61x    [stderr] frame=  299 fps=119 q=24.0 size=    6912KiB time=00:00:09.98 bitrate=5668.7kbits/s speed=3.97x    [stderr] [out#0/mp4 @ 0x108804740] video:14248KiB audio:166KiB subtitle:0KiB other streams:0KiB global headers:0KiB muxing overhead: 0.152522%
[stderr] frame=  578 fps=197 q=-1.0 Lsize=   14436KiB time=00:00:19.34 bitrate=6114.5kbits/s speed=6.58x    
[stderr] [libx264 @ 0x108805720] frame I:3     Avg QP:19.85  size: 60079
[stderr] [libx264 @ 0x108805720] frame P:162   Avg QP:22.42  size: 41626
[stderr] [libx264 @ 0x108805720] frame B:413   Avg QP:25.11  size: 18560
[stderr] [libx264 @ 0x108805720] consecutive B-frames:  2.8%  4.5%  4.2% 88.6%
[stderr] [libx264 @ 0x108805720] mb I  I16..4:  9.0%  8.1% 82.9%
[stderr] [libx264 @ 0x108805720] mb P  I16..4:  5.1%  6.5% 24.2%  P16..4: 15.4% 17.7% 29.5%  0.0%  0.0%    skip: 1.5%
[stderr] [libx264 @ 0x108805720] mb B  I16..4:  1.3%  0.6%  1.1%  B16..8: 28.8% 17.7% 15.2%  direct:16.7%  skip:18.7%  L0:28.1% L1:31.1% BI:40.8%
[stderr] [libx264 @ 0x108805720] 8x8 transform intra:18.0% inter:31.3%
[stderr] [libx264 @ 0x108805720] coded y,uvDC,uvAC intra: 79.4% 69.1% 38.7% inter: 54.5% 28.0% 4.0%
[stderr] [libx264 @ 0x108805720] i16 v,h,dc,p: 76% 15%  7%  3%
[stderr] [libx264 @ 0x108805720] i8 v,h,dc,ddl,ddr,vr,hd,vl,hu: 23% 16% 17%  3% 11% 10%  8%  6%  7%
[stderr] [libx264 @ 0x108805720] i4 v,h,dc,ddl,ddr,vr,hd,vl,hu: 16% 17% 15%  4% 13%  8%  9%  7% 10%
[stderr] [libx264 @ 0x108805720] i8c dc,h,v,p: 56% 18% 19%  8%
[stderr] [libx264 @ 0x108805720] Weighted P-Frames: Y:17.3% UV:3.7%
[stderr] [libx264 @ 0x108805720] kb/s:6023.98
[stderr] [aac @ 0x10886c4a0] Qavg: 194.693
[stderr] ffmpeg version 7.1 Copyright (c) 2000-2024 the FFmpeg developers
[stderr]   built with Apple clang version 15.0.0 (clang-1500.1.0.2.5)
[stderr]   configuration: --prefix=/opt/homebrew/Cellar/ffmpeg/7.1_3 --enable-shared --enable-pthreads --enable-version3 --cc=clang --host-cflags= --host-ldflags='-Wl,-ld_classic' --enable-ffplay --enable-gnutls --enable-gpl --enable-libaom --enable-libaribb24 --enable-libbluray --enable-libdav1d --enable-libharfbuzz --enable-libjxl --enable-libmp3lame --enable-libopus --enable-librav1e --enable-librist --enable-librubberband --enable-libsnappy --enable-libsrt --enable-libssh --enable-libsvtav1 --enable-libtesseract --enable-libtheora --enable-libvidstab --enable-libvmaf --enable-libvorbis --enable-libvpx --enable-libwebp --enable-libx264 --enable-libx265 --enable-libxml2 --enable-libxvid --enable-lzma --enable-libfontconfig --enable-libfreetype --enable-frei0r --enable-libass --enable-libopencore-amrnb --enable-libopencore-amrwb --enable-libopenjpeg --enable-libspeex --enable-libsoxr --enable-libzmq --enable-libzimg --disable-libjack --disable-indev=jack --enable-videotoolbox --enable-audiotoolbox --enable-neon
[stderr]   libavutil      59. 39.100 / 59. 39.100
[stderr]   libavcodec     61. 19.100 / 61. 19.100
[stderr]   libavformat    61.  7.100 / 61.  7.100
[stderr]   libavdevice    61.  3.100 / 61.  3.100
[stderr]   libavfilter    10.  4.100 / 10.  4.100
[stderr]   libswscale      8.  3.100 /  8.  3.100
[stderr]   libswresample   5.  3.100 /  5.  3.100
[stderr]   libpostproc    58.  3.100 / 58.  3.100
[stderr] Input #0, mov,mp4,m4a,3gp,3g2,mj2, from '/Users/johndoe/Documents/company/video_ops/projects/abstract_algebra_in_proof_assistant/04-set-equality/takes/take-mrhmharr/source.mp4':
[stderr]   Metadata:
[stderr]     major_brand     : qt  
[stderr]     minor_version   : 0
[stderr]     compatible_brands: qt  
[stderr]     creation_time   : 2026-07-12T09:54:07.000000Z
[stderr]   Duration: 00:06:08.94[stderr] , start: 0.000000, bitrate: 2946 kb/s
[stderr]   Stream #0:0[0x1](und): Video: hevc (Main) (hvc1 / 0x31637668), yuv420p(tv, smpte170m/bt709/bt709), 640x480, 2834 kb/s, 29.95 fps, 29.83 tbr, 600 tbn (default)
[stderr]       Metadata:
[stderr]         creation_time   : 2026-07-12T09:54:07.000000Z
[stderr]         handler_name    : Core Media Video
[stderr]         vendor_id       : [0][0][0][0]
[stderr]         encoder         : HEVC
[stderr]       Side data:
[stderr]         displaymatrix: rotation of -180.00 degrees
[stderr]   Stream #0:1[0x2](und): Audio: aac (LC) (mp4a / 0x6134706D), 48000 Hz, mono, fltp, 100 kb/s (default)
[stderr]       Metadata:
[stderr]         creation_time   : 2026-07-12T09:54:07.000000Z
[stderr]         handler_name    : Core Media Audio
[stderr]         vendor_id       : [0][0][0][0]
[stderr]   Stream #0:2[0x3](und): Data: none (mebx / 0x7862656D) (default)
[stderr]       Metadata:
[stderr]         creation_time   : 2026-07-12T09:54:07.000000Z
[stderr]         handler_name    : Core Media Metadata
[stderr] Stream mapping:
[stderr]   Stream #0:0 -> #0:0 (hevc (native) -> h264 (libx264))
[stderr]   Stream #0:1 -> #0:1 (aac (native) -> aac (native))
[stderr] Press [q] to stop, [?] for help
[stderr] [libx264 @ 0x12df07250] using cpu capabilities: ARMv8 NEON
[stderr] [libx264 @ 0x12df07250] profile High, level 3.0, 4:2:0, 8-bit
[stderr] [libx264 @ 0x12df07250] 264 - core 164 r3108 31e19f9 - H.264/MPEG-4 AVC codec - Copyleft 2003-2023 - http://www.videolan.org/x264.html - options: cabac=1 ref=1 deblock=1:0:0 analyse=0x3:0x113 me=hex subme=2 psy=1 psy_rd=1.00:0.00 mixed_ref=0 me_range=16 chroma_me=1 trellis=0 8x8dct=1 cqm=0 deadzone=21,11 fast_pskip=1 chroma_qp_offset=0 threads=15 lookahead_threads=3 sliced_threads=0 nr=0 decimate=1 interlaced=0 bluray_compat=0 constrained_intra=0 bframes=3 b_pyramid=2 b_adapt=1 b_bias=0 direct=1 weightb=1 open_gop=0 weightp=1 keyint=250 keyint_min=25 scenecut=40 intra_refresh=0 rc_lookahead=10 rc=crf mbtree=1 crf=18.0 qcomp=0.60 qpmin=0 qpmax=69 qpstep=4 ip_ratio=1.40 aq=1:1.00
[stderr] Output #0, mp4, to '/Users/johndoe/Documents/company/video_ops/projects/abstract_algebra_in_proof_assistant/04-set-equality/takes/take-mrhmharr/pipeline/cut/cut-mrxmiptn/chunks/chunk-014.mp4':
[stderr]   Metadata:
[stderr]     major_brand     : qt  
[stderr]     minor_version   : 0
[stderr]     compatible_brands: qt  
[stderr]     encoder         : Lavf61.7.100
[stderr]   Stream #0:0(und): Video: h264 (avc1 / 0x31637661), yuv420p(tv, smpte170m/bt709/bt709, progressive), 640x480, q=2-31, 29.83 fps, 11456 tbn (default)
[stderr]       Metadata:
[stderr]         creation_time   : 2026-07-12T09:54:07.000000Z
[stderr]         handler_name    : Core Media Video
[stderr]         vendor_id       : [0][0][0][0]
[stderr]         encoder         : Lavc61.19.100 libx264
[stderr]       Side data:
[stderr]         cpb: bitrate max/min/avg: 0/0/0 buffer size: 0 vbv_delay: N/A
[stderr]   Stream #0:1(und): Audio: aac (LC) (mp4a / 0x6134706D), 48000 Hz, mono, fltp, 69 kb/s (default)
[stderr]       Metadata:
[stderr]         creation_time   : 2026-07-12T09:54:07.000000Z
[stderr]         handler_name    : Core Media Audio
[stderr]         vendor_id       : [0][0][0][0]
[stderr]         encoder         : Lavc61.19.100 aac
[stderr] frame=    0 fps=0.0 q=0.0 size=       0KiB time=N/A bitrate=N/A speed=N/A    [stderr] frame=  315 fps=125 q=24.0 size=    8704KiB time=00:00:10.49 bitrate=6796.2kbits/s speed=4.18x    [stderr] [out#0/mp4 @ 0x12df062b0] video:12974KiB audio:141KiB subtitle:0KiB other streams:0KiB global headers:0KiB muxing overhead: 0.143475%
[stderr] frame=  492 fps=179 q=-1.0 Lsize=   13134KiB time=00:00:16.42 bitrate=6550.6kbits/s speed=5.97x    
[stderr] [libx264 @ 0x12df07250] frame I:5     Avg QP:20.85  size: 51181
[stderr] [libx264 @ 0x12df07250] frame P:160   Avg QP:23.00  size: 39589
[stderr] [libx264 @ 0x12df07250] frame B:327   Avg QP:25.44  size: 20472
[stderr] [libx264 @ 0x12df07250] consecutive B-frames:  7.1% 11.0%  5.5% 76.4%
[stderr] [libx264 @ 0x12df07250] mb I  I16..4:  4.2% 11.3% 84.6%
[stderr] [libx264 @ 0x12df07250] mb P  I16..4:  3.1%  8.7% 29.0%  P16..4: 15.7% 17.1% 25.4%  0.0%  0.0%    skip: 0.9%
[stderr] [libx264 @ 0x12df07250] mb B  I16..4:  0.8%  2.3%  3.7%  B16..8: 28.5% 20.7% 15.1%  direct:16.8%  skip:12.2%  L0:30.9% L1:31.0% BI:38.2%
[stderr] [libx264 @ 0x12df07250] 8x8 transform intra:23.6% inter:36.1%
[stderr] [libx264 @ 0x12df07250] coded y,uvDC,uvAC intra: 89.0% 78.7% 43.5% inter: 61.9% 34.8% 4.8%
[stderr] [libx264 @ 0x12df07250] i16 v,h,dc,p: 62% 12% 18%  8%
[stderr] [libx264 @ 0x12df07250] i8 v,h,dc,ddl,ddr,vr,hd,vl,hu: 24% 17% 15%  3%  8%  9%  7%  8%  9%
[stderr] [libx264 @ 0x12df07250] i4 v,h,dc,ddl,ddr,vr,hd,vl,hu: 15% 18% 13%  4% 14%  9% 10%  7% 10%
[stderr] [libx264 @ 0x12df07250] i8c dc,h,v,p: 48% 21% 21% 11%
[stderr] [libx264 @ 0x12df07250] Weighted P-Frames: Y:20.0% UV:6.2%
[stderr] [libx264 @ 0x12df07250] kb/s:6444.23
[stderr] [aac @ 0x12df6c620] Qavg: 199.613
[stderr] ffmpeg version 7.1 Copyright (c) 2000-2024 the FFmpeg developers
[stderr]   built with Apple clang version 15.0.0 (clang-1500.1.0.2.5)
[stderr]   configuration: --prefix=/opt/homebrew/Cellar/ffmpeg/7.1_3 --enable-shared --enable-pthreads --enable-version3 --cc=clang --host-cflags= --host-ldflags='-Wl,-ld_classic' --enable-ffplay --enable-gnutls --enable-gpl --enable-libaom --enable-libaribb24 --enable-libbluray --enable-libdav1d --enable-libharfbuzz --enable-libjxl --enable-libmp3lame --enable-libopus --enable-librav1e --enable-librist --enable-librubberband --enable-libsnappy --enable-libsrt --enable-libssh --enable-libsvtav1 --enable-libtesseract --enable-libtheora --enable-libvidstab --enable-libvmaf --enable-libvorbis --enable-libvpx --enable-libwebp --enable-libx264 --enable-libx265 --enable-libxml2 --enable-libxvid --enable-lzma --enable-libfontconfig --enable-libfreetype --enable-frei0r --enable-libass --enable-libopencore-amrnb --enable-libopencore-amrwb --enable-libopenjpeg --enable-libspeex --enable-libsoxr --enable-libzmq --enable-libzimg --disable-libjack --disable-indev=jack --enable-videotoolbox --enable-audiotoolbox --enable-neon
[stderr]   libavutil      59. 39.100 / 59. 39.100
[stderr]   libavcodec     61. 19.100 / 61. 19.100
[stderr]   libavformat    61.  7.100 / 61.  7.100
[stderr]   libavdevice    61.  3.100 / 61.  3.100
[stderr]   libavfilter    10.  4.100 / 10.  4.100
[stderr]   libswscale      8.  3.100 /  8.  3.100
[stderr]   libswresample   5.  3.100 /  5.  3.100
[stderr]   libpostproc    58.  3.100 / 58.  3.100
[stderr] Input #0, mov,mp4,m4a,3gp,3g2,mj2, from '/Users/johndoe/Documents/company/video_ops/projects/abstract_algebra_in_proof_assistant/04-set-equality/takes/take-mrhmharr/source.mp4':
[stderr]   Metadata:
[stderr]     major_brand     : qt  
[stderr]     minor_version   : 0
[stderr]     compatible_brands: qt  
[stderr]     creation_time   : [stderr] 2026-07-12T09:54:07.000000Z
[stderr]   Duration: 00:06:08.94, start: 0.000000, bitrate: 2946 kb/s
[stderr]   Stream #0:0[0x1](und): Video: hevc (Main) (hvc1 / 0x31637668), yuv420p(tv, smpte170m/bt709/bt709), 640x480, 2834 kb/s, 29.95 fps, 29.83 tbr, 600 tbn (default)
[stderr]       Metadata:
[stderr]         creation_time   : 2026-07-12T09:54:07.000000Z
[stderr]         handler_name    : Core Media Video
[stderr]         vendor_id       : [0][0][0][0]
[stderr]         encoder         : HEVC
[stderr]       Side data:
[stderr]         displaymatrix: rotation of -180.00 degrees
[stderr]   Stream #0:1[0x2](und): Audio: aac (LC) (mp4a / 0x6134706D), 48000 Hz, mono, fltp, 100 kb/s (default)
[stderr]       Metadata:
[stderr]         creation_time   : 2026-07-12T09:54:07.000000Z
[stderr]         handler_name    : Core Media Audio
[stderr]         vendor_id       : [0][0][0][0]
[stderr]   Stream #0:2[0x3](und): Data: none (mebx / 0x7862656D) (default)
[stderr]       Metadata:
[stderr]         creation_time   : 2026-07-12T09:54:07.000000Z
[stderr]         handler_name    : Core Media Metadata
[stderr] Stream mapping:
[stderr]   Stream #0:0 -> #0:0 (hevc (native) -> h264 (libx264))
[stderr]   Stream #0:1 -> #0:1 (aac (native) -> aac (native))
[stderr] Press [q] to stop, [?] for help
[stderr] [libx264 @ 0x12460e7b0] using cpu capabilities: ARMv8 NEON
[stderr] [libx264 @ 0x12460e7b0] profile High, level 3.0, 4:2:0, 8-bit
[stderr] [libx264 @ 0x12460e7b0] 264 - core 164 r3108 31e19f9 - H.264/MPEG-4 AVC codec - Copyleft 2003-2023 - http://www.videolan.org/x264.html - options: cabac=1 ref=1 deblock=1:0:0 analyse=0x3:0x113 me=hex subme=2 psy=1 psy_rd=1.00:0.00 mixed_ref=0 me_range=16 chroma_me=1 trellis=0 8x8dct=1 cqm=0 deadzone=21,11 fast_pskip=1 chroma_qp_offset=0 threads=15 lookahead_threads=3 sliced_threads=0 nr=0 decimate=1 interlaced=0 bluray_compat=0 constrained_intra=0 bframes=3 b_pyramid=2 b_adapt=1 b_bias=0 direct=1 weightb=1 open_gop=0 weightp=1 keyint=250 keyint_min=25 scenecut=40 intra_refresh=0 rc_lookahead=10 rc=crf mbtree=1 crf=18.0 qcomp=0.60 qpmin=0 qpmax=69 qpstep=4 ip_ratio=1.40 aq=1:1.00
[stderr] Output #0, mp4, to '/Users/johndoe/Documents/company/video_ops/projects/abstract_algebra_in_proof_assistant/04-set-equality/takes/take-mrhmharr/pipeline/cut/cut-mrxmiptn/chunks/chunk-015.mp4':
[stderr]   Metadata:
[stderr]     major_brand     : qt  
[stderr]     minor_version   : 0
[stderr]     compatible_brands: qt  
[stderr]     encoder         : Lavf61.7.100
[stderr]   Stream #0:0(und): Video: h264 (avc1 / 0x31637661), yuv420p(tv, smpte170m/bt709/bt709, progressive), 640x480, q=2-31, 29.83 fps, 11456 tbn (default)
[stderr]       Metadata:
[stderr]         creation_time   : 2026-07-12T09:54:07.000000Z
[stderr]         handler_name    : Core Media Video
[stderr]         vendor_id       : [0][0][0][0]
[stderr]         encoder         : Lavc61.19.100 libx264
[stderr]       Side data:
[stderr]         cpb: bitrate max/min/avg: 0/0/0 buffer size: 0 vbv_delay: N/A
[stderr]   Stream #0:1(und): Audio: aac (LC) (mp4a / 0x6134706D), 48000 Hz, mono, fltp, 69 kb/s (default)
[stderr]       Metadata:
[stderr]         creation_time   : 2026-07-12T09:54:07.000000Z
[stderr]         handler_name    : Core Media Audio
[stderr]         vendor_id       : [0][0][0][0]
[stderr]         encoder         : Lavc61.19.100 aac
[stderr] [out#0/mp4 @ 0x12460d9e0] video:1055KiB audio:17KiB subtitle:0KiB other streams:0KiB global headers:0KiB muxing overhead: 0.329990%
[stderr] frame=   60 fps= 26 q=-1.0 Lsize=    1076KiB time=00:00:01.94 bitrate=4534.0kbits/s speed=0.849x    
[stderr] [libx264 @ 0x12460e7b0] frame I:1     Avg QP:19.38  size: 49835
[stderr] [libx264 @ 0x12460e7b0] frame P:21    Avg QP:20.38  size: 31635
[stderr] [libx264 @ 0x12460e7b0] frame B:38    Avg QP:24.84  size:  9620
[stderr] [libx264 @ 0x12460e7b0] consecutive B-frames:  8.3% 16.7% 15.0% 60.0%
[stderr] [libx264 @ 0x12460e7b0] mb I  I16..4: 15.7%  8.2% 76.2%
[stderr] [libx264 @ 0x12460e7b0] mb P  I16..4: 14.1%  3.2%  5.2%  P16..4: 22.7% 22.5% 31.1%  0.0%  0.0%    skip: 1.3%
[stderr] [libx264 @ 0x12460e7b0] mb B  I16..4:  3.3%  0.2%  0.1%  B16..8: 30.4% 16.7%  6.6%  direct:15.1%  skip:27.6%  L0:25.1% L1:33.5% BI:41.4%
[stderr] [libx264 @ 0x12460e7b0] 8x8 transform intra:11.6% inter:30.1%
[stderr] [libx264 @ 0x12460e7b0] coded y,uvDC,uvAC intra: 39.5% 37.1% 24.3% inter: 46.1% 20.1% 3.7%
[stderr] [libx264 @ 0x12460e7b0] i16 v,h,dc,p: 85%  5%  9%  1%
[stderr] [libx264 @ 0x12460e7b0] i8 v,h,dc,ddl,ddr,vr,hd,vl,hu: 27% 13% 23%  2%  8%  7%  6%  7%  6%
[stderr] [libx264 @ 0x12460e7b0] i4 v,h,dc,ddl,ddr,vr,hd,vl,hu: 18% 18% 15%  3% 12%  7% 10%  8%  9%
[stderr] [libx264 @ 0x12460e7b0] i8c dc,h,v,p: 75%  9% 12%  5%
[stderr] [libx264 @ 0x12460e7b0] Weighted P-Frames: Y:23.8% UV:0.0%
[stderr] [libx264 @ 0x12460e7b0] kb/s:4294.89
[stderr] [aac @ 0x12466d730] Qavg: 101.284
[stderr] ffmpeg version 7.1 Copyright (c) 2000-2024 the FFmpeg developers
[stderr]   built with Apple clang version 15.0.0 (clang-1500.1.0.2.5)
[stderr]   configuration: --prefix=/opt/homebrew/Cellar/ffmpeg/7.1_3 --enable-shared --enable-pthreads --enable-version3 --cc=clang --host-cflags= --host-ldflags='-Wl,-ld_classic' --enable-ffplay --enable-gnutls --enable-gpl --enable-libaom --enable-libaribb24 --enable-libbluray --enable-libdav1d --enable-libharfbuzz --enable-libjxl --enable-libmp3lame --enable-libopus --enable-librav1e --enable-librist --enable-librubberband --enable-libsnappy --enable-libsrt --enable-libssh --enable-libsvtav1 --enable-libtesseract --enable-libtheora --enable-libvidstab --enable-libvmaf --enable-libvorbis --enable-libvpx --enable-libwebp --enable-libx264 --enable-libx265 --enable-libxml2 --enable-libxvid --enable-lzma --enable-libfontconfig --enable-libfreetype --enable-frei0r --enable-libass --enable-libopencore-amrnb --enable-libopencore-amrwb --enable-libopenjpeg --enable-libspeex --enable-libsoxr --enable-libzmq --enable-libzimg --disable-libjack --disable-indev=jack --enable-videotoolbox --enable-audiotoolbox --enable-neon
[stderr]   libavutil      59. 39.100 / 59. 39.100
[stderr]   libavcodec     61. 19.100 / 61. 19.100
[stderr]   libavformat    61.  7.100 / 61.  7.100
[stderr]   libavdevice    61.  3.100 / 61.  3.100
[stderr]   libavfilter    10.  4.100 / 10.  4.100
[stderr]   libswscale      8.  3.100 /  8.  3.100
[stderr]   libswresample   5.  3.100 /  5.  3.100
[stderr]   libpostproc    58.  3.100 / 58.  3.100
[stderr] Input #0, mov,mp4,m4a,3gp,3g2,mj2, from '/Users/johndoe/Documents/company/video_ops/projects/abstract_algebra_in_proof_assistant/04-set-equality/takes/take-mrhmharr/source.mp4':
[stderr]   Metadata:
[stderr]     major_brand     : qt  
[stderr]     minor_version   : 0
[stderr]     compatible_brands: qt  
[stderr]     creation_time   : 2026-07-12T09:54:07.000000Z
[stderr]   Duration: 00:06:08.94, start: 0.000000, bitrate: 2946 kb/s
[stderr]   Stream #0:0[0x1](und): Video: hevc (Main) (hvc1 / 0x31637668), yuv420p(tv, smpte170m/bt709/bt709), 640x480, 2834 kb/s, 29.95 fps, 29.83 tbr, 600 tbn (default)
[stderr]       Metadata:
[stderr]         creation_time   : 2026-07-12T09:54:07.000000Z
[stderr]         handler_name    : Core Media Video
[stderr]         vendor_id       : [0][0][0][0]
[stderr]         encoder         : HEVC
[stderr]       Side data:
[stderr]         displaymatrix: rotation of -180.00 degrees
[stderr]   Stream #0:1[0x2](und): Audio: aac (LC) (mp4a / 0x6134706D), 48000 Hz, mono, fltp, 100 kb/s (default)
[stderr]       Metadata:
[stderr]         creation_time   : 2026-07-12T09:54:07.000000Z
[stderr]         handler_name    : Core Media Audio
[stderr]         vendor_id       : [0][0][0][0]
[stderr]   Stream #0:2[0x3](und): Data: none (mebx / 0x7862656D) (default)
[stderr]       Metadata:
[stderr]         creation_time   : 2026-07-12T09:54:07.000000Z
[stderr]         handler_name    : Core Media Metadata
[stderr] Stream mapping:
[stderr]   Stream #0:0 -> #0:0 (hevc (native) -> h264 (libx264))
[stderr]   Stream #0:1 -> #0:1 (aac (native) -> aac (native))
[stderr] Press [q] to stop, [?] for help
[stderr] [libx264 @ 0x156910540] using cpu capabilities: ARMv8 NEON
[stderr] [libx264 @ 0x156910540] profile High, level 3.0, 4:2:0, 8-bit
[stderr] [libx264 @ 0x156910540] 264 - core 164 r3108 31e19f9 - H.264/MPEG-4 AVC codec - Copyleft 2003-2023 - http://www.videolan.org/x264.html - options: cabac=1 ref=1 deblock=1:0:0 analyse=0x3:0x113 me=hex subme=2 psy=1 psy_rd=1.00:0.00 mixed_ref=0 me_range=16 chroma_me=1 trellis=0 8x8dct=1 cqm=0 deadzone=21,11 fast_pskip=1 chroma_qp_offset=0 threads=15 lookahead_threads=3 sliced_threads=0 nr=0 decimate=1 interlaced=0 bluray_compat=0 constrained_intra=0 bframes=3 b_pyramid=2 b_adapt=1 b_bias=0 direct=1 weightb=1 open_gop=0 weightp=1 keyint=250 keyint_min=25 scenecut=40 intra_refresh=0 rc_lookahead=10 rc=crf mbtree=1 crf=18.0 qcomp=0.60 qpmin=0 qpmax=69 qpstep=4 ip_ratio=1.40 aq=1:1.00
[stderr] Output #0, mp4, to '/Users/johndoe/Documents/company/video_ops/projects/abstract_algebra_in_proof_assistant/04-set-equality/takes/take-mrhmharr/pipeline/cut/cut-mrxmiptn/chunks/chunk-016.mp4':
[stderr]   Metadata:
[stderr]     major_brand     : qt  
[stderr]     minor_version   : 0
[stderr]     compatible_brands: qt  
[stderr]     encoder         : Lavf61.7.100
[stderr]   Stream #0:0(und): Video: h264 (avc1 / 0x31637661), yuv420p(tv, smpte170m/bt709/bt709, progressive), 640x480, q=2-31, 29.83 fps, 11456 tbn (default)
[stderr]       Metadata:
[stderr]         creation_time   : 2026-07-12T09:54:07.000000Z
[stderr]         handler_name    : Core Media Video
[stderr]         vendor_id       : [0][0][0][0]
[stderr]         encoder         : Lavc61.19.100 libx264
[stderr]       Side data:
[stderr]         cpb: bitrate max/min/avg: 0/0/0 buffer size: 0 vbv_delay: N/A
[stderr]   Stream #0:1(und): Audio: aac (LC) (mp4a / 0x6134706D), 48000 Hz, mono, fltp, 69 kb/s (default)
[stderr]       Metadata:
[stderr]         creation_time   : 2026-07-12T09:54:07.000000Z
[stderr]         handler_name    : Core Media Audio
[stderr]         vendor_id       : [0][0][0][0]
[stderr]         encoder         : Lavc61.19.100 aac
[stderr] frame=  122 fps= 48 q=24.0 size=    2304KiB time=00:00:04.02 bitrate=4692.5kbits/s speed= 1.6x    [stderr] [out#0/mp4 @ 0x156905910] video:4818KiB audio:70KiB subtitle:0KiB other streams:0KiB global headers:0KiB muxing overhead: 0.204910%
[stderr] frame=  243 fps= 91 q=-1.0 Lsize=    4898KiB time=00:00:08.11 bitrate=4946.3kbits/s speed=3.03x    
[stderr] [libx264 @ 0x156910540] frame I:1     Avg QP:19.14  size: 70061
[stderr] [libx264 @ 0x156910540] frame P:89    Avg QP:20.85  size: 37640
[stderr] [libx264 @ 0x156910540] frame B:153   Avg QP:25.24  size:  9890
[stderr] [libx264 @ 0x156910540] consecutive B-frames:  4.1% 31.3% 13.6% 51.0%
[stderr] [libx264 @ 0x156910540] mb I  I16..4: 20.0%  4.9% 75.1%
[stderr] [libx264 @ 0x156910540] mb P  I16..4:  9.1%  2.3%  3.4%  P16..4: 24.8% 22.6% 34.5%  0.0%  0.0%    skip: 3.3%
[stderr] [libx264 @ 0x156910540] mb B  I16..4:  2.0%  0.2%  0.0%  B16..8: 30.5% 16.2%  7.5%  direct:14.0%  skip:29.6%  L0:23.0% L1:32.1% BI:44.9%
[stderr] [libx264 @ 0x156910540] 8x8 transform intra:13.5% inter:25.9%
[stderr] [libx264 @ 0x156910540] coded y,uvDC,uvAC intra: 37.2% 34.2% 20.8% inter: 45.9% 19.7% 3.2%
[stderr] [libx264 @ 0x156910540] i16 v,h,dc,p: 81% 11%  7%  1%
[stderr] [libx264 @ 0x156910540] i8 v,h,dc,ddl,ddr,vr,hd,vl,hu: 25% 13% 28%  2%  9%  8%  7%  4%  5%
[stderr] [libx264 @ 0x156910540] i4 v,h,dc,ddl,ddr,vr,hd,vl,hu: 17% 16% 19%  4% 12%  8%  8%  7%  9%
[stderr] [libx264 @ 0x156910540] i8c dc,h,v,p: 77%  9% 11%  3%
[stderr] [libx264 @ 0x156910540] Weighted P-Frames: Y:14.6% UV:1.1%
[stderr] [libx264 @ 0x156910540] kb/s:4845.10
[stderr] [aac @ 0x15696f3c0] Qavg: 177.247
[stderr] ffmpeg version 7.1 Copyright (c) 2000-2024 the FFmpeg developers
[stderr]   built with Apple clang version 15.0.0 (clang-1500.1.0.2.5)
[stderr]   configuration: --prefix=/opt/homebrew/Cellar/ffmpeg/7.1_3 --enable-shared --enable-pthreads --enable-version3 --cc=clang --host-cflags= --host-ldflags='-Wl,-ld_classic' --enable-ffplay --enable-gnutls --enable-gpl --enable-libaom --enable-libaribb24 --enable-libbluray --enable-libdav1d --enable-libharfbuzz --enable-libjxl --enable-libmp3lame --enable-libopus --enable-librav1e --enable-librist --enable-librubberband --enable-libsnappy --enable-libsrt --enable-libssh --enable-libsvtav1 --enable-libtesseract --enable-libtheora --enable-libvidstab --enable-libvmaf --enable-libvorbis --enable-libvpx --enable-libwebp --enable-libx264 --enable-libx265 --enable-libxml2 --enable-libxvid --enable-lzma --enable-libfontconfig --enable-libfreetype --enable-frei0r --enable-libass --enable-libopencore-amrnb --enable-libopencore-amrwb --enable-libopenjpeg --enable-libspeex --enable-libsoxr --enable-libzmq --enable-libzimg --disable-libjack --disable-indev=jack --enable-videotoolbox --enable-audiotoolbox --enable-neon
[stderr]   libavutil      59. 39.100 / 59. 39.100
[stderr]   libavcodec     61. 19.100 / 61. 19.100
[stderr]   libavformat    61.  7.100 / 61.  7.100
[stderr]   libavdevice    61.  3.100 / 61.  3.100
[stderr]   libavfilter    10.  4.100 / 10.  4.100
[stderr]   libswscale      8.  3.100 /  8.  3.100
[stderr]   libswresample   5.  3.100 /  5.  3.100
[stderr]   libpostproc    58.  3.100 / 58.  3.100
[stderr] Input #0, mov,mp4,m4a,3gp,3g2,mj2, from '/Users/johndoe/Documents/company/video_ops/projects/abstract_algebra_in_proof_assistant/04-set-equality/takes/take-mrhmharr/source.mp4':
[stderr]   Metadata:
[stderr]     major_brand     : qt  
[stderr]     minor_version   : 0
[stderr]     compatible_brands: qt  
[stderr]     creation_time   : [stderr] 2026-07-12T09:54:07.000000Z
[stderr]   Duration: 00:06:08.94, start: 0.000000, bitrate: 2946 kb/s
[stderr]   Stream #0:0[0x1](und): Video: hevc (Main) (hvc1 / 0x31637668), yuv420p(tv, smpte170m/bt709/bt709), 640x480, 2834 kb/s, 29.95 fps, 29.83 tbr, 600 tbn (default)
[stderr]       Metadata:
[stderr]         creation_time   : 2026-07-12T09:54:07.000000Z
[stderr]         handler_name    : Core Media Video
[stderr]         vendor_id       : [0][0][0][0]
[stderr]         encoder         : HEVC
[stderr]       Side data:
[stderr]         displaymatrix: rotation of -180.00 degrees
[stderr]   Stream #0:1[0x2](und): Audio: aac (LC) (mp4a / 0x6134706D), 48000 Hz, mono, fltp, 100 kb/s (default)
[stderr]       Metadata:
[stderr]         creation_time   : 2026-07-12T09:54:07.000000Z
[stderr]         handler_name    : Core Media Audio
[stderr]         vendor_id       : [0][0][0][0]
[stderr]   Stream #0:2[0x3](und): Data: none (mebx / 0x7862656D) (default)
[stderr]       Metadata:
[stderr]         creation_time   : 2026-07-12T09:54:07.000000Z
[stderr]         handler_name    : Core Media Metadata
[stderr] Stream mapping:
[stderr]   Stream #0:0 -> #0:0 (hevc (native) -> h264 (libx264))
[stderr]   Stream #0:1 -> #0:1 (aac (native) -> aac (native))
[stderr] Press [q] to stop, [?] for help
[stderr] [libx264 @ 0x159f11d50] using cpu capabilities: ARMv8 NEON
[stderr] [libx264 @ 0x159f11d50] profile High, level 3.0, 4:2:0, 8-bit
[stderr] [libx264 @ 0x159f11d50] 264 - core 164 r3108 31e19f9 - H.264/MPEG-4 AVC codec - Copyleft 2003-2023 - http://www.videolan.org/x264.html - options: cabac=1 ref=1 deblock=1:0:0 analyse=0x3:0x113 me=hex subme=2 psy=1 psy_rd=1.00:0.00 mixed_ref=0 me_range=16 chroma_me=1 trellis=0 8x8dct=1 cqm=0 deadzone=21,11 fast_pskip=1 chroma_qp_offset=0 threads=15 lookahead_threads=3 sliced_threads=0 nr=0 decimate=1 interlaced=0 bluray_compat=0 constrained_intra=0 bframes=3 b_pyramid=2 b_adapt=1 b_bias=0 direct=1 weightb=1 open_gop=0 weightp=1 keyint=250 keyint_min=25 scenecut=40 intra_refresh=0 rc_lookahead=10 rc=crf mbtree=1 crf=18.0 qcomp=0.60 qpmin=0 qpmax=69 qpstep=4 ip_ratio=1.40 aq=1:1.00
[stderr] Output #0, mp4, to '/Users/johndoe/Documents/company/video_ops/projects/abstract_algebra_in_proof_assistant/04-set-equality/takes/take-mrhmharr/pipeline/cut/cut-mrxmiptn/chunks/chunk-017.mp4':
[stderr]   Metadata:
[stderr]     major_brand     : qt  
[stderr]     minor_version   : 0
[stderr]     compatible_brands: qt  
[stderr]     encoder         : Lavf61.7.100
[stderr]   Stream #0:0(und): Video: h264 (avc1 / 0x31637661), yuv420p(tv, smpte170m/bt709/bt709, progressive), 640x480, q=2-31, 29.83 fps, 11456 tbn (default)
[stderr]       Metadata:
[stderr]         creation_time   : 2026-07-12T09:54:07.000000Z
[stderr]         handler_name    : Core Media Video
[stderr]         vendor_id       : [0][0][0][0]
[stderr]         encoder         : Lavc61.19.100 libx264
[stderr]       Side data:
[stderr]         cpb: bitrate max/min/avg: 0/0/0 buffer size: 0 vbv_delay: N/A
[stderr]   Stream #0:1(und): Audio: aac (LC) (mp4a / 0x6134706D), 48000 Hz, mono, fltp, 69 kb/s (default)
[stderr]       Metadata:
[stderr]         creation_time   : 2026-07-12T09:54:07.000000Z
[stderr]         handler_name    : Core Media Audio
[stderr]         vendor_id       : [0][0][0][0]
[stderr]         encoder         : Lavc61.19.100 aac
[stderr] frame=   92 fps= 30 q=24.0 size=    1792KiB time=00:00:02.98 bitrate=4921.0kbits/s speed=0.986x    [stderr] frame=  282 fps= 80 q=24.0 size=    5632KiB time=00:00:09.38 bitrate=4915.9kbits/s dup=0 drop=1 speed=2.66x    [stderr] frame=  655 fps=163 q=24.0 size=   12032KiB time=00:00:21.85 bitrate=4510.1kbits/s dup=0 drop=3 speed=5.42x    [stderr] [out#0/mp4 @ 0x159f07200] video:13198KiB audio:215KiB subtitle:0KiB other streams:0KiB global headers:0KiB muxing overhead: 0.206682%
[stderr] frame=  747 fps=179 q=-1.0 Lsize=   13441KiB time=00:00:24.97 bitrate=4409.2kbits/s dup=0 drop=3 speed=   6x    
[stderr] [libx264 @ 0x159f11d50] frame I:3     Avg QP:18.69  size: 65594
[stderr] [libx264 @ 0x159f11d50] frame P:281   Avg QP:19.98  size: 31910
[stderr] [libx264 @ 0x159f11d50] frame B:463   Avg QP:24.17  size:  9396
[stderr] [libx264 @ 0x159f11d50] consecutive B-frames:  8.3% 24.1%  9.2% 58.4%
[stderr] [libx264 @ 0x159f11d50] mb I  I16..4: 13.6%  5.5% 80.9%
[stderr] [libx264 @ 0x159f11d50] mb P  I16..4: 12.5%  5.8%  5.6%  P16..4: 22.0% 20.2% 28.9%  0.0%  0.0%    skip: 5.1%
[stderr] [libx264 @ 0x159f11d50] mb B  I16..4:  2.7%  0.4%  0.1%  B16..8: 29.6% 15.6%  6.8%  direct:13.4%  skip:31.4%  L0:24.3% L1:31.3% BI:44.4%
[stderr] [libx264 @ 0x159f11d50] 8x8 transform intra:21.8% inter:28.8%
[stderr] [libx264 @ 0x159f11d50] coded y,uvDC,uvAC intra: 40.4% 43.0% 18.5% inter: 42.5% 20.3% 2.6%
[stderr] [libx264 @ 0x159f11d50] i16 v,h,dc,p: 75% 10% 12%  3%
[stderr] [libx264 @ 0x159f11d50] i8 v,h,dc,ddl,ddr,vr,hd,vl,hu: 22% 17% 28%  2%  8%  8%  5%  5%  5%
[stderr] [libx264 @ 0x159f11d50] i4 v,h,dc,ddl,ddr,vr,hd,vl,hu: 20% 15% 17%  3% 13% 10%  8%  6%  8%
[stderr] [libx264 @ 0x159f11d50] i8c dc,h,v,p: 68% 13% 15%  4%
[stderr] [libx264 @ 0x159f11d50] Weighted P-Frames: Y:10.0% UV:2.1%
[stderr] [libx264 @ 0x159f11d50] kb/s:4317.78
[stderr] [aac @ 0x139e13650] Qavg: 186.838
[stderr] ffmpeg version 7.1 Copyright (c) 2000-2024 the FFmpeg developers
[stderr]   built with Apple clang version 15.0.0 (clang-1500.1.0.2.5)
[stderr]   configuration: --prefix=/opt/homebrew/Cellar/ffmpeg/7.1_3 --enable-shared --enable-pthreads --enable-version3 --cc=clang --host-cflags= --host-ldflags='-Wl,-ld_classic' --enable-ffplay --enable-gnutls --enable-gpl --enable-libaom --enable-libaribb24 --enable-libbluray --enable-libdav1d --enable-libharfbuzz --enable-libjxl --enable-libmp3lame --enable-libopus --enable-librav1e --enable-librist --enable-librubberband --enable-libsnappy --enable-libsrt --enable-libssh --enable-libsvtav1 --enable-libtesseract --enable-libtheora --enable-libvidstab --enable-libvmaf --enable-libvorbis --enable-libvpx --enable-libwebp --enable-libx264 --enable-libx265 --enable-libxml2 --enable-libxvid --enable-lzma --enable-libfontconfig --enable-libfreetype --enable-frei0r --enable-libass --enable-libopencore-amrnb --enable-libopencore-amrwb --enable-libopenjpeg --enable-libspeex --enable-libsoxr --enable-libzmq --enable-libzimg --disable-libjack --disable-indev=jack --enable-videotoolbox --enable-audiotoolbox --enable-neon
[stderr]   libavutil      59. 39.100 / 59. 39.100
[stderr]   libavcodec     61. 19.100 / 61. 19.100
[stderr]   libavformat    61.  7.100 / 61.  7.100
[stderr]   libavdevice    61.  3.100 / 61.  3.100
[stderr]   libavfilter    10.  4.100 / 10.  4.100
[stderr]   libswscale      8.  3.100 /  8.  3.100
[stderr]   libswresample   5.  3.100 /  5.  3.100
[stderr]   libpostproc    58.  3.100 / 58.  3.100
[stderr] Input #0, mov,mp4,m4a,3gp,3g2,mj2, from '/Users/johndoe/Documents/company/video_ops/projects/abstract_algebra_in_proof_assistant/04-set-equality/takes/take-mrhmharr/source.mp4':
[stderr]   Metadata:
[stderr]     major_brand     : qt  
[stderr]     minor_version   : 0
[stderr]     compatible_brands: qt  
[stderr]     creation_time   : 2026-07-12T09:54:07.000000Z
[stderr]   Duration: 00:06:08.94[stderr] , start: 0.000000, bitrate: 2946 kb/s
[stderr]   Stream #0:0[0x1](und): Video: hevc (Main) (hvc1 / 0x31637668), yuv420p(tv, smpte170m/bt709/bt709), 640x480, 2834 kb/s, 29.95 fps, 29.83 tbr, 600 tbn (default)
[stderr]       Metadata:
[stderr]         creation_time   : 2026-07-12T09:54:07.000000Z
[stderr]         handler_name    : Core Media Video
[stderr]         vendor_id       : [0][0][0][0]
[stderr]         encoder         : HEVC
[stderr]       Side data:
[stderr]         displaymatrix: rotation of -180.00 degrees
[stderr]   Stream #0:1[0x2](und): Audio: aac (LC) (mp4a / 0x6134706D), 48000 Hz, mono, fltp, 100 kb/s (default)
[stderr]       Metadata:
[stderr]         creation_time   : 2026-07-12T09:54:07.000000Z
[stderr]         handler_name    : Core Media Audio
[stderr]         vendor_id       : [0][0][0][0]
[stderr]   Stream #0:2[0x3](und): Data: none (mebx / 0x7862656D) (default)
[stderr]       Metadata:
[stderr]         creation_time   : 2026-07-12T09:54:07.000000Z
[stderr]         handler_name    : Core Media Metadata
[stderr] Stream mapping:
[stderr]   Stream #0:0 -> #0:0 (hevc (native) -> h264 (libx264))
[stderr]   Stream #0:1 -> #0:1 (aac (native) -> aac (native))
[stderr] Press [q] to stop, [?] for help
[stderr] [libx264 @ 0x113605190] using cpu capabilities: ARMv8 NEON
[stderr] [libx264 @ 0x113605190] profile High, level 3.0, 4:2:0, 8-bit
[stderr] [libx264 @ 0x113605190] 264 - core 164 r3108 31e19f9 - H.264/MPEG-4 AVC codec - Copyleft 2003-2023 - http://www.videolan.org/x264.html - options: cabac=1 ref=1 deblock=1:0:0 analyse=0x3:0x113 me=hex subme=2 psy=1 psy_rd=1.00:0.00 mixed_ref=0 me_range=16 chroma_me=1 trellis=0 8x8dct=1 cqm=0 deadzone=21,11 fast_pskip=1 chroma_qp_offset=0 threads=15 lookahead_threads=3 sliced_threads=0 nr=0 decimate=1 interlaced=0 bluray_compat=0 constrained_intra=0 bframes=3 b_pyramid=2 b_adapt=1 b_bias=0 direct=1 weightb=1 open_gop=0 weightp=1 keyint=250 keyint_min=25 scenecut=40 intra_refresh=0 rc_lookahead=10 rc=crf mbtree=1 crf=18.0 qcomp=0.60 qpmin=0 qpmax=69 qpstep=4 ip_ratio=1.40 aq=1:1.00
[stderr] Output #0, mp4, to '/Users/johndoe/Documents/company/video_ops/projects/abstract_algebra_in_proof_assistant/04-set-equality/takes/take-mrhmharr/pipeline/cut/cut-mrxmiptn/chunks/chunk-018.mp4':
[stderr]   Metadata:
[stderr]     major_brand     : qt  
[stderr]     minor_version   : 0
[stderr]     compatible_brands: qt  
[stderr]     encoder         : Lavf61.7.100
[stderr]   Stream #0:0(und): Video: h264 (avc1 / 0x31637661), yuv420p(tv, smpte170m/bt709/bt709, progressive), 640x480, q=2-31, 29.83 fps, 11456 tbn (default)
[stderr]       Metadata:
[stderr]         creation_time   : 2026-07-12T09:54:07.000000Z
[stderr]         handler_name    : Core Media Video
[stderr]         vendor_id       : [0][0][0][0]
[stderr]         encoder         : Lavc61.19.100 libx264
[stderr]       Side data:
[stderr]         cpb: bitrate max/min/avg: 0/0/0 buffer size: 0 vbv_delay: N/A
[stderr]   Stream #0:1(und): Audio: aac (LC) (mp4a / 0x6134706D), 48000 Hz, mono, fltp, 69 kb/s (default)
[stderr]       Metadata:
[stderr]         creation_time   : 2026-07-12T09:54:07.000000Z
[stderr]         handler_name    : Core Media Audio
[stderr]         vendor_id       : [0][0][0][0]
[stderr]         encoder         : Lavc61.19.100 aac
[stderr] [out#0/mp4 @ 0x1136041c0] video:1056KiB audio:23KiB subtitle:0KiB other streams:0KiB global headers:0KiB muxing overhead: 0.388547%
[stderr] frame=   81 fps= 29 q=-1.0 Lsize=    1084KiB time=00:00:02.64 bitrate=3353.3kbits/s speed=0.936x    
[stderr] [libx264 @ 0x113605190] frame I:1     Avg QP:19.30  size: 34573
[stderr] [libx264 @ 0x113605190] frame P:36    Avg QP:19.85  size: 21219
[stderr] [libx264 @ 0x113605190] frame B:44    Avg QP:21.91  size:  6424
[stderr] [libx264 @ 0x113605190] consecutive B-frames: 21.0% 12.3% 22.2% 44.4%
[stderr] [libx264 @ 0x113605190] mb I  I16..4: 14.2% 43.2% 42.5%
[stderr] [libx264 @ 0x113605190] mb P  I16..4:  9.7% 18.9%  4.0%  P16..4: 25.0% 18.3% 20.2%  0.0%  0.0%    skip: 3.9%
[stderr] [libx264 @ 0x113605190] mb B  I16..4:  2.9%  2.4%  0.1%  B16..8: 33.6% 14.6%  4.4%  direct:14.1%  skip:28.0%  L0:29.9% L1:33.6% BI:36.5%
[stderr] [libx264 @ 0x113605190] 8x8 transform intra:54.9% inter:30.0%
[stderr] [libx264 @ 0x113605190] coded y,uvDC,uvAC intra: 49.6% 65.6% 12.5% inter: 33.4% 24.4% 1.6%
[stderr] [libx264 @ 0x113605190] i16 v,h,dc,p: 23% 34% 29% 14%
[stderr] [libx264 @ 0x113605190] i8 v,h,dc,ddl,ddr,vr,hd,vl,hu: 14% 26% 35%  2%  5%  3%  5%  3%  6%
[stderr] [libx264 @ 0x113605190] i4 v,h,dc,ddl,ddr,vr,hd,vl,hu: 19% 16% 20%  4% 12%  9%  7%  5%  7%
[stderr] [libx264 @ 0x113605190] i8c dc,h,v,p: 50% 26% 18%  6%
[stderr] [libx264 @ 0x113605190] Weighted P-Frames: Y:2.8% UV:0.0%
[stderr] [libx264 @ 0x113605190] kb/s:3185.50
[stderr] [aac @ 0x11366a540] Qavg: 142.667
[stderr] ffmpeg version 7.1 Copyright (c) 2000-2024 the FFmpeg developers
[stderr]   built with Apple clang version 15.0.0 (clang-1500.1.0.2.5)
[stderr]   configuration: --prefix=/opt/homebrew/Cellar/ffmpeg/7.1_3 --enable-shared --enable-pthreads --enable-version3 --cc=clang --host-cflags= --host-ldflags='-Wl,-ld_classic' --enable-ffplay --enable-gnutls --enable-gpl --enable-libaom --enable-libaribb24 --enable-libbluray --enable-libdav1d --enable-libharfbuzz --enable-libjxl --enable-libmp3lame --enable-libopus --enable-librav1e --enable-librist --enable-librubberband --enable-libsnappy --enable-libsrt --enable-libssh --enable-libsvtav1 --enable-libtesseract --enable-libtheora --enable-libvidstab --enable-libvmaf --enable-libvorbis --enable-libvpx --enable-libwebp --enable-libx264 --enable-libx265 --enable-libxml2 --enable-libxvid --enable-lzma --enable-libfontconfig --enable-libfreetype --enable-frei0r --enable-libass --enable-libopencore-amrnb --enable-libopencore-amrwb --enable-libopenjpeg --enable-libspeex --enable-libsoxr --enable-libzmq --enable-libzimg --disable-libjack --disable-indev=jack --enable-videotoolbox --enable-audiotoolbox --enable-neon
[stderr]   libavutil      59. 39.100 / 59. 39.100
[stderr]   libavcodec     61. 19.100 / 61. 19.100
[stderr]   libavformat    61.  7.100 / 61.  7.100
[stderr]   libavdevice    61.  3.100 / 61.  3.100
[stderr]   libavfilter    10.  4.100 / 10.  4.100
[stderr]   libswscale      8.  3.100 /  8.  3.100
[stderr]   libswresample   5.  3.100 /  5.  3.100
[stderr]   libpostproc    58.  3.100 / 58.  3.100
[stderr] Input #0, mov,mp4,m4a,3gp,3g2,mj2, from '/Users/johndoe/Documents/company/video_ops/projects/abstract_algebra_in_proof_assistant/04-set-equality/takes/take-mrhmharr/source.mp4':
[stderr]   Metadata:
[stderr]     major_brand     : qt  
[stderr]     minor_version   : 0
[stderr]     compatible_brands: qt  
[stderr]     creation_time   : 2026-07-12T09:54:07.000000Z
[stderr]   Duration: 00:06:08.94, start: [stderr] 0.000000, bitrate: 2946 kb/s
[stderr]   Stream #0:0[0x1](und): Video: hevc (Main) (hvc1 / 0x31637668), yuv420p(tv, smpte170m/bt709/bt709), 640x480, 2834 kb/s, 29.95 fps, 29.83 tbr, 600 tbn (default)
[stderr]       Metadata:
[stderr]         creation_time   : 2026-07-12T09:54:07.000000Z
[stderr]         handler_name    : Core Media Video
[stderr]         vendor_id       : [0][0][0][0]
[stderr]         encoder         : HEVC
[stderr]       Side data:
[stderr]         displaymatrix: rotation of -180.00 degrees
[stderr]   Stream #0:1[0x2](und): Audio: aac (LC) (mp4a / 0x6134706D), 48000 Hz, mono, fltp, 100 kb/s (default)
[stderr]       Metadata:
[stderr]         creation_time   : 2026-07-12T09:54:07.000000Z
[stderr]         handler_name    : Core Media Audio
[stderr]         vendor_id       : [0][0][0][0]
[stderr]   Stream #0:2[0x3](und): Data: none (mebx / 0x7862656D) (default)
[stderr]       Metadata:
[stderr]         creation_time   : 2026-07-12T09:54:07.000000Z
[stderr]         handler_name    : Core Media Metadata
[stderr] Stream mapping:
[stderr]   Stream #0:0 -> #0:0 (hevc (native) -> h264 (libx264))
[stderr]   Stream #0:1 -> #0:1 (aac (native) -> aac (native))
[stderr] Press [q] to stop, [?] for help
[stderr] [libx264 @ 0x136635440] using cpu capabilities: ARMv8 NEON
[stderr] [libx264 @ 0x136635440] profile High, level 3.0, 4:2:0, 8-bit
[stderr] [libx264 @ 0x136635440] 264 - core 164 r3108 31e19f9 - H.264/MPEG-4 AVC codec - Copyleft 2003-2023 - http://www.videolan.org/x264.html - options: cabac=1 ref=1 deblock=1:0:0 analyse=0x3:0x113 me=hex subme=2 psy=1 psy_rd=1.00:0.00 mixed_ref=0 me_range=16 chroma_me=1 trellis=0 8x8dct=1 cqm=0 deadzone=21,11 fast_pskip=1 chroma_qp_offset=0 threads=15 lookahead_threads=3 sliced_threads=0 nr=0 decimate=1 interlaced=0 bluray_compat=0 constrained_intra=0 bframes=3 b_pyramid=2 b_adapt=1 b_bias=0 direct=1 weightb=1 open_gop=0 weightp=1 keyint=250 keyint_min=25 scenecut=40 intra_refresh=0 rc_lookahead=10 rc=crf mbtree=1 crf=18.0 qcomp=0.60 qpmin=0 qpmax=69 qpstep=4 ip_ratio=1.40 aq=1:1.00
[stderr] Output #0, mp4, to '/Users/johndoe/Documents/company/video_ops/projects/abstract_algebra_in_proof_assistant/04-set-equality/takes/take-mrhmharr/pipeline/cut/cut-mrxmiptn/chunks/chunk-019.mp4':
[stderr]   Metadata:
[stderr]     major_brand     : qt  
[stderr]     minor_version   : 0
[stderr]     compatible_brands: qt  
[stderr]     encoder         : Lavf61.7.100
[stderr]   Stream #0:0(und): Video: h264 (avc1 / 0x31637661), yuv420p(tv, smpte170m/bt709/bt709, progressive), 640x480, q=2-31, 29.83 fps, 11456 tbn (default)
[stderr]       Metadata:
[stderr]         creation_time   : 2026-07-12T09:54:07.000000Z
[stderr]         handler_name    : Core Media Video
[stderr]         vendor_id       : [0][0][0][0]
[stderr]         encoder         : Lavc61.19.100 libx264
[stderr]       Side data:
[stderr]         cpb: bitrate max/min/avg: 0/0/0 buffer size: 0 vbv_delay: N/A
[stderr]   Stream #0:1(und): Audio: aac (LC) (mp4a / 0x6134706D), 48000 Hz, mono, fltp, 69 kb/s (default)
[stderr]       Metadata:
[stderr]         creation_time   : 2026-07-12T09:54:07.000000Z
[stderr]         handler_name    : Core Media Audio
[stderr]         vendor_id       : [0][0][0][0]
[stderr]         encoder         : Lavc61.19.100 aac
[stderr] frame=  191 fps= 63 q=24.0 size=    2560KiB time=00:00:06.30 bitrate=3328.0kbits/s speed=2.08x    [stderr] [out#0/mp4 @ 0x1366346a0] video:5729KiB audio:94KiB subtitle:0KiB other streams:0KiB global headers:0KiB muxing overhead: 0.217561%
[stderr] frame=  328 fps=103 q=-1.0 Lsize=    5835KiB time=00:00:10.92 bitrate=4374.7kbits/s speed=3.42x    
[stderr] [libx264 @ 0x136635440] frame I:2     Avg QP:18.53  size: 52744
[stderr] [libx264 @ 0x136635440] frame P:164   Avg QP:20.59  size: 27045
[stderr] [libx264 @ 0x136635440] frame B:162   Avg QP:23.18  size:  8178
[stderr] [libx264 @ 0x136635440] consecutive B-frames: 24.4% 26.2%  9.1% 40.2%
[stderr] [libx264 @ 0x136635440] mb I  I16..4: 13.9% 27.6% 58.5%
[stderr] [libx264 @ 0x136635440] mb P  I16..4:  7.9% 10.9%  3.4%  P16..4: 27.6% 21.2% 25.4%  0.0%  0.0%    skip: 3.5%
[stderr] [libx264 @ 0x136635440] mb B  I16..4:  1.9%  0.9%  0.1%  B16..8: 32.2% 15.1%  6.4%  direct:13.5%  skip:29.9%  L0:26.1% L1:32.2% BI:41.7%
[stderr] [libx264 @ 0x136635440] 8x8 transform intra:46.0% inter:26.1%
[stderr] [libx264 @ 0x136635440] coded y,uvDC,uvAC intra: 50.0% 55.2% 15.8% inter: 42.5% 25.7% 3.1%
[stderr] [libx264 @ 0x136635440] i16 v,h,dc,p: 57% 18% 15% 10%
[stderr] [libx264 @ 0x136635440] i8 v,h,dc,ddl,ddr,vr,hd,vl,hu: 21% 21% 30%  2%  6%  5%  6%  4%  6%
[stderr] [libx264 @ 0x136635440] i4 v,h,dc,ddl,ddr,vr,hd,vl,hu: 17% 17% 21%  4% 12%  8%  8%  6%  8%
[stderr] [libx264 @ 0x136635440] i8c dc,h,v,p: 58% 20% 18%  4%
[stderr] [libx264 @ 0x136635440] Weighted P-Frames: Y:7.3% UV:0.6%
[stderr] [libx264 @ 0x136635440] kb/s:4268.18
[stderr] [aac @ 0x13669bc00] Qavg: 167.237
[stderr] ffmpeg version 7.1 Copyright (c) 2000-2024 the FFmpeg developers
[stderr]   built with Apple clang version 15.0.0 (clang-1500.1.0.2.5)
[stderr]   configuration: --prefix=/opt/homebrew/Cellar/ffmpeg/7.1_3 --enable-shared --enable-pthreads --enable-version3 --cc=clang --host-cflags= --host-ldflags='-Wl,-ld_classic' --enable-ffplay --enable-gnutls --enable-gpl --enable-libaom --enable-libaribb24 --enable-libbluray --enable-libdav1d --enable-libharfbuzz --enable-libjxl --enable-libmp3lame --enable-libopus --enable-librav1e --enable-librist --enable-librubberband --enable-libsnappy --enable-libsrt --enable-libssh --enable-libsvtav1 --enable-libtesseract --enable-libtheora --enable-libvidstab --enable-libvmaf --enable-libvorbis --enable-libvpx --enable-libwebp --enable-libx264 --enable-libx265 --enable-libxml2 --enable-libxvid --enable-lzma --enable-libfontconfig --enable-libfreetype --enable-frei0r --enable-libass --enable-libopencore-amrnb --enable-libopencore-amrwb --enable-libopenjpeg --enable-libspeex --enable-libsoxr --enable-libzmq --enable-libzimg --disable-libjack --disable-indev=jack --enable-videotoolbox --enable-audiotoolbox --enable-neon
[stderr]   libavutil      59. 39.100 / 59. 39.100
[stderr]   libavcodec     61. 19.100 / 61. 19.100
[stderr]   libavformat    61.  7.100 / 61.  7.100
[stderr]   libavdevice    61.  3.100 / 61.  3.100
[stderr]   libavfilter    10.  4.100 / 10.  4.100
[stderr]   libswscale      8.  3.100 /  8.  3.100
[stderr]   libswresample   5.  3.100 /  5.  3.100
[stderr]   libpostproc    58.  3.100 / 58.  3.100
[stderr] Input #0, mov,mp4,m4a,3gp,3g2,mj2, from '/Users/johndoe/Documents/company/video_ops/projects/abstract_algebra_in_proof_assistant/04-set-equality/takes/take-mrhmharr/source.mp4':
[stderr]   Metadata:
[stderr]     major_brand     : qt  
[stderr]     minor_version   : 0
[stderr]     compatible_brands: qt  
[stderr]     creation_time   : 2026-07-12T09:54:07.000000Z
[stderr]   Duration: 00:06:08.94, start: 0.000000, bitrate: 2946 kb/s
[stderr]   Stream #0:0[0x1](und): Video: hevc (Main) (hvc1 / 0x31637668), yuv420p(tv, smpte170m/bt709/bt709), 640x480, 2834 kb/s, 29.95 fps, 29.83 tbr, 600 tbn (default)
[stderr]       Metadata:
[stderr]         creation_time   : 2026-07-12T09:54:07.000000Z
[stderr]         handler_name    : Core Media Video
[stderr]         vendor_id       : [0][0][0][0]
[stderr]         encoder         : HEVC
[stderr]       Side data:
[stderr]         displaymatrix: rotation of -180.00 degrees
[stderr]   Stream #0:1[0x2](und): Audio: aac (LC) (mp4a / 0x6134706D), 48000 Hz, mono, fltp, 100 kb/s (default)
[stderr]       Metadata:
[stderr]         creation_time   : 2026-07-12T09:54:07.000000Z
[stderr]         handler_name    : Core Media Audio
[stderr]         vendor_id       : [0][0][0][0]
[stderr]   Stream #0:2[0x3](und): Data: none (mebx / 0x7862656D) (default)
[stderr]       Metadata:
[stderr]         creation_time   : 2026-07-12T09:54:07.000000Z
[stderr]         handler_name    : Core Media Metadata
[stderr] Stream mapping:
[stderr]   Stream #0:0 -> #0:0[stderr]  (hevc (native) -> h264 (libx264))
[stderr]   Stream #0:1 -> #0:1 (aac (native) -> aac (native))
[stderr] Press [q] to stop, [?] for help
[stderr] [libx264 @ 0x13ce0f1f0] using cpu capabilities: ARMv8 NEON
[stderr] [libx264 @ 0x13ce0f1f0] profile High, level 3.0, 4:2:0, 8-bit
[stderr] [libx264 @ 0x13ce0f1f0] [stderr] 264 - core 164 r3108 31e19f9 - H.264/MPEG-4 AVC codec - Copyleft 2003-2023 - http://www.videolan.org/x264.html - options: cabac=1 ref=1 deblock=1:0:0 analyse=0x3:0x113 me=hex subme=2 psy=1 psy_rd=1.00:0.00 mixed_ref=0 me_range=16 chroma_me=1 trellis=0 8x8dct=1 cqm=0 deadzone=21,11 fast_pskip=1 chroma_qp_offset=0 threads=15 lookahead_threads=3 sliced_threads=0 nr=0 decimate=1 interlaced=0 bluray_compat=0 constrained_intra=0 bframes=3 b_pyramid=2 b_adapt=1 b_bias=0 direct=1 weightb=1 open_gop=0 weightp=1 keyint=250 keyint_min=25 scenecut=40 intra_refresh=0 rc_lookahead=10 rc=crf mbtree=1 crf=18.0 qcomp=0.60 qpmin=0 qpmax=69 qpstep=4 ip_ratio=1.40 aq=1:1.00
[stderr] Output #0, mp4, to '/Users/johndoe/Documents/company/video_ops/projects/abstract_algebra_in_proof_assistant/04-set-equality/takes/take-mrhmharr/pipeline/cut/cut-mrxmiptn/chunks/chunk-020.mp4':
[stderr]   Metadata:
[stderr]     major_brand     : qt  
[stderr]     minor_version   : 0
[stderr]     compatible_brands: qt  
[stderr]     encoder         : Lavf61.7.100
[stderr]   Stream #0:0(und): Video: h264 (avc1 / 0x31637661), yuv420p(tv, smpte170m/bt709/bt709, progressive), 640x480, q=2-31, 29.83 fps, 11456 tbn (default)
[stderr]       Metadata:
[stderr]         creation_time   : 2026-07-12T09:54:07.000000Z
[stderr]         handler_name    : Core Media Video
[stderr]         vendor_id       : [0][0][0][0]
[stderr]         encoder         : Lavc61.19.100 libx264
[stderr]       Side data:
[stderr]         cpb: bitrate max/min/avg: 0/0/0 buffer size: 0 vbv_delay: N/A
[stderr]   Stream #0:1(und): Audio: aac (LC) (mp4a / 0x6134706D), 48000 Hz, mono, fltp, 69 kb/s (default)
[stderr]       Metadata:
[stderr]         creation_time   : 2026-07-12T09:54:07.000000Z
[stderr]         handler_name    : Core Media Audio
[stderr]         vendor_id       : [0][0][0][0]
[stderr]         encoder         : Lavc61.19.100 aac
[stderr] frame=    9 fps=2.6 q=24.0 size=       0KiB time=00:00:00.23 bitrate=   1.6kbits/s speed=0.0665x    [stderr] [out#0/mp4 @ 0x13ce04590] video:4090KiB audio:47KiB subtitle:0KiB other streams:0KiB global headers:0KiB muxing overhead: 0.175277%
[stderr] frame=  164 fps= 44 q=-1.0 Lsize=    4144KiB time=00:00:05.43 bitrate=6251.0kbits/s speed=1.45x    
[stderr] [libx264 @ 0x13ce0f1f0] frame I:1     Avg QP:21.48  size: 50026
[stderr] [libx264 @ 0x13ce0f1f0] frame P:48    Avg QP:22.55  size: 42095
[stderr] [libx264 @ 0x13ce0f1f0] frame B:115   Avg QP:25.03  size: 18404
[stderr] [libx264 @ 0x13ce0f1f0] consecutive B-frames:  3.7%  6.1%  7.3% 82.9%
[stderr] [libx264 @ 0x13ce0f1f0] mb I  I16..4:  8.2%  9.9% 81.9%
[stderr] [libx264 @ 0x13ce0f1f0] mb P  I16..4:  4.5%  7.9% 25.0%  P16..4: 15.4% 18.4% 28.1%  0.0%  0.0%    skip: 0.8%
[stderr] [libx264 @ 0x13ce0f1f0] mb B  I16..4:  1.3%  0.6%  0.8%  B16..8: 30.6% 20.2% 12.5%  direct:20.1%  skip:14.0%  L0:31.7% L1:32.1% BI:36.2%
[stderr] [libx264 @ 0x13ce0f1f0] 8x8 transform intra:20.8% inter:32.3%
[stderr] [libx264 @ 0x13ce0f1f0] coded y,uvDC,uvAC intra: 81.9% 70.9% 40.5% inter: 58.0% 26.3% 2.4%
[stderr] [libx264 @ 0x13ce0f1f0] i16 v,h,dc,p: 65% 17% 13%  5%
[stderr] [libx264 @ 0x13ce0f1f0] i8 v,h,dc,ddl,ddr,vr,hd,vl,hu: 22% 17% 18%  3%  9%  8%  8%  7%  8%
[stderr] [libx264 @ 0x13ce0f1f0] i4 v,h,dc,ddl,ddr,vr,hd,vl,hu: 17% 17% 15%  4% 13%  9%  9%  7% 10%
[stderr] [libx264 @ 0x13ce0f1f0] i8c dc,h,v,p: 52% 19% 20%  9%
[stderr] [libx264 @ 0x13ce0f1f0] Weighted P-Frames: Y:25.0% UV:6.2%
[stderr] [libx264 @ 0x13ce0f1f0] kb/s:6093.31
[stderr] [aac @ 0x13ce6e070] Qavg: 135.788
[stderr] ffmpeg version 7.1 Copyright (c) 2000-2024 the FFmpeg developers
[stderr]   built with Apple clang version 15.0.0 (clang-1500.1.0.2.5)
[stderr]   configuration: --prefix=/opt/homebrew/Cellar/ffmpeg/7.1_3 --enable-shared --enable-pthreads --enable-version3 --cc=clang --host-cflags= --host-ldflags='-Wl,-ld_classic' --enable-ffplay --enable-gnutls --enable-gpl --enable-libaom --enable-libaribb24 --enable-libbluray --enable-libdav1d --enable-libharfbuzz --enable-libjxl --enable-libmp3lame --enable-libopus --enable-librav1e --enable-librist --enable-librubberband --enable-libsnappy --enable-libsrt --enable-libssh --enable-libsvtav1 --enable-libtesseract --enable-libtheora --enable-libvidstab --enable-libvmaf --enable-libvorbis --enable-libvpx --enable-libwebp --enable-libx264 --enable-libx265 --enable-libxml2 --enable-libxvid --enable-lzma --enable-libfontconfig --enable-libfreetype --enable-frei0r --enable-libass --enable-libopencore-amrnb --enable-libopencore-amrwb --enable-libopenjpeg --enable-libspeex --enable-libsoxr --enable-libzmq --enable-libzimg --disable-libjack --disable-indev=jack --enable-videotoolbox --enable-audiotoolbox --enable-neon
[stderr]   libavutil      59. 39.100 / 59. 39.100
[stderr]   libavcodec     61. 19.100 / 61. 19.100
[stderr]   libavformat    61.  7.100 / 61.  7.100
[stderr]   libavdevice    61.  3.100 / 61.  3.100
[stderr]   libavfilter    10.  4.100 / 10.  4.100
[stderr]   libswscale      8.  3.100 /  8.  3.100
[stderr]   libswresample   5.  3.100 /  5.  3.100
[stderr]   libpostproc    58.  3.100 / 58.  3.100
[stderr] Input #0, mov,mp4,m4a,3gp,3g2,mj2, from '/Users/johndoe/Documents/company/video_ops/projects/abstract_algebra_in_proof_assistant/04-set-equality/takes/take-mrhmharr/source.mp4':
[stderr]   Metadata:
[stderr]     major_brand     : qt  
[stderr]     minor_version   : 0
[stderr]     compatible_brands: qt  
[stderr]     creation_time   : [stderr] 2026-07-12T09:54:07.000000Z
[stderr]   Duration: 00:06:08.94, start: 0.000000, bitrate: 2946 kb/s
[stderr]   Stream #0:0[0x1](und): Video: hevc (Main) (hvc1 / 0x31637668), yuv420p(tv, smpte170m/bt709/bt709), 640x480, 2834 kb/s, 29.95 fps, 29.83 tbr, 600 tbn (default)
[stderr]       Metadata:
[stderr]         creation_time   : 2026-07-12T09:54:07.000000Z
[stderr]         handler_name    : Core Media Video
[stderr]         vendor_id       : [0][0][0][0]
[stderr]         encoder         : HEVC
[stderr]       Side data:
[stderr]         displaymatrix: rotation of -180.00 degrees
[stderr]   Stream #0:1[0x2](und): Audio: aac (LC) (mp4a / 0x6134706D), 48000 Hz, mono, fltp, 100 kb/s (default)
[stderr]       Metadata:
[stderr]         creation_time   : 2026-07-12T09:54:07.000000Z
[stderr]         handler_name    : Core Media Audio
[stderr]         vendor_id       : [0][0][0][0]
[stderr]   Stream #0:2[0x3](und): Data: none (mebx / 0x7862656D) (default)
[stderr]       Metadata:
[stderr]         creation_time   : 2026-07-12T09:54:07.000000Z
[stderr]         handler_name    : Core Media Metadata
[stderr] Stream mapping:
[stderr]   Stream #0:0 -> #0:0 (hevc (native) -> h264 (libx264))
[stderr]   Stream #0:1 -> #0:1 (aac (native) -> aac (native))
[stderr] Press [q] to stop, [?] for help
[stderr] [libx264 @ 0x12ce0e160] using cpu capabilities: ARMv8 NEON
[stderr] [libx264 @ 0x12ce0e160] profile High, level 3.0, 4:2:0, 8-bit
[stderr] [libx264 @ 0x12ce0e160] 264 - core 164 r3108 31e19f9 - H.264/MPEG-4 AVC codec - Copyleft 2003-2023 - http://www.videolan.org/x264.html - options: cabac=1 ref=1 deblock=1:0:0 analyse=0x3:0x113 me=hex subme=2 psy=1 psy_rd=1.00:0.00 mixed_ref=0 me_range=16 chroma_me=1 trellis=0 8x8dct=1 cqm=0 deadzone=21,11 fast_pskip=1 chroma_qp_offset=0 threads=15 lookahead_threads=3 sliced_threads=0 nr=0 decimate=1 interlaced=0 bluray_compat=0 constrained_intra=0 bframes=3 b_pyramid=2 b_adapt=1 b_bias=0 direct=1 weightb=1 open_gop=0 weightp=1 keyint=250 keyint_min=25 scenecut=40 intra_refresh=0 rc_lookahead=10 rc=crf mbtree=1 crf=18.0 qcomp=0.60 qpmin=0 qpmax=69 qpstep=4 ip_ratio=1.40 aq=1:1.00
[stderr] Output #0, mp4, to '/Users/johndoe/Documents/company/video_ops/projects/abstract_algebra_in_proof_assistant/04-set-equality/takes/take-mrhmharr/pipeline/cut/cut-mrxmiptn/chunks/chunk-021.mp4':
[stderr]   Metadata:
[stderr]     major_brand     : qt  
[stderr]     minor_version   : 0
[stderr]     compatible_brands: qt  
[stderr]     encoder         : Lavf61.7.100
[stderr]   Stream #0:0(und): Video: h264 (avc1 / 0x31637661), yuv420p(tv, smpte170m/bt709/bt709, progressive), 640x480, q=2-31, 29.83 fps, 11456 tbn (default)
[stderr]       Metadata:
[stderr]         creation_time   : 2026-07-12T09:54:07.000000Z
[stderr]         handler_name    : Core Media Video
[stderr]         vendor_id       : [0][0][0][0]
[stderr]         encoder         : Lavc61.19.100 libx264
[stderr]       Side data:
[stderr]         cpb: bitrate max/min/avg: 0/0/0 buffer size: 0 vbv_delay: N/A
[stderr]   Stream #0:1(und): Audio: aac (LC) (mp4a / 0x6134706D), 48000 Hz, mono, fltp, 69 kb/s (default)
[stderr]       Metadata:
[stderr]         creation_time   : 2026-07-12T09:54:07.000000Z
[stderr]         handler_name    : Core Media Audio
[stderr]         vendor_id       : [0][0][0][0]
[stderr]         encoder         : Lavc61.19.100 aac
[stderr] frame=    7 fps=2.3 q=24.0 size=       0KiB time=00:00:00.20 bitrate=   1.9kbits/s speed=0.0667x    [stderr] [out#0/mp4 @ 0x12ce0d330] video:5298KiB audio:52KiB subtitle:0KiB other streams:0KiB global headers:0KiB muxing overhead: 0.145662%
[stderr] frame=  180 fps= 55 q=-1.0 Lsize=    5358KiB time=00:00:06.00 bitrate=7315.2kbits/s speed=1.84x    
[stderr] [libx264 @ 0x12ce0e160] frame I:3     Avg QP:22.07  size: 50073
[stderr] [libx264 @ 0x12ce0e160] frame P:60    Avg QP:23.94  size: 41424
[stderr] [libx264 @ 0x12ce0e160] frame B:117   Avg QP:26.01  size: 23834
[stderr] [libx264 @ 0x12ce0e160] consecutive B-frames:  9.4% 10.0%  5.0% 75.6%
[stderr] [libx264 @ 0x12ce0e160] mb I  I16..4:  2.2% 10.4% 87.4%
[stderr] [libx264 @ 0x12ce0e160] mb P  I16..4:  2.2%  8.4% 33.2%  P16..4: 14.9% 15.5% 25.2%  0.0%  0.0%    skip: 0.6%
[stderr] [libx264 @ 0x12ce0e160] mb B  I16..4:  0.8%  1.4%  3.5%  B16..8: 28.2% 22.2% 18.5%  direct:17.6%  skip: 7.8%  L0:31.6% L1:32.1% BI:36.3%
[stderr] [libx264 @ 0x12ce0e160] 8x8 transform intra:19.6% inter:35.4%
[stderr] [libx264 @ 0x12ce0e160] coded y,uvDC,uvAC intra: 91.2% 73.4% 36.8% inter: 67.0% 30.9% 2.5%
[stderr] [libx264 @ 0x12ce0e160] i16 v,h,dc,p: 38% 23% 25% 14%
[stderr] [libx264 @ 0x12ce0e160] i8 v,h,dc,ddl,ddr,vr,hd,vl,hu: 21% 19% 15%  3% 10%  7%  9%  8%  8%
[stderr] [libx264 @ 0x12ce0e160] i4 v,h,dc,ddl,ddr,vr,hd,vl,hu: 14% 17% 13%  4% 16%  9% 11%  8%  9%
[stderr] [libx264 @ 0x12ce0e160] i8c dc,h,v,p: 47% 22% 20% 10%
[stderr] [libx264 @ 0x12ce0e160] Weighted P-Frames: Y:15.0% UV:5.0%
[stderr] [libx264 @ 0x12ce0e160] kb/s:7192.13
[stderr] [aac @ 0x12ce6d130] Qavg: 153.421
[stderr] ffmpeg version 7.1 Copyright (c) 2000-2024 the FFmpeg developers
[stderr]   built with Apple clang version 15.0.0 (clang-1500.1.0.2.5)
[stderr]   configuration: --prefix=/opt/homebrew/Cellar/ffmpeg/7.1_3 --enable-shared --enable-pthreads --enable-version3 --cc=clang --host-cflags= --host-ldflags='-Wl,-ld_classic' --enable-ffplay --enable-gnutls --enable-gpl --enable-libaom --enable-libaribb24 --enable-libbluray --enable-libdav1d --enable-libharfbuzz --enable-libjxl --enable-libmp3lame --enable-libopus --enable-librav1e --enable-librist --enable-librubberband --enable-libsnappy --enable-libsrt --enable-libssh --enable-libsvtav1 --enable-libtesseract --enable-libtheora --enable-libvidstab --enable-libvmaf --enable-libvorbis --enable-libvpx --enable-libwebp --enable-libx264 --enable-libx265 --enable-libxml2 --enable-libxvid --enable-lzma --enable-libfontconfig --enable-libfreetype --enable-frei0r --enable-libass --enable-libopencore-amrnb --enable-libopencore-amrwb --enable-libopenjpeg --enable-libspeex --enable-libsoxr --enable-libzmq --enable-libzimg --disable-libjack --disable-indev=jack --enable-videotoolbox --enable-audiotoolbox --enable-neon
[stderr]   libavutil      59. 39.100 / 59. 39.100
[stderr]   libavcodec     61. 19.100 / 61. 19.100
[stderr]   libavformat    61.  7.100 / 61.  7.100
[stderr]   libavdevice    61.  3.100 / 61.  3.100
[stderr]   libavfilter    10.  4.100 / 10.  4.100
[stderr]   libswscale      8.  3.100 /  8.  3.100
[stderr]   libswresample   5.  3.100 /  5.  3.100
[stderr]   libpostproc    58.  3.100 / 58.  3.100
[stderr] Input #0, mov,mp4,m4a,3gp,3g2,mj2, from '/Users/johndoe/Documents/company/video_ops/projects/abstract_algebra_in_proof_assistant/04-set-equality/takes/take-mrhmharr/source.mp4':
[stderr]   Metadata:
[stderr]     major_brand     : qt  
[stderr]     minor_version   : 0
[stderr]     compatible_brands: qt  
[stderr]     creation_time   : 2026-07-12T09:54:07.000000Z
[stderr]   Duration: [stderr] 00:06:08.94, start: 0.000000, bitrate: 2946 kb/s
[stderr]   Stream #0:0[0x1](und): Video: hevc (Main) (hvc1 / 0x31637668), yuv420p(tv, smpte170m/bt709/bt709), 640x480, 2834 kb/s, 29.95 fps, 29.83 tbr, 600 tbn (default)
[stderr]       Metadata:
[stderr]         creation_time   : 2026-07-12T09:54:07.000000Z
[stderr]         handler_name    : Core Media Video
[stderr]         vendor_id       : [0][0][0][0]
[stderr]         encoder         : HEVC
[stderr]       Side data:
[stderr]         displaymatrix: rotation of -180.00 degrees
[stderr]   Stream #0:1[0x2](und): Audio: aac (LC) (mp4a / 0x6134706D), 48000 Hz, mono, fltp, 100 kb/s (default)
[stderr]       Metadata:
[stderr]         creation_time   : 2026-07-12T09:54:07.000000Z
[stderr]         handler_name    : Core Media Audio
[stderr]         vendor_id       : [0][0][0][0]
[stderr]   Stream #0:2[0x3](und): Data: none (mebx / 0x7862656D) (default)
[stderr]       Metadata:
[stderr]         creation_time   : 2026-07-12T09:54:07.000000Z
[stderr]         handler_name    : Core Media Metadata
[stderr] Stream mapping:
[stderr]   Stream #0:0 -> #0:0 (hevc (native) -> h264 (libx264))
[stderr]   Stream #0:1 -> #0:1[stderr]  (aac (native) -> aac (native))
[stderr] Press [q] to stop, [?] for help
[stderr] [libx264 @ 0x14f635f40] using cpu capabilities: ARMv8 NEON
[stderr] [libx264 @ 0x14f635f40] profile High, level 3.0, 4:2:0, 8-bit
[stderr] [libx264 @ 0x14f635f40] 264 - core 164 r3108 31e19f9 - H.264/MPEG-4 AVC codec - Copyleft 2003-2023 - http://www.videolan.org/x264.html - options: cabac=1 ref=1 deblock=1:0:0 analyse=0x3:0x113 me=hex subme=2 psy=1 psy_rd=1.00:0.00 mixed_ref=0 me_range=16 chroma_me=1 trellis=0 8x8dct=1 cqm=0 deadzone=21,11 fast_pskip=1 chroma_qp_offset=0 threads=15 lookahead_threads=3 sliced_threads=0 nr=0 decimate=1 interlaced=0 bluray_compat=0 constrained_intra=0 bframes=3 b_pyramid=2 b_adapt=1 b_bias=0 direct=1 weightb=1 open_gop=0 weightp=1 keyint=250 keyint_min=25 scenecut=40 intra_refresh=0 rc_lookahead=10 rc=crf mbtree=1 crf=18.0 qcomp=0.60 qpmin=0 qpmax=69 qpstep=4 ip_ratio=1.40 aq=1:1.00
[stderr] Output #0, mp4, to '/Users/johndoe/Documents/company/video_ops/projects/abstract_algebra_in_proof_assistant/04-set-equality/takes/take-mrhmharr/pipeline/cut/cut-mrxmiptn/chunks/chunk-022.mp4':
[stderr]   Metadata:
[stderr]     major_brand     : qt  
[stderr]     minor_version   : 0
[stderr]     compatible_brands: qt  
[stderr]     encoder         : Lavf61.7.100
[stderr]   Stream #0:0(und): Video: h264 (avc1 / 0x31637661), yuv420p(tv, smpte170m/bt709/bt709, progressive), 640x480, q=2-31, 29.83 fps, 11456 tbn (default)
[stderr]       Metadata:
[stderr]         creation_time   : 2026-07-12T09:54:07.000000Z
[stderr]         handler_name    : Core Media Video
[stderr]         vendor_id       : [0][0][0][0]
[stderr]         encoder         : Lavc61.19.100 libx264
[stderr]       Side data:
[stderr]         cpb: bitrate max/min/avg: 0/0/0 buffer size: 0 vbv_delay: N/A
[stderr]   Stream #0:1(und): Audio: aac (LC) (mp4a / 0x6134706D), 48000 Hz, mono, fltp, 69 kb/s (default)
[stderr]       Metadata:
[stderr]         creation_time   : 2026-07-12T09:54:07.000000Z
[stderr]         handler_name    : Core Media Audio
[stderr]         vendor_id       : [0][0][0][0]
[stderr]         encoder         : Lavc61.19.100 aac
[stderr] frame=  142 fps= 35 q=24.0 size=    3840KiB time=00:00:04.69 bitrate=6703.5kbits/s speed=1.16x    [stderr] [out#0/mp4 @ 0x14f63cd00] video:6226KiB audio:67KiB subtitle:0KiB other streams:0KiB global headers:0KiB muxing overhead: 0.153693%
[stderr] frame=  233 fps= 56 q=-1.0 Lsize=    6303KiB time=00:00:07.74 bitrate=6668.1kbits/s speed=1.86x    
[stderr] [libx264 @ 0x14f635f40] frame I:3     Avg QP:21.47  size: 48981
[stderr] [libx264 @ 0x14f635f40] frame P:75    Avg QP:23.34  size: 39630
[stderr] [libx264 @ 0x14f635f40] frame B:155   Avg QP:25.35  size: 21004
[stderr] [libx264 @ 0x14f635f40] consecutive B-frames:  8.6%  5.2%  9.0% 77.3%
[stderr] [libx264 @ 0x14f635f40] mb I  I16..4:  3.7% 13.1% 83.2%
[stderr] [libx264 @ 0x14f635f40] mb P  I16..4:  2.6% 12.4% 29.6%  P16..4: 14.7% 15.5% 24.8%  0.0%  0.0%    skip: 0.4%
[stderr] [libx264 @ 0x14f635f40] mb B  I16..4:  0.9%  2.5%  2.5%  B16..8: 27.2% 19.9% 15.2%  direct:20.2%  skip:11.5%  L0:31.0% L1:31.5% BI:37.5%
[stderr] [libx264 @ 0x14f635f40] 8x8 transform intra:29.8% inter:37.6%
[stderr] [libx264 @ 0x14f635f40] coded y,uvDC,uvAC intra: 88.4% 73.8% 40.8% inter: 63.8% 34.5% 4.6%
[stderr] [libx264 @ 0x14f635f40] i16 v,h,dc,p: 47% 15% 22% 15%
[stderr] [libx264 @ 0x14f635f40] i8 v,h,dc,ddl,ddr,vr,hd,vl,hu: 25% 18% 15%  3%  9%  8%  7%  7%  8%
[stderr] [libx264 @ 0x14f635f40] i4 v,h,dc,ddl,ddr,vr,hd,vl,hu: 14% 19% 13%  4% 14%  9% 11%  6% 10%
[stderr] [libx264 @ 0x14f635f40] i8c dc,h,v,p: 48% 22% 20% 10%
[stderr] [libx264 @ 0x14f635f40] Weighted P-Frames: Y:17.3% UV:5.3%
[stderr] [libx264 @ 0x14f635f40] kb/s:6529.80
[stderr] [aac @ 0x14f69cb70] Qavg: 170.037
[stderr] ffmpeg version 7.1 Copyright (c) 2000-2024 the FFmpeg developers
[stderr]   built with Apple clang version 15.0.0 (clang-1500.1.0.2.5)
[stderr]   configuration: --prefix=/opt/homebrew/Cellar/ffmpeg/7.1_3 --enable-shared --enable-pthreads --enable-version3 --cc=clang --host-cflags= --host-ldflags='-Wl,-ld_classic' --enable-ffplay --enable-gnutls --enable-gpl --enable-libaom --enable-libaribb24 --enable-libbluray --enable-libdav1d --enable-libharfbuzz --enable-libjxl --enable-libmp3lame --enable-libopus --enable-librav1e --enable-librist --enable-librubberband --enable-libsnappy --enable-libsrt --enable-libssh --enable-libsvtav1 --enable-libtesseract --enable-libtheora --enable-libvidstab --enable-libvmaf --enable-libvorbis --enable-libvpx --enable-libwebp --enable-libx264 --enable-libx265 --enable-libxml2 --enable-libxvid --enable-lzma --enable-libfontconfig --enable-libfreetype --enable-frei0r --enable-libass --enable-libopencore-amrnb --enable-libopencore-amrwb --enable-libopenjpeg --enable-libspeex --enable-libsoxr --enable-libzmq --enable-libzimg --disable-libjack --disable-indev=jack --enable-videotoolbox --enable-audiotoolbox --enable-neon
[stderr]   libavutil      59. 39.100 / 59. 39.100
[stderr]   libavcodec     61. 19.100 / 61. 19.100
[stderr]   libavformat    61.  7.100 / 61.  7.100
[stderr]   libavdevice    61.  3.100 / 61.  3.100
[stderr]   libavfilter    10.  4.100 / 10.  4.100
[stderr]   libswscale      8.  3.100 /  8.  3.100
[stderr]   libswresample   5.  3.100 /  5.  3.100
[stderr]   libpostproc    58.  3.100 / 58.  3.100
[stderr] Input #0, mov,mp4,m4a,3gp,3g2,mj2, from '/Users/johndoe/Documents/company/video_ops/projects/abstract_algebra_in_proof_assistant/04-set-equality/takes/take-mrhmharr/source.mp4':
[stderr]   Metadata:
[stderr]     major_brand     : qt  
[stderr]     minor_version   : 0
[stderr]     compatible_brands: qt  
[stderr]     creation_time   : 2026-07-12T09:54:07.000000Z
[stderr]   Duration: 00:06:08.94, start: 0.000000, bitrate: 2946 kb/s
[stderr]   Stream #0:0[0x1](und): Video: hevc (Main) (hvc1 / 0x31637668), yuv420p(tv, smpte170m/bt709/bt709), 640x480, 2834 kb/s, 29.95 fps, 29.83 tbr, 600 tbn (default)
[stderr]       Metadata:
[stderr]         creation_time   : 2026-07-12T09:54:07.000000Z
[stderr]         handler_name    : Core Media Video
[stderr]         vendor_id       : [0][0][0][0]
[stderr]         encoder         : HEVC
[stderr]       Side data:
[stderr]         displaymatrix: rotation of -180.00 degrees
[stderr]   Stream #0:1[0x2](und): Audio: aac (LC) (mp4a / 0x6134706D), 48000 Hz, mono, fltp, 100 kb/s (default)
[stderr]       Metadata:
[stderr]         creation_time   : 2026-07-12T09:54:07.000000Z
[stderr]         handler_name    : Core Media Audio
[stderr]         vendor_id       : [0][0][0][0]
[stderr]   Stream #0:2[0x3](und): Data: none (mebx / 0x7862656D) (default)
[stderr]       Metadata:
[stderr]         creation_time   : 2026-07-12T09:54:07.000000Z
[stderr]         handler_name    : Core Media Metadata
[stderr] Stream mapping:
[stderr]   Stream #0:0 -> #0:0 (hevc (native) -> h264 (libx264))
[stderr]   Stream #0:1 -> #0:1 (aac (native) -> aac (native))
[stderr] Press [q] to stop, [?] for help
[stderr] [libx264 @ 0x124638980] using cpu capabilities: ARMv8 NEON
[stderr] [libx264 @ 0x124638980] profile High, level 3.0, 4:2:0, 8-bit
[stderr] [libx264 @ 0x124638980] 264 - core 164 r3108 31e19f9 - H.264/MPEG-4 AVC codec - Copyleft 2003-2023 - http://www.videolan.org/x264.html - options: cabac=1 ref=1 deblock=1:0:0 analyse=0x3:0x113 me=hex subme=2 psy=1 psy_rd=1.00:0.00 mixed_ref=0 me_range=16 chroma_me=1 trellis=0 8x8dct=1 cqm=0 deadzone=21,11 fast_pskip=1 chroma_qp_offset=0 threads=15 lookahead_threads=3 sliced_threads=0 nr=0 decimate=1 interlaced=0 bluray_compat=0 constrained_intra=0 bframes=3 b_pyramid=2 b_adapt=1 b_bias=0 direct=1 weightb=1 open_gop=0 weightp=1 keyint=250 keyint_min=25 scenecut=40 intra_refresh=0 rc_lookahead=10 rc=crf mbtree=1 crf=18.0 qcomp=0.60 qpmin=0 qpmax=69 qpstep=4 ip_ratio=1.40 aq=1:1.00
[stderr] Output #0, mp4, to '/Users/johndoe/Documents/company/video_ops/projects/abstract_algebra_in_proof_assistant/04-set-equality/takes/take-mrhmharr/pipeline/cut/cut-mrxmiptn/chunks/chunk-023.mp4':
[stderr]   Metadata:
[stderr]     major_brand     : qt  
[stderr]     minor_version   : 0
[stderr]     compatible_brands: qt  
[stderr]     encoder         : Lavf61.7.100
[stderr]   Stream #0:0(und): Video: h264 (avc1 / 0x31637661), yuv420p(tv, smpte170m/bt709/bt709, progressive), 640x480, q=2-31, 29.83 fps, 11456 tbn (default)
[stderr]       Metadata:
[stderr]         creation_time   : 2026-07-12T09:54:07.000000Z
[stderr]         handler_name    : Core Media Video
[stderr]         vendor_id       : [0][0][0][0]
[stderr]         encoder         : Lavc61.19.100 libx264
[stderr]       Side data:
[stderr]         cpb: bitrate max/min/avg: 0/0/0 buffer size: 0 vbv_delay: N/A
[stderr]   Stream #0:1(und): Audio: aac (LC) (mp4a / 0x6134706D), 48000 Hz, mono, fltp, 69 kb/s (default)
[stderr]       Metadata:
[stderr]         creation_time   : 2026-07-12T09:54:07.000000Z
[stderr]         handler_name    : Core Media Audio
[stderr]         vendor_id       : [0][0][0][0]
[stderr]         encoder         : Lavc61.19.100 aac
[stderr] [out#0/mp4 @ 0x124637ad0] video:3484KiB audio:42KiB subtitle:0KiB other streams:0KiB global headers:0KiB muxing overhead: 0.185273%
[stderr] frame=  144 fps= 42 q=-1.0 Lsize=    3532KiB time=00:00:04.79 bitrate=6035.9kbits/s speed=1.39x    
[stderr] [libx264 @ 0x124638980] frame I:2     Avg QP:20.51  size: 47260
[stderr] [libx264 @ 0x124638980] frame P:44    Avg QP:22.71  size: 40662
[stderr] [libx264 @ 0x124638980] frame B:98    Avg QP:25.22  size: 17173
[stderr] [libx264 @ 0x124638980] consecutive B-frames:  6.9%  5.6%  4.2% 83.3%
[stderr] [libx264 @ 0x124638980] mb I  I16..4:  6.1% 10.2% 83.7%
[stderr] [libx264 @ 0x124638980] mb P  I16..4:  3.1%  7.8% 22.7%  P16..4: 18.2% 18.4% 28.7%  0.0%  0.0%    skip: 1.2%
[stderr] [libx264 @ 0x124638980] mb B  I16..4:  0.5%  0.6%  1.6%  B16..8: 29.9% 17.3% 11.9%  direct:19.9%  skip:18.3%  L0:30.1% L1:29.9% BI:40.1%
[stderr] [libx264 @ 0x124638980] 8x8 transform intra:21.6% inter:34.3%
[stderr] [libx264 @ 0x124638980] coded y,uvDC,uvAC intra: 88.4% 79.9% 49.3% inter: 55.2% 31.3% 6.0%
[stderr] [libx264 @ 0x124638980] i16 v,h,dc,p: 64% 10% 19%  6%
[stderr] [libx264 @ 0x124638980] i8 v,h,dc,ddl,ddr,vr,hd,vl,hu: 23% 19% 16%  3%  9%  8%  8%  6%  8%
[stderr] [libx264 @ 0x124638980] i4 v,h,dc,ddl,ddr,vr,hd,vl,hu: 15% 18% 13%  4% 13%  8% 10%  7% 11%
[stderr] [libx264 @ 0x124638980] i8c dc,h,v,p: 48% 20% 20% 12%
[stderr] [libx264 @ 0x124638980] Weighted P-Frames: Y:22.7% UV:2.3%
[stderr] [libx264 @ 0x124638980] kb/s:5911.31
[stderr] [aac @ 0x12469bd10] Qavg: 125.818
[stderr] ffmpeg version 7.1 Copyright (c) 2000-2024 the FFmpeg developers
[stderr]   built with Apple clang version 15.0.0 (clang-1500.1.0.2.5)
[stderr]   configuration: --prefix=/opt/homebrew/Cellar/ffmpeg/7.1_3 --enable-shared --enable-pthreads --enable-version3 --cc=clang --host-cflags= --host-ldflags='-Wl,-ld_classic' --enable-ffplay --enable-gnutls --enable-gpl --enable-libaom --enable-libaribb24 --enable-libbluray --enable-libdav1d --enable-libharfbuzz --enable-libjxl --enable-libmp3lame --enable-libopus --enable-librav1e --enable-librist --enable-librubberband --enable-libsnappy --enable-libsrt --enable-libssh --enable-libsvtav1 --enable-libtesseract --enable-libtheora --enable-libvidstab --enable-libvmaf --enable-libvorbis --enable-libvpx --enable-libwebp --enable-libx264 --enable-libx265 --enable-libxml2 --enable-libxvid --enable-lzma --enable-libfontconfig --enable-libfreetype --enable-frei0r --enable-libass --enable-libopencore-amrnb --enable-libopencore-amrwb --enable-libopenjpeg --enable-libspeex --enable-libsoxr --enable-libzmq --enable-libzimg --disable-libjack --disable-indev=jack --enable-videotoolbox --enable-audiotoolbox --enable-neon
[stderr]   libavutil      59. 39.100 / 59. 39.100
[stderr]   libavcodec     61. 19.100 / 61. 19.100
[stderr]   libavformat    61.  7.100 / 61.  7.100
[stderr]   libavdevice    61.  3.100 / 61.  3.100
[stderr]   libavfilter    10.  4.100 / 10.  4.100
[stderr]   libswscale      8.  3.100 /  8.  3.100
[stderr]   libswresample   5.  3.100 /  5.  3.100
[stderr]   libpostproc    58.  3.100 / 58.  3.100
[stderr] Input #0, mov,mp4,m4a,3gp,3g2,mj2, from '/Users/johndoe/Documents/company/video_ops/projects/abstract_algebra_in_proof_assistant/04-set-equality/takes/take-mrhmharr/source.mp4':
[stderr]   Metadata:
[stderr]     major_brand     : qt  
[stderr]     minor_version   : 0
[stderr]     compatible_brands: qt  
[stderr]     creation_time   : 2026-07-12T09:54:07.000000Z
[stderr]   Duration: 00:06:08.94, start: 0.000000, bitrate: 2946 kb/s
[stderr]   Stream #0:0[0x1](und): Video: hevc (Main) (hvc1 / 0x31637668), yuv420p(tv, smpte170m/bt709/bt709), 640x480, 2834 kb/s, 29.95 fps, 29.83 tbr, 600 tbn (default)
[stderr]       Metadata:
[stderr]         creation_time   : 2026-07-12T09:54:07.000000Z
[stderr]         handler_name    : Core Media Video
[stderr]         vendor_id       : [0][0][0][0]
[stderr]         encoder         : HEVC
[stderr]       Side data:
[stderr]         displaymatrix: rotation of -180.00 degrees
[stderr]   Stream #0:1[0x2](und): Audio: aac (LC) (mp4a / 0x6134706D), 48000 Hz, mono, fltp, 100 kb/s (default)
[stderr]       Metadata:
[stderr]         creation_time   : 2026-07-12T09:54:07.000000Z
[stderr]         handler_name    : Core Media Audio
[stderr]         vendor_id       : [0][0][0][0]
[stderr]   Stream #0:2[0x3](und): Data: none (mebx / 0x7862656D) (default)
[stderr]       Metadata:
[stderr]         creation_time   : 2026-07-12T09:54:07.000000Z
[stderr]         handler_name    : Core Media Metadata
[stderr] Stream mapping:
[stderr]   Stream #0:0 -> #0:0 (hevc (native) -> h264 (libx264))
[stderr]   Stream #0:1 -> #0:1 (aac (native) -> aac (native))
[stderr] Press [q] to stop, [?] for help
[stderr] [libx264 @ 0x124910e40] using cpu capabilities: ARMv8 NEON
[stderr] [libx264 @ 0x124910e40] profile High, level 3.0, 4:2:0, 8-bit
[stderr] [libx264 @ 0x124910e40] 264 - core 164 r3108 31e19f9 - H.264/MPEG-4 AVC codec - Copyleft 2003-2023 - http://www.videolan.org/x264.html - options: cabac=1 ref=1 deblock=1:0:0 analyse=0x3:0x113 me=hex subme=2 psy=1 psy_rd=1.00:0.00 mixed_ref=0 me_range=16 chroma_me=1 trellis=0 8x8dct=1 cqm=0 deadzone=21,11 fast_pskip=1 chroma_qp_offset=0 threads=15 lookahead_threads=3 sliced_threads=0 nr=0 decimate=1 interlaced=0 bluray_compat=0 constrained_intra=0 bframes=3 b_pyramid=2 b_adapt=1 b_bias=0 direct=1 weightb=1 open_gop=0 weightp=1 keyint=250 keyint_min=25 scenecut=40 intra_refresh=0 rc_lookahead=10 rc=crf mbtree=1 crf=18.0 qcomp=0.60 qpmin=0 qpmax=69 qpstep=4 ip_ratio=1.40 aq=1:1.00
[stderr] Output #0, mp4, to '/Users/johndoe/Documents/company/video_ops/projects/abstract_algebra_in_proof_assistant/04-set-equality/takes/take-mrhmharr/pipeline/cut/cut-mrxmiptn/chunks/chunk-024.mp4':
[stderr]   Metadata:
[stderr]     major_brand     : qt  
[stderr]     minor_version   : 0
[stderr]     compatible_brands: qt  
[stderr]     encoder         : Lavf61.7.100
[stderr]   Stream #0:0(und): Video: h264 (avc1 / 0x31637661), yuv420p(tv, smpte170m/bt709/bt709, progressive), 640x480, q=2-31, 29.83 fps, 11456 tbn (default)
[stderr]       Metadata:
[stderr]         creation_time   : 2026-07-12T09:54:07.000000Z
[stderr]         handler_name    : Core Media Video
[stderr]         vendor_id       : [0][0][0][0]
[stderr]         encoder         : Lavc61.19.100 libx264
[stderr]       Side data:
[stderr]         cpb: bitrate max/min/avg: 0/0/0 buffer size: 0 vbv_delay: N/A
[stderr]   Stream #0:1(und): Audio: aac (LC) (mp4a / 0x6134706D), 48000 Hz, mono, fltp, 69 kb/s (default)
[stderr]       Metadata:
[stderr]         creation_time   : 2026-07-12T09:54:07.000000Z
[stderr]         handler_name    : Core Media Audio
[stderr]         vendor_id       : [0][0][0][0]
[stderr]         encoder         : Lavc61.19.100 aac
[stderr] [out#0/mp4 @ 0x124906b60] video:3551KiB audio:41KiB subtitle:0KiB other streams:0KiB global headers:0KiB muxing overhead: 0.181483%
[stderr] frame=  143 fps= 37 q=-1.0 Lsize=    3599KiB time=00:00:04.72 bitrate=6237.9kbits/s speed=1.21x    
[stderr] [libx264 @ 0x124910e40] frame I:1     Avg QP:21.88  size: 54627
[stderr] [libx264 @ 0x124910e40] frame P:41    Avg QP:23.00  size: 40353
[stderr] [libx264 @ 0x124910e40] frame B:101   Avg QP:25.33  size: 19078
[stderr] [libx264 @ 0x124910e40] consecutive B-frames:  3.5%  5.6%  4.2% 86.7%
[stderr] [libx264 @ 0x124910e40] mb I  I16..4:  2.0% 13.2% 84.8%
[stderr] [libx264 @ 0x124910e40] mb P  I16..4:  2.0%  8.3% 28.0%  P16..4: 15.9% 17.5% 27.8%  0.0%  0.0%    skip: 0.5%
[stderr] [libx264 @ 0x124910e40] mb B  I16..4:  0.6%  1.0%  1.9%  B16..8: 30.0% 19.4% 13.9%  direct:19.7%  skip:13.4%  L0:30.5% L1:29.8% BI:39.7%
[stderr] [libx264 @ 0x124910e40] 8x8 transform intra:22.5% inter:33.9%
[stderr] [libx264 @ 0x124910e40] coded y,uvDC,uvAC intra: 90.9% 78.4% 45.1% inter: 59.0% 30.3% 4.6%
[stderr] [libx264 @ 0x124910e40] i16 v,h,dc,p: 48% 22% 21%  9%
[stderr] [libx264 @ 0x124910e40] i8 v,h,dc,ddl,ddr,vr,hd,vl,hu: 21% 19% 15%  4%  9%  8%  8%  7% 10%
[stderr] [libx264 @ 0x124910e40] i4 v,h,dc,ddl,ddr,vr,hd,vl,hu: 15% 17% 14%  4% 14%  8% 10%  7% 11%
[stderr] [libx264 @ 0x124910e40] i8c dc,h,v,p: 49% 20% 21% 10%
[stderr] [libx264 @ 0x124910e40] Weighted P-Frames: Y:12.2% UV:4.9%
[stderr] [libx264 @ 0x124910e40] kb/s:6068.36
[stderr] [aac @ 0x124a694e0] Qavg: 432.289
[stderr] ffmpeg version 7.1 Copyright (c) 2000-2024 the FFmpeg developers
[stderr]   built with Apple clang version 15.0.0 (clang-1500.1.0.2.5)
[stderr]   configuration: --prefix=/opt/homebrew/Cellar/ffmpeg/7.1_3 --enable-shared --enable-pthreads --enable-version3 --cc=clang --host-cflags= --host-ldflags='-Wl,-ld_classic' --enable-ffplay --enable-gnutls --enable-gpl --enable-libaom --enable-libaribb24 --enable-libbluray --enable-libdav1d --enable-libharfbuzz --enable-libjxl --enable-libmp3lame --enable-libopus --enable-librav1e --enable-librist --enable-librubberband --enable-libsnappy --enable-libsrt --enable-libssh --enable-libsvtav1 --enable-libtesseract --enable-libtheora --enable-libvidstab --enable-libvmaf --enable-libvorbis --enable-libvpx --enable-libwebp --enable-libx264 --enable-libx265 --enable-libxml2 --enable-libxvid --enable-lzma --enable-libfontconfig --enable-libfreetype --enable-frei0r --enable-libass --enable-libopencore-amrnb --enable-libopencore-amrwb --enable-libopenjpeg --enable-libspeex --enable-libsoxr --enable-libzmq --enable-libzimg --disable-libjack --disable-indev=jack --enable-videotoolbox --enable-audiotoolbox --enable-neon
[stderr]   libavutil      59. 39.100 / 59. 39.100
[stderr]   libavcodec     61. 19.100 / 61. 19.100
[stderr]   libavformat    61.  7.100 / 61.  7.100
[stderr]   libavdevice    61.  3.100 / 61.  3.100
[stderr]   libavfilter    10.  4.100 / 10.  4.100
[stderr]   libswscale      8.  3.100 /  8.  3.100
[stderr]   libswresample   5.  3.100 /  5.  3.100
[stderr]   libpostproc    58.  3.100 / 58.  3.100
[stderr] Input #0, mov,mp4,m4a,3gp,3g2,mj2, from '/Users/johndoe/Documents/company/video_ops/projects/abstract_algebra_in_proof_assistant/04-set-equality/takes/take-mrhmharr/source.mp4':
[stderr]   Metadata:
[stderr]     major_brand     : qt  
[stderr]     minor_version   : 0
[stderr]     compatible_brands: qt  
[stderr]     creation_time   : 2026-07-12T09:54:07.000000Z
[stderr]   Duration: 00:06:08.94, start: 0.000000, bitrate: 2946 kb/s
[stderr]   Stream #0:0[0x1](und): Video: hevc (Main) (hvc1 / 0x31637668), yuv420p(tv, smpte170m/bt709/bt709), 640x480, 2834 kb/s, 29.95 fps, 29.83 tbr, 600 tbn (default)
[stderr]       Metadata:
[stderr]         creation_time   : 2026-07-12T09:54:07.000000Z
[stderr]         handler_name    : Core Media Video
[stderr]         vendor_id       : [0][0][0][0]
[stderr]         encoder         : HEVC
[stderr]       Side data:
[stderr]         displaymatrix: rotation of -180.00 degrees
[stderr]   Stream #0:1[0x2](und): Audio: aac (LC) (mp4a / 0x6134706D), 48000 Hz, mono, fltp, 100 kb/s (default)
[stderr]       Metadata:
[stderr]         creation_time   : 2026-07-12T09:54:07.000000Z
[stderr]         handler_name    : Core Media Audio
[stderr]         vendor_id       : [0][0][0][0]
[stderr]   Stream #0:2[0x3](und): Data: none (mebx / 0x7862656D) (default)
[stderr]       Metadata:
[stderr]         creation_time   : 2026-07-12T09:54:07.000000Z
[stderr]         handler_name    : Core Media Metadata
[stderr] Stream mapping:
[stderr]   Stream #0:0 -> #0:0 (hevc (native) -> h264 (libx264))
[stderr]   Stream #0:1 -> #0:1[stderr]  (aac (native) -> aac (native))
[stderr] Press [q] to stop, [?] for help
[stderr] [libx264 @ 0x12e70e980] using cpu capabilities: ARMv8 NEON
[stderr] [libx264 @ 0x12e70e980] profile High, level 3.0, 4:2:0, 8-bit
[stderr] [libx264 @ 0x12e70e980] 264 - core 164 r3108 31e19f9 - H.264/MPEG-4 AVC codec - Copyleft 2003-2023 - http://www.videolan.org/x264.html - options: cabac=1 ref=1 deblock=1:0:0 analyse=0x3:0x113 me=hex subme=2 psy=1 psy_rd=1.00:0.00 mixed_ref=0 me_range=16 chroma_me=1 trellis=0 8x8dct=1 cqm=0 deadzone=21,11 fast_pskip=1 chroma_qp_offset=0 threads=15 lookahead_threads=3 sliced_threads=0 nr=0 decimate=1 interlaced=0 bluray_compat=0 constrained_intra=0 bframes=3 b_pyramid=2 b_adapt=1 b_bias=0 direct=1 weightb=1 open_gop=0 weightp=1 keyint=250 keyint_min=25 scenecut=40 intra_refresh=0 rc_lookahead=10 rc=crf mbtree=1 crf=18.0 qcomp=0.60 qpmin=0 qpmax=69 qpstep=4 ip_ratio=1.40 aq=1:1.00
[stderr] Output #0, mp4, to '/Users/johndoe/Documents/company/video_ops/projects/abstract_algebra_in_proof_assistant/04-set-equality/takes/take-mrhmharr/pipeline/cut/cut-mrxmiptn/chunks/chunk-025.mp4':
[stderr]   Metadata:
[stderr]     major_brand     : qt  
[stderr]     minor_version   : 0
[stderr]     compatible_brands: qt  
[stderr]     encoder         : Lavf61.7.100
[stderr]   Stream #0:0(und): Video: h264 (avc1 / 0x31637661), yuv420p(tv, smpte170m/bt709/bt709, progressive), 640x480, q=2-31, 29.83 fps, 11456 tbn (default)
[stderr]       Metadata:
[stderr]         creation_time   : 2026-07-12T09:54:07.000000Z
[stderr]         handler_name    : Core Media Video
[stderr]         vendor_id       : [0][0][0][0]
[stderr]         encoder         : Lavc61.19.100 libx264
[stderr]       Side data:
[stderr]         cpb: bitrate max/min/avg: 0/0/0 buffer size: 0 vbv_delay: N/A
[stderr]   Stream #0:1(und): Audio: aac (LC) (mp4a / 0x6134706D), 48000 Hz, mono, fltp, 69 kb/s (default)
[stderr]       Metadata:
[stderr]         creation_time   : 2026-07-12T09:54:07.000000Z
[stderr]         handler_name    : Core Media Audio
[stderr]         vendor_id       : [0][0][0][0]
[stderr]         encoder         : Lavc61.19.100 aac
[stderr] frame=   80 fps= 23 q=24.0 size=    1792KiB time=00:00:02.64 bitrate=5543.9kbits/s speed=0.75x    [stderr] [out#0/mp4 @ 0x12e70dbb0] video:3077KiB audio:35KiB subtitle:0KiB other streams:0KiB global headers:0KiB muxing overhead: 0.183927%
[stderr] frame=  121 fps= 34 q=-1.0 Lsize=    3117KiB time=00:00:04.02 bitrate=6348.3kbits/s speed=1.13x    
[stderr] [libx264 @ 0x12e70e980] frame I:2     Avg QP:21.75  size: 48819
[stderr] [libx264 @ 0x12e70e980] frame P:38    Avg QP:23.25  size: 39842
[stderr] [libx264 @ 0x12e70e980] frame B:81    Avg QP:25.50  size: 18991
[stderr] [libx264 @ 0x12e70e980] consecutive B-frames:  7.4%  6.6%  9.9% 76.0%
[stderr] [libx264 @ 0x12e70e980] mb I  I16..4:  5.0%  8.1% 86.8%
[stderr] [libx264 @ 0x12e70e980] mb P  I16..4:  2.4%  7.1% 26.2%  P16..4: 16.8% 18.3% 28.7%  0.0%  0.0%    skip: 0.5%
[stderr] [libx264 @ 0x12e70e980] mb B  I16..4:  0.8%  1.0%  2.2%  B16..8: 30.0% 19.4% 13.5%  direct:20.1%  skip:13.0%  L0:28.1% L1:31.8% BI:40.1%
[stderr] [libx264 @ 0x12e70e980] 8x8 transform intra:19.5% inter:35.0%
[stderr] [libx264 @ 0x12e70e980] coded y,uvDC,uvAC intra: 90.5% 80.8% 45.7% inter: 61.4% 32.5% 5.3%
[stderr] [libx264 @ 0x12e70e980] i16 v,h,dc,p: 53% 21% 19%  7%
[stderr] [libx264 @ 0x12e70e980] i8 v,h,dc,ddl,ddr,vr,hd,vl,hu: 19% 20% 14%  3%  9%  8%  9%  8% 10%
[stderr] [libx264 @ 0x12e70e980] i4 v,h,dc,ddl,ddr,vr,hd,vl,hu: 16% 18% 13%  4% 13%  9%  9%  7% 11%
[stderr] [libx264 @ 0x12e70e980] i8c dc,h,v,p: 47% 22% 21% 10%
[stderr] [libx264 @ 0x12e70e980] Weighted P-Frames: Y:26.3% UV:2.6%
[stderr] [libx264 @ 0x12e70e980] kb/s:6213.13
[stderr] [aac @ 0x12e76d900] Qavg: 467.002
[stderr] ffmpeg version 7.1 Copyright (c) 2000-2024 the FFmpeg developers
[stderr]   built with Apple clang version 15.0.0 (clang-1500.1.0.2.5)
[stderr]   configuration: --prefix=/opt/homebrew/Cellar/ffmpeg/7.1_3 --enable-shared --enable-pthreads --enable-version3 --cc=clang --host-cflags= --host-ldflags='-Wl,-ld_classic' --enable-ffplay --enable-gnutls --enable-gpl --enable-libaom --enable-libaribb24 --enable-libbluray --enable-libdav1d --enable-libharfbuzz --enable-libjxl --enable-libmp3lame --enable-libopus --enable-librav1e --enable-librist --enable-librubberband --enable-libsnappy --enable-libsrt --enable-libssh --enable-libsvtav1 --enable-libtesseract --enable-libtheora --enable-libvidstab --enable-libvmaf --enable-libvorbis --enable-libvpx --enable-libwebp --enable-libx264 --enable-libx265 --enable-libxml2 --enable-libxvid --enable-lzma --enable-libfontconfig --enable-libfreetype --enable-frei0r --enable-libass --enable-libopencore-amrnb --enable-libopencore-amrwb --enable-libopenjpeg --enable-libspeex --enable-libsoxr --enable-libzmq --enable-libzimg --disable-libjack --disable-indev=jack --enable-videotoolbox --enable-audiotoolbox --enable-neon
[stderr]   libavutil      59. 39.100 / 59. 39.100
[stderr]   libavcodec     61. 19.100 / 61. 19.100
[stderr]   libavformat    61.  7.100 / 61.  7.100
[stderr]   libavdevice    61.  3.100 / 61.  3.100
[stderr]   libavfilter    10.  4.100 / 10.  4.100
[stderr]   libswscale      8.  3.100 /  8.  3.100
[stderr]   libswresample   5.  3.100 /  5.  3.100
[stderr]   libpostproc    58.  3.100 / 58.  3.100
[stderr] Input #0, mov,mp4,m4a,3gp,3g2,mj2, from '/Users/johndoe/Documents/company/video_ops/projects/abstract_algebra_in_proof_assistant/04-set-equality/takes/take-mrhmharr/source.mp4':
[stderr]   Metadata:
[stderr]     major_brand     : qt  
[stderr]     minor_version   : 0
[stderr]     compatible_brands: qt  
[stderr]     creation_time   : 2026-07-12T09:54:07.000000Z
[stderr]   Duration: 00:06:08.94, start: 0.000000, bitrate: 2946 kb/s
[stderr]   Stream #0:0[0x1](und): Video: hevc (Main) (hvc1 / 0x31637668), yuv420p(tv, smpte170m/bt709/bt709), 640x480, 2834 kb/s, 29.95 fps, 29.83 tbr, 600 tbn (default)
[stderr]       Metadata:
[stderr]         creation_time   : 2026-07-12T09:54:07.000000Z
[stderr]         handler_name    : Core Media Video
[stderr]         vendor_id       : [0][0][0][0]
[stderr]         encoder         : HEVC
[stderr]       Side data:
[stderr]         displaymatrix: rotation of -180.00 degrees
[stderr]   Stream #0:1[0x2](und): Audio: aac (LC) (mp4a / 0x6134706D), 48000 Hz, mono, fltp, 100 kb/s (default)
[stderr]       Metadata:
[stderr]         creation_time   : 2026-07-12T09:54:07.000000Z
[stderr]         handler_name    : Core Media Audio
[stderr]         vendor_id       : [0][0][0][0]
[stderr]   Stream #0:2[0x3](und): Data: none (mebx / 0x7862656D) (default)
[stderr]       Metadata:
[stderr]         creation_time   : 2026-07-12T09:54:07.000000Z
[stderr]         handler_name    : Core Media Metadata
[stderr] Stream mapping:
[stderr]   Stream #0:0 -> #0:0 (hevc (native) -> h264 (libx264))
[stderr]   Stream #0:1 -> #0:1[stderr]  (aac (native) -> aac (native))
[stderr] Press [q] to stop, [?] for help
[stderr] [libx264 @ 0x1207110b0] using cpu capabilities: ARMv8 NEON
[stderr] [libx264 @ 0x1207110b0] profile High, level 3.0, 4:2:0, 8-bit
[stderr] [libx264 @ 0x1207110b0] 264 - core 164 r3108 31e19f9 - H.264/MPEG-4 AVC codec - Copyleft 2003-2023 - http://www.videolan.org/x264.html - options: cabac=1 ref=1 deblock=1:0:0 analyse=0x3:0x113 me=hex subme=2 psy=1 psy_rd=1.00:0.00 mixed_ref=0 me_range=16 chroma_me=1 trellis=0 8x8dct=1 cqm=0 deadzone=21,11 fast_pskip=1 chroma_qp_offset=0 threads=15 lookahead_threads=3 sliced_threads=0 nr=0 decimate=1 interlaced=0 bluray_compat=0 constrained_intra=0 bframes=3 b_pyramid=2 b_adapt=1 b_bias=0 direct=1 weightb=1 open_gop=0 weightp=1 keyint=250 keyint_min=25 scenecut=40 intra_refresh=0 rc_lookahead=10 rc=crf mbtree=1 crf=18.0 qcomp=0.60 qpmin=0 qpmax=69 qpstep=4 ip_ratio=1.40 aq=1:1.00
[stderr] Output #0, mp4, to '/Users/johndoe/Documents/company/video_ops/projects/abstract_algebra_in_proof_assistant/04-set-equality/takes/take-mrhmharr/pipeline/cut/cut-mrxmiptn/chunks/chunk-026.mp4':
[stderr]   Metadata:
[stderr]     major_brand     : qt  
[stderr]     minor_version   : 0
[stderr]     compatible_brands: qt  
[stderr]     encoder         : Lavf61.7.100
[stderr]   Stream #0:0(und): Video: h264 (avc1 / 0x31637661), yuv420p(tv, smpte170m/bt709/bt709, progressive), 640x480, q=2-31, 29.83 fps, 11456 tbn (default)
[stderr]       Metadata:
[stderr]         creation_time   : 2026-07-12T09:54:07.000000Z
[stderr]         handler_name    : Core Media Video
[stderr]         vendor_id       : [0][0][0][0]
[stderr]         encoder         : Lavc61.19.100 libx264
[stderr]       Side data:
[stderr]         cpb: bitrate max/min/avg: 0/0/0 buffer size: 0 vbv_delay: N/A
[stderr]   Stream #0:1(und): Audio: aac (LC) (mp4a / 0x6134706D), 48000 Hz, mono, fltp, 69 kb/s (default)
[stderr]       Metadata:
[stderr]         creation_time   : 2026-07-12T09:54:07.000000Z
[stderr]         handler_name    : Core Media Audio
[stderr]         vendor_id       : [0][0][0][0]
[stderr]         encoder         : Lavc61.19.100 aac
[stderr] frame=    0 fps=0.0 q=0.0 size=       0KiB time=N/A bitrate=N/A speed=N/A    [stderr] [out#0/mp4 @ 0x1207064a0] video:2537KiB audio:30KiB subtitle:0KiB other streams:0KiB global headers:0KiB muxing overhead: 0.198334%
[stderr] frame=  103 fps= 28 q=-1.0 Lsize=    2571KiB time=00:00:03.41 bitrate=6161.1kbits/s speed=0.927x    
[stderr] [libx264 @ 0x1207110b0] frame I:1     Avg QP:22.23  size: 55113
[stderr] [libx264 @ 0x1207110b0] frame P:32    Avg QP:22.90  size: 44324
[stderr] [libx264 @ 0x1207110b0] frame B:70    Avg QP:25.70  size: 16047
[stderr] [libx264 @ 0x1207110b0] consecutive B-frames:  4.9% 11.7%  5.8% 77.7%
[stderr] [libx264 @ 0x1207110b0] mb I  I16..4:  3.8%  5.0% 91.2%
[stderr] [libx264 @ 0x1207110b0] mb P  I16..4:  1.4%  3.3% 15.5%  P16..4: 24.0% 22.1% 33.2%  0.0%  0.0%    skip: 0.6%
[stderr] [libx264 @ 0x1207110b0] mb B  I16..4:  0.3%  0.2%  1.0%  B16..8: 29.2% 17.6%  9.5%  direct:25.0%  skip:17.1%  L0:31.9% L1:30.6% BI:37.5%
[stderr] [libx264 @ 0x1207110b0] 8x8 transform intra:14.8% inter:37.9%
[stderr] [libx264 @ 0x1207110b0] coded y,uvDC,uvAC intra: 90.8% 89.1% 55.5% inter: 59.7% 27.9% 5.1%
[stderr] [libx264 @ 0x1207110b0] i16 v,h,dc,p: 50% 24% 18%  7%
[stderr] [libx264 @ 0x1207110b0] i8 v,h,dc,ddl,ddr,vr,hd,vl,hu: 20% 20% 17%  3%  7%  5%  9%  9% 10%
[stderr] [libx264 @ 0x1207110b0] i4 v,h,dc,ddl,ddr,vr,hd,vl,hu: 12% 22% 13%  4% 11%  6% 12%  7% 13%
[stderr] [libx264 @ 0x1207110b0] i8c dc,h,v,p: 48% 24% 18% 11%
[stderr] [libx264 @ 0x1207110b0] Weighted P-Frames: Y:34.4% UV:6.2%
[stderr] [libx264 @ 0x1207110b0] kb/s:6017.09
[stderr] [aac @ 0x10ae13ad0] Qavg: 518.283
[stderr] ffmpeg version 7.1 Copyright (c) 2000-2024 the FFmpeg developers
[stderr]   built with Apple clang version 15.0.0 (clang-1500.1.0.2.5)
[stderr]   configuration: --prefix=/opt/homebrew/Cellar/ffmpeg/7.1_3 --enable-shared --enable-pthreads --enable-version3 --cc=clang --host-cflags= --host-ldflags='-Wl,-ld_classic' --enable-ffplay --enable-gnutls --enable-gpl --enable-libaom --enable-libaribb24 --enable-libbluray --enable-libdav1d --enable-libharfbuzz --enable-libjxl --enable-libmp3lame --enable-libopus --enable-librav1e --enable-librist --enable-librubberband --enable-libsnappy --enable-libsrt --enable-libssh --enable-libsvtav1 --enable-libtesseract --enable-libtheora --enable-libvidstab --enable-libvmaf --enable-libvorbis --enable-libvpx --enable-libwebp --enable-libx264 --enable-libx265 --enable-libxml2 --enable-libxvid --enable-lzma --enable-libfontconfig --enable-libfreetype --enable-frei0r --enable-libass --enable-libopencore-amrnb --enable-libopencore-amrwb --enable-libopenjpeg --enable-libspeex --enable-libsoxr --enable-libzmq --enable-libzimg --disable-libjack --disable-indev=jack --enable-videotoolbox --enable-audiotoolbox --enable-neon
[stderr]   libavutil      59. 39.100 / 59. 39.100
[stderr]   libavcodec     61. 19.100 / 61. 19.100
[stderr]   libavformat    61.  7.100 / 61.  7.100
[stderr]   libavdevice    61.  3.100 / 61.  3.100
[stderr]   libavfilter    10.  4.100 / 10.  4.100
[stderr]   libswscale      8.  3.100 /  8.  3.100
[stderr]   libswresample   5.  3.100 /  5.  3.100
[stderr]   libpostproc    58.  3.100 / 58.  3.100
[stderr] Input #0, mov,mp4,m4a,3gp,3g2,mj2, from '/Users/johndoe/Documents/company/video_ops/projects/abstract_algebra_in_proof_assistant/04-set-equality/takes/take-mrhmharr/source.mp4':
[stderr]   Metadata:
[stderr]     major_brand     : qt  
[stderr]     minor_version   : 0
[stderr]     compatible_brands: qt  
[stderr]     creation_time   : 2026-07-12T09:54:07.000000Z
[stderr]   Duration: 00:06:08.94, start: [stderr] 0.000000, bitrate: 2946 kb/s
[stderr]   Stream #0:0[0x1](und): Video: hevc (Main) (hvc1 / 0x31637668), yuv420p(tv, smpte170m/bt709/bt709), 640x480, 2834 kb/s, 29.95 fps, 29.83 tbr, 600 tbn (default)
[stderr]       Metadata:
[stderr]         creation_time   : 2026-07-12T09:54:07.000000Z
[stderr]         handler_name    : Core Media Video
[stderr]         vendor_id       : [0][0][0][0]
[stderr]         encoder         : HEVC
[stderr]       Side data:
[stderr]         displaymatrix: rotation of -180.00 degrees
[stderr]   Stream #0:1[0x2](und): Audio: aac (LC) (mp4a / 0x6134706D), 48000 Hz, mono, fltp, 100 kb/s (default)
[stderr]       Metadata:
[stderr]         creation_time   : 2026-07-12T09:54:07.000000Z
[stderr]         handler_name    : Core Media Audio
[stderr]         vendor_id       : [0][0][0][0]
[stderr]   Stream #0:2[0x3](und): Data: none (mebx / 0x7862656D) (default)
[stderr]       Metadata:
[stderr]         creation_time   : 2026-07-12T09:54:07.000000Z
[stderr]         handler_name    : Core Media Metadata
[stderr] Stream mapping:
[stderr]   Stream #0:0 -> #0:0 (hevc (native) -> h264 (libx264))
[stderr]   Stream #0:1 -> #0:1 (aac (native) -> aac (native))
[stderr] Press [q] to stop, [?] for help
[stderr] [libx264 @ 0x13b20eeb0] using cpu capabilities: ARMv8 NEON
[stderr] [libx264 @ 0x13b20eeb0] profile High, level 3.0, 4:2:0, 8-bit
[stderr] [libx264 @ 0x13b20eeb0] 264 - core 164 r3108 31e19f9 - H.264/MPEG-4 AVC codec - Copyleft 2003-2023 - http://www.videolan.org/x264.html - options: cabac=1 ref=1 deblock=1:0:0 analyse=0x3:0x113 me=hex subme=2 psy=1 psy_rd=1.00:0.00 mixed_ref=0 me_range=16 chroma_me=1 trellis=0 8x8dct=1 cqm=0 deadzone=21,11 fast_pskip=1 chroma_qp_offset=0 threads=15 lookahead_threads=3 sliced_threads=0 nr=0 decimate=1 interlaced=0 bluray_compat=0 constrained_intra=0 bframes=3 b_pyramid=2 b_adapt=1 b_bias=0 direct=1 weightb=1 open_gop=0 weightp=1 keyint=250 keyint_min=25 scenecut=40 intra_refresh=0 rc_lookahead=10 rc=crf mbtree=1 crf=18.0 qcomp=0.60 qpmin=0 qpmax=69 qpstep=4 ip_ratio=1.40 aq=1:1.00
[stderr] Output #0, mp4, to '/Users/johndoe/Documents/company/video_ops/projects/abstract_algebra_in_proof_assistant/04-set-equality/takes/take-mrhmharr/pipeline/cut/cut-mrxmiptn/chunks/chunk-027.mp4':
[stderr]   Metadata:
[stderr]     major_brand     : qt  
[stderr]     minor_version   : 0
[stderr]     compatible_brands: qt  
[stderr]     encoder         : Lavf61.7.100
[stderr]   Stream #0:0(und): Video: h264 (avc1 / 0x31637661), yuv420p(tv, smpte170m/bt709/bt709, progressive), 640x480, q=2-31, 29.83 fps, 11456 tbn (default)
[stderr]       Metadata:
[stderr]         creation_time   : 2026-07-12T09:54:07.000000Z
[stderr]         handler_name    : Core Media Video
[stderr]         vendor_id       : [0][0][0][0]
[stderr]         encoder         : Lavc61.19.100 libx264
[stderr]       Side data:
[stderr]         cpb: bitrate max/min/avg: 0/0/0 buffer size: 0 vbv_delay: N/A
[stderr]   Stream #0:1(und): Audio: aac (LC) (mp4a / 0x6134706D), 48000 Hz, mono, fltp, 69 kb/s (default)
[stderr]       Metadata:
[stderr]         creation_time   : 2026-07-12T09:54:07.000000Z
[stderr]         handler_name    : Core Media Audio
[stderr]         vendor_id       : [0][0][0][0]
[stderr]         encoder         : Lavc61.19.100 aac
[stderr] [out#0/mp4 @ 0x13b20e100] video:1553KiB audio:17KiB subtitle:0KiB other streams:0KiB global headers:0KiB muxing overhead: 0.226925%
[stderr] frame=   60 fps= 15 q=-1.0 Lsize=    1573KiB time=00:00:01.97 bitrate=6517.7kbits/s speed=0.49x    
[stderr] [libx264 @ 0x13b20eeb0] frame I:1     Avg QP:22.40  size: 72820
[stderr] [libx264 @ 0x13b20eeb0] frame P:20    Avg QP:23.05  size: 41731
[stderr] [libx264 @ 0x13b20eeb0] frame B:39    Avg QP:25.48  size: 17479
[stderr] [libx264 @ 0x13b20eeb0] consecutive B-frames:  5.0% 23.3%  5.0% 66.7%
[stderr] [libx264 @ 0x13b20eeb0] mb I  I16..4:  3.7%  5.4% 90.9%
[stderr] [libx264 @ 0x13b20eeb0] mb P  I16..4:  2.4%  4.5% 13.3%  P16..4: 25.4% 21.9% 32.1%  0.0%  0.0%    skip: 0.6%
[stderr] [libx264 @ 0x13b20eeb0] mb B  I16..4:  0.7%  0.8%  1.2%  B16..8: 27.8% 18.6% 11.3%  direct:25.0%  skip:14.7%  L0:29.7% L1:32.5% BI:37.8%
[stderr] [libx264 @ 0x13b20eeb0] 8x8 transform intra:20.8% inter:35.0%
[stderr] [libx264 @ 0x13b20eeb0] coded y,uvDC,uvAC intra: 86.3% 84.2% 52.1% inter: 62.5% 32.5% 6.5%
[stderr] [libx264 @ 0x13b20eeb0] i16 v,h,dc,p: 49% 17% 25%  9%
[stderr] [libx264 @ 0x13b20eeb0] i8 v,h,dc,ddl,ddr,vr,hd,vl,hu: 20% 19% 17%  3%  9%  6% 10%  8% 10%
[stderr] [libx264 @ 0x13b20eeb0] i4 v,h,dc,ddl,ddr,vr,hd,vl,hu: 14% 19% 14%  4% 13%  7% 11%  7% 12%
[stderr] [libx264 @ 0x13b20eeb0] i8c dc,h,v,p: 49% 23% 18% 11%
[stderr] [libx264 @ 0x13b20eeb0] Weighted P-Frames: Y:35.0% UV:5.0%
[stderr] [libx264 @ 0x13b20eeb0] kb/s:6321.23
[stderr] [aac @ 0x13b26d750] Qavg: 107.452
[stderr] ffmpeg version 7.1 Copyright (c) 2000-2024 the FFmpeg developers
[stderr]   built with Apple clang version 15.0.0 (clang-1500.1.0.2.5)
[stderr]   configuration: --prefix=/opt/homebrew/Cellar/ffmpeg/7.1_3 --enable-shared --enable-pthreads --enable-version3 --cc=clang --host-cflags= --host-ldflags='-Wl,-ld_classic' --enable-ffplay --enable-gnutls --enable-gpl --enable-libaom --enable-libaribb24 --enable-libbluray --enable-libdav1d --enable-libharfbuzz --enable-libjxl --enable-libmp3lame --enable-libopus --enable-librav1e --enable-librist --enable-librubberband --enable-libsnappy --enable-libsrt --enable-libssh --enable-libsvtav1 --enable-libtesseract --enable-libtheora --enable-libvidstab --enable-libvmaf --enable-libvorbis --enable-libvpx --enable-libwebp --enable-libx264 --enable-libx265 --enable-libxml2 --enable-libxvid --enable-lzma --enable-libfontconfig --enable-libfreetype --enable-frei0r --enable-libass --enable-libopencore-amrnb --enable-libopencore-amrwb --enable-libopenjpeg --enable-libspeex --enable-libsoxr --enable-libzmq --enable-libzimg --disable-libjack --disable-indev=jack --enable-videotoolbox --enable-audiotoolbox --enable-neon
[stderr]   libavutil      59. 39.100 / 59. 39.100
[stderr]   libavcodec     61. 19.100 / 61. 19.100
[stderr]   libavformat    61.  7.100 / 61.  7.100
[stderr]   libavdevice    61.  3.100 / 61.  3.100
[stderr]   libavfilter    10.  4.100 / 10.  4.100
[stderr]   libswscale      8.  3.100 /  8.  3.100
[stderr]   libswresample   5.  3.100 /  5.  3.100
[stderr]   libpostproc    58.  3.100 / 58.  3.100
[stderr] Input #0, mov,mp4,m4a,3gp,3g2,mj2, from '/Users/johndoe/Documents/company/video_ops/projects/abstract_algebra_in_proof_assistant/04-set-equality/takes/take-mrhmharr/source.mp4':
[stderr]   Metadata:
[stderr]     major_brand     : qt  
[stderr]     minor_version   : 0
[stderr]     compatible_brands: qt  
[stderr]     creation_time   : 2026-07-12T09:54:07.000000Z
[stderr]   Duration: 00:06:08.94[stderr] , start: 0.000000, bitrate: 2946 kb/s
[stderr]   Stream #0:0[0x1](und): Video: hevc (Main) (hvc1 / 0x31637668), yuv420p(tv, smpte170m/bt709/bt709), 640x480, 2834 kb/s, 29.95 fps, 29.83 tbr, 600 tbn (default)
[stderr]       Metadata:
[stderr]         creation_time   : 2026-07-12T09:54:07.000000Z
[stderr]         handler_name    : Core Media Video
[stderr]         vendor_id       : [0][0][0][0]
[stderr]         encoder         : HEVC
[stderr]       Side data:
[stderr]         displaymatrix: rotation of -180.00 degrees
[stderr]   Stream #0:1[0x2](und): Audio: aac (LC) (mp4a / 0x6134706D), 48000 Hz, mono, fltp, 100 kb/s (default)
[stderr]       Metadata:
[stderr]         creation_time   : 2026-07-12T09:54:07.000000Z
[stderr]         handler_name    : Core Media Audio
[stderr]         vendor_id       : [0][0][0][0]
[stderr]   Stream #0:2[0x3](und): Data: none (mebx / 0x7862656D) (default)
[stderr]       Metadata:
[stderr]         creation_time   : 2026-07-12T09:54:07.000000Z
[stderr]         handler_name    : Core Media Metadata
[stderr] Stream mapping:
[stderr]   Stream #0:0 -> #0:0 (hevc (native) -> h264 (libx264))
[stderr]   Stream #0:1 -> #0:1[stderr]  (aac (native) -> aac (native))
[stderr] Press [q] to stop, [?] for help
[stderr] [libx264 @ 0x11e638af0] using cpu capabilities: ARMv8 NEON
[stderr] [libx264 @ 0x11e638af0] profile High, level 3.0, 4:2:0, 8-bit
[stderr] [libx264 @ 0x11e638af0] 264 - core 164 r3108 31e19f9 - H.264/MPEG-4 AVC codec - Copyleft 2003-2023 - http://www.videolan.org/x264.html - options: cabac=1 ref=1 deblock=1:0:0 analyse=0x3:0x113 me=hex subme=2 psy=1 psy_rd=1.00:0.00 mixed_ref=0 me_range=16 chroma_me=1 trellis=0 8x8dct=1 cqm=0 deadzone=21,11 fast_pskip=1 chroma_qp_offset=0 threads=15 lookahead_threads=3 sliced_threads=0 nr=0 decimate=1 interlaced=0 bluray_compat=0 constrained_intra=0 bframes=3 b_pyramid=2 b_adapt=1 b_bias=0 direct=1 weightb=1 open_gop=0 weightp=1 keyint=250 keyint_min=25 scenecut=40 intra_refresh=0 rc_lookahead=10 rc=crf mbtree=1 crf=18.0 qcomp=0.60 qpmin=0 qpmax=69 qpstep=4 ip_ratio=1.40 aq=1:1.00
[stderr] Output #0, mp4, to '/Users/johndoe/Documents/company/video_ops/projects/abstract_algebra_in_proof_assistant/04-set-equality/takes/take-mrhmharr/pipeline/cut/cut-mrxmiptn/chunks/chunk-028.mp4':
[stderr]   Metadata:
[stderr]     major_brand     : qt  
[stderr]     minor_version   : 0
[stderr]     compatible_brands: qt  
[stderr]     encoder         : Lavf61.7.100
[stderr]   Stream #0:0(und): Video: h264 (avc1 / 0x31637661), yuv420p(tv, smpte170m/bt709/bt709, progressive), 640x480, q=2-31, 29.83 fps, 11456 tbn (default)
[stderr]       Metadata:
[stderr]         creation_time   : 2026-07-12T09:54:07.000000Z
[stderr]         handler_name    : Core Media Video
[stderr]         vendor_id       : [0][0][0][0]
[stderr]         encoder         : Lavc61.19.100 libx264
[stderr]       Side data:
[stderr]         cpb: bitrate max/min/avg: 0/0/0 buffer size: 0 vbv_delay: N/A
[stderr]   Stream #0:1(und): Audio: aac (LC) (mp4a / 0x6134706D), 48000 Hz, mono, fltp, 69 kb/s (default)
[stderr]       Metadata:
[stderr]         creation_time   : 2026-07-12T09:54:07.000000Z
[stderr]         handler_name    : Core Media Audio
[stderr]         vendor_id       : [0][0][0][0]
[stderr]         encoder         : Lavc61.19.100 aac
[stderr] [out#0/mp4 @ 0x11e637c60] video:1426KiB audio:19KiB subtitle:0KiB other streams:0KiB global headers:0KiB muxing overhead: 0.258827%
[stderr] frame=   65 fps= 18 q=-1.0 Lsize=    1448KiB time=00:00:02.11 bitrate=5617.4kbits/s speed=0.572x    
[stderr] [libx264 @ 0x11e638af0] frame I:1     Avg QP:22.40  size: 62497
[stderr] [libx264 @ 0x11e638af0] frame P:17    Avg QP:22.15  size: 36112
[stderr] [libx264 @ 0x11e638af0] frame B:47    Avg QP:24.59  size: 16657
[stderr] [libx264 @ 0x11e638af0] consecutive B-frames:  3.1%  0.0%  4.6% 92.3%
[stderr] [libx264 @ 0x11e638af0] mb I  I16..4:  5.6%  7.7% 86.8%
[stderr] [libx264 @ 0x11e638af0] mb P  I16..4:  6.3%  8.3% 30.5%  P16..4: 13.9% 17.1% 22.3%  0.0%  0.0%    skip: 1.6%
[stderr] [libx264 @ 0x11e638af0] mb B  I16..4:  1.3%  0.9%  2.4%  B16..8: 29.3% 19.8% 10.6%  direct:20.1%  skip:15.5%  L0:34.9% L1:31.3% BI:33.7%
[stderr] [libx264 @ 0x11e638af0] 8x8 transform intra:17.8% inter:36.1%
[stderr] [libx264 @ 0x11e638af0] coded y,uvDC,uvAC intra: 83.9% 80.6% 50.1% inter: 54.2% 30.6% 6.0%
[stderr] [libx264 @ 0x11e638af0] i16 v,h,dc,p: 65% 14% 16%  5%
[stderr] [libx264 @ 0x11e638af0] i8 v,h,dc,ddl,ddr,vr,hd,vl,hu: 18% 20% 15%  4%  9%  6%  8%  8% 11%
[stderr] [libx264 @ 0x11e638af0] i4 v,h,dc,ddl,ddr,vr,hd,vl,hu: 14% 19% 14%  4% 13%  7% 10%  7% 12%
[stderr] [libx264 @ 0x11e638af0] i8c dc,h,v,p: 49% 22% 18% 11%
[stderr] [libx264 @ 0x11e638af0] Weighted P-Frames: Y:5.9% UV:0.0%
[stderr] [libx264 @ 0x11e638af0] kb/s:5358.26
[stderr] [aac @ 0x10e669100] Qavg: 741.391
[stderr] ffmpeg version 7.1 Copyright (c) 2000-2024 the FFmpeg developers
[stderr]   built with Apple clang version 15.0.0 (clang-1500.1.0.2.5)
[stderr]   configuration: --prefix=/opt/homebrew/Cellar/ffmpeg/7.1_3 --enable-shared --enable-pthreads --enable-version3 --cc=clang --host-cflags= --host-ldflags='-Wl,-ld_classic' --enable-ffplay --enable-gnutls --enable-gpl --enable-libaom --enable-libaribb24 --enable-libbluray --enable-libdav1d --enable-libharfbuzz --enable-libjxl --enable-libmp3lame --enable-libopus --enable-librav1e --enable-librist --enable-librubberband --enable-libsnappy --enable-libsrt --enable-libssh --enable-libsvtav1 --enable-libtesseract --enable-libtheora --enable-libvidstab --enable-libvmaf --enable-libvorbis --enable-libvpx --enable-libwebp --enable-libx264 --enable-libx265 --enable-libxml2 --enable-libxvid --enable-lzma --enable-libfontconfig --enable-libfreetype --enable-frei0r --enable-libass --enable-libopencore-amrnb --enable-libopencore-amrwb --enable-libopenjpeg --enable-libspeex --enable-libsoxr --enable-libzmq --enable-libzimg --disable-libjack --disable-indev=jack --enable-videotoolbox --enable-audiotoolbox --enable-neon
[stderr]   libavutil      59. 39.100 / 59. 39.100
[stderr]   libavcodec     61. 19.100 / 61. 19.100
[stderr]   libavformat    61.  7.100 / 61.  7.100
[stderr]   libavdevice    61.  3.100 / 61.  3.100
[stderr]   libavfilter    10.  4.100 / 10.  4.100
[stderr]   libswscale      8.  3.100 /  8.  3.100
[stderr]   libswresample   5.  3.100 /  5.  3.100
[stderr]   libpostproc    58.  3.100 / 58.  3.100
[stderr] Input #0, mov,mp4,m4a,3gp,3g2,mj2, from '/Users/johndoe/Documents/company/video_ops/projects/abstract_algebra_in_proof_assistant/04-set-equality/takes/take-mrhmharr/source.mp4':
[stderr]   Metadata:
[stderr]     major_brand     : qt  
[stderr]     minor_version   : 0
[stderr]     compatible_brands: qt  
[stderr]     creation_time   : 2026-07-12T09:54:07.000000Z
[stderr]   Duration: 00:06:08.94, start: 0.000000[stderr] , bitrate: 2946 kb/s
[stderr]   Stream #0:0[0x1](und): Video: hevc (Main) (hvc1 / 0x31637668), yuv420p(tv, smpte170m/bt709/bt709), 640x480, 2834 kb/s, 29.95 fps, 29.83 tbr, 600 tbn (default)
[stderr]       Metadata:
[stderr]         creation_time   : 2026-07-12T09:54:07.000000Z
[stderr]         handler_name    : Core Media Video
[stderr]         vendor_id       : [0][0][0][0]
[stderr]         encoder         : HEVC
[stderr]       Side data:
[stderr]         displaymatrix: rotation of -180.00 degrees
[stderr]   Stream #0:1[0x2](und): Audio: aac (LC) (mp4a / 0x6134706D), 48000 Hz, mono, fltp, 100 kb/s (default)
[stderr]       Metadata:
[stderr]         creation_time   : 2026-07-12T09:54:07.000000Z
[stderr]         handler_name    : Core Media Audio
[stderr]         vendor_id       : [0][0][0][0]
[stderr]   Stream #0:2[0x3](und): Data: none (mebx / 0x7862656D) (default)
[stderr]       Metadata:
[stderr]         creation_time   : 2026-07-12T09:54:07.000000Z
[stderr]         handler_name    : Core Media Metadata
[stderr] Stream mapping:
[stderr]   Stream #0:0 -> #0:0 (hevc (native) -> h264 (libx264))
[stderr]   Stream #0:1 -> #0:1 (aac (native) -> aac (native))
[stderr] Press [q] to stop, [?] for help
[stderr] [libx264 @ 0x13ae0e7b0] using cpu capabilities: ARMv8 NEON
[stderr] [libx264 @ 0x13ae0e7b0] profile High, level 3.0, 4:2:0, 8-bit
[stderr] [libx264 @ 0x13ae0e7b0] 264 - core 164 r3108 31e19f9 - H.264/MPEG-4 AVC codec - Copyleft 2003-2023 - http://www.videolan.org/x264.html - options: cabac=1 ref=1 deblock=1:0:0 analyse=0x3:0x113 me=hex subme=2 psy=1 psy_rd=1.00:0.00 mixed_ref=0 me_range=16 chroma_me=1 trellis=0 8x8dct=1 cqm=0 deadzone=21,11 fast_pskip=1 chroma_qp_offset=0 threads=15 lookahead_threads=3 sliced_threads=0 nr=0 decimate=1 interlaced=0 bluray_compat=0 constrained_intra=0 bframes=3 b_pyramid=2 b_adapt=1 b_bias=0 direct=1 weightb=1 open_gop=0 weightp=1 keyint=250 keyint_min=25 scenecut=40 intra_refresh=0 rc_lookahead=10 rc=crf mbtree=1 crf=18.0 qcomp=0.60 qpmin=0 qpmax=69 qpstep=4 ip_ratio=1.40 aq=1:1.00
[stderr] Output #0, mp4, to '/Users/johndoe/Documents/company/video_ops/projects/abstract_algebra_in_proof_assistant/04-set-equality/takes/take-mrhmharr/pipeline/cut/cut-mrxmiptn/chunks/chunk-029.mp4':
[stderr]   Metadata:
[stderr]     major_brand     : qt  
[stderr]     minor_version   : 0
[stderr]     compatible_brands: qt  
[stderr]     encoder         : Lavf61.7.100
[stderr]   Stream #0:0(und): Video: h264 (avc1 / 0x31637661), yuv420p(tv, smpte170m/bt709/bt709, progressive), 640x480, q=2-31, 29.83 fps, 11456 tbn (default)
[stderr]       Metadata:
[stderr]         creation_time   : 2026-07-12T09:54:07.000000Z
[stderr]         handler_name    : Core Media Video
[stderr]         vendor_id       : [0][0][0][0]
[stderr]         encoder         : Lavc61.19.100 libx264
[stderr]       Side data:
[stderr]         cpb: bitrate max/min/avg: 0/0/0 buffer size: 0 vbv_delay: N/A
[stderr]   Stream #0:1(und): Audio: aac (LC) (mp4a / 0x6134706D), 48000 Hz, mono, fltp, 69 kb/s (default)
[stderr]       Metadata:
[stderr]         creation_time   : 2026-07-12T09:54:07.000000Z
[stderr]         handler_name    : Core Media Audio
[stderr]         vendor_id       : [0][0][0][0]
[stderr]         encoder         : Lavc61.19.100 aac
[stderr] [out#0/mp4 @ 0x13ae0d9e0] video:5219KiB audio:71KiB subtitle:0KiB other streams:0KiB global headers:0KiB muxing overhead: 0.195833%
[stderr] frame=  251 fps= 63 q=-1.0 Lsize=    5300KiB time=00:00:08.34 bitrate=5202.2kbits/s speed=2.11x    
[stderr] [libx264 @ 0x13ae0e7b0] frame I:3     Avg QP:20.42  size: 40511
[stderr] [libx264 @ 0x13ae0e7b0] frame P:70    Avg QP:22.06  size: 34956
[stderr] [libx264 @ 0x13ae0e7b0] frame B:178   Avg QP:24.45  size: 15588
[stderr] [libx264 @ 0x13ae0e7b0] consecutive B-frames:  3.6%  4.0%  4.8% 87.6%
[stderr] [libx264 @ 0x13ae0e7b0] mb I  I16..4:  6.1% 16.4% 77.5%
[stderr] [libx264 @ 0x13ae0e7b0] mb P  I16..4:  3.4% 11.4% 25.6%  P16..4: 17.3% 18.3% 23.5%  0.0%  0.0%    skip: 0.5%
[stderr] [libx264 @ 0x13ae0e7b0] mb B  I16..4:  1.2%  1.6%  2.1%  B16..8: 29.5% 18.7% 10.4%  direct:20.3%  skip:16.2%  L0:32.8% L1:34.0% BI:33.2%
[stderr] [libx264 @ 0x13ae0e7b0] 8x8 transform intra:28.3% inter:35.6%
[stderr] [libx264 @ 0x13ae0e7b0] coded y,uvDC,uvAC intra: 87.1% 74.7% 40.1% inter: 54.1% 29.4% 4.9%
[stderr] [libx264 @ 0x13ae0e7b0] i16 v,h,dc,p: 50% 22% 21%  7%
[stderr] [libx264 @ 0x13ae0e7b0] i8 v,h,dc,ddl,ddr,vr,hd,vl,hu: 19% 19% 16%  4%  9%  8%  8%  7% 10%
[stderr] [libx264 @ 0x13ae0e7b0] i4 v,h,dc,ddl,ddr,vr,hd,vl,hu: 16% 19% 15%  4% 13%  8%  9%  7% 10%
[stderr] [libx264 @ 0x13ae0e7b0] i8c dc,h,v,p: 49% 22% 19% 10%
[stderr] [libx264 @ 0x13ae0e7b0] Weighted P-Frames: Y:17.1% UV:0.0%
[stderr] [libx264 @ 0x13ae0e7b0] kb/s:5080.59
[stderr] [aac @ 0x13ae6d730] Qavg: 163.209
[stderr] ffmpeg version 7.1 Copyright (c) 2000-2024 the FFmpeg developers
[stderr]   built with Apple clang version 15.0.0 (clang-1500.1.0.2.5)
[stderr]   configuration: --prefix=/opt/homebrew/Cellar/ffmpeg/7.1_3 --enable-shared --enable-pthreads --enable-version3 --cc=clang --host-cflags= --host-ldflags='-Wl,-ld_classic' --enable-ffplay --enable-gnutls --enable-gpl --enable-libaom --enable-libaribb24 --enable-libbluray --enable-libdav1d --enable-libharfbuzz --enable-libjxl --enable-libmp3lame --enable-libopus --enable-librav1e --enable-librist --enable-librubberband --enable-libsnappy --enable-libsrt --enable-libssh --enable-libsvtav1 --enable-libtesseract --enable-libtheora --enable-libvidstab --enable-libvmaf --enable-libvorbis --enable-libvpx --enable-libwebp --enable-libx264 --enable-libx265 --enable-libxml2 --enable-libxvid --enable-lzma --enable-libfontconfig --enable-libfreetype --enable-frei0r --enable-libass --enable-libopencore-amrnb --enable-libopencore-amrwb --enable-libopenjpeg --enable-libspeex --enable-libsoxr --enable-libzmq --enable-libzimg --disable-libjack --disable-indev=jack --enable-videotoolbox --enable-audiotoolbox --enable-neon
[stderr]   libavutil      59. 39.100 / 59. 39.100
[stderr]   libavcodec     61. 19.100 / 61. 19.100
[stderr]   libavformat    61.  7.100 / 61.  7.100
[stderr]   libavdevice    61.  3.100 / 61.  3.100
[stderr]   libavfilter    10.  4.100 / 10.  4.100
[stderr]   libswscale      8.  3.100 /  8.  3.100
[stderr]   libswresample   5.  3.100 /  5.  3.100
[stderr]   libpostproc    58.  3.100 / 58.  3.100
[stderr] Input #0, mov,mp4,m4a,3gp,3g2,mj2, from '/Users/johndoe/Documents/company/video_ops/projects/abstract_algebra_in_proof_assistant/04-set-equality/takes/take-mrhmharr/source.mp4':
[stderr]   Metadata:
[stderr]     major_brand     : qt  
[stderr]     minor_version   : 0
[stderr]     compatible_brands: qt  
[stderr]     creation_time   : 2026-07-12T09:54:07.000000Z
[stderr]   Duration: 00:06:08.94, start: 0.000000, bitrate: 2946 kb/s
[stderr]   Stream #0:0[0x1](und): Video: hevc (Main) (hvc1 / 0x31637668), yuv420p(tv, smpte170m/bt709/bt709), 640x480, 2834 kb/s, 29.95 fps, 29.83 tbr, 600 tbn (default)
[stderr]       Metadata:
[stderr]         creation_time   : 2026-07-12T09:54:07.000000Z
[stderr]         handler_name    : Core Media Video
[stderr]         vendor_id       : [0][0][0][0]
[stderr]         encoder         : HEVC
[stderr]       Side data:
[stderr]         displaymatrix: rotation of -180.00 degrees
[stderr]   Stream #0:1[0x2](und): Audio: aac (LC) (mp4a / 0x6134706D), 48000 Hz, mono, fltp, 100 kb/s (default)
[stderr]       Metadata:
[stderr]         creation_time   : 2026-07-12T09:54:07.000000Z
[stderr]         handler_name    : Core Media Audio
[stderr]         vendor_id       : [0][0][0][0]
[stderr]   Stream #0:2[0x3](und): Data: none (mebx / 0x7862656D) (default)
[stderr]       Metadata:
[stderr]         creation_time   : 2026-07-12T09:54:07.000000Z
[stderr]         handler_name    : Core Media Metadata
[stderr] Stream mapping:
[stderr]   Stream #0:0 -> #0:0 (hevc (native) -> h264 (libx264))
[stderr]   Stream #0:1 -> #0:1 (aac (native) -> aac (native))
[stderr] Press [q] to stop, [?] for help
[stderr] [libx264 @ 0x110e056d0] using cpu capabilities: ARMv8 NEON
[stderr] [libx264 @ 0x110e056d0] profile High, level 3.0, 4:2:0, 8-bit
[stderr] [libx264 @ 0x110e056d0] 264 - core 164 r3108 31e19f9 - H.264/MPEG-4 AVC codec - Copyleft 2003-2023 - http://www.videolan.org/x264.html - options: cabac=1 ref=1 deblock=1:0:0 analyse=0x3:0x113 me=hex subme=2 psy=1 psy_rd=1.00:0.00 mixed_ref=0 me_range=16 chroma_me=1 trellis=0 8x8dct=1 cqm=0 deadzone=21,11 fast_pskip=1 chroma_qp_offset=0 threads=15 lookahead_threads=3 sliced_threads=0 nr=0 decimate=1 interlaced=0 bluray_compat=0 constrained_intra=0 bframes=3 b_pyramid=2 b_adapt=1 b_bias=0 direct=1 weightb=1 open_gop=0 weightp=1 keyint=250 keyint_min=25 scenecut=40 intra_refresh=0 rc_lookahead=10 rc=crf mbtree=1 crf=18.0 qcomp=0.60 qpmin=0 qpmax=69 qpstep=4 ip_ratio=1.40 aq=1:1.00
[stderr] Output #0, mp4, to '/Users/johndoe/Documents/company/video_ops/projects/abstract_algebra_in_proof_assistant/04-set-equality/takes/take-mrhmharr/pipeline/cut/cut-mrxmiptn/chunks/chunk-030.mp4':
[stderr]   Metadata:
[stderr]     major_brand     : qt  
[stderr]     minor_version   : 0
[stderr]     compatible_brands: qt  
[stderr]     encoder         : Lavf61.7.100
[stderr]   Stream #0:0(und): Video: h264 (avc1 / 0x31637661), yuv420p(tv, smpte170m/bt709/bt709, progressive), 640x480, q=2-31, 29.83 fps, 11456 tbn (default)
[stderr]       Metadata:
[stderr]         creation_time   : 2026-07-12T09:54:07.000000Z
[stderr]         handler_name    : Core Media Video
[stderr]         vendor_id       : [0][0][0][0]
[stderr]         encoder         : Lavc61.19.100 libx264
[stderr]       Side data:
[stderr]         cpb: bitrate max/min/avg: 0/0/0 buffer size: 0 vbv_delay: N/A
[stderr]   Stream #0:1(und): Audio: aac (LC) (mp4a / 0x6134706D), 48000 Hz, mono, fltp, 69 kb/s (default)
[stderr]       Metadata:
[stderr]         creation_time   : 2026-07-12T09:54:07.000000Z
[stderr]         handler_name    : Core Media Audio
[stderr]         vendor_id       : [0][0][0][0]
[stderr]         encoder         : Lavc61.19.100 aac
[stderr] frame=    0 fps=0.0 q=0.0 size=       0KiB time=N/A bitrate=N/A speed=N/A    [stderr] frame=  293 fps= 65 q=24.0 size=    6656KiB time=00:00:09.75 bitrate=5590.0kbits/s speed=2.15x    [stderr] frame=  628 fps=125 q=24.0 size=   14336KiB time=00:00:21.01 bitrate=5588.0kbits/s dup=0 drop=1 speed=4.17x    [stderr] frame= 1030 fps=186 q=24.0 size=   20224KiB time=00:00:34.49 bitrate=4803.4kbits/s dup=0 drop=3 speed=6.22x    [stderr] frame= 1429 fps=236 q=24.0 size=   24576KiB time=00:00:47.86 bitrate=4206.1kbits/s dup=0 drop=6 speed=7.91x    [stderr] [out#0/mp4 @ 0x110e04740] video:28036KiB audio:478KiB subtitle:0KiB other streams:0KiB global headers:0KiB muxing overhead: 0.212911%
[stderr] frame= 1683 fps=265 q=-1.0 Lsize=   28575KiB time=00:00:56.34 bitrate=4154.5kbits/s dup=0 drop=7 speed=8.86x    
[stderr] [libx264 @ 0x110e056d0] frame I:8     Avg QP:17.44  size: 60069
[stderr] [libx264 @ 0x110e056d0] frame P:574   Avg QP:20.07  size: 29901
[stderr] [libx264 @ 0x110e056d0] frame B:1101  Avg QP:24.20  size: 10050
[stderr] [libx264 @ 0x110e056d0] consecutive B-frames:  6.3% 15.2% 12.7% 65.8%
[stderr] [libx264 @ 0x110e056d0] mb I  I16..4: 15.7%  6.5% 77.8%
[stderr] [libx264 @ 0x110e056d0] mb P  I16..4: 11.4%  4.0%  7.1%  P16..4: 21.6% 19.8% 28.4%  0.0%  0.0%    skip: 7.7%
[stderr] [libx264 @ 0x110e056d0] mb B  I16..4:  2.0%  0.3%  0.5%  B16..8: 27.3% 14.6%  7.3%  direct:13.6%  skip:34.3%  L0:26.0% L1:32.2% BI:41.8%
[stderr] [libx264 @ 0x110e056d0] 8x8 transform intra:15.9% inter:32.5%
[stderr] [libx264 @ 0x110e056d0] coded y,uvDC,uvAC intra: 47.7% 42.5% 23.0% inter: 41.6% 19.2% 2.6%
[stderr] [libx264 @ 0x110e056d0] i16 v,h,dc,p: 81%  7% 10%  2%
[stderr] [libx264 @ 0x110e056d0] i8 v,h,dc,ddl,ddr,vr,hd,vl,hu: 18% 20% 23%  3%  7%  6%  7%  7%  8%
[stderr] [libx264 @ 0x110e056d0] i4 v,h,dc,ddl,ddr,vr,hd,vl,hu: 14% 18% 16%  4% 13%  7% 10%  7% 11%
[stderr] [libx264 @ 0x110e056d0] i8c dc,h,v,p: 72% 12% 11%  5%
[stderr] [libx264 @ 0x110e056d0] Weighted P-Frames: Y:15.2% UV:1.2%
[stderr] [libx264 @ 0x110e056d0] kb/s:4071.19
[stderr] [aac @ 0x110e6c4a0] Qavg: 202.411
[stderr] ffmpeg version 7.1 Copyright (c) 2000-2024 the FFmpeg developers
[stderr]   built with Apple clang version 15.0.0 (clang-1500.1.0.2.5)
[stderr]   configuration: --prefix=/opt/homebrew/Cellar/ffmpeg/7.1_3 --enable-shared --enable-pthreads --enable-version3 --cc=clang --host-cflags= --host-ldflags='-Wl,-ld_classic' --enable-ffplay --enable-gnutls --enable-gpl --enable-libaom --enable-libaribb24 --enable-libbluray --enable-libdav1d --enable-libharfbuzz --enable-libjxl --enable-libmp3lame --enable-libopus --enable-librav1e --enable-librist --enable-librubberband --enable-libsnappy --enable-libsrt --enable-libssh --enable-libsvtav1 --enable-libtesseract --enable-libtheora --enable-libvidstab --enable-libvmaf --enable-libvorbis --enable-libvpx --enable-libwebp --enable-libx264 --enable-libx265 --enable-libxml2 --enable-libxvid --enable-lzma --enable-libfontconfig --enable-libfreetype --enable-frei0r --enable-libass --enable-libopencore-amrnb --enable-libopencore-amrwb --enable-libopenjpeg --enable-libspeex --enable-libsoxr --enable-libzmq --enable-libzimg --disable-libjack --disable-indev=jack --enable-videotoolbox --enable-audiotoolbox --enable-neon
[stderr]   libavutil      59. 39.100 / 59. 39.100
[stderr]   libavcodec     61. 19.100 / 61. 19.100
[stderr]   libavformat    61.  7.100 / 61.  7.100
[stderr]   libavdevice    61.  3.100 / 61.  3.100
[stderr]   libavfilter    10.  4.100 / 10.  4.100
[stderr]   libswscale      8.  3.100 /  8.  3.100
[stderr]   libswresample   5.  3.100 /  5.  3.100
[stderr]   libpostproc    58.  3.100 / 58.  3.100
[stderr] [mov,mp4,m4a,3gp,3g2,mj2 @ 0x13e8228d0] Auto-inserting h264_mp4toannexb bitstream filter
[stderr] Input #0, concat, from '/Users/johndoe/Documents/company/video_ops/projects/abstract_algebra_in_proof_assistant/04-set-equality/takes/take-mrhmharr/pipeline/cut/cut-mrxmiptn/chunks/concat.txt':
[stderr]   Duration: N/A, start: 0.000000, bitrate: 5592 kb/s
[stderr]   Stream #0:0(und): Video: h264 (High) (avc1 / 0x31637661), yuv420p(tv, smpte170m/bt709/bt709, progressive), 640x480, 5522 kb/s, 29.83 fps, 29.83 tbr, 11456 tbn
[stderr]       Metadata:
[stderr]         handler_name    : Core Media Video
[stderr]         vendor_id       : [0][0][0][0]
[stderr]         encoder         : Lavc61.19.100 libx264
[stderr]   Stream #0:1(und): Audio: aac (LC) (mp4a / 0x6134706D), 48000 Hz, mono, fltp, 69 kb/s
[stderr]       Metadata:
[stderr]         handler_name    : Core Media Audio
[stderr]         vendor_id       : [0][0][0][0]
[stderr] Stream mapping:
[stderr]   Stream #0:0 -> #0:0 (copy)
[stderr]   Stream #0:1 -> #0:1 (copy)
[stderr] Output #0, mp4, to '/Users/johndoe/Documents/company/video_ops/projects/abstract_algebra_in_proof_assistant/04-set-equality/takes/take-mrhmharr/pipeline/cut/cut-mrxmiptn/edited-good-intervals.mp4':
[stderr]   Metadata:
[stderr]     encoder         : Lavf61.7.100
[stderr]   Stream #0:0(und): Video: h264 (High) (avc1 / 0x31637661), yuv420p(tv, smpte170m/bt709/bt709, progressive), 640x480, q=2-31, 5522 kb/s, 29.83 fps, 29.83 tbr, 11456 tbn
[stderr]       Metadata:
[stderr]         handler_name    : Core Media Video
[stderr]         vendor_id       : [0][0][0][0]
[stderr]         encoder         : Lavc61.19.100 libx264
[stderr]   Stream #0:1(und): Audio: aac (LC) (mp4a / 0x6134706D), 48000 Hz, mono, fltp, 69 kb/s
[stderr]       Metadata:
[stderr]         handler_name    : Core Media Audio
[stderr]         vendor_id       : [0][0][0][0]
[stderr] Press [q] to stop, [?] for help
[stderr] [mov,mp4,m4a,3gp,3g2,mj2 @ 0x13de19280] Auto-inserting h264_mp4toannexb bitstream filter
[stderr] [mov,mp4,m4a,3gp,3g2,mj2 @ 0x13eb043d0] Auto-inserting h264_mp4toannexb bitstream filter
[stderr] [mov,mp4,m4a,3gp,3g2,mj2 @ 0x109905400] Auto-inserting h264_mp4toannexb bitstream filter
[stderr] [mov,mp4,m4a,3gp,3g2,mj2 @ 0x109904fb0] Auto-inserting h264_mp4toannexb bitstream filter
[stderr] [mov,mp4,m4a,3gp,3g2,mj2 @ 0x13eb047d0] Auto-inserting h264_mp4toannexb bitstream filter
[stderr] [mov,mp4,m4a,3gp,3g2,mj2 @ 0x109b04150] Auto-inserting h264_mp4toannexb bitstream filter
[stderr] [mov,mp4,m4a,3gp,3g2,mj2 @ 0x13ea04630] Auto-inserting h264_mp4toannexb bitstream filter
[stderr] [mov,mp4,m4a,3gp,3g2,mj2 @ 0x13eb04ca0] Auto-inserting h264_mp4toannexb bitstream filter
[stderr] [mov,mp4,m4a,3gp,3g2,mj2 @ 0x13eb05a30] Auto-inserting h264_mp4toannexb bitstream filter
[stderr] [mov,mp4,m4a,3gp,3g2,mj2 @ 0x109904510] Auto-inserting h264_mp4toannexb bitstream filter
[stderr] [mov,mp4,m4a,3gp,3g2,mj2 @ 0x13de191a0] Auto-inserting h264_mp4toannexb bitstream filter
[stderr] [mov,mp4,m4a,3gp,3g2,mj2 @ 0x13e906800] Auto-inserting h264_mp4toannexb bitstream filter
[stderr] [mov,mp4,m4a,3gp,3g2,mj2 @ 0x109905d80] Auto-inserting h264_mp4toannexb bitstream filter
[stderr] [mov,mp4,m4a,3gp,3g2,mj2 @ 0x1099065f0] Auto-inserting h264_mp4toannexb bitstream filter
[stderr] [mov,mp4,m4a,3gp,3g2,mj2 @ 0x13e9064e0] Auto-inserting h264_mp4toannexb bitstream filter
[stderr] [mov,mp4,m4a,3gp,3g2,mj2 @ 0x13e907360] Auto-inserting h264_mp4toannexb bitstream filter
[stderr] [mov,mp4,m4a,3gp,3g2,mj2 @ 0x13eb047d0] Auto-inserting h264_mp4toannexb bitstream filter
[stderr]     Last message repeated 1 times
[stderr] [mov,mp4,m4a,3gp,3g2,mj2 @ 0x13e906470] Auto-inserting h264_mp4toannexb bitstream filter
[stderr] [mov,mp4,m4a,3gp,3g2,mj2 @ 0x13eb04ba0] Auto-inserting h264_mp4toannexb bitstream filter
[stderr] [mov,mp4,m4a,3gp,3g2,mj2 @ 0x13eb058b0] Auto-inserting h264_mp4toannexb bitstream filter
[stderr] [mov,mp4,m4a,3gp,3g2,mj2 @ 0x13e908790] Auto-inserting h264_mp4toannexb bitstream filter
[stderr] [mov,mp4,m4a,3gp,3g2,mj2 @ 0x109a04480] Auto-inserting h264_mp4toannexb bitstream filter
[stderr] [mov,mp4,m4a,3gp,3g2,mj2 @ 0x13de19260] Auto-inserting h264_mp4toannexb bitstream filter
[stderr] [mov,mp4,m4a,3gp,3g2,mj2 @ 0x109a057a0] Auto-inserting h264_mp4toannexb bitstream filter
[stderr] [mov,mp4,m4a,3gp,3g2,mj2 @ 0x109a04480] Auto-inserting h264_mp4toannexb bitstream filter
[stderr]     Last message repeated 1 times
[stderr] [mov,mp4,m4a,3gp,3g2,mj2 @ 0x13de1a940] Auto-inserting h264_mp4toannexb bitstream filter
[stderr] [mov,mp4,m4a,3gp,3g2,mj2 @ 0x109b129d0] Auto-inserting h264_mp4toannexb bitstream filter
[stderr] [mov,mp4,m4a,3gp,3g2,mj2 @ 0x109b13150] Auto-inserting h264_mp4toannexb bitstream filter
[stderr] [out#0/mp4 @ 0x13e826220] video:189722KiB audio:2533KiB subtitle:0KiB other streams:0KiB global headers:0KiB muxing overhead: 0.163729%
[stderr] frame= 8844 fps=0.0 q=-1.0 Lsize=  192570KiB time=00:04:57.55 bitrate=5301.6kbits/s speed= 759x    
[stderr] ffmpeg version 7.1 Copyright (c) 2000-2024 the FFmpeg developers
[stderr]   built with Apple clang version 15.0.0 (clang-1500.1.0.2.5)
[stderr]   configuration: --prefix=/opt/homebrew/Cellar/ffmpeg/7.1_3 --enable-shared --enable-pthreads --enable-version3 --cc=clang --host-cflags= --host-ldflags='-Wl,-ld_classic' --enable-ffplay --enable-gnutls --enable-gpl --enable-libaom --enable-libaribb24 --enable-libbluray --enable-libdav1d --enable-libharfbuzz --enable-libjxl --enable-libmp3lame --enable-libopus --enable-librav1e --enable-librist --enable-librubberband --enable-libsnappy --enable-libsrt --enable-libssh --enable-libsvtav1 --enable-libtesseract --enable-libtheora --enable-libvidstab --enable-libvmaf --enable-libvorbis --enable-libvpx --enable-libwebp --enable-libx264 --enable-libx265 --enable-libxml2 --enable-libxvid --enable-lzma --enable-libfontconfig --enable-libfreetype --enable-frei0r --enable-libass --enable-libopencore-amrnb --enable-libopencore-amrwb --enable-libopenjpeg --enable-libspeex --enable-libsoxr --enable-libzmq --enable-libzimg --disable-libjack --disable-indev=jack --enable-videotoolbox --enable-audiotoolbox --enable-neon
[stderr]   libavutil      59. 39.100 / 59. 39.100
[stderr]   libavcodec     61. 19.100 / 61. 19.100
[stderr]   libavformat    61.  7.100 / 61.  7.100
[stderr]   libavdevice    61.  3.100 / 61.  3.100
[stderr]   libavfilter    10.  4.100 / 10.  4.100
[stderr]   libswscale      8.  3.100 /  8.  3.100
[stderr]   libswresample   5.  3.100 /  5.  3.100
[stderr]   libpostproc    58.  3.100 / 58.  3.100
[stderr] Input #0, mov,mp4,m4a,3gp,3g2,mj2, from '/Users/johndoe/Documents/company/video_ops/projects/abstract_algebra_in_proof_assistant/04-set-equality/takes/take-mrhmharr/pipeline/cut/cut-mrxmiptn/edited-good-intervals.mp4':
[stderr]   Metadata:
[stderr]     major_brand     : isom
[stderr]     minor_version   : 512
[stderr]     compatible_brands: isomiso2avc1mp41
[stderr]     encoder         : Lavf61.7.100
[stderr]   Duration: 00:04:57.63, start: 0.000000, bitrate: 5300 kb/s
[stderr]   Stream #0:0[0x1](und): Video: h264 (High) (avc1 / 0x31637661), yuv420p(tv, smpte170m/bt709/bt709, progressive), 640x480, 5222 kb/s, 29.72 fps, 29.83 tbr, 11456 tbn (default)
[stderr]       Metadata:
[stderr]         handler_name    : Core Media Video
[stderr]         vendor_id       : [0][0][0][0]
[stderr]         encoder         : Lavc61.19.100 libx264
[stderr]   Stream #0:1[0x2](und): Audio: aac (LC) (mp4a / 0x6134706D), 48000 Hz, mono, fltp, 69 kb/s (default)
[stderr]       Metadata:
[stderr]         handler_name    : Core Media Audio
[stderr]         vendor_id       : [0][0][0][0]
[stderr] Stream mapping:
[stderr]   Stream #0:1 -> #0:0 (aac (native) -> aac (native))
[stderr] Press [q] to stop, [?] for help
[stderr] Output #0, ipod, to '/Users/johndoe/Documents/company/video_ops/projects/abstract_algebra_in_proof_assistant/04-set-equality/takes/take-mrhmharr/pipeline/cut/cut-mrxmiptn/edited-good-intervals-audio.m4a':
[stderr]   Metadata:
[stderr]     major_brand     : isom
[stderr]     minor_version   : 512
[stderr]     compatible_brands: isomiso2avc1mp41
[stderr]     encoder         : Lavf61.7.100
[stderr]   Stream #0:0(und): Audio: aac (LC) (mp4a / 0x6134706D), 48000 Hz, mono, fltp, 192 kb/s (default)
[stderr]       Metadata:
[stderr]         handler_name    : Core Media Audio
[stderr]         vendor_id       : [0][0][0][0]
[stderr]         encoder         : Lavc61.19.100 aac
[stderr] size=     256KiB time=00:00:25.43 bitrate=  82.5kbits/s speed=50.4x    [stderr] size=     768KiB time=00:00:42.26 bitrate= 148.9kbits/s speed=  42x    [stderr] size=    1280KiB time=00:01:17.06 bitrate= 136.1kbits/s speed=51.1x    [stderr] size=    2048KiB time=00:01:46.61 bitrate= 157.4kbits/s speed=  53x    [stderr] size=    2560KiB time=00:02:13.61 bitrate= 157.0kbits/s speed=53.1x    [stderr] size=    3072KiB time=00:02:39.68 bitrate= 157.6kbits/s speed=52.8x    [stderr] size=    3584KiB time=00:03:06.59 bitrate= 157.4kbits/s speed=52.9x    [stderr] size=    4096KiB time=00:03:33.27 bitrate= 157.3kbits/s speed=52.9x    [stderr] size=    4864KiB time=00:04:17.24 bitrate= 154.9kbits/s speed=56.8x    [stderr] size=    5632KiB time=00:04:55.53 bitrate= 156.1kbits/s speed=58.7x    [stderr] [out#0/ipod @ 0x1216051b0] video:0KiB audio:5830KiB subtitle:0KiB other streams:0KiB global headers:0KiB muxing overhead: 0.956834%
[stderr] size=    5886KiB time=00:04:57.60 bitrate= 162.0kbits/s speed=58.6x    
[stderr] [aac @ 0x121606110] Qavg: 60486.023
[stdout] Edited video: /Users/johndoe/Documents/company/video_ops/projects/abstract_algebra_in_proof_assistant/04-set-equality/takes/take-mrhmharr/pipeline/cut/cut-mrxmiptn/edited-good-intervals.mp4
[stdout] Analysis: /Users/johndoe/Documents/company/video_ops/projects/abstract_algebra_in_proof_assistant/04-set-equality/takes/take-mrhmharr/pipeline/cut/cut-mrxmiptn/analysis.json
[stdout] Remotion visual plan: /Users/johndoe/Documents/company/video_ops/projects/abstract_algebra_in_proof_assistant/04-set-equality/takes/take-mrhmharr/pipeline/cut/cut-mrxmiptn/remotion-visual-plan.json
[2026-07-23T14:47:37.046Z] exit 0
[2026-07-23T14:47:37.067Z] Cut complete
[2026-07-23T14:47:37.088Z] cut complete
