# stage-run 2026-07-13T04:32:30.343Z
jobId=job-take-mrhmharr
scriptId=04-set-equality
takeId=take-mrhmharr
stage=cut
runId=cut-mriq7mo6

[2026-07-13T04:32:30.344Z] Starting cut
[2026-07-13T04:32:30.344Z] Preparing cut inputs
[2026-07-13T04:32:30.345Z] Transcribing speech and detecting bad takes
[2026-07-13T04:32:30.345Z] $ deno run --allow-all /Users/johndoe/Documents/company/video_ops/outdoor_post/main.ts ai-edit --video /Users/johndoe/Documents/company/video_ops/scripts/abstract_algebra_in_proof_assistant/04-set-equality/takes/take-mrhmharr/pipeline/stabilize/stabilize-mripljg8/stabilized.mp4 --script /Users/johndoe/Documents/company/video_ops/scripts/abstract_algebra_in_proof_assistant/04-set-equality/export/04-set-equality-outdoor-script.json --take /Users/johndoe/Documents/company/video_ops/scripts/abstract_algebra_in_proof_assistant/04-set-equality/takes/take-mrhmharr/take.json --out-dir /Users/johndoe/Documents/company/video_ops/scripts/abstract_algebra_in_proof_assistant/04-set-equality/takes/take-mrhmharr/pipeline/cut/cut-mriq7mo6
[stderr] ffmpeg version 7.1 Copyright (c) 2000-2024 the FFmpeg developers
[stderr]   built with Apple clang version 15.0.0 (clang-1500.1.0.2.5)
[stderr]   configuration: --prefix=/opt/homebrew/Cellar/ffmpeg/7.1_3 --enable-shared --enable-pthreads --enable-version3 --cc=clang --host-cflags= --host-ldflags='-Wl,-ld_classic' --enable-ffplay --enable-gnutls --enable-gpl --enable-libaom --enable-libaribb24 --enable-libbluray --enable-libdav1d --enable-libharfbuzz --enable-libjxl --enable-libmp3lame --enable-libopus --enable-librav1e --enable-librist --enable-librubberband --enable-libsnappy --enable-libsrt --enable-libssh --enable-libsvtav1 --enable-libtesseract --enable-libtheora --enable-libvidstab --enable-libvmaf --enable-libvorbis --enable-libvpx --enable-libwebp --enable-libx264 --enable-libx265 --enable-libxml2 --enable-libxvid --enable-lzma --enable-libfontconfig --enable-libfreetype --enable-frei0r --enable-libass --enable-libopencore-amrnb --enable-libopencore-amrwb --enable-libopenjpeg --enable-libspeex --enable-libsoxr --enable-libzmq --enable-libzimg --disable-libjack --disable-indev=jack --enable-videotoolbox --enable-audiotoolbox --enable-neon
[stderr]   libavutil      59. 39.100 / 59. 39.100
[stderr]   libavcodec     61. 19.100 / 61. 19.100
[stderr]   libavformat    61.  7.100 / 61.  7.100
[stderr]   libavdevice    61.  3.100 / 61.  3.100
[stderr]   libavfilter    10.  4.100 / 10.  4.100
[stderr]   libswscale      8.  3.100 /  8.  3.100
[stderr]   libswresample   5.  3.100 /  5.  3.100
[stderr]   libpostproc    58.  3.100 / 58.  3.100
[stderr] Input #0, mov,mp4,m4a,3gp,3g2,mj2, from '/Users/johndoe/Documents/company/video_ops/scripts/abstract_algebra_in_proof_assistant/04-set-equality/takes/take-mrhmharr/pipeline/stabilize/stabilize-mripljg8/stabilized.mp4':
[stderr]   Metadata:
[stderr]     major_brand     : isom
[stderr]     minor_version   : 512
[stderr]     compatible_brands: isomiso2avc1mp41
[stderr]     encoder         : Lavf61.7.100
[stderr]   Duration: 00:06:08.98, start: 0.000000, bitrate: 5562 kb/s
[stderr]   Stream #0:0[0x1](und): Video: h264 (High) (avc1 / 0x31637661), yuv420p(tv, smpte170m/bt709/bt709, progressive), 640x480, 5453 kb/s, 29.83 fps, 29.83 tbr, 11456 tbn (default)
[stderr]       Metadata:
[stderr]         handler_name    : Core Media Video
[stderr]         vendor_id       : [0][0][0][0]
[stderr]         encoder         : Lavc61.19.100 libx264
[stderr]   Stream #0:1[0x2](und): Audio: aac (LC) (mp4a / 0x6134706D), 48000 Hz, mono, fltp, 100 kb/s (default)
[stderr]       Metadata:
[stderr]         handler_name    : Core Media Audio
[stderr]         vendor_id       : [0][0][0][0]
[stderr] Stream mapping:
[stderr]   Stream #0:1 -> #0:0 (aac (native) -> pcm_s16le (native))
[stderr] Press [q] to stop, [?] for help
[stderr] Output #0, wav, to '/Users/johndoe/Documents/company/video_ops/scripts/abstract_algebra_in_proof_assistant/04-set-equality/takes/take-mrhmharr/pipeline/cut/cut-mriq7mo6/audio.wav':
[stderr]   Metadata:
[stderr]     major_brand     : isom
[stderr]     minor_version   : 512
[stderr]     compatible_brands: isomiso2avc1mp41
[stderr]     ISFT            : Lavf61.7.100
[stderr]   Stream #0:0(und): Audio: pcm_s16le ([1][0][0][0] / 0x0001), 16000 Hz, mono, s16, 256 kb/s (default)
[stderr]       Metadata:
[stderr]         handler_name    : Core Media Audio
[stderr]         vendor_id       : [0][0][0][0]
[stderr]         encoder         : Lavc61.19.100 pcm_s16le
[stderr] [out#0/wav @ 0x12de0d690] video:0KiB audio:11529KiB subtitle:0KiB other streams:0KiB global headers:0KiB muxing overhead: 0.000661%
[stderr] size=   11529KiB time=00:06:08.93 bitrate= 256.0kbits/s speed=1.74e+03x    
[stderr] ffmpeg version 7.1 Copyright (c) 2000-2024 the FFmpeg developers
[stderr]   built with Apple clang version 15.0.0 (clang-1500.1.0.2.5)
[stderr]   configuration: --prefix=/opt/homebrew/Cellar/ffmpeg/7.1_3 --enable-shared --enable-pthreads --enable-version3 --cc=clang --host-cflags= --host-ldflags='-Wl,-ld_classic' --enable-ffplay --enable-gnutls --enable-gpl --enable-libaom --enable-libaribb24 --enable-libbluray --enable-libdav1d --enable-libharfbuzz --enable-libjxl --enable-libmp3lame --enable-libopus --enable-librav1e --enable-librist --enable-librubberband --enable-libsnappy --enable-libsrt --enable-libssh --enable-libsvtav1 --enable-libtesseract --enable-libtheora --enable-libvidstab --enable-libvmaf --enable-libvorbis --enable-libvpx --enable-libwebp --enable-libx264 --enable-libx265 --enable-libxml2 --enable-libxvid --enable-lzma --enable-libfontconfig --enable-libfreetype --enable-frei0r --enable-libass --enable-libopencore-amrnb --enable-libopencore-amrwb --enable-libopenjpeg --enable-libspeex --enable-libsoxr --enable-libzmq --enable-libzimg --disable-libjack --disable-indev=jack --enable-videotoolbox --enable-audiotoolbox --enable-neon
[stderr]   libavutil      59. 39.100 / 59. 39.100
[stderr]   libavcodec     61. 19.100 / 61. 19.100
[stderr]   libavformat    61.  7.100 / 61.  7.100
[stderr]   libavdevice    61.  3.100 / 61.  3.100
[stderr]   libavfilter    10.  4.100 / 10.  4.100
[stderr]   libswscale      8.  3.100 /  8.  3.100
[stderr]   libswresample   5.  3.100 /  5.  3.100
[stderr]   libpostproc    58.  3.100 / 58.  3.100
[stderr] Input #0, mov,mp4,m4a,3gp,3g2,mj2, from '/Users/johndoe/Documents/company/video_ops/scripts/abstract_algebra_in_proof_assistant/04-set-equality/takes/take-mrhmharr/pipeline/stabilize/stabilize-mripljg8/stabilized.mp4':
[stderr]   Metadata:
[stderr]     major_brand     : isom
[stderr]     minor_version   : 512
[stderr]     compatible_brands: isomiso2avc1mp41
[stderr]     encoder         : Lavf61.7.100
[stderr]   Duration: 00:06:08.98, start: 0.000000, bitrate: 5562 kb/s
[stderr]   Stream #0:0[0x1](und): Video: h264 (High) (avc1 / 0x31637661), yuv420p(tv, smpte170m/bt709/bt709, progressive), 640x480, 5453 kb/s, 29.83 fps, 29.83 tbr, 11456 tbn (default)
[stderr]       Metadata:
[stderr]         handler_name    : Core Media Video
[stderr]         vendor_id       : [0][0][0][0]
[stderr]         encoder         : Lavc61.19.100 libx264
[stderr]   Stream #0:1[0x2](und): Audio: aac (LC) (mp4a / 0x6134706D), 48000 Hz, mono, fltp, 100 kb/s (default)
[stderr]       Metadata:
[stderr]         handler_name    : Core Media Audio
[stderr]         vendor_id       : [0][0][0][0]
[stderr] Stream mapping:
[stderr]   Stream #0:0 -> #0:0 (h264 (native) -> h264 (libx264))
[stderr]   Stream #0:1 -> #0:1 (aac (native) -> aac (native))
[stderr] Press [q] to stop, [?] for help
[stderr] [libx264 @ 0x148606160] using cpu capabilities: ARMv8 NEON
[stderr] [libx264 @ 0x148606160] profile High, level 3.0, 4:2:0, 8-bit
[stderr] [libx264 @ 0x148606160] 264 - core 164 r3108 31e19f9 - H.264/MPEG-4 AVC codec - Copyleft 2003-2023 - http://www.videolan.org/x264.html - options: cabac=1 ref=1 deblock=1:0:0 analyse=0x3:0x113 me=hex subme=2 psy=1 psy_rd=1.00:0.00 mixed_ref=0 me_range=16 chroma_me=1 trellis=0 8x8dct=1 cqm=0 deadzone=21,11 fast_pskip=1 chroma_qp_offset=0 threads=15 lookahead_threads=3 sliced_threads=0 nr=0 decimate=1 interlaced=0 bluray_compat=0 constrained_intra=0 bframes=3 b_pyramid=2 b_adapt=1 b_bias=0 direct=1 weightb=1 open_gop=0 weightp=1 keyint=250 keyint_min=25 scenecut=40 intra_refresh=0 rc_lookahead=10 rc=crf mbtree=1 crf=18.0 qcomp=0.60 qpmin=0 qpmax=69 qpstep=4 ip_ratio=1.40 aq=1:1.00
[stderr] Output #0, mp4, to '/Users/johndoe/Documents/company/video_ops/scripts/abstract_algebra_in_proof_assistant/04-set-equality/takes/take-mrhmharr/pipeline/cut/cut-mriq7mo6/chunks/chunk-000.mp4':
[stderr]   Metadata:
[stderr]     major_brand     : isom
[stderr]     minor_version   : 512
[stderr]     compatible_brands: isomiso2avc1mp41
[stderr]     encoder         : Lavf61.7.100
[stderr]   Stream #0:0(und): Video: h264 (avc1 / 0x31637661), yuv420p(tv, smpte170m/bt709/bt709, progressive), 640x480, q=2-31, 29.83 fps, 11456 tbn (default)
[stderr]       Metadata:
[stderr]         handler_name    : Core Media Video
[stderr]         vendor_id       : [0][0][0][0]
[stderr]         encoder         : Lavc61.19.100 libx264
[stderr]       Side data:
[stderr]         cpb: bitrate max/min/avg: 0/0/0 buffer size: 0 vbv_delay: N/A
[stderr]   Stream #0:1(und): Audio: aac (LC) (mp4a / 0x6134706D), 48000 Hz, mono, fltp, 69 kb/s (default)
[stderr]       Metadata:
[stderr]         handler_name    : Core Media Audio
[stderr]         vendor_id       : [0][0][0][0]
[stderr]         encoder         : Lavc61.19.100 aac
[stderr] [out#0/mp4 @ 0x1486051d0] video:2185KiB audio:31KiB subtitle:0KiB other streams:0KiB global headers:0KiB muxing overhead: 0.241247%
[stderr] frame=  110 fps=0.0 q=-1.0 Lsize=    2222KiB time=00:00:03.62 bitrate=5028.2kbits/s speed=  26x    
[stderr] [libx264 @ 0x148606160] frame I:1     Avg QP:21.66  size: 59288
[stderr] [libx264 @ 0x148606160] frame P:30    Avg QP:22.50  size: 32932
[stderr] [libx264 @ 0x148606160] frame B:79    Avg QP:24.67  size: 15059
[stderr] [libx264 @ 0x148606160] consecutive B-frames:  3.6%  1.8%  0.0% 94.5%
[stderr] [libx264 @ 0x148606160] mb I  I16..4:  2.4%  6.3% 91.2%
[stderr] [libx264 @ 0x148606160] mb P  I16..4:  2.2%  9.6% 27.9%  P16..4: 17.1% 19.1% 23.6%  0.0%  0.0%    skip: 0.6%
[stderr] [libx264 @ 0x148606160] mb B  I16..4:  0.6%  1.0%  1.8%  B16..8: 27.9% 22.1% 11.9%  direct:20.8%  skip:13.9%  L0:27.1% L1:38.0% BI:34.9%
[stderr] [libx264 @ 0x148606160] 8x8 transform intra:23.9% inter:28.1%
[stderr] [libx264 @ 0x148606160] coded y,uvDC,uvAC intra: 89.1% 74.1% 37.3% inter: 53.5% 24.1% 0.9%
[stderr] [libx264 @ 0x148606160] i16 v,h,dc,p: 60% 20% 15%  5%
[stderr] [libx264 @ 0x148606160] i8 v,h,dc,ddl,ddr,vr,hd,vl,hu: 20% 16% 14%  3% 12% 10%  9%  7%  9%
[stderr] [libx264 @ 0x148606160] i4 v,h,dc,ddl,ddr,vr,hd,vl,hu: 16% 16% 13%  3% 17%  9% 11%  6%  8%
[stderr] [libx264 @ 0x148606160] i8c dc,h,v,p: 49% 20% 21%  9%
[stderr] [libx264 @ 0x148606160] Weighted P-Frames: Y:16.7% UV:6.7%
[stderr] [libx264 @ 0x148606160] kb/s:4853.47
[stderr] [aac @ 0x14863b010] Qavg: 114.548
[stderr] ffmpeg version 7.1 Copyright (c) 2000-2024 the FFmpeg developers
[stderr]   built with Apple clang version 15.0.0 (clang-1500.1.0.2.5)
[stderr]   configuration: --prefix=/opt/homebrew/Cellar/ffmpeg/7.1_3 --enable-shared --enable-pthreads --enable-version3 --cc=clang --host-cflags= --host-ldflags='-Wl,-ld_classic' --enable-ffplay --enable-gnutls --enable-gpl --enable-libaom --enable-libaribb24 --enable-libbluray --enable-libdav1d --enable-libharfbuzz --enable-libjxl --enable-libmp3lame --enable-libopus --enable-librav1e --enable-librist --enable-librubberband --enable-libsnappy --enable-libsrt --enable-libssh --enable-libsvtav1 --enable-libtesseract --enable-libtheora --enable-libvidstab --enable-libvmaf --enable-libvorbis --enable-libvpx --enable-libwebp --enable-libx264 --enable-libx265 --enable-libxml2 --enable-libxvid --enable-lzma --enable-libfontconfig --enable-libfreetype --enable-frei0r --enable-libass --enable-libopencore-amrnb --enable-libopencore-amrwb --enable-libopenjpeg --enable-libspeex --enable-libsoxr --enable-libzmq --enable-libzimg --disable-libjack --disable-indev=jack --enable-videotoolbox --enable-audiotoolbox --enable-neon
[stderr]   libavutil      59. 39.100 / 59. 39.100
[stderr]   libavcodec     61. 19.100 / 61. 19.100
[stderr]   libavformat    61.  7.100 / 61.  7.100
[stderr]   libavdevice    61.  3.100 / 61.  3.100
[stderr]   libavfilter    10.  4.100 / 10.  4.100
[stderr]   libswscale      8.  3.100 /  8.  3.100
[stderr]   libswresample   5.  3.100 /  5.  3.100
[stderr]   libpostproc    58.  3.100 / 58.  3.100
[stderr] Input #0, mov,mp4,m4a,3gp,3g2,mj2, from '/Users/johndoe/Documents/company/video_ops/scripts/abstract_algebra_in_proof_assistant/04-set-equality/takes/take-mrhmharr/pipeline/stabilize/stabilize-mripljg8/stabilized.mp4':
[stderr]   Metadata:
[stderr]     major_brand     : isom
[stderr]     minor_version   : 512
[stderr]     compatible_brands: isomiso2avc1mp41
[stderr]     encoder         : Lavf61.7.100
[stderr]   Duration: 00:06:08.98, start: 0.000000, bitrate: 5562 kb/s
[stderr]   Stream #0:0[0x1](und): Video: h264 (High) (avc1 / 0x31637661), yuv420p(tv, smpte170m/bt709/bt709, progressive), 640x480, 5453 kb/s, 29.83 fps, 29.83 tbr, 11456 tbn (default)
[stderr]       Metadata:
[stderr]         handler_name    : Core Media Video
[stderr]         vendor_id       : [0][0][0][0]
[stderr]         encoder         : Lavc61.19.100 libx264
[stderr]   Stream #0:1[0x2](und): Audio: aac (LC) (mp4a / 0x6134706D), 48000 Hz, mono, fltp, 100 kb/s (default)
[stderr]       Metadata:
[stderr]         handler_name    : Core Media Audio
[stderr]         vendor_id       : [0][0][0][0]
[stderr] Stream mapping:
[stderr]   Stream #0:0 -> #0:0 (h264 (native) -> h264 (libx264))
[stderr]   Stream #0:1 -> #0:1 (aac (native) -> aac (native))
[stderr] Press [q] to stop, [?] for help
[stderr] [libx264 @ 0x12d9133d0] using cpu capabilities: ARMv8 NEON
[stderr] [libx264 @ 0x12d9133d0] profile High, level 3.0, 4:2:0, 8-bit
[stderr] [libx264 @ 0x12d9133d0] 264 - core 164 r3108 31e19f9 - H.264/MPEG-4 AVC codec - Copyleft 2003-2023 - http://www.videolan.org/x264.html - options: cabac=1 ref=1 deblock=1:0:0 analyse=0x3:0x113 me=hex subme=2 psy=1 psy_rd=1.00:0.00 mixed_ref=0 me_range=16 chroma_me=1 trellis=0 8x8dct=1 cqm=0 deadzone=21,11 fast_pskip=1 chroma_qp_offset=0 threads=15 lookahead_threads=3 sliced_threads=0 nr=0 decimate=1 interlaced=0 bluray_compat=0 constrained_intra=0 bframes=3 b_pyramid=2 b_adapt=1 b_bias=0 direct=1 weightb=1 open_gop=0 weightp=1 keyint=250 keyint_min=25 scenecut=40 intra_refresh=0 rc_lookahead=10 rc=crf mbtree=1 crf=18.0 qcomp=0.60 qpmin=0 qpmax=69 qpstep=4 ip_ratio=1.40 aq=1:1.00
[stderr] Output #0, mp4, to '/Users/johndoe/Documents/company/video_ops/scripts/abstract_algebra_in_proof_assistant/04-set-equality/takes/take-mrhmharr/pipeline/cut/cut-mriq7mo6/chunks/chunk-001.mp4':
[stderr]   Metadata:
[stderr]     major_brand     : isom
[stderr]     minor_version   : 512
[stderr]     compatible_brands: isomiso2avc1mp41
[stderr]     encoder         : Lavf61.7.100
[stderr]   Stream #0:0(und): Video: h264 (avc1 / 0x31637661), yuv420p(tv, smpte170m/bt709/bt709, progressive), 640x480, q=2-31, 29.83 fps, 11456 tbn (default)
[stderr]       Metadata:
[stderr]         handler_name    : Core Media Video
[stderr]         vendor_id       : [0][0][0][0]
[stderr]         encoder         : Lavc61.19.100 libx264
[stderr]       Side data:
[stderr]         cpb: bitrate max/min/avg: 0/0/0 buffer size: 0 vbv_delay: N/A
[stderr]   Stream #0:1(und): Audio: aac (LC) (mp4a / 0x6134706D), 48000 Hz, mono, fltp, 69 kb/s (default)
[stderr]       Metadata:
[stderr]         handler_name    : Core Media Audio
[stderr]         vendor_id       : [0][0][0][0]
[stderr]         encoder         : Lavc61.19.100 aac
[stderr] frame=  381 fps=0.0 q=24.0 size=    7936KiB time=00:00:12.73 bitrate=5104.0kbits/s speed=25.2x    
[stderr] [out#0/mp4 @ 0x12d90e990] video:10805KiB audio:155KiB subtitle:0KiB other streams:0KiB global headers:0KiB muxing overhead: 0.187142%
[stderr] frame=  536 fps=0.0 q=-1.0 Lsize=   10981KiB time=00:00:17.93 bitrate=5016.3kbits/s speed=27.3x    
[stderr] [libx264 @ 0x12d9133d0] frame I:3     Avg QP:20.52  size: 56386
[stderr] [libx264 @ 0x12d9133d0] frame P:152   Avg QP:22.10  size: 36447
[stderr] [libx264 @ 0x12d9133d0] frame B:381   Avg QP:24.93  size: 14054
[stderr] [libx264 @ 0x12d9133d0] consecutive B-frames:  2.6%  6.3%  4.5% 86.6%
[stderr] [libx264 @ 0x12d9133d0] mb I  I16..4:  2.0% 10.1% 87.9%
[stderr] [libx264 @ 0x12d9133d0] mb P  I16..4:  2.0%  5.8% 15.6%  P16..4: 21.9% 23.1% 31.1%  0.0%  0.0%    skip: 0.5%
[stderr] [libx264 @ 0x12d9133d0] mb B  I16..4:  0.5%  0.6%  0.8%  B16..8: 28.9% 21.4%  9.3%  direct:23.8%  skip:14.8%  L0:28.9% L1:34.4% BI:36.7%
[stderr] [libx264 @ 0x12d9133d0] 8x8 transform intra:24.9% inter:29.3%
[stderr] [libx264 @ 0x12d9133d0] coded y,uvDC,uvAC intra: 85.3% 79.2% 40.3% inter: 56.0% 23.2% 1.0%
[stderr] [libx264 @ 0x12d9133d0] i16 v,h,dc,p: 52% 18% 19% 10%
[stderr] [libx264 @ 0x12d9133d0] i8 v,h,dc,ddl,ddr,vr,hd,vl,hu: 20% 19% 17%  2% 10%  8% 10%  6%  7%
[stderr] [libx264 @ 0x12d9133d0] i4 v,h,dc,ddl,ddr,vr,hd,vl,hu: 15% 19% 13%  3% 15%  8% 11%  6%  9%
[stderr] [libx264 @ 0x12d9133d0] i8c dc,h,v,p: 47% 21% 21% 11%
[stderr] [libx264 @ 0x12d9133d0] Weighted P-Frames: Y:19.7% UV:2.0%
[stderr] [libx264 @ 0x12d9133d0] kb/s:4926.45
[stderr] [aac @ 0x12d97c650] Qavg: 205.422
[stderr] ffmpeg version 7.1 Copyright (c) 2000-2024 the FFmpeg developers
[stderr]   built with Apple clang version 15.0.0 (clang-1500.1.0.2.5)
[stderr]   configuration: --prefix=/opt/homebrew/Cellar/ffmpeg/7.1_3 --enable-shared --enable-pthreads --enable-version3 --cc=clang --host-cflags= --host-ldflags='-Wl,-ld_classic' --enable-ffplay --enable-gnutls --enable-gpl --enable-libaom --enable-libaribb24 --enable-libbluray --enable-libdav1d --enable-libharfbuzz --enable-libjxl --enable-libmp3lame --enable-libopus --enable-librav1e --enable-librist --enable-librubberband --enable-libsnappy --enable-libsrt --enable-libssh --enable-libsvtav1 --enable-libtesseract --enable-libtheora --enable-libvidstab --enable-libvmaf --enable-libvorbis --enable-libvpx --enable-libwebp --enable-libx264 --enable-libx265 --enable-libxml2 --enable-libxvid --enable-lzma --enable-libfontconfig --enable-libfreetype --enable-frei0r --enable-libass --enable-libopencore-amrnb --enable-libopencore-amrwb --enable-libopenjpeg --enable-libspeex --enable-libsoxr --enable-libzmq --enable-libzimg --disable-libjack --disable-indev=jack --enable-videotoolbox --enable-audiotoolbox --enable-neon
[stderr]   libavutil      59. 39.100 / 59. 39.100
[stderr]   libavcodec     61. 19.100 / 61. 19.100
[stderr]   libavformat    61.  7.100 / 61.  7.100
[stderr]   libavdevice    61.  3.100 / 61.  3.100
[stderr]   libavfilter    10.  4.100 / 10.  4.100
[stderr]   libswscale      8.  3.100 /  8.  3.100
[stderr]   libswresample   5.  3.100 /  5.  3.100
[stderr]   libpostproc    58.  3.100 / 58.  3.100
[stderr] Input #0, mov,mp4,m4a,3gp,3g2,mj2, from '/Users/johndoe/Documents/company/video_ops/scripts/abstract_algebra_in_proof_assistant/04-set-equality/takes/take-mrhmharr/pipeline/stabilize/stabilize-mripljg8/stabilized.mp4':
[stderr]   Metadata:
[stderr]     major_brand     : isom
[stderr]     minor_version   : [stderr] 512
[stderr]     compatible_brands: isomiso2avc1mp41
[stderr]     encoder         : Lavf61.7.100
[stderr]   Duration: 00:06:08.98, start: 0.000000, bitrate: 5562 kb/s
[stderr]   Stream #0:0[0x1](und): Video: h264 (High) (avc1 / 0x31637661), yuv420p(tv, smpte170m/bt709/bt709, progressive), 640x480, 5453 kb/s, 29.83 fps, 29.83 tbr, 11456 tbn (default)
[stderr]       Metadata:
[stderr]         handler_name    : Core Media Video
[stderr]         vendor_id       : [0][0][0][0]
[stderr]         encoder         : Lavc61.19.100 libx264
[stderr]   Stream #0:1[0x2](und): Audio: aac (LC) (mp4a / 0x6134706D), 48000 Hz, mono, fltp, 100 kb/s (default)
[stderr]       Metadata:
[stderr]         handler_name    : Core Media Audio
[stderr]         vendor_id       : [0][0][0][0]
[stderr] Stream mapping:
[stderr]   Stream #0:0 -> #0:0 (h264 (native) -> h264 (libx264))
[stderr]   Stream #0:1 -> #0:1 (aac (native) -> aac (native))
[stderr] Press [q] to stop, [?] for help
[stderr] [libx264 @ 0x120605170] using cpu capabilities: ARMv8 NEON
[stderr] [libx264 @ 0x120605170] profile High, level 3.0, 4:2:0, 8-bit
[stderr] [libx264 @ 0x120605170] 264 - core 164 r3108 31e19f9 - H.264/MPEG-4 AVC codec - Copyleft 2003-2023 - http://www.videolan.org/x264.html - options: cabac=1 ref=1 deblock=1:0:0 analyse=0x3:0x113 me=hex subme=2 psy=1 psy_rd=1.00:0.00 mixed_ref=0 me_range=16 chroma_me=1 trellis=0 8x8dct=1 cqm=0 deadzone=21,11 fast_pskip=1 chroma_qp_offset=0 threads=15 lookahead_threads=3 sliced_threads=0 nr=0 decimate=1 interlaced=0 bluray_compat=0 constrained_intra=0 bframes=3 b_pyramid=2 b_adapt=1 b_bias=0 direct=1 weightb=1 open_gop=0 weightp=1 keyint=250 keyint_min=25 scenecut=40 intra_refresh=0 rc_lookahead=10 rc=crf mbtree=1 crf=18.0 qcomp=0.60 qpmin=0 qpmax=69 qpstep=4 ip_ratio=1.40 aq=1:1.00
[stderr] Output #0, mp4, to '/Users/johndoe/Documents/company/video_ops/scripts/abstract_algebra_in_proof_assistant/04-set-equality/takes/take-mrhmharr/pipeline/cut/cut-mriq7mo6/chunks/chunk-002.mp4':
[stderr]   Metadata:
[stderr]     major_brand     : isom
[stderr]     minor_version   : 512
[stderr]     compatible_brands: isomiso2avc1mp41
[stderr]     encoder         : Lavf61.7.100
[stderr]   Stream #0:0(und): Video: h264 (avc1 / 0x31637661), yuv420p(tv, smpte170m/bt709/bt709, progressive), 640x480, q=2-31, 29.83 fps, 11456 tbn (default)
[stderr]       Metadata:
[stderr]         handler_name    : Core Media Video
[stderr]         vendor_id       : [0][0][0][0]
[stderr]         encoder         : Lavc61.19.100 libx264
[stderr]       Side data:
[stderr]         cpb: bitrate max/min/avg: 0/0/0 buffer size: 0 vbv_delay: N/A
[stderr]   Stream #0:1(und): Audio: aac (LC) (mp4a / 0x6134706D), 48000 Hz, mono, fltp, 69 kb/s (default)
[stderr]       Metadata:
[stderr]         handler_name    : Core Media Audio
[stderr]         vendor_id       : [0][0][0][0]
[stderr]         encoder         : Lavc61.19.100 aac
[stderr] frame=  232 fps=0.0 q=24.0 size=    3840KiB time=00:00:07.74 bitrate=4062.7kbits/s speed=15.3x    
[stderr] frame=  644 fps=639 q=24.0 size=   13056KiB time=00:00:21.55 bitrate=4962.4kbits/s speed=21.4x    
[stderr] [out#0/mp4 @ 0x1206041d0] video:22664KiB audio:296KiB subtitle:0KiB other streams:0KiB global headers:0KiB muxing overhead: 0.166509%
[stderr] frame= 1033 fps=710 q=-1.0 Lsize=   22998KiB time=00:00:34.59 bitrate=5446.4kbits/s speed=23.8x    
[stderr] [libx264 @ 0x120605170] frame I:7     Avg QP:19.71  size: 54172
[stderr] [libx264 @ 0x120605170] frame P:278   Avg QP:22.37  size: 38129
[stderr] [libx264 @ 0x120605170] frame B:748   Avg QP:25.34  size: 16348
[stderr] [libx264 @ 0x120605170] consecutive B-frames:  2.0%  2.9%  4.1% 91.0%
[stderr] [libx264 @ 0x120605170] mb I  I16..4:  5.6% 11.3% 83.1%
[stderr] [libx264 @ 0x120605170] mb P  I16..4:  4.4%  7.5% 19.6%  P16..4: 17.2% 20.0% 29.8%  0.0%  0.0%    skip: 1.6%
[stderr] [libx264 @ 0x120605170] mb B  I16..4:  1.1%  0.8%  1.5%  B16..8: 26.5% 20.9% 13.0%  direct:19.9%  skip:16.4%  L0:29.2% L1:32.6% BI:38.2%
[stderr] [libx264 @ 0x120605170] 8x8 transform intra:23.1% inter:26.3%
[stderr] [libx264 @ 0x120605170] coded y,uvDC,uvAC intra: 79.4% 70.1% 35.2% inter: 53.8% 22.7% 1.0%
[stderr] [libx264 @ 0x120605170] i16 v,h,dc,p: 66% 14% 15%  5%
[stderr] [libx264 @ 0x120605170] i8 v,h,dc,ddl,ddr,vr,hd,vl,hu: 24% 17% 16%  2% 10% 10%  8%  7%  7%
[stderr] [libx264 @ 0x120605170] i4 v,h,dc,ddl,ddr,vr,hd,vl,hu: 16% 17% 13%  3% 15% 10% 10%  7%  9%
[stderr] [libx264 @ 0x120605170] i8c dc,h,v,p: 53% 18% 20%  9%
[stderr] [libx264 @ 0x120605170] Weighted P-Frames: Y:16.5% UV:0.7%
[stderr] [libx264 @ 0x120605170] kb/s:5361.91
[stderr] [aac @ 0x12067a040] Qavg: 227.861
[stderr] ffmpeg version 7.1 Copyright (c) 2000-2024 the FFmpeg developers
[stderr]   built with Apple clang version 15.0.0 (clang-1500.1.0.2.5)
[stderr]   configuration: --prefix=/opt/homebrew/Cellar/ffmpeg/7.1_3 --enable-shared --enable-pthreads --enable-version3 --cc=clang --host-cflags= --host-ldflags='-Wl,-ld_classic' --enable-ffplay --enable-gnutls --enable-gpl --enable-libaom --enable-libaribb24 --enable-libbluray --enable-libdav1d --enable-libharfbuzz --enable-libjxl --enable-libmp3lame --enable-libopus --enable-librav1e --enable-librist --enable-librubberband --enable-libsnappy --enable-libsrt --enable-libssh --enable-libsvtav1 --enable-libtesseract --enable-libtheora --enable-libvidstab --enable-libvmaf --enable-libvorbis --enable-libvpx --enable-libwebp --enable-libx264 --enable-libx265 --enable-libxml2 --enable-libxvid --enable-lzma --enable-libfontconfig --enable-libfreetype --enable-frei0r --enable-libass --enable-libopencore-amrnb --enable-libopencore-amrwb --enable-libopenjpeg --enable-libspeex --enable-libsoxr --enable-libzmq --enable-libzimg --disable-libjack --disable-indev=jack --enable-videotoolbox --enable-audiotoolbox --enable-neon
[stderr]   libavutil      59. 39.100 / 59. 39.100
[stderr]   libavcodec     61. 19.100 / 61. 19.100
[stderr]   libavformat    61.  7.100 / 61.  7.100
[stderr]   libavdevice    61.  3.100 / 61.  3.100
[stderr]   libavfilter    10.  4.100 / 10.  4.100
[stderr]   libswscale      8.  3.100 /  8.  3.100
[stderr]   libswresample   5.  3.100 /  5.  3.100
[stderr]   libpostproc    58.  3.100 / 58.  3.100
[stderr] Input #0, mov,mp4,m4a,3gp,3g2,mj2, from '/Users/johndoe/Documents/company/video_ops/scripts/abstract_algebra_in_proof_assistant/04-set-equality/takes/take-mrhmharr/pipeline/stabilize/stabilize-mripljg8/stabilized.mp4':
[stderr]   Metadata:
[stderr]     major_brand     : isom
[stderr]     minor_version   : [stderr] 512
[stderr]     compatible_brands: isomiso2avc1mp41
[stderr]     encoder         : Lavf61.7.100
[stderr]   Duration: 00:06:08.98, start: 0.000000, bitrate: 5562 kb/s
[stderr]   Stream #0:0[0x1](und): Video: h264 (High) (avc1 / 0x31637661), yuv420p(tv, smpte170m/bt709/bt709, progressive), 640x480, 5453 kb/s, 29.83 fps, 29.83 tbr, 11456 tbn (default)
[stderr]       Metadata:
[stderr]         handler_name    : Core Media Video
[stderr]         vendor_id       : [0][0][0][0]
[stderr]         encoder         : Lavc61.19.100 libx264
[stderr]   Stream #0:1[0x2](und): Audio: aac (LC) (mp4a / 0x6134706D), 48000 Hz, mono, fltp, 100 kb/s (default)
[stderr]       Metadata:
[stderr]         handler_name    : Core Media Audio
[stderr]         vendor_id       : [0][0][0][0]
[stderr] Stream mapping:
[stderr]   Stream #0:0 -> #0:0 (h264 (native) -> h264 (libx264))
[stderr]   Stream #0:1 -> #0:1 (aac (native) -> aac (native))
[stderr] Press [q] to stop, [?] for help
[stderr] [libx264 @ 0x147f06300] using cpu capabilities: ARMv8 NEON
[stderr] [libx264 @ 0x147f06300] profile High, level 3.0, 4:2:0, 8-bit
[stderr] [libx264 @ 0x147f06300] 264 - core 164 r3108 31e19f9 - H.264/MPEG-4 AVC codec - Copyleft 2003-2023 - http://www.videolan.org/x264.html - options: cabac=1 ref=1 deblock=1:0:0 analyse=0x3:0x113 me=hex subme=2 psy=1 psy_rd=1.00:0.00 mixed_ref=0 me_range=16 chroma_me=1 trellis=0 8x8dct=1 cqm=0 deadzone=21,11 fast_pskip=1 chroma_qp_offset=0 threads=15 lookahead_threads=3 sliced_threads=0 nr=0 decimate=1 interlaced=0 bluray_compat=0 constrained_intra=0 bframes=3 b_pyramid=2 b_adapt=1 b_bias=0 direct=1 weightb=1 open_gop=0 weightp=1 keyint=250 keyint_min=25 scenecut=40 intra_refresh=0 rc_lookahead=10 rc=crf mbtree=1 crf=18.0 qcomp=0.60 qpmin=0 qpmax=69 qpstep=4 ip_ratio=1.40 aq=1:1.00
[stderr] Output #0, mp4, to '/Users/johndoe/Documents/company/video_ops/scripts/abstract_algebra_in_proof_assistant/04-set-equality/takes/take-mrhmharr/pipeline/cut/cut-mriq7mo6/chunks/chunk-003.mp4':
[stderr]   Metadata:
[stderr]     major_brand     : isom
[stderr]     minor_version   : 512
[stderr]     compatible_brands: isomiso2avc1mp41
[stderr]     encoder         : Lavf61.7.100
[stderr]   Stream #0:0(und): Video: h264 (avc1 / 0x31637661), yuv420p(tv, smpte170m/bt709/bt709, progressive), 640x480, q=2-31, 29.83 fps, 11456 tbn (default)
[stderr]       Metadata:
[stderr]         handler_name    : Core Media Video
[stderr]         vendor_id       : [0][0][0][0]
[stderr]         encoder         : Lavc61.19.100 libx264
[stderr]       Side data:
[stderr]         cpb: bitrate max/min/avg: 0/0/0 buffer size: 0 vbv_delay: N/A
[stderr]   Stream #0:1(und): Audio: aac (LC) (mp4a / 0x6134706D), 48000 Hz, mono, fltp, 69 kb/s (default)
[stderr]       Metadata:
[stderr]         handler_name    : Core Media Audio
[stderr]         vendor_id       : [0][0][0][0]
[stderr]         encoder         : Lavc61.19.100 aac
[stderr] [out#0/mp4 @ 0x147f05800] video:5093KiB audio:103KiB subtitle:0KiB other streams:0KiB global headers:0KiB muxing overhead: 0.275903%
[stderr] frame=  362 fps=0.0 q=-1.0 Lsize=    5210KiB time=00:00:12.06 bitrate=3537.2kbits/s speed=13.7x    
[stderr] [libx264 @ 0x147f06300] frame I:2     Avg QP:17.16  size: 56074
[stderr] [libx264 @ 0x147f06300] frame P:92    Avg QP:19.66  size: 31249
[stderr] [libx264 @ 0x147f06300] frame B:268   Avg QP:24.70  size:  8312
[stderr] [libx264 @ 0x147f06300] consecutive B-frames:  0.6%  1.7%  1.7% 96.1%
[stderr] [libx264 @ 0x147f06300] mb I  I16..4: 20.3%  7.2% 72.5%
[stderr] [libx264 @ 0x147f06300] mb P  I16..4: 10.8%  2.8%  3.6%  P16..4: 22.8% 22.1% 30.7%  0.0%  0.0%    skip: 7.0%
[stderr] [libx264 @ 0x147f06300] mb B  I16..4:  1.5%  0.2%  0.0%  B16..8: 24.3% 14.2%  5.7%  direct:17.2%  skip:37.0%  L0:21.6% L1:32.7% BI:45.7%
[stderr] [libx264 @ 0x147f06300] 8x8 transform intra:14.3% inter:22.6%
[stderr] [libx264 @ 0x147f06300] coded y,uvDC,uvAC intra: 36.5% 31.9% 16.1% inter: 37.0% 13.1% 0.8%
[stderr] [libx264 @ 0x147f06300] i16 v,h,dc,p: 84%  6%  8%  2%
[stderr] [libx264 @ 0x147f06300] i8 v,h,dc,ddl,ddr,vr,hd,vl,hu: 23% 17% 25%  2%  7%  7%  7%  7%  5%
[stderr] [libx264 @ 0x147f06300] i4 v,h,dc,ddl,ddr,vr,hd,vl,hu: 18% 17% 15%  4% 12% 10%  8%  7%  9%
[stderr] [libx264 @ 0x147f06300] i8c dc,h,v,p: 78%  8% 10%  3%
[stderr] [libx264 @ 0x147f06300] Weighted P-Frames: Y:15.2% UV:0.0%
[stderr] [libx264 @ 0x147f06300] kb/s:3438.12
[stderr] [aac @ 0x108d75c90] Qavg: 152.352
[stderr] ffmpeg version 7.1 Copyright (c) 2000-2024 the FFmpeg developers
[stderr]   built with Apple clang version 15.0.0 (clang-1500.1.0.2.5)
[stderr]   configuration: --prefix=/opt/homebrew/Cellar/ffmpeg/7.1_3 --enable-shared --enable-pthreads --enable-version3 --cc=clang --host-cflags= --host-ldflags='-Wl,-ld_classic' --enable-ffplay --enable-gnutls --enable-gpl --enable-libaom --enable-libaribb24 --enable-libbluray --enable-libdav1d --enable-libharfbuzz --enable-libjxl --enable-libmp3lame --enable-libopus --enable-librav1e --enable-librist --enable-librubberband --enable-libsnappy --enable-libsrt --enable-libssh --enable-libsvtav1 --enable-libtesseract --enable-libtheora --enable-libvidstab --enable-libvmaf --enable-libvorbis --enable-libvpx --enable-libwebp --enable-libx264 --enable-libx265 --enable-libxml2 --enable-libxvid --enable-lzma --enable-libfontconfig --enable-libfreetype --enable-frei0r --enable-libass --enable-libopencore-amrnb --enable-libopencore-amrwb --enable-libopenjpeg --enable-libspeex --enable-libsoxr --enable-libzmq --enable-libzimg --disable-libjack --disable-indev=jack --enable-videotoolbox --enable-audiotoolbox --enable-neon
[stderr]   libavutil      59. 39.100 / 59. 39.100
[stderr]   libavcodec     61. 19.100 / 61. 19.100
[stderr]   libavformat    61.  7.100 / 61.  7.100
[stderr]   libavdevice    61.  3.100 / 61.  3.100
[stderr]   libavfilter    10.  4.100 / 10.  4.100
[stderr]   libswscale      8.  3.100 /  8.  3.100
[stderr]   libswresample   5.  3.100 /  5.  3.100
[stderr]   libpostproc    58.  3.100 / 58.  3.100
[stderr] Input #0, mov,mp4,m4a,3gp,3g2,mj2, from '/Users/johndoe/Documents/company/video_ops/scripts/abstract_algebra_in_proof_assistant/04-set-equality/takes/take-mrhmharr/pipeline/stabilize/stabilize-mripljg8/stabilized.mp4':
[stderr]   Metadata:
[stderr]     major_brand     : isom
[stderr]     minor_version   : 512
[stderr]     compatible_brands: isomiso2avc1mp41
[stderr]     encoder         : Lavf61.7.100
[stderr]   Duration: 00:06:08.98, start: 0.000000, bitrate: 5562 kb/s
[stderr]   Stream #0:0[0x1](und): Video: h264 (High) (avc1 / 0x31637661), yuv420p(tv, smpte170m/bt709/bt709, progressive), 640x480, 5453 kb/s, 29.83 fps, 29.83 tbr, 11456 tbn (default)
[stderr]       Metadata:
[stderr]         handler_name    : Core Media Video
[stderr]         vendor_id       : [0][0][0][0]
[stderr]         encoder         : Lavc61.19.100 libx264
[stderr]   Stream #0:1[0x2](und): Audio: aac (LC) (mp4a / 0x6134706D), 48000 Hz, mono, fltp, 100 kb/s (default)
[stderr]       Metadata:
[stderr]         handler_name    : Core Media Audio
[stderr]         vendor_id       : [0][0][0][0]
[stderr] Stream mapping:
[stderr]   Stream #0:0 -> #0:0 (h264 (native) -> h264 (libx264))
[stderr]   Stream #0:1 -> #0:1[stderr]  (aac (native) -> aac (native))
[stderr] Press [q] to stop, [?] for help
[stderr] [libx264 @ 0x12e112110] using cpu capabilities: ARMv8 NEON
[stderr] [libx264 @ 0x12e112110] profile High, level 3.0, 4:2:0, 8-bit
[stderr] [libx264 @ 0x12e112110] 264 - core 164 r3108 31e19f9 - H.264/MPEG-4 AVC codec - Copyleft 2003-2023 - http://www.videolan.org/x264.html - options: cabac=1 ref=1 deblock=1:0:0 analyse=0x3:0x113 me=hex subme=2 psy=1 psy_rd=1.00:0.00 mixed_ref=0 me_range=16 chroma_me=1 trellis=0 8x8dct=1 cqm=0 deadzone=21,11 fast_pskip=1 chroma_qp_offset=0 threads=15 lookahead_threads=3 sliced_threads=0 nr=0 decimate=1 interlaced=0 bluray_compat=0 constrained_intra=0 bframes=3 b_pyramid=2 b_adapt=1 b_bias=0 direct=1 weightb=1 open_gop=0 weightp=1 keyint=250 keyint_min=25 scenecut=40 intra_refresh=0 rc_lookahead=10 rc=crf mbtree=1 crf=18.0 qcomp=0.60 qpmin=0 qpmax=69 qpstep=4 ip_ratio=1.40 aq=1:1.00
[stderr] Output #0, mp4, to '/Users/johndoe/Documents/company/video_ops/scripts/abstract_algebra_in_proof_assistant/04-set-equality/takes/take-mrhmharr/pipeline/cut/cut-mriq7mo6/chunks/chunk-004.mp4':
[stderr]   Metadata:
[stderr]     major_brand     : isom
[stderr]     minor_version   : 512
[stderr]     compatible_brands: isomiso2avc1mp41
[stderr]     encoder         : Lavf61.7.100
[stderr]   Stream #0:0(und): Video: h264 (avc1 / 0x31637661), yuv420p(tv, smpte170m/bt709/bt709, progressive), 640x480, q=2-31, 29.83 fps, 11456 tbn (default)
[stderr]       Metadata:
[stderr]         handler_name    : Core Media Video
[stderr]         vendor_id       : [0][0][0][0]
[stderr]         encoder         : Lavc61.19.100 libx264
[stderr]       Side data:
[stderr]         cpb: bitrate max/min/avg: 0/0/0 buffer size: 0 vbv_delay: N/A
[stderr]   Stream #0:1(und): Audio: aac (LC) (mp4a / 0x6134706D), 48000 Hz, mono, fltp, 69 kb/s (default)
[stderr]       Metadata:
[stderr]         handler_name    : Core Media Audio
[stderr]         vendor_id       : [0][0][0][0]
[stderr]         encoder         : Lavc61.19.100 aac
[stderr] frame=  320 fps=318 q=24.0 size=    5888KiB time=00:00:10.69 bitrate=4511.0kbits/s speed=10.6x    
[stderr] frame=  748 fps=496 q=24.0 size=   15872KiB time=00:00:25.03 bitrate=5192.8kbits/s speed=16.6x    
[stderr] [out#0/mp4 @ 0x12e113340] video:20718KiB audio:261KiB subtitle:0KiB other streams:0KiB global headers:0KiB muxing overhead: 0.161155%
[stderr] frame=  912 fps=535 q=-1.0 Lsize=   21013KiB time=00:00:30.53 bitrate=5637.1kbits/s speed=17.9x    
[stderr] [libx264 @ 0x12e112110] frame I:5     Avg QP:19.99  size: 55442
[stderr] [libx264 @ 0x12e112110] frame P:267   Avg QP:22.51  size: 39287
[stderr] [libx264 @ 0x12e112110] frame B:640   Avg QP:25.50  size: 16324
[stderr] [libx264 @ 0x12e112110] consecutive B-frames:  3.6%  7.0%  4.3% 85.1%
[stderr] [libx264 @ 0x12e112110] mb I  I16..4:  6.7% 10.7% 82.6%
[stderr] [libx264 @ 0x12e112110] mb P  I16..4:  4.1%  6.7% 14.0%  P16..4: 20.1% 21.8% 32.4%  0.0%  0.0%    skip: 0.9%
[stderr] [libx264 @ 0x12e112110] mb B  I16..4:  1.2%  0.7%  0.5%  B16..8: 27.6% 20.3% 11.9%  direct:21.7%  skip:16.1%  L0:27.1% L1:31.2% BI:41.7%
[stderr] [libx264 @ 0x12e112110] 8x8 transform intra:26.5% inter:24.6%
[stderr] [libx264 @ 0x12e112110] coded y,uvDC,uvAC intra: 75.4% 57.0% 20.1% inter: 55.0% 17.9% 0.5%
[stderr] [libx264 @ 0x12e112110] i16 v,h,dc,p: 59% 19% 16%  6%
[stderr] [libx264 @ 0x12e112110] i8 v,h,dc,ddl,ddr,vr,hd,vl,hu: 22% 21% 18%  3%  8%  7%  8%  7%  7%
[stderr] [libx264 @ 0x12e112110] i4 v,h,dc,ddl,ddr,vr,hd,vl,hu: 15% 18% 14%  3% 15%  9% 10%  6% 10%
[stderr] [libx264 @ 0x12e112110] i8c dc,h,v,p: 58% 18% 18%  6%
[stderr] [libx264 @ 0x12e112110] Weighted P-Frames: Y:21.7% UV:1.9%
[stderr] [libx264 @ 0x12e112110] kb/s:5551.73
[stderr] [aac @ 0x12e17bd60] Qavg: 253.436
[stderr] ffmpeg version 7.1 Copyright (c) 2000-2024 the FFmpeg developers
[stderr]   built with Apple clang version 15.0.0 (clang-1500.1.0.2.5)
[stderr]   configuration: --prefix=/opt/homebrew/Cellar/ffmpeg/7.1_3 --enable-shared --enable-pthreads --enable-version3 --cc=clang --host-cflags= --host-ldflags='-Wl,-ld_classic' --enable-ffplay --enable-gnutls --enable-gpl --enable-libaom --enable-libaribb24 --enable-libbluray --enable-libdav1d --enable-libharfbuzz --enable-libjxl --enable-libmp3lame --enable-libopus --enable-librav1e --enable-librist --enable-librubberband --enable-libsnappy --enable-libsrt --enable-libssh --enable-libsvtav1 --enable-libtesseract --enable-libtheora --enable-libvidstab --enable-libvmaf --enable-libvorbis --enable-libvpx --enable-libwebp --enable-libx264 --enable-libx265 --enable-libxml2 --enable-libxvid --enable-lzma --enable-libfontconfig --enable-libfreetype --enable-frei0r --enable-libass --enable-libopencore-amrnb --enable-libopencore-amrwb --enable-libopenjpeg --enable-libspeex --enable-libsoxr --enable-libzmq --enable-libzimg --disable-libjack --disable-indev=jack --enable-videotoolbox --enable-audiotoolbox --enable-neon
[stderr]   libavutil      59. 39.100 / 59. 39.100
[stderr]   libavcodec     61. 19.100 / 61. 19.100
[stderr]   libavformat    61.  7.100 / 61.  7.100
[stderr]   libavdevice    61.  3.100 / 61.  3.100
[stderr]   libavfilter    10.  4.100 / 10.  4.100
[stderr]   libswscale      8.  3.100 /  8.  3.100
[stderr]   libswresample   5.  3.100 /  5.  3.100
[stderr]   libpostproc    58.  3.100 / 58.  3.100
[stderr] Input #0, mov,mp4,m4a,3gp,3g2,mj2, from '/Users/johndoe/Documents/company/video_ops/scripts/abstract_algebra_in_proof_assistant/04-set-equality/takes/take-mrhmharr/pipeline/stabilize/stabilize-mripljg8/stabilized.mp4':
[stderr]   Metadata:
[stderr]     major_brand     : isom
[stderr]     minor_version   : 512
[stderr]     compatible_brands: isomiso2avc1mp41
[stderr]     encoder         : Lavf61.7.100
[stderr]   Duration: 00:06:08.98, start: 0.000000, bitrate: 5562 kb/s
[stderr]   Stream #0:0[0x1](und): Video: h264 (High) (avc1 / 0x31637661), yuv420p(tv, smpte170m/bt709/bt709, progressive), 640x480, 5453 kb/s, 29.83 fps, 29.83 tbr, 11456 tbn (default)
[stderr]       Metadata:
[stderr]         handler_name    : Core Media Video
[stderr]         vendor_id       : [0][0][0][0]
[stderr]         encoder         : Lavc61.19.100 libx264
[stderr]   Stream #0:1[0x2](und): Audio: aac (LC) (mp4a / 0x6134706D), 48000 Hz, mono, fltp, 100 kb/s (default)
[stderr]       Metadata:
[stderr]         handler_name    : Core Media Audio
[stderr]         vendor_id       : [0][0][0][0]
[stderr] Stream mapping:
[stderr]   Stream #0:0 -> #0:0 (h264 (native) -> h264 (libx264))
[stderr]   Stream #0:1 -> #0:1 (aac (native) -> aac (native))
[stderr] Press [q] to stop, [?] for help
[stderr] [libx264 @ 0x133112120] using cpu capabilities: ARMv8 NEON
[stderr] [libx264 @ 0x133112120] profile High, level 3.0, 4:2:0, 8-bit
[stderr] [libx264 @ 0x133112120] 264 - core 164 r3108 31e19f9 - H.264/MPEG-4 AVC codec - Copyleft 2003-2023 - http://www.videolan.org/x264.html - options: cabac=1 ref=1 deblock=1:0:0 analyse=0x3:0x113 me=hex subme=2 psy=1 psy_rd=1.00:0.00 mixed_ref=0 me_range=16 chroma_me=1 trellis=0 8x8dct=1 cqm=0 deadzone=21,11 fast_pskip=1 chroma_qp_offset=0 threads=15 lookahead_threads=3 sliced_threads=0 nr=0 decimate=1 interlaced=0 bluray_compat=0 constrained_intra=0 bframes=3 b_pyramid=2 b_adapt=1 b_bias=0 direct=1 weightb=1 open_gop=0 weightp=1 keyint=250 keyint_min=25 scenecut=40 intra_refresh=0 rc_lookahead=10 rc=crf mbtree=1 crf=18.0 qcomp=0.60 qpmin=0 qpmax=69 qpstep=4 ip_ratio=1.40 aq=1:1.00
[stderr] Output #0, mp4, to '/Users/johndoe/Documents/company/video_ops/scripts/abstract_algebra_in_proof_assistant/04-set-equality/takes/take-mrhmharr/pipeline/cut/cut-mriq7mo6/chunks/chunk-005.mp4':
[stderr]   Metadata:
[stderr]     major_brand     : isom
[stderr]     minor_version   : 512
[stderr]     compatible_brands: isomiso2avc1mp41
[stderr]     encoder         : Lavf61.7.100
[stderr]   Stream #0:0(und): Video: h264 (avc1 / 0x31637661), yuv420p(tv, smpte170m/bt709/bt709, progressive), 640x480, q=2-31, 29.83 fps, 11456 tbn (default)
[stderr]       Metadata:
[stderr]         handler_name    : Core Media Video
[stderr]         vendor_id       : [0][0][0][0]
[stderr]         encoder         : Lavc61.19.100 libx264
[stderr]       Side data:
[stderr]         cpb: bitrate max/min/avg: 0/0/0 buffer size: 0 vbv_delay: N/A
[stderr]   Stream #0:1(und): Audio: aac (LC) (mp4a / 0x6134706D), 48000 Hz, mono, fltp, 69 kb/s (default)
[stderr]       Metadata:
[stderr]         handler_name    : Core Media Audio
[stderr]         vendor_id       : [0][0][0][0]
[stderr]         encoder         : Lavc61.19.100 aac
[stderr] frame=   32 fps= 32 q=24.0 size=     768KiB time=00:00:01.03 bitrate=6055.1kbits/s speed=1.03x    
[stderr] [out#0/mp4 @ 0x133113350] video:3149KiB audio:32KiB subtitle:0KiB other streams:0KiB global headers:0KiB muxing overhead: 0.169586%
[stderr] frame=  112 fps=103 q=-1.0 Lsize=    3186KiB time=00:00:03.72 bitrate=7015.7kbits/s speed=3.42x    
[stderr] [libx264 @ 0x133112120] frame I:1     Avg QP:23.06  size: 46140
[stderr] [libx264 @ 0x133112120] frame P:35    Avg QP:23.70  size: 45500
[stderr] [libx264 @ 0x133112120] frame B:76    Avg QP:26.33  size: 20856
[stderr] [libx264 @ 0x133112120] consecutive B-frames:  5.4%  8.9% 10.7% 75.0%
[stderr] [libx264 @ 0x133112120] mb I  I16..4:  1.4% 13.3% 85.2%
[stderr] [libx264 @ 0x133112120] mb P  I16..4:  0.5%  5.2% 16.6%  P16..4: 18.5% 21.7% 37.3%  0.0%  0.0%    skip: 0.2%
[stderr] [libx264 @ 0x133112120] mb B  I16..4:  0.2%  0.4%  0.3%  B16..8: 27.0% 22.4% 16.0%  direct:23.7%  skip:10.0%  L0:27.5% L1:31.3% BI:41.1%
[stderr] [libx264 @ 0x133112120] 8x8 transform intra:23.8% inter:25.0%
[stderr] [libx264 @ 0x133112120] coded y,uvDC,uvAC intra: 93.6% 70.3% 25.9% inter: 65.4% 21.1% 0.5%
[stderr] [libx264 @ 0x133112120] i16 v,h,dc,p: 23% 23% 32% 21%
[stderr] [libx264 @ 0x133112120] i8 v,h,dc,ddl,ddr,vr,hd,vl,hu: 19% 22% 12%  3% 10%  9% 10%  8%  8%
[stderr] [libx264 @ 0x133112120] i4 v,h,dc,ddl,ddr,vr,hd,vl,hu: 14% 17% 13%  4% 16%  8% 11%  7% 10%
[stderr] [libx264 @ 0x133112120] i8c dc,h,v,p: 51% 21% 20%  9%
[stderr] [libx264 @ 0x133112120] Weighted P-Frames: Y:22.9% UV:0.0%
[stderr] [libx264 @ 0x133112120] kb/s:6869.54
[stderr] [aac @ 0x13317bd70] Qavg: 498.437
[stderr] ffmpeg version 7.1 Copyright (c) 2000-2024 the FFmpeg developers
[stderr]   built with Apple clang version 15.0.0 (clang-1500.1.0.2.5)
[stderr]   configuration: --prefix=/opt/homebrew/Cellar/ffmpeg/7.1_3 --enable-shared --enable-pthreads --enable-version3 --cc=clang --host-cflags= --host-ldflags='-Wl,-ld_classic' --enable-ffplay --enable-gnutls --enable-gpl --enable-libaom --enable-libaribb24 --enable-libbluray --enable-libdav1d --enable-libharfbuzz --enable-libjxl --enable-libmp3lame --enable-libopus --enable-librav1e --enable-librist --enable-librubberband --enable-libsnappy --enable-libsrt --enable-libssh --enable-libsvtav1 --enable-libtesseract --enable-libtheora --enable-libvidstab --enable-libvmaf --enable-libvorbis --enable-libvpx --enable-libwebp --enable-libx264 --enable-libx265 --enable-libxml2 --enable-libxvid --enable-lzma --enable-libfontconfig --enable-libfreetype --enable-frei0r --enable-libass --enable-libopencore-amrnb --enable-libopencore-amrwb --enable-libopenjpeg --enable-libspeex --enable-libsoxr --enable-libzmq --enable-libzimg --disable-libjack --disable-indev=jack --enable-videotoolbox --enable-audiotoolbox --enable-neon
[stderr]   libavutil      59. 39.100 / 59. 39.100
[stderr]   libavcodec     61. 19.100 / 61. 19.100
[stderr]   libavformat    61.  7.100 / 61.  7.100
[stderr]   libavdevice    61.  3.100 / 61.  3.100
[stderr]   libavfilter    10.  4.100 / 10.  4.100
[stderr]   libswscale      8.  3.100 /  8.  3.100
[stderr]   libswresample   5.  3.100 /  5.  3.100
[stderr]   libpostproc    58.  3.100 / 58.  3.100
[stderr] Input #0, mov,mp4,m4a,3gp,3g2,mj2, from '/Users/johndoe/Documents/company/video_ops/scripts/abstract_algebra_in_proof_assistant/04-set-equality/takes/take-mrhmharr/pipeline/stabilize/stabilize-mripljg8/stabilized.mp4':
[stderr]   Metadata:
[stderr]     major_brand     : isom
[stderr]     minor_version   : [stderr] 512
[stderr]     compatible_brands: isomiso2avc1mp41
[stderr]     encoder         : Lavf61.7.100
[stderr]   Duration: 00:06:08.98, start: 0.000000, bitrate: 5562 kb/s
[stderr]   Stream #0:0[0x1](und): Video: h264 (High) (avc1 / 0x31637661), yuv420p(tv, smpte170m/bt709/bt709, progressive), 640x480, 5453 kb/s, 29.83 fps, 29.83 tbr, 11456 tbn (default)
[stderr]       Metadata:
[stderr]         handler_name    : Core Media Video
[stderr]         vendor_id       : [0][0][0][0]
[stderr]         encoder         : Lavc61.19.100 libx264
[stderr]   Stream #0:1[0x2](und): Audio: aac (LC) (mp4a / 0x6134706D), 48000 Hz, mono, fltp, 100 kb/s (default)
[stderr]       Metadata:
[stderr]         handler_name    : Core Media Audio
[stderr]         vendor_id       : [0][0][0][0]
[stderr] Stream mapping:
[stderr]   Stream #0:0 -> #0:0 (h264 (native) -> h264 (libx264))
[stderr]   Stream #0:1 -> #0:1 (aac (native) -> aac (native))
[stderr] Press [q] to stop, [?] for help
[stderr] [libx264 @ 0x112f06160] using cpu capabilities: ARMv8 NEON
[stderr] [libx264 @ 0x112f06160] profile High, level 3.0, 4:2:0, 8-bit
[stderr] [libx264 @ 0x112f06160] 264 - core 164 r3108 31e19f9 - H.264/MPEG-4 AVC codec - Copyleft 2003-2023 - http://www.videolan.org/x264.html - options: cabac=1 ref=1 deblock=1:0:0 analyse=0x3:0x113 me=hex subme=2 psy=1 psy_rd=1.00:0.00 mixed_ref=0 me_range=16 chroma_me=1 trellis=0 8x8dct=1 cqm=0 deadzone=21,11 fast_pskip=1 chroma_qp_offset=0 threads=15 lookahead_threads=3 sliced_threads=0 nr=0 decimate=1 interlaced=0 bluray_compat=0 constrained_intra=0 bframes=3 b_pyramid=2 b_adapt=1 b_bias=0 direct=1 weightb=1 open_gop=0 weightp=1 keyint=250 keyint_min=25 scenecut=40 intra_refresh=0 rc_lookahead=10 rc=crf mbtree=1 crf=18.0 qcomp=0.60 qpmin=0 qpmax=69 qpstep=4 ip_ratio=1.40 aq=1:1.00
[stderr] Output #0, mp4, to '/Users/johndoe/Documents/company/video_ops/scripts/abstract_algebra_in_proof_assistant/04-set-equality/takes/take-mrhmharr/pipeline/cut/cut-mriq7mo6/chunks/chunk-006.mp4':
[stderr]   Metadata:
[stderr]     major_brand     : isom
[stderr]     minor_version   : 512
[stderr]     compatible_brands: isomiso2avc1mp41
[stderr]     encoder         : Lavf61.7.100
[stderr]   Stream #0:0(und): Video: h264 (avc1 / 0x31637661), yuv420p(tv, smpte170m/bt709/bt709, progressive), 640x480, q=2-31, 29.83 fps, 11456 tbn (default)
[stderr]       Metadata:
[stderr]         handler_name    : Core Media Video
[stderr]         vendor_id       : [0][0][0][0]
[stderr]         encoder         : Lavc61.19.100 libx264
[stderr]       Side data:
[stderr]         cpb: bitrate max/min/avg: 0/0/0 buffer size: 0 vbv_delay: N/A
[stderr]   Stream #0:1(und): Audio: aac (LC) (mp4a / 0x6134706D), 48000 Hz, mono, fltp, 69 kb/s (default)
[stderr]       Metadata:
[stderr]         handler_name    : Core Media Audio
[stderr]         vendor_id       : [0][0][0][0]
[stderr]         encoder         : Lavc61.19.100 aac
[stderr] frame=    0 fps=0.0 q=0.0 size=       0KiB time=N/A bitrate=N/A speed=N/A    
[stderr] frame=  405 fps=268 q=24.0 size=   11264KiB time=00:00:13.54 bitrate=6814.0kbits/s speed=8.95x    
[stderr] [out#0/mp4 @ 0x112f051d0] video:15659KiB audio:200KiB subtitle:0KiB other streams:0KiB global headers:0KiB muxing overhead: 0.165712%
[stderr] frame=  701 fps=394 q=-1.0 Lsize=   15886KiB time=00:00:23.46 bitrate=5546.3kbits/s speed=13.2x    
[stderr] [libx264 @ 0x112f06160] frame I:4     Avg QP:20.59  size: 50056
[stderr] [libx264 @ 0x112f06160] frame P:222   Avg QP:21.34  size: 35294
[stderr] [libx264 @ 0x112f06160] frame B:475   Avg QP:24.79  size: 16840
[stderr] [libx264 @ 0x112f06160] consecutive B-frames:  5.6% 10.0%  6.8% 77.6%
[stderr] [libx264 @ 0x112f06160] mb I  I16..4:  6.5% 13.9% 79.6%
[stderr] [libx264 @ 0x112f06160] mb P  I16..4:  9.7%  7.3% 16.8%  P16..4: 16.2% 17.8% 27.1%  0.0%  0.0%    skip: 5.1%
[stderr] [libx264 @ 0x112f06160] mb B  I16..4:  1.7%  1.0%  1.3%  B16..8: 24.0% 19.0% 12.7%  direct:19.2%  skip:21.1%  L0:28.1% L1:31.7% BI:40.2%
[stderr] [libx264 @ 0x112f06160] 8x8 transform intra:22.1% inter:26.8%
[stderr] [libx264 @ 0x112f06160] coded y,uvDC,uvAC intra: 65.0% 58.0% 27.4% inter: 54.1% 23.7% 1.2%
[stderr] [libx264 @ 0x112f06160] i16 v,h,dc,p: 81%  7%  8%  4%
[stderr] [libx264 @ 0x112f06160] i8 v,h,dc,ddl,ddr,vr,hd,vl,hu: 26% 16% 19%  3%  8%  8%  6%  7%  6%
[stderr] [libx264 @ 0x112f06160] i4 v,h,dc,ddl,ddr,vr,hd,vl,hu: 16% 18% 13%  4% 14%  9% 10%  7% 10%
[stderr] [libx264 @ 0x112f06160] i8c dc,h,v,p: 60% 16% 17%  7%
[stderr] [libx264 @ 0x112f06160] Weighted P-Frames: Y:18.9% UV:6.3%
[stderr] [libx264 @ 0x112f06160] kb/s:5459.25
[stderr] [aac @ 0x112f7b040] Qavg: 176.806
[stderr] ffmpeg version 7.1 Copyright (c) 2000-2024 the FFmpeg developers
[stderr]   built with Apple clang version 15.0.0 (clang-1500.1.0.2.5)
[stderr]   configuration: --prefix=/opt/homebrew/Cellar/ffmpeg/7.1_3 --enable-shared --enable-pthreads --enable-version3 --cc=clang --host-cflags= --host-ldflags='-Wl,-ld_classic' --enable-ffplay --enable-gnutls --enable-gpl --enable-libaom --enable-libaribb24 --enable-libbluray --enable-libdav1d --enable-libharfbuzz --enable-libjxl --enable-libmp3lame --enable-libopus --enable-librav1e --enable-librist --enable-librubberband --enable-libsnappy --enable-libsrt --enable-libssh --enable-libsvtav1 --enable-libtesseract --enable-libtheora --enable-libvidstab --enable-libvmaf --enable-libvorbis --enable-libvpx --enable-libwebp --enable-libx264 --enable-libx265 --enable-libxml2 --enable-libxvid --enable-lzma --enable-libfontconfig --enable-libfreetype --enable-frei0r --enable-libass --enable-libopencore-amrnb --enable-libopencore-amrwb --enable-libopenjpeg --enable-libspeex --enable-libsoxr --enable-libzmq --enable-libzimg --disable-libjack --disable-indev=jack --enable-videotoolbox --enable-audiotoolbox --enable-neon
[stderr]   libavutil      59. 39.100 / 59. 39.100
[stderr]   libavcodec     61. 19.100 / 61. 19.100
[stderr]   libavformat    61.  7.100 / 61.  7.100
[stderr]   libavdevice    61.  3.100 / 61.  3.100
[stderr]   libavfilter    10.  4.100 / 10.  4.100
[stderr]   libswscale      8.  3.100 /  8.  3.100
[stderr]   libswresample   5.  3.100 /  5.  3.100
[stderr]   libpostproc    58.  3.100 / 58.  3.100
[stderr] Input #0, mov,mp4,m4a,3gp,3g2,mj2, from '/Users/johndoe/Documents/company/video_ops/scripts/abstract_algebra_in_proof_assistant/04-set-equality/takes/take-mrhmharr/pipeline/stabilize/stabilize-mripljg8/stabilized.mp4':
[stderr]   Metadata:
[stderr]     major_brand     : isom
[stderr]     minor_version   : 512
[stderr]     compatible_brands: isomiso2avc1mp41
[stderr]     encoder         : Lavf61.7.100
[stderr]   Duration: 00:06:08.98, start: 0.000000, bitrate: 5562 kb/s
[stderr]   Stream #0:0[0x1](und): Video: h264 (High) (avc1 / 0x31637661), yuv420p(tv, smpte170m/bt709/bt709, progressive), 640x480, 5453 kb/s, 29.83 fps, 29.83 tbr, 11456 tbn (default)
[stderr]       Metadata:
[stderr]         handler_name    : Core Media Video
[stderr]         vendor_id       : [0][0][0][0]
[stderr]         encoder         : Lavc61.19.100 libx264
[stderr]   Stream #0:1[0x2](und): Audio: aac (LC) (mp4a / 0x6134706D), 48000 Hz, mono, fltp, 100 kb/s (default)
[stderr]       Metadata:
[stderr]         handler_name    : Core Media Audio
[stderr]         vendor_id       : [0][0][0][0]
[stderr] Stream mapping:
[stderr]   Stream #0:0 -> #0:0 (h264 (native) -> h264 (libx264))
[stderr]   Stream #0:1 -> #0:1[stderr]  (aac (native) -> aac (native))
[stderr] Press [q] to stop, [?] for help
[stderr] [libx264 @ 0x12f2127a0] using cpu capabilities: ARMv8 NEON
[stderr] [libx264 @ 0x12f2127a0] profile High, level 3.0, 4:2:0, 8-bit
[stderr] [libx264 @ 0x12f2127a0] 264 - core 164 r3108 31e19f9 - H.264/MPEG-4 AVC codec - Copyleft 2003-2023 - http://www.videolan.org/x264.html - options: cabac=1 ref=1 deblock=1:0:0 analyse=0x3:0x113 me=hex subme=2 psy=1 psy_rd=1.00:0.00 mixed_ref=0 me_range=16 chroma_me=1 trellis=0 8x8dct=1 cqm=0 deadzone=21,11 fast_pskip=1 chroma_qp_offset=0 threads=15 lookahead_threads=3 sliced_threads=0 nr=0 decimate=1 interlaced=0 bluray_compat=0 constrained_intra=0 bframes=3 b_pyramid=2 b_adapt=1 b_bias=0 direct=1 weightb=1 open_gop=0 weightp=1 keyint=250 keyint_min=25 scenecut=40 intra_refresh=0 rc_lookahead=10 rc=crf mbtree=1 crf=18.0 qcomp=0.60 qpmin=0 qpmax=69 qpstep=4 ip_ratio=1.40 aq=1:1.00
[stderr] Output #0, mp4, to '/Users/johndoe/Documents/company/video_ops/scripts/abstract_algebra_in_proof_assistant/04-set-equality/takes/take-mrhmharr/pipeline/cut/cut-mriq7mo6/chunks/chunk-007.mp4':
[stderr]   Metadata:
[stderr]     major_brand     : isom
[stderr]     minor_version   : 512
[stderr]     compatible_brands: isomiso2avc1mp41
[stderr]     encoder         : Lavf61.7.100
[stderr]   Stream #0:0(und): Video: h264 (avc1 / 0x31637661), yuv420p(tv, smpte170m/bt709/bt709, progressive), 640x480, q=2-31, 29.83 fps, 11456 tbn (default)
[stderr]       Metadata:
[stderr]         handler_name    : Core Media Video
[stderr]         vendor_id       : [0][0][0][0]
[stderr]         encoder         : Lavc61.19.100 libx264
[stderr]       Side data:
[stderr]         cpb: bitrate max/min/avg: 0/0/0 buffer size: 0 vbv_delay: N/A
[stderr]   Stream #0:1(und): Audio: aac (LC) (mp4a / 0x6134706D), 48000 Hz, mono, fltp, 69 kb/s (default)
[stderr]       Metadata:
[stderr]         handler_name    : Core Media Audio
[stderr]         vendor_id       : [0][0][0][0]
[stderr]         encoder         : Lavc61.19.100 aac
[stderr] frame=  232 fps=154 q=24.0 size=    4608KiB time=00:00:07.74 bitrate=4875.2kbits/s speed=5.13x    
[stderr] [out#0/mp4 @ 0x12f214e40] video:14621KiB audio:184KiB subtitle:0KiB other streams:0KiB global headers:0KiB muxing overhead: 0.163847%
[stderr] frame=  641 fps=320 q=-1.0 Lsize=   14829KiB time=00:00:21.45 bitrate=5662.9kbits/s speed=10.7x    
[stderr] [libx264 @ 0x12f2127a0] frame I:5     Avg QP:18.92  size: 49168
[stderr] [libx264 @ 0x12f2127a0] frame P:176   Avg QP:21.86  size: 35861
[stderr] [libx264 @ 0x12f2127a0] frame B:460   Avg QP:24.58  size: 18290
[stderr] [libx264 @ 0x12f2127a0] consecutive B-frames:  3.0%  3.4%  1.9% 91.7%
[stderr] [libx264 @ 0x12f2127a0] mb I  I16..4: 13.5% 11.5% 75.0%
[stderr] [libx264 @ 0x12f2127a0] mb P  I16..4:  7.5%  8.8% 23.0%  P16..4: 13.7% 17.5% 26.7%  0.0%  0.0%    skip: 2.8%
[stderr] [libx264 @ 0x12f2127a0] mb B  I16..4:  1.7%  1.0%  0.9%  B16..8: 25.7% 21.0% 15.3%  direct:18.1%  skip:16.2%  L0:30.8% L1:32.3% BI:36.9%
[stderr] [libx264 @ 0x12f2127a0] 8x8 transform intra:22.7% inter:23.3%
[stderr] [libx264 @ 0x12f2127a0] coded y,uvDC,uvAC intra: 71.7% 63.8% 31.8% inter: 54.7% 27.0% 1.4%
[stderr] [libx264 @ 0x12f2127a0] i16 v,h,dc,p: 78% 12%  7%  4%
[stderr] [libx264 @ 0x12f2127a0] i8 v,h,dc,ddl,ddr,vr,hd,vl,hu: 22% 16% 17%  2% 12% 10%  9%  6%  6%
[stderr] [libx264 @ 0x12f2127a0] i4 v,h,dc,ddl,ddr,vr,hd,vl,hu: 16% 17% 14%  4% 14%  9% 10%  7% 10%
[stderr] [libx264 @ 0x12f2127a0] i8c dc,h,v,p: 57% 17% 19%  8%
[stderr] [libx264 @ 0x12f2127a0] Weighted P-Frames: Y:11.9% UV:2.3%
[stderr] [libx264 @ 0x12f2127a0] kb/s:5574.22
[stderr] [aac @ 0x12f27be40] Qavg: 194.787
[stderr] ffmpeg version 7.1 Copyright (c) 2000-2024 the FFmpeg developers
[stderr]   built with Apple clang version 15.0.0 (clang-1500.1.0.2.5)
[stderr]   configuration: --prefix=/opt/homebrew/Cellar/ffmpeg/7.1_3 --enable-shared --enable-pthreads --enable-version3 --cc=clang --host-cflags= --host-ldflags='-Wl,-ld_classic' --enable-ffplay --enable-gnutls --enable-gpl --enable-libaom --enable-libaribb24 --enable-libbluray --enable-libdav1d --enable-libharfbuzz --enable-libjxl --enable-libmp3lame --enable-libopus --enable-librav1e --enable-librist --enable-librubberband --enable-libsnappy --enable-libsrt --enable-libssh --enable-libsvtav1 --enable-libtesseract --enable-libtheora --enable-libvidstab --enable-libvmaf --enable-libvorbis --enable-libvpx --enable-libwebp --enable-libx264 --enable-libx265 --enable-libxml2 --enable-libxvid --enable-lzma --enable-libfontconfig --enable-libfreetype --enable-frei0r --enable-libass --enable-libopencore-amrnb --enable-libopencore-amrwb --enable-libopenjpeg --enable-libspeex --enable-libsoxr --enable-libzmq --enable-libzimg --disable-libjack --disable-indev=jack --enable-videotoolbox --enable-audiotoolbox --enable-neon
[stderr]   libavutil      59. 39.100 / 59. 39.100
[stderr]   libavcodec     61. 19.100 / 61. 19.100
[stderr]   libavformat    61.  7.100 / 61.  7.100
[stderr]   libavdevice    61.  3.100 / 61.  3.100
[stderr]   libavfilter    10.  4.100 / 10.  4.100
[stderr]   libswscale      8.  3.100 /  8.  3.100
[stderr]   libswresample   5.  3.100 /  5.  3.100
[stderr]   libpostproc    58.  3.100 / 58.  3.100
[stderr] Input #0, mov,mp4,m4a,3gp,3g2,mj2, from '/Users/johndoe/Documents/company/video_ops/scripts/abstract_algebra_in_proof_assistant/04-set-equality/takes/take-mrhmharr/pipeline/stabilize/stabilize-mripljg8/stabilized.mp4':
[stderr]   Metadata:
[stderr]     major_brand     : isom
[stderr]     minor_version   : 512
[stderr]     compatible_brands: [stderr] isomiso2avc1mp41
[stderr]     encoder         : Lavf61.7.100
[stderr]   Duration: 00:06:08.98, start: 0.000000, bitrate: 5562 kb/s
[stderr]   Stream #0:0[0x1](und): Video: h264 (High) (avc1 / 0x31637661), yuv420p(tv, smpte170m/bt709/bt709, progressive), 640x480, 5453 kb/s, 29.83 fps, 29.83 tbr, 11456 tbn (default)
[stderr]       Metadata:
[stderr]         handler_name    : Core Media Video
[stderr]         vendor_id       : [0][0][0][0]
[stderr]         encoder         : Lavc61.19.100 libx264
[stderr]   Stream #0:1[0x2](und): Audio: aac (LC) (mp4a / 0x6134706D), 48000 Hz, mono, fltp, 100 kb/s (default)
[stderr]       Metadata:
[stderr]         handler_name    : Core Media Audio
[stderr]         vendor_id       : [0][0][0][0]
[stderr] Stream mapping:
[stderr]   Stream #0:0 -> #0:0 (h264 (native) -> h264 (libx264))
[stderr]   Stream #0:1 -> #0:1 (aac (native) -> aac (native))
[stderr] Press [q] to stop, [?] for help
[stderr] [libx264 @ 0x11fe06160] using cpu capabilities: ARMv8 NEON
[stderr] [libx264 @ 0x11fe06160] profile High, level 3.0, 4:2:0, 8-bit
[stderr] [libx264 @ 0x11fe06160] 264 - core 164 r3108 31e19f9 - H.264/MPEG-4 AVC codec - Copyleft 2003-2023 - http://www.videolan.org/x264.html - options: cabac=1 ref=1 deblock=1:0:0 analyse=0x3:0x113 me=hex subme=2 psy=1 psy_rd=1.00:0.00 mixed_ref=0 me_range=16 chroma_me=1 trellis=0 8x8dct=1 cqm=0 deadzone=21,11 fast_pskip=1 chroma_qp_offset=0 threads=15 lookahead_threads=3 sliced_threads=0 nr=0 decimate=1 interlaced=0 bluray_compat=0 constrained_intra=0 bframes=3 b_pyramid=2 b_adapt=1 b_bias=0 direct=1 weightb=1 open_gop=0 weightp=1 keyint=250 keyint_min=25 scenecut=40 intra_refresh=0 rc_lookahead=10 rc=crf mbtree=1 crf=18.0 qcomp=0.60 qpmin=0 qpmax=69 qpstep=4 ip_ratio=1.40 aq=1:1.00
[stderr] Output #0, mp4, to '/Users/johndoe/Documents/company/video_ops/scripts/abstract_algebra_in_proof_assistant/04-set-equality/takes/take-mrhmharr/pipeline/cut/cut-mriq7mo6/chunks/chunk-008.mp4':
[stderr]   Metadata:
[stderr]     major_brand     : isom
[stderr]     minor_version   : 512
[stderr]     compatible_brands: isomiso2avc1mp41
[stderr]     encoder         : Lavf61.7.100
[stderr]   Stream #0:0(und): Video: h264 (avc1 / 0x31637661), yuv420p(tv, smpte170m/bt709/bt709, progressive), 640x480, q=2-31, 29.83 fps, 11456 tbn (default)
[stderr]       Metadata:
[stderr]         handler_name    : Core Media Video
[stderr]         vendor_id       : [0][0][0][0]
[stderr]         encoder         : Lavc61.19.100 libx264
[stderr]       Side data:
[stderr]         cpb: bitrate max/min/avg: 0/0/0 buffer size: 0 vbv_delay: N/A
[stderr]   Stream #0:1(und): Audio: aac (LC) (mp4a / 0x6134706D), 48000 Hz, mono, fltp, 69 kb/s (default)
[stderr]       Metadata:
[stderr]         handler_name    : Core Media Audio
[stderr]         vendor_id       : [0][0][0][0]
[stderr]         encoder         : Lavc61.19.100 aac
[stderr] frame=   66 fps= 44 q=24.0 size=    1792KiB time=00:00:02.14 bitrate=6843.2kbits/s speed=1.42x    
[stderr] frame=  468 fps=232 q=24.0 size=   12288KiB time=N/A bitrate=N/A speed=N/A    
[stderr] [out#0/mp4 @ 0x11fe051d0] video:12785KiB audio:141KiB subtitle:0KiB other streams:0KiB global headers:0KiB muxing overhead: 0.146864%
[stderr] frame=  494 fps=243 q=-1.0 Lsize=   12945KiB time=00:00:16.49 bitrate=6430.5kbits/s speed=8.12x    
[stderr] [libx264 @ 0x11fe06160] frame I:5     Avg QP:21.22  size: 42834
[stderr] [libx264 @ 0x11fe06160] frame P:138   Avg QP:23.32  size: 39528
[stderr] [libx264 @ 0x11fe06160] frame B:351   Avg QP:25.38  size: 21146
[stderr] [libx264 @ 0x11fe06160] consecutive B-frames:  3.8%  2.4%  5.5% 88.3%
[stderr] [libx264 @ 0x11fe06160] mb I  I16..4:  2.9% 19.9% 77.2%
[stderr] [libx264 @ 0x11fe06160] mb P  I16..4:  2.6% 12.7% 33.9%  P16..4: 11.7% 15.3% 23.5%  0.0%  0.0%    skip: 0.4%
[stderr] [libx264 @ 0x11fe06160] mb B  I16..4:  0.7%  2.5%  5.1%  B16..8: 24.6% 23.2% 16.5%  direct:18.6%  skip: 8.7%  L0:31.9% L1:32.0% BI:36.1%
[stderr] [libx264 @ 0x11fe06160] 8x8 transform intra:26.9% inter:27.4%
[stderr] [libx264 @ 0x11fe06160] coded y,uvDC,uvAC intra: 89.2% 79.9% 43.5% inter: 63.0% 33.2% 2.5%
[stderr] [libx264 @ 0x11fe06160] i16 v,h,dc,p: 52% 13% 20% 15%
[stderr] [libx264 @ 0x11fe06160] i8 v,h,dc,ddl,ddr,vr,hd,vl,hu: 23% 17% 13%  3% 10% 10%  8%  8%  8%
[stderr] [libx264 @ 0x11fe06160] i4 v,h,dc,ddl,ddr,vr,hd,vl,hu: 16% 18% 12%  4% 15%  9% 10%  7% 10%
[stderr] [libx264 @ 0x11fe06160] i8c dc,h,v,p: 46% 21% 21% 11%
[stderr] [libx264 @ 0x11fe06160] Weighted P-Frames: Y:25.4% UV:7.2%
[stderr] [libx264 @ 0x11fe06160] kb/s:6324.74
[stderr] [aac @ 0x130a44fa0] Qavg: 184.629
[stderr] ffmpeg version 7.1 Copyright (c) 2000-2024 the FFmpeg developers
[stderr]   built with Apple clang version 15.0.0 (clang-1500.1.0.2.5)
[stderr]   configuration: --prefix=/opt/homebrew/Cellar/ffmpeg/7.1_3 --enable-shared --enable-pthreads --enable-version3 --cc=clang --host-cflags= --host-ldflags='-Wl,-ld_classic' --enable-ffplay --enable-gnutls --enable-gpl --enable-libaom --enable-libaribb24 --enable-libbluray --enable-libdav1d --enable-libharfbuzz --enable-libjxl --enable-libmp3lame --enable-libopus --enable-librav1e --enable-librist --enable-librubberband --enable-libsnappy --enable-libsrt --enable-libssh --enable-libsvtav1 --enable-libtesseract --enable-libtheora --enable-libvidstab --enable-libvmaf --enable-libvorbis --enable-libvpx --enable-libwebp --enable-libx264 --enable-libx265 --enable-libxml2 --enable-libxvid --enable-lzma --enable-libfontconfig --enable-libfreetype --enable-frei0r --enable-libass --enable-libopencore-amrnb --enable-libopencore-amrwb --enable-libopenjpeg --enable-libspeex --enable-libsoxr --enable-libzmq --enable-libzimg --disable-libjack --disable-indev=jack --enable-videotoolbox --enable-audiotoolbox --enable-neon
[stderr]   libavutil      59. 39.100 / 59. 39.100
[stderr]   libavcodec     61. 19.100 / 61. 19.100
[stderr]   libavformat    61.  7.100 / 61.  7.100
[stderr]   libavdevice    61.  3.100 / 61.  3.100
[stderr]   libavfilter    10.  4.100 / 10.  4.100
[stderr]   libswscale      8.  3.100 /  8.  3.100
[stderr]   libswresample   5.  3.100 /  5.  3.100
[stderr]   libpostproc    58.  3.100 / 58.  3.100
[stderr] Input #0, mov,mp4,m4a,3gp,3g2,mj2, from '/Users/johndoe/Documents/company/video_ops/scripts/abstract_algebra_in_proof_assistant/04-set-equality/takes/take-mrhmharr/pipeline/stabilize/stabilize-mripljg8/stabilized.mp4':
[stderr]   Metadata:
[stderr]     major_brand     : isom
[stderr]     minor_version   : 512
[stderr]     compatible_brands: isomiso2avc1mp41
[stderr]     encoder         : Lavf61.7.100
[stderr]   Duration: [stderr] 00:06:08.98, start: 0.000000, bitrate: 5562 kb/s
[stderr]   Stream #0:0[0x1](und): Video: h264 (High) (avc1 / 0x31637661), yuv420p(tv, smpte170m/bt709/bt709, progressive), 640x480, 5453 kb/s, 29.83 fps, 29.83 tbr, 11456 tbn (default)
[stderr]       Metadata:
[stderr]         handler_name    : Core Media Video
[stderr]         vendor_id       : [0][0][0][0]
[stderr]         encoder         : Lavc61.19.100 libx264
[stderr]   Stream #0:1[0x2](und): Audio: aac (LC) (mp4a / 0x6134706D), 48000 Hz, mono, fltp, 100 kb/s (default)
[stderr]       Metadata:
[stderr]         handler_name    : Core Media Audio
[stderr]         vendor_id       : [0][0][0][0]
[stderr] Stream mapping:
[stderr]   Stream #0:0 -> #0:0 (h264 (native) -> h264 (libx264))
[stderr]   Stream #0:1 -> #0:1 (aac (native) -> aac (native))
[stderr] Press [q] to stop, [?] for help
[stderr] [libx264 @ 0x1218084e0] using cpu capabilities: ARMv8 NEON
[stderr] [libx264 @ 0x1218084e0] profile High, level 3.0, 4:2:0, 8-bit
[stderr] [libx264 @ 0x1218084e0] 264 - core 164 r3108 31e19f9 - H.264/MPEG-4 AVC codec - Copyleft 2003-2023 - http://www.videolan.org/x264.html - options: cabac=1 ref=1 deblock=1:0:0 analyse=0x3:0x113 me=hex subme=2 psy=1 psy_rd=1.00:0.00 mixed_ref=0 me_range=16 chroma_me=1 trellis=0 8x8dct=1 cqm=0 deadzone=21,11 fast_pskip=1 chroma_qp_offset=0 threads=15 lookahead_threads=3 sliced_threads=0 nr=0 decimate=1 interlaced=0 bluray_compat=0 constrained_intra=0 bframes=3 b_pyramid=2 b_adapt=1 b_bias=0 direct=1 weightb=1 open_gop=0 weightp=1 keyint=250 keyint_min=25 scenecut=40 intra_refresh=0 rc_lookahead=10 rc=crf mbtree=1 crf=18.0 qcomp=0.60 qpmin=0 qpmax=69 qpstep=4 ip_ratio=1.40 aq=1:1.00
[stderr] Output #0, mp4, to '/Users/johndoe/Documents/company/video_ops/scripts/abstract_algebra_in_proof_assistant/04-set-equality/takes/take-mrhmharr/pipeline/cut/cut-mriq7mo6/chunks/chunk-009.mp4':
[stderr]   Metadata:
[stderr]     major_brand     : isom
[stderr]     minor_version   : 512
[stderr]     compatible_brands: isomiso2avc1mp41
[stderr]     encoder         : Lavf61.7.100
[stderr]   Stream #0:0(und): Video: h264 (avc1 / 0x31637661), yuv420p(tv, smpte170m/bt709/bt709, progressive), 640x480, q=2-31, 29.83 fps, 11456 tbn (default)
[stderr]       Metadata:
[stderr]         handler_name    : Core Media Video
[stderr]         vendor_id       : [0][0][0][0]
[stderr]         encoder         : Lavc61.19.100 libx264
[stderr]       Side data:
[stderr]         cpb: bitrate max/min/avg: 0/0/0 buffer size: 0 vbv_delay: N/A
[stderr]   Stream #0:1(und): Audio: aac (LC) (mp4a / 0x6134706D), 48000 Hz, mono, fltp, 69 kb/s (default)
[stderr]       Metadata:
[stderr]         handler_name    : Core Media Audio
[stderr]         vendor_id       : [0][0][0][0]
[stderr]         encoder         : Lavc61.19.100 aac
[stderr] [out#0/mp4 @ 0x121807920] video:1024KiB audio:18KiB subtitle:0KiB other streams:0KiB global headers:0KiB muxing overhead: 0.349012%
[stderr] frame=   62 fps= 38 q=-1.0 Lsize=    1046KiB time=00:00:02.04 bitrate=4189.3kbits/s speed=1.25x    
[stderr] [libx264 @ 0x1218084e0] frame I:1     Avg QP:20.05  size: 41908
[stderr] [libx264 @ 0x1218084e0] frame P:16    Avg QP:20.71  size: 32509
[stderr] [libx264 @ 0x1218084e0] frame B:45    Avg QP:24.76  size: 10798
[stderr] [libx264 @ 0x1218084e0] consecutive B-frames:  1.6%  3.2%  4.8% 90.3%
[stderr] [libx264 @ 0x1218084e0] mb I  I16..4: 13.8% 10.8% 75.4%
[stderr] [libx264 @ 0x1218084e0] mb P  I16..4: 11.8%  6.0%  9.8%  P16..4: 18.4% 21.7% 30.0%  0.0%  0.0%    skip: 2.4%
[stderr] [libx264 @ 0x1218084e0] mb B  I16..4:  2.8%  0.5%  0.2%  B16..8: 27.8% 18.9%  7.7%  direct:19.8%  skip:22.4%  L0:27.6% L1:33.8% BI:38.6%
[stderr] [libx264 @ 0x1218084e0] 8x8 transform intra:18.4% inter:24.3%
[stderr] [libx264 @ 0x1218084e0] coded y,uvDC,uvAC intra: 50.7% 50.4% 30.9% inter: 45.8% 19.8% 1.4%
[stderr] [libx264 @ 0x1218084e0] i16 v,h,dc,p: 80%  8% 11%  1%
[stderr] [libx264 @ 0x1218084e0] i8 v,h,dc,ddl,ddr,vr,hd,vl,hu: 27% 12% 22%  2%  9%  8%  7%  6%  6%
[stderr] [libx264 @ 0x1218084e0] i4 v,h,dc,ddl,ddr,vr,hd,vl,hu: 18% 17% 14%  4% 13%  8%  9%  8% 10%
[stderr] [libx264 @ 0x1218084e0] i8c dc,h,v,p: 65% 12% 15%  8%
[stderr] [libx264 @ 0x1218084e0] Weighted P-Frames: Y:18.8% UV:6.2%
[stderr] [libx264 @ 0x1218084e0] kb/s:4034.13
[stderr] [aac @ 0x12187d380] Qavg: 119.600
[stderr] ffmpeg version 7.1 Copyright (c) 2000-2024 the FFmpeg developers
[stderr]   built with Apple clang version 15.0.0 (clang-1500.1.0.2.5)
[stderr]   configuration: --prefix=/opt/homebrew/Cellar/ffmpeg/7.1_3 --enable-shared --enable-pthreads --enable-version3 --cc=clang --host-cflags= --host-ldflags='-Wl,-ld_classic' --enable-ffplay --enable-gnutls --enable-gpl --enable-libaom --enable-libaribb24 --enable-libbluray --enable-libdav1d --enable-libharfbuzz --enable-libjxl --enable-libmp3lame --enable-libopus --enable-librav1e --enable-librist --enable-librubberband --enable-libsnappy --enable-libsrt --enable-libssh --enable-libsvtav1 --enable-libtesseract --enable-libtheora --enable-libvidstab --enable-libvmaf --enable-libvorbis --enable-libvpx --enable-libwebp --enable-libx264 --enable-libx265 --enable-libxml2 --enable-libxvid --enable-lzma --enable-libfontconfig --enable-libfreetype --enable-frei0r --enable-libass --enable-libopencore-amrnb --enable-libopencore-amrwb --enable-libopenjpeg --enable-libspeex --enable-libsoxr --enable-libzmq --enable-libzimg --disable-libjack --disable-indev=jack --enable-videotoolbox --enable-audiotoolbox --enable-neon
[stderr]   libavutil      59. 39.100 / 59. 39.100
[stderr]   libavcodec     61. 19.100 / 61. 19.100
[stderr]   libavformat    61.  7.100 / 61.  7.100
[stderr]   libavdevice    61.  3.100 / 61.  3.100
[stderr]   libavfilter    10.  4.100 / 10.  4.100
[stderr]   libswscale      8.  3.100 /  8.  3.100
[stderr]   libswresample   5.  3.100 /  5.  3.100
[stderr]   libpostproc    58.  3.100 / 58.  3.100
[stderr] Input #0, mov,mp4,m4a,3gp,3g2,mj2, from '/Users/johndoe/Documents/company/video_ops/scripts/abstract_algebra_in_proof_assistant/04-set-equality/takes/take-mrhmharr/pipeline/stabilize/stabilize-mripljg8/stabilized.mp4':
[stderr]   Metadata:
[stderr]     major_brand     : isom
[stderr]     minor_version   : 512
[stderr]     compatible_brands: isomiso2avc1mp41
[stderr]     encoder         : Lavf61.7.100
[stderr]   Duration: 00:06:08.98, start: 0.000000, bitrate: 5562 kb/s
[stderr]   Stream #0:0[0x1](und): Video: h264 (High) (avc1 / 0x31637661), yuv420p(tv, smpte170m/bt709/bt709, progressive), 640x480, 5453 kb/s, 29.83 fps, 29.83 tbr, 11456 tbn (default)
[stderr]       Metadata:
[stderr]         handler_name    : Core Media Video
[stderr]         vendor_id       : [0][0][0][0]
[stderr]         encoder         : Lavc61.19.100 libx264
[stderr]   Stream #0:1[0x2](und): Audio: aac (LC) (mp4a / 0x6134706D), 48000 Hz, mono, fltp, 100 kb/s (default)
[stderr]       Metadata:
[stderr]         handler_name    : Core Media Audio
[stderr]         vendor_id       : [0][0][0][0]
[stderr] Stream mapping:
[stderr]   Stream #0:0 -> #0:0 (h264 (native) -> h264 (libx264))
[stderr]   Stream #0:1 -> #0:1 (aac (native) -> aac (native))
[stderr] Press [q] to stop, [?] for help
[stderr] [libx264 @ 0x139706160] using cpu capabilities: ARMv8 NEON
[stderr] [libx264 @ 0x139706160] profile High, level 3.0, 4:2:0, 8-bit
[stderr] [libx264 @ 0x139706160] 264 - core 164 r3108 31e19f9 - H.264/MPEG-4 AVC codec - Copyleft 2003-2023 - http://www.videolan.org/x264.html - options: cabac=1 ref=1 deblock=1:0:0 analyse=0x3:0x113 me=hex subme=2 psy=1 psy_rd=1.00:0.00 mixed_ref=0 me_range=16 chroma_me=1 trellis=0 8x8dct=1 cqm=0 deadzone=21,11 fast_pskip=1 chroma_qp_offset=0 threads=15 lookahead_threads=3 sliced_threads=0 nr=0 decimate=1 interlaced=0 bluray_compat=0 constrained_intra=0 bframes=3 b_pyramid=2 b_adapt=1 b_bias=0 direct=1 weightb=1 open_gop=0 weightp=1 keyint=250 keyint_min=25 scenecut=40 intra_refresh=0 rc_lookahead=10 rc=crf mbtree=1 crf=18.0 qcomp=0.60 qpmin=0 qpmax=69 qpstep=4 ip_ratio=1.40 aq=1:1.00
[stderr] Output #0, mp4, to '/Users/johndoe/Documents/company/video_ops/scripts/abstract_algebra_in_proof_assistant/04-set-equality/takes/take-mrhmharr/pipeline/cut/cut-mriq7mo6/chunks/chunk-010.mp4':
[stderr]   Metadata:
[stderr]     major_brand     : isom
[stderr]     minor_version   : 512
[stderr]     compatible_brands: isomiso2avc1mp41
[stderr]     encoder         : Lavf61.7.100
[stderr]   Stream #0:0(und): Video: h264 (avc1 / 0x31637661), yuv420p(tv, smpte170m/bt709/bt709, progressive), 640x480, q=2-31, 29.83 fps, 11456 tbn (default)
[stderr]       Metadata:
[stderr]         handler_name    : Core Media Video
[stderr]         vendor_id       : [0][0][0][0]
[stderr]         encoder         : Lavc61.19.100 libx264
[stderr]       Side data:
[stderr]         cpb: bitrate max/min/avg: 0/0/0 buffer size: 0 vbv_delay: N/A
[stderr]   Stream #0:1(und): Audio: aac (LC) (mp4a / 0x6134706D), 48000 Hz, mono, fltp, 69 kb/s (default)
[stderr]       Metadata:
[stderr]         handler_name    : Core Media Audio
[stderr]         vendor_id       : [0][0][0][0]
[stderr]         encoder         : Lavc61.19.100 aac
[stderr] [out#0/mp4 @ 0x1397051d0] video:4273KiB audio:70KiB subtitle:0KiB other streams:0KiB global headers:0KiB muxing overhead: 0.233950%
[stderr] frame=  246 fps=133 q=-1.0 Lsize=    4353KiB time=00:00:08.17 bitrate=4360.1kbits/s speed=4.41x    
[stderr] [libx264 @ 0x139706160] frame I:1     Avg QP:18.73  size: 59395
[stderr] [libx264 @ 0x139706160] frame P:66    Avg QP:20.57  size: 36279
[stderr] [libx264 @ 0x139706160] frame B:179   Avg QP:24.73  size: 10731
[stderr] [libx264 @ 0x139706160] consecutive B-frames:  0.8%  4.1%  7.3% 87.8%
[stderr] [libx264 @ 0x139706160] mb I  I16..4: 19.7%  7.8% 72.6%
[stderr] [libx264 @ 0x139706160] mb P  I16..4: 10.4%  4.2%  5.3%  P16..4: 20.0% 22.5% 33.9%  0.0%  0.0%    skip: 3.8%
[stderr] [libx264 @ 0x139706160] mb B  I16..4:  2.4%  0.4%  0.1%  B16..8: 26.1% 17.4%  7.5%  direct:20.4%  skip:25.7%  L0:23.1% L1:32.9% BI:44.0%
[stderr] [libx264 @ 0x139706160] 8x8 transform intra:18.8% inter:20.4%
[stderr] [libx264 @ 0x139706160] coded y,uvDC,uvAC intra: 39.9% 40.4% 22.8% inter: 45.4% 18.1% 1.5%
[stderr] [libx264 @ 0x139706160] i16 v,h,dc,p: 81%  9%  8%  2%
[stderr] [libx264 @ 0x139706160] i8 v,h,dc,ddl,ddr,vr,hd,vl,hu: 25% 12% 27%  2% 10%  8%  7%  5%  5%
[stderr] [libx264 @ 0x139706160] i4 v,h,dc,ddl,ddr,vr,hd,vl,hu: 17% 16% 16%  3% 14%  8%  9%  7%  9%
[stderr] [libx264 @ 0x139706160] i8c dc,h,v,p: 73%  9% 13%  5%
[stderr] [libx264 @ 0x139706160] Weighted P-Frames: Y:18.2% UV:6.1%
[stderr] [libx264 @ 0x139706160] kb/s:4244.27
[stderr] [aac @ 0x13977b040] Qavg: 327.484
[stderr] ffmpeg version 7.1 Copyright (c) 2000-2024 the FFmpeg developers
[stderr]   built with Apple clang version 15.0.0 (clang-1500.1.0.2.5)
[stderr]   configuration: --prefix=/opt/homebrew/Cellar/ffmpeg/7.1_3 --enable-shared --enable-pthreads --enable-version3 --cc=clang --host-cflags= --host-ldflags='-Wl,-ld_classic' --enable-ffplay --enable-gnutls --enable-gpl --enable-libaom --enable-libaribb24 --enable-libbluray --enable-libdav1d --enable-libharfbuzz --enable-libjxl --enable-libmp3lame --enable-libopus --enable-librav1e --enable-librist --enable-librubberband --enable-libsnappy --enable-libsrt --enable-libssh --enable-libsvtav1 --enable-libtesseract --enable-libtheora --enable-libvidstab --enable-libvmaf --enable-libvorbis --enable-libvpx --enable-libwebp --enable-libx264 --enable-libx265 --enable-libxml2 --enable-libxvid --enable-lzma --enable-libfontconfig --enable-libfreetype --enable-frei0r --enable-libass --enable-libopencore-amrnb --enable-libopencore-amrwb --enable-libopenjpeg --enable-libspeex --enable-libsoxr --enable-libzmq --enable-libzimg --disable-libjack --disable-indev=jack --enable-videotoolbox --enable-audiotoolbox --enable-neon
[stderr]   libavutil      59. 39.100 / 59. 39.100
[stderr]   libavcodec     61. 19.100 / 61. 19.100
[stderr]   libavformat    61.  7.100 / 61.  7.100
[stderr]   libavdevice    61.  3.100 / 61.  3.100
[stderr]   libavfilter    10.  4.100 / 10.  4.100
[stderr]   libswscale      8.  3.100 /  8.  3.100
[stderr]   libswresample   5.  3.100 /  5.  3.100
[stderr]   libpostproc    58.  3.100 / 58.  3.100
[stderr] Input #0, mov,mp4,m4a,3gp,3g2,mj2, from '/Users/johndoe/Documents/company/video_ops/scripts/abstract_algebra_in_proof_assistant/04-set-equality/takes/take-mrhmharr/pipeline/stabilize/stabilize-mripljg8/stabilized.mp4':
[stderr]   Metadata:
[stderr]     major_brand     : isom
[stderr]     minor_version   : 512
[stderr]     compatible_brands: isomiso2avc1mp41
[stderr]     encoder         : Lavf61.7.100
[stderr]   Duration: 00:06:08.98, start: 0.000000, bitrate: 5562 kb/s
[stderr]   Stream #0:0[0x1](und): Video: h264 (High) (avc1 / 0x31637661), yuv420p(tv, smpte170m/bt709/bt709, progressive), 640x480, 5453 kb/s, 29.83 fps, 29.83 tbr, 11456 tbn (default)
[stderr]       Metadata:
[stderr]         handler_name    : Core Media Video
[stderr]         vendor_id       : [0][0][0][0]
[stderr]         encoder         : Lavc61.19.100 libx264
[stderr]   Stream #0:1[0x2](und): Audio: aac (LC) (mp4a / 0x6134706D), 48000 Hz, mono, fltp, 100 kb/s (default)
[stderr]       Metadata:
[stderr]         handler_name    : Core Media Audio
[stderr]         vendor_id       : [0][0][0][0]
[stderr] Stream mapping:
[stderr]   Stream #0:0 -> #0:0 (h264 (native) -> h264 (libx264))
[stderr]   Stream #0:1 -> #0:1 (aac (native) -> aac (native))
[stderr] Press [q] to stop, [?] for help
[stderr] [libx264 @ 0x127e28bb0] using cpu capabilities: ARMv8 NEON
[stderr] [libx264 @ 0x127e28bb0] profile High, level 3.0, 4:2:0, 8-bit
[stderr] [libx264 @ 0x127e28bb0] 264 - core 164 r3108 31e19f9 - H.264/MPEG-4 AVC codec - Copyleft 2003-2023 - http://www.videolan.org/x264.html - options: cabac=1 ref=1 deblock=1:0:0 analyse=0x3:0x113 me=hex subme=2 psy=1 psy_rd=1.00:0.00 mixed_ref=0 me_range=16 chroma_me=1 trellis=0 8x8dct=1 cqm=0 deadzone=21,11 fast_pskip=1 chroma_qp_offset=0 threads=15 lookahead_threads=3 sliced_threads=0 nr=0 decimate=1 interlaced=0 bluray_compat=0 constrained_intra=0 bframes=3 b_pyramid=2 b_adapt=1 b_bias=0 direct=1 weightb=1 open_gop=0 weightp=1 keyint=250 keyint_min=25 scenecut=40 intra_refresh=0 rc_lookahead=10 rc=crf mbtree=1 crf=18.0 qcomp=0.60 qpmin=0 qpmax=69 qpstep=4 ip_ratio=1.40 aq=1:1.00
[stderr] Output #0, mp4, to '/Users/johndoe/Documents/company/video_ops/scripts/abstract_algebra_in_proof_assistant/04-set-equality/takes/take-mrhmharr/pipeline/cut/cut-mriq7mo6/chunks/chunk-011.mp4':
[stderr]   Metadata:
[stderr]     major_brand     : isom
[stderr]     minor_version   : 512
[stderr]     compatible_brands: isomiso2avc1mp41
[stderr]     encoder         : Lavf61.7.100
[stderr]   Stream #0:0(und): Video: h264 (avc1 / 0x31637661), yuv420p(tv, smpte170m/bt709/bt709, progressive), 640x480, q=2-31, 29.83 fps, 11456 tbn (default)
[stderr]       Metadata:
[stderr]         handler_name    : Core Media Video
[stderr]         vendor_id       : [0][0][0][0]
[stderr]         encoder         : Lavc61.19.100 libx264
[stderr]       Side data:
[stderr]         cpb: bitrate max/min/avg: 0/0/0 buffer size: 0 vbv_delay: N/A
[stderr]   Stream #0:1(und): Audio: aac (LC) (mp4a / 0x6134706D), 48000 Hz, mono, fltp, 69 kb/s (default)
[stderr]       Metadata:
[stderr]         handler_name    : Core Media Audio
[stderr]         vendor_id       : [0][0][0][0]
[stderr]         encoder         : Lavc61.19.100 aac
[stderr] frame=  299 fps=148 q=24.0 size=    5632KiB time=00:00:09.95 bitrate=4634.5kbits/s speed=4.93x    
[stderr] [out#0/mp4 @ 0x127e1ab60] video:12455KiB audio:215KiB subtitle:0KiB other streams:0KiB global headers:0KiB muxing overhead: 0.220163%
[stderr] frame=  747 fps=306 q=-1.0 Lsize=   12698KiB time=00:00:24.97 bitrate=4165.5kbits/s speed=10.2x    
[stderr] [libx264 @ 0x127e28bb0] frame I:3     Avg QP:18.60  size: 60552
[stderr] [libx264 @ 0x127e28bb0] frame P:216   Avg QP:20.34  size: 32653
[stderr] [libx264 @ 0x127e28bb0] frame B:528   Avg QP:24.05  size: 10453
[stderr] [libx264 @ 0x127e28bb0] consecutive B-frames:  2.3%  7.2%  9.6% 80.9%
[stderr] [libx264 @ 0x127e28bb0] mb I  I16..4: 13.7%  6.8% 79.5%
[stderr] [libx264 @ 0x127e28bb0] mb P  I16..4: 11.0%  8.7%  7.5%  P16..4: 18.5% 20.5% 29.9%  0.0%  0.0%    skip: 3.8%
[stderr] [libx264 @ 0x127e28bb0] mb B  I16..4:  2.5%  1.0%  0.1%  B16..8: 27.3% 17.5%  7.2%  direct:19.7%  skip:24.7%  L0:25.1% L1:31.7% BI:43.2%
[stderr] [libx264 @ 0x127e28bb0] 8x8 transform intra:29.8% inter:22.4%
[stderr] [libx264 @ 0x127e28bb0] coded y,uvDC,uvAC intra: 46.6% 52.8% 22.8% inter: 43.6% 20.4% 1.0%
[stderr] [libx264 @ 0x127e28bb0] i16 v,h,dc,p: 71% 11% 14%  4%
[stderr] [libx264 @ 0x127e28bb0] i8 v,h,dc,ddl,ddr,vr,hd,vl,hu: 23% 17% 28%  2%  8%  8%  6%  4%  4%
[stderr] [libx264 @ 0x127e28bb0] i4 v,h,dc,ddl,ddr,vr,hd,vl,hu: 20% 16% 15%  3% 13% 10%  8%  6%  8%
[stderr] [libx264 @ 0x127e28bb0] i8c dc,h,v,p: 63% 14% 17%  6%
[stderr] [libx264 @ 0x127e28bb0] Weighted P-Frames: Y:12.5% UV:1.4%
[stderr] [libx264 @ 0x127e28bb0] kb/s:4074.79
[stderr] [aac @ 0x127e91cc0] Qavg: 190.347
[stderr] ffmpeg version 7.1 Copyright (c) 2000-2024 the FFmpeg developers
[stderr]   built with Apple clang version 15.0.0 (clang-1500.1.0.2.5)
[stderr]   configuration: --prefix=/opt/homebrew/Cellar/ffmpeg/7.1_3 --enable-shared --enable-pthreads --enable-version3 --cc=clang --host-cflags= --host-ldflags='-Wl,-ld_classic' --enable-ffplay --enable-gnutls --enable-gpl --enable-libaom --enable-libaribb24 --enable-libbluray --enable-libdav1d --enable-libharfbuzz --enable-libjxl --enable-libmp3lame --enable-libopus --enable-librav1e --enable-librist --enable-librubberband --enable-libsnappy --enable-libsrt --enable-libssh --enable-libsvtav1 --enable-libtesseract --enable-libtheora --enable-libvidstab --enable-libvmaf --enable-libvorbis --enable-libvpx --enable-libwebp --enable-libx264 --enable-libx265 --enable-libxml2 --enable-libxvid --enable-lzma --enable-libfontconfig --enable-libfreetype --enable-frei0r --enable-libass --enable-libopencore-amrnb --enable-libopencore-amrwb --enable-libopenjpeg --enable-libspeex --enable-libsoxr --enable-libzmq --enable-libzimg --disable-libjack --disable-indev=jack --enable-videotoolbox --enable-audiotoolbox --enable-neon
[stderr]   libavutil      59. 39.100 / 59. 39.100
[stderr]   libavcodec     61. 19.100 / 61. 19.100
[stderr]   libavformat    61.  7.100 / 61.  7.100
[stderr]   libavdevice    61.  3.100 / 61.  3.100
[stderr]   libavfilter    10.  4.100 / 10.  4.100
[stderr]   libswscale      8.  3.100 /  8.  3.100
[stderr]   libswresample   5.  3.100 /  5.  3.100
[stderr]   libpostproc    58.  3.100 / 58.  3.100
[stderr] Input #0, mov,mp4,m4a,3gp,3g2,mj2, from '/Users/johndoe/Documents/company/video_ops/scripts/abstract_algebra_in_proof_assistant/04-set-equality/takes/take-mrhmharr/pipeline/stabilize/stabilize-mripljg8/stabilized.mp4':
[stderr]   Metadata:
[stderr]     major_brand     : isom
[stderr]     minor_version   : 512
[stderr]     compatible_brands: isomiso2avc1mp41
[stderr]     encoder         : Lavf61.7.100
[stderr]   Duration: 00:06:08.98, start: 0.000000, bitrate: 5562 kb/s
[stderr]   Stream #0:0[0x1](und): Video: h264 (High) (avc1 / 0x31637661), yuv420p(tv, smpte170m/bt709/bt709, progressive), 640x480, 5453 kb/s, 29.83 fps, 29.83 tbr, 11456 tbn (default)
[stderr]       Metadata:
[stderr]         handler_name    : Core Media Video
[stderr]         vendor_id       : [0][0][0][0]
[stderr]         encoder         : Lavc61.19.100 libx264
[stderr]   Stream #0:1[0x2](und): Audio: aac (LC) (mp4a / 0x6134706D), 48000 Hz, mono, fltp, 100 kb/s (default)
[stderr]       Metadata:
[stderr]         handler_name    : Core Media Audio
[stderr]         vendor_id       : [0][0][0][0]
[stderr] Stream mapping:
[stderr]   Stream #0:0 -> #0:0 (h264 (native) -> h264 (libx264))
[stderr]   Stream #0:1 -> #0:1 (aac (native) -> aac (native))
[stderr] Press [q] to stop, [?] for help
[stderr] [libx264 @ 0x125e06160] using cpu capabilities: ARMv8 NEON
[stderr] [libx264 @ 0x125e06160] profile High, level 3.0, 4:2:0, 8-bit
[stderr] [libx264 @ 0x125e06160] 264 - core 164 r3108 31e19f9 - H.264/MPEG-4 AVC codec - Copyleft 2003-2023 - http://www.videolan.org/x264.html - options: cabac=1 ref=1 deblock=1:0:0 analyse=0x3:0x113 me=hex subme=2 psy=1 psy_rd=1.00:0.00 mixed_ref=0 me_range=16 chroma_me=1 trellis=0 8x8dct=1 cqm=0 deadzone=21,11 fast_pskip=1 chroma_qp_offset=0 threads=15 lookahead_threads=3 sliced_threads=0 nr=0 decimate=1 interlaced=0 bluray_compat=0 constrained_intra=0 bframes=3 b_pyramid=2 b_adapt=1 b_bias=0 direct=1 weightb=1 open_gop=0 weightp=1 keyint=250 keyint_min=25 scenecut=40 intra_refresh=0 rc_lookahead=10 rc=crf mbtree=1 crf=18.0 qcomp=0.60 qpmin=0 qpmax=69 qpstep=4 ip_ratio=1.40 aq=1:1.00
[stderr] Output #0, mp4, to '/Users/johndoe/Documents/company/video_ops/scripts/abstract_algebra_in_proof_assistant/04-set-equality/takes/take-mrhmharr/pipeline/cut/cut-mriq7mo6/chunks/chunk-012.mp4':
[stderr]   Metadata:
[stderr]     major_brand     : isom
[stderr]     minor_version   : 512
[stderr]     compatible_brands: isomiso2avc1mp41
[stderr]     encoder         : Lavf61.7.100
[stderr]   Stream #0:0(und): Video: h264 (avc1 / 0x31637661), yuv420p(tv, smpte170m/bt709/bt709, progressive), 640x480, q=2-31, 29.83 fps, 11456 tbn (default)
[stderr]       Metadata:
[stderr]         handler_name    : Core Media Video
[stderr]         vendor_id       : [0][0][0][0]
[stderr]         encoder         : Lavc61.19.100 libx264
[stderr]       Side data:
[stderr]         cpb: bitrate max/min/avg: 0/0/0 buffer size: 0 vbv_delay: N/A
[stderr]   Stream #0:1(und): Audio: aac (LC) (mp4a / 0x6134706D), 48000 Hz, mono, fltp, 69 kb/s (default)
[stderr]       Metadata:
[stderr]         handler_name    : Core Media Audio
[stderr]         vendor_id       : [0][0][0][0]
[stderr]         encoder         : Lavc61.19.100 aac
[stderr] [out#0/mp4 @ 0x125e051d0] video:924KiB audio:23KiB subtitle:0KiB other streams:0KiB global headers:0KiB muxing overhead: 0.443212%
[stderr] frame=   79 fps= 40 q=-1.0 Lsize=     951KiB time=00:00:02.61 bitrate=2979.0kbits/s speed=1.33x    
[stderr] [libx264 @ 0x125e06160] frame I:1     Avg QP:19.34  size: 33441
[stderr] [libx264 @ 0x125e06160] frame P:29    Avg QP:19.60  size: 20215
[stderr] [libx264 @ 0x125e06160] frame B:49    Avg QP:21.54  size:  6643
[stderr] [libx264 @ 0x125e06160] consecutive B-frames: 10.1% 17.7% 11.4% 60.8%
[stderr] [libx264 @ 0x125e06160] mb I  I16..4: 15.8% 37.6% 46.6%
[stderr] [libx264 @ 0x125e06160] mb P  I16..4: 10.9% 21.5%  4.6%  P16..4: 22.8% 18.5% 19.5%  0.0%  0.0%    skip: 2.2%
[stderr] [libx264 @ 0x125e06160] mb B  I16..4:  3.6%  3.7%  0.1%  B16..8: 32.6% 15.5%  3.8%  direct:17.9%  skip:22.8%  L0:32.1% L1:33.8% BI:34.1%
[stderr] [libx264 @ 0x125e06160] 8x8 transform intra:54.8% inter:24.2%
[stderr] [libx264 @ 0x125e06160] coded y,uvDC,uvAC intra: 46.4% 68.4% 15.5% inter: 31.7% 26.6% 0.7%
[stderr] [libx264 @ 0x125e06160] i16 v,h,dc,p: 25% 34% 28% 13%
[stderr] [libx264 @ 0x125e06160] i8 v,h,dc,ddl,ddr,vr,hd,vl,hu: 15% 27% 37%  2%  4%  3%  4%  3%  5%
[stderr] [libx264 @ 0x125e06160] i4 v,h,dc,ddl,ddr,vr,hd,vl,hu: 19% 17% 19%  3% 14%  9%  8%  6%  7%
[stderr] [libx264 @ 0x125e06160] i8c dc,h,v,p: 51% 25% 19%  5%
[stderr] [libx264 @ 0x125e06160] Weighted P-Frames: Y:3.4% UV:0.0%
[stderr] [libx264 @ 0x125e06160] kb/s:2855.51
[stderr] [aac @ 0x125e7b040] Qavg: 121.120
[stderr] ffmpeg version 7.1 Copyright (c) 2000-2024 the FFmpeg developers
[stderr]   built with Apple clang version 15.0.0 (clang-1500.1.0.2.5)
[stderr]   configuration: --prefix=/opt/homebrew/Cellar/ffmpeg/7.1_3 --enable-shared --enable-pthreads --enable-version3 --cc=clang --host-cflags= --host-ldflags='-Wl,-ld_classic' --enable-ffplay --enable-gnutls --enable-gpl --enable-libaom --enable-libaribb24 --enable-libbluray --enable-libdav1d --enable-libharfbuzz --enable-libjxl --enable-libmp3lame --enable-libopus --enable-librav1e --enable-librist --enable-librubberband --enable-libsnappy --enable-libsrt --enable-libssh --enable-libsvtav1 --enable-libtesseract --enable-libtheora --enable-libvidstab --enable-libvmaf --enable-libvorbis --enable-libvpx --enable-libwebp --enable-libx264 --enable-libx265 --enable-libxml2 --enable-libxvid --enable-lzma --enable-libfontconfig --enable-libfreetype --enable-frei0r --enable-libass --enable-libopencore-amrnb --enable-libopencore-amrwb --enable-libopenjpeg --enable-libspeex --enable-libsoxr --enable-libzmq --enable-libzimg --disable-libjack --disable-indev=jack --enable-videotoolbox --enable-audiotoolbox --enable-neon
[stderr]   libavutil      59. 39.100 / 59. 39.100
[stderr]   libavcodec     61. 19.100 / 61. 19.100
[stderr]   libavformat    61.  7.100 / 61.  7.100
[stderr]   libavdevice    61.  3.100 / 61.  3.100
[stderr]   libavfilter    10.  4.100 / 10.  4.100
[stderr]   libswscale      8.  3.100 /  8.  3.100
[stderr]   libswresample   5.  3.100 /  5.  3.100
[stderr]   libpostproc    58.  3.100 / 58.  3.100
[stderr] Input #0, mov,mp4,m4a,3gp,3g2,mj2, from '/Users/johndoe/Documents/company/video_ops/scripts/abstract_algebra_in_proof_assistant/04-set-equality/takes/take-mrhmharr/pipeline/stabilize/stabilize-mripljg8/stabilized.mp4':
[stderr]   Metadata:
[stderr]     major_brand     : isom
[stderr]     minor_version   : 512
[stderr]     compatible_brands: isomiso2avc1mp41
[stderr]     encoder         : [stderr] Lavf61.7.100
[stderr]   Duration: 00:06:08.98, start: 0.000000, bitrate: 5562 kb/s
[stderr]   Stream #0:0[0x1](und): Video: h264 (High) (avc1 / 0x31637661), yuv420p(tv, smpte170m/bt709/bt709, progressive), 640x480, 5453 kb/s, 29.83 fps, 29.83 tbr, 11456 tbn (default)
[stderr]       Metadata:
[stderr]         handler_name    : Core Media Video
[stderr]         vendor_id       : [0][0][0][0]
[stderr]         encoder         : Lavc61.19.100 libx264
[stderr]   Stream #0:1[0x2](und): Audio: aac (LC) (mp4a / 0x6134706D), 48000 Hz, mono, fltp, 100 kb/s (default)
[stderr]       Metadata:
[stderr]         handler_name    : Core Media Audio
[stderr]         vendor_id       : [0][0][0][0]
[stderr] Stream mapping:
[stderr]   Stream #0:0 -> #0:0 (h264 (native) -> h264 (libx264))
[stderr]   Stream #0:1 -> #0:1 (aac (native) -> aac (native))
[stderr] Press [q] to stop, [?] for help
[stderr] [libx264 @ 0x121804b60] using cpu capabilities: ARMv8 NEON
[stderr] [libx264 @ 0x121804b60] profile High, level 3.0, 4:2:0, 8-bit
[stderr] [libx264 @ 0x121804b60] 264 - core 164 r3108 31e19f9 - H.264/MPEG-4 AVC codec - Copyleft 2003-2023 - http://www.videolan.org/x264.html - options: cabac=1 ref=1 deblock=1:0:0 analyse=0x3:0x113 me=hex subme=2 psy=1 psy_rd=1.00:0.00 mixed_ref=0 me_range=16 chroma_me=1 trellis=0 8x8dct=1 cqm=0 deadzone=21,11 fast_pskip=1 chroma_qp_offset=0 threads=15 lookahead_threads=3 sliced_threads=0 nr=0 decimate=1 interlaced=0 bluray_compat=0 constrained_intra=0 bframes=3 b_pyramid=2 b_adapt=1 b_bias=0 direct=1 weightb=1 open_gop=0 weightp=1 keyint=250 keyint_min=25 scenecut=40 intra_refresh=0 rc_lookahead=10 rc=crf mbtree=1 crf=18.0 qcomp=0.60 qpmin=0 qpmax=69 qpstep=4 ip_ratio=1.40 aq=1:1.00
[stderr] Output #0, mp4, to '/Users/johndoe/Documents/company/video_ops/scripts/abstract_algebra_in_proof_assistant/04-set-equality/takes/take-mrhmharr/pipeline/cut/cut-mriq7mo6/chunks/chunk-013.mp4':
[stderr]   Metadata:
[stderr]     major_brand     : isom
[stderr]     minor_version   : 512
[stderr]     compatible_brands: isomiso2avc1mp41
[stderr]     encoder         : Lavf61.7.100
[stderr]   Stream #0:0(und): Video: h264 (avc1 / 0x31637661), yuv420p(tv, smpte170m/bt709/bt709, progressive), 640x480, q=2-31, 29.83 fps, 11456 tbn (default)
[stderr]       Metadata:
[stderr]         handler_name    : Core Media Video
[stderr]         vendor_id       : [0][0][0][0]
[stderr]         encoder         : Lavc61.19.100 libx264
[stderr]       Side data:
[stderr]         cpb: bitrate max/min/avg: 0/0/0 buffer size: 0 vbv_delay: N/A
[stderr]   Stream #0:1(und): Audio: aac (LC) (mp4a / 0x6134706D), 48000 Hz, mono, fltp, 69 kb/s (default)
[stderr]       Metadata:
[stderr]         handler_name    : Core Media Audio
[stderr]         vendor_id       : [0][0][0][0]
[stderr]         encoder         : Lavc61.19.100 aac
[stderr] frame=   95 fps= 47 q=24.0 size=     768KiB time=00:00:03.15 bitrate=1996.9kbits/s speed=1.56x    
[stderr] [out#0/mp4 @ 0x120721ed0] video:9983KiB audio:158KiB subtitle:0KiB other streams:0KiB global headers:0KiB muxing overhead: 0.206760%
[stderr] frame=  554 fps=221 q=-1.0 Lsize=   10163KiB time=00:00:18.53 bitrate=4491.3kbits/s speed=7.38x    
[stderr] [libx264 @ 0x121804b60] frame I:3     Avg QP:18.84  size: 46913
[stderr] [libx264 @ 0x121804b60] frame P:184   Avg QP:20.69  size: 29773
[stderr] [libx264 @ 0x121804b60] frame B:367   Avg QP:23.54  size: 12543
[stderr] [libx264 @ 0x121804b60] consecutive B-frames:  5.2% 15.2% 12.5% 67.1%
[stderr] [libx264 @ 0x121804b60] mb I  I16..4: 13.7% 22.0% 64.3%
[stderr] [libx264 @ 0x121804b60] mb P  I16..4:  9.9% 13.0% 11.6%  P16..4: 20.1% 19.4% 24.3%  0.0%  0.0%    skip: 1.7%
[stderr] [libx264 @ 0x121804b60] mb B  I16..4:  2.2%  1.5%  0.4%  B16..8: 28.3% 18.6%  8.8%  direct:20.3%  skip:19.9%  L0:30.5% L1:34.6% BI:34.9%
[stderr] [libx264 @ 0x121804b60] 8x8 transform intra:36.9% inter:22.6%
[stderr] [libx264 @ 0x121804b60] coded y,uvDC,uvAC intra: 57.0% 61.7% 23.7% inter: 45.6% 25.1% 1.1%
[stderr] [libx264 @ 0x121804b60] i16 v,h,dc,p: 62% 17% 13%  8%
[stderr] [libx264 @ 0x121804b60] i8 v,h,dc,ddl,ddr,vr,hd,vl,hu: 19% 21% 28%  2%  7%  5%  6%  5%  6%
[stderr] [libx264 @ 0x121804b60] i4 v,h,dc,ddl,ddr,vr,hd,vl,hu: 17% 17% 16%  4% 13%  8% 10%  7%  9%
[stderr] [libx264 @ 0x121804b60] i8c dc,h,v,p: 57% 18% 18%  6%
[stderr] [libx264 @ 0x121804b60] Weighted P-Frames: Y:16.3% UV:2.2%
[stderr] [libx264 @ 0x121804b60] kb/s:4403.75
[stderr] [aac @ 0x121a79bf0] Qavg: 179.181
[stderr] ffmpeg version 7.1 Copyright (c) 2000-2024 the FFmpeg developers
[stderr]   built with Apple clang version 15.0.0 (clang-1500.1.0.2.5)
[stderr]   configuration: --prefix=/opt/homebrew/Cellar/ffmpeg/7.1_3 --enable-shared --enable-pthreads --enable-version3 --cc=clang --host-cflags= --host-ldflags='-Wl,-ld_classic' --enable-ffplay --enable-gnutls --enable-gpl --enable-libaom --enable-libaribb24 --enable-libbluray --enable-libdav1d --enable-libharfbuzz --enable-libjxl --enable-libmp3lame --enable-libopus --enable-librav1e --enable-librist --enable-librubberband --enable-libsnappy --enable-libsrt --enable-libssh --enable-libsvtav1 --enable-libtesseract --enable-libtheora --enable-libvidstab --enable-libvmaf --enable-libvorbis --enable-libvpx --enable-libwebp --enable-libx264 --enable-libx265 --enable-libxml2 --enable-libxvid --enable-lzma --enable-libfontconfig --enable-libfreetype --enable-frei0r --enable-libass --enable-libopencore-amrnb --enable-libopencore-amrwb --enable-libopenjpeg --enable-libspeex --enable-libsoxr --enable-libzmq --enable-libzimg --disable-libjack --disable-indev=jack --enable-videotoolbox --enable-audiotoolbox --enable-neon
[stderr]   libavutil      59. 39.100 / 59. 39.100
[stderr]   libavcodec     61. 19.100 / 61. 19.100
[stderr]   libavformat    61.  7.100 / 61.  7.100
[stderr]   libavdevice    61.  3.100 / 61.  3.100
[stderr]   libavfilter    10.  4.100 / 10.  4.100
[stderr]   libswscale      8.  3.100 /  8.  3.100
[stderr]   libswresample   5.  3.100 /  5.  3.100
[stderr]   libpostproc    58.  3.100 / 58.  3.100
[stderr] Input #0, mov,mp4,m4a,3gp,3g2,mj2, from '/Users/johndoe/Documents/company/video_ops/scripts/abstract_algebra_in_proof_assistant/04-set-equality/takes/take-mrhmharr/pipeline/stabilize/stabilize-mripljg8/stabilized.mp4':
[stderr]   Metadata:
[stderr]     major_brand     : isom
[stderr]     minor_version   : 512
[stderr]     compatible_brands: isomiso2avc1mp41
[stderr]     encoder         : [stderr] Lavf61.7.100
[stderr]   Duration: 00:06:08.98, start: 0.000000, bitrate: 5562 kb/s
[stderr]   Stream #0:0[0x1](und): Video: h264 (High) (avc1 / 0x31637661), yuv420p(tv, smpte170m/bt709/bt709, progressive), 640x480, 5453 kb/s, 29.83 fps, 29.83 tbr, 11456 tbn (default)
[stderr]       Metadata:
[stderr]         handler_name    : Core Media Video
[stderr]         vendor_id       : [0][0][0][0]
[stderr]         encoder         : Lavc61.19.100 libx264
[stderr]   Stream #0:1[0x2](und): Audio: aac (LC) (mp4a / 0x6134706D), 48000 Hz, mono, fltp, 100 kb/s (default)
[stderr]       Metadata:
[stderr]         handler_name    : Core Media Audio
[stderr]         vendor_id       : [0][0][0][0]
[stderr] Stream mapping:
[stderr]   Stream #0:0 -> #0:0 (h264 (native) -> h264 (libx264))
[stderr]   Stream #0:1 -> #0:1 (aac (native) -> aac (native))
[stderr] Press [q] to stop, [?] for help
[stderr] [libx264 @ 0x12fe34d60] using cpu capabilities: ARMv8 NEON
[stderr] [libx264 @ 0x12fe34d60] profile High, level 3.0, 4:2:0, 8-bit
[stderr] [libx264 @ 0x12fe34d60] 264 - core 164 r3108 31e19f9 - H.264/MPEG-4 AVC codec - Copyleft 2003-2023 - http://www.videolan.org/x264.html - options: cabac=1 ref=1 deblock=1:0:0 analyse=0x3:0x113 me=hex subme=2 psy=1 psy_rd=1.00:0.00 mixed_ref=0 me_range=16 chroma_me=1 trellis=0 8x8dct=1 cqm=0 deadzone=21,11 fast_pskip=1 chroma_qp_offset=0 threads=15 lookahead_threads=3 sliced_threads=0 nr=0 decimate=1 interlaced=0 bluray_compat=0 constrained_intra=0 bframes=3 b_pyramid=2 b_adapt=1 b_bias=0 direct=1 weightb=1 open_gop=0 weightp=1 keyint=250 keyint_min=25 scenecut=40 intra_refresh=0 rc_lookahead=10 rc=crf mbtree=1 crf=18.0 qcomp=0.60 qpmin=0 qpmax=69 qpstep=4 ip_ratio=1.40 aq=1:1.00
[stderr] Output #0, mp4, to '/Users/johndoe/Documents/company/video_ops/scripts/abstract_algebra_in_proof_assistant/04-set-equality/takes/take-mrhmharr/pipeline/cut/cut-mriq7mo6/chunks/chunk-014.mp4':
[stderr]   Metadata:
[stderr]     major_brand     : isom
[stderr]     minor_version   : 512
[stderr]     compatible_brands: isomiso2avc1mp41
[stderr]     encoder         : Lavf61.7.100
[stderr]   Stream #0:0(und): Video: h264 (avc1 / 0x31637661), yuv420p(tv, smpte170m/bt709/bt709, progressive), 640x480, q=2-31, 29.83 fps, 11456 tbn (default)
[stderr]       Metadata:
[stderr]         handler_name    : Core Media Video
[stderr]         vendor_id       : [0][0][0][0]
[stderr]         encoder         : Lavc61.19.100 libx264
[stderr]       Side data:
[stderr]         cpb: bitrate max/min/avg: 0/0/0 buffer size: 0 vbv_delay: N/A
[stderr]   Stream #0:1(und): Audio: aac (LC) (mp4a / 0x6134706D), 48000 Hz, mono, fltp, 69 kb/s (default)
[stderr]       Metadata:
[stderr]         handler_name    : Core Media Audio
[stderr]         vendor_id       : [0][0][0][0]
[stderr]         encoder         : Lavc61.19.100 aac
[stderr] [out#0/mp4 @ 0x12fe33680] video:5157KiB audio:53KiB subtitle:0KiB other streams:0KiB global headers:0KiB muxing overhead: 0.151468%
[stderr] frame=  182 fps= 75 q=-1.0 Lsize=    5217KiB time=00:00:06.06 bitrate=7044.7kbits/s speed=2.52x    
[stderr] [libx264 @ 0x12fe34d60] frame I:4     Avg QP:21.67  size: 46410
[stderr] [libx264 @ 0x12fe34d60] frame P:49    Avg QP:24.15  size: 41439
[stderr] [libx264 @ 0x12fe34d60] frame B:129   Avg QP:25.82  size: 23751
[stderr] [libx264 @ 0x12fe34d60] consecutive B-frames:  4.9%  0.0%  4.9% 90.1%
[stderr] [libx264 @ 0x12fe34d60] mb I  I16..4:  2.6% 14.0% 83.4%
[stderr] [libx264 @ 0x12fe34d60] mb P  I16..4:  2.8% 13.3% 44.2%  P16..4:  8.1% 11.8% 19.6%  0.0%  0.0%    skip: 0.2%
[stderr] [libx264 @ 0x12fe34d60] mb B  I16..4:  1.1%  2.0%  3.1%  B16..8: 23.7% 24.9% 20.7%  direct:18.2%  skip: 6.3%  L0:31.2% L1:32.9% BI:35.9%
[stderr] [libx264 @ 0x12fe34d60] 8x8 transform intra:23.3% inter:26.5%
[stderr] [libx264 @ 0x12fe34d60] coded y,uvDC,uvAC intra: 88.4% 72.5% 34.3% inter: 66.7% 29.0% 1.0%
[stderr] [libx264 @ 0x12fe34d60] i16 v,h,dc,p: 39% 23% 24% 14%
[stderr] [libx264 @ 0x12fe34d60] i8 v,h,dc,ddl,ddr,vr,hd,vl,hu: 19% 19% 16%  3% 10%  7% 10%  8%  8%
[stderr] [libx264 @ 0x12fe34d60] i4 v,h,dc,ddl,ddr,vr,hd,vl,hu: 14% 17% 12%  3% 16%  9% 12%  8%  9%
[stderr] [libx264 @ 0x12fe34d60] i8c dc,h,v,p: 47% 22% 20% 11%
[stderr] [libx264 @ 0x12fe34d60] Weighted P-Frames: Y:16.3% UV:2.0%
[stderr] [libx264 @ 0x12fe34d60] kb/s:6923.94
[stderr] [aac @ 0x11fe663d0] Qavg: 155.939
[stderr] ffmpeg version 7.1 Copyright (c) 2000-2024 the FFmpeg developers
[stderr]   built with Apple clang version 15.0.0 (clang-1500.1.0.2.5)
[stderr]   configuration: --prefix=/opt/homebrew/Cellar/ffmpeg/7.1_3 --enable-shared --enable-pthreads --enable-version3 --cc=clang --host-cflags= --host-ldflags='-Wl,-ld_classic' --enable-ffplay --enable-gnutls --enable-gpl --enable-libaom --enable-libaribb24 --enable-libbluray --enable-libdav1d --enable-libharfbuzz --enable-libjxl --enable-libmp3lame --enable-libopus --enable-librav1e --enable-librist --enable-librubberband --enable-libsnappy --enable-libsrt --enable-libssh --enable-libsvtav1 --enable-libtesseract --enable-libtheora --enable-libvidstab --enable-libvmaf --enable-libvorbis --enable-libvpx --enable-libwebp --enable-libx264 --enable-libx265 --enable-libxml2 --enable-libxvid --enable-lzma --enable-libfontconfig --enable-libfreetype --enable-frei0r --enable-libass --enable-libopencore-amrnb --enable-libopencore-amrwb --enable-libopenjpeg --enable-libspeex --enable-libsoxr --enable-libzmq --enable-libzimg --disable-libjack --disable-indev=jack --enable-videotoolbox --enable-audiotoolbox --enable-neon
[stderr]   libavutil      59. 39.100 / 59. 39.100
[stderr]   libavcodec     61. 19.100 / 61. 19.100
[stderr]   libavformat    61.  7.100 / 61.  7.100
[stderr]   libavdevice    61.  3.100 / 61.  3.100
[stderr]   libavfilter    10.  4.100 / 10.  4.100
[stderr]   libswscale      8.  3.100 /  8.  3.100
[stderr]   libswresample   5.  3.100 /  5.  3.100
[stderr]   libpostproc    58.  3.100 / 58.  3.100
[stderr] Input #0, mov,mp4,m4a,3gp,3g2,mj2, from '/Users/johndoe/Documents/company/video_ops/scripts/abstract_algebra_in_proof_assistant/04-set-equality/takes/take-mrhmharr/pipeline/stabilize/stabilize-mripljg8/stabilized.mp4':
[stderr]   Metadata:
[stderr]     major_brand     : isom
[stderr]     minor_version   : 512
[stderr]     compatible_brands: isomiso2avc1mp41
[stderr]     encoder         : Lavf61.7.100
[stderr]   Duration: [stderr] 00:06:08.98, start: 0.000000, bitrate: 5562 kb/s
[stderr]   Stream #0:0[0x1](und): Video: h264 (High) (avc1 / 0x31637661), yuv420p(tv, smpte170m/bt709/bt709, progressive), 640x480, 5453 kb/s, 29.83 fps, 29.83 tbr, 11456 tbn (default)
[stderr]       Metadata:
[stderr]         handler_name    : Core Media Video
[stderr]         vendor_id       : [0][0][0][0]
[stderr]         encoder         : Lavc61.19.100 libx264
[stderr]   Stream #0:1[0x2](und): Audio: aac (LC) (mp4a / 0x6134706D), 48000 Hz, mono, fltp, 100 kb/s (default)
[stderr]       Metadata:
[stderr]         handler_name    : Core Media Audio
[stderr]         vendor_id       : [0][0][0][0]
[stderr] Stream mapping:
[stderr]   Stream #0:0 -> #0:0 (h264 (native) -> h264 (libx264))
[stderr]   Stream #0:1 -> #0:1 (aac (native) -> aac (native))
[stderr] Press [q] to stop, [?] for help
[stderr] [libx264 @ 0x14f107720] using cpu capabilities: ARMv8 NEON
[stderr] [libx264 @ 0x14f107720] profile High, level 3.0, 4:2:0, 8-bit
[stderr] [libx264 @ 0x14f107720] 264 - core 164 r3108 31e19f9 - H.264/MPEG-4 AVC codec - Copyleft 2003-2023 - http://www.videolan.org/x264.html - options: cabac=1 ref=1 deblock=1:0:0 analyse=0x3:0x113 me=hex subme=2 psy=1 psy_rd=1.00:0.00 mixed_ref=0 me_range=16 chroma_me=1 trellis=0 8x8dct=1 cqm=0 deadzone=21,11 fast_pskip=1 chroma_qp_offset=0 threads=15 lookahead_threads=3 sliced_threads=0 nr=0 decimate=1 interlaced=0 bluray_compat=0 constrained_intra=0 bframes=3 b_pyramid=2 b_adapt=1 b_bias=0 direct=1 weightb=1 open_gop=0 weightp=1 keyint=250 keyint_min=25 scenecut=40 intra_refresh=0 rc_lookahead=10 rc=crf mbtree=1 crf=18.0 qcomp=0.60 qpmin=0 qpmax=69 qpstep=4 ip_ratio=1.40 aq=1:1.00
[stderr] Output #0, mp4, to '/Users/johndoe/Documents/company/video_ops/scripts/abstract_algebra_in_proof_assistant/04-set-equality/takes/take-mrhmharr/pipeline/cut/cut-mriq7mo6/chunks/chunk-015.mp4':
[stderr]   Metadata:
[stderr]     major_brand     : isom
[stderr]     minor_version   : 512
[stderr]     compatible_brands: isomiso2avc1mp41
[stderr]     encoder         : Lavf61.7.100
[stderr]   Stream #0:0(und): Video: h264 (avc1 / 0x31637661), yuv420p(tv, smpte170m/bt709/bt709, progressive), 640x480, q=2-31, 29.83 fps, 11456 tbn (default)
[stderr]       Metadata:
[stderr]         handler_name    : Core Media Video
[stderr]         vendor_id       : [0][0][0][0]
[stderr]         encoder         : Lavc61.19.100 libx264
[stderr]       Side data:
[stderr]         cpb: bitrate max/min/avg: 0/0/0 buffer size: 0 vbv_delay: N/A
[stderr]   Stream #0:1(und): Audio: aac (LC) (mp4a / 0x6134706D), 48000 Hz, mono, fltp, 69 kb/s (default)
[stderr]       Metadata:
[stderr]         handler_name    : Core Media Audio
[stderr]         vendor_id       : [0][0][0][0]
[stderr]         encoder         : Lavc61.19.100 aac
[stderr] [out#0/mp4 @ 0x14f1067b0] video:6122KiB audio:69KiB subtitle:0KiB other streams:0KiB global headers:0KiB muxing overhead: 0.161461%
[stderr] frame=  241 fps= 98 q=-1.0 Lsize=    6201KiB time=00:00:08.01 bitrate=6341.0kbits/s speed=3.26x    
[stderr] [libx264 @ 0x14f107720] frame I:5     Avg QP:20.87  size: 43259
[stderr] [libx264 @ 0x14f107720] frame P:68    Avg QP:23.56  size: 38222
[stderr] [libx264 @ 0x14f107720] frame B:168   Avg QP:25.17  size: 20552
[stderr] [libx264 @ 0x14f107720] consecutive B-frames:  5.0%  5.0%  3.7% 86.3%
[stderr] [libx264 @ 0x14f107720] mb I  I16..4:  3.1% 18.2% 78.8%
[stderr] [libx264 @ 0x14f107720] mb P  I16..4:  2.4% 15.9% 33.1%  P16..4: 11.1% 14.4% 22.9%  0.0%  0.0%    skip: 0.2%
[stderr] [libx264 @ 0x14f107720] mb B  I16..4:  1.0%  3.4%  3.9%  B16..8: 23.8% 22.3% 16.9%  direct:20.0%  skip: 8.6%  L0:31.0% L1:34.2% BI:34.9%
[stderr] [libx264 @ 0x14f107720] 8x8 transform intra:32.3% inter:29.0%
[stderr] [libx264 @ 0x14f107720] coded y,uvDC,uvAC intra: 86.4% 76.5% 41.4% inter: 63.2% 34.0% 2.4%
[stderr] [libx264 @ 0x14f107720] i16 v,h,dc,p: 36% 22% 22% 20%
[stderr] [libx264 @ 0x14f107720] i8 v,h,dc,ddl,ddr,vr,hd,vl,hu: 22% 18% 15%  3% 11%  9%  8%  7%  7%
[stderr] [libx264 @ 0x14f107720] i4 v,h,dc,ddl,ddr,vr,hd,vl,hu: 14% 19% 12%  3% 16%  9% 12%  6%  9%
[stderr] [libx264 @ 0x14f107720] i8c dc,h,v,p: 46% 23% 20% 11%
[stderr] [libx264 @ 0x14f107720] Weighted P-Frames: Y:33.8% UV:11.8%
[stderr] [libx264 @ 0x14f107720] kb/s:6207.43
[stderr] [aac @ 0x14e6a7e50] Qavg: 173.934
[stderr] ffmpeg version 7.1 Copyright (c) 2000-2024 the FFmpeg developers
[stderr]   built with Apple clang version 15.0.0 (clang-1500.1.0.2.5)
[stderr]   configuration: --prefix=/opt/homebrew/Cellar/ffmpeg/7.1_3 --enable-shared --enable-pthreads --enable-version3 --cc=clang --host-cflags= --host-ldflags='-Wl,-ld_classic' --enable-ffplay --enable-gnutls --enable-gpl --enable-libaom --enable-libaribb24 --enable-libbluray --enable-libdav1d --enable-libharfbuzz --enable-libjxl --enable-libmp3lame --enable-libopus --enable-librav1e --enable-librist --enable-librubberband --enable-libsnappy --enable-libsrt --enable-libssh --enable-libsvtav1 --enable-libtesseract --enable-libtheora --enable-libvidstab --enable-libvmaf --enable-libvorbis --enable-libvpx --enable-libwebp --enable-libx264 --enable-libx265 --enable-libxml2 --enable-libxvid --enable-lzma --enable-libfontconfig --enable-libfreetype --enable-frei0r --enable-libass --enable-libopencore-amrnb --enable-libopencore-amrwb --enable-libopenjpeg --enable-libspeex --enable-libsoxr --enable-libzmq --enable-libzimg --disable-libjack --disable-indev=jack --enable-videotoolbox --enable-audiotoolbox --enable-neon
[stderr]   libavutil      59. 39.100 / 59. 39.100
[stderr]   libavcodec     61. 19.100 / 61. 19.100
[stderr]   libavformat    61.  7.100 / 61.  7.100
[stderr]   libavdevice    61.  3.100 / 61.  3.100
[stderr]   libavfilter    10.  4.100 / 10.  4.100
[stderr]   libswscale      8.  3.100 /  8.  3.100
[stderr]   libswresample   5.  3.100 /  5.  3.100
[stderr]   libpostproc    58.  3.100 / 58.  3.100
[stderr] Input #0, mov,mp4,m4a,3gp,3g2,mj2, from '/Users/johndoe/Documents/company/video_ops/scripts/abstract_algebra_in_proof_assistant/04-set-equality/takes/take-mrhmharr/pipeline/stabilize/stabilize-mripljg8/stabilized.mp4':
[stderr]   Metadata:
[stderr]     major_brand     : isom
[stderr]     minor_version   : 512
[stderr]     compatible_brands: isomiso2avc1mp41
[stderr]     encoder         : Lavf61.7.100
[stderr]   Duration: 00:06:08.98, start: 0.000000, bitrate: 5562 kb/s
[stderr]   Stream #0:0[0x1](und): Video: h264 (High) (avc1 / 0x31637661), yuv420p(tv, smpte170m/bt709/bt709, progressive), 640x480, 5453 kb/s, 29.83 fps, 29.83 tbr, 11456 tbn (default)
[stderr]       Metadata:
[stderr]         handler_name    : Core Media Video
[stderr]         vendor_id       : [0][0][0][0]
[stderr]         encoder         : Lavc61.19.100 libx264
[stderr]   Stream #0:1[0x2](und): Audio: aac (LC) (mp4a / 0x6134706D), 48000 Hz, mono, fltp, 100 kb/s (default)
[stderr]       Metadata:
[stderr]         handler_name    : Core Media Audio
[stderr]         vendor_id       : [0][0][0][0]
[stderr] Stream mapping:
[stderr]   Stream #0:0 -> #0:0 (h264 (native) -> h264 (libx264))
[stderr]   Stream #0:1 -> #0:1[stderr]  (aac (native) -> aac (native))
[stderr] Press [q] to stop, [?] for help
[stderr] [libx264 @ 0x11be06160] using cpu capabilities: ARMv8 NEON
[stderr] [libx264 @ 0x11be06160] profile High, level 3.0, 4:2:0, 8-bit
[stderr] [libx264 @ 0x11be06160] 264 - core 164 r3108 31e19f9 - H.264/MPEG-4 AVC codec - Copyleft 2003-2023 - http://www.videolan.org/x264.html - options: cabac=1 ref=1 deblock=1:0:0 analyse=0x3:0x113 me=hex subme=2 psy=1 psy_rd=1.00:0.00 mixed_ref=0 me_range=16 chroma_me=1 trellis=0 8x8dct=1 cqm=0 deadzone=21,11 fast_pskip=1 chroma_qp_offset=0 threads=15 lookahead_threads=3 sliced_threads=0 nr=0 decimate=1 interlaced=0 bluray_compat=0 constrained_intra=0 bframes=3 b_pyramid=2 b_adapt=1 b_bias=0 direct=1 weightb=1 open_gop=0 weightp=1 keyint=250 keyint_min=25 scenecut=40 intra_refresh=0 rc_lookahead=10 rc=crf mbtree=1 crf=18.0 qcomp=0.60 qpmin=0 qpmax=69 qpstep=4 ip_ratio=1.40 aq=1:1.00
[stderr] Output #0, mp4, to '/Users/johndoe/Documents/company/video_ops/scripts/abstract_algebra_in_proof_assistant/04-set-equality/takes/take-mrhmharr/pipeline/cut/cut-mriq7mo6/chunks/chunk-016.mp4':
[stderr]   Metadata:
[stderr]     major_brand     : isom
[stderr]     minor_version   : 512
[stderr]     compatible_brands: isomiso2avc1mp41
[stderr]     encoder         : Lavf61.7.100
[stderr]   Stream #0:0(und): Video: h264 (avc1 / 0x31637661), yuv420p(tv, smpte170m/bt709/bt709, progressive), 640x480, q=2-31, 29.83 fps, 11456 tbn (default)
[stderr]       Metadata:
[stderr]         handler_name    : Core Media Video
[stderr]         vendor_id       : [0][0][0][0]
[stderr]         encoder         : Lavc61.19.100 libx264
[stderr]       Side data:
[stderr]         cpb: bitrate max/min/avg: 0/0/0 buffer size: 0 vbv_delay: N/A
[stderr]   Stream #0:1(und): Audio: aac (LC) (mp4a / 0x6134706D), 48000 Hz, mono, fltp, 69 kb/s (default)
[stderr]       Metadata:
[stderr]         handler_name    : Core Media Audio
[stderr]         vendor_id       : [0][0][0][0]
[stderr]         encoder         : Lavc61.19.100 aac
[stderr] [out#0/mp4 @ 0x11be051d0] video:351KiB audio:5KiB subtitle:0KiB other streams:0KiB global headers:0KiB muxing overhead: 0.570859%
[stderr] frame=   17 fps=7.6 q=-1.0 Lsize=     359KiB time=00:00:00.50 bitrate=5841.7kbits/s speed=0.225x    
[stderr] [libx264 @ 0x11be06160] frame I:1     Avg QP:22.20  size: 30175
[stderr] [libx264 @ 0x11be06160] frame P:4     Avg QP:22.96  size: 34127
[stderr] [libx264 @ 0x11be06160] frame B:12    Avg QP:24.55  size: 16036
[stderr] [libx264 @ 0x11be06160] consecutive B-frames:  5.9%  0.0%  0.0% 94.1%
[stderr] [libx264 @ 0x11be06160] mb I  I16..4:  6.3% 30.6% 63.1%
[stderr] [libx264 @ 0x11be06160] mb P  I16..4:  4.7% 17.2% 31.4%  P16..4: 10.2% 15.2% 20.5%  0.0%  0.0%    skip: 0.8%
[stderr] [libx264 @ 0x11be06160] mb B  I16..4:  1.1%  2.7%  4.1%  B16..8: 24.6% 22.8% 13.3%  direct:18.7%  skip:12.7%  L0:31.7% L1:33.5% BI:34.8%
[stderr] [libx264 @ 0x11be06160] 8x8 transform intra:32.2% inter:29.8%
[stderr] [libx264 @ 0x11be06160] coded y,uvDC,uvAC intra: 84.8% 77.1% 44.5% inter: 53.0% 32.1% 2.9%
[stderr] [libx264 @ 0x11be06160] i16 v,h,dc,p: 59% 10% 19% 13%
[stderr] [libx264 @ 0x11be06160] i8 v,h,dc,ddl,ddr,vr,hd,vl,hu: 25% 13% 13%  2% 12% 13%  8%  7%  6%
[stderr] [libx264 @ 0x11be06160] i4 v,h,dc,ddl,ddr,vr,hd,vl,hu: 13% 15% 12%  3% 18%  9% 16%  6%  9%
[stderr] [libx264 @ 0x11be06160] i8c dc,h,v,p: 48% 21% 20% 10%
[stderr] [libx264 @ 0x11be06160] Weighted P-Frames: Y:0.0% UV:0.0%
[stderr] [libx264 @ 0x11be06160] kb/s:5041.61
[stderr] [aac @ 0x11be7b040] Qavg: 2440.505
[stderr] ffmpeg version 7.1 Copyright (c) 2000-2024 the FFmpeg developers
[stderr]   built with Apple clang version 15.0.0 (clang-1500.1.0.2.5)
[stderr]   configuration: --prefix=/opt/homebrew/Cellar/ffmpeg/7.1_3 --enable-shared --enable-pthreads --enable-version3 --cc=clang --host-cflags= --host-ldflags='-Wl,-ld_classic' --enable-ffplay --enable-gnutls --enable-gpl --enable-libaom --enable-libaribb24 --enable-libbluray --enable-libdav1d --enable-libharfbuzz --enable-libjxl --enable-libmp3lame --enable-libopus --enable-librav1e --enable-librist --enable-librubberband --enable-libsnappy --enable-libsrt --enable-libssh --enable-libsvtav1 --enable-libtesseract --enable-libtheora --enable-libvidstab --enable-libvmaf --enable-libvorbis --enable-libvpx --enable-libwebp --enable-libx264 --enable-libx265 --enable-libxml2 --enable-libxvid --enable-lzma --enable-libfontconfig --enable-libfreetype --enable-frei0r --enable-libass --enable-libopencore-amrnb --enable-libopencore-amrwb --enable-libopenjpeg --enable-libspeex --enable-libsoxr --enable-libzmq --enable-libzimg --disable-libjack --disable-indev=jack --enable-videotoolbox --enable-audiotoolbox --enable-neon
[stderr]   libavutil      59. 39.100 / 59. 39.100
[stderr]   libavcodec     61. 19.100 / 61. 19.100
[stderr]   libavformat    61.  7.100 / 61.  7.100
[stderr]   libavdevice    61.  3.100 / 61.  3.100
[stderr]   libavfilter    10.  4.100 / 10.  4.100
[stderr]   libswscale      8.  3.100 /  8.  3.100
[stderr]   libswresample   5.  3.100 /  5.  3.100
[stderr]   libpostproc    58.  3.100 / 58.  3.100
[stderr] Input #0, mov,mp4,m4a,3gp,3g2,mj2, from '/Users/johndoe/Documents/company/video_ops/scripts/abstract_algebra_in_proof_assistant/04-set-equality/takes/take-mrhmharr/pipeline/stabilize/stabilize-mripljg8/stabilized.mp4':
[stderr]   Metadata:
[stderr]     major_brand     : isom
[stderr]     minor_version   : 512
[stderr]     compatible_brands: isomiso2avc1mp41
[stderr]     encoder         : [stderr] Lavf61.7.100
[stderr]   Duration: 00:06:08.98, start: 0.000000, bitrate: 5562 kb/s
[stderr]   Stream #0:0[0x1](und): Video: h264 (High) (avc1 / 0x31637661), yuv420p(tv, smpte170m/bt709/bt709, progressive), 640x480, 5453 kb/s, 29.83 fps, 29.83 tbr, 11456 tbn (default)
[stderr]       Metadata:
[stderr]         handler_name    : Core Media Video
[stderr]         vendor_id       : [0][0][0][0]
[stderr]         encoder         : Lavc61.19.100 libx264
[stderr]   Stream #0:1[0x2](und): Audio: aac (LC) (mp4a / 0x6134706D), 48000 Hz, mono, fltp, 100 kb/s (default)
[stderr]       Metadata:
[stderr]         handler_name    : Core Media Audio
[stderr]         vendor_id       : [0][0][0][0]
[stderr] Stream mapping:
[stderr]   Stream #0:0 -> #0:0 (h264 (native) -> h264 (libx264))
[stderr]   Stream #0:1 -> #0:1 (aac (native) -> aac (native))
[stderr] Press [q] to stop, [?] for help
[stderr] [libx264 @ 0x14380d4a0] using cpu capabilities: ARMv8 NEON
[stderr] [libx264 @ 0x14380d4a0] profile High, level 3.0, 4:2:0, 8-bit
[stderr] [libx264 @ 0x14380d4a0] 264 - core 164 r3108 31e19f9 - H.264/MPEG-4 AVC codec - Copyleft 2003-2023 - http://www.videolan.org/x264.html - options: cabac=1 ref=1 deblock=1:0:0 analyse=0x3:0x113 me=hex subme=2 psy=1 psy_rd=1.00:0.00 mixed_ref=0 me_range=16 chroma_me=1 trellis=0 8x8dct=1 cqm=0 deadzone=21,11 fast_pskip=1 chroma_qp_offset=0 threads=15 lookahead_threads=3 sliced_threads=0 nr=0 decimate=1 interlaced=0 bluray_compat=0 constrained_intra=0 bframes=3 b_pyramid=2 b_adapt=1 b_bias=0 direct=1 weightb=1 open_gop=0 weightp=1 keyint=250 keyint_min=25 scenecut=40 intra_refresh=0 rc_lookahead=10 rc=crf mbtree=1 crf=18.0 qcomp=0.60 qpmin=0 qpmax=69 qpstep=4 ip_ratio=1.40 aq=1:1.00
[stderr] Output #0, mp4, to '/Users/johndoe/Documents/company/video_ops/scripts/abstract_algebra_in_proof_assistant/04-set-equality/takes/take-mrhmharr/pipeline/cut/cut-mriq7mo6/chunks/chunk-017.mp4':
[stderr]   Metadata:
[stderr]     major_brand     : isom
[stderr]     minor_version   : 512
[stderr]     compatible_brands: isomiso2avc1mp41
[stderr]     encoder         : Lavf61.7.100
[stderr]   Stream #0:0(und): Video: h264 (avc1 / 0x31637661), yuv420p(tv, smpte170m/bt709/bt709, progressive), 640x480, q=2-31, 29.83 fps, 11456 tbn (default)
[stderr]       Metadata:
[stderr]         handler_name    : Core Media Video
[stderr]         vendor_id       : [0][0][0][0]
[stderr]         encoder         : Lavc61.19.100 libx264
[stderr]       Side data:
[stderr]         cpb: bitrate max/min/avg: 0/0/0 buffer size: 0 [stderr] vbv_delay: N/A
[stderr]   Stream #0:1(und): Audio: aac (LC) (mp4a / 0x6134706D), 48000 Hz, mono, fltp, 69 kb/s (default)
[stderr]       Metadata:
[stderr]         handler_name    : Core Media Audio
[stderr]         vendor_id       : [0][0][0][0]
[stderr]         encoder         : Lavc61.19.100 aac
[stderr] [out#0/mp4 @ 0x14380d230] video:3402KiB audio:43KiB subtitle:0KiB other streams:0KiB global headers:0KiB muxing overhead: 0.197657%
[stderr] frame=  151 fps= 63 q=-1.0 Lsize=    3451KiB time=00:00:04.99 bitrate=5661.2kbits/s speed=2.07x    
[stderr] [libx264 @ 0x14380d4a0] frame I:2     Avg QP:20.87  size: 54938
[stderr] [libx264 @ 0x14380d4a0] frame P:42    Avg QP:22.79  size: 37816
[stderr] [libx264 @ 0x14380d4a0] frame B:107   Avg QP:25.16  size: 16677
[stderr] [libx264 @ 0x14380d4a0] consecutive B-frames:  3.3%  5.3%  4.0% 87.4%
[stderr] [libx264 @ 0x14380d4a0] mb I  I16..4:  4.4% 11.8% 83.8%
[stderr] [libx264 @ 0x14380d4a0] mb P  I16..4:  2.2%  9.7% 23.2%  P16..4: 16.6% 19.2% 28.4%  0.0%  0.0%    skip: 0.8%
[stderr] [libx264 @ 0x14380d4a0] mb B  I16..4:  0.5%  1.2%  2.1%  B16..8: 26.6% 20.7% 12.9%  direct:22.6%  skip:13.4%  L0:32.3% L1:32.1% BI:35.6%
[stderr] [libx264 @ 0x14380d4a0] 8x8 transform intra:26.8% inter:28.3%
[stderr] [libx264 @ 0x14380d4a0] coded y,uvDC,uvAC intra: 88.6% 84.7% 51.2% inter: 56.7% 31.4% 2.9%
[stderr] [libx264 @ 0x14380d4a0] i16 v,h,dc,p: 49% 12% 28% 11%
[stderr] [libx264 @ 0x14380d4a0] i8 v,h,dc,ddl,ddr,vr,hd,vl,hu: 20% 18% 14%  3% 11%  9% 10%  7%  8%
[stderr] [libx264 @ 0x14380d4a0] i4 v,h,dc,ddl,ddr,vr,hd,vl,hu: 14% 18% 13%  4% 14%  8% 11%  7% 11%
[stderr] [libx264 @ 0x14380d4a0] i8c dc,h,v,p: 44% 21% 21% 13%
[stderr] [libx264 @ 0x14380d4a0] Weighted P-Frames: Y:23.8% UV:4.8%
[stderr] [libx264 @ 0x14380d4a0] kb/s:5504.48
[stderr] [aac @ 0x14387b790] Qavg: 415.935
[stderr] ffmpeg version 7.1 Copyright (c) 2000-2024 the FFmpeg developers
[stderr]   built with Apple clang version 15.0.0 (clang-1500.1.0.2.5)
[stderr]   configuration: --prefix=/opt/homebrew/Cellar/ffmpeg/7.1_3 --enable-shared --enable-pthreads --enable-version3 --cc=clang --host-cflags= --host-ldflags='-Wl,-ld_classic' --enable-ffplay --enable-gnutls --enable-gpl --enable-libaom --enable-libaribb24 --enable-libbluray --enable-libdav1d --enable-libharfbuzz --enable-libjxl --enable-libmp3lame --enable-libopus --enable-librav1e --enable-librist --enable-librubberband --enable-libsnappy --enable-libsrt --enable-libssh --enable-libsvtav1 --enable-libtesseract --enable-libtheora --enable-libvidstab --enable-libvmaf --enable-libvorbis --enable-libvpx --enable-libwebp --enable-libx264 --enable-libx265 --enable-libxml2 --enable-libxvid --enable-lzma --enable-libfontconfig --enable-libfreetype --enable-frei0r --enable-libass --enable-libopencore-amrnb --enable-libopencore-amrwb --enable-libopenjpeg --enable-libspeex --enable-libsoxr --enable-libzmq --enable-libzimg --disable-libjack --disable-indev=jack --enable-videotoolbox --enable-audiotoolbox --enable-neon
[stderr]   libavutil      59. 39.100 / 59. 39.100
[stderr]   libavcodec     61. 19.100 / 61. 19.100
[stderr]   libavformat    61.  7.100 / 61.  7.100
[stderr]   libavdevice    61.  3.100 / 61.  3.100
[stderr]   libavfilter    10.  4.100 / 10.  4.100
[stderr]   libswscale      8.  3.100 /  8.  3.100
[stderr]   libswresample   5.  3.100 /  5.  3.100
[stderr]   libpostproc    58.  3.100 / 58.  3.100
[stderr] Input #0, mov,mp4,m4a,3gp,3g2,mj2, from '/Users/johndoe/Documents/company/video_ops/scripts/abstract_algebra_in_proof_assistant/04-set-equality/takes/take-mrhmharr/pipeline/stabilize/stabilize-mripljg8/stabilized.mp4':
[stderr]   Metadata:
[stderr]     major_brand     : isom
[stderr]     minor_version   : 512
[stderr]     compatible_brands: isomiso2avc1mp41
[stderr]     encoder         : Lavf61.7.100
[stderr]   Duration: 00:06:08.98, start: 0.000000, bitrate: 5562 kb/s
[stderr]   Stream #0:0[0x1](und): Video: h264 (High) (avc1 / 0x31637661), yuv420p(tv, smpte170m/bt709/bt709, progressive), 640x480, 5453 kb/s, 29.83 fps, 29.83 tbr, 11456 tbn (default)
[stderr]       Metadata:
[stderr]         handler_name    : Core Media Video
[stderr]         vendor_id       : [0][0][0][0]
[stderr]         encoder         : Lavc61.19.100 libx264
[stderr]   Stream #0:1[0x2](und): Audio: aac (LC) (mp4a / 0x6134706D), 48000 Hz, mono, fltp, 100 kb/s (default)
[stderr]       Metadata:
[stderr]         handler_name    : Core Media Audio
[stderr]         vendor_id       : [0][0][0][0]
[stderr] Stream mapping:
[stderr]   Stream #0:0 -> #0:0 (h264 (native) -> h264 (libx264))
[stderr]   Stream #0:1 -> #0:1 (aac (native) -> aac (native))
[stderr] Press [q] to stop, [?] for help
[stderr] [libx264 @ 0x12ef28a70] using cpu capabilities: ARMv8 NEON
[stderr] [libx264 @ 0x12ef28a70] profile High, level 3.0, 4:2:0, 8-bit
[stderr] [libx264 @ 0x12ef28a70] 264 - core 164 r3108 31e19f9 - H.264/MPEG-4 AVC codec - Copyleft 2003-2023 - http://www.videolan.org/x264.html - options: cabac=1 ref=1 deblock=1:0:0 analyse=0x3:0x113 me=hex subme=2 psy=1 psy_rd=1.00:0.00 mixed_ref=0 me_range=16 chroma_me=1 trellis=0 8x8dct=1 cqm=0 deadzone=21,11 fast_pskip=1 chroma_qp_offset=0 threads=15 lookahead_threads=3 sliced_threads=0 nr=0 decimate=1 interlaced=0 bluray_compat=0 constrained_intra=0 bframes=3 b_pyramid=2 b_adapt=1 b_bias=0 direct=1 weightb=1 open_gop=0 weightp=1 keyint=250 keyint_min=25 scenecut=40 intra_refresh=0 rc_lookahead=10 rc=crf mbtree=1 crf=18.0 qcomp=0.60 qpmin=0 qpmax=69 qpstep=4 ip_ratio=1.40 aq=1:1.00
[stderr] Output #0, mp4, to '/Users/johndoe/Documents/company/video_ops/scripts/abstract_algebra_in_proof_assistant/04-set-equality/takes/take-mrhmharr/pipeline/cut/cut-mriq7mo6/chunks/chunk-018.mp4':
[stderr]   Metadata:
[stderr]     major_brand     : isom
[stderr]     minor_version   : 512
[stderr]     compatible_brands: isomiso2avc1mp41
[stderr]     encoder         : Lavf61.7.100
[stderr]   Stream #0:0(und): Video: h264 (avc1 / 0x31637661), yuv420p(tv, smpte170m/bt709/bt709, progressive), 640x480, q=2-31, 29.83 fps, 11456 tbn (default)
[stderr]       Metadata:
[stderr]         handler_name    : Core Media Video
[stderr]         vendor_id       : [0][0][0][0]
[stderr]         encoder         : Lavc61.19.100 libx264
[stderr]       Side data:
[stderr]         cpb: bitrate max/min/avg: 0/0/0 buffer size: 0 vbv_delay: N/A
[stderr]   Stream #0:1(und): Audio: aac (LC) (mp4a / 0x6134706D), 48000 Hz, mono, fltp, 69 kb/s (default)
[stderr]       Metadata:
[stderr]         handler_name    : Core Media Audio
[stderr]         vendor_id       : [0][0][0][0]
[stderr]         encoder         : Lavc61.19.100 aac
[stderr] [out#0/mp4 @ 0x12ef273f0] video:3392KiB audio:42KiB subtitle:0KiB other streams:0KiB global headers:0KiB muxing overhead: 0.191021%
[stderr] frame=  144 fps= 58 q=-1.0 Lsize=    3440KiB time=00:00:04.79 bitrate=5879.1kbits/s speed=1.93x    
[stderr] [libx264 @ 0x12ef28a70] frame I:2     Avg QP:20.87  size: 48715
[stderr] [libx264 @ 0x12ef28a70] frame P:40    Avg QP:23.14  size: 37121
[stderr] [libx264 @ 0x12ef28a70] frame B:102   Avg QP:25.23  size: 18532
[stderr] [libx264 @ 0x12ef28a70] consecutive B-frames:  3.5%  5.6%  2.1% 88.9%
[stderr] [libx264 @ 0x12ef28a70] mb I  I16..4:  2.2% 13.3% 84.5%
[stderr] [libx264 @ 0x12ef28a70] mb P  I16..4:  2.0% 11.0% 30.5%  P16..4: 13.9% 17.0% 25.3%  0.0%  0.0%    skip: 0.2%
[stderr] [libx264 @ 0x12ef28a70] mb B  I16..4:  0.7%  1.4%  1.4%  B16..8: 27.3% 23.1% 15.2%  direct:20.8%  skip:10.1%  L0:32.9% L1:31.2% BI:35.8%
[stderr] [libx264 @ 0x12ef28a70] 8x8 transform intra:26.8% inter:27.4%
[stderr] [libx264 @ 0x12ef28a70] coded y,uvDC,uvAC intra: 89.1% 78.8% 41.6% inter: 59.0% 30.3% 2.4%
[stderr] [libx264 @ 0x12ef28a70] i16 v,h,dc,p: 44% 18% 24% 14%
[stderr] [libx264 @ 0x12ef28a70] i8 v,h,dc,ddl,ddr,vr,hd,vl,hu: 18% 19% 14%  3% 10%  9% 10%  7%  9%
[stderr] [libx264 @ 0x12ef28a70] i4 v,h,dc,ddl,ddr,vr,hd,vl,hu: 16% 18% 12%  4% 14%  8% 10%  8% 11%
[stderr] [libx264 @ 0x12ef28a70] i8c dc,h,v,p: 47% 20% 21% 12%
[stderr] [libx264 @ 0x12ef28a70] Weighted P-Frames: Y:17.5% UV:5.0%
[stderr] [libx264 @ 0x12ef28a70] kb/s:5755.38
[stderr] [aac @ 0x12ee852d0] Qavg: 152.084
[stderr] ffmpeg version 7.1 Copyright (c) 2000-2024 the FFmpeg developers
[stderr]   built with Apple clang version 15.0.0 (clang-1500.1.0.2.5)
[stderr]   configuration: --prefix=/opt/homebrew/Cellar/ffmpeg/7.1_3 --enable-shared --enable-pthreads --enable-version3 --cc=clang --host-cflags= --host-ldflags='-Wl,-ld_classic' --enable-ffplay --enable-gnutls --enable-gpl --enable-libaom --enable-libaribb24 --enable-libbluray --enable-libdav1d --enable-libharfbuzz --enable-libjxl --enable-libmp3lame --enable-libopus --enable-librav1e --enable-librist --enable-librubberband --enable-libsnappy --enable-libsrt --enable-libssh --enable-libsvtav1 --enable-libtesseract --enable-libtheora --enable-libvidstab --enable-libvmaf --enable-libvorbis --enable-libvpx --enable-libwebp --enable-libx264 --enable-libx265 --enable-libxml2 --enable-libxvid --enable-lzma --enable-libfontconfig --enable-libfreetype --enable-frei0r --enable-libass --enable-libopencore-amrnb --enable-libopencore-amrwb --enable-libopenjpeg --enable-libspeex --enable-libsoxr --enable-libzmq --enable-libzimg --disable-libjack --disable-indev=jack --enable-videotoolbox --enable-audiotoolbox --enable-neon
[stderr]   libavutil      59. 39.100 / 59. 39.100
[stderr]   libavcodec     61. 19.100 / 61. 19.100
[stderr]   libavformat    61.  7.100 / 61.  7.100
[stderr]   libavdevice    61.  3.100 / 61.  3.100
[stderr]   libavfilter    10.  4.100 / 10.  4.100
[stderr]   libswscale      8.  3.100 /  8.  3.100
[stderr]   libswresample   5.  3.100 /  5.  3.100
[stderr]   libpostproc    58.  3.100 / 58.  3.100
[stderr] Input #0, mov,mp4,m4a,3gp,3g2,mj2, from '/Users/johndoe/Documents/company/video_ops/scripts/abstract_algebra_in_proof_assistant/04-set-equality/takes/take-mrhmharr/pipeline/stabilize/stabilize-mripljg8/stabilized.mp4':
[stderr]   Metadata:
[stderr]     major_brand     : isom
[stderr]     minor_version   : 512
[stderr]     compatible_brands: isomiso2avc1mp41
[stderr]     encoder         : Lavf61.7.100
[stderr]   Duration: 00:06:08.98, start: 0.000000, bitrate: 5562 kb/s
[stderr]   Stream #0:0[0x1](und): Video: h264 (High) (avc1 / 0x31637661), yuv420p(tv, smpte170m/bt709/bt709, progressive), 640x480, 5453 kb/s, 29.83 fps, 29.83 tbr, 11456 tbn (default)
[stderr]       Metadata:
[stderr]         handler_name    : Core Media Video
[stderr]         vendor_id       : [0][0][0][0]
[stderr]         encoder         : Lavc61.19.100 libx264
[stderr]   Stream #0:1[0x2](und): Audio: aac (LC) (mp4a / 0x6134706D), 48000 Hz, mono, fltp, 100 kb/s (default)
[stderr]       Metadata:
[stderr]         handler_name    : Core Media Audio
[stderr]         vendor_id       : [0][0][0][0]
[stderr] Stream mapping:
[stderr]   Stream #0:0 -> #0:0 (h264 (native) -> h264 (libx264))
[stderr]   Stream #0:1 -> #0:1 (aac (native) -> aac (native))
[stderr] Press [q] to stop, [?] for help
[stderr] [libx264 @ 0x150f09480] using cpu capabilities: ARMv8 NEON
[stderr] [libx264 @ 0x150f09480] profile High, level 3.0, 4:2:0, 8-bit
[stderr] [libx264 @ 0x150f09480] 264 - core 164 r3108 31e19f9 - H.264/MPEG-4 AVC codec - Copyleft 2003-2023 - http://www.videolan.org/x264.html - options: cabac=1 ref=1 deblock=1:0:0 analyse=0x3:0x113 me=hex subme=2 psy=1 psy_rd=1.00:0.00 mixed_ref=0 me_range=16 chroma_me=1 trellis=0 8x8dct=1 cqm=0 deadzone=21,11 fast_pskip=1 chroma_qp_offset=0 threads=15 lookahead_threads=3 sliced_threads=0 nr=0 decimate=1 interlaced=0 bluray_compat=0 constrained_intra=0 bframes=3 b_pyramid=2 b_adapt=1 b_bias=0 direct=1 weightb=1 open_gop=0 weightp=1 keyint=250 keyint_min=25 scenecut=40 intra_refresh=0 rc_lookahead=10 rc=crf mbtree=1 crf=18.0 qcomp=0.60 qpmin=0 qpmax=69 qpstep=4 ip_ratio=1.40 aq=1:1.00
[stderr] Output #0, mp4, to '/Users/johndoe/Documents/company/video_ops/scripts/abstract_algebra_in_proof_assistant/04-set-equality/takes/take-mrhmharr/pipeline/cut/cut-mriq7mo6/chunks/chunk-019.mp4':
[stderr]   Metadata:
[stderr]     major_brand     : isom
[stderr]     minor_version   : 512
[stderr]     compatible_brands: isomiso2avc1mp41
[stderr]     encoder         : Lavf61.7.100
[stderr]   Stream #0:0(und): Video: h264 (avc1 / 0x31637661), yuv420p(tv, smpte170m/bt709/bt709, progressive), 640x480, q=2-31, 29.83 fps, 11456 tbn (default)
[stderr]       Metadata:
[stderr]         handler_name    : Core Media Video
[stderr]         vendor_id       : [0][0][0][0]
[stderr]         encoder         : Lavc61.19.100 libx264
[stderr]       Side data:
[stderr]         cpb: bitrate max/min/avg: 0/0/0 buffer size: 0 vbv_delay: N/A
[stderr]   Stream #0:1(und): Audio: aac (LC) (mp4a / 0x6134706D), 48000 Hz, mono, fltp, 69 kb/s (default)
[stderr]       Metadata:
[stderr]         handler_name    : Core Media Audio
[stderr]         vendor_id       : [0][0][0][0]
[stderr]         encoder         : Lavc61.19.100 aac
[stderr] [out#0/mp4 @ 0x150f08540] video:2893KiB audio:34KiB subtitle:0KiB other streams:0KiB global headers:0KiB muxing overhead: 0.193511%
[stderr] frame=  119 fps= 48 q=-1.0 Lsize=    2933KiB time=00:00:03.95 bitrate=6074.0kbits/s speed=1.58x    
[stderr] [libx264 @ 0x150f09480] frame I:2     Avg QP:21.26  size: 46060
[stderr] [libx264 @ 0x150f09480] frame P:35    Avg QP:23.29  size: 36788
[stderr] [libx264 @ 0x150f09480] frame B:82    Avg QP:25.44  size: 19292
[stderr] [libx264 @ 0x150f09480] consecutive B-frames:  5.0%  8.4%  2.5% 84.0%
[stderr] [libx264 @ 0x150f09480] mb I  I16..4:  5.4% 11.2% 83.3%
[stderr] [libx264 @ 0x150f09480] mb P  I16..4:  2.9% 10.1% 31.3%  P16..4: 13.2% 16.6% 25.4%  0.0%  0.0%    skip: 0.4%
[stderr] [libx264 @ 0x150f09480] mb B  I16..4:  0.8%  1.1%  1.8%  B16..8: 26.4% 23.2% 15.8%  direct:21.2%  skip: 9.8%  L0:31.2% L1:32.6% BI:36.2%
[stderr] [libx264 @ 0x150f09480] 8x8 transform intra:22.7% inter:26.9%
[stderr] [libx264 @ 0x150f09480] coded y,uvDC,uvAC intra: 88.4% 80.2% 40.5% inter: 61.5% 30.1% 1.9%
[stderr] [libx264 @ 0x150f09480] i16 v,h,dc,p: 55% 20% 15% 10%
[stderr] [libx264 @ 0x150f09480] i8 v,h,dc,ddl,ddr,vr,hd,vl,hu: 19% 20% 13%  3% 10%  9% 10%  8%  9%
[stderr] [libx264 @ 0x150f09480] i4 v,h,dc,ddl,ddr,vr,hd,vl,hu: 16% 18% 13%  4% 13%  9%  9%  7% 10%
[stderr] [libx264 @ 0x150f09480] i8c dc,h,v,p: 47% 21% 22% 10%
[stderr] [libx264 @ 0x150f09480] Weighted P-Frames: Y:14.3% UV:5.7%
[stderr] [libx264 @ 0x150f09480] kb/s:5939.80
[stderr] [aac @ 0x140e6d110] Qavg: 151.611
[stderr] ffmpeg version 7.1 Copyright (c) 2000-2024 the FFmpeg developers
[stderr]   built with Apple clang version 15.0.0 (clang-1500.1.0.2.5)
[stderr]   configuration: --prefix=/opt/homebrew/Cellar/ffmpeg/7.1_3 --enable-shared --enable-pthreads --enable-version3 --cc=clang --host-cflags= --host-ldflags='-Wl,-ld_classic' --enable-ffplay --enable-gnutls --enable-gpl --enable-libaom --enable-libaribb24 --enable-libbluray --enable-libdav1d --enable-libharfbuzz --enable-libjxl --enable-libmp3lame --enable-libopus --enable-librav1e --enable-librist --enable-librubberband --enable-libsnappy --enable-libsrt --enable-libssh --enable-libsvtav1 --enable-libtesseract --enable-libtheora --enable-libvidstab --enable-libvmaf --enable-libvorbis --enable-libvpx --enable-libwebp --enable-libx264 --enable-libx265 --enable-libxml2 --enable-libxvid --enable-lzma --enable-libfontconfig --enable-libfreetype --enable-frei0r --enable-libass --enable-libopencore-amrnb --enable-libopencore-amrwb --enable-libopenjpeg --enable-libspeex --enable-libsoxr --enable-libzmq --enable-libzimg --disable-libjack --disable-indev=jack --enable-videotoolbox --enable-audiotoolbox --enable-neon
[stderr]   libavutil      59. 39.100 / 59. 39.100
[stderr]   libavcodec     61. 19.100 / 61. 19.100
[stderr]   libavformat    61.  7.100 / 61.  7.100
[stderr]   libavdevice    61.  3.100 / 61.  3.100
[stderr]   libavfilter    10.  4.100 / 10.  4.100
[stderr]   libswscale      8.  3.100 /  8.  3.100
[stderr]   libswresample   5.  3.100 /  5.  3.100
[stderr]   libpostproc    58.  3.100 / 58.  3.100
[stderr] Input #0, mov,mp4,m4a,3gp,3g2,mj2, from '/Users/johndoe/Documents/company/video_ops/scripts/abstract_algebra_in_proof_assistant/04-set-equality/takes/take-mrhmharr/pipeline/stabilize/stabilize-mripljg8/stabilized.mp4':
[stderr]   Metadata:
[stderr]     major_brand     : isom
[stderr]     minor_version   : 512
[stderr]     compatible_brands: isomiso2avc1mp41
[stderr]     encoder         : Lavf61.7.100
[stderr]   Duration: [stderr] 00:06:08.98, start: 0.000000, bitrate: 5562 kb/s
[stderr]   Stream #0:0[0x1](und): Video: h264 (High) (avc1 / 0x31637661), yuv420p(tv, smpte170m/bt709/bt709, progressive), 640x480, 5453 kb/s, 29.83 fps, 29.83 tbr, 11456 tbn (default)
[stderr]       Metadata:
[stderr]         handler_name    : Core Media Video
[stderr]         vendor_id       : [0][0][0][0]
[stderr]         encoder         : Lavc61.19.100 libx264
[stderr]   Stream #0:1[0x2](und): Audio: aac (LC) (mp4a / 0x6134706D), 48000 Hz, mono, fltp, 100 kb/s (default)
[stderr]       Metadata:
[stderr]         handler_name    : Core Media Audio
[stderr]         vendor_id       : [0][0][0][0]
[stderr] Stream mapping:
[stderr]   Stream #0:0 -> #0:0 (h264 (native) -> h264 (libx264))
[stderr]   Stream #0:1 -> #0:1 (aac (native) -> aac (native))
[stderr] Press [q] to stop, [?] for help
[stderr] [libx264 @ 0x1471133d0] using cpu capabilities: ARMv8 NEON
[stderr] [libx264 @ 0x1471133d0] profile High, level 3.0, 4:2:0, 8-bit
[stderr] [libx264 @ 0x1471133d0] 264 - core 164 r3108 31e19f9 - H.264/MPEG-4 AVC codec - Copyleft 2003-2023 - http://www.videolan.org/x264.html - options: cabac=1 ref=1 deblock=1:0:0 analyse=0x3:0x113 me=hex subme=2 psy=1 psy_rd=1.00:0.00 mixed_ref=0 me_range=16 chroma_me=1 trellis=0 8x8dct=1 cqm=0 deadzone=21,11 fast_pskip=1 chroma_qp_offset=0 threads=15 lookahead_threads=3 sliced_threads=0 nr=0 decimate=1 interlaced=0 bluray_compat=0 constrained_intra=0 bframes=3 b_pyramid=2 b_adapt=1 b_bias=0 direct=1 weightb=1 open_gop=0 weightp=1 keyint=250 keyint_min=25 scenecut=40 intra_refresh=0 rc_lookahead=10 rc=crf mbtree=1 crf=18.0 qcomp=0.60 qpmin=0 qpmax=69 qpstep=4 ip_ratio=1.40 aq=1:1.00
[stderr] Output #0, mp4, to '/Users/johndoe/Documents/company/video_ops/scripts/abstract_algebra_in_proof_assistant/04-set-equality/takes/take-mrhmharr/pipeline/cut/cut-mriq7mo6/chunks/chunk-020.mp4':
[stderr]   Metadata:
[stderr]     major_brand     : isom
[stderr]     minor_version   : 512
[stderr]     compatible_brands: isomiso2avc1mp41
[stderr]     encoder         : Lavf61.7.100
[stderr]   Stream #0:0(und): Video: h264 (avc1 / 0x31637661), yuv420p(tv, smpte170m/bt709/bt709, progressive), 640x480, q=2-31, 29.83 fps, 11456 tbn (default)
[stderr]       Metadata:
[stderr]         handler_name    : Core Media Video
[stderr]         vendor_id       : [0][0][0][0]
[stderr]         encoder         : Lavc61.19.100 libx264
[stderr]       Side data:
[stderr]         cpb: bitrate max/min/avg: 0/0/0 buffer size: 0 vbv_delay: N/A
[stderr]   Stream #0:1(und): Audio: aac (LC) (mp4a / 0x6134706D), 48000 Hz, mono, fltp, 69 kb/s (default)
[stderr]       Metadata:
[stderr]         handler_name    : Core Media Audio
[stderr]         vendor_id       : [0][0][0][0]
[stderr]         encoder         : Lavc61.19.100 aac
[stderr] frame=    0 fps=0.0 q=0.0 size=       0KiB time=N/A bitrate=N/A speed=N/A    
[stderr] [out#0/mp4 @ 0x14710e990] video:2494KiB audio:30KiB subtitle:0KiB other streams:0KiB global headers:0KiB muxing overhead: 0.203045%
[stderr] frame=  105 fps= 40 q=-1.0 Lsize=    2529KiB time=00:00:03.45 bitrate=6001.2kbits/s speed= 1.3x    
[stderr] [libx264 @ 0x1471133d0] frame I:1     Avg QP:22.34  size: 49107
[stderr] [libx264 @ 0x1471133d0] frame P:34    Avg QP:23.14  size: 40502
[stderr] [libx264 @ 0x1471133d0] frame B:70    Avg QP:25.69  size: 16100
[stderr] [libx264 @ 0x1471133d0] consecutive B-frames:  6.7%  9.5% 11.4% 72.4%
[stderr] [libx264 @ 0x1471133d0] mb I  I16..4:  2.2%  6.5% 91.3%
[stderr] [libx264 @ 0x1471133d0] mb P  I16..4:  0.5%  4.7% 16.0%  P16..4: 23.2% 22.4% 32.8%  0.0%  0.0%    skip: 0.5%
[stderr] [libx264 @ 0x1471133d0] mb B  I16..4:  0.1%  0.5%  1.3%  B16..8: 25.4% 20.4% 11.2%  direct:27.9%  skip:13.1%  L0:30.0% L1:35.1% BI:34.9%
[stderr] [libx264 @ 0x1471133d0] 8x8 transform intra:20.9% inter:32.3%
[stderr] [libx264 @ 0x1471133d0] coded y,uvDC,uvAC intra: 94.1% 88.1% 47.6% inter: 62.9% 26.2% 2.3%
[stderr] [libx264 @ 0x1471133d0] i16 v,h,dc,p: 33% 22% 23% 22%
[stderr] [libx264 @ 0x1471133d0] i8 v,h,dc,ddl,ddr,vr,hd,vl,hu: 19% 21% 14%  3%  8%  6% 10%  8% 10%
[stderr] [libx264 @ 0x1471133d0] i4 v,h,dc,ddl,ddr,vr,hd,vl,hu: 12% 25% 12%  4% 11%  6% 11%  6% 13%
[stderr] [libx264 @ 0x1471133d0] i8c dc,h,v,p: 45% 25% 19% 11%
[stderr] [libx264 @ 0x1471133d0] Weighted P-Frames: Y:35.3% UV:5.9%
[stderr] [libx264 @ 0x1471133d0] kb/s:5803.46
[stderr] [aac @ 0x14717c650] Qavg: 119.510
[stderr] ffmpeg version 7.1 Copyright (c) 2000-2024 the FFmpeg developers
[stderr]   built with Apple clang version 15.0.0 (clang-1500.1.0.2.5)
[stderr]   configuration: --prefix=/opt/homebrew/Cellar/ffmpeg/7.1_3 --enable-shared --enable-pthreads --enable-version3 --cc=clang --host-cflags= --host-ldflags='-Wl,-ld_classic' --enable-ffplay --enable-gnutls --enable-gpl --enable-libaom --enable-libaribb24 --enable-libbluray --enable-libdav1d --enable-libharfbuzz --enable-libjxl --enable-libmp3lame --enable-libopus --enable-librav1e --enable-librist --enable-librubberband --enable-libsnappy --enable-libsrt --enable-libssh --enable-libsvtav1 --enable-libtesseract --enable-libtheora --enable-libvidstab --enable-libvmaf --enable-libvorbis --enable-libvpx --enable-libwebp --enable-libx264 --enable-libx265 --enable-libxml2 --enable-libxvid --enable-lzma --enable-libfontconfig --enable-libfreetype --enable-frei0r --enable-libass --enable-libopencore-amrnb --enable-libopencore-amrwb --enable-libopenjpeg --enable-libspeex --enable-libsoxr --enable-libzmq --enable-libzimg --disable-libjack --disable-indev=jack --enable-videotoolbox --enable-audiotoolbox --enable-neon
[stderr]   libavutil      59. 39.100 / 59. 39.100
[stderr]   libavcodec     61. 19.100 / 61. 19.100
[stderr]   libavformat    61.  7.100 / 61.  7.100
[stderr]   libavdevice    61.  3.100 / 61.  3.100
[stderr]   libavfilter    10.  4.100 / 10.  4.100
[stderr]   libswscale      8.  3.100 /  8.  3.100
[stderr]   libswresample   5.  3.100 /  5.  3.100
[stderr]   libpostproc    58.  3.100 / 58.  3.100
[stderr] Input #0, mov,mp4,m4a,3gp,3g2,mj2, from '/Users/johndoe/Documents/company/video_ops/scripts/abstract_algebra_in_proof_assistant/04-set-equality/takes/take-mrhmharr/pipeline/stabilize/stabilize-mripljg8/stabilized.mp4':
[stderr]   Metadata:
[stderr]     major_brand     : isom
[stderr]     minor_version   : 512
[stderr]     compatible_brands: isomiso2avc1mp41
[stderr]     encoder         : Lavf61.7.100
[stderr]   Duration: 00:06:08.98, start: 0.000000, bitrate: 5562 kb/s
[stderr]   Stream #0:0[0x1](und): Video: h264 (High) (avc1 / 0x31637661), yuv420p(tv, smpte170m/bt709/bt709, progressive), 640x480, 5453 kb/s, 29.83 fps, 29.83 tbr, 11456 tbn (default)
[stderr]       Metadata:
[stderr]         handler_name    : Core Media Video
[stderr]         vendor_id       : [0][0][0][0]
[stderr]         encoder         : Lavc61.19.100 libx264
[stderr]   Stream #0:1[0x2](und): Audio: aac (LC) (mp4a / 0x6134706D), 48000 Hz, mono, fltp, 100 kb/s (default)
[stderr]       Metadata:
[stderr]         handler_name    : Core Media Audio
[stderr]         vendor_id       : [0][0][0][0]
[stderr] Stream mapping:
[stderr]   Stream #0:0 -> #0:0 (h264 (native) -> h264 (libx264))
[stderr]   Stream #0:1 -> #0:1[stderr]  (aac (native) -> aac (native))
[stderr] Press [q] to stop, [?] for help
[stderr] [libx264 @ 0x146113e70] using cpu capabilities: ARMv8 NEON
[stderr] [libx264 @ 0x146113e70] profile High, level 3.0, 4:2:0, 8-bit
[stderr] [libx264 @ 0x146113e70] 264 - core 164 r3108 31e19f9 - H.264/MPEG-4 AVC codec - Copyleft 2003-2023 - http://www.videolan.org/x264.html - options: cabac=1 ref=1 deblock=1:0:0 analyse=0x3:0x113 me=hex subme=2 psy=1 psy_rd=1.00:0.00 mixed_ref=0 me_range=16 chroma_me=1 trellis=0 8x8dct=1 cqm=0 deadzone=21,11 fast_pskip=1 chroma_qp_offset=0 threads=15 lookahead_threads=3 sliced_threads=0 nr=0 decimate=1 interlaced=0 bluray_compat=0 constrained_intra=0 bframes=3 b_pyramid=2 b_adapt=1 b_bias=0 direct=1 weightb=1 open_gop=0 weightp=1 keyint=250 keyint_min=25 scenecut=40 intra_refresh=0 rc_lookahead=10 rc=crf mbtree=1 crf=18.0 qcomp=0.60 qpmin=0 qpmax=69 qpstep=4 ip_ratio=1.40 aq=1:1.00
[stderr] Output #0, mp4, to '/Users/johndoe/Documents/company/video_ops/scripts/abstract_algebra_in_proof_assistant/04-set-equality/takes/take-mrhmharr/pipeline/cut/cut-mriq7mo6/chunks/chunk-021.mp4':
[stderr]   Metadata:
[stderr]     major_brand     : isom
[stderr]     minor_version   : 512
[stderr]     compatible_brands: isomiso2avc1mp41
[stderr]     encoder         : Lavf61.7.100
[stderr]   Stream #0:0(und): Video: h264 (avc1 / 0x31637661), yuv420p(tv, smpte170m/bt709/bt709, progressive), 640x480, q=2-31, 29.83 fps, 11456 tbn (default)
[stderr]       Metadata:
[stderr]         handler_name    : Core Media Video
[stderr]         vendor_id       : [0][0][0][0]
[stderr]         encoder         : Lavc61.19.100 libx264
[stderr]       Side data:
[stderr]         cpb: bitrate max/min/avg: 0/0/0 buffer size: 0 vbv_delay: N/A
[stderr]   Stream #0:1(und): Audio: aac (LC) (mp4a / 0x6134706D), 48000 Hz, mono, fltp, 69 kb/s (default)
[stderr]       Metadata:
[stderr]         handler_name    : Core Media Audio
[stderr]         vendor_id       : [0][0][0][0]
[stderr]         encoder         : Lavc61.19.100 aac
[stderr] [out#0/mp4 @ 0x146105e20] video:1606KiB audio:18KiB subtitle:0KiB other streams:0KiB global headers:0KiB muxing overhead: 0.224853%
[stderr] frame=   63 fps= 23 q=-1.0 Lsize=    1628KiB time=00:00:02.04 bitrate=6522.5kbits/s speed=0.738x    
[stderr] [libx264 @ 0x146113e70] frame I:1     Avg QP:22.57  size: 51842
[stderr] [libx264 @ 0x146113e70] frame P:19    Avg QP:23.42  size: 42710
[stderr] [libx264 @ 0x146113e70] frame B:43    Avg QP:25.55  size: 18159
[stderr] [libx264 @ 0x146113e70] consecutive B-frames:  6.3%  6.3%  4.8% 82.5%
[stderr] [libx264 @ 0x146113e70] mb I  I16..4:  1.8%  9.2% 89.0%
[stderr] [libx264 @ 0x146113e70] mb P  I16..4:  1.1%  5.8% 17.7%  P16..4: 20.9% 21.0% 33.3%  0.0%  0.0%    skip: 0.3%
[stderr] [libx264 @ 0x146113e70] mb B  I16..4:  0.4%  1.1%  2.1%  B16..8: 24.2% 20.1% 12.9%  direct:27.6%  skip:11.5%  L0:29.9% L1:31.9% BI:38.2%
[stderr] [libx264 @ 0x146113e70] 8x8 transform intra:23.0% inter:32.2%
[stderr] [libx264 @ 0x146113e70] coded y,uvDC,uvAC intra: 91.5% 87.7% 51.4% inter: 64.2% 31.0% 3.7%
[stderr] [libx264 @ 0x146113e70] i16 v,h,dc,p: 32% 17% 32% 18%
[stderr] [libx264 @ 0x146113e70] i8 v,h,dc,ddl,ddr,vr,hd,vl,hu: 18% 19% 14%  3% 10%  6% 11%  8%  9%
[stderr] [libx264 @ 0x146113e70] i4 v,h,dc,ddl,ddr,vr,hd,vl,hu: 14% 18% 12%  4% 15%  8% 11%  7% 11%
[stderr] [libx264 @ 0x146113e70] i8c dc,h,v,p: 45% 25% 18% 12%
[stderr] [libx264 @ 0x146113e70] Weighted P-Frames: Y:42.1% UV:0.0%
[stderr] [libx264 @ 0x146113e70] kb/s:6228.69
[stderr] [aac @ 0x14617cfc0] Qavg: 105.530
[stderr] ffmpeg version 7.1 Copyright (c) 2000-2024 the FFmpeg developers
[stderr]   built with Apple clang version 15.0.0 (clang-1500.1.0.2.5)
[stderr]   configuration: --prefix=/opt/homebrew/Cellar/ffmpeg/7.1_3 --enable-shared --enable-pthreads --enable-version3 --cc=clang --host-cflags= --host-ldflags='-Wl,-ld_classic' --enable-ffplay --enable-gnutls --enable-gpl --enable-libaom --enable-libaribb24 --enable-libbluray --enable-libdav1d --enable-libharfbuzz --enable-libjxl --enable-libmp3lame --enable-libopus --enable-librav1e --enable-librist --enable-librubberband --enable-libsnappy --enable-libsrt --enable-libssh --enable-libsvtav1 --enable-libtesseract --enable-libtheora --enable-libvidstab --enable-libvmaf --enable-libvorbis --enable-libvpx --enable-libwebp --enable-libx264 --enable-libx265 --enable-libxml2 --enable-libxvid --enable-lzma --enable-libfontconfig --enable-libfreetype --enable-frei0r --enable-libass --enable-libopencore-amrnb --enable-libopencore-amrwb --enable-libopenjpeg --enable-libspeex --enable-libsoxr --enable-libzmq --enable-libzimg --disable-libjack --disable-indev=jack --enable-videotoolbox --enable-audiotoolbox --enable-neon
[stderr]   libavutil      59. 39.100 / 59. 39.100
[stderr]   libavcodec     61. 19.100 / 61. 19.100
[stderr]   libavformat    61.  7.100 / 61.  7.100
[stderr]   libavdevice    61.  3.100 / 61.  3.100
[stderr]   libavfilter    10.  4.100 / 10.  4.100
[stderr]   libswscale      8.  3.100 /  8.  3.100
[stderr]   libswresample   5.  3.100 /  5.  3.100
[stderr]   libpostproc    58.  3.100 / 58.  3.100
[stderr] Input #0, mov,mp4,m4a,3gp,3g2,mj2, from '/Users/johndoe/Documents/company/video_ops/scripts/abstract_algebra_in_proof_assistant/04-set-equality/takes/take-mrhmharr/pipeline/stabilize/stabilize-mripljg8/stabilized.mp4':
[stderr]   Metadata:
[stderr]     major_brand     : isom
[stderr]     minor_version   : 512
[stderr]     compatible_brands: isomiso2avc1mp41
[stderr]     encoder         : Lavf61.7.100
[stderr]   Duration: 00:06:08.98, start: 0.000000, bitrate: 5562 kb/s
[stderr]   Stream #0:0[0x1](und): Video: h264 (High) (avc1 / 0x31637661), yuv420p(tv, smpte170m/bt709/bt709, progressive), 640x480, 5453 kb/s, 29.83 fps, 29.83 tbr, 11456 tbn (default)
[stderr]       Metadata:
[stderr]         handler_name    : Core Media Video
[stderr]         vendor_id       : [0][0][0][0]
[stderr]         encoder         : Lavc61.19.100 libx264
[stderr]   Stream #0:1[0x2](und): Audio: aac (LC) (mp4a / 0x6134706D), 48000 Hz, mono, fltp, 100 kb/s (default)
[stderr]       Metadata:
[stderr]         handler_name    : Core Media Audio
[stderr]         vendor_id       : [0][0][0][0]
[stderr] Stream mapping:
[stderr]   Stream #0:0 -> #0:0 (h264 (native) -> h264 (libx264))
[stderr]   Stream #0:1 -> #0:1 (aac (native) -> aac (native))
[stderr] Press [q] to stop, [?] for help
[stderr] [libx264 @ 0x1376358a0] using cpu capabilities: ARMv8 NEON
[stderr] [libx264 @ 0x1376358a0] profile High, level 3.0, 4:2:0, 8-bit
[stderr] [libx264 @ 0x1376358a0] 264 - core 164 r3108 31e19f9 - H.264/MPEG-4 AVC codec - Copyleft 2003-2023 - http://www.videolan.org/x264.html - options: cabac=1 ref=1 deblock=1:0:0 analyse=0x3:0x113 me=hex subme=2 psy=1 psy_rd=1.00:0.00 mixed_ref=0 me_range=16 chroma_me=1 trellis=0 8x8dct=1 cqm=0 deadzone=21,11 fast_pskip=1 chroma_qp_offset=0 threads=15 lookahead_threads=3 sliced_threads=0 nr=0 decimate=1 interlaced=0 bluray_compat=0 constrained_intra=0 bframes=3 b_pyramid=2 b_adapt=1 b_bias=0 direct=1 weightb=1 open_gop=0 weightp=1 keyint=250 keyint_min=25 scenecut=40 intra_refresh=0 rc_lookahead=10 rc=crf mbtree=1 crf=18.0 qcomp=0.60 qpmin=0 qpmax=69 qpstep=4 ip_ratio=1.40 aq=1:1.00
[stderr] Output #0, mp4, to '/Users/johndoe/Documents/company/video_ops/scripts/abstract_algebra_in_proof_assistant/04-set-equality/takes/take-mrhmharr/pipeline/cut/cut-mriq7mo6/chunks/chunk-022.mp4':
[stderr]   Metadata:
[stderr]     major_brand     : isom
[stderr]     minor_version   : 512
[stderr]     compatible_brands: isomiso2avc1mp41
[stderr]     encoder         : Lavf61.7.100
[stderr]   Stream #0:0(und): Video: h264 (avc1 / 0x31637661), yuv420p(tv, smpte170m/bt709/bt709, progressive), 640x480, q=2-31, 29.83 fps, 11456 tbn (default)
[stderr]       Metadata:
[stderr]         handler_name    : Core Media Video
[stderr]         vendor_id       : [0][0][0][0]
[stderr]         encoder         : Lavc61.19.100 libx264
[stderr]       Side data:
[stderr]         cpb: bitrate max/min/avg: 0/0/0 buffer size: 0 vbv_delay: N/A
[stderr]   Stream #0:1(und): Audio: aac (LC) (mp4a / 0x6134706D), 48000 Hz, mono, fltp, 69 kb/s (default)
[stderr]       Metadata:
[stderr]         handler_name    : [stderr] Core Media Audio
[stderr]         vendor_id       : [0][0][0][0]
[stderr]         encoder         : Lavc61.19.100 aac
[stderr] frame=  152 fps= 50 q=24.0 size=    3072KiB time=00:00:05.06 bitrate=4972.1kbits/s speed=1.68x    
[stderr] [out#0/mp4 @ 0x1376349e0] video:8372KiB audio:119KiB subtitle:0KiB other streams:0KiB global headers:0KiB muxing overhead: 0.192766%
[stderr] frame=  419 fps=125 q=-1.0 Lsize=    8507KiB time=00:00:14.01 bitrate=4973.9kbits/s speed=4.18x    
[stderr] [libx264 @ 0x1376358a0] frame I:6     Avg QP:19.08  size: 40890
[stderr] [libx264 @ 0x1376358a0] frame P:114   Avg QP:22.03  size: 33145
[stderr] [libx264 @ 0x1376358a0] frame B:299   Avg QP:24.36  size: 15211
[stderr] [libx264 @ 0x1376358a0] consecutive B-frames:  3.8%  2.4%  2.1% 91.6%
[stderr] [libx264 @ 0x1376358a0] mb I  I16..4:  5.7% 20.2% 74.1%
[stderr] [libx264 @ 0x1376358a0] mb P  I16..4:  4.4% 12.9% 27.8%  P16..4: 15.3% 17.3% 21.4%  0.0%  0.0%    skip: 0.9%
[stderr] [libx264 @ 0x1376358a0] mb B  I16..4:  1.3%  1.6%  2.3%  B16..8: 26.5% 21.3% 11.0%  direct:21.7%  skip:14.3%  L0:33.9% L1:34.7% BI:31.4%
[stderr] [libx264 @ 0x1376358a0] 8x8 transform intra:28.5% inter:29.7%
[stderr] [libx264 @ 0x1376358a0] coded y,uvDC,uvAC intra: 84.0% 78.7% 43.9% inter: 53.2% 30.2% 2.8%
[stderr] [libx264 @ 0x1376358a0] i16 v,h,dc,p: 55% 17% 20%  8%
[stderr] [libx264 @ 0x1376358a0] i8 v,h,dc,ddl,ddr,vr,hd,vl,hu: 18% 18% 16%  3% 10%  8%  9%  7% 10%
[stderr] [libx264 @ 0x1376358a0] i4 v,h,dc,ddl,ddr,vr,hd,vl,hu: 15% 19% 14%  4% 13%  7% 10%  7% 11%
[stderr] [libx264 @ 0x1376358a0] i8c dc,h,v,p: 49% 21% 19% 11%
[stderr] [libx264 @ 0x1376358a0] Weighted P-Frames: Y:21.1% UV:0.9%
[stderr] [libx264 @ 0x1376358a0] kb/s:4882.59
[stderr] [aac @ 0x1376aa630] Qavg: 155.214
[stderr] ffmpeg version 7.1 Copyright (c) 2000-2024 the FFmpeg developers
[stderr]   built with Apple clang version 15.0.0 (clang-1500.1.0.2.5)
[stderr]   configuration: --prefix=/opt/homebrew/Cellar/ffmpeg/7.1_3 --enable-shared --enable-pthreads --enable-version3 --cc=clang --host-cflags= --host-ldflags='-Wl,-ld_classic' --enable-ffplay --enable-gnutls --enable-gpl --enable-libaom --enable-libaribb24 --enable-libbluray --enable-libdav1d --enable-libharfbuzz --enable-libjxl --enable-libmp3lame --enable-libopus --enable-librav1e --enable-librist --enable-librubberband --enable-libsnappy --enable-libsrt --enable-libssh --enable-libsvtav1 --enable-libtesseract --enable-libtheora --enable-libvidstab --enable-libvmaf --enable-libvorbis --enable-libvpx --enable-libwebp --enable-libx264 --enable-libx265 --enable-libxml2 --enable-libxvid --enable-lzma --enable-libfontconfig --enable-libfreetype --enable-frei0r --enable-libass --enable-libopencore-amrnb --enable-libopencore-amrwb --enable-libopenjpeg --enable-libspeex --enable-libsoxr --enable-libzmq --enable-libzimg --disable-libjack --disable-indev=jack --enable-videotoolbox --enable-audiotoolbox --enable-neon
[stderr]   libavutil      59. 39.100 / 59. 39.100
[stderr]   libavcodec     61. 19.100 / 61. 19.100
[stderr]   libavformat    61.  7.100 / 61.  7.100
[stderr]   libavdevice    61.  3.100 / 61.  3.100
[stderr]   libavfilter    10.  4.100 / 10.  4.100
[stderr]   libswscale      8.  3.100 /  8.  3.100
[stderr]   libswresample   5.  3.100 /  5.  3.100
[stderr]   libpostproc    58.  3.100 / 58.  3.100
[stderr] Input #0, mov,mp4,m4a,3gp,3g2,mj2, from '/Users/johndoe/Documents/company/video_ops/scripts/abstract_algebra_in_proof_assistant/04-set-equality/takes/take-mrhmharr/pipeline/stabilize/stabilize-mripljg8/stabilized.mp4':
[stderr]   Metadata:
[stderr]     major_brand     : isom
[stderr]     minor_version   : 512
[stderr]     compatible_brands: isomiso2avc1mp41
[stderr]     encoder         : Lavf61.7.100
[stderr]   Duration: 00:06:08.98, start: 0.000000, bitrate: 5562 kb/s
[stderr]   Stream #0:0[0x1](und): Video: h264 (High) (avc1 / 0x31637661), yuv420p(tv, smpte170m/bt709/bt709, progressive), 640x480, 5453 kb/s, 29.83 fps, 29.83 tbr, 11456 tbn (default)
[stderr]       Metadata:
[stderr]         handler_name    : Core Media Video
[stderr]         vendor_id       : [0][0][0][0]
[stderr]         encoder         : Lavc61.19.100 libx264
[stderr]   Stream #0:1[0x2](und): Audio: aac (LC) (mp4a / 0x6134706D), 48000 Hz, mono, fltp, 100 kb/s (default)
[stderr]       Metadata:
[stderr]         handler_name    : Core Media Audio
[stderr]         vendor_id       : [0][0][0][0]
[stderr] Stream mapping:
[stderr]   Stream #0:0 -> #0:0 (h264 (native) -> h264 (libx264))
[stderr]   Stream #0:1 -> #0:1[stderr]  (aac (native) -> aac (native))
[stderr] Press [q] to stop, [?] for help
[stderr] [libx264 @ 0x142640be0] using cpu capabilities: ARMv8 NEON
[stderr] [libx264 @ 0x142640be0] profile High, level 3.0, 4:2:0, 8-bit
[stderr] [libx264 @ 0x142640be0] 264 - core 164 r3108 31e19f9 - H.264/MPEG-4 AVC codec - Copyleft 2003-2023 - http://www.videolan.org/x264.html - options: cabac=1 ref=1 deblock=1:0:0 analyse=0x3:0x113 me=hex subme=2 psy=1 psy_rd=1.00:0.00 mixed_ref=0 me_range=16 chroma_me=1 trellis=0 8x8dct=1 cqm=0 deadzone=21,11 fast_pskip=1 chroma_qp_offset=0 threads=15 lookahead_threads=3 sliced_threads=0 nr=0 decimate=1 interlaced=0 bluray_compat=0 constrained_intra=0 bframes=3 b_pyramid=2 b_adapt=1 b_bias=0 direct=1 weightb=1 open_gop=0 weightp=1 keyint=250 keyint_min=25 scenecut=40 intra_refresh=0 rc_lookahead=10 rc=crf mbtree=1 crf=18.0 qcomp=0.60 qpmin=0 qpmax=69 qpstep=4 ip_ratio=1.40 aq=1:1.00
[stderr] Output #0, mp4, to '/Users/johndoe/Documents/company/video_ops/scripts/abstract_algebra_in_proof_assistant/04-set-equality/takes/take-mrhmharr/pipeline/cut/cut-mriq7mo6/chunks/chunk-023.mp4':
[stderr]   Metadata:
[stderr]     major_brand     : isom
[stderr]     minor_version   : 512
[stderr]     compatible_brands: isomiso2avc1mp41
[stderr]     encoder         : Lavf61.7.100
[stderr]   Stream #0:0(und): Video: h264 (avc1 / 0x31637661), yuv420p(tv, smpte170m/bt709/bt709, progressive), 640x480, q=2-31, 29.83 fps, 11456 tbn (default)
[stderr]       Metadata:
[stderr]         handler_name    : Core Media Video
[stderr]         vendor_id       : [0][0][0][0]
[stderr]         encoder         : Lavc61.19.100 libx264
[stderr]       Side data:
[stderr]         cpb: bitrate max/min/avg: 0/0/0 buffer size: 0 vbv_delay: N/A
[stderr]   Stream #0:1(und): Audio: aac (LC) (mp4a / 0x6134706D), 48000 Hz, mono, fltp, 69 kb/s (default)
[stderr]       Metadata:
[stderr]         handler_name    : Core Media Audio
[stderr]         vendor_id       : [0][0][0][0]
[stderr]         encoder         : Lavc61.19.100 aac
[stderr] frame=   60 fps= 20 q=24.0 size=    1280KiB time=00:00:01.97 bitrate=5302.3kbits/s speed=0.654x    
[stderr] frame=  494 fps=140 q=24.0 size=   10496KiB time=00:00:16.52 bitrate=5203.2kbits/s speed=4.68x    
[stderr] frame=  978 fps=243 q=24.0 size=   18944KiB time=00:00:32.74 bitrate=4738.8kbits/s speed=8.13x    
[stderr] frame= 1535 fps=339 q=24.0 size=   24832KiB time=00:00:51.41 bitrate=3956.2kbits/s speed=11.3x    
[stderr] [out#0/mp4 @ 0x14263cdd0] video:28612KiB audio:500KiB subtitle:0KiB other streams:0KiB global headers:0KiB muxing overhead: 0.219079%
[stderr] frame= 1759 fps=369 q=-1.0 Lsize=   29175KiB time=00:00:58.92 bitrate=4055.9kbits/s speed=12.4x    
[stderr] [libx264 @ 0x142640be0] frame I:10    Avg QP:17.63  size: 53438
[stderr] [libx264 @ 0x142640be0] frame P:532   Avg QP:20.43  size: 30116
[stderr] [libx264 @ 0x142640be0] frame B:1217  Avg QP:24.08  size: 10470
[stderr] [libx264 @ 0x142640be0] consecutive B-frames:  3.0% 11.5%  8.7% 76.9%
[stderr] [libx264 @ 0x142640be0] mb I  I16..4: 15.5% 10.2% 74.3%
[stderr] [libx264 @ 0x142640be0] mb P  I16..4: 10.4%  5.6%  9.2%  P16..4: 19.1% 20.5% 28.9%  0.0%  0.0%    skip: 6.3%
[stderr] [libx264 @ 0x142640be0] mb B  I16..4:  2.1%  0.6%  0.4%  B16..8: 25.1% 16.5%  7.9%  direct:17.3%  skip:30.2%  L0:27.1% L1:32.5% BI:40.4%
[stderr] [libx264 @ 0x142640be0] 8x8 transform intra:20.8% inter:25.7%
[stderr] [libx264 @ 0x142640be0] coded y,uvDC,uvAC intra: 53.4% 49.3% 24.6% inter: 42.6% 19.6% 1.2%
[stderr] [libx264 @ 0x142640be0] i16 v,h,dc,p: 78%  8% 11%  3%
[stderr] [libx264 @ 0x142640be0] i8 v,h,dc,ddl,ddr,vr,hd,vl,hu: 18% 21% 22%  3%  8%  6%  8%  7%  8%
[stderr] [libx264 @ 0x142640be0] i4 v,h,dc,ddl,ddr,vr,hd,vl,hu: 15% 19% 15%  4% 13%  7% 10%  7% 11%
[stderr] [libx264 @ 0x142640be0] i8c dc,h,v,p: 67% 14% 13%  6%
[stderr] [libx264 @ 0x142640be0] Weighted P-Frames: Y:18.8% UV:2.4%
[stderr] [libx264 @ 0x142640be0] kb/s:3975.23
[stderr] [aac @ 0x1426ab140] Qavg: 210.914
[stderr] ffmpeg version 7.1 Copyright (c) 2000-2024 the FFmpeg developers
[stderr]   built with Apple clang version 15.0.0 (clang-1500.1.0.2.5)
[stderr]   configuration: --prefix=/opt/homebrew/Cellar/ffmpeg/7.1_3 --enable-shared --enable-pthreads --enable-version3 --cc=clang --host-cflags= --host-ldflags='-Wl,-ld_classic' --enable-ffplay --enable-gnutls --enable-gpl --enable-libaom --enable-libaribb24 --enable-libbluray --enable-libdav1d --enable-libharfbuzz --enable-libjxl --enable-libmp3lame --enable-libopus --enable-librav1e --enable-librist --enable-librubberband --enable-libsnappy --enable-libsrt --enable-libssh --enable-libsvtav1 --enable-libtesseract --enable-libtheora --enable-libvidstab --enable-libvmaf --enable-libvorbis --enable-libvpx --enable-libwebp --enable-libx264 --enable-libx265 --enable-libxml2 --enable-libxvid --enable-lzma --enable-libfontconfig --enable-libfreetype --enable-frei0r --enable-libass --enable-libopencore-amrnb --enable-libopencore-amrwb --enable-libopenjpeg --enable-libspeex --enable-libsoxr --enable-libzmq --enable-libzimg --disable-libjack --disable-indev=jack --enable-videotoolbox --enable-audiotoolbox --enable-neon
[stderr]   libavutil      59. 39.100 / 59. 39.100
[stderr]   libavcodec     61. 19.100 / 61. 19.100
[stderr]   libavformat    61.  7.100 / 61.  7.100
[stderr]   libavdevice    61.  3.100 / 61.  3.100
[stderr]   libavfilter    10.  4.100 / 10.  4.100
[stderr]   libswscale      8.  3.100 /  8.  3.100
[stderr]   libswresample   5.  3.100 /  5.  3.100
[stderr]   libpostproc    58.  3.100 / 58.  3.100
[stderr] [mov,mp4,m4a,3gp,3g2,mj2 @ 0x12c708fb0] Auto-inserting h264_mp4toannexb bitstream filter
[stderr] Input #0, concat, from '/Users/johndoe/Documents/company/video_ops/scripts/abstract_algebra_in_proof_assistant/04-set-equality/takes/take-mrhmharr/pipeline/cut/cut-mriq7mo6/chunks/concat.txt':
[stderr]   Duration: N/A, start: 0.000000, bitrate: 4924 kb/s
[stderr]   Stream #0:0(und): Video: h264 (High) (avc1 / 0x31637661), yuv420p(tv, smpte170m/bt709/bt709, progressive), 640x480, 4854 kb/s, 29.83 fps, 29.83 tbr, 11456 tbn
[stderr]       Metadata:
[stderr]         handler_name    : Core Media Video
[stderr]         vendor_id       : [0][0][0][0]
[stderr]         encoder         : Lavc61.19.100 libx264
[stderr]   Stream #0:1(und): Audio: aac (LC) (mp4a / 0x6134706D), 48000 Hz, mono, fltp, 69 kb/s
[stderr]       Metadata:
[stderr]         handler_name    : Core Media Audio
[stderr]         vendor_id       : [0][0][0][0]
[stderr] Stream mapping:
[stderr]   Stream #0:0 -> #0:0 (copy)
[stderr]   Stream #0:1 -> #0:1 (copy)
[stderr] Output #0, mp4, to '/Users/johndoe/Documents/company/video_ops/scripts/abstract_algebra_in_proof_assistant/04-set-equality/takes/take-mrhmharr/pipeline/cut/cut-mriq7mo6/edited-good-intervals.mp4':
[stderr]   Metadata:
[stderr]     encoder         : Lavf61.7.100
[stderr]   Stream #0:0(und): Video: h264 (High) (avc1 / 0x31637661), yuv420p(tv, smpte170m/bt709/bt709, progressive), 640x480, q=2-31, 4854 kb/s, 29.83 fps, 29.83 tbr, 11456 tbn
[stderr]       Metadata:
[stderr]         handler_name    : Core Media Video
[stderr]         vendor_id       : [0][0][0][0]
[stderr]         encoder         : Lavc61.19.100 libx264
[stderr]   Stream #0:1(und): Audio: aac (LC) (mp4a / 0x6134706D), 48000 Hz, mono, fltp, 69 kb/s
[stderr]       Metadata:
[stderr]         handler_name    : Core Media Audio
[stderr]         vendor_id       : [0][0][0][0]
[stderr] Press [q] to stop, [?] for help
[stderr] [mov,mp4,m4a,3gp,3g2,mj2 @ 0x12c70a190] Auto-inserting h264_mp4toannexb bitstream filter
[stderr] [mov,mp4,m4a,3gp,3g2,mj2 @ 0x12c70ae40] Auto-inserting h264_mp4toannexb bitstream filter
[stderr] [mov,mp4,m4a,3gp,3g2,mj2 @ 0x12d0043b0] Auto-inserting h264_mp4toannexb bitstream filter
[stderr] [mov,mp4,m4a,3gp,3g2,mj2 @ 0x12c70a180] Auto-inserting h264_mp4toannexb bitstream filter
[stderr] [mov,mp4,m4a,3gp,3g2,mj2 @ 0x10c6043c0] Auto-inserting h264_mp4toannexb bitstream filter
[stderr] [mov,mp4,m4a,3gp,3g2,mj2 @ 0x12c70ad10] Auto-inserting h264_mp4toannexb bitstream filter
[stderr] [mov,mp4,m4a,3gp,3g2,mj2 @ 0x12c719160] Auto-inserting h264_mp4toannexb bitstream filter
[stderr] [mov,mp4,m4a,3gp,3g2,mj2 @ 0x12c7090b0] Auto-inserting h264_mp4toannexb bitstream filter
[stderr] [mov,mp4,m4a,3gp,3g2,mj2 @ 0x12d005d80] Auto-inserting h264_mp4toannexb bitstream filter
[stderr]     Last message repeated 2 times
[stderr] [mov,mp4,m4a,3gp,3g2,mj2 @ 0x12c71e3b0] Auto-inserting h264_mp4toannexb bitstream filter
[stderr] [mov,mp4,m4a,3gp,3g2,mj2 @ 0x12c715e30] Auto-inserting h264_mp4toannexb bitstream filter
[stderr] [mov,mp4,m4a,3gp,3g2,mj2 @ 0x12c70ad10] Auto-inserting h264_mp4toannexb bitstream filter
[stderr]     Last message repeated 1 times
[stderr] [mov,mp4,m4a,3gp,3g2,mj2 @ 0x11c604d70] Auto-inserting h264_mp4toannexb bitstream filter
[stderr] [mov,mp4,m4a,3gp,3g2,mj2 @ 0x11c604430] Auto-inserting h264_mp4toannexb bitstream filter
[stderr] [mov,mp4,m4a,3gp,3g2,mj2 @ 0x12d004c00] Auto-inserting h264_mp4toannexb bitstream filter
[stderr] [mov,mp4,m4a,3gp,3g2,mj2 @ 0x12d005d80] Auto-inserting h264_mp4toannexb bitstream filter
[stderr]     Last message repeated 1 times
[stderr] [mov,mp4,m4a,3gp,3g2,mj2 @ 0x12d004ba0] Auto-inserting h264_mp4toannexb bitstream filter
[stderr] [mov,mp4,m4a,3gp,3g2,mj2 @ 0x12d005d80] Auto-inserting h264_mp4toannexb bitstream filter
[stderr] [mov,mp4,m4a,3gp,3g2,mj2 @ 0x12c716250] Auto-inserting h264_mp4toannexb bitstream filter
[stderr] [out#0/mp4 @ 0x12c709d00] video:198742KiB audio:2800KiB subtitle:0KiB other streams:0KiB global headers:0KiB muxing overhead: 0.173739%
[stderr] frame= 9789 fps=0.0 q=-1.0 Lsize=  201893KiB time=00:05:29.04 bitrate=5026.4kbits/s speed=1.17e+03x    
[stdout] Edited video: /Users/johndoe/Documents/company/video_ops/scripts/abstract_algebra_in_proof_assistant/04-set-equality/takes/take-mrhmharr/pipeline/cut/cut-mriq7mo6/edited-good-intervals.mp4
[stdout] Analysis: /Users/johndoe/Documents/company/video_ops/scripts/abstract_algebra_in_proof_assistant/04-set-equality/takes/take-mrhmharr/pipeline/cut/cut-mriq7mo6/analysis.json
[stdout] Remotion visual plan: /Users/johndoe/Documents/company/video_ops/scripts/abstract_algebra_in_proof_assistant/04-set-equality/takes/take-mrhmharr/pipeline/cut/cut-mriq7mo6/remotion-visual-plan.json
[2026-07-13T04:33:44.497Z] exit 0
[2026-07-13T04:33:44.498Z] Cut complete
[2026-07-13T04:33:44.498Z] cut complete
[2026-07-13T05:02:55.028Z] Re-applying cut selection on stabilized video
[2026-07-13T05:02:55.029Z] $ deno run --allow-all /Users/johndoe/Documents/company/video_ops/outdoor_post/main.ts ai-edit --apply-selection --video /Users/johndoe/Documents/company/video_ops/scripts/abstract_algebra_in_proof_assistant/04-set-equality/takes/take-mrhmharr/pipeline/stabilize/stabilize-mriqdtnm/stabilized.mp4 --script /Users/johndoe/Documents/company/video_ops/scripts/abstract_algebra_in_proof_assistant/04-set-equality/export/04-set-equality-outdoor-script.json --take /Users/johndoe/Documents/company/video_ops/scripts/abstract_algebra_in_proof_assistant/04-set-equality/takes/take-mrhmharr/take.json --out-dir /Users/johndoe/Documents/company/video_ops/scripts/abstract_algebra_in_proof_assistant/04-set-equality/takes/take-mrhmharr/pipeline/cut/cut-mriq7mo6
[stderr] ffmpeg version 7.1 Copyright (c) 2000-2024 the FFmpeg developers
[stderr]   built with Apple clang version 15.0.0 (clang-1500.1.0.2.5)
[stderr]   configuration: --prefix=/opt/homebrew/Cellar/ffmpeg/7.1_3 --enable-shared --enable-pthreads --enable-version3 --cc=clang --host-cflags= --host-ldflags='-Wl,-ld_classic' --enable-ffplay --enable-gnutls --enable-gpl --enable-libaom --enable-libaribb24 --enable-libbluray --enable-libdav1d --enable-libharfbuzz --enable-libjxl --enable-libmp3lame --enable-libopus --enable-librav1e --enable-librist --enable-librubberband --enable-libsnappy --enable-libsrt --enable-libssh --enable-libsvtav1 --enable-libtesseract --enable-libtheora --enable-libvidstab --enable-libvmaf --enable-libvorbis --enable-libvpx --enable-libwebp --enable-libx264 --enable-libx265 --enable-libxml2 --enable-libxvid --enable-lzma --enable-libfontconfig --enable-libfreetype --enable-frei0r --enable-libass --enable-libopencore-amrnb --enable-libopencore-amrwb --enable-libopenjpeg --enable-libspeex --enable-libsoxr --enable-libzmq --enable-libzimg --disable-libjack --disable-indev=jack --enable-videotoolbox --enable-audiotoolbox --enable-neon
[stderr]   libavutil      59. 39.100 / 59. 39.100
[stderr]   libavcodec     61. 19.100 / 61. 19.100
[stderr]   libavformat    61.  7.100 / 61.  7.100
[stderr]   libavdevice    61.  3.100 / 61.  3.100
[stderr]   libavfilter    10.  4.100 / 10.  4.100
[stderr]   libswscale      8.  3.100 /  8.  3.100
[stderr]   libswresample   5.  3.100 /  5.  3.100
[stderr]   libpostproc    58.  3.100 / 58.  3.100
[stderr] Input #0, mov,mp4,m4a,3gp,3g2,mj2, from '/Users/johndoe/Documents/company/video_ops/scripts/abstract_algebra_in_proof_assistant/04-set-equality/takes/take-mrhmharr/pipeline/stabilize/stabilize-mriqdtnm/stabilized.mp4':
[stderr]   Metadata:
[stderr]     major_brand     : isom
[stderr]     minor_version   : [stderr] 512
[stderr]     compatible_brands: isomiso2avc1mp41
[stderr]     encoder         : Lavf61.7.100
[stderr]   Duration: 00:06:08.98, start: 0.000000, bitrate: 5562 kb/s
[stderr]   Stream #0:0[0x1](und): Video: h264 (High) (avc1 / 0x31637661), yuv420p(tv, smpte170m/bt709/bt709, progressive), 640x480, 5453 kb/s, 29.83 fps, 29.83 tbr, 11456 tbn (default)
[stderr]       Metadata:
[stderr]         handler_name    : Core Media Video
[stderr]         vendor_id       : [0][0][0][0]
[stderr]         encoder         : Lavc61.19.100 libx264
[stderr]   Stream #0:1[0x2](und): Audio: aac (LC) (mp4a / 0x6134706D), 48000 Hz, mono, fltp, 100 kb/s (default)
[stderr]       Metadata:
[stderr]         handler_name    : Core Media Audio
[stderr]         vendor_id       : [0][0][0][0]
[stderr] Stream mapping:
[stderr]   Stream #0:0 -> #0:0 (h264 (native) -> h264 (libx264))
[stderr]   Stream #0:1 -> #0:1[stderr]  (aac (native) -> aac (native))
[stderr] Press [q] to stop, [?] for help
[stderr] [libx264 @ 0x11c637120] using cpu capabilities: ARMv8 NEON
[stderr] [libx264 @ 0x11c637120] profile High, level 3.0, 4:2:0, 8-bit
[stderr] [libx264 @ 0x11c637120] 264 - core 164 r3108 31e19f9 - H.264/MPEG-4 AVC codec - Copyleft 2003-2023 - http://www.videolan.org/x264.html - options: cabac=1 ref=1 deblock=1:0:0 analyse=0x3:0x113 me=hex subme=2 psy=1 psy_rd=1.00:0.00 mixed_ref=0 me_range=16 chroma_me=1 trellis=0 8x8dct=1 cqm=0 deadzone=21,11 fast_pskip=1 chroma_qp_offset=0 threads=15 lookahead_threads=3 sliced_threads=0 nr=0 decimate=1 interlaced=0 bluray_compat=0 constrained_intra=0 bframes=3 b_pyramid=2 b_adapt=1 b_bias=0 direct=1 weightb=1 open_gop=0 weightp=1 keyint=250 keyint_min=25 scenecut=40 intra_refresh=0 rc_lookahead=10 rc=crf mbtree=1 crf=18.0 qcomp=0.60 qpmin=0 qpmax=69 qpstep=4 ip_ratio=1.40 aq=1:1.00
[stderr] Output #0, mp4, to '/Users/johndoe/Documents/company/video_ops/scripts/abstract_algebra_in_proof_assistant/04-set-equality/takes/take-mrhmharr/pipeline/cut/cut-mriq7mo6/chunks/chunk-000.mp4':
[stderr]   Metadata:
[stderr]     major_brand     : isom
[stderr]     minor_version   : 512
[stderr]     compatible_brands: isomiso2avc1mp41
[stderr]     encoder         : Lavf61.7.100
[stderr]   Stream #0:0(und): Video: h264 (avc1 / 0x31637661), yuv420p(tv, smpte170m/bt709/bt709, progressive), 640x480, q=2-31, 29.83 fps, 11456 tbn (default)
[stderr]       Metadata:
[stderr]         handler_name    : Core Media Video
[stderr]         vendor_id       : [0][0][0][0]
[stderr]         encoder         : Lavc61.19.100 libx264
[stderr]       Side data:
[stderr]         cpb: bitrate max/min/avg: 0/0/0 buffer size: 0 vbv_delay: N/A
[stderr]   Stream #0:1(und): Audio: aac (LC) (mp4a / 0x6134706D), 48000 Hz, mono, fltp, 69 kb/s (default)
[stderr]       Metadata:
[stderr]         handler_name    : Core Media Audio
[stderr]         vendor_id       : [0][0][0][0]
[stderr]         encoder         : Lavc61.19.100 aac
[stderr] [out#0/mp4 @ 0x11c629210] video:959KiB audio:13KiB subtitle:0KiB other streams:0KiB global headers:0KiB muxing overhead: 0.315782%
[stderr] frame=   46 fps=0.0 q=-1.0 Lsize=     975KiB time=00:00:01.47 bitrate=5417.6kbits/s speed=21.7x    
[stderr] [libx264 @ 0x11c637120] frame I:1     Avg QP:21.66  size: 59288
[stderr] [libx264 @ 0x11c637120] frame P:12    Avg QP:22.72  size: 33628
[stderr] [libx264 @ 0x11c637120] frame B:33    Avg QP:24.86  size: 15714
[stderr] [libx264 @ 0x11c637120] consecutive B-frames:  4.3%  0.0%  0.0% 95.7%
[stderr] [libx264 @ 0x11c637120] mb I  I16..4:  2.4%  6.3% 91.2%
[stderr] [libx264 @ 0x11c637120] mb P  I16..4:  3.0%  9.2% 30.3%  P16..4: 15.8% 18.5% 22.8%  0.0%  0.0%    skip: 0.4%
[stderr] [libx264 @ 0x11c637120] mb B  I16..4:  0.8%  0.6%  1.4%  B16..8: 27.0% 22.0% 12.5%  direct:21.1%  skip:14.5%  L0:26.1% L1:38.7% BI:35.2%
[stderr] [libx264 @ 0x11c637120] 8x8 transform intra:19.5% inter:27.0%
[stderr] [libx264 @ 0x11c637120] coded y,uvDC,uvAC intra: 87.7% 74.2% 39.8% inter: 54.5% 23.1% 1.1%
[stderr] [libx264 @ 0x11c637120] i16 v,h,dc,p: 61% 19% 16%  4%
[stderr] [libx264 @ 0x11c637120] i8 v,h,dc,ddl,ddr,vr,hd,vl,hu: 18% 14% 15%  3% 13% 10% 10%  7%  8%
[stderr] [libx264 @ 0x11c637120] i4 v,h,dc,ddl,ddr,vr,hd,vl,hu: 14% 15% 13%  3% 20%  9% 12%  6%  8%
[stderr] [libx264 @ 0x11c637120] i8c dc,h,v,p: 50% 21% 19% 10%
[stderr] [libx264 @ 0x11c637120] Weighted P-Frames: Y:33.3% UV:16.7%
[stderr] [libx264 @ 0x11c637120] kb/s:5091.85
[stderr] [aac @ 0x11c6a01b0] Qavg: 105.387
[stderr] ffmpeg version 7.1 Copyright (c) 2000-2024 the FFmpeg developers
[stderr]   built with Apple clang version 15.0.0 (clang-1500.1.0.2.5)
[stderr]   configuration: --prefix=/opt/homebrew/Cellar/ffmpeg/7.1_3 --enable-shared --enable-pthreads --enable-version3 --cc=clang --host-cflags= --host-ldflags='-Wl,-ld_classic' --enable-ffplay --enable-gnutls --enable-gpl --enable-libaom --enable-libaribb24 --enable-libbluray --enable-libdav1d --enable-libharfbuzz --enable-libjxl --enable-libmp3lame --enable-libopus --enable-librav1e --enable-librist --enable-librubberband --enable-libsnappy --enable-libsrt --enable-libssh --enable-libsvtav1 --enable-libtesseract --enable-libtheora --enable-libvidstab --enable-libvmaf --enable-libvorbis --enable-libvpx --enable-libwebp --enable-libx264 --enable-libx265 --enable-libxml2 --enable-libxvid --enable-lzma --enable-libfontconfig --enable-libfreetype --enable-frei0r --enable-libass --enable-libopencore-amrnb --enable-libopencore-amrwb --enable-libopenjpeg --enable-libspeex --enable-libsoxr --enable-libzmq --enable-libzimg --disable-libjack --disable-indev=jack --enable-videotoolbox --enable-audiotoolbox --enable-neon
[stderr]   libavutil      59. 39.100 / 59. 39.100
[stderr]   libavcodec     61. 19.100 / 61. 19.100
[stderr]   libavformat    61.  7.100 / 61.  7.100
[stderr]   libavdevice    61.  3.100 / 61.  3.100
[stderr]   libavfilter    10.  4.100 / 10.  4.100
[stderr]   libswscale      8.  3.100 /  8.  3.100
[stderr]   libswresample   5.  3.100 /  5.  3.100
[stderr]   libpostproc    58.  3.100 / 58.  3.100
[stderr] Input #0, mov,mp4,m4a,3gp,3g2,mj2, from '/Users/johndoe/Documents/company/video_ops/scripts/abstract_algebra_in_proof_assistant/04-set-equality/takes/take-mrhmharr/pipeline/stabilize/stabilize-mriqdtnm/stabilized.mp4':
[stderr]   Metadata:
[stderr]     major_brand     : isom
[stderr]     minor_version   : 512
[stderr]     compatible_brands: isomiso2avc1mp41
[stderr]     encoder         : Lavf61.7.100
[stderr]   Duration: 00:06:08.98, start: 0.000000, bitrate: 5562 kb/s
[stderr]   Stream #0:0[0x1](und): Video: h264 (High) (avc1 / 0x31637661), yuv420p(tv, smpte170m/bt709/bt709, progressive), 640x480, 5453 kb/s, 29.83 fps, 29.83 tbr, 11456 tbn (default)
[stderr]       Metadata:
[stderr]         handler_name    : Core Media Video
[stderr]         vendor_id       : [0][0][0][0]
[stderr]         encoder         : Lavc61.19.100 libx264
[stderr]   Stream #0:1[0x2](und): Audio: aac (LC) (mp4a / 0x6134706D), 48000 Hz, mono, fltp, 100 kb/s (default)
[stderr]       Metadata:
[stderr]         handler_name    : Core Media Audio
[stderr]         vendor_id       : [0][0][0][0]
[stderr] Stream mapping:
[stderr]   Stream #0:0 -> #0:0 (h264 (native) -> h264 (libx264))
[stderr]   Stream #0:1 -> #0:1[stderr]  (aac (native) -> aac (native))
[stderr] Press [q] to stop, [?] for help
[stderr] [libx264 @ 0x13b113f00] using cpu capabilities: ARMv8 NEON
[stderr] [libx264 @ 0x13b113f00] profile High, level 3.0, 4:2:0, 8-bit
[stderr] [libx264 @ 0x13b113f00] 264 - core 164 r3108 31e19f9 - H.264/MPEG-4 AVC codec - Copyleft 2003-2023 - http://www.videolan.org/x264.html - options: cabac=1 ref=1 deblock=1:0:0 analyse=0x3:0x113 me=hex subme=2 psy=1 psy_rd=1.00:0.00 mixed_ref=0 me_range=16 chroma_me=1 trellis=0 8x8dct=1 cqm=0 deadzone=21,11 fast_pskip=1 chroma_qp_offset=0 threads=15 lookahead_threads=3 sliced_threads=0 nr=0 decimate=1 interlaced=0 bluray_compat=0 constrained_intra=0 bframes=3 b_pyramid=2 b_adapt=1 b_bias=0 direct=1 weightb=1 open_gop=0 weightp=1 keyint=250 keyint_min=25 scenecut=40 intra_refresh=0 rc_lookahead=10 rc=crf mbtree=1 crf=18.0 qcomp=0.60 qpmin=0 qpmax=69 qpstep=4 ip_ratio=1.40 aq=1:1.00
[stderr] Output #0, mp4, to '/Users/johndoe/Documents/company/video_ops/scripts/abstract_algebra_in_proof_assistant/04-set-equality/takes/take-mrhmharr/pipeline/cut/cut-mriq7mo6/chunks/chunk-001.mp4':
[stderr]   Metadata:
[stderr]     major_brand     : isom
[stderr]     minor_version   : 512
[stderr]     compatible_brands: isomiso2avc1mp41
[stderr]     encoder         : Lavf61.7.100
[stderr]   Stream #0:0(und): Video: h264 (avc1 / 0x31637661), yuv420p(tv, smpte170m/bt709/bt709, progressive), 640x480, q=2-31, 29.83 fps, 11456 tbn (default)
[stderr]       Metadata:
[stderr]         handler_name    : Core Media Video
[stderr]         vendor_id       : [0][0][0][0]
[stderr]         encoder         : Lavc61.19.100 libx264
[stderr]       Side data:
[stderr]         cpb: bitrate max/min/avg: 0/0/0 buffer size: 0 vbv_delay: N/A
[stderr]   Stream #0:1(und): Audio: aac (LC) (mp4a / 0x6134706D), 48000 Hz, mono, fltp, 69 kb/s (default)
[stderr]       Metadata:
[stderr]         handler_name    : Core Media Audio
[stderr]         vendor_id       : [stderr] [0][0][0][0]
[stderr]         encoder         : Lavc61.19.100 aac
[stderr] frame=  379 fps=0.0 q=24.0 size=    7936KiB time=00:00:12.63 bitrate=5144.6kbits/s speed=  25x    
[stderr] [out#0/mp4 @ 0x13b105eb0] video:10731KiB audio:153KiB subtitle:0KiB other streams:0KiB global headers:0KiB muxing overhead: 0.187299%
[stderr] frame=  533 fps=0.0 q=-1.0 Lsize=   10905KiB time=00:00:17.79 bitrate=5019.0kbits/s speed=27.1x    
[stderr] [libx264 @ 0x13b113f00] frame I:3     Avg QP:20.43  size: 54856
[stderr] [libx264 @ 0x13b113f00] frame P:151   Avg QP:22.10  size: 36459
[stderr] [libx264 @ 0x13b113f00] frame B:379   Avg QP:24.93  size: 14032
[stderr] [libx264 @ 0x13b113f00] consecutive B-frames:  2.6%  6.0%  5.1% 86.3%
[stderr] [libx264 @ 0x13b113f00] mb I  I16..4:  2.1% 12.1% 85.8%
[stderr] [libx264 @ 0x13b113f00] mb P  I16..4:  2.0%  5.8% 15.0%  P16..4: 22.2% 23.2% 31.2%  0.0%  0.0%    skip: 0.5%
[stderr] [libx264 @ 0x13b113f00] mb B  I16..4:  0.5%  0.6%  0.9%  B16..8: 28.7% 21.3%  9.3%  direct:23.8%  skip:14.9%  L0:28.9% L1:34.5% BI:36.6%
[stderr] [libx264 @ 0x13b113f00] 8x8 transform intra:25.4% inter:29.2%
[stderr] [libx264 @ 0x13b113f00] coded y,uvDC,uvAC intra: 85.1% 79.2% 40.8% inter: 55.9% 23.2% 1.1%
[stderr] [libx264 @ 0x13b113f00] i16 v,h,dc,p: 52% 18% 19% 10%
[stderr] [libx264 @ 0x13b113f00] i8 v,h,dc,ddl,ddr,vr,hd,vl,hu: 20% 19% 17%  2% 10%  8% 10%  6%  7%
[stderr] [libx264 @ 0x13b113f00] i4 v,h,dc,ddl,ddr,vr,hd,vl,hu: 15% 20% 13%  3% 14%  8% 11%  6%  9%
[stderr] [libx264 @ 0x13b113f00] i8c dc,h,v,p: 47% 21% 21% 11%
[stderr] [libx264 @ 0x13b113f00] Weighted P-Frames: Y:18.5% UV:2.0%
[stderr] [libx264 @ 0x13b113f00] kb/s:4920.18
[stderr] [aac @ 0x13b17d050] Qavg: 276.676
[stderr] ffmpeg version 7.1 Copyright (c) 2000-2024 the FFmpeg developers
[stderr]   built with Apple clang version 15.0.0 (clang-1500.1.0.2.5)
[stderr]   configuration: --prefix=/opt/homebrew/Cellar/ffmpeg/7.1_3 --enable-shared --enable-pthreads --enable-version3 --cc=clang --host-cflags= --host-ldflags='-Wl,-ld_classic' --enable-ffplay --enable-gnutls --enable-gpl --enable-libaom --enable-libaribb24 --enable-libbluray --enable-libdav1d --enable-libharfbuzz --enable-libjxl --enable-libmp3lame --enable-libopus --enable-librav1e --enable-librist --enable-librubberband --enable-libsnappy --enable-libsrt --enable-libssh --enable-libsvtav1 --enable-libtesseract --enable-libtheora --enable-libvidstab --enable-libvmaf --enable-libvorbis --enable-libvpx --enable-libwebp --enable-libx264 --enable-libx265 --enable-libxml2 --enable-libxvid --enable-lzma --enable-libfontconfig --enable-libfreetype --enable-frei0r --enable-libass --enable-libopencore-amrnb --enable-libopencore-amrwb --enable-libopenjpeg --enable-libspeex --enable-libsoxr --enable-libzmq --enable-libzimg --disable-libjack --disable-indev=jack --enable-videotoolbox --enable-audiotoolbox --enable-neon
[stderr]   libavutil      59. 39.100 / 59. 39.100
[stderr]   libavcodec     61. 19.100 / 61. 19.100
[stderr]   libavformat    61.  7.100 / 61.  7.100
[stderr]   libavdevice    61.  3.100 / 61.  3.100
[stderr]   libavfilter    10.  4.100 / 10.  4.100
[stderr]   libswscale      8.  3.100 /  8.  3.100
[stderr]   libswresample   5.  3.100 /  5.  3.100
[stderr]   libpostproc    58.  3.100 / 58.  3.100
[stderr] Input #0, mov,mp4,m4a,3gp,3g2,mj2, from '/Users/johndoe/Documents/company/video_ops/scripts/abstract_algebra_in_proof_assistant/04-set-equality/takes/take-mrhmharr/pipeline/stabilize/stabilize-mriqdtnm/stabilized.mp4':
[stderr]   Metadata:
[stderr]     major_brand     : isom
[stderr]     minor_version   : 512
[stderr]     compatible_brands: isomiso2avc1mp41
[stderr]     encoder         : Lavf61.7.100
[stderr]   Duration: 00:06:08.98, start: 0.000000, bitrate: 5562 kb/s
[stderr]   Stream #0:0[0x1](und): Video: h264 (High) (avc1 / 0x31637661), yuv420p(tv, smpte170m/bt709/bt709, progressive), 640x480, 5453 kb/s, 29.83 fps, 29.83 tbr, 11456 tbn (default)
[stderr]       Metadata:
[stderr]         handler_name    : Core Media Video
[stderr]         vendor_id       : [0][0][0][0]
[stderr]         encoder         : Lavc61.19.100 libx264
[stderr]   Stream #0:1[0x2](und): Audio: aac (LC) (mp4a / 0x6134706D), 48000 Hz, mono, fltp, 100 kb/s (default)
[stderr]       Metadata:
[stderr]         handler_name    : Core Media Audio
[stderr]         vendor_id       : [0][0][0][0]
[stderr] Stream mapping:
[stderr]   Stream #0:0 -> #0:0 (h264 (native) -> h264 (libx264))
[stderr]   Stream #0:1 -> #0:1[stderr]  (aac (native) -> aac (native))
[stderr] Press [q] to stop, [?] for help
[stderr] [libx264 @ 0x138644d30] using cpu capabilities: ARMv8 NEON
[stderr] [libx264 @ 0x138644d30] profile High, level 3.0, 4:2:0, 8-bit
[stderr] [libx264 @ 0x138644d30] 264 - core 164 r3108 31e19f9 - H.264/MPEG-4 AVC codec - Copyleft 2003-2023 - http://www.videolan.org/x264.html - options: cabac=1 ref=1 deblock=1:0:0 analyse=0x3:0x113 me=hex subme=2 psy=1 psy_rd=1.00:0.00 mixed_ref=0 me_range=16 chroma_me=1 trellis=0 8x8dct=1 cqm=0 deadzone=21,11 fast_pskip=1 chroma_qp_offset=0 threads=15 lookahead_threads=3 sliced_threads=0 nr=0 decimate=1 interlaced=0 bluray_compat=0 constrained_intra=0 bframes=3 b_pyramid=2 b_adapt=1 b_bias=0 direct=1 weightb=1 open_gop=0 weightp=1 keyint=250 keyint_min=25 scenecut=40 intra_refresh=0 rc_lookahead=10 rc=crf mbtree=1 crf=18.0 qcomp=0.60 qpmin=0 qpmax=69 qpstep=4 ip_ratio=1.40 aq=1:1.00
[stderr] Output #0, mp4, to '/Users/johndoe/Documents/company/video_ops/scripts/abstract_algebra_in_proof_assistant/04-set-equality/takes/take-mrhmharr/pipeline/cut/cut-mriq7mo6/chunks/chunk-002.mp4':
[stderr]   Metadata:
[stderr]     major_brand     : isom
[stderr]     minor_version   : 512
[stderr]     compatible_brands: isomiso2avc1mp41
[stderr]     encoder         : Lavf61.7.100
[stderr]   Stream #0:0(und): Video: h264 (avc1 / 0x31637661), yuv420p(tv, smpte170m/bt709/bt709, progressive), 640x480, q=2-31, 29.83 fps, 11456 tbn (default)
[stderr]       Metadata:
[stderr]         handler_name    : Core Media Video
[stderr]         vendor_id       : [0][0][0][0]
[stderr]         encoder         : Lavc61.19.100 libx264
[stderr]       Side data:
[stderr]         cpb: bitrate max/min/avg: 0/0/0 buffer size: 0 vbv_delay: N/A
[stderr]   Stream #0:1(und): Audio: aac (LC) (mp4a / 0x6134706D), 48000 Hz, mono, fltp, 69 kb/s (default)
[stderr]       Metadata:
[stderr]         handler_name    : Core Media Audio
[stderr]         vendor_id       : [0][0][0][0]
[stderr]         encoder         : Lavc61.19.100 aac
[stderr] frame=  226 fps=0.0 q=24.0 size=    3584KiB time=00:00:07.54 bitrate=3893.0kbits/s speed=15.1x    
[stderr] frame=  650 fps=647 q=24.0 size=   13056KiB time=00:00:21.75 bitrate=4916.5kbits/s speed=21.6x    
[stderr] [out#0/mp4 @ 0x138636dc0] video:22550KiB audio:295KiB subtitle:0KiB other streams:0KiB global headers:0KiB muxing overhead: 0.166581%
[stderr] frame= 1028 fps=711 q=-1.0 Lsize=   22883KiB time=00:00:34.42 bitrate=5445.3kbits/s speed=23.8x    
[stderr] [libx264 @ 0x138644d30] frame I:7     Avg QP:19.71  size: 54074
[stderr] [libx264 @ 0x138644d30] frame P:278   Avg QP:22.38  size: 37837
[stderr] [libx264 @ 0x138644d30] frame B:743   Avg QP:25.36  size: 16410
[stderr] [libx264 @ 0x138644d30] consecutive B-frames:  2.2%  2.9%  3.8% 91.1%
[stderr] [libx264 @ 0x138644d30] mb I  I16..4:  5.7% 11.2% 83.2%
[stderr] [libx264 @ 0x138644d30] mb P  I16..4:  4.4%  7.5% 19.5%  P16..4: 17.4% 20.1% 29.6%  0.0%  0.0%    skip: 1.6%
[stderr] [libx264 @ 0x138644d30] mb B  I16..4:  1.1%  0.8%  1.5%  B16..8: 26.6% 20.9% 13.0%  direct:19.9%  skip:16.2%  L0:29.5% L1:32.4% BI:38.2%
[stderr] [libx264 @ 0x138644d30] 8x8 transform intra:23.1% inter:26.4%
[stderr] [libx264 @ 0x138644d30] coded y,uvDC,uvAC intra: 79.5% 70.2% 35.3% inter: 53.9% 22.8% 1.0%
[stderr] [libx264 @ 0x138644d30] i16 v,h,dc,p: 66% 14% 15%  5%
[stderr] [libx264 @ 0x138644d30] i8 v,h,dc,ddl,ddr,vr,hd,vl,hu: 23% 17% 16%  2% 10% 10%  8%  7%  7%
[stderr] [libx264 @ 0x138644d30] i4 v,h,dc,ddl,ddr,vr,hd,vl,hu: 16% 17% 13%  3% 15% 10% 10%  7%  9%
[stderr] [libx264 @ 0x138644d30] i8c dc,h,v,p: 53% 18% 20%  9%
[stderr] [libx264 @ 0x138644d30] Weighted P-Frames: Y:15.8% UV:0.7%
[stderr] [libx264 @ 0x138644d30] kb/s:5360.72
[stderr] [aac @ 0x13901e990] Qavg: 282.071
[stderr] ffmpeg version 7.1 Copyright (c) 2000-2024 the FFmpeg developers
[stderr]   built with Apple clang version 15.0.0 (clang-1500.1.0.2.5)
[stderr]   configuration: --prefix=/opt/homebrew/Cellar/ffmpeg/7.1_3 --enable-shared --enable-pthreads --enable-version3 --cc=clang --host-cflags= --host-ldflags='-Wl,-ld_classic' --enable-ffplay --enable-gnutls --enable-gpl --enable-libaom --enable-libaribb24 --enable-libbluray --enable-libdav1d --enable-libharfbuzz --enable-libjxl --enable-libmp3lame --enable-libopus --enable-librav1e --enable-librist --enable-librubberband --enable-libsnappy --enable-libsrt --enable-libssh --enable-libsvtav1 --enable-libtesseract --enable-libtheora --enable-libvidstab --enable-libvmaf --enable-libvorbis --enable-libvpx --enable-libwebp --enable-libx264 --enable-libx265 --enable-libxml2 --enable-libxvid --enable-lzma --enable-libfontconfig --enable-libfreetype --enable-frei0r --enable-libass --enable-libopencore-amrnb --enable-libopencore-amrwb --enable-libopenjpeg --enable-libspeex --enable-libsoxr --enable-libzmq --enable-libzimg --disable-libjack --disable-indev=jack --enable-videotoolbox --enable-audiotoolbox --enable-neon
[stderr]   libavutil      59. 39.100 / 59. 39.100
[stderr]   libavcodec     61. 19.100 / 61. 19.100
[stderr]   libavformat    61.  7.100 / 61.  7.100
[stderr]   libavdevice    61.  3.100 / 61.  3.100
[stderr]   libavfilter    10.  4.100 / 10.  4.100
[stderr]   libswscale      8.  3.100 /  8.  3.100
[stderr]   libswresample   5.  3.100 /  5.  3.100
[stderr]   libpostproc    58.  3.100 / 58.  3.100
[stderr] Input #0, mov,mp4,m4a,3gp,3g2,mj2, from '/Users/johndoe/Documents/company/video_ops/scripts/abstract_algebra_in_proof_assistant/04-set-equality/takes/take-mrhmharr/pipeline/stabilize/stabilize-mriqdtnm/stabilized.mp4':
[stderr]   Metadata:
[stderr]     major_brand     : isom
[stderr]     minor_version   : 512
[stderr]     compatible_brands: isomiso2avc1mp41
[stderr]     encoder         : Lavf61.7.100
[stderr]   Duration: 00:06:08.98, start: 0.000000, bitrate: 5562 kb/s
[stderr]   Stream #0:0[0x1](und): Video: h264 (High) (avc1 / 0x31637661), yuv420p(tv, smpte170m/bt709/bt709, progressive), 640x480, 5453 kb/s, 29.83 fps, 29.83 tbr, 11456 tbn (default)
[stderr]       Metadata:
[stderr]         handler_name    : Core Media Video
[stderr]         vendor_id       : [0][0][0][0]
[stderr]         encoder         : Lavc61.19.100 libx264
[stderr]   Stream #0:1[0x2](und): Audio: aac (LC) (mp4a / 0x6134706D), 48000 Hz, mono, fltp, 100 kb/s (default)
[stderr]       Metadata:
[stderr]         handler_name    : Core Media Audio
[stderr]         vendor_id       : [0][0][0][0]
[stderr] Stream mapping:
[stderr]   Stream #0:0 -> #0:0 (h264 (native) -> h264 (libx264))
[stderr]   Stream #0:1 -> #0:1 (aac (native) -> aac (native))
[stderr] Press [q] to stop, [?] for help
[stderr] [libx264 @ 0x11e006d30] using cpu capabilities: ARMv8 NEON
[stderr] [libx264 @ 0x11e006d30] profile High, level 3.0, 4:2:0, 8-bit
[stderr] [libx264 @ 0x11e006d30] 264 - core 164 r3108 31e19f9 - H.264/MPEG-4 AVC codec - Copyleft 2003-2023 - http://www.videolan.org/x264.html - options: cabac=1 ref=1 deblock=1:0:0 analyse=0x3:0x113 me=hex subme=2 psy=1 psy_rd=1.00:0.00 mixed_ref=0 me_range=16 chroma_me=1 trellis=0 8x8dct=1 cqm=0 deadzone=21,11 fast_pskip=1 chroma_qp_offset=0 threads=15 lookahead_threads=3 sliced_threads=0 nr=0 decimate=1 interlaced=0 bluray_compat=0 constrained_intra=0 bframes=3 b_pyramid=2 b_adapt=1 b_bias=0 direct=1 weightb=1 open_gop=0 weightp=1 keyint=250 keyint_min=25 scenecut=40 intra_refresh=0 rc_lookahead=10 rc=crf mbtree=1 crf=18.0 qcomp=0.60 qpmin=0 qpmax=69 qpstep=4 ip_ratio=1.40 aq=1:1.00
[stderr] Output #0, mp4, to '/Users/johndoe/Documents/company/video_ops/scripts/abstract_algebra_in_proof_assistant/04-set-equality/takes/take-mrhmharr/pipeline/cut/cut-mriq7mo6/chunks/chunk-003.mp4':
[stderr]   Metadata:
[stderr]     major_brand     : isom
[stderr]     minor_version   : 512
[stderr]     compatible_brands: isomiso2avc1mp41
[stderr]     encoder         : Lavf61.7.100
[stderr]   Stream #0:0(und): Video: h264 (avc1 / 0x31637661), yuv420p(tv, smpte170m/bt709/bt709, progressive), 640x480, q=2-31, 29.83 fps, 11456 tbn (default)
[stderr]       Metadata:
[stderr]         handler_name    : Core Media Video
[stderr]         vendor_id       : [0][0][0][0]
[stderr]         encoder         : Lavc61.19.100 libx264
[stderr]       Side data:
[stderr]         cpb: bitrate max/min/avg: 0/0/0 buffer size: 0 vbv_delay: N/A
[stderr]   Stream #0:1(und): Audio: aac (LC) (mp4a / 0x6134706D), 48000 Hz, mono, fltp, 69 kb/s (default)
[stderr]       Metadata:
[stderr]         handler_name    : Core Media Audio
[stderr]         vendor_id       : [0][0][0][0]
[stderr]         encoder         : Lavc61.19.100 aac
[stderr] [out#0/mp4 @ 0x11e005e00] video:490KiB audio:9KiB subtitle:0KiB other streams:0KiB global headers:0KiB muxing overhead: 0.503028%
[stderr] frame=   30 fps=0.0 q=-1.0 Lsize=     501KiB time=00:00:00.97 bitrate=4222.6kbits/s speed=1.66x    
[stderr] [libx264 @ 0x11e006d30] frame I:1     Avg QP:19.59  size: 51489
[stderr] [libx264 @ 0x11e006d30] frame P:8     Avg QP:20.83  size: 30280
[stderr] [libx264 @ 0x11e006d30] frame B:21    Avg QP:24.46  size:  9855
[stderr] [libx264 @ 0x11e006d30] consecutive B-frames:  6.7%  0.0%  0.0% 93.3%
[stderr] [libx264 @ 0x11e006d30] mb I  I16..4: 16.2% 10.4% 73.3%
[stderr] [libx264 @ 0x11e006d30] mb P  I16..4: 12.4%  3.2%  3.8%  P16..4: 23.0% 22.6% 31.1%  0.0%  0.0%    skip: 3.9%
[stderr] [libx264 @ 0x11e006d30] mb B  I16..4:  2.5%  0.2%  0.0%  B16..8: 27.0% 14.1%  6.0%  direct:20.7%  skip:29.5%  L0:20.9% L1:28.8% BI:50.3%
[stderr] [libx264 @ 0x11e006d30] 8x8 transform intra:13.3% inter:25.0%
[stderr] [libx264 @ 0x11e006d30] coded y,uvDC,uvAC intra: 44.9% 40.8% 19.4% inter: 40.8% 14.3% 0.5%
[stderr] [libx264 @ 0x11e006d30] i16 v,h,dc,p: 88%  3%  8%  1%
[stderr] [libx264 @ 0x11e006d30] i8 v,h,dc,ddl,ddr,vr,hd,vl,hu: 24% 21% 21%  2%  6%  6%  7%  6%  6%
[stderr] [libx264 @ 0x11e006d30] i4 v,h,dc,ddl,ddr,vr,hd,vl,hu: 18% 18% 13%  4% 14%  9%  9%  7% 10%
[stderr] [libx264 @ 0x11e006d30] i8c dc,h,v,p: 72% 12% 11%  5%
[stderr] [libx264 @ 0x11e006d30] Weighted P-Frames: Y:0.0% UV:0.0%
[stderr] [libx264 @ 0x11e006d30] kb/s:3983.24
[stderr] [aac @ 0x11e07bc00] Qavg: 120.360
[stderr] ffmpeg version 7.1 Copyright (c) 2000-2024 the FFmpeg developers
[stderr]   built with Apple clang version 15.0.0 (clang-1500.1.0.2.5)
[stderr]   configuration: --prefix=/opt/homebrew/Cellar/ffmpeg/7.1_3 --enable-shared --enable-pthreads --enable-version3 --cc=clang --host-cflags= --host-ldflags='-Wl,-ld_classic' --enable-ffplay --enable-gnutls --enable-gpl --enable-libaom --enable-libaribb24 --enable-libbluray --enable-libdav1d --enable-libharfbuzz --enable-libjxl --enable-libmp3lame --enable-libopus --enable-librav1e --enable-librist --enable-librubberband --enable-libsnappy --enable-libsrt --enable-libssh --enable-libsvtav1 --enable-libtesseract --enable-libtheora --enable-libvidstab --enable-libvmaf --enable-libvorbis --enable-libvpx --enable-libwebp --enable-libx264 --enable-libx265 --enable-libxml2 --enable-libxvid --enable-lzma --enable-libfontconfig --enable-libfreetype --enable-frei0r --enable-libass --enable-libopencore-amrnb --enable-libopencore-amrwb --enable-libopenjpeg --enable-libspeex --enable-libsoxr --enable-libzmq --enable-libzimg --disable-libjack --disable-indev=jack --enable-videotoolbox --enable-audiotoolbox --enable-neon
[stderr]   libavutil      59. 39.100 / 59. 39.100
[stderr]   libavcodec     61. 19.100 / 61. 19.100
[stderr]   libavformat    61.  7.100 / 61.  7.100
[stderr]   libavdevice    61.  3.100 / 61.  3.100
[stderr]   libavfilter    10.  4.100 / 10.  4.100
[stderr]   libswscale      8.  3.100 /  8.  3.100
[stderr]   libswresample   5.  3.100 /  5.  3.100
[stderr]   libpostproc    58.  3.100 / 58.  3.100
[stderr] Input #0, mov,mp4,m4a,3gp,3g2,mj2, from '/Users/johndoe/Documents/company/video_ops/scripts/abstract_algebra_in_proof_assistant/04-set-equality/takes/take-mrhmharr/pipeline/stabilize/stabilize-mriqdtnm/stabilized.mp4':
[stderr]   Metadata:
[stderr]     major_brand     : isom
[stderr]     minor_version   : 512
[stderr]     compatible_brands: isomiso2avc1mp41
[stderr]     encoder         : Lavf61.7.100
[stderr]   Duration: 00:06:08.98, start: 0.000000, bitrate: 5562 kb/s
[stderr]   Stream #0:0[0x1](und): Video: h264 (High) (avc1 / 0x31637661), yuv420p(tv, smpte170m/bt709/bt709, progressive), 640x480, 5453 kb/s, 29.83 fps, 29.83 tbr, 11456 tbn (default)
[stderr]       Metadata:
[stderr]         handler_name    : Core Media Video
[stderr]         vendor_id       : [0][0][0][0]
[stderr]         encoder         : Lavc61.19.100 libx264
[stderr]   Stream #0:1[0x2](und): Audio: aac (LC) (mp4a / 0x6134706D), 48000 Hz, mono, fltp, 100 kb/s (default)
[stderr]       Metadata:
[stderr]         handler_name    : Core Media Audio
[stderr]         vendor_id       : [0][0][0][0]
[stderr] Stream mapping:
[stderr]   Stream #0:0 -> #0:0 (h264 (native) -> h264 (libx264))
[stderr]   Stream #0:1 -> #0:1 (aac (native) -> aac (native))
[stderr] Press [q] to stop, [?] for help
[stderr] [libx264 @ 0x157106160] using cpu capabilities: ARMv8 NEON
[stderr] [libx264 @ 0x157106160] profile High, level 3.0, 4:2:0, 8-bit
[stderr] [libx264 @ 0x157106160] 264 - core 164 r3108 31e19f9 - H.264/MPEG-4 AVC codec - Copyleft 2003-2023 - http://www.videolan.org/x264.html - options: cabac=1 ref=1 deblock=1:0:0 analyse=0x3:0x113 me=hex subme=2 psy=1 psy_rd=1.00:0.00 mixed_ref=0 me_range=16 chroma_me=1 trellis=0 8x8dct=1 cqm=0 deadzone=21,11 fast_pskip=1 chroma_qp_offset=0 threads=15 lookahead_threads=3 sliced_threads=0 nr=0 decimate=1 interlaced=0 bluray_compat=0 constrained_intra=0 bframes=3 b_pyramid=2 b_adapt=1 b_bias=0 direct=1 weightb=1 open_gop=0 weightp=1 keyint=250 keyint_min=25 scenecut=40 intra_refresh=0 rc_lookahead=10 rc=crf mbtree=1 crf=18.0 qcomp=0.60 qpmin=0 qpmax=69 qpstep=4 ip_ratio=1.40 aq=1:1.00
[stderr] Output #0, mp4, to '/Users/johndoe/Documents/company/video_ops/scripts/abstract_algebra_in_proof_assistant/04-set-equality/takes/take-mrhmharr/pipeline/cut/cut-mriq7mo6/chunks/chunk-004.mp4':
[stderr]   Metadata:
[stderr]     major_brand     : isom
[stderr]     minor_version   : 512
[stderr]     compatible_brands: isomiso2avc1mp41
[stderr]     encoder         : Lavf61.7.100
[stderr]   Stream #0:0(und): Video: h264 (avc1 / 0x31637661), yuv420p(tv, smpte170m/bt709/bt709, progressive), 640x480, q=2-31, 29.83 fps, 11456 tbn (default)
[stderr]       Metadata:
[stderr]         handler_name    : Core Media Video
[stderr]         vendor_id       : [0][0][0][0]
[stderr]         encoder         : Lavc61.19.100 libx264
[stderr]       Side data:
[stderr]         cpb: bitrate max/min/avg: 0/0/0 buffer size: 0 vbv_delay: N/A
[stderr]   Stream #0:1(und): Audio: aac (LC) (mp4a / 0x6134706D), 48000 Hz, mono, fltp, 69 kb/s (default)
[stderr]       Metadata:
[stderr]         handler_name    : Core Media Audio
[stderr]         vendor_id       : [0][0][0][0]
[stderr]         encoder         : Lavc61.19.100 aac
[stderr] frame=  300 fps=298 q=24.0 size=    5632KiB time=00:00:10.02 bitrate=4603.5kbits/s speed=9.97x    
[stderr] frame=  721 fps=477 q=24.0 size=   15104KiB time=00:00:24.13 bitrate=5126.9kbits/s speed=  16x    
[stderr] [out#0/mp4 @ 0x1571051d0] video:20604KiB audio:260KiB subtitle:0KiB other streams:0KiB global headers:0KiB muxing overhead: 0.161313%
[stderr] frame=  908 fps=524 q=-1.0 Lsize=   20898KiB time=00:00:30.40 bitrate=5630.9kbits/s speed=17.6x    
[stderr] [libx264 @ 0x157106160] frame I:5     Avg QP:19.76  size: 54417
[stderr] [libx264 @ 0x157106160] frame P:269   Avg QP:22.51  size: 39178
[stderr] [libx264 @ 0x157106160] frame B:634   Avg QP:25.51  size: 16226
[stderr] [libx264 @ 0x157106160] consecutive B-frames:  3.7%  7.9%  4.6% 83.7%
[stderr] [libx264 @ 0x157106160] mb I  I16..4:  7.2% 10.3% 82.5%
[stderr] [libx264 @ 0x157106160] mb P  I16..4:  4.1%  6.6% 13.9%  P16..4: 20.3% 21.8% 32.3%  0.0%  0.0%    skip: 1.0%
[stderr] [libx264 @ 0x157106160] mb B  I16..4:  1.1%  0.7%  0.5%  B16..8: 27.5% 20.2% 11.8%  direct:21.8%  skip:16.3%  L0:27.0% L1:31.2% BI:41.8%
[stderr] [libx264 @ 0x157106160] 8x8 transform intra:26.5% inter:24.7%
[stderr] [libx264 @ 0x157106160] coded y,uvDC,uvAC intra: 75.5% 57.3% 20.2% inter: 55.0% 17.8% 0.5%
[stderr] [libx264 @ 0x157106160] i16 v,h,dc,p: 59% 19% 16%  6%
[stderr] [libx264 @ 0x157106160] i8 v,h,dc,ddl,ddr,vr,hd,vl,hu: 22% 21% 18%  3%  8%  7%  8%  7%  7%
[stderr] [libx264 @ 0x157106160] i4 v,h,dc,ddl,ddr,vr,hd,vl,hu: 15% 18% 14%  3% 14%  9% 10%  7% 10%
[stderr] [libx264 @ 0x157106160] i8c dc,h,v,p: 58% 18% 18%  6%
[stderr] [libx264 @ 0x157106160] Weighted P-Frames: Y:22.3% UV:2.2%
[stderr] [libx264 @ 0x157106160] kb/s:5545.60
[stderr] [aac @ 0x15717b040] Qavg: 215.047
[stderr] ffmpeg version 7.1 Copyright (c) 2000-2024 the FFmpeg developers
[stderr]   built with Apple clang version 15.0.0 (clang-1500.1.0.2.5)
[stderr]   configuration: --prefix=/opt/homebrew/Cellar/ffmpeg/7.1_3 --enable-shared --enable-pthreads --enable-version3 --cc=clang --host-cflags= --host-ldflags='-Wl,-ld_classic' --enable-ffplay --enable-gnutls --enable-gpl --enable-libaom --enable-libaribb24 --enable-libbluray --enable-libdav1d --enable-libharfbuzz --enable-libjxl --enable-libmp3lame --enable-libopus --enable-librav1e --enable-librist --enable-librubberband --enable-libsnappy --enable-libsrt --enable-libssh --enable-libsvtav1 --enable-libtesseract --enable-libtheora --enable-libvidstab --enable-libvmaf --enable-libvorbis --enable-libvpx --enable-libwebp --enable-libx264 --enable-libx265 --enable-libxml2 --enable-libxvid --enable-lzma --enable-libfontconfig --enable-libfreetype --enable-frei0r --enable-libass --enable-libopencore-amrnb --enable-libopencore-amrwb --enable-libopenjpeg --enable-libspeex --enable-libsoxr --enable-libzmq --enable-libzimg --disable-libjack --disable-indev=jack --enable-videotoolbox --enable-audiotoolbox --enable-neon
[stderr]   libavutil      59. 39.100 / 59. 39.100
[stderr]   libavcodec     61. 19.100 / 61. 19.100
[stderr]   libavformat    61.  7.100 / 61.  7.100
[stderr]   libavdevice    61.  3.100 / 61.  3.100
[stderr]   libavfilter    10.  4.100 / 10.  4.100
[stderr]   libswscale      8.  3.100 /  8.  3.100
[stderr]   libswresample   5.  3.100 /  5.  3.100
[stderr]   libpostproc    58.  3.100 / 58.  3.100
[stderr] Input #0, mov,mp4,m4a,3gp,3g2,mj2, from '/Users/johndoe/Documents/company/video_ops/scripts/abstract_algebra_in_proof_assistant/04-set-equality/takes/take-mrhmharr/pipeline/stabilize/stabilize-mriqdtnm/stabilized.mp4':
[stderr]   Metadata:
[stderr]     major_brand     : isom
[stderr]     minor_version   : [stderr] 512
[stderr]     compatible_brands: isomiso2avc1mp41
[stderr]     encoder         : Lavf61.7.100
[stderr]   Duration: 00:06:08.98, start: 0.000000, bitrate: 5562 kb/s
[stderr]   Stream #0:0[0x1](und): Video: h264 (High) (avc1 / 0x31637661), yuv420p(tv, smpte170m/bt709/bt709, progressive), 640x480, 5453 kb/s, 29.83 fps, 29.83 tbr, 11456 tbn (default)
[stderr]       Metadata:
[stderr]         handler_name    : Core Media Video
[stderr]         vendor_id       : [0][0][0][0]
[stderr]         encoder         : Lavc61.19.100 libx264
[stderr]   Stream #0:1[0x2](und): Audio: aac (LC) (mp4a / 0x6134706D), 48000 Hz, mono, fltp, 100 kb/s (default)
[stderr]       Metadata:
[stderr]         handler_name    : Core Media Audio
[stderr]         vendor_id       : [0][0][0][0]
[stderr] Stream mapping:
[stderr]   Stream #0:0 -> #0:0 (h264 (native) -> h264 (libx264))
[stderr]   Stream #0:1 -> #0:1 (aac (native) -> aac (native))
[stderr] Press [q] to stop, [?] for help
[stderr] [libx264 @ 0x124e05190] using cpu capabilities: ARMv8 NEON
[stderr] [libx264 @ 0x124e05190] profile High, level 3.0, 4:2:0, 8-bit
[stderr] [libx264 @ 0x124e05190] 264 - core 164 r3108 31e19f9 - H.264/MPEG-4 AVC codec - Copyleft 2003-2023 - http://www.videolan.org/x264.html - options: cabac=1 ref=1 deblock=1:0:0 analyse=0x3:0x113 me=hex subme=2 psy=1 psy_rd=1.00:0.00 mixed_ref=0 me_range=16 chroma_me=1 trellis=0 8x8dct=1 cqm=0 deadzone=21,11 fast_pskip=1 chroma_qp_offset=0 threads=15 lookahead_threads=3 sliced_threads=0 nr=0 decimate=1 interlaced=0 bluray_compat=0 constrained_intra=0 bframes=3 b_pyramid=2 b_adapt=1 b_bias=0 direct=1 weightb=1 open_gop=0 weightp=1 keyint=250 keyint_min=25 scenecut=40 intra_refresh=0 rc_lookahead=10 rc=crf mbtree=1 crf=18.0 qcomp=0.60 qpmin=0 qpmax=69 qpstep=4 ip_ratio=1.40 aq=1:1.00
[stderr] Output #0, mp4, to '/Users/johndoe/Documents/company/video_ops/scripts/abstract_algebra_in_proof_assistant/04-set-equality/takes/take-mrhmharr/pipeline/cut/cut-mriq7mo6/chunks/chunk-005.mp4':
[stderr]   Metadata:
[stderr]     major_brand     : isom
[stderr]     minor_version   : 512
[stderr]     compatible_brands: isomiso2avc1mp41
[stderr]     encoder         : Lavf61.7.100
[stderr]   Stream #0:0(und): Video: h264 (avc1 / 0x31637661), yuv420p(tv, smpte170m/bt709/bt709, progressive), 640x480, q=2-31, 29.83 fps, 11456 tbn (default)
[stderr]       Metadata:
[stderr]         handler_name    : Core Media Video
[stderr]         vendor_id       : [0][0][0][0]
[stderr]         encoder         : Lavc61.19.100 libx264
[stderr]       Side data:
[stderr]         cpb: bitrate max/min/avg: 0/0/0 buffer size: 0 vbv_delay: N/A
[stderr]   Stream #0:1(und): Audio: aac (LC) (mp4a / 0x6134706D), 48000 Hz, mono, fltp, 69 kb/s (default)
[stderr]       Metadata:
[stderr]         handler_name    : Core Media Audio
[stderr]         vendor_id       : [0][0][0][0]
[stderr]         encoder         : Lavc61.19.100 aac
[stderr] frame=   24 fps= 24 q=24.0 size=     512KiB time=00:00:00.73 bitrate=5688.3kbits/s speed=0.733x    
[stderr] [out#0/mp4 @ 0x124e04140] video:3040KiB audio:31KiB subtitle:0KiB other streams:0KiB global headers:0KiB muxing overhead: 0.170703%
[stderr] frame=  108 fps= 99 q=-1.0 Lsize=    3076KiB time=00:00:03.55 bitrate=7092.5kbits/s speed=3.26x    
[stderr] [libx264 @ 0x124e05190] frame I:1     Avg QP:22.91  size: 59468
[stderr] [libx264 @ 0x124e05190] frame P:35    Avg QP:23.80  size: 45394
[stderr] [libx264 @ 0x124e05190] frame B:72    Avg QP:26.31  size: 20336
[stderr] [libx264 @ 0x124e05190] consecutive B-frames:  5.6% 13.0% 11.1% 70.4%
[stderr] [libx264 @ 0x124e05190] mb I  I16..4:  1.1% 10.2% 88.7%
[stderr] [libx264 @ 0x124e05190] mb P  I16..4:  0.4%  4.8% 14.9%  P16..4: 19.1% 22.5% 37.9%  0.0%  0.0%    skip: 0.4%
[stderr] [libx264 @ 0x124e05190] mb B  I16..4:  0.2%  0.5%  0.9%  B16..8: 26.9% 21.9% 15.4%  direct:24.2%  skip:10.0%  L0:25.9% L1:31.2% BI:42.9%
[stderr] [libx264 @ 0x124e05190] 8x8 transform intra:23.2% inter:25.3%
[stderr] [libx264 @ 0x124e05190] coded y,uvDC,uvAC intra: 93.4% 70.9% 25.7% inter: 65.4% 20.7% 0.5%
[stderr] [libx264 @ 0x124e05190] i16 v,h,dc,p: 24% 22% 34% 21%
[stderr] [libx264 @ 0x124e05190] i8 v,h,dc,ddl,ddr,vr,hd,vl,hu: 19% 22% 12%  3% 10%  9% 10%  8%  7%
[stderr] [libx264 @ 0x124e05190] i4 v,h,dc,ddl,ddr,vr,hd,vl,hu: 14% 16% 14%  4% 16%  9% 11%  7% 10%
[stderr] [libx264 @ 0x124e05190] i8c dc,h,v,p: 51% 21% 19%  9%
[stderr] [libx264 @ 0x124e05190] Weighted P-Frames: Y:20.0% UV:0.0%
[stderr] [libx264 @ 0x124e05190] kb/s:6878.08
[stderr] [aac @ 0x124e7a040] Qavg: 122.512
[stderr] ffmpeg version 7.1 Copyright (c) 2000-2024 the FFmpeg developers
[stderr]   built with Apple clang version 15.0.0 (clang-1500.1.0.2.5)
[stderr]   configuration: --prefix=/opt/homebrew/Cellar/ffmpeg/7.1_3 --enable-shared --enable-pthreads --enable-version3 --cc=clang --host-cflags= --host-ldflags='-Wl,-ld_classic' --enable-ffplay --enable-gnutls --enable-gpl --enable-libaom --enable-libaribb24 --enable-libbluray --enable-libdav1d --enable-libharfbuzz --enable-libjxl --enable-libmp3lame --enable-libopus --enable-librav1e --enable-librist --enable-librubberband --enable-libsnappy --enable-libsrt --enable-libssh --enable-libsvtav1 --enable-libtesseract --enable-libtheora --enable-libvidstab --enable-libvmaf --enable-libvorbis --enable-libvpx --enable-libwebp --enable-libx264 --enable-libx265 --enable-libxml2 --enable-libxvid --enable-lzma --enable-libfontconfig --enable-libfreetype --enable-frei0r --enable-libass --enable-libopencore-amrnb --enable-libopencore-amrwb --enable-libopenjpeg --enable-libspeex --enable-libsoxr --enable-libzmq --enable-libzimg --disable-libjack --disable-indev=jack --enable-videotoolbox --enable-audiotoolbox --enable-neon
[stderr]   libavutil      59. 39.100 / 59. 39.100
[stderr]   libavcodec     61. 19.100 / 61. 19.100
[stderr]   libavformat    61.  7.100 / 61.  7.100
[stderr]   libavdevice    61.  3.100 / 61.  3.100
[stderr]   libavfilter    10.  4.100 / 10.  4.100
[stderr]   libswscale      8.  3.100 /  8.  3.100
[stderr]   libswresample   5.  3.100 /  5.  3.100
[stderr]   libpostproc    58.  3.100 / 58.  3.100
[stderr] Input #0, mov,mp4,m4a,3gp,3g2,mj2, from '/Users/johndoe/Documents/company/video_ops/scripts/abstract_algebra_in_proof_assistant/04-set-equality/takes/take-mrhmharr/pipeline/stabilize/stabilize-mriqdtnm/stabilized.mp4':
[stderr]   Metadata:
[stderr]     major_brand     : isom
[stderr]     minor_version   : 512
[stderr]     compatible_brands: isomiso2avc1mp41
[stderr]     encoder         : Lavf61.7.100
[stderr]   Duration: 00:06:08.98, start: 0.000000, bitrate: 5562 kb/s
[stderr]   Stream #0:0[0x1](und): Video: h264 (High) (avc1 / 0x31637661), yuv420p(tv, smpte170m/bt709/bt709, progressive), 640x480, 5453 kb/s, 29.83 fps, 29.83 tbr, 11456 tbn (default)
[stderr]       Metadata:
[stderr]         handler_name    : Core Media Video
[stderr]         vendor_id       : [0][0][0][0]
[stderr]         encoder         : Lavc61.19.100 libx264
[stderr]   Stream #0:1[0x2](und): Audio: aac (LC) (mp4a / 0x6134706D), 48000 Hz, mono, fltp, 100 kb/s (default)
[stderr]       Metadata:
[stderr]         handler_name    : Core Media Audio
[stderr]         vendor_id       : [0][0][0][0]
[stderr] Stream mapping:
[stderr]   Stream #0:0 -> #0:0 (h264 (native) -> h264 (libx264))
[stderr]   Stream #0:1 -> #0:1[stderr]  (aac (native) -> aac (native))
[stderr] Press [q] to stop, [?] for help
[stderr] [libx264 @ 0x13e634cf0] using cpu capabilities: ARMv8 NEON
[stderr] [libx264 @ 0x13e634cf0] profile High, level 3.0, 4:2:0, 8-bit
[stderr] [libx264 @ 0x13e634cf0] 264 - core 164 r3108 31e19f9 - H.264/MPEG-4 AVC codec - Copyleft 2003-2023 - http://www.videolan.org/x264.html - options: cabac=1 ref=1 deblock=1:0:0 analyse=0x3:0x113 me=hex subme=2 psy=1 psy_rd=1.00:0.00 mixed_ref=0 me_range=16 chroma_me=1 trellis=0 8x8dct=1 cqm=0 deadzone=21,11 fast_pskip=1 chroma_qp_offset=0 threads=15 lookahead_threads=3 sliced_threads=0 nr=0 decimate=1 interlaced=0 bluray_compat=0 constrained_intra=0 bframes=3 b_pyramid=2 b_adapt=1 b_bias=0 direct=1 weightb=1 open_gop=0 weightp=1 keyint=250 keyint_min=25 scenecut=40 intra_refresh=0 rc_lookahead=10 rc=crf mbtree=1 crf=18.0 qcomp=0.60 qpmin=0 qpmax=69 qpstep=4 ip_ratio=1.40 aq=1:1.00
[stderr] Output #0, mp4, to '/Users/johndoe/Documents/company/video_ops/scripts/abstract_algebra_in_proof_assistant/04-set-equality/takes/take-mrhmharr/pipeline/cut/cut-mriq7mo6/chunks/chunk-006.mp4':
[stderr]   Metadata:
[stderr]     major_brand     : isom
[stderr]     minor_version   : 512
[stderr]     compatible_brands: isomiso2avc1mp41
[stderr]     encoder         : Lavf61.7.100
[stderr]   Stream #0:0(und): Video: h264 (avc1 / 0x31637661), yuv420p(tv, smpte170m/bt709/bt709, progressive), 640x480, q=2-31, 29.83 fps, 11456 tbn (default)
[stderr]       Metadata:
[stderr]         handler_name    : Core Media Video
[stderr]         vendor_id       : [0][0][0][0]
[stderr]         encoder         : Lavc61.19.100 libx264
[stderr]       Side data:
[stderr]         cpb: bitrate max/min/avg: 0/0/0 buffer size: 0 vbv_delay: N/A
[stderr]   Stream #0:1(und): Audio: aac (LC) (mp4a / 0x6134706D), 48000 Hz, mono, fltp, 69 kb/s (default)
[stderr]       Metadata:
[stderr]         handler_name    : Core Media Audio
[stderr]         vendor_id       : [0][0][0][0]
[stderr]         encoder         : Lavc61.19.100 aac
[stderr] frame=    0 fps=0.0 q=0.0 size=       0KiB time=N/A bitrate=N/A speed=N/A    
[stderr] frame=  371 fps=245 q=24.0 size=   10496KiB time=00:00:12.36 bitrate=6951.7kbits/s speed=8.17x    
[stderr] [out#0/mp4 @ 0x13e633610] video:15578KiB audio:199KiB subtitle:0KiB other streams:0KiB global headers:0KiB muxing overhead: 0.165815%
[stderr] frame=  698 fps=384 q=-1.0 Lsize=   15803KiB time=00:00:23.32 bitrate=5549.1kbits/s speed=12.8x    
[stderr] [libx264 @ 0x13e634cf0] frame I:4     Avg QP:20.58  size: 49146
[stderr] [libx264 @ 0x13e634cf0] frame P:221   Avg QP:21.33  size: 35235
[stderr] [libx264 @ 0x13e634cf0] frame B:473   Avg QP:24.79  size: 16844
[stderr] [libx264 @ 0x13e634cf0] consecutive B-frames:  5.6% 10.0%  6.4% 77.9%
[stderr] [libx264 @ 0x13e634cf0] mb I  I16..4:  6.4% 14.3% 79.4%
[stderr] [libx264 @ 0x13e634cf0] mb P  I16..4:  9.8%  7.3% 16.8%  P16..4: 16.1% 17.8% 27.0%  0.0%  0.0%    skip: 5.1%
[stderr] [libx264 @ 0x13e634cf0] mb B  I16..4:  1.7%  1.0%  1.3%  B16..8: 24.0% 19.0% 12.7%  direct:19.3%  skip:21.1%  L0:28.1% L1:31.8% BI:40.2%
[stderr] [libx264 @ 0x13e634cf0] 8x8 transform intra:22.1% inter:26.8%
[stderr] [libx264 @ 0x13e634cf0] coded y,uvDC,uvAC intra: 64.9% 57.9% 27.4% inter: 54.1% 23.7% 1.2%
[stderr] [libx264 @ 0x13e634cf0] i16 v,h,dc,p: 81%  7%  8%  4%
[stderr] [libx264 @ 0x13e634cf0] i8 v,h,dc,ddl,ddr,vr,hd,vl,hu: 26% 16% 19%  3%  8%  8%  6%  7%  6%
[stderr] [libx264 @ 0x13e634cf0] i4 v,h,dc,ddl,ddr,vr,hd,vl,hu: 16% 18% 13%  4% 14%  9% 10%  7% 10%
[stderr] [libx264 @ 0x13e634cf0] i8c dc,h,v,p: 60% 16% 17%  7%
[stderr] [libx264 @ 0x13e634cf0] Weighted P-Frames: Y:19.0% UV:6.3%
[stderr] [libx264 @ 0x13e634cf0] kb/s:5454.07
[stderr] [aac @ 0x13f84ba70] Qavg: 192.443
[stderr] ffmpeg version 7.1 Copyright (c) 2000-2024 the FFmpeg developers
[stderr]   built with Apple clang version 15.0.0 (clang-1500.1.0.2.5)
[stderr]   configuration: --prefix=/opt/homebrew/Cellar/ffmpeg/7.1_3 --enable-shared --enable-pthreads --enable-version3 --cc=clang --host-cflags= --host-ldflags='-Wl,-ld_classic' --enable-ffplay --enable-gnutls --enable-gpl --enable-libaom --enable-libaribb24 --enable-libbluray --enable-libdav1d --enable-libharfbuzz --enable-libjxl --enable-libmp3lame --enable-libopus --enable-librav1e --enable-librist --enable-librubberband --enable-libsnappy --enable-libsrt --enable-libssh --enable-libsvtav1 --enable-libtesseract --enable-libtheora --enable-libvidstab --enable-libvmaf --enable-libvorbis --enable-libvpx --enable-libwebp --enable-libx264 --enable-libx265 --enable-libxml2 --enable-libxvid --enable-lzma --enable-libfontconfig --enable-libfreetype --enable-frei0r --enable-libass --enable-libopencore-amrnb --enable-libopencore-amrwb --enable-libopenjpeg --enable-libspeex --enable-libsoxr --enable-libzmq --enable-libzimg --disable-libjack --disable-indev=jack --enable-videotoolbox --enable-audiotoolbox --enable-neon
[stderr]   libavutil      59. 39.100 / 59. 39.100
[stderr]   libavcodec     61. 19.100 / 61. 19.100
[stderr]   libavformat    61.  7.100 / 61.  7.100
[stderr]   libavdevice    61.  3.100 / 61.  3.100
[stderr]   libavfilter    10.  4.100 / 10.  4.100
[stderr]   libswscale      8.  3.100 /  8.  3.100
[stderr]   libswresample   5.  3.100 /  5.  3.100
[stderr]   libpostproc    58.  3.100 / 58.  3.100
[stderr] Input #0, mov,mp4,m4a,3gp,3g2,mj2, from '/Users/johndoe/Documents/company/video_ops/scripts/abstract_algebra_in_proof_assistant/04-set-equality/takes/take-mrhmharr/pipeline/stabilize/stabilize-mriqdtnm/stabilized.mp4':
[stderr]   Metadata:
[stderr]     major_brand     : isom
[stderr]     minor_version   : 512
[stderr]     compatible_brands: isomiso2avc1mp41
[stderr]     encoder         : Lavf61.7.100
[stderr]   Duration: 00:06:08.98, start: 0.000000, bitrate: 5562 kb/s
[stderr]   Stream #0:0[0x1](und): Video: h264 (High) (avc1 / 0x31637661), yuv420p(tv, smpte170m/bt709/bt709, progressive), 640x480, 5453 kb/s, 29.83 fps, 29.83 tbr, 11456 tbn (default)
[stderr]       Metadata:
[stderr]         handler_name    : Core Media Video
[stderr]         vendor_id       : [0][0][0][0]
[stderr]         encoder         : Lavc61.19.100 libx264
[stderr]   Stream #0:1[0x2](und): Audio: aac (LC) (mp4a / 0x6134706D), 48000 Hz, mono, fltp, 100 kb/s (default)
[stderr]       Metadata:
[stderr]         handler_name    : Core Media Audio
[stderr]         vendor_id       : [0][0][0][0]
[stderr] Stream mapping:
[stderr]   Stream #0:0 -> #0:0 (h264 (native) -> h264 (libx264))
[stderr]   Stream #0:1 -> #0:1 (aac (native) -> aac (native))
[stderr] Press [q] to stop, [?] for help
[stderr] [libx264 @ 0x10ee12110] using cpu capabilities: ARMv8 NEON
[stderr] [libx264 @ 0x10ee12110] profile High, level 3.0, 4:2:0, 8-bit
[stderr] [libx264 @ 0x10ee12110] 264 - core 164 r3108 31e19f9 - H.264/MPEG-4 AVC codec - Copyleft 2003-2023 - http://www.videolan.org/x264.html - options: cabac=1 ref=1 deblock=1:0:0 analyse=0x3:0x113 me=hex subme=2 psy=1 psy_rd=1.00:0.00 mixed_ref=0 me_range=16 chroma_me=1 trellis=0 8x8dct=1 cqm=0 deadzone=21,11 fast_pskip=1 chroma_qp_offset=0 threads=15 lookahead_threads=3 sliced_threads=0 nr=0 decimate=1 interlaced=0 bluray_compat=0 constrained_intra=0 bframes=3 b_pyramid=2 b_adapt=1 b_bias=0 direct=1 weightb=1 open_gop=0 weightp=1 keyint=250 keyint_min=25 scenecut=40 intra_refresh=0 rc_lookahead=10 rc=crf mbtree=1 crf=18.0 qcomp=0.60 qpmin=0 qpmax=69 qpstep=4 ip_ratio=1.40 aq=1:1.00
[stderr] Output #0, mp4, to '/Users/johndoe/Documents/company/video_ops/scripts/abstract_algebra_in_proof_assistant/04-set-equality/takes/take-mrhmharr/pipeline/cut/cut-mriq7mo6/chunks/chunk-007.mp4':
[stderr]   Metadata:
[stderr]     major_brand     : isom
[stderr]     minor_version   : 512
[stderr]     compatible_brands: isomiso2avc1mp41
[stderr]     encoder         : Lavf61.7.100
[stderr]   Stream #0:0(und): Video: h264 (avc1 / 0x31637661), yuv420p(tv, smpte170m/bt709/bt709, progressive), 640x480, q=2-31, 29.83 fps, 11456 tbn (default)
[stderr]       Metadata:
[stderr]         handler_name    : Core Media Video
[stderr]         vendor_id       : [0][0][0][0]
[stderr]         encoder         : Lavc61.19.100 libx264
[stderr]       Side data:
[stderr]         cpb: bitrate max/min/avg: 0/0/0 buffer size: 0 vbv_delay: N/A
[stderr]   Stream #0:1(und): Audio: aac (LC) (mp4a / 0x6134706D), 48000 Hz, mono, fltp, 69 kb/s (default)
[stderr]       Metadata:
[stderr]         handler_name    : Core Media Audio
[stderr]         vendor_id       : [0][0][0][0]
[stderr]         encoder         : Lavc61.19.100 aac
[stderr] frame=  230 fps=152 q=24.0 size=    4352KiB time=00:00:07.67 bitrate=4644.6kbits/s speed=5.08x    
[stderr] [out#0/mp4 @ 0x10ee13340] video:14511KiB audio:183KiB subtitle:0KiB other streams:0KiB global headers:0KiB muxing overhead: 0.163916%
[stderr] frame=  636 fps=318 q=-1.0 Lsize=   14718KiB time=00:00:21.28 bitrate=5664.6kbits/s speed=10.7x    
[stderr] [libx264 @ 0x10ee12110] frame I:5     Avg QP:18.93  size: 49249
[stderr] [libx264 @ 0x10ee12110] frame P:174   Avg QP:21.86  size: 35978
[stderr] [libx264 @ 0x10ee12110] frame B:457   Avg QP:24.57  size: 18276
[stderr] [libx264 @ 0x10ee12110] consecutive B-frames:  2.8%  3.5%  1.9% 91.8%
[stderr] [libx264 @ 0x10ee12110] mb I  I16..4: 13.7% 11.2% 75.2%
[stderr] [libx264 @ 0x10ee12110] mb P  I16..4:  7.6%  8.9% 23.1%  P16..4: 13.5% 17.5% 26.8%  0.0%  0.0%    skip: 2.6%
[stderr] [libx264 @ 0x10ee12110] mb B  I16..4:  1.7%  1.0%  0.9%  B16..8: 25.8% 21.0% 15.3%  direct:18.1%  skip:16.2%  L0:30.8% L1:32.4% BI:36.8%
[stderr] [libx264 @ 0x10ee12110] 8x8 transform intra:22.6% inter:23.2%
[stderr] [libx264 @ 0x10ee12110] coded y,uvDC,uvAC intra: 71.6% 63.7% 31.8% inter: 54.7% 27.0% 1.4%
[stderr] [libx264 @ 0x10ee12110] i16 v,h,dc,p: 78% 12%  7%  4%
[stderr] [libx264 @ 0x10ee12110] i8 v,h,dc,ddl,ddr,vr,hd,vl,hu: 22% 16% 17%  2% 12% 10%  9%  6%  6%
[stderr] [libx264 @ 0x10ee12110] i4 v,h,dc,ddl,ddr,vr,hd,vl,hu: 16% 17% 14%  4% 14%  9% 10%  7% 10%
[stderr] [libx264 @ 0x10ee12110] i8c dc,h,v,p: 57% 17% 19%  8%
[stderr] [libx264 @ 0x10ee12110] Weighted P-Frames: Y:12.1% UV:2.3%
[stderr] [libx264 @ 0x10ee12110] kb/s:5575.92
[stderr] [aac @ 0x10ee7bd60] Qavg: 251.897
[stderr] ffmpeg version 7.1 Copyright (c) 2000-2024 the FFmpeg developers
[stderr]   built with Apple clang version 15.0.0 (clang-1500.1.0.2.5)
[stderr]   configuration: --prefix=/opt/homebrew/Cellar/ffmpeg/7.1_3 --enable-shared --enable-pthreads --enable-version3 --cc=clang --host-cflags= --host-ldflags='-Wl,-ld_classic' --enable-ffplay --enable-gnutls --enable-gpl --enable-libaom --enable-libaribb24 --enable-libbluray --enable-libdav1d --enable-libharfbuzz --enable-libjxl --enable-libmp3lame --enable-libopus --enable-librav1e --enable-librist --enable-librubberband --enable-libsnappy --enable-libsrt --enable-libssh --enable-libsvtav1 --enable-libtesseract --enable-libtheora --enable-libvidstab --enable-libvmaf --enable-libvorbis --enable-libvpx --enable-libwebp --enable-libx264 --enable-libx265 --enable-libxml2 --enable-libxvid --enable-lzma --enable-libfontconfig --enable-libfreetype --enable-frei0r --enable-libass --enable-libopencore-amrnb --enable-libopencore-amrwb --enable-libopenjpeg --enable-libspeex --enable-libsoxr --enable-libzmq --enable-libzimg --disable-libjack --disable-indev=jack --enable-videotoolbox --enable-audiotoolbox --enable-neon
[stderr]   libavutil      59. 39.100 / 59. 39.100
[stderr]   libavcodec     61. 19.100 / 61. 19.100
[stderr]   libavformat    61.  7.100 / 61.  7.100
[stderr]   libavdevice    61.  3.100 / 61.  3.100
[stderr]   libavfilter    10.  4.100 / 10.  4.100
[stderr]   libswscale      8.  3.100 /  8.  3.100
[stderr]   libswresample   5.  3.100 /  5.  3.100
[stderr]   libpostproc    58.  3.100 / 58.  3.100
[stderr] Input #0, mov,mp4,m4a,3gp,3g2,mj2, from '/Users/johndoe/Documents/company/video_ops/scripts/abstract_algebra_in_proof_assistant/04-set-equality/takes/take-mrhmharr/pipeline/stabilize/stabilize-mriqdtnm/stabilized.mp4':
[stderr]   Metadata:
[stderr]     major_brand     : isom
[stderr]     minor_version   : 512
[stderr]     compatible_brands: isomiso2avc1mp41
[stderr]     encoder         : Lavf61.7.100
[stderr]   Duration: 00:06:08.98, start: 0.000000, bitrate: 5562 kb/s
[stderr]   Stream #0:0[0x1](und): Video: h264 (High) (avc1 / 0x31637661), yuv420p(tv, smpte170m/bt709/bt709, progressive), 640x480, 5453 kb/s, 29.83 fps, 29.83 tbr, 11456 tbn (default)
[stderr]       Metadata:
[stderr]         handler_name    : Core Media Video
[stderr]         vendor_id       : [0][0][0][0]
[stderr]         encoder         : Lavc61.19.100 libx264
[stderr]   Stream #0:1[0x2](und): Audio: aac (LC) (mp4a / 0x6134706D), 48000 Hz, mono, fltp, 100 kb/s (default)
[stderr]       Metadata:
[stderr]         handler_name    : Core Media Audio
[stderr]         vendor_id       : [0][0][0][0]
[stderr] Stream mapping:
[stderr]   Stream #0:0 -> #0:0 (h264 (native) -> h264 (libx264))
[stderr]   Stream #0:1 -> #0:1 (aac (native) -> aac (native))
[stderr] Press [q] to stop, [?] for help
[stderr] [libx264 @ 0x12de06160] using cpu capabilities: ARMv8 NEON
[stderr] [libx264 @ 0x12de06160] profile High, level 3.0, 4:2:0, 8-bit
[stderr] [libx264 @ 0x12de06160] 264 - core 164 r3108 31e19f9 - H.264/MPEG-4 AVC codec - Copyleft 2003-2023 - http://www.videolan.org/x264.html - options: cabac=1 ref=1 deblock=1:0:0 analyse=0x3:0x113 me=hex subme=2 psy=1 psy_rd=1.00:0.00 mixed_ref=0 me_range=16 chroma_me=1 trellis=0 8x8dct=1 cqm=0 deadzone=21,11 fast_pskip=1 chroma_qp_offset=0 threads=15 lookahead_threads=3 sliced_threads=0 nr=0 decimate=1 interlaced=0 bluray_compat=0 constrained_intra=0 bframes=3 b_pyramid=2 b_adapt=1 b_bias=0 direct=1 weightb=1 open_gop=0 weightp=1 keyint=250 keyint_min=25 scenecut=40 intra_refresh=0 rc_lookahead=10 rc=crf mbtree=1 crf=18.0 qcomp=0.60 qpmin=0 qpmax=69 qpstep=4 ip_ratio=1.40 aq=1:1.00
[stderr] Output #0, mp4, to '/Users/johndoe/Documents/company/video_ops/scripts/abstract_algebra_in_proof_assistant/04-set-equality/takes/take-mrhmharr/pipeline/cut/cut-mriq7mo6/chunks/chunk-008.mp4':
[stderr]   Metadata:
[stderr]     major_brand     : isom
[stderr]     minor_version   : 512
[stderr]     compatible_brands: isomiso2avc1mp41
[stderr]     encoder         : Lavf61.7.100
[stderr]   Stream #0:0(und): Video: h264 (avc1 / 0x31637661), yuv420p(tv, smpte170m/bt709/bt709, progressive), 640x480, q=2-31, 29.83 fps, 11456 tbn (default)
[stderr]       Metadata:
[stderr]         handler_name    : Core Media Video
[stderr]         vendor_id       : [0][0][0][0]
[stderr]         encoder         : Lavc61.19.100 libx264
[stderr]       Side data:
[stderr]         cpb: bitrate max/min/avg: 0/0/0 buffer size: 0 vbv_delay: N/A
[stderr]   Stream #0:1(und): Audio: aac (LC) (mp4a / 0x6134706D), 48000 Hz, mono, fltp, 69 kb/s (default)
[stderr]       Metadata:
[stderr]         handler_name    : Core Media Audio
[stderr]         vendor_id       : [0][0][0][0]
[stderr]         encoder         : Lavc61.19.100 aac
[stderr] frame=   51 fps= 34 q=24.0 size=    1280KiB time=00:00:01.67 bitrate=6256.7kbits/s speed=1.11x    
[stderr] frame=  443 fps=220 q=24.0 size=   11520KiB time=00:00:14.81 bitrate=6369.8kbits/s speed=7.36x    
[stderr] [out#0/mp4 @ 0x12de051d0] video:12633KiB audio:140KiB subtitle:0KiB other streams:0KiB global headers:0KiB muxing overhead: 0.146923%
[stderr] frame=  488 fps=237 q=-1.0 Lsize=   12791KiB time=00:00:16.32 bitrate=6419.1kbits/s speed=7.93x    
[stderr] [libx264 @ 0x12de06160] frame I:5     Avg QP:21.22  size: 43313
[stderr] [libx264 @ 0x12de06160] frame P:138   Avg QP:23.33  size: 39301
[stderr] [libx264 @ 0x12de06160] frame B:345   Avg QP:25.38  size: 21145
[stderr] [libx264 @ 0x12de06160] consecutive B-frames:  4.3%  2.5%  5.5% 87.7%
[stderr] [libx264 @ 0x12de06160] mb I  I16..4:  3.1% 19.0% 77.9%
[stderr] [libx264 @ 0x12de06160] mb P  I16..4:  2.6% 12.7% 33.4%  P16..4: 12.0% 15.4% 23.6%  0.0%  0.0%    skip: 0.4%
[stderr] [libx264 @ 0x12de06160] mb B  I16..4:  0.7%  2.6%  5.0%  B16..8: 24.6% 23.2% 16.5%  direct:18.6%  skip: 8.7%  L0:31.9% L1:31.8% BI:36.3%
[stderr] [libx264 @ 0x12de06160] 8x8 transform intra:27.0% inter:27.3%
[stderr] [libx264 @ 0x12de06160] coded y,uvDC,uvAC intra: 89.1% 80.1% 43.7% inter: 63.0% 33.2% 2.5%
[stderr] [libx264 @ 0x12de06160] i16 v,h,dc,p: 52% 13% 20% 15%
[stderr] [libx264 @ 0x12de06160] i8 v,h,dc,ddl,ddr,vr,hd,vl,hu: 23% 17% 13%  3% 10% 10%  8%  8%  8%
[stderr] [libx264 @ 0x12de06160] i4 v,h,dc,ddl,ddr,vr,hd,vl,hu: 16% 18% 12%  4% 15%  9% 10%  7% 10%
[stderr] [libx264 @ 0x12de06160] i8c dc,h,v,p: 46% 21% 21% 11%
[stderr] [libx264 @ 0x12de06160] Weighted P-Frames: Y:26.1% UV:7.2%
[stderr] [libx264 @ 0x12de06160] kb/s:6326.27
[stderr] [aac @ 0x12de7b040] Qavg: 204.556
[stderr] ffmpeg version 7.1 Copyright (c) 2000-2024 the FFmpeg developers
[stderr]   built with Apple clang version 15.0.0 (clang-1500.1.0.2.5)
[stderr]   configuration: --prefix=/opt/homebrew/Cellar/ffmpeg/7.1_3 --enable-shared --enable-pthreads --enable-version3 --cc=clang --host-cflags= --host-ldflags='-Wl,-ld_classic' --enable-ffplay --enable-gnutls --enable-gpl --enable-libaom --enable-libaribb24 --enable-libbluray --enable-libdav1d --enable-libharfbuzz --enable-libjxl --enable-libmp3lame --enable-libopus --enable-librav1e --enable-librist --enable-librubberband --enable-libsnappy --enable-libsrt --enable-libssh --enable-libsvtav1 --enable-libtesseract --enable-libtheora --enable-libvidstab --enable-libvmaf --enable-libvorbis --enable-libvpx --enable-libwebp --enable-libx264 --enable-libx265 --enable-libxml2 --enable-libxvid --enable-lzma --enable-libfontconfig --enable-libfreetype --enable-frei0r --enable-libass --enable-libopencore-amrnb --enable-libopencore-amrwb --enable-libopenjpeg --enable-libspeex --enable-libsoxr --enable-libzmq --enable-libzimg --disable-libjack --disable-indev=jack --enable-videotoolbox --enable-audiotoolbox --enable-neon
[stderr]   libavutil      59. 39.100 / 59. 39.100
[stderr]   libavcodec     61. 19.100 / 61. 19.100
[stderr]   libavformat    61.  7.100 / 61.  7.100
[stderr]   libavdevice    61.  3.100 / 61.  3.100
[stderr]   libavfilter    10.  4.100 / 10.  4.100
[stderr]   libswscale      8.  3.100 /  8.  3.100
[stderr]   libswresample   5.  3.100 /  5.  3.100
[stderr]   libpostproc    58.  3.100 / 58.  3.100
[stderr] Input #0, mov,mp4,m4a,3gp,3g2,mj2, from '/Users/johndoe/Documents/company/video_ops/scripts/abstract_algebra_in_proof_assistant/04-set-equality/takes/take-mrhmharr/pipeline/stabilize/stabilize-mriqdtnm/stabilized.mp4':
[stderr]   Metadata:
[stderr]     major_brand     : isom
[stderr]     minor_version   : 512
[stderr]     compatible_brands: isomiso2avc1mp41
[stderr]     encoder         : Lavf61.7.100
[stderr]   Duration: 00:06:08.98, start: 0.000000, bitrate: 5562 kb/s
[stderr]   Stream #0:0[0x1](und): Video: h264 (High) (avc1 / 0x31637661), yuv420p(tv, smpte170m/bt709/bt709, progressive), 640x480, 5453 kb/s, 29.83 fps, 29.83 tbr, 11456 tbn (default)
[stderr]       Metadata:
[stderr]         handler_name    : Core Media Video
[stderr]         vendor_id       : [0][0][0][0]
[stderr]         encoder         : Lavc61.19.100 libx264
[stderr]   Stream #0:1[0x2](und): Audio: aac (LC) (mp4a / 0x6134706D), 48000 Hz, mono, fltp, 100 kb/s (default)
[stderr]       Metadata:
[stderr]         handler_name    : Core Media Audio
[stderr]         vendor_id       : [0][0][0][0]
[stderr] Stream mapping:
[stderr]   Stream #0:0 -> #0:0 (h264 (native) -> h264 (libx264))
[stderr]   Stream #0:1 -> #0:1 (aac (native) -> aac (native))
[stderr] Press [q] to stop, [?] for help
[stderr] [libx264 @ 0x13e806160] using cpu capabilities: ARMv8 NEON
[stderr] [libx264 @ 0x13e806160] profile High, level 3.0, 4:2:0, 8-bit
[stderr] [libx264 @ 0x13e806160] 264 - core 164 r3108 31e19f9 - H.264/MPEG-4 AVC codec - Copyleft 2003-2023 - http://www.videolan.org/x264.html - options: cabac=1 ref=1 deblock=1:0:0 analyse=0x3:0x113 me=hex subme=2 psy=1 psy_rd=1.00:0.00 mixed_ref=0 me_range=16 chroma_me=1 trellis=0 8x8dct=1 cqm=0 deadzone=21,11 fast_pskip=1 chroma_qp_offset=0 threads=15 lookahead_threads=3 sliced_threads=0 nr=0 decimate=1 interlaced=0 bluray_compat=0 constrained_intra=0 bframes=3 b_pyramid=2 b_adapt=1 b_bias=0 direct=1 weightb=1 open_gop=0 weightp=1 keyint=250 keyint_min=25 scenecut=40 intra_refresh=0 rc_lookahead=10 rc=crf mbtree=1 crf=18.0 qcomp=0.60 qpmin=0 qpmax=69 qpstep=4 ip_ratio=1.40 aq=1:1.00
[stderr] Output #0, mp4, to '/Users/johndoe/Documents/company/video_ops/scripts/abstract_algebra_in_proof_assistant/04-set-equality/takes/take-mrhmharr/pipeline/cut/cut-mriq7mo6/chunks/chunk-009.mp4':
[stderr]   Metadata:
[stderr]     major_brand     : isom
[stderr]     minor_version   : 512
[stderr]     compatible_brands: isomiso2avc1mp41
[stderr]     encoder         : Lavf61.7.100
[stderr]   Stream #0:0(und): Video: h264 (avc1 / 0x31637661), yuv420p(tv, smpte170m/bt709/bt709, progressive), 640x480, q=2-31, 29.83 fps, 11456 tbn (default)
[stderr]       Metadata:
[stderr]         handler_name    : Core Media Video
[stderr]         vendor_id       : [0][0][0][0]
[stderr]         encoder         : Lavc61.19.100 libx264
[stderr]       Side data:
[stderr]         cpb: bitrate max/min/avg: 0/0/0 buffer size: 0 vbv_delay: N/A
[stderr]   Stream #0:1(und): Audio: aac (LC) (mp4a / 0x6134706D), 48000 Hz, mono, fltp, 69 kb/s (default)
[stderr]       Metadata:
[stderr]         handler_name    : Core Media Audio
[stderr]         vendor_id       : [0][0][0][0]
[stderr]         encoder         : Lavc61.19.100 aac
[stderr] [out#0/mp4 @ 0x13e8051d0] video:960KiB audio:17KiB subtitle:0KiB other streams:0KiB global headers:0KiB muxing overhead: 0.356990%
[stderr] frame=   58 fps= 35 q=-1.0 Lsize=     980KiB time=00:00:01.87 bitrate=4274.8kbits/s speed=1.12x    
[stderr] [libx264 @ 0x13e806160] frame I:1     Avg QP:19.80  size: 46587
[stderr] [libx264 @ 0x13e806160] frame P:15    Avg QP:20.83  size: 31567
[stderr] [libx264 @ 0x13e806160] frame B:42    Avg QP:24.76  size: 10995
[stderr] [libx264 @ 0x13e806160] consecutive B-frames:  3.4%  0.0%  0.0% 96.6%
[stderr] [libx264 @ 0x13e806160] mb I  I16..4: 14.8% 10.1% 75.2%
[stderr] [libx264 @ 0x13e806160] mb P  I16..4: 11.6%  5.7% 11.4%  P16..4: 18.6% 21.2% 28.0%  0.0%  0.0%    skip: 3.5%
[stderr] [libx264 @ 0x13e806160] mb B  I16..4:  2.7%  0.5%  0.1%  B16..8: 28.0% 19.4%  7.7%  direct:19.8%  skip:21.8%  L0:28.5% L1:33.6% BI:37.9%
[stderr] [libx264 @ 0x13e806160] 8x8 transform intra:17.4% inter:24.8%
[stderr] [libx264 @ 0x13e806160] coded y,uvDC,uvAC intra: 53.0% 52.5% 32.6% inter: 45.7% 20.1% 1.3%
[stderr] [libx264 @ 0x13e806160] i16 v,h,dc,p: 80%  8% 10%  2%
[stderr] [libx264 @ 0x13e806160] i8 v,h,dc,ddl,ddr,vr,hd,vl,hu: 26% 14% 21%  2%  9%  7%  7%  6%  7%
[stderr] [libx264 @ 0x13e806160] i4 v,h,dc,ddl,ddr,vr,hd,vl,hu: 16% 18% 14%  4% 13%  7% 10%  8% 10%
[stderr] [libx264 @ 0x13e806160] i8c dc,h,v,p: 63% 13% 16%  8%
[stderr] [libx264 @ 0x13e806160] Weighted P-Frames: Y:13.3% UV:0.0%
[stderr] [libx264 @ 0x13e806160] kb/s:4040.34
[stderr] [aac @ 0x12de5ba10] Qavg: 109.066
[stderr] ffmpeg version 7.1 Copyright (c) 2000-2024 the FFmpeg developers
[stderr]   built with Apple clang version 15.0.0 (clang-1500.1.0.2.5)
[stderr]   configuration: --prefix=/opt/homebrew/Cellar/ffmpeg/7.1_3 --enable-shared --enable-pthreads --enable-version3 --cc=clang --host-cflags= --host-ldflags='-Wl,-ld_classic' --enable-ffplay --enable-gnutls --enable-gpl --enable-libaom --enable-libaribb24 --enable-libbluray --enable-libdav1d --enable-libharfbuzz --enable-libjxl --enable-libmp3lame --enable-libopus --enable-librav1e --enable-librist --enable-librubberband --enable-libsnappy --enable-libsrt --enable-libssh --enable-libsvtav1 --enable-libtesseract --enable-libtheora --enable-libvidstab --enable-libvmaf --enable-libvorbis --enable-libvpx --enable-libwebp --enable-libx264 --enable-libx265 --enable-libxml2 --enable-libxvid --enable-lzma --enable-libfontconfig --enable-libfreetype --enable-frei0r --enable-libass --enable-libopencore-amrnb --enable-libopencore-amrwb --enable-libopenjpeg --enable-libspeex --enable-libsoxr --enable-libzmq --enable-libzimg --disable-libjack --disable-indev=jack --enable-videotoolbox --enable-audiotoolbox --enable-neon
[stderr]   libavutil      59. 39.100 / 59. 39.100
[stderr]   libavcodec     61. 19.100 / 61. 19.100
[stderr]   libavformat    61.  7.100 / 61.  7.100
[stderr]   libavdevice    61.  3.100 / 61.  3.100
[stderr]   libavfilter    10.  4.100 / 10.  4.100
[stderr]   libswscale      8.  3.100 /  8.  3.100
[stderr]   libswresample   5.  3.100 /  5.  3.100
[stderr]   libpostproc    58.  3.100 / 58.  3.100
[stderr] Input #0, mov,mp4,m4a,3gp,3g2,mj2, from '/Users/johndoe/Documents/company/video_ops/scripts/abstract_algebra_in_proof_assistant/04-set-equality/takes/take-mrhmharr/pipeline/stabilize/stabilize-mriqdtnm/stabilized.mp4':
[stderr]   Metadata:
[stderr]     major_brand     : isom
[stderr]     minor_version   : 512
[stderr]     compatible_brands: isomiso2avc1mp41
[stderr]     encoder         : Lavf61.7.100
[stderr]   Duration: [stderr] 00:06:08.98, start: 0.000000, bitrate: 5562 kb/s
[stderr]   Stream #0:0[0x1](und): Video: h264 (High) (avc1 / 0x31637661), yuv420p(tv, smpte170m/bt709/bt709, progressive), 640x480, 5453 kb/s, 29.83 fps, 29.83 tbr, 11456 tbn (default)
[stderr]       Metadata:
[stderr]         handler_name    : Core Media Video
[stderr]         vendor_id       : [0][0][0][0]
[stderr]         encoder         : Lavc61.19.100 libx264
[stderr]   Stream #0:1[0x2](und): Audio: aac (LC) (mp4a / 0x6134706D), 48000 Hz, mono, fltp, 100 kb/s (default)
[stderr]       Metadata:
[stderr]         handler_name    : Core Media Audio
[stderr]         vendor_id       : [0][0][0][0]
[stderr] Stream mapping:
[stderr]   Stream #0:0 -> #0:0 (h264 (native) -> h264 (libx264))
[stderr]   Stream #0:1 -> #0:1 (aac (native) -> aac (native))
[stderr] Press [q] to stop, [?] for help
[stderr] [libx264 @ 0x15aa06160] using cpu capabilities: ARMv8 NEON
[stderr] [libx264 @ 0x15aa06160] profile High, level 3.0, 4:2:0, 8-bit
[stderr] [libx264 @ 0x15aa06160] 264 - core 164 r3108 31e19f9 - H.264/MPEG-4 AVC codec - Copyleft 2003-2023 - http://www.videolan.org/x264.html - options: cabac=1 ref=1 deblock=1:0:0 analyse=0x3:0x113 me=hex subme=2 psy=1 psy_rd=1.00:0.00 mixed_ref=0 me_range=16 chroma_me=1 trellis=0 8x8dct=1 cqm=0 deadzone=21,11 fast_pskip=1 chroma_qp_offset=0 threads=15 lookahead_threads=3 sliced_threads=0 nr=0 decimate=1 interlaced=0 bluray_compat=0 constrained_intra=0 bframes=3 b_pyramid=2 b_adapt=1 b_bias=0 direct=1 weightb=1 open_gop=0 weightp=1 keyint=250 keyint_min=25 scenecut=40 intra_refresh=0 rc_lookahead=10 rc=crf mbtree=1 crf=18.0 qcomp=0.60 qpmin=0 qpmax=69 qpstep=4 ip_ratio=1.40 aq=1:1.00
[stderr] Output #0, mp4, to '/Users/johndoe/Documents/company/video_ops/scripts/abstract_algebra_in_proof_assistant/04-set-equality/takes/take-mrhmharr/pipeline/cut/cut-mriq7mo6/chunks/chunk-010.mp4':
[stderr]   Metadata:
[stderr]     major_brand     : isom
[stderr]     minor_version   : 512
[stderr]     compatible_brands: isomiso2avc1mp41
[stderr]     encoder         : Lavf61.7.100
[stderr]   Stream #0:0(und): Video: h264 (avc1 / 0x31637661), yuv420p(tv, smpte170m/bt709/bt709, progressive), 640x480, q=2-31, 29.83 fps, 11456 tbn (default)
[stderr]       Metadata:
[stderr]         handler_name    : Core Media Video
[stderr]         vendor_id       : [0][0][0][0]
[stderr]         encoder         : Lavc61.19.100 libx264
[stderr]       Side data:
[stderr]         cpb: bitrate max/min/avg: 0/0/0 buffer size: 0 vbv_delay: N/A
[stderr]   Stream #0:1(und): Audio: aac (LC) (mp4a / 0x6134706D), 48000 Hz, mono, fltp, 69 kb/s (default)
[stderr]       Metadata:
[stderr]         handler_name    : Core Media Audio
[stderr]         vendor_id       : [0][0][0][0]
[stderr]         encoder         : Lavc61.19.100 aac
[stderr] [out#0/mp4 @ 0x15aa051d0] video:4171KiB audio:69KiB subtitle:0KiB other streams:0KiB global headers:0KiB muxing overhead: 0.234952%
[stderr] frame=  240 fps=127 q=-1.0 Lsize=    4250KiB time=00:00:08.01 bitrate=4345.5kbits/s speed=4.24x    
[stderr] [libx264 @ 0x15aa06160] frame I:1     Avg QP:18.90  size: 59527
[stderr] [libx264 @ 0x15aa06160] frame P:64    Avg QP:20.56  size: 36143
[stderr] [libx264 @ 0x15aa06160] frame B:175   Avg QP:24.73  size: 10844
[stderr] [libx264 @ 0x15aa06160] consecutive B-frames:  0.8%  3.3%  7.5% 88.3%
[stderr] [libx264 @ 0x15aa06160] mb I  I16..4: 21.2%  6.0% 72.8%
[stderr] [libx264 @ 0x15aa06160] mb P  I16..4: 10.3%  4.3%  5.5%  P16..4: 19.7% 22.5% 33.8%  0.0%  0.0%    skip: 3.8%
[stderr] [libx264 @ 0x15aa06160] mb B  I16..4:  2.4%  0.4%  0.1%  B16..8: 26.4% 17.6%  7.5%  direct:20.7%  skip:24.9%  L0:23.7% L1:33.1% BI:43.1%
[stderr] [libx264 @ 0x15aa06160] 8x8 transform intra:19.1% inter:20.6%
[stderr] [libx264 @ 0x15aa06160] coded y,uvDC,uvAC intra: 40.8% 41.0% 23.1% inter: 45.8% 18.1% 1.5%
[stderr] [libx264 @ 0x15aa06160] i16 v,h,dc,p: 80%  9%  8%  2%
[stderr] [libx264 @ 0x15aa06160] i8 v,h,dc,ddl,ddr,vr,hd,vl,hu: 25% 12% 26%  2% 10%  8%  7%  4%  5%
[stderr] [libx264 @ 0x15aa06160] i4 v,h,dc,ddl,ddr,vr,hd,vl,hu: 17% 16% 17%  3% 14%  8%  9%  7%  9%
[stderr] [libx264 @ 0x15aa06160] i8c dc,h,v,p: 72%  9% 14%  5%
[stderr] [libx264 @ 0x15aa06160] Weighted P-Frames: Y:18.8% UV:6.2%
[stderr] [libx264 @ 0x15aa06160] kb/s:4246.62
[stderr] [aac @ 0x15aa7b040] Qavg: 156.331
[stderr] ffmpeg version 7.1 Copyright (c) 2000-2024 the FFmpeg developers
[stderr]   built with Apple clang version 15.0.0 (clang-1500.1.0.2.5)
[stderr]   configuration: --prefix=/opt/homebrew/Cellar/ffmpeg/7.1_3 --enable-shared --enable-pthreads --enable-version3 --cc=clang --host-cflags= --host-ldflags='-Wl,-ld_classic' --enable-ffplay --enable-gnutls --enable-gpl --enable-libaom --enable-libaribb24 --enable-libbluray --enable-libdav1d --enable-libharfbuzz --enable-libjxl --enable-libmp3lame --enable-libopus --enable-librav1e --enable-librist --enable-librubberband --enable-libsnappy --enable-libsrt --enable-libssh --enable-libsvtav1 --enable-libtesseract --enable-libtheora --enable-libvidstab --enable-libvmaf --enable-libvorbis --enable-libvpx --enable-libwebp --enable-libx264 --enable-libx265 --enable-libxml2 --enable-libxvid --enable-lzma --enable-libfontconfig --enable-libfreetype --enable-frei0r --enable-libass --enable-libopencore-amrnb --enable-libopencore-amrwb --enable-libopenjpeg --enable-libspeex --enable-libsoxr --enable-libzmq --enable-libzimg --disable-libjack --disable-indev=jack --enable-videotoolbox --enable-audiotoolbox --enable-neon
[stderr]   libavutil      59. 39.100 / 59. 39.100
[stderr]   libavcodec     61. 19.100 / 61. 19.100
[stderr]   libavformat    61.  7.100 / 61.  7.100
[stderr]   libavdevice    61.  3.100 / 61.  3.100
[stderr]   libavfilter    10.  4.100 / 10.  4.100
[stderr]   libswscale      8.  3.100 /  8.  3.100
[stderr]   libswresample   5.  3.100 /  5.  3.100
[stderr]   libpostproc    58.  3.100 / 58.  3.100
[stderr] Input #0, mov,mp4,m4a,3gp,3g2,mj2, from '/Users/johndoe/Documents/company/video_ops/scripts/abstract_algebra_in_proof_assistant/04-set-equality/takes/take-mrhmharr/pipeline/stabilize/stabilize-mriqdtnm/stabilized.mp4':
[stderr]   Metadata:
[stderr]     major_brand     : isom
[stderr]     minor_version   : 512
[stderr]     compatible_brands: isomiso2avc1mp41
[stderr]     encoder         : Lavf61.7.100
[stderr]   Duration: 00:06:08.98, start: 0.000000, bitrate: 5562 kb/s
[stderr]   Stream #0:0[0x1](und): Video: h264 (High) (avc1 / 0x31637661), yuv420p(tv, smpte170m/bt709/bt709, progressive), 640x480, 5453 kb/s, 29.83 fps, 29.83 tbr, 11456 tbn (default)
[stderr]       Metadata:
[stderr]         handler_name    : Core Media Video
[stderr]         vendor_id       : [0][0][0][0]
[stderr]         encoder         : Lavc61.19.100 libx264
[stderr]   Stream #0:1[0x2](und): Audio: aac (LC) (mp4a / 0x6134706D), 48000 Hz, mono, fltp, 100 kb/s (default)
[stderr]       Metadata:
[stderr]         handler_name    : Core Media Audio
[stderr]         vendor_id       : [0][0][0][0]
[stderr] Stream mapping:
[stderr]   Stream #0:0 -> #0:0 (h264 (native) -> h264 (libx264))
[stderr]   Stream #0:1 -> #0:1[stderr]  (aac (native) -> aac (native))
[stderr] Press [q] to stop, [?] for help
[stderr] [libx264 @ 0x159805c00] using cpu capabilities: ARMv8 NEON
[stderr] [libx264 @ 0x159805c00] profile High, level 3.0, 4:2:0, 8-bit
[stderr] [libx264 @ 0x159805c00] 264 - core 164 r3108 31e19f9 - H.264/MPEG-4 AVC codec - Copyleft 2003-2023 - http://www.videolan.org/x264.html - options: cabac=1 ref=1 deblock=1:0:0 analyse=0x3:0x113 me=hex subme=2 psy=1 psy_rd=1.00:0.00 mixed_ref=0 me_range=16 chroma_me=1 trellis=0 8x8dct=1 cqm=0 deadzone=21,11 fast_pskip=1 chroma_qp_offset=0 threads=15 lookahead_threads=3 sliced_threads=0 nr=0 decimate=1 interlaced=0 bluray_compat=0 constrained_intra=0 bframes=3 b_pyramid=2 b_adapt=1 b_bias=0 direct=1 weightb=1 open_gop=0 weightp=1 keyint=250 keyint_min=25 scenecut=40 intra_refresh=0 rc_lookahead=10 rc=crf mbtree=1 crf=18.0 qcomp=0.60 qpmin=0 qpmax=69 qpstep=4 ip_ratio=1.40 aq=1:1.00
[stderr] Output #0, mp4, to '/Users/johndoe/Documents/company/video_ops/scripts/abstract_algebra_in_proof_assistant/04-set-equality/takes/take-mrhmharr/pipeline/cut/cut-mriq7mo6/chunks/chunk-011.mp4':
[stderr]   Metadata:
[stderr]     major_brand     : isom
[stderr]     minor_version   : 512
[stderr]     compatible_brands: isomiso2avc1mp41
[stderr]     encoder         : Lavf61.7.100
[stderr]   Stream #0:0(und): Video: h264 (avc1 / 0x31637661), yuv420p(tv, smpte170m/bt709/bt709, progressive), 640x480, q=2-31, 29.83 fps, 11456 tbn (default)
[stderr]       Metadata:
[stderr]         handler_name    : Core Media Video
[stderr]         vendor_id       : [0][0][0][0]
[stderr]         encoder         : Lavc61.19.100 libx264
[stderr]       Side data:
[stderr]         cpb: bitrate max/min/avg: 0/0/0 buffer size: 0 vbv_delay: N/A
[stderr]   Stream #0:1(und): Audio: aac (LC) (mp4a / 0x6134706D), 48000 Hz, mono, fltp, 69 kb/s (default)
[stderr]       Metadata:
[stderr]         handler_name    : Core Media Audio
[stderr]         vendor_id       : [0][0][0][0]
[stderr]         encoder         : Lavc61.19.100 aac
[stderr] frame=  251 fps=124 q=24.0 size=    4608KiB time=00:00:08.37 bitrate=4504.7kbits/s speed=4.16x    
[stderr] frame=  649 fps=257 q=24.0 size=   11520KiB time=00:00:21.72 bitrate=4344.8kbits/s speed=8.61x    
[stderr] [out#0/mp4 @ 0x159804c60] video:12358KiB audio:213KiB subtitle:0KiB other streams:0KiB global headers:0KiB muxing overhead: 0.220315%
[stderr] frame=  741 fps=285 q=-1.0 Lsize=   12598KiB time=00:00:24.80 bitrate=4160.8kbits/s speed=9.55x    
[stderr] [libx264 @ 0x159805c00] frame I:3     Avg QP:18.56  size: 59233
[stderr] [libx264 @ 0x159805c00] frame P:215   Avg QP:20.34  size: 32480
[stderr] [libx264 @ 0x159805c00] frame B:523   Avg QP:24.05  size: 10502
[stderr] [libx264 @ 0x159805c00] consecutive B-frames:  2.6%  7.0%  8.9% 81.5%
[stderr] [libx264 @ 0x159805c00] mb I  I16..4: 14.1%  6.6% 79.2%
[stderr] [libx264 @ 0x159805c00] mb P  I16..4: 11.1%  8.6%  7.5%  P16..4: 18.6% 20.5% 29.9%  0.0%  0.0%    skip: 3.8%
[stderr] [libx264 @ 0x159805c00] mb B  I16..4:  2.5%  0.9%  0.1%  B16..8: 27.1% 17.5%  7.3%  direct:19.8%  skip:24.8%  L0:25.4% L1:31.4% BI:43.1%
[stderr] [libx264 @ 0x159805c00] 8x8 transform intra:29.5% inter:22.5%
[stderr] [libx264 @ 0x159805c00] coded y,uvDC,uvAC intra: 46.6% 52.5% 22.9% inter: 43.6% 20.4% 1.0%
[stderr] [libx264 @ 0x159805c00] i16 v,h,dc,p: 72% 11% 13%  4%
[stderr] [libx264 @ 0x159805c00] i8 v,h,dc,ddl,ddr,vr,hd,vl,hu: 23% 16% 28%  2%  8%  8%  6%  4%  4%
[stderr] [libx264 @ 0x159805c00] i4 v,h,dc,ddl,ddr,vr,hd,vl,hu: 20% 16% 15%  3% 13% 10%  9%  6%  8%
[stderr] [libx264 @ 0x159805c00] i8c dc,h,v,p: 63% 14% 17%  6%
[stderr] [libx264 @ 0x159805c00] Weighted P-Frames: Y:14.0% UV:1.9%
[stderr] [libx264 @ 0x159805c00] kb/s:4075.58
[stderr] [aac @ 0x15987aad0] Qavg: 252.146
[stderr] ffmpeg version 7.1 Copyright (c) 2000-2024 the FFmpeg developers
[stderr]   built with Apple clang version 15.0.0 (clang-1500.1.0.2.5)
[stderr]   configuration: --prefix=/opt/homebrew/Cellar/ffmpeg/7.1_3 --enable-shared --enable-pthreads --enable-version3 --cc=clang --host-cflags= --host-ldflags='-Wl,-ld_classic' --enable-ffplay --enable-gnutls --enable-gpl --enable-libaom --enable-libaribb24 --enable-libbluray --enable-libdav1d --enable-libharfbuzz --enable-libjxl --enable-libmp3lame --enable-libopus --enable-librav1e --enable-librist --enable-librubberband --enable-libsnappy --enable-libsrt --enable-libssh --enable-libsvtav1 --enable-libtesseract --enable-libtheora --enable-libvidstab --enable-libvmaf --enable-libvorbis --enable-libvpx --enable-libwebp --enable-libx264 --enable-libx265 --enable-libxml2 --enable-libxvid --enable-lzma --enable-libfontconfig --enable-libfreetype --enable-frei0r --enable-libass --enable-libopencore-amrnb --enable-libopencore-amrwb --enable-libopenjpeg --enable-libspeex --enable-libsoxr --enable-libzmq --enable-libzimg --disable-libjack --disable-indev=jack --enable-videotoolbox --enable-audiotoolbox --enable-neon
[stderr]   libavutil      59. 39.100 / 59. 39.100
[stderr]   libavcodec     61. 19.100 / 61. 19.100
[stderr]   libavformat    61.  7.100 / 61.  7.100
[stderr]   libavdevice    61.  3.100 / 61.  3.100
[stderr]   libavfilter    10.  4.100 / 10.  4.100
[stderr]   libswscale      8.  3.100 /  8.  3.100
[stderr]   libswresample   5.  3.100 /  5.  3.100
[stderr]   libpostproc    58.  3.100 / 58.  3.100
[stderr] Input #0, mov,mp4,m4a,3gp,3g2,mj2, from '/Users/johndoe/Documents/company/video_ops/scripts/abstract_algebra_in_proof_assistant/04-set-equality/takes/take-mrhmharr/pipeline/stabilize/stabilize-mriqdtnm/stabilized.mp4':
[stderr]   Metadata:
[stderr]     major_brand     : isom
[stderr]     minor_version   : 512
[stderr]     compatible_brands: isomiso2avc1mp41
[stderr]     encoder         : Lavf61.7.100
[stderr]   Duration: 00:06:08.98, start: 0.000000, bitrate: 5562 kb/s
[stderr]   Stream #0:0[0x1](und): Video: h264 (High) (avc1 / 0x31637661), yuv420p(tv, smpte170m/bt709/bt709, progressive), 640x480, 5453 kb/s, 29.83 fps, 29.83 tbr, 11456 tbn (default)
[stderr]       Metadata:
[stderr]         handler_name    : Core Media Video
[stderr]         vendor_id       : [0][0][0][0]
[stderr]         encoder         : Lavc61.19.100 libx264
[stderr]   Stream #0:1[0x2](und): Audio: aac (LC) (mp4a / 0x6134706D), 48000 Hz, mono, fltp, 100 kb/s (default)
[stderr]       Metadata:
[stderr]         handler_name    : Core Media Audio
[stderr]         vendor_id       : [0][0][0][0]
[stderr] Stream mapping:
[stderr]   Stream #0:0 -> #0:0 (h264 (native) -> h264 (libx264))
[stderr]   Stream #0:1 -> #0:1 (aac (native) -> aac (native))
[stderr] Press [q] to stop, [?] for help
[stderr] [libx264 @ 0x121f0ea20] using cpu capabilities: ARMv8 NEON
[stderr] [libx264 @ 0x121f0ea20] profile High, level 3.0, 4:2:0, 8-bit
[stderr] [libx264 @ 0x121f0ea20] 264 - core 164 r3108 31e19f9 - H.264/MPEG-4 AVC codec - Copyleft 2003-2023 - http://www.videolan.org/x264.html - options: cabac=1 ref=1 deblock=1:0:0 analyse=0x3:0x113 me=hex subme=2 psy=1 psy_rd=1.00:0.00 mixed_ref=0 me_range=16 chroma_me=1 trellis=0 8x8dct=1 cqm=0 deadzone=21,11 fast_pskip=1 chroma_qp_offset=0 threads=15 lookahead_threads=3 sliced_threads=0 nr=0 decimate=1 interlaced=0 bluray_compat=0 constrained_intra=0 bframes=3 b_pyramid=2 b_adapt=1 b_bias=0 direct=1 weightb=1 open_gop=0 weightp=1 keyint=250 keyint_min=25 scenecut=40 intra_refresh=0 rc_lookahead=10 rc=crf mbtree=1 crf=18.0 qcomp=0.60 qpmin=0 qpmax=69 qpstep=4 ip_ratio=1.40 aq=1:1.00
[stderr] Output #0, mp4, to '/Users/johndoe/Documents/company/video_ops/scripts/abstract_algebra_in_proof_assistant/04-set-equality/takes/take-mrhmharr/pipeline/cut/cut-mriq7mo6/chunks/chunk-012.mp4':
[stderr]   Metadata:
[stderr]     major_brand     : isom
[stderr]     minor_version   : 512
[stderr]     compatible_brands: isomiso2avc1mp41
[stderr]     encoder         : Lavf61.7.100
[stderr]   Stream #0:0(und): Video: h264 (avc1 / 0x31637661), yuv420p(tv, smpte170m/bt709/bt709, progressive), 640x480, q=2-31, 29.83 fps, 11456 tbn (default)
[stderr]       Metadata:
[stderr]         handler_name    : Core Media Video
[stderr]         vendor_id       : [0][0][0][0]
[stderr]         encoder         : Lavc61.19.100 libx264
[stderr]       Side data:
[stderr]         cpb: bitrate max/min/avg: 0/0/0 buffer size: 0 vbv_delay: N/A
[stderr]   Stream #0:1(und): Audio: aac (LC) (mp4a / 0x6134706D), 48000 Hz, mono, fltp, 69 kb/s (default)
[stderr]       Metadata:
[stderr]         handler_name    : Core Media Audio
[stderr]         vendor_id       : [0][0][0][0]
[stderr]         encoder         : Lavc61.19.100 aac
[stderr] [out#0/mp4 @ 0x121f0cc20] video:875KiB audio:22KiB subtitle:0KiB other streams:0KiB global headers:0KiB muxing overhead: 0.450683%
[stderr] frame=   75 fps= 38 q=-1.0 Lsize=     901KiB time=00:00:02.44 bitrate=3016.8kbits/s speed=1.24x    
[stderr] [libx264 @ 0x121f0ea20] frame I:1     Avg QP:19.42  size: 34447
[stderr] [libx264 @ 0x121f0ea20] frame P:28    Avg QP:19.61  size: 19704
[stderr] [libx264 @ 0x121f0ea20] frame B:46    Avg QP:21.54  size:  6732
[stderr] [libx264 @ 0x121f0ea20] consecutive B-frames: 12.0% 16.0%  8.0% 64.0%
[stderr] [libx264 @ 0x121f0ea20] mb I  I16..4: 17.0% 35.8% 47.2%
[stderr] [libx264 @ 0x121f0ea20] mb P  I16..4: 10.9% 21.0%  4.5%  P16..4: 23.8% 17.6% 19.7%  0.0%  0.0%    skip: 2.4%
[stderr] [libx264 @ 0x121f0ea20] mb B  I16..4:  3.5%  3.4%  0.1%  B16..8: 32.8% 15.6%  3.7%  direct:18.3%  skip:22.6%  L0:32.2% L1:33.8% BI:34.0%
[stderr] [libx264 @ 0x121f0ea20] 8x8 transform intra:54.0% inter:25.0%
[stderr] [libx264 @ 0x121f0ea20] coded y,uvDC,uvAC intra: 46.4% 68.7% 15.6% inter: 32.1% 26.8% 0.7%
[stderr] [libx264 @ 0x121f0ea20] i16 v,h,dc,p: 25% 35% 27% 13%
[stderr] [libx264 @ 0x121f0ea20] i8 v,h,dc,ddl,ddr,vr,hd,vl,hu: 15% 27% 37%  2%  4%  3%  4%  3%  5%
[stderr] [libx264 @ 0x121f0ea20] i4 v,h,dc,ddl,ddr,vr,hd,vl,hu: 19% 18% 18%  3% 13%  9%  8%  5%  7%
[stderr] [libx264 @ 0x121f0ea20] i8c dc,h,v,p: 51% 26% 19%  4%
[stderr] [libx264 @ 0x121f0ea20] Weighted P-Frames: Y:3.6% UV:0.0%
[stderr] [libx264 @ 0x121f0ea20] kb/s:2850.68
[stderr] [aac @ 0x121f837f0] Qavg: 676.422
[stderr] ffmpeg version 7.1 Copyright (c) 2000-2024 the FFmpeg developers
[stderr]   built with Apple clang version 15.0.0 (clang-1500.1.0.2.5)
[stderr]   configuration: --prefix=/opt/homebrew/Cellar/ffmpeg/7.1_3 --enable-shared --enable-pthreads --enable-version3 --cc=clang --host-cflags= --host-ldflags='-Wl,-ld_classic' --enable-ffplay --enable-gnutls --enable-gpl --enable-libaom --enable-libaribb24 --enable-libbluray --enable-libdav1d --enable-libharfbuzz --enable-libjxl --enable-libmp3lame --enable-libopus --enable-librav1e --enable-librist --enable-librubberband --enable-libsnappy --enable-libsrt --enable-libssh --enable-libsvtav1 --enable-libtesseract --enable-libtheora --enable-libvidstab --enable-libvmaf --enable-libvorbis --enable-libvpx --enable-libwebp --enable-libx264 --enable-libx265 --enable-libxml2 --enable-libxvid --enable-lzma --enable-libfontconfig --enable-libfreetype --enable-frei0r --enable-libass --enable-libopencore-amrnb --enable-libopencore-amrwb --enable-libopenjpeg --enable-libspeex --enable-libsoxr --enable-libzmq --enable-libzimg --disable-libjack --disable-indev=jack --enable-videotoolbox --enable-audiotoolbox --enable-neon
[stderr]   libavutil      59. 39.100 / 59. 39.100
[stderr]   libavcodec     61. 19.100 / 61. 19.100
[stderr]   libavformat    61.  7.100 / 61.  7.100
[stderr]   libavdevice    61.  3.100 / 61.  3.100
[stderr]   libavfilter    10.  4.100 / 10.  4.100
[stderr]   libswscale      8.  3.100 /  8.  3.100
[stderr]   libswresample   5.  3.100 /  5.  3.100
[stderr]   libpostproc    58.  3.100 / 58.  3.100
[stderr] Input #0, mov,mp4,m4a,3gp,3g2,mj2, from '/Users/johndoe/Documents/company/video_ops/scripts/abstract_algebra_in_proof_assistant/04-set-equality/takes/take-mrhmharr/pipeline/stabilize/stabilize-mriqdtnm/stabilized.mp4':
[stderr]   Metadata:
[stderr]     major_brand     : isom
[stderr]     minor_version   : 512
[stderr]     compatible_brands: isomiso2avc1mp41
[stderr]     encoder         : Lavf61.7.100
[stderr]   Duration: 00:06:08.98, start: 0.000000, bitrate: 5562 kb/s
[stderr]   Stream #0:0[0x1](und): Video: h264 (High) (avc1 / 0x31637661), yuv420p(tv, smpte170m/bt709/bt709, progressive), 640x480, 5453 kb/s, 29.83 fps, 29.83 tbr, 11456 tbn (default)
[stderr]       Metadata:
[stderr]         handler_name    : Core Media Video
[stderr]         vendor_id       : [0][0][0][0]
[stderr]         encoder         : Lavc61.19.100 libx264
[stderr]   Stream #0:1[0x2](und): Audio: aac (LC) (mp4a / 0x6134706D), 48000 Hz, mono, fltp, 100 kb/s (default)
[stderr]       Metadata:
[stderr]         handler_name    : Core Media Audio
[stderr]         vendor_id       : [0][0][0][0]
[stderr] Stream mapping:
[stderr]   Stream #0:0 -> #0:0 (h264 (native) -> h264 (libx264))
[stderr]   Stream #0:1 -> #0:1 (aac (native) -> aac (native))
[stderr] Press [q] to stop, [?] for help
[stderr] [libx264 @ 0x14ce44d30] using cpu capabilities: ARMv8 NEON
[stderr] [libx264 @ 0x14ce44d30] profile High, level 3.0, 4:2:0, 8-bit
[stderr] [libx264 @ 0x14ce44d30] 264 - core 164 r3108 31e19f9 - H.264/MPEG-4 AVC codec - Copyleft 2003-2023 - http://www.videolan.org/x264.html - options: cabac=1 ref=1 deblock=1:0:0 analyse=0x3:0x113 me=hex subme=2 psy=1 psy_rd=1.00:0.00 mixed_ref=0 me_range=16 chroma_me=1 trellis=0 8x8dct=1 cqm=0 deadzone=21,11 fast_pskip=1 chroma_qp_offset=0 threads=15 lookahead_threads=3 sliced_threads=0 nr=0 decimate=1 interlaced=0 bluray_compat=0 constrained_intra=0 bframes=3 b_pyramid=2 b_adapt=1 b_bias=0 direct=1 weightb=1 open_gop=0 weightp=1 keyint=250 keyint_min=25 scenecut=40 intra_refresh=0 rc_lookahead=10 rc=crf mbtree=1 crf=18.0 qcomp=0.60 qpmin=0 qpmax=69 qpstep=4 ip_ratio=1.40 aq=1:1.00
[stderr] Output #0, mp4, to '/Users/johndoe/Documents/company/video_ops/scripts/abstract_algebra_in_proof_assistant/04-set-equality/takes/take-mrhmharr/pipeline/cut/cut-mriq7mo6/chunks/chunk-013.mp4':
[stderr]   Metadata:
[stderr]     major_brand     : isom
[stderr]     minor_version   : 512
[stderr]     compatible_brands: isomiso2avc1mp41
[stderr]     encoder         : Lavf61.7.100
[stderr]   Stream #0:0(und): Video: h264 (avc1 / 0x31637661), yuv420p(tv, smpte170m/bt709/bt709, progressive), 640x480, q=2-31, 29.83 fps, 11456 tbn (default)
[stderr]       Metadata:
[stderr]         handler_name    : Core Media Video
[stderr]         vendor_id       : [0][0][0][0]
[stderr]         encoder         : Lavc61.19.100 libx264
[stderr]       Side data:
[stderr]         cpb: bitrate max/min/avg: 0/0/0 buffer size: 0 vbv_delay: N/A
[stderr]   Stream #0:1(und): Audio: aac (LC) (mp4a / 0x6134706D), 48000 Hz, mono, fltp, 69 kb/s (default)
[stderr]       Metadata:
[stderr]         handler_name    : Core Media Audio
[stderr]         vendor_id       : [0][0][0][0]
[stderr]         encoder         : Lavc61.19.100 aac
[stderr] frame=   25 fps= 12 q=24.0 size=       0KiB time=00:00:00.77 bitrate=   0.5kbits/s speed=0.383x    
[stderr] frame=  474 fps=188 q=24.0 size=    7936KiB time=00:00:15.85 bitrate=4100.5kbits/s speed=6.29x    
[stderr] [out#0/mp4 @ 0x14ce36dc0] video:9912KiB audio:157KiB subtitle:0KiB other streams:0KiB global headers:0KiB muxing overhead: 0.206928%
[stderr] frame=  550 fps=212 q=-1.0 Lsize=   10090KiB time=00:00:18.36 bitrate=4499.9kbits/s speed=7.09x    
[stderr] [libx264 @ 0x14ce44d30] frame I:3     Avg QP:18.94  size: 46724
[stderr] [libx264 @ 0x14ce44d30] frame P:183   Avg QP:20.71  size: 29913
[stderr] [libx264 @ 0x14ce44d30] frame B:364   Avg QP:23.52  size: 12458
[stderr] [libx264 @ 0x14ce44d30] consecutive B-frames:  5.3% 15.6% 11.5% 67.6%
[stderr] [libx264 @ 0x14ce44d30] mb I  I16..4: 13.5% 21.0% 65.5%
[stderr] [libx264 @ 0x14ce44d30] mb P  I16..4:  9.8% 12.9% 11.4%  P16..4: 20.2% 19.5% 24.5%  0.0%  0.0%    skip: 1.7%
[stderr] [libx264 @ 0x14ce44d30] mb B  I16..4:  2.2%  1.5%  0.4%  B16..8: 28.3% 18.5%  8.8%  direct:20.2%  skip:20.0%  L0:30.4% L1:34.7% BI:34.9%
[stderr] [libx264 @ 0x14ce44d30] 8x8 transform intra:36.9% inter:22.6%
[stderr] [libx264 @ 0x14ce44d30] coded y,uvDC,uvAC intra: 57.0% 61.6% 23.8% inter: 45.6% 25.0% 1.1%
[stderr] [libx264 @ 0x14ce44d30] i16 v,h,dc,p: 62% 17% 13%  7%
[stderr] [libx264 @ 0x14ce44d30] i8 v,h,dc,ddl,ddr,vr,hd,vl,hu: 20% 21% 28%  2%  7%  5%  6%  5%  6%
[stderr] [libx264 @ 0x14ce44d30] i4 v,h,dc,ddl,ddr,vr,hd,vl,hu: 17% 17% 16%  4% 13%  8% 10%  7%  9%
[stderr] [libx264 @ 0x14ce44d30] i8c dc,h,v,p: 57% 18% 18%  6%
[stderr] [libx264 @ 0x14ce44d30] Weighted P-Frames: Y:15.8% UV:2.2%
[stderr] [libx264 @ 0x14ce44d30] kb/s:4404.10
[stderr] [aac @ 0x14ceadd90] Qavg: 184.518
[stderr] ffmpeg version 7.1 Copyright (c) 2000-2024 the FFmpeg developers
[stderr]   built with Apple clang version 15.0.0 (clang-1500.1.0.2.5)
[stderr]   configuration: --prefix=/opt/homebrew/Cellar/ffmpeg/7.1_3 --enable-shared --enable-pthreads --enable-version3 --cc=clang --host-cflags= --host-ldflags='-Wl,-ld_classic' --enable-ffplay --enable-gnutls --enable-gpl --enable-libaom --enable-libaribb24 --enable-libbluray --enable-libdav1d --enable-libharfbuzz --enable-libjxl --enable-libmp3lame --enable-libopus --enable-librav1e --enable-librist --enable-librubberband --enable-libsnappy --enable-libsrt --enable-libssh --enable-libsvtav1 --enable-libtesseract --enable-libtheora --enable-libvidstab --enable-libvmaf --enable-libvorbis --enable-libvpx --enable-libwebp --enable-libx264 --enable-libx265 --enable-libxml2 --enable-libxvid --enable-lzma --enable-libfontconfig --enable-libfreetype --enable-frei0r --enable-libass --enable-libopencore-amrnb --enable-libopencore-amrwb --enable-libopenjpeg --enable-libspeex --enable-libsoxr --enable-libzmq --enable-libzimg --disable-libjack --disable-indev=jack --enable-videotoolbox --enable-audiotoolbox --enable-neon
[stderr]   libavutil      59. 39.100 / 59. 39.100
[stderr]   libavcodec     61. 19.100 / 61. 19.100
[stderr]   libavformat    61.  7.100 / 61.  7.100
[stderr]   libavdevice    61.  3.100 / 61.  3.100
[stderr]   libavfilter    10.  4.100 / 10.  4.100
[stderr]   libswscale      8.  3.100 /  8.  3.100
[stderr]   libswresample   5.  3.100 /  5.  3.100
[stderr]   libpostproc    58.  3.100 / 58.  3.100
[stderr] Input #0, mov,mp4,m4a,3gp,3g2,mj2, from '/Users/johndoe/Documents/company/video_ops/scripts/abstract_algebra_in_proof_assistant/04-set-equality/takes/take-mrhmharr/pipeline/stabilize/stabilize-mriqdtnm/stabilized.mp4':
[stderr]   Metadata:
[stderr]     major_brand     : isom
[stderr]     minor_version   : 512
[stderr]     compatible_brands: isomiso2avc1mp41
[stderr]     encoder         : Lavf61.7.100
[stderr]   Duration: 00:06:08.98, start: 0.000000, bitrate: 5562 kb/s
[stderr]   Stream #0:0[0x1](und): Video: h264 (High) (avc1 / 0x31637661), yuv420p(tv, smpte170m/bt709/bt709, progressive), 640x480, 5453 kb/s, 29.83 fps, 29.83 tbr, 11456 tbn (default)
[stderr]       Metadata:
[stderr]         handler_name    : Core Media Video
[stderr]         vendor_id       : [0][0][0][0]
[stderr]         encoder         : Lavc61.19.100 libx264
[stderr]   Stream #0:1[0x2](und): Audio: aac (LC) (mp4a / 0x6134706D), 48000 Hz, mono, fltp, 100 kb/s (default)
[stderr]       Metadata:
[stderr]         handler_name    : Core Media Audio
[stderr]         vendor_id       : [0][0][0][0]
[stderr] Stream mapping:
[stderr]   Stream #0:0 -> #0:0 (h264 (native) -> h264 (libx264))
[stderr]   Stream #0:1 -> #0:1 (aac (native) -> aac (native))
[stderr] Press [q] to stop, [?] for help
[stderr] [libx264 @ 0x140f158d0] using cpu capabilities: ARMv8 NEON
[stderr] [libx264 @ 0x140f158d0] profile High, level 3.0, 4:2:0, 8-bit
[stderr] [libx264 @ 0x140f158d0] 264 - core 164 r3108 31e19f9 - H.264/MPEG-4 AVC codec - Copyleft 2003-2023 - http://www.videolan.org/x264.html - options: cabac=1 ref=1 deblock=1:0:0 analyse=0x3:0x113 me=hex subme=2 psy=1 psy_rd=1.00:0.00 mixed_ref=0 me_range=16 chroma_me=1 trellis=0 8x8dct=1 cqm=0 deadzone=21,11 fast_pskip=1 chroma_qp_offset=0 threads=15 lookahead_threads=3 sliced_threads=0 nr=0 decimate=1 interlaced=0 bluray_compat=0 constrained_intra=0 bframes=3 b_pyramid=2 b_adapt=1 b_bias=0 direct=1 weightb=1 open_gop=0 weightp=1 keyint=250 keyint_min=25 scenecut=40 intra_refresh=0 rc_lookahead=10 rc=crf mbtree=1 crf=18.0 qcomp=0.60 qpmin=0 qpmax=69 qpstep=4 ip_ratio=1.40 aq=1:1.00
[stderr] Output #0, mp4, to '/Users/johndoe/Documents/company/video_ops/scripts/abstract_algebra_in_proof_assistant/04-set-equality/takes/take-mrhmharr/pipeline/cut/cut-mriq7mo6/chunks/chunk-014.mp4':
[stderr]   Metadata:
[stderr]     major_brand     : isom
[stderr]     minor_version   : 512
[stderr]     compatible_brands: isomiso2avc1mp41
[stderr]     encoder         : Lavf61.7.100
[stderr]   Stream #0:0(und): Video: h264 (avc1 / 0x31637661), yuv420p(tv, smpte170m/bt709/bt709, progressive), 640x480, q=2-31, 29.83 fps, 11456 tbn (default)
[stderr]       Metadata:
[stderr]         handler_name    : Core Media Video
[stderr]         vendor_id       : [0][0][0][0]
[stderr]         encoder         : Lavc61.19.100 libx264
[stderr]       Side data:
[stderr]         cpb: bitrate max/min/avg: 0/0/0 buffer size: 0 vbv_delay: N/A
[stderr]   Stream #0:1(und): Audio: aac (LC) (mp4a / 0x6134706D), 48000 Hz, mono, fltp, 69 kb/s (default)
[stderr]       Metadata:
[stderr]         handler_name    : Core Media Audio
[stderr]         vendor_id       : [0][0][0][0]
[stderr]         encoder         : Lavc61.19.100 aac
[stderr] frame=   38 fps= 15 q=24.0 size=    1024KiB time=00:00:01.20 bitrate=6952.0kbits/s speed=0.479x    
[stderr] [out#0/mp4 @ 0x140f07880] video:5049KiB audio:51KiB subtitle:0KiB other streams:0KiB global headers:0KiB muxing overhead: 0.151957%
[stderr] frame=  178 fps= 65 q=-1.0 Lsize=    5108KiB time=00:00:05.89 bitrate=7092.8kbits/s speed=2.17x    
[stderr] [libx264 @ 0x140f158d0] frame I:4     Avg QP:21.86  size: 46618
[stderr] [libx264 @ 0x140f158d0] frame P:49    Avg QP:24.18  size: 41003
[stderr] [libx264 @ 0x140f158d0] frame B:125   Avg QP:25.80  size: 23792
[stderr] [libx264 @ 0x140f158d0] consecutive B-frames:  6.2%  0.0%  1.7% 92.1%
[stderr] [libx264 @ 0x140f158d0] mb I  I16..4:  2.8% 14.3% 82.9%
[stderr] [libx264 @ 0x140f158d0] mb P  I16..4:  2.7% 13.0% 42.4%  P16..4:  9.0% 12.5% 20.1%  0.0%  0.0%    skip: 0.3%
[stderr] [libx264 @ 0x140f158d0] mb B  I16..4:  1.1%  2.1%  3.5%  B16..8: 23.5% 24.5% 20.6%  direct:18.3%  skip: 6.3%  L0:30.4% L1:33.4% BI:36.2%
[stderr] [libx264 @ 0x140f158d0] 8x8 transform intra:23.4% inter:26.6%
[stderr] [libx264 @ 0x140f158d0] coded y,uvDC,uvAC intra: 88.3% 72.5% 34.2% inter: 66.8% 28.9% 0.9%
[stderr] [libx264 @ 0x140f158d0] i16 v,h,dc,p: 40% 23% 23% 14%
[stderr] [libx264 @ 0x140f158d0] i8 v,h,dc,ddl,ddr,vr,hd,vl,hu: 19% 19% 16%  3% 10%  7% 10%  8%  8%
[stderr] [libx264 @ 0x140f158d0] i4 v,h,dc,ddl,ddr,vr,hd,vl,hu: 14% 17% 12%  3% 16%  8% 12%  8%  9%
[stderr] [libx264 @ 0x140f158d0] i8c dc,h,v,p: 47% 22% 20% 11%
[stderr] [libx264 @ 0x140f158d0] Weighted P-Frames: Y:18.4% UV:4.1%
[stderr] [libx264 @ 0x140f158d0] kb/s:6931.63
[stderr] [aac @ 0x140f7ea20] Qavg: 370.646
[stderr] ffmpeg version 7.1 Copyright (c) 2000-2024 the FFmpeg developers
[stderr]   built with Apple clang version 15.0.0 (clang-1500.1.0.2.5)
[stderr]   configuration: --prefix=/opt/homebrew/Cellar/ffmpeg/7.1_3 --enable-shared --enable-pthreads --enable-version3 --cc=clang --host-cflags= --host-ldflags='-Wl,-ld_classic' --enable-ffplay --enable-gnutls --enable-gpl --enable-libaom --enable-libaribb24 --enable-libbluray --enable-libdav1d --enable-libharfbuzz --enable-libjxl --enable-libmp3lame --enable-libopus --enable-librav1e --enable-librist --enable-librubberband --enable-libsnappy --enable-libsrt --enable-libssh --enable-libsvtav1 --enable-libtesseract --enable-libtheora --enable-libvidstab --enable-libvmaf --enable-libvorbis --enable-libvpx --enable-libwebp --enable-libx264 --enable-libx265 --enable-libxml2 --enable-libxvid --enable-lzma --enable-libfontconfig --enable-libfreetype --enable-frei0r --enable-libass --enable-libopencore-amrnb --enable-libopencore-amrwb --enable-libopenjpeg --enable-libspeex --enable-libsoxr --enable-libzmq --enable-libzimg --disable-libjack --disable-indev=jack --enable-videotoolbox --enable-audiotoolbox --enable-neon
[stderr]   libavutil      59. 39.100 / 59. 39.100
[stderr]   libavcodec     61. 19.100 / 61. 19.100
[stderr]   libavformat    61.  7.100 / 61.  7.100
[stderr]   libavdevice    61.  3.100 / 61.  3.100
[stderr]   libavfilter    10.  4.100 / 10.  4.100
[stderr]   libswscale      8.  3.100 /  8.  3.100
[stderr]   libswresample   5.  3.100 /  5.  3.100
[stderr]   libpostproc    58.  3.100 / 58.  3.100
[stderr] Input #0, mov,mp4,m4a,3gp,3g2,mj2, from '/Users/johndoe/Documents/company/video_ops/scripts/abstract_algebra_in_proof_assistant/04-set-equality/takes/take-mrhmharr/pipeline/stabilize/stabilize-mriqdtnm/stabilized.mp4':
[stderr]   Metadata:
[stderr]     major_brand     : isom
[stderr]     minor_version   : 512
[stderr]     compatible_brands: isomiso2avc1mp41
[stderr]     encoder         : Lavf61.7.100
[stderr]   Duration: [stderr] 00:06:08.98, start: 0.000000, bitrate: 5562 kb/s
[stderr]   Stream #0:0[0x1](und): Video: h264 (High) (avc1 / 0x31637661), yuv420p(tv, smpte170m/bt709/bt709, progressive), 640x480, 5453 kb/s, 29.83 fps, 29.83 tbr, 11456 tbn (default)
[stderr]       Metadata:
[stderr]         handler_name    : Core Media Video
[stderr]         vendor_id       : [0][0][0][0]
[stderr]         encoder         : Lavc61.19.100 libx264
[stderr]   Stream #0:1[0x2](und): Audio: aac (LC) (mp4a / 0x6134706D), 48000 Hz, mono, fltp, 100 kb/s (default)
[stderr]       Metadata:
[stderr]         handler_name    : Core Media Audio
[stderr]         vendor_id       : [0][0][0][0]
[stderr] Stream mapping:
[stderr]   Stream #0:0 -> #0:0 (h264 (native) -> h264 (libx264))
[stderr]   Stream #0:1 -> #0:1[stderr]  (aac (native) -> aac (native))
[stderr] Press [q] to stop, [?] for help
[stderr] [libx264 @ 0x11160d4a0] using cpu capabilities: ARMv8 NEON
[stderr] [libx264 @ 0x11160d4a0] profile High, level 3.0, 4:2:0, 8-bit
[stderr] [libx264 @ 0x11160d4a0] 264 - core 164 r3108 31e19f9 - H.264/MPEG-4 AVC codec - Copyleft 2003-2023 - http://www.videolan.org/x264.html - options: cabac=1 ref=1 deblock=1:0:0 analyse=0x3:0x113 me=hex subme=2 psy=1 psy_rd=1.00:0.00 mixed_ref=0 me_range=16 chroma_me=1 trellis=0 8x8dct=1 cqm=0 deadzone=21,11 fast_pskip=1 chroma_qp_offset=0 threads=15 lookahead_threads=3 sliced_threads=0 nr=0 decimate=1 interlaced=0 bluray_compat=0 constrained_intra=0 bframes=3 b_pyramid=2 b_adapt=1 b_bias=0 direct=1 weightb=1 open_gop=0 weightp=1 keyint=250 keyint_min=25 scenecut=40 intra_refresh=0 rc_lookahead=10 rc=crf mbtree=1 crf=18.0 qcomp=0.60 qpmin=0 qpmax=69 qpstep=4 ip_ratio=1.40 aq=1:1.00
[stderr] Output #0, mp4, to '/Users/johndoe/Documents/company/video_ops/scripts/abstract_algebra_in_proof_assistant/04-set-equality/takes/take-mrhmharr/pipeline/cut/cut-mriq7mo6/chunks/chunk-015.mp4':
[stderr]   Metadata:
[stderr]     major_brand     : isom
[stderr]     minor_version   : 512
[stderr]     compatible_brands: isomiso2avc1mp41
[stderr]     encoder         : Lavf61.7.100
[stderr]   Stream #0:0(und): Video: h264 (avc1 / 0x31637661), yuv420p(tv, smpte170m/bt709/bt709, progressive), 640x480, q=2-31, 29.83 fps, 11456 tbn (default)
[stderr]       Metadata:
[stderr]         handler_name    : Core Media Video
[stderr]         vendor_id       : [0][0][0][0]
[stderr]         encoder         : Lavc61.19.100 libx264
[stderr]       Side data:
[stderr]         cpb: bitrate max/min/avg: 0/0/0 buffer size: 0 vbv_delay: N/A
[stderr]   Stream #0:1(und): Audio: aac (LC) (mp4a / 0x6134706D), 48000 Hz, mono, fltp, 69 kb/s (default)
[stderr]       Metadata:
[stderr]         handler_name    : Core Media Audio
[stderr]         vendor_id       : [0][0][0][0]
[stderr]         encoder         : Lavc61.19.100 aac
[stderr] frame=   10 fps=4.0 q=24.0 size=       0KiB time=00:00:00.30 bitrate=   1.3kbits/s speed=0.12x    
[stderr] [out#0/mp4 @ 0x11160d230] video:5967KiB audio:68KiB subtitle:0KiB other streams:0KiB global headers:0KiB muxing overhead: 0.162214%
[stderr] frame=  235 fps= 80 q=-1.0 Lsize=    6044KiB time=00:00:07.84 bitrate=6313.0kbits/s speed=2.68x    
[stderr] [libx264 @ 0x11160d4a0] frame I:5     Avg QP:20.82  size: 45207
[stderr] [libx264 @ 0x11160d4a0] frame P:66    Avg QP:23.56  size: 38351
[stderr] [libx264 @ 0x11160d4a0] frame B:164   Avg QP:25.18  size: 20441
[stderr] [libx264 @ 0x11160d4a0] consecutive B-frames:  4.7%  5.1%  5.1% 85.1%
[stderr] [libx264 @ 0x11160d4a0] mb I  I16..4:  2.9% 17.9% 79.2%
[stderr] [libx264 @ 0x11160d4a0] mb P  I16..4:  2.4% 16.3% 33.9%  P16..4: 10.9% 14.1% 22.4%  0.0%  0.0%    skip: 0.1%
[stderr] [libx264 @ 0x11160d4a0] mb B  I16..4:  1.0%  3.4%  3.7%  B16..8: 23.7% 22.3% 16.9%  direct:20.1%  skip: 8.8%  L0:31.5% L1:33.5% BI:35.0%
[stderr] [libx264 @ 0x11160d4a0] 8x8 transform intra:32.5% inter:28.9%
[stderr] [libx264 @ 0x11160d4a0] coded y,uvDC,uvAC intra: 86.7% 76.6% 41.5% inter: 62.7% 33.8% 2.4%
[stderr] [libx264 @ 0x11160d4a0] i16 v,h,dc,p: 34% 22% 23% 20%
[stderr] [libx264 @ 0x11160d4a0] i8 v,h,dc,ddl,ddr,vr,hd,vl,hu: 22% 18% 15%  3% 11%  9%  8%  7%  7%
[stderr] [libx264 @ 0x11160d4a0] i4 v,h,dc,ddl,ddr,vr,hd,vl,hu: 14% 19% 12%  3% 16%  9% 12%  6% 10%
[stderr] [libx264 @ 0x11160d4a0] i8c dc,h,v,p: 46% 23% 20% 11%
[stderr] [libx264 @ 0x11160d4a0] Weighted P-Frames: Y:36.4% UV:10.6%
[stderr] [libx264 @ 0x11160d4a0] kb/s:6204.78
[stderr] [aac @ 0x11167b790] Qavg: 344.044
[stderr] ffmpeg version 7.1 Copyright (c) 2000-2024 the FFmpeg developers
[stderr]   built with Apple clang version 15.0.0 (clang-1500.1.0.2.5)
[stderr]   configuration: --prefix=/opt/homebrew/Cellar/ffmpeg/7.1_3 --enable-shared --enable-pthreads --enable-version3 --cc=clang --host-cflags= --host-ldflags='-Wl,-ld_classic' --enable-ffplay --enable-gnutls --enable-gpl --enable-libaom --enable-libaribb24 --enable-libbluray --enable-libdav1d --enable-libharfbuzz --enable-libjxl --enable-libmp3lame --enable-libopus --enable-librav1e --enable-librist --enable-librubberband --enable-libsnappy --enable-libsrt --enable-libssh --enable-libsvtav1 --enable-libtesseract --enable-libtheora --enable-libvidstab --enable-libvmaf --enable-libvorbis --enable-libvpx --enable-libwebp --enable-libx264 --enable-libx265 --enable-libxml2 --enable-libxvid --enable-lzma --enable-libfontconfig --enable-libfreetype --enable-frei0r --enable-libass --enable-libopencore-amrnb --enable-libopencore-amrwb --enable-libopenjpeg --enable-libspeex --enable-libsoxr --enable-libzmq --enable-libzimg --disable-libjack --disable-indev=jack --enable-videotoolbox --enable-audiotoolbox --enable-neon
[stderr]   libavutil      59. 39.100 / 59. 39.100
[stderr]   libavcodec     61. 19.100 / 61. 19.100
[stderr]   libavformat    61.  7.100 / 61.  7.100
[stderr]   libavdevice    61.  3.100 / 61.  3.100
[stderr]   libavfilter    10.  4.100 / 10.  4.100
[stderr]   libswscale      8.  3.100 /  8.  3.100
[stderr]   libswresample   5.  3.100 /  5.  3.100
[stderr]   libpostproc    58.  3.100 / 58.  3.100
[stderr] Input #0, mov,mp4,m4a,3gp,3g2,mj2, from '/Users/johndoe/Documents/company/video_ops/scripts/abstract_algebra_in_proof_assistant/04-set-equality/takes/take-mrhmharr/pipeline/stabilize/stabilize-mriqdtnm/stabilized.mp4':
[stderr]   Metadata:
[stderr]     major_brand     : isom
[stderr]     minor_version   : 512
[stderr]     compatible_brands: isomiso2avc1mp41
[stderr]     encoder         : [stderr] Lavf61.7.100
[stderr]   Duration: 00:06:08.98, start: 0.000000, bitrate: 5562 kb/s
[stderr]   Stream #0:0[0x1](und): Video: h264 (High) (avc1 / 0x31637661), yuv420p(tv, smpte170m/bt709/bt709, progressive), 640x480, 5453 kb/s, 29.83 fps, 29.83 tbr, 11456 tbn (default)
[stderr]       Metadata:
[stderr]         handler_name    : Core Media Video
[stderr]         vendor_id       : [0][0][0][0]
[stderr]         encoder         : Lavc61.19.100 libx264
[stderr]   Stream #0:1[0x2](und): Audio: aac (LC) (mp4a / 0x6134706D), 48000 Hz, mono, fltp, 100 kb/s (default)
[stderr]       Metadata:
[stderr]         handler_name    : Core Media Audio
[stderr]         vendor_id       : [0][0][0][0]
[stderr] Stream mapping:
[stderr]   Stream #0:0 -> #0:0 (h264 (native) -> h264 (libx264))
[stderr]   Stream #0:1 -> #0:1 (aac (native) -> aac (native))
[stderr] Press [q] to stop, [?] for help
[stderr] [libx264 @ 0x155906160] using cpu capabilities: ARMv8 NEON
[stderr] [libx264 @ 0x155906160] profile High, level 3.0, 4:2:0, 8-bit
[stderr] [libx264 @ 0x155906160] 264 - core 164 r3108 31e19f9 - H.264/MPEG-4 AVC codec - Copyleft 2003-2023 - http://www.videolan.org/x264.html - options: cabac=1 ref=1 deblock=1:0:0 analyse=0x3:0x113 me=hex subme=2 psy=1 psy_rd=1.00:0.00 mixed_ref=0 me_range=16 chroma_me=1 trellis=0 8x8dct=1 cqm=0 deadzone=21,11 fast_pskip=1 chroma_qp_offset=0 threads=15 lookahead_threads=3 sliced_threads=0 nr=0 decimate=1 interlaced=0 bluray_compat=0 constrained_intra=0 bframes=3 b_pyramid=2 b_adapt=1 b_bias=0 direct=1 weightb=1 open_gop=0 weightp=1 keyint=250 keyint_min=25 scenecut=40 intra_refresh=0 rc_lookahead=10 rc=crf mbtree=1 crf=18.0 qcomp=0.60 qpmin=0 qpmax=69 qpstep=4 ip_ratio=1.40 aq=1:1.00
[stderr] Output #0, mp4, to '/Users/johndoe/Documents/company/video_ops/scripts/abstract_algebra_in_proof_assistant/04-set-equality/takes/take-mrhmharr/pipeline/cut/cut-mriq7mo6/chunks/chunk-016.mp4':
[stderr]   Metadata:
[stderr]     major_brand     : isom
[stderr]     minor_version   : 512
[stderr]     compatible_brands: isomiso2avc1mp41
[stderr]     encoder         : Lavf61.7.100
[stderr]   Stream #0:0(und): Video: h264 (avc1 / 0x31637661), yuv420p(tv, smpte170m/bt709/bt709, progressive), 640x480, q=2-31, 29.83 fps, 11456 tbn (default)
[stderr]       Metadata:
[stderr]         handler_name    : Core Media Video
[stderr]         vendor_id       : [0][0][0][0]
[stderr]         encoder         : Lavc61.19.100 libx264
[stderr]       Side data:
[stderr]         cpb: bitrate max/min/avg: 0/0/0 buffer size: 0 vbv_delay: N/A
[stderr]   Stream #0:1(und): Audio: aac (LC) (mp4a / 0x6134706D), 48000 Hz, mono, fltp, 69 kb/s (default)
[stderr]       Metadata:
[stderr]         handler_name    : Core Media Audio
[stderr]         vendor_id       : [0][0][0][0]
[stderr]         encoder         : Lavc61.19.100 aac
[stderr] [out#0/mp4 @ 0x1559051d0] video:249KiB audio:4KiB subtitle:0KiB other streams:0KiB global headers:0KiB muxing overhead: 0.727582%
[stderr] frame=   12 fps=4.5 q=-1.0 Lsize=     255KiB time=00:00:00.33 bitrate=6225.0kbits/s speed=0.125x    
[stderr] [libx264 @ 0x155906160] frame I:1     Avg QP:22.34  size: 29674
[stderr] [libx264 @ 0x155906160] frame P:3     Avg QP:23.28  size: 32564
[stderr] [libx264 @ 0x155906160] frame B:8     Avg QP:24.64  size: 15887
[stderr] [libx264 @ 0x155906160] consecutive B-frames:  8.3%  0.0% 25.0% 66.7%
[stderr] [libx264 @ 0x155906160] mb I  I16..4:  6.5% 24.4% 69.1%
[stderr] [libx264 @ 0x155906160] mb P  I16..4:  4.7% 15.2% 31.2%  P16..4: 10.9% 16.6% 20.9%  0.0%  0.0%    skip: 0.5%
[stderr] [libx264 @ 0x155906160] mb B  I16..4:  0.7%  1.8%  3.0%  B16..8: 25.0% 21.6% 12.1%  direct:21.9%  skip:13.9%  L0:34.1% L1:34.7% BI:31.2%
[stderr] [libx264 @ 0x155906160] 8x8 transform intra:28.5% inter:32.4%
[stderr] [libx264 @ 0x155906160] coded y,uvDC,uvAC intra: 85.7% 78.6% 45.0% inter: 53.5% 34.5% 2.3%
[stderr] [libx264 @ 0x155906160] i16 v,h,dc,p: 57% 10% 21% 11%
[stderr] [libx264 @ 0x155906160] i8 v,h,dc,ddl,ddr,vr,hd,vl,hu: 29% 12% 13%  2% 12% 13%  6%  6%  6%
[stderr] [libx264 @ 0x155906160] i4 v,h,dc,ddl,ddr,vr,hd,vl,hu: 15% 14% 11%  3% 20% 11% 11%  6%  8%
[stderr] [libx264 @ 0x155906160] i8c dc,h,v,p: 47% 22% 21% 11%
[stderr] [libx264 @ 0x155906160] Weighted P-Frames: Y:33.3% UV:0.0%
[stderr] [libx264 @ 0x155906160] kb/s:5060.99
[stderr] [aac @ 0x15597b040] Qavg: 122.970
[stderr] ffmpeg version 7.1 Copyright (c) 2000-2024 the FFmpeg developers
[stderr]   built with Apple clang version 15.0.0 (clang-1500.1.0.2.5)
[stderr]   configuration: --prefix=/opt/homebrew/Cellar/ffmpeg/7.1_3 --enable-shared --enable-pthreads --enable-version3 --cc=clang --host-cflags= --host-ldflags='-Wl,-ld_classic' --enable-ffplay --enable-gnutls --enable-gpl --enable-libaom --enable-libaribb24 --enable-libbluray --enable-libdav1d --enable-libharfbuzz --enable-libjxl --enable-libmp3lame --enable-libopus --enable-librav1e --enable-librist --enable-librubberband --enable-libsnappy --enable-libsrt --enable-libssh --enable-libsvtav1 --enable-libtesseract --enable-libtheora --enable-libvidstab --enable-libvmaf --enable-libvorbis --enable-libvpx --enable-libwebp --enable-libx264 --enable-libx265 --enable-libxml2 --enable-libxvid --enable-lzma --enable-libfontconfig --enable-libfreetype --enable-frei0r --enable-libass --enable-libopencore-amrnb --enable-libopencore-amrwb --enable-libopenjpeg --enable-libspeex --enable-libsoxr --enable-libzmq --enable-libzimg --disable-libjack --disable-indev=jack --enable-videotoolbox --enable-audiotoolbox --enable-neon
[stderr]   libavutil      59. 39.100 / 59. 39.100
[stderr]   libavcodec     61. 19.100 / 61. 19.100
[stderr]   libavformat    61.  7.100 / 61.  7.100
[stderr]   libavdevice    61.  3.100 / 61.  3.100
[stderr]   libavfilter    10.  4.100 / 10.  4.100
[stderr]   libswscale      8.  3.100 /  8.  3.100
[stderr]   libswresample   5.  3.100 /  5.  3.100
[stderr]   libpostproc    58.  3.100 / 58.  3.100
[stderr] Input #0, mov,mp4,m4a,3gp,3g2,mj2, from '/Users/johndoe/Documents/company/video_ops/scripts/abstract_algebra_in_proof_assistant/04-set-equality/takes/take-mrhmharr/pipeline/stabilize/stabilize-mriqdtnm/stabilized.mp4':
[stderr]   Metadata:
[stderr]     major_brand     : isom
[stderr]     minor_version   : 512
[stderr]     compatible_brands: isomiso2avc1mp41
[stderr]     encoder         : Lavf61.7.100
[stderr]   Duration: 00:06:08.98, start: 0.000000, bitrate: 5562 kb/s
[stderr]   Stream #0:0[0x1](und): Video: h264 (High) (avc1 / 0x31637661), yuv420p(tv, smpte170m/bt709/bt709, progressive), 640x480, 5453 kb/s, 29.83 fps, 29.83 tbr, 11456 tbn (default)
[stderr]       Metadata:
[stderr]         handler_name    : Core Media Video
[stderr]         vendor_id       : [0][0][0][0]
[stderr]         encoder         : Lavc61.19.100 libx264
[stderr]   Stream #0:1[0x2](und): Audio: aac (LC) (mp4a / 0x6134706D), 48000 Hz, mono, fltp, 100 kb/s (default)
[stderr]       Metadata:
[stderr]         handler_name    : Core Media Audio
[stderr]         vendor_id       : [0][0][0][0]
[stderr] Stream mapping:
[stderr]   Stream #0:0 -> #0:0 (h264 (native) -> h264 (libx264))
[stderr]   Stream #0:1 -> #0:1 (aac (native) -> aac (native))
[stderr] Press [q] to stop, [?] for help
[stderr] [libx264 @ 0x1339068b0] using cpu capabilities: ARMv8 NEON
[stderr] [libx264 @ 0x1339068b0] profile High, level 3.0, 4:2:0, 8-bit
[stderr] [libx264 @ 0x1339068b0] 264 - core 164 r3108 31e19f9 - H.264/MPEG-4 AVC codec - Copyleft 2003-2023 - http://www.videolan.org/x264.html - options: cabac=1 ref=1 deblock=1:0:0 analyse=0x3:0x113 me=hex subme=2 psy=1 psy_rd=1.00:0.00 mixed_ref=0 me_range=16 chroma_me=1 trellis=0 8x8dct=1 cqm=0 deadzone=21,11 fast_pskip=1 chroma_qp_offset=0 threads=15 lookahead_threads=3 sliced_threads=0 nr=0 decimate=1 interlaced=0 bluray_compat=0 constrained_intra=0 bframes=3 b_pyramid=2 b_adapt=1 b_bias=0 direct=1 weightb=1 open_gop=0 weightp=1 keyint=250 keyint_min=25 scenecut=40 intra_refresh=0 rc_lookahead=10 rc=crf mbtree=1 crf=18.0 qcomp=0.60 qpmin=0 qpmax=69 qpstep=4 ip_ratio=1.40 aq=1:1.00
[stderr] Output #0, mp4, to '/Users/johndoe/Documents/company/video_ops/scripts/abstract_algebra_in_proof_assistant/04-set-equality/takes/take-mrhmharr/pipeline/cut/cut-mriq7mo6/chunks/chunk-017.mp4':
[stderr]   Metadata:
[stderr]     major_brand     : isom
[stderr]     minor_version   : 512
[stderr]     compatible_brands: isomiso2avc1mp41
[stderr]     encoder         : Lavf61.7.100
[stderr]   Stream #0:0(und): Video: h264 (avc1 / 0x31637661), yuv420p(tv, smpte170m/bt709/bt709, progressive), 640x480, q=2-31, 29.83 fps, 11456 tbn (default)
[stderr]       Metadata:
[stderr]         handler_name    : Core Media Video
[stderr]         vendor_id       : [0][0][0][0]
[stderr]         encoder         : Lavc61.19.100 libx264
[stderr]       Side data:
[stderr]         cpb: bitrate max/min/avg: 0/0/0 buffer size: 0 vbv_delay: N/A
[stderr]   Stream #0:1(und): Audio: aac (LC) (mp4a / 0x6134706D), 48000 Hz, mono, fltp, 69 kb/s (default)
[stderr]       Metadata:
[stderr]         handler_name    : Core Media Audio
[stderr]         vendor_id       : [0][0][0][0]
[stderr]         encoder         : Lavc61.19.100 aac
[stderr] [out#0/mp4 @ 0x133905970] video:3289KiB audio:42KiB subtitle:0KiB other streams:0KiB global headers:0KiB muxing overhead: 0.197879%
[stderr] frame=  145 fps= 51 q=-1.0 Lsize=    3337KiB time=00:00:04.82 bitrate=5663.2kbits/s speed=1.69x    
[stderr] [libx264 @ 0x1339068b0] frame I:2     Avg QP:20.50  size: 41948
[stderr] [libx264 @ 0x1339068b0] frame P:41    Avg QP:22.88  size: 37994
[stderr] [libx264 @ 0x1339068b0] frame B:102   Avg QP:25.12  size: 16914
[stderr] [libx264 @ 0x1339068b0] consecutive B-frames:  4.1%  5.5%  2.1% 88.3%
[stderr] [libx264 @ 0x1339068b0] mb I  I16..4:  5.0% 13.2% 81.8%
[stderr] [libx264 @ 0x1339068b0] mb P  I16..4:  2.3% 10.1% 23.8%  P16..4: 16.1% 19.1% 28.2%  0.0%  0.0%    skip: 0.5%
[stderr] [libx264 @ 0x1339068b0] mb B  I16..4:  0.5%  0.9%  2.0%  B16..8: 27.2% 21.1% 12.8%  direct:22.6%  skip:12.8%  L0:32.4% L1:32.4% BI:35.2%
[stderr] [libx264 @ 0x1339068b0] 8x8 transform intra:26.3% inter:28.3%
[stderr] [libx264 @ 0x1339068b0] coded y,uvDC,uvAC intra: 88.4% 84.5% 50.3% inter: 57.7% 32.0% 2.9%
[stderr] [libx264 @ 0x1339068b0] i16 v,h,dc,p: 50% 13% 25% 12%
[stderr] [libx264 @ 0x1339068b0] i8 v,h,dc,ddl,ddr,vr,hd,vl,hu: 20% 18% 15%  3% 10%  9% 10%  7%  8%
[stderr] [libx264 @ 0x1339068b0] i4 v,h,dc,ddl,ddr,vr,hd,vl,hu: 14% 18% 12%  4% 14%  8% 11%  7% 10%
[stderr] [libx264 @ 0x1339068b0] i8c dc,h,v,p: 45% 21% 21% 14%
[stderr] [libx264 @ 0x1339068b0] Weighted P-Frames: Y:19.5% UV:4.9%
[stderr] [libx264 @ 0x1339068b0] kb/s:5541.84
[stderr] [aac @ 0x133a22350] Qavg: 144.744
[stderr] ffmpeg version 7.1 Copyright (c) 2000-2024 the FFmpeg developers
[stderr]   built with Apple clang version 15.0.0 (clang-1500.1.0.2.5)
[stderr]   configuration: --prefix=/opt/homebrew/Cellar/ffmpeg/7.1_3 --enable-shared --enable-pthreads --enable-version3 --cc=clang --host-cflags= --host-ldflags='-Wl,-ld_classic' --enable-ffplay --enable-gnutls --enable-gpl --enable-libaom --enable-libaribb24 --enable-libbluray --enable-libdav1d --enable-libharfbuzz --enable-libjxl --enable-libmp3lame --enable-libopus --enable-librav1e --enable-librist --enable-librubberband --enable-libsnappy --enable-libsrt --enable-libssh --enable-libsvtav1 --enable-libtesseract --enable-libtheora --enable-libvidstab --enable-libvmaf --enable-libvorbis --enable-libvpx --enable-libwebp --enable-libx264 --enable-libx265 --enable-libxml2 --enable-libxvid --enable-lzma --enable-libfontconfig --enable-libfreetype --enable-frei0r --enable-libass --enable-libopencore-amrnb --enable-libopencore-amrwb --enable-libopenjpeg --enable-libspeex --enable-libsoxr --enable-libzmq --enable-libzimg --disable-libjack --disable-indev=jack --enable-videotoolbox --enable-audiotoolbox --enable-neon
[stderr]   libavutil      59. 39.100 / 59. 39.100
[stderr]   libavcodec     61. 19.100 / 61. 19.100
[stderr]   libavformat    61.  7.100 / 61.  7.100
[stderr]   libavdevice    61.  3.100 / 61.  3.100
[stderr]   libavfilter    10.  4.100 / 10.  4.100
[stderr]   libswscale      8.  3.100 /  8.  3.100
[stderr]   libswresample   5.  3.100 /  5.  3.100
[stderr]   libpostproc    58.  3.100 / 58.  3.100
[stderr] Input #0, mov,mp4,m4a,3gp,3g2,mj2, from '/Users/johndoe/Documents/company/video_ops/scripts/abstract_algebra_in_proof_assistant/04-set-equality/takes/take-mrhmharr/pipeline/stabilize/stabilize-mriqdtnm/stabilized.mp4':
[stderr]   Metadata:
[stderr]     major_brand     : isom
[stderr]     minor_version   : 512
[stderr]     compatible_brands: isomiso2avc1mp41
[stderr]     encoder         : [stderr] Lavf61.7.100
[stderr]   Duration: 00:06:08.98, start: 0.000000, bitrate: 5562 kb/s
[stderr]   Stream #0:0[0x1](und): Video: h264 (High) (avc1 / 0x31637661), yuv420p(tv, smpte170m/bt709/bt709, progressive), 640x480, 5453 kb/s, 29.83 fps, 29.83 tbr, 11456 tbn (default)
[stderr]       Metadata:
[stderr]         handler_name    : Core Media Video
[stderr]         vendor_id       : [0][0][0][0]
[stderr]         encoder         : Lavc61.19.100 libx264
[stderr]   Stream #0:1[0x2](und): Audio: aac (LC) (mp4a / 0x6134706D), 48000 Hz, mono, fltp, 100 kb/s (default)
[stderr]       Metadata:
[stderr]         handler_name    : Core Media Audio
[stderr]         vendor_id       : [0][0][0][0]
[stderr] Stream mapping:
[stderr]   Stream #0:0 -> #0:0 (h264 (native) -> h264 (libx264))
[stderr]   Stream #0:1 -> #0:1 (aac (native) -> aac (native))
[stderr] Press [q] to stop, [?] for help
[stderr] [libx264 @ 0x1509052d0] using cpu capabilities: ARMv8 NEON
[stderr] [libx264 @ 0x1509052d0] profile High, level 3.0, 4:2:0, 8-bit
[stderr] [libx264 @ 0x1509052d0] 264 - core 164 r3108 31e19f9 - H.264/MPEG-4 AVC codec - Copyleft 2003-2023 - http://www.videolan.org/x264.html - options: cabac=1 ref=1 deblock=1:0:0 analyse=0x3:0x113 me=hex subme=2 psy=1 psy_rd=1.00:0.00 mixed_ref=0 me_range=16 chroma_me=1 trellis=0 8x8dct=1 cqm=0 deadzone=21,11 fast_pskip=1 chroma_qp_offset=0 threads=15 lookahead_threads=3 sliced_threads=0 nr=0 decimate=1 interlaced=0 bluray_compat=0 constrained_intra=0 bframes=3 b_pyramid=2 b_adapt=1 b_bias=0 direct=1 weightb=1 open_gop=0 weightp=1 keyint=250 keyint_min=25 scenecut=40 intra_refresh=0 rc_lookahead=10 rc=crf mbtree=1 crf=18.0 qcomp=0.60 qpmin=0 qpmax=69 qpstep=4 ip_ratio=1.40 aq=1:1.00
[stderr] Output #0, mp4, to '/Users/johndoe/Documents/company/video_ops/scripts/abstract_algebra_in_proof_assistant/04-set-equality/takes/take-mrhmharr/pipeline/cut/cut-mriq7mo6/chunks/chunk-018.mp4':
[stderr]   Metadata:
[stderr]     major_brand     : isom
[stderr]     minor_version   : 512
[stderr]     compatible_brands: isomiso2avc1mp41
[stderr]     encoder         : Lavf61.7.100
[stderr]   Stream #0:0(und): Video: h264 (avc1 / 0x31637661), yuv420p(tv, smpte170m/bt709/bt709, progressive), 640x480, q=2-31, 29.83 fps, 11456 tbn (default)
[stderr]       Metadata:
[stderr]         handler_name    : Core Media Video
[stderr]         vendor_id       : [0][0][0][0]
[stderr]         encoder         : Lavc61.19.100 libx264
[stderr]       Side data:
[stderr]         cpb: bitrate max/min/avg: 0/0/0 buffer size: 0 vbv_delay: N/A
[stderr]   Stream #0:1(und): Audio: aac (LC) (mp4a / 0x6134706D), 48000 Hz, mono, fltp, 69 kb/s (default)
[stderr]       Metadata:
[stderr]         handler_name    : Core Media Audio
[stderr]         vendor_id       : [0][0][0][0]
[stderr]         encoder         : Lavc61.19.100 aac
[stderr] [out#0/mp4 @ 0x150904270] video:3288KiB audio:40KiB subtitle:0KiB other streams:0KiB global headers:0KiB muxing overhead: 0.191894%
[stderr] frame=  139 fps= 51 q=-1.0 Lsize=    3335KiB time=00:00:04.62 bitrate=5905.6kbits/s speed=1.71x    
[stderr] [libx264 @ 0x1509052d0] frame I:2     Avg QP:21.27  size: 48868
[stderr] [libx264 @ 0x1509052d0] frame P:40    Avg QP:23.17  size: 36696
[stderr] [libx264 @ 0x1509052d0] frame B:97    Avg QP:25.24  size: 18566
[stderr] [libx264 @ 0x1509052d0] consecutive B-frames:  5.0%  5.8%  0.0% 89.2%
[stderr] [libx264 @ 0x1509052d0] mb I  I16..4:  2.5% 13.9% 83.7%
[stderr] [libx264 @ 0x1509052d0] mb P  I16..4:  2.0% 10.4% 29.5%  P16..4: 14.8% 17.4% 25.5%  0.0%  0.0%    skip: 0.3%
[stderr] [libx264 @ 0x1509052d0] mb B  I16..4:  0.7%  1.5%  1.4%  B16..8: 27.6% 22.9% 15.1%  direct:20.9%  skip:10.0%  L0:33.2% L1:30.7% BI:36.0%
[stderr] [libx264 @ 0x1509052d0] 8x8 transform intra:26.6% inter:27.3%
[stderr] [libx264 @ 0x1509052d0] coded y,uvDC,uvAC intra: 89.1% 79.2% 41.7% inter: 59.3% 30.4% 2.5%
[stderr] [libx264 @ 0x1509052d0] i16 v,h,dc,p: 43% 17% 26% 13%
[stderr] [libx264 @ 0x1509052d0] i8 v,h,dc,ddl,ddr,vr,hd,vl,hu: 19% 19% 14%  3% 10%  9% 10%  7%  9%
[stderr] [libx264 @ 0x1509052d0] i4 v,h,dc,ddl,ddr,vr,hd,vl,hu: 16% 18% 12%  4% 14%  8% 10%  7% 10%
[stderr] [libx264 @ 0x1509052d0] i8c dc,h,v,p: 47% 20% 22% 12%
[stderr] [libx264 @ 0x1509052d0] Weighted P-Frames: Y:20.0% UV:5.0%
[stderr] [libx264 @ 0x1509052d0] kb/s:5780.35
[stderr] [aac @ 0x15097a170] Qavg: 421.339
[stderr] ffmpeg version 7.1 Copyright (c) 2000-2024 the FFmpeg developers
[stderr]   built with Apple clang version 15.0.0 (clang-1500.1.0.2.5)
[stderr]   configuration: --prefix=/opt/homebrew/Cellar/ffmpeg/7.1_3 --enable-shared --enable-pthreads --enable-version3 --cc=clang --host-cflags= --host-ldflags='-Wl,-ld_classic' --enable-ffplay --enable-gnutls --enable-gpl --enable-libaom --enable-libaribb24 --enable-libbluray --enable-libdav1d --enable-libharfbuzz --enable-libjxl --enable-libmp3lame --enable-libopus --enable-librav1e --enable-librist --enable-librubberband --enable-libsnappy --enable-libsrt --enable-libssh --enable-libsvtav1 --enable-libtesseract --enable-libtheora --enable-libvidstab --enable-libvmaf --enable-libvorbis --enable-libvpx --enable-libwebp --enable-libx264 --enable-libx265 --enable-libxml2 --enable-libxvid --enable-lzma --enable-libfontconfig --enable-libfreetype --enable-frei0r --enable-libass --enable-libopencore-amrnb --enable-libopencore-amrwb --enable-libopenjpeg --enable-libspeex --enable-libsoxr --enable-libzmq --enable-libzimg --disable-libjack --disable-indev=jack --enable-videotoolbox --enable-audiotoolbox --enable-neon
[stderr]   libavutil      59. 39.100 / 59. 39.100
[stderr]   libavcodec     61. 19.100 / 61. 19.100
[stderr]   libavformat    61.  7.100 / 61.  7.100
[stderr]   libavdevice    61.  3.100 / 61.  3.100
[stderr]   libavfilter    10.  4.100 / 10.  4.100
[stderr]   libswscale      8.  3.100 /  8.  3.100
[stderr]   libswresample   5.  3.100 /  5.  3.100
[stderr]   libpostproc    58.  3.100 / 58.  3.100
[stderr] Input #0, mov,mp4,m4a,3gp,3g2,mj2, from '/Users/johndoe/Documents/company/video_ops/scripts/abstract_algebra_in_proof_assistant/04-set-equality/takes/take-mrhmharr/pipeline/stabilize/stabilize-mriqdtnm/stabilized.mp4':
[stderr]   Metadata:
[stderr]     major_brand     : isom
[stderr]     minor_version   : 512
[stderr]     compatible_brands: isomiso2avc1mp41
[stderr]     encoder         : Lavf61.7.100
[stderr]   Duration: 00:06:08.98, start: 0.000000, bitrate: 5562 kb/s
[stderr]   Stream #0:0[0x1](und): Video: h264 (High) (avc1 / 0x31637661), yuv420p(tv, smpte170m/bt709/bt709, progressive), 640x480, 5453 kb/s, 29.83 fps, 29.83 tbr, 11456 tbn (default)
[stderr]       Metadata:
[stderr]         handler_name    : Core Media Video
[stderr]         vendor_id       : [0][0][0][0]
[stderr]         encoder         : Lavc61.19.100 libx264
[stderr]   Stream #0:1[0x2](und): Audio: aac (LC) (mp4a / 0x6134706D), 48000 Hz, mono, fltp, 100 kb/s (default)
[stderr]       Metadata:
[stderr]         handler_name    : Core Media Audio
[stderr]         vendor_id       : [0][0][0][0]
[stderr] Stream mapping:
[stderr]   Stream #0:0 -> #0:0 (h264 (native) -> h264 (libx264))
[stderr]   Stream #0:1 -> #0:1 (aac (native) -> aac (native))
[stderr] Press [q] to stop, [?] for help
[stderr] [libx264 @ 0x14b106160] using cpu capabilities: ARMv8 NEON
[stderr] [libx264 @ 0x14b106160] profile High, level 3.0, 4:2:0, 8-bit
[stderr] [libx264 @ 0x14b106160] 264 - core 164 r3108 31e19f9 - H.264/MPEG-4 AVC codec - Copyleft 2003-2023 - http://www.videolan.org/x264.html - options: cabac=1 ref=1 deblock=1:0:0 analyse=0x3:0x113 me=hex subme=2 psy=1 psy_rd=1.00:0.00 mixed_ref=0 me_range=16 chroma_me=1 trellis=0 8x8dct=1 cqm=0 deadzone=21,11 fast_pskip=1 chroma_qp_offset=0 threads=15 lookahead_threads=3 sliced_threads=0 nr=0 decimate=1 interlaced=0 bluray_compat=0 constrained_intra=0 bframes=3 b_pyramid=2 b_adapt=1 b_bias=0 direct=1 weightb=1 open_gop=0 weightp=1 keyint=250 keyint_min=25 scenecut=40 intra_refresh=0 rc_lookahead=10 rc=crf mbtree=1 crf=18.0 qcomp=0.60 qpmin=0 qpmax=69 qpstep=4 ip_ratio=1.40 aq=1:1.00
[stderr] Output #0, mp4, to '/Users/johndoe/Documents/company/video_ops/scripts/abstract_algebra_in_proof_assistant/04-set-equality/takes/take-mrhmharr/pipeline/cut/cut-mriq7mo6/chunks/chunk-019.mp4':
[stderr]   Metadata:
[stderr]     major_brand     : isom
[stderr]     minor_version   : 512
[stderr]     compatible_brands: isomiso2avc1mp41
[stderr]     encoder         : Lavf61.7.100
[stderr]   Stream #0:0(und): Video: h264 (avc1 / 0x31637661), yuv420p(tv, smpte170m/bt709/bt709, progressive), 640x480, q=2-31, 29.83 fps, 11456 tbn (default)
[stderr]       Metadata:
[stderr]         handler_name    : Core Media Video
[stderr]         vendor_id       : [0][0][0][0]
[stderr]         encoder         : Lavc61.19.100 libx264
[stderr]       Side data:
[stderr]         cpb: bitrate max/min/avg: 0/0/0 buffer size: 0 vbv_delay: N/A
[stderr]   Stream #0:1(und): Audio: aac (LC) (mp4a / 0x6134706D), 48000 Hz, mono, fltp, 69 kb/s (default)
[stderr]       Metadata:
[stderr]         handler_name    : Core Media Audio
[stderr]         vendor_id       : [0][0][0][0]
[stderr]         encoder         : Lavc61.19.100 aac
[stderr] [out#0/mp4 @ 0x14b1051d0] video:2791KiB audio:33KiB subtitle:0KiB other streams:0KiB global headers:0KiB muxing overhead: 0.195335%
[stderr] frame=  115 fps= 40 q=-1.0 Lsize=    2829KiB time=00:00:03.78 bitrate=6118.9kbits/s speed=1.32x    
[stderr] [libx264 @ 0x14b106160] frame I:2     Avg QP:21.29  size: 43526
[stderr] [libx264 @ 0x14b106160] frame P:34    Avg QP:23.23  size: 36747
[stderr] [libx264 @ 0x14b106160] frame B:79    Avg QP:25.48  size: 19247
[stderr] [libx264 @ 0x14b106160] consecutive B-frames:  5.2%  8.7%  2.6% 83.5%
[stderr] [libx264 @ 0x14b106160] mb I  I16..4:  5.9% 11.3% 82.8%
[stderr] [libx264 @ 0x14b106160] mb P  I16..4:  3.0%  9.6% 30.3%  P16..4: 13.3% 17.1% 26.3%  0.0%  0.0%    skip: 0.4%
[stderr] [libx264 @ 0x14b106160] mb B  I16..4:  0.8%  1.1%  1.7%  B16..8: 26.7% 23.2% 15.5%  direct:21.4%  skip: 9.6%  L0:31.4% L1:32.7% BI:36.0%
[stderr] [libx264 @ 0x14b106160] 8x8 transform intra:22.6% inter:27.2%
[stderr] [libx264 @ 0x14b106160] coded y,uvDC,uvAC intra: 87.9% 79.9% 40.5% inter: 61.9% 30.0% 2.0%
[stderr] [libx264 @ 0x14b106160] i16 v,h,dc,p: 55% 19% 16% 10%
[stderr] [libx264 @ 0x14b106160] i8 v,h,dc,ddl,ddr,vr,hd,vl,hu: 19% 20% 13%  3% 10%  9% 10%  8%  9%
[stderr] [libx264 @ 0x14b106160] i4 v,h,dc,ddl,ddr,vr,hd,vl,hu: 17% 17% 13%  4% 13%  9%  9%  7% 10%
[stderr] [libx264 @ 0x14b106160] i8c dc,h,v,p: 47% 21% 22% 10%
[stderr] [libx264 @ 0x14b106160] Weighted P-Frames: Y:17.6% UV:5.9%
[stderr] [libx264 @ 0x14b106160] kb/s:5929.26
[stderr] [aac @ 0x14b17b040] Qavg: 120.215
[stderr] ffmpeg version 7.1 Copyright (c) 2000-2024 the FFmpeg developers
[stderr]   built with Apple clang version 15.0.0 (clang-1500.1.0.2.5)
[stderr]   configuration: --prefix=/opt/homebrew/Cellar/ffmpeg/7.1_3 --enable-shared --enable-pthreads --enable-version3 --cc=clang --host-cflags= --host-ldflags='-Wl,-ld_classic' --enable-ffplay --enable-gnutls --enable-gpl --enable-libaom --enable-libaribb24 --enable-libbluray --enable-libdav1d --enable-libharfbuzz --enable-libjxl --enable-libmp3lame --enable-libopus --enable-librav1e --enable-librist --enable-librubberband --enable-libsnappy --enable-libsrt --enable-libssh --enable-libsvtav1 --enable-libtesseract --enable-libtheora --enable-libvidstab --enable-libvmaf --enable-libvorbis --enable-libvpx --enable-libwebp --enable-libx264 --enable-libx265 --enable-libxml2 --enable-libxvid --enable-lzma --enable-libfontconfig --enable-libfreetype --enable-frei0r --enable-libass --enable-libopencore-amrnb --enable-libopencore-amrwb --enable-libopenjpeg --enable-libspeex --enable-libsoxr --enable-libzmq --enable-libzimg --disable-libjack --disable-indev=jack --enable-videotoolbox --enable-audiotoolbox --enable-neon
[stderr]   libavutil      59. 39.100 / 59. 39.100
[stderr]   libavcodec     61. 19.100 / 61. 19.100
[stderr]   libavformat    61.  7.100 / 61.  7.100
[stderr]   libavdevice    61.  3.100 / 61.  3.100
[stderr]   libavfilter    10.  4.100 / 10.  4.100
[stderr]   libswscale      8.  3.100 /  8.  3.100
[stderr]   libswresample   5.  3.100 /  5.  3.100
[stderr]   libpostproc    58.  3.100 / 58.  3.100
[stderr] Input #0, mov,mp4,m4a,3gp,3g2,mj2, from '/Users/johndoe/Documents/company/video_ops/scripts/abstract_algebra_in_proof_assistant/04-set-equality/takes/take-mrhmharr/pipeline/stabilize/stabilize-mriqdtnm/stabilized.mp4':
[stderr]   Metadata:
[stderr]     major_brand     : isom
[stderr]     minor_version   : 512
[stderr]     compatible_brands: isomiso2avc1mp41
[stderr]     encoder         : Lavf61.7.100
[stderr]   Duration: 00:06:08.98, start: 0.000000, bitrate: 5562 kb/s
[stderr]   Stream #0:0[0x1](und): Video: h264 (High) (avc1 / 0x31637661), yuv420p(tv, smpte170m/bt709/bt709, progressive), 640x480, 5453 kb/s, 29.83 fps, 29.83 tbr, 11456 tbn (default)
[stderr]       Metadata:
[stderr]         handler_name    : Core Media Video
[stderr]         vendor_id       : [0][0][0][0]
[stderr]         encoder         : Lavc61.19.100 libx264
[stderr]   Stream #0:1[0x2](und): Audio: aac (LC) (mp4a / 0x6134706D), 48000 Hz, mono, fltp, 100 kb/s (default)
[stderr]       Metadata:
[stderr]         handler_name    : Core Media Audio
[stderr]         vendor_id       : [0][0][0][0]
[stderr] Stream mapping:
[stderr]   Stream #0:0 -> #0:0 (h264 (native) -> h264 (libx264))
[stderr]   Stream #0:1 -> #0:1 (aac (native) -> aac (native))
[stderr] Press [q] to stop, [?] for help
[stderr] [libx264 @ 0x12e611e40] using cpu capabilities: ARMv8 NEON
[stderr] [libx264 @ 0x12e611e40] profile High, level 3.0, 4:2:0, 8-bit
[stderr] [libx264 @ 0x12e611e40] 264 - core 164 r3108 31e19f9 - H.264/MPEG-4 AVC codec - Copyleft 2003-2023 - http://www.videolan.org/x264.html - options: cabac=1 ref=1 deblock=1:0:0 analyse=0x3:0x113 me=hex subme=2 psy=1 psy_rd=1.00:0.00 mixed_ref=0 me_range=16 chroma_me=1 trellis=0 8x8dct=1 cqm=0 deadzone=21,11 fast_pskip=1 chroma_qp_offset=0 threads=15 lookahead_threads=3 sliced_threads=0 nr=0 decimate=1 interlaced=0 bluray_compat=0 constrained_intra=0 bframes=3 b_pyramid=2 b_adapt=1 b_bias=0 direct=1 weightb=1 open_gop=0 weightp=1 keyint=250 keyint_min=25 scenecut=40 intra_refresh=0 rc_lookahead=10 rc=crf mbtree=1 crf=18.0 qcomp=0.60 qpmin=0 qpmax=69 qpstep=4 ip_ratio=1.40 aq=1:1.00
[stderr] Output #0, mp4, to '/Users/johndoe/Documents/company/video_ops/scripts/abstract_algebra_in_proof_assistant/04-set-equality/takes/take-mrhmharr/pipeline/cut/cut-mriq7mo6/chunks/chunk-020.mp4':
[stderr]   Metadata:
[stderr]     major_brand     : isom
[stderr]     minor_version   : 512
[stderr]     compatible_brands: isomiso2avc1mp41
[stderr]     encoder         : Lavf61.7.100
[stderr]   Stream #0:0(und): Video: h264 (avc1 / 0x31637661), yuv420p(tv, smpte170m/bt709/bt709, progressive), 640x480, q=2-31, 29.83 fps, 11456 tbn (default)
[stderr]       Metadata:
[stderr]         handler_name    : Core Media Video
[stderr]         vendor_id       : [0][0][0][0]
[stderr]         encoder         : Lavc61.19.100 libx264
[stderr]       Side data:
[stderr]         cpb: bitrate max/min/avg: 0/0/0 buffer size: 0 vbv_delay: N/A
[stderr]   Stream #0:1(und): Audio: aac (LC) (mp4a / 0x6134706D), 48000 Hz, mono, fltp, 69 kb/s (default)
[stderr]       Metadata:
[stderr]         handler_name    : Core Media Audio
[stderr]         vendor_id       : [0][0][0][0]
[stderr]         encoder         : Lavc61.19.100 aac
[stderr] [out#0/mp4 @ 0x12e613340] video:2363KiB audio:29KiB subtitle:0KiB other streams:0KiB global headers:0KiB muxing overhead: 0.206137%
[stderr] frame=   99 fps= 34 q=-1.0 Lsize=    2396KiB time=00:00:03.28 bitrate=5976.2kbits/s speed=1.13x    
[stderr] [libx264 @ 0x12e611e40] frame I:1     Avg QP:22.68  size: 51986
[stderr] [libx264 @ 0x12e611e40] frame P:32    Avg QP:23.15  size: 40612
[stderr] [libx264 @ 0x12e611e40] frame B:66    Avg QP:25.68  size: 16168
[stderr] [libx264 @ 0x12e611e40] consecutive B-frames:  7.1%  8.1% 12.1% 72.7%
[stderr] [libx264 @ 0x12e611e40] mb I  I16..4:  2.2%  5.0% 92.8%
[stderr] [libx264 @ 0x12e611e40] mb P  I16..4:  0.5%  4.6% 15.7%  P16..4: 23.8% 22.6% 32.3%  0.0%  0.0%    skip: 0.5%
[stderr] [libx264 @ 0x12e611e40] mb B  I16..4:  0.2%  0.5%  1.4%  B16..8: 24.9% 20.2% 11.3%  direct:28.5%  skip:13.1%  L0:30.3% L1:34.3% BI:35.4%
[stderr] [libx264 @ 0x12e611e40] 8x8 transform intra:20.5% inter:32.4%
[stderr] [libx264 @ 0x12e611e40] coded y,uvDC,uvAC intra: 94.1% 88.6% 47.9% inter: 63.0% 26.2% 2.4%
[stderr] [libx264 @ 0x12e611e40] i16 v,h,dc,p: 32% 20% 28% 20%
[stderr] [libx264 @ 0x12e611e40] i8 v,h,dc,ddl,ddr,vr,hd,vl,hu: 18% 21% 14%  3%  8%  6% 10%  9% 10%
[stderr] [libx264 @ 0x12e611e40] i4 v,h,dc,ddl,ddr,vr,hd,vl,hu: 13% 23% 13%  4% 11%  6% 11%  7% 13%
[stderr] [libx264 @ 0x12e611e40] i8c dc,h,v,p: 46% 25% 19% 11%
[stderr] [libx264 @ 0x12e611e40] Weighted P-Frames: Y:40.6% UV:6.2%
[stderr] [libx264 @ 0x12e611e40] kb/s:5830.85
[stderr] [aac @ 0x14f242ae0] Qavg: 111.224
[stderr] ffmpeg version 7.1 Copyright (c) 2000-2024 the FFmpeg developers
[stderr]   built with Apple clang version 15.0.0 (clang-1500.1.0.2.5)
[stderr]   configuration: --prefix=/opt/homebrew/Cellar/ffmpeg/7.1_3 --enable-shared --enable-pthreads --enable-version3 --cc=clang --host-cflags= --host-ldflags='-Wl,-ld_classic' --enable-ffplay --enable-gnutls --enable-gpl --enable-libaom --enable-libaribb24 --enable-libbluray --enable-libdav1d --enable-libharfbuzz --enable-libjxl --enable-libmp3lame --enable-libopus --enable-librav1e --enable-librist --enable-librubberband --enable-libsnappy --enable-libsrt --enable-libssh --enable-libsvtav1 --enable-libtesseract --enable-libtheora --enable-libvidstab --enable-libvmaf --enable-libvorbis --enable-libvpx --enable-libwebp --enable-libx264 --enable-libx265 --enable-libxml2 --enable-libxvid --enable-lzma --enable-libfontconfig --enable-libfreetype --enable-frei0r --enable-libass --enable-libopencore-amrnb --enable-libopencore-amrwb --enable-libopenjpeg --enable-libspeex --enable-libsoxr --enable-libzmq --enable-libzimg --disable-libjack --disable-indev=jack --enable-videotoolbox --enable-audiotoolbox --enable-neon
[stderr]   libavutil      59. 39.100 / 59. 39.100
[stderr]   libavcodec     61. 19.100 / 61. 19.100
[stderr]   libavformat    61.  7.100 / 61.  7.100
[stderr]   libavdevice    61.  3.100 / 61.  3.100
[stderr]   libavfilter    10.  4.100 / 10.  4.100
[stderr]   libswscale      8.  3.100 /  8.  3.100
[stderr]   libswresample   5.  3.100 /  5.  3.100
[stderr]   libpostproc    58.  3.100 / 58.  3.100
[stderr] Input #0, mov,mp4,m4a,3gp,3g2,mj2, from '/Users/johndoe/Documents/company/video_ops/scripts/abstract_algebra_in_proof_assistant/04-set-equality/takes/take-mrhmharr/pipeline/stabilize/stabilize-mriqdtnm/stabilized.mp4':
[stderr]   Metadata:
[stderr]     major_brand     : isom
[stderr]     minor_version   : 512
[stderr]     compatible_brands: isomiso2avc1mp41
[stderr]     encoder         : Lavf61.7.100
[stderr]   Duration: 00:06:08.98, start: 0.000000, bitrate: 5562 kb/s
[stderr]   Stream #0:0[0x1](und): Video: h264 (High) (avc1 / 0x31637661), yuv420p(tv, smpte170m/bt709/bt709, progressive), 640x480, 5453 kb/s, 29.83 fps, 29.83 tbr, 11456 tbn (default)
[stderr]       Metadata:
[stderr]         handler_name    : Core Media Video
[stderr]         vendor_id       : [0][0][0][0]
[stderr]         encoder         : Lavc61.19.100 libx264
[stderr]   Stream #0:1[0x2](und): Audio: aac (LC) (mp4a / 0x6134706D), 48000 Hz, mono, fltp, 100 kb/s (default)
[stderr]       Metadata:
[stderr]         handler_name    : Core Media Audio
[stderr]         vendor_id       : [0][0][0][0]
[stderr] Stream mapping:
[stderr]   Stream #0:0 -> #0:0 (h264 (native) -> h264 (libx264))
[stderr]   Stream #0:1 -> #0:1 (aac (native) -> aac (native))
[stderr] Press [q] to stop, [?] for help
[stderr] [libx264 @ 0x12c619860] using cpu capabilities: ARMv8 NEON
[stderr] [libx264 @ 0x12c619860] profile High, level 3.0, 4:2:0, 8-bit
[stderr] [libx264 @ 0x12c619860] 264 - core 164 r3108 31e19f9 - H.264/MPEG-4 AVC codec - Copyleft 2003-2023 - http://www.videolan.org/x264.html - options: cabac=1 ref=1 deblock=1:0:0 analyse=0x3:0x113 me=hex subme=2 psy=1 psy_rd=1.00:0.00 mixed_ref=0 me_range=16 chroma_me=1 trellis=0 8x8dct=1 cqm=0 deadzone=21,11 fast_pskip=1 chroma_qp_offset=0 threads=15 lookahead_threads=3 sliced_threads=0 nr=0 decimate=1 interlaced=0 bluray_compat=0 constrained_intra=0 bframes=3 b_pyramid=2 b_adapt=1 b_bias=0 direct=1 weightb=1 open_gop=0 weightp=1 keyint=250 keyint_min=25 scenecut=40 intra_refresh=0 rc_lookahead=10 rc=crf mbtree=1 crf=18.0 qcomp=0.60 qpmin=0 qpmax=69 qpstep=4 ip_ratio=1.40 aq=1:1.00
[stderr] Output #0, mp4, to '/Users/johndoe/Documents/company/video_ops/scripts/abstract_algebra_in_proof_assistant/04-set-equality/takes/take-mrhmharr/pipeline/cut/cut-mriq7mo6/chunks/chunk-021.mp4':
[stderr]   Metadata:
[stderr]     major_brand     : isom
[stderr]     minor_version   : 512
[stderr]     compatible_brands: isomiso2avc1mp41
[stderr]     encoder         : Lavf61.7.100
[stderr]   Stream #0:0(und): Video: h264 (avc1 / 0x31637661), yuv420p(tv, smpte170m/bt709/bt709, progressive), 640x480, q=2-31, 29.83 fps, 11456 tbn (default)
[stderr]       Metadata:
[stderr]         handler_name    : Core Media Video
[stderr]         vendor_id       : [0][0][0][0]
[stderr]         encoder         : Lavc61.19.100 libx264
[stderr]       Side data:
[stderr]         cpb: bitrate max/min/avg: 0/0/0 buffer size: 0 vbv_delay: N/A
[stderr]   Stream #0:1(und): Audio: aac (LC) (mp4a / 0x6134706D), 48000 Hz, mono, fltp, 69 kb/s (default)
[stderr]       Metadata:
[stderr]         handler_name    : Core Media Audio
[stderr]         vendor_id       : [0][0][0][0]
[stderr]         encoder         : Lavc61.19.100 aac
[stderr] [out#0/mp4 @ 0x12c6188f0] video:1470KiB audio:17KiB subtitle:0KiB other streams:0KiB global headers:0KiB muxing overhead: 0.231766%
[stderr] frame=   57 fps= 22 q=-1.0 Lsize=    1490KiB time=00:00:01.87 bitrate=6502.6kbits/s speed=0.714x    
[stderr] [libx264 @ 0x12c619860] frame I:1     Avg QP:22.63  size: 66023
[stderr] [libx264 @ 0x12c619860] frame P:19    Avg QP:23.49  size: 39499
[stderr] [libx264 @ 0x12c619860] frame B:37    Avg QP:25.55  size: 18598
[stderr] [libx264 @ 0x12c619860] consecutive B-frames: 10.5%  7.0%  5.3% 77.2%
[stderr] [libx264 @ 0x12c619860] mb I  I16..4:  1.3%  6.0% 92.7%
[stderr] [libx264 @ 0x12c619860] mb P  I16..4:  1.1%  5.4% 15.4%  P16..4: 23.1% 22.2% 32.3%  0.0%  0.0%    skip: 0.5%
[stderr] [libx264 @ 0x12c619860] mb B  I16..4:  0.4%  1.2%  2.3%  B16..8: 24.3% 20.7% 13.0%  direct:27.5%  skip:10.6%  L0:30.5% L1:33.6% BI:35.9%
[stderr] [libx264 @ 0x12c619860] 8x8 transform intra:23.0% inter:32.1%
[stderr] [libx264 @ 0x12c619860] coded y,uvDC,uvAC intra: 90.8% 88.1% 51.6% inter: 66.0% 31.8% 3.5%
[stderr] [libx264 @ 0x12c619860] i16 v,h,dc,p: 37% 13% 29% 21%
[stderr] [libx264 @ 0x12c619860] i8 v,h,dc,ddl,ddr,vr,hd,vl,hu: 18% 19% 15%  3% 10%  7% 11%  8%  9%
[stderr] [libx264 @ 0x12c619860] i4 v,h,dc,ddl,ddr,vr,hd,vl,hu: 12% 18% 13%  4% 14%  7% 12%  7% 12%
[stderr] [libx264 @ 0x12c619860] i8c dc,h,v,p: 45% 24% 18% 12%
[stderr] [libx264 @ 0x12c619860] Weighted P-Frames: Y:42.1% UV:0.0%
[stderr] [libx264 @ 0x12c619860] kb/s:6300.04
[stderr] [aac @ 0x11c61e990] Qavg: 118.543
[stderr] ffmpeg version 7.1 Copyright (c) 2000-2024 the FFmpeg developers
[stderr]   built with Apple clang version 15.0.0 (clang-1500.1.0.2.5)
[stderr]   configuration: --prefix=/opt/homebrew/Cellar/ffmpeg/7.1_3 --enable-shared --enable-pthreads --enable-version3 --cc=clang --host-cflags= --host-ldflags='-Wl,-ld_classic' --enable-ffplay --enable-gnutls --enable-gpl --enable-libaom --enable-libaribb24 --enable-libbluray --enable-libdav1d --enable-libharfbuzz --enable-libjxl --enable-libmp3lame --enable-libopus --enable-librav1e --enable-librist --enable-librubberband --enable-libsnappy --enable-libsrt --enable-libssh --enable-libsvtav1 --enable-libtesseract --enable-libtheora --enable-libvidstab --enable-libvmaf --enable-libvorbis --enable-libvpx --enable-libwebp --enable-libx264 --enable-libx265 --enable-libxml2 --enable-libxvid --enable-lzma --enable-libfontconfig --enable-libfreetype --enable-frei0r --enable-libass --enable-libopencore-amrnb --enable-libopencore-amrwb --enable-libopenjpeg --enable-libspeex --enable-libsoxr --enable-libzmq --enable-libzimg --disable-libjack --disable-indev=jack --enable-videotoolbox --enable-audiotoolbox --enable-neon
[stderr]   libavutil      59. 39.100 / 59. 39.100
[stderr]   libavcodec     61. 19.100 / 61. 19.100
[stderr]   libavformat    61.  7.100 / 61.  7.100
[stderr]   libavdevice    61.  3.100 / 61.  3.100
[stderr]   libavfilter    10.  4.100 / 10.  4.100
[stderr]   libswscale      8.  3.100 /  8.  3.100
[stderr]   libswresample   5.  3.100 /  5.  3.100
[stderr]   libpostproc    58.  3.100 / 58.  3.100
[stderr] Input #0, mov,mp4,m4a,3gp,3g2,mj2, from '/Users/johndoe/Documents/company/video_ops/scripts/abstract_algebra_in_proof_assistant/04-set-equality/takes/take-mrhmharr/pipeline/stabilize/stabilize-mriqdtnm/stabilized.mp4':
[stderr]   Metadata:
[stderr]     major_brand     : isom
[stderr]     minor_version   : 512
[stderr]     compatible_brands: isomiso2avc1mp41
[stderr]     encoder         : Lavf61.7.100
[stderr]   Duration: 00:06:08.98, start: 0.000000, bitrate: 5562 kb/s
[stderr]   Stream #0:0[0x1](und): Video: h264 (High) (avc1 / 0x31637661), yuv420p(tv, smpte170m/bt709/bt709, progressive), 640x480, 5453 kb/s, 29.83 fps, 29.83 tbr, 11456 tbn (default)
[stderr]       Metadata:
[stderr]         handler_name    : Core Media Video
[stderr]         vendor_id       : [0][0][0][0]
[stderr]         encoder         : Lavc61.19.100 libx264
[stderr]   Stream #0:1[0x2](und): Audio: aac (LC) (mp4a / 0x6134706D), 48000 Hz, mono, fltp, 100 kb/s (default)
[stderr]       Metadata:
[stderr]         handler_name    : Core Media Audio
[stderr]         vendor_id       : [0][0][0][0]
[stderr] Stream mapping:
[stderr]   Stream #0:0 -> #0:0 (h264 (native) -> h264 (libx264))
[stderr]   Stream #0:1 -> #0:1 (aac (native) -> aac (native))
[stderr] Press [q] to stop, [?] for help
[stderr] [libx264 @ 0x1438051f0] using cpu capabilities: ARMv8 NEON
[stderr] [libx264 @ 0x1438051f0] profile High, level 3.0, 4:2:0, 8-bit
[stderr] [libx264 @ 0x1438051f0] 264 - core 164 r3108 31e19f9 - H.264/MPEG-4 AVC codec - Copyleft 2003-2023 - http://www.videolan.org/x264.html - options: cabac=1 ref=1 deblock=1:0:0 analyse=0x3:0x113 me=hex subme=2 psy=1 psy_rd=1.00:0.00 mixed_ref=0 me_range=16 chroma_me=1 trellis=0 8x8dct=1 cqm=0 deadzone=21,11 fast_pskip=1 chroma_qp_offset=0 threads=15 lookahead_threads=3 sliced_threads=0 nr=0 decimate=1 interlaced=0 bluray_compat=0 constrained_intra=0 bframes=3 b_pyramid=2 b_adapt=1 b_bias=0 direct=1 weightb=1 open_gop=0 weightp=1 keyint=250 keyint_min=25 scenecut=40 intra_refresh=0 rc_lookahead=10 rc=crf mbtree=1 crf=18.0 qcomp=0.60 qpmin=0 qpmax=69 qpstep=4 ip_ratio=1.40 aq=1:1.00
[stderr] Output #0, mp4, to '/Users/johndoe/Documents/company/video_ops/scripts/abstract_algebra_in_proof_assistant/04-set-equality/takes/take-mrhmharr/pipeline/cut/cut-mriq7mo6/chunks/chunk-022.mp4':
[stderr]   Metadata:
[stderr]     major_brand     : isom
[stderr]     minor_version   : 512
[stderr]     compatible_brands: isomiso2avc1mp41
[stderr]     encoder         : Lavf61.7.100
[stderr]   Stream #0:0(und): Video: h264 (avc1 / 0x31637661), yuv420p(tv, smpte170m/bt709/bt709, progressive), 640x480, q=2-31, 29.83 fps, 11456 tbn (default)
[stderr]       Metadata:
[stderr]         handler_name    : Core Media Video
[stderr]         vendor_id       : [0][0][0][0]
[stderr]         encoder         : Lavc61.19.100 libx264
[stderr]       Side data:
[stderr]         cpb: bitrate max/min/avg: 0/0/0 buffer size: 0 vbv_delay: N/A
[stderr]   Stream #0:1(und): Audio: aac (LC) (mp4a / 0x6134706D), 48000 Hz, mono, fltp, 69 kb/s (default)
[stderr]       Metadata:
[stderr]         handler_name    : Core Media Audio
[stderr]         vendor_id       : [0][0][0][0]
[stderr]         encoder         : Lavc61.19.100 aac
[stderr] frame=  276 fps= 91 q=24.0 size=    5632KiB time=00:00:09.18 bitrate=5023.5kbits/s speed=3.04x    
[stderr] [out#0/mp4 @ 0x1438042b0] video:8296KiB audio:118KiB subtitle:0KiB other streams:0KiB global headers:0KiB muxing overhead: 0.192769%
[stderr] frame=  415 fps=131 q=-1.0 Lsize=    8430KiB time=00:00:13.84 bitrate=4988.4kbits/s speed=4.37x    
[stderr] [libx264 @ 0x1438051f0] frame I:6     Avg QP:19.30  size: 39896
[stderr] [libx264 @ 0x1438051f0] frame P:112   Avg QP:22.06  size: 33554
[stderr] [libx264 @ 0x1438051f0] frame B:297   Avg QP:24.36  size: 15141
[stderr] [libx264 @ 0x1438051f0] consecutive B-frames:  3.6%  1.9%  2.9% 91.6%
[stderr] [libx264 @ 0x1438051f0] mb I  I16..4:  5.8% 20.6% 73.7%
[stderr] [libx264 @ 0x1438051f0] mb P  I16..4:  4.4% 12.9% 28.5%  P16..4: 15.2% 17.0% 21.2%  0.0%  0.0%    skip: 0.8%
[stderr] [libx264 @ 0x1438051f0] mb B  I16..4:  1.3%  1.7%  2.5%  B16..8: 26.5% 21.1% 10.9%  direct:21.7%  skip:14.3%  L0:33.4% L1:34.7% BI:31.9%
[stderr] [libx264 @ 0x1438051f0] 8x8 transform intra:28.2% inter:29.7%
[stderr] [libx264 @ 0x1438051f0] coded y,uvDC,uvAC intra: 84.2% 78.7% 43.7% inter: 52.9% 30.0% 2.8%
[stderr] [libx264 @ 0x1438051f0] i16 v,h,dc,p: 55% 17% 20%  8%
[stderr] [libx264 @ 0x1438051f0] i8 v,h,dc,ddl,ddr,vr,hd,vl,hu: 19% 18% 15%  3% 10%  8%  9%  7% 10%
[stderr] [libx264 @ 0x1438051f0] i4 v,h,dc,ddl,ddr,vr,hd,vl,hu: 15% 19% 14%  4% 13%  7% 10%  7% 11%
[stderr] [libx264 @ 0x1438051f0] i8c dc,h,v,p: 48% 21% 19% 11%
[stderr] [libx264 @ 0x1438051f0] Weighted P-Frames: Y:19.6% UV:0.9%
[stderr] [libx264 @ 0x1438051f0] kb/s:4885.04
[stderr] [aac @ 0x132e52e90] Qavg: 263.269
[stderr] ffmpeg version 7.1 Copyright (c) 2000-2024 the FFmpeg developers
[stderr]   built with Apple clang version 15.0.0 (clang-1500.1.0.2.5)
[stderr]   configuration: --prefix=/opt/homebrew/Cellar/ffmpeg/7.1_3 --enable-shared --enable-pthreads --enable-version3 --cc=clang --host-cflags= --host-ldflags='-Wl,-ld_classic' --enable-ffplay --enable-gnutls --enable-gpl --enable-libaom --enable-libaribb24 --enable-libbluray --enable-libdav1d --enable-libharfbuzz --enable-libjxl --enable-libmp3lame --enable-libopus --enable-librav1e --enable-librist --enable-librubberband --enable-libsnappy --enable-libsrt --enable-libssh --enable-libsvtav1 --enable-libtesseract --enable-libtheora --enable-libvidstab --enable-libvmaf --enable-libvorbis --enable-libvpx --enable-libwebp --enable-libx264 --enable-libx265 --enable-libxml2 --enable-libxvid --enable-lzma --enable-libfontconfig --enable-libfreetype --enable-frei0r --enable-libass --enable-libopencore-amrnb --enable-libopencore-amrwb --enable-libopenjpeg --enable-libspeex --enable-libsoxr --enable-libzmq --enable-libzimg --disable-libjack --disable-indev=jack --enable-videotoolbox --enable-audiotoolbox --enable-neon
[stderr]   libavutil      59. 39.100 / 59. 39.100
[stderr]   libavcodec     61. 19.100 / 61. 19.100
[stderr]   libavformat    61.  7.100 / 61.  7.100
[stderr]   libavdevice    61.  3.100 / 61.  3.100
[stderr]   libavfilter    10.  4.100 / 10.  4.100
[stderr]   libswscale      8.  3.100 /  8.  3.100
[stderr]   libswresample   5.  3.100 /  5.  3.100
[stderr]   libpostproc    58.  3.100 / 58.  3.100
[stderr] Input #0, mov,mp4,m4a,3gp,3g2,mj2, from '/Users/johndoe/Documents/company/video_ops/scripts/abstract_algebra_in_proof_assistant/04-set-equality/takes/take-mrhmharr/pipeline/stabilize/stabilize-mriqdtnm/stabilized.mp4':
[stderr]   Metadata:
[stderr]     major_brand     : isom
[stderr]     minor_version   : 512
[stderr]     compatible_brands: isomiso2avc1mp41
[stderr]     encoder         : Lavf61.7.100
[stderr]   Duration: 00:06:08.98, start: 0.000000, bitrate: 5562 kb/s
[stderr]   Stream #0:0[0x1](und): Video: h264 (High) (avc1 / 0x31637661), yuv420p(tv, smpte170m/bt709/bt709, progressive), 640x480, 5453 kb/s, 29.83 fps, 29.83 tbr, 11456 tbn (default)
[stderr]       Metadata:
[stderr]         handler_name    : Core Media Video
[stderr]         vendor_id       : [0][0][0][0]
[stderr]         encoder         : Lavc61.19.100 libx264
[stderr]   Stream #0:1[0x2](und): Audio: aac (LC) (mp4a / 0x6134706D), 48000 Hz, mono, fltp, 100 kb/s (default)
[stderr]       Metadata:
[stderr]         handler_name    : Core Media Audio
[stderr]         vendor_id       : [0][0][0][0]
[stderr] Stream mapping:
[stderr]   Stream #0:0 -> #0:0 (h264 (native) -> h264 (libx264))
[stderr]   Stream #0:1 -> #0:1 (aac (native) -> aac (native))
[stderr] Press [q] to stop, [?] for help
[stderr] [libx264 @ 0x135640610] using cpu capabilities: ARMv8 NEON
[stderr] [libx264 @ 0x135640610] profile High, level 3.0, 4:2:0, 8-bit
[stderr] [libx264 @ 0x135640610] 264 - core 164 r3108 31e19f9 - H.264/MPEG-4 AVC codec - Copyleft 2003-2023 - http://www.videolan.org/x264.html - options: cabac=1 ref=1 deblock=1:0:0 analyse=0x3:0x113 me=hex subme=2 psy=1 psy_rd=1.00:0.00 mixed_ref=0 me_range=16 chroma_me=1 trellis=0 8x8dct=1 cqm=0 deadzone=21,11 fast_pskip=1 chroma_qp_offset=0 threads=15 lookahead_threads=3 sliced_threads=0 nr=0 decimate=1 interlaced=0 bluray_compat=0 constrained_intra=0 bframes=3 b_pyramid=2 b_adapt=1 b_bias=0 direct=1 weightb=1 open_gop=0 weightp=1 keyint=250 keyint_min=25 scenecut=40 intra_refresh=0 rc_lookahead=10 rc=crf mbtree=1 crf=18.0 qcomp=0.60 qpmin=0 qpmax=69 qpstep=4 ip_ratio=1.40 aq=1:1.00
[stderr] Output #0, mp4, to '/Users/johndoe/Documents/company/video_ops/scripts/abstract_algebra_in_proof_assistant/04-set-equality/takes/take-mrhmharr/pipeline/cut/cut-mriq7mo6/chunks/chunk-023.mp4':
[stderr]   Metadata:
[stderr]     major_brand     : isom
[stderr]     minor_version   : 512
[stderr]     compatible_brands: isomiso2avc1mp41
[stderr]     encoder         : Lavf61.7.100
[stderr]   Stream #0:0(und): Video: h264 (avc1 / 0x31637661), yuv420p(tv, smpte170m/bt709/bt709, progressive), 640x480, q=2-31, 29.83 fps, 11456 tbn (default)
[stderr]       Metadata:
[stderr]         handler_name    : Core Media Video
[stderr]         vendor_id       : [0][0][0][0]
[stderr]         encoder         : Lavc61.19.100 libx264
[stderr]       Side data:
[stderr]         cpb: bitrate max/min/avg: 0/0/0 buffer size: 0 vbv_delay: N/A
[stderr]   Stream #0:1(und): Audio: aac (LC) (mp4a / 0x6134706D), 48000 Hz, mono, fltp, 69 kb/s (default)
[stderr]       Metadata:
[stderr]         handler_name    : Core Media Audio
[stderr]         vendor_id       : [0][0][0][0]
[stderr]         encoder         : Lavc61.19.100 aac
[stderr] frame=  265 fps= 88 q=24.0 size=    5888KiB time=00:00:08.81 bitrate=5471.5kbits/s speed=2.92x    
[stderr] frame=  680 fps=193 q=24.0 size=   14848KiB time=00:00:22.72 bitrate=5352.2kbits/s speed=6.46x    
[stderr] frame= 1132 fps=281 q=24.0 size=   20480KiB time=00:00:37.87 bitrate=4429.4kbits/s speed=9.41x    
[stderr] frame= 1657 fps=366 q=24.0 size=   26624KiB time=00:00:55.47 bitrate=3931.6kbits/s speed=12.2x    
[stderr] [out#0/mp4 @ 0x1356345c0] video:28538KiB audio:499KiB subtitle:0KiB other streams:0KiB global headers:0KiB muxing overhead: 0.219363%
[stderr] frame= 1757 fps=379 q=-1.0 Lsize=   29100KiB time=00:00:58.82 bitrate=4052.4kbits/s speed=12.7x    
[stderr] [libx264 @ 0x135640610] frame I:10    Avg QP:17.60  size: 52769
[stderr] [libx264 @ 0x135640610] frame P:533   Avg QP:20.45  size: 30208
[stderr] [libx264 @ 0x135640610] frame B:1214  Avg QP:24.08  size: 10374
[stderr] [libx264 @ 0x135640610] consecutive B-frames:  3.0% 11.6%  8.9% 76.5%
[stderr] [libx264 @ 0x135640610] mb I  I16..4: 15.5% 10.3% 74.2%
[stderr] [libx264 @ 0x135640610] mb P  I16..4: 10.4%  5.6%  9.1%  P16..4: 19.2% 20.5% 28.9%  0.0%  0.0%    skip: 6.3%
[stderr] [libx264 @ 0x135640610] mb B  I16..4:  2.1%  0.6%  0.5%  B16..8: 25.0% 16.3%  7.8%  direct:17.3%  skip:30.4%  L0:26.9% L1:32.4% BI:40.7%
[stderr] [libx264 @ 0x135640610] 8x8 transform intra:20.8% inter:25.6%
[stderr] [libx264 @ 0x135640610] coded y,uvDC,uvAC intra: 53.7% 49.5% 24.9% inter: 42.4% 19.5% 1.2%
[stderr] [libx264 @ 0x135640610] i16 v,h,dc,p: 78%  8% 11%  3%
[stderr] [libx264 @ 0x135640610] i8 v,h,dc,ddl,ddr,vr,hd,vl,hu: 18% 21% 22%  3%  8%  6%  8%  7%  8%
[stderr] [libx264 @ 0x135640610] i4 v,h,dc,ddl,ddr,vr,hd,vl,hu: 15% 19% 15%  4% 13%  7% 10%  7% 11%
[stderr] [libx264 @ 0x135640610] i8c dc,h,v,p: 67% 14% 13%  6%
[stderr] [libx264 @ 0x135640610] Weighted P-Frames: Y:19.5% UV:2.3%
[stderr] [libx264 @ 0x135640610] kb/s:3969.47
[stderr] [aac @ 0x1356ab5f0] Qavg: 202.790
[stderr] ffmpeg version 7.1 Copyright (c) 2000-2024 the FFmpeg developers
[stderr]   built with Apple clang version 15.0.0 (clang-1500.1.0.2.5)
[stderr]   configuration: --prefix=/opt/homebrew/Cellar/ffmpeg/7.1_3 --enable-shared --enable-pthreads --enable-version3 --cc=clang --host-cflags= --host-ldflags='-Wl,-ld_classic' --enable-ffplay --enable-gnutls --enable-gpl --enable-libaom --enable-libaribb24 --enable-libbluray --enable-libdav1d --enable-libharfbuzz --enable-libjxl --enable-libmp3lame --enable-libopus --enable-librav1e --enable-librist --enable-librubberband --enable-libsnappy --enable-libsrt --enable-libssh --enable-libsvtav1 --enable-libtesseract --enable-libtheora --enable-libvidstab --enable-libvmaf --enable-libvorbis --enable-libvpx --enable-libwebp --enable-libx264 --enable-libx265 --enable-libxml2 --enable-libxvid --enable-lzma --enable-libfontconfig --enable-libfreetype --enable-frei0r --enable-libass --enable-libopencore-amrnb --enable-libopencore-amrwb --enable-libopenjpeg --enable-libspeex --enable-libsoxr --enable-libzmq --enable-libzimg --disable-libjack --disable-indev=jack --enable-videotoolbox --enable-audiotoolbox --enable-neon
[stderr]   libavutil      59. 39.100 / 59. 39.100
[stderr]   libavcodec     61. 19.100 / 61. 19.100
[stderr]   libavformat    61.  7.100 / 61.  7.100
[stderr]   libavdevice    61.  3.100 / 61.  3.100
[stderr]   libavfilter    10.  4.100 / 10.  4.100
[stderr]   libswscale      8.  3.100 /  8.  3.100
[stderr]   libswresample   5.  3.100 /  5.  3.100
[stderr]   libpostproc    58.  3.100 / 58.  3.100
[stderr] [mov,mp4,m4a,3gp,3g2,mj2 @ 0x13f008ec0] Auto-inserting h264_mp4toannexb bitstream filter
[stderr] Input #0, concat, from '/Users/johndoe/Documents/company/video_ops/scripts/abstract_algebra_in_proof_assistant/04-set-equality/takes/take-mrhmharr/pipeline/cut/cut-mriq7mo6/chunks/concat.txt':
[stderr]   Duration: N/A, start: 0.000000, bitrate: 5165 kb/s
[stderr]   Stream #0:0(und): Video: h264 (High) (avc1 / 0x31637661), yuv420p(tv, smpte170m/bt709/bt709, progressive), 640x480, 5095 kb/s, 29.83 fps, 29.83 tbr, 11456 tbn
[stderr]       Metadata:
[stderr]         handler_name    : Core Media Video
[stderr]         vendor_id       : [0][0][0][0]
[stderr]         encoder         : Lavc61.19.100 libx264
[stderr]   Stream #0:1(und): Audio: aac (LC) (mp4a / 0x6134706D), 48000 Hz, mono, fltp, 69 kb/s
[stderr]       Metadata:
[stderr]         handler_name    : Core Media Audio
[stderr]         vendor_id       : [0][0][0][0]
[stderr] Stream mapping:
[stderr]   Stream #0:0 -> #0:0 (copy)
[stderr]   Stream #0:1 -> #0:1 (copy)
[stderr] Output #0, mp4, to '/Users/johndoe/Documents/company/video_ops/scripts/abstract_algebra_in_proof_assistant/04-set-equality/takes/take-mrhmharr/pipeline/cut/cut-mriq7mo6/edited-good-intervals.mp4':
[stderr]   Metadata:
[stderr]     encoder         : Lavf61.7.100
[stderr]   Stream #0:0(und): Video: h264 (High) (avc1 / 0x31637661), yuv420p(tv, smpte170m/bt709/bt709, progressive), 640x480, q=2-31, 5095 kb/s, 29.83 fps, 29.83 tbr, 11456 tbn
[stderr]       Metadata:
[stderr]         handler_name    : Core Media Video
[stderr]         vendor_id       : [0][0][0][0]
[stderr]         encoder         : Lavc61.19.100 libx264
[stderr]   Stream #0:1(und): Audio: aac (LC) (mp4a / 0x6134706D), 48000 Hz, mono, fltp, 69 kb/s
[stderr]       Metadata:
[stderr]         handler_name    : Core Media Audio
[stderr]         vendor_id       : [0][0][0][0]
[stderr] Press [q] to stop, [?] for help
[stderr] [mov,mp4,m4a,3gp,3g2,mj2 @ 0x13df04e40] Auto-inserting h264_mp4toannexb bitstream filter
[stderr] [mov,mp4,m4a,3gp,3g2,mj2 @ 0x13f00a720] Auto-inserting h264_mp4toannexb bitstream filter
[stderr] [mov,mp4,m4a,3gp,3g2,mj2 @ 0x13f00a630] Auto-inserting h264_mp4toannexb bitstream filter
[stderr] [mov,mp4,m4a,3gp,3g2,mj2 @ 0x13df05bb0] Auto-inserting h264_mp4toannexb bitstream filter
[stderr] [mov,mp4,m4a,3gp,3g2,mj2 @ 0x13f00a630] Auto-inserting h264_mp4toannexb bitstream filter
[stderr]     Last message repeated 2 times
[stderr] [mov,mp4,m4a,3gp,3g2,mj2 @ 0x13df05cc0] Auto-inserting h264_mp4toannexb bitstream filter
[stderr] [mov,mp4,m4a,3gp,3g2,mj2 @ 0x13df05290] Auto-inserting h264_mp4toannexb bitstream filter
[stderr] [mov,mp4,m4a,3gp,3g2,mj2 @ 0x106f04c60] Auto-inserting h264_mp4toannexb bitstream filter
[stderr] [mov,mp4,m4a,3gp,3g2,mj2 @ 0x13f00cdf0] Auto-inserting h264_mp4toannexb bitstream filter
[stderr] [mov,mp4,m4a,3gp,3g2,mj2 @ 0x13df04d90] Auto-inserting h264_mp4toannexb bitstream filter
[stderr] [mov,mp4,m4a,3gp,3g2,mj2 @ 0x13f008ec0] Auto-inserting h264_mp4toannexb bitstream filter
[stderr]     Last message repeated 1 times
[stderr] [mov,mp4,m4a,3gp,3g2,mj2 @ 0x13df061b0] Auto-inserting h264_mp4toannexb bitstream filter
[stderr] [mov,mp4,m4a,3gp,3g2,mj2 @ 0x13f008ec0] Auto-inserting h264_mp4toannexb bitstream filter
[stderr]     Last message repeated 2 times
[stderr] [mov,mp4,m4a,3gp,3g2,mj2 @ 0x13df04e80] Auto-inserting h264_mp4toannexb bitstream filter
[stderr] [mov,mp4,m4a,3gp,3g2,mj2 @ 0x13df04e70] Auto-inserting h264_mp4toannexb bitstream filter
[stderr] [mov,mp4,m4a,3gp,3g2,mj2 @ 0x13f00a630] Auto-inserting h264_mp4toannexb bitstream filter
[stderr] [mov,mp4,m4a,3gp,3g2,mj2 @ 0x13f10b350] Auto-inserting h264_mp4toannexb bitstream filter
[stderr] [mov,mp4,m4a,3gp,3g2,mj2 @ 0x13f008ec0] Auto-inserting h264_mp4toannexb bitstream filter
[stderr] [out#0/mp4 @ 0x13f009c70] video:190673KiB audio:2658KiB subtitle:0KiB other streams:0KiB global headers:0KiB muxing overhead: 0.171852%
[stderr] frame= 9291 fps=0.0 q=-1.0 Lsize=  193664KiB time=00:05:12.28 bitrate=5080.2kbits/s speed=1.37e+03x    
[stdout] Edited video (selection applied): /Users/johndoe/Documents/company/video_ops/scripts/abstract_algebra_in_proof_assistant/04-set-equality/takes/take-mrhmharr/pipeline/cut/cut-mriq7mo6/edited-good-intervals.mp4
[stdout] Analysis updated: /Users/johndoe/Documents/company/video_ops/scripts/abstract_algebra_in_proof_assistant/04-set-equality/takes/take-mrhmharr/pipeline/cut/cut-mriq7mo6/analysis.json
[2026-07-13T05:03:49.853Z] exit 0
[2026-07-13T08:51:57.246Z] Re-applying cut selection on stabilized video
[2026-07-13T08:51:57.246Z] $ deno run --allow-all /Users/johndoe/Documents/company/video_ops/outdoor_post/main.ts ai-edit --apply-selection --video /Users/johndoe/Documents/company/video_ops/scripts/abstract_algebra_in_proof_assistant/04-set-equality/takes/take-mrhmharr/pipeline/stabilize/stabilize-mriqdtnm/stabilized.mp4 --script /Users/johndoe/Documents/company/video_ops/scripts/abstract_algebra_in_proof_assistant/04-set-equality/export/04-set-equality-outdoor-script.json --take /Users/johndoe/Documents/company/video_ops/scripts/abstract_algebra_in_proof_assistant/04-set-equality/takes/take-mrhmharr/take.json --out-dir /Users/johndoe/Documents/company/video_ops/scripts/abstract_algebra_in_proof_assistant/04-set-equality/takes/take-mrhmharr/pipeline/cut/cut-mriq7mo6
[stderr] ffmpeg version 7.1 Copyright (c) 2000-2024 the FFmpeg developers
[stderr]   built with Apple clang version 15.0.0 (clang-1500.1.0.2.5)
[stderr]   configuration: --prefix=/opt/homebrew/Cellar/ffmpeg/7.1_3 --enable-shared --enable-pthreads --enable-version3 --cc=clang --host-cflags= --host-ldflags='-Wl,-ld_classic' --enable-ffplay --enable-gnutls --enable-gpl --enable-libaom --enable-libaribb24 --enable-libbluray --enable-libdav1d --enable-libharfbuzz --enable-libjxl --enable-libmp3lame --enable-libopus --enable-librav1e --enable-librist --enable-librubberband --enable-libsnappy --enable-libsrt --enable-libssh --enable-libsvtav1 --enable-libtesseract --enable-libtheora --enable-libvidstab --enable-libvmaf --enable-libvorbis --enable-libvpx --enable-libwebp --enable-libx264 --enable-libx265 --enable-libxml2 --enable-libxvid --enable-lzma --enable-libfontconfig --enable-libfreetype --enable-frei0r --enable-libass --enable-libopencore-amrnb --enable-libopencore-amrwb --enable-libopenjpeg --enable-libspeex --enable-libsoxr --enable-libzmq --enable-libzimg --disable-libjack --disable-indev=jack --enable-videotoolbox --enable-audiotoolbox --enable-neon
[stderr]   libavutil      59. 39.100 / 59. 39.100
[stderr]   libavcodec     61. 19.100 / 61. 19.100
[stderr]   libavformat    61.  7.100 / 61.  7.100
[stderr]   libavdevice    61.  3.100 / 61.  3.100
[stderr]   libavfilter    10.  4.100 / 10.  4.100
[stderr]   libswscale      8.  3.100 /  8.  3.100
[stderr]   libswresample   5.  3.100 /  5.  3.100
[stderr]   libpostproc    58.  3.100 / 58.  3.100
[stderr] Input #0, mov,mp4,m4a,3gp,3g2,mj2, from '/Users/johndoe/Documents/company/video_ops/scripts/abstract_algebra_in_proof_assistant/04-set-equality/takes/take-mrhmharr/pipeline/stabilize/stabilize-mriqdtnm/stabilized.mp4':
[stderr]   Metadata:
[stderr]     major_brand     : isom
[stderr]     minor_version   : 512
[stderr]     compatible_brands: isomiso2avc1mp41
[stderr]     encoder         : Lavf61.7.100
[stderr]   Duration: 00:06:08.98[stderr] , start: 0.000000, bitrate: 5562 kb/s
[stderr]   Stream #0:0[0x1](und): Video: h264 (High) (avc1 / 0x31637661), yuv420p(tv, smpte170m/bt709/bt709, progressive), 640x480, 5453 kb/s, 29.83 fps, 29.83 tbr, 11456 tbn (default)
[stderr]       Metadata:
[stderr]         handler_name    : Core Media Video
[stderr]         vendor_id       : [0][0][0][0]
[stderr]         encoder         : Lavc61.19.100 libx264
[stderr]   Stream #0:1[0x2](und): Audio: aac (LC) (mp4a / 0x6134706D), 48000 Hz, mono, fltp, 100 kb/s (default)
[stderr]       Metadata:
[stderr]         handler_name    : Core Media Audio
[stderr]         vendor_id       : [0][0][0][0]
[stderr] Stream mapping:
[stderr]   Stream #0:0 -> #0:0 (h264 (native) -> h264 (libx264))
[stderr]   Stream #0:1 -> #0:1 (aac (native) -> aac (native))
[stderr] Press [q] to stop, [?] for help
[stderr] [libx264 @ 0x11d807250] using cpu capabilities: ARMv8 NEON
[stderr] [libx264 @ 0x11d807250] profile High, level 3.0, 4:2:0, 8-bit
[stderr] [libx264 @ 0x11d807250] 264 - core 164 r3108 31e19f9 - H.264/MPEG-4 AVC codec - Copyleft 2003-2023 - http://www.videolan.org/x264.html - options: cabac=1 ref=1 deblock=1:0:0 analyse=0x3:0x113 me=hex subme=2 psy=1 psy_rd=1.00:0.00 mixed_ref=0 me_range=16 chroma_me=1 trellis=0 8x8dct=1 cqm=0 deadzone=21,11 fast_pskip=1 chroma_qp_offset=0 threads=15 lookahead_threads=3 sliced_threads=0 nr=0 decimate=1 interlaced=0 bluray_compat=0 constrained_intra=0 bframes=3 b_pyramid=2 b_adapt=1 b_bias=0 direct=1 weightb=1 open_gop=0 weightp=1 keyint=250 keyint_min=25 scenecut=40 intra_refresh=0 rc_lookahead=10 rc=crf mbtree=1 crf=18.0 qcomp=0.60 qpmin=0 qpmax=69 qpstep=4 ip_ratio=1.40 aq=1:1.00
[stderr] Output #0, mp4, to '/Users/johndoe/Documents/company/video_ops/scripts/abstract_algebra_in_proof_assistant/04-set-equality/takes/take-mrhmharr/pipeline/cut/cut-mriq7mo6/chunks/chunk-000.mp4':
[stderr]   Metadata:
[stderr]     major_brand     : isom
[stderr]     minor_version   : 512
[stderr]     compatible_brands: isomiso2avc1mp41
[stderr]     encoder         : Lavf61.7.100
[stderr]   Stream #0:0(und): Video: h264 (avc1 / 0x31637661), yuv420p(tv, smpte170m/bt709/bt709, progressive), 640x480, q=2-31, 29.83 fps, 11456 tbn (default)
[stderr]       Metadata:
[stderr]         handler_name    : Core Media Video
[stderr]         vendor_id       : [0][0][0][0]
[stderr]         encoder         : Lavc61.19.100 libx264
[stderr]       Side data:
[stderr]         cpb: bitrate max/min/avg: 0/0/0 buffer size: 0 vbv_delay: N/A
[stderr]   Stream #0:1(und): Audio: aac (LC) (mp4a / 0x6134706D), 48000 Hz, mono, fltp, 69 kb/s (default)
[stderr]       Metadata:
[stderr]         handler_name    : Core Media Audio
[stderr]         vendor_id       : [0][0][0][0]
[stderr]         encoder         : Lavc61.19.100 aac
[stderr] [out#0/mp4 @ 0x11d8062e0] video:820KiB audio:11KiB subtitle:0KiB other streams:0KiB global headers:0KiB muxing overhead: 0.331201%
[stderr] frame=   37 fps=0.0 q=-1.0 Lsize=     833KiB time=00:00:01.17 bitrate=5817.0kbits/s speed=14.1x    
[stderr] [libx264 @ 0x11d807250] frame I:1     Avg QP:24.27  size: 50499
[stderr] [libx264 @ 0x11d807250] frame P:9     Avg QP:22.81  size: 35328
[stderr] [libx264 @ 0x11d807250] frame B:27    Avg QP:24.64  size: 17410
[stderr] [libx264 @ 0x11d807250] consecutive B-frames:  2.7%  0.0%  0.0% 97.3%
[stderr] [libx264 @ 0x11d807250] mb I  I16..4:  3.6%  8.4% 88.0%
[stderr] [libx264 @ 0x11d807250] mb P  I16..4:  3.0%  9.8% 38.9%  P16..4: 11.5% 15.4% 21.0%  0.0%  0.0%    skip: 0.3%
[stderr] [libx264 @ 0x11d807250] mb B  I16..4:  1.0%  1.4%  3.4%  B16..8: 26.9% 23.9% 12.8%  direct:21.3%  skip: 9.2%  L0:34.3% L1:34.4% BI:31.3%
[stderr] [libx264 @ 0x11d807250] 8x8 transform intra:18.7% inter:27.6%
[stderr] [libx264 @ 0x11d807250] coded y,uvDC,uvAC intra: 89.5% 73.6% 33.6% inter: 59.6% 26.2% 1.2%
[stderr] [libx264 @ 0x11d807250] i16 v,h,dc,p: 55% 23% 17%  5%
[stderr] [libx264 @ 0x11d807250] i8 v,h,dc,ddl,ddr,vr,hd,vl,hu: 19% 15% 16%  3% 12% 10% 10%  7%  8%
[stderr] [libx264 @ 0x11d807250] i4 v,h,dc,ddl,ddr,vr,hd,vl,hu: 14% 15% 13%  3% 20%  9% 12%  6%  8%
[stderr] [libx264 @ 0x11d807250] i8c dc,h,v,p: 49% 22% 19% 10%
[stderr] [libx264 @ 0x11d807250] Weighted P-Frames: Y:44.4% UV:22.2%
[stderr] [libx264 @ 0x11d807250] kb/s:5408.88
[stderr] [aac @ 0x10c738c10] Qavg: 1205.363
[stderr] ffmpeg version 7.1 Copyright (c) 2000-2024 the FFmpeg developers
[stderr]   built with Apple clang version 15.0.0 (clang-1500.1.0.2.5)
[stderr]   configuration: --prefix=/opt/homebrew/Cellar/ffmpeg/7.1_3 --enable-shared --enable-pthreads --enable-version3 --cc=clang --host-cflags= --host-ldflags='-Wl,-ld_classic' --enable-ffplay --enable-gnutls --enable-gpl --enable-libaom --enable-libaribb24 --enable-libbluray --enable-libdav1d --enable-libharfbuzz --enable-libjxl --enable-libmp3lame --enable-libopus --enable-librav1e --enable-librist --enable-librubberband --enable-libsnappy --enable-libsrt --enable-libssh --enable-libsvtav1 --enable-libtesseract --enable-libtheora --enable-libvidstab --enable-libvmaf --enable-libvorbis --enable-libvpx --enable-libwebp --enable-libx264 --enable-libx265 --enable-libxml2 --enable-libxvid --enable-lzma --enable-libfontconfig --enable-libfreetype --enable-frei0r --enable-libass --enable-libopencore-amrnb --enable-libopencore-amrwb --enable-libopenjpeg --enable-libspeex --enable-libsoxr --enable-libzmq --enable-libzimg --disable-libjack --disable-indev=jack --enable-videotoolbox --enable-audiotoolbox --enable-neon
[stderr]   libavutil      59. 39.100 / 59. 39.100
[stderr]   libavcodec     61. 19.100 / 61. 19.100
[stderr]   libavformat    61.  7.100 / 61.  7.100
[stderr]   libavdevice    61.  3.100 / 61.  3.100
[stderr]   libavfilter    10.  4.100 / 10.  4.100
[stderr]   libswscale      8.  3.100 /  8.  3.100
[stderr]   libswresample   5.  3.100 /  5.  3.100
[stderr]   libpostproc    58.  3.100 / 58.  3.100
[stderr] Input #0, mov,mp4,m4a,3gp,3g2,mj2, from '/Users/johndoe/Documents/company/video_ops/scripts/abstract_algebra_in_proof_assistant/04-set-equality/takes/take-mrhmharr/pipeline/stabilize/stabilize-mriqdtnm/stabilized.mp4':
[stderr]   Metadata:
[stderr]     major_brand     : isom
[stderr]     minor_version   : 512
[stderr]     compatible_brands: isomiso2avc1mp41
[stderr]     encoder         : Lavf61.7.100
[stderr]   Duration: [stderr] 00:06:08.98, start: 0.000000, bitrate: 5562 kb/s
[stderr]   Stream #0:0[0x1](und): Video: h264 (High) (avc1 / 0x31637661), yuv420p(tv, smpte170m/bt709/bt709, progressive), 640x480, 5453 kb/s, 29.83 fps, 29.83 tbr, 11456 tbn (default)
[stderr]       Metadata:
[stderr]         handler_name    : Core Media Video
[stderr]         vendor_id       : [0][0][0][0]
[stderr]         encoder         : Lavc61.19.100 libx264
[stderr]   Stream #0:1[0x2](und): Audio: aac (LC) (mp4a / 0x6134706D), 48000 Hz, mono, fltp, 100 kb/s (default)
[stderr]       Metadata:
[stderr]         handler_name    : Core Media Audio
[stderr]         vendor_id       : [0][0][0][0]
[stderr] Stream mapping:
[stderr]   Stream #0:0 -> #0:0 (h264 (native) -> h264 (libx264))
[stderr]   Stream #0:1 -> #0:1 (aac (native) -> aac (native))
[stderr] Press [q] to stop, [?] for help
[stderr] [libx264 @ 0x14500a100] using cpu capabilities: ARMv8 NEON
[stderr] [libx264 @ 0x14500a100] profile High, level 3.0, 4:2:0, 8-bit
[stderr] [libx264 @ 0x14500a100] 264 - core 164 r3108 31e19f9 - H.264/MPEG-4 AVC codec - Copyleft 2003-2023 - http://www.videolan.org/x264.html - options: cabac=1 ref=1 deblock=1:0:0 analyse=0x3:0x113 me=hex subme=2 psy=1 psy_rd=1.00:0.00 mixed_ref=0 me_range=16 chroma_me=1 trellis=0 8x8dct=1 cqm=0 deadzone=21,11 fast_pskip=1 chroma_qp_offset=0 threads=15 lookahead_threads=3 sliced_threads=0 nr=0 decimate=1 interlaced=0 bluray_compat=0 constrained_intra=0 bframes=3 b_pyramid=2 b_adapt=1 b_bias=0 direct=1 weightb=1 open_gop=0 weightp=1 keyint=250 keyint_min=25 scenecut=40 intra_refresh=0 rc_lookahead=10 rc=crf mbtree=1 crf=18.0 qcomp=0.60 qpmin=0 qpmax=69 qpstep=4 ip_ratio=1.40 aq=1:1.00
[stderr] Output #0, mp4, to '/Users/johndoe/Documents/company/video_ops/scripts/abstract_algebra_in_proof_assistant/04-set-equality/takes/take-mrhmharr/pipeline/cut/cut-mriq7mo6/chunks/chunk-001.mp4':
[stderr]   Metadata:
[stderr]     major_brand     : isom
[stderr]     minor_version   : 512
[stderr]     compatible_brands: isomiso2avc1mp41
[stderr]     encoder         : Lavf61.7.100
[stderr]   Stream #0:0(und): Video: h264 (avc1 / 0x31637661), yuv420p(tv, smpte170m/bt709/bt709, progressive), 640x480, q=2-31, 29.83 fps, 11456 tbn (default)
[stderr]       Metadata:
[stderr]         handler_name    : Core Media Video
[stderr]         vendor_id       : [0][0][0][0]
[stderr]         encoder         : Lavc61.19.100 libx264
[stderr]       Side data:
[stderr]         cpb: bitrate max/min/avg: 0/0/0 buffer size: 0 vbv_delay: N/A
[stderr]   Stream #0:1(und): Audio: aac (LC) (mp4a / 0x6134706D), 48000 Hz, mono, fltp, 69 kb/s (default)
[stderr]       Metadata:
[stderr]         handler_name    : Core Media Audio
[stderr]         vendor_id       : [0][0][0][0]
[stderr]         encoder         : Lavc61.19.100 aac
[stderr] frame=  368 fps=0.0 q=24.0 size=    7680KiB time=00:00:12.26 bitrate=5128.3kbits/s speed=24.3x    
[stderr] [out#0/mp4 @ 0x1450091e0] video:10587KiB audio:151KiB subtitle:0KiB other streams:0KiB global headers:0KiB muxing overhead: 0.187537%
[stderr] frame=  526 fps=0.0 q=-1.0 Lsize=   10758KiB time=00:00:17.56 bitrate=5017.4kbits/s speed=26.6x    
[stderr] [libx264 @ 0x14500a100] frame I:3     Avg QP:20.08  size: 54859
[stderr] [libx264 @ 0x14500a100] frame P:149   Avg QP:22.11  size: 36468
[stderr] [libx264 @ 0x14500a100] frame B:374   Avg QP:24.94  size: 14015
[stderr] [libx264 @ 0x14500a100] consecutive B-frames:  2.7%  6.1%  4.6% 86.7%
[stderr] [libx264 @ 0x14500a100] mb I  I16..4:  2.4% 10.6% 87.0%
[stderr] [libx264 @ 0x14500a100] mb P  I16..4:  2.0%  5.8% 15.0%  P16..4: 22.2% 23.3% 31.2%  0.0%  0.0%    skip: 0.5%
[stderr] [libx264 @ 0x14500a100] mb B  I16..4:  0.5%  0.6%  0.9%  B16..8: 28.7% 21.3%  9.3%  direct:23.8%  skip:14.9%  L0:28.8% L1:34.6% BI:36.6%
[stderr] [libx264 @ 0x14500a100] 8x8 transform intra:25.5% inter:29.2%
[stderr] [libx264 @ 0x14500a100] coded y,uvDC,uvAC intra: 85.2% 79.5% 41.0% inter: 55.8% 23.1% 1.0%
[stderr] [libx264 @ 0x14500a100] i16 v,h,dc,p: 52% 18% 19% 10%
[stderr] [libx264 @ 0x14500a100] i8 v,h,dc,ddl,ddr,vr,hd,vl,hu: 20% 19% 17%  2% 10%  8% 10%  6%  7%
[stderr] [libx264 @ 0x14500a100] i4 v,h,dc,ddl,ddr,vr,hd,vl,hu: 15% 19% 13%  3% 15%  8% 11%  6%  9%
[stderr] [libx264 @ 0x14500a100] i8c dc,h,v,p: 47% 21% 21% 11%
[stderr] [libx264 @ 0x14500a100] Weighted P-Frames: Y:18.1% UV:2.0%
[stderr] [libx264 @ 0x14500a100] kb/s:4918.56
[stderr] [aac @ 0x14507c5b0] Qavg: 180.233
[stderr] ffmpeg version 7.1 Copyright (c) 2000-2024 the FFmpeg developers
[stderr]   built with Apple clang version 15.0.0 (clang-1500.1.0.2.5)
[stderr]   configuration: --prefix=/opt/homebrew/Cellar/ffmpeg/7.1_3 --enable-shared --enable-pthreads --enable-version3 --cc=clang --host-cflags= --host-ldflags='-Wl,-ld_classic' --enable-ffplay --enable-gnutls --enable-gpl --enable-libaom --enable-libaribb24 --enable-libbluray --enable-libdav1d --enable-libharfbuzz --enable-libjxl --enable-libmp3lame --enable-libopus --enable-librav1e --enable-librist --enable-librubberband --enable-libsnappy --enable-libsrt --enable-libssh --enable-libsvtav1 --enable-libtesseract --enable-libtheora --enable-libvidstab --enable-libvmaf --enable-libvorbis --enable-libvpx --enable-libwebp --enable-libx264 --enable-libx265 --enable-libxml2 --enable-libxvid --enable-lzma --enable-libfontconfig --enable-libfreetype --enable-frei0r --enable-libass --enable-libopencore-amrnb --enable-libopencore-amrwb --enable-libopenjpeg --enable-libspeex --enable-libsoxr --enable-libzmq --enable-libzimg --disable-libjack --disable-indev=jack --enable-videotoolbox --enable-audiotoolbox --enable-neon
[stderr]   libavutil      59. 39.100 / 59. 39.100
[stderr]   libavcodec     61. 19.100 / 61. 19.100
[stderr]   libavformat    61.  7.100 / 61.  7.100
[stderr]   libavdevice    61.  3.100 / 61.  3.100
[stderr]   libavfilter    10.  4.100 / 10.  4.100
[stderr]   libswscale      8.  3.100 /  8.  3.100
[stderr]   libswresample   5.  3.100 /  5.  3.100
[stderr]   libpostproc    58.  3.100 / 58.  3.100
[stderr] Input #0, mov,mp4,m4a,3gp,3g2,mj2, from '/Users/johndoe/Documents/company/video_ops/scripts/abstract_algebra_in_proof_assistant/04-set-equality/takes/take-mrhmharr/pipeline/stabilize/stabilize-mriqdtnm/stabilized.mp4':
[stderr]   Metadata:
[stderr]     major_brand     : isom
[stderr]     minor_version   : [stderr] 512
[stderr]     compatible_brands: isomiso2avc1mp41
[stderr]     encoder         : Lavf61.7.100
[stderr]   Duration: 00:06:08.98, start: 0.000000, bitrate: 5562 kb/s
[stderr]   Stream #0:0[0x1](und): Video: h264 (High) (avc1 / 0x31637661), yuv420p(tv, smpte170m/bt709/bt709, progressive), 640x480, 5453 kb/s, 29.83 fps, 29.83 tbr, 11456 tbn (default)
[stderr]       Metadata:
[stderr]         handler_name    : Core Media Video
[stderr]         vendor_id       : [0][0][0][0]
[stderr]         encoder         : Lavc61.19.100 libx264
[stderr]   Stream #0:1[0x2](und): Audio: aac (LC) (mp4a / 0x6134706D), 48000 Hz, mono, fltp, 100 kb/s (default)
[stderr]       Metadata:
[stderr]         handler_name    : Core Media Audio
[stderr]         vendor_id       : [0][0][0][0]
[stderr] Stream mapping:
[stderr]   Stream #0:0 -> #0:0 (h264 (native) -> h264 (libx264))
[stderr]   Stream #0:1 -> #0:1 (aac (native) -> aac (native))
[stderr] Press [q] to stop, [?] for help
[stderr] [libx264 @ 0x13f0051f0] using cpu capabilities: ARMv8 NEON
[stderr] [libx264 @ 0x13f0051f0] profile High, level 3.0, 4:2:0, 8-bit
[stderr] [libx264 @ 0x13f0051f0] 264 - core 164 r3108 31e19f9 - H.264/MPEG-4 AVC codec - Copyleft 2003-2023 - http://www.videolan.org/x264.html - options: cabac=1 ref=1 deblock=1:0:0 analyse=0x3:0x113 me=hex subme=2 psy=1 psy_rd=1.00:0.00 mixed_ref=0 me_range=16 chroma_me=1 trellis=0 8x8dct=1 cqm=0 deadzone=21,11 fast_pskip=1 chroma_qp_offset=0 threads=15 lookahead_threads=3 sliced_threads=0 nr=0 decimate=1 interlaced=0 bluray_compat=0 constrained_intra=0 bframes=3 b_pyramid=2 b_adapt=1 b_bias=0 direct=1 weightb=1 open_gop=0 weightp=1 keyint=250 keyint_min=25 scenecut=40 intra_refresh=0 rc_lookahead=10 rc=crf mbtree=1 crf=18.0 qcomp=0.60 qpmin=0 qpmax=69 qpstep=4 ip_ratio=1.40 aq=1:1.00
[stderr] Output #0, mp4, to '/Users/johndoe/Documents/company/video_ops/scripts/abstract_algebra_in_proof_assistant/04-set-equality/takes/take-mrhmharr/pipeline/cut/cut-mriq7mo6/chunks/chunk-002.mp4':
[stderr]   Metadata:
[stderr]     major_brand     : isom
[stderr]     minor_version   : 512
[stderr]     compatible_brands: isomiso2avc1mp41
[stderr]     encoder         : Lavf61.7.100
[stderr]   Stream #0:0(und): Video: h264 (avc1 / 0x31637661), yuv420p(tv, smpte170m/bt709/bt709, progressive), 640x480, q=2-31, 29.83 fps, 11456 tbn (default)
[stderr]       Metadata:
[stderr]         handler_name    : Core Media Video
[stderr]         vendor_id       : [0][0][0][0]
[stderr]         encoder         : Lavc61.19.100 libx264
[stderr]       Side data:
[stderr]         cpb: bitrate max/min/avg: 0/0/0 buffer size: 0 vbv_delay: N/A
[stderr]   Stream #0:1(und): Audio: aac (LC) (mp4a / 0x6134706D), 48000 Hz, mono, fltp, 69 kb/s (default)
[stderr]       Metadata:
[stderr]         handler_name    : Core Media Audio
[stderr]         vendor_id       : [0][0][0][0]
[stderr]         encoder         : Lavc61.19.100 aac
[stderr] frame=  227 fps=0.0 q=24.0 size=    3584KiB time=00:00:07.57 bitrate=3875.8kbits/s speed=  15x    
[stderr] frame=  647 fps=643 q=24.0 size=   13056KiB time=00:00:21.65 bitrate=4939.4kbits/s speed=21.5x    
[stderr] [out#0/mp4 @ 0x13f0042b0] video:21609KiB audio:280KiB subtitle:0KiB other streams:0KiB global headers:0KiB muxing overhead: 0.165804%
[stderr] frame=  979 fps=698 q=-1.0 Lsize=   21925KiB time=00:00:32.78 bitrate=5479.0kbits/s speed=23.4x    
[stderr] [libx264 @ 0x13f0051f0] frame I:7     Avg QP:19.72  size: 54229
[stderr] [libx264 @ 0x13f0051f0] frame P:265   Avg QP:22.46  size: 37791
[stderr] [libx264 @ 0x13f0051f0] frame B:707   Avg QP:25.37  size: 16594
[stderr] [libx264 @ 0x13f0051f0] consecutive B-frames:  2.2%  3.1%  4.0% 90.7%
[stderr] [libx264 @ 0x13f0051f0] mb I  I16..4:  5.4% 11.4% 83.2%
[stderr] [libx264 @ 0x13f0051f0] mb P  I16..4:  4.2%  7.6% 20.1%  P16..4: 17.3% 19.9% 29.4%  0.0%  0.0%    skip: 1.5%
[stderr] [libx264 @ 0x13f0051f0] mb B  I16..4:  1.0%  0.8%  1.5%  B16..8: 26.7% 21.1% 13.2%  direct:20.1%  skip:15.6%  L0:29.4% L1:32.7% BI:37.9%
[stderr] [libx264 @ 0x13f0051f0] 8x8 transform intra:23.1% inter:26.6%
[stderr] [libx264 @ 0x13f0051f0] coded y,uvDC,uvAC intra: 80.4% 71.0% 35.8% inter: 54.4% 23.0% 1.0%
[stderr] [libx264 @ 0x13f0051f0] i16 v,h,dc,p: 64% 15% 16%  6%
[stderr] [libx264 @ 0x13f0051f0] i8 v,h,dc,ddl,ddr,vr,hd,vl,hu: 24% 17% 16%  2% 10% 10%  8%  7%  7%
[stderr] [libx264 @ 0x13f0051f0] i4 v,h,dc,ddl,ddr,vr,hd,vl,hu: 16% 17% 13%  3% 15% 10% 10%  7%  9%
[stderr] [libx264 @ 0x13f0051f0] i8c dc,h,v,p: 52% 18% 20%  9%
[stderr] [libx264 @ 0x13f0051f0] Weighted P-Frames: Y:16.2% UV:0.8%
[stderr] [libx264 @ 0x13f0051f0] kb/s:5394.13
[stderr] [aac @ 0x13f07a0c0] Qavg: 233.484
[stderr] ffmpeg version 7.1 Copyright (c) 2000-2024 the FFmpeg developers
[stderr]   built with Apple clang version 15.0.0 (clang-1500.1.0.2.5)
[stderr]   configuration: --prefix=/opt/homebrew/Cellar/ffmpeg/7.1_3 --enable-shared --enable-pthreads --enable-version3 --cc=clang --host-cflags= --host-ldflags='-Wl,-ld_classic' --enable-ffplay --enable-gnutls --enable-gpl --enable-libaom --enable-libaribb24 --enable-libbluray --enable-libdav1d --enable-libharfbuzz --enable-libjxl --enable-libmp3lame --enable-libopus --enable-librav1e --enable-librist --enable-librubberband --enable-libsnappy --enable-libsrt --enable-libssh --enable-libsvtav1 --enable-libtesseract --enable-libtheora --enable-libvidstab --enable-libvmaf --enable-libvorbis --enable-libvpx --enable-libwebp --enable-libx264 --enable-libx265 --enable-libxml2 --enable-libxvid --enable-lzma --enable-libfontconfig --enable-libfreetype --enable-frei0r --enable-libass --enable-libopencore-amrnb --enable-libopencore-amrwb --enable-libopenjpeg --enable-libspeex --enable-libsoxr --enable-libzmq --enable-libzimg --disable-libjack --disable-indev=jack --enable-videotoolbox --enable-audiotoolbox --enable-neon
[stderr]   libavutil      59. 39.100 / 59. 39.100
[stderr]   libavcodec     61. 19.100 / 61. 19.100
[stderr]   libavformat    61.  7.100 / 61.  7.100
[stderr]   libavdevice    61.  3.100 / 61.  3.100
[stderr]   libavfilter    10.  4.100 / 10.  4.100
[stderr]   libswscale      8.  3.100 /  8.  3.100
[stderr]   libswresample   5.  3.100 /  5.  3.100
[stderr]   libpostproc    58.  3.100 / 58.  3.100
[stderr] Input #0, mov,mp4,m4a,3gp,3g2,mj2, from '/Users/johndoe/Documents/company/video_ops/scripts/abstract_algebra_in_proof_assistant/04-set-equality/takes/take-mrhmharr/pipeline/stabilize/stabilize-mriqdtnm/stabilized.mp4':
[stderr]   Metadata:
[stderr]     major_brand     : isom
[stderr]     minor_version   : 512
[stderr]     compatible_brands: isomiso2avc1mp41
[stderr]     encoder         : Lavf61.7.100
[stderr]   Duration: 00:06:08.98, start: 0.000000, bitrate: 5562 kb/s
[stderr]   Stream #0:0[0x1](und): Video: h264 (High) (avc1 / 0x31637661), yuv420p(tv, smpte170m/bt709/bt709, progressive), 640x480, 5453 kb/s, 29.83 fps, 29.83 tbr, 11456 tbn (default)
[stderr]       Metadata:
[stderr]         handler_name    : Core Media Video
[stderr]         vendor_id       : [0][0][0][0]
[stderr]         encoder         : Lavc61.19.100 libx264
[stderr]   Stream #0:1[0x2](und): Audio: aac (LC) (mp4a / 0x6134706D), 48000 Hz, mono, fltp, 100 kb/s (default)
[stderr]       Metadata:
[stderr]         handler_name    : Core Media Audio
[stderr]         vendor_id       : [0][0][0][0]
[stderr] Stream mapping:
[stderr]   Stream #0:0 -> #0:0 (h264 (native) -> h264 (libx264))
[stderr]   Stream #0:1 -> #0:1[stderr]  (aac (native) -> aac (native))
[stderr] Press [q] to stop, [?] for help
[stderr] [libx264 @ 0x113605190] using cpu capabilities: ARMv8 NEON
[stderr] [libx264 @ 0x113605190] profile High, level 3.0, 4:2:0, 8-bit
[stderr] [libx264 @ 0x113605190] 264 - core 164 r3108 31e19f9 - H.264/MPEG-4 AVC codec - Copyleft 2003-2023 - http://www.videolan.org/x264.html - options: cabac=1 ref=1 deblock=1:0:0 analyse=0x3:0x113 me=hex subme=2 psy=1 psy_rd=1.00:0.00 mixed_ref=0 me_range=16 chroma_me=1 trellis=0 8x8dct=1 cqm=0 deadzone=21,11 fast_pskip=1 chroma_qp_offset=0 threads=15 lookahead_threads=3 sliced_threads=0 nr=0 decimate=1 interlaced=0 bluray_compat=0 constrained_intra=0 bframes=3 b_pyramid=2 b_adapt=1 b_bias=0 direct=1 weightb=1 open_gop=0 weightp=1 keyint=250 keyint_min=25 scenecut=40 intra_refresh=0 rc_lookahead=10 rc=crf mbtree=1 crf=18.0 qcomp=0.60 qpmin=0 qpmax=69 qpstep=4 ip_ratio=1.40 aq=1:1.00
[stderr] Output #0, mp4, to '/Users/johndoe/Documents/company/video_ops/scripts/abstract_algebra_in_proof_assistant/04-set-equality/takes/take-mrhmharr/pipeline/cut/cut-mriq7mo6/chunks/chunk-003.mp4':
[stderr]   Metadata:
[stderr]     major_brand     : isom
[stderr]     minor_version   : 512
[stderr]     compatible_brands: isomiso2avc1mp41
[stderr]     encoder         : Lavf61.7.100
[stderr]   Stream #0:0(und): Video: h264 (avc1 / 0x31637661), yuv420p(tv, smpte170m/bt709/bt709, progressive), 640x480, q=2-31, 29.83 fps, 11456 tbn (default)
[stderr]       Metadata:
[stderr]         handler_name    : Core Media Video
[stderr]         vendor_id       : [0][0][0][0]
[stderr]         encoder         : Lavc61.19.100 libx264
[stderr]       Side data:
[stderr]         cpb: bitrate max/min/avg: 0/0/0 buffer size: 0 vbv_delay: N/A
[stderr]   Stream #0:1(und): Audio: aac (LC) (mp4a / 0x6134706D), 48000 Hz, mono, fltp, 69 kb/s (default)
[stderr]       Metadata:
[stderr]         handler_name    : Core Media Audio
[stderr]         vendor_id       : [0][0][0][0]
[stderr]         encoder         : Lavc61.19.100 aac
[stderr] [out#0/mp4 @ 0x113604140] video:281KiB audio:4KiB subtitle:0KiB other streams:0KiB global headers:0KiB muxing overhead: 0.661103%
[stderr] frame=   13 fps=0.0 q=-1.0 Lsize=     287KiB time=00:00:00.36 bitrate=6369.4kbits/s speed=0.659x    
[stderr] [libx264 @ 0x113605190] frame I:1     Avg QP:20.32  size: 50262
[stderr] [libx264 @ 0x113605190] frame P:3     Avg QP:21.89  size: 32281
[stderr] [libx264 @ 0x113605190] frame B:9     Avg QP:25.03  size: 15542
[stderr] [libx264 @ 0x113605190] consecutive B-frames:  7.7%  0.0%  0.0% 92.3%
[stderr] [libx264 @ 0x113605190] mb I  I16..4: 13.2% 11.0% 75.8%
[stderr] [libx264 @ 0x113605190] mb P  I16..4: 11.4%  6.6% 11.7%  P16..4: 16.0% 20.6% 31.3%  0.0%  0.0%    skip: 2.3%
[stderr] [libx264 @ 0x113605190] mb B  I16..4:  1.6%  0.5%  0.0%  B16..8: 27.6% 19.2%  9.9%  direct:20.4%  skip:20.7%  L0:23.7% L1:38.9% BI:37.4%
[stderr] [libx264 @ 0x113605190] 8x8 transform intra:17.0% inter:25.7%
[stderr] [libx264 @ 0x113605190] coded y,uvDC,uvAC intra: 66.9% 58.8% 27.6% inter: 49.5% 17.0% 0.3%
[stderr] [libx264 @ 0x113605190] i16 v,h,dc,p: 85%  6%  7%  3%
[stderr] [libx264 @ 0x113605190] i8 v,h,dc,ddl,ddr,vr,hd,vl,hu: 25% 19% 19%  2%  9%  9%  7%  5%  5%
[stderr] [libx264 @ 0x113605190] i4 v,h,dc,ddl,ddr,vr,hd,vl,hu: 16% 17% 13%  4% 15%  9% 11%  7%  9%
[stderr] [libx264 @ 0x113605190] i8c dc,h,v,p: 59% 16% 17%  8%
[stderr] [libx264 @ 0x113605190] Weighted P-Frames: Y:33.3% UV:0.0%
[stderr] [libx264 @ 0x113605190] kb/s:5268.81
[stderr] [aac @ 0x11367a040] Qavg: 106.739
[stderr] ffmpeg version 7.1 Copyright (c) 2000-2024 the FFmpeg developers
[stderr]   built with Apple clang version 15.0.0 (clang-1500.1.0.2.5)
[stderr]   configuration: --prefix=/opt/homebrew/Cellar/ffmpeg/7.1_3 --enable-shared --enable-pthreads --enable-version3 --cc=clang --host-cflags= --host-ldflags='-Wl,-ld_classic' --enable-ffplay --enable-gnutls --enable-gpl --enable-libaom --enable-libaribb24 --enable-libbluray --enable-libdav1d --enable-libharfbuzz --enable-libjxl --enable-libmp3lame --enable-libopus --enable-librav1e --enable-librist --enable-librubberband --enable-libsnappy --enable-libsrt --enable-libssh --enable-libsvtav1 --enable-libtesseract --enable-libtheora --enable-libvidstab --enable-libvmaf --enable-libvorbis --enable-libvpx --enable-libwebp --enable-libx264 --enable-libx265 --enable-libxml2 --enable-libxvid --enable-lzma --enable-libfontconfig --enable-libfreetype --enable-frei0r --enable-libass --enable-libopencore-amrnb --enable-libopencore-amrwb --enable-libopenjpeg --enable-libspeex --enable-libsoxr --enable-libzmq --enable-libzimg --disable-libjack --disable-indev=jack --enable-videotoolbox --enable-audiotoolbox --enable-neon
[stderr]   libavutil      59. 39.100 / 59. 39.100
[stderr]   libavcodec     61. 19.100 / 61. 19.100
[stderr]   libavformat    61.  7.100 / 61.  7.100
[stderr]   libavdevice    61.  3.100 / 61.  3.100
[stderr]   libavfilter    10.  4.100 / 10.  4.100
[stderr]   libswscale      8.  3.100 /  8.  3.100
[stderr]   libswresample   5.  3.100 /  5.  3.100
[stderr]   libpostproc    58.  3.100 / 58.  3.100
[stderr] Input #0, mov,mp4,m4a,3gp,3g2,mj2, from '/Users/johndoe/Documents/company/video_ops/scripts/abstract_algebra_in_proof_assistant/04-set-equality/takes/take-mrhmharr/pipeline/stabilize/stabilize-mriqdtnm/stabilized.mp4':
[stderr]   Metadata:
[stderr]     major_brand     : isom
[stderr]     minor_version   : 512
[stderr]     compatible_brands: isomiso2avc1mp41
[stderr]     encoder         : Lavf61.7.100
[stderr]   Duration: 00:06:08.98, start: 0.000000, bitrate: 5562 kb/s
[stderr]   Stream #0:0[0x1](und): Video: h264 (High) (avc1 / 0x31637661), yuv420p(tv, smpte170m/bt709/bt709, progressive), 640x480, 5453 kb/s, 29.83 fps, 29.83 tbr, 11456 tbn (default)
[stderr]       Metadata:
[stderr]         handler_name    : Core Media Video
[stderr]         vendor_id       : [0][0][0][0]
[stderr]         encoder         : Lavc61.19.100 libx264
[stderr]   Stream #0:1[0x2](und): Audio: aac (LC) (mp4a / 0x6134706D), 48000 Hz, mono, fltp, 100 kb/s (default)
[stderr]       Metadata:
[stderr]         handler_name    : Core Media Audio
[stderr]         vendor_id       : [0][0][0][0]
[stderr] Stream mapping:
[stderr]   Stream #0:0 -> #0:0 (h264 (native) -> h264 (libx264))
[stderr]   Stream #0:1 -> #0:1 (aac (native) -> aac (native))
[stderr] Press [q] to stop, [?] for help
[stderr] [libx264 @ 0x141106160] using cpu capabilities: ARMv8 NEON
[stderr] [libx264 @ 0x141106160] profile High, level 3.0, 4:2:0, 8-bit
[stderr] [libx264 @ 0x141106160] 264 - core 164 r3108 31e19f9 - H.264/MPEG-4 AVC codec - Copyleft 2003-2023 - http://www.videolan.org/x264.html - options: cabac=1 ref=1 deblock=1:0:0 analyse=0x3:0x113 me=hex subme=2 psy=1 psy_rd=1.00:0.00 mixed_ref=0 me_range=16 chroma_me=1 trellis=0 8x8dct=1 cqm=0 deadzone=21,11 fast_pskip=1 chroma_qp_offset=0 threads=15 lookahead_threads=3 sliced_threads=0 nr=0 decimate=1 interlaced=0 bluray_compat=0 constrained_intra=0 bframes=3 b_pyramid=2 b_adapt=1 b_bias=0 direct=1 weightb=1 open_gop=0 weightp=1 keyint=250 keyint_min=25 scenecut=40 intra_refresh=0 rc_lookahead=10 rc=crf mbtree=1 crf=18.0 qcomp=0.60 qpmin=0 qpmax=69 qpstep=4 ip_ratio=1.40 aq=1:1.00
[stderr] Output #0, mp4, to '/Users/johndoe/Documents/company/video_ops/scripts/abstract_algebra_in_proof_assistant/04-set-equality/takes/take-mrhmharr/pipeline/cut/cut-mriq7mo6/chunks/chunk-004.mp4':
[stderr]   Metadata:
[stderr]     major_brand     : isom
[stderr]     minor_version   : 512
[stderr]     compatible_brands: isomiso2avc1mp41
[stderr]     encoder         : Lavf61.7.100
[stderr]   Stream #0:0(und): Video: h264 (avc1 / 0x31637661), yuv420p(tv, smpte170m/bt709/bt709, progressive), 640x480, q=2-31, 29.83 fps, 11456 tbn (default)
[stderr]       Metadata:
[stderr]         handler_name    : Core Media Video
[stderr]         vendor_id       : [0][0][0][0]
[stderr]         encoder         : Lavc61.19.100 libx264
[stderr]       Side data:
[stderr]         cpb: bitrate max/min/avg: 0/0/0 buffer size: 0 vbv_delay: N/A
[stderr]   Stream #0:1(und): Audio: aac (LC) (mp4a / 0x6134706D), 48000 Hz, mono, fltp, 69 kb/s (default)
[stderr]       Metadata:
[stderr]         handler_name    : Core Media Audio
[stderr]         vendor_id       : [0][0][0][0]
[stderr]         encoder         : Lavc61.19.100 aac
[stderr] [out#0/mp4 @ 0x1411051d0] video:474KiB audio:8KiB subtitle:0KiB other streams:0KiB global headers:0KiB muxing overhead: 0.509715%
[stderr] frame=   29 fps=0.0 q=-1.0 Lsize=     484KiB time=00:00:00.90 bitrate=4385.5kbits/s speed=1.55x    
[stderr] [libx264 @ 0x141106160] frame I:1     Avg QP:19.53  size: 51796
[stderr] [libx264 @ 0x141106160] frame P:7     Avg QP:20.68  size: 30165
[stderr] [libx264 @ 0x141106160] frame B:21    Avg QP:24.39  size: 10543
[stderr] [libx264 @ 0x141106160] consecutive B-frames:  3.4%  0.0%  0.0% 96.6%
[stderr] [libx264 @ 0x141106160] mb I  I16..4: 16.8%  9.2% 73.9%
[stderr] [libx264 @ 0x141106160] mb P  I16..4: 10.9%  3.7%  4.3%  P16..4: 21.4% 22.7% 32.2%  0.0%  0.0%    skip: 4.9%
[stderr] [libx264 @ 0x141106160] mb B  I16..4:  2.6%  0.2%  0.0%  B16..8: 27.5% 15.1%  6.3%  direct:20.3%  skip:27.9%  L0:22.0% L1:30.8% BI:47.2%
[stderr] [libx264 @ 0x141106160] 8x8 transform intra:13.4% inter:25.1%
[stderr] [libx264 @ 0x141106160] coded y,uvDC,uvAC intra: 47.2% 43.0% 20.4% inter: 41.7% 15.0% 0.5%
[stderr] [libx264 @ 0x141106160] i16 v,h,dc,p: 86%  3% 10%  2%
[stderr] [libx264 @ 0x141106160] i8 v,h,dc,ddl,ddr,vr,hd,vl,hu: 22% 19% 21%  2%  8%  7%  7%  7%  6%
[stderr] [libx264 @ 0x141106160] i4 v,h,dc,ddl,ddr,vr,hd,vl,hu: 17% 17% 13%  4% 13% 10%  8%  7% 10%
[stderr] [libx264 @ 0x141106160] i8c dc,h,v,p: 71% 12% 11%  6%
[stderr] [libx264 @ 0x141106160] Weighted P-Frames: Y:0.0% UV:0.0%
[stderr] [libx264 @ 0x141106160] kb/s:3986.21
[stderr] [aac @ 0x14117b040] Qavg: 1538.507
[stderr] ffmpeg version 7.1 Copyright (c) 2000-2024 the FFmpeg developers
[stderr]   built with Apple clang version 15.0.0 (clang-1500.1.0.2.5)
[stderr]   configuration: --prefix=/opt/homebrew/Cellar/ffmpeg/7.1_3 --enable-shared --enable-pthreads --enable-version3 --cc=clang --host-cflags= --host-ldflags='-Wl,-ld_classic' --enable-ffplay --enable-gnutls --enable-gpl --enable-libaom --enable-libaribb24 --enable-libbluray --enable-libdav1d --enable-libharfbuzz --enable-libjxl --enable-libmp3lame --enable-libopus --enable-librav1e --enable-librist --enable-librubberband --enable-libsnappy --enable-libsrt --enable-libssh --enable-libsvtav1 --enable-libtesseract --enable-libtheora --enable-libvidstab --enable-libvmaf --enable-libvorbis --enable-libvpx --enable-libwebp --enable-libx264 --enable-libx265 --enable-libxml2 --enable-libxvid --enable-lzma --enable-libfontconfig --enable-libfreetype --enable-frei0r --enable-libass --enable-libopencore-amrnb --enable-libopencore-amrwb --enable-libopenjpeg --enable-libspeex --enable-libsoxr --enable-libzmq --enable-libzimg --disable-libjack --disable-indev=jack --enable-videotoolbox --enable-audiotoolbox --enable-neon
[stderr]   libavutil      59. 39.100 / 59. 39.100
[stderr]   libavcodec     61. 19.100 / 61. 19.100
[stderr]   libavformat    61.  7.100 / 61.  7.100
[stderr]   libavdevice    61.  3.100 / 61.  3.100
[stderr]   libavfilter    10.  4.100 / 10.  4.100
[stderr]   libswscale      8.  3.100 /  8.  3.100
[stderr]   libswresample   5.  3.100 /  5.  3.100
[stderr]   libpostproc    58.  3.100 / 58.  3.100
[stderr] Input #0, mov,mp4,m4a,3gp,3g2,mj2, from '/Users/johndoe/Documents/company/video_ops/scripts/abstract_algebra_in_proof_assistant/04-set-equality/takes/take-mrhmharr/pipeline/stabilize/stabilize-mriqdtnm/stabilized.mp4':
[stderr]   Metadata:
[stderr]     major_brand     : isom
[stderr]     minor_version   : [stderr] 512
[stderr]     compatible_brands: isomiso2avc1mp41
[stderr]     encoder         : Lavf61.7.100
[stderr]   Duration: 00:06:08.98, start: 0.000000, bitrate: 5562 kb/s
[stderr]   Stream #0:0[0x1](und): Video: h264 (High) (avc1 / 0x31637661), yuv420p(tv, smpte170m/bt709/bt709, progressive), 640x480, 5453 kb/s, 29.83 fps, 29.83 tbr, 11456 tbn (default)
[stderr]       Metadata:
[stderr]         handler_name    : Core Media Video
[stderr]         vendor_id       : [0][0][0][0]
[stderr]         encoder         : Lavc61.19.100 libx264
[stderr]   Stream #0:1[0x2](und): Audio: aac (LC) (mp4a / 0x6134706D), 48000 Hz, mono, fltp, 100 kb/s (default)
[stderr]       Metadata:
[stderr]         handler_name    : Core Media Audio
[stderr]         vendor_id       : [0][0][0][0]
[stderr] Stream mapping:
[stderr]   Stream #0:0 -> #0:0 (h264 (native) -> h264 (libx264))
[stderr]   Stream #0:1 -> #0:1 (aac (native) -> aac (native))
[stderr] Press [q] to stop, [?] for help
[stderr] [libx264 @ 0x147606160] using cpu capabilities: ARMv8 NEON
[stderr] [libx264 @ 0x147606160] profile High, level 3.0, 4:2:0, 8-bit
[stderr] [libx264 @ 0x147606160] 264 - core 164 r3108 31e19f9 - H.264/MPEG-4 AVC codec - Copyleft 2003-2023 - http://www.videolan.org/x264.html - options: cabac=1 ref=1 deblock=1:0:0 analyse=0x3:0x113 me=hex subme=2 psy=1 psy_rd=1.00:0.00 mixed_ref=0 me_range=16 chroma_me=1 trellis=0 8x8dct=1 cqm=0 deadzone=21,11 fast_pskip=1 chroma_qp_offset=0 threads=15 lookahead_threads=3 sliced_threads=0 nr=0 decimate=1 interlaced=0 bluray_compat=0 constrained_intra=0 bframes=3 b_pyramid=2 b_adapt=1 b_bias=0 direct=1 weightb=1 open_gop=0 weightp=1 keyint=250 keyint_min=25 scenecut=40 intra_refresh=0 rc_lookahead=10 rc=crf mbtree=1 crf=18.0 qcomp=0.60 qpmin=0 qpmax=69 qpstep=4 ip_ratio=1.40 aq=1:1.00
[stderr] Output #0, mp4, to '/Users/johndoe/Documents/company/video_ops/scripts/abstract_algebra_in_proof_assistant/04-set-equality/takes/take-mrhmharr/pipeline/cut/cut-mriq7mo6/chunks/chunk-005.mp4':
[stderr]   Metadata:
[stderr]     major_brand     : isom
[stderr]     minor_version   : 512
[stderr]     compatible_brands: isomiso2avc1mp41
[stderr]     encoder         : Lavf61.7.100
[stderr]   Stream #0:0(und): Video: h264 (avc1 / 0x31637661), yuv420p(tv, smpte170m/bt709/bt709, progressive), 640x480, q=2-31, 29.83 fps, 11456 tbn (default)
[stderr]       Metadata:
[stderr]         handler_name    : Core Media Video
[stderr]         vendor_id       : [0][0][0][0]
[stderr]         encoder         : Lavc61.19.100 libx264
[stderr]       Side data:
[stderr]         cpb: bitrate max/min/avg: 0/0/0 buffer size: 0 vbv_delay: N/A
[stderr]   Stream #0:1(und): Audio: aac (LC) (mp4a / 0x6134706D), 48000 Hz, mono, fltp, 69 kb/s (default)
[stderr]       Metadata:
[stderr]         handler_name    : Core Media Audio
[stderr]         vendor_id       : [0][0][0][0]
[stderr]         encoder         : Lavc61.19.100 aac
[stderr] frame=  319 fps=317 q=24.0 size=    5888KiB time=00:00:10.65 bitrate=4525.2kbits/s speed=10.6x    
[stderr] [out#0/mp4 @ 0x1476051d0] video:10026KiB audio:152KiB subtitle:0KiB other streams:0KiB global headers:0KiB muxing overhead: 0.200531%
[stderr] frame=  535 fps=437 q=-1.0 Lsize=   10198KiB time=00:00:17.89 bitrate=4667.5kbits/s speed=14.6x    
[stderr] [libx264 @ 0x147606160] frame I:3     Avg QP:19.40  size: 57441
[stderr] [libx264 @ 0x147606160] frame P:156   Avg QP:21.88  size: 35412
[stderr] [libx264 @ 0x147606160] frame B:376   Avg QP:25.33  size: 12152
[stderr] [libx264 @ 0x147606160] consecutive B-frames:  3.9%  6.0%  3.4% 86.7%
[stderr] [libx264 @ 0x147606160] mb I  I16..4:  8.0%  9.8% 82.3%
[stderr] [libx264 @ 0x147606160] mb P  I16..4:  5.0%  4.9%  8.5%  P16..4: 23.5% 23.7% 32.9%  0.0%  0.0%    skip: 1.4%
[stderr] [libx264 @ 0x147606160] mb B  I16..4:  1.3%  0.4%  0.1%  B16..8: 28.5% 18.9%  8.4%  direct:22.0%  skip:20.4%  L0:25.7% L1:31.8% BI:42.4%
[stderr] [libx264 @ 0x147606160] 8x8 transform intra:24.7% inter:23.3%
[stderr] [libx264 @ 0x147606160] coded y,uvDC,uvAC intra: 64.5% 52.2% 21.2% inter: 49.0% 15.7% 0.7%
[stderr] [libx264 @ 0x147606160] i16 v,h,dc,p: 63% 19% 13%  4%
[stderr] [libx264 @ 0x147606160] i8 v,h,dc,ddl,ddr,vr,hd,vl,hu: 24% 21% 21%  2%  7%  6%  6%  7%  7%
[stderr] [libx264 @ 0x147606160] i4 v,h,dc,ddl,ddr,vr,hd,vl,hu: 17% 18% 15%  3% 13%  9%  9%  6%  9%
[stderr] [libx264 @ 0x147606160] i8c dc,h,v,p: 62% 15% 17%  6%
[stderr] [libx264 @ 0x147606160] Weighted P-Frames: Y:14.7% UV:1.3%
[stderr] [libx264 @ 0x147606160] kb/s:4579.52
[stderr] [aac @ 0x14767b040] Qavg: 186.761
[stderr] ffmpeg version 7.1 Copyright (c) 2000-2024 the FFmpeg developers
[stderr]   built with Apple clang version 15.0.0 (clang-1500.1.0.2.5)
[stderr]   configuration: --prefix=/opt/homebrew/Cellar/ffmpeg/7.1_3 --enable-shared --enable-pthreads --enable-version3 --cc=clang --host-cflags= --host-ldflags='-Wl,-ld_classic' --enable-ffplay --enable-gnutls --enable-gpl --enable-libaom --enable-libaribb24 --enable-libbluray --enable-libdav1d --enable-libharfbuzz --enable-libjxl --enable-libmp3lame --enable-libopus --enable-librav1e --enable-librist --enable-librubberband --enable-libsnappy --enable-libsrt --enable-libssh --enable-libsvtav1 --enable-libtesseract --enable-libtheora --enable-libvidstab --enable-libvmaf --enable-libvorbis --enable-libvpx --enable-libwebp --enable-libx264 --enable-libx265 --enable-libxml2 --enable-libxvid --enable-lzma --enable-libfontconfig --enable-libfreetype --enable-frei0r --enable-libass --enable-libopencore-amrnb --enable-libopencore-amrwb --enable-libopenjpeg --enable-libspeex --enable-libsoxr --enable-libzmq --enable-libzimg --disable-libjack --disable-indev=jack --enable-videotoolbox --enable-audiotoolbox --enable-neon
[stderr]   libavutil      59. 39.100 / 59. 39.100
[stderr]   libavcodec     61. 19.100 / 61. 19.100
[stderr]   libavformat    61.  7.100 / 61.  7.100
[stderr]   libavdevice    61.  3.100 / 61.  3.100
[stderr]   libavfilter    10.  4.100 / 10.  4.100
[stderr]   libswscale      8.  3.100 /  8.  3.100
[stderr]   libswresample   5.  3.100 /  5.  3.100
[stderr]   libpostproc    58.  3.100 / 58.  3.100
[stderr] Input #0, mov,mp4,m4a,3gp,3g2,mj2, from '/Users/johndoe/Documents/company/video_ops/scripts/abstract_algebra_in_proof_assistant/04-set-equality/takes/take-mrhmharr/pipeline/stabilize/stabilize-mriqdtnm/stabilized.mp4':
[stderr]   Metadata:
[stderr]     major_brand     : isom
[stderr]     minor_version   : 512
[stderr]     compatible_brands: isomiso2avc1mp41
[stderr]     encoder         : Lavf61.7.100
[stderr]   Duration: [stderr] 00:06:08.98, start: 0.000000, bitrate: 5562 kb/s
[stderr]   Stream #0:0[0x1](und): Video: h264 (High) (avc1 / 0x31637661), yuv420p(tv, smpte170m/bt709/bt709, progressive), 640x480, 5453 kb/s, 29.83 fps, 29.83 tbr, 11456 tbn (default)
[stderr]       Metadata:
[stderr]         handler_name    : Core Media Video
[stderr]         vendor_id       : [0][0][0][0]
[stderr]         encoder         : Lavc61.19.100 libx264
[stderr]   Stream #0:1[0x2](und): Audio: aac (LC) (mp4a / 0x6134706D), 48000 Hz, mono, fltp, 100 kb/s (default)
[stderr]       Metadata:
[stderr]         handler_name    : Core Media Audio
[stderr]         vendor_id       : [0][0][0][0]
[stderr] Stream mapping:
[stderr]   Stream #0:0 -> #0:0 (h264 (native) -> h264 (libx264))
[stderr]   Stream #0:1 -> #0:1 (aac (native) -> aac (native))
[stderr] Press [q] to stop, [?] for help
[stderr] [libx264 @ 0x1210052f0] using cpu capabilities: ARMv8 NEON
[stderr] [libx264 @ 0x1210052f0] profile High, level 3.0, 4:2:0, 8-bit
[stderr] [libx264 @ 0x1210052f0] 264 - core 164 r3108 31e19f9 - H.264/MPEG-4 AVC codec - Copyleft 2003-2023 - http://www.videolan.org/x264.html - options: cabac=1 ref=1 deblock=1:0:0 analyse=0x3:0x113 me=hex subme=2 psy=1 psy_rd=1.00:0.00 mixed_ref=0 me_range=16 chroma_me=1 trellis=0 8x8dct=1 cqm=0 deadzone=21,11 fast_pskip=1 chroma_qp_offset=0 threads=15 lookahead_threads=3 sliced_threads=0 nr=0 decimate=1 interlaced=0 bluray_compat=0 constrained_intra=0 bframes=3 b_pyramid=2 b_adapt=1 b_bias=0 direct=1 weightb=1 open_gop=0 weightp=1 keyint=250 keyint_min=25 scenecut=40 intra_refresh=0 rc_lookahead=10 rc=crf mbtree=1 crf=18.0 qcomp=0.60 qpmin=0 qpmax=69 qpstep=4 ip_ratio=1.40 aq=1:1.00
[stderr] Output #0, mp4, to '/Users/johndoe/Documents/company/video_ops/scripts/abstract_algebra_in_proof_assistant/04-set-equality/takes/take-mrhmharr/pipeline/cut/cut-mriq7mo6/chunks/chunk-006.mp4':
[stderr]   Metadata:
[stderr]     major_brand     : isom
[stderr]     minor_version   : 512
[stderr]     compatible_brands: isomiso2avc1mp41
[stderr]     encoder         : Lavf61.7.100
[stderr]   Stream #0:0(und): Video: h264 (avc1 / 0x31637661), yuv420p(tv, smpte170m/bt709/bt709, progressive), 640x480, q=2-31, 29.83 fps, 11456 tbn (default)
[stderr]       Metadata:
[stderr]         handler_name    : Core Media Video
[stderr]         vendor_id       : [0][0][0][0]
[stderr]         encoder         : Lavc61.19.100 libx264
[stderr]       Side data:
[stderr]         cpb: bitrate max/min/avg: 0/0/0 buffer size: 0 vbv_delay: N/A
[stderr]   Stream #0:1(und): Audio: aac (LC) (mp4a / 0x6134706D), 48000 Hz, mono, fltp, 69 kb/s (default)
[stderr]       Metadata:
[stderr]         handler_name    : Core Media Audio
[stderr]         vendor_id       : [0][0][0][0]
[stderr]         encoder         : Lavc61.19.100 aac
[stderr] frame=  131 fps=130 q=24.0 size=    3584KiB time=00:00:04.35 bitrate=6737.9kbits/s speed=4.33x    
[stderr] [out#0/mp4 @ 0x121004340] video:9777KiB audio:97KiB subtitle:0KiB other streams:0KiB global headers:0KiB muxing overhead: 0.136751%
[stderr] frame=  340 fps=271 q=-1.0 Lsize=    9888KiB time=00:00:11.36 bitrate=7128.8kbits/s speed=9.06x    
[stderr] [libx264 @ 0x1210052f0] frame I:3     Avg QP:21.16  size: 44364
[stderr] [libx264 @ 0x1210052f0] frame P:100   Avg QP:23.53  size: 44618
[stderr] [libx264 @ 0x1210052f0] frame B:237   Avg QP:25.83  size: 22855
[stderr] [libx264 @ 0x1210052f0] consecutive B-frames:  3.8%  7.6%  6.2% 82.4%
[stderr] [libx264 @ 0x1210052f0] mb I  I16..4:  5.2% 14.5% 80.3%
[stderr] [libx264 @ 0x1210052f0] mb P  I16..4:  2.6%  9.0% 21.5%  P16..4: 15.3% 19.0% 32.3%  0.0%  0.0%    skip: 0.4%
[stderr] [libx264 @ 0x1210052f0] mb B  I16..4:  0.8%  1.1%  1.3%  B16..8: 26.7% 22.4% 17.0%  direct:21.9%  skip: 8.9%  L0:28.8% L1:30.4% BI:40.8%
[stderr] [libx264 @ 0x1210052f0] 8x8 transform intra:27.8% inter:26.8%
[stderr] [libx264 @ 0x1210052f0] coded y,uvDC,uvAC intra: 85.6% 61.6% 18.9% inter: 65.1% 21.0% 0.3%
[stderr] [libx264 @ 0x1210052f0] i16 v,h,dc,p: 45% 21% 22% 11%
[stderr] [libx264 @ 0x1210052f0] i8 v,h,dc,ddl,ddr,vr,hd,vl,hu: 20% 22% 16%  3%  9%  8%  9%  7%  7%
[stderr] [libx264 @ 0x1210052f0] i4 v,h,dc,ddl,ddr,vr,hd,vl,hu: 14% 18% 14%  4% 15%  9% 11%  7% 10%
[stderr] [libx264 @ 0x1210052f0] i8c dc,h,v,p: 53% 21% 20%  7%
[stderr] [libx264 @ 0x1210052f0] Weighted P-Frames: Y:31.0% UV:3.0%
[stderr] [libx264 @ 0x1210052f0] kb/s:7027.65
[stderr] [aac @ 0x11ff784b0] Qavg: 316.736
[stderr] ffmpeg version 7.1 Copyright (c) 2000-2024 the FFmpeg developers
[stderr]   built with Apple clang version 15.0.0 (clang-1500.1.0.2.5)
[stderr]   configuration: --prefix=/opt/homebrew/Cellar/ffmpeg/7.1_3 --enable-shared --enable-pthreads --enable-version3 --cc=clang --host-cflags= --host-ldflags='-Wl,-ld_classic' --enable-ffplay --enable-gnutls --enable-gpl --enable-libaom --enable-libaribb24 --enable-libbluray --enable-libdav1d --enable-libharfbuzz --enable-libjxl --enable-libmp3lame --enable-libopus --enable-librav1e --enable-librist --enable-librubberband --enable-libsnappy --enable-libsrt --enable-libssh --enable-libsvtav1 --enable-libtesseract --enable-libtheora --enable-libvidstab --enable-libvmaf --enable-libvorbis --enable-libvpx --enable-libwebp --enable-libx264 --enable-libx265 --enable-libxml2 --enable-libxvid --enable-lzma --enable-libfontconfig --enable-libfreetype --enable-frei0r --enable-libass --enable-libopencore-amrnb --enable-libopencore-amrwb --enable-libopenjpeg --enable-libspeex --enable-libsoxr --enable-libzmq --enable-libzimg --disable-libjack --disable-indev=jack --enable-videotoolbox --enable-audiotoolbox --enable-neon
[stderr]   libavutil      59. 39.100 / 59. 39.100
[stderr]   libavcodec     61. 19.100 / 61. 19.100
[stderr]   libavformat    61.  7.100 / 61.  7.100
[stderr]   libavdevice    61.  3.100 / 61.  3.100
[stderr]   libavfilter    10.  4.100 / 10.  4.100
[stderr]   libswscale      8.  3.100 /  8.  3.100
[stderr]   libswresample   5.  3.100 /  5.  3.100
[stderr]   libpostproc    58.  3.100 / 58.  3.100
[stderr] Input #0, mov,mp4,m4a,3gp,3g2,mj2, from '/Users/johndoe/Documents/company/video_ops/scripts/abstract_algebra_in_proof_assistant/04-set-equality/takes/take-mrhmharr/pipeline/stabilize/stabilize-mriqdtnm/stabilized.mp4':
[stderr]   Metadata:
[stderr]     major_brand     : isom
[stderr]     minor_version   : 512
[stderr]     compatible_brands: isomiso2avc1mp41
[stderr]     encoder         : Lavf61.7.100
[stderr]   Duration: 00:06:08.98, start: 0.000000, bitrate: 5562 kb/s
[stderr]   Stream #0:0[0x1](und): Video: h264 (High) (avc1 / 0x31637661), yuv420p(tv, smpte170m/bt709/bt709, progressive), 640x480, 5453 kb/s, 29.83 fps, 29.83 tbr, 11456 tbn (default)
[stderr]       Metadata:
[stderr]         handler_name    : Core Media Video
[stderr]         vendor_id       : [0][0][0][0]
[stderr]         encoder         : Lavc61.19.100 libx264
[stderr]   Stream #0:1[0x2](und): Audio: aac (LC) (mp4a / 0x6134706D), 48000 Hz, mono, fltp, 100 kb/s (default)
[stderr]       Metadata:
[stderr]         handler_name    : Core Media Audio
[stderr]         vendor_id       : [0][0][0][0]
[stderr] Stream mapping:
[stderr]   Stream #0:0 -> #0:0 (h264 (native) -> h264 (libx264))
[stderr]   Stream #0:1 -> #0:1 (aac (native) -> aac (native))
[stderr] Press [q] to stop, [?] for help
[stderr] [libx264 @ 0x126106160] using cpu capabilities: ARMv8 NEON
[stderr] [libx264 @ 0x126106160] profile High, level 3.0, 4:2:0, 8-bit
[stderr] [libx264 @ 0x126106160] 264 - core 164 r3108 31e19f9 - H.264/MPEG-4 AVC codec - Copyleft 2003-2023 - http://www.videolan.org/x264.html - options: cabac=1 ref=1 deblock=1:0:0 analyse=0x3:0x113 me=hex subme=2 psy=1 psy_rd=1.00:0.00 mixed_ref=0 me_range=16 chroma_me=1 trellis=0 8x8dct=1 cqm=0 deadzone=21,11 fast_pskip=1 chroma_qp_offset=0 threads=15 lookahead_threads=3 sliced_threads=0 nr=0 decimate=1 interlaced=0 bluray_compat=0 constrained_intra=0 bframes=3 b_pyramid=2 b_adapt=1 b_bias=0 direct=1 weightb=1 open_gop=0 weightp=1 keyint=250 keyint_min=25 scenecut=40 intra_refresh=0 rc_lookahead=10 rc=crf mbtree=1 crf=18.0 qcomp=0.60 qpmin=0 qpmax=69 qpstep=4 ip_ratio=1.40 aq=1:1.00
[stderr] Output #0, mp4, to '/Users/johndoe/Documents/company/video_ops/scripts/abstract_algebra_in_proof_assistant/04-set-equality/takes/take-mrhmharr/pipeline/cut/cut-mriq7mo6/chunks/chunk-007.mp4':
[stderr]   Metadata:
[stderr]     major_brand     : isom
[stderr]     minor_version   : 512
[stderr]     compatible_brands: isomiso2avc1mp41
[stderr]     encoder         : Lavf61.7.100
[stderr]   Stream #0:0(und): Video: h264 (avc1 / 0x31637661), yuv420p(tv, smpte170m/bt709/bt709, progressive), 640x480, q=2-31, 29.83 fps, 11456 tbn (default)
[stderr]       Metadata:
[stderr]         handler_name    : Core Media Video
[stderr]         vendor_id       : [0][0][0][0]
[stderr]         encoder         : Lavc61.19.100 libx264
[stderr]       Side data:
[stderr]         cpb: bitrate max/min/avg: 0/0/0 buffer size: 0 vbv_delay: N/A
[stderr]   Stream #0:1(und): Audio: aac (LC) (mp4a / 0x6134706D), 48000 Hz, mono, fltp, 69 kb/s (default)
[stderr]       Metadata:
[stderr]         handler_name    : Core Media Audio
[stderr]         vendor_id       : [0][0][0][0]
[stderr]         encoder         : Lavc61.19.100 aac
[stderr] frame=   23 fps= 23 q=24.0 size=     512KiB time=00:00:00.70 bitrate=5959.1kbits/s speed=0.698x    
[stderr] [out#0/mp4 @ 0x1261051d0] video:2846KiB audio:29KiB subtitle:0KiB other streams:0KiB global headers:0KiB muxing overhead: 0.174040%
[stderr] frame=  101 fps= 93 q=-1.0 Lsize=    2880KiB time=00:00:03.31 bitrate=7110.0kbits/s speed=3.06x    
[stderr] [libx264 @ 0x126106160] frame I:1     Avg QP:23.25  size: 60391
[stderr] [libx264 @ 0x126106160] frame P:33    Avg QP:23.78  size: 44665
[stderr] [libx264 @ 0x126106160] frame B:67    Avg QP:26.33  size: 20590
[stderr] [libx264 @ 0x126106160] consecutive B-frames:  5.9% 13.9%  8.9% 71.3%
[stderr] [libx264 @ 0x126106160] mb I  I16..4:  1.2% 10.8% 88.0%
[stderr] [libx264 @ 0x126106160] mb P  I16..4:  0.5%  5.1% 16.1%  P16..4: 19.3% 22.0% 36.8%  0.0%  0.0%    skip: 0.4%
[stderr] [libx264 @ 0x126106160] mb B  I16..4:  0.2%  0.4%  0.3%  B16..8: 27.2% 22.3% 15.8%  direct:23.7%  skip:10.0%  L0:26.6% L1:31.2% BI:42.2%
[stderr] [libx264 @ 0x126106160] 8x8 transform intra:23.3% inter:25.1%
[stderr] [libx264 @ 0x126106160] coded y,uvDC,uvAC intra: 93.8% 70.9% 26.7% inter: 65.5% 21.0% 0.5%
[stderr] [libx264 @ 0x126106160] i16 v,h,dc,p: 21% 26% 34% 18%
[stderr] [libx264 @ 0x126106160] i8 v,h,dc,ddl,ddr,vr,hd,vl,hu: 18% 23% 12%  3% 10%  9% 10%  7%  8%
[stderr] [libx264 @ 0x126106160] i4 v,h,dc,ddl,ddr,vr,hd,vl,hu: 14% 16% 13%  4% 16%  8% 12%  7% 10%
[stderr] [libx264 @ 0x126106160] i8c dc,h,v,p: 51% 21% 19%  9%
[stderr] [libx264 @ 0x126106160] Weighted P-Frames: Y:24.2% UV:0.0%
[stderr] [libx264 @ 0x126106160] kb/s:6885.50
[stderr] [aac @ 0x12617b040] Qavg: 530.155
[stderr] ffmpeg version 7.1 Copyright (c) 2000-2024 the FFmpeg developers
[stderr]   built with Apple clang version 15.0.0 (clang-1500.1.0.2.5)
[stderr]   configuration: --prefix=/opt/homebrew/Cellar/ffmpeg/7.1_3 --enable-shared --enable-pthreads --enable-version3 --cc=clang --host-cflags= --host-ldflags='-Wl,-ld_classic' --enable-ffplay --enable-gnutls --enable-gpl --enable-libaom --enable-libaribb24 --enable-libbluray --enable-libdav1d --enable-libharfbuzz --enable-libjxl --enable-libmp3lame --enable-libopus --enable-librav1e --enable-librist --enable-librubberband --enable-libsnappy --enable-libsrt --enable-libssh --enable-libsvtav1 --enable-libtesseract --enable-libtheora --enable-libvidstab --enable-libvmaf --enable-libvorbis --enable-libvpx --enable-libwebp --enable-libx264 --enable-libx265 --enable-libxml2 --enable-libxvid --enable-lzma --enable-libfontconfig --enable-libfreetype --enable-frei0r --enable-libass --enable-libopencore-amrnb --enable-libopencore-amrwb --enable-libopenjpeg --enable-libspeex --enable-libsoxr --enable-libzmq --enable-libzimg --disable-libjack --disable-indev=jack --enable-videotoolbox --enable-audiotoolbox --enable-neon
[stderr]   libavutil      59. 39.100 / 59. 39.100
[stderr]   libavcodec     61. 19.100 / 61. 19.100
[stderr]   libavformat    61.  7.100 / 61.  7.100
[stderr]   libavdevice    61.  3.100 / 61.  3.100
[stderr]   libavfilter    10.  4.100 / 10.  4.100
[stderr]   libswscale      8.  3.100 /  8.  3.100
[stderr]   libswresample   5.  3.100 /  5.  3.100
[stderr]   libpostproc    58.  3.100 / 58.  3.100
[stderr] Input #0, mov,mp4,m4a,3gp,3g2,mj2, from '/Users/johndoe/Documents/company/video_ops/scripts/abstract_algebra_in_proof_assistant/04-set-equality/takes/take-mrhmharr/pipeline/stabilize/stabilize-mriqdtnm/stabilized.mp4':
[stderr]   Metadata:
[stderr]     major_brand     : isom
[stderr]     minor_version   : 512
[stderr]     compatible_brands: [stderr] isomiso2avc1mp41
[stderr]     encoder         : Lavf61.7.100
[stderr]   Duration: 00:06:08.98, start: 0.000000, bitrate: 5562 kb/s
[stderr]   Stream #0:0[0x1](und): Video: h264 (High) (avc1 / 0x31637661), yuv420p(tv, smpte170m/bt709/bt709, progressive), 640x480, 5453 kb/s, 29.83 fps, 29.83 tbr, 11456 tbn (default)
[stderr]       Metadata:
[stderr]         handler_name    : Core Media Video
[stderr]         vendor_id       : [0][0][0][0]
[stderr]         encoder         : Lavc61.19.100 libx264
[stderr]   Stream #0:1[0x2](und): Audio: aac (LC) (mp4a / 0x6134706D), 48000 Hz, mono, fltp, 100 kb/s (default)
[stderr]       Metadata:
[stderr]         handler_name    : Core Media Audio
[stderr]         vendor_id       : [0][0][0][0]
[stderr] Stream mapping:
[stderr]   Stream #0:0 -> #0:0 (h264 (native) -> h264 (libx264))
[stderr]   Stream #0:1 -> #0:1[stderr]  (aac (native) -> aac (native))
[stderr] Press [q] to stop, [?] for help
[stderr] [libx264 @ 0x132a06160] using cpu capabilities: ARMv8 NEON
[stderr] [libx264 @ 0x132a06160] profile High, level 3.0, 4:2:0, 8-bit
[stderr] [libx264 @ 0x132a06160] 264 - core 164 r3108 31e19f9 - H.264/MPEG-4 AVC codec - Copyleft 2003-2023 - http://www.videolan.org/x264.html - options: cabac=1 ref=1 deblock=1:0:0 analyse=0x3:0x113 me=hex subme=2 psy=1 psy_rd=1.00:0.00 mixed_ref=0 me_range=16 chroma_me=1 trellis=0 8x8dct=1 cqm=0 deadzone=21,11 fast_pskip=1 chroma_qp_offset=0 threads=15 lookahead_threads=3 sliced_threads=0 nr=0 decimate=1 interlaced=0 bluray_compat=0 constrained_intra=0 bframes=3 b_pyramid=2 b_adapt=1 b_bias=0 direct=1 weightb=1 open_gop=0 weightp=1 keyint=250 keyint_min=25 scenecut=40 intra_refresh=0 rc_lookahead=10 rc=crf mbtree=1 crf=18.0 qcomp=0.60 qpmin=0 qpmax=69 qpstep=4 ip_ratio=1.40 aq=1:1.00
[stderr] Output #0, mp4, to '/Users/johndoe/Documents/company/video_ops/scripts/abstract_algebra_in_proof_assistant/04-set-equality/takes/take-mrhmharr/pipeline/cut/cut-mriq7mo6/chunks/chunk-008.mp4':
[stderr]   Metadata:
[stderr]     major_brand     : isom
[stderr]     minor_version   : 512
[stderr]     compatible_brands: isomiso2avc1mp41
[stderr]     encoder         : Lavf61.7.100
[stderr]   Stream #0:0(und): Video: h264 (avc1 / 0x31637661), yuv420p(tv, smpte170m/bt709/bt709, progressive), 640x480, q=2-31, 29.83 fps, 11456 tbn (default)
[stderr]       Metadata:
[stderr]         handler_name    : Core Media Video
[stderr]         vendor_id       : [0][0][0][0]
[stderr]         encoder         : Lavc61.19.100 libx264
[stderr]       Side data:
[stderr]         cpb: bitrate max/min/avg: 0/0/0 buffer size: 0 vbv_delay: N/A
[stderr]   Stream #0:1(und): Audio: aac (LC) (mp4a / 0x6134706D), 48000 Hz, mono, fltp, 69 kb/s (default)
[stderr]       Metadata:
[stderr]         handler_name    : Core Media Audio
[stderr]         vendor_id       : [0][0][0][0]
[stderr]         encoder         : Lavc61.19.100 aac
[stderr] frame=    0 fps=0.0 q=0.0 size=       0KiB time=N/A bitrate=N/A speed=N/A    
[stderr] [out#0/mp4 @ 0x132a051d0] video:1680KiB audio:16KiB subtitle:0KiB other streams:0KiB global headers:0KiB muxing overhead: 0.202889%
[stderr] frame=   57 fps= 53 q=-1.0 Lsize=    1700KiB time=00:00:01.84 bitrate=7552.4kbits/s speed=1.72x    
[stderr] [libx264 @ 0x132a06160] frame I:1     Avg QP:24.12  size: 55482
[stderr] [libx264 @ 0x132a06160] frame P:19    Avg QP:23.78  size: 44258
[stderr] [libx264 @ 0x132a06160] frame B:37    Avg QP:26.46  size: 22250
[stderr] [libx264 @ 0x132a06160] consecutive B-frames: 10.5%  7.0%  5.3% 77.2%
[stderr] [libx264 @ 0x132a06160] mb I  I16..4:  1.7% 13.9% 84.4%
[stderr] [libx264 @ 0x132a06160] mb P  I16..4:  1.6%  4.1% 14.9%  P16..4: 22.4% 21.2% 35.3%  0.0%  0.0%    skip: 0.6%
[stderr] [libx264 @ 0x132a06160] mb B  I16..4:  0.3%  0.3%  0.5%  B16..8: 26.1% 21.9% 15.9%  direct:25.0%  skip:10.0%  L0:26.2% L1:34.3% BI:39.5%
[stderr] [libx264 @ 0x132a06160] 8x8 transform intra:19.6% inter:27.8%
[stderr] [libx264 @ 0x132a06160] coded y,uvDC,uvAC intra: 90.0% 65.5% 22.0% inter: 68.2% 19.0% 0.4%
[stderr] [libx264 @ 0x132a06160] i16 v,h,dc,p: 59% 22% 10%  9%
[stderr] [libx264 @ 0x132a06160] i8 v,h,dc,ddl,ddr,vr,hd,vl,hu: 22% 20% 13%  3%  8%  9%  8%  8%  8%
[stderr] [libx264 @ 0x132a06160] i4 v,h,dc,ddl,ddr,vr,hd,vl,hu: 14% 17% 13%  4% 14%  9%  9%  7% 12%
[stderr] [libx264 @ 0x132a06160] i8c dc,h,v,p: 51% 21% 20%  8%
[stderr] [libx264 @ 0x132a06160] Weighted P-Frames: Y:26.3% UV:5.3%
[stderr] [libx264 @ 0x132a06160] kb/s:7200.41
[stderr] [aac @ 0x132a7b040] Qavg: 838.588
[stderr] ffmpeg version 7.1 Copyright (c) 2000-2024 the FFmpeg developers
[stderr]   built with Apple clang version 15.0.0 (clang-1500.1.0.2.5)
[stderr]   configuration: --prefix=/opt/homebrew/Cellar/ffmpeg/7.1_3 --enable-shared --enable-pthreads --enable-version3 --cc=clang --host-cflags= --host-ldflags='-Wl,-ld_classic' --enable-ffplay --enable-gnutls --enable-gpl --enable-libaom --enable-libaribb24 --enable-libbluray --enable-libdav1d --enable-libharfbuzz --enable-libjxl --enable-libmp3lame --enable-libopus --enable-librav1e --enable-librist --enable-librubberband --enable-libsnappy --enable-libsrt --enable-libssh --enable-libsvtav1 --enable-libtesseract --enable-libtheora --enable-libvidstab --enable-libvmaf --enable-libvorbis --enable-libvpx --enable-libwebp --enable-libx264 --enable-libx265 --enable-libxml2 --enable-libxvid --enable-lzma --enable-libfontconfig --enable-libfreetype --enable-frei0r --enable-libass --enable-libopencore-amrnb --enable-libopencore-amrwb --enable-libopenjpeg --enable-libspeex --enable-libsoxr --enable-libzmq --enable-libzimg --disable-libjack --disable-indev=jack --enable-videotoolbox --enable-audiotoolbox --enable-neon
[stderr]   libavutil      59. 39.100 / 59. 39.100
[stderr]   libavcodec     61. 19.100 / 61. 19.100
[stderr]   libavformat    61.  7.100 / 61.  7.100
[stderr]   libavdevice    61.  3.100 / 61.  3.100
[stderr]   libavfilter    10.  4.100 / 10.  4.100
[stderr]   libswscale      8.  3.100 /  8.  3.100
[stderr]   libswresample   5.  3.100 /  5.  3.100
[stderr]   libpostproc    58.  3.100 / 58.  3.100
[stderr] Input #0, mov,mp4,m4a,3gp,3g2,mj2, from '/Users/johndoe/Documents/company/video_ops/scripts/abstract_algebra_in_proof_assistant/04-set-equality/takes/take-mrhmharr/pipeline/stabilize/stabilize-mriqdtnm/stabilized.mp4':
[stderr]   Metadata:
[stderr]     major_brand     : isom
[stderr]     minor_version   : [stderr] 512
[stderr]     compatible_brands: isomiso2avc1mp41
[stderr]     encoder         : Lavf61.7.100
[stderr]   Duration: 00:06:08.98, start: 0.000000, bitrate: 5562 kb/s
[stderr]   Stream #0:0[0x1](und): Video: h264 (High) (avc1 / 0x31637661), yuv420p(tv, smpte170m/bt709/bt709, progressive), 640x480, 5453 kb/s, 29.83 fps, 29.83 tbr, 11456 tbn (default)
[stderr]       Metadata:
[stderr]         handler_name    : Core Media Video
[stderr]         vendor_id       : [0][0][0][0]
[stderr]         encoder         : Lavc61.19.100 libx264
[stderr]   Stream #0:1[0x2](und): Audio: aac (LC) (mp4a / 0x6134706D), 48000 Hz, mono, fltp, 100 kb/s (default)
[stderr]       Metadata:
[stderr]         handler_name    : Core Media Audio
[stderr]         vendor_id       : [0][0][0][0]
[stderr] Stream mapping:
[stderr]   Stream #0:0 -> #0:0 (h264 (native) -> h264 (libx264))
[stderr]   Stream #0:1 -> #0:1[stderr]  (aac (native) -> aac (native))
[stderr] Press [q] to stop, [?] for help
[stderr] [libx264 @ 0x126f23b20] using cpu capabilities: ARMv8 NEON
[stderr] [libx264 @ 0x126f23b20] profile High, level 3.0, 4:2:0, 8-bit
[stderr] [libx264 @ 0x126f23b20] 264 - core 164 r3108 31e19f9 - H.264/MPEG-4 AVC codec - Copyleft 2003-2023 - http://www.videolan.org/x264.html - options: cabac=1 ref=1 deblock=1:0:0 analyse=0x3:0x113 me=hex subme=2 psy=1 psy_rd=1.00:0.00 mixed_ref=0 me_range=16 chroma_me=1 trellis=0 8x8dct=1 cqm=0 deadzone=21,11 fast_pskip=1 chroma_qp_offset=0 threads=15 lookahead_threads=3 sliced_threads=0 nr=0 decimate=1 interlaced=0 bluray_compat=0 constrained_intra=0 bframes=3 b_pyramid=2 b_adapt=1 b_bias=0 direct=1 weightb=1 open_gop=0 weightp=1 keyint=250 keyint_min=25 scenecut=40 intra_refresh=0 rc_lookahead=10 rc=crf mbtree=1 crf=18.0 qcomp=0.60 qpmin=0 qpmax=69 qpstep=4 ip_ratio=1.40 aq=1:1.00
[stderr] Output #0, mp4, to '/Users/johndoe/Documents/company/video_ops/scripts/abstract_algebra_in_proof_assistant/04-set-equality/takes/take-mrhmharr/pipeline/cut/cut-mriq7mo6/chunks/chunk-009.mp4':
[stderr]   Metadata:
[stderr]     major_brand     : isom
[stderr]     minor_version   : 512
[stderr]     compatible_brands: isomiso2avc1mp41
[stderr]     encoder         : Lavf61.7.100
[stderr]   Stream #0:0(und): Video: h264 (avc1 / 0x31637661), yuv420p(tv, smpte170m/bt709/bt709, progressive), 640x480, q=2-31, 29.83 fps, 11456 tbn (default)
[stderr]       Metadata:
[stderr]         handler_name    : Core Media Video
[stderr]         vendor_id       : [0][0][0][0]
[stderr]         encoder         : Lavc61.19.100 libx264
[stderr]       Side data:
[stderr]         cpb: bitrate max/min/avg: 0/0/0 buffer size: 0 vbv_delay: N/A
[stderr]   Stream #0:1(und): Audio: aac (LC) (mp4a / 0x6134706D), 48000 Hz, mono, fltp, 69 kb/s (default)
[stderr]       Metadata:
[stderr]         handler_name    : Core Media Audio
[stderr]         vendor_id       : [0][0][0][0]
[stderr]         encoder         : Lavc61.19.100 aac
[stderr] [out#0/mp4 @ 0x126f22620] video:892KiB audio:10KiB subtitle:0KiB other streams:0KiB global headers:0KiB muxing overhead: 0.294862%
[stderr] frame=   35 fps= 31 q=-1.0 Lsize=     905KiB time=00:00:01.10 bitrate=6701.1kbits/s speed=0.984x    
[stderr] [libx264 @ 0x126f23b20] frame I:1     Avg QP:23.44  size: 45308
[stderr] [libx264 @ 0x126f23b20] frame P:10    Avg QP:24.33  size: 43782
[stderr] [libx264 @ 0x126f23b20] frame B:24    Avg QP:26.26  size: 17908
[stderr] [libx264 @ 0x126f23b20] consecutive B-frames:  5.7%  5.7%  8.6% 80.0%
[stderr] [libx264 @ 0x126f23b20] mb I  I16..4:  3.3%  7.8% 88.9%
[stderr] [libx264 @ 0x126f23b20] mb P  I16..4:  1.5%  5.5% 25.8%  P16..4: 15.3% 19.6% 31.9%  0.0%  0.0%    skip: 0.4%
[stderr] [libx264 @ 0x126f23b20] mb B  I16..4:  0.7%  0.5%  1.4%  B16..8: 25.3% 22.7% 15.5%  direct:22.4%  skip:11.6%  L0:28.7% L1:36.1% BI:35.2%
[stderr] [libx264 @ 0x126f23b20] 8x8 transform intra:15.3% inter:23.9%
[stderr] [libx264 @ 0x126f23b20] coded y,uvDC,uvAC intra: 91.5% 76.2% 36.3% inter: 58.8% 20.2% 0.5%
[stderr] [libx264 @ 0x126f23b20] i16 v,h,dc,p: 42% 23% 26%  9%
[stderr] [libx264 @ 0x126f23b20] i8 v,h,dc,ddl,ddr,vr,hd,vl,hu: 24% 17% 13%  3%  8%  9% 10%  8%  7%
[stderr] [libx264 @ 0x126f23b20] i4 v,h,dc,ddl,ddr,vr,hd,vl,hu: 12% 22% 12%  3% 18%  7% 12%  5%  9%
[stderr] [libx264 @ 0x126f23b20] i8c dc,h,v,p: 47% 24% 18% 10%
[stderr] [libx264 @ 0x126f23b20] Weighted P-Frames: Y:10.0% UV:0.0%
[stderr] [libx264 @ 0x126f23b20] kb/s:6225.18
[stderr] [aac @ 0x126f988b0] Qavg: 114.040
[stderr] ffmpeg version 7.1 Copyright (c) 2000-2024 the FFmpeg developers
[stderr]   built with Apple clang version 15.0.0 (clang-1500.1.0.2.5)
[stderr]   configuration: --prefix=/opt/homebrew/Cellar/ffmpeg/7.1_3 --enable-shared --enable-pthreads --enable-version3 --cc=clang --host-cflags= --host-ldflags='-Wl,-ld_classic' --enable-ffplay --enable-gnutls --enable-gpl --enable-libaom --enable-libaribb24 --enable-libbluray --enable-libdav1d --enable-libharfbuzz --enable-libjxl --enable-libmp3lame --enable-libopus --enable-librav1e --enable-librist --enable-librubberband --enable-libsnappy --enable-libsrt --enable-libssh --enable-libsvtav1 --enable-libtesseract --enable-libtheora --enable-libvidstab --enable-libvmaf --enable-libvorbis --enable-libvpx --enable-libwebp --enable-libx264 --enable-libx265 --enable-libxml2 --enable-libxvid --enable-lzma --enable-libfontconfig --enable-libfreetype --enable-frei0r --enable-libass --enable-libopencore-amrnb --enable-libopencore-amrwb --enable-libopenjpeg --enable-libspeex --enable-libsoxr --enable-libzmq --enable-libzimg --disable-libjack --disable-indev=jack --enable-videotoolbox --enable-audiotoolbox --enable-neon
[stderr]   libavutil      59. 39.100 / 59. 39.100
[stderr]   libavcodec     61. 19.100 / 61. 19.100
[stderr]   libavformat    61.  7.100 / 61.  7.100
[stderr]   libavdevice    61.  3.100 / 61.  3.100
[stderr]   libavfilter    10.  4.100 / 10.  4.100
[stderr]   libswscale      8.  3.100 /  8.  3.100
[stderr]   libswresample   5.  3.100 /  5.  3.100
[stderr]   libpostproc    58.  3.100 / 58.  3.100
[stderr] Input #0, mov,mp4,m4a,3gp,3g2,mj2, from '/Users/johndoe/Documents/company/video_ops/scripts/abstract_algebra_in_proof_assistant/04-set-equality/takes/take-mrhmharr/pipeline/stabilize/stabilize-mriqdtnm/stabilized.mp4':
[stderr]   Metadata:
[stderr]     major_brand     : isom
[stderr]     minor_version   : [stderr] 512
[stderr]     compatible_brands: isomiso2avc1mp41
[stderr]     encoder         : Lavf61.7.100
[stderr]   Duration: 00:06:08.98, start: 0.000000, bitrate: 5562 kb/s
[stderr]   Stream #0:0[0x1](und): Video: h264 (High) (avc1 / 0x31637661), yuv420p(tv, smpte170m/bt709/bt709, progressive), 640x480, 5453 kb/s, 29.83 fps, 29.83 tbr, 11456 tbn (default)
[stderr]       Metadata:
[stderr]         handler_name    : Core Media Video
[stderr]         vendor_id       : [0][0][0][0]
[stderr]         encoder         : Lavc61.19.100 libx264
[stderr]   Stream #0:1[0x2](und): Audio: aac (LC) (mp4a / 0x6134706D), 48000 Hz, mono, fltp, 100 kb/s (default)
[stderr]       Metadata:
[stderr]         handler_name    : Core Media Audio
[stderr]         vendor_id       : [0][0][0][0]
[stderr] Stream mapping:
[stderr]   Stream #0:0 -> #0:0 (h264 (native) -> h264 (libx264))
[stderr]   Stream #0:1 -> #0:1 (aac (native) -> aac (native))
[stderr] Press [q] to stop, [?] for help
[stderr] [libx264 @ 0x1511051f0] using cpu capabilities: ARMv8 NEON
[stderr] [libx264 @ 0x1511051f0] profile High, level 3.0, 4:2:0, 8-bit
[stderr] [libx264 @ 0x1511051f0] 264 - core 164 r3108 31e19f9 - H.264/MPEG-4 AVC codec - Copyleft 2003-2023 - http://www.videolan.org/x264.html - options: cabac=1 ref=1 deblock=1:0:0 analyse=0x3:0x113 me=hex subme=2 psy=1 psy_rd=1.00:0.00 mixed_ref=0 me_range=16 chroma_me=1 trellis=0 8x8dct=1 cqm=0 deadzone=21,11 fast_pskip=1 chroma_qp_offset=0 threads=15 lookahead_threads=3 sliced_threads=0 nr=0 decimate=1 interlaced=0 bluray_compat=0 constrained_intra=0 bframes=3 b_pyramid=2 b_adapt=1 b_bias=0 direct=1 weightb=1 open_gop=0 weightp=1 keyint=250 keyint_min=25 scenecut=40 intra_refresh=0 rc_lookahead=10 rc=crf mbtree=1 crf=18.0 qcomp=0.60 qpmin=0 qpmax=69 qpstep=4 ip_ratio=1.40 aq=1:1.00
[stderr] Output #0, mp4, to '/Users/johndoe/Documents/company/video_ops/scripts/abstract_algebra_in_proof_assistant/04-set-equality/takes/take-mrhmharr/pipeline/cut/cut-mriq7mo6/chunks/chunk-010.mp4':
[stderr]   Metadata:
[stderr]     major_brand     : isom
[stderr]     minor_version   : 512
[stderr]     compatible_brands: isomiso2avc1mp41
[stderr]     encoder         : Lavf61.7.100
[stderr]   Stream #0:0(und): Video: h264 (avc1 / 0x31637661), yuv420p(tv, smpte170m/bt709/bt709, progressive), 640x480, q=2-31, 29.83 fps, 11456 tbn (default)
[stderr]       Metadata:
[stderr]         handler_name    : Core Media Video
[stderr]         vendor_id       : [0][0][0][0]
[stderr]         encoder         : Lavc61.19.100 libx264
[stderr]       Side data:
[stderr]         cpb: bitrate max/min/avg: 0/0/0 buffer size: 0 vbv_delay: N/A
[stderr]   Stream #0:1(und): Audio: aac (LC) (mp4a / 0x6134706D), 48000 Hz, mono, fltp, 69 kb/s (default)
[stderr]       Metadata:
[stderr]         handler_name    : Core Media Audio
[stderr]         vendor_id       : [0][0][0][0]
[stderr]         encoder         : Lavc61.19.100 aac
[stderr] [out#0/mp4 @ 0x1511042b0] video:2783KiB audio:60KiB subtitle:0KiB other streams:0KiB global headers:0KiB muxing overhead: 0.310745%
[stderr] frame=  208 fps=152 q=-1.0 Lsize=    2851KiB time=00:00:06.93 bitrate=3366.1kbits/s speed=5.06x    
[stderr] [libx264 @ 0x1511051f0] frame I:1     Avg QP:19.08  size: 43908
[stderr] [libx264 @ 0x1511051f0] frame P:61    Avg QP:18.72  size: 23915
[stderr] [libx264 @ 0x1511051f0] frame B:146   Avg QP:22.94  size:  9219
[stderr] [libx264 @ 0x1511051f0] consecutive B-frames:  2.9%  8.7%  5.8% 82.7%
[stderr] [libx264 @ 0x1511051f0] mb I  I16..4: 23.2% 11.4% 65.4%
[stderr] [libx264 @ 0x1511051f0] mb P  I16..4: 16.8%  9.6%  9.9%  P16..4: 15.8% 17.1% 20.7%  0.0%  0.0%    skip:10.1%
[stderr] [libx264 @ 0x1511051f0] mb B  I16..4:  3.4%  1.6%  0.5%  B16..8: 24.5% 14.9%  6.0%  direct:16.0%  skip:33.1%  L0:28.1% L1:33.3% BI:38.5%
[stderr] [libx264 @ 0x1511051f0] 8x8 transform intra:26.6% inter:27.2%
[stderr] [libx264 @ 0x1511051f0] coded y,uvDC,uvAC intra: 44.3% 42.8% 19.8% inter: 36.4% 21.3% 1.4%
[stderr] [libx264 @ 0x1511051f0] i16 v,h,dc,p: 85%  6%  6%  3%
[stderr] [libx264 @ 0x1511051f0] i8 v,h,dc,ddl,ddr,vr,hd,vl,hu: 32% 14% 20%  2%  8%  8%  6%  5%  4%
[stderr] [libx264 @ 0x1511051f0] i4 v,h,dc,ddl,ddr,vr,hd,vl,hu: 22% 15% 14%  3% 13% 10%  9%  6%  7%
[stderr] [libx264 @ 0x1511051f0] i8c dc,h,v,p: 68% 10% 16%  5%
[stderr] [libx264 @ 0x1511051f0] Weighted P-Frames: Y:14.8% UV:3.3%
[stderr] [libx264 @ 0x1511051f0] kb/s:3268.59
[stderr] [aac @ 0x15117a0c0] Qavg: 348.332
[stderr] ffmpeg version 7.1 Copyright (c) 2000-2024 the FFmpeg developers
[stderr]   built with Apple clang version 15.0.0 (clang-1500.1.0.2.5)
[stderr]   configuration: --prefix=/opt/homebrew/Cellar/ffmpeg/7.1_3 --enable-shared --enable-pthreads --enable-version3 --cc=clang --host-cflags= --host-ldflags='-Wl,-ld_classic' --enable-ffplay --enable-gnutls --enable-gpl --enable-libaom --enable-libaribb24 --enable-libbluray --enable-libdav1d --enable-libharfbuzz --enable-libjxl --enable-libmp3lame --enable-libopus --enable-librav1e --enable-librist --enable-librubberband --enable-libsnappy --enable-libsrt --enable-libssh --enable-libsvtav1 --enable-libtesseract --enable-libtheora --enable-libvidstab --enable-libvmaf --enable-libvorbis --enable-libvpx --enable-libwebp --enable-libx264 --enable-libx265 --enable-libxml2 --enable-libxvid --enable-lzma --enable-libfontconfig --enable-libfreetype --enable-frei0r --enable-libass --enable-libopencore-amrnb --enable-libopencore-amrwb --enable-libopenjpeg --enable-libspeex --enable-libsoxr --enable-libzmq --enable-libzimg --disable-libjack --disable-indev=jack --enable-videotoolbox --enable-audiotoolbox --enable-neon
[stderr]   libavutil      59. 39.100 / 59. 39.100
[stderr]   libavcodec     61. 19.100 / 61. 19.100
[stderr]   libavformat    61.  7.100 / 61.  7.100
[stderr]   libavdevice    61.  3.100 / 61.  3.100
[stderr]   libavfilter    10.  4.100 / 10.  4.100
[stderr]   libswscale      8.  3.100 /  8.  3.100
[stderr]   libswresample   5.  3.100 /  5.  3.100
[stderr]   libpostproc    58.  3.100 / 58.  3.100
[stderr] Input #0, mov,mp4,m4a,3gp,3g2,mj2, from '/Users/johndoe/Documents/company/video_ops/scripts/abstract_algebra_in_proof_assistant/04-set-equality/takes/take-mrhmharr/pipeline/stabilize/stabilize-mriqdtnm/stabilized.mp4':
[stderr]   Metadata:
[stderr]     major_brand     : isom
[stderr]     minor_version   : 512
[stderr]     compatible_brands: isomiso2avc1mp41
[stderr]     encoder         : Lavf61.7.100
[stderr]   Duration: 00:06:08.98, start: 0.000000, bitrate: 5562 kb/s
[stderr]   Stream #0:0[0x1](und): Video: h264 (High) (avc1 / 0x31637661), yuv420p(tv, smpte170m/bt709/bt709, progressive), 640x480, 5453 kb/s, 29.83 fps, 29.83 tbr, 11456 tbn (default)
[stderr]       Metadata:
[stderr]         handler_name    : Core Media Video
[stderr]         vendor_id       : [0][0][0][0]
[stderr]         encoder         : Lavc61.19.100 libx264
[stderr]   Stream #0:1[0x2](und): Audio: aac (LC) (mp4a / 0x6134706D), 48000 Hz, mono, fltp, 100 kb/s (default)
[stderr]       Metadata:
[stderr]         handler_name    : Core Media Audio
[stderr]         vendor_id       : [0][0][0][0]
[stderr] Stream mapping:
[stderr]   Stream #0:0 -> #0:0 (h264 (native) -> h264 (libx264))
[stderr]   Stream #0:1 -> #0:1 (aac (native) -> aac (native))
[stderr] Press [q] to stop, [?] for help
[stderr] [libx264 @ 0x148f20030] using cpu capabilities: ARMv8 NEON
[stderr] [libx264 @ 0x148f20030] profile High, level 3.0, 4:2:0, 8-bit
[stderr] [libx264 @ 0x148f20030] 264 - core 164 r3108 31e19f9 - H.264/MPEG-4 AVC codec - Copyleft 2003-2023 - http://www.videolan.org/x264.html - options: cabac=1 ref=1 deblock=1:0:0 analyse=0x3:0x113 me=hex subme=2 psy=1 psy_rd=1.00:0.00 mixed_ref=0 me_range=16 chroma_me=1 trellis=0 8x8dct=1 cqm=0 deadzone=21,11 fast_pskip=1 chroma_qp_offset=0 threads=15 lookahead_threads=3 sliced_threads=0 nr=0 decimate=1 interlaced=0 bluray_compat=0 constrained_intra=0 bframes=3 b_pyramid=2 b_adapt=1 b_bias=0 direct=1 weightb=1 open_gop=0 weightp=1 keyint=250 keyint_min=25 scenecut=40 intra_refresh=0 rc_lookahead=10 rc=crf mbtree=1 crf=18.0 qcomp=0.60 qpmin=0 qpmax=69 qpstep=4 ip_ratio=1.40 aq=1:1.00
[stderr] Output #0, mp4, to '/Users/johndoe/Documents/company/video_ops/scripts/abstract_algebra_in_proof_assistant/04-set-equality/takes/take-mrhmharr/pipeline/cut/cut-mriq7mo6/chunks/chunk-011.mp4':
[stderr]   Metadata:
[stderr]     major_brand     : isom
[stderr]     minor_version   : 512
[stderr]     compatible_brands: isomiso2avc1mp41
[stderr]     encoder         : Lavf61.7.100
[stderr]   Stream #0:0(und): Video: h264 (avc1 / 0x31637661), yuv420p(tv, smpte170m/bt709/bt709, progressive), 640x480, q=2-31, 29.83 fps, 11456 tbn (default)
[stderr]       Metadata:
[stderr]         handler_name    : Core Media Video
[stderr]         vendor_id       : [0][0][0][0]
[stderr]         encoder         : Lavc61.19.100 libx264
[stderr]       Side data:
[stderr]         cpb: bitrate max/min/avg: 0/0/0 buffer size: 0 vbv_delay: N/A
[stderr]   Stream #0:1(und): Audio: aac (LC) (mp4a / 0x6134706D), 48000 Hz, mono, fltp, 69 kb/s (default)
[stderr]       Metadata:
[stderr]         handler_name    : Core Media Audio
[stderr]         vendor_id       : [0][0][0][0]
[stderr]         encoder         : Lavc61.19.100 aac
[stderr] frame=  233 fps=154 q=24.0 size=    4864KiB time=00:00:07.74 bitrate=5146.1kbits/s speed=5.11x    
[stderr] [out#0/mp4 @ 0x148f1eb70] video:13319KiB audio:164KiB subtitle:0KiB other streams:0KiB global headers:0KiB muxing overhead: 0.161057%
[stderr] frame=  569 fps=300 q=-1.0 Lsize=   13504KiB time=00:00:19.00 bitrate=5820.8kbits/s speed=  10x    
[stderr] [libx264 @ 0x148f20030] frame I:5     Avg QP:19.41  size: 47315
[stderr] [libx264 @ 0x148f20030] frame P:151   Avg QP:22.14  size: 37244
[stderr] [libx264 @ 0x148f20030] frame B:413   Avg QP:24.72  size: 18832
[stderr] [libx264 @ 0x148f20030] consecutive B-frames:  2.1%  2.8%  1.6% 93.5%
[stderr] [libx264 @ 0x148f20030] mb I  I16..4: 10.9% 13.4% 75.6%
[stderr] [libx264 @ 0x148f20030] mb P  I16..4:  6.8%  9.3% 25.3%  P16..4: 12.8% 17.2% 26.8%  0.0%  0.0%    skip: 1.8%
[stderr] [libx264 @ 0x148f20030] mb B  I16..4:  1.6%  1.0%  1.1%  B16..8: 25.5% 21.4% 16.2%  direct:17.9%  skip:15.2%  L0:31.1% L1:32.1% BI:36.8%
[stderr] [libx264 @ 0x148f20030] 8x8 transform intra:22.8% inter:22.9%
[stderr] [libx264 @ 0x148f20030] coded y,uvDC,uvAC intra: 74.6% 65.9% 34.1% inter: 55.5% 27.6% 1.5%
[stderr] [libx264 @ 0x148f20030] i16 v,h,dc,p: 76% 13%  7%  4%
[stderr] [libx264 @ 0x148f20030] i8 v,h,dc,ddl,ddr,vr,hd,vl,hu: 21% 16% 17%  2% 12% 10%  9%  6%  7%
[stderr] [libx264 @ 0x148f20030] i4 v,h,dc,ddl,ddr,vr,hd,vl,hu: 16% 17% 14%  4% 14%  9% 10%  7% 10%
[stderr] [libx264 @ 0x148f20030] i8c dc,h,v,p: 55% 17% 19%  9%
[stderr] [libx264 @ 0x148f20030] Weighted P-Frames: Y:13.2% UV:2.0%
[stderr] [libx264 @ 0x148f20030] kb/s:5720.42
[stderr] [aac @ 0x148f94e00] Qavg: 273.008
[stderr] ffmpeg version 7.1 Copyright (c) 2000-2024 the FFmpeg developers
[stderr]   built with Apple clang version 15.0.0 (clang-1500.1.0.2.5)
[stderr]   configuration: --prefix=/opt/homebrew/Cellar/ffmpeg/7.1_3 --enable-shared --enable-pthreads --enable-version3 --cc=clang --host-cflags= --host-ldflags='-Wl,-ld_classic' --enable-ffplay --enable-gnutls --enable-gpl --enable-libaom --enable-libaribb24 --enable-libbluray --enable-libdav1d --enable-libharfbuzz --enable-libjxl --enable-libmp3lame --enable-libopus --enable-librav1e --enable-librist --enable-librubberband --enable-libsnappy --enable-libsrt --enable-libssh --enable-libsvtav1 --enable-libtesseract --enable-libtheora --enable-libvidstab --enable-libvmaf --enable-libvorbis --enable-libvpx --enable-libwebp --enable-libx264 --enable-libx265 --enable-libxml2 --enable-libxvid --enable-lzma --enable-libfontconfig --enable-libfreetype --enable-frei0r --enable-libass --enable-libopencore-amrnb --enable-libopencore-amrwb --enable-libopenjpeg --enable-libspeex --enable-libsoxr --enable-libzmq --enable-libzimg --disable-libjack --disable-indev=jack --enable-videotoolbox --enable-audiotoolbox --enable-neon
[stderr]   libavutil      59. 39.100 / 59. 39.100
[stderr]   libavcodec     61. 19.100 / 61. 19.100
[stderr]   libavformat    61.  7.100 / 61.  7.100
[stderr]   libavdevice    61.  3.100 / 61.  3.100
[stderr]   libavfilter    10.  4.100 / 10.  4.100
[stderr]   libswscale      8.  3.100 /  8.  3.100
[stderr]   libswresample   5.  3.100 /  5.  3.100
[stderr]   libpostproc    58.  3.100 / 58.  3.100
[stderr] Input #0, mov,mp4,m4a,3gp,3g2,mj2, from '/Users/johndoe/Documents/company/video_ops/scripts/abstract_algebra_in_proof_assistant/04-set-equality/takes/take-mrhmharr/pipeline/stabilize/stabilize-mriqdtnm/stabilized.mp4':
[stderr]   Metadata:
[stderr]     major_brand     : isom
[stderr]     minor_version   : 512
[stderr]     compatible_brands: [stderr] isomiso2avc1mp41
[stderr]     encoder         : Lavf61.7.100
[stderr]   Duration: 00:06:08.98, start: 0.000000, bitrate: 5562 kb/s
[stderr]   Stream #0:0[0x1](und): Video: h264 (High) (avc1 / 0x31637661), yuv420p(tv, smpte170m/bt709/bt709, progressive), 640x480, 5453 kb/s, 29.83 fps, 29.83 tbr, 11456 tbn (default)
[stderr]       Metadata:
[stderr]         handler_name    : Core Media Video
[stderr]         vendor_id       : [0][0][0][0]
[stderr]         encoder         : Lavc61.19.100 libx264
[stderr]   Stream #0:1[0x2](und): Audio: aac (LC) (mp4a / 0x6134706D), 48000 Hz, mono, fltp, 100 kb/s (default)
[stderr]       Metadata:
[stderr]         handler_name    : Core Media Audio
[stderr]         vendor_id       : [0][0][0][0]
[stderr] Stream mapping:
[stderr]   Stream #0:0 -> #0:0 (h264 (native) -> h264 (libx264))
[stderr]   Stream #0:1 -> #0:1 (aac (native) -> aac (native))
[stderr] Press [q] to stop, [?] for help
[stderr] [libx264 @ 0x1281051f0] using cpu capabilities: ARMv8 NEON
[stderr] [libx264 @ 0x1281051f0] profile High, level 3.0, 4:2:0, 8-bit
[stderr] [libx264 @ 0x1281051f0] 264 - core 164 r3108 31e19f9 - H.264/MPEG-4 AVC codec - Copyleft 2003-2023 - http://www.videolan.org/x264.html - options: cabac=1 ref=1 deblock=1:0:0 analyse=0x3:0x113 me=hex subme=2 psy=1 psy_rd=1.00:0.00 mixed_ref=0 me_range=16 chroma_me=1 trellis=0 8x8dct=1 cqm=0 deadzone=21,11 fast_pskip=1 chroma_qp_offset=0 threads=15 lookahead_threads=3 sliced_threads=0 nr=0 decimate=1 interlaced=0 bluray_compat=0 constrained_intra=0 bframes=3 b_pyramid=2 b_adapt=1 b_bias=0 direct=1 weightb=1 open_gop=0 weightp=1 keyint=250 keyint_min=25 scenecut=40 intra_refresh=0 rc_lookahead=10 rc=crf mbtree=1 crf=18.0 qcomp=0.60 qpmin=0 qpmax=69 qpstep=4 ip_ratio=1.40 aq=1:1.00
[stderr] Output #0, mp4, to '/Users/johndoe/Documents/company/video_ops/scripts/abstract_algebra_in_proof_assistant/04-set-equality/takes/take-mrhmharr/pipeline/cut/cut-mriq7mo6/chunks/chunk-012.mp4':
[stderr]   Metadata:
[stderr]     major_brand     : isom
[stderr]     minor_version   : 512
[stderr]     compatible_brands: isomiso2avc1mp41
[stderr]     encoder         : Lavf61.7.100
[stderr]   Stream #0:0(und): Video: h264 (avc1 / 0x31637661), yuv420p(tv, smpte170m/bt709/bt709, progressive), 640x480, q=2-31, 29.83 fps, 11456 tbn (default)
[stderr]       Metadata:
[stderr]         handler_name    : Core Media Video
[stderr]         vendor_id       : [0][0][0][0]
[stderr]         encoder         : Lavc61.19.100 libx264
[stderr]       Side data:
[stderr]         cpb: bitrate max/min/avg: 0/0/0 buffer size: 0 vbv_delay: N/A
[stderr]   Stream #0:1(und): Audio: aac (LC) (mp4a / 0x6134706D), 48000 Hz, mono, fltp, 69 kb/s (default)
[stderr]       Metadata:
[stderr]         handler_name    : Core Media Audio
[stderr]         vendor_id       : [0][0][0][0]
[stderr]         encoder         : Lavc61.19.100 aac
[stderr] frame=   66 fps= 44 q=24.0 size=    1792KiB time=00:00:02.17 bitrate=6737.9kbits/s speed=1.44x    
[stderr] frame=  455 fps=225 q=24.0 size=   11776KiB time=N/A bitrate=N/A speed=N/A    
[stderr] [out#0/mp4 @ 0x1281042b0] video:12468KiB audio:138KiB subtitle:0KiB other streams:0KiB global headers:0KiB muxing overhead: 0.147223%
[stderr] frame=  482 fps=237 q=-1.0 Lsize=   12624KiB time=00:00:16.12 bitrate=6414.4kbits/s speed=7.93x    
[stderr] [libx264 @ 0x1281051f0] frame I:5     Avg QP:21.30  size: 42762
[stderr] [libx264 @ 0x1281051f0] frame P:136   Avg QP:23.34  size: 39409
[stderr] [libx264 @ 0x1281051f0] frame B:341   Avg QP:25.38  size: 21094
[stderr] [libx264 @ 0x1281051f0] consecutive B-frames:  4.1%  2.9%  5.0% 88.0%
[stderr] [libx264 @ 0x1281051f0] mb I  I16..4:  3.1% 19.7% 77.2%
[stderr] [libx264 @ 0x1281051f0] mb P  I16..4:  2.5% 12.9% 33.8%  P16..4: 12.0% 15.3% 23.0%  0.0%  0.0%    skip: 0.4%
[stderr] [libx264 @ 0x1281051f0] mb B  I16..4:  0.7%  2.5%  5.1%  B16..8: 24.6% 23.2% 16.6%  direct:18.5%  skip: 8.7%  L0:31.5% L1:32.2% BI:36.3%
[stderr] [libx264 @ 0x1281051f0] 8x8 transform intra:27.1% inter:27.1%
[stderr] [libx264 @ 0x1281051f0] coded y,uvDC,uvAC intra: 89.2% 80.2% 44.5% inter: 62.7% 33.0% 2.5%
[stderr] [libx264 @ 0x1281051f0] i16 v,h,dc,p: 52% 13% 20% 15%
[stderr] [libx264 @ 0x1281051f0] i8 v,h,dc,ddl,ddr,vr,hd,vl,hu: 23% 17% 13%  3% 10% 10%  8%  8%  9%
[stderr] [libx264 @ 0x1281051f0] i4 v,h,dc,ddl,ddr,vr,hd,vl,hu: 15% 18% 12%  4% 15%  9% 10%  7% 10%
[stderr] [libx264 @ 0x1281051f0] i8c dc,h,v,p: 47% 21% 21% 11%
[stderr] [libx264 @ 0x1281051f0] Weighted P-Frames: Y:26.5% UV:6.6%
[stderr] [libx264 @ 0x1281051f0] kb/s:6321.42
[stderr] [aac @ 0x12817a0c0] Qavg: 184.342
[stderr] ffmpeg version 7.1 Copyright (c) 2000-2024 the FFmpeg developers
[stderr]   built with Apple clang version 15.0.0 (clang-1500.1.0.2.5)
[stderr]   configuration: --prefix=/opt/homebrew/Cellar/ffmpeg/7.1_3 --enable-shared --enable-pthreads --enable-version3 --cc=clang --host-cflags= --host-ldflags='-Wl,-ld_classic' --enable-ffplay --enable-gnutls --enable-gpl --enable-libaom --enable-libaribb24 --enable-libbluray --enable-libdav1d --enable-libharfbuzz --enable-libjxl --enable-libmp3lame --enable-libopus --enable-librav1e --enable-librist --enable-librubberband --enable-libsnappy --enable-libsrt --enable-libssh --enable-libsvtav1 --enable-libtesseract --enable-libtheora --enable-libvidstab --enable-libvmaf --enable-libvorbis --enable-libvpx --enable-libwebp --enable-libx264 --enable-libx265 --enable-libxml2 --enable-libxvid --enable-lzma --enable-libfontconfig --enable-libfreetype --enable-frei0r --enable-libass --enable-libopencore-amrnb --enable-libopencore-amrwb --enable-libopenjpeg --enable-libspeex --enable-libsoxr --enable-libzmq --enable-libzimg --disable-libjack --disable-indev=jack --enable-videotoolbox --enable-audiotoolbox --enable-neon
[stderr]   libavutil      59. 39.100 / 59. 39.100
[stderr]   libavcodec     61. 19.100 / 61. 19.100
[stderr]   libavformat    61.  7.100 / 61.  7.100
[stderr]   libavdevice    61.  3.100 / 61.  3.100
[stderr]   libavfilter    10.  4.100 / 10.  4.100
[stderr]   libswscale      8.  3.100 /  8.  3.100
[stderr]   libswresample   5.  3.100 /  5.  3.100
[stderr]   libpostproc    58.  3.100 / 58.  3.100
[stderr] Input #0, mov,mp4,m4a,3gp,3g2,mj2, from '/Users/johndoe/Documents/company/video_ops/scripts/abstract_algebra_in_proof_assistant/04-set-equality/takes/take-mrhmharr/pipeline/stabilize/stabilize-mriqdtnm/stabilized.mp4':
[stderr]   Metadata:
[stderr]     major_brand     : isom
[stderr]     minor_version   : 512
[stderr]     compatible_brands: isomiso2avc1mp41
[stderr]     encoder         : Lavf61.7.100
[stderr]   Duration: [stderr] 00:06:08.98, start: 0.000000, bitrate: 5562 kb/s
[stderr]   Stream #0:0[0x1](und): Video: h264 (High) (avc1 / 0x31637661), yuv420p(tv, smpte170m/bt709/bt709, progressive), 640x480, 5453 kb/s, 29.83 fps, 29.83 tbr, 11456 tbn (default)
[stderr]       Metadata:
[stderr]         handler_name    : Core Media Video
[stderr]         vendor_id       : [0][0][0][0]
[stderr]         encoder         : Lavc61.19.100 libx264
[stderr]   Stream #0:1[0x2](und): Audio: aac (LC) (mp4a / 0x6134706D), 48000 Hz, mono, fltp, 100 kb/s (default)
[stderr]       Metadata:
[stderr]         handler_name    : Core Media Audio
[stderr]         vendor_id       : [0][0][0][0]
[stderr] Stream mapping:
[stderr]   Stream #0:0 -> #0:0 (h264 (native) -> h264 (libx264))
[stderr]   Stream #0:1 -> #0:1 (aac (native) -> aac (native))
[stderr] Press [q] to stop, [?] for help
[stderr] [libx264 @ 0x13a112110] using cpu capabilities: ARMv8 NEON
[stderr] [libx264 @ 0x13a112110] profile High, level 3.0, 4:2:0, 8-bit
[stderr] [libx264 @ 0x13a112110] 264 - core 164 r3108 31e19f9 - H.264/MPEG-4 AVC codec - Copyleft 2003-2023 - http://www.videolan.org/x264.html - options: cabac=1 ref=1 deblock=1:0:0 analyse=0x3:0x113 me=hex subme=2 psy=1 psy_rd=1.00:0.00 mixed_ref=0 me_range=16 chroma_me=1 trellis=0 8x8dct=1 cqm=0 deadzone=21,11 fast_pskip=1 chroma_qp_offset=0 threads=15 lookahead_threads=3 sliced_threads=0 nr=0 decimate=1 interlaced=0 bluray_compat=0 constrained_intra=0 bframes=3 b_pyramid=2 b_adapt=1 b_bias=0 direct=1 weightb=1 open_gop=0 weightp=1 keyint=250 keyint_min=25 scenecut=40 intra_refresh=0 rc_lookahead=10 rc=crf mbtree=1 crf=18.0 qcomp=0.60 qpmin=0 qpmax=69 qpstep=4 ip_ratio=1.40 aq=1:1.00
[stderr] Output #0, mp4, to '/Users/johndoe/Documents/company/video_ops/scripts/abstract_algebra_in_proof_assistant/04-set-equality/takes/take-mrhmharr/pipeline/cut/cut-mriq7mo6/chunks/chunk-013.mp4':
[stderr]   Metadata:
[stderr]     major_brand     : isom
[stderr]     minor_version   : 512
[stderr]     compatible_brands: isomiso2avc1mp41
[stderr]     encoder         : Lavf61.7.100
[stderr]   Stream #0:0(und): Video: h264 (avc1 / 0x31637661), yuv420p(tv, smpte170m/bt709/bt709, progressive), 640x480, q=2-31, 29.83 fps, 11456 tbn (default)
[stderr]       Metadata:
[stderr]         handler_name    : Core Media Video
[stderr]         vendor_id       : [0][0][0][0]
[stderr]         encoder         : Lavc61.19.100 libx264
[stderr]       Side data:
[stderr]         cpb: bitrate max/min/avg: 0/0/0 buffer size: 0 vbv_delay: N/A
[stderr]   Stream #0:1(und): Audio: aac (LC) (mp4a / 0x6134706D), 48000 Hz, mono, fltp, 69 kb/s (default)
[stderr]       Metadata:
[stderr]         handler_name    : Core Media Audio
[stderr]         vendor_id       : [0][0][0][0]
[stderr]         encoder         : Lavc61.19.100 aac
[stderr] [out#0/mp4 @ 0x13a113340] video:858KiB audio:15KiB subtitle:0KiB other streams:0KiB global headers:0KiB muxing overhead: 0.371082%
[stderr] frame=   51 fps= 31 q=-1.0 Lsize=     876KiB time=00:00:01.64 bitrate=4368.7kbits/s speed=1.01x    
[stderr] [libx264 @ 0x13a112110] frame I:1     Avg QP:19.86  size: 46998
[stderr] [libx264 @ 0x13a112110] frame P:14    Avg QP:20.97  size: 31475
[stderr] [libx264 @ 0x13a112110] frame B:36    Avg QP:24.83  size: 10839
[stderr] [libx264 @ 0x13a112110] consecutive B-frames:  3.9%  3.9%  5.9% 86.3%
[stderr] [libx264 @ 0x13a112110] mb I  I16..4: 14.8%  9.8% 75.4%
[stderr] [libx264 @ 0x13a112110] mb P  I16..4: 10.7%  6.0% 10.0%  P16..4: 19.7% 21.1% 28.1%  0.0%  0.0%    skip: 4.3%
[stderr] [libx264 @ 0x13a112110] mb B  I16..4:  2.6%  0.5%  0.2%  B16..8: 27.9% 19.1%  7.9%  direct:19.9%  skip:21.8%  L0:27.8% L1:32.8% BI:39.4%
[stderr] [libx264 @ 0x13a112110] 8x8 transform intra:18.9% inter:24.6%
[stderr] [libx264 @ 0x13a112110] coded y,uvDC,uvAC intra: 54.4% 53.6% 32.8% inter: 45.7% 20.1% 1.3%
[stderr] [libx264 @ 0x13a112110] i16 v,h,dc,p: 79%  8% 11%  2%
[stderr] [libx264 @ 0x13a112110] i8 v,h,dc,ddl,ddr,vr,hd,vl,hu: 26% 12% 21%  2%  9%  9%  7%  7%  6%
[stderr] [libx264 @ 0x13a112110] i4 v,h,dc,ddl,ddr,vr,hd,vl,hu: 16% 18% 14%  4% 12%  7% 10%  8% 11%
[stderr] [libx264 @ 0x13a112110] i8c dc,h,v,p: 62% 13% 16%  9%
[stderr] [libx264 @ 0x13a112110] Weighted P-Frames: Y:28.6% UV:7.1%
[stderr] [libx264 @ 0x13a112110] kb/s:4108.13
[stderr] [aac @ 0x13a17bd60] Qavg: 105.006
[stderr] ffmpeg version 7.1 Copyright (c) 2000-2024 the FFmpeg developers
[stderr]   built with Apple clang version 15.0.0 (clang-1500.1.0.2.5)
[stderr]   configuration: --prefix=/opt/homebrew/Cellar/ffmpeg/7.1_3 --enable-shared --enable-pthreads --enable-version3 --cc=clang --host-cflags= --host-ldflags='-Wl,-ld_classic' --enable-ffplay --enable-gnutls --enable-gpl --enable-libaom --enable-libaribb24 --enable-libbluray --enable-libdav1d --enable-libharfbuzz --enable-libjxl --enable-libmp3lame --enable-libopus --enable-librav1e --enable-librist --enable-librubberband --enable-libsnappy --enable-libsrt --enable-libssh --enable-libsvtav1 --enable-libtesseract --enable-libtheora --enable-libvidstab --enable-libvmaf --enable-libvorbis --enable-libvpx --enable-libwebp --enable-libx264 --enable-libx265 --enable-libxml2 --enable-libxvid --enable-lzma --enable-libfontconfig --enable-libfreetype --enable-frei0r --enable-libass --enable-libopencore-amrnb --enable-libopencore-amrwb --enable-libopenjpeg --enable-libspeex --enable-libsoxr --enable-libzmq --enable-libzimg --disable-libjack --disable-indev=jack --enable-videotoolbox --enable-audiotoolbox --enable-neon
[stderr]   libavutil      59. 39.100 / 59. 39.100
[stderr]   libavcodec     61. 19.100 / 61. 19.100
[stderr]   libavformat    61.  7.100 / 61.  7.100
[stderr]   libavdevice    61.  3.100 / 61.  3.100
[stderr]   libavfilter    10.  4.100 / 10.  4.100
[stderr]   libswscale      8.  3.100 /  8.  3.100
[stderr]   libswresample   5.  3.100 /  5.  3.100
[stderr]   libpostproc    58.  3.100 / 58.  3.100
[stderr] Input #0, mov,mp4,m4a,3gp,3g2,mj2, from '/Users/johndoe/Documents/company/video_ops/scripts/abstract_algebra_in_proof_assistant/04-set-equality/takes/take-mrhmharr/pipeline/stabilize/stabilize-mriqdtnm/stabilized.mp4':
[stderr]   Metadata:
[stderr]     major_brand     : isom
[stderr]     minor_version   : 512
[stderr]     compatible_brands: isomiso2avc1mp41
[stderr]     encoder         : Lavf61.7.100
[stderr]   Duration: 00:06:08.98, start: 0.000000, bitrate: 5562 kb/s
[stderr]   Stream #0:0[0x1](und): Video: h264 (High) (avc1 / 0x31637661), yuv420p(tv, smpte170m/bt709/bt709, progressive), 640x480, 5453 kb/s, 29.83 fps, 29.83 tbr, 11456 tbn (default)
[stderr]       Metadata:
[stderr]         handler_name    : Core Media Video
[stderr]         vendor_id       : [0][0][0][0]
[stderr]         encoder         : Lavc61.19.100 libx264
[stderr]   Stream #0:1[0x2](und): Audio: aac (LC) (mp4a / 0x6134706D), 48000 Hz, mono, fltp, 100 kb/s (default)
[stderr]       Metadata:
[stderr]         handler_name    : Core Media Audio
[stderr]         vendor_id       : [0][0][0][0]
[stderr] Stream mapping:
[stderr]   Stream #0:0 -> #0:0 (h264 (native) -> h264 (libx264))
[stderr]   Stream #0:1 -> #0:1 (aac (native) -> aac (native))
[stderr] Press [q] to stop, [?] for help
[stderr] [libx264 @ 0x1452114c0] using cpu capabilities: ARMv8 NEON
[stderr] [libx264 @ 0x1452114c0] profile High, level 3.0, 4:2:0, 8-bit
[stderr] [libx264 @ 0x1452114c0] 264 - core 164 r3108 31e19f9 - H.264/MPEG-4 AVC codec - Copyleft 2003-2023 - http://www.videolan.org/x264.html - options: cabac=1 ref=1 deblock=1:0:0 analyse=0x3:0x113 me=hex subme=2 psy=1 psy_rd=1.00:0.00 mixed_ref=0 me_range=16 chroma_me=1 trellis=0 8x8dct=1 cqm=0 deadzone=21,11 fast_pskip=1 chroma_qp_offset=0 threads=15 lookahead_threads=3 sliced_threads=0 nr=0 decimate=1 interlaced=0 bluray_compat=0 constrained_intra=0 bframes=3 b_pyramid=2 b_adapt=1 b_bias=0 direct=1 weightb=1 open_gop=0 weightp=1 keyint=250 keyint_min=25 scenecut=40 intra_refresh=0 rc_lookahead=10 rc=crf mbtree=1 crf=18.0 qcomp=0.60 qpmin=0 qpmax=69 qpstep=4 ip_ratio=1.40 aq=1:1.00
[stderr] Output #0, mp4, to '/Users/johndoe/Documents/company/video_ops/scripts/abstract_algebra_in_proof_assistant/04-set-equality/takes/take-mrhmharr/pipeline/cut/cut-mriq7mo6/chunks/chunk-014.mp4':
[stderr]   Metadata:
[stderr]     major_brand     : isom
[stderr]     minor_version   : 512
[stderr]     compatible_brands: isomiso2avc1mp41
[stderr]     encoder         : Lavf61.7.100
[stderr]   Stream #0:0(und): Video: h264 (avc1 / 0x31637661), yuv420p(tv, smpte170m/bt709/bt709, progressive), 640x480, q=2-31, 29.83 fps, 11456 tbn (default)
[stderr]       Metadata:
[stderr]         handler_name    : Core Media Video
[stderr]         vendor_id       : [0][0][0][0]
[stderr]         encoder         : Lavc61.19.100 libx264
[stderr]       Side data:
[stderr]         cpb: bitrate max/min/avg: 0/0/0 buffer size: 0 vbv_delay: N/A
[stderr]   Stream #0:1(und): Audio: aac (LC) (mp4a / 0x6134706D), 48000 Hz, mono, fltp, 69 kb/s (default)
[stderr]       Metadata:
[stderr]         handler_name    : Core Media Audio
[stderr]         vendor_id       : [0][0][0][0]
[stderr]         encoder         : Lavc61.19.100 aac
[stderr] [out#0/mp4 @ 0x145213d20] video:4053KiB audio:67KiB subtitle:0KiB other streams:0KiB global headers:0KiB muxing overhead: 0.235957%
[stderr] frame=  233 fps=127 q=-1.0 Lsize=    4130KiB time=00:00:07.77 bitrate=4350.9kbits/s speed=4.23x    
[stderr] [libx264 @ 0x1452114c0] frame I:1     Avg QP:19.12  size: 59885
[stderr] [libx264 @ 0x1452114c0] frame P:63    Avg QP:20.56  size: 36039
[stderr] [libx264 @ 0x1452114c0] frame B:169   Avg QP:24.74  size: 10768
[stderr] [libx264 @ 0x1452114c0] consecutive B-frames:  0.9%  5.2%  6.4% 87.6%
[stderr] [libx264 @ 0x1452114c0] mb I  I16..4: 21.2%  6.8% 72.1%
[stderr] [libx264 @ 0x1452114c0] mb P  I16..4: 10.2%  4.2%  5.4%  P16..4: 19.9% 22.6% 33.7%  0.0%  0.0%    skip: 4.0%
[stderr] [libx264 @ 0x1452114c0] mb B  I16..4:  2.3%  0.4%  0.1%  B16..8: 26.1% 17.4%  7.6%  direct:20.3%  skip:25.8%  L0:23.3% L1:32.7% BI:43.9%
[stderr] [libx264 @ 0x1452114c0] 8x8 transform intra:19.0% inter:20.3%
[stderr] [libx264 @ 0x1452114c0] coded y,uvDC,uvAC intra: 40.8% 41.2% 23.6% inter: 45.4% 18.1% 1.5%
[stderr] [libx264 @ 0x1452114c0] i16 v,h,dc,p: 80%  9%  8%  2%
[stderr] [libx264 @ 0x1452114c0] i8 v,h,dc,ddl,ddr,vr,hd,vl,hu: 25% 12% 26%  2% 10%  8%  8%  5%  5%
[stderr] [libx264 @ 0x1452114c0] i4 v,h,dc,ddl,ddr,vr,hd,vl,hu: 17% 16% 17%  4% 14%  8%  9%  7%  9%
[stderr] [libx264 @ 0x1452114c0] i8c dc,h,v,p: 72%  9% 13%  6%
[stderr] [libx264 @ 0x1452114c0] Weighted P-Frames: Y:19.0% UV:6.3%
[stderr] [libx264 @ 0x1452114c0] kb/s:4251.02
[stderr] [aac @ 0x14527b5e0] Qavg: 162.945
[stderr] ffmpeg version 7.1 Copyright (c) 2000-2024 the FFmpeg developers
[stderr]   built with Apple clang version 15.0.0 (clang-1500.1.0.2.5)
[stderr]   configuration: --prefix=/opt/homebrew/Cellar/ffmpeg/7.1_3 --enable-shared --enable-pthreads --enable-version3 --cc=clang --host-cflags= --host-ldflags='-Wl,-ld_classic' --enable-ffplay --enable-gnutls --enable-gpl --enable-libaom --enable-libaribb24 --enable-libbluray --enable-libdav1d --enable-libharfbuzz --enable-libjxl --enable-libmp3lame --enable-libopus --enable-librav1e --enable-librist --enable-librubberband --enable-libsnappy --enable-libsrt --enable-libssh --enable-libsvtav1 --enable-libtesseract --enable-libtheora --enable-libvidstab --enable-libvmaf --enable-libvorbis --enable-libvpx --enable-libwebp --enable-libx264 --enable-libx265 --enable-libxml2 --enable-libxvid --enable-lzma --enable-libfontconfig --enable-libfreetype --enable-frei0r --enable-libass --enable-libopencore-amrnb --enable-libopencore-amrwb --enable-libopenjpeg --enable-libspeex --enable-libsoxr --enable-libzmq --enable-libzimg --disable-libjack --disable-indev=jack --enable-videotoolbox --enable-audiotoolbox --enable-neon
[stderr]   libavutil      59. 39.100 / 59. 39.100
[stderr]   libavcodec     61. 19.100 / 61. 19.100
[stderr]   libavformat    61.  7.100 / 61.  7.100
[stderr]   libavdevice    61.  3.100 / 61.  3.100
[stderr]   libavfilter    10.  4.100 / 10.  4.100
[stderr]   libswscale      8.  3.100 /  8.  3.100
[stderr]   libswresample   5.  3.100 /  5.  3.100
[stderr]   libpostproc    58.  3.100 / 58.  3.100
[stderr] Input #0, mov,mp4,m4a,3gp,3g2,mj2, from '/Users/johndoe/Documents/company/video_ops/scripts/abstract_algebra_in_proof_assistant/04-set-equality/takes/take-mrhmharr/pipeline/stabilize/stabilize-mriqdtnm/stabilized.mp4':
[stderr]   Metadata:
[stderr]     major_brand     : isom
[stderr]     minor_version   : 512
[stderr]     compatible_brands: isomiso2avc1mp41
[stderr]     encoder         : Lavf61.7.100
[stderr]   Duration: [stderr] 00:06:08.98, start: 0.000000, bitrate: 5562 kb/s
[stderr]   Stream #0:0[0x1](und): Video: h264 (High) (avc1 / 0x31637661), yuv420p(tv, smpte170m/bt709/bt709, progressive), 640x480, 5453 kb/s, 29.83 fps, 29.83 tbr, 11456 tbn (default)
[stderr]       Metadata:
[stderr]         handler_name    : Core Media Video
[stderr]         vendor_id       : [0][0][0][0]
[stderr]         encoder         : Lavc61.19.100 libx264
[stderr]   Stream #0:1[0x2](und): Audio: aac (LC) (mp4a / 0x6134706D), 48000 Hz, mono, fltp, 100 kb/s (default)
[stderr]       Metadata:
[stderr]         handler_name    : Core Media Audio
[stderr]         vendor_id       : [0][0][0][0]
[stderr] Stream mapping:
[stderr]   Stream #0:0 -> #0:0 (h264 (native) -> h264 (libx264))
[stderr]   Stream #0:1 -> #0:1 (aac (native) -> aac (native))
[stderr] Press [q] to stop, [?] for help
[stderr] [libx264 @ 0x12ca12120] using cpu capabilities: ARMv8 NEON
[stderr] [libx264 @ 0x12ca12120] profile High, level 3.0, 4:2:0, 8-bit
[stderr] [libx264 @ 0x12ca12120] 264 - core 164 r3108 31e19f9 - H.264/MPEG-4 AVC codec - Copyleft 2003-2023 - http://www.videolan.org/x264.html - options: cabac=1 ref=1 deblock=1:0:0 analyse=0x3:0x113 me=hex subme=2 psy=1 psy_rd=1.00:0.00 mixed_ref=0 me_range=16 chroma_me=1 trellis=0 8x8dct=1 cqm=0 deadzone=21,11 fast_pskip=1 chroma_qp_offset=0 threads=15 lookahead_threads=3 sliced_threads=0 nr=0 decimate=1 interlaced=0 bluray_compat=0 constrained_intra=0 bframes=3 b_pyramid=2 b_adapt=1 b_bias=0 direct=1 weightb=1 open_gop=0 weightp=1 keyint=250 keyint_min=25 scenecut=40 intra_refresh=0 rc_lookahead=10 rc=crf mbtree=1 crf=18.0 qcomp=0.60 qpmin=0 qpmax=69 qpstep=4 ip_ratio=1.40 aq=1:1.00
[stderr] Output #0, mp4, to '/Users/johndoe/Documents/company/video_ops/scripts/abstract_algebra_in_proof_assistant/04-set-equality/takes/take-mrhmharr/pipeline/cut/cut-mriq7mo6/chunks/chunk-015.mp4':
[stderr]   Metadata:
[stderr]     major_brand     : isom
[stderr]     minor_version   : 512
[stderr]     compatible_brands: isomiso2avc1mp41
[stderr]     encoder         : Lavf61.7.100
[stderr]   Stream #0:0(und): Video: h264 (avc1 / 0x31637661), yuv420p(tv, smpte170m/bt709/bt709, progressive), 640x480, q=2-31, 29.83 fps, 11456 tbn (default)
[stderr]       Metadata:
[stderr]         handler_name    : Core Media Video
[stderr]         vendor_id       : [0][0][0][0]
[stderr]         encoder         : Lavc61.19.100 libx264
[stderr]       Side data:
[stderr]         cpb: bitrate max/min/avg: 0/0/0 buffer size: 0 vbv_delay: N/A
[stderr]   Stream #0:1(und): Audio: aac (LC) (mp4a / 0x6134706D), 48000 Hz, mono, fltp, 69 kb/s (default)
[stderr]       Metadata:
[stderr]         handler_name    : Core Media Audio
[stderr]         vendor_id       : [0][0][0][0]
[stderr]         encoder         : Lavc61.19.100 aac
[stderr] frame=  292 fps=145 q=24.0 size=    5376KiB time=00:00:09.75 bitrate=4515.0kbits/s speed=4.83x    
[stderr] [out#0/mp4 @ 0x12ca13350] video:12299KiB audio:212KiB subtitle:0KiB other streams:0KiB global headers:0KiB muxing overhead: 0.220743%
[stderr] frame=  738 fps=301 q=-1.0 Lsize=   12539KiB time=00:00:24.70 bitrate=4157.9kbits/s speed=10.1x    
[stderr] [libx264 @ 0x12ca12120] frame I:3     Avg QP:18.17  size: 56072
[stderr] [libx264 @ 0x12ca12120] frame P:213   Avg QP:20.30  size: 32494
[stderr] [libx264 @ 0x12ca12120] frame B:522   Avg QP:24.05  size: 10544
[stderr] [libx264 @ 0x12ca12120] consecutive B-frames:  2.4%  7.0%  8.1% 82.4%
[stderr] [libx264 @ 0x12ca12120] mb I  I16..4: 14.1%  7.1% 78.8%
[stderr] [libx264 @ 0x12ca12120] mb P  I16..4: 11.1%  8.6%  7.5%  P16..4: 18.6% 20.4% 29.9%  0.0%  0.0%    skip: 3.8%
[stderr] [libx264 @ 0x12ca12120] mb B  I16..4:  2.5%  0.9%  0.1%  B16..8: 27.1% 17.6%  7.3%  direct:19.6%  skip:24.8%  L0:25.4% L1:31.7% BI:42.9%
[stderr] [libx264 @ 0x12ca12120] 8x8 transform intra:29.5% inter:22.4%
[stderr] [libx264 @ 0x12ca12120] coded y,uvDC,uvAC intra: 46.6% 52.4% 22.9% inter: 43.6% 20.4% 1.0%
[stderr] [libx264 @ 0x12ca12120] i16 v,h,dc,p: 72% 11% 13%  4%
[stderr] [libx264 @ 0x12ca12120] i8 v,h,dc,ddl,ddr,vr,hd,vl,hu: 23% 17% 28%  2%  8%  8%  6%  4%  4%
[stderr] [libx264 @ 0x12ca12120] i4 v,h,dc,ddl,ddr,vr,hd,vl,hu: 20% 16% 15%  3% 13% 10%  9%  6%  8%
[stderr] [libx264 @ 0x12ca12120] i8c dc,h,v,p: 63% 14% 17%  5%
[stderr] [libx264 @ 0x12ca12120] Weighted P-Frames: Y:13.6% UV:1.9%
[stderr] [libx264 @ 0x12ca12120] kb/s:4072.67
[stderr] [aac @ 0x12ca7bd70] Qavg: 184.931
[stderr] ffmpeg version 7.1 Copyright (c) 2000-2024 the FFmpeg developers
[stderr]   built with Apple clang version 15.0.0 (clang-1500.1.0.2.5)
[stderr]   configuration: --prefix=/opt/homebrew/Cellar/ffmpeg/7.1_3 --enable-shared --enable-pthreads --enable-version3 --cc=clang --host-cflags= --host-ldflags='-Wl,-ld_classic' --enable-ffplay --enable-gnutls --enable-gpl --enable-libaom --enable-libaribb24 --enable-libbluray --enable-libdav1d --enable-libharfbuzz --enable-libjxl --enable-libmp3lame --enable-libopus --enable-librav1e --enable-librist --enable-librubberband --enable-libsnappy --enable-libsrt --enable-libssh --enable-libsvtav1 --enable-libtesseract --enable-libtheora --enable-libvidstab --enable-libvmaf --enable-libvorbis --enable-libvpx --enable-libwebp --enable-libx264 --enable-libx265 --enable-libxml2 --enable-libxvid --enable-lzma --enable-libfontconfig --enable-libfreetype --enable-frei0r --enable-libass --enable-libopencore-amrnb --enable-libopencore-amrwb --enable-libopenjpeg --enable-libspeex --enable-libsoxr --enable-libzmq --enable-libzimg --disable-libjack --disable-indev=jack --enable-videotoolbox --enable-audiotoolbox --enable-neon
[stderr]   libavutil      59. 39.100 / 59. 39.100
[stderr]   libavcodec     61. 19.100 / 61. 19.100
[stderr]   libavformat    61.  7.100 / 61.  7.100
[stderr]   libavdevice    61.  3.100 / 61.  3.100
[stderr]   libavfilter    10.  4.100 / 10.  4.100
[stderr]   libswscale      8.  3.100 /  8.  3.100
[stderr]   libswresample   5.  3.100 /  5.  3.100
[stderr]   libpostproc    58.  3.100 / 58.  3.100
[stderr] Input #0, mov,mp4,m4a,3gp,3g2,mj2, from '/Users/johndoe/Documents/company/video_ops/scripts/abstract_algebra_in_proof_assistant/04-set-equality/takes/take-mrhmharr/pipeline/stabilize/stabilize-mriqdtnm/stabilized.mp4':
[stderr]   Metadata:
[stderr]     major_brand     : isom
[stderr]     minor_version   : 512
[stderr]     compatible_brands: isomiso2avc1mp41
[stderr]     encoder         : Lavf61.7.100
[stderr]   Duration: 00:06:08.98, start: 0.000000, bitrate: 5562 kb/s
[stderr]   Stream #0:0[0x1](und): Video: h264 (High) (avc1 / 0x31637661), yuv420p(tv, smpte170m/bt709/bt709, progressive), 640x480, 5453 kb/s, 29.83 fps, 29.83 tbr, 11456 tbn (default)
[stderr]       Metadata:
[stderr]         handler_name    : Core Media Video
[stderr]         vendor_id       : [0][0][0][0]
[stderr]         encoder         : Lavc61.19.100 libx264
[stderr]   Stream #0:1[0x2](und): Audio: aac (LC) (mp4a / 0x6134706D), 48000 Hz, mono, fltp, 100 kb/s (default)
[stderr]       Metadata:
[stderr]         handler_name    : Core Media Audio
[stderr]         vendor_id       : [0][0][0][0]
[stderr] Stream mapping:
[stderr]   Stream #0:0 -> #0:0 (h264 (native) -> h264 (libx264))
[stderr]   Stream #0:1 -> #0:1 (aac (native) -> aac (native))
[stderr] Press [q] to stop, [?] for help
[stderr] [libx264 @ 0x12ee12120] using cpu capabilities: ARMv8 NEON
[stderr] [libx264 @ 0x12ee12120] profile High, level 3.0, 4:2:0, 8-bit
[stderr] [libx264 @ 0x12ee12120] 264 - core 164 r3108 31e19f9 - H.264/MPEG-4 AVC codec - Copyleft 2003-2023 - http://www.videolan.org/x264.html - options: cabac=1 ref=1 deblock=1:0:0 analyse=0x3:0x113 me=hex subme=2 psy=1 psy_rd=1.00:0.00 mixed_ref=0 me_range=16 chroma_me=1 trellis=0 8x8dct=1 cqm=0 deadzone=21,11 fast_pskip=1 chroma_qp_offset=0 threads=15 lookahead_threads=3 sliced_threads=0 nr=0 decimate=1 interlaced=0 bluray_compat=0 constrained_intra=0 bframes=3 b_pyramid=2 b_adapt=1 b_bias=0 direct=1 weightb=1 open_gop=0 weightp=1 keyint=250 keyint_min=25 scenecut=40 intra_refresh=0 rc_lookahead=10 rc=crf mbtree=1 crf=18.0 qcomp=0.60 qpmin=0 qpmax=69 qpstep=4 ip_ratio=1.40 aq=1:1.00
[stderr] Output #0, mp4, to '/Users/johndoe/Documents/company/video_ops/scripts/abstract_algebra_in_proof_assistant/04-set-equality/takes/take-mrhmharr/pipeline/cut/cut-mriq7mo6/chunks/chunk-016.mp4':
[stderr]   Metadata:
[stderr]     major_brand     : isom
[stderr]     minor_version   : 512
[stderr]     compatible_brands: isomiso2avc1mp41
[stderr]     encoder         : Lavf61.7.100
[stderr]   Stream #0:0(und): Video: h264 (avc1 / 0x31637661), yuv420p(tv, smpte170m/bt709/bt709, progressive), 640x480, q=2-31, 29.83 fps, 11456 tbn (default)
[stderr]       Metadata:
[stderr]         handler_name    : Core Media Video
[stderr]         vendor_id       : [0][0][0][0]
[stderr]         encoder         : Lavc61.19.100 libx264
[stderr]       Side data:
[stderr]         cpb: bitrate max/min/avg: 0/0/0 buffer size: 0 vbv_delay: N/A
[stderr]   Stream #0:1(und): Audio: aac (LC) (mp4a / 0x6134706D), 48000 Hz, mono, fltp, 69 kb/s (default)
[stderr]       Metadata:
[stderr]         handler_name    : Core Media Audio
[stderr]         vendor_id       : [0][0][0][0]
[stderr]         encoder         : Lavc61.19.100 aac
[stderr] [out#0/mp4 @ 0x12ee13350] video:719KiB audio:18KiB subtitle:0KiB other streams:0KiB global headers:0KiB muxing overhead: 0.480927%
[stderr] frame=   61 fps= 31 q=-1.0 Lsize=     740KiB time=00:00:01.97 bitrate=3066.3kbits/s speed=1.02x    
[stderr] [libx264 @ 0x12ee12120] frame I:1     Avg QP:19.34  size: 36913
[stderr] [libx264 @ 0x12ee12120] frame P:24    Avg QP:19.69  size: 19134
[stderr] [libx264 @ 0x12ee12120] frame B:36    Avg QP:21.46  size:  6649
[stderr] [libx264 @ 0x12ee12120] consecutive B-frames: 14.8% 16.4%  9.8% 59.0%
[stderr] [libx264 @ 0x12ee12120] mb I  I16..4: 13.2% 33.9% 52.9%
[stderr] [libx264 @ 0x12ee12120] mb P  I16..4: 10.9% 19.8%  4.3%  P16..4: 24.0% 18.4% 19.5%  0.0%  0.0%    skip: 3.1%
[stderr] [libx264 @ 0x12ee12120] mb B  I16..4:  3.6%  3.7%  0.1%  B16..8: 33.2% 16.1%  3.8%  direct:17.1%  skip:22.4%  L0:32.6% L1:33.9% BI:33.5%
[stderr] [libx264 @ 0x12ee12120] 8x8 transform intra:53.3% inter:24.6%
[stderr] [libx264 @ 0x12ee12120] coded y,uvDC,uvAC intra: 46.7% 68.7% 15.8% inter: 32.0% 26.9% 0.7%
[stderr] [libx264 @ 0x12ee12120] i16 v,h,dc,p: 26% 35% 27% 13%
[stderr] [libx264 @ 0x12ee12120] i8 v,h,dc,ddl,ddr,vr,hd,vl,hu: 15% 27% 37%  2%  4%  3%  4%  3%  5%
[stderr] [libx264 @ 0x12ee12120] i4 v,h,dc,ddl,ddr,vr,hd,vl,hu: 18% 18% 18%  3% 13%  9%  8%  6%  7%
[stderr] [libx264 @ 0x12ee12120] i8c dc,h,v,p: 51% 26% 18%  5%
[stderr] [libx264 @ 0x12ee12120] Weighted P-Frames: Y:0.0% UV:0.0%
[stderr] [libx264 @ 0x12ee12120] kb/s:2877.69
[stderr] [aac @ 0x12ee7bd70] Qavg: 143.023
[stderr] ffmpeg version 7.1 Copyright (c) 2000-2024 the FFmpeg developers
[stderr]   built with Apple clang version 15.0.0 (clang-1500.1.0.2.5)
[stderr]   configuration: --prefix=/opt/homebrew/Cellar/ffmpeg/7.1_3 --enable-shared --enable-pthreads --enable-version3 --cc=clang --host-cflags= --host-ldflags='-Wl,-ld_classic' --enable-ffplay --enable-gnutls --enable-gpl --enable-libaom --enable-libaribb24 --enable-libbluray --enable-libdav1d --enable-libharfbuzz --enable-libjxl --enable-libmp3lame --enable-libopus --enable-librav1e --enable-librist --enable-librubberband --enable-libsnappy --enable-libsrt --enable-libssh --enable-libsvtav1 --enable-libtesseract --enable-libtheora --enable-libvidstab --enable-libvmaf --enable-libvorbis --enable-libvpx --enable-libwebp --enable-libx264 --enable-libx265 --enable-libxml2 --enable-libxvid --enable-lzma --enable-libfontconfig --enable-libfreetype --enable-frei0r --enable-libass --enable-libopencore-amrnb --enable-libopencore-amrwb --enable-libopenjpeg --enable-libspeex --enable-libsoxr --enable-libzmq --enable-libzimg --disable-libjack --disable-indev=jack --enable-videotoolbox --enable-audiotoolbox --enable-neon
[stderr]   libavutil      59. 39.100 / 59. 39.100
[stderr]   libavcodec     61. 19.100 / 61. 19.100
[stderr]   libavformat    61.  7.100 / 61.  7.100
[stderr]   libavdevice    61.  3.100 / 61.  3.100
[stderr]   libavfilter    10.  4.100 / 10.  4.100
[stderr]   libswscale      8.  3.100 /  8.  3.100
[stderr]   libswresample   5.  3.100 /  5.  3.100
[stderr]   libpostproc    58.  3.100 / 58.  3.100
[stderr] Input #0, mov,mp4,m4a,3gp,3g2,mj2, from '/Users/johndoe/Documents/company/video_ops/scripts/abstract_algebra_in_proof_assistant/04-set-equality/takes/take-mrhmharr/pipeline/stabilize/stabilize-mriqdtnm/stabilized.mp4':
[stderr]   Metadata:
[stderr]     major_brand     : isom
[stderr]     minor_version   : 512
[stderr]     compatible_brands: isomiso2avc1mp41
[stderr]     encoder         : Lavf61.7.100
[stderr]   Duration: 00:06:08.98, start: 0.000000, bitrate: 5562 kb/s
[stderr]   Stream #0:0[0x1](und): Video: h264 (High) (avc1 / 0x31637661), yuv420p(tv, smpte170m/bt709/bt709, progressive), 640x480, 5453 kb/s, 29.83 fps, 29.83 tbr, 11456 tbn (default)
[stderr]       Metadata:
[stderr]         handler_name    : Core Media Video
[stderr]         vendor_id       : [0][0][0][0]
[stderr]         encoder         : Lavc61.19.100 libx264
[stderr]   Stream #0:1[0x2](und): Audio: aac (LC) (mp4a / 0x6134706D), 48000 Hz, mono, fltp, 100 kb/s (default)
[stderr]       Metadata:
[stderr]         handler_name    : Core Media Audio
[stderr]         vendor_id       : [0][0][0][0]
[stderr] Stream mapping:
[stderr]   Stream #0:0 -> #0:0 (h264 (native) -> h264 (libx264))
[stderr]   Stream #0:1 -> #0:1 (aac (native) -> aac (native))
[stderr] Press [q] to stop, [?] for help
[stderr] [libx264 @ 0x13e1133d0] using cpu capabilities: ARMv8 NEON
[stderr] [libx264 @ 0x13e1133d0] profile High, level 3.0, 4:2:0, 8-bit
[stderr] [libx264 @ 0x13e1133d0] 264 - core 164 r3108 31e19f9 - H.264/MPEG-4 AVC codec - Copyleft 2003-2023 - http://www.videolan.org/x264.html - options: cabac=1 ref=1 deblock=1:0:0 analyse=0x3:0x113 me=hex subme=2 psy=1 psy_rd=1.00:0.00 mixed_ref=0 me_range=16 chroma_me=1 trellis=0 8x8dct=1 cqm=0 deadzone=21,11 fast_pskip=1 chroma_qp_offset=0 threads=15 lookahead_threads=3 sliced_threads=0 nr=0 decimate=1 interlaced=0 bluray_compat=0 constrained_intra=0 bframes=3 b_pyramid=2 b_adapt=1 b_bias=0 direct=1 weightb=1 open_gop=0 weightp=1 keyint=250 keyint_min=25 scenecut=40 intra_refresh=0 rc_lookahead=10 rc=crf mbtree=1 crf=18.0 qcomp=0.60 qpmin=0 qpmax=69 qpstep=4 ip_ratio=1.40 aq=1:1.00
[stderr] Output #0, mp4, to '/Users/johndoe/Documents/company/video_ops/scripts/abstract_algebra_in_proof_assistant/04-set-equality/takes/take-mrhmharr/pipeline/cut/cut-mriq7mo6/chunks/chunk-017.mp4':
[stderr]   Metadata:
[stderr]     major_brand     : isom
[stderr]     minor_version   : 512
[stderr]     compatible_brands: isomiso2avc1mp41
[stderr]     encoder         : Lavf61.7.100
[stderr]   Stream #0:0(und): Video: h264 (avc1 / 0x31637661), yuv420p(tv, smpte170m/bt709/bt709, progressive), 640x480, q=2-31, 29.83 fps, 11456 tbn (default)
[stderr]       Metadata:
[stderr]         handler_name    : Core Media Video
[stderr]         vendor_id       : [0][0][0][0]
[stderr]         encoder         : Lavc61.19.100 libx264
[stderr]       Side data:
[stderr]         cpb: bitrate max/min/avg: 0/0/0 buffer size: 0 vbv_delay: N/A
[stderr]   Stream #0:1(und): Audio: aac (LC) (mp4a / 0x6134706D), 48000 Hz, mono, fltp, 69 kb/s (default)
[stderr]       Metadata:
[stderr]         handler_name    : Core Media Audio
[stderr]         vendor_id       : [0][0][0][0]
[stderr]         encoder         : Lavc61.19.100 aac
[stderr] frame=   80 fps= 40 q=24.0 size=     768KiB time=00:00:02.61 bitrate=2406.5kbits/s speed= 1.3x    
[stderr] [out#0/mp4 @ 0x13e10e990] video:4744KiB audio:91KiB subtitle:0KiB other streams:0KiB global headers:0KiB muxing overhead: 0.261286%
[stderr] frame=  319 fps=142 q=-1.0 Lsize=    4847KiB time=00:00:10.62 bitrate=3737.2kbits/s speed=4.72x    
[stderr] [libx264 @ 0x13e1133d0] frame I:2     Avg QP:18.35  size: 45842
[stderr] [libx264 @ 0x13e1133d0] frame P:113   Avg QP:19.95  size: 26401
[stderr] [libx264 @ 0x13e1133d0] frame B:204   Avg QP:22.80  size:  8734
[stderr] [libx264 @ 0x13e1133d0] consecutive B-frames:  5.6% 21.9% 16.0% 56.4%
[stderr] [libx264 @ 0x13e1133d0] mb I  I16..4: 14.9% 28.2% 57.0%
[stderr] [libx264 @ 0x13e1133d0] mb P  I16..4: 11.3% 14.7%  5.1%  P16..4: 22.8% 20.2% 24.1%  0.0%  0.0%    skip: 1.8%
[stderr] [libx264 @ 0x13e1133d0] mb B  I16..4:  2.5%  1.9%  0.1%  B16..8: 29.7% 15.5%  5.5%  direct:20.0%  skip:24.9%  L0:29.1% L1:32.9% BI:38.1%
[stderr] [libx264 @ 0x13e1133d0] 8x8 transform intra:45.6% inter:20.8%
[stderr] [libx264 @ 0x13e1133d0] coded y,uvDC,uvAC intra: 46.2% 58.4% 17.0% inter: 38.4% 24.4% 1.0%
[stderr] [libx264 @ 0x13e1133d0] i16 v,h,dc,p: 59% 18% 14%  9%
[stderr] [libx264 @ 0x13e1133d0] i8 v,h,dc,ddl,ddr,vr,hd,vl,hu: 19% 22% 31%  2%  6%  5%  6%  4%  5%
[stderr] [libx264 @ 0x13e1133d0] i4 v,h,dc,ddl,ddr,vr,hd,vl,hu: 18% 17% 19%  3% 12%  8%  8%  6%  7%
[stderr] [libx264 @ 0x13e1133d0] i8c dc,h,v,p: 59% 19% 17%  4%
[stderr] [libx264 @ 0x13e1133d0] Weighted P-Frames: Y:13.3% UV:1.8%
[stderr] [libx264 @ 0x13e1133d0] kb/s:3633.72
[stderr] [aac @ 0x13e17c650] Qavg: 180.175
[stderr] ffmpeg version 7.1 Copyright (c) 2000-2024 the FFmpeg developers
[stderr]   built with Apple clang version 15.0.0 (clang-1500.1.0.2.5)
[stderr]   configuration: --prefix=/opt/homebrew/Cellar/ffmpeg/7.1_3 --enable-shared --enable-pthreads --enable-version3 --cc=clang --host-cflags= --host-ldflags='-Wl,-ld_classic' --enable-ffplay --enable-gnutls --enable-gpl --enable-libaom --enable-libaribb24 --enable-libbluray --enable-libdav1d --enable-libharfbuzz --enable-libjxl --enable-libmp3lame --enable-libopus --enable-librav1e --enable-librist --enable-librubberband --enable-libsnappy --enable-libsrt --enable-libssh --enable-libsvtav1 --enable-libtesseract --enable-libtheora --enable-libvidstab --enable-libvmaf --enable-libvorbis --enable-libvpx --enable-libwebp --enable-libx264 --enable-libx265 --enable-libxml2 --enable-libxvid --enable-lzma --enable-libfontconfig --enable-libfreetype --enable-frei0r --enable-libass --enable-libopencore-amrnb --enable-libopencore-amrwb --enable-libopenjpeg --enable-libspeex --enable-libsoxr --enable-libzmq --enable-libzimg --disable-libjack --disable-indev=jack --enable-videotoolbox --enable-audiotoolbox --enable-neon
[stderr]   libavutil      59. 39.100 / 59. 39.100
[stderr]   libavcodec     61. 19.100 / 61. 19.100
[stderr]   libavformat    61.  7.100 / 61.  7.100
[stderr]   libavdevice    61.  3.100 / 61.  3.100
[stderr]   libavfilter    10.  4.100 / 10.  4.100
[stderr]   libswscale      8.  3.100 /  8.  3.100
[stderr]   libswresample   5.  3.100 /  5.  3.100
[stderr]   libpostproc    58.  3.100 / 58.  3.100
[stderr] Input #0, mov,mp4,m4a,3gp,3g2,mj2, from '/Users/johndoe/Documents/company/video_ops/scripts/abstract_algebra_in_proof_assistant/04-set-equality/takes/take-mrhmharr/pipeline/stabilize/stabilize-mriqdtnm/stabilized.mp4':
[stderr]   Metadata:
[stderr]     major_brand     : isom
[stderr]     minor_version   : 512
[stderr]     compatible_brands: isomiso2avc1mp41
[stderr]     encoder         : [stderr] Lavf61.7.100
[stderr]   Duration: 00:06:08.98, start: 0.000000, bitrate: 5562 kb/s
[stderr]   Stream #0:0[0x1](und): Video: h264 (High) (avc1 / 0x31637661), yuv420p(tv, smpte170m/bt709/bt709, progressive), 640x480, 5453 kb/s, 29.83 fps, 29.83 tbr, 11456 tbn (default)
[stderr]       Metadata:
[stderr]         handler_name    : Core Media Video
[stderr]         vendor_id       : [0][0][0][0]
[stderr]         encoder         : Lavc61.19.100 libx264
[stderr]   Stream #0:1[0x2](und): Audio: aac (LC) (mp4a / 0x6134706D), 48000 Hz, mono, fltp, 100 kb/s (default)
[stderr]       Metadata:
[stderr]         handler_name    : Core Media Audio
[stderr]         vendor_id       : [0][0][0][0]
[stderr] Stream mapping:
[stderr]   Stream #0:0 -> #0:0 (h264 (native) -> h264 (libx264))
[stderr]   Stream #0:1 -> #0:1 (aac (native) -> aac (native))
[stderr] Press [q] to stop, [?] for help
[stderr] [libx264 @ 0x129113f70] using cpu capabilities: ARMv8 NEON
[stderr] [libx264 @ 0x129113f70] profile High, level 3.0, 4:2:0, 8-bit
[stderr] [libx264 @ 0x129113f70] 264 - core 164 r3108 31e19f9 - H.264/MPEG-4 AVC codec - Copyleft 2003-2023 - http://www.videolan.org/x264.html - options: cabac=1 ref=1 deblock=1:0:0 analyse=0x3:0x113 me=hex subme=2 psy=1 psy_rd=1.00:0.00 mixed_ref=0 me_range=16 chroma_me=1 trellis=0 8x8dct=1 cqm=0 deadzone=21,11 fast_pskip=1 chroma_qp_offset=0 threads=15 lookahead_threads=3 sliced_threads=0 nr=0 decimate=1 interlaced=0 bluray_compat=0 constrained_intra=0 bframes=3 b_pyramid=2 b_adapt=1 b_bias=0 direct=1 weightb=1 open_gop=0 weightp=1 keyint=250 keyint_min=25 scenecut=40 intra_refresh=0 rc_lookahead=10 rc=crf mbtree=1 crf=18.0 qcomp=0.60 qpmin=0 qpmax=69 qpstep=4 ip_ratio=1.40 aq=1:1.00
[stderr] Output #0, mp4, to '/Users/johndoe/Documents/company/video_ops/scripts/abstract_algebra_in_proof_assistant/04-set-equality/takes/take-mrhmharr/pipeline/cut/cut-mriq7mo6/chunks/chunk-018.mp4':
[stderr]   Metadata:
[stderr]     major_brand     : isom
[stderr]     minor_version   : 512
[stderr]     compatible_brands: isomiso2avc1mp41
[stderr]     encoder         : Lavf61.7.100
[stderr]   Stream #0:0(und): Video: h264 (avc1 / 0x31637661), yuv420p(tv, smpte170m/bt709/bt709, progressive), 640x480, q=2-31, 29.83 fps, 11456 tbn (default)
[stderr]       Metadata:
[stderr]         handler_name    : Core Media Video
[stderr]         vendor_id       : [0][0][0][0]
[stderr]         encoder         : Lavc61.19.100 libx264
[stderr]       Side data:
[stderr]         cpb: bitrate max/min/avg: 0/0/0 buffer size: 0 vbv_delay: N/A
[stderr]   Stream #0:1(und): Audio: aac (LC) (mp4a / 0x6134706D), 48000 Hz, mono, fltp, 69 kb/s (default)
[stderr]       Metadata:
[stderr]         handler_name    : Core Media Audio
[stderr]         vendor_id       : [0][0][0][0]
[stderr]         encoder         : Lavc61.19.100 aac
[stderr] frame=    0 fps=0.0 q=0.0 size=       0KiB time=N/A bitrate=N/A speed=N/A    
[stderr] [out#0/mp4 @ 0x129105f20] video:3615KiB audio:44KiB subtitle:0KiB other streams:0KiB global headers:0KiB muxing overhead: 0.188723%
[stderr] frame=  154 fps= 70 q=-1.0 Lsize=    3666KiB time=00:00:05.09 bitrate=5895.0kbits/s speed=2.31x    
[stderr] [libx264 @ 0x129113f70] frame I:1     Avg QP:21.42  size: 42567
[stderr] [libx264 @ 0x129113f70] frame P:43    Avg QP:22.47  size: 37556
[stderr] [libx264 @ 0x129113f70] frame B:110   Avg QP:24.72  size: 18582
[stderr] [libx264 @ 0x129113f70] consecutive B-frames:  2.6%  5.2%  3.9% 88.3%
[stderr] [libx264 @ 0x129113f70] mb I  I16..4: 10.7% 13.4% 75.9%
[stderr] [libx264 @ 0x129113f70] mb P  I16..4:  6.3% 10.5% 26.3%  P16..4: 13.8% 17.1% 25.1%  0.0%  0.0%    skip: 1.0%
[stderr] [libx264 @ 0x129113f70] mb B  I16..4:  1.5%  1.2%  0.9%  B16..8: 26.3% 23.6% 14.4%  direct:20.6%  skip:11.5%  L0:33.1% L1:35.5% BI:31.4%
[stderr] [libx264 @ 0x129113f70] 8x8 transform intra:25.4% inter:25.0%
[stderr] [libx264 @ 0x129113f70] coded y,uvDC,uvAC intra: 76.7% 69.2% 34.8% inter: 58.2% 25.8% 1.0%
[stderr] [libx264 @ 0x129113f70] i16 v,h,dc,p: 67% 15% 12%  5%
[stderr] [libx264 @ 0x129113f70] i8 v,h,dc,ddl,ddr,vr,hd,vl,hu: 22% 16% 18%  3% 10%  8%  9%  7%  7%
[stderr] [libx264 @ 0x129113f70] i4 v,h,dc,ddl,ddr,vr,hd,vl,hu: 17% 17% 15%  4% 13%  8%  9%  7% 10%
[stderr] [libx264 @ 0x129113f70] i8c dc,h,v,p: 52% 18% 21%  9%
[stderr] [libx264 @ 0x129113f70] Weighted P-Frames: Y:20.9% UV:2.3%
[stderr] [libx264 @ 0x129113f70] kb/s:5736.50
[stderr] [aac @ 0x12917d0c0] Qavg: 155.961
[stderr] ffmpeg version 7.1 Copyright (c) 2000-2024 the FFmpeg developers
[stderr]   built with Apple clang version 15.0.0 (clang-1500.1.0.2.5)
[stderr]   configuration: --prefix=/opt/homebrew/Cellar/ffmpeg/7.1_3 --enable-shared --enable-pthreads --enable-version3 --cc=clang --host-cflags= --host-ldflags='-Wl,-ld_classic' --enable-ffplay --enable-gnutls --enable-gpl --enable-libaom --enable-libaribb24 --enable-libbluray --enable-libdav1d --enable-libharfbuzz --enable-libjxl --enable-libmp3lame --enable-libopus --enable-librav1e --enable-librist --enable-librubberband --enable-libsnappy --enable-libsrt --enable-libssh --enable-libsvtav1 --enable-libtesseract --enable-libtheora --enable-libvidstab --enable-libvmaf --enable-libvorbis --enable-libvpx --enable-libwebp --enable-libx264 --enable-libx265 --enable-libxml2 --enable-libxvid --enable-lzma --enable-libfontconfig --enable-libfreetype --enable-frei0r --enable-libass --enable-libopencore-amrnb --enable-libopencore-amrwb --enable-libopenjpeg --enable-libspeex --enable-libsoxr --enable-libzmq --enable-libzimg --disable-libjack --disable-indev=jack --enable-videotoolbox --enable-audiotoolbox --enable-neon
[stderr]   libavutil      59. 39.100 / 59. 39.100
[stderr]   libavcodec     61. 19.100 / 61. 19.100
[stderr]   libavformat    61.  7.100 / 61.  7.100
[stderr]   libavdevice    61.  3.100 / 61.  3.100
[stderr]   libavfilter    10.  4.100 / 10.  4.100
[stderr]   libswscale      8.  3.100 /  8.  3.100
[stderr]   libswresample   5.  3.100 /  5.  3.100
[stderr]   libpostproc    58.  3.100 / 58.  3.100
[stderr] Input #0, mov,mp4,m4a,3gp,3g2,mj2, from '/Users/johndoe/Documents/company/video_ops/scripts/abstract_algebra_in_proof_assistant/04-set-equality/takes/take-mrhmharr/pipeline/stabilize/stabilize-mriqdtnm/stabilized.mp4':
[stderr]   Metadata:
[stderr]     major_brand     : isom
[stderr]     minor_version   : 512
[stderr]     compatible_brands: isomiso2avc1mp41
[stderr]     encoder         : [stderr] Lavf61.7.100
[stderr]   Duration: 00:06:08.98, start: 0.000000, bitrate: 5562 kb/s
[stderr]   Stream #0:0[0x1](und): Video: h264 (High) (avc1 / 0x31637661), yuv420p(tv, smpte170m/bt709/bt709, progressive), 640x480, 5453 kb/s, 29.83 fps, 29.83 tbr, 11456 tbn (default)
[stderr]       Metadata:
[stderr]         handler_name    : Core Media Video
[stderr]         vendor_id       : [0][0][0][0]
[stderr]         encoder         : Lavc61.19.100 libx264
[stderr]   Stream #0:1[0x2](und): Audio: aac (LC) (mp4a / 0x6134706D), 48000 Hz, mono, fltp, 100 kb/s (default)
[stderr]       Metadata:
[stderr]         handler_name    : Core Media Audio
[stderr]         vendor_id       : [0][0][0][0]
[stderr] Stream mapping:
[stderr]   Stream #0:0 -> #0:0 (h264 (native) -> h264 (libx264))
[stderr]   Stream #0:1 -> #0:1 (aac (native) -> aac (native))
[stderr] Press [q] to stop, [?] for help
[stderr] [libx264 @ 0x12c606160] using cpu capabilities: ARMv8 NEON
[stderr] [libx264 @ 0x12c606160] profile High, level 3.0, 4:2:0, 8-bit
[stderr] [libx264 @ 0x12c606160] 264 - core 164 r3108 31e19f9 - H.264/MPEG-4 AVC codec - Copyleft 2003-2023 - http://www.videolan.org/x264.html - options: cabac=1 ref=1 deblock=1:0:0 analyse=0x3:0x113 me=hex subme=2 psy=1 psy_rd=1.00:0.00 mixed_ref=0 me_range=16 chroma_me=1 trellis=0 8x8dct=1 cqm=0 deadzone=21,11 fast_pskip=1 chroma_qp_offset=0 threads=15 lookahead_threads=3 sliced_threads=0 nr=0 decimate=1 interlaced=0 bluray_compat=0 constrained_intra=0 bframes=3 b_pyramid=2 b_adapt=1 b_bias=0 direct=1 weightb=1 open_gop=0 weightp=1 keyint=250 keyint_min=25 scenecut=40 intra_refresh=0 rc_lookahead=10 rc=crf mbtree=1 crf=18.0 qcomp=0.60 qpmin=0 qpmax=69 qpstep=4 ip_ratio=1.40 aq=1:1.00
[stderr] Output #0, mp4, to '/Users/johndoe/Documents/company/video_ops/scripts/abstract_algebra_in_proof_assistant/04-set-equality/takes/take-mrhmharr/pipeline/cut/cut-mriq7mo6/chunks/chunk-019.mp4':
[stderr]   Metadata:
[stderr]     major_brand     : isom
[stderr]     minor_version   : 512
[stderr]     compatible_brands: isomiso2avc1mp41
[stderr]     encoder         : Lavf61.7.100
[stderr]   Stream #0:0(und): Video: h264 (avc1 / 0x31637661), yuv420p(tv, smpte170m/bt709/bt709, progressive), 640x480, q=2-31, 29.83 fps, 11456 tbn (default)
[stderr]       Metadata:
[stderr]         handler_name    : Core Media Video
[stderr]         vendor_id       : [0][0][0][0]
[stderr]         encoder         : Lavc61.19.100 libx264
[stderr]       Side data:
[stderr]         cpb: bitrate max/min/avg: 0/0/0 buffer size: 0 vbv_delay: N/A
[stderr]   Stream #0:1(und): Audio: aac (LC) (mp4a / 0x6134706D), 48000 Hz, mono, fltp, 69 kb/s (default)
[stderr]       Metadata:
[stderr]         handler_name    : Core Media Audio
[stderr]         vendor_id       : [0][0][0][0]
[stderr]         encoder         : Lavc61.19.100 aac
[stderr] [out#0/mp4 @ 0x12c6051d0] video:4894KiB audio:49KiB subtitle:0KiB other streams:0KiB global headers:0KiB muxing overhead: 0.152584%
[stderr] frame=  172 fps= 74 q=-1.0 Lsize=    4951KiB time=00:00:05.69 bitrate=7117.7kbits/s speed=2.46x    
[stderr] [libx264 @ 0x12c606160] frame I:4     Avg QP:22.00  size: 46142
[stderr] [libx264 @ 0x12c606160] frame P:47    Avg QP:24.19  size: 41194
[stderr] [libx264 @ 0x12c606160] frame B:121   Avg QP:25.82  size: 23888
[stderr] [libx264 @ 0x12c606160] consecutive B-frames:  5.8%  1.2%  0.0% 93.0%
[stderr] [libx264 @ 0x12c606160] mb I  I16..4:  2.7% 15.5% 81.8%
[stderr] [libx264 @ 0x12c606160] mb P  I16..4:  2.7% 12.9% 43.2%  P16..4:  8.6% 12.3% 20.0%  0.0%  0.0%    skip: 0.2%
[stderr] [libx264 @ 0x12c606160] mb B  I16..4:  1.1%  2.2%  3.6%  B16..8: 23.4% 24.6% 20.8%  direct:17.8%  skip: 6.4%  L0:30.3% L1:34.1% BI:35.6%
[stderr] [libx264 @ 0x12c606160] 8x8 transform intra:23.3% inter:26.2%
[stderr] [libx264 @ 0x12c606160] coded y,uvDC,uvAC intra: 88.4% 72.6% 34.7% inter: 66.7% 29.0% 1.0%
[stderr] [libx264 @ 0x12c606160] i16 v,h,dc,p: 39% 23% 24% 14%
[stderr] [libx264 @ 0x12c606160] i8 v,h,dc,ddl,ddr,vr,hd,vl,hu: 19% 19% 16%  3% 10%  7% 10%  8%  8%
[stderr] [libx264 @ 0x12c606160] i4 v,h,dc,ddl,ddr,vr,hd,vl,hu: 14% 17% 12%  3% 16%  9% 12%  8%  9%
[stderr] [libx264 @ 0x12c606160] i8c dc,h,v,p: 47% 22% 20% 11%
[stderr] [libx264 @ 0x12c606160] Weighted P-Frames: Y:19.1% UV:2.1%
[stderr] [libx264 @ 0x12c606160] kb/s:6953.42
[stderr] [aac @ 0x12c67b040] Qavg: 396.858
[stderr] ffmpeg version 7.1 Copyright (c) 2000-2024 the FFmpeg developers
[stderr]   built with Apple clang version 15.0.0 (clang-1500.1.0.2.5)
[stderr]   configuration: --prefix=/opt/homebrew/Cellar/ffmpeg/7.1_3 --enable-shared --enable-pthreads --enable-version3 --cc=clang --host-cflags= --host-ldflags='-Wl,-ld_classic' --enable-ffplay --enable-gnutls --enable-gpl --enable-libaom --enable-libaribb24 --enable-libbluray --enable-libdav1d --enable-libharfbuzz --enable-libjxl --enable-libmp3lame --enable-libopus --enable-librav1e --enable-librist --enable-librubberband --enable-libsnappy --enable-libsrt --enable-libssh --enable-libsvtav1 --enable-libtesseract --enable-libtheora --enable-libvidstab --enable-libvmaf --enable-libvorbis --enable-libvpx --enable-libwebp --enable-libx264 --enable-libx265 --enable-libxml2 --enable-libxvid --enable-lzma --enable-libfontconfig --enable-libfreetype --enable-frei0r --enable-libass --enable-libopencore-amrnb --enable-libopencore-amrwb --enable-libopenjpeg --enable-libspeex --enable-libsoxr --enable-libzmq --enable-libzimg --disable-libjack --disable-indev=jack --enable-videotoolbox --enable-audiotoolbox --enable-neon
[stderr]   libavutil      59. 39.100 / 59. 39.100
[stderr]   libavcodec     61. 19.100 / 61. 19.100
[stderr]   libavformat    61.  7.100 / 61.  7.100
[stderr]   libavdevice    61.  3.100 / 61.  3.100
[stderr]   libavfilter    10.  4.100 / 10.  4.100
[stderr]   libswscale      8.  3.100 /  8.  3.100
[stderr]   libswresample   5.  3.100 /  5.  3.100
[stderr]   libpostproc    58.  3.100 / 58.  3.100
[stderr] Input #0, mov,mp4,m4a,3gp,3g2,mj2, from '/Users/johndoe/Documents/company/video_ops/scripts/abstract_algebra_in_proof_assistant/04-set-equality/takes/take-mrhmharr/pipeline/stabilize/stabilize-mriqdtnm/stabilized.mp4':
[stderr]   Metadata:
[stderr]     major_brand     : isom
[stderr]     minor_version   : 512
[stderr]     compatible_brands: isomiso2avc1mp41
[stderr]     encoder         : Lavf61.7.100
[stderr]   Duration: 00:06:08.98, start: 0.000000, bitrate: 5562 kb/s
[stderr]   Stream #0:0[0x1](und): Video: h264 (High) (avc1 / 0x31637661), yuv420p(tv, smpte170m/bt709/bt709, progressive), 640x480, 5453 kb/s, 29.83 fps, 29.83 tbr, 11456 tbn (default)
[stderr]       Metadata:
[stderr]         handler_name    : Core Media Video
[stderr]         vendor_id       : [0][0][0][0]
[stderr]         encoder         : Lavc61.19.100 libx264
[stderr]   Stream #0:1[0x2](und): Audio: aac (LC) (mp4a / 0x6134706D), 48000 Hz, mono, fltp, 100 kb/s (default)
[stderr]       Metadata:
[stderr]         handler_name    : Core Media Audio
[stderr]         vendor_id       : [0][0][0][0]
[stderr] Stream mapping:
[stderr]   Stream #0:0 -> #0:0 (h264 (native) -> h264 (libx264))
[stderr]   Stream #0:1 -> #0:1 (aac (native) -> aac (native))
[stderr] Press [q] to stop, [?] for help
[stderr] [libx264 @ 0x11ae05190] using cpu capabilities: ARMv8 NEON
[stderr] [libx264 @ 0x11ae05190] profile High, level 3.0, 4:2:0, 8-bit
[stderr] [libx264 @ 0x11ae05190] 264 - core 164 r3108 31e19f9 - H.264/MPEG-4 AVC codec - Copyleft 2003-2023 - http://www.videolan.org/x264.html - options: cabac=1 ref=1 deblock=1:0:0 analyse=0x3:0x113 me=hex subme=2 psy=1 psy_rd=1.00:0.00 mixed_ref=0 me_range=16 chroma_me=1 trellis=0 8x8dct=1 cqm=0 deadzone=21,11 fast_pskip=1 chroma_qp_offset=0 threads=15 lookahead_threads=3 sliced_threads=0 nr=0 decimate=1 interlaced=0 bluray_compat=0 constrained_intra=0 bframes=3 b_pyramid=2 b_adapt=1 b_bias=0 direct=1 weightb=1 open_gop=0 weightp=1 keyint=250 keyint_min=25 scenecut=40 intra_refresh=0 rc_lookahead=10 rc=crf mbtree=1 crf=18.0 qcomp=0.60 qpmin=0 qpmax=69 qpstep=4 ip_ratio=1.40 aq=1:1.00
[stderr] Output #0, mp4, to '/Users/johndoe/Documents/company/video_ops/scripts/abstract_algebra_in_proof_assistant/04-set-equality/takes/take-mrhmharr/pipeline/cut/cut-mriq7mo6/chunks/chunk-020.mp4':
[stderr]   Metadata:
[stderr]     major_brand     : isom
[stderr]     minor_version   : 512
[stderr]     compatible_brands: isomiso2avc1mp41
[stderr]     encoder         : Lavf61.7.100
[stderr]   Stream #0:0(und): Video: h264 (avc1 / 0x31637661), yuv420p(tv, smpte170m/bt709/bt709, progressive), 640x480, q=2-31, 29.83 fps, 11456 tbn (default)
[stderr]       Metadata:
[stderr]         handler_name    : Core Media Video
[stderr]         vendor_id       : [0][0][0][0]
[stderr]         encoder         : Lavc61.19.100 libx264
[stderr]       Side data:
[stderr]         cpb: bitrate max/min/avg: 0/0/0 buffer size: 0 vbv_delay: N/A
[stderr]   Stream #0:1(und): Audio: aac (LC) (mp4a / 0x6134706D), 48000 Hz, mono, fltp, 69 kb/s (default)
[stderr]       Metadata:
[stderr]         handler_name    : Core Media Audio
[stderr]         vendor_id       : [0][0][0][0]
[stderr]         encoder         : Lavc61.19.100 aac
[stderr] [out#0/mp4 @ 0x11ae04140] video:5670KiB audio:65KiB subtitle:0KiB other streams:0KiB global headers:0KiB muxing overhead: 0.164098%
[stderr] frame=  224 fps= 92 q=-1.0 Lsize=    5744KiB time=00:00:07.47 bitrate=6295.0kbits/s speed=3.07x    
[stderr] [libx264 @ 0x11ae05190] frame I:5     Avg QP:20.83  size: 43110
[stderr] [libx264 @ 0x11ae05190] frame P:63    Avg QP:23.60  size: 38803
[stderr] [libx264 @ 0x11ae05190] frame B:156   Avg QP:25.19  size: 20161
[stderr] [libx264 @ 0x11ae05190] consecutive B-frames:  4.9%  5.4%  4.0% 85.7%
[stderr] [libx264 @ 0x11ae05190] mb I  I16..4:  3.1% 19.1% 77.8%
[stderr] [libx264 @ 0x11ae05190] mb P  I16..4:  2.2% 16.4% 33.7%  P16..4: 10.9% 14.1% 22.5%  0.0%  0.0%    skip: 0.1%
[stderr] [libx264 @ 0x11ae05190] mb B  I16..4:  0.9%  3.2%  3.4%  B16..8: 23.7% 22.0% 16.9%  direct:20.3%  skip: 9.4%  L0:30.5% L1:34.1% BI:35.4%
[stderr] [libx264 @ 0x11ae05190] 8x8 transform intra:32.7% inter:28.8%
[stderr] [libx264 @ 0x11ae05190] coded y,uvDC,uvAC intra: 86.8% 76.5% 41.7% inter: 62.1% 33.4% 2.4%
[stderr] [libx264 @ 0x11ae05190] i16 v,h,dc,p: 34% 22% 23% 22%
[stderr] [libx264 @ 0x11ae05190] i8 v,h,dc,ddl,ddr,vr,hd,vl,hu: 22% 18% 15%  3% 11%  9%  8%  7%  7%
[stderr] [libx264 @ 0x11ae05190] i4 v,h,dc,ddl,ddr,vr,hd,vl,hu: 14% 19% 12%  3% 16%  9% 12%  6%  9%
[stderr] [libx264 @ 0x11ae05190] i8c dc,h,v,p: 47% 23% 20% 10%
[stderr] [libx264 @ 0x11ae05190] Weighted P-Frames: Y:38.1% UV:11.1%
[stderr] [libx264 @ 0x11ae05190] kb/s:6185.32
[stderr] [aac @ 0x12ae8c590] Qavg: 357.409
[stderr] ffmpeg version 7.1 Copyright (c) 2000-2024 the FFmpeg developers
[stderr]   built with Apple clang version 15.0.0 (clang-1500.1.0.2.5)
[stderr]   configuration: --prefix=/opt/homebrew/Cellar/ffmpeg/7.1_3 --enable-shared --enable-pthreads --enable-version3 --cc=clang --host-cflags= --host-ldflags='-Wl,-ld_classic' --enable-ffplay --enable-gnutls --enable-gpl --enable-libaom --enable-libaribb24 --enable-libbluray --enable-libdav1d --enable-libharfbuzz --enable-libjxl --enable-libmp3lame --enable-libopus --enable-librav1e --enable-librist --enable-librubberband --enable-libsnappy --enable-libsrt --enable-libssh --enable-libsvtav1 --enable-libtesseract --enable-libtheora --enable-libvidstab --enable-libvmaf --enable-libvorbis --enable-libvpx --enable-libwebp --enable-libx264 --enable-libx265 --enable-libxml2 --enable-libxvid --enable-lzma --enable-libfontconfig --enable-libfreetype --enable-frei0r --enable-libass --enable-libopencore-amrnb --enable-libopencore-amrwb --enable-libopenjpeg --enable-libspeex --enable-libsoxr --enable-libzmq --enable-libzimg --disable-libjack --disable-indev=jack --enable-videotoolbox --enable-audiotoolbox --enable-neon
[stderr]   libavutil      59. 39.100 / 59. 39.100
[stderr]   libavcodec     61. 19.100 / 61. 19.100
[stderr]   libavformat    61.  7.100 / 61.  7.100
[stderr]   libavdevice    61.  3.100 / 61.  3.100
[stderr]   libavfilter    10.  4.100 / 10.  4.100
[stderr]   libswscale      8.  3.100 /  8.  3.100
[stderr]   libswresample   5.  3.100 /  5.  3.100
[stderr]   libpostproc    58.  3.100 / 58.  3.100
[stderr] Input #0, mov,mp4,m4a,3gp,3g2,mj2, from '/Users/johndoe/Documents/company/video_ops/scripts/abstract_algebra_in_proof_assistant/04-set-equality/takes/take-mrhmharr/pipeline/stabilize/stabilize-mriqdtnm/stabilized.mp4':
[stderr]   Metadata:
[stderr]     major_brand     : isom
[stderr]     minor_version   : 512
[stderr]     compatible_brands: isomiso2avc1mp41
[stderr]     encoder         : Lavf61.7.100
[stderr]   Duration: 00:06:08.98, start: 0.000000, bitrate: 5562 kb/s
[stderr]   Stream #0:0[0x1](und): Video: h264 (High) (avc1 / 0x31637661), yuv420p(tv, smpte170m/bt709/bt709, progressive), 640x480, 5453 kb/s, 29.83 fps, 29.83 tbr, 11456 tbn (default)
[stderr]       Metadata:
[stderr]         handler_name    : Core Media Video
[stderr]         vendor_id       : [0][0][0][0]
[stderr]         encoder         : Lavc61.19.100 libx264
[stderr]   Stream #0:1[0x2](und): Audio: aac (LC) (mp4a / 0x6134706D), 48000 Hz, mono, fltp, 100 kb/s (default)
[stderr]       Metadata:
[stderr]         handler_name    : Core Media Audio
[stderr]         vendor_id       : [0][0][0][0]
[stderr] Stream mapping:
[stderr]   Stream #0:0 -> #0:0 (h264 (native) -> h264 (libx264))
[stderr]   Stream #0:1 -> #0:1 (aac (native) -> aac (native))
[stderr] Press [q] to stop, [?] for help
[stderr] [libx264 @ 0x13360d4a0] using cpu capabilities: ARMv8 NEON
[stderr] [libx264 @ 0x13360d4a0] profile High, level 3.0, 4:2:0, 8-bit
[stderr] [libx264 @ 0x13360d4a0] 264 - core 164 r3108 31e19f9 - H.264/MPEG-4 AVC codec - Copyleft 2003-2023 - http://www.videolan.org/x264.html - options: cabac=1 ref=1 deblock=1:0:0 analyse=0x3:0x113 me=hex subme=2 psy=1 psy_rd=1.00:0.00 mixed_ref=0 me_range=16 chroma_me=1 trellis=0 8x8dct=1 cqm=0 deadzone=21,11 fast_pskip=1 chroma_qp_offset=0 threads=15 lookahead_threads=3 sliced_threads=0 nr=0 decimate=1 interlaced=0 bluray_compat=0 constrained_intra=0 bframes=3 b_pyramid=2 b_adapt=1 b_bias=0 direct=1 weightb=1 open_gop=0 weightp=1 keyint=250 keyint_min=25 scenecut=40 intra_refresh=0 rc_lookahead=10 rc=crf mbtree=1 crf=18.0 qcomp=0.60 qpmin=0 qpmax=69 qpstep=4 ip_ratio=1.40 aq=1:1.00
[stderr] Output #0, mp4, to '/Users/johndoe/Documents/company/video_ops/scripts/abstract_algebra_in_proof_assistant/04-set-equality/takes/take-mrhmharr/pipeline/cut/cut-mriq7mo6/chunks/chunk-021.mp4':
[stderr]   Metadata:
[stderr]     major_brand     : isom
[stderr]     minor_version   : 512
[stderr]     compatible_brands: isomiso2avc1mp41
[stderr]     encoder         : Lavf61.7.100
[stderr]   Stream #0:0(und): Video: h264 (avc1 / 0x31637661), yuv420p(tv, smpte170m/bt709/bt709, progressive), 640x480, q=2-31, 29.83 fps, 11456 tbn[stderr]  (default)
[stderr]       Metadata:
[stderr]         handler_name    : Core Media Video
[stderr]         vendor_id       : [0][0][0][0]
[stderr]         encoder         : Lavc61.19.100 libx264
[stderr]       Side data:
[stderr]         cpb: bitrate max/min/avg: 0/0/0 buffer size: 0 vbv_delay: N/A
[stderr]   Stream #0:1(und): Audio: aac (LC) (mp4a / 0x6134706D), 48000 Hz, mono, fltp, 69 kb/s (default)
[stderr]       Metadata:
[stderr]         handler_name    : Core Media Audio
[stderr]         vendor_id       : [0][0][0][0]
[stderr]         encoder         : Lavc61.19.100 aac
[stderr] [out#0/mp4 @ 0x13360d230] video:3098KiB audio:40KiB subtitle:0KiB other streams:0KiB global headers:0KiB muxing overhead: 0.201187%
[stderr] frame=  137 fps= 57 q=-1.0 Lsize=    3144KiB time=00:00:04.55 bitrate=5649.7kbits/s speed=1.89x    
[stderr] [libx264 @ 0x13360d4a0] frame I:2     Avg QP:21.12  size: 44375
[stderr] [libx264 @ 0x13360d4a0] frame P:40    Avg QP:22.95  size: 37859
[stderr] [libx264 @ 0x13360d4a0] frame B:95    Avg QP:25.14  size: 16512
[stderr] [libx264 @ 0x13360d4a0] consecutive B-frames:  5.1%  7.3%  0.0% 87.6%
[stderr] [libx264 @ 0x13360d4a0] mb I  I16..4:  4.9% 14.4% 80.7%
[stderr] [libx264 @ 0x13360d4a0] mb P  I16..4:  2.5% 10.2% 24.1%  P16..4: 16.1% 18.6% 28.1%  0.0%  0.0%    skip: 0.4%
[stderr] [libx264 @ 0x13360d4a0] mb B  I16..4:  0.5%  1.0%  2.3%  B16..8: 26.9% 20.1% 12.4%  direct:23.4%  skip:13.4%  L0:30.8% L1:32.3% BI:36.9%
[stderr] [libx264 @ 0x13360d4a0] 8x8 transform intra:26.2% inter:28.4%
[stderr] [libx264 @ 0x13360d4a0] coded y,uvDC,uvAC intra: 88.2% 83.9% 50.1% inter: 56.6% 31.5% 2.8%
[stderr] [libx264 @ 0x13360d4a0] i16 v,h,dc,p: 53% 12% 25% 10%
[stderr] [libx264 @ 0x13360d4a0] i8 v,h,dc,ddl,ddr,vr,hd,vl,hu: 19% 18% 15%  3% 11%  9% 10%  7%  9%
[stderr] [libx264 @ 0x13360d4a0] i4 v,h,dc,ddl,ddr,vr,hd,vl,hu: 14% 18% 12%  4% 15%  8% 11%  7% 10%
[stderr] [libx264 @ 0x13360d4a0] i8c dc,h,v,p: 45% 21% 21% 14%
[stderr] [libx264 @ 0x13360d4a0] Weighted P-Frames: Y:25.0% UV:5.0%
[stderr] [libx264 @ 0x13360d4a0] kb/s:5525.45
[stderr] [aac @ 0x143689940] Qavg: 133.924
[stderr] ffmpeg version 7.1 Copyright (c) 2000-2024 the FFmpeg developers
[stderr]   built with Apple clang version 15.0.0 (clang-1500.1.0.2.5)
[stderr]   configuration: --prefix=/opt/homebrew/Cellar/ffmpeg/7.1_3 --enable-shared --enable-pthreads --enable-version3 --cc=clang --host-cflags= --host-ldflags='-Wl,-ld_classic' --enable-ffplay --enable-gnutls --enable-gpl --enable-libaom --enable-libaribb24 --enable-libbluray --enable-libdav1d --enable-libharfbuzz --enable-libjxl --enable-libmp3lame --enable-libopus --enable-librav1e --enable-librist --enable-librubberband --enable-libsnappy --enable-libsrt --enable-libssh --enable-libsvtav1 --enable-libtesseract --enable-libtheora --enable-libvidstab --enable-libvmaf --enable-libvorbis --enable-libvpx --enable-libwebp --enable-libx264 --enable-libx265 --enable-libxml2 --enable-libxvid --enable-lzma --enable-libfontconfig --enable-libfreetype --enable-frei0r --enable-libass --enable-libopencore-amrnb --enable-libopencore-amrwb --enable-libopenjpeg --enable-libspeex --enable-libsoxr --enable-libzmq --enable-libzimg --disable-libjack --disable-indev=jack --enable-videotoolbox --enable-audiotoolbox --enable-neon
[stderr]   libavutil      59. 39.100 / 59. 39.100
[stderr]   libavcodec     61. 19.100 / 61. 19.100
[stderr]   libavformat    61.  7.100 / 61.  7.100
[stderr]   libavdevice    61.  3.100 / 61.  3.100
[stderr]   libavfilter    10.  4.100 / 10.  4.100
[stderr]   libswscale      8.  3.100 /  8.  3.100
[stderr]   libswresample   5.  3.100 /  5.  3.100
[stderr]   libpostproc    58.  3.100 / 58.  3.100
[stderr] Input #0, mov,mp4,m4a,3gp,3g2,mj2, from '/Users/johndoe/Documents/company/video_ops/scripts/abstract_algebra_in_proof_assistant/04-set-equality/takes/take-mrhmharr/pipeline/stabilize/stabilize-mriqdtnm/stabilized.mp4':
[stderr]   Metadata:
[stderr]     major_brand     : isom
[stderr]     minor_version   : 512
[stderr]     compatible_brands: isomiso2avc1mp41
[stderr]     encoder         : Lavf61.7.100
[stderr]   Duration: [stderr] 00:06:08.98, start: 0.000000, bitrate: 5562 kb/s
[stderr]   Stream #0:0[0x1](und): Video: h264 (High) (avc1 / 0x31637661), yuv420p(tv, smpte170m/bt709/bt709, progressive), 640x480, 5453 kb/s, 29.83 fps, 29.83 tbr, 11456 tbn (default)
[stderr]       Metadata:
[stderr]         handler_name    : Core Media Video
[stderr]         vendor_id       : [0][0][0][0]
[stderr]         encoder         : Lavc61.19.100 libx264
[stderr]   Stream #0:1[0x2](und): Audio: aac (LC) (mp4a / 0x6134706D), 48000 Hz, mono, fltp, 100 kb/s (default)
[stderr]       Metadata:
[stderr]         handler_name    : Core Media Audio
[stderr]         vendor_id       : [0][0][0][0]
[stderr] Stream mapping:
[stderr]   Stream #0:0 -> #0:0[stderr]  (h264 (native) -> h264 (libx264))
[stderr]   Stream #0:1 -> #0:1 (aac (native) -> aac (native))
[stderr] Press [q] to stop, [?] for help
[stderr] [libx264 @ 0x13c612110] using cpu capabilities: ARMv8 NEON
[stderr] [libx264 @ 0x13c612110] profile High, level 3.0, 4:2:0, 8-bit
[stderr] [libx264 @ 0x13c612110] 264 - core 164 r3108 31e19f9 - H.264/MPEG-4 AVC codec - Copyleft 2003-2023 - http://www.videolan.org/x264.html - options: cabac=1 ref=1 deblock=1:0:0 analyse=0x3:0x113 me=hex subme=2 psy=1 psy_rd=1.00:0.00 mixed_ref=0 me_range=16 chroma_me=1 trellis=0 8x8dct=1 cqm=0 deadzone=21,11 fast_pskip=1 chroma_qp_offset=0 threads=15 lookahead_threads=3 sliced_threads=0 nr=0 decimate=1 interlaced=0 bluray_compat=0 constrained_intra=0 bframes=3 b_pyramid=2 b_adapt=1 b_bias=0 direct=1 weightb=1 open_gop=0 weightp=1 keyint=250 keyint_min=25 scenecut=40 intra_refresh=0 rc_lookahead=10 rc=crf mbtree=1 crf=18.0 qcomp=0.60 qpmin=0 qpmax=69 qpstep=4 ip_ratio=1.40 aq=1:1.00
[stderr] Output #0, mp4, to '/Users/johndoe/Documents/company/video_ops/scripts/abstract_algebra_in_proof_assistant/04-set-equality/takes/take-mrhmharr/pipeline/cut/cut-mriq7mo6/chunks/chunk-022.mp4':
[stderr]   Metadata:
[stderr]     major_brand     : isom
[stderr]     minor_version   : 512
[stderr]     compatible_brands: isomiso2avc1mp41
[stderr]     encoder         : Lavf61.7.100
[stderr]   Stream #0:0(und): Video: h264 (avc1 / 0x31637661), yuv420p(tv, smpte170m/bt709/bt709, progressive), 640x480, q=2-31, 29.83 fps, 11456 tbn (default)
[stderr]       Metadata:
[stderr]         handler_name    : Core Media Video
[stderr]         vendor_id       : [0][0][0][0]
[stderr]         encoder         : Lavc61.19.100 libx264
[stderr]       Side data:
[stderr]         cpb: bitrate max/min/avg: 0/0/0 buffer size: 0 vbv_delay: N/A
[stderr]   Stream #0:1(und): Audio: aac (LC) (mp4a / 0x6134706D), 48000 Hz, mono, fltp, 69 kb/s (default)
[stderr]       Metadata:
[stderr]         handler_name    : Core Media Audio
[stderr]         vendor_id       : [0][0][0][0]
[stderr]         encoder         : Lavc61.19.100 aac
[stderr] [out#0/mp4 @ 0x13c613340] video:3138KiB audio:38KiB subtitle:0KiB other streams:0KiB global headers:0KiB muxing overhead: 0.194592%
[stderr] frame=  133 fps= 54 q=-1.0 Lsize=    3182KiB time=00:00:04.42 bitrate=5891.2kbits/s speed= 1.8x    
[stderr] [libx264 @ 0x13c612110] frame I:2     Avg QP:21.32  size: 49908
[stderr] [libx264 @ 0x13c612110] frame P:37    Avg QP:23.18  size: 37102
[stderr] [libx264 @ 0x13c612110] frame B:94    Avg QP:25.22  size: 18507
[stderr] [libx264 @ 0x13c612110] consecutive B-frames:  3.8%  6.0%  0.0% 90.2%
[stderr] [libx264 @ 0x13c612110] mb I  I16..4:  2.1% 15.2% 82.7%
[stderr] [libx264 @ 0x13c612110] mb P  I16..4:  2.1% 10.7% 30.6%  P16..4: 13.5% 17.4% 25.4%  0.0%  0.0%    skip: 0.3%
[stderr] [libx264 @ 0x13c612110] mb B  I16..4:  0.7%  1.5%  1.4%  B16..8: 27.6% 22.9% 15.1%  direct:20.9%  skip: 9.9%  L0:33.1% L1:31.0% BI:35.9%
[stderr] [libx264 @ 0x13c612110] 8x8 transform intra:26.5% inter:27.3%
[stderr] [libx264 @ 0x13c612110] coded y,uvDC,uvAC intra: 88.9% 79.1% 41.9% inter: 59.0% 30.3% 2.4%
[stderr] [libx264 @ 0x13c612110] i16 v,h,dc,p: 43% 17% 27% 13%
[stderr] [libx264 @ 0x13c612110] i8 v,h,dc,ddl,ddr,vr,hd,vl,hu: 19% 19% 14%  3% 10%  9% 10%  7%  9%
[stderr] [libx264 @ 0x13c612110] i4 v,h,dc,ddl,ddr,vr,hd,vl,hu: 16% 17% 12%  4% 15%  9%  9%  8% 10%
[stderr] [libx264 @ 0x13c612110] i8c dc,h,v,p: 47% 20% 21% 12%
[stderr] [libx264 @ 0x13c612110] Weighted P-Frames: Y:21.6% UV:5.4%
[stderr] [libx264 @ 0x13c612110] kb/s:5764.25
[stderr] [aac @ 0x13c67bd60] Qavg: 430.457
[stderr] ffmpeg version 7.1 Copyright (c) 2000-2024 the FFmpeg developers
[stderr]   built with Apple clang version 15.0.0 (clang-1500.1.0.2.5)
[stderr]   configuration: --prefix=/opt/homebrew/Cellar/ffmpeg/7.1_3 --enable-shared --enable-pthreads --enable-version3 --cc=clang --host-cflags= --host-ldflags='-Wl,-ld_classic' --enable-ffplay --enable-gnutls --enable-gpl --enable-libaom --enable-libaribb24 --enable-libbluray --enable-libdav1d --enable-libharfbuzz --enable-libjxl --enable-libmp3lame --enable-libopus --enable-librav1e --enable-librist --enable-librubberband --enable-libsnappy --enable-libsrt --enable-libssh --enable-libsvtav1 --enable-libtesseract --enable-libtheora --enable-libvidstab --enable-libvmaf --enable-libvorbis --enable-libvpx --enable-libwebp --enable-libx264 --enable-libx265 --enable-libxml2 --enable-libxvid --enable-lzma --enable-libfontconfig --enable-libfreetype --enable-frei0r --enable-libass --enable-libopencore-amrnb --enable-libopencore-amrwb --enable-libopenjpeg --enable-libspeex --enable-libsoxr --enable-libzmq --enable-libzimg --disable-libjack --disable-indev=jack --enable-videotoolbox --enable-audiotoolbox --enable-neon
[stderr]   libavutil      59. 39.100 / 59. 39.100
[stderr]   libavcodec     61. 19.100 / 61. 19.100
[stderr]   libavformat    61.  7.100 / 61.  7.100
[stderr]   libavdevice    61.  3.100 / 61.  3.100
[stderr]   libavfilter    10.  4.100 / 10.  4.100
[stderr]   libswscale      8.  3.100 /  8.  3.100
[stderr]   libswresample   5.  3.100 /  5.  3.100
[stderr]   libpostproc    58.  3.100 / 58.  3.100
[stderr] Input #0, mov,mp4,m4a,3gp,3g2,mj2, from '/Users/johndoe/Documents/company/video_ops/scripts/abstract_algebra_in_proof_assistant/04-set-equality/takes/take-mrhmharr/pipeline/stabilize/stabilize-mriqdtnm/stabilized.mp4':
[stderr]   Metadata:
[stderr]     major_brand     : isom
[stderr]     minor_version   : 512
[stderr]     compatible_brands: isomiso2avc1mp41
[stderr]     encoder         : [stderr] Lavf61.7.100
[stderr]   Duration: 00:06:08.98, start: 0.000000, bitrate: 5562 kb/s
[stderr]   Stream #0:0[0x1](und): Video: h264 (High) (avc1 / 0x31637661), yuv420p(tv, smpte170m/bt709/bt709, progressive), 640x480, 5453 kb/s, 29.83 fps, 29.83 tbr, 11456 tbn (default)
[stderr]       Metadata:
[stderr]         handler_name    : Core Media Video
[stderr]         vendor_id       : [0][0][0][0]
[stderr]         encoder         : Lavc61.19.100 libx264
[stderr]   Stream #0:1[0x2](und): Audio: aac (LC) (mp4a / 0x6134706D), 48000 Hz, mono, fltp, 100 kb/s (default)
[stderr]       Metadata:
[stderr]         handler_name    : Core Media Audio
[stderr]         vendor_id       : [0][0][0][0]
[stderr] Stream mapping:
[stderr]   Stream #0:0 -> #0:0 (h264 (native) -> h264 (libx264))
[stderr]   Stream #0:1 -> #0:1 (aac (native) -> aac (native))
[stderr] Press [q] to stop, [?] for help
[stderr] [libx264 @ 0x114e08790] using cpu capabilities: ARMv8 NEON
[stderr] [libx264 @ 0x114e08790] profile High, level 3.0, 4:2:0, 8-bit
[stderr] [libx264 @ 0x114e08790] 264 - core 164 r3108 31e19f9 - H.264/MPEG-4 AVC codec - Copyleft 2003-2023 - http://www.videolan.org/x264.html - options: cabac=1 ref=1 deblock=1:0:0 analyse=0x3:0x113 me=hex subme=2 psy=1 psy_rd=1.00:0.00 mixed_ref=0 me_range=16 chroma_me=1 trellis=0 8x8dct=1 cqm=0 deadzone=21,11 fast_pskip=1 chroma_qp_offset=0 threads=15 lookahead_threads=3 sliced_threads=0 nr=0 decimate=1 interlaced=0 bluray_compat=0 constrained_intra=0 bframes=3 b_pyramid=2 b_adapt=1 b_bias=0 direct=1 weightb=1 open_gop=0 weightp=1 keyint=250 keyint_min=25 scenecut=40 intra_refresh=0 rc_lookahead=10 rc=crf mbtree=1 crf=18.0 qcomp=0.60 qpmin=0 qpmax=69 qpstep=4 ip_ratio=1.40 aq=1:1.00
[stderr] Output #0, mp4, to '/Users/johndoe/Documents/company/video_ops/scripts/abstract_algebra_in_proof_assistant/04-set-equality/takes/take-mrhmharr/pipeline/cut/cut-mriq7mo6/chunks/chunk-023.mp4':
[stderr]   Metadata:
[stderr]     major_brand     : isom
[stderr]     minor_version   : 512
[stderr]     compatible_brands: isomiso2avc1mp41
[stderr]     encoder         : Lavf61.7.100
[stderr]   Stream #0:0(und): Video: h264 (avc1 / 0x31637661), yuv420p(tv, smpte170m/bt709/bt709, progressive), 640x480, q=2-31, 29.83 fps, 11456 tbn (default)
[stderr]       Metadata:
[stderr]         handler_name    : Core Media Video
[stderr]         vendor_id       : [0][0][0][0]
[stderr]         encoder         : Lavc61.19.100 libx264
[stderr]       Side data:
[stderr]         cpb: bitrate max/min/avg: 0/0/0 buffer size: 0 vbv_delay: N/A
[stderr]   Stream #0:1(und): Audio: aac (LC) (mp4a / 0x6134706D), 48000 Hz, mono, fltp, 69 kb/s (default)
[stderr]       Metadata:
[stderr]         handler_name    : Core Media Audio
[stderr]         vendor_id       : [0][0][0][0]
[stderr]         encoder         : Lavc61.19.100 aac
[stderr] [out#0/mp4 @ 0x114e0aad0] video:2716KiB audio:32KiB subtitle:0KiB other streams:0KiB global headers:0KiB muxing overhead: 0.196619%
[stderr] frame=  112 fps= 44 q=-1.0 Lsize=    2753KiB time=00:00:03.68 bitrate=6116.6kbits/s speed=1.46x    
[stderr] [libx264 @ 0x114e08790] frame I:2     Avg QP:21.27  size: 45032
[stderr] [libx264 @ 0x114e08790] frame P:33    Avg QP:23.25  size: 36855
[stderr] [libx264 @ 0x114e08790] frame B:77    Avg QP:25.47  size: 19140
[stderr] [libx264 @ 0x114e08790] consecutive B-frames:  6.2%  5.4%  2.7% 85.7%
[stderr] [libx264 @ 0x114e08790] mb I  I16..4:  7.1% 11.5% 81.5%
[stderr] [libx264 @ 0x114e08790] mb P  I16..4:  3.0%  9.9% 30.9%  P16..4: 13.2% 16.9% 25.7%  0.0%  0.0%    skip: 0.4%
[stderr] [libx264 @ 0x114e08790] mb B  I16..4:  0.7%  1.1%  1.8%  B16..8: 26.6% 22.7% 15.3%  direct:22.0%  skip: 9.8%  L0:31.7% L1:31.5% BI:36.8%
[stderr] [libx264 @ 0x114e08790] 8x8 transform intra:22.7% inter:27.7%
[stderr] [libx264 @ 0x114e08790] coded y,uvDC,uvAC intra: 88.1% 79.8% 40.0% inter: 61.5% 29.8% 2.0%
[stderr] [libx264 @ 0x114e08790] i16 v,h,dc,p: 56% 19% 15% 11%
[stderr] [libx264 @ 0x114e08790] i8 v,h,dc,ddl,ddr,vr,hd,vl,hu: 19% 20% 13%  3% 10%  9% 10%  8%  9%
[stderr] [libx264 @ 0x114e08790] i4 v,h,dc,ddl,ddr,vr,hd,vl,hu: 17% 17% 13%  4% 14%  9%  9%  7% 10%
[stderr] [libx264 @ 0x114e08790] i8c dc,h,v,p: 47% 21% 22% 10%
[stderr] [libx264 @ 0x114e08790] Weighted P-Frames: Y:21.2% UV:6.1%
[stderr] [libx264 @ 0x114e08790] kb/s:5924.28
[stderr] [aac @ 0x114e7b400] Qavg: 115.217
[stderr] ffmpeg version 7.1 Copyright (c) 2000-2024 the FFmpeg developers
[stderr]   built with Apple clang version 15.0.0 (clang-1500.1.0.2.5)
[stderr]   configuration: --prefix=/opt/homebrew/Cellar/ffmpeg/7.1_3 --enable-shared --enable-pthreads --enable-version3 --cc=clang --host-cflags= --host-ldflags='-Wl,-ld_classic' --enable-ffplay --enable-gnutls --enable-gpl --enable-libaom --enable-libaribb24 --enable-libbluray --enable-libdav1d --enable-libharfbuzz --enable-libjxl --enable-libmp3lame --enable-libopus --enable-librav1e --enable-librist --enable-librubberband --enable-libsnappy --enable-libsrt --enable-libssh --enable-libsvtav1 --enable-libtesseract --enable-libtheora --enable-libvidstab --enable-libvmaf --enable-libvorbis --enable-libvpx --enable-libwebp --enable-libx264 --enable-libx265 --enable-libxml2 --enable-libxvid --enable-lzma --enable-libfontconfig --enable-libfreetype --enable-frei0r --enable-libass --enable-libopencore-amrnb --enable-libopencore-amrwb --enable-libopenjpeg --enable-libspeex --enable-libsoxr --enable-libzmq --enable-libzimg --disable-libjack --disable-indev=jack --enable-videotoolbox --enable-audiotoolbox --enable-neon
[stderr]   libavutil      59. 39.100 / 59. 39.100
[stderr]   libavcodec     61. 19.100 / 61. 19.100
[stderr]   libavformat    61.  7.100 / 61.  7.100
[stderr]   libavdevice    61.  3.100 / 61.  3.100
[stderr]   libavfilter    10.  4.100 / 10.  4.100
[stderr]   libswscale      8.  3.100 /  8.  3.100
[stderr]   libswresample   5.  3.100 /  5.  3.100
[stderr]   libpostproc    58.  3.100 / 58.  3.100
[stderr] Input #0, mov,mp4,m4a,3gp,3g2,mj2, from '/Users/johndoe/Documents/company/video_ops/scripts/abstract_algebra_in_proof_assistant/04-set-equality/takes/take-mrhmharr/pipeline/stabilize/stabilize-mriqdtnm/stabilized.mp4':
[stderr]   Metadata:
[stderr]     major_brand     : isom
[stderr]     minor_version   : [stderr] 512
[stderr]     compatible_brands: isomiso2avc1mp41
[stderr]     encoder         : Lavf61.7.100
[stderr]   Duration: 00:06:08.98, start: 0.000000, bitrate: 5562 kb/s
[stderr]   Stream #0:0[0x1](und): Video: h264 (High) (avc1 / 0x31637661), yuv420p(tv, smpte170m/bt709/bt709, progressive), 640x480, 5453 kb/s, 29.83 fps, 29.83 tbr, 11456 tbn (default)
[stderr]       Metadata:
[stderr]         handler_name    : Core Media Video
[stderr]         vendor_id       : [0][0][0][0]
[stderr]         encoder         : Lavc61.19.100 libx264
[stderr]   Stream #0:1[0x2](und): Audio: aac (LC) (mp4a / 0x6134706D), 48000 Hz, mono, fltp, 100 kb/s (default)
[stderr]       Metadata:
[stderr]         handler_name    : Core Media Audio
[stderr]         vendor_id       : [0][0][0][0]
[stderr] Stream mapping:
[stderr]   Stream #0:0 -> #0:0[stderr]  (h264 (native) -> h264 (libx264))
[stderr]   Stream #0:1 -> #0:1 (aac (native) -> aac (native))
[stderr] Press [q] to stop, [?] for help
[stderr] [libx264 @ 0x13860d400] using cpu capabilities: ARMv8 NEON
[stderr] [libx264 @ 0x13860d400] profile High, level 3.0, 4:2:0, 8-bit
[stderr] [libx264 @ 0x13860d400] 264 - core 164 r3108 31e19f9 - H.264/MPEG-4 AVC codec - Copyleft 2003-2023 - http://www.videolan.org/x264.html - options: cabac=1 ref=1 deblock=1:0:0 analyse=0x3:0x113 me=hex subme=2 psy=1 psy_rd=1.00:0.00 mixed_ref=0 me_range=16 chroma_me=1 trellis=0 8x8dct=1 cqm=0 deadzone=21,11 fast_pskip=1 chroma_qp_offset=0 threads=15 lookahead_threads=3 sliced_threads=0 nr=0 decimate=1 interlaced=0 bluray_compat=0 constrained_intra=0 bframes=3 b_pyramid=2 b_adapt=1 b_bias=0 direct=1 weightb=1 open_gop=0 weightp=1 keyint=250 keyint_min=25 scenecut=40 intra_refresh=0 rc_lookahead=10 rc=crf mbtree=1 crf=18.0 qcomp=0.60 qpmin=0 qpmax=69 qpstep=4 ip_ratio=1.40 aq=1:1.00
[stderr] Output #0, mp4, to '/Users/johndoe/Documents/company/video_ops/scripts/abstract_algebra_in_proof_assistant/04-set-equality/takes/take-mrhmharr/pipeline/cut/cut-mriq7mo6/chunks/chunk-024.mp4':
[stderr]   Metadata:
[stderr]     major_brand     : isom
[stderr]     minor_version   : 512
[stderr]     compatible_brands: isomiso2avc1mp41
[stderr]     encoder         : Lavf61.7.100
[stderr]   Stream #0:0(und): Video: h264 (avc1 / 0x31637661), yuv420p(tv, smpte170m/bt709/bt709, progressive), 640x480, q=2-31, 29.83 fps, 11456 tbn (default)
[stderr]       Metadata:
[stderr]         handler_name    : Core Media Video
[stderr]         vendor_id       : [0][0][0][0]
[stderr]         encoder         : Lavc61.19.100 libx264
[stderr]       Side data:
[stderr]         cpb: bitrate max/min/avg: 0/0/0 buffer size: 0 vbv_delay: N/A
[stderr]   Stream #0:1(und)[stderr] : Audio: aac (LC) (mp4a / 0x6134706D), 48000 Hz, mono, fltp, 69 kb/s (default)
[stderr]       Metadata:
[stderr]         handler_name    : Core Media Audio
[stderr]         vendor_id       : [0][0][0][0]
[stderr]         encoder         : Lavc61.19.100 aac
[stderr] frame=   14 fps=5.6 q=24.0 size=     256KiB time=00:00:00.43 bitrate=4813.6kbits/s speed=0.173x    
[stderr] [out#0/mp4 @ 0x138612950] video:2296KiB audio:28KiB subtitle:0KiB other streams:0KiB global headers:0KiB muxing overhead: 0.206809%
[stderr] frame=   96 fps= 37 q=-1.0 Lsize=    2328KiB time=00:00:03.18 bitrate=5989.1kbits/s speed=1.23x    
[stderr] [libx264 @ 0x13860d400] frame I:1     Avg QP:22.68  size: 51986
[stderr] [libx264 @ 0x13860d400] frame P:31    Avg QP:23.17  size: 40685
[stderr] [libx264 @ 0x13860d400] frame B:64    Avg QP:25.67  size: 16201
[stderr] [libx264 @ 0x13860d400] consecutive B-frames:  7.3%  6.2% 15.6% 70.8%
[stderr] [libx264 @ 0x13860d400] mb I  I16..4:  2.2%  5.0% 92.8%
[stderr] [libx264 @ 0x13860d400] mb P  I16..4:  0.5%  4.7% 16.2%  P16..4: 23.5% 22.5% 32.2%  0.0%  0.0%    skip: 0.4%
[stderr] [libx264 @ 0x13860d400] mb B  I16..4:  0.2%  0.5%  1.4%  B16..8: 25.0% 20.3% 11.3%  direct:28.3%  skip:13.0%  L0:29.8% L1:35.0% BI:35.2%
[stderr] [libx264 @ 0x13860d400] 8x8 transform intra:20.4% inter:32.4%
[stderr] [libx264 @ 0x13860d400] coded y,uvDC,uvAC intra: 94.1% 88.5% 47.9% inter: 63.2% 26.3% 2.4%
[stderr] [libx264 @ 0x13860d400] i16 v,h,dc,p: 31% 20% 28% 20%
[stderr] [libx264 @ 0x13860d400] i8 v,h,dc,ddl,ddr,vr,hd,vl,hu: 18% 21% 14%  3%  8%  6% 10%  8% 10%
[stderr] [libx264 @ 0x13860d400] i4 v,h,dc,ddl,ddr,vr,hd,vl,hu: 13% 23% 13%  4% 11%  6% 11%  7% 13%
[stderr] [libx264 @ 0x13860d400] i8c dc,h,v,p: 46% 25% 19% 11%
[stderr] [libx264 @ 0x13860d400] Weighted P-Frames: Y:45.2% UV:6.5%
[stderr] [libx264 @ 0x13860d400] kb/s:5842.59
[stderr] [aac @ 0x13867b720] Qavg: 538.265
[stderr] ffmpeg version 7.1 Copyright (c) 2000-2024 the FFmpeg developers
[stderr]   built with Apple clang version 15.0.0 (clang-1500.1.0.2.5)
[stderr]   configuration: --prefix=/opt/homebrew/Cellar/ffmpeg/7.1_3 --enable-shared --enable-pthreads --enable-version3 --cc=clang --host-cflags= --host-ldflags='-Wl,-ld_classic' --enable-ffplay --enable-gnutls --enable-gpl --enable-libaom --enable-libaribb24 --enable-libbluray --enable-libdav1d --enable-libharfbuzz --enable-libjxl --enable-libmp3lame --enable-libopus --enable-librav1e --enable-librist --enable-librubberband --enable-libsnappy --enable-libsrt --enable-libssh --enable-libsvtav1 --enable-libtesseract --enable-libtheora --enable-libvidstab --enable-libvmaf --enable-libvorbis --enable-libvpx --enable-libwebp --enable-libx264 --enable-libx265 --enable-libxml2 --enable-libxvid --enable-lzma --enable-libfontconfig --enable-libfreetype --enable-frei0r --enable-libass --enable-libopencore-amrnb --enable-libopencore-amrwb --enable-libopenjpeg --enable-libspeex --enable-libsoxr --enable-libzmq --enable-libzimg --disable-libjack --disable-indev=jack --enable-videotoolbox --enable-audiotoolbox --enable-neon
[stderr]   libavutil      59. 39.100 / 59. 39.100
[stderr]   libavcodec     61. 19.100 / 61. 19.100
[stderr]   libavformat    61.  7.100 / 61.  7.100
[stderr]   libavdevice    61.  3.100 / 61.  3.100
[stderr]   libavfilter    10.  4.100 / 10.  4.100
[stderr]   libswscale      8.  3.100 /  8.  3.100
[stderr]   libswresample   5.  3.100 /  5.  3.100
[stderr]   libpostproc    58.  3.100 / 58.  3.100
[stderr] Input #0, mov,mp4,m4a,3gp,3g2,mj2, from '/Users/johndoe/Documents/company/video_ops/scripts/abstract_algebra_in_proof_assistant/04-set-equality/takes/take-mrhmharr/pipeline/stabilize/stabilize-mriqdtnm/stabilized.mp4':
[stderr]   Metadata:
[stderr]     major_brand     : isom
[stderr]     minor_version   : 512
[stderr]     compatible_brands: isomiso2avc1mp41
[stderr]     encoder         : Lavf61.7.100
[stderr]   Duration: 00:06:08.98[stderr] , start: 0.000000, bitrate: 5562 kb/s
[stderr]   Stream #0:0[0x1](und): Video: h264 (High) (avc1 / 0x31637661), yuv420p(tv, smpte170m/bt709/bt709, progressive), 640x480, 5453 kb/s, 29.83 fps, 29.83 tbr, 11456 tbn (default)
[stderr]       Metadata:
[stderr]         handler_name    : Core Media Video
[stderr]         vendor_id       : [0][0][0][0]
[stderr]         encoder         : Lavc61.19.100 libx264
[stderr]   Stream #0:1[0x2](und): Audio: aac (LC) (mp4a / 0x6134706D), 48000 Hz, mono, fltp, 100 kb/s (default)
[stderr]       Metadata:
[stderr]         handler_name    : Core Media Audio
[stderr]         vendor_id       : [0][0][0][0]
[stderr] Stream mapping:
[stderr]   Stream #0:0 -> #0:0 (h264 (native) -> h264 (libx264))
[stderr]   Stream #0:1 -> #0:1 (aac (native) -> aac (native))
[stderr] Press [q] to stop, [?] for help
[stderr] [libx264 @ 0x133006210] using cpu capabilities: ARMv8 NEON
[stderr] [libx264 @ 0x133006210] profile High, level 3.0, 4:2:0, 8-bit
[stderr] [libx264 @ 0x133006210] 264 - core 164 r3108 31e19f9 - H.264/MPEG-4 AVC codec - Copyleft 2003-2023 - http://www.videolan.org/x264.html - options: cabac=1 ref=1 deblock=1:0:0 analyse=0x3:0x113 me=hex subme=2 psy=1 psy_rd=1.00:0.00 mixed_ref=0 me_range=16 chroma_me=1 trellis=0 8x8dct=1 cqm=0 deadzone=21,11 fast_pskip=1 chroma_qp_offset=0 threads=15 lookahead_threads=3 sliced_threads=0 nr=0 decimate=1 interlaced=0 bluray_compat=0 constrained_intra=0 bframes=3 b_pyramid=2 b_adapt=1 b_bias=0 direct=1 weightb=1 open_gop=0 weightp=1 keyint=250 keyint_min=25 scenecut=40 intra_refresh=0 rc_lookahead=10 rc=crf mbtree=1 crf=18.0 qcomp=0.60 qpmin=0 qpmax=69 qpstep=4 ip_ratio=1.40 aq=1:1.00
[stderr] Output #0, mp4, to '/Users/johndoe/Documents/company/video_ops/scripts/abstract_algebra_in_proof_assistant/04-set-equality/takes/take-mrhmharr/pipeline/cut/cut-mriq7mo6/chunks/chunk-025.mp4':
[stderr]   Metadata:
[stderr]     major_brand     : isom
[stderr]     minor_version   : 512
[stderr]     compatible_brands: isomiso2avc1mp41
[stderr]     encoder         : Lavf61.7.100
[stderr]   Stream #0:0(und): Video: h264 (avc1 / 0x31637661), yuv420p(tv, smpte170m/bt709/bt709, progressive), 640x480, q=2-31, 29.83 fps, 11456 tbn (default)
[stderr]       Metadata:
[stderr]         handler_name    : Core Media Video
[stderr]         vendor_id       : [0][0][0][0]
[stderr]         encoder         : Lavc61.19.100 libx264
[stderr]       Side data:
[stderr]         cpb: bitrate max/min/avg: 0/0/0 buffer size: 0 vbv_delay: N/A
[stderr]   Stream #0:1(und): Audio: aac (LC) (mp4a / 0x6134706D), 48000 Hz, mono, fltp, 69 kb/s (default)
[stderr]       Metadata:
[stderr]         handler_name    : Core Media Audio
[stderr]         vendor_id       : [0][0][0][0]
[stderr]         encoder         : Lavc61.19.100 aac
[stderr] [out#0/mp4 @ 0x133005280] video:1300KiB audio:15KiB subtitle:0KiB other streams:0KiB global headers:0KiB muxing overhead: 0.244571%
[stderr] frame=   50 fps= 19 q=-1.0 Lsize=    1318KiB time=00:00:01.64 bitrate=6572.2kbits/s speed=0.615x    
[stderr] [libx264 @ 0x133006210] frame I:1     Avg QP:23.64  size: 70885
[stderr] [libx264 @ 0x133006210] frame P:16    Avg QP:23.58  size: 40617
[stderr] [libx264 @ 0x133006210] frame B:33    Avg QP:25.55  size: 18472
[stderr] [libx264 @ 0x133006210] consecutive B-frames:  8.0% 12.0%  0.0% 80.0%
[stderr] [libx264 @ 0x133006210] mb I  I16..4:  1.0%  6.7% 92.3%
[stderr] [libx264 @ 0x133006210] mb P  I16..4:  1.1%  5.6% 18.3%  P16..4: 22.0% 20.8% 31.4%  0.0%  0.0%    skip: 0.7%
[stderr] [libx264 @ 0x133006210] mb B  I16..4:  0.4%  1.1%  1.9%  B16..8: 24.0% 21.0% 13.3%  direct:26.8%  skip:11.4%  L0:31.0% L1:32.5% BI:36.5%
[stderr] [libx264 @ 0x133006210] 8x8 transform intra:21.4% inter:32.1%
[stderr] [libx264 @ 0x133006210] coded y,uvDC,uvAC intra: 91.8% 89.0% 52.4% inter: 64.3% 31.9% 3.6%
[stderr] [libx264 @ 0x133006210] i16 v,h,dc,p: 37% 15% 33% 15%
[stderr] [libx264 @ 0x133006210] i8 v,h,dc,ddl,ddr,vr,hd,vl,hu: 18% 19% 14%  3% 10%  7% 11%  9% 10%
[stderr] [libx264 @ 0x133006210] i4 v,h,dc,ddl,ddr,vr,hd,vl,hu: 13% 18% 13%  4% 14%  7% 11%  8% 12%
[stderr] [libx264 @ 0x133006210] i8c dc,h,v,p: 45% 24% 18% 13%
[stderr] [libx264 @ 0x133006210] Weighted P-Frames: Y:37.5% UV:0.0%
[stderr] [libx264 @ 0x133006210] kb/s:6350.05
[stderr] [aac @ 0x122678300] Qavg: 103.872
[stderr] ffmpeg version 7.1 Copyright (c) 2000-2024 the FFmpeg developers
[stderr]   built with Apple clang version 15.0.0 (clang-1500.1.0.2.5)
[stderr]   configuration: --prefix=/opt/homebrew/Cellar/ffmpeg/7.1_3 --enable-shared --enable-pthreads --enable-version3 --cc=clang --host-cflags= --host-ldflags='-Wl,-ld_classic' --enable-ffplay --enable-gnutls --enable-gpl --enable-libaom --enable-libaribb24 --enable-libbluray --enable-libdav1d --enable-libharfbuzz --enable-libjxl --enable-libmp3lame --enable-libopus --enable-librav1e --enable-librist --enable-librubberband --enable-libsnappy --enable-libsrt --enable-libssh --enable-libsvtav1 --enable-libtesseract --enable-libtheora --enable-libvidstab --enable-libvmaf --enable-libvorbis --enable-libvpx --enable-libwebp --enable-libx264 --enable-libx265 --enable-libxml2 --enable-libxvid --enable-lzma --enable-libfontconfig --enable-libfreetype --enable-frei0r --enable-libass --enable-libopencore-amrnb --enable-libopencore-amrwb --enable-libopenjpeg --enable-libspeex --enable-libsoxr --enable-libzmq --enable-libzimg --disable-libjack --disable-indev=jack --enable-videotoolbox --enable-audiotoolbox --enable-neon
[stderr]   libavutil      59. 39.100 / 59. 39.100
[stderr]   libavcodec     61. 19.100 / 61. 19.100
[stderr]   libavformat    61.  7.100 / 61.  7.100
[stderr]   libavdevice    61.  3.100 / 61.  3.100
[stderr]   libavfilter    10.  4.100 / 10.  4.100
[stderr]   libswscale      8.  3.100 /  8.  3.100
[stderr]   libswresample   5.  3.100 /  5.  3.100
[stderr]   libpostproc    58.  3.100 / 58.  3.100
[stderr] Input #0, mov,mp4,m4a,3gp,3g2,mj2, from '/Users/johndoe/Documents/company/video_ops/scripts/abstract_algebra_in_proof_assistant/04-set-equality/takes/take-mrhmharr/pipeline/stabilize/stabilize-mriqdtnm/stabilized.mp4':
[stderr]   Metadata:
[stderr]     major_brand     : isom
[stderr]     minor_version   : 512
[stderr]     compatible_brands: isomiso2avc1mp41
[stderr]     encoder         : [stderr] Lavf61.7.100
[stderr]   Duration: 00:06:08.98, start: 0.000000, bitrate: 5562 kb/s
[stderr]   Stream #0:0[0x1](und): Video: h264 (High) (avc1 / 0x31637661), yuv420p(tv, smpte170m/bt709/bt709, progressive), 640x480, 5453 kb/s, 29.83 fps, 29.83 tbr, 11456 tbn (default)
[stderr]       Metadata:
[stderr]         handler_name    : Core Media Video
[stderr]         vendor_id       : [0][0][0][0]
[stderr]         encoder         : Lavc61.19.100 libx264
[stderr]   Stream #0:1[0x2](und): Audio: aac (LC) (mp4a / 0x6134706D), 48000 Hz, mono, fltp, 100 kb/s (default)
[stderr]       Metadata:
[stderr]         handler_name    : Core Media Audio
[stderr]         vendor_id       : [0][0][0][0]
[stderr] Stream mapping:
[stderr]   Stream #0:0 -> #0:0 (h264 (native) -> h264 (libx264))
[stderr]   Stream #0:1 -> #0:1 (aac (native) -> aac (native))
[stderr] Press [q] to stop, [?] for help
[stderr] [libx264 @ 0x1329051f0] using cpu capabilities: ARMv8 NEON
[stderr] [libx264 @ 0x1329051f0] profile High, level 3.0, 4:2:0, 8-bit
[stderr] [libx264 @ 0x1329051f0] 264 - core 164 r3108 31e19f9 - H.264/MPEG-4 AVC codec - Copyleft 2003-2023 - http://www.videolan.org/x264.html - options: cabac=1 ref=1 deblock=1:0:0 analyse=0x3:0x113 me=hex subme=2 psy=1 psy_rd=1.00:0.00 mixed_ref=0 me_range=16 chroma_me=1 trellis=0 8x8dct=1 cqm=0 deadzone=21,11 fast_pskip=1 chroma_qp_offset=0 threads=15 lookahead_threads=3 sliced_threads=0 nr=0 decimate=1 interlaced=0 bluray_compat=0 constrained_intra=0 bframes=3 b_pyramid=2 b_adapt=1 b_bias=0 direct=1 weightb=1 open_gop=0 weightp=1 keyint=250 keyint_min=25 scenecut=40 intra_refresh=0 rc_lookahead=10 rc=crf mbtree=1 crf=18.0 qcomp=0.60 qpmin=0 qpmax=69 qpstep=4 ip_ratio=1.40 aq=1:1.00
[stderr] Output #0, mp4, to '/Users/johndoe/Documents/company/video_ops/scripts/abstract_algebra_in_proof_assistant/04-set-equality/takes/take-mrhmharr/pipeline/cut/cut-mriq7mo6/chunks/chunk-026.mp4':
[stderr]   Metadata:
[stderr]     major_brand     : isom
[stderr]     minor_version   : 512
[stderr]     compatible_brands: isomiso2avc1mp41
[stderr]     encoder         : Lavf61.7.100
[stderr]   Stream #0:0(und): Video: h264 (avc1 / 0x31637661), yuv420p(tv, smpte170m/bt709/bt709, progressive), 640x480, q=2-31, 29.83 fps, 11456 tbn (default)
[stderr]       Metadata:
[stderr]         handler_name    : Core Media Video
[stderr]         vendor_id       : [0][0][0][0]
[stderr]         encoder         : Lavc61.19.100 libx264
[stderr]       Side data:
[stderr]         cpb: bitrate max/min/avg: 0/0/0 buffer size: 0 vbv_delay: N/A
[stderr]   Stream #0:1(und): Audio: aac (LC) (mp4a / 0x6134706D), 48000 Hz, mono, fltp, 69 kb/s (default)
[stderr]       Metadata:
[stderr]         handler_name    : Core Media Audio
[stderr]         vendor_id       : [0][0][0][0]
[stderr]         encoder         : Lavc61.19.100 aac
[stderr] [out#0/mp4 @ 0x1329042b0] video:1118KiB audio:16KiB subtitle:0KiB other streams:0KiB global headers:0KiB muxing overhead: 0.298685%
[stderr] frame=   55 fps= 21 q=-1.0 Lsize=    1137KiB time=00:00:01.77 bitrate=5244.2kbits/s speed=0.68x    
[stderr] [libx264 @ 0x1329051f0] frame I:1     Avg QP:21.62  size: 37353
[stderr] [libx264 @ 0x1329051f0] frame P:14    Avg QP:22.37  size: 33141
[stderr] [libx264 @ 0x1329051f0] frame B:40    Avg QP:24.45  size: 16072
[stderr] [libx264 @ 0x1329051f0] consecutive B-frames:  1.8%  3.6%  0.0% 94.5%
[stderr] [libx264 @ 0x1329051f0] mb I  I16..4:  4.6% 14.2% 81.2%
[stderr] [libx264 @ 0x1329051f0] mb P  I16..4:  4.6% 11.4% 28.4%  P16..4: 14.5% 17.9% 22.5%  0.0%  0.0%    skip: 0.7%
[stderr] [libx264 @ 0x1329051f0] mb B  I16..4:  0.9%  2.1%  3.4%  B16..8: 27.2% 23.4% 11.3%  direct:19.9%  skip:11.7%  L0:31.4% L1:39.0% BI:29.5%
[stderr] [libx264 @ 0x1329051f0] 8x8 transform intra:26.6% inter:29.2%
[stderr] [libx264 @ 0x1329051f0] coded y,uvDC,uvAC intra: 85.3% 83.5% 46.2% inter: 55.0% 31.6% 3.5%
[stderr] [libx264 @ 0x1329051f0] i16 v,h,dc,p: 54% 13% 23% 10%
[stderr] [libx264 @ 0x1329051f0] i8 v,h,dc,ddl,ddr,vr,hd,vl,hu: 17% 20% 15%  3% 10%  7% 10%  7% 11%
[stderr] [libx264 @ 0x1329051f0] i4 v,h,dc,ddl,ddr,vr,hd,vl,hu: 13% 23% 13%  4% 13%  6% 11%  6% 11%
[stderr] [libx264 @ 0x1329051f0] i8c dc,h,v,p: 46% 23% 19% 12%
[stderr] [libx264 @ 0x1329051f0] Weighted P-Frames: Y:14.3% UV:0.0%
[stderr] [libx264 @ 0x1329051f0] kb/s:4965.09
[stderr] [aac @ 0x111678bf0] Qavg: 848.198
[stderr] ffmpeg version 7.1 Copyright (c) 2000-2024 the FFmpeg developers
[stderr]   built with Apple clang version 15.0.0 (clang-1500.1.0.2.5)
[stderr]   configuration: --prefix=/opt/homebrew/Cellar/ffmpeg/7.1_3 --enable-shared --enable-pthreads --enable-version3 --cc=clang --host-cflags= --host-ldflags='-Wl,-ld_classic' --enable-ffplay --enable-gnutls --enable-gpl --enable-libaom --enable-libaribb24 --enable-libbluray --enable-libdav1d --enable-libharfbuzz --enable-libjxl --enable-libmp3lame --enable-libopus --enable-librav1e --enable-librist --enable-librubberband --enable-libsnappy --enable-libsrt --enable-libssh --enable-libsvtav1 --enable-libtesseract --enable-libtheora --enable-libvidstab --enable-libvmaf --enable-libvorbis --enable-libvpx --enable-libwebp --enable-libx264 --enable-libx265 --enable-libxml2 --enable-libxvid --enable-lzma --enable-libfontconfig --enable-libfreetype --enable-frei0r --enable-libass --enable-libopencore-amrnb --enable-libopencore-amrwb --enable-libopenjpeg --enable-libspeex --enable-libsoxr --enable-libzmq --enable-libzimg --disable-libjack --disable-indev=jack --enable-videotoolbox --enable-audiotoolbox --enable-neon
[stderr]   libavutil      59. 39.100 / 59. 39.100
[stderr]   libavcodec     61. 19.100 / 61. 19.100
[stderr]   libavformat    61.  7.100 / 61.  7.100
[stderr]   libavdevice    61.  3.100 / 61.  3.100
[stderr]   libavfilter    10.  4.100 / 10.  4.100
[stderr]   libswscale      8.  3.100 /  8.  3.100
[stderr]   libswresample   5.  3.100 /  5.  3.100
[stderr]   libpostproc    58.  3.100 / 58.  3.100
[stderr] Input #0, mov,mp4,m4a,3gp,3g2,mj2, from '/Users/johndoe/Documents/company/video_ops/scripts/abstract_algebra_in_proof_assistant/04-set-equality/takes/take-mrhmharr/pipeline/stabilize/stabilize-mriqdtnm/stabilized.mp4':
[stderr]   Metadata:
[stderr]     major_brand     : isom
[stderr]     minor_version   : 512
[stderr]     compatible_brands: isomiso2avc1mp41
[stderr]     encoder         : Lavf61.7.100
[stderr]   Duration: [stderr] 00:06:08.98, start: 0.000000, bitrate: 5562 kb/s
[stderr]   Stream #0:0[0x1](und): Video: h264 (High) (avc1 / 0x31637661), yuv420p(tv, smpte170m/bt709/bt709, progressive), 640x480, 5453 kb/s, 29.83 fps, 29.83 tbr, 11456 tbn (default)
[stderr]       Metadata:
[stderr]         handler_name    : Core Media Video
[stderr]         vendor_id       : [0][0][0][0]
[stderr]         encoder         : Lavc61.19.100 libx264
[stderr]   Stream #0:1[0x2](und): Audio: aac (LC) (mp4a / 0x6134706D), 48000 Hz, mono, fltp, 100 kb/s (default)
[stderr]       Metadata:
[stderr]         handler_name    : Core Media Audio
[stderr]         vendor_id       : [0][0][0][0]
[stderr] Stream mapping:
[stderr]   Stream #0:0 -> #0:0 (h264 (native) -> h264 (libx264))
[stderr]   Stream #0:1 -> #0:1 (aac (native) -> aac (native))
[stderr] Press [q] to stop, [?] for help
[stderr] [libx264 @ 0x1387051a0] using cpu capabilities: ARMv8 NEON
[stderr] [libx264 @ 0x1387051a0] profile High, level 3.0, 4:2:0, 8-bit
[stderr] [libx264 @ 0x1387051a0] 264 - core 164 r3108 31e19f9 - H.264/MPEG-4 AVC codec - Copyleft 2003-2023 - http://www.videolan.org/x264.html - options: cabac=1 ref=1 deblock=1:0:0 analyse=0x3:0x113 me=hex subme=2 psy=1 psy_rd=1.00:0.00 mixed_ref=0 me_range=16 chroma_me=1 trellis=0 8x8dct=1 cqm=0 deadzone=21,11 fast_pskip=1 chroma_qp_offset=0 threads=15 lookahead_threads=3 sliced_threads=0 nr=0 decimate=1 interlaced=0 bluray_compat=0 constrained_intra=0 bframes=3 b_pyramid=2 b_adapt=1 b_bias=0 direct=1 weightb=1 open_gop=0 weightp=1 keyint=250 keyint_min=25 scenecut=40 intra_refresh=0 rc_lookahead=10 rc=crf mbtree=1 crf=18.0 qcomp=0.60 qpmin=0 qpmax=69 qpstep=4 ip_ratio=1.40 aq=1:1.00
[stderr] Output #0, mp4, to '/Users/johndoe/Documents/company/video_ops/scripts/abstract_algebra_in_proof_assistant/04-set-equality/takes/take-mrhmharr/pipeline/cut/cut-mriq7mo6/chunks/chunk-027.mp4':
[stderr]   Metadata:
[stderr]     major_brand     : isom
[stderr]     minor_version   : 512
[stderr]     compatible_brands: isomiso2avc1mp41
[stderr]     encoder         : Lavf61.7.100
[stderr]   Stream #0:0(und): Video: h264 (avc1 / 0x31637661), yuv420p(tv, smpte170m/bt709/bt709, progressive), 640x480, q=2-31, 29.83 fps, 11456 tbn (default)
[stderr]       Metadata:
[stderr]         handler_name    : Core Media Video
[stderr]         vendor_id       : [0][0][0][0]
[stderr]         encoder         : Lavc61.19.100 libx264
[stderr]       Side data:
[stderr]         cpb: bitrate max/min/avg: 0/0/0 buffer size: 0 vbv_delay: N/A
[stderr]   Stream #0:1(und): Audio: aac (LC) (mp4a / 0x6134706D), 48000 Hz, mono, fltp, 69 kb/s (default)
[stderr]       Metadata:
[stderr]         handler_name    : Core Media Audio
[stderr]         vendor_id       : [0][0][0][0]
[stderr]         encoder         : Lavc61.19.100 aac
[stderr] [out#0/mp4 @ 0x138704170] video:4737KiB audio:69KiB subtitle:0KiB other streams:0KiB global headers:0KiB muxing overhead: 0.210754%
[stderr] frame=  244 fps= 84 q=-1.0 Lsize=    4816KiB time=00:00:08.11 bitrate=4863.8kbits/s speed=2.79x    
[stderr] [libx264 @ 0x1387051a0] frame I:4     Avg QP:19.27  size: 34416
[stderr] [libx264 @ 0x1387051a0] frame P:66    Avg QP:22.09  size: 32399
[stderr] [libx264 @ 0x1387051a0] frame B:174   Avg QP:24.25  size: 14791
[stderr] [libx264 @ 0x1387051a0] consecutive B-frames:  3.3%  4.9%  0.0% 91.8%
[stderr] [libx264 @ 0x1387051a0] mb I  I16..4:  5.3% 25.3% 69.4%
[stderr] [libx264 @ 0x1387051a0] mb P  I16..4:  3.5% 14.6% 27.6%  P16..4: 15.7% 17.4% 20.7%  0.0%  0.0%    skip: 0.5%
[stderr] [libx264 @ 0x1387051a0] mb B  I16..4:  1.3%  2.2%  2.7%  B16..8: 26.8% 21.9% 10.8%  direct:20.7%  skip:13.7%  L0:35.4% L1:34.7% BI:30.0%
[stderr] [libx264 @ 0x1387051a0] 8x8 transform intra:32.2% inter:29.8%
[stderr] [libx264 @ 0x1387051a0] coded y,uvDC,uvAC intra: 85.7% 78.6% 42.2% inter: 52.9% 30.7% 2.6%
[stderr] [libx264 @ 0x1387051a0] i16 v,h,dc,p: 47% 20% 22% 10%
[stderr] [libx264 @ 0x1387051a0] i8 v,h,dc,ddl,ddr,vr,hd,vl,hu: 19% 19% 15%  3% 10%  8%  9%  7% 10%
[stderr] [libx264 @ 0x1387051a0] i4 v,h,dc,ddl,ddr,vr,hd,vl,hu: 16% 19% 14%  4% 14%  8% 10%  7% 10%
[stderr] [libx264 @ 0x1387051a0] i8c dc,h,v,p: 48% 22% 20% 10%
[stderr] [libx264 @ 0x1387051a0] Weighted P-Frames: Y:19.7% UV:0.0%
[stderr] [libx264 @ 0x1387051a0] kb/s:4743.60
[stderr] [aac @ 0x13877a040] Qavg: 145.476
[stderr] ffmpeg version 7.1 Copyright (c) 2000-2024 the FFmpeg developers
[stderr]   built with Apple clang version 15.0.0 (clang-1500.1.0.2.5)
[stderr]   configuration: --prefix=/opt/homebrew/Cellar/ffmpeg/7.1_3 --enable-shared --enable-pthreads --enable-version3 --cc=clang --host-cflags= --host-ldflags='-Wl,-ld_classic' --enable-ffplay --enable-gnutls --enable-gpl --enable-libaom --enable-libaribb24 --enable-libbluray --enable-libdav1d --enable-libharfbuzz --enable-libjxl --enable-libmp3lame --enable-libopus --enable-librav1e --enable-librist --enable-librubberband --enable-libsnappy --enable-libsrt --enable-libssh --enable-libsvtav1 --enable-libtesseract --enable-libtheora --enable-libvidstab --enable-libvmaf --enable-libvorbis --enable-libvpx --enable-libwebp --enable-libx264 --enable-libx265 --enable-libxml2 --enable-libxvid --enable-lzma --enable-libfontconfig --enable-libfreetype --enable-frei0r --enable-libass --enable-libopencore-amrnb --enable-libopencore-amrwb --enable-libopenjpeg --enable-libspeex --enable-libsoxr --enable-libzmq --enable-libzimg --disable-libjack --disable-indev=jack --enable-videotoolbox --enable-audiotoolbox --enable-neon
[stderr]   libavutil      59. 39.100 / 59. 39.100
[stderr]   libavcodec     61. 19.100 / 61. 19.100
[stderr]   libavformat    61.  7.100 / 61.  7.100
[stderr]   libavdevice    61.  3.100 / 61.  3.100
[stderr]   libavfilter    10.  4.100 / 10.  4.100
[stderr]   libswscale      8.  3.100 /  8.  3.100
[stderr]   libswresample   5.  3.100 /  5.  3.100
[stderr]   libpostproc    58.  3.100 / 58.  3.100
[stderr] Input #0, mov,mp4,m4a,3gp,3g2,mj2, from '/Users/johndoe/Documents/company/video_ops/scripts/abstract_algebra_in_proof_assistant/04-set-equality/takes/take-mrhmharr/pipeline/stabilize/stabilize-mriqdtnm/stabilized.mp4':
[stderr]   Metadata:
[stderr]     major_brand     : isom
[stderr]     minor_version   : 512
[stderr]     compatible_brands: isomiso2avc1mp41
[stderr]     encoder         : Lavf61.7.100
[stderr]   Duration: 00:06:08.98, start: 0.000000, bitrate: 5562 kb/s
[stderr]   Stream #0:0[0x1](und): Video: h264 (High) (avc1 / 0x31637661), yuv420p(tv, smpte170m/bt709/bt709, progressive), 640x480, 5453 kb/s, 29.83 fps, 29.83 tbr, 11456 tbn (default)
[stderr]       Metadata:
[stderr]         handler_name    : Core Media Video
[stderr]         vendor_id       : [0][0][0][0]
[stderr]         encoder         : Lavc61.19.100 libx264
[stderr]   Stream #0:1[0x2](und): Audio: aac (LC) (mp4a / 0x6134706D), 48000 Hz, mono, fltp, 100 kb/s (default)
[stderr]       Metadata:
[stderr]         handler_name    : Core Media Audio
[stderr]         vendor_id       : [0][0][0][0]
[stderr] Stream mapping:
[stderr]   Stream #0:0 -> #0:0 (h264 (native) -> h264 (libx264))
[stderr]   Stream #0:1 -> #0:1[stderr]  (aac (native) -> aac (native))
[stderr] Press [q] to stop, [?] for help
[stderr] [libx264 @ 0x122e05ab0] using cpu capabilities: ARMv8 NEON
[stderr] [libx264 @ 0x122e05ab0] profile High, level 3.0, 4:2:0, 8-bit
[stderr] [libx264 @ 0x122e05ab0] 264 - core 164 r3108 31e19f9 - H.264/MPEG-4 AVC codec - Copyleft 2003-2023 - http://www.videolan.org/x264.html - options: cabac=1 ref=1 deblock=1:0:0 analyse=0x3:0x113 me=hex subme=2 psy=1 psy_rd=1.00:0.00 mixed_ref=0 me_range=16 chroma_me=1 trellis=0 8x8dct=1 cqm=0 deadzone=21,11 fast_pskip=1 chroma_qp_offset=0 threads=15 lookahead_threads=3 sliced_threads=0 nr=0 decimate=1 interlaced=0 bluray_compat=0 constrained_intra=0 bframes=3 b_pyramid=2 b_adapt=1 b_bias=0 direct=1 weightb=1 open_gop=0 weightp=1 keyint=250 keyint_min=25 scenecut=40 intra_refresh=0 rc_lookahead=10 rc=crf mbtree=1 crf=18.0 qcomp=0.60 qpmin=0 qpmax=69 qpstep=4 ip_ratio=1.40 aq=1:1.00
[stderr] Output #0, mp4, to '/Users/johndoe/Documents/company/video_ops/scripts/abstract_algebra_in_proof_assistant/04-set-equality/takes/take-mrhmharr/pipeline/cut/cut-mriq7mo6/chunks/chunk-028.mp4':
[stderr]   Metadata:
[stderr]     major_brand     : isom
[stderr]     minor_version   : 512
[stderr]     compatible_brands: isomiso2avc1mp41
[stderr]     encoder         : Lavf61.7.100
[stderr]   Stream #0:0(und): Video: h264 (avc1 / 0x31637661), yuv420p(tv, smpte170m/bt709/bt709, progressive), 640x480, q=2-31, 29.83 fps, 11456 tbn (default)
[stderr]       Metadata:
[stderr]         handler_name    : Core Media Video
[stderr]         vendor_id       : [0][0][0][0]
[stderr]         encoder         : Lavc61.19.100 libx264
[stderr]       Side data:
[stderr]         cpb: bitrate max/min/avg: 0/0/0 buffer size: 0 vbv_delay: N/A
[stderr]   Stream #0:1(und): Audio: aac (LC) (mp4a / 0x6134706D), 48000 Hz, mono, fltp, 69 kb/s (default)
[stderr]       Metadata:
[stderr]         handler_name    : Core Media Audio
[stderr]         vendor_id       : [0][0][0][0]
[stderr]         encoder         : Lavc61.19.100 aac
[stderr] frame=  287 fps= 95 q=24.0 size=    6144KiB time=00:00:09.55 bitrate=5268.7kbits/s speed=3.16x    
[stderr] frame=  745 fps=211 q=24.0 size=   16128KiB time=00:00:24.90 bitrate=5305.0kbits/s speed=7.05x    
[stderr] frame= 1294 fps=321 q=24.0 size=   22016KiB time=00:00:43.30 bitrate=4164.6kbits/s speed=10.7x    
[stderr] [out#0/mp4 @ 0x122e04b10] video:26656KiB audio:476KiB subtitle:0KiB other streams:0KiB global headers:0KiB muxing overhead: 0.224698%
[stderr] frame= 1677 fps=383 q=-1.0 Lsize=   27193KiB time=00:00:56.14 bitrate=3967.6kbits/s speed=12.8x    
[stderr] [libx264 @ 0x122e05ab0] frame I:9     Avg QP:17.43  size: 52896
[stderr] [libx264 @ 0x122e05ab0] frame P:496   Avg QP:20.29  size: 29884
[stderr] [libx264 @ 0x122e05ab0] frame B:1172  Avg QP:24.03  size: 10236
[stderr] [libx264 @ 0x122e05ab0] consecutive B-frames:  2.3% 11.0%  7.5% 79.2%
[stderr] [libx264 @ 0x122e05ab0] mb I  I16..4: 15.5% 10.4% 74.1%
[stderr] [libx264 @ 0x122e05ab0] mb P  I16..4: 10.6%  5.6%  9.1%  P16..4: 19.2% 20.4% 28.4%  0.0%  0.0%    skip: 6.6%
[stderr] [libx264 @ 0x122e05ab0] mb B  I16..4:  2.1%  0.6%  0.5%  B16..8: 25.0% 16.2%  7.6%  direct:17.2%  skip:30.8%  L0:26.7% L1:32.5% BI:40.8%
[stderr] [libx264 @ 0x122e05ab0] 8x8 transform intra:20.7% inter:25.9%
[stderr] [libx264 @ 0x122e05ab0] coded y,uvDC,uvAC intra: 53.0% 48.7% 24.2% inter: 41.6% 18.9% 1.1%
[stderr] [libx264 @ 0x122e05ab0] i16 v,h,dc,p: 78%  8% 11%  3%
[stderr] [libx264 @ 0x122e05ab0] i8 v,h,dc,ddl,ddr,vr,hd,vl,hu: 18% 21% 23%  3%  8%  6%  8%  7%  8%
[stderr] [libx264 @ 0x122e05ab0] i4 v,h,dc,ddl,ddr,vr,hd,vl,hu: 15% 19% 15%  4% 13%  7% 10%  7% 11%
[stderr] [libx264 @ 0x122e05ab0] i8c dc,h,v,p: 68% 14% 13%  6%
[stderr] [libx264 @ 0x122e05ab0] Weighted P-Frames: Y:19.6% UV:2.0%
[stderr] [libx264 @ 0x122e05ab0] kb/s:3884.56
[stderr] [aac @ 0x122e7a950] Qavg: 200.893
[stderr] ffmpeg version 7.1 Copyright (c) 2000-2024 the FFmpeg developers
[stderr]   built with Apple clang version 15.0.0 (clang-1500.1.0.2.5)
[stderr]   configuration: --prefix=/opt/homebrew/Cellar/ffmpeg/7.1_3 --enable-shared --enable-pthreads --enable-version3 --cc=clang --host-cflags= --host-ldflags='-Wl,-ld_classic' --enable-ffplay --enable-gnutls --enable-gpl --enable-libaom --enable-libaribb24 --enable-libbluray --enable-libdav1d --enable-libharfbuzz --enable-libjxl --enable-libmp3lame --enable-libopus --enable-librav1e --enable-librist --enable-librubberband --enable-libsnappy --enable-libsrt --enable-libssh --enable-libsvtav1 --enable-libtesseract --enable-libtheora --enable-libvidstab --enable-libvmaf --enable-libvorbis --enable-libvpx --enable-libwebp --enable-libx264 --enable-libx265 --enable-libxml2 --enable-libxvid --enable-lzma --enable-libfontconfig --enable-libfreetype --enable-frei0r --enable-libass --enable-libopencore-amrnb --enable-libopencore-amrwb --enable-libopenjpeg --enable-libspeex --enable-libsoxr --enable-libzmq --enable-libzimg --disable-libjack --disable-indev=jack --enable-videotoolbox --enable-audiotoolbox --enable-neon
[stderr]   libavutil      59. 39.100 / 59. 39.100
[stderr]   libavcodec     61. 19.100 / 61. 19.100
[stderr]   libavformat    61.  7.100 / 61.  7.100
[stderr]   libavdevice    61.  3.100 / 61.  3.100
[stderr]   libavfilter    10.  4.100 / 10.  4.100
[stderr]   libswscale      8.  3.100 /  8.  3.100
[stderr]   libswresample   5.  3.100 /  5.  3.100
[stderr]   libpostproc    58.  3.100 / 58.  3.100
[stderr] [mov,mp4,m4a,3gp,3g2,mj2 @ 0x1487096e0] Auto-inserting h264_mp4toannexb bitstream filter
[stderr] Input #0, concat, from '/Users/johndoe/Documents/company/video_ops/scripts/abstract_algebra_in_proof_assistant/04-set-equality/takes/take-mrhmharr/pipeline/cut/cut-mriq7mo6/chunks/concat.txt':
[stderr]   Duration: N/A, start: 0.000000, bitrate: 5483 kb/s
[stderr]   Stream #0:0(und): Video: h264 (High) (avc1 / 0x31637661), yuv420p(tv, smpte170m/bt709/bt709, progressive), 640x480, 5413 kb/s, 29.83 fps, 29.83 tbr, 11456 tbn
[stderr]       Metadata:
[stderr]         handler_name    : Core Media Video
[stderr]         vendor_id       : [0][0][0][0]
[stderr]         encoder         : Lavc61.19.100 libx264
[stderr]   Stream #0:1(und): Audio: aac (LC) (mp4a / 0x6134706D), 48000 Hz, mono, fltp, 69 kb/s
[stderr]       Metadata:
[stderr]         handler_name    : Core Media Audio
[stderr]         vendor_id       : [0][0][0][0]
[stderr] Stream mapping:
[stderr]   Stream #0:0 -> #0:0 (copy)
[stderr]   Stream #0:1 -> #0:1[stderr]  (copy)
[stderr] Output #0, mp4, to '/Users/johndoe/Documents/company/video_ops/scripts/abstract_algebra_in_proof_assistant/04-set-equality/takes/take-mrhmharr/pipeline/cut/cut-mriq7mo6/edited-good-intervals.mp4':
[stderr]   Metadata:
[stderr]     encoder         : Lavf61.7.100
[stderr]   Stream #0:0(und): Video: h264 (High) (avc1 / 0x31637661), yuv420p(tv, smpte170m/bt709/bt709, progressive), 640x480, q=2-31, 5413 kb/s, 29.83 fps, 29.83 tbr, 11456 tbn
[stderr]       Metadata:
[stderr]         handler_name    : Core Media Video
[stderr]         vendor_id       : [0][0][0][0]
[stderr]         encoder         : Lavc61.19.100 libx264
[stderr]   Stream #0:1(und): Audio: aac (LC) (mp4a / 0x6134706D), 48000 Hz, mono, fltp, 69 kb/s
[stderr]       Metadata:
[stderr]         handler_name    : Core Media Audio
[stderr]         vendor_id       : [0][0][0][0]
[stderr] Press [q] to stop, [?] for help
[stderr] [mov,mp4,m4a,3gp,3g2,mj2 @ 0x1287057c0] Auto-inserting h264_mp4toannexb bitstream filter
[stderr] [mov,mp4,m4a,3gp,3g2,mj2 @ 0x1490063a0] Auto-inserting h264_mp4toannexb bitstream filter
[stderr] [mov,mp4,m4a,3gp,3g2,mj2 @ 0x128704650] Auto-inserting h264_mp4toannexb bitstream filter
[stderr] [mov,mp4,m4a,3gp,3g2,mj2 @ 0x14870a3e0] Auto-inserting h264_mp4toannexb bitstream filter
[stderr] [mov,mp4,m4a,3gp,3g2,mj2 @ 0x149006d20] Auto-inserting h264_mp4toannexb bitstream filter
[stderr] [mov,mp4,m4a,3gp,3g2,mj2 @ 0x149007530] Auto-inserting h264_mp4toannexb bitstream filter
[stderr] [mov,mp4,m4a,3gp,3g2,mj2 @ 0x148709a90] Auto-inserting h264_mp4toannexb bitstream filter
[stderr] [mov,mp4,m4a,3gp,3g2,mj2 @ 0x149007cf0] Auto-inserting h264_mp4toannexb bitstream filter
[stderr] [mov,mp4,m4a,3gp,3g2,mj2 @ 0x149007570] Auto-inserting h264_mp4toannexb bitstream filter
[stderr] [mov,mp4,m4a,3gp,3g2,mj2 @ 0x149007530] Auto-inserting h264_mp4toannexb bitstream filter
[stderr] [mov,mp4,m4a,3gp,3g2,mj2 @ 0x14870a650] Auto-inserting h264_mp4toannexb bitstream filter
[stderr] [mov,mp4,m4a,3gp,3g2,mj2 @ 0x14870a640] Auto-inserting h264_mp4toannexb bitstream filter
[stderr] [mov,mp4,m4a,3gp,3g2,mj2 @ 0x1490063a0] Auto-inserting h264_mp4toannexb bitstream filter
[stderr] [mov,mp4,m4a,3gp,3g2,mj2 @ 0x148709750] Auto-inserting h264_mp4toannexb bitstream filter
[stderr]     Last message repeated 1 times
[stderr] [mov,mp4,m4a,3gp,3g2,mj2 @ 0x1487149a0] Auto-inserting h264_mp4toannexb bitstream filter
[stderr] [mov,mp4,m4a,3gp,3g2,mj2 @ 0x128705c40] Auto-inserting h264_mp4toannexb bitstream filter
[stderr] [mov,mp4,m4a,3gp,3g2,mj2 @ 0x1487149a0] Auto-inserting h264_mp4toannexb bitstream filter
[stderr]     Last message repeated 2 times
[stderr] [mov,mp4,m4a,3gp,3g2,mj2 @ 0x14871cf80] Auto-inserting h264_mp4toannexb bitstream filter
[stderr]     Last message repeated 3 times
[stderr] [mov,mp4,m4a,3gp,3g2,mj2 @ 0x149007c80] Auto-inserting h264_mp4toannexb bitstream filter
[stderr] [mov,mp4,m4a,3gp,3g2,mj2 @ 0x149006410] Auto-inserting h264_mp4toannexb bitstream filter
[stderr] [mov,mp4,m4a,3gp,3g2,mj2 @ 0x14871cf80] Auto-inserting h264_mp4toannexb bitstream filter
[stderr] [mov,mp4,m4a,3gp,3g2,mj2 @ 0x149006410] Auto-inserting h264_mp4toannexb bitstream filter
[stderr] [out#0/mp4 @ 0x1490042b0] video:169473KiB audio:2394KiB subtitle:0KiB other streams:0KiB global headers:0KiB muxing overhead: 0.174555%
[stderr] frame= 8367 fps=0.0 q=-1.0 Lsize=  172167KiB time=00:04:41.42 bitrate=5011.6kbits/s speed=1.31e+03x    
[stderr] ffmpeg version 7.1 Copyright (c) 2000-2024 the FFmpeg developers
[stderr]   built with Apple clang version 15.0.0 (clang-1500.1.0.2.5)
[stderr]   configuration: --prefix=/opt/homebrew/Cellar/ffmpeg/7.1_3 --enable-shared --enable-pthreads --enable-version3 --cc=clang --host-cflags= --host-ldflags='-Wl,-ld_classic' --enable-ffplay --enable-gnutls --enable-gpl --enable-libaom --enable-libaribb24 --enable-libbluray --enable-libdav1d --enable-libharfbuzz --enable-libjxl --enable-libmp3lame --enable-libopus --enable-librav1e --enable-librist --enable-librubberband --enable-libsnappy --enable-libsrt --enable-libssh --enable-libsvtav1 --enable-libtesseract --enable-libtheora --enable-libvidstab --enable-libvmaf --enable-libvorbis --enable-libvpx --enable-libwebp --enable-libx264 --enable-libx265 --enable-libxml2 --enable-libxvid --enable-lzma --enable-libfontconfig --enable-libfreetype --enable-frei0r --enable-libass --enable-libopencore-amrnb --enable-libopencore-amrwb --enable-libopenjpeg --enable-libspeex --enable-libsoxr --enable-libzmq --enable-libzimg --disable-libjack --disable-indev=jack --enable-videotoolbox --enable-audiotoolbox --enable-neon
[stderr]   libavutil      59. 39.100 / 59. 39.100
[stderr]   libavcodec     61. 19.100 / 61. 19.100
[stderr]   libavformat    61.  7.100 / 61.  7.100
[stderr]   libavdevice    61.  3.100 / 61.  3.100
[stderr]   libavfilter    10.  4.100 / 10.  4.100
[stderr]   libswscale      8.  3.100 /  8.  3.100
[stderr]   libswresample   5.  3.100 /  5.  3.100
[stderr]   libpostproc    58.  3.100 / 58.  3.100
[stderr] Input #0, mov,mp4,m4a,3gp,3g2,mj2, from '/Users/johndoe/Documents/company/video_ops/scripts/abstract_algebra_in_proof_assistant/04-set-equality/takes/take-mrhmharr/pipeline/cut/cut-mriq7mo6/edited-good-intervals.mp4':
[stderr]   Metadata:
[stderr]     major_brand     : isom
[stderr]     minor_version   : 512
[stderr]     compatible_brands: isomiso2avc1mp41
[stderr]     encoder         : Lavf61.7.100
[stderr]   Duration: 00:04:41.49, start: 0.000000, bitrate: 5010 kb/s
[stderr]   Stream #0:0[0x1](und): Video: h264 (High) (avc1 / 0x31637661), yuv420p(tv, smpte170m/bt709/bt709, progressive), 640x480, 4932 kb/s, 29.73 fps, 29.97 tbr, 11456 tbn (default)
[stderr]       Metadata:
[stderr]         handler_name    : Core Media Video
[stderr]         vendor_id       : [0][0][0][0]
[stderr]         encoder         : Lavc61.19.100 libx264
[stderr]   Stream #0:1[0x2](und): Audio: aac (LC) (mp4a / 0x6134706D), 48000 Hz, mono, fltp, 69 kb/s (default)
[stderr]       Metadata:
[stderr]         handler_name    : Core Media Audio
[stderr]         vendor_id       : [0][0][0][0]
[stderr] Stream mapping:
[stderr]   Stream #0:1 -> #0:0 (aac (native) -> aac (native))
[stderr] Press [q] to stop, [?] for help
[stderr] Output #0, ipod, to '/Users/johndoe/Documents/company/video_ops/scripts/abstract_algebra_in_proof_assistant/04-set-equality/takes/take-mrhmharr/pipeline/cut/cut-mriq7mo6/edited-good-intervals-audio.m4a':
[stderr]   Metadata:
[stderr]     major_brand     : isom
[stderr]     minor_version   : 512
[stderr]     compatible_brands: isomiso2avc1mp41
[stderr]     encoder         : Lavf61.7.100
[stderr]   Stream #0:0(und): Audio: aac (LC) (mp4a / 0x6134706D), 48000 Hz, mono, fltp, 192 kb/s (default)
[stderr]       Metadata:
[stderr]         handler_name    : Core Media Audio
[stderr]         vendor_id       : [0][0][0][0]
[stderr]         encoder         : Lavc61.19.100 aac
[stderr] size=     256KiB time=00:00:26.14 bitrate=  80.2kbits/s speed=51.9x    
[stderr] size=    1024KiB time=00:01:02.77 bitrate= 133.6kbits/s speed=62.2x    
[stderr] size=    1792KiB time=00:01:31.96 bitrate= 159.6kbits/s speed=60.9x    
[stderr] size=    2304KiB time=00:01:59.23 bitrate= 158.3kbits/s speed=59.3x    
[stderr] size=    2560KiB time=00:02:25.11 bitrate= 144.5kbits/s speed=57.7x    
[stderr] size=    3072KiB time=00:02:51.71 bitrate= 146.6kbits/s speed=56.9x    
[stderr] size=    3584KiB time=00:03:17.50 bitrate= 148.7kbits/s speed=56.1x    
[stderr] size=    4608KiB time=00:04:04.43 bitrate= 154.4kbits/s speed=60.7x    
[stderr] size=    5376KiB time=00:04:40.04 bitrate= 157.3kbits/s speed=61.8x    
[stderr] [out#0/ipod @ 0x15af07ed0] video:0KiB audio:5524KiB subtitle:0KiB other streams:0KiB global headers:0KiB muxing overhead: 0.956127%
[stderr] size=    5577KiB time=00:04:41.47 bitrate= 162.3kbits/s speed=61.7x    
[stderr] [aac @ 0x15af08a60] Qavg: 59666.629
[stdout] Edited video (selection applied): /Users/johndoe/Documents/company/video_ops/scripts/abstract_algebra_in_proof_assistant/04-set-equality/takes/take-mrhmharr/pipeline/cut/cut-mriq7mo6/edited-good-intervals.mp4
[stdout] Analysis updated: /Users/johndoe/Documents/company/video_ops/scripts/abstract_algebra_in_proof_assistant/04-set-equality/takes/take-mrhmharr/pipeline/cut/cut-mriq7mo6/analysis.json
[2026-07-13T08:52:58.081Z] exit 0
