# stage-run 2026-07-13T06:15:39.277Z
jobId=job-take-mrhmharr
scriptId=sets-v2-04-set-equality
takeId=take-mrhmharr
stage=composite
runId=composite-mritwa30

[2026-07-13T06:15:39.278Z] Starting composite
[2026-07-13T06:15:39.279Z] Copying alignment artifacts
[2026-07-13T06:15:39.281Z] Rendering portrait + landscape
[2026-07-13T06:15:39.281Z] $ node /Users/johndoe/Documents/company/video_ops/remotion/scripts/render-outdoor.mjs sets-v2-04-set-equality --edit-dir /Users/johndoe/Documents/company/video_ops/scripts/abstract_algebra_in_proof_assistant/sets-v2-04-set-equality/takes/take-mrhmharr/pipeline/composite/composite-mritwa30 --format both
[stdout] /Users/johndoe/Documents/company/video_ops/scripts/abstract_algebra_in_proof_assistant/sets-v2-04-set-equality/takes/take-mrhmharr/pipeline/composite/composite-mritwa30/outdoor-manifest.json
[stdout] [render-outdoor] using animation-outdoor.json — 30 caption segments, scene 291.82s
[stdout] [render-outdoor] beat durations: 21.12, 73.48, 55.14, 37.94, 39.48, 64.66s

[stdout] > turn-video-ops-remotion@1.0.0 sync
[stdout] > npx tsx scripts/sync-animations.ts

[stdout] Synced 41 animation.json file(s).

[stdout] > turn-video-ops-remotion@1.0.0 warm-knowledge
[stdout] > node scripts/warmTurnKnowledgeCache.mjs sets-v2-04-set-equality

[stdout] [warm-knowledge] cache hit turn-knowledge-cache/inline:sets-v2-04-set-equality-c89300e4.json
[stdout] [warm-knowledge] cache hit turn-knowledge-cache/inline:sets-v2-04-set-equality-94598097.json
[stdout] [warm-knowledge] cache hit turn-knowledge-cache/inline:sets-v2-04-set-equality-d65f3d7d.json
[stdout] [warm-knowledge] cache hit turn-knowledge-cache/inline:sets-v2-04-set-equality-fc2bb42b.json
[stdout] [warm-knowledge] cache hit turn-knowledge-cache/inline:sets-v2-04-set-equality-c0fbf97f.json
[stdout] [render-outdoor] rendering video-outdoor-portrait → /Users/johndoe/Documents/company/video_ops/scripts/abstract_algebra_in_proof_assistant/sets-v2-04-set-equality/takes/take-mrhmharr/pipeline/composite/composite-mritwa30/sets-v2-04-set-equality-outdoor-portrait.mp4
[stdout] Bundling 6%
[stdout] Bundling 14%
[stdout] Bundling 46%
[stdout] Bundling 55%
[stdout] Bundling 65%
[stdout] Bundling 71%
[stdout] Bundling 76%
[stdout] Bundling 81%
[stdout] Bundling 87%
[stdout] Bundling 92%
[stdout] Bundling 98%
[stdout] Bundling 100%
[stdout] Bundling 100%
[stdout] Bundling 100%
[stdout] Bundling 100%
[stdout] Getting compositions
[stdout] Getting compositions
[stdout] Composition          video-outdoor-portrait
[stdout] Codec                h264
[stdout] Output               /Users/johndoe/Documents/company/video_ops/scripts/abstract_algebra_in_proof_assistant/sets-v2-04-set-equality/takes/take-mrhmharr/pipeline/composite/composite-mritwa30/sets-v2-04-set-equality-outdoor-portrait.mp4
[stdout] Concurrency          6x
[stdout] Rendered 0/8755
[stdout] Rendered 1/8755, time remaining: 1h 5m 57s
[stdout] Rendered 2/8755, time remaining: 1h 7m 0s
[stdout] Rendered 3/8755, time remaining: 1h 9m 1s
[stdout] Rendered 4/8755, time remaining: 1h 10m 58s
[stdout] Rendered 5/8755, time remaining: 1h 12m 22s
[stdout] Rendered 6/8755, time remaining: 1h 13m 58s
[stdout] Rendered 7/8755, time remaining: 1h 8m 7s
[stdout] Rendered 8/8755, time remaining: 1h 3m 57s
[stdout] Rendered 9/8755, time remaining: 1h 25s
[stdout] Rendered 10/8755, time remaining: 58m 7s
[stdout] Rendered 11/8755, time remaining: 56m 11s
[stdout] Rendered 12/8755, time remaining: 55m 18s
[stdout] Rendered 13/8755, time remaining: 53m 44s
[stdout] Rendered 14/8755, time remaining: 52m 48s
[stdout] Rendered 15/8755, time remaining: 51m 23s
[stdout] Rendered 16/8755, time remaining: 51m 6s
[stdout] Rendered 17/8755, time remaining: 50m 22s
[stdout] Rendered 18/8755, time remaining: 49m 35s
[stdout] Rendered 19/8755, time remaining: 48m 39s
[stdout] Rendered 20/8755, time remaining: 47m 49s
[stdout] Rendered 21/8755, time remaining: 47m 44s
[stdout] Rendered 22/8755, time remaining: 47m 5s
[stdout] Rendered 23/8755, time remaining: 46m 54s
[stdout] Rendered 24/8755, time remaining: 46m 53s
[stdout] Rendered 25/8755, time remaining: 46m 25s
[stdout] Rendered 26/8755, time remaining: 46m 1s
[stdout] Rendered 27/8755, time remaining: 45m 28s
[stdout] Rendered 28/8755, time remaining: 45m 5s
[stdout] Rendered 29/8755, time remaining: 44m 58s
[stdout] Rendered 30/8755, time remaining: 44m 59s
[stdout] Rendered 31/8755, time remaining: 44m 46s
[stdout] Rendered 32/8755, time remaining: 44m 23s
[stdout] Rendered 33/8755, time remaining: 44m 4s
[stdout] Rendered 34/8755, time remaining: 43m 46s
[stdout] Rendered 35/8755, time remaining: 43m 35s
[stdout] Rendered 36/8755, time remaining: 43m 17s
[stdout] Rendered 37/8755, time remaining: 43m 18s
[stdout] Rendered 38/8755, time remaining: 43m 16s
[stdout] Rendered 39/8755, time remaining: 42m 55s
[stdout] Rendered 40/8755, time remaining: 42m 44s
[stdout] Rendered 41/8755, time remaining: 42m 31s
[stdout] Rendered 42/8755, time remaining: 42m 20s
[stdout] Rendered 43/8755, time remaining: 42m 5s
[stdout] Rendered 44/8755, time remaining: 41m 41s
[stdout] Rendered 45/8755, time remaining: 41m 18s
[stdout] Rendered 46/8755, time remaining: 40m 56s
[stdout] Rendered 47/8755, time remaining: 40m 51s
[stdout] Rendered 48/8755, time remaining: 40m 31s
[stdout] Rendered 48/8755, time remaining: 40m 31s
[stdout] Rendered 49/8755, time remaining: 40m 21s
[stdout] Rendered 50/8755, time remaining: 40m 2s
[stdout] Rendered 51/8755, time remaining: 39m 45s
[stdout] Rendered 52/8755, time remaining: 39m 35s
[stdout] Rendered 53/8755, time remaining: 39m 23s
[stdout] Rendered 54/8755, time remaining: 39m 15s
[stdout] Rendered 55/8755, time remaining: 38m 58s
[stdout] Rendered 56/8755, time remaining: 38m 48s
[stdout] Rendered 57/8755, time remaining: 38m 30s
[stdout] Rendered 58/8755, time remaining: 38m 19s
[stdout] Rendered 59/8755, time remaining: 38m 8s
[stdout] Rendered 60/8755, time remaining: 37m 50s
[stdout] Rendered 61/8755, time remaining: 37m 46s
[stdout] Rendered 62/8755, time remaining: 37m 34s
[stdout] Rendered 63/8755, time remaining: 37m 27s
[stdout] Rendered 63/8755, time remaining: 37m 27s
[stdout] Rendered 64/8755, time remaining: 37m 15s
[stdout] Rendered 65/8755, time remaining: 37m 11s
[stdout] Rendered 66/8755, time remaining: 37m 3s
[stdout] Rendered 67/8755, time remaining: 36m 55s
[stdout] Rendered 68/8755, time remaining: 36m 46s
[stdout] Rendered 69/8755, time remaining: 36m 36s
[stdout] Rendered 70/8755, time remaining: 36m 23s
[stdout] Rendered 71/8755, time remaining: 36m 13s
[stdout] Rendered 72/8755, time remaining: 35m 56s
[stdout] Rendered 73/8755, time remaining: 35m 46s
[stdout] Rendered 74/8755, time remaining: 35m 41s
[stdout] Rendered 75/8755, time remaining: 35m 38s
[stdout] Rendered 76/8755, time remaining: 35m 28s
[stdout] Rendered 77/8755, time remaining: 35m 22s
[stdout] Rendered 78/8755, time remaining: 35m 24s
[stdout] Rendered 79/8755, time remaining: 35m 18s
[stdout] Rendered 80/8755, time remaining: 35m 9s
[stdout] Rendered 80/8755, time remaining: 35m 9s
[stdout] Rendered 81/8755, time remaining: 35m 0s
[stdout] Rendered 82/8755, time remaining: 34m 51s
[stdout] Rendered 83/8755, time remaining: 34m 46s
[stdout] Rendered 84/8755, time remaining: 34m 39s
[stdout] Rendered 85/8755, time remaining: 34m 32s
[stdout] Rendered 86/8755, time remaining: 34m 23s
[stdout] Rendered 87/8755, time remaining: 34m 11s
[stdout] Rendered 88/8755, time remaining: 34m 4s
[stdout] Rendered 89/8755, time remaining: 33m 53s
[stdout] Rendered 90/8755, time remaining: 33m 46s
[stdout] Rendered 91/8755, time remaining: 33m 41s
[stdout] Rendered 92/8755, time remaining: 33m 30s
[stdout] Rendered 93/8755, time remaining: 33m 24s
[stdout] Rendered 94/8755, time remaining: 33m 15s
[stdout] Rendered 95/8755, time remaining: 33m 6s
[stdout] Rendered 96/8755, time remaining: 32m 57s
[stdout] Rendered 97/8755, time remaining: 32m 46s
[stdout] Rendered 98/8755, time remaining: 32m 41s
[stdout] Rendered 98/8755, time remaining: 32m 41s
[stdout] Rendered 98/8755, time remaining: 32m 41s
[stdout] Rendered 98/8755, time remaining: 32m 41s
[stdout] Rendered 98/8755, time remaining: 32m 41s
[stdout] Rendered 98/8755, time remaining: 32m 41s
[stdout] Rendered 99/8755, time remaining: 35m 30s
[stdout] Rendered 100/8755, time remaining: 38m 23s
[stdout] Rendered 101/8755, time remaining: 41m 0s
[stdout] Rendered 102/8755, time remaining: 43m 42s
[stdout] Rendered 103/8755, time remaining: 46m 25s
[stdout] Rendered 104/8755, time remaining: 49m 7s
[stdout] Rendered 104/8755, time remaining: 49m 7s
[stdout] Rendered 105/8755, time remaining: 49m 29s
[stdout] Rendered 106/8755, time remaining: 49m 49s
[stdout] Rendered 107/8755, time remaining: 50m 12s
[stdout] Rendered 108/8755, time remaining: 50m 35s
[stdout] Rendered 109/8755, time remaining: 51m 0s
[stdout] Rendered 110/8755, time remaining: 51m 22s
[stdout] Rendered 111/8755, time remaining: 51m 5s
[stdout] Rendered 112/8755, time remaining: 50m 49s
[stdout] Rendered 113/8755, time remaining: 50m 36s
[stdout] Rendered 114/8755, time remaining: 50m 23s
[stdout] Rendered 115/8755, time remaining: 50m 11s
[stdout] Rendered 116/8755, time remaining: 49m 59s
[stdout] Rendered 117/8755, time remaining: 49m 42s
[stdout] Rendered 118/8755, time remaining: 49m 28s
[stdout] Rendered 119/8755, time remaining: 49m 12s
[stdout] Rendered 119/8755, time remaining: 49m 12s
[stdout] Rendered 120/8755, time remaining: 48m 58s
[stdout] Rendered 121/8755, time remaining: 48m 44s
[stdout] Rendered 122/8755, time remaining: 48m 33s
[stdout] Rendered 123/8755, time remaining: 48m 18s
[stdout] Rendered 124/8755, time remaining: 48m 6s
[stdout] Rendered 125/8755, time remaining: 47m 55s
[stdout] Rendered 126/8755, time remaining: 47m 42s
[stdout] Rendered 127/8755, time remaining: 47m 29s
[stdout] Rendered 128/8755, time remaining: 47m 17s
[stdout] Rendered 129/8755, time remaining: 47m 6s
[stdout] Rendered 130/8755, time remaining: 46m 51s
[stdout] Rendered 131/8755, time remaining: 46m 38s
[stdout] Rendered 132/8755, time remaining: 46m 25s
[stdout] Rendered 133/8755, time remaining: 46m 16s
[stdout] Rendered 134/8755, time remaining: 46m 6s
[stdout] Rendered 135/8755, time remaining: 45m 54s
[stdout] Rendered 136/8755, time remaining: 45m 45s
[stdout] Rendered 137/8755, time remaining: 45m 35s
[stdout] Rendered 138/8755, time remaining: 45m 25s
[stdout] Rendered 138/8755, time remaining: 45m 25s
[stdout] Rendered 139/8755, time remaining: 45m 17s
[stdout] Rendered 140/8755, time remaining: 45m 7s
[stdout] Rendered 141/8755, time remaining: 44m 59s
[stdout] Rendered 142/8755, time remaining: 44m 52s
[stdout] Rendered 143/8755, time remaining: 44m 46s
[stdout] Rendered 144/8755, time remaining: 44m 39s
[stdout] Rendered 145/8755, time remaining: 44m 31s
[stdout] Rendered 146/8755, time remaining: 44m 24s
[stdout] Rendered 147/8755, time remaining: 44m 18s
[stdout] Rendered 148/8755, time remaining: 44m 14s
[stdout] Rendered 149/8755, time remaining: 44m 7s
[stdout] Rendered 150/8755, time remaining: 44m 1s
[stdout] Rendered 151/8755, time remaining: 43m 52s
[stdout] Rendered 152/8755, time remaining: 43m 43s
[stdout] Rendered 153/8755, time remaining: 43m 35s
[stdout] Rendered 153/8755, time remaining: 43m 35s
[stdout] Rendered 154/8755, time remaining: 43m 29s
[stdout] Rendered 155/8755, time remaining: 43m 25s
[stdout] Rendered 156/8755, time remaining: 43m 21s
[stdout] Rendered 157/8755, time remaining: 43m 20s
[stdout] Rendered 158/8755, time remaining: 43m 12s
[stdout] Rendered 159/8755, time remaining: 43m 9s
[stdout] Rendered 160/8755, time remaining: 43m 3s
[stdout] Rendered 161/8755, time remaining: 42m 53s
[stdout] Rendered 162/8755, time remaining: 42m 45s
[stdout] Rendered 163/8755, time remaining: 42m 37s
[stdout] Rendered 164/8755, time remaining: 42m 29s
[stdout] Rendered 165/8755, time remaining: 42m 23s
[stdout] Rendered 166/8755, time remaining: 42m 17s
[stdout] Rendered 167/8755, time remaining: 42m 8s
[stdout] Rendered 168/8755, time remaining: 42m 0s
[stdout] Rendered 169/8755, time remaining: 41m 53s
[stdout] Rendered 170/8755, time remaining: 41m 45s
[stdout] Rendered 171/8755, time remaining: 41m 39s
[stdout] Rendered 171/8755, time remaining: 41m 39s
[stdout] Rendered 172/8755, time remaining: 41m 31s
[stdout] Rendered 173/8755, time remaining: 41m 25s
[stdout] Rendered 174/8755, time remaining: 41m 19s
[stdout] Rendered 175/8755, time remaining: 41m 11s
[stdout] Rendered 176/8755, time remaining: 41m 6s
[stdout] Rendered 177/8755, time remaining: 40m 58s
[stdout] Rendered 178/8755, time remaining: 40m 53s
[stdout] Rendered 179/8755, time remaining: 40m 45s
[stdout] Rendered 180/8755, time remaining: 40m 42s
[stdout] Rendered 181/8755, time remaining: 40m 33s
[stdout] Rendered 182/8755, time remaining: 40m 28s
[stdout] Rendered 183/8755, time remaining: 40m 21s
[stdout] Rendered 184/8755, time remaining: 40m 15s
[stdout] Rendered 185/8755, time remaining: 40m 9s
[stdout] Rendered 186/8755, time remaining: 40m 3s
[stdout] Rendered 187/8755, time remaining: 39m 56s
[stdout] Rendered 188/8755, time remaining: 39m 50s
[stdout] Rendered 189/8755, time remaining: 39m 44s
[stdout] Rendered 189/8755, time remaining: 39m 44s
[stdout] Rendered 190/8755, time remaining: 39m 39s
[stdout] Rendered 191/8755, time remaining: 39m 33s
[stdout] Rendered 192/8755, time remaining: 39m 27s
[stdout] Rendered 193/8755, time remaining: 39m 21s
[stdout] Rendered 194/8755, time remaining: 39m 18s
[stdout] Rendered 195/8755, time remaining: 39m 12s
[stdout] Rendered 196/8755, time remaining: 39m 6s
[stdout] Rendered 197/8755, time remaining: 39m 2s
[stdout] Rendered 198/8755, time remaining: 38m 57s
[stdout] Rendered 199/8755, time remaining: 38m 51s
[stdout] Rendered 200/8755, time remaining: 38m 45s
[stdout] Rendered 201/8755, time remaining: 38m 40s
[stdout] Rendered 202/8755, time remaining: 38m 35s
[stdout] Rendered 203/8755, time remaining: 38m 30s
[stdout] Rendered 204/8755, time remaining: 38m 25s
[stdout] Rendered 205/8755, time remaining: 38m 20s
[stdout] Rendered 206/8755, time remaining: 38m 16s
[stdout] Rendered 207/8755, time remaining: 38m 10s
[stdout] Rendered 208/8755, time remaining: 38m 6s
[stdout] Rendered 209/8755, time remaining: 38m 1s
[stdout] Rendered 209/8755, time remaining: 38m 1s
[stdout] Rendered 210/8755, time remaining: 37m 57s
[stdout] Rendered 211/8755, time remaining: 37m 51s
[stdout] Rendered 212/8755, time remaining: 37m 47s
[stdout] Rendered 213/8755, time remaining: 37m 43s
[stdout] Rendered 214/8755, time remaining: 37m 36s
[stdout] Rendered 215/8755, time remaining: 37m 32s
[stdout] Rendered 216/8755, time remaining: 37m 29s
[stdout] Rendered 217/8755, time remaining: 37m 24s
[stdout] Rendered 218/8755, time remaining: 37m 21s
[stdout] Rendered 219/8755, time remaining: 37m 16s
[stdout] Rendered 220/8755, time remaining: 37m 12s
[stdout] Rendered 221/8755, time remaining: 37m 8s
[stdout] Rendered 222/8755, time remaining: 37m 4s
[stdout] Rendered 223/8755, time remaining: 37m 0s
[stdout] Rendered 224/8755, time remaining: 36m 56s
[stdout] Rendered 225/8755, time remaining: 36m 54s
[stdout] Rendered 226/8755, time remaining: 36m 49s
[stdout] Rendered 227/8755, time remaining: 36m 47s
[stdout] Rendered 228/8755, time remaining: 36m 43s
[stdout] Rendered 228/8755, time remaining: 36m 43s
[stdout] Rendered 229/8755, time remaining: 36m 40s
[stdout] Rendered 230/8755, time remaining: 36m 35s
[stdout] Rendered 231/8755, time remaining: 36m 31s
[stdout] Rendered 232/8755, time remaining: 36m 27s
[stdout] Rendered 233/8755, time remaining: 36m 24s
[stdout] Rendered 234/8755, time remaining: 36m 20s
[stdout] Rendered 235/8755, time remaining: 36m 17s
[stdout] Rendered 236/8755, time remaining: 36m 15s
[stdout] Rendered 237/8755, time remaining: 36m 13s
[stdout] Rendered 238/8755, time remaining: 36m 10s
[stdout] Rendered 239/8755, time remaining: 36m 8s
[stdout] Rendered 240/8755, time remaining: 36m 7s
[stdout] Rendered 241/8755, time remaining: 36m 8s
[stdout] Rendered 241/8755, time remaining: 36m 8s
[stdout] Rendered 242/8755, time remaining: 36m 7s
[stdout] Rendered 243/8755, time remaining: 36m 7s
[stdout] Rendered 244/8755, time remaining: 36m 7s
[stdout] Rendered 245/8755, time remaining: 36m 7s
[stdout] Rendered 246/8755, time remaining: 36m 7s
[stdout] Rendered 247/8755, time remaining: 36m 4s
[stdout] Rendered 248/8755, time remaining: 36m 1s
[stdout] Rendered 249/8755, time remaining: 35m 58s
[stdout] Rendered 250/8755, time remaining: 35m 55s
[stdout] Rendered 251/8755, time remaining: 35m 51s
[stdout] Rendered 252/8755, time remaining: 35m 48s
[stdout] Rendered 253/8755, time remaining: 35m 45s
[stdout] Rendered 254/8755, time remaining: 35m 42s
[stdout] Rendered 255/8755, time remaining: 35m 39s
[stdout] Rendered 255/8755, time remaining: 35m 39s
[stdout] Rendered 256/8755, time remaining: 35m 40s
[stdout] Rendered 257/8755, time remaining: 35m 40s
[stdout] Rendered 258/8755, time remaining: 35m 42s
[stdout] Rendered 259/8755, time remaining: 35m 41s
[stdout] Rendered 260/8755, time remaining: 35m 40s
[stdout] Rendered 261/8755, time remaining: 35m 41s
[stdout] Rendered 262/8755, time remaining: 35m 37s
[stdout] Rendered 263/8755, time remaining: 35m 35s
[stdout] Rendered 264/8755, time remaining: 35m 31s
[stdout] Rendered 265/8755, time remaining: 35m 29s
[stdout] Rendered 266/8755, time remaining: 35m 25s
[stdout] Rendered 267/8755, time remaining: 35m 20s
[stdout] Rendered 268/8755, time remaining: 35m 18s
[stdout] Rendered 269/8755, time remaining: 35m 14s
[stdout] Rendered 270/8755, time remaining: 35m 11s
[stdout] Rendered 271/8755, time remaining: 35m 6s
[stdout] Rendered 272/8755, time remaining: 35m 4s
[stdout] Rendered 273/8755, time remaining: 35m 2s
[stdout] Rendered 273/8755, time remaining: 35m 2s
[stdout] Rendered 274/8755, time remaining: 35m 1s
[stdout] Rendered 275/8755, time remaining: 34m 59s
[stdout] Rendered 276/8755, time remaining: 34m 58s
[stdout] Rendered 277/8755, time remaining: 34m 57s
[stdout] Rendered 278/8755, time remaining: 34m 54s
[stdout] Rendered 279/8755, time remaining: 34m 50s
[stdout] Rendered 280/8755, time remaining: 34m 48s
[stdout] Rendered 281/8755, time remaining: 34m 44s
[stdout] Rendered 282/8755, time remaining: 34m 42s
[stdout] Rendered 283/8755, time remaining: 34m 41s
[stdout] Rendered 284/8755, time remaining: 34m 39s
[stdout] Rendered 285/8755, time remaining: 34m 37s
[stdout] Rendered 286/8755, time remaining: 34m 33s
[stdout] Rendered 287/8755, time remaining: 34m 29s
[stdout] Rendered 288/8755, time remaining: 34m 25s
[stdout] Rendered 289/8755, time remaining: 34m 22s
[stdout] Rendered 290/8755, time remaining: 34m 20s
[stdout] Rendered 291/8755, time remaining: 34m 17s
[stdout] Rendered 291/8755, time remaining: 34m 17s
[stdout] Rendered 292/8755, time remaining: 34m 15s
[stdout] Rendered 293/8755, time remaining: 34m 13s
[stdout] Rendered 294/8755, time remaining: 34m 10s
[stdout] Rendered 295/8755, time remaining: 34m 7s
[stdout] Rendered 296/8755, time remaining: 34m 4s
[stdout] Rendered 297/8755, time remaining: 34m 1s
[stdout] Rendered 298/8755, time remaining: 33m 58s
[stdout] Rendered 299/8755, time remaining: 33m 55s
[stdout] Rendered 300/8755, time remaining: 33m 53s
[stdout] Rendered 301/8755, time remaining: 33m 51s
[stdout] Rendered 302/8755, time remaining: 33m 47s
[stdout] Rendered 303/8755, time remaining: 33m 47s
[stdout] Rendered 304/8755, time remaining: 33m 43s
[stdout] Rendered 305/8755, time remaining: 33m 40s
[stdout] Rendered 306/8755, time remaining: 33m 38s
[stdout] Rendered 307/8755, time remaining: 33m 36s
[stdout] Rendered 308/8755, time remaining: 33m 33s
[stdout] Rendered 309/8755, time remaining: 33m 31s
[stdout] Rendered 310/8755, time remaining: 33m 29s
[stdout] Rendered 311/8755, time remaining: 33m 26s
[stdout] Rendered 311/8755, time remaining: 33m 26s
[stdout] Rendered 312/8755, time remaining: 33m 23s
[stdout] Rendered 313/8755, time remaining: 33m 22s
[stdout] Rendered 314/8755, time remaining: 33m 20s
[stdout] Rendered 315/8755, time remaining: 33m 17s
[stdout] Rendered 316/8755, time remaining: 33m 15s
[stdout] Rendered 317/8755, time remaining: 33m 14s
[stdout] Rendered 318/8755, time remaining: 33m 13s
[stdout] Rendered 319/8755, time remaining: 33m 10s
[stdout] Rendered 320/8755, time remaining: 33m 9s
[stdout] Rendered 321/8755, time remaining: 33m 7s
[stdout] Rendered 322/8755, time remaining: 33m 6s
[stdout] Rendered 323/8755, time remaining: 33m 6s
[stdout] Rendered 324/8755, time remaining: 33m 3s
[stdout] Rendered 325/8755, time remaining: 33m 0s
[stdout] Rendered 326/8755, time remaining: 32m 58s
[stdout] Rendered 327/8755, time remaining: 32m 56s
[stdout] Rendered 328/8755, time remaining: 32m 53s
[stdout] Rendered 329/8755, time remaining: 32m 50s
[stdout] Rendered 329/8755, time remaining: 32m 50s
[stdout] Rendered 330/8755, time remaining: 32m 48s
[stdout] Rendered 331/8755, time remaining: 32m 46s
[stdout] Rendered 332/8755, time remaining: 32m 44s
[stdout] Rendered 333/8755, time remaining: 32m 42s
[stdout] Rendered 334/8755, time remaining: 32m 38s
[stdout] Rendered 335/8755, time remaining: 32m 37s
[stdout] Rendered 336/8755, time remaining: 32m 36s
[stdout] Rendered 337/8755, time remaining: 32m 33s
[stdout] Rendered 338/8755, time remaining: 32m 31s
[stdout] Rendered 339/8755, time remaining: 32m 29s
[stdout] Rendered 340/8755, time remaining: 32m 26s
[stdout] Rendered 341/8755, time remaining: 32m 26s
[stdout] Rendered 342/8755, time remaining: 32m 25s
[stdout] Rendered 343/8755, time remaining: 32m 25s
[stdout] Rendered 344/8755, time remaining: 32m 24s
[stdout] Rendered 345/8755, time remaining: 32m 23s
[stdout] Rendered 346/8755, time remaining: 32m 21s
[stdout] Rendered 347/8755, time remaining: 32m 19s
[stdout] Rendered 347/8755, time remaining: 32m 19s
[stdout] Rendered 348/8755, time remaining: 32m 16s
[stdout] Rendered 349/8755, time remaining: 32m 15s
[stdout] Rendered 350/8755, time remaining: 32m 13s
[stdout] Rendered 351/8755, time remaining: 32m 12s
[stdout] Rendered 352/8755, time remaining: 32m 11s
[stdout] Rendered 353/8755, time remaining: 32m 8s
[stdout] Rendered 354/8755, time remaining: 32m 7s
[stdout] Rendered 355/8755, time remaining: 32m 5s
[stdout] Rendered 356/8755, time remaining: 32m 3s
[stdout] Rendered 357/8755, time remaining: 32m 2s
[stdout] Rendered 358/8755, time remaining: 31m 59s
[stdout] Rendered 359/8755, time remaining: 31m 58s
[stdout] Rendered 360/8755, time remaining: 31m 59s
[stdout] Rendered 361/8755, time remaining: 32m 0s
[stdout] Rendered 362/8755, time remaining: 32m 0s
[stdout] Rendered 362/8755, time remaining: 32m 0s
[stdout] Rendered 363/8755, time remaining: 31m 58s
[stdout] Rendered 364/8755, time remaining: 31m 58s
[stdout] Rendered 365/8755, time remaining: 31m 57s
[stdout] Rendered 366/8755, time remaining: 31m 55s
[stdout] Rendered 367/8755, time remaining: 31m 54s
[stdout] Rendered 368/8755, time remaining: 31m 53s
[stdout] Rendered 369/8755, time remaining: 31m 52s
[stdout] Rendered 370/8755, time remaining: 31m 51s
[stdout] Rendered 371/8755, time remaining: 31m 50s
[stdout] Rendered 372/8755, time remaining: 31m 47s
[stdout] Rendered 373/8755, time remaining: 31m 47s
[stdout] Rendered 374/8755, time remaining: 31m 47s
[stdout] Rendered 375/8755, time remaining: 31m 45s
[stdout] Rendered 376/8755, time remaining: 31m 44s
[stdout] Rendered 377/8755, time remaining: 31m 41s
[stdout] Rendered 378/8755, time remaining: 31m 40s
[stdout] Rendered 379/8755, time remaining: 31m 38s
[stdout] Rendered 380/8755, time remaining: 31m 37s
[stdout] Rendered 380/8755, time remaining: 31m 37s
[stdout] Rendered 381/8755, time remaining: 31m 35s
[stdout] Rendered 382/8755, time remaining: 31m 33s
[stdout] Rendered 383/8755, time remaining: 31m 32s
[stdout] Rendered 384/8755, time remaining: 31m 30s
[stdout] Rendered 385/8755, time remaining: 31m 29s
[stdout] Rendered 386/8755, time remaining: 31m 28s
[stdout] Rendered 387/8755, time remaining: 31m 28s
[stdout] Rendered 388/8755, time remaining: 31m 28s
[stdout] Rendered 389/8755, time remaining: 31m 28s
[stdout] Rendered 390/8755, time remaining: 31m 26s
[stdout] Rendered 391/8755, time remaining: 31m 25s
[stdout] Rendered 392/8755, time remaining: 31m 23s
[stdout] Rendered 393/8755, time remaining: 31m 21s
[stdout] Rendered 394/8755, time remaining: 31m 19s
[stdout] Rendered 395/8755, time remaining: 31m 18s
[stdout] Rendered 396/8755, time remaining: 31m 17s
[stdout] Rendered 397/8755, time remaining: 31m 16s
[stdout] Rendered 397/8755, time remaining: 31m 16s
[stdout] Rendered 398/8755, time remaining: 31m 15s
[stdout] Rendered 399/8755, time remaining: 31m 13s
[stdout] Rendered 400/8755, time remaining: 31m 11s
[stdout] Rendered 401/8755, time remaining: 31m 9s
[stdout] Rendered 402/8755, time remaining: 31m 8s
[stdout] Rendered 403/8755, time remaining: 31m 6s
[stdout] Rendered 404/8755, time remaining: 31m 4s
[stdout] Rendered 405/8755, time remaining: 31m 3s
[stdout] Rendered 406/8755, time remaining: 31m 2s
[stdout] Rendered 407/8755, time remaining: 31m 0s
[stdout] Rendered 408/8755, time remaining: 30m 58s
[stdout] Rendered 409/8755, time remaining: 30m 56s
[stdout] Rendered 410/8755, time remaining: 30m 54s
[stdout] Rendered 411/8755, time remaining: 30m 53s
[stdout] Rendered 412/8755, time remaining: 30m 51s
[stdout] Rendered 413/8755, time remaining: 30m 51s
[stdout] Rendered 413/8755, time remaining: 30m 51s
[stdout] Rendered 414/8755, time remaining: 30m 51s
[stdout] Rendered 415/8755, time remaining: 30m 53s
[stdout] Rendered 416/8755, time remaining: 30m 55s
[stdout] Rendered 417/8755, time remaining: 30m 56s
[stdout] Rendered 418/8755, time remaining: 30m 57s
[stdout] Rendered 419/8755, time remaining: 30m 56s
[stdout] Rendered 420/8755, time remaining: 30m 54s
[stdout] Rendered 421/8755, time remaining: 30m 52s
[stdout] Rendered 422/8755, time remaining: 30m 50s
[stdout] Rendered 423/8755, time remaining: 30m 49s
[stdout] Rendered 424/8755, time remaining: 30m 48s
[stdout] Rendered 425/8755, time remaining: 30m 46s
[stdout] Rendered 426/8755, time remaining: 30m 45s
[stdout] Rendered 427/8755, time remaining: 30m 44s
[stdout] Rendered 428/8755, time remaining: 30m 41s
[stdout] Rendered 429/8755, time remaining: 30m 40s
[stdout] Rendered 430/8755, time remaining: 30m 39s
[stdout] Rendered 431/8755, time remaining: 30m 37s
[stdout] Rendered 432/8755, time remaining: 30m 35s
[stdout] Rendered 432/8755, time remaining: 30m 35s
[stdout] Rendered 433/8755, time remaining: 30m 35s
[stdout] Rendered 434/8755, time remaining: 30m 34s
[stdout] Rendered 435/8755, time remaining: 30m 34s
[stdout] Rendered 436/8755, time remaining: 30m 34s
[stdout] Rendered 437/8755, time remaining: 30m 33s
[stdout] Rendered 438/8755, time remaining: 30m 33s
[stdout] Rendered 439/8755, time remaining: 30m 31s
[stdout] Rendered 440/8755, time remaining: 30m 31s
[stdout] Rendered 441/8755, time remaining: 30m 32s
[stdout] Rendered 442/8755, time remaining: 30m 30s
[stdout] Rendered 443/8755, time remaining: 30m 28s
[stdout] Rendered 444/8755, time remaining: 30m 27s
[stdout] Rendered 445/8755, time remaining: 30m 25s
[stdout] Rendered 446/8755, time remaining: 30m 23s
[stdout] Rendered 447/8755, time remaining: 30m 22s
[stdout] Rendered 448/8755, time remaining: 30m 20s
[stdout] Rendered 448/8755, time remaining: 30m 20s
[stdout] Rendered 449/8755, time remaining: 30m 19s
[stdout] Rendered 450/8755, time remaining: 30m 19s
[stdout] Rendered 451/8755, time remaining: 30m 17s
[stdout] Rendered 452/8755, time remaining: 30m 15s
[stdout] Rendered 453/8755, time remaining: 30m 13s
[stdout] Rendered 454/8755, time remaining: 30m 12s
[stdout] Rendered 455/8755, time remaining: 30m 10s
[stdout] Rendered 456/8755, time remaining: 30m 9s
[stdout] Rendered 457/8755, time remaining: 30m 9s
[stdout] Rendered 458/8755, time remaining: 30m 10s
[stdout] Rendered 459/8755, time remaining: 30m 11s
[stdout] Rendered 460/8755, time remaining: 30m 11s
[stdout] Rendered 461/8755, time remaining: 30m 13s
[stdout] Rendered 462/8755, time remaining: 30m 13s
[stdout] Rendered 463/8755, time remaining: 30m 11s
[stdout] Rendered 464/8755, time remaining: 30m 11s
[stdout] Rendered 464/8755, time remaining: 30m 11s
[stdout] Rendered 465/8755, time remaining: 30m 9s
[stdout] Rendered 466/8755, time remaining: 30m 8s
[stdout] Rendered 467/8755, time remaining: 30m 6s
[stdout] Rendered 468/8755, time remaining: 30m 5s
[stdout] Rendered 469/8755, time remaining: 30m 4s
[stdout] Rendered 470/8755, time remaining: 30m 3s
[stdout] Rendered 471/8755, time remaining: 30m 2s
[stdout] Rendered 472/8755, time remaining: 30m 1s
[stdout] Rendered 473/8755, time remaining: 30m 0s
[stdout] Rendered 474/8755, time remaining: 30m 0s
[stdout] Rendered 475/8755, time remaining: 29m 58s
[stdout] Rendered 476/8755, time remaining: 29m 57s
[stdout] Rendered 477/8755, time remaining: 29m 56s
[stdout] Rendered 478/8755, time remaining: 29m 56s
[stdout] Rendered 478/8755, time remaining: 29m 56s
[stdout] Rendered 479/8755, time remaining: 29m 55s
[stdout] Rendered 480/8755, time remaining: 29m 56s
[stdout] Rendered 481/8755, time remaining: 29m 56s
[stdout] Rendered 482/8755, time remaining: 29m 56s
[stdout] Rendered 483/8755, time remaining: 29m 56s
[stdout] Rendered 484/8755, time remaining: 29m 55s
[stdout] Rendered 485/8755, time remaining: 29m 54s
[stdout] Rendered 486/8755, time remaining: 29m 53s
[stdout] Rendered 487/8755, time remaining: 29m 52s
[stdout] Rendered 488/8755, time remaining: 29m 51s
[stdout] Rendered 489/8755, time remaining: 29m 50s
[stdout] Rendered 490/8755, time remaining: 29m 49s
[stdout] Rendered 491/8755, time remaining: 29m 48s
[stdout] Rendered 492/8755, time remaining: 29m 46s
[stdout] Rendered 493/8755, time remaining: 29m 45s
[stdout] Rendered 494/8755, time remaining: 29m 44s
[stdout] Rendered 495/8755, time remaining: 29m 43s
[stdout] Rendered 496/8755, time remaining: 29m 42s
[stdout] Rendered 496/8755, time remaining: 29m 42s
[stdout] Rendered 497/8755, time remaining: 29m 43s
[stdout] Rendered 498/8755, time remaining: 29m 43s
[stdout] Rendered 499/8755, time remaining: 29m 44s
[stdout] Rendered 500/8755, time remaining: 29m 44s
[stdout] Rendered 501/8755, time remaining: 29m 44s
[stdout] Rendered 502/8755, time remaining: 29m 44s
[stdout] Rendered 503/8755, time remaining: 29m 42s
[stdout] Rendered 504/8755, time remaining: 29m 41s
[stdout] Rendered 505/8755, time remaining: 29m 40s
[stdout] Rendered 506/8755, time remaining: 29m 39s
[stdout] Rendered 507/8755, time remaining: 29m 38s
[stdout] Rendered 508/8755, time remaining: 29m 37s
[stdout] Rendered 509/8755, time remaining: 29m 35s
[stdout] Rendered 510/8755, time remaining: 29m 34s
[stdout] Rendered 511/8755, time remaining: 29m 33s
[stdout] Rendered 512/8755, time remaining: 29m 31s
[stdout] Rendered 513/8755, time remaining: 29m 29s
[stdout] Rendered 514/8755, time remaining: 29m 28s
[stdout] Rendered 515/8755, time remaining: 29m 27s
[stdout] Rendered 515/8755, time remaining: 29m 27s
[stdout] Rendered 516/8755, time remaining: 29m 26s
[stdout] Rendered 517/8755, time remaining: 29m 25s
[stdout] Rendered 518/8755, time remaining: 29m 23s
[stdout] Rendered 519/8755, time remaining: 29m 22s
[stdout] Rendered 520/8755, time remaining: 29m 22s
[stdout] Rendered 521/8755, time remaining: 29m 21s
[stdout] Rendered 522/8755, time remaining: 29m 21s
[stdout] Rendered 523/8755, time remaining: 29m 21s
[stdout] Rendered 524/8755, time remaining: 29m 22s
[stdout] Rendered 525/8755, time remaining: 29m 23s
[stdout] Rendered 526/8755, time remaining: 29m 23s
[stdout] Rendered 527/8755, time remaining: 29m 23s
[stdout] Rendered 528/8755, time remaining: 29m 22s
[stdout] Rendered 529/8755, time remaining: 29m 21s
[stdout] Rendered 529/8755, time remaining: 29m 21s
[stdout] Rendered 530/8755, time remaining: 29m 19s
[stdout] Rendered 531/8755, time remaining: 29m 18s
[stdout] Rendered 532/8755, time remaining: 29m 17s
[stdout] Rendered 533/8755, time remaining: 29m 16s
[stdout] Rendered 534/8755, time remaining: 29m 15s
[stdout] Rendered 535/8755, time remaining: 29m 14s
[stdout] Rendered 536/8755, time remaining: 29m 13s
[stdout] Rendered 537/8755, time remaining: 29m 11s
[stdout] Rendered 538/8755, time remaining: 29m 10s
[stdout] Rendered 539/8755, time remaining: 29m 9s
[stdout] Rendered 540/8755, time remaining: 29m 8s
[stdout] Rendered 541/8755, time remaining: 29m 7s
[stdout] Rendered 542/8755, time remaining: 29m 5s
[stdout] Rendered 543/8755, time remaining: 29m 3s
[stdout] Rendered 544/8755, time remaining: 29m 2s
[stdout] Rendered 545/8755, time remaining: 29m 1s
[stdout] Rendered 546/8755, time remaining: 29m 0s
[stdout] Rendered 547/8755, time remaining: 28m 59s
[stdout] Rendered 548/8755, time remaining: 28m 58s
[stdout] Rendered 549/8755, time remaining: 28m 56s
[stdout] Rendered 550/8755, time remaining: 28m 55s
[stdout] Rendered 551/8755, time remaining: 28m 54s
[stdout] Rendered 551/8755, time remaining: 28m 54s
[stdout] Rendered 552/8755, time remaining: 28m 52s
[stdout] Rendered 553/8755, time remaining: 28m 51s
[stdout] Rendered 554/8755, time remaining: 28m 50s
[stdout] Rendered 555/8755, time remaining: 28m 49s
[stdout] Rendered 556/8755, time remaining: 28m 48s
[stdout] Rendered 557/8755, time remaining: 28m 47s
[stdout] Rendered 558/8755, time remaining: 28m 45s
[stdout] Rendered 559/8755, time remaining: 28m 44s
[stdout] Rendered 560/8755, time remaining: 28m 43s
[stdout] Rendered 561/8755, time remaining: 28m 41s
[stdout] Rendered 562/8755, time remaining: 28m 40s
[stdout] Rendered 563/8755, time remaining: 28m 39s
[stdout] Rendered 564/8755, time remaining: 28m 39s
[stdout] Rendered 565/8755, time remaining: 28m 38s
[stdout] Rendered 566/8755, time remaining: 28m 38s
[stdout] Rendered 567/8755, time remaining: 28m 37s
[stdout] Rendered 568/8755, time remaining: 28m 35s
[stdout] Rendered 569/8755, time remaining: 28m 34s
[stdout] Rendered 570/8755, time remaining: 28m 33s
[stdout] Rendered 570/8755, time remaining: 28m 33s
[stdout] Rendered 571/8755, time remaining: 28m 32s
[stdout] Rendered 572/8755, time remaining: 28m 31s
[stdout] Rendered 573/8755, time remaining: 28m 30s
[stdout] Rendered 574/8755, time remaining: 28m 29s
[stdout] Rendered 575/8755, time remaining: 28m 29s
[stdout] Rendered 576/8755, time remaining: 28m 27s
[stdout] Rendered 577/8755, time remaining: 28m 26s
[stdout] Rendered 578/8755, time remaining: 28m 25s
[stdout] Rendered 579/8755, time remaining: 28m 24s
[stdout] Rendered 580/8755, time remaining: 28m 23s
[stdout] Rendered 581/8755, time remaining: 28m 22s
[stdout] Rendered 582/8755, time remaining: 28m 21s
[stdout] Rendered 583/8755, time remaining: 28m 20s
[stdout] Rendered 584/8755, time remaining: 28m 18s
[stdout] Rendered 585/8755, time remaining: 28m 17s
[stdout] Rendered 586/8755, time remaining: 28m 16s
[stdout] Rendered 587/8755, time remaining: 28m 14s
[stdout] Rendered 588/8755, time remaining: 28m 13s
[stdout] Rendered 589/8755, time remaining: 28m 12s
[stdout] Rendered 590/8755, time remaining: 28m 12s
[stdout] Rendered 591/8755, time remaining: 28m 10s
[stdout] Rendered 591/8755, time remaining: 28m 10s
[stdout] Rendered 592/8755, time remaining: 28m 9s
[stdout] Rendered 593/8755, time remaining: 28m 8s
[stdout] Rendered 594/8755, time remaining: 28m 8s
[stdout] Rendered 595/8755, time remaining: 28m 7s
[stdout] Rendered 596/8755, time remaining: 28m 6s
[stdout] Rendered 597/8755, time remaining: 28m 5s
[stdout] Rendered 598/8755, time remaining: 28m 4s
[stdout] Rendered 599/8755, time remaining: 28m 3s
[stdout] Rendered 600/8755, time remaining: 28m 2s
[stdout] Rendered 601/8755, time remaining: 28m 1s
[stdout] Rendered 602/8755, time remaining: 28m 1s
[stdout] Rendered 603/8755, time remaining: 28m 0s
[stdout] Rendered 604/8755, time remaining: 27m 59s
[stdout] Rendered 605/8755, time remaining: 27m 58s
[stdout] Rendered 606/8755, time remaining: 27m 57s
[stdout] Rendered 607/8755, time remaining: 27m 55s
[stdout] Rendered 608/8755, time remaining: 27m 54s
[stdout] Rendered 609/8755, time remaining: 27m 53s
[stdout] Rendered 610/8755, time remaining: 27m 52s
[stdout] Rendered 611/8755, time remaining: 27m 52s
[stdout] Rendered 612/8755, time remaining: 27m 51s
[stdout] Rendered 612/8755, time remaining: 27m 51s
[stdout] Rendered 613/8755, time remaining: 27m 50s
[stdout] Rendered 614/8755, time remaining: 27m 49s
[stdout] Rendered 615/8755, time remaining: 27m 48s
[stdout] Rendered 616/8755, time remaining: 27m 47s
[stdout] Rendered 617/8755, time remaining: 27m 46s
[stdout] Rendered 618/8755, time remaining: 27m 45s
[stdout] Rendered 619/8755, time remaining: 27m 44s
[stdout] Rendered 620/8755, time remaining: 27m 43s
[stdout] Rendered 621/8755, time remaining: 27m 42s
[stdout] Rendered 622/8755, time remaining: 27m 41s
[stdout] Rendered 623/8755, time remaining: 27m 40s
[stdout] Rendered 624/8755, time remaining: 27m 39s
[stdout] Rendered 625/8755, time remaining: 27m 38s
[stdout] Rendered 626/8755, time remaining: 27m 37s
[stdout] Rendered 627/8755, time remaining: 27m 36s
[stdout] Rendered 628/8755, time remaining: 27m 35s
[stdout] Rendered 629/8755, time remaining: 27m 34s
[stdout] Rendered 630/8755, time remaining: 27m 33s
[stdout] Rendered 631/8755, time remaining: 27m 32s
[stdout] Rendered 632/8755, time remaining: 27m 31s
[stdout] Rendered 633/8755, time remaining: 27m 30s
[stdout] Rendered 633/8755, time remaining: 27m 30s
[stdout] Rendered 634/8755, time remaining: 27m 30s
[stdout] Rendered 635/8755, time remaining: 27m 29s
[stdout] Rendered 636/8755, time remaining: 27m 28s
[stdout] Rendered 637/8755, time remaining: 27m 28s
[stdout] Rendered 638/8755, time remaining: 27m 27s
[stdout] Rendered 639/8755, time remaining: 27m 26s
[stdout] Rendered 640/8755, time remaining: 27m 25s
[stdout] Rendered 641/8755, time remaining: 27m 24s
[stdout] Rendered 642/8755, time remaining: 27m 23s
[stdout] Rendered 643/8755, time remaining: 27m 22s
[stdout] Rendered 644/8755, time remaining: 27m 21s
[stdout] Rendered 645/8755, time remaining: 27m 21s
[stdout] Rendered 646/8755, time remaining: 27m 21s
[stdout] Rendered 647/8755, time remaining: 27m 21s
[stdout] Rendered 648/8755, time remaining: 27m 21s
[stdout] Rendered 649/8755, time remaining: 27m 21s
[stdout] Rendered 650/8755, time remaining: 27m 21s
[stdout] Rendered 650/8755, time remaining: 27m 21s
[stdout] Rendered 651/8755, time remaining: 27m 20s
[stdout] Rendered 652/8755, time remaining: 27m 19s
[stdout] Rendered 653/8755, time remaining: 27m 18s
[stdout] Rendered 654/8755, time remaining: 27m 17s
[stdout] Rendered 655/8755, time remaining: 27m 16s
[stdout] Rendered 656/8755, time remaining: 27m 16s
[stdout] Rendered 657/8755, time remaining: 27m 14s
[stdout] Rendered 658/8755, time remaining: 27m 13s
[stdout] Rendered 659/8755, time remaining: 27m 12s
[stdout] Rendered 660/8755, time remaining: 27m 11s
[stdout] Rendered 661/8755, time remaining: 27m 10s
[stdout] Rendered 662/8755, time remaining: 27m 9s
[stdout] Rendered 663/8755, time remaining: 27m 8s
[stdout] Rendered 664/8755, time remaining: 27m 7s
[stdout] Rendered 665/8755, time remaining: 27m 7s
[stdout] Rendered 666/8755, time remaining: 27m 5s
[stdout] Rendered 667/8755, time remaining: 27m 4s
[stdout] Rendered 668/8755, time remaining: 27m 3s
[stdout] Rendered 669/8755, time remaining: 27m 3s
[stdout] Rendered 670/8755, time remaining: 27m 1s
[stdout] Rendered 671/8755, time remaining: 27m 0s
[stdout] Rendered 672/8755, time remaining: 26m 59s
[stdout] Rendered 672/8755, time remaining: 26m 59s
[stdout] Rendered 673/8755, time remaining: 26m 58s
[stdout] Rendered 674/8755, time remaining: 26m 57s
[stdout] Rendered 675/8755, time remaining: 26m 56s
[stdout] Rendered 676/8755, time remaining: 26m 55s
[stdout] Rendered 677/8755, time remaining: 26m 54s
[stdout] Rendered 678/8755, time remaining: 26m 53s
[stdout] Rendered 679/8755, time remaining: 26m 52s
[stdout] Rendered 680/8755, time remaining: 26m 51s
[stdout] Rendered 681/8755, time remaining: 26m 50s
[stdout] Rendered 682/8755, time remaining: 26m 49s
[stdout] Rendered 683/8755, time remaining: 26m 48s
[stdout] Rendered 684/8755, time remaining: 26m 47s
[stdout] Rendered 685/8755, time remaining: 26m 46s
[stdout] Rendered 686/8755, time remaining: 26m 45s
[stdout] Rendered 687/8755, time remaining: 26m 44s
[stdout] Rendered 688/8755, time remaining: 26m 43s
[stdout] Rendered 689/8755, time remaining: 26m 42s
[stdout] Rendered 690/8755, time remaining: 26m 41s
[stdout] Rendered 691/8755, time remaining: 26m 40s
[stdout] Rendered 692/8755, time remaining: 26m 40s
[stdout] Rendered 693/8755, time remaining: 26m 39s
[stdout] Rendered 694/8755, time remaining: 26m 38s
[stdout] Rendered 695/8755, time remaining: 26m 37s
[stdout] Rendered 695/8755, time remaining: 26m 37s
[stdout] Rendered 696/8755, time remaining: 26m 36s
[stdout] Rendered 697/8755, time remaining: 26m 35s
[stdout] Rendered 698/8755, time remaining: 26m 34s
[stdout] Rendered 699/8755, time remaining: 26m 33s
[stdout] Rendered 700/8755, time remaining: 26m 32s
[stdout] Rendered 701/8755, time remaining: 26m 31s
[stdout] Rendered 702/8755, time remaining: 26m 30s
[stdout] Rendered 703/8755, time remaining: 26m 29s
[stdout] Rendered 704/8755, time remaining: 26m 28s
[stdout] Rendered 705/8755, time remaining: 26m 27s
[stdout] Rendered 706/8755, time remaining: 26m 26s
[stdout] Rendered 707/8755, time remaining: 26m 25s
[stdout] Rendered 708/8755, time remaining: 26m 24s
[stdout] Rendered 709/8755, time remaining: 26m 24s
[stdout] Rendered 710/8755, time remaining: 26m 23s
[stdout] Rendered 711/8755, time remaining: 26m 22s
[stdout] Rendered 712/8755, time remaining: 26m 21s
[stdout] Rendered 713/8755, time remaining: 26m 20s
[stdout] Rendered 714/8755, time remaining: 26m 19s
[stdout] Rendered 715/8755, time remaining: 26m 18s
[stdout] Rendered 716/8755, time remaining: 26m 17s
[stdout] Rendered 717/8755, time remaining: 26m 16s
[stdout] Rendered 718/8755, time remaining: 26m 15s
[stdout] Rendered 718/8755, time remaining: 26m 15s
[stdout] Rendered 719/8755, time remaining: 26m 14s
[stdout] Rendered 720/8755, time remaining: 26m 14s
[stdout] Rendered 721/8755, time remaining: 26m 13s
[stdout] Rendered 722/8755, time remaining: 26m 12s
[stdout] Rendered 723/8755, time remaining: 26m 12s
[stdout] Rendered 724/8755, time remaining: 26m 11s
[stdout] Rendered 725/8755, time remaining: 26m 10s
[stdout] Rendered 726/8755, time remaining: 26m 9s
[stdout] Rendered 727/8755, time remaining: 26m 9s
[stdout] Rendered 728/8755, time remaining: 26m 8s
[stdout] Rendered 729/8755, time remaining: 26m 7s
[stdout] Rendered 730/8755, time remaining: 26m 6s
[stdout] Rendered 731/8755, time remaining: 26m 5s
[stdout] Rendered 732/8755, time remaining: 26m 5s
[stdout] Rendered 733/8755, time remaining: 26m 4s
[stdout] Rendered 734/8755, time remaining: 26m 3s
[stdout] Rendered 735/8755, time remaining: 26m 2s
[stdout] Rendered 736/8755, time remaining: 26m 2s
[stdout] Rendered 737/8755, time remaining: 26m 1s
[stdout] Rendered 738/8755, time remaining: 26m 0s
[stdout] Rendered 739/8755, time remaining: 25m 59s
[stdout] Rendered 739/8755, time remaining: 25m 59s
[stdout] Rendered 740/8755, time remaining: 25m 58s
[stdout] Rendered 741/8755, time remaining: 25m 58s
[stdout] Rendered 742/8755, time remaining: 25m 57s
[stdout] Rendered 743/8755, time remaining: 25m 55s
[stdout] Rendered 744/8755, time remaining: 25m 54s
[stdout] Rendered 745/8755, time remaining: 25m 54s
[stdout] Rendered 746/8755, time remaining: 25m 53s
[stdout] Rendered 747/8755, time remaining: 25m 53s
[stdout] Rendered 748/8755, time remaining: 25m 52s
[stdout] Rendered 749/8755, time remaining: 25m 51s
[stdout] Rendered 750/8755, time remaining: 25m 50s
[stdout] Rendered 751/8755, time remaining: 25m 49s
[stdout] Rendered 752/8755, time remaining: 25m 49s
[stdout] Rendered 753/8755, time remaining: 25m 48s
[stdout] Rendered 754/8755, time remaining: 25m 47s
[stdout] Rendered 755/8755, time remaining: 25m 47s
[stdout] Rendered 756/8755, time remaining: 25m 46s
[stdout] Rendered 757/8755, time remaining: 25m 45s
[stdout] Rendered 758/8755, time remaining: 25m 45s
[stdout] Rendered 759/8755, time remaining: 25m 44s
[stdout] Rendered 760/8755, time remaining: 25m 43s
[stdout] Rendered 760/8755, time remaining: 25m 43s
[stdout] Rendered 761/8755, time remaining: 25m 42s
[stdout] Rendered 762/8755, time remaining: 25m 42s
[stdout] Rendered 763/8755, time remaining: 25m 42s
[stdout] Rendered 764/8755, time remaining: 25m 41s
[stdout] Rendered 765/8755, time remaining: 25m 40s
[stdout] Rendered 766/8755, time remaining: 25m 39s
[stdout] Rendered 767/8755, time remaining: 25m 38s
[stdout] Rendered 768/8755, time remaining: 25m 38s
[stdout] Rendered 769/8755, time remaining: 25m 37s
[stdout] Rendered 770/8755, time remaining: 25m 36s
[stdout] Rendered 771/8755, time remaining: 25m 35s
[stdout] Rendered 772/8755, time remaining: 25m 34s
[stdout] Rendered 773/8755, time remaining: 25m 33s
[stdout] Rendered 774/8755, time remaining: 25m 32s
[stdout] Rendered 775/8755, time remaining: 25m 32s
[stdout] Rendered 776/8755, time remaining: 25m 31s
[stdout] Rendered 777/8755, time remaining: 25m 30s
[stdout] Rendered 778/8755, time remaining: 25m 30s
[stdout] Rendered 779/8755, time remaining: 25m 29s
[stdout] Rendered 780/8755, time remaining: 25m 29s
[stdout] Rendered 781/8755, time remaining: 25m 28s
[stdout] Rendered 782/8755, time remaining: 25m 27s
[stdout] Rendered 783/8755, time remaining: 25m 26s
[stdout] Rendered 783/8755, time remaining: 25m 26s
[stdout] Rendered 784/8755, time remaining: 25m 25s
[stdout] Rendered 785/8755, time remaining: 25m 24s
[stdout] Rendered 786/8755, time remaining: 25m 23s
[stdout] Rendered 787/8755, time remaining: 25m 23s
[stdout] Rendered 788/8755, time remaining: 25m 22s
[stdout] Rendered 789/8755, time remaining: 25m 22s
[stdout] Rendered 790/8755, time remaining: 25m 21s
[stdout] Rendered 791/8755, time remaining: 25m 21s
[stdout] Rendered 792/8755, time remaining: 25m 20s
[stdout] Rendered 793/8755, time remaining: 25m 19s
[stdout] Rendered 794/8755, time remaining: 25m 18s
[stdout] Rendered 795/8755, time remaining: 25m 18s
[stdout] Rendered 796/8755, time remaining: 25m 17s
[stdout] Rendered 797/8755, time remaining: 25m 16s
[stdout] Rendered 798/8755, time remaining: 25m 16s
[stdout] Rendered 799/8755, time remaining: 25m 15s
[stdout] Rendered 800/8755, time remaining: 25m 14s
[stdout] Rendered 801/8755, time remaining: 25m 14s
[stdout] Rendered 802/8755, time remaining: 25m 13s
[stdout] Rendered 803/8755, time remaining: 25m 12s
[stdout] Rendered 804/8755, time remaining: 25m 12s
[stdout] Rendered 804/8755, time remaining: 25m 12s
[stdout] Rendered 805/8755, time remaining: 25m 11s
[stdout] Rendered 806/8755, time remaining: 25m 11s
[stdout] Rendered 807/8755, time remaining: 25m 10s
[stdout] Rendered 808/8755, time remaining: 25m 9s
[stdout] Rendered 809/8755, time remaining: 25m 9s
[stdout] Rendered 810/8755, time remaining: 25m 8s
[stdout] Rendered 811/8755, time remaining: 25m 7s
[stdout] Rendered 812/8755, time remaining: 25m 6s
[stdout] Rendered 813/8755, time remaining: 25m 6s
[stdout] Rendered 814/8755, time remaining: 25m 5s
[stdout] Rendered 815/8755, time remaining: 25m 4s
[stdout] Rendered 816/8755, time remaining: 25m 4s
[stdout] Rendered 817/8755, time remaining: 25m 3s
[stdout] Rendered 818/8755, time remaining: 25m 2s
[stdout] Rendered 819/8755, time remaining: 25m 1s
[stdout] Rendered 820/8755, time remaining: 25m 1s
[stdout] Rendered 821/8755, time remaining: 25m 0s
[stdout] Rendered 822/8755, time remaining: 24m 59s
[stdout] Rendered 823/8755, time remaining: 24m 59s
[stdout] Rendered 824/8755, time remaining: 24m 58s
[stdout] Rendered 825/8755, time remaining: 24m 57s
[stdout] Rendered 825/8755, time remaining: 24m 57s
[stdout] Rendered 826/8755, time remaining: 24m 57s
[stdout] Rendered 827/8755, time remaining: 24m 56s
[stdout] Rendered 828/8755, time remaining: 24m 55s
[stdout] Rendered 829/8755, time remaining: 24m 54s
[stdout] Rendered 830/8755, time remaining: 24m 54s
[stdout] Rendered 831/8755, time remaining: 24m 53s
[stdout] Rendered 832/8755, time remaining: 24m 52s
[stdout] Rendered 833/8755, time remaining: 24m 52s
[stdout] Rendered 834/8755, time remaining: 24m 51s
[stdout] Rendered 835/8755, time remaining: 24m 50s
[stdout] Rendered 836/8755, time remaining: 24m 50s
[stdout] Rendered 837/8755, time remaining: 24m 49s
[stdout] Rendered 838/8755, time remaining: 24m 48s
[stdout] Rendered 839/8755, time remaining: 24m 47s
[stdout] Rendered 840/8755, time remaining: 24m 47s
[stdout] Rendered 841/8755, time remaining: 24m 46s
[stdout] Rendered 842/8755, time remaining: 24m 45s
[stdout] Rendered 843/8755, time remaining: 24m 45s
[stdout] Rendered 844/8755, time remaining: 24m 44s
[stdout] Rendered 845/8755, time remaining: 24m 44s
[stdout] Rendered 846/8755, time remaining: 24m 43s
[stdout] Rendered 847/8755, time remaining: 24m 43s
[stdout] Rendered 847/8755, time remaining: 24m 43s
[stdout] Rendered 848/8755, time remaining: 24m 42s
[stdout] Rendered 849/8755, time remaining: 24m 41s
[stdout] Rendered 850/8755, time remaining: 24m 41s
[stdout] Rendered 851/8755, time remaining: 24m 40s
[stdout] Rendered 852/8755, time remaining: 24m 39s
[stdout] Rendered 853/8755, time remaining: 24m 38s
[stdout] Rendered 854/8755, time remaining: 24m 38s
[stdout] Rendered 855/8755, time remaining: 24m 37s
[stdout] Rendered 856/8755, time remaining: 24m 37s
[stdout] Rendered 857/8755, time remaining: 24m 36s
[stdout] Rendered 858/8755, time remaining: 24m 36s
[stdout] Rendered 859/8755, time remaining: 24m 35s
[stdout] Rendered 860/8755, time remaining: 24m 34s
[stdout] Rendered 861/8755, time remaining: 24m 34s
[stdout] Rendered 862/8755, time remaining: 24m 33s
[stdout] Rendered 863/8755, time remaining: 24m 32s
[stdout] Rendered 864/8755, time remaining: 24m 32s
[stdout] Rendered 865/8755, time remaining: 24m 31s
[stdout] Rendered 866/8755, time remaining: 24m 31s
[stdout] Rendered 867/8755, time remaining: 24m 30s
[stdout] Rendered 868/8755, time remaining: 24m 29s
[stdout] Rendered 868/8755, time remaining: 24m 29s
[stdout] Rendered 869/8755, time remaining: 24m 29s
[stdout] Rendered 870/8755, time remaining: 24m 28s
[stdout] Rendered 871/8755, time remaining: 24m 28s
[stdout] Rendered 872/8755, time remaining: 24m 28s
[stdout] Rendered 873/8755, time remaining: 24m 27s
[stdout] Rendered 874/8755, time remaining: 24m 27s
[stdout] Rendered 875/8755, time remaining: 24m 26s
[stdout] Rendered 876/8755, time remaining: 24m 25s
[stdout] Rendered 877/8755, time remaining: 24m 25s
[stdout] Rendered 878/8755, time remaining: 24m 24s
[stdout] Rendered 879/8755, time remaining: 24m 23s
[stdout] Rendered 880/8755, time remaining: 24m 23s
[stdout] Rendered 881/8755, time remaining: 24m 22s
[stdout] Rendered 882/8755, time remaining: 24m 21s
[stdout] Rendered 883/8755, time remaining: 24m 21s
[stdout] Rendered 884/8755, time remaining: 24m 21s
[stdout] Rendered 885/8755, time remaining: 24m 20s
[stdout] Rendered 886/8755, time remaining: 24m 20s
[stdout] Rendered 887/8755, time remaining: 24m 19s
[stdout] Rendered 888/8755, time remaining: 24m 18s
[stdout] Rendered 889/8755, time remaining: 24m 18s
[stdout] Rendered 890/8755, time remaining: 24m 18s
[stdout] Rendered 890/8755, time remaining: 24m 18s
[stdout] Rendered 891/8755, time remaining: 24m 17s
[stdout] Rendered 892/8755, time remaining: 24m 16s
[stdout] Rendered 893/8755, time remaining: 24m 15s
[stdout] Rendered 894/8755, time remaining: 24m 15s
[stdout] Rendered 895/8755, time remaining: 24m 14s
[stdout] Rendered 896/8755, time remaining: 24m 13s
[stdout] Rendered 897/8755, time remaining: 24m 13s
[stdout] Rendered 898/8755, time remaining: 24m 12s
[stdout] Rendered 899/8755, time remaining: 24m 12s
[stdout] Rendered 900/8755, time remaining: 24m 11s
[stdout] Rendered 901/8755, time remaining: 24m 11s
[stdout] Rendered 902/8755, time remaining: 24m 11s
[stdout] Rendered 903/8755, time remaining: 24m 10s
[stdout] Rendered 904/8755, time remaining: 24m 10s
[stdout] Rendered 905/8755, time remaining: 24m 9s
[stdout] Rendered 906/8755, time remaining: 24m 8s
[stdout] Rendered 907/8755, time remaining: 24m 8s
[stdout] Rendered 908/8755, time remaining: 24m 7s
[stdout] Rendered 909/8755, time remaining: 24m 7s
[stdout] Rendered 909/8755, time remaining: 24m 7s
[stdout] Rendered 910/8755, time remaining: 24m 6s
[stdout] Rendered 911/8755, time remaining: 24m 6s
[stdout] Rendered 912/8755, time remaining: 24m 6s
[stdout] Rendered 913/8755, time remaining: 24m 6s
[stdout] Rendered 914/8755, time remaining: 24m 6s
[stdout] Rendered 915/8755, time remaining: 24m 6s
[stdout] Rendered 916/8755, time remaining: 24m 6s
[stdout] Rendered 917/8755, time remaining: 24m 5s
[stdout] Rendered 918/8755, time remaining: 24m 5s
[stdout] Rendered 919/8755, time remaining: 24m 5s
[stdout] Rendered 920/8755, time remaining: 24m 4s
[stdout] Rendered 921/8755, time remaining: 24m 4s
[stdout] Rendered 922/8755, time remaining: 24m 3s
[stdout] Rendered 923/8755, time remaining: 24m 2s
[stdout] Rendered 924/8755, time remaining: 24m 2s
[stdout] Rendered 925/8755, time remaining: 24m 1s
[stdout] Rendered 926/8755, time remaining: 24m 0s
[stdout] Rendered 927/8755, time remaining: 23m 59s
[stdout] Rendered 928/8755, time remaining: 23m 59s
[stdout] Rendered 929/8755, time remaining: 23m 58s
[stdout] Rendered 930/8755, time remaining: 23m 58s
[stdout] Rendered 930/8755, time remaining: 23m 58s
[stdout] Rendered 931/8755, time remaining: 23m 57s
[stdout] Rendered 932/8755, time remaining: 23m 57s
[stdout] Rendered 933/8755, time remaining: 23m 56s
[stdout] Rendered 934/8755, time remaining: 23m 55s
[stdout] Rendered 935/8755, time remaining: 23m 55s
[stdout] Rendered 936/8755, time remaining: 23m 54s
[stdout] Rendered 937/8755, time remaining: 23m 54s
[stdout] Rendered 938/8755, time remaining: 23m 54s
[stdout] Rendered 939/8755, time remaining: 23m 53s
[stdout] Rendered 940/8755, time remaining: 23m 53s
[stdout] Rendered 941/8755, time remaining: 23m 52s
[stdout] Rendered 942/8755, time remaining: 23m 51s
[stdout] Rendered 943/8755, time remaining: 23m 51s
[stdout] Rendered 944/8755, time remaining: 23m 50s
[stdout] Rendered 945/8755, time remaining: 23m 50s
[stdout] Rendered 946/8755, time remaining: 23m 49s
[stdout] Rendered 947/8755, time remaining: 23m 48s
[stdout] Rendered 948/8755, time remaining: 23m 48s
[stdout] Rendered 949/8755, time remaining: 23m 47s
[stdout] Rendered 950/8755, time remaining: 23m 47s
[stdout] Rendered 951/8755, time remaining: 23m 46s
[stdout] Rendered 952/8755, time remaining: 23m 45s
[stdout] Rendered 953/8755, time remaining: 23m 45s
[stdout] Rendered 953/8755, time remaining: 23m 45s
[stdout] Rendered 954/8755, time remaining: 23m 45s
[stdout] Rendered 955/8755, time remaining: 23m 44s
[stdout] Rendered 956/8755, time remaining: 23m 44s
[stdout] Rendered 957/8755, time remaining: 23m 43s
[stdout] Rendered 958/8755, time remaining: 23m 42s
[stdout] Rendered 959/8755, time remaining: 23m 42s
[stdout] Rendered 960/8755, time remaining: 23m 42s
[stdout] Rendered 961/8755, time remaining: 23m 41s
[stdout] Rendered 962/8755, time remaining: 23m 41s
[stdout] Rendered 963/8755, time remaining: 23m 40s
[stdout] Rendered 964/8755, time remaining: 23m 40s
[stdout] Rendered 965/8755, time remaining: 23m 39s
[stdout] Rendered 966/8755, time remaining: 23m 39s
[stdout] Rendered 967/8755, time remaining: 23m 38s
[stdout] Rendered 968/8755, time remaining: 23m 38s
[stdout] Rendered 969/8755, time remaining: 23m 37s
[stdout] Rendered 970/8755, time remaining: 23m 37s
[stdout] Rendered 971/8755, time remaining: 23m 36s
[stdout] Rendered 972/8755, time remaining: 23m 36s
[stdout] Rendered 972/8755, time remaining: 23m 36s
[stdout] Rendered 973/8755, time remaining: 23m 35s
[stdout] Rendered 974/8755, time remaining: 23m 35s
[stdout] Rendered 975/8755, time remaining: 23m 35s
[stdout] Rendered 976/8755, time remaining: 23m 34s
[stdout] Rendered 977/8755, time remaining: 23m 34s
[stdout] Rendered 978/8755, time remaining: 23m 33s
[stdout] Rendered 979/8755, time remaining: 23m 33s
[stdout] Rendered 980/8755, time remaining: 23m 32s
[stdout] Rendered 981/8755, time remaining: 23m 31s
[stdout] Rendered 982/8755, time remaining: 23m 31s
[stdout] Rendered 983/8755, time remaining: 23m 31s
[stdout] Rendered 984/8755, time remaining: 23m 30s
[stdout] Rendered 985/8755, time remaining: 23m 30s
[stdout] Rendered 986/8755, time remaining: 23m 29s
[stdout] Rendered 987/8755, time remaining: 23m 28s
[stdout] Rendered 988/8755, time remaining: 23m 28s
[stdout] Rendered 989/8755, time remaining: 23m 27s
[stdout] Rendered 990/8755, time remaining: 23m 26s
[stdout] Rendered 991/8755, time remaining: 23m 26s
[stdout] Rendered 992/8755, time remaining: 23m 26s
[stdout] Rendered 993/8755, time remaining: 23m 25s
[stdout] Rendered 994/8755, time remaining: 23m 25s
[stdout] Rendered 994/8755, time remaining: 23m 25s
[stdout] Rendered 995/8755, time remaining: 23m 25s
[stdout] Rendered 996/8755, time remaining: 23m 24s
[stdout] Rendered 997/8755, time remaining: 23m 24s
[stdout] Rendered 998/8755, time remaining: 23m 23s
[stdout] Rendered 999/8755, time remaining: 23m 23s
[stdout] Rendered 1000/8755, time remaining: 23m 22s
[stdout] Rendered 1001/8755, time remaining: 23m 21s
[stdout] Rendered 1002/8755, time remaining: 23m 21s
[stdout] Rendered 1003/8755, time remaining: 23m 21s
[stdout] Rendered 1004/8755, time remaining: 23m 20s
[stdout] Rendered 1005/8755, time remaining: 23m 20s
[stdout] Rendered 1006/8755, time remaining: 23m 19s
[stdout] Rendered 1007/8755, time remaining: 23m 19s
[stdout] Rendered 1008/8755, time remaining: 23m 18s
[stdout] Rendered 1009/8755, time remaining: 23m 18s
[stdout] Rendered 1010/8755, time remaining: 23m 18s
[stdout] Rendered 1011/8755, time remaining: 23m 17s
[stdout] Rendered 1012/8755, time remaining: 23m 17s
[stdout] Rendered 1013/8755, time remaining: 23m 16s
[stdout] Rendered 1014/8755, time remaining: 23m 15s
[stdout] Rendered 1014/8755, time remaining: 23m 15s
[stdout] Rendered 1015/8755, time remaining: 23m 15s
[stdout] Rendered 1016/8755, time remaining: 23m 15s
[stdout] Rendered 1017/8755, time remaining: 23m 14s
[stdout] Rendered 1018/8755, time remaining: 23m 14s
[stdout] Rendered 1019/8755, time remaining: 23m 14s
[stdout] Rendered 1020/8755, time remaining: 23m 13s
[stdout] Rendered 1021/8755, time remaining: 23m 13s
[stdout] Rendered 1022/8755, time remaining: 23m 12s
[stdout] Rendered 1023/8755, time remaining: 23m 12s
[stdout] Rendered 1024/8755, time remaining: 23m 12s
[stdout] Rendered 1025/8755, time remaining: 23m 11s
[stdout] Rendered 1026/8755, time remaining: 23m 11s
[stdout] Rendered 1027/8755, time remaining: 23m 10s
[stdout] Rendered 1028/8755, time remaining: 23m 10s
[stdout] Rendered 1029/8755, time remaining: 23m 10s
[stdout] Rendered 1030/8755, time remaining: 23m 9s
[stdout] Rendered 1031/8755, time remaining: 23m 9s
[stdout] Rendered 1032/8755, time remaining: 23m 9s
[stdout] Rendered 1033/8755, time remaining: 23m 8s
[stdout] Rendered 1034/8755, time remaining: 23m 8s
[stdout] Rendered 1035/8755, time remaining: 23m 8s
[stdout] Rendered 1035/8755, time remaining: 23m 8s
[stdout] Rendered 1036/8755, time remaining: 23m 7s
[stdout] Rendered 1037/8755, time remaining: 23m 7s
[stdout] Rendered 1038/8755, time remaining: 23m 7s
[stdout] Rendered 1039/8755, time remaining: 23m 6s
[stdout] Rendered 1040/8755, time remaining: 23m 6s
[stdout] Rendered 1041/8755, time remaining: 23m 5s
[stdout] Rendered 1042/8755, time remaining: 23m 5s
[stdout] Rendered 1043/8755, time remaining: 23m 4s
[stdout] Rendered 1044/8755, time remaining: 23m 4s
[stdout] Rendered 1045/8755, time remaining: 23m 3s
[stdout] Rendered 1046/8755, time remaining: 23m 3s
[stdout] Rendered 1047/8755, time remaining: 23m 2s
[stdout] Rendered 1048/8755, time remaining: 23m 2s
[stdout] Rendered 1049/8755, time remaining: 23m 1s
[stdout] Rendered 1050/8755, time remaining: 23m 1s
[stdout] Rendered 1051/8755, time remaining: 23m 1s
[stdout] Rendered 1052/8755, time remaining: 23m 0s
[stdout] Rendered 1053/8755, time remaining: 23m 0s
[stdout] Rendered 1054/8755, time remaining: 23m 0s
[stdout] Rendered 1055/8755, time remaining: 23m 0s
[stdout] Rendered 1055/8755, time remaining: 23m 0s
[stdout] Rendered 1056/8755, time remaining: 22m 59s
[stdout] Rendered 1057/8755, time remaining: 22m 59s
[stdout] Rendered 1058/8755, time remaining: 22m 58s
[stdout] Rendered 1059/8755, time remaining: 22m 58s
[stdout] Rendered 1060/8755, time remaining: 22m 57s
[stdout] Rendered 1061/8755, time remaining: 22m 57s
[stdout] Rendered 1062/8755, time remaining: 22m 56s
[stdout] Rendered 1063/8755, time remaining: 22m 56s
[stdout] Rendered 1064/8755, time remaining: 22m 56s
[stdout] Rendered 1065/8755, time remaining: 22m 55s
[stdout] Rendered 1066/8755, time remaining: 22m 55s
[stdout] Rendered 1067/8755, time remaining: 22m 54s
[stdout] Rendered 1068/8755, time remaining: 22m 53s
[stdout] Rendered 1069/8755, time remaining: 22m 53s
[stdout] Rendered 1070/8755, time remaining: 22m 52s
[stdout] Rendered 1071/8755, time remaining: 22m 52s
[stdout] Rendered 1072/8755, time remaining: 22m 52s
[stdout] Rendered 1073/8755, time remaining: 22m 51s
[stdout] Rendered 1074/8755, time remaining: 22m 51s
[stdout] Rendered 1075/8755, time remaining: 22m 50s
[stdout] Rendered 1076/8755, time remaining: 22m 50s
[stdout] Rendered 1076/8755, time remaining: 22m 50s
[stdout] Rendered 1077/8755, time remaining: 22m 49s
[stdout] Rendered 1078/8755, time remaining: 22m 49s
[stdout] Rendered 1079/8755, time remaining: 22m 48s
[stdout] Rendered 1080/8755, time remaining: 22m 48s
[stdout] Rendered 1081/8755, time remaining: 22m 47s
[stdout] Rendered 1082/8755, time remaining: 22m 47s
[stdout] Rendered 1083/8755, time remaining: 22m 46s
[stdout] Rendered 1084/8755, time remaining: 22m 46s
[stdout] Rendered 1085/8755, time remaining: 22m 45s
[stdout] Rendered 1086/8755, time remaining: 22m 45s
[stdout] Rendered 1087/8755, time remaining: 22m 44s
[stdout] Rendered 1088/8755, time remaining: 22m 44s
[stdout] Rendered 1089/8755, time remaining: 22m 44s
[stdout] Rendered 1090/8755, time remaining: 22m 43s
[stdout] Rendered 1091/8755, time remaining: 22m 43s
[stdout] Rendered 1092/8755, time remaining: 22m 43s
[stdout] Rendered 1093/8755, time remaining: 22m 42s
[stdout] Rendered 1094/8755, time remaining: 22m 42s
[stdout] Rendered 1095/8755, time remaining: 22m 41s
[stdout] Rendered 1096/8755, time remaining: 22m 41s
[stdout] Rendered 1097/8755, time remaining: 22m 41s
[stdout] Rendered 1098/8755, time remaining: 22m 40s
[stdout] Rendered 1098/8755, time remaining: 22m 40s
[stdout] Rendered 1099/8755, time remaining: 22m 40s
[stdout] Rendered 1100/8755, time remaining: 22m 40s
[stdout] Rendered 1101/8755, time remaining: 22m 39s
[stdout] Rendered 1102/8755, time remaining: 22m 39s
[stdout] Rendered 1103/8755, time remaining: 22m 39s
[stdout] Rendered 1104/8755, time remaining: 22m 39s
[stdout] Rendered 1105/8755, time remaining: 22m 38s
[stdout] Rendered 1106/8755, time remaining: 22m 38s
[stdout] Rendered 1107/8755, time remaining: 22m 38s
[stdout] Rendered 1108/8755, time remaining: 22m 37s
[stdout] Rendered 1109/8755, time remaining: 22m 37s
[stdout] Rendered 1110/8755, time remaining: 22m 36s
[stdout] Rendered 1111/8755, time remaining: 22m 36s
[stdout] Rendered 1112/8755, time remaining: 22m 36s
[stdout] Rendered 1113/8755, time remaining: 22m 36s
[stdout] Rendered 1114/8755, time remaining: 22m 35s
[stdout] Rendered 1115/8755, time remaining: 22m 35s
[stdout] Rendered 1116/8755, time remaining: 22m 34s
[stdout] Rendered 1117/8755, time remaining: 22m 34s
[stdout] Rendered 1118/8755, time remaining: 22m 34s
[stdout] Rendered 1118/8755, time remaining: 22m 34s
[stdout] Rendered 1119/8755, time remaining: 22m 33s
[stdout] Rendered 1120/8755, time remaining: 22m 33s
[stdout] Rendered 1121/8755, time remaining: 22m 33s
[stdout] Rendered 1122/8755, time remaining: 22m 32s
[stdout] Rendered 1123/8755, time remaining: 22m 32s
[stdout] Rendered 1124/8755, time remaining: 22m 32s
[stdout] Rendered 1125/8755, time remaining: 22m 31s
[stdout] Rendered 1126/8755, time remaining: 22m 31s
[stdout] Rendered 1127/8755, time remaining: 22m 30s
[stdout] Rendered 1128/8755, time remaining: 22m 30s
[stdout] Rendered 1129/8755, time remaining: 22m 30s
[stdout] Rendered 1130/8755, time remaining: 22m 29s
[stdout] Rendered 1131/8755, time remaining: 22m 29s
[stdout] Rendered 1132/8755, time remaining: 22m 28s
[stdout] Rendered 1133/8755, time remaining: 22m 28s
[stdout] Rendered 1134/8755, time remaining: 22m 28s
[stdout] Rendered 1135/8755, time remaining: 22m 28s
[stdout] Rendered 1136/8755, time remaining: 22m 27s
[stdout] Rendered 1137/8755, time remaining: 22m 27s
[stdout] Rendered 1138/8755, time remaining: 22m 27s
[stdout] Rendered 1138/8755, time remaining: 22m 27s
[stdout] Rendered 1139/8755, time remaining: 22m 26s
[stdout] Rendered 1140/8755, time remaining: 22m 26s
[stdout] Rendered 1141/8755, time remaining: 22m 25s
[stdout] Rendered 1142/8755, time remaining: 22m 25s
[stdout] Rendered 1143/8755, time remaining: 22m 25s
[stdout] Rendered 1144/8755, time remaining: 22m 24s
[stdout] Rendered 1145/8755, time remaining: 22m 24s
[stdout] Rendered 1146/8755, time remaining: 22m 24s
[stdout] Rendered 1147/8755, time remaining: 22m 23s
[stdout] Rendered 1148/8755, time remaining: 22m 23s
[stdout] Rendered 1149/8755, time remaining: 22m 23s
[stdout] Rendered 1150/8755, time remaining: 22m 22s
[stdout] Rendered 1151/8755, time remaining: 22m 22s
[stdout] Rendered 1152/8755, time remaining: 22m 22s
[stdout] Rendered 1153/8755, time remaining: 22m 21s
[stdout] Rendered 1154/8755, time remaining: 22m 21s
[stdout] Rendered 1155/8755, time remaining: 22m 21s
[stdout] Rendered 1156/8755, time remaining: 22m 20s
[stdout] Rendered 1157/8755, time remaining: 22m 20s
[stdout] Rendered 1158/8755, time remaining: 22m 20s
[stdout] Rendered 1158/8755, time remaining: 22m 20s
[stdout] Rendered 1159/8755, time remaining: 22m 19s
[stdout] Rendered 1160/8755, time remaining: 22m 19s
[stdout] Rendered 1161/8755, time remaining: 22m 19s
[stdout] Rendered 1162/8755, time remaining: 22m 18s
[stdout] Rendered 1163/8755, time remaining: 22m 18s
[stdout] Rendered 1164/8755, time remaining: 22m 19s
[stdout] Rendered 1165/8755, time remaining: 22m 19s
[stdout] Rendered 1166/8755, time remaining: 22m 19s
[stdout] Rendered 1167/8755, time remaining: 22m 19s
[stdout] Rendered 1168/8755, time remaining: 22m 19s
[stdout] Rendered 1169/8755, time remaining: 22m 19s
[stdout] Rendered 1170/8755, time remaining: 22m 18s
[stdout] Rendered 1171/8755, time remaining: 22m 18s
[stdout] Rendered 1172/8755, time remaining: 22m 18s
[stdout] Rendered 1173/8755, time remaining: 22m 18s
[stdout] Rendered 1174/8755, time remaining: 22m 18s
[stdout] Rendered 1174/8755, time remaining: 22m 18s
[stdout] Rendered 1175/8755, time remaining: 22m 17s
[stdout] Rendered 1176/8755, time remaining: 22m 16s
[stdout] Rendered 1177/8755, time remaining: 22m 16s
[stdout] Rendered 1178/8755, time remaining: 22m 15s
[stdout] Rendered 1179/8755, time remaining: 22m 15s
[stdout] Rendered 1180/8755, time remaining: 22m 15s
[stdout] Rendered 1181/8755, time remaining: 22m 14s
[stdout] Rendered 1182/8755, time remaining: 22m 14s
[stdout] Rendered 1183/8755, time remaining: 22m 14s
[stdout] Rendered 1184/8755, time remaining: 22m 13s
[stdout] Rendered 1185/8755, time remaining: 22m 13s
[stdout] Rendered 1186/8755, time remaining: 22m 13s
[stdout] Rendered 1187/8755, time remaining: 22m 12s
[stdout] Rendered 1188/8755, time remaining: 22m 12s
[stdout] Rendered 1189/8755, time remaining: 22m 11s
[stdout] Rendered 1190/8755, time remaining: 22m 11s
[stdout] Rendered 1191/8755, time remaining: 22m 11s
[stdout] Rendered 1192/8755, time remaining: 22m 10s
[stdout] Rendered 1193/8755, time remaining: 22m 10s
[stdout] Rendered 1194/8755, time remaining: 22m 10s
[stdout] Rendered 1195/8755, time remaining: 22m 10s
[stdout] Rendered 1195/8755, time remaining: 22m 10s
[stdout] Rendered 1196/8755, time remaining: 22m 9s
[stdout] Rendered 1197/8755, time remaining: 22m 9s
[stdout] Rendered 1198/8755, time remaining: 22m 9s
[stdout] Rendered 1199/8755, time remaining: 22m 9s
[stdout] Rendered 1200/8755, time remaining: 22m 8s
[stdout] Rendered 1201/8755, time remaining: 22m 8s
[stdout] Rendered 1202/8755, time remaining: 22m 7s
[stdout] Rendered 1203/8755, time remaining: 22m 7s
[stdout] Rendered 1204/8755, time remaining: 22m 7s
[stdout] Rendered 1205/8755, time remaining: 22m 7s
[stdout] Rendered 1206/8755, time remaining: 22m 6s
[stdout] Rendered 1207/8755, time remaining: 22m 6s
[stdout] Rendered 1208/8755, time remaining: 22m 6s
[stdout] Rendered 1209/8755, time remaining: 22m 5s
[stdout] Rendered 1210/8755, time remaining: 22m 5s
[stdout] Rendered 1211/8755, time remaining: 22m 5s
[stdout] Rendered 1212/8755, time remaining: 22m 4s
[stdout] Rendered 1213/8755, time remaining: 22m 4s
[stdout] Rendered 1214/8755, time remaining: 22m 4s
[stdout] Rendered 1214/8755, time remaining: 22m 4s
[stdout] Rendered 1215/8755, time remaining: 22m 3s
[stdout] Rendered 1216/8755, time remaining: 22m 3s
[stdout] Rendered 1217/8755, time remaining: 22m 3s
[stdout] Rendered 1218/8755, time remaining: 22m 3s
[stdout] Rendered 1219/8755, time remaining: 22m 3s
[stdout] Rendered 1220/8755, time remaining: 22m 2s
[stdout] Rendered 1221/8755, time remaining: 22m 2s
[stdout] Rendered 1222/8755, time remaining: 22m 2s
[stdout] Rendered 1223/8755, time remaining: 22m 1s
[stdout] Rendered 1224/8755, time remaining: 22m 1s
[stdout] Rendered 1225/8755, time remaining: 22m 1s
[stdout] Rendered 1226/8755, time remaining: 22m 1s
[stdout] Rendered 1227/8755, time remaining: 22m 1s
[stdout] Rendered 1228/8755, time remaining: 22m 0s
[stdout] Rendered 1229/8755, time remaining: 22m 0s
[stdout] Rendered 1230/8755, time remaining: 22m 0s
[stdout] Rendered 1231/8755, time remaining: 22m 0s
[stdout] Rendered 1231/8755, time remaining: 22m 0s
[stdout] Rendered 1232/8755, time remaining: 22m 0s
[stdout] Rendered 1233/8755, time remaining: 22m 0s
[stdout] Rendered 1234/8755, time remaining: 21m 59s
[stdout] Rendered 1235/8755, time remaining: 21m 59s
[stdout] Rendered 1236/8755, time remaining: 21m 59s
[stdout] Rendered 1237/8755, time remaining: 21m 58s
[stdout] Rendered 1238/8755, time remaining: 21m 58s
[stdout] Rendered 1239/8755, time remaining: 21m 58s
[stdout] Rendered 1240/8755, time remaining: 21m 57s
[stdout] Rendered 1241/8755, time remaining: 21m 57s
[stdout] Rendered 1242/8755, time remaining: 21m 57s
[stdout] Rendered 1243/8755, time remaining: 21m 57s
[stdout] Rendered 1244/8755, time remaining: 21m 57s
[stdout] Rendered 1245/8755, time remaining: 21m 56s
[stdout] Rendered 1246/8755, time remaining: 21m 56s
[stdout] Rendered 1247/8755, time remaining: 21m 56s
[stdout] Rendered 1248/8755, time remaining: 21m 56s
[stdout] Rendered 1249/8755, time remaining: 21m 55s
[stdout] Rendered 1250/8755, time remaining: 21m 55s
[stdout] Rendered 1251/8755, time remaining: 21m 55s
[stdout] Rendered 1251/8755, time remaining: 21m 55s
[stdout] Rendered 1252/8755, time remaining: 21m 55s
[stdout] Rendered 1253/8755, time remaining: 21m 54s
[stdout] Rendered 1254/8755, time remaining: 21m 54s
[stdout] Rendered 1255/8755, time remaining: 21m 54s
[stdout] Rendered 1256/8755, time remaining: 21m 54s
[stdout] Rendered 1257/8755, time remaining: 21m 54s
[stdout] Rendered 1258/8755, time remaining: 21m 53s
[stdout] Rendered 1259/8755, time remaining: 21m 53s
[stdout] Rendered 1260/8755, time remaining: 21m 52s
[stdout] Rendered 1261/8755, time remaining: 21m 52s
[stdout] Rendered 1262/8755, time remaining: 21m 52s
[stdout] Rendered 1263/8755, time remaining: 21m 52s
[stdout] Rendered 1264/8755, time remaining: 21m 52s
[stdout] Rendered 1265/8755, time remaining: 21m 51s
[stdout] Rendered 1266/8755, time remaining: 21m 51s
[stdout] Rendered 1267/8755, time remaining: 21m 51s
[stdout] Rendered 1268/8755, time remaining: 21m 50s
[stdout] Rendered 1269/8755, time remaining: 21m 50s
[stdout] Rendered 1270/8755, time remaining: 21m 50s
[stdout] Rendered 1270/8755, time remaining: 21m 50s
[stdout] Rendered 1271/8755, time remaining: 21m 49s
[stdout] Rendered 1272/8755, time remaining: 21m 49s
[stdout] Rendered 1273/8755, time remaining: 21m 49s
[stdout] Rendered 1274/8755, time remaining: 21m 48s
[stdout] Rendered 1275/8755, time remaining: 21m 48s
[stdout] Rendered 1276/8755, time remaining: 21m 48s
[stdout] Rendered 1277/8755, time remaining: 21m 47s
[stdout] Rendered 1278/8755, time remaining: 21m 47s
[stdout] Rendered 1279/8755, time remaining: 21m 47s
[stdout] Rendered 1280/8755, time remaining: 21m 46s
[stdout] Rendered 1281/8755, time remaining: 21m 46s
[stdout] Rendered 1282/8755, time remaining: 21m 46s
[stdout] Rendered 1283/8755, time remaining: 21m 45s
[stdout] Rendered 1284/8755, time remaining: 21m 45s
[stdout] Rendered 1285/8755, time remaining: 21m 45s
[stdout] Rendered 1286/8755, time remaining: 21m 45s
[stdout] Rendered 1287/8755, time remaining: 21m 45s
[stdout] Rendered 1288/8755, time remaining: 21m 44s
[stdout] Rendered 1289/8755, time remaining: 21m 44s
[stdout] Rendered 1290/8755, time remaining: 21m 43s
[stdout] Rendered 1290/8755, time remaining: 21m 43s
[stdout] Rendered 1291/8755, time remaining: 21m 43s
[stdout] Rendered 1292/8755, time remaining: 21m 43s
[stdout] Rendered 1293/8755, time remaining: 21m 42s
[stdout] Rendered 1294/8755, time remaining: 21m 42s
[stdout] Rendered 1295/8755, time remaining: 21m 42s
[stdout] Rendered 1296/8755, time remaining: 21m 41s
[stdout] Rendered 1297/8755, time remaining: 21m 41s
[stdout] Rendered 1298/8755, time remaining: 21m 41s
[stdout] Rendered 1299/8755, time remaining: 21m 41s
[stdout] Rendered 1300/8755, time remaining: 21m 41s
[stdout] Rendered 1301/8755, time remaining: 21m 40s
[stdout] Rendered 1302/8755, time remaining: 21m 40s
[stdout] Rendered 1303/8755, time remaining: 21m 40s
[stdout] Rendered 1304/8755, time remaining: 21m 39s
[stdout] Rendered 1305/8755, time remaining: 21m 39s
[stdout] Rendered 1306/8755, time remaining: 21m 39s
[stdout] Rendered 1307/8755, time remaining: 21m 38s
[stdout] Rendered 1308/8755, time remaining: 21m 38s
[stdout] Rendered 1309/8755, time remaining: 21m 38s
[stdout] Rendered 1310/8755, time remaining: 21m 37s
[stdout] Rendered 1310/8755, time remaining: 21m 37s
[stdout] Rendered 1311/8755, time remaining: 21m 37s
[stdout] Rendered 1312/8755, time remaining: 21m 37s
[stdout] Rendered 1313/8755, time remaining: 21m 37s
[stdout] Rendered 1314/8755, time remaining: 21m 36s
[stdout] Rendered 1315/8755, time remaining: 21m 36s
[stdout] Rendered 1316/8755, time remaining: 21m 36s
[stdout] Rendered 1317/8755, time remaining: 21m 35s
[stdout] Rendered 1318/8755, time remaining: 21m 35s
[stdout] Rendered 1319/8755, time remaining: 21m 35s
[stdout] Rendered 1320/8755, time remaining: 21m 35s
[stdout] Rendered 1321/8755, time remaining: 21m 34s
[stdout] Rendered 1322/8755, time remaining: 21m 34s
[stdout] Rendered 1323/8755, time remaining: 21m 34s
[stdout] Rendered 1324/8755, time remaining: 21m 33s
[stdout] Rendered 1325/8755, time remaining: 21m 33s
[stdout] Rendered 1326/8755, time remaining: 21m 33s
[stdout] Rendered 1327/8755, time remaining: 21m 32s
[stdout] Rendered 1328/8755, time remaining: 21m 32s
[stdout] Rendered 1329/8755, time remaining: 21m 32s
[stdout] Rendered 1329/8755, time remaining: 21m 32s
[stdout] Rendered 1330/8755, time remaining: 21m 32s
[stdout] Rendered 1331/8755, time remaining: 21m 32s
[stdout] Rendered 1332/8755, time remaining: 21m 31s
[stdout] Rendered 1333/8755, time remaining: 21m 31s
[stdout] Rendered 1334/8755, time remaining: 21m 31s
[stdout] Rendered 1335/8755, time remaining: 21m 30s
[stdout] Rendered 1336/8755, time remaining: 21m 30s
[stdout] Rendered 1337/8755, time remaining: 21m 30s
[stdout] Rendered 1338/8755, time remaining: 21m 29s
[stdout] Rendered 1339/8755, time remaining: 21m 29s
[stdout] Rendered 1340/8755, time remaining: 21m 29s
[stdout] Rendered 1341/8755, time remaining: 21m 29s
[stdout] Rendered 1342/8755, time remaining: 21m 28s
[stdout] Rendered 1343/8755, time remaining: 21m 28s
[stdout] Rendered 1344/8755, time remaining: 21m 28s
[stdout] Rendered 1345/8755, time remaining: 21m 28s
[stdout] Rendered 1346/8755, time remaining: 21m 27s
[stdout] Rendered 1347/8755, time remaining: 21m 27s
[stdout] Rendered 1348/8755, time remaining: 21m 27s
[stdout] Rendered 1349/8755, time remaining: 21m 26s
[stdout] Rendered 1350/8755, time remaining: 21m 26s
[stdout] Rendered 1350/8755, time remaining: 21m 26s
[stdout] Rendered 1351/8755, time remaining: 21m 26s
[stdout] Rendered 1352/8755, time remaining: 21m 25s
[stdout] Rendered 1353/8755, time remaining: 21m 25s
[stdout] Rendered 1354/8755, time remaining: 21m 25s
[stdout] Rendered 1355/8755, time remaining: 21m 25s
[stdout] Rendered 1356/8755, time remaining: 21m 24s
[stdout] Rendered 1357/8755, time remaining: 21m 24s
[stdout] Rendered 1358/8755, time remaining: 21m 24s
[stdout] Rendered 1359/8755, time remaining: 21m 23s
[stdout] Rendered 1360/8755, time remaining: 21m 23s
[stdout] Rendered 1361/8755, time remaining: 21m 23s
[stdout] Rendered 1362/8755, time remaining: 21m 22s
[stdout] Rendered 1363/8755, time remaining: 21m 22s
[stdout] Rendered 1364/8755, time remaining: 21m 22s
[stdout] Rendered 1365/8755, time remaining: 21m 22s
[stdout] Rendered 1366/8755, time remaining: 21m 21s
[stdout] Rendered 1367/8755, time remaining: 21m 21s
[stdout] Rendered 1368/8755, time remaining: 21m 21s
[stdout] Rendered 1369/8755, time remaining: 21m 21s
[stdout] Rendered 1369/8755, time remaining: 21m 21s
[stdout] Rendered 1370/8755, time remaining: 21m 21s
[stdout] Rendered 1371/8755, time remaining: 21m 20s
[stdout] Rendered 1372/8755, time remaining: 21m 20s
[stdout] Rendered 1373/8755, time remaining: 21m 20s
[stdout] Rendered 1374/8755, time remaining: 21m 20s
[stdout] Rendered 1375/8755, time remaining: 21m 19s
[stdout] Rendered 1376/8755, time remaining: 21m 20s
[stdout] Rendered 1377/8755, time remaining: 21m 19s
[stdout] Rendered 1378/8755, time remaining: 21m 20s
[stdout] Rendered 1379/8755, time remaining: 21m 20s
[stdout] Rendered 1380/8755, time remaining: 21m 21s
[stdout] Rendered 1381/8755, time remaining: 21m 21s
[stdout] Rendered 1382/8755, time remaining: 21m 21s
[stdout] Rendered 1383/8755, time remaining: 21m 21s
[stdout] Rendered 1383/8755, time remaining: 21m 21s
[stdout] Rendered 1384/8755, time remaining: 21m 21s
[stdout] Rendered 1385/8755, time remaining: 21m 22s
[stdout] Rendered 1386/8755, time remaining: 21m 22s
[stdout] Rendered 1387/8755, time remaining: 21m 23s
[stdout] Rendered 1388/8755, time remaining: 21m 23s
[stdout] Rendered 1389/8755, time remaining: 21m 23s
[stdout] Rendered 1390/8755, time remaining: 21m 23s
[stdout] Rendered 1391/8755, time remaining: 21m 22s
[stdout] Rendered 1392/8755, time remaining: 21m 22s
[stdout] Rendered 1393/8755, time remaining: 21m 22s
[stdout] Rendered 1394/8755, time remaining: 21m 22s
[stdout] Rendered 1395/8755, time remaining: 21m 22s
[stdout] Rendered 1396/8755, time remaining: 21m 21s
[stdout] Rendered 1397/8755, time remaining: 21m 21s
[stdout] Rendered 1398/8755, time remaining: 21m 21s
[stdout] Rendered 1398/8755, time remaining: 21m 21s
[stdout] Rendered 1399/8755, time remaining: 21m 20s
[stdout] Rendered 1400/8755, time remaining: 21m 20s
[stdout] Rendered 1401/8755, time remaining: 21m 20s
[stdout] Rendered 1402/8755, time remaining: 21m 20s
[stdout] Rendered 1403/8755, time remaining: 21m 20s
[stdout] Rendered 1404/8755, time remaining: 21m 19s
[stdout] Rendered 1405/8755, time remaining: 21m 19s
[stdout] Rendered 1406/8755, time remaining: 21m 19s
[stdout] Rendered 1407/8755, time remaining: 21m 18s
[stdout] Rendered 1408/8755, time remaining: 21m 18s
[stdout] Rendered 1409/8755, time remaining: 21m 18s
[stdout] Rendered 1410/8755, time remaining: 21m 18s
[stdout] Rendered 1411/8755, time remaining: 21m 17s
[stdout] Rendered 1412/8755, time remaining: 21m 17s
[stdout] Rendered 1413/8755, time remaining: 21m 17s
[stdout] Rendered 1414/8755, time remaining: 21m 17s
[stdout] Rendered 1415/8755, time remaining: 21m 16s
[stdout] Rendered 1416/8755, time remaining: 21m 16s
[stdout] Rendered 1417/8755, time remaining: 21m 16s
[stdout] Rendered 1418/8755, time remaining: 21m 16s
[stdout] Rendered 1418/8755, time remaining: 21m 16s
[stdout] Rendered 1419/8755, time remaining: 21m 16s
[stdout] Rendered 1420/8755, time remaining: 21m 15s
[stdout] Rendered 1421/8755, time remaining: 21m 15s
[stdout] Rendered 1422/8755, time remaining: 21m 15s
[stdout] Rendered 1423/8755, time remaining: 21m 15s
[stdout] Rendered 1424/8755, time remaining: 21m 14s
[stdout] Rendered 1425/8755, time remaining: 21m 14s
[stdout] Rendered 1426/8755, time remaining: 21m 14s
[stdout] Rendered 1427/8755, time remaining: 21m 13s
[stdout] Rendered 1428/8755, time remaining: 21m 13s
[stdout] Rendered 1429/8755, time remaining: 21m 13s
[stdout] Rendered 1430/8755, time remaining: 21m 13s
[stdout] Rendered 1431/8755, time remaining: 21m 12s
[stdout] Rendered 1432/8755, time remaining: 21m 12s
[stdout] Rendered 1433/8755, time remaining: 21m 12s
[stdout] Rendered 1434/8755, time remaining: 21m 12s
[stdout] Rendered 1435/8755, time remaining: 21m 12s
[stdout] Rendered 1436/8755, time remaining: 21m 12s
[stdout] Rendered 1436/8755, time remaining: 21m 12s
[stdout] Rendered 1437/8755, time remaining: 21m 12s
[stdout] Rendered 1438/8755, time remaining: 21m 12s
[stdout] Rendered 1439/8755, time remaining: 21m 12s
[stdout] Rendered 1440/8755, time remaining: 21m 12s
[stdout] Rendered 1441/8755, time remaining: 21m 12s
[stdout] Rendered 1442/8755, time remaining: 21m 12s
[stdout] Rendered 1443/8755, time remaining: 21m 12s
[stdout] Rendered 1444/8755, time remaining: 21m 11s
[stdout] Rendered 1445/8755, time remaining: 21m 11s
[stdout] Rendered 1446/8755, time remaining: 21m 11s
[stdout] Rendered 1447/8755, time remaining: 21m 11s
[stdout] Rendered 1448/8755, time remaining: 21m 11s
[stdout] Rendered 1449/8755, time remaining: 21m 11s
[stdout] Rendered 1450/8755, time remaining: 21m 11s
[stdout] Rendered 1451/8755, time remaining: 21m 10s
[stdout] Rendered 1452/8755, time remaining: 21m 10s
[stdout] Rendered 1452/8755, time remaining: 21m 10s
[stdout] Rendered 1453/8755, time remaining: 21m 10s
[stdout] Rendered 1454/8755, time remaining: 21m 9s
[stdout] Rendered 1455/8755, time remaining: 21m 9s
[stdout] Rendered 1456/8755, time remaining: 21m 9s
[stdout] Rendered 1457/8755, time remaining: 21m 9s
[stdout] Rendered 1458/8755, time remaining: 21m 9s
[stdout] Rendered 1459/8755, time remaining: 21m 8s
[stdout] Rendered 1460/8755, time remaining: 21m 8s
[stdout] Rendered 1461/8755, time remaining: 21m 8s
[stdout] Rendered 1462/8755, time remaining: 21m 7s
[stdout] Rendered 1463/8755, time remaining: 21m 7s
[stdout] Rendered 1464/8755, time remaining: 21m 7s
[stdout] Rendered 1465/8755, time remaining: 21m 7s
[stdout] Rendered 1466/8755, time remaining: 21m 7s
[stdout] Rendered 1467/8755, time remaining: 21m 7s
[stdout] Rendered 1468/8755, time remaining: 21m 6s
[stdout] Rendered 1469/8755, time remaining: 21m 6s
[stdout] Rendered 1470/8755, time remaining: 21m 6s
[stdout] Rendered 1470/8755, time remaining: 21m 6s
[stdout] Rendered 1471/8755, time remaining: 21m 6s
[stdout] Rendered 1472/8755, time remaining: 21m 6s
[stdout] Rendered 1473/8755, time remaining: 21m 6s
[stdout] Rendered 1474/8755, time remaining: 21m 6s
[stdout] Rendered 1475/8755, time remaining: 21m 6s
[stdout] Rendered 1476/8755, time remaining: 21m 5s
[stdout] Rendered 1477/8755, time remaining: 21m 5s
[stdout] Rendered 1478/8755, time remaining: 21m 5s
[stdout] Rendered 1479/8755, time remaining: 21m 5s
[stdout] Rendered 1480/8755, time remaining: 21m 5s
[stdout] Rendered 1481/8755, time remaining: 21m 5s
[stdout] Rendered 1482/8755, time remaining: 21m 5s
[stdout] Rendered 1483/8755, time remaining: 21m 5s
[stdout] Rendered 1484/8755, time remaining: 21m 4s
[stdout] Rendered 1485/8755, time remaining: 21m 4s
[stdout] Rendered 1485/8755, time remaining: 21m 4s
[stdout] Rendered 1486/8755, time remaining: 21m 4s
[stdout] Rendered 1487/8755, time remaining: 21m 4s
[stdout] Rendered 1488/8755, time remaining: 21m 4s
[stdout] Rendered 1489/8755, time remaining: 21m 4s
[stdout] Rendered 1490/8755, time remaining: 21m 4s
[stdout] Rendered 1491/8755, time remaining: 21m 4s
[stdout] Rendered 1492/8755, time remaining: 21m 3s
[stdout] Rendered 1493/8755, time remaining: 21m 3s
[stdout] Rendered 1494/8755, time remaining: 21m 3s
[stdout] Rendered 1495/8755, time remaining: 21m 2s
[stdout] Rendered 1496/8755, time remaining: 21m 2s
[stdout] Rendered 1497/8755, time remaining: 21m 2s
[stdout] Rendered 1498/8755, time remaining: 21m 2s
[stdout] Rendered 1499/8755, time remaining: 21m 1s
[stdout] Rendered 1500/8755, time remaining: 21m 1s
[stdout] Rendered 1501/8755, time remaining: 21m 1s
[stdout] Rendered 1502/8755, time remaining: 21m 1s
[stdout] Rendered 1503/8755, time remaining: 21m 0s
[stdout] Rendered 1504/8755, time remaining: 21m 0s
[stdout] Rendered 1505/8755, time remaining: 21m 0s
[stdout] Rendered 1506/8755, time remaining: 21m 0s
[stdout] Rendered 1506/8755, time remaining: 21m 0s
[stdout] Rendered 1507/8755, time remaining: 21m 0s
[stdout] Rendered 1508/8755, time remaining: 21m 0s
[stdout] Rendered 1509/8755, time remaining: 20m 59s
[stdout] Rendered 1510/8755, time remaining: 20m 59s
[stdout] Rendered 1511/8755, time remaining: 20m 59s
[stdout] Rendered 1512/8755, time remaining: 20m 59s
[stdout] Rendered 1513/8755, time remaining: 20m 59s
[stdout] Rendered 1514/8755, time remaining: 20m 58s
[stdout] Rendered 1515/8755, time remaining: 20m 58s
[stdout] Rendered 1516/8755, time remaining: 20m 58s
[stdout] Rendered 1517/8755, time remaining: 20m 57s
[stdout] Rendered 1518/8755, time remaining: 20m 57s
[stdout] Rendered 1519/8755, time remaining: 20m 57s
[stdout] Rendered 1520/8755, time remaining: 20m 57s
[stdout] Rendered 1521/8755, time remaining: 20m 57s
[stdout] Rendered 1522/8755, time remaining: 20m 56s
[stdout] Rendered 1523/8755, time remaining: 20m 56s
[stdout] Rendered 1524/8755, time remaining: 20m 56s
[stdout] Rendered 1524/8755, time remaining: 20m 56s
[stdout] Rendered 1525/8755, time remaining: 20m 56s
[stdout] Rendered 1526/8755, time remaining: 20m 55s
[stdout] Rendered 1527/8755, time remaining: 20m 55s
[stdout] Rendered 1528/8755, time remaining: 20m 55s
[stdout] Rendered 1529/8755, time remaining: 20m 54s
[stdout] Rendered 1530/8755, time remaining: 20m 54s
[stdout] Rendered 1531/8755, time remaining: 20m 54s
[stdout] Rendered 1532/8755, time remaining: 20m 54s
[stdout] Rendered 1533/8755, time remaining: 20m 54s
[stdout] Rendered 1534/8755, time remaining: 20m 53s
[stdout] Rendered 1535/8755, time remaining: 20m 53s
[stdout] Rendered 1536/8755, time remaining: 20m 52s
[stdout] Rendered 1537/8755, time remaining: 20m 52s
[stdout] Rendered 1538/8755, time remaining: 20m 52s
[stdout] Rendered 1539/8755, time remaining: 20m 52s
[stdout] Rendered 1540/8755, time remaining: 20m 52s
[stdout] Rendered 1541/8755, time remaining: 20m 52s
[stdout] Rendered 1541/8755, time remaining: 20m 52s
[stdout] Rendered 1542/8755, time remaining: 20m 51s
[stdout] Rendered 1543/8755, time remaining: 20m 52s
[stdout] Rendered 1544/8755, time remaining: 20m 52s
[stdout] Rendered 1545/8755, time remaining: 20m 52s
[stdout] Rendered 1546/8755, time remaining: 20m 51s
[stdout] Rendered 1547/8755, time remaining: 20m 51s
[stdout] Rendered 1548/8755, time remaining: 20m 51s
[stdout] Rendered 1549/8755, time remaining: 20m 50s
[stdout] Rendered 1550/8755, time remaining: 20m 50s
[stdout] Rendered 1551/8755, time remaining: 20m 50s
[stdout] Rendered 1552/8755, time remaining: 20m 49s
[stdout] Rendered 1553/8755, time remaining: 20m 49s
[stdout] Rendered 1554/8755, time remaining: 20m 49s
[stdout] Rendered 1555/8755, time remaining: 20m 49s
[stdout] Rendered 1556/8755, time remaining: 20m 48s
[stdout] Rendered 1557/8755, time remaining: 20m 48s
[stdout] Rendered 1558/8755, time remaining: 20m 48s
[stdout] Rendered 1559/8755, time remaining: 20m 47s
[stdout] Rendered 1560/8755, time remaining: 20m 47s
[stdout] Rendered 1561/8755, time remaining: 20m 47s
[stdout] Rendered 1561/8755, time remaining: 20m 47s
[stdout] Rendered 1562/8755, time remaining: 20m 46s
[stdout] Rendered 1563/8755, time remaining: 20m 46s
[stdout] Rendered 1564/8755, time remaining: 20m 46s
[stdout] Rendered 1565/8755, time remaining: 20m 46s
[stdout] Rendered 1566/8755, time remaining: 20m 45s
[stdout] Rendered 1567/8755, time remaining: 20m 45s
[stdout] Rendered 1568/8755, time remaining: 20m 45s
[stdout] Rendered 1569/8755, time remaining: 20m 45s
[stdout] Rendered 1570/8755, time remaining: 20m 45s
[stdout] Rendered 1571/8755, time remaining: 20m 45s
[stdout] Rendered 1572/8755, time remaining: 20m 45s
[stdout] Rendered 1573/8755, time remaining: 20m 44s
[stdout] Rendered 1574/8755, time remaining: 20m 44s
[stdout] Rendered 1575/8755, time remaining: 20m 44s
[stdout] Rendered 1576/8755, time remaining: 20m 43s
[stdout] Rendered 1577/8755, time remaining: 20m 43s
[stdout] Rendered 1578/8755, time remaining: 20m 43s
[stdout] Rendered 1579/8755, time remaining: 20m 43s
[stdout] Rendered 1580/8755, time remaining: 20m 43s
[stdout] Rendered 1581/8755, time remaining: 20m 43s
[stdout] Rendered 1581/8755, time remaining: 20m 43s
[stdout] Rendered 1582/8755, time remaining: 20m 42s
[stdout] Rendered 1583/8755, time remaining: 20m 42s
[stdout] Rendered 1584/8755, time remaining: 20m 42s
[stdout] Rendered 1585/8755, time remaining: 20m 42s
[stdout] Rendered 1586/8755, time remaining: 20m 41s
[stdout] Rendered 1587/8755, time remaining: 20m 41s
[stdout] Rendered 1588/8755, time remaining: 20m 41s
[stdout] Rendered 1589/8755, time remaining: 20m 41s
[stdout] Rendered 1590/8755, time remaining: 20m 40s
[stdout] Rendered 1591/8755, time remaining: 20m 40s
[stdout] Rendered 1592/8755, time remaining: 20m 40s
[stdout] Rendered 1593/8755, time remaining: 20m 40s
[stdout] Rendered 1594/8755, time remaining: 20m 40s
[stdout] Rendered 1595/8755, time remaining: 20m 39s
[stdout] Rendered 1596/8755, time remaining: 20m 39s
[stdout] Rendered 1597/8755, time remaining: 20m 39s
[stdout] Rendered 1598/8755, time remaining: 20m 39s
[stdout] Rendered 1598/8755, time remaining: 20m 39s
[stdout] Rendered 1599/8755, time remaining: 20m 39s
[stdout] Rendered 1600/8755, time remaining: 20m 39s
[stdout] Rendered 1601/8755, time remaining: 20m 39s
[stdout] Rendered 1602/8755, time remaining: 20m 39s
[stdout] Rendered 1603/8755, time remaining: 20m 39s
[stdout] Rendered 1604/8755, time remaining: 20m 38s
[stdout] Rendered 1605/8755, time remaining: 20m 38s
[stdout] Rendered 1606/8755, time remaining: 20m 38s
[stdout] Rendered 1607/8755, time remaining: 20m 37s
[stdout] Rendered 1608/8755, time remaining: 20m 37s
[stdout] Rendered 1609/8755, time remaining: 20m 37s
[stdout] Rendered 1610/8755, time remaining: 20m 37s
[stdout] Rendered 1611/8755, time remaining: 20m 36s
[stdout] Rendered 1612/8755, time remaining: 20m 36s
[stdout] Rendered 1613/8755, time remaining: 20m 36s
[stdout] Rendered 1614/8755, time remaining: 20m 36s
[stdout] Rendered 1615/8755, time remaining: 20m 35s
[stdout] Rendered 1616/8755, time remaining: 20m 35s
[stdout] Rendered 1617/8755, time remaining: 20m 35s
[stdout] Rendered 1618/8755, time remaining: 20m 34s
[stdout] Rendered 1618/8755, time remaining: 20m 34s
[stdout] Rendered 1619/8755, time remaining: 20m 34s
[stdout] Rendered 1620/8755, time remaining: 20m 34s
[stdout] Rendered 1621/8755, time remaining: 20m 34s
[stdout] Rendered 1622/8755, time remaining: 20m 33s
[stdout] Rendered 1623/8755, time remaining: 20m 33s
[stdout] Rendered 1624/8755, time remaining: 20m 33s
[stdout] Rendered 1625/8755, time remaining: 20m 33s
[stdout] Rendered 1626/8755, time remaining: 20m 32s
[stdout] Rendered 1627/8755, time remaining: 20m 32s
[stdout] Rendered 1628/8755, time remaining: 20m 31s
[stdout] Rendered 1629/8755, time remaining: 20m 31s
[stdout] Rendered 1630/8755, time remaining: 20m 31s
[stdout] Rendered 1631/8755, time remaining: 20m 30s
[stdout] Rendered 1632/8755, time remaining: 20m 30s
[stdout] Rendered 1633/8755, time remaining: 20m 30s
[stdout] Rendered 1634/8755, time remaining: 20m 29s
[stdout] Rendered 1635/8755, time remaining: 20m 29s
[stdout] Rendered 1636/8755, time remaining: 20m 29s
[stdout] Rendered 1637/8755, time remaining: 20m 29s
[stdout] Rendered 1638/8755, time remaining: 20m 29s
[stdout] Rendered 1638/8755, time remaining: 20m 29s
[stdout] Rendered 1639/8755, time remaining: 20m 28s
[stdout] Rendered 1640/8755, time remaining: 20m 28s
[stdout] Rendered 1641/8755, time remaining: 20m 28s
[stdout] Rendered 1642/8755, time remaining: 20m 27s
[stdout] Rendered 1643/8755, time remaining: 20m 27s
[stdout] Rendered 1644/8755, time remaining: 20m 27s
[stdout] Rendered 1645/8755, time remaining: 20m 27s
[stdout] Rendered 1646/8755, time remaining: 20m 27s
[stdout] Rendered 1647/8755, time remaining: 20m 26s
[stdout] Rendered 1648/8755, time remaining: 20m 26s
[stdout] Rendered 1649/8755, time remaining: 20m 26s
[stdout] Rendered 1650/8755, time remaining: 20m 26s
[stdout] Rendered 1651/8755, time remaining: 20m 26s
[stdout] Rendered 1652/8755, time remaining: 20m 25s
[stdout] Rendered 1653/8755, time remaining: 20m 25s
[stdout] Rendered 1654/8755, time remaining: 20m 25s
[stdout] Rendered 1655/8755, time remaining: 20m 24s
[stdout] Rendered 1656/8755, time remaining: 20m 24s
[stdout] Rendered 1657/8755, time remaining: 20m 24s
[stdout] Rendered 1658/8755, time remaining: 20m 23s
[stdout] Rendered 1658/8755, time remaining: 20m 23s
[stdout] Rendered 1659/8755, time remaining: 20m 23s
[stdout] Rendered 1660/8755, time remaining: 20m 23s
[stdout] Rendered 1661/8755, time remaining: 20m 22s
[stdout] Rendered 1662/8755, time remaining: 20m 22s
[stdout] Rendered 1663/8755, time remaining: 20m 22s
[stdout] Rendered 1664/8755, time remaining: 20m 21s
[stdout] Rendered 1665/8755, time remaining: 20m 21s
[stdout] Rendered 1666/8755, time remaining: 20m 21s
[stdout] Rendered 1667/8755, time remaining: 20m 21s
[stdout] Rendered 1668/8755, time remaining: 20m 20s
[stdout] Rendered 1669/8755, time remaining: 20m 20s
[stdout] Rendered 1670/8755, time remaining: 20m 20s
[stdout] Rendered 1671/8755, time remaining: 20m 20s
[stdout] Rendered 1672/8755, time remaining: 20m 19s
[stdout] Rendered 1673/8755, time remaining: 20m 19s
[stdout] Rendered 1674/8755, time remaining: 20m 19s
[stdout] Rendered 1675/8755, time remaining: 20m 19s
[stdout] Rendered 1676/8755, time remaining: 20m 18s
[stdout] Rendered 1677/8755, time remaining: 20m 18s
[stdout] Rendered 1677/8755, time remaining: 20m 18s
[stdout] Rendered 1678/8755, time remaining: 20m 18s
[stdout] Rendered 1679/8755, time remaining: 20m 18s
[stdout] Rendered 1680/8755, time remaining: 20m 17s
[stdout] Rendered 1681/8755, time remaining: 20m 17s
[stdout] Rendered 1682/8755, time remaining: 20m 17s
[stdout] Rendered 1683/8755, time remaining: 20m 17s
[stdout] Rendered 1684/8755, time remaining: 20m 16s
[stdout] Rendered 1685/8755, time remaining: 20m 16s
[stdout] Rendered 1686/8755, time remaining: 20m 16s
[stdout] Rendered 1687/8755, time remaining: 20m 16s
[stdout] Rendered 1688/8755, time remaining: 20m 16s
[stdout] Rendered 1689/8755, time remaining: 20m 16s
[stdout] Rendered 1690/8755, time remaining: 20m 16s
[stdout] Rendered 1691/8755, time remaining: 20m 15s
[stdout] Rendered 1692/8755, time remaining: 20m 15s
[stdout] Rendered 1693/8755, time remaining: 20m 15s
[stdout] Rendered 1694/8755, time remaining: 20m 15s
[stdout] Rendered 1695/8755, time remaining: 20m 15s
[stdout] Rendered 1695/8755, time remaining: 20m 15s
[stdout] Rendered 1696/8755, time remaining: 20m 14s
[stdout] Rendered 1697/8755, time remaining: 20m 14s
[stdout] Rendered 1698/8755, time remaining: 20m 14s
[stdout] Rendered 1699/8755, time remaining: 20m 14s
[stdout] Rendered 1700/8755, time remaining: 20m 13s
[stdout] Rendered 1701/8755, time remaining: 20m 13s
[stdout] Rendered 1702/8755, time remaining: 20m 13s
[stdout] Rendered 1703/8755, time remaining: 20m 12s
[stdout] Rendered 1704/8755, time remaining: 20m 12s
[stdout] Rendered 1705/8755, time remaining: 20m 12s
[stdout] Rendered 1706/8755, time remaining: 20m 11s
[stdout] Rendered 1707/8755, time remaining: 20m 11s
[stdout] Rendered 1708/8755, time remaining: 20m 11s
[stdout] Rendered 1709/8755, time remaining: 20m 11s
[stdout] Rendered 1710/8755, time remaining: 20m 11s
[stdout] Rendered 1711/8755, time remaining: 20m 11s
[stdout] Rendered 1712/8755, time remaining: 20m 10s
[stdout] Rendered 1713/8755, time remaining: 20m 10s
[stdout] Rendered 1714/8755, time remaining: 20m 10s
[stdout] Rendered 1715/8755, time remaining: 20m 10s
[stdout] Rendered 1716/8755, time remaining: 20m 9s
[stdout] Rendered 1717/8755, time remaining: 20m 9s
[stdout] Rendered 1717/8755, time remaining: 20m 9s
[stdout] Rendered 1718/8755, time remaining: 20m 9s
[stdout] Rendered 1719/8755, time remaining: 20m 9s
[stdout] Rendered 1720/8755, time remaining: 20m 8s
[stdout] Rendered 1721/8755, time remaining: 20m 8s
[stdout] Rendered 1722/8755, time remaining: 20m 8s
[stdout] Rendered 1723/8755, time remaining: 20m 8s
[stdout] Rendered 1724/8755, time remaining: 20m 7s
[stdout] Rendered 1725/8755, time remaining: 20m 7s
[stdout] Rendered 1726/8755, time remaining: 20m 7s
[stdout] Rendered 1727/8755, time remaining: 20m 7s
[stdout] Rendered 1728/8755, time remaining: 20m 7s
[stdout] Rendered 1729/8755, time remaining: 20m 6s
[stdout] Rendered 1730/8755, time remaining: 20m 6s
[stdout] Rendered 1731/8755, time remaining: 20m 6s
[stdout] Rendered 1732/8755, time remaining: 20m 5s
[stdout] Rendered 1733/8755, time remaining: 20m 5s
[stdout] Rendered 1734/8755, time remaining: 20m 5s
[stdout] Rendered 1735/8755, time remaining: 20m 5s
[stdout] Rendered 1736/8755, time remaining: 20m 5s
[stdout] Rendered 1736/8755, time remaining: 20m 5s
[stdout] Rendered 1737/8755, time remaining: 20m 4s
[stdout] Rendered 1738/8755, time remaining: 20m 4s
[stdout] Rendered 1739/8755, time remaining: 20m 4s
[stdout] Rendered 1740/8755, time remaining: 20m 4s
[stdout] Rendered 1741/8755, time remaining: 20m 3s
[stdout] Rendered 1742/8755, time remaining: 20m 3s
[stdout] Rendered 1743/8755, time remaining: 20m 3s
[stdout] Rendered 1744/8755, time remaining: 20m 3s
[stdout] Rendered 1745/8755, time remaining: 20m 2s
[stdout] Rendered 1746/8755, time remaining: 20m 2s
[stdout] Rendered 1747/8755, time remaining: 20m 2s
[stdout] Rendered 1748/8755, time remaining: 20m 2s
[stdout] Rendered 1749/8755, time remaining: 20m 1s
[stdout] Rendered 1750/8755, time remaining: 20m 1s
[stdout] Rendered 1751/8755, time remaining: 20m 1s
[stdout] Rendered 1752/8755, time remaining: 20m 1s
[stdout] Rendered 1753/8755, time remaining: 20m 0s
[stdout] Rendered 1754/8755, time remaining: 20m 0s
[stdout] Rendered 1755/8755, time remaining: 20m 0s
[stdout] Rendered 1756/8755, time remaining: 20m 0s
[stdout] Rendered 1757/8755, time remaining: 19m 59s
[stdout] Rendered 1757/8755, time remaining: 19m 59s
[stdout] Rendered 1758/8755, time remaining: 19m 59s
[stdout] Rendered 1759/8755, time remaining: 19m 59s
[stdout] Rendered 1760/8755, time remaining: 19m 58s
[stdout] Rendered 1761/8755, time remaining: 19m 58s
[stdout] Rendered 1762/8755, time remaining: 19m 58s
[stdout] Rendered 1763/8755, time remaining: 19m 58s
[stdout] Rendered 1764/8755, time remaining: 19m 57s
[stdout] Rendered 1765/8755, time remaining: 19m 57s
[stdout] Rendered 1766/8755, time remaining: 19m 57s
[stdout] Rendered 1767/8755, time remaining: 19m 57s
[stdout] Rendered 1768/8755, time remaining: 19m 56s
[stdout] Rendered 1769/8755, time remaining: 19m 56s
[stdout] Rendered 1770/8755, time remaining: 19m 56s
[stdout] Rendered 1771/8755, time remaining: 19m 56s
[stdout] Rendered 1772/8755, time remaining: 19m 55s
[stdout] Rendered 1773/8755, time remaining: 19m 55s
[stdout] Rendered 1774/8755, time remaining: 19m 55s
[stdout] Rendered 1775/8755, time remaining: 19m 55s
[stdout] Rendered 1776/8755, time remaining: 19m 54s
[stdout] Rendered 1777/8755, time remaining: 19m 54s
[stdout] Rendered 1777/8755, time remaining: 19m 54s
[stdout] Rendered 1778/8755, time remaining: 19m 54s
[stdout] Rendered 1779/8755, time remaining: 19m 54s
[stdout] Rendered 1780/8755, time remaining: 19m 53s
[stdout] Rendered 1781/8755, time remaining: 19m 53s
[stdout] Rendered 1782/8755, time remaining: 19m 53s
[stdout] Rendered 1783/8755, time remaining: 19m 53s
[stdout] Rendered 1784/8755, time remaining: 19m 52s
[stdout] Rendered 1785/8755, time remaining: 19m 52s
[stdout] Rendered 1786/8755, time remaining: 19m 52s
[stdout] Rendered 1787/8755, time remaining: 19m 51s
[stdout] Rendered 1788/8755, time remaining: 19m 51s
[stdout] Rendered 1789/8755, time remaining: 19m 51s
[stdout] Rendered 1790/8755, time remaining: 19m 50s
[stdout] Rendered 1791/8755, time remaining: 19m 50s
[stdout] Rendered 1792/8755, time remaining: 19m 50s
[stdout] Rendered 1793/8755, time remaining: 19m 50s
[stdout] Rendered 1794/8755, time remaining: 19m 49s
[stdout] Rendered 1795/8755, time remaining: 19m 49s
[stdout] Rendered 1796/8755, time remaining: 19m 49s
[stdout] Rendered 1797/8755, time remaining: 19m 49s
[stdout] Rendered 1797/8755, time remaining: 19m 49s
[stdout] Rendered 1798/8755, time remaining: 19m 48s
[stdout] Rendered 1799/8755, time remaining: 19m 48s
[stdout] Rendered 1800/8755, time remaining: 19m 48s
[stdout] Rendered 1801/8755, time remaining: 19m 48s
[stdout] Rendered 1802/8755, time remaining: 19m 47s
[stdout] Rendered 1803/8755, time remaining: 19m 47s
[stdout] Rendered 1804/8755, time remaining: 19m 47s
[stdout] Rendered 1805/8755, time remaining: 19m 46s
[stdout] Rendered 1806/8755, time remaining: 19m 46s
[stdout] Rendered 1807/8755, time remaining: 19m 46s
[stdout] Rendered 1808/8755, time remaining: 19m 46s
[stdout] Rendered 1809/8755, time remaining: 19m 45s
[stdout] Rendered 1810/8755, time remaining: 19m 45s
[stdout] Rendered 1811/8755, time remaining: 19m 45s
[stdout] Rendered 1812/8755, time remaining: 19m 45s
[stdout] Rendered 1813/8755, time remaining: 19m 44s
[stdout] Rendered 1814/8755, time remaining: 19m 44s
[stdout] Rendered 1815/8755, time remaining: 19m 44s
[stdout] Rendered 1816/8755, time remaining: 19m 44s
[stdout] Rendered 1817/8755, time remaining: 19m 44s
[stdout] Rendered 1818/8755, time remaining: 19m 43s
[stdout] Rendered 1818/8755, time remaining: 19m 43s
[stdout] Rendered 1819/8755, time remaining: 19m 43s
[stdout] Rendered 1820/8755, time remaining: 19m 43s
[stdout] Rendered 1821/8755, time remaining: 19m 42s
[stdout] Rendered 1822/8755, time remaining: 19m 42s
[stdout] Rendered 1823/8755, time remaining: 19m 42s
[stdout] Rendered 1824/8755, time remaining: 19m 42s
[stdout] Rendered 1825/8755, time remaining: 19m 41s
[stdout] Rendered 1826/8755, time remaining: 19m 41s
[stdout] Rendered 1827/8755, time remaining: 19m 41s
[stdout] Rendered 1828/8755, time remaining: 19m 41s
[stdout] Rendered 1829/8755, time remaining: 19m 40s
[stdout] Rendered 1830/8755, time remaining: 19m 40s
[stdout] Rendered 1831/8755, time remaining: 19m 40s
[stdout] Rendered 1832/8755, time remaining: 19m 39s
[stdout] Rendered 1833/8755, time remaining: 19m 39s
[stdout] Rendered 1834/8755, time remaining: 19m 39s
[stdout] Rendered 1835/8755, time remaining: 19m 39s
[stdout] Rendered 1836/8755, time remaining: 19m 39s
[stdout] Rendered 1836/8755, time remaining: 19m 39s
[stdout] Rendered 1837/8755, time remaining: 19m 39s
[stdout] Rendered 1838/8755, time remaining: 19m 39s
[stdout] Rendered 1839/8755, time remaining: 19m 38s
[stdout] Rendered 1840/8755, time remaining: 19m 38s
[stdout] Rendered 1841/8755, time remaining: 19m 38s
[stdout] Rendered 1842/8755, time remaining: 19m 38s
[stdout] Rendered 1843/8755, time remaining: 19m 38s
[stdout] Rendered 1844/8755, time remaining: 19m 38s
[stdout] Rendered 1845/8755, time remaining: 19m 38s
[stdout] Rendered 1846/8755, time remaining: 19m 39s
[stdout] Rendered 1847/8755, time remaining: 19m 39s
[stdout] Rendered 1848/8755, time remaining: 19m 39s
[stdout] Rendered 1849/8755, time remaining: 19m 39s
[stdout] Rendered 1850/8755, time remaining: 19m 39s
[stdout] Rendered 1851/8755, time remaining: 19m 38s
[stdout] Rendered 1851/8755, time remaining: 19m 38s
[stdout] Rendered 1852/8755, time remaining: 19m 38s
[stdout] Rendered 1853/8755, time remaining: 19m 38s
[stdout] Rendered 1854/8755, time remaining: 19m 37s
[stdout] Rendered 1855/8755, time remaining: 19m 37s
[stdout] Rendered 1856/8755, time remaining: 19m 37s
[stdout] Rendered 1857/8755, time remaining: 19m 37s
[stdout] Rendered 1858/8755, time remaining: 19m 36s
[stdout] Rendered 1859/8755, time remaining: 19m 36s
[stdout] Rendered 1860/8755, time remaining: 19m 36s
[stdout] Rendered 1861/8755, time remaining: 19m 36s
[stdout] Rendered 1862/8755, time remaining: 19m 36s
[stdout] Rendered 1863/8755, time remaining: 19m 35s
[stdout] Rendered 1864/8755, time remaining: 19m 35s
[stdout] Rendered 1865/8755, time remaining: 19m 35s
[stdout] Rendered 1866/8755, time remaining: 19m 34s
[stdout] Rendered 1867/8755, time remaining: 19m 34s
[stdout] Rendered 1868/8755, time remaining: 19m 34s
[stdout] Rendered 1869/8755, time remaining: 19m 34s
[stdout] Rendered 1870/8755, time remaining: 19m 33s
[stdout] Rendered 1871/8755, time remaining: 19m 33s
[stdout] Rendered 1872/8755, time remaining: 19m 33s
[stdout] Rendered 1872/8755, time remaining: 19m 33s
[stdout] Rendered 1873/8755, time remaining: 19m 33s
[stdout] Rendered 1874/8755, time remaining: 19m 33s
[stdout] Rendered 1875/8755, time remaining: 19m 32s
[stdout] Rendered 1876/8755, time remaining: 19m 32s
[stdout] Rendered 1877/8755, time remaining: 19m 32s
[stdout] Rendered 1878/8755, time remaining: 19m 31s
[stdout] Rendered 1879/8755, time remaining: 19m 31s
[stdout] Rendered 1880/8755, time remaining: 19m 31s
[stdout] Rendered 1881/8755, time remaining: 19m 31s
[stdout] Rendered 1882/8755, time remaining: 19m 30s
[stdout] Rendered 1883/8755, time remaining: 19m 30s
[stdout] Rendered 1884/8755, time remaining: 19m 30s
[stdout] Rendered 1885/8755, time remaining: 19m 30s
[stdout] Rendered 1886/8755, time remaining: 19m 29s
[stdout] Rendered 1887/8755, time remaining: 19m 29s
[stdout] Rendered 1888/8755, time remaining: 19m 29s
[stdout] Rendered 1889/8755, time remaining: 19m 29s
[stdout] Rendered 1890/8755, time remaining: 19m 28s
[stdout] Rendered 1891/8755, time remaining: 19m 28s
[stdout] Rendered 1892/8755, time remaining: 19m 28s
[stdout] Rendered 1893/8755, time remaining: 19m 27s
[stdout] Rendered 1893/8755, time remaining: 19m 27s
[stdout] Rendered 1894/8755, time remaining: 19m 27s
[stdout] Rendered 1895/8755, time remaining: 19m 27s
[stdout] Rendered 1896/8755, time remaining: 19m 27s
[stdout] Rendered 1897/8755, time remaining: 19m 26s
[stdout] Rendered 1898/8755, time remaining: 19m 26s
[stdout] Rendered 1899/8755, time remaining: 19m 26s
[stdout] Rendered 1900/8755, time remaining: 19m 26s
[stdout] Rendered 1901/8755, time remaining: 19m 25s
[stdout] Rendered 1902/8755, time remaining: 19m 25s
[stdout] Rendered 1903/8755, time remaining: 19m 25s
[stdout] Rendered 1904/8755, time remaining: 19m 24s
[stdout] Rendered 1905/8755, time remaining: 19m 24s
[stdout] Rendered 1906/8755, time remaining: 19m 24s
[stdout] Rendered 1907/8755, time remaining: 19m 24s
[stdout] Rendered 1908/8755, time remaining: 19m 23s
[stdout] Rendered 1909/8755, time remaining: 19m 23s
[stdout] Rendered 1910/8755, time remaining: 19m 23s
[stdout] Rendered 1911/8755, time remaining: 19m 22s
[stdout] Rendered 1912/8755, time remaining: 19m 22s
[stdout] Rendered 1913/8755, time remaining: 19m 22s
[stdout] Rendered 1914/8755, time remaining: 19m 22s
[stdout] Rendered 1914/8755, time remaining: 19m 22s
[stdout] Rendered 1915/8755, time remaining: 19m 21s
[stdout] Rendered 1916/8755, time remaining: 19m 21s
[stdout] Rendered 1917/8755, time remaining: 19m 21s
[stdout] Rendered 1918/8755, time remaining: 19m 21s
[stdout] Rendered 1919/8755, time remaining: 19m 21s
[stdout] Rendered 1920/8755, time remaining: 19m 20s
[stdout] Rendered 1921/8755, time remaining: 19m 20s
[stdout] Rendered 1922/8755, time remaining: 19m 20s
[stdout] Rendered 1923/8755, time remaining: 19m 20s
[stdout] Rendered 1924/8755, time remaining: 19m 19s
[stdout] Rendered 1925/8755, time remaining: 19m 19s
[stdout] Rendered 1926/8755, time remaining: 19m 19s
[stdout] Rendered 1927/8755, time remaining: 19m 18s
[stdout] Rendered 1928/8755, time remaining: 19m 18s
[stdout] Rendered 1929/8755, time remaining: 19m 18s
[stdout] Rendered 1930/8755, time remaining: 19m 18s
[stdout] Rendered 1931/8755, time remaining: 19m 17s
[stdout] Rendered 1932/8755, time remaining: 19m 17s
[stdout] Rendered 1933/8755, time remaining: 19m 17s
[stdout] Rendered 1934/8755, time remaining: 19m 17s
[stdout] Rendered 1935/8755, time remaining: 19m 16s
[stdout] Rendered 1935/8755, time remaining: 19m 16s
[stdout] Rendered 1936/8755, time remaining: 19m 16s
[stdout] Rendered 1937/8755, time remaining: 19m 16s
[stdout] Rendered 1938/8755, time remaining: 19m 16s
[stdout] Rendered 1939/8755, time remaining: 19m 16s
[stdout] Rendered 1940/8755, time remaining: 19m 15s
[stdout] Rendered 1941/8755, time remaining: 19m 15s
[stdout] Rendered 1942/8755, time remaining: 19m 15s
[stdout] Rendered 1943/8755, time remaining: 19m 14s
[stdout] Rendered 1944/8755, time remaining: 19m 14s
[stdout] Rendered 1945/8755, time remaining: 19m 14s
[stdout] Rendered 1946/8755, time remaining: 19m 14s
[stdout] Rendered 1947/8755, time remaining: 19m 13s
[stdout] Rendered 1948/8755, time remaining: 19m 13s
[stdout] Rendered 1949/8755, time remaining: 19m 13s
[stdout] Rendered 1950/8755, time remaining: 19m 13s
[stdout] Rendered 1951/8755, time remaining: 19m 13s
[stdout] Rendered 1952/8755, time remaining: 19m 12s
[stdout] Rendered 1953/8755, time remaining: 19m 12s
[stdout] Rendered 1954/8755, time remaining: 19m 12s
[stdout] Rendered 1955/8755, time remaining: 19m 11s
[stdout] Rendered 1956/8755, time remaining: 19m 11s
[stdout] Rendered 1956/8755, time remaining: 19m 11s
[stdout] Rendered 1957/8755, time remaining: 19m 11s
[stdout] Rendered 1958/8755, time remaining: 19m 11s
[stdout] Rendered 1959/8755, time remaining: 19m 10s
[stdout] Rendered 1960/8755, time remaining: 19m 10s
[stdout] Rendered 1961/8755, time remaining: 19m 10s
[stdout] Rendered 1962/8755, time remaining: 19m 9s
[stdout] Rendered 1963/8755, time remaining: 19m 9s
[stdout] Rendered 1964/8755, time remaining: 19m 9s
[stdout] Rendered 1965/8755, time remaining: 19m 9s
[stdout] Rendered 1966/8755, time remaining: 19m 8s
[stdout] Rendered 1967/8755, time remaining: 19m 8s
[stdout] Rendered 1968/8755, time remaining: 19m 8s
[stdout] Rendered 1969/8755, time remaining: 19m 8s
[stdout] Rendered 1970/8755, time remaining: 19m 7s
[stdout] Rendered 1971/8755, time remaining: 19m 7s
[stdout] Rendered 1972/8755, time remaining: 19m 7s
[stdout] Rendered 1973/8755, time remaining: 19m 7s
[stdout] Rendered 1974/8755, time remaining: 19m 6s
[stdout] Rendered 1975/8755, time remaining: 19m 6s
[stdout] Rendered 1976/8755, time remaining: 19m 6s
[stdout] Rendered 1977/8755, time remaining: 19m 6s
[stdout] Rendered 1977/8755, time remaining: 19m 6s
[stdout] Rendered 1978/8755, time remaining: 19m 5s
[stdout] Rendered 1979/8755, time remaining: 19m 5s
[stdout] Rendered 1980/8755, time remaining: 19m 5s
[stdout] Rendered 1981/8755, time remaining: 19m 5s
[stdout] Rendered 1982/8755, time remaining: 19m 4s
[stdout] Rendered 1983/8755, time remaining: 19m 4s
[stdout] Rendered 1984/8755, time remaining: 19m 4s
[stdout] Rendered 1985/8755, time remaining: 19m 4s
[stdout] Rendered 1986/8755, time remaining: 19m 4s
[stdout] Rendered 1987/8755, time remaining: 19m 3s
[stdout] Rendered 1988/8755, time remaining: 19m 3s
[stdout] Rendered 1989/8755, time remaining: 19m 3s
[stdout] Rendered 1990/8755, time remaining: 19m 3s
[stdout] Rendered 1991/8755, time remaining: 19m 2s
[stdout] Rendered 1992/8755, time remaining: 19m 2s
[stdout] Rendered 1993/8755, time remaining: 19m 2s
[stdout] Rendered 1994/8755, time remaining: 19m 2s
[stdout] Rendered 1995/8755, time remaining: 19m 2s
[stdout] Rendered 1996/8755, time remaining: 19m 1s
[stdout] Rendered 1997/8755, time remaining: 19m 1s
[stdout] Rendered 1997/8755, time remaining: 19m 1s
[stdout] Rendered 1998/8755, time remaining: 19m 1s
[stdout] Rendered 1999/8755, time remaining: 19m 1s
[stdout] Rendered 2000/8755, time remaining: 19m 0s
[stdout] Rendered 2001/8755, time remaining: 19m 0s
[stdout] Rendered 2002/8755, time remaining: 19m 0s
[stdout] Rendered 2003/8755, time remaining: 19m 0s
[stdout] Rendered 2004/8755, time remaining: 19m 0s
[stdout] Rendered 2005/8755, time remaining: 18m 59s
[stdout] Rendered 2006/8755, time remaining: 18m 59s
[stdout] Rendered 2007/8755, time remaining: 18m 59s
[stdout] Rendered 2008/8755, time remaining: 18m 59s
[stdout] Rendered 2009/8755, time remaining: 18m 59s
[stdout] Rendered 2010/8755, time remaining: 18m 59s
[stdout] Rendered 2011/8755, time remaining: 18m 58s
[stdout] Rendered 2012/8755, time remaining: 18m 58s
[stdout] Rendered 2013/8755, time remaining: 18m 58s
[stdout] Rendered 2014/8755, time remaining: 18m 57s
[stdout] Rendered 2015/8755, time remaining: 18m 57s
[stdout] Rendered 2016/8755, time remaining: 18m 57s
[stdout] Rendered 2017/8755, time remaining: 18m 57s
[stdout] Rendered 2017/8755, time remaining: 18m 57s
[stdout] Rendered 2018/8755, time remaining: 18m 57s
[stdout] Rendered 2019/8755, time remaining: 18m 56s
[stdout] Rendered 2020/8755, time remaining: 18m 56s
[stdout] Rendered 2021/8755, time remaining: 18m 56s
[stdout] Rendered 2022/8755, time remaining: 18m 56s
[stdout] Rendered 2023/8755, time remaining: 18m 56s
[stdout] Rendered 2024/8755, time remaining: 18m 55s
[stdout] Rendered 2025/8755, time remaining: 18m 55s
[stdout] Rendered 2026/8755, time remaining: 18m 55s
[stdout] Rendered 2027/8755, time remaining: 18m 55s
[stdout] Rendered 2028/8755, time remaining: 18m 54s
[stdout] Rendered 2029/8755, time remaining: 18m 54s
[stdout] Rendered 2030/8755, time remaining: 18m 54s
[stdout] Rendered 2031/8755, time remaining: 18m 54s
[stdout] Rendered 2032/8755, time remaining: 18m 53s
[stdout] Rendered 2033/8755, time remaining: 18m 53s
[stdout] Rendered 2034/8755, time remaining: 18m 53s
[stdout] Rendered 2035/8755, time remaining: 18m 52s
[stdout] Rendered 2036/8755, time remaining: 18m 52s
[stdout] Rendered 2036/8755, time remaining: 18m 52s
[stdout] Rendered 2037/8755, time remaining: 18m 52s
[stdout] Rendered 2038/8755, time remaining: 18m 52s
[stdout] Rendered 2039/8755, time remaining: 18m 51s
[stdout] Rendered 2040/8755, time remaining: 18m 51s
[stdout] Rendered 2041/8755, time remaining: 18m 51s
[stdout] Rendered 2042/8755, time remaining: 18m 51s
[stdout] Rendered 2043/8755, time remaining: 18m 51s
[stdout] Rendered 2044/8755, time remaining: 18m 50s
[stdout] Rendered 2045/8755, time remaining: 18m 50s
[stdout] Rendered 2046/8755, time remaining: 18m 50s
[stdout] Rendered 2047/8755, time remaining: 18m 49s
[stdout] Rendered 2048/8755, time remaining: 18m 49s
[stdout] Rendered 2049/8755, time remaining: 18m 49s
[stdout] Rendered 2050/8755, time remaining: 18m 49s
[stdout] Rendered 2051/8755, time remaining: 18m 49s
[stdout] Rendered 2052/8755, time remaining: 18m 48s
[stdout] Rendered 2053/8755, time remaining: 18m 48s
[stdout] Rendered 2054/8755, time remaining: 18m 48s
[stdout] Rendered 2055/8755, time remaining: 18m 48s
[stdout] Rendered 2056/8755, time remaining: 18m 48s
[stdout] Rendered 2057/8755, time remaining: 18m 47s
[stdout] Rendered 2057/8755, time remaining: 18m 47s
[stdout] Rendered 2058/8755, time remaining: 18m 47s
[stdout] Rendered 2059/8755, time remaining: 18m 47s
[stdout] Rendered 2060/8755, time remaining: 18m 47s
[stdout] Rendered 2061/8755, time remaining: 18m 46s
[stdout] Rendered 2062/8755, time remaining: 18m 46s
[stdout] Rendered 2063/8755, time remaining: 18m 46s
[stdout] Rendered 2064/8755, time remaining: 18m 45s
[stdout] Rendered 2065/8755, time remaining: 18m 45s
[stdout] Rendered 2066/8755, time remaining: 18m 45s
[stdout] Rendered 2067/8755, time remaining: 18m 45s
[stdout] Rendered 2068/8755, time remaining: 18m 45s
[stdout] Rendered 2069/8755, time remaining: 18m 45s
[stdout] Rendered 2070/8755, time remaining: 18m 44s
[stdout] Rendered 2071/8755, time remaining: 18m 44s
[stdout] Rendered 2072/8755, time remaining: 18m 44s
[stdout] Rendered 2073/8755, time remaining: 18m 44s
[stdout] Rendered 2074/8755, time remaining: 18m 44s
[stdout] Rendered 2074/8755, time remaining: 18m 44s
[stdout] Rendered 2075/8755, time remaining: 18m 44s
[stdout] Rendered 2076/8755, time remaining: 18m 44s
[stdout] Rendered 2077/8755, time remaining: 18m 44s
[stdout] Rendered 2078/8755, time remaining: 18m 44s
[stdout] Rendered 2079/8755, time remaining: 18m 44s
[stdout] Rendered 2080/8755, time remaining: 18m 43s
[stdout] Rendered 2081/8755, time remaining: 18m 43s
[stdout] Rendered 2082/8755, time remaining: 18m 43s
[stdout] Rendered 2083/8755, time remaining: 18m 43s
[stdout] Rendered 2084/8755, time remaining: 18m 43s
[stdout] Rendered 2085/8755, time remaining: 18m 42s
[stdout] Rendered 2086/8755, time remaining: 18m 42s
[stdout] Rendered 2087/8755, time remaining: 18m 42s
[stdout] Rendered 2088/8755, time remaining: 18m 42s
[stdout] Rendered 2089/8755, time remaining: 18m 41s
[stdout] Rendered 2090/8755, time remaining: 18m 41s
[stdout] Rendered 2091/8755, time remaining: 18m 41s
[stdout] Rendered 2092/8755, time remaining: 18m 41s
[stdout] Rendered 2093/8755, time remaining: 18m 40s
[stdout] Rendered 2094/8755, time remaining: 18m 40s
[stdout] Rendered 2095/8755, time remaining: 18m 40s
[stdout] Rendered 2096/8755, time remaining: 18m 40s
[stdout] Rendered 2096/8755, time remaining: 18m 40s
[stdout] Rendered 2097/8755, time remaining: 18m 39s
[stdout] Rendered 2098/8755, time remaining: 18m 39s
[stdout] Rendered 2099/8755, time remaining: 18m 39s
[stdout] Rendered 2100/8755, time remaining: 18m 39s
[stdout] Rendered 2101/8755, time remaining: 18m 39s
[stdout] Rendered 2102/8755, time remaining: 18m 38s
[stdout] Rendered 2103/8755, time remaining: 18m 38s
[stdout] Rendered 2104/8755, time remaining: 18m 38s
[stdout] Rendered 2105/8755, time remaining: 18m 38s
[stdout] Rendered 2106/8755, time remaining: 18m 37s
[stdout] Rendered 2107/8755, time remaining: 18m 37s
[stdout] Rendered 2108/8755, time remaining: 18m 37s
[stdout] Rendered 2109/8755, time remaining: 18m 37s
[stdout] Rendered 2110/8755, time remaining: 18m 36s
[stdout] Rendered 2111/8755, time remaining: 18m 36s
[stdout] Rendered 2112/8755, time remaining: 18m 36s
[stdout] Rendered 2113/8755, time remaining: 18m 36s
[stdout] Rendered 2114/8755, time remaining: 18m 35s
[stdout] Rendered 2115/8755, time remaining: 18m 35s
[stdout] Rendered 2116/8755, time remaining: 18m 35s
[stdout] Rendered 2116/8755, time remaining: 18m 35s
[stdout] Rendered 2117/8755, time remaining: 18m 35s
[stdout] Rendered 2118/8755, time remaining: 18m 35s
[stdout] Rendered 2119/8755, time remaining: 18m 34s
[stdout] Rendered 2120/8755, time remaining: 18m 34s
[stdout] Rendered 2121/8755, time remaining: 18m 34s
[stdout] Rendered 2122/8755, time remaining: 18m 34s
[stdout] Rendered 2123/8755, time remaining: 18m 33s
[stdout] Rendered 2124/8755, time remaining: 18m 33s
[stdout] Rendered 2125/8755, time remaining: 18m 33s
[stdout] Rendered 2126/8755, time remaining: 18m 33s
[stdout] Rendered 2127/8755, time remaining: 18m 32s
[stdout] Rendered 2128/8755, time remaining: 18m 32s
[stdout] Rendered 2129/8755, time remaining: 18m 32s
[stdout] Rendered 2130/8755, time remaining: 18m 32s
[stdout] Rendered 2131/8755, time remaining: 18m 32s
[stdout] Rendered 2132/8755, time remaining: 18m 31s
[stdout] Rendered 2133/8755, time remaining: 18m 31s
[stdout] Rendered 2134/8755, time remaining: 18m 31s
[stdout] Rendered 2135/8755, time remaining: 18m 31s
[stdout] Rendered 2136/8755, time remaining: 18m 31s
[stdout] Rendered 2136/8755, time remaining: 18m 31s
[stdout] Rendered 2137/8755, time remaining: 18m 30s
[stdout] Rendered 2138/8755, time remaining: 18m 30s
[stdout] Rendered 2139/8755, time remaining: 18m 30s
[stdout] Rendered 2140/8755, time remaining: 18m 30s
[stdout] Rendered 2141/8755, time remaining: 18m 29s
[stdout] Rendered 2142/8755, time remaining: 18m 29s
[stdout] Rendered 2143/8755, time remaining: 18m 29s
[stdout] Rendered 2144/8755, time remaining: 18m 29s
[stdout] Rendered 2145/8755, time remaining: 18m 28s
[stdout] Rendered 2146/8755, time remaining: 18m 28s
[stdout] Rendered 2147/8755, time remaining: 18m 28s
[stdout] Rendered 2148/8755, time remaining: 18m 28s
[stdout] Rendered 2149/8755, time remaining: 18m 27s
[stdout] Rendered 2150/8755, time remaining: 18m 27s
[stdout] Rendered 2151/8755, time remaining: 18m 27s
[stdout] Rendered 2152/8755, time remaining: 18m 27s
[stdout] Rendered 2153/8755, time remaining: 18m 26s
[stdout] Rendered 2154/8755, time remaining: 18m 26s
[stdout] Rendered 2155/8755, time remaining: 18m 26s
[stdout] Rendered 2156/8755, time remaining: 18m 25s
[stdout] Rendered 2156/8755, time remaining: 18m 25s
[stdout] Rendered 2157/8755, time remaining: 18m 25s
[stdout] Rendered 2158/8755, time remaining: 18m 25s
[stdout] Rendered 2159/8755, time remaining: 18m 25s
[stdout] Rendered 2160/8755, time remaining: 18m 25s
[stdout] Rendered 2161/8755, time remaining: 18m 25s
[stdout] Rendered 2162/8755, time remaining: 18m 24s
[stdout] Rendered 2163/8755, time remaining: 18m 24s
[stdout] Rendered 2164/8755, time remaining: 18m 24s
[stdout] Rendered 2165/8755, time remaining: 18m 24s
[stdout] Rendered 2166/8755, time remaining: 18m 23s
[stdout] Rendered 2167/8755, time remaining: 18m 23s
[stdout] Rendered 2168/8755, time remaining: 18m 23s
[stdout] Rendered 2169/8755, time remaining: 18m 23s
[stdout] Rendered 2170/8755, time remaining: 18m 23s
[stdout] Rendered 2171/8755, time remaining: 18m 22s
[stdout] Rendered 2172/8755, time remaining: 18m 22s
[stdout] Rendered 2173/8755, time remaining: 18m 22s
[stdout] Rendered 2174/8755, time remaining: 18m 21s
[stdout] Rendered 2175/8755, time remaining: 18m 21s
[stdout] Rendered 2176/8755, time remaining: 18m 21s
[stdout] Rendered 2177/8755, time remaining: 18m 21s
[stdout] Rendered 2178/8755, time remaining: 18m 20s
[stdout] Rendered 2178/8755, time remaining: 18m 20s
[stdout] Rendered 2179/8755, time remaining: 18m 20s
[stdout] Rendered 2180/8755, time remaining: 18m 20s
[stdout] Rendered 2181/8755, time remaining: 18m 20s
[stdout] Rendered 2182/8755, time remaining: 18m 19s
[stdout] Rendered 2183/8755, time remaining: 18m 19s
[stdout] Rendered 2184/8755, time remaining: 18m 19s
[stdout] Rendered 2185/8755, time remaining: 18m 19s
[stdout] Rendered 2186/8755, time remaining: 18m 19s
[stdout] Rendered 2187/8755, time remaining: 18m 18s
[stdout] Rendered 2188/8755, time remaining: 18m 18s
[stdout] Rendered 2189/8755, time remaining: 18m 18s
[stdout] Rendered 2190/8755, time remaining: 18m 17s
[stdout] Rendered 2191/8755, time remaining: 18m 17s
[stdout] Rendered 2192/8755, time remaining: 18m 17s
[stdout] Rendered 2193/8755, time remaining: 18m 17s
[stdout] Rendered 2194/8755, time remaining: 18m 17s
[stdout] Rendered 2195/8755, time remaining: 18m 16s
[stdout] Rendered 2196/8755, time remaining: 18m 16s
[stdout] Rendered 2197/8755, time remaining: 18m 16s
[stdout] Rendered 2198/8755, time remaining: 18m 16s
[stdout] Rendered 2199/8755, time remaining: 18m 15s
[stdout] Rendered 2199/8755, time remaining: 18m 15s
[stdout] Rendered 2200/8755, time remaining: 18m 15s
[stdout] Rendered 2201/8755, time remaining: 18m 15s
[stdout] Rendered 2202/8755, time remaining: 18m 15s
[stdout] Rendered 2203/8755, time remaining: 18m 14s
[stdout] Rendered 2204/8755, time remaining: 18m 14s
[stdout] Rendered 2205/8755, time remaining: 18m 14s
[stdout] Rendered 2206/8755, time remaining: 18m 14s
[stdout] Rendered 2207/8755, time remaining: 18m 14s
[stdout] Rendered 2208/8755, time remaining: 18m 13s
[stdout] Rendered 2209/8755, time remaining: 18m 13s
[stdout] Rendered 2210/8755, time remaining: 18m 13s
[stdout] Rendered 2211/8755, time remaining: 18m 13s
[stdout] Rendered 2212/8755, time remaining: 18m 12s
[stdout] Rendered 2213/8755, time remaining: 18m 12s
[stdout] Rendered 2214/8755, time remaining: 18m 12s
[stdout] Rendered 2215/8755, time remaining: 18m 12s
[stdout] Rendered 2216/8755, time remaining: 18m 11s
[stdout] Rendered 2217/8755, time remaining: 18m 11s
[stdout] Rendered 2218/8755, time remaining: 18m 11s
[stdout] Rendered 2219/8755, time remaining: 18m 11s
[stdout] Rendered 2220/8755, time remaining: 18m 10s
[stdout] Rendered 2220/8755, time remaining: 18m 10s
[stdout] Rendered 2221/8755, time remaining: 18m 10s
[stdout] Rendered 2222/8755, time remaining: 18m 10s
[stdout] Rendered 2223/8755, time remaining: 18m 10s
[stdout] Rendered 2224/8755, time remaining: 18m 9s
[stdout] Rendered 2225/8755, time remaining: 18m 9s
[stdout] Rendered 2226/8755, time remaining: 18m 9s
[stdout] Rendered 2227/8755, time remaining: 18m 9s
[stdout] Rendered 2228/8755, time remaining: 18m 8s
[stdout] Rendered 2229/8755, time remaining: 18m 8s
[stdout] Rendered 2230/8755, time remaining: 18m 8s
[stdout] Rendered 2231/8755, time remaining: 18m 8s
[stdout] Rendered 2232/8755, time remaining: 18m 8s
[stdout] Rendered 2233/8755, time remaining: 18m 7s
[stdout] Rendered 2234/8755, time remaining: 18m 7s
[stdout] Rendered 2235/8755, time remaining: 18m 7s
[stdout] Rendered 2236/8755, time remaining: 18m 7s
[stdout] Rendered 2237/8755, time remaining: 18m 6s
[stdout] Rendered 2238/8755, time remaining: 18m 6s
[stdout] Rendered 2239/8755, time remaining: 18m 6s
[stdout] Rendered 2240/8755, time remaining: 18m 6s
[stdout] Rendered 2241/8755, time remaining: 18m 5s
[stdout] Rendered 2241/8755, time remaining: 18m 5s
[stdout] Rendered 2242/8755, time remaining: 18m 5s
[stdout] Rendered 2243/8755, time remaining: 18m 5s
[stdout] Rendered 2244/8755, time remaining: 18m 5s
[stdout] Rendered 2245/8755, time remaining: 18m 4s
[stdout] Rendered 2246/8755, time remaining: 18m 4s
[stdout] Rendered 2247/8755, time remaining: 18m 4s
[stdout] Rendered 2248/8755, time remaining: 18m 4s
[stdout] Rendered 2249/8755, time remaining: 18m 4s
[stdout] Rendered 2250/8755, time remaining: 18m 3s
[stdout] Rendered 2251/8755, time remaining: 18m 3s
[stdout] Rendered 2252/8755, time remaining: 18m 3s
[stdout] Rendered 2253/8755, time remaining: 18m 3s
[stdout] Rendered 2254/8755, time remaining: 18m 2s
[stdout] Rendered 2255/8755, time remaining: 18m 2s
[stdout] Rendered 2256/8755, time remaining: 18m 2s
[stdout] Rendered 2257/8755, time remaining: 18m 2s
[stdout] Rendered 2258/8755, time remaining: 18m 2s
[stdout] Rendered 2259/8755, time remaining: 18m 2s
[stdout] Rendered 2260/8755, time remaining: 18m 1s
[stdout] Rendered 2261/8755, time remaining: 18m 1s
[stdout] Rendered 2261/8755, time remaining: 18m 1s
[stdout] Rendered 2262/8755, time remaining: 18m 1s
[stdout] Rendered 2263/8755, time remaining: 18m 1s
[stdout] Rendered 2264/8755, time remaining: 18m 1s
[stdout] Rendered 2265/8755, time remaining: 18m 0s
[stdout] Rendered 2266/8755, time remaining: 18m 0s
[stdout] Rendered 2267/8755, time remaining: 18m 0s
[stdout] Rendered 2268/8755, time remaining: 18m 0s
[stdout] Rendered 2269/8755, time remaining: 17m 59s
[stdout] Rendered 2270/8755, time remaining: 17m 59s
[stdout] Rendered 2271/8755, time remaining: 17m 59s
[stdout] Rendered 2272/8755, time remaining: 17m 59s
[stdout] Rendered 2273/8755, time remaining: 17m 58s
[stdout] Rendered 2274/8755, time remaining: 17m 58s
[stdout] Rendered 2275/8755, time remaining: 17m 58s
[stdout] Rendered 2276/8755, time remaining: 17m 58s
[stdout] Rendered 2277/8755, time remaining: 17m 58s
[stdout] Rendered 2278/8755, time remaining: 17m 57s
[stdout] Rendered 2279/8755, time remaining: 17m 57s
[stdout] Rendered 2280/8755, time remaining: 17m 57s
[stdout] Rendered 2281/8755, time remaining: 17m 57s
[stdout] Rendered 2282/8755, time remaining: 17m 57s
[stdout] Rendered 2283/8755, time remaining: 17m 56s
[stdout] Rendered 2283/8755, time remaining: 17m 56s
[stdout] Rendered 2284/8755, time remaining: 17m 56s
[stdout] Rendered 2285/8755, time remaining: 17m 56s
[stdout] Rendered 2286/8755, time remaining: 17m 56s
[stdout] Rendered 2287/8755, time remaining: 17m 56s
[stdout] Rendered 2288/8755, time remaining: 17m 56s
[stdout] Rendered 2289/8755, time remaining: 17m 56s
[stdout] Rendered 2290/8755, time remaining: 17m 56s
[stdout] Rendered 2291/8755, time remaining: 17m 56s
[stdout] Rendered 2292/8755, time remaining: 17m 56s
[stdout] Rendered 2293/8755, time remaining: 17m 55s
[stdout] Rendered 2294/8755, time remaining: 17m 55s
[stdout] Rendered 2295/8755, time remaining: 17m 55s
[stdout] Rendered 2296/8755, time remaining: 17m 55s
[stdout] Rendered 2297/8755, time remaining: 17m 55s
[stdout] Rendered 2298/8755, time remaining: 17m 54s
[stdout] Rendered 2299/8755, time remaining: 17m 54s
[stdout] Rendered 2300/8755, time remaining: 17m 54s
[stdout] Rendered 2300/8755, time remaining: 17m 54s
[stdout] Rendered 2301/8755, time remaining: 17m 54s
[stdout] Rendered 2302/8755, time remaining: 17m 53s
[stdout] Rendered 2303/8755, time remaining: 17m 53s
[stdout] Rendered 2304/8755, time remaining: 17m 53s
[stdout] Rendered 2305/8755, time remaining: 17m 53s
[stdout] Rendered 2306/8755, time remaining: 17m 53s
[stdout] Rendered 2307/8755, time remaining: 17m 52s
[stdout] Rendered 2308/8755, time remaining: 17m 52s
[stdout] Rendered 2309/8755, time remaining: 17m 52s
[stdout] Rendered 2310/8755, time remaining: 17m 52s
[stdout] Rendered 2311/8755, time remaining: 17m 51s
[stdout] Rendered 2312/8755, time remaining: 17m 51s
[stdout] Rendered 2313/8755, time remaining: 17m 51s
[stdout] Rendered 2314/8755, time remaining: 17m 51s
[stdout] Rendered 2315/8755, time remaining: 17m 51s
[stdout] Rendered 2316/8755, time remaining: 17m 51s
[stdout] Rendered 2317/8755, time remaining: 17m 50s
[stdout] Rendered 2318/8755, time remaining: 17m 50s
[stdout] Rendered 2319/8755, time remaining: 17m 50s
[stdout] Rendered 2320/8755, time remaining: 17m 50s
[stdout] Rendered 2320/8755, time remaining: 17m 50s
[stdout] Rendered 2321/8755, time remaining: 17m 50s
[stdout] Rendered 2322/8755, time remaining: 17m 49s
[stdout] Rendered 2323/8755, time remaining: 17m 49s
[stdout] Rendered 2324/8755, time remaining: 17m 49s
[stdout] Rendered 2325/8755, time remaining: 17m 49s
[stdout] Rendered 2326/8755, time remaining: 17m 49s
[stdout] Rendered 2327/8755, time remaining: 17m 48s
[stdout] Rendered 2328/8755, time remaining: 17m 48s
[stdout] Rendered 2329/8755, time remaining: 17m 48s
[stdout] Rendered 2330/8755, time remaining: 17m 48s
[stdout] Rendered 2331/8755, time remaining: 17m 47s
[stdout] Rendered 2332/8755, time remaining: 17m 47s
[stdout] Rendered 2333/8755, time remaining: 17m 47s
[stdout] Rendered 2334/8755, time remaining: 17m 47s
[stdout] Rendered 2335/8755, time remaining: 17m 47s
[stdout] Rendered 2336/8755, time remaining: 17m 46s
[stdout] Rendered 2337/8755, time remaining: 17m 46s
[stdout] Rendered 2338/8755, time remaining: 17m 46s
[stdout] Rendered 2339/8755, time remaining: 17m 46s
[stdout] Rendered 2340/8755, time remaining: 17m 46s
[stdout] Rendered 2341/8755, time remaining: 17m 45s
[stdout] Rendered 2341/8755, time remaining: 17m 45s
[stdout] Rendered 2342/8755, time remaining: 17m 45s
[stdout] Rendered 2343/8755, time remaining: 17m 45s
[stdout] Rendered 2344/8755, time remaining: 17m 45s
[stdout] Rendered 2345/8755, time remaining: 17m 44s
[stdout] Rendered 2346/8755, time remaining: 17m 44s
[stdout] Rendered 2347/8755, time remaining: 17m 44s
[stdout] Rendered 2348/8755, time remaining: 17m 44s
[stdout] Rendered 2349/8755, time remaining: 17m 43s
[stdout] Rendered 2350/8755, time remaining: 17m 43s
[stdout] Rendered 2351/8755, time remaining: 17m 43s
[stdout] Rendered 2352/8755, time remaining: 17m 43s
[stdout] Rendered 2353/8755, time remaining: 17m 43s
[stdout] Rendered 2354/8755, time remaining: 17m 42s
[stdout] Rendered 2355/8755, time remaining: 17m 42s
[stdout] Rendered 2356/8755, time remaining: 17m 42s
[stdout] Rendered 2357/8755, time remaining: 17m 42s
[stdout] Rendered 2358/8755, time remaining: 17m 42s
[stdout] Rendered 2359/8755, time remaining: 17m 42s
[stdout] Rendered 2360/8755, time remaining: 17m 41s
[stdout] Rendered 2360/8755, time remaining: 17m 41s
[stdout] Rendered 2361/8755, time remaining: 17m 41s
[stdout] Rendered 2362/8755, time remaining: 17m 41s
[stdout] Rendered 2363/8755, time remaining: 17m 41s
[stdout] Rendered 2364/8755, time remaining: 17m 41s
[stdout] Rendered 2365/8755, time remaining: 17m 40s
[stdout] Rendered 2366/8755, time remaining: 17m 40s
[stdout] Rendered 2367/8755, time remaining: 17m 40s
[stdout] Rendered 2368/8755, time remaining: 17m 40s
[stdout] Rendered 2369/8755, time remaining: 17m 40s
[stdout] Rendered 2370/8755, time remaining: 17m 40s
[stdout] Rendered 2371/8755, time remaining: 17m 39s
[stdout] Rendered 2372/8755, time remaining: 17m 39s
[stdout] Rendered 2373/8755, time remaining: 17m 39s
[stdout] Rendered 2374/8755, time remaining: 17m 39s
[stdout] Rendered 2375/8755, time remaining: 17m 38s
[stdout] Rendered 2376/8755, time remaining: 17m 38s
[stdout] Rendered 2377/8755, time remaining: 17m 38s
[stdout] Rendered 2378/8755, time remaining: 17m 38s
[stdout] Rendered 2379/8755, time remaining: 17m 38s
[stdout] Rendered 2379/8755, time remaining: 17m 38s
[stdout] Rendered 2380/8755, time remaining: 17m 37s
[stdout] Rendered 2381/8755, time remaining: 17m 37s
[stdout] Rendered 2382/8755, time remaining: 17m 37s
[stdout] Rendered 2383/8755, time remaining: 17m 37s
[stdout] Rendered 2384/8755, time remaining: 17m 37s
[stdout] Rendered 2385/8755, time remaining: 17m 37s
[stdout] Rendered 2386/8755, time remaining: 17m 36s
[stdout] Rendered 2387/8755, time remaining: 17m 36s
[stdout] Rendered 2388/8755, time remaining: 17m 36s
[stdout] Rendered 2389/8755, time remaining: 17m 36s
[stdout] Rendered 2390/8755, time remaining: 17m 36s
[stdout] Rendered 2391/8755, time remaining: 17m 35s
[stdout] Rendered 2392/8755, time remaining: 17m 35s
[stdout] Rendered 2393/8755, time remaining: 17m 35s
[stdout] Rendered 2394/8755, time remaining: 17m 35s
[stdout] Rendered 2395/8755, time remaining: 17m 35s
[stdout] Rendered 2396/8755, time remaining: 17m 34s
[stdout] Rendered 2397/8755, time remaining: 17m 34s
[stdout] Rendered 2398/8755, time remaining: 17m 34s
[stdout] Rendered 2399/8755, time remaining: 17m 34s
[stdout] Rendered 2399/8755, time remaining: 17m 34s
[stdout] Rendered 2400/8755, time remaining: 17m 33s
[stdout] Rendered 2401/8755, time remaining: 17m 33s
[stdout] Rendered 2402/8755, time remaining: 17m 33s
[stdout] Rendered 2403/8755, time remaining: 17m 33s
[stdout] Rendered 2404/8755, time remaining: 17m 33s
[stdout] Rendered 2405/8755, time remaining: 17m 32s
[stdout] Rendered 2406/8755, time remaining: 17m 32s
[stdout] Rendered 2407/8755, time remaining: 17m 32s
[stdout] Rendered 2408/8755, time remaining: 17m 32s
[stdout] Rendered 2409/8755, time remaining: 17m 32s
[stdout] Rendered 2410/8755, time remaining: 17m 31s
[stdout] Rendered 2411/8755, time remaining: 17m 31s
[stdout] Rendered 2412/8755, time remaining: 17m 31s
[stdout] Rendered 2413/8755, time remaining: 17m 31s
[stdout] Rendered 2414/8755, time remaining: 17m 31s
[stdout] Rendered 2415/8755, time remaining: 17m 31s
[stdout] Rendered 2416/8755, time remaining: 17m 30s
[stdout] Rendered 2417/8755, time remaining: 17m 30s
[stdout] Rendered 2418/8755, time remaining: 17m 30s
[stdout] Rendered 2418/8755, time remaining: 17m 30s
[stdout] Rendered 2419/8755, time remaining: 17m 30s
[stdout] Rendered 2420/8755, time remaining: 17m 29s
[stdout] Rendered 2421/8755, time remaining: 17m 29s
[stdout] Rendered 2422/8755, time remaining: 17m 29s
[stdout] Rendered 2423/8755, time remaining: 17m 29s
[stdout] Rendered 2424/8755, time remaining: 17m 29s
[stdout] Rendered 2425/8755, time remaining: 17m 28s
[stdout] Rendered 2426/8755, time remaining: 17m 28s
[stdout] Rendered 2427/8755, time remaining: 17m 28s
[stdout] Rendered 2428/8755, time remaining: 17m 28s
[stdout] Rendered 2429/8755, time remaining: 17m 28s
[stdout] Rendered 2430/8755, time remaining: 17m 27s
[stdout] Rendered 2431/8755, time remaining: 17m 27s
[stdout] Rendered 2432/8755, time remaining: 17m 27s
[stdout] Rendered 2433/8755, time remaining: 17m 27s
[stdout] Rendered 2434/8755, time remaining: 17m 27s
[stdout] Rendered 2435/8755, time remaining: 17m 26s
[stdout] Rendered 2436/8755, time remaining: 17m 26s
[stdout] Rendered 2437/8755, time remaining: 17m 26s
[stdout] Rendered 2438/8755, time remaining: 17m 26s
[stdout] Rendered 2439/8755, time remaining: 17m 25s
[stdout] Rendered 2439/8755, time remaining: 17m 25s
[stdout] Rendered 2440/8755, time remaining: 17m 25s
[stdout] Rendered 2441/8755, time remaining: 17m 25s
[stdout] Rendered 2442/8755, time remaining: 17m 25s
[stdout] Rendered 2443/8755, time remaining: 17m 25s
[stdout] Rendered 2444/8755, time remaining: 17m 24s
[stdout] Rendered 2445/8755, time remaining: 17m 24s
[stdout] Rendered 2446/8755, time remaining: 17m 24s
[stdout] Rendered 2447/8755, time remaining: 17m 24s
[stdout] Rendered 2448/8755, time remaining: 17m 24s
[stdout] Rendered 2449/8755, time remaining: 17m 24s
[stdout] Rendered 2450/8755, time remaining: 17m 23s
[stdout] Rendered 2451/8755, time remaining: 17m 23s
[stdout] Rendered 2452/8755, time remaining: 17m 23s
[stdout] Rendered 2453/8755, time remaining: 17m 23s
[stdout] Rendered 2454/8755, time remaining: 17m 23s
[stdout] Rendered 2455/8755, time remaining: 17m 23s
[stdout] Rendered 2456/8755, time remaining: 17m 23s
[stdout] Rendered 2457/8755, time remaining: 17m 22s
[stdout] Rendered 2457/8755, time remaining: 17m 22s
[stdout] Rendered 2458/8755, time remaining: 17m 22s
[stdout] Rendered 2459/8755, time remaining: 17m 22s
[stdout] Rendered 2460/8755, time remaining: 17m 22s
[stdout] Rendered 2461/8755, time remaining: 17m 22s
[stdout] Rendered 2462/8755, time remaining: 17m 21s
[stdout] Rendered 2463/8755, time remaining: 17m 21s
[stdout] Rendered 2464/8755, time remaining: 17m 21s
[stdout] Rendered 2465/8755, time remaining: 17m 21s
[stdout] Rendered 2466/8755, time remaining: 17m 21s
[stdout] Rendered 2467/8755, time remaining: 17m 20s
[stdout] Rendered 2468/8755, time remaining: 17m 20s
[stdout] Rendered 2469/8755, time remaining: 17m 20s
[stdout] Rendered 2470/8755, time remaining: 17m 20s
[stdout] Rendered 2471/8755, time remaining: 17m 19s
[stdout] Rendered 2472/8755, time remaining: 17m 19s
[stdout] Rendered 2473/8755, time remaining: 17m 19s
[stdout] Rendered 2474/8755, time remaining: 17m 19s
[stdout] Rendered 2475/8755, time remaining: 17m 19s
[stdout] Rendered 2476/8755, time remaining: 17m 19s
[stdout] Rendered 2477/8755, time remaining: 17m 18s
[stdout] Rendered 2477/8755, time remaining: 17m 18s
[stdout] Rendered 2478/8755, time remaining: 17m 18s
[stdout] Rendered 2479/8755, time remaining: 17m 18s
[stdout] Rendered 2480/8755, time remaining: 17m 18s
[stdout] Rendered 2481/8755, time remaining: 17m 18s
[stdout] Rendered 2482/8755, time remaining: 17m 17s
[stdout] Rendered 2483/8755, time remaining: 17m 17s
[stdout] Rendered 2484/8755, time remaining: 17m 17s
[stdout] Rendered 2485/8755, time remaining: 17m 17s
[stdout] Rendered 2486/8755, time remaining: 17m 16s
[stdout] Rendered 2487/8755, time remaining: 17m 16s
[stdout] Rendered 2488/8755, time remaining: 17m 16s
[stdout] Rendered 2489/8755, time remaining: 17m 16s
[stdout] Rendered 2490/8755, time remaining: 17m 16s
[stdout] Rendered 2491/8755, time remaining: 17m 15s
[stdout] Rendered 2492/8755, time remaining: 17m 15s
[stdout] Rendered 2493/8755, time remaining: 17m 15s
[stdout] Rendered 2494/8755, time remaining: 17m 15s
[stdout] Rendered 2495/8755, time remaining: 17m 15s
[stdout] Rendered 2496/8755, time remaining: 17m 14s
[stdout] Rendered 2497/8755, time remaining: 17m 14s
[stdout] Rendered 2498/8755, time remaining: 17m 14s
[stdout] Rendered 2498/8755, time remaining: 17m 14s
[stdout] Rendered 2499/8755, time remaining: 17m 14s
[stdout] Rendered 2500/8755, time remaining: 17m 14s
[stdout] Rendered 2501/8755, time remaining: 17m 13s
[stdout] Rendered 2502/8755, time remaining: 17m 13s
[stdout] Rendered 2503/8755, time remaining: 17m 13s
[stdout] Rendered 2504/8755, time remaining: 17m 13s
[stdout] Rendered 2505/8755, time remaining: 17m 13s
[stdout] Rendered 2506/8755, time remaining: 17m 13s
[stdout] Rendered 2507/8755, time remaining: 17m 12s
[stdout] Rendered 2508/8755, time remaining: 17m 12s
[stdout] Rendered 2509/8755, time remaining: 17m 12s
[stdout] Rendered 2510/8755, time remaining: 17m 12s
[stdout] Rendered 2511/8755, time remaining: 17m 12s
[stdout] Rendered 2512/8755, time remaining: 17m 11s
[stdout] Rendered 2513/8755, time remaining: 17m 11s
[stdout] Rendered 2514/8755, time remaining: 17m 11s
[stdout] Rendered 2515/8755, time remaining: 17m 11s
[stdout] Rendered 2516/8755, time remaining: 17m 11s
[stdout] Rendered 2517/8755, time remaining: 17m 11s
[stdout] Rendered 2517/8755, time remaining: 17m 11s
[stdout] Rendered 2518/8755, time remaining: 17m 11s
[stdout] Rendered 2519/8755, time remaining: 17m 11s
[stdout] Rendered 2520/8755, time remaining: 17m 11s
[stdout] Rendered 2521/8755, time remaining: 17m 11s
[stdout] Rendered 2522/8755, time remaining: 17m 11s
[stdout] Rendered 2523/8755, time remaining: 17m 10s
[stdout] Rendered 2524/8755, time remaining: 17m 10s
[stdout] Rendered 2525/8755, time remaining: 17m 10s
[stdout] Rendered 2526/8755, time remaining: 17m 10s
[stdout] Rendered 2527/8755, time remaining: 17m 10s
[stdout] Rendered 2528/8755, time remaining: 17m 9s
[stdout] Rendered 2529/8755, time remaining: 17m 9s
[stdout] Rendered 2530/8755, time remaining: 17m 9s
[stdout] Rendered 2531/8755, time remaining: 17m 9s
[stdout] Rendered 2532/8755, time remaining: 17m 9s
[stdout] Rendered 2533/8755, time remaining: 17m 8s
[stdout] Rendered 2533/8755, time remaining: 17m 8s
[stdout] Rendered 2534/8755, time remaining: 17m 8s
[stdout] Rendered 2535/8755, time remaining: 17m 8s
[stdout] Rendered 2536/8755, time remaining: 17m 8s
[stdout] Rendered 2537/8755, time remaining: 17m 8s
[stdout] Rendered 2538/8755, time remaining: 17m 8s
[stdout] Rendered 2539/8755, time remaining: 17m 8s
[stdout] Rendered 2540/8755, time remaining: 17m 7s
[stdout] Rendered 2541/8755, time remaining: 17m 7s
[stdout] Rendered 2542/8755, time remaining: 17m 7s
[stdout] Rendered 2543/8755, time remaining: 17m 7s
[stdout] Rendered 2544/8755, time remaining: 17m 8s
[stdout] Rendered 2545/8755, time remaining: 17m 8s
[stdout] Rendered 2546/8755, time remaining: 17m 8s
[stdout] Rendered 2547/8755, time remaining: 17m 7s
[stdout] Rendered 2548/8755, time remaining: 17m 7s
[stdout] Rendered 2549/8755, time remaining: 17m 7s
[stdout] Rendered 2550/8755, time remaining: 17m 7s
[stdout] Rendered 2550/8755, time remaining: 17m 7s
[stdout] Rendered 2551/8755, time remaining: 17m 6s
[stdout] Rendered 2552/8755, time remaining: 17m 6s
[stdout] Rendered 2553/8755, time remaining: 17m 6s
[stdout] Rendered 2554/8755, time remaining: 17m 6s
[stdout] Rendered 2555/8755, time remaining: 17m 6s
[stdout] Rendered 2556/8755, time remaining: 17m 5s
[stdout] Rendered 2557/8755, time remaining: 17m 5s
[stdout] Rendered 2558/8755, time remaining: 17m 5s
[stdout] Rendered 2559/8755, time remaining: 17m 5s
[stdout] Rendered 2560/8755, time remaining: 17m 5s
[stdout] Rendered 2561/8755, time remaining: 17m 5s
[stdout] Rendered 2562/8755, time remaining: 17m 4s
[stdout] Rendered 2563/8755, time remaining: 17m 4s
[stdout] Rendered 2564/8755, time remaining: 17m 4s
[stdout] Rendered 2565/8755, time remaining: 17m 4s
[stdout] Rendered 2566/8755, time remaining: 17m 4s
[stdout] Rendered 2567/8755, time remaining: 17m 4s
[stdout] Rendered 2568/8755, time remaining: 17m 4s
[stdout] Rendered 2569/8755, time remaining: 17m 3s
[stdout] Rendered 2569/8755, time remaining: 17m 3s
[stdout] Rendered 2570/8755, time remaining: 17m 3s
[stdout] Rendered 2571/8755, time remaining: 17m 3s
[stdout] Rendered 2572/8755, time remaining: 17m 3s
[stdout] Rendered 2573/8755, time remaining: 17m 3s
[stdout] Rendered 2574/8755, time remaining: 17m 2s
[stdout] Rendered 2575/8755, time remaining: 17m 2s
[stdout] Rendered 2576/8755, time remaining: 17m 2s
[stdout] Rendered 2577/8755, time remaining: 17m 2s
[stdout] Rendered 2578/8755, time remaining: 17m 2s
[stdout] Rendered 2579/8755, time remaining: 17m 1s
[stdout] Rendered 2580/8755, time remaining: 17m 1s
[stdout] Rendered 2581/8755, time remaining: 17m 1s
[stdout] Rendered 2582/8755, time remaining: 17m 1s
[stdout] Rendered 2583/8755, time remaining: 17m 1s
[stdout] Rendered 2584/8755, time remaining: 17m 0s
[stdout] Rendered 2585/8755, time remaining: 17m 0s
[stdout] Rendered 2586/8755, time remaining: 17m 0s
[stdout] Rendered 2587/8755, time remaining: 17m 0s
[stdout] Rendered 2588/8755, time remaining: 17m 0s
[stdout] Rendered 2589/8755, time remaining: 16m 59s
[stdout] Rendered 2589/8755, time remaining: 16m 59s
[stdout] Rendered 2590/8755, time remaining: 16m 59s
[stdout] Rendered 2591/8755, time remaining: 16m 59s
[stdout] Rendered 2592/8755, time remaining: 16m 59s
[stdout] Rendered 2593/8755, time remaining: 16m 59s
[stdout] Rendered 2594/8755, time remaining: 16m 59s
[stdout] Rendered 2595/8755, time remaining: 16m 58s
[stdout] Rendered 2596/8755, time remaining: 16m 58s
[stdout] Rendered 2597/8755, time remaining: 16m 58s
[stdout] Rendered 2598/8755, time remaining: 16m 58s
[stdout] Rendered 2599/8755, time remaining: 16m 58s
[stdout] Rendered 2600/8755, time remaining: 16m 57s
[stdout] Rendered 2601/8755, time remaining: 16m 57s
[stdout] Rendered 2602/8755, time remaining: 16m 57s
[stdout] Rendered 2603/8755, time remaining: 16m 57s
[stdout] Rendered 2604/8755, time remaining: 16m 57s
[stdout] Rendered 2605/8755, time remaining: 16m 56s
[stdout] Rendered 2606/8755, time remaining: 16m 56s
[stdout] Rendered 2607/8755, time remaining: 16m 56s
[stdout] Rendered 2608/8755, time remaining: 16m 56s
[stdout] Rendered 2608/8755, time remaining: 16m 56s
[stdout] Rendered 2609/8755, time remaining: 16m 56s
[stdout] Rendered 2610/8755, time remaining: 16m 55s
[stdout] Rendered 2611/8755, time remaining: 16m 55s
[stdout] Rendered 2612/8755, time remaining: 16m 55s
[stdout] Rendered 2613/8755, time remaining: 16m 55s
[stdout] Rendered 2614/8755, time remaining: 16m 55s
[stdout] Rendered 2615/8755, time remaining: 16m 54s
[stdout] Rendered 2616/8755, time remaining: 16m 54s
[stdout] Rendered 2617/8755, time remaining: 16m 54s
[stdout] Rendered 2618/8755, time remaining: 16m 54s
[stdout] Rendered 2619/8755, time remaining: 16m 54s
[stdout] Rendered 2620/8755, time remaining: 16m 54s
[stdout] Rendered 2621/8755, time remaining: 16m 53s
[stdout] Rendered 2622/8755, time remaining: 16m 53s
[stdout] Rendered 2623/8755, time remaining: 16m 53s
[stdout] Rendered 2624/8755, time remaining: 16m 53s
[stdout] Rendered 2625/8755, time remaining: 16m 53s
[stdout] Rendered 2626/8755, time remaining: 16m 53s
[stdout] Rendered 2627/8755, time remaining: 16m 52s
[stdout] Rendered 2628/8755, time remaining: 16m 52s
[stdout] Rendered 2628/8755, time remaining: 16m 52s
[stdout] Rendered 2629/8755, time remaining: 16m 52s
[stdout] Rendered 2630/8755, time remaining: 16m 52s
[stdout] Rendered 2631/8755, time remaining: 16m 51s
[stdout] Rendered 2632/8755, time remaining: 16m 51s
[stdout] Rendered 2633/8755, time remaining: 16m 51s
[stdout] Rendered 2634/8755, time remaining: 16m 51s
[stdout] Rendered 2635/8755, time remaining: 16m 51s
[stdout] Rendered 2636/8755, time remaining: 16m 50s
[stdout] Rendered 2637/8755, time remaining: 16m 50s
[stdout] Rendered 2638/8755, time remaining: 16m 50s
[stdout] Rendered 2639/8755, time remaining: 16m 50s
[stdout] Rendered 2640/8755, time remaining: 16m 50s
[stdout] Rendered 2641/8755, time remaining: 16m 49s
[stdout] Rendered 2642/8755, time remaining: 16m 49s
[stdout] Rendered 2643/8755, time remaining: 16m 49s
[stdout] Rendered 2644/8755, time remaining: 16m 49s
[stdout] Rendered 2645/8755, time remaining: 16m 49s
[stdout] Rendered 2646/8755, time remaining: 16m 48s
[stdout] Rendered 2647/8755, time remaining: 16m 48s
[stdout] Rendered 2648/8755, time remaining: 16m 48s
[stdout] Rendered 2648/8755, time remaining: 16m 48s
[stdout] Rendered 2649/8755, time remaining: 16m 48s
[stdout] Rendered 2650/8755, time remaining: 16m 48s
[stdout] Rendered 2651/8755, time remaining: 16m 47s
[stdout] Rendered 2652/8755, time remaining: 16m 47s
[stdout] Rendered 2653/8755, time remaining: 16m 47s
[stdout] Rendered 2654/8755, time remaining: 16m 47s
[stdout] Rendered 2655/8755, time remaining: 16m 47s
[stdout] Rendered 2656/8755, time remaining: 16m 46s
[stdout] Rendered 2657/8755, time remaining: 16m 46s
[stdout] Rendered 2658/8755, time remaining: 16m 46s
[stdout] Rendered 2659/8755, time remaining: 16m 46s
[stdout] Rendered 2660/8755, time remaining: 16m 46s
[stdout] Rendered 2661/8755, time remaining: 16m 46s
[stdout] Rendered 2662/8755, time remaining: 16m 45s
[stdout] Rendered 2663/8755, time remaining: 16m 45s
[stdout] Rendered 2664/8755, time remaining: 16m 45s
[stdout] Rendered 2665/8755, time remaining: 16m 45s
[stdout] Rendered 2666/8755, time remaining: 16m 45s
[stdout] Rendered 2667/8755, time remaining: 16m 44s
[stdout] Rendered 2668/8755, time remaining: 16m 44s
[stdout] Rendered 2668/8755, time remaining: 16m 44s
[stdout] Rendered 2669/8755, time remaining: 16m 44s
[stdout] Rendered 2670/8755, time remaining: 16m 44s
[stdout] Rendered 2671/8755, time remaining: 16m 44s
[stdout] Rendered 2672/8755, time remaining: 16m 43s
[stdout] Rendered 2673/8755, time remaining: 16m 43s
[stdout] Rendered 2674/8755, time remaining: 16m 43s
[stdout] Rendered 2675/8755, time remaining: 16m 43s
[stdout] Rendered 2676/8755, time remaining: 16m 43s
[stdout] Rendered 2677/8755, time remaining: 16m 42s
[stdout] Rendered 2678/8755, time remaining: 16m 42s
[stdout] Rendered 2679/8755, time remaining: 16m 42s
[stdout] Rendered 2680/8755, time remaining: 16m 42s
[stdout] Rendered 2681/8755, time remaining: 16m 42s
[stdout] Rendered 2682/8755, time remaining: 16m 41s
[stdout] Rendered 2683/8755, time remaining: 16m 41s
[stdout] Rendered 2684/8755, time remaining: 16m 41s
[stdout] Rendered 2685/8755, time remaining: 16m 41s
[stdout] Rendered 2686/8755, time remaining: 16m 40s
[stdout] Rendered 2687/8755, time remaining: 16m 40s
[stdout] Rendered 2688/8755, time remaining: 16m 40s
[stdout] Rendered 2689/8755, time remaining: 16m 40s
[stdout] Rendered 2689/8755, time remaining: 16m 40s
[stdout] Rendered 2690/8755, time remaining: 16m 40s
[stdout] Rendered 2691/8755, time remaining: 16m 40s
[stdout] Rendered 2692/8755, time remaining: 16m 39s
[stdout] Rendered 2693/8755, time remaining: 16m 39s
[stdout] Rendered 2694/8755, time remaining: 16m 39s
[stdout] Rendered 2695/8755, time remaining: 16m 39s
[stdout] Rendered 2696/8755, time remaining: 16m 38s
[stdout] Rendered 2697/8755, time remaining: 16m 38s
[stdout] Rendered 2698/8755, time remaining: 16m 38s
[stdout] Rendered 2699/8755, time remaining: 16m 38s
[stdout] Rendered 2700/8755, time remaining: 16m 38s
[stdout] Rendered 2701/8755, time remaining: 16m 37s
[stdout] Rendered 2702/8755, time remaining: 16m 37s
[stdout] Rendered 2703/8755, time remaining: 16m 37s
[stdout] Rendered 2704/8755, time remaining: 16m 37s
[stdout] Rendered 2705/8755, time remaining: 16m 37s
[stdout] Rendered 2706/8755, time remaining: 16m 36s
[stdout] Rendered 2707/8755, time remaining: 16m 36s
[stdout] Rendered 2708/8755, time remaining: 16m 36s
[stdout] Rendered 2709/8755, time remaining: 16m 36s
[stdout] Rendered 2709/8755, time remaining: 16m 36s
[stdout] Rendered 2710/8755, time remaining: 16m 36s
[stdout] Rendered 2711/8755, time remaining: 16m 36s
[stdout] Rendered 2712/8755, time remaining: 16m 35s
[stdout] Rendered 2713/8755, time remaining: 16m 35s
[stdout] Rendered 2714/8755, time remaining: 16m 35s
[stdout] Rendered 2715/8755, time remaining: 16m 35s
[stdout] Rendered 2716/8755, time remaining: 16m 34s
[stdout] Rendered 2717/8755, time remaining: 16m 34s
[stdout] Rendered 2718/8755, time remaining: 16m 34s
[stdout] Rendered 2719/8755, time remaining: 16m 34s
[stdout] Rendered 2720/8755, time remaining: 16m 34s
[stdout] Rendered 2721/8755, time remaining: 16m 34s
[stdout] Rendered 2722/8755, time remaining: 16m 33s
[stdout] Rendered 2723/8755, time remaining: 16m 33s
[stdout] Rendered 2724/8755, time remaining: 16m 33s
[stdout] Rendered 2725/8755, time remaining: 16m 33s
[stdout] Rendered 2726/8755, time remaining: 16m 32s
[stdout] Rendered 2727/8755, time remaining: 16m 32s
[stdout] Rendered 2728/8755, time remaining: 16m 32s
[stdout] Rendered 2728/8755, time remaining: 16m 32s
[stdout] Rendered 2729/8755, time remaining: 16m 32s
[stdout] Rendered 2730/8755, time remaining: 16m 32s
[stdout] Rendered 2731/8755, time remaining: 16m 32s
[stdout] Rendered 2732/8755, time remaining: 16m 31s
[stdout] Rendered 2733/8755, time remaining: 16m 31s
[stdout] Rendered 2734/8755, time remaining: 16m 31s
[stdout] Rendered 2735/8755, time remaining: 16m 31s
[stdout] Rendered 2736/8755, time remaining: 16m 31s
[stdout] Rendered 2737/8755, time remaining: 16m 30s
[stdout] Rendered 2738/8755, time remaining: 16m 30s
[stdout] Rendered 2739/8755, time remaining: 16m 30s
[stdout] Rendered 2740/8755, time remaining: 16m 30s
[stdout] Rendered 2741/8755, time remaining: 16m 30s
[stdout] Rendered 2742/8755, time remaining: 16m 30s
[stdout] Rendered 2743/8755, time remaining: 16m 30s
[stdout] Rendered 2744/8755, time remaining: 16m 29s
[stdout] Rendered 2745/8755, time remaining: 16m 29s
[stdout] Rendered 2746/8755, time remaining: 16m 29s
[stdout] Rendered 2747/8755, time remaining: 16m 29s
[stdout] Rendered 2748/8755, time remaining: 16m 29s
[stdout] Rendered 2748/8755, time remaining: 16m 29s
[stdout] Rendered 2749/8755, time remaining: 16m 28s
[stdout] Rendered 2750/8755, time remaining: 16m 28s
[stdout] Rendered 2751/8755, time remaining: 16m 28s
[stdout] Rendered 2752/8755, time remaining: 16m 28s
[stdout] Rendered 2753/8755, time remaining: 16m 28s
[stdout] Rendered 2754/8755, time remaining: 16m 28s
[stdout] Rendered 2755/8755, time remaining: 16m 27s
[stdout] Rendered 2756/8755, time remaining: 16m 27s
[stdout] Rendered 2757/8755, time remaining: 16m 27s
[stdout] Rendered 2758/8755, time remaining: 16m 27s
[stdout] Rendered 2759/8755, time remaining: 16m 27s
[stdout] Rendered 2760/8755, time remaining: 16m 27s
[stdout] Rendered 2761/8755, time remaining: 16m 26s
[stdout] Rendered 2762/8755, time remaining: 16m 26s
[stdout] Rendered 2763/8755, time remaining: 16m 26s
[stdout] Rendered 2764/8755, time remaining: 16m 26s
[stdout] Rendered 2765/8755, time remaining: 16m 26s
[stdout] Rendered 2766/8755, time remaining: 16m 25s
[stdout] Rendered 2766/8755, time remaining: 16m 25s
[stdout] Rendered 2767/8755, time remaining: 16m 25s
[stdout] Rendered 2768/8755, time remaining: 16m 25s
[stdout] Rendered 2769/8755, time remaining: 16m 25s
[stdout] Rendered 2770/8755, time remaining: 16m 25s
[stdout] Rendered 2771/8755, time remaining: 16m 24s
[stdout] Rendered 2772/8755, time remaining: 16m 24s
[stdout] Rendered 2773/8755, time remaining: 16m 24s
[stdout] Rendered 2774/8755, time remaining: 16m 24s
[stdout] Rendered 2775/8755, time remaining: 16m 24s
[stdout] Rendered 2776/8755, time remaining: 16m 24s
[stdout] Rendered 2777/8755, time remaining: 16m 23s
[stdout] Rendered 2778/8755, time remaining: 16m 23s
[stdout] Rendered 2779/8755, time remaining: 16m 23s
[stdout] Rendered 2780/8755, time remaining: 16m 23s
[stdout] Rendered 2781/8755, time remaining: 16m 23s
[stdout] Rendered 2782/8755, time remaining: 16m 22s
[stdout] Rendered 2783/8755, time remaining: 16m 22s
[stdout] Rendered 2784/8755, time remaining: 16m 22s
[stdout] Rendered 2785/8755, time remaining: 16m 22s
[stdout] Rendered 2786/8755, time remaining: 16m 22s
[stdout] Rendered 2786/8755, time remaining: 16m 22s
[stdout] Rendered 2787/8755, time remaining: 16m 22s
[stdout] Rendered 2788/8755, time remaining: 16m 21s
[stdout] Rendered 2789/8755, time remaining: 16m 21s
[stdout] Rendered 2790/8755, time remaining: 16m 21s
[stdout] Rendered 2791/8755, time remaining: 16m 21s
[stdout] Rendered 2792/8755, time remaining: 16m 20s
[stdout] Rendered 2793/8755, time remaining: 16m 20s
[stdout] Rendered 2794/8755, time remaining: 16m 20s
[stdout] Rendered 2795/8755, time remaining: 16m 20s
[stdout] Rendered 2796/8755, time remaining: 16m 20s
[stdout] Rendered 2797/8755, time remaining: 16m 20s
[stdout] Rendered 2798/8755, time remaining: 16m 19s
[stdout] Rendered 2799/8755, time remaining: 16m 19s
[stdout] Rendered 2800/8755, time remaining: 16m 19s
[stdout] Rendered 2801/8755, time remaining: 16m 19s
[stdout] Rendered 2802/8755, time remaining: 16m 19s
[stdout] Rendered 2803/8755, time remaining: 16m 19s
[stdout] Rendered 2804/8755, time remaining: 16m 18s
[stdout] Rendered 2805/8755, time remaining: 16m 18s
[stdout] Rendered 2806/8755, time remaining: 16m 18s
[stdout] Rendered 2806/8755, time remaining: 16m 18s
[stdout] Rendered 2807/8755, time remaining: 16m 18s
[stdout] Rendered 2808/8755, time remaining: 16m 17s
[stdout] Rendered 2809/8755, time remaining: 16m 17s
[stdout] Rendered 2810/8755, time remaining: 16m 17s
[stdout] Rendered 2811/8755, time remaining: 16m 17s
[stdout] Rendered 2812/8755, time remaining: 16m 17s
[stdout] Rendered 2813/8755, time remaining: 16m 16s
[stdout] Rendered 2814/8755, time remaining: 16m 16s
[stdout] Rendered 2815/8755, time remaining: 16m 16s
[stdout] Rendered 2816/8755, time remaining: 16m 16s
[stdout] Rendered 2817/8755, time remaining: 16m 16s
[stdout] Rendered 2818/8755, time remaining: 16m 15s
[stdout] Rendered 2819/8755, time remaining: 16m 15s
[stdout] Rendered 2820/8755, time remaining: 16m 15s
[stdout] Rendered 2821/8755, time remaining: 16m 15s
[stdout] Rendered 2822/8755, time remaining: 16m 15s
[stdout] Rendered 2823/8755, time remaining: 16m 15s
[stdout] Rendered 2824/8755, time remaining: 16m 14s
[stdout] Rendered 2825/8755, time remaining: 16m 14s
[stdout] Rendered 2826/8755, time remaining: 16m 14s
[stdout] Rendered 2827/8755, time remaining: 16m 14s
[stdout] Rendered 2827/8755, time remaining: 16m 14s
[stdout] Rendered 2828/8755, time remaining: 16m 14s
[stdout] Rendered 2829/8755, time remaining: 16m 13s
[stdout] Rendered 2830/8755, time remaining: 16m 13s
[stdout] Rendered 2831/8755, time remaining: 16m 13s
[stdout] Rendered 2832/8755, time remaining: 16m 13s
[stdout] Rendered 2833/8755, time remaining: 16m 13s
[stdout] Rendered 2834/8755, time remaining: 16m 12s
[stdout] Rendered 2835/8755, time remaining: 16m 12s
[stdout] Rendered 2836/8755, time remaining: 16m 12s
[stdout] Rendered 2837/8755, time remaining: 16m 12s
[stdout] Rendered 2838/8755, time remaining: 16m 12s
[stdout] Rendered 2839/8755, time remaining: 16m 11s
[stdout] Rendered 2840/8755, time remaining: 16m 11s
[stdout] Rendered 2841/8755, time remaining: 16m 11s
[stdout] Rendered 2842/8755, time remaining: 16m 11s
[stdout] Rendered 2843/8755, time remaining: 16m 11s
[stdout] Rendered 2844/8755, time remaining: 16m 10s
[stdout] Rendered 2845/8755, time remaining: 16m 10s
[stdout] Rendered 2846/8755, time remaining: 16m 10s
[stdout] Rendered 2846/8755, time remaining: 16m 10s
[stdout] Rendered 2847/8755, time remaining: 16m 10s
[stdout] Rendered 2848/8755, time remaining: 16m 10s
[stdout] Rendered 2849/8755, time remaining: 16m 10s
[stdout] Rendered 2850/8755, time remaining: 16m 9s
[stdout] Rendered 2851/8755, time remaining: 16m 9s
[stdout] Rendered 2852/8755, time remaining: 16m 9s
[stdout] Rendered 2853/8755, time remaining: 16m 9s
[stdout] Rendered 2854/8755, time remaining: 16m 9s
[stdout] Rendered 2855/8755, time remaining: 16m 8s
[stdout] Rendered 2856/8755, time remaining: 16m 8s
[stdout] Rendered 2857/8755, time remaining: 16m 8s
[stdout] Rendered 2858/8755, time remaining: 16m 8s
[stdout] Rendered 2859/8755, time remaining: 16m 8s
[stdout] Rendered 2860/8755, time remaining: 16m 7s
[stdout] Rendered 2861/8755, time remaining: 16m 7s
[stdout] Rendered 2862/8755, time remaining: 16m 7s
[stdout] Rendered 2863/8755, time remaining: 16m 7s
[stdout] Rendered 2864/8755, time remaining: 16m 7s
[stdout] Rendered 2865/8755, time remaining: 16m 6s
[stdout] Rendered 2866/8755, time remaining: 16m 6s
[stdout] Rendered 2866/8755, time remaining: 16m 6s
[stdout] Rendered 2867/8755, time remaining: 16m 6s
[stdout] Rendered 2868/8755, time remaining: 16m 6s
[stdout] Rendered 2869/8755, time remaining: 16m 6s
[stdout] Rendered 2870/8755, time remaining: 16m 5s
[stdout] Rendered 2871/8755, time remaining: 16m 5s
[stdout] Rendered 2872/8755, time remaining: 16m 5s
[stdout] Rendered 2873/8755, time remaining: 16m 5s
[stdout] Rendered 2874/8755, time remaining: 16m 5s
[stdout] Rendered 2875/8755, time remaining: 16m 5s
[stdout] Rendered 2876/8755, time remaining: 16m 4s
[stdout] Rendered 2877/8755, time remaining: 16m 4s
[stdout] Rendered 2878/8755, time remaining: 16m 4s
[stdout] Rendered 2879/8755, time remaining: 16m 4s
[stdout] Rendered 2880/8755, time remaining: 16m 4s
[stdout] Rendered 2881/8755, time remaining: 16m 4s
[stdout] Rendered 2882/8755, time remaining: 16m 3s
[stdout] Rendered 2883/8755, time remaining: 16m 3s
[stdout] Rendered 2884/8755, time remaining: 16m 3s
[stdout] Rendered 2885/8755, time remaining: 16m 3s
[stdout] Rendered 2885/8755, time remaining: 16m 3s
[stdout] Rendered 2886/8755, time remaining: 16m 3s
[stdout] Rendered 2887/8755, time remaining: 16m 2s
[stdout] Rendered 2888/8755, time remaining: 16m 2s
[stdout] Rendered 2889/8755, time remaining: 16m 2s
[stdout] Rendered 2890/8755, time remaining: 16m 2s
[stdout] Rendered 2891/8755, time remaining: 16m 2s
[stdout] Rendered 2892/8755, time remaining: 16m 1s
[stdout] Rendered 2893/8755, time remaining: 16m 1s
[stdout] Rendered 2894/8755, time remaining: 16m 1s
[stdout] Rendered 2895/8755, time remaining: 16m 1s
[stdout] Rendered 2896/8755, time remaining: 16m 1s
[stdout] Rendered 2897/8755, time remaining: 16m 1s
[stdout] Rendered 2898/8755, time remaining: 16m 1s
[stdout] Rendered 2899/8755, time remaining: 16m 1s
[stdout] Rendered 2900/8755, time remaining: 16m 0s
[stdout] Rendered 2901/8755, time remaining: 16m 0s
[stdout] Rendered 2902/8755, time remaining: 16m 0s
[stdout] Rendered 2902/8755, time remaining: 16m 0s
[stdout] Rendered 2903/8755, time remaining: 16m 0s
[stdout] Rendered 2904/8755, time remaining: 16m 0s
[stdout] Rendered 2905/8755, time remaining: 16m 0s
[stdout] Rendered 2906/8755, time remaining: 15m 59s
[stdout] Rendered 2907/8755, time remaining: 15m 59s
[stdout] Rendered 2908/8755, time remaining: 15m 59s
[stdout] Rendered 2909/8755, time remaining: 15m 59s
[stdout] Rendered 2910/8755, time remaining: 15m 59s
[stdout] Rendered 2911/8755, time remaining: 15m 59s
[stdout] Rendered 2912/8755, time remaining: 15m 58s
[stdout] Rendered 2913/8755, time remaining: 15m 58s
[stdout] Rendered 2914/8755, time remaining: 15m 58s
[stdout] Rendered 2915/8755, time remaining: 15m 58s
[stdout] Rendered 2916/8755, time remaining: 15m 58s
[stdout] Rendered 2917/8755, time remaining: 15m 57s
[stdout] Rendered 2918/8755, time remaining: 15m 57s
[stdout] Rendered 2919/8755, time remaining: 15m 57s
[stdout] Rendered 2920/8755, time remaining: 15m 57s
[stdout] Rendered 2921/8755, time remaining: 15m 57s
[stdout] Rendered 2922/8755, time remaining: 15m 56s
[stdout] Rendered 2923/8755, time remaining: 15m 56s
[stdout] Rendered 2924/8755, time remaining: 15m 56s
[stdout] Rendered 2924/8755, time remaining: 15m 56s
[stdout] Rendered 2925/8755, time remaining: 15m 56s
[stdout] Rendered 2926/8755, time remaining: 15m 56s
[stdout] Rendered 2927/8755, time remaining: 15m 55s
[stdout] Rendered 2928/8755, time remaining: 15m 55s
[stdout] Rendered 2929/8755, time remaining: 15m 55s
[stdout] Rendered 2930/8755, time remaining: 15m 55s
[stdout] Rendered 2931/8755, time remaining: 15m 55s
[stdout] Rendered 2932/8755, time remaining: 15m 54s
[stdout] Rendered 2933/8755, time remaining: 15m 54s
[stdout] Rendered 2934/8755, time remaining: 15m 54s
[stdout] Rendered 2935/8755, time remaining: 15m 54s
[stdout] Rendered 2936/8755, time remaining: 15m 54s
[stdout] Rendered 2937/8755, time remaining: 15m 54s
[stdout] Rendered 2938/8755, time remaining: 15m 53s
[stdout] Rendered 2939/8755, time remaining: 15m 53s
[stdout] Rendered 2940/8755, time remaining: 15m 53s
[stdout] Rendered 2941/8755, time remaining: 15m 53s
[stdout] Rendered 2942/8755, time remaining: 15m 52s
[stdout] Rendered 2943/8755, time remaining: 15m 52s
[stdout] Rendered 2944/8755, time remaining: 15m 52s
[stdout] Rendered 2945/8755, time remaining: 15m 52s
[stdout] Rendered 2945/8755, time remaining: 15m 52s
[stdout] Rendered 2946/8755, time remaining: 15m 52s
[stdout] Rendered 2947/8755, time remaining: 15m 51s
[stdout] Rendered 2948/8755, time remaining: 15m 51s
[stdout] Rendered 2949/8755, time remaining: 15m 51s
[stdout] Rendered 2950/8755, time remaining: 15m 51s
[stdout] Rendered 2951/8755, time remaining: 15m 51s
[stdout] Rendered 2952/8755, time remaining: 15m 50s
[stdout] Rendered 2953/8755, time remaining: 15m 50s
[stdout] Rendered 2954/8755, time remaining: 15m 50s
[stdout] Rendered 2955/8755, time remaining: 15m 50s
[stdout] Rendered 2956/8755, time remaining: 15m 49s
[stdout] Rendered 2957/8755, time remaining: 15m 49s
[stdout] Rendered 2958/8755, time remaining: 15m 49s
[stdout] Rendered 2959/8755, time remaining: 15m 49s
[stdout] Rendered 2960/8755, time remaining: 15m 49s
[stdout] Rendered 2961/8755, time remaining: 15m 48s
[stdout] Rendered 2962/8755, time remaining: 15m 48s
[stdout] Rendered 2963/8755, time remaining: 15m 48s
[stdout] Rendered 2964/8755, time remaining: 15m 48s
[stdout] Rendered 2965/8755, time remaining: 15m 48s
[stdout] Rendered 2966/8755, time remaining: 15m 47s
[stdout] Rendered 2966/8755, time remaining: 15m 47s
[stdout] Rendered 2967/8755, time remaining: 15m 47s
[stdout] Rendered 2968/8755, time remaining: 15m 47s
[stdout] Rendered 2969/8755, time remaining: 15m 47s
[stdout] Rendered 2970/8755, time remaining: 15m 47s
[stdout] Rendered 2971/8755, time remaining: 15m 46s
[stdout] Rendered 2972/8755, time remaining: 15m 46s
[stdout] Rendered 2973/8755, time remaining: 15m 46s
[stdout] Rendered 2974/8755, time remaining: 15m 46s
[stdout] Rendered 2975/8755, time remaining: 15m 45s
[stdout] Rendered 2976/8755, time remaining: 15m 45s
[stdout] Rendered 2977/8755, time remaining: 15m 45s
[stdout] Rendered 2978/8755, time remaining: 15m 45s
[stdout] Rendered 2979/8755, time remaining: 15m 45s
[stdout] Rendered 2980/8755, time remaining: 15m 45s
[stdout] Rendered 2981/8755, time remaining: 15m 44s
[stdout] Rendered 2982/8755, time remaining: 15m 44s
[stdout] Rendered 2983/8755, time remaining: 15m 44s
[stdout] Rendered 2984/8755, time remaining: 15m 44s
[stdout] Rendered 2985/8755, time remaining: 15m 44s
[stdout] Rendered 2986/8755, time remaining: 15m 43s
[stdout] Rendered 2986/8755, time remaining: 15m 43s
[stdout] Rendered 2987/8755, time remaining: 15m 43s
[stdout] Rendered 2988/8755, time remaining: 15m 43s
[stdout] Rendered 2989/8755, time remaining: 15m 43s
[stdout] Rendered 2990/8755, time remaining: 15m 43s
[stdout] Rendered 2991/8755, time remaining: 15m 42s
[stdout] Rendered 2992/8755, time remaining: 15m 42s
[stdout] Rendered 2993/8755, time remaining: 15m 42s
[stdout] Rendered 2994/8755, time remaining: 15m 42s
[stdout] Rendered 2995/8755, time remaining: 15m 42s
[stdout] Rendered 2996/8755, time remaining: 15m 42s
[stdout] Rendered 2997/8755, time remaining: 15m 41s
[stdout] Rendered 2998/8755, time remaining: 15m 41s
[stdout] Rendered 2999/8755, time remaining: 15m 41s
[stdout] Rendered 3000/8755, time remaining: 15m 41s
[stdout] Rendered 3001/8755, time remaining: 15m 40s
[stdout] Rendered 3002/8755, time remaining: 15m 40s
[stdout] Rendered 3003/8755, time remaining: 15m 40s
[stdout] Rendered 3004/8755, time remaining: 15m 40s
[stdout] Rendered 3005/8755, time remaining: 15m 40s
[stdout] Rendered 3006/8755, time remaining: 15m 39s
[stdout] Rendered 3007/8755, time remaining: 15m 39s
[stdout] Rendered 3007/8755, time remaining: 15m 39s
[stdout] Rendered 3008/8755, time remaining: 15m 39s
[stdout] Rendered 3009/8755, time remaining: 15m 39s
[stdout] Rendered 3010/8755, time remaining: 15m 39s
[stdout] Rendered 3011/8755, time remaining: 15m 39s
[stdout] Rendered 3012/8755, time remaining: 15m 38s
[stdout] Rendered 3013/8755, time remaining: 15m 38s
[stdout] Rendered 3014/8755, time remaining: 15m 38s
[stdout] Rendered 3015/8755, time remaining: 15m 38s
[stdout] Rendered 3016/8755, time remaining: 15m 37s
[stdout] Rendered 3017/8755, time remaining: 15m 37s
[stdout] Rendered 3018/8755, time remaining: 15m 37s
[stdout] Rendered 3019/8755, time remaining: 15m 37s
[stdout] Rendered 3020/8755, time remaining: 15m 37s
[stdout] Rendered 3021/8755, time remaining: 15m 37s
[stdout] Rendered 3022/8755, time remaining: 15m 36s
[stdout] Rendered 3023/8755, time remaining: 15m 36s
[stdout] Rendered 3024/8755, time remaining: 15m 36s
[stdout] Rendered 3025/8755, time remaining: 15m 36s
[stdout] Rendered 3026/8755, time remaining: 15m 35s
[stdout] Rendered 3027/8755, time remaining: 15m 35s
[stdout] Rendered 3028/8755, time remaining: 15m 35s
[stdout] Rendered 3029/8755, time remaining: 15m 35s
[stdout] Rendered 3029/8755, time remaining: 15m 35s
[stdout] Rendered 3030/8755, time remaining: 15m 35s
[stdout] Rendered 3031/8755, time remaining: 15m 34s
[stdout] Rendered 3032/8755, time remaining: 15m 34s
[stdout] Rendered 3033/8755, time remaining: 15m 34s
[stdout] Rendered 3034/8755, time remaining: 15m 34s
[stdout] Rendered 3035/8755, time remaining: 15m 34s
[stdout] Rendered 3036/8755, time remaining: 15m 33s
[stdout] Rendered 3037/8755, time remaining: 15m 33s
[stdout] Rendered 3038/8755, time remaining: 15m 33s
[stdout] Rendered 3039/8755, time remaining: 15m 33s
[stdout] Rendered 3040/8755, time remaining: 15m 33s
[stdout] Rendered 3041/8755, time remaining: 15m 32s
[stdout] Rendered 3042/8755, time remaining: 15m 32s
[stdout] Rendered 3043/8755, time remaining: 15m 32s
[stdout] Rendered 3044/8755, time remaining: 15m 32s
[stdout] Rendered 3045/8755, time remaining: 15m 32s
[stdout] Rendered 3046/8755, time remaining: 15m 31s
[stdout] Rendered 3047/8755, time remaining: 15m 31s
[stdout] Rendered 3048/8755, time remaining: 15m 31s
[stdout] Rendered 3049/8755, time remaining: 15m 31s
[stdout] Rendered 3049/8755, time remaining: 15m 31s
[stdout] Rendered 3050/8755, time remaining: 15m 31s
[stdout] Rendered 3051/8755, time remaining: 15m 31s
[stdout] Rendered 3052/8755, time remaining: 15m 30s
[stdout] Rendered 3053/8755, time remaining: 15m 30s
[stdout] Rendered 3054/8755, time remaining: 15m 30s
[stdout] Rendered 3055/8755, time remaining: 15m 30s
[stdout] Rendered 3056/8755, time remaining: 15m 29s
[stdout] Rendered 3057/8755, time remaining: 15m 29s
[stdout] Rendered 3058/8755, time remaining: 15m 29s
[stdout] Rendered 3059/8755, time remaining: 15m 29s
[stdout] Rendered 3060/8755, time remaining: 15m 29s
[stdout] Rendered 3061/8755, time remaining: 15m 28s
[stdout] Rendered 3062/8755, time remaining: 15m 28s
[stdout] Rendered 3063/8755, time remaining: 15m 28s
[stdout] Rendered 3064/8755, time remaining: 15m 28s
[stdout] Rendered 3065/8755, time remaining: 15m 27s
[stdout] Rendered 3066/8755, time remaining: 15m 27s
[stdout] Rendered 3067/8755, time remaining: 15m 27s
[stdout] Rendered 3068/8755, time remaining: 15m 27s
[stdout] Rendered 3069/8755, time remaining: 15m 27s
[stdout] Rendered 3070/8755, time remaining: 15m 26s
[stdout] Rendered 3071/8755, time remaining: 15m 26s
[stdout] Rendered 3072/8755, time remaining: 15m 26s
[stdout] Rendered 3072/8755, time remaining: 15m 26s
[stdout] Rendered 3073/8755, time remaining: 15m 26s
[stdout] Rendered 3074/8755, time remaining: 15m 26s
[stdout] Rendered 3075/8755, time remaining: 15m 25s
[stdout] Rendered 3076/8755, time remaining: 15m 25s
[stdout] Rendered 3077/8755, time remaining: 15m 25s
[stdout] Rendered 3078/8755, time remaining: 15m 25s
[stdout] Rendered 3079/8755, time remaining: 15m 25s
[stdout] Rendered 3080/8755, time remaining: 15m 24s
[stdout] Rendered 3081/8755, time remaining: 15m 24s
[stdout] Rendered 3082/8755, time remaining: 15m 24s
[stdout] Rendered 3083/8755, time remaining: 15m 24s
[stdout] Rendered 3084/8755, time remaining: 15m 24s
[stdout] Rendered 3085/8755, time remaining: 15m 24s
[stdout] Rendered 3086/8755, time remaining: 15m 23s
[stdout] Rendered 3087/8755, time remaining: 15m 23s
[stdout] Rendered 3088/8755, time remaining: 15m 23s
[stdout] Rendered 3089/8755, time remaining: 15m 23s
[stdout] Rendered 3090/8755, time remaining: 15m 22s
[stdout] Rendered 3091/8755, time remaining: 15m 22s
[stdout] Rendered 3092/8755, time remaining: 15m 22s
[stdout] Rendered 3092/8755, time remaining: 15m 22s
[stdout] Rendered 3093/8755, time remaining: 15m 22s
[stdout] Rendered 3094/8755, time remaining: 15m 22s
[stdout] Rendered 3095/8755, time remaining: 15m 22s
[stdout] Rendered 3096/8755, time remaining: 15m 21s
[stdout] Rendered 3097/8755, time remaining: 15m 21s
[stdout] Rendered 3098/8755, time remaining: 15m 21s
[stdout] Rendered 3099/8755, time remaining: 15m 21s
[stdout] Rendered 3100/8755, time remaining: 15m 21s
[stdout] Rendered 3101/8755, time remaining: 15m 20s
[stdout] Rendered 3102/8755, time remaining: 15m 20s
[stdout] Rendered 3103/8755, time remaining: 15m 20s
[stdout] Rendered 3104/8755, time remaining: 15m 20s
[stdout] Rendered 3105/8755, time remaining: 15m 20s
[stdout] Rendered 3106/8755, time remaining: 15m 19s
[stdout] Rendered 3107/8755, time remaining: 15m 19s
[stdout] Rendered 3108/8755, time remaining: 15m 19s
[stdout] Rendered 3109/8755, time remaining: 15m 19s
[stdout] Rendered 3110/8755, time remaining: 15m 19s
[stdout] Rendered 3111/8755, time remaining: 15m 18s
[stdout] Rendered 3112/8755, time remaining: 15m 18s
[stdout] Rendered 3113/8755, time remaining: 15m 18s
[stdout] Rendered 3114/8755, time remaining: 15m 18s
[stdout] Rendered 3114/8755, time remaining: 15m 18s
[stdout] Rendered 3115/8755, time remaining: 15m 17s
[stdout] Rendered 3116/8755, time remaining: 15m 17s
[stdout] Rendered 3117/8755, time remaining: 15m 17s
[stdout] Rendered 3118/8755, time remaining: 15m 17s
[stdout] Rendered 3119/8755, time remaining: 15m 17s
[stdout] Rendered 3120/8755, time remaining: 15m 17s
[stdout] Rendered 3121/8755, time remaining: 15m 16s
[stdout] Rendered 3122/8755, time remaining: 15m 16s
[stdout] Rendered 3123/8755, time remaining: 15m 16s
[stdout] Rendered 3124/8755, time remaining: 15m 16s
[stdout] Rendered 3125/8755, time remaining: 15m 16s
[stdout] Rendered 3126/8755, time remaining: 15m 16s
[stdout] Rendered 3127/8755, time remaining: 15m 16s
[stdout] Rendered 3128/8755, time remaining: 15m 16s
[stdout] Rendered 3129/8755, time remaining: 15m 15s
[stdout] Rendered 3130/8755, time remaining: 15m 15s
[stdout] Rendered 3131/8755, time remaining: 15m 15s
[stdout] Rendered 3132/8755, time remaining: 15m 15s
[stdout] Rendered 3132/8755, time remaining: 15m 15s
[stdout] Rendered 3133/8755, time remaining: 15m 15s
[stdout] Rendered 3134/8755, time remaining: 15m 14s
[stdout] Rendered 3135/8755, time remaining: 15m 14s
[stdout] Rendered 3136/8755, time remaining: 15m 14s
[stdout] Rendered 3137/8755, time remaining: 15m 14s
[stdout] Rendered 3138/8755, time remaining: 15m 14s
[stdout] Rendered 3139/8755, time remaining: 15m 13s
[stdout] Rendered 3140/8755, time remaining: 15m 13s
[stdout] Rendered 3141/8755, time remaining: 15m 13s
[stdout] Rendered 3142/8755, time remaining: 15m 13s
[stdout] Rendered 3143/8755, time remaining: 15m 13s
[stdout] Rendered 3144/8755, time remaining: 15m 12s
[stdout] Rendered 3145/8755, time remaining: 15m 12s
[stdout] Rendered 3146/8755, time remaining: 15m 12s
[stdout] Rendered 3147/8755, time remaining: 15m 12s
[stdout] Rendered 3148/8755, time remaining: 15m 12s
[stdout] Rendered 3149/8755, time remaining: 15m 11s
[stdout] Rendered 3150/8755, time remaining: 15m 11s
[stdout] Rendered 3151/8755, time remaining: 15m 11s
[stdout] Rendered 3152/8755, time remaining: 15m 11s
[stdout] Rendered 3153/8755, time remaining: 15m 11s
[stdout] Rendered 3153/8755, time remaining: 15m 11s
[stdout] Rendered 3154/8755, time remaining: 15m 10s
[stdout] Rendered 3155/8755, time remaining: 15m 10s
[stdout] Rendered 3156/8755, time remaining: 15m 10s
[stdout] Rendered 3157/8755, time remaining: 15m 10s
[stdout] Rendered 3158/8755, time remaining: 15m 10s
[stdout] Rendered 3159/8755, time remaining: 15m 9s
[stdout] Rendered 3160/8755, time remaining: 15m 9s
[stdout] Rendered 3161/8755, time remaining: 15m 9s
[stdout] Rendered 3162/8755, time remaining: 15m 9s
[stdout] Rendered 3163/8755, time remaining: 15m 9s
[stdout] Rendered 3164/8755, time remaining: 15m 8s
[stdout] Rendered 3165/8755, time remaining: 15m 8s
[stdout] Rendered 3166/8755, time remaining: 15m 8s
[stdout] Rendered 3167/8755, time remaining: 15m 8s
[stdout] Rendered 3168/8755, time remaining: 15m 8s
[stdout] Rendered 3169/8755, time remaining: 15m 7s
[stdout] Rendered 3170/8755, time remaining: 15m 7s
[stdout] Rendered 3171/8755, time remaining: 15m 7s
[stdout] Rendered 3172/8755, time remaining: 15m 7s
[stdout] Rendered 3173/8755, time remaining: 15m 7s
[stdout] Rendered 3174/8755, time remaining: 15m 6s
[stdout] Rendered 3174/8755, time remaining: 15m 6s
[stdout] Rendered 3175/8755, time remaining: 15m 6s
[stdout] Rendered 3176/8755, time remaining: 15m 6s
[stdout] Rendered 3177/8755, time remaining: 15m 6s
[stdout] Rendered 3178/8755, time remaining: 15m 6s
[stdout] Rendered 3179/8755, time remaining: 15m 5s
[stdout] Rendered 3180/8755, time remaining: 15m 5s
[stdout] Rendered 3181/8755, time remaining: 15m 5s
[stdout] Rendered 3182/8755, time remaining: 15m 5s
[stdout] Rendered 3183/8755, time remaining: 15m 5s
[stdout] Rendered 3184/8755, time remaining: 15m 4s
[stdout] Rendered 3185/8755, time remaining: 15m 4s
[stdout] Rendered 3186/8755, time remaining: 15m 4s
[stdout] Rendered 3187/8755, time remaining: 15m 4s
[stdout] Rendered 3188/8755, time remaining: 15m 4s
[stdout] Rendered 3189/8755, time remaining: 15m 4s
[stdout] Rendered 3190/8755, time remaining: 15m 3s
[stdout] Rendered 3191/8755, time remaining: 15m 3s
[stdout] Rendered 3192/8755, time remaining: 15m 3s
[stdout] Rendered 3193/8755, time remaining: 15m 3s
[stdout] Rendered 3194/8755, time remaining: 15m 3s
[stdout] Rendered 3195/8755, time remaining: 15m 2s
[stdout] Rendered 3196/8755, time remaining: 15m 2s
[stdout] Rendered 3196/8755, time remaining: 15m 2s
[stdout] Rendered 3197/8755, time remaining: 15m 2s
[stdout] Rendered 3198/8755, time remaining: 15m 2s
[stdout] Rendered 3199/8755, time remaining: 15m 2s
[stdout] Rendered 3200/8755, time remaining: 15m 1s
[stdout] Rendered 3201/8755, time remaining: 15m 1s
[stdout] Rendered 3202/8755, time remaining: 15m 1s
[stdout] Rendered 3203/8755, time remaining: 15m 1s
[stdout] Rendered 3204/8755, time remaining: 15m 1s
[stdout] Rendered 3205/8755, time remaining: 15m 0s
[stdout] Rendered 3206/8755, time remaining: 15m 0s
[stdout] Rendered 3207/8755, time remaining: 15m 0s
[stdout] Rendered 3208/8755, time remaining: 15m 0s
[stdout] Rendered 3209/8755, time remaining: 15m 0s
[stdout] Rendered 3210/8755, time remaining: 14m 59s
[stdout] Rendered 3211/8755, time remaining: 14m 59s
[stdout] Rendered 3212/8755, time remaining: 14m 59s
[stdout] Rendered 3213/8755, time remaining: 14m 59s
[stdout] Rendered 3214/8755, time remaining: 14m 59s
[stdout] Rendered 3215/8755, time remaining: 14m 59s
[stdout] Rendered 3216/8755, time remaining: 14m 58s
[stdout] Rendered 3216/8755, time remaining: 14m 58s
[stdout] Rendered 3217/8755, time remaining: 14m 58s
[stdout] Rendered 3218/8755, time remaining: 14m 58s
[stdout] Rendered 3219/8755, time remaining: 14m 58s
[stdout] Rendered 3220/8755, time remaining: 14m 57s
[stdout] Rendered 3221/8755, time remaining: 14m 57s
[stdout] Rendered 3222/8755, time remaining: 14m 57s
[stdout] Rendered 3223/8755, time remaining: 14m 57s
[stdout] Rendered 3224/8755, time remaining: 14m 57s
[stdout] Rendered 3225/8755, time remaining: 14m 57s
[stdout] Rendered 3226/8755, time remaining: 14m 57s
[stdout] Rendered 3227/8755, time remaining: 14m 56s
[stdout] Rendered 3228/8755, time remaining: 14m 56s
[stdout] Rendered 3229/8755, time remaining: 14m 56s
[stdout] Rendered 3230/8755, time remaining: 14m 56s
[stdout] Rendered 3231/8755, time remaining: 14m 56s
[stdout] Rendered 3232/8755, time remaining: 14m 55s
[stdout] Rendered 3233/8755, time remaining: 14m 55s
[stdout] Rendered 3234/8755, time remaining: 14m 55s
[stdout] Rendered 3235/8755, time remaining: 14m 55s
[stdout] Rendered 3236/8755, time remaining: 14m 55s
[stdout] Rendered 3236/8755, time remaining: 14m 55s
[stdout] Rendered 3237/8755, time remaining: 14m 54s
[stdout] Rendered 3238/8755, time remaining: 14m 54s
[stdout] Rendered 3239/8755, time remaining: 14m 54s
[stdout] Rendered 3240/8755, time remaining: 14m 54s
[stdout] Rendered 3241/8755, time remaining: 14m 54s
[stdout] Rendered 3242/8755, time remaining: 14m 54s
[stdout] Rendered 3243/8755, time remaining: 14m 53s
[stdout] Rendered 3244/8755, time remaining: 14m 53s
[stdout] Rendered 3245/8755, time remaining: 14m 53s
[stdout] Rendered 3246/8755, time remaining: 14m 53s
[stdout] Rendered 3247/8755, time remaining: 14m 53s
[stdout] Rendered 3248/8755, time remaining: 14m 52s
[stdout] Rendered 3249/8755, time remaining: 14m 52s
[stdout] Rendered 3250/8755, time remaining: 14m 52s
[stdout] Rendered 3251/8755, time remaining: 14m 52s
[stdout] Rendered 3252/8755, time remaining: 14m 52s
[stdout] Rendered 3253/8755, time remaining: 14m 51s
[stdout] Rendered 3254/8755, time remaining: 14m 51s
[stdout] Rendered 3255/8755, time remaining: 14m 51s
[stdout] Rendered 3256/8755, time remaining: 14m 51s
[stdout] Rendered 3257/8755, time remaining: 14m 51s
[stdout] Rendered 3257/8755, time remaining: 14m 51s
[stdout] Rendered 3258/8755, time remaining: 14m 51s
[stdout] Rendered 3259/8755, time remaining: 14m 50s
[stdout] Rendered 3260/8755, time remaining: 14m 50s
[stdout] Rendered 3261/8755, time remaining: 14m 50s
[stdout] Rendered 3262/8755, time remaining: 14m 50s
[stdout] Rendered 3263/8755, time remaining: 14m 50s
[stdout] Rendered 3264/8755, time remaining: 14m 49s
[stdout] Rendered 3265/8755, time remaining: 14m 49s
[stdout] Rendered 3266/8755, time remaining: 14m 49s
[stdout] Rendered 3267/8755, time remaining: 14m 49s
[stdout] Rendered 3268/8755, time remaining: 14m 49s
[stdout] Rendered 3269/8755, time remaining: 14m 49s
[stdout] Rendered 3270/8755, time remaining: 14m 48s
[stdout] Rendered 3271/8755, time remaining: 14m 48s
[stdout] Rendered 3272/8755, time remaining: 14m 48s
[stdout] Rendered 3273/8755, time remaining: 14m 48s
[stdout] Rendered 3274/8755, time remaining: 14m 48s
[stdout] Rendered 3275/8755, time remaining: 14m 48s
[stdout] Rendered 3276/8755, time remaining: 14m 47s
[stdout] Rendered 3277/8755, time remaining: 14m 47s
[stdout] Rendered 3277/8755, time remaining: 14m 47s
[stdout] Rendered 3278/8755, time remaining: 14m 47s
[stdout] Rendered 3279/8755, time remaining: 14m 47s
[stdout] Rendered 3280/8755, time remaining: 14m 47s
[stdout] Rendered 3281/8755, time remaining: 14m 47s
[stdout] Rendered 3282/8755, time remaining: 14m 46s
[stdout] Rendered 3283/8755, time remaining: 14m 46s
[stdout] Rendered 3284/8755, time remaining: 14m 46s
[stdout] Rendered 3285/8755, time remaining: 14m 46s
[stdout] Rendered 3286/8755, time remaining: 14m 46s
[stdout] Rendered 3287/8755, time remaining: 14m 45s
[stdout] Rendered 3288/8755, time remaining: 14m 45s
[stdout] Rendered 3289/8755, time remaining: 14m 45s
[stdout] Rendered 3290/8755, time remaining: 14m 45s
[stdout] Rendered 3291/8755, time remaining: 14m 45s
[stdout] Rendered 3292/8755, time remaining: 14m 45s
[stdout] Rendered 3293/8755, time remaining: 14m 44s
[stdout] Rendered 3294/8755, time remaining: 14m 44s
[stdout] Rendered 3295/8755, time remaining: 14m 44s
[stdout] Rendered 3295/8755, time remaining: 14m 44s
[stdout] Rendered 3296/8755, time remaining: 14m 44s
[stdout] Rendered 3297/8755, time remaining: 14m 44s
[stdout] Rendered 3298/8755, time remaining: 14m 44s
[stdout] Rendered 3299/8755, time remaining: 14m 44s
[stdout] Rendered 3300/8755, time remaining: 14m 43s
[stdout] Rendered 3301/8755, time remaining: 14m 43s
[stdout] Rendered 3302/8755, time remaining: 14m 43s
[stdout] Rendered 3303/8755, time remaining: 14m 43s
[stdout] Rendered 3304/8755, time remaining: 14m 43s
[stdout] Rendered 3305/8755, time remaining: 14m 42s
[stdout] Rendered 3306/8755, time remaining: 14m 42s
[stdout] Rendered 3307/8755, time remaining: 14m 42s
[stdout] Rendered 3308/8755, time remaining: 14m 42s
[stdout] Rendered 3309/8755, time remaining: 14m 42s
[stdout] Rendered 3310/8755, time remaining: 14m 42s
[stdout] Rendered 3311/8755, time remaining: 14m 42s
[stdout] Rendered 3311/8755, time remaining: 14m 42s
[stdout] Rendered 3312/8755, time remaining: 14m 41s
[stdout] Rendered 3313/8755, time remaining: 14m 42s
[stdout] Rendered 3314/8755, time remaining: 14m 42s
[stdout] Rendered 3315/8755, time remaining: 14m 42s
[stdout] Rendered 3316/8755, time remaining: 14m 41s
[stdout] Rendered 3317/8755, time remaining: 14m 41s
[stdout] Rendered 3318/8755, time remaining: 14m 41s
[stdout] Rendered 3319/8755, time remaining: 14m 41s
[stdout] Rendered 3320/8755, time remaining: 14m 41s
[stdout] Rendered 3321/8755, time remaining: 14m 41s
[stdout] Rendered 3322/8755, time remaining: 14m 40s
[stdout] Rendered 3323/8755, time remaining: 14m 40s
[stdout] Rendered 3324/8755, time remaining: 14m 40s
[stdout] Rendered 3325/8755, time remaining: 14m 40s
[stdout] Rendered 3326/8755, time remaining: 14m 40s
[stdout] Rendered 3327/8755, time remaining: 14m 39s
[stdout] Rendered 3328/8755, time remaining: 14m 39s
[stdout] Rendered 3329/8755, time remaining: 14m 39s
[stdout] Rendered 3330/8755, time remaining: 14m 39s
[stdout] Rendered 3331/8755, time remaining: 14m 39s
[stdout] Rendered 3331/8755, time remaining: 14m 39s
[stdout] Rendered 3332/8755, time remaining: 14m 39s
[stdout] Rendered 3333/8755, time remaining: 14m 39s
[stdout] Rendered 3334/8755, time remaining: 14m 38s
[stdout] Rendered 3335/8755, time remaining: 14m 38s
[stdout] Rendered 3336/8755, time remaining: 14m 38s
[stdout] Rendered 3337/8755, time remaining: 14m 38s
[stdout] Rendered 3338/8755, time remaining: 14m 38s
[stdout] Rendered 3339/8755, time remaining: 14m 37s
[stdout] Rendered 3340/8755, time remaining: 14m 37s
[stdout] Rendered 3341/8755, time remaining: 14m 37s
[stdout] Rendered 3342/8755, time remaining: 14m 37s
[stdout] Rendered 3343/8755, time remaining: 14m 37s
[stdout] Rendered 3344/8755, time remaining: 14m 37s
[stdout] Rendered 3345/8755, time remaining: 14m 37s
[stdout] Rendered 3346/8755, time remaining: 14m 36s
[stdout] Rendered 3347/8755, time remaining: 14m 36s
[stdout] Rendered 3348/8755, time remaining: 14m 36s
[stdout] Rendered 3349/8755, time remaining: 14m 36s
[stdout] Rendered 3349/8755, time remaining: 14m 36s
[stdout] Rendered 3350/8755, time remaining: 14m 36s
[stdout] Rendered 3351/8755, time remaining: 14m 35s
[stdout] Rendered 3352/8755, time remaining: 14m 35s
[stdout] Rendered 3353/8755, time remaining: 14m 35s
[stdout] Rendered 3354/8755, time remaining: 14m 35s
[stdout] Rendered 3355/8755, time remaining: 14m 35s
[stdout] Rendered 3356/8755, time remaining: 14m 35s
[stdout] Rendered 3357/8755, time remaining: 14m 34s
[stdout] Rendered 3358/8755, time remaining: 14m 34s
[stdout] Rendered 3359/8755, time remaining: 14m 34s
[stdout] Rendered 3360/8755, time remaining: 14m 34s
[stdout] Rendered 3361/8755, time remaining: 14m 34s
[stdout] Rendered 3362/8755, time remaining: 14m 34s
[stdout] Rendered 3363/8755, time remaining: 14m 33s
[stdout] Rendered 3364/8755, time remaining: 14m 33s
[stdout] Rendered 3365/8755, time remaining: 14m 33s
[stdout] Rendered 3366/8755, time remaining: 14m 33s
[stdout] Rendered 3367/8755, time remaining: 14m 33s
[stdout] Rendered 3368/8755, time remaining: 14m 33s
[stdout] Rendered 3369/8755, time remaining: 14m 32s
[stdout] Rendered 3370/8755, time remaining: 14m 32s
[stdout] Rendered 3370/8755, time remaining: 14m 32s
[stdout] Rendered 3371/8755, time remaining: 14m 32s
[stdout] Rendered 3372/8755, time remaining: 14m 32s
[stdout] Rendered 3373/8755, time remaining: 14m 32s
[stdout] Rendered 3374/8755, time remaining: 14m 32s
[stdout] Rendered 3375/8755, time remaining: 14m 31s
[stdout] Rendered 3376/8755, time remaining: 14m 31s
[stdout] Rendered 3377/8755, time remaining: 14m 31s
[stdout] Rendered 3378/8755, time remaining: 14m 31s
[stdout] Rendered 3379/8755, time remaining: 14m 31s
[stdout] Rendered 3380/8755, time remaining: 14m 31s
[stdout] Rendered 3381/8755, time remaining: 14m 30s
[stdout] Rendered 3382/8755, time remaining: 14m 30s
[stdout] Rendered 3383/8755, time remaining: 14m 30s
[stdout] Rendered 3384/8755, time remaining: 14m 30s
[stdout] Rendered 3385/8755, time remaining: 14m 30s
[stdout] Rendered 3386/8755, time remaining: 14m 30s
[stdout] Rendered 3387/8755, time remaining: 14m 29s
[stdout] Rendered 3388/8755, time remaining: 14m 29s
[stdout] Rendered 3389/8755, time remaining: 14m 29s
[stdout] Rendered 3390/8755, time remaining: 14m 29s
[stdout] Rendered 3390/8755, time remaining: 14m 29s
[stdout] Rendered 3391/8755, time remaining: 14m 29s
[stdout] Rendered 3392/8755, time remaining: 14m 29s
[stdout] Rendered 3393/8755, time remaining: 14m 28s
[stdout] Rendered 3394/8755, time remaining: 14m 28s
[stdout] Rendered 3395/8755, time remaining: 14m 28s
[stdout] Rendered 3396/8755, time remaining: 14m 28s
[stdout] Rendered 3397/8755, time remaining: 14m 28s
[stdout] Rendered 3398/8755, time remaining: 14m 28s
[stdout] Rendered 3399/8755, time remaining: 14m 27s
[stdout] Rendered 3400/8755, time remaining: 14m 27s
[stdout] Rendered 3401/8755, time remaining: 14m 27s
[stdout] Rendered 3402/8755, time remaining: 14m 27s
[stdout] Rendered 3403/8755, time remaining: 14m 27s
[stdout] Rendered 3404/8755, time remaining: 14m 27s
[stdout] Rendered 3405/8755, time remaining: 14m 26s
[stdout] Rendered 3406/8755, time remaining: 14m 26s
[stdout] Rendered 3407/8755, time remaining: 14m 26s
[stdout] Rendered 3408/8755, time remaining: 14m 26s
[stdout] Rendered 3408/8755, time remaining: 14m 26s
[stdout] Rendered 3409/8755, time remaining: 14m 26s
[stdout] Rendered 3410/8755, time remaining: 14m 26s
[stdout] Rendered 3411/8755, time remaining: 14m 25s
[stdout] Rendered 3412/8755, time remaining: 14m 25s
[stdout] Rendered 3413/8755, time remaining: 14m 25s
[stdout] Rendered 3414/8755, time remaining: 14m 25s
[stdout] Rendered 3415/8755, time remaining: 14m 25s
[stdout] Rendered 3416/8755, time remaining: 14m 25s
[stdout] Rendered 3417/8755, time remaining: 14m 24s
[stdout] Rendered 3418/8755, time remaining: 14m 24s
[stdout] Rendered 3419/8755, time remaining: 14m 24s
[stdout] Rendered 3420/8755, time remaining: 14m 24s
[stdout] Rendered 3421/8755, time remaining: 14m 24s
[stdout] Rendered 3422/8755, time remaining: 14m 23s
[stdout] Rendered 3423/8755, time remaining: 14m 23s
[stdout] Rendered 3424/8755, time remaining: 14m 23s
[stdout] Rendered 3425/8755, time remaining: 14m 23s
[stdout] Rendered 3426/8755, time remaining: 14m 23s
[stdout] Rendered 3427/8755, time remaining: 14m 23s
[stdout] Rendered 3428/8755, time remaining: 14m 23s
[stdout] Rendered 3428/8755, time remaining: 14m 23s
[stdout] Rendered 3429/8755, time remaining: 14m 22s
[stdout] Rendered 3430/8755, time remaining: 14m 22s
[stdout] Rendered 3431/8755, time remaining: 14m 22s
[stdout] Rendered 3432/8755, time remaining: 14m 22s
[stdout] Rendered 3433/8755, time remaining: 14m 22s
[stdout] Rendered 3434/8755, time remaining: 14m 21s
[stdout] Rendered 3435/8755, time remaining: 14m 21s
[stdout] Rendered 3436/8755, time remaining: 14m 21s
[stdout] Rendered 3437/8755, time remaining: 14m 21s
[stdout] Rendered 3438/8755, time remaining: 14m 21s
[stdout] Rendered 3439/8755, time remaining: 14m 21s
[stdout] Rendered 3440/8755, time remaining: 14m 20s
[stdout] Rendered 3441/8755, time remaining: 14m 20s
[stdout] Rendered 3442/8755, time remaining: 14m 20s
[stdout] Rendered 3443/8755, time remaining: 14m 20s
[stdout] Rendered 3444/8755, time remaining: 14m 20s
[stdout] Rendered 3445/8755, time remaining: 14m 20s
[stdout] Rendered 3446/8755, time remaining: 14m 19s
[stdout] Rendered 3447/8755, time remaining: 14m 19s
[stdout] Rendered 3448/8755, time remaining: 14m 19s
[stdout] Rendered 3448/8755, time remaining: 14m 19s
[stdout] Rendered 3449/8755, time remaining: 14m 19s
[stdout] Rendered 3450/8755, time remaining: 14m 19s
[stdout] Rendered 3451/8755, time remaining: 14m 19s
[stdout] Rendered 3452/8755, time remaining: 14m 18s
[stdout] Rendered 3453/8755, time remaining: 14m 18s
[stdout] Rendered 3454/8755, time remaining: 14m 18s
[stdout] Rendered 3455/8755, time remaining: 14m 18s
[stdout] Rendered 3456/8755, time remaining: 14m 18s
[stdout] Rendered 3457/8755, time remaining: 14m 18s
[stdout] Rendered 3458/8755, time remaining: 14m 17s
[stdout] Rendered 3459/8755, time remaining: 14m 17s
[stdout] Rendered 3460/8755, time remaining: 14m 17s
[stdout] Rendered 3461/8755, time remaining: 14m 17s
[stdout] Rendered 3462/8755, time remaining: 14m 17s
[stdout] Rendered 3463/8755, time remaining: 14m 17s
[stdout] Rendered 3464/8755, time remaining: 14m 16s
[stdout] Rendered 3465/8755, time remaining: 14m 16s
[stdout] Rendered 3466/8755, time remaining: 14m 16s
[stdout] Rendered 3466/8755, time remaining: 14m 16s
[stdout] Rendered 3467/8755, time remaining: 14m 16s
[stdout] Rendered 3468/8755, time remaining: 14m 16s
[stdout] Rendered 3469/8755, time remaining: 14m 16s
[stdout] Rendered 3470/8755, time remaining: 14m 15s
[stdout] Rendered 3471/8755, time remaining: 14m 15s
[stdout] Rendered 3472/8755, time remaining: 14m 15s
[stdout] Rendered 3473/8755, time remaining: 14m 15s
[stdout] Rendered 3474/8755, time remaining: 14m 15s
[stdout] Rendered 3475/8755, time remaining: 14m 15s
[stdout] Rendered 3476/8755, time remaining: 14m 15s
[stdout] Rendered 3477/8755, time remaining: 14m 14s
[stdout] Rendered 3478/8755, time remaining: 14m 14s
[stdout] Rendered 3479/8755, time remaining: 14m 14s
[stdout] Rendered 3480/8755, time remaining: 14m 14s
[stdout] Rendered 3481/8755, time remaining: 14m 14s
[stdout] Rendered 3482/8755, time remaining: 14m 13s
[stdout] Rendered 3483/8755, time remaining: 14m 13s
[stdout] Rendered 3484/8755, time remaining: 14m 13s
[stdout] Rendered 3485/8755, time remaining: 14m 13s
[stdout] Rendered 3486/8755, time remaining: 14m 13s
[stdout] Rendered 3486/8755, time remaining: 14m 13s
[stdout] Rendered 3487/8755, time remaining: 14m 13s
[stdout] Rendered 3488/8755, time remaining: 14m 12s
[stdout] Rendered 3489/8755, time remaining: 14m 12s
[stdout] Rendered 3490/8755, time remaining: 14m 12s
[stdout] Rendered 3491/8755, time remaining: 14m 12s
[stdout] Rendered 3492/8755, time remaining: 14m 12s
[stdout] Rendered 3493/8755, time remaining: 14m 12s
[stdout] Rendered 3494/8755, time remaining: 14m 11s
[stdout] Rendered 3495/8755, time remaining: 14m 11s
[stdout] Rendered 3496/8755, time remaining: 14m 11s
[stdout] Rendered 3497/8755, time remaining: 14m 11s
[stdout] Rendered 3498/8755, time remaining: 14m 11s
[stdout] Rendered 3499/8755, time remaining: 14m 10s
[stdout] Rendered 3500/8755, time remaining: 14m 10s
[stdout] Rendered 3501/8755, time remaining: 14m 10s
[stdout] Rendered 3502/8755, time remaining: 14m 10s
[stdout] Rendered 3503/8755, time remaining: 14m 10s
[stdout] Rendered 3504/8755, time remaining: 14m 10s
[stdout] Rendered 3504/8755, time remaining: 14m 10s
[stdout] Rendered 3505/8755, time remaining: 14m 10s
[stdout] Rendered 3506/8755, time remaining: 14m 10s
[stdout] Rendered 3507/8755, time remaining: 14m 9s
[stdout] Rendered 3508/8755, time remaining: 14m 9s
[stdout] Rendered 3509/8755, time remaining: 14m 9s
[stdout] Rendered 3510/8755, time remaining: 14m 9s
[stdout] Rendered 3511/8755, time remaining: 14m 9s
[stdout] Rendered 3512/8755, time remaining: 14m 9s
[stdout] Rendered 3513/8755, time remaining: 14m 9s
[stdout] Rendered 3514/8755, time remaining: 14m 8s
[stdout] Rendered 3515/8755, time remaining: 14m 8s
[stdout] Rendered 3516/8755, time remaining: 14m 8s
[stdout] Rendered 3517/8755, time remaining: 14m 8s
[stdout] Rendered 3518/8755, time remaining: 14m 8s
[stdout] Rendered 3519/8755, time remaining: 14m 7s
[stdout] Rendered 3520/8755, time remaining: 14m 7s
[stdout] Rendered 3521/8755, time remaining: 14m 7s
[stdout] Rendered 3522/8755, time remaining: 14m 7s
[stdout] Rendered 3523/8755, time remaining: 14m 7s
[stdout] Rendered 3524/8755, time remaining: 14m 7s
[stdout] Rendered 3524/8755, time remaining: 14m 7s
[stdout] Rendered 3525/8755, time remaining: 14m 6s
[stdout] Rendered 3526/8755, time remaining: 14m 6s
[stdout] Rendered 3527/8755, time remaining: 14m 6s
[stdout] Rendered 3528/8755, time remaining: 14m 6s
[stdout] Rendered 3529/8755, time remaining: 14m 6s
[stdout] Rendered 3530/8755, time remaining: 14m 6s
[stdout] Rendered 3531/8755, time remaining: 14m 5s
[stdout] Rendered 3532/8755, time remaining: 14m 5s
[stdout] Rendered 3533/8755, time remaining: 14m 5s
[stdout] Rendered 3534/8755, time remaining: 14m 5s
[stdout] Rendered 3535/8755, time remaining: 14m 5s
[stdout] Rendered 3536/8755, time remaining: 14m 5s
[stdout] Rendered 3537/8755, time remaining: 14m 5s
[stdout] Rendered 3538/8755, time remaining: 14m 5s
[stdout] Rendered 3539/8755, time remaining: 14m 5s
[stdout] Rendered 3539/8755, time remaining: 14m 5s
[stdout] Rendered 3540/8755, time remaining: 14m 5s
[stdout] Rendered 3541/8755, time remaining: 14m 5s
[stdout] Rendered 3542/8755, time remaining: 14m 4s
[stdout] Rendered 3543/8755, time remaining: 14m 4s
[stdout] Rendered 3544/8755, time remaining: 14m 4s
[stdout] Rendered 3545/8755, time remaining: 14m 4s
[stdout] Rendered 3546/8755, time remaining: 14m 4s
[stdout] Rendered 3547/8755, time remaining: 14m 3s
[stdout] Rendered 3548/8755, time remaining: 14m 3s
[stdout] Rendered 3549/8755, time remaining: 14m 3s
[stdout] Rendered 3550/8755, time remaining: 14m 3s
[stdout] Rendered 3551/8755, time remaining: 14m 3s
[stdout] Rendered 3552/8755, time remaining: 14m 3s
[stdout] Rendered 3553/8755, time remaining: 14m 2s
[stdout] Rendered 3554/8755, time remaining: 14m 2s
[stdout] Rendered 3555/8755, time remaining: 14m 2s
[stdout] Rendered 3556/8755, time remaining: 14m 2s
[stdout] Rendered 3557/8755, time remaining: 14m 2s
[stdout] Rendered 3558/8755, time remaining: 14m 2s
[stdout] Rendered 3558/8755, time remaining: 14m 2s
[stdout] Rendered 3559/8755, time remaining: 14m 2s
[stdout] Rendered 3560/8755, time remaining: 14m 1s
[stdout] Rendered 3561/8755, time remaining: 14m 1s
[stdout] Rendered 3562/8755, time remaining: 14m 1s
[stdout] Rendered 3563/8755, time remaining: 14m 1s
[stdout] Rendered 3564/8755, time remaining: 14m 1s
[stdout] Rendered 3565/8755, time remaining: 14m 0s
[stdout] Rendered 3566/8755, time remaining: 14m 0s
[stdout] Rendered 3567/8755, time remaining: 14m 0s
[stdout] Rendered 3568/8755, time remaining: 14m 0s
[stdout] Rendered 3569/8755, time remaining: 14m 0s
[stdout] Rendered 3570/8755, time remaining: 14m 0s
[stdout] Rendered 3571/8755, time remaining: 13m 59s
[stdout] Rendered 3572/8755, time remaining: 13m 59s
[stdout] Rendered 3573/8755, time remaining: 13m 59s
[stdout] Rendered 3574/8755, time remaining: 13m 59s
[stdout] Rendered 3575/8755, time remaining: 13m 59s
[stdout] Rendered 3576/8755, time remaining: 13m 59s
[stdout] Rendered 3577/8755, time remaining: 13m 58s
[stdout] Rendered 3577/8755, time remaining: 13m 58s
[stdout] Rendered 3578/8755, time remaining: 13m 58s
[stdout] Rendered 3579/8755, time remaining: 13m 58s
[stdout] Rendered 3580/8755, time remaining: 13m 58s
[stdout] Rendered 3581/8755, time remaining: 13m 58s
[stdout] Rendered 3582/8755, time remaining: 13m 58s
[stdout] Rendered 3583/8755, time remaining: 13m 57s
[stdout] Rendered 3584/8755, time remaining: 13m 57s
[stdout] Rendered 3585/8755, time remaining: 13m 57s
[stdout] Rendered 3586/8755, time remaining: 13m 57s
[stdout] Rendered 3587/8755, time remaining: 13m 57s
[stdout] Rendered 3588/8755, time remaining: 13m 56s
[stdout] Rendered 3589/8755, time remaining: 13m 56s
[stdout] Rendered 3590/8755, time remaining: 13m 56s
[stdout] Rendered 3591/8755, time remaining: 13m 56s
[stdout] Rendered 3592/8755, time remaining: 13m 56s
[stdout] Rendered 3593/8755, time remaining: 13m 56s
[stdout] Rendered 3594/8755, time remaining: 13m 55s
[stdout] Rendered 3595/8755, time remaining: 13m 55s
[stdout] Rendered 3596/8755, time remaining: 13m 55s
[stdout] Rendered 3597/8755, time remaining: 13m 55s
[stdout] Rendered 3597/8755, time remaining: 13m 55s
[stdout] Rendered 3598/8755, time remaining: 13m 55s
[stdout] Rendered 3599/8755, time remaining: 13m 55s
[stdout] Rendered 3600/8755, time remaining: 13m 54s
[stdout] Rendered 3601/8755, time remaining: 13m 54s
[stdout] Rendered 3602/8755, time remaining: 13m 54s
[stdout] Rendered 3603/8755, time remaining: 13m 54s
[stdout] Rendered 3604/8755, time remaining: 13m 54s
[stdout] Rendered 3605/8755, time remaining: 13m 54s
[stdout] Rendered 3606/8755, time remaining: 13m 54s
[stdout] Rendered 3607/8755, time remaining: 13m 53s
[stdout] Rendered 3608/8755, time remaining: 13m 53s
[stdout] Rendered 3609/8755, time remaining: 13m 53s
[stdout] Rendered 3610/8755, time remaining: 13m 53s
[stdout] Rendered 3611/8755, time remaining: 13m 53s
[stdout] Rendered 3612/8755, time remaining: 13m 53s
[stdout] Rendered 3613/8755, time remaining: 13m 52s
[stdout] Rendered 3614/8755, time remaining: 13m 52s
[stdout] Rendered 3615/8755, time remaining: 13m 52s
[stdout] Rendered 3616/8755, time remaining: 13m 52s
[stdout] Rendered 3617/8755, time remaining: 13m 52s
[stdout] Rendered 3617/8755, time remaining: 13m 52s
[stdout] Rendered 3618/8755, time remaining: 13m 52s
[stdout] Rendered 3619/8755, time remaining: 13m 51s
[stdout] Rendered 3620/8755, time remaining: 13m 51s
[stdout] Rendered 3621/8755, time remaining: 13m 51s
[stdout] Rendered 3622/8755, time remaining: 13m 51s
[stdout] Rendered 3623/8755, time remaining: 13m 51s
[stdout] Rendered 3624/8755, time remaining: 13m 51s
[stdout] Rendered 3625/8755, time remaining: 13m 50s
[stdout] Rendered 3626/8755, time remaining: 13m 50s
[stdout] Rendered 3627/8755, time remaining: 13m 50s
[stdout] Rendered 3628/8755, time remaining: 13m 50s
[stdout] Rendered 3629/8755, time remaining: 13m 50s
[stdout] Rendered 3630/8755, time remaining: 13m 49s
[stdout] Rendered 3631/8755, time remaining: 13m 49s
[stdout] Rendered 3632/8755, time remaining: 13m 49s
[stdout] Rendered 3633/8755, time remaining: 13m 49s
[stdout] Rendered 3634/8755, time remaining: 13m 49s
[stdout] Rendered 3635/8755, time remaining: 13m 49s
[stdout] Rendered 3636/8755, time remaining: 13m 48s
[stdout] Rendered 3636/8755, time remaining: 13m 48s
[stdout] Rendered 3637/8755, time remaining: 13m 48s
[stdout] Rendered 3638/8755, time remaining: 13m 48s
[stdout] Rendered 3639/8755, time remaining: 13m 48s
[stdout] Rendered 3640/8755, time remaining: 13m 48s
[stdout] Rendered 3641/8755, time remaining: 13m 48s
[stdout] Rendered 3642/8755, time remaining: 13m 47s
[stdout] Rendered 3643/8755, time remaining: 13m 47s
[stdout] Rendered 3644/8755, time remaining: 13m 47s
[stdout] Rendered 3645/8755, time remaining: 13m 47s
[stdout] Rendered 3646/8755, time remaining: 13m 47s
[stdout] Rendered 3647/8755, time remaining: 13m 47s
[stdout] Rendered 3648/8755, time remaining: 13m 46s
[stdout] Rendered 3649/8755, time remaining: 13m 46s
[stdout] Rendered 3650/8755, time remaining: 13m 46s
[stdout] Rendered 3651/8755, time remaining: 13m 46s
[stdout] Rendered 3652/8755, time remaining: 13m 46s
[stdout] Rendered 3653/8755, time remaining: 13m 45s
[stdout] Rendered 3654/8755, time remaining: 13m 45s
[stdout] Rendered 3655/8755, time remaining: 13m 45s
[stdout] Rendered 3656/8755, time remaining: 13m 45s
[stdout] Rendered 3656/8755, time remaining: 13m 45s
[stdout] Rendered 3657/8755, time remaining: 13m 45s
[stdout] Rendered 3658/8755, time remaining: 13m 45s
[stdout] Rendered 3659/8755, time remaining: 13m 44s
[stdout] Rendered 3660/8755, time remaining: 13m 44s
[stdout] Rendered 3661/8755, time remaining: 13m 44s
[stdout] Rendered 3662/8755, time remaining: 13m 44s
[stdout] Rendered 3663/8755, time remaining: 13m 44s
[stdout] Rendered 3664/8755, time remaining: 13m 44s
[stdout] Rendered 3665/8755, time remaining: 13m 43s
[stdout] Rendered 3666/8755, time remaining: 13m 43s
[stdout] Rendered 3667/8755, time remaining: 13m 43s
[stdout] Rendered 3668/8755, time remaining: 13m 43s
[stdout] Rendered 3669/8755, time remaining: 13m 43s
[stdout] Rendered 3670/8755, time remaining: 13m 43s
[stdout] Rendered 3671/8755, time remaining: 13m 42s
[stdout] Rendered 3672/8755, time remaining: 13m 42s
[stdout] Rendered 3673/8755, time remaining: 13m 42s
[stdout] Rendered 3674/8755, time remaining: 13m 42s
[stdout] Rendered 3674/8755, time remaining: 13m 42s
[stdout] Rendered 3675/8755, time remaining: 13m 42s
[stdout] Rendered 3676/8755, time remaining: 13m 42s
[stdout] Rendered 3677/8755, time remaining: 13m 42s
[stdout] Rendered 3678/8755, time remaining: 13m 41s
[stdout] Rendered 3679/8755, time remaining: 13m 41s
[stdout] Rendered 3680/8755, time remaining: 13m 41s
[stdout] Rendered 3681/8755, time remaining: 13m 41s
[stdout] Rendered 3682/8755, time remaining: 13m 41s
[stdout] Rendered 3683/8755, time remaining: 13m 41s
[stdout] Rendered 3684/8755, time remaining: 13m 40s
[stdout] Rendered 3685/8755, time remaining: 13m 40s
[stdout] Rendered 3686/8755, time remaining: 13m 40s
[stdout] Rendered 3687/8755, time remaining: 13m 40s
[stdout] Rendered 3688/8755, time remaining: 13m 40s
[stdout] Rendered 3689/8755, time remaining: 13m 40s
[stdout] Rendered 3690/8755, time remaining: 13m 39s
[stdout] Rendered 3691/8755, time remaining: 13m 39s
[stdout] Rendered 3692/8755, time remaining: 13m 39s
[stdout] Rendered 3693/8755, time remaining: 13m 39s
[stdout] Rendered 3693/8755, time remaining: 13m 39s
[stdout] Rendered 3694/8755, time remaining: 13m 39s
[stdout] Rendered 3695/8755, time remaining: 13m 39s
[stdout] Rendered 3696/8755, time remaining: 13m 39s
[stdout] Rendered 3697/8755, time remaining: 13m 39s
[stdout] Rendered 3698/8755, time remaining: 13m 38s
[stdout] Rendered 3699/8755, time remaining: 13m 38s
[stdout] Rendered 3700/8755, time remaining: 13m 38s
[stdout] Rendered 3701/8755, time remaining: 13m 38s
[stdout] Rendered 3702/8755, time remaining: 13m 38s
[stdout] Rendered 3703/8755, time remaining: 13m 38s
[stdout] Rendered 3704/8755, time remaining: 13m 38s
[stdout] Rendered 3705/8755, time remaining: 13m 38s
[stdout] Rendered 3706/8755, time remaining: 13m 37s
[stdout] Rendered 3706/8755, time remaining: 13m 37s
[stdout] Rendered 3707/8755, time remaining: 13m 37s
[stdout] Rendered 3708/8755, time remaining: 13m 37s
[stdout] Rendered 3709/8755, time remaining: 13m 37s
[stdout] Rendered 3710/8755, time remaining: 13m 37s
[stdout] Rendered 3711/8755, time remaining: 13m 37s
[stdout] Rendered 3712/8755, time remaining: 13m 37s
[stdout] Rendered 3713/8755, time remaining: 13m 37s
[stdout] Rendered 3714/8755, time remaining: 13m 37s
[stdout] Rendered 3715/8755, time remaining: 13m 37s
[stdout] Rendered 3716/8755, time remaining: 13m 37s
[stdout] Rendered 3717/8755, time remaining: 13m 36s
[stdout] Rendered 3718/8755, time remaining: 13m 36s
[stdout] Rendered 3719/8755, time remaining: 13m 36s
[stdout] Rendered 3720/8755, time remaining: 13m 36s
[stdout] Rendered 3721/8755, time remaining: 13m 36s
[stdout] Rendered 3722/8755, time remaining: 13m 35s
[stdout] Rendered 3723/8755, time remaining: 13m 35s
[stdout] Rendered 3724/8755, time remaining: 13m 35s
[stdout] Rendered 3725/8755, time remaining: 13m 35s
[stdout] Rendered 3725/8755, time remaining: 13m 35s
[stdout] Rendered 3726/8755, time remaining: 13m 35s
[stdout] Rendered 3727/8755, time remaining: 13m 35s
[stdout] Rendered 3728/8755, time remaining: 13m 35s
[stdout] Rendered 3729/8755, time remaining: 13m 34s
[stdout] Rendered 3730/8755, time remaining: 13m 34s
[stdout] Rendered 3731/8755, time remaining: 13m 34s
[stdout] Rendered 3732/8755, time remaining: 13m 34s
[stdout] Rendered 3733/8755, time remaining: 13m 34s
[stdout] Rendered 3734/8755, time remaining: 13m 34s
[stdout] Rendered 3735/8755, time remaining: 13m 33s
[stdout] Rendered 3736/8755, time remaining: 13m 33s
[stdout] Rendered 3737/8755, time remaining: 13m 33s
[stdout] Rendered 3738/8755, time remaining: 13m 33s
[stdout] Rendered 3739/8755, time remaining: 13m 33s
[stdout] Rendered 3740/8755, time remaining: 13m 33s
[stdout] Rendered 3741/8755, time remaining: 13m 32s
[stdout] Rendered 3742/8755, time remaining: 13m 32s
[stdout] Rendered 3743/8755, time remaining: 13m 32s
[stdout] Rendered 3744/8755, time remaining: 13m 32s
[stdout] Rendered 3744/8755, time remaining: 13m 32s
[stdout] Rendered 3745/8755, time remaining: 13m 32s
[stdout] Rendered 3746/8755, time remaining: 13m 32s
[stdout] Rendered 3747/8755, time remaining: 13m 31s
[stdout] Rendered 3748/8755, time remaining: 13m 31s
[stdout] Rendered 3749/8755, time remaining: 13m 31s
[stdout] Rendered 3750/8755, time remaining: 13m 31s
[stdout] Rendered 3751/8755, time remaining: 13m 31s
[stdout] Rendered 3752/8755, time remaining: 13m 31s
[stdout] Rendered 3753/8755, time remaining: 13m 31s
[stdout] Rendered 3754/8755, time remaining: 13m 30s
[stdout] Rendered 3755/8755, time remaining: 13m 30s
[stdout] Rendered 3756/8755, time remaining: 13m 30s
[stdout] Rendered 3757/8755, time remaining: 13m 30s
[stdout] Rendered 3758/8755, time remaining: 13m 30s
[stdout] Rendered 3759/8755, time remaining: 13m 29s
[stdout] Rendered 3760/8755, time remaining: 13m 29s
[stdout] Rendered 3761/8755, time remaining: 13m 29s
[stdout] Rendered 3762/8755, time remaining: 13m 29s
[stdout] Rendered 3762/8755, time remaining: 13m 29s
[stdout] Rendered 3763/8755, time remaining: 13m 29s
[stdout] Rendered 3764/8755, time remaining: 13m 29s
[stdout] Rendered 3765/8755, time remaining: 13m 29s
[stdout] Rendered 3766/8755, time remaining: 13m 28s
[stdout] Rendered 3767/8755, time remaining: 13m 28s
[stdout] Rendered 3768/8755, time remaining: 13m 28s
[stdout] Rendered 3769/8755, time remaining: 13m 28s
[stdout] Rendered 3770/8755, time remaining: 13m 28s
[stdout] Rendered 3771/8755, time remaining: 13m 27s
[stdout] Rendered 3772/8755, time remaining: 13m 27s
[stdout] Rendered 3773/8755, time remaining: 13m 27s
[stdout] Rendered 3774/8755, time remaining: 13m 27s
[stdout] Rendered 3775/8755, time remaining: 13m 27s
[stdout] Rendered 3776/8755, time remaining: 13m 27s
[stdout] Rendered 3777/8755, time remaining: 13m 26s
[stdout] Rendered 3778/8755, time remaining: 13m 26s
[stdout] Rendered 3779/8755, time remaining: 13m 26s
[stdout] Rendered 3780/8755, time remaining: 13m 26s
[stdout] Rendered 3781/8755, time remaining: 13m 26s
[stdout] Rendered 3782/8755, time remaining: 13m 26s
[stdout] Rendered 3782/8755, time remaining: 13m 26s
[stdout] Rendered 3783/8755, time remaining: 13m 25s
[stdout] Rendered 3784/8755, time remaining: 13m 25s
[stdout] Rendered 3785/8755, time remaining: 13m 25s
[stdout] Rendered 3786/8755, time remaining: 13m 25s
[stdout] Rendered 3787/8755, time remaining: 13m 25s
[stdout] Rendered 3788/8755, time remaining: 13m 25s
[stdout] Rendered 3789/8755, time remaining: 13m 25s
[stdout] Rendered 3790/8755, time remaining: 13m 24s
[stdout] Rendered 3791/8755, time remaining: 13m 24s
[stdout] Rendered 3792/8755, time remaining: 13m 24s
[stdout] Rendered 3793/8755, time remaining: 13m 24s
[stdout] Rendered 3794/8755, time remaining: 13m 24s
[stdout] Rendered 3795/8755, time remaining: 13m 23s
[stdout] Rendered 3796/8755, time remaining: 13m 23s
[stdout] Rendered 3797/8755, time remaining: 13m 23s
[stdout] Rendered 3798/8755, time remaining: 13m 23s
[stdout] Rendered 3799/8755, time remaining: 13m 23s
[stdout] Rendered 3799/8755, time remaining: 13m 23s
[stdout] Rendered 3800/8755, time remaining: 13m 23s
[stdout] Rendered 3801/8755, time remaining: 13m 23s
[stdout] Rendered 3802/8755, time remaining: 13m 22s
[stdout] Rendered 3803/8755, time remaining: 13m 22s
[stdout] Rendered 3804/8755, time remaining: 13m 22s
[stdout] Rendered 3805/8755, time remaining: 13m 22s
[stdout] Rendered 3806/8755, time remaining: 13m 22s
[stdout] Rendered 3807/8755, time remaining: 13m 22s
[stdout] Rendered 3808/8755, time remaining: 13m 21s
[stdout] Rendered 3809/8755, time remaining: 13m 21s
[stdout] Rendered 3810/8755, time remaining: 13m 21s
[stdout] Rendered 3811/8755, time remaining: 13m 21s
[stdout] Rendered 3812/8755, time remaining: 13m 21s
[stdout] Rendered 3813/8755, time remaining: 13m 21s
[stdout] Rendered 3814/8755, time remaining: 13m 20s
[stdout] Rendered 3815/8755, time remaining: 13m 20s
[stdout] Rendered 3816/8755, time remaining: 13m 20s
[stdout] Rendered 3817/8755, time remaining: 13m 20s
[stdout] Rendered 3818/8755, time remaining: 13m 20s
[stdout] Rendered 3819/8755, time remaining: 13m 20s
[stdout] Rendered 3819/8755, time remaining: 13m 20s
[stdout] Rendered 3820/8755, time remaining: 13m 19s
[stdout] Rendered 3821/8755, time remaining: 13m 19s
[stdout] Rendered 3822/8755, time remaining: 13m 19s
[stdout] Rendered 3823/8755, time remaining: 13m 19s
[stdout] Rendered 3824/8755, time remaining: 13m 19s
[stdout] Rendered 3825/8755, time remaining: 13m 19s
[stdout] Rendered 3826/8755, time remaining: 13m 18s
[stdout] Rendered 3827/8755, time remaining: 13m 18s
[stdout] Rendered 3828/8755, time remaining: 13m 18s
[stdout] Rendered 3829/8755, time remaining: 13m 18s
[stdout] Rendered 3830/8755, time remaining: 13m 18s
[stdout] Rendered 3831/8755, time remaining: 13m 18s
[stdout] Rendered 3832/8755, time remaining: 13m 17s
[stdout] Rendered 3833/8755, time remaining: 13m 17s
[stdout] Rendered 3834/8755, time remaining: 13m 17s
[stdout] Rendered 3835/8755, time remaining: 13m 17s
[stdout] Rendered 3836/8755, time remaining: 13m 17s
[stdout] Rendered 3837/8755, time remaining: 13m 17s
[stdout] Rendered 3838/8755, time remaining: 13m 16s
[stdout] Rendered 3838/8755, time remaining: 13m 16s
[stdout] Rendered 3839/8755, time remaining: 13m 16s
[stdout] Rendered 3840/8755, time remaining: 13m 16s
[stdout] Rendered 3841/8755, time remaining: 13m 16s
[stdout] Rendered 3842/8755, time remaining: 13m 16s
[stdout] Rendered 3843/8755, time remaining: 13m 16s
[stdout] Rendered 3844/8755, time remaining: 13m 15s
[stdout] Rendered 3845/8755, time remaining: 13m 15s
[stdout] Rendered 3846/8755, time remaining: 13m 15s
[stdout] Rendered 3847/8755, time remaining: 13m 15s
[stdout] Rendered 3848/8755, time remaining: 13m 15s
[stdout] Rendered 3849/8755, time remaining: 13m 15s
[stdout] Rendered 3850/8755, time remaining: 13m 14s
[stdout] Rendered 3851/8755, time remaining: 13m 14s
[stdout] Rendered 3852/8755, time remaining: 13m 14s
[stdout] Rendered 3853/8755, time remaining: 13m 14s
[stdout] Rendered 3854/8755, time remaining: 13m 14s
[stdout] Rendered 3855/8755, time remaining: 13m 14s
[stdout] Rendered 3856/8755, time remaining: 13m 14s
[stdout] Rendered 3856/8755, time remaining: 13m 14s
[stdout] Rendered 3857/8755, time remaining: 13m 13s
[stdout] Rendered 3858/8755, time remaining: 13m 13s
[stdout] Rendered 3859/8755, time remaining: 13m 13s
[stdout] Rendered 3860/8755, time remaining: 13m 13s
[stdout] Rendered 3861/8755, time remaining: 13m 13s
[stdout] Rendered 3862/8755, time remaining: 13m 13s
[stdout] Rendered 3863/8755, time remaining: 13m 13s
[stdout] Rendered 3864/8755, time remaining: 13m 12s
[stdout] Rendered 3865/8755, time remaining: 13m 12s
[stdout] Rendered 3866/8755, time remaining: 13m 12s
[stdout] Rendered 3867/8755, time remaining: 13m 12s
[stdout] Rendered 3868/8755, time remaining: 13m 12s
[stdout] Rendered 3869/8755, time remaining: 13m 12s
[stdout] Rendered 3870/8755, time remaining: 13m 11s
[stdout] Rendered 3871/8755, time remaining: 13m 11s
[stdout] Rendered 3872/8755, time remaining: 13m 11s
[stdout] Rendered 3873/8755, time remaining: 13m 11s
[stdout] Rendered 3874/8755, time remaining: 13m 11s
[stdout] Rendered 3875/8755, time remaining: 13m 11s
[stdout] Rendered 3875/8755, time remaining: 13m 11s
[stdout] Rendered 3876/8755, time remaining: 13m 10s
[stdout] Rendered 3877/8755, time remaining: 13m 10s
[stdout] Rendered 3878/8755, time remaining: 13m 10s
[stdout] Rendered 3879/8755, time remaining: 13m 10s
[stdout] Rendered 3880/8755, time remaining: 13m 10s
[stdout] Rendered 3881/8755, time remaining: 13m 10s
[stdout] Rendered 3882/8755, time remaining: 13m 9s
[stdout] Rendered 3883/8755, time remaining: 13m 9s
[stdout] Rendered 3884/8755, time remaining: 13m 9s
[stdout] Rendered 3885/8755, time remaining: 13m 9s
[stdout] Rendered 3886/8755, time remaining: 13m 9s
[stdout] Rendered 3887/8755, time remaining: 13m 9s
[stdout] Rendered 3888/8755, time remaining: 13m 8s
[stdout] Rendered 3889/8755, time remaining: 13m 8s
[stdout] Rendered 3890/8755, time remaining: 13m 8s
[stdout] Rendered 3891/8755, time remaining: 13m 8s
[stdout] Rendered 3892/8755, time remaining: 13m 8s
[stdout] Rendered 3893/8755, time remaining: 13m 8s
[stdout] Rendered 3893/8755, time remaining: 13m 8s
[stdout] Rendered 3894/8755, time remaining: 13m 7s
[stdout] Rendered 3895/8755, time remaining: 13m 7s
[stdout] Rendered 3896/8755, time remaining: 13m 7s
[stdout] Rendered 3897/8755, time remaining: 13m 7s
[stdout] Rendered 3898/8755, time remaining: 13m 7s
[stdout] Rendered 3899/8755, time remaining: 13m 7s
[stdout] Rendered 3900/8755, time remaining: 13m 6s
[stdout] Rendered 3901/8755, time remaining: 13m 6s
[stdout] Rendered 3902/8755, time remaining: 13m 6s
[stdout] Rendered 3903/8755, time remaining: 13m 6s
[stdout] Rendered 3904/8755, time remaining: 13m 6s
[stdout] Rendered 3905/8755, time remaining: 13m 6s
[stdout] Rendered 3906/8755, time remaining: 13m 6s
[stdout] Rendered 3907/8755, time remaining: 13m 5s
[stdout] Rendered 3908/8755, time remaining: 13m 5s
[stdout] Rendered 3909/8755, time remaining: 13m 5s
[stdout] Rendered 3910/8755, time remaining: 13m 5s
[stdout] Rendered 3911/8755, time remaining: 13m 5s
[stdout] Rendered 3912/8755, time remaining: 13m 5s
[stdout] Rendered 3912/8755, time remaining: 13m 5s
[stdout] Rendered 3913/8755, time remaining: 13m 4s
[stdout] Rendered 3914/8755, time remaining: 13m 4s
[stdout] Rendered 3915/8755, time remaining: 13m 4s
[stdout] Rendered 3916/8755, time remaining: 13m 4s
[stdout] Rendered 3917/8755, time remaining: 13m 4s
[stdout] Rendered 3918/8755, time remaining: 13m 4s
[stdout] Rendered 3919/8755, time remaining: 13m 4s
[stdout] Rendered 3920/8755, time remaining: 13m 3s
[stdout] Rendered 3921/8755, time remaining: 13m 3s
[stdout] Rendered 3922/8755, time remaining: 13m 3s
[stdout] Rendered 3923/8755, time remaining: 13m 3s
[stdout] Rendered 3924/8755, time remaining: 13m 3s
[stdout] Rendered 3925/8755, time remaining: 13m 3s
[stdout] Rendered 3926/8755, time remaining: 13m 3s
[stdout] Rendered 3927/8755, time remaining: 13m 3s
[stdout] Rendered 3928/8755, time remaining: 13m 3s
[stdout] Rendered 3928/8755, time remaining: 13m 3s
[stdout] Rendered 3929/8755, time remaining: 13m 2s
[stdout] Rendered 3930/8755, time remaining: 13m 2s
[stdout] Rendered 3931/8755, time remaining: 13m 2s
[stdout] Rendered 3932/8755, time remaining: 13m 2s
[stdout] Rendered 3933/8755, time remaining: 13m 2s
[stdout] Rendered 3934/8755, time remaining: 13m 2s
[stdout] Rendered 3935/8755, time remaining: 13m 1s
[stdout] Rendered 3936/8755, time remaining: 13m 1s
[stdout] Rendered 3937/8755, time remaining: 13m 1s
[stdout] Rendered 3938/8755, time remaining: 13m 1s
[stdout] Rendered 3939/8755, time remaining: 13m 1s
[stdout] Rendered 3940/8755, time remaining: 13m 1s
[stdout] Rendered 3941/8755, time remaining: 13m 0s
[stdout] Rendered 3942/8755, time remaining: 13m 0s
[stdout] Rendered 3943/8755, time remaining: 13m 0s
[stdout] Rendered 3944/8755, time remaining: 13m 0s
[stdout] Rendered 3945/8755, time remaining: 13m 0s
[stdout] Rendered 3946/8755, time remaining: 13m 0s
[stdout] Rendered 3946/8755, time remaining: 13m 0s
[stdout] Rendered 3947/8755, time remaining: 13m 0s
[stdout] Rendered 3948/8755, time remaining: 12m 59s
[stdout] Rendered 3949/8755, time remaining: 12m 59s
[stdout] Rendered 3950/8755, time remaining: 12m 59s
[stdout] Rendered 3951/8755, time remaining: 12m 59s
[stdout] Rendered 3952/8755, time remaining: 12m 59s
[stdout] Rendered 3953/8755, time remaining: 12m 59s
[stdout] Rendered 3954/8755, time remaining: 12m 58s
[stdout] Rendered 3955/8755, time remaining: 12m 58s
[stdout] Rendered 3956/8755, time remaining: 12m 58s
[stdout] Rendered 3957/8755, time remaining: 12m 58s
[stdout] Rendered 3958/8755, time remaining: 12m 58s
[stdout] Rendered 3959/8755, time remaining: 12m 58s
[stdout] Rendered 3960/8755, time remaining: 12m 57s
[stdout] Rendered 3961/8755, time remaining: 12m 57s
[stdout] Rendered 3962/8755, time remaining: 12m 57s
[stdout] Rendered 3963/8755, time remaining: 12m 57s
[stdout] Rendered 3964/8755, time remaining: 12m 57s
[stdout] Rendered 3965/8755, time remaining: 12m 57s
[stdout] Rendered 3965/8755, time remaining: 12m 57s
[stdout] Rendered 3966/8755, time remaining: 12m 56s
[stdout] Rendered 3967/8755, time remaining: 12m 56s
[stdout] Rendered 3968/8755, time remaining: 12m 56s
[stdout] Rendered 3969/8755, time remaining: 12m 56s
[stdout] Rendered 3970/8755, time remaining: 12m 56s
[stdout] Rendered 3971/8755, time remaining: 12m 56s
[stdout] Rendered 3972/8755, time remaining: 12m 55s
[stdout] Rendered 3973/8755, time remaining: 12m 55s
[stdout] Rendered 3974/8755, time remaining: 12m 55s
[stdout] Rendered 3975/8755, time remaining: 12m 55s
[stdout] Rendered 3976/8755, time remaining: 12m 55s
[stdout] Rendered 3977/8755, time remaining: 12m 55s
[stdout] Rendered 3978/8755, time remaining: 12m 54s
[stdout] Rendered 3979/8755, time remaining: 12m 54s
[stdout] Rendered 3980/8755, time remaining: 12m 54s
[stdout] Rendered 3981/8755, time remaining: 12m 54s
[stdout] Rendered 3982/8755, time remaining: 12m 54s
[stdout] Rendered 3983/8755, time remaining: 12m 54s
[stdout] Rendered 3983/8755, time remaining: 12m 54s
[stdout] Rendered 3984/8755, time remaining: 12m 53s
[stdout] Rendered 3985/8755, time remaining: 12m 53s
[stdout] Rendered 3986/8755, time remaining: 12m 53s
[stdout] Rendered 3987/8755, time remaining: 12m 53s
[stdout] Rendered 3988/8755, time remaining: 12m 53s
[stdout] Rendered 3989/8755, time remaining: 12m 53s
[stdout] Rendered 3990/8755, time remaining: 12m 53s
[stdout] Rendered 3991/8755, time remaining: 12m 52s
[stdout] Rendered 3992/8755, time remaining: 12m 52s
[stdout] Rendered 3993/8755, time remaining: 12m 52s
[stdout] Rendered 3994/8755, time remaining: 12m 52s
[stdout] Rendered 3995/8755, time remaining: 12m 52s
[stdout] Rendered 3996/8755, time remaining: 12m 51s
[stdout] Rendered 3997/8755, time remaining: 12m 51s
[stdout] Rendered 3998/8755, time remaining: 12m 51s
[stdout] Rendered 3999/8755, time remaining: 12m 51s
[stdout] Rendered 4000/8755, time remaining: 12m 51s
[stdout] Rendered 4001/8755, time remaining: 12m 51s
[stdout] Rendered 4002/8755, time remaining: 12m 50s
[stdout] Rendered 4003/8755, time remaining: 12m 50s
[stdout] Rendered 4003/8755, time remaining: 12m 50s
[stdout] Rendered 4004/8755, time remaining: 12m 50s
[stdout] Rendered 4005/8755, time remaining: 12m 50s
[stdout] Rendered 4006/8755, time remaining: 12m 50s
[stdout] Rendered 4007/8755, time remaining: 12m 50s
[stdout] Rendered 4008/8755, time remaining: 12m 50s
[stdout] Rendered 4009/8755, time remaining: 12m 49s
[stdout] Rendered 4010/8755, time remaining: 12m 49s
[stdout] Rendered 4011/8755, time remaining: 12m 49s
[stdout] Rendered 4012/8755, time remaining: 12m 49s
[stdout] Rendered 4013/8755, time remaining: 12m 49s
[stdout] Rendered 4014/8755, time remaining: 12m 49s
[stdout] Rendered 4015/8755, time remaining: 12m 48s
[stdout] Rendered 4016/8755, time remaining: 12m 48s
[stdout] Rendered 4017/8755, time remaining: 12m 48s
[stdout] Rendered 4018/8755, time remaining: 12m 48s
[stdout] Rendered 4019/8755, time remaining: 12m 48s
[stdout] Rendered 4020/8755, time remaining: 12m 48s
[stdout] Rendered 4021/8755, time remaining: 12m 47s
[stdout] Rendered 4022/8755, time remaining: 12m 47s
[stdout] Rendered 4022/8755, time remaining: 12m 47s
[stdout] Rendered 4023/8755, time remaining: 12m 47s
[stdout] Rendered 4024/8755, time remaining: 12m 47s
[stdout] Rendered 4025/8755, time remaining: 12m 47s
[stdout] Rendered 4026/8755, time remaining: 12m 47s
[stdout] Rendered 4027/8755, time remaining: 12m 46s
[stdout] Rendered 4028/8755, time remaining: 12m 46s
[stdout] Rendered 4029/8755, time remaining: 12m 46s
[stdout] Rendered 4030/8755, time remaining: 12m 46s
[stdout] Rendered 4031/8755, time remaining: 12m 46s
[stdout] Rendered 4032/8755, time remaining: 12m 46s
[stdout] Rendered 4033/8755, time remaining: 12m 45s
[stdout] Rendered 4034/8755, time remaining: 12m 45s
[stdout] Rendered 4035/8755, time remaining: 12m 45s
[stdout] Rendered 4036/8755, time remaining: 12m 45s
[stdout] Rendered 4037/8755, time remaining: 12m 45s
[stdout] Rendered 4038/8755, time remaining: 12m 45s
[stdout] Rendered 4039/8755, time remaining: 12m 44s
[stdout] Rendered 4039/8755, time remaining: 12m 44s
[stdout] Rendered 4040/8755, time remaining: 12m 44s
[stdout] Rendered 4041/8755, time remaining: 12m 44s
[stdout] Rendered 4042/8755, time remaining: 12m 44s
[stdout] Rendered 4043/8755, time remaining: 12m 44s
[stdout] Rendered 4044/8755, time remaining: 12m 44s
[stdout] Rendered 4045/8755, time remaining: 12m 44s
[stdout] Rendered 4046/8755, time remaining: 12m 43s
[stdout] Rendered 4047/8755, time remaining: 12m 43s
[stdout] Rendered 4048/8755, time remaining: 12m 43s
[stdout] Rendered 4049/8755, time remaining: 12m 43s
[stdout] Rendered 4050/8755, time remaining: 12m 43s
[stdout] Rendered 4051/8755, time remaining: 12m 42s
[stdout] Rendered 4052/8755, time remaining: 12m 42s
[stdout] Rendered 4053/8755, time remaining: 12m 42s
[stdout] Rendered 4054/8755, time remaining: 12m 42s
[stdout] Rendered 4055/8755, time remaining: 12m 42s
[stdout] Rendered 4056/8755, time remaining: 12m 42s
[stdout] Rendered 4057/8755, time remaining: 12m 41s
[stdout] Rendered 4058/8755, time remaining: 12m 41s
[stdout] Rendered 4059/8755, time remaining: 12m 41s
[stdout] Rendered 4060/8755, time remaining: 12m 41s
[stdout] Rendered 4060/8755, time remaining: 12m 41s
[stdout] Rendered 4061/8755, time remaining: 12m 41s
[stdout] Rendered 4062/8755, time remaining: 12m 41s
[stdout] Rendered 4063/8755, time remaining: 12m 40s
[stdout] Rendered 4064/8755, time remaining: 12m 40s
[stdout] Rendered 4065/8755, time remaining: 12m 40s
[stdout] Rendered 4066/8755, time remaining: 12m 40s
[stdout] Rendered 4067/8755, time remaining: 12m 40s
[stdout] Rendered 4068/8755, time remaining: 12m 39s
[stdout] Rendered 4069/8755, time remaining: 12m 39s
[stdout] Rendered 4070/8755, time remaining: 12m 39s
[stdout] Rendered 4071/8755, time remaining: 12m 39s
[stdout] Rendered 4072/8755, time remaining: 12m 39s
[stdout] Rendered 4073/8755, time remaining: 12m 39s
[stdout] Rendered 4074/8755, time remaining: 12m 39s
[stdout] Rendered 4075/8755, time remaining: 12m 38s
[stdout] Rendered 4076/8755, time remaining: 12m 38s
[stdout] Rendered 4077/8755, time remaining: 12m 38s
[stdout] Rendered 4078/8755, time remaining: 12m 38s
[stdout] Rendered 4079/8755, time remaining: 12m 38s
[stdout] Rendered 4080/8755, time remaining: 12m 37s
[stdout] Rendered 4080/8755, time remaining: 12m 37s
[stdout] Rendered 4081/8755, time remaining: 12m 37s
[stdout] Rendered 4082/8755, time remaining: 12m 37s
[stdout] Rendered 4083/8755, time remaining: 12m 37s
[stdout] Rendered 4084/8755, time remaining: 12m 37s
[stdout] Rendered 4085/8755, time remaining: 12m 37s
[stdout] Rendered 4086/8755, time remaining: 12m 36s
[stdout] Rendered 4087/8755, time remaining: 12m 36s
[stdout] Rendered 4088/8755, time remaining: 12m 36s
[stdout] Rendered 4089/8755, time remaining: 12m 36s
[stdout] Rendered 4090/8755, time remaining: 12m 36s
[stdout] Rendered 4091/8755, time remaining: 12m 36s
[stdout] Rendered 4092/8755, time remaining: 12m 36s
[stdout] Rendered 4093/8755, time remaining: 12m 35s
[stdout] Rendered 4094/8755, time remaining: 12m 35s
[stdout] Rendered 4095/8755, time remaining: 12m 35s
[stdout] Rendered 4096/8755, time remaining: 12m 35s
[stdout] Rendered 4097/8755, time remaining: 12m 35s
[stdout] Rendered 4098/8755, time remaining: 12m 35s
[stdout] Rendered 4098/8755, time remaining: 12m 35s
[stdout] Rendered 4099/8755, time remaining: 12m 34s
[stdout] Rendered 4100/8755, time remaining: 12m 34s
[stdout] Rendered 4101/8755, time remaining: 12m 34s
[stdout] Rendered 4102/8755, time remaining: 12m 34s
[stdout] Rendered 4103/8755, time remaining: 12m 34s
[stdout] Rendered 4104/8755, time remaining: 12m 34s
[stdout] Rendered 4105/8755, time remaining: 12m 33s
[stdout] Rendered 4106/8755, time remaining: 12m 33s
[stdout] Rendered 4107/8755, time remaining: 12m 33s
[stdout] Rendered 4108/8755, time remaining: 12m 33s
[stdout] Rendered 4109/8755, time remaining: 12m 33s
[stdout] Rendered 4110/8755, time remaining: 12m 32s
[stdout] Rendered 4111/8755, time remaining: 12m 32s
[stdout] Rendered 4112/8755, time remaining: 12m 32s
[stdout] Rendered 4113/8755, time remaining: 12m 32s
[stdout] Rendered 4114/8755, time remaining: 12m 32s
[stdout] Rendered 4115/8755, time remaining: 12m 32s
[stdout] Rendered 4116/8755, time remaining: 12m 31s
[stdout] Rendered 4117/8755, time remaining: 12m 31s
[stdout] Rendered 4117/8755, time remaining: 12m 31s
[stdout] Rendered 4118/8755, time remaining: 12m 31s
[stdout] Rendered 4119/8755, time remaining: 12m 31s
[stdout] Rendered 4120/8755, time remaining: 12m 31s
[stdout] Rendered 4121/8755, time remaining: 12m 31s
[stdout] Rendered 4122/8755, time remaining: 12m 30s
[stdout] Rendered 4123/8755, time remaining: 12m 30s
[stdout] Rendered 4124/8755, time remaining: 12m 30s
[stdout] Rendered 4125/8755, time remaining: 12m 30s
[stdout] Rendered 4126/8755, time remaining: 12m 30s
[stdout] Rendered 4127/8755, time remaining: 12m 30s
[stdout] Rendered 4128/8755, time remaining: 12m 29s
[stdout] Rendered 4129/8755, time remaining: 12m 29s
[stdout] Rendered 4130/8755, time remaining: 12m 29s
[stdout] Rendered 4131/8755, time remaining: 12m 29s
[stdout] Rendered 4132/8755, time remaining: 12m 29s
[stdout] Rendered 4133/8755, time remaining: 12m 29s
[stdout] Rendered 4134/8755, time remaining: 12m 28s
[stdout] Rendered 4135/8755, time remaining: 12m 28s
[stdout] Rendered 4136/8755, time remaining: 12m 28s
[stdout] Rendered 4137/8755, time remaining: 12m 28s
[stdout] Rendered 4137/8755, time remaining: 12m 28s
[stdout] Rendered 4138/8755, time remaining: 12m 28s
[stdout] Rendered 4139/8755, time remaining: 12m 28s
[stdout] Rendered 4140/8755, time remaining: 12m 27s
[stdout] Rendered 4141/8755, time remaining: 12m 27s
[stdout] Rendered 4142/8755, time remaining: 12m 27s
[stdout] Rendered 4143/8755, time remaining: 12m 27s
[stdout] Rendered 4144/8755, time remaining: 12m 27s
[stdout] Rendered 4145/8755, time remaining: 12m 27s
[stdout] Rendered 4146/8755, time remaining: 12m 27s
[stdout] Rendered 4147/8755, time remaining: 12m 26s
[stdout] Rendered 4148/8755, time remaining: 12m 26s
[stdout] Rendered 4149/8755, time remaining: 12m 26s
[stdout] Rendered 4150/8755, time remaining: 12m 26s
[stdout] Rendered 4151/8755, time remaining: 12m 26s
[stdout] Rendered 4152/8755, time remaining: 12m 26s
[stdout] Rendered 4153/8755, time remaining: 12m 26s
[stdout] Rendered 4154/8755, time remaining: 12m 25s
[stdout] Rendered 4154/8755, time remaining: 12m 25s
[stdout] Rendered 4155/8755, time remaining: 12m 25s
[stdout] Rendered 4156/8755, time remaining: 12m 25s
[stdout] Rendered 4157/8755, time remaining: 12m 25s
[stdout] Rendered 4158/8755, time remaining: 12m 25s
[stdout] Rendered 4159/8755, time remaining: 12m 25s
[stdout] Rendered 4160/8755, time remaining: 12m 24s
[stdout] Rendered 4161/8755, time remaining: 12m 24s
[stdout] Rendered 4162/8755, time remaining: 12m 24s
[stdout] Rendered 4163/8755, time remaining: 12m 24s
[stdout] Rendered 4164/8755, time remaining: 12m 24s
[stdout] Rendered 4165/8755, time remaining: 12m 24s
[stdout] Rendered 4166/8755, time remaining: 12m 23s
[stdout] Rendered 4167/8755, time remaining: 12m 23s
[stdout] Rendered 4168/8755, time remaining: 12m 23s
[stdout] Rendered 4169/8755, time remaining: 12m 23s
[stdout] Rendered 4170/8755, time remaining: 12m 23s
[stdout] Rendered 4171/8755, time remaining: 12m 22s
[stdout] Rendered 4172/8755, time remaining: 12m 22s
[stdout] Rendered 4173/8755, time remaining: 12m 22s
[stdout] Rendered 4173/8755, time remaining: 12m 22s
[stdout] Rendered 4174/8755, time remaining: 12m 22s
[stdout] Rendered 4175/8755, time remaining: 12m 22s
[stdout] Rendered 4176/8755, time remaining: 12m 22s
[stdout] Rendered 4177/8755, time remaining: 12m 22s
[stdout] Rendered 4178/8755, time remaining: 12m 21s
[stdout] Rendered 4179/8755, time remaining: 12m 21s
[stdout] Rendered 4180/8755, time remaining: 12m 21s
[stdout] Rendered 4181/8755, time remaining: 12m 21s
[stdout] Rendered 4182/8755, time remaining: 12m 21s
[stdout] Rendered 4183/8755, time remaining: 12m 20s
[stdout] Rendered 4184/8755, time remaining: 12m 20s
[stdout] Rendered 4185/8755, time remaining: 12m 20s
[stdout] Rendered 4186/8755, time remaining: 12m 20s
[stdout] Rendered 4187/8755, time remaining: 12m 20s
[stdout] Rendered 4188/8755, time remaining: 12m 20s
[stdout] Rendered 4189/8755, time remaining: 12m 20s
[stdout] Rendered 4190/8755, time remaining: 12m 19s
[stdout] Rendered 4191/8755, time remaining: 12m 19s
[stdout] Rendered 4192/8755, time remaining: 12m 19s
[stdout] Rendered 4192/8755, time remaining: 12m 19s
[stdout] Rendered 4193/8755, time remaining: 12m 19s
[stdout] Rendered 4194/8755, time remaining: 12m 19s
[stdout] Rendered 4195/8755, time remaining: 12m 19s
[stdout] Rendered 4196/8755, time remaining: 12m 18s
[stdout] Rendered 4197/8755, time remaining: 12m 18s
[stdout] Rendered 4198/8755, time remaining: 12m 18s
[stdout] Rendered 4199/8755, time remaining: 12m 18s
[stdout] Rendered 4200/8755, time remaining: 12m 18s
[stdout] Rendered 4201/8755, time remaining: 12m 18s
[stdout] Rendered 4202/8755, time remaining: 12m 17s
[stdout] Rendered 4203/8755, time remaining: 12m 17s
[stdout] Rendered 4204/8755, time remaining: 12m 17s
[stdout] Rendered 4205/8755, time remaining: 12m 17s
[stdout] Rendered 4206/8755, time remaining: 12m 17s
[stdout] Rendered 4207/8755, time remaining: 12m 17s
[stdout] Rendered 4208/8755, time remaining: 12m 16s
[stdout] Rendered 4209/8755, time remaining: 12m 16s
[stdout] Rendered 4210/8755, time remaining: 12m 16s
[stdout] Rendered 4211/8755, time remaining: 12m 16s
[stdout] Rendered 4212/8755, time remaining: 12m 16s
[stdout] Rendered 4213/8755, time remaining: 12m 16s
[stdout] Rendered 4213/8755, time remaining: 12m 16s
[stdout] Rendered 4214/8755, time remaining: 12m 15s
[stdout] Rendered 4215/8755, time remaining: 12m 15s
[stdout] Rendered 4216/8755, time remaining: 12m 15s
[stdout] Rendered 4217/8755, time remaining: 12m 15s
[stdout] Rendered 4218/8755, time remaining: 12m 15s
[stdout] Rendered 4219/8755, time remaining: 12m 15s
[stdout] Rendered 4220/8755, time remaining: 12m 14s
[stdout] Rendered 4221/8755, time remaining: 12m 14s
[stdout] Rendered 4222/8755, time remaining: 12m 14s
[stdout] Rendered 4223/8755, time remaining: 12m 14s
[stdout] Rendered 4224/8755, time remaining: 12m 14s
[stdout] Rendered 4225/8755, time remaining: 12m 13s
[stdout] Rendered 4226/8755, time remaining: 12m 13s
[stdout] Rendered 4227/8755, time remaining: 12m 13s
[stdout] Rendered 4228/8755, time remaining: 12m 13s
[stdout] Rendered 4229/8755, time remaining: 12m 13s
[stdout] Rendered 4230/8755, time remaining: 12m 13s
[stdout] Rendered 4231/8755, time remaining: 12m 12s
[stdout] Rendered 4232/8755, time remaining: 12m 12s
[stdout] Rendered 4232/8755, time remaining: 12m 12s
[stdout] Rendered 4233/8755, time remaining: 12m 12s
[stdout] Rendered 4234/8755, time remaining: 12m 12s
[stdout] Rendered 4235/8755, time remaining: 12m 12s
[stdout] Rendered 4236/8755, time remaining: 12m 12s
[stdout] Rendered 4237/8755, time remaining: 12m 11s
[stdout] Rendered 4238/8755, time remaining: 12m 11s
[stdout] Rendered 4239/8755, time remaining: 12m 11s
[stdout] Rendered 4240/8755, time remaining: 12m 11s
[stdout] Rendered 4241/8755, time remaining: 12m 11s
[stdout] Rendered 4242/8755, time remaining: 12m 10s
[stdout] Rendered 4243/8755, time remaining: 12m 10s
[stdout] Rendered 4244/8755, time remaining: 12m 10s
[stdout] Rendered 4245/8755, time remaining: 12m 10s
[stdout] Rendered 4246/8755, time remaining: 12m 10s
[stdout] Rendered 4247/8755, time remaining: 12m 10s
[stdout] Rendered 4248/8755, time remaining: 12m 9s
[stdout] Rendered 4249/8755, time remaining: 12m 9s
[stdout] Rendered 4250/8755, time remaining: 12m 9s
[stdout] Rendered 4251/8755, time remaining: 12m 9s
[stdout] Rendered 4252/8755, time remaining: 12m 9s
[stdout] Rendered 4253/8755, time remaining: 12m 9s
[stdout] Rendered 4253/8755, time remaining: 12m 9s
[stdout] Rendered 4254/8755, time remaining: 12m 8s
[stdout] Rendered 4255/8755, time remaining: 12m 8s
[stdout] Rendered 4256/8755, time remaining: 12m 8s
[stdout] Rendered 4257/8755, time remaining: 12m 8s
[stdout] Rendered 4258/8755, time remaining: 12m 8s
[stdout] Rendered 4259/8755, time remaining: 12m 8s
[stdout] Rendered 4260/8755, time remaining: 12m 7s
[stdout] Rendered 4261/8755, time remaining: 12m 7s
[stdout] Rendered 4262/8755, time remaining: 12m 7s
[stdout] Rendered 4263/8755, time remaining: 12m 7s
[stdout] Rendered 4264/8755, time remaining: 12m 7s
[stdout] Rendered 4265/8755, time remaining: 12m 6s
[stdout] Rendered 4266/8755, time remaining: 12m 6s
[stdout] Rendered 4267/8755, time remaining: 12m 6s
[stdout] Rendered 4268/8755, time remaining: 12m 6s
[stdout] Rendered 4269/8755, time remaining: 12m 6s
[stdout] Rendered 4270/8755, time remaining: 12m 6s
[stdout] Rendered 4271/8755, time remaining: 12m 5s
[stdout] Rendered 4271/8755, time remaining: 12m 5s
[stdout] Rendered 4272/8755, time remaining: 12m 5s
[stdout] Rendered 4273/8755, time remaining: 12m 5s
[stdout] Rendered 4274/8755, time remaining: 12m 5s
[stdout] Rendered 4275/8755, time remaining: 12m 5s
[stdout] Rendered 4276/8755, time remaining: 12m 5s
[stdout] Rendered 4277/8755, time remaining: 12m 5s
[stdout] Rendered 4278/8755, time remaining: 12m 4s
[stdout] Rendered 4279/8755, time remaining: 12m 4s
[stdout] Rendered 4280/8755, time remaining: 12m 4s
[stdout] Rendered 4281/8755, time remaining: 12m 4s
[stdout] Rendered 4282/8755, time remaining: 12m 4s
[stdout] Rendered 4283/8755, time remaining: 12m 3s
[stdout] Rendered 4284/8755, time remaining: 12m 3s
[stdout] Rendered 4285/8755, time remaining: 12m 3s
[stdout] Rendered 4286/8755, time remaining: 12m 3s
[stdout] Rendered 4287/8755, time remaining: 12m 3s
[stdout] Rendered 4288/8755, time remaining: 12m 3s
[stdout] Rendered 4289/8755, time remaining: 12m 2s
[stdout] Rendered 4290/8755, time remaining: 12m 2s
[stdout] Rendered 4291/8755, time remaining: 12m 2s
[stdout] Rendered 4292/8755, time remaining: 12m 2s
[stdout] Rendered 4292/8755, time remaining: 12m 2s
[stdout] Rendered 4293/8755, time remaining: 12m 2s
[stdout] Rendered 4294/8755, time remaining: 12m 1s
[stdout] Rendered 4295/8755, time remaining: 12m 1s
[stdout] Rendered 4296/8755, time remaining: 12m 1s
[stdout] Rendered 4297/8755, time remaining: 12m 1s
[stdout] Rendered 4298/8755, time remaining: 12m 1s
[stdout] Rendered 4299/8755, time remaining: 12m 1s
[stdout] Rendered 4300/8755, time remaining: 12m 0s
[stdout] Rendered 4301/8755, time remaining: 12m 0s
[stdout] Rendered 4302/8755, time remaining: 12m 0s
[stdout] Rendered 4303/8755, time remaining: 12m 0s
[stdout] Rendered 4304/8755, time remaining: 12m 0s
[stdout] Rendered 4305/8755, time remaining: 12m 0s
[stdout] Rendered 4306/8755, time remaining: 11m 59s
[stdout] Rendered 4307/8755, time remaining: 11m 59s
[stdout] Rendered 4308/8755, time remaining: 11m 59s
[stdout] Rendered 4309/8755, time remaining: 11m 59s
[stdout] Rendered 4310/8755, time remaining: 11m 59s
[stdout] Rendered 4311/8755, time remaining: 11m 59s
[stdout] Rendered 4312/8755, time remaining: 11m 58s
[stdout] Rendered 4312/8755, time remaining: 11m 58s
[stdout] Rendered 4313/8755, time remaining: 11m 58s
[stdout] Rendered 4314/8755, time remaining: 11m 58s
[stdout] Rendered 4315/8755, time remaining: 11m 58s
[stdout] Rendered 4316/8755, time remaining: 11m 58s
[stdout] Rendered 4317/8755, time remaining: 11m 58s
[stdout] Rendered 4318/8755, time remaining: 11m 57s
[stdout] Rendered 4319/8755, time remaining: 11m 57s
[stdout] Rendered 4320/8755, time remaining: 11m 57s
[stdout] Rendered 4321/8755, time remaining: 11m 57s
[stdout] Rendered 4322/8755, time remaining: 11m 57s
[stdout] Rendered 4323/8755, time remaining: 11m 56s
[stdout] Rendered 4324/8755, time remaining: 11m 56s
[stdout] Rendered 4325/8755, time remaining: 11m 56s
[stdout] Rendered 4326/8755, time remaining: 11m 56s
[stdout] Rendered 4327/8755, time remaining: 11m 56s
[stdout] Rendered 4328/8755, time remaining: 11m 56s
[stdout] Rendered 4329/8755, time remaining: 11m 55s
[stdout] Rendered 4330/8755, time remaining: 11m 55s
[stdout] Rendered 4331/8755, time remaining: 11m 55s
[stdout] Rendered 4332/8755, time remaining: 11m 55s
[stdout] Rendered 4333/8755, time remaining: 11m 55s
[stdout] Rendered 4333/8755, time remaining: 11m 55s
[stdout] Rendered 4334/8755, time remaining: 11m 55s
[stdout] Rendered 4335/8755, time remaining: 11m 54s
[stdout] Rendered 4336/8755, time remaining: 11m 54s
[stdout] Rendered 4337/8755, time remaining: 11m 54s
[stdout] Rendered 4338/8755, time remaining: 11m 54s
[stdout] Rendered 4339/8755, time remaining: 11m 54s
[stdout] Rendered 4340/8755, time remaining: 11m 54s
[stdout] Rendered 4341/8755, time remaining: 11m 53s
[stdout] Rendered 4342/8755, time remaining: 11m 53s
[stdout] Rendered 4343/8755, time remaining: 11m 53s
[stdout] Rendered 4344/8755, time remaining: 11m 53s
[stdout] Rendered 4345/8755, time remaining: 11m 53s
[stdout] Rendered 4346/8755, time remaining: 11m 52s
[stdout] Rendered 4347/8755, time remaining: 11m 52s
[stdout] Rendered 4348/8755, time remaining: 11m 52s
[stdout] Rendered 4349/8755, time remaining: 11m 52s
[stdout] Rendered 4350/8755, time remaining: 11m 52s
[stdout] Rendered 4351/8755, time remaining: 11m 52s
[stdout] Rendered 4352/8755, time remaining: 11m 51s
[stdout] Rendered 4353/8755, time remaining: 11m 51s
[stdout] Rendered 4353/8755, time remaining: 11m 51s
[stdout] Rendered 4354/8755, time remaining: 11m 51s
[stdout] Rendered 4355/8755, time remaining: 11m 51s
[stdout] Rendered 4356/8755, time remaining: 11m 51s
[stdout] Rendered 4357/8755, time remaining: 11m 51s
[stdout] Rendered 4358/8755, time remaining: 11m 50s
[stdout] Rendered 4359/8755, time remaining: 11m 50s
[stdout] Rendered 4360/8755, time remaining: 11m 50s
[stdout] Rendered 4361/8755, time remaining: 11m 50s
[stdout] Rendered 4362/8755, time remaining: 11m 50s
[stdout] Rendered 4363/8755, time remaining: 11m 49s
[stdout] Rendered 4364/8755, time remaining: 11m 49s
[stdout] Rendered 4365/8755, time remaining: 11m 49s
[stdout] Rendered 4366/8755, time remaining: 11m 49s
[stdout] Rendered 4367/8755, time remaining: 11m 49s
[stdout] Rendered 4368/8755, time remaining: 11m 49s
[stdout] Rendered 4369/8755, time remaining: 11m 48s
[stdout] Rendered 4370/8755, time remaining: 11m 48s
[stdout] Rendered 4371/8755, time remaining: 11m 48s
[stdout] Rendered 4372/8755, time remaining: 11m 48s
[stdout] Rendered 4373/8755, time remaining: 11m 48s
[stdout] Rendered 4373/8755, time remaining: 11m 48s
[stdout] Rendered 4374/8755, time remaining: 11m 48s
[stdout] Rendered 4375/8755, time remaining: 11m 47s
[stdout] Rendered 4376/8755, time remaining: 11m 47s
[stdout] Rendered 4377/8755, time remaining: 11m 47s
[stdout] Rendered 4378/8755, time remaining: 11m 47s
[stdout] Rendered 4379/8755, time remaining: 11m 47s
[stdout] Rendered 4380/8755, time remaining: 11m 47s
[stdout] Rendered 4381/8755, time remaining: 11m 47s
[stdout] Rendered 4382/8755, time remaining: 11m 47s
[stdout] Rendered 4383/8755, time remaining: 11m 46s
[stdout] Rendered 4384/8755, time remaining: 11m 46s
[stdout] Rendered 4385/8755, time remaining: 11m 46s
[stdout] Rendered 4386/8755, time remaining: 11m 46s
[stdout] Rendered 4387/8755, time remaining: 11m 46s
[stdout] Rendered 4388/8755, time remaining: 11m 46s
[stdout] Rendered 4389/8755, time remaining: 11m 45s
[stdout] Rendered 4390/8755, time remaining: 11m 45s
[stdout] Rendered 4390/8755, time remaining: 11m 45s
[stdout] Rendered 4391/8755, time remaining: 11m 45s
[stdout] Rendered 4392/8755, time remaining: 11m 45s
[stdout] Rendered 4393/8755, time remaining: 11m 45s
[stdout] Rendered 4394/8755, time remaining: 11m 45s
[stdout] Rendered 4395/8755, time remaining: 11m 44s
[stdout] Rendered 4396/8755, time remaining: 11m 44s
[stdout] Rendered 4397/8755, time remaining: 11m 44s
[stdout] Rendered 4398/8755, time remaining: 11m 44s
[stdout] Rendered 4399/8755, time remaining: 11m 44s
[stdout] Rendered 4400/8755, time remaining: 11m 44s
[stdout] Rendered 4401/8755, time remaining: 11m 43s
[stdout] Rendered 4402/8755, time remaining: 11m 43s
[stdout] Rendered 4403/8755, time remaining: 11m 43s
[stdout] Rendered 4404/8755, time remaining: 11m 43s
[stdout] Rendered 4405/8755, time remaining: 11m 43s
[stdout] Rendered 4406/8755, time remaining: 11m 43s
[stdout] Rendered 4407/8755, time remaining: 11m 42s
[stdout] Rendered 4408/8755, time remaining: 11m 42s
[stdout] Rendered 4409/8755, time remaining: 11m 42s
[stdout] Rendered 4410/8755, time remaining: 11m 42s
[stdout] Rendered 4410/8755, time remaining: 11m 42s
[stdout] Rendered 4411/8755, time remaining: 11m 42s
[stdout] Rendered 4412/8755, time remaining: 11m 42s
[stdout] Rendered 4413/8755, time remaining: 11m 41s
[stdout] Rendered 4414/8755, time remaining: 11m 41s
[stdout] Rendered 4415/8755, time remaining: 11m 41s
[stdout] Rendered 4416/8755, time remaining: 11m 41s
[stdout] Rendered 4417/8755, time remaining: 11m 41s
[stdout] Rendered 4418/8755, time remaining: 11m 41s
[stdout] Rendered 4419/8755, time remaining: 11m 40s
[stdout] Rendered 4420/8755, time remaining: 11m 40s
[stdout] Rendered 4421/8755, time remaining: 11m 40s
[stdout] Rendered 4422/8755, time remaining: 11m 40s
[stdout] Rendered 4423/8755, time remaining: 11m 40s
[stdout] Rendered 4424/8755, time remaining: 11m 40s
[stdout] Rendered 4425/8755, time remaining: 11m 39s
[stdout] Rendered 4426/8755, time remaining: 11m 39s
[stdout] Rendered 4427/8755, time remaining: 11m 39s
[stdout] Rendered 4428/8755, time remaining: 11m 39s
[stdout] Rendered 4429/8755, time remaining: 11m 39s
[stdout] Rendered 4429/8755, time remaining: 11m 39s
[stdout] Rendered 4430/8755, time remaining: 11m 39s
[stdout] Rendered 4431/8755, time remaining: 11m 38s
[stdout] Rendered 4432/8755, time remaining: 11m 38s
[stdout] Rendered 4433/8755, time remaining: 11m 38s
[stdout] Rendered 4434/8755, time remaining: 11m 38s
[stdout] Rendered 4435/8755, time remaining: 11m 38s
[stdout] Rendered 4436/8755, time remaining: 11m 37s
[stdout] Rendered 4437/8755, time remaining: 11m 37s
[stdout] Rendered 4438/8755, time remaining: 11m 37s
[stdout] Rendered 4439/8755, time remaining: 11m 37s
[stdout] Rendered 4440/8755, time remaining: 11m 37s
[stdout] Rendered 4441/8755, time remaining: 11m 37s
[stdout] Rendered 4442/8755, time remaining: 11m 36s
[stdout] Rendered 4443/8755, time remaining: 11m 36s
[stdout] Rendered 4444/8755, time remaining: 11m 36s
[stdout] Rendered 4445/8755, time remaining: 11m 36s
[stdout] Rendered 4446/8755, time remaining: 11m 36s
[stdout] Rendered 4447/8755, time remaining: 11m 36s
[stdout] Rendered 4448/8755, time remaining: 11m 35s
[stdout] Rendered 4449/8755, time remaining: 11m 35s
[stdout] Rendered 4449/8755, time remaining: 11m 35s
[stdout] Rendered 4450/8755, time remaining: 11m 35s
[stdout] Rendered 4451/8755, time remaining: 11m 35s
[stdout] Rendered 4452/8755, time remaining: 11m 35s
[stdout] Rendered 4453/8755, time remaining: 11m 35s
[stdout] Rendered 4454/8755, time remaining: 11m 34s
[stdout] Rendered 4455/8755, time remaining: 11m 34s
[stdout] Rendered 4456/8755, time remaining: 11m 34s
[stdout] Rendered 4457/8755, time remaining: 11m 34s
[stdout] Rendered 4458/8755, time remaining: 11m 34s
[stdout] Rendered 4459/8755, time remaining: 11m 34s
[stdout] Rendered 4460/8755, time remaining: 11m 33s
[stdout] Rendered 4461/8755, time remaining: 11m 33s
[stdout] Rendered 4462/8755, time remaining: 11m 33s
[stdout] Rendered 4463/8755, time remaining: 11m 33s
[stdout] Rendered 4464/8755, time remaining: 11m 33s
[stdout] Rendered 4465/8755, time remaining: 11m 33s
[stdout] Rendered 4466/8755, time remaining: 11m 32s
[stdout] Rendered 4467/8755, time remaining: 11m 32s
[stdout] Rendered 4468/8755, time remaining: 11m 32s
[stdout] Rendered 4469/8755, time remaining: 11m 32s
[stdout] Rendered 4469/8755, time remaining: 11m 32s
[stdout] Rendered 4470/8755, time remaining: 11m 32s
[stdout] Rendered 4471/8755, time remaining: 11m 31s
[stdout] Rendered 4472/8755, time remaining: 11m 31s
[stdout] Rendered 4473/8755, time remaining: 11m 31s
[stdout] Rendered 4474/8755, time remaining: 11m 31s
[stdout] Rendered 4475/8755, time remaining: 11m 31s
[stdout] Rendered 4476/8755, time remaining: 11m 31s
[stdout] Rendered 4477/8755, time remaining: 11m 31s
[stdout] Rendered 4478/8755, time remaining: 11m 30s
[stdout] Rendered 4479/8755, time remaining: 11m 30s
[stdout] Rendered 4480/8755, time remaining: 11m 30s
[stdout] Rendered 4481/8755, time remaining: 11m 30s
[stdout] Rendered 4482/8755, time remaining: 11m 30s
[stdout] Rendered 4483/8755, time remaining: 11m 30s
[stdout] Rendered 4484/8755, time remaining: 11m 29s
[stdout] Rendered 4485/8755, time remaining: 11m 29s
[stdout] Rendered 4486/8755, time remaining: 11m 29s
[stdout] Rendered 4487/8755, time remaining: 11m 29s
[stdout] Rendered 4487/8755, time remaining: 11m 29s
[stdout] Rendered 4488/8755, time remaining: 11m 29s
[stdout] Rendered 4489/8755, time remaining: 11m 29s
[stdout] Rendered 4490/8755, time remaining: 11m 28s
[stdout] Rendered 4491/8755, time remaining: 11m 28s
[stdout] Rendered 4492/8755, time remaining: 11m 28s
[stdout] Rendered 4493/8755, time remaining: 11m 28s
[stdout] Rendered 4494/8755, time remaining: 11m 28s
[stdout] Rendered 4495/8755, time remaining: 11m 28s
[stdout] Rendered 4496/8755, time remaining: 11m 28s
[stdout] Rendered 4497/8755, time remaining: 11m 27s
[stdout] Rendered 4498/8755, time remaining: 11m 27s
[stdout] Rendered 4499/8755, time remaining: 11m 27s
[stdout] Rendered 4500/8755, time remaining: 11m 27s
[stdout] Rendered 4501/8755, time remaining: 11m 27s
[stdout] Rendered 4502/8755, time remaining: 11m 27s
[stdout] Rendered 4503/8755, time remaining: 11m 27s
[stdout] Rendered 4504/8755, time remaining: 11m 26s
[stdout] Rendered 4505/8755, time remaining: 11m 26s
[stdout] Rendered 4506/8755, time remaining: 11m 26s
[stdout] Rendered 4506/8755, time remaining: 11m 26s
[stdout] Rendered 4507/8755, time remaining: 11m 26s
[stdout] Rendered 4508/8755, time remaining: 11m 26s
[stdout] Rendered 4509/8755, time remaining: 11m 26s
[stdout] Rendered 4510/8755, time remaining: 11m 25s
[stdout] Rendered 4511/8755, time remaining: 11m 25s
[stdout] Rendered 4512/8755, time remaining: 11m 25s
[stdout] Rendered 4513/8755, time remaining: 11m 25s
[stdout] Rendered 4514/8755, time remaining: 11m 25s
[stdout] Rendered 4515/8755, time remaining: 11m 25s
[stdout] Rendered 4516/8755, time remaining: 11m 24s
[stdout] Rendered 4517/8755, time remaining: 11m 24s
[stdout] Rendered 4518/8755, time remaining: 11m 24s
[stdout] Rendered 4519/8755, time remaining: 11m 24s
[stdout] Rendered 4520/8755, time remaining: 11m 24s
[stdout] Rendered 4521/8755, time remaining: 11m 24s
[stdout] Rendered 4522/8755, time remaining: 11m 23s
[stdout] Rendered 4523/8755, time remaining: 11m 23s
[stdout] Rendered 4524/8755, time remaining: 11m 23s
[stdout] Rendered 4524/8755, time remaining: 11m 23s
[stdout] Rendered 4525/8755, time remaining: 11m 23s
[stdout] Rendered 4526/8755, time remaining: 11m 23s
[stdout] Rendered 4527/8755, time remaining: 11m 23s
[stdout] Rendered 4528/8755, time remaining: 11m 22s
[stdout] Rendered 4529/8755, time remaining: 11m 22s
[stdout] Rendered 4530/8755, time remaining: 11m 22s
[stdout] Rendered 4531/8755, time remaining: 11m 22s
[stdout] Rendered 4532/8755, time remaining: 11m 22s
[stdout] Rendered 4533/8755, time remaining: 11m 22s
[stdout] Rendered 4534/8755, time remaining: 11m 22s
[stdout] Rendered 4535/8755, time remaining: 11m 21s
[stdout] Rendered 4536/8755, time remaining: 11m 21s
[stdout] Rendered 4537/8755, time remaining: 11m 21s
[stdout] Rendered 4538/8755, time remaining: 11m 21s
[stdout] Rendered 4539/8755, time remaining: 11m 21s
[stdout] Rendered 4540/8755, time remaining: 11m 21s
[stdout] Rendered 4541/8755, time remaining: 11m 20s
[stdout] Rendered 4542/8755, time remaining: 11m 20s
[stdout] Rendered 4542/8755, time remaining: 11m 20s
[stdout] Rendered 4543/8755, time remaining: 11m 20s
[stdout] Rendered 4544/8755, time remaining: 11m 20s
[stdout] Rendered 4545/8755, time remaining: 11m 20s
[stdout] Rendered 4546/8755, time remaining: 11m 20s
[stdout] Rendered 4547/8755, time remaining: 11m 19s
[stdout] Rendered 4548/8755, time remaining: 11m 19s
[stdout] Rendered 4549/8755, time remaining: 11m 19s
[stdout] Rendered 4550/8755, time remaining: 11m 19s
[stdout] Rendered 4551/8755, time remaining: 11m 19s
[stdout] Rendered 4552/8755, time remaining: 11m 19s
[stdout] Rendered 4553/8755, time remaining: 11m 18s
[stdout] Rendered 4554/8755, time remaining: 11m 18s
[stdout] Rendered 4555/8755, time remaining: 11m 18s
[stdout] Rendered 4556/8755, time remaining: 11m 18s
[stdout] Rendered 4557/8755, time remaining: 11m 18s
[stdout] Rendered 4558/8755, time remaining: 11m 18s
[stdout] Rendered 4559/8755, time remaining: 11m 18s
[stdout] Rendered 4560/8755, time remaining: 11m 17s
[stdout] Rendered 4561/8755, time remaining: 11m 17s
[stdout] Rendered 4561/8755, time remaining: 11m 17s
[stdout] Rendered 4562/8755, time remaining: 11m 17s
[stdout] Rendered 4563/8755, time remaining: 11m 17s
[stdout] Rendered 4564/8755, time remaining: 11m 17s
[stdout] Rendered 4565/8755, time remaining: 11m 17s
[stdout] Rendered 4566/8755, time remaining: 11m 16s
[stdout] Rendered 4567/8755, time remaining: 11m 16s
[stdout] Rendered 4568/8755, time remaining: 11m 16s
[stdout] Rendered 4569/8755, time remaining: 11m 16s
[stdout] Rendered 4570/8755, time remaining: 11m 16s
[stdout] Rendered 4571/8755, time remaining: 11m 16s
[stdout] Rendered 4572/8755, time remaining: 11m 16s
[stdout] Rendered 4573/8755, time remaining: 11m 15s
[stdout] Rendered 4574/8755, time remaining: 11m 15s
[stdout] Rendered 4575/8755, time remaining: 11m 15s
[stdout] Rendered 4576/8755, time remaining: 11m 15s
[stdout] Rendered 4577/8755, time remaining: 11m 15s
[stdout] Rendered 4578/8755, time remaining: 11m 15s
[stdout] Rendered 4579/8755, time remaining: 11m 14s
[stdout] Rendered 4580/8755, time remaining: 11m 14s
[stdout] Rendered 4581/8755, time remaining: 11m 14s
[stdout] Rendered 4581/8755, time remaining: 11m 14s
[stdout] Rendered 4582/8755, time remaining: 11m 14s
[stdout] Rendered 4583/8755, time remaining: 11m 14s
[stdout] Rendered 4584/8755, time remaining: 11m 14s
[stdout] Rendered 4585/8755, time remaining: 11m 14s
[stdout] Rendered 4586/8755, time remaining: 11m 14s
[stdout] Rendered 4587/8755, time remaining: 11m 14s
[stdout] Rendered 4588/8755, time remaining: 11m 13s
[stdout] Rendered 4589/8755, time remaining: 11m 13s
[stdout] Rendered 4590/8755, time remaining: 11m 13s
[stdout] Rendered 4591/8755, time remaining: 11m 13s
[stdout] Rendered 4592/8755, time remaining: 11m 13s
[stdout] Rendered 4593/8755, time remaining: 11m 13s
[stdout] Rendered 4594/8755, time remaining: 11m 12s
[stdout] Rendered 4595/8755, time remaining: 11m 12s
[stdout] Rendered 4596/8755, time remaining: 11m 12s
[stdout] Rendered 4596/8755, time remaining: 11m 12s
[stdout] Rendered 4597/8755, time remaining: 11m 12s
[stdout] Rendered 4598/8755, time remaining: 11m 12s
[stdout] Rendered 4599/8755, time remaining: 11m 12s
[stdout] Rendered 4600/8755, time remaining: 11m 11s
[stdout] Rendered 4601/8755, time remaining: 11m 11s
[stdout] Rendered 4602/8755, time remaining: 11m 11s
[stdout] Rendered 4603/8755, time remaining: 11m 11s
[stdout] Rendered 4604/8755, time remaining: 11m 11s
[stdout] Rendered 4605/8755, time remaining: 11m 11s
[stdout] Rendered 4606/8755, time remaining: 11m 11s
[stdout] Rendered 4607/8755, time remaining: 11m 11s
[stdout] Rendered 4608/8755, time remaining: 11m 10s
[stdout] Rendered 4609/8755, time remaining: 11m 10s
[stdout] Rendered 4610/8755, time remaining: 11m 10s
[stdout] Rendered 4611/8755, time remaining: 11m 10s
[stdout] Rendered 4612/8755, time remaining: 11m 10s
[stdout] Rendered 4613/8755, time remaining: 11m 10s
[stdout] Rendered 4614/8755, time remaining: 11m 9s
[stdout] Rendered 4614/8755, time remaining: 11m 9s
[stdout] Rendered 4615/8755, time remaining: 11m 9s
[stdout] Rendered 4616/8755, time remaining: 11m 9s
[stdout] Rendered 4617/8755, time remaining: 11m 9s
[stdout] Rendered 4618/8755, time remaining: 11m 9s
[stdout] Rendered 4619/8755, time remaining: 11m 9s
[stdout] Rendered 4620/8755, time remaining: 11m 8s
[stdout] Rendered 4621/8755, time remaining: 11m 8s
[stdout] Rendered 4622/8755, time remaining: 11m 8s
[stdout] Rendered 4623/8755, time remaining: 11m 8s
[stdout] Rendered 4624/8755, time remaining: 11m 8s
[stdout] Rendered 4625/8755, time remaining: 11m 8s
[stdout] Rendered 4626/8755, time remaining: 11m 7s
[stdout] Rendered 4627/8755, time remaining: 11m 7s
[stdout] Rendered 4628/8755, time remaining: 11m 7s
[stdout] Rendered 4629/8755, time remaining: 11m 7s
[stdout] Rendered 4630/8755, time remaining: 11m 7s
[stdout] Rendered 4631/8755, time remaining: 11m 7s
[stdout] Rendered 4632/8755, time remaining: 11m 6s
[stdout] Rendered 4632/8755, time remaining: 11m 6s
[stdout] Rendered 4633/8755, time remaining: 11m 6s
[stdout] Rendered 4634/8755, time remaining: 11m 6s
[stdout] Rendered 4635/8755, time remaining: 11m 6s
[stdout] Rendered 4636/8755, time remaining: 11m 6s
[stdout] Rendered 4637/8755, time remaining: 11m 6s
[stdout] Rendered 4638/8755, time remaining: 11m 6s
[stdout] Rendered 4639/8755, time remaining: 11m 6s
[stdout] Rendered 4640/8755, time remaining: 11m 6s
[stdout] Rendered 4641/8755, time remaining: 11m 6s
[stdout] Rendered 4642/8755, time remaining: 11m 6s
[stdout] Rendered 4643/8755, time remaining: 11m 6s
[stdout] Rendered 4643/8755, time remaining: 11m 6s
[stdout] Rendered 4644/8755, time remaining: 11m 6s
[stdout] Rendered 4645/8755, time remaining: 11m 5s
[stdout] Rendered 4646/8755, time remaining: 11m 5s
[stdout] Rendered 4647/8755, time remaining: 11m 5s
[stdout] Rendered 4648/8755, time remaining: 11m 5s
[stdout] Rendered 4649/8755, time remaining: 11m 5s
[stdout] Rendered 4650/8755, time remaining: 11m 5s
[stdout] Rendered 4651/8755, time remaining: 11m 5s
[stdout] Rendered 4652/8755, time remaining: 11m 5s
[stdout] Rendered 4653/8755, time remaining: 11m 4s
[stdout] Rendered 4654/8755, time remaining: 11m 4s
[stdout] Rendered 4655/8755, time remaining: 11m 4s
[stdout] Rendered 4656/8755, time remaining: 11m 4s
[stdout] Rendered 4657/8755, time remaining: 11m 4s
[stdout] Rendered 4658/8755, time remaining: 11m 4s
[stdout] Rendered 4659/8755, time remaining: 11m 3s
[stdout] Rendered 4660/8755, time remaining: 11m 3s
[stdout] Rendered 4660/8755, time remaining: 11m 3s
[stdout] Rendered 4661/8755, time remaining: 11m 3s
[stdout] Rendered 4662/8755, time remaining: 11m 3s
[stdout] Rendered 4663/8755, time remaining: 11m 3s
[stdout] Rendered 4664/8755, time remaining: 11m 3s
[stdout] Rendered 4665/8755, time remaining: 11m 3s
[stdout] Rendered 4666/8755, time remaining: 11m 3s
[stdout] Rendered 4667/8755, time remaining: 11m 3s
[stdout] Rendered 4668/8755, time remaining: 11m 2s
[stdout] Rendered 4669/8755, time remaining: 11m 2s
[stdout] Rendered 4670/8755, time remaining: 11m 2s
[stdout] Rendered 4671/8755, time remaining: 11m 2s
[stdout] Rendered 4672/8755, time remaining: 11m 2s
[stdout] Rendered 4673/8755, time remaining: 11m 2s
[stdout] Rendered 4674/8755, time remaining: 11m 2s
[stdout] Rendered 4674/8755, time remaining: 11m 2s
[stdout] Rendered 4675/8755, time remaining: 11m 2s
[stdout] Rendered 4676/8755, time remaining: 11m 1s
[stdout] Rendered 4677/8755, time remaining: 11m 1s
[stdout] Rendered 4678/8755, time remaining: 11m 1s
[stdout] Rendered 4679/8755, time remaining: 11m 1s
[stdout] Rendered 4680/8755, time remaining: 11m 1s
[stdout] Rendered 4681/8755, time remaining: 11m 1s
[stdout] Rendered 4682/8755, time remaining: 11m 0s
[stdout] Rendered 4683/8755, time remaining: 11m 0s
[stdout] Rendered 4684/8755, time remaining: 11m 0s
[stdout] Rendered 4685/8755, time remaining: 11m 0s
[stdout] Rendered 4686/8755, time remaining: 11m 0s
[stdout] Rendered 4687/8755, time remaining: 11m 0s
[stdout] Rendered 4688/8755, time remaining: 11m 0s
[stdout] Rendered 4689/8755, time remaining: 10m 59s
[stdout] Rendered 4690/8755, time remaining: 10m 59s
[stdout] Rendered 4691/8755, time remaining: 10m 59s
[stdout] Rendered 4691/8755, time remaining: 10m 59s
[stdout] Rendered 4692/8755, time remaining: 10m 59s
[stdout] Rendered 4693/8755, time remaining: 10m 59s
[stdout] Rendered 4694/8755, time remaining: 10m 59s
[stdout] Rendered 4695/8755, time remaining: 10m 58s
[stdout] Rendered 4696/8755, time remaining: 10m 58s
[stdout] Rendered 4697/8755, time remaining: 10m 58s
[stdout] Rendered 4698/8755, time remaining: 10m 58s
[stdout] Rendered 4699/8755, time remaining: 10m 58s
[stdout] Rendered 4700/8755, time remaining: 10m 58s
[stdout] Rendered 4701/8755, time remaining: 10m 58s
[stdout] Rendered 4702/8755, time remaining: 10m 57s
[stdout] Rendered 4703/8755, time remaining: 10m 57s
[stdout] Rendered 4704/8755, time remaining: 10m 57s
[stdout] Rendered 4705/8755, time remaining: 10m 57s
[stdout] Rendered 4706/8755, time remaining: 10m 57s
[stdout] Rendered 4707/8755, time remaining: 10m 57s
[stdout] Rendered 4708/8755, time remaining: 10m 57s
[stdout] Rendered 4708/8755, time remaining: 10m 57s
[stdout] Rendered 4709/8755, time remaining: 10m 57s
[stdout] Rendered 4710/8755, time remaining: 10m 56s
[stdout] Rendered 4711/8755, time remaining: 10m 56s
[stdout] Rendered 4712/8755, time remaining: 10m 56s
[stdout] Rendered 4713/8755, time remaining: 10m 56s
[stdout] Rendered 4714/8755, time remaining: 10m 56s
[stdout] Rendered 4715/8755, time remaining: 10m 56s
[stdout] Rendered 4716/8755, time remaining: 10m 55s
[stdout] Rendered 4717/8755, time remaining: 10m 55s
[stdout] Rendered 4718/8755, time remaining: 10m 55s
[stdout] Rendered 4719/8755, time remaining: 10m 55s
[stdout] Rendered 4720/8755, time remaining: 10m 55s
[stdout] Rendered 4721/8755, time remaining: 10m 55s
[stdout] Rendered 4722/8755, time remaining: 10m 55s
[stdout] Rendered 4723/8755, time remaining: 10m 54s
[stdout] Rendered 4724/8755, time remaining: 10m 54s
[stdout] Rendered 4725/8755, time remaining: 10m 54s
[stdout] Rendered 4725/8755, time remaining: 10m 54s
[stdout] Rendered 4726/8755, time remaining: 10m 54s
[stdout] Rendered 4727/8755, time remaining: 10m 54s
[stdout] Rendered 4728/8755, time remaining: 10m 54s
[stdout] Rendered 4729/8755, time remaining: 10m 53s
[stdout] Rendered 4730/8755, time remaining: 10m 53s
[stdout] Rendered 4731/8755, time remaining: 10m 53s
[stdout] Rendered 4732/8755, time remaining: 10m 53s
[stdout] Rendered 4733/8755, time remaining: 10m 53s
[stdout] Rendered 4734/8755, time remaining: 10m 53s
[stdout] Rendered 4735/8755, time remaining: 10m 53s
[stdout] Rendered 4736/8755, time remaining: 10m 52s
[stdout] Rendered 4737/8755, time remaining: 10m 52s
[stdout] Rendered 4738/8755, time remaining: 10m 52s
[stdout] Rendered 4739/8755, time remaining: 10m 52s
[stdout] Rendered 4740/8755, time remaining: 10m 52s
[stdout] Rendered 4741/8755, time remaining: 10m 52s
[stdout] Rendered 4741/8755, time remaining: 10m 52s
[stdout] Rendered 4742/8755, time remaining: 10m 52s
[stdout] Rendered 4743/8755, time remaining: 10m 51s
[stdout] Rendered 4744/8755, time remaining: 10m 51s
[stdout] Rendered 4745/8755, time remaining: 10m 51s
[stdout] Rendered 4746/8755, time remaining: 10m 51s
[stdout] Rendered 4747/8755, time remaining: 10m 51s
[stdout] Rendered 4748/8755, time remaining: 10m 51s
[stdout] Rendered 4749/8755, time remaining: 10m 50s
[stdout] Rendered 4750/8755, time remaining: 10m 50s
[stdout] Rendered 4751/8755, time remaining: 10m 50s
[stdout] Rendered 4752/8755, time remaining: 10m 50s
[stdout] Rendered 4753/8755, time remaining: 10m 50s
[stdout] Rendered 4754/8755, time remaining: 10m 50s
[stdout] Rendered 4755/8755, time remaining: 10m 50s
[stdout] Rendered 4756/8755, time remaining: 10m 49s
[stdout] Rendered 4757/8755, time remaining: 10m 49s
[stdout] Rendered 4758/8755, time remaining: 10m 49s
[stdout] Rendered 4758/8755, time remaining: 10m 49s
[stdout] Rendered 4759/8755, time remaining: 10m 49s
[stdout] Rendered 4760/8755, time remaining: 10m 49s
[stdout] Rendered 4761/8755, time remaining: 10m 49s
[stdout] Rendered 4762/8755, time remaining: 10m 48s
[stdout] Rendered 4763/8755, time remaining: 10m 48s
[stdout] Rendered 4764/8755, time remaining: 10m 48s
[stdout] Rendered 4765/8755, time remaining: 10m 48s
[stdout] Rendered 4766/8755, time remaining: 10m 48s
[stdout] Rendered 4767/8755, time remaining: 10m 48s
[stdout] Rendered 4768/8755, time remaining: 10m 48s
[stdout] Rendered 4769/8755, time remaining: 10m 48s
[stdout] Rendered 4770/8755, time remaining: 10m 47s
[stdout] Rendered 4771/8755, time remaining: 10m 47s
[stdout] Rendered 4772/8755, time remaining: 10m 47s
[stdout] Rendered 4773/8755, time remaining: 10m 47s
[stdout] Rendered 4774/8755, time remaining: 10m 47s
[stdout] Rendered 4775/8755, time remaining: 10m 47s
[stdout] Rendered 4775/8755, time remaining: 10m 47s
[stdout] Rendered 4776/8755, time remaining: 10m 46s
[stdout] Rendered 4777/8755, time remaining: 10m 46s
[stdout] Rendered 4778/8755, time remaining: 10m 46s
[stdout] Rendered 4779/8755, time remaining: 10m 46s
[stdout] Rendered 4780/8755, time remaining: 10m 46s
[stdout] Rendered 4781/8755, time remaining: 10m 46s
[stdout] Rendered 4782/8755, time remaining: 10m 46s
[stdout] Rendered 4783/8755, time remaining: 10m 45s
[stdout] Rendered 4784/8755, time remaining: 10m 45s
[stdout] Rendered 4785/8755, time remaining: 10m 45s
[stdout] Rendered 4786/8755, time remaining: 10m 45s
[stdout] Rendered 4787/8755, time remaining: 10m 45s
[stdout] Rendered 4788/8755, time remaining: 10m 45s
[stdout] Rendered 4789/8755, time remaining: 10m 44s
[stdout] Rendered 4790/8755, time remaining: 10m 44s
[stdout] Rendered 4791/8755, time remaining: 10m 44s
[stdout] Rendered 4792/8755, time remaining: 10m 44s
[stdout] Rendered 4793/8755, time remaining: 10m 44s
[stdout] Rendered 4793/8755, time remaining: 10m 44s
[stdout] Rendered 4794/8755, time remaining: 10m 44s
[stdout] Rendered 4795/8755, time remaining: 10m 44s
[stdout] Rendered 4796/8755, time remaining: 10m 44s
[stdout] Rendered 4797/8755, time remaining: 10m 44s
[stdout] Rendered 4798/8755, time remaining: 10m 44s
[stdout] Rendered 4799/8755, time remaining: 10m 44s
[stdout] Rendered 4800/8755, time remaining: 10m 44s
[stdout] Rendered 4801/8755, time remaining: 10m 43s
[stdout] Rendered 4802/8755, time remaining: 10m 43s
[stdout] Rendered 4803/8755, time remaining: 10m 43s
[stdout] Rendered 4804/8755, time remaining: 10m 43s
[stdout] Rendered 4805/8755, time remaining: 10m 43s
[stdout] Rendered 4806/8755, time remaining: 10m 43s
[stdout] Rendered 4807/8755, time remaining: 10m 42s
[stdout] Rendered 4807/8755, time remaining: 10m 42s
[stdout] Rendered 4808/8755, time remaining: 10m 42s
[stdout] Rendered 4809/8755, time remaining: 10m 42s
[stdout] Rendered 4810/8755, time remaining: 10m 42s
[stdout] Rendered 4811/8755, time remaining: 10m 42s
[stdout] Rendered 4812/8755, time remaining: 10m 42s
[stdout] Rendered 4813/8755, time remaining: 10m 41s
[stdout] Rendered 4814/8755, time remaining: 10m 41s
[stdout] Rendered 4815/8755, time remaining: 10m 41s
[stdout] Rendered 4816/8755, time remaining: 10m 41s
[stdout] Rendered 4817/8755, time remaining: 10m 41s
[stdout] Rendered 4818/8755, time remaining: 10m 41s
[stdout] Rendered 4819/8755, time remaining: 10m 41s
[stdout] Rendered 4820/8755, time remaining: 10m 40s
[stdout] Rendered 4821/8755, time remaining: 10m 40s
[stdout] Rendered 4822/8755, time remaining: 10m 40s
[stdout] Rendered 4823/8755, time remaining: 10m 40s
[stdout] Rendered 4823/8755, time remaining: 10m 40s
[stdout] Rendered 4824/8755, time remaining: 10m 40s
[stdout] Rendered 4825/8755, time remaining: 10m 40s
[stdout] Rendered 4826/8755, time remaining: 10m 40s
[stdout] Rendered 4827/8755, time remaining: 10m 39s
[stdout] Rendered 4828/8755, time remaining: 10m 39s
[stdout] Rendered 4829/8755, time remaining: 10m 39s
[stdout] Rendered 4830/8755, time remaining: 10m 39s
[stdout] Rendered 4831/8755, time remaining: 10m 39s
[stdout] Rendered 4832/8755, time remaining: 10m 39s
[stdout] Rendered 4833/8755, time remaining: 10m 38s
[stdout] Rendered 4834/8755, time remaining: 10m 38s
[stdout] Rendered 4835/8755, time remaining: 10m 38s
[stdout] Rendered 4836/8755, time remaining: 10m 38s
[stdout] Rendered 4837/8755, time remaining: 10m 38s
[stdout] Rendered 4838/8755, time remaining: 10m 38s
[stdout] Rendered 4839/8755, time remaining: 10m 38s
[stdout] Rendered 4840/8755, time remaining: 10m 38s
[stdout] Rendered 4840/8755, time remaining: 10m 38s
[stdout] Rendered 4841/8755, time remaining: 10m 37s
[stdout] Rendered 4842/8755, time remaining: 10m 37s
[stdout] Rendered 4843/8755, time remaining: 10m 37s
[stdout] Rendered 4844/8755, time remaining: 10m 37s
[stdout] Rendered 4845/8755, time remaining: 10m 37s
[stdout] Rendered 4846/8755, time remaining: 10m 37s
[stdout] Rendered 4847/8755, time remaining: 10m 37s
[stdout] Rendered 4848/8755, time remaining: 10m 37s
[stdout] Rendered 4849/8755, time remaining: 10m 37s
[stdout] Rendered 4850/8755, time remaining: 10m 36s
[stdout] Rendered 4851/8755, time remaining: 10m 36s
[stdout] Rendered 4852/8755, time remaining: 10m 36s
[stdout] Rendered 4852/8755, time remaining: 10m 36s
[stdout] Rendered 4853/8755, time remaining: 10m 36s
[stdout] Rendered 4854/8755, time remaining: 10m 36s
[stdout] Rendered 4855/8755, time remaining: 10m 36s
[stdout] Rendered 4856/8755, time remaining: 10m 36s
[stdout] Rendered 4857/8755, time remaining: 10m 36s
[stdout] Rendered 4858/8755, time remaining: 10m 35s
[stdout] Rendered 4859/8755, time remaining: 10m 35s
[stdout] Rendered 4860/8755, time remaining: 10m 35s
[stdout] Rendered 4861/8755, time remaining: 10m 35s
[stdout] Rendered 4862/8755, time remaining: 10m 35s
[stdout] Rendered 4863/8755, time remaining: 10m 35s
[stdout] Rendered 4864/8755, time remaining: 10m 34s
[stdout] Rendered 4865/8755, time remaining: 10m 34s
[stdout] Rendered 4866/8755, time remaining: 10m 34s
[stdout] Rendered 4867/8755, time remaining: 10m 34s
[stdout] Rendered 4868/8755, time remaining: 10m 34s
[stdout] Rendered 4869/8755, time remaining: 10m 34s
[stdout] Rendered 4869/8755, time remaining: 10m 34s
[stdout] Rendered 4870/8755, time remaining: 10m 34s
[stdout] Rendered 4871/8755, time remaining: 10m 33s
[stdout] Rendered 4872/8755, time remaining: 10m 33s
[stdout] Rendered 4873/8755, time remaining: 10m 33s
[stdout] Rendered 4874/8755, time remaining: 10m 33s
[stdout] Rendered 4875/8755, time remaining: 10m 33s
[stdout] Rendered 4876/8755, time remaining: 10m 33s
[stdout] Rendered 4877/8755, time remaining: 10m 33s
[stdout] Rendered 4878/8755, time remaining: 10m 32s
[stdout] Rendered 4879/8755, time remaining: 10m 32s
[stdout] Rendered 4880/8755, time remaining: 10m 32s
[stdout] Rendered 4881/8755, time remaining: 10m 32s
[stdout] Rendered 4882/8755, time remaining: 10m 32s
[stdout] Rendered 4883/8755, time remaining: 10m 32s
[stdout] Rendered 4884/8755, time remaining: 10m 32s
[stdout] Rendered 4885/8755, time remaining: 10m 31s
[stdout] Rendered 4885/8755, time remaining: 10m 31s
[stdout] Rendered 4886/8755, time remaining: 10m 31s
[stdout] Rendered 4887/8755, time remaining: 10m 31s
[stdout] Rendered 4888/8755, time remaining: 10m 31s
[stdout] Rendered 4889/8755, time remaining: 10m 31s
[stdout] Rendered 4890/8755, time remaining: 10m 31s
[stdout] Rendered 4891/8755, time remaining: 10m 31s
[stdout] Rendered 4892/8755, time remaining: 10m 30s
[stdout] Rendered 4893/8755, time remaining: 10m 30s
[stdout] Rendered 4894/8755, time remaining: 10m 30s
[stdout] Rendered 4895/8755, time remaining: 10m 30s
[stdout] Rendered 4896/8755, time remaining: 10m 30s
[stdout] Rendered 4897/8755, time remaining: 10m 30s
[stdout] Rendered 4897/8755, time remaining: 10m 30s
[stdout] Rendered 4898/8755, time remaining: 10m 30s
[stdout] Rendered 4899/8755, time remaining: 10m 30s
[stdout] Rendered 4900/8755, time remaining: 10m 30s
[stdout] Rendered 4901/8755, time remaining: 10m 30s
[stdout] Rendered 4902/8755, time remaining: 10m 30s
[stdout] Rendered 4903/8755, time remaining: 10m 29s
[stdout] Rendered 4904/8755, time remaining: 10m 29s
[stdout] Rendered 4905/8755, time remaining: 10m 29s
[stdout] Rendered 4906/8755, time remaining: 10m 29s
[stdout] Rendered 4907/8755, time remaining: 10m 29s
[stdout] Rendered 4908/8755, time remaining: 10m 29s
[stdout] Rendered 4909/8755, time remaining: 10m 29s
[stdout] Rendered 4910/8755, time remaining: 10m 29s
[stdout] Rendered 4911/8755, time remaining: 10m 29s
[stdout] Rendered 4912/8755, time remaining: 10m 28s
[stdout] Rendered 4912/8755, time remaining: 10m 28s
[stdout] Rendered 4913/8755, time remaining: 10m 28s
[stdout] Rendered 4914/8755, time remaining: 10m 28s
[stdout] Rendered 4915/8755, time remaining: 10m 28s
[stdout] Rendered 4916/8755, time remaining: 10m 28s
[stdout] Rendered 4917/8755, time remaining: 10m 28s
[stdout] Rendered 4918/8755, time remaining: 10m 28s
[stdout] Rendered 4919/8755, time remaining: 10m 27s
[stdout] Rendered 4920/8755, time remaining: 10m 27s
[stdout] Rendered 4921/8755, time remaining: 10m 27s
[stdout] Rendered 4922/8755, time remaining: 10m 27s
[stdout] Rendered 4923/8755, time remaining: 10m 27s
[stdout] Rendered 4924/8755, time remaining: 10m 27s
[stdout] Rendered 4925/8755, time remaining: 10m 26s
[stdout] Rendered 4926/8755, time remaining: 10m 26s
[stdout] Rendered 4926/8755, time remaining: 10m 26s
[stdout] Rendered 4927/8755, time remaining: 10m 26s
[stdout] Rendered 4928/8755, time remaining: 10m 26s
[stdout] Rendered 4929/8755, time remaining: 10m 26s
[stdout] Rendered 4930/8755, time remaining: 10m 26s
[stdout] Rendered 4931/8755, time remaining: 10m 26s
[stdout] Rendered 4932/8755, time remaining: 10m 26s
[stdout] Rendered 4933/8755, time remaining: 10m 25s
[stdout] Rendered 4934/8755, time remaining: 10m 25s
[stdout] Rendered 4935/8755, time remaining: 10m 25s
[stdout] Rendered 4936/8755, time remaining: 10m 25s
[stdout] Rendered 4937/8755, time remaining: 10m 25s
[stdout] Rendered 4938/8755, time remaining: 10m 25s
[stdout] Rendered 4939/8755, time remaining: 10m 25s
[stdout] Rendered 4940/8755, time remaining: 10m 24s
[stdout] Rendered 4941/8755, time remaining: 10m 24s
[stdout] Rendered 4942/8755, time remaining: 10m 24s
[stdout] Rendered 4943/8755, time remaining: 10m 24s
[stdout] Rendered 4944/8755, time remaining: 10m 24s
[stdout] Rendered 4944/8755, time remaining: 10m 24s
[stdout] Rendered 4945/8755, time remaining: 10m 24s
[stdout] Rendered 4946/8755, time remaining: 10m 23s
[stdout] Rendered 4947/8755, time remaining: 10m 23s
[stdout] Rendered 4948/8755, time remaining: 10m 23s
[stdout] Rendered 4949/8755, time remaining: 10m 23s
[stdout] Rendered 4950/8755, time remaining: 10m 23s
[stdout] Rendered 4951/8755, time remaining: 10m 23s
[stdout] Rendered 4952/8755, time remaining: 10m 23s
[stdout] Rendered 4953/8755, time remaining: 10m 22s
[stdout] Rendered 4954/8755, time remaining: 10m 22s
[stdout] Rendered 4955/8755, time remaining: 10m 22s
[stdout] Rendered 4956/8755, time remaining: 10m 22s
[stdout] Rendered 4957/8755, time remaining: 10m 22s
[stdout] Rendered 4958/8755, time remaining: 10m 22s
[stdout] Rendered 4959/8755, time remaining: 10m 22s
[stdout] Rendered 4959/8755, time remaining: 10m 22s
[stdout] Rendered 4960/8755, time remaining: 10m 21s
[stdout] Rendered 4961/8755, time remaining: 10m 21s
[stdout] Rendered 4962/8755, time remaining: 10m 21s
[stdout] Rendered 4963/8755, time remaining: 10m 21s
[stdout] Rendered 4964/8755, time remaining: 10m 21s
[stdout] Rendered 4965/8755, time remaining: 10m 21s
[stdout] Rendered 4966/8755, time remaining: 10m 20s
[stdout] Rendered 4967/8755, time remaining: 10m 20s
[stdout] Rendered 4968/8755, time remaining: 10m 20s
[stdout] Rendered 4969/8755, time remaining: 10m 20s
[stdout] Rendered 4970/8755, time remaining: 10m 20s
[stdout] Rendered 4971/8755, time remaining: 10m 20s
[stdout] Rendered 4972/8755, time remaining: 10m 20s
[stdout] Rendered 4973/8755, time remaining: 10m 19s
[stdout] Rendered 4974/8755, time remaining: 10m 19s
[stdout] Rendered 4975/8755, time remaining: 10m 19s
[stdout] Rendered 4976/8755, time remaining: 10m 19s
[stdout] Rendered 4977/8755, time remaining: 10m 19s
[stdout] Rendered 4978/8755, time remaining: 10m 19s
[stdout] Rendered 4978/8755, time remaining: 10m 19s
[stdout] Rendered 4979/8755, time remaining: 10m 18s
[stdout] Rendered 4980/8755, time remaining: 10m 18s
[stdout] Rendered 4981/8755, time remaining: 10m 18s
[stdout] Rendered 4982/8755, time remaining: 10m 18s
[stdout] Rendered 4983/8755, time remaining: 10m 18s
[stdout] Rendered 4984/8755, time remaining: 10m 18s
[stdout] Rendered 4985/8755, time remaining: 10m 18s
[stdout] Rendered 4986/8755, time remaining: 10m 17s
[stdout] Rendered 4987/8755, time remaining: 10m 17s
[stdout] Rendered 4988/8755, time remaining: 10m 17s
[stdout] Rendered 4989/8755, time remaining: 10m 17s
[stdout] Rendered 4990/8755, time remaining: 10m 17s
[stdout] Rendered 4991/8755, time remaining: 10m 17s
[stdout] Rendered 4992/8755, time remaining: 10m 16s
[stdout] Rendered 4993/8755, time remaining: 10m 16s
[stdout] Rendered 4994/8755, time remaining: 10m 16s
[stdout] Rendered 4995/8755, time remaining: 10m 16s
[stdout] Rendered 4995/8755, time remaining: 10m 16s
[stdout] Rendered 4996/8755, time remaining: 10m 16s
[stdout] Rendered 4997/8755, time remaining: 10m 16s
[stdout] Rendered 4998/8755, time remaining: 10m 16s
[stdout] Rendered 4999/8755, time remaining: 10m 15s
[stdout] Rendered 5000/8755, time remaining: 10m 15s
[stdout] Rendered 5001/8755, time remaining: 10m 15s
[stdout] Rendered 5002/8755, time remaining: 10m 15s
[stdout] Rendered 5003/8755, time remaining: 10m 15s
[stdout] Rendered 5004/8755, time remaining: 10m 15s
[stdout] Rendered 5005/8755, time remaining: 10m 14s
[stdout] Rendered 5006/8755, time remaining: 10m 14s
[stdout] Rendered 5007/8755, time remaining: 10m 14s
[stdout] Rendered 5008/8755, time remaining: 10m 14s
[stdout] Rendered 5009/8755, time remaining: 10m 14s
[stdout] Rendered 5010/8755, time remaining: 10m 14s
[stdout] Rendered 5011/8755, time remaining: 10m 14s
[stdout] Rendered 5011/8755, time remaining: 10m 14s
[stdout] Rendered 5012/8755, time remaining: 10m 13s
[stdout] Rendered 5013/8755, time remaining: 10m 13s
[stdout] Rendered 5014/8755, time remaining: 10m 13s
[stdout] Rendered 5015/8755, time remaining: 10m 13s
[stdout] Rendered 5016/8755, time remaining: 10m 13s
[stdout] Rendered 5017/8755, time remaining: 10m 13s
[stdout] Rendered 5018/8755, time remaining: 10m 12s
[stdout] Rendered 5019/8755, time remaining: 10m 12s
[stdout] Rendered 5020/8755, time remaining: 10m 12s
[stdout] Rendered 5021/8755, time remaining: 10m 12s
[stdout] Rendered 5022/8755, time remaining: 10m 12s
[stdout] Rendered 5023/8755, time remaining: 10m 12s
[stdout] Rendered 5024/8755, time remaining: 10m 12s
[stdout] Rendered 5025/8755, time remaining: 10m 11s
[stdout] Rendered 5026/8755, time remaining: 10m 11s
[stdout] Rendered 5027/8755, time remaining: 10m 11s
[stdout] Rendered 5027/8755, time remaining: 10m 11s
[stdout] Rendered 5028/8755, time remaining: 10m 11s
[stdout] Rendered 5029/8755, time remaining: 10m 11s
[stdout] Rendered 5030/8755, time remaining: 10m 11s
[stdout] Rendered 5031/8755, time remaining: 10m 11s
[stdout] Rendered 5032/8755, time remaining: 10m 11s
[stdout] Rendered 5033/8755, time remaining: 10m 10s
[stdout] Rendered 5034/8755, time remaining: 10m 10s
[stdout] Rendered 5035/8755, time remaining: 10m 10s
[stdout] Rendered 5036/8755, time remaining: 10m 10s
[stdout] Rendered 5037/8755, time remaining: 10m 10s
[stdout] Rendered 5038/8755, time remaining: 10m 10s
[stdout] Rendered 5039/8755, time remaining: 10m 10s
[stdout] Rendered 5040/8755, time remaining: 10m 9s
[stdout] Rendered 5041/8755, time remaining: 10m 9s
[stdout] Rendered 5042/8755, time remaining: 10m 9s
[stdout] Rendered 5043/8755, time remaining: 10m 9s
[stdout] Rendered 5043/8755, time remaining: 10m 9s
[stdout] Rendered 5044/8755, time remaining: 10m 9s
[stdout] Rendered 5045/8755, time remaining: 10m 9s
[stdout] Rendered 5046/8755, time remaining: 10m 9s
[stdout] Rendered 5047/8755, time remaining: 10m 8s
[stdout] Rendered 5048/8755, time remaining: 10m 8s
[stdout] Rendered 5049/8755, time remaining: 10m 8s
[stdout] Rendered 5050/8755, time remaining: 10m 8s
[stdout] Rendered 5051/8755, time remaining: 10m 8s
[stdout] Rendered 5052/8755, time remaining: 10m 8s
[stdout] Rendered 5053/8755, time remaining: 10m 8s
[stdout] Rendered 5054/8755, time remaining: 10m 8s
[stdout] Rendered 5055/8755, time remaining: 10m 8s
[stdout] Rendered 5056/8755, time remaining: 10m 7s
[stdout] Rendered 5057/8755, time remaining: 10m 7s
[stdout] Rendered 5057/8755, time remaining: 10m 7s
[stdout] Rendered 5058/8755, time remaining: 10m 7s
[stdout] Rendered 5059/8755, time remaining: 10m 7s
[stdout] Rendered 5060/8755, time remaining: 10m 7s
[stdout] Rendered 5061/8755, time remaining: 10m 7s
[stdout] Rendered 5062/8755, time remaining: 10m 7s
[stdout] Rendered 5063/8755, time remaining: 10m 6s
[stdout] Rendered 5064/8755, time remaining: 10m 6s
[stdout] Rendered 5065/8755, time remaining: 10m 6s
[stdout] Rendered 5066/8755, time remaining: 10m 6s
[stdout] Rendered 5067/8755, time remaining: 10m 6s
[stdout] Rendered 5068/8755, time remaining: 10m 6s
[stdout] Rendered 5068/8755, time remaining: 10m 6s
[stdout] Rendered 5069/8755, time remaining: 10m 6s
[stdout] Rendered 5070/8755, time remaining: 10m 6s
[stdout] Rendered 5071/8755, time remaining: 10m 6s
[stdout] Rendered 5072/8755, time remaining: 10m 6s
[stdout] Rendered 5073/8755, time remaining: 10m 5s
[stdout] Rendered 5074/8755, time remaining: 10m 5s
[stdout] Rendered 5075/8755, time remaining: 10m 5s
[stdout] Rendered 5076/8755, time remaining: 10m 5s
[stdout] Rendered 5077/8755, time remaining: 10m 5s
[stdout] Rendered 5078/8755, time remaining: 10m 5s
[stdout] Rendered 5079/8755, time remaining: 10m 5s
[stdout] Rendered 5080/8755, time remaining: 10m 4s
[stdout] Rendered 5081/8755, time remaining: 10m 4s
[stdout] Rendered 5082/8755, time remaining: 10m 4s
[stdout] Rendered 5083/8755, time remaining: 10m 4s
[stdout] Rendered 5084/8755, time remaining: 10m 4s
[stdout] Rendered 5085/8755, time remaining: 10m 4s
[stdout] Rendered 5085/8755, time remaining: 10m 4s
[stdout] Rendered 5086/8755, time remaining: 10m 3s
[stdout] Rendered 5087/8755, time remaining: 10m 3s
[stdout] Rendered 5088/8755, time remaining: 10m 3s
[stdout] Rendered 5089/8755, time remaining: 10m 3s
[stdout] Rendered 5090/8755, time remaining: 10m 3s
[stdout] Rendered 5091/8755, time remaining: 10m 3s
[stdout] Rendered 5092/8755, time remaining: 10m 3s
[stdout] Rendered 5093/8755, time remaining: 10m 2s
[stdout] Rendered 5094/8755, time remaining: 10m 2s
[stdout] Rendered 5095/8755, time remaining: 10m 2s
[stdout] Rendered 5096/8755, time remaining: 10m 2s
[stdout] Rendered 5097/8755, time remaining: 10m 2s
[stdout] Rendered 5098/8755, time remaining: 10m 2s
[stdout] Rendered 5099/8755, time remaining: 10m 2s
[stdout] Rendered 5100/8755, time remaining: 10m 1s
[stdout] Rendered 5101/8755, time remaining: 10m 1s
[stdout] Rendered 5102/8755, time remaining: 10m 1s
[stdout] Rendered 5103/8755, time remaining: 10m 1s
[stdout] Rendered 5103/8755, time remaining: 10m 1s
[stdout] Rendered 5104/8755, time remaining: 10m 1s
[stdout] Rendered 5105/8755, time remaining: 10m 1s
[stdout] Rendered 5106/8755, time remaining: 10m 0s
[stdout] Rendered 5107/8755, time remaining: 10m 0s
[stdout] Rendered 5108/8755, time remaining: 10m 0s
[stdout] Rendered 5109/8755, time remaining: 10m 0s
[stdout] Rendered 5110/8755, time remaining: 10m 0s
[stdout] Rendered 5111/8755, time remaining: 10m 0s
[stdout] Rendered 5112/8755, time remaining: 10m 0s
[stdout] Rendered 5113/8755, time remaining: 9m 59s
[stdout] Rendered 5114/8755, time remaining: 9m 59s
[stdout] Rendered 5115/8755, time remaining: 9m 59s
[stdout] Rendered 5116/8755, time remaining: 9m 59s
[stdout] Rendered 5117/8755, time remaining: 9m 59s
[stdout] Rendered 5118/8755, time remaining: 9m 59s
[stdout] Rendered 5119/8755, time remaining: 9m 58s
[stdout] Rendered 5119/8755, time remaining: 9m 58s
[stdout] Rendered 5120/8755, time remaining: 9m 58s
[stdout] Rendered 5121/8755, time remaining: 9m 58s
[stdout] Rendered 5122/8755, time remaining: 9m 58s
[stdout] Rendered 5123/8755, time remaining: 9m 58s
[stdout] Rendered 5124/8755, time remaining: 9m 58s
[stdout] Rendered 5125/8755, time remaining: 9m 58s
[stdout] Rendered 5126/8755, time remaining: 9m 57s
[stdout] Rendered 5127/8755, time remaining: 9m 57s
[stdout] Rendered 5128/8755, time remaining: 9m 57s
[stdout] Rendered 5129/8755, time remaining: 9m 57s
[stdout] Rendered 5130/8755, time remaining: 9m 57s
[stdout] Rendered 5131/8755, time remaining: 9m 57s
[stdout] Rendered 5132/8755, time remaining: 9m 57s
[stdout] Rendered 5133/8755, time remaining: 9m 57s
[stdout] Rendered 5134/8755, time remaining: 9m 56s
[stdout] Rendered 5134/8755, time remaining: 9m 56s
[stdout] Rendered 5135/8755, time remaining: 9m 56s
[stdout] Rendered 5136/8755, time remaining: 9m 56s
[stdout] Rendered 5137/8755, time remaining: 9m 56s
[stdout] Rendered 5138/8755, time remaining: 9m 56s
[stdout] Rendered 5139/8755, time remaining: 9m 56s
[stdout] Rendered 5140/8755, time remaining: 9m 55s
[stdout] Rendered 5141/8755, time remaining: 9m 55s
[stdout] Rendered 5142/8755, time remaining: 9m 55s
[stdout] Rendered 5143/8755, time remaining: 9m 55s
[stdout] Rendered 5144/8755, time remaining: 9m 55s
[stdout] Rendered 5145/8755, time remaining: 9m 55s
[stdout] Rendered 5146/8755, time remaining: 9m 54s
[stdout] Rendered 5147/8755, time remaining: 9m 54s
[stdout] Rendered 5148/8755, time remaining: 9m 54s
[stdout] Rendered 5149/8755, time remaining: 9m 54s
[stdout] Rendered 5150/8755, time remaining: 9m 54s
[stdout] Rendered 5151/8755, time remaining: 9m 54s
[stdout] Rendered 5152/8755, time remaining: 9m 54s
[stdout] Rendered 5152/8755, time remaining: 9m 54s
[stdout] Rendered 5153/8755, time remaining: 9m 53s
[stdout] Rendered 5154/8755, time remaining: 9m 53s
[stdout] Rendered 5155/8755, time remaining: 9m 53s
[stdout] Rendered 5156/8755, time remaining: 9m 53s
[stdout] Rendered 5157/8755, time remaining: 9m 53s
[stdout] Rendered 5158/8755, time remaining: 9m 53s
[stdout] Rendered 5159/8755, time remaining: 9m 52s
[stdout] Rendered 5160/8755, time remaining: 9m 52s
[stdout] Rendered 5161/8755, time remaining: 9m 52s
[stdout] Rendered 5162/8755, time remaining: 9m 52s
[stdout] Rendered 5163/8755, time remaining: 9m 52s
[stdout] Rendered 5164/8755, time remaining: 9m 52s
[stdout] Rendered 5165/8755, time remaining: 9m 52s
[stdout] Rendered 5166/8755, time remaining: 9m 51s
[stdout] Rendered 5167/8755, time remaining: 9m 51s
[stdout] Rendered 5168/8755, time remaining: 9m 51s
[stdout] Rendered 5168/8755, time remaining: 9m 51s
[stdout] Rendered 5169/8755, time remaining: 9m 51s
[stdout] Rendered 5170/8755, time remaining: 9m 51s
[stdout] Rendered 5171/8755, time remaining: 9m 51s
[stdout] Rendered 5172/8755, time remaining: 9m 50s
[stdout] Rendered 5173/8755, time remaining: 9m 50s
[stdout] Rendered 5174/8755, time remaining: 9m 50s
[stdout] Rendered 5175/8755, time remaining: 9m 50s
[stdout] Rendered 5176/8755, time remaining: 9m 50s
[stdout] Rendered 5177/8755, time remaining: 9m 50s
[stdout] Rendered 5178/8755, time remaining: 9m 49s
[stdout] Rendered 5179/8755, time remaining: 9m 49s
[stdout] Rendered 5180/8755, time remaining: 9m 49s
[stdout] Rendered 5181/8755, time remaining: 9m 49s
[stdout] Rendered 5182/8755, time remaining: 9m 49s
[stdout] Rendered 5183/8755, time remaining: 9m 49s
[stdout] Rendered 5184/8755, time remaining: 9m 48s
[stdout] Rendered 5185/8755, time remaining: 9m 48s
[stdout] Rendered 5186/8755, time remaining: 9m 48s
[stdout] Rendered 5186/8755, time remaining: 9m 48s
[stdout] Rendered 5187/8755, time remaining: 9m 48s
[stdout] Rendered 5188/8755, time remaining: 9m 48s
[stdout] Rendered 5189/8755, time remaining: 9m 48s
[stdout] Rendered 5190/8755, time remaining: 9m 48s
[stdout] Rendered 5191/8755, time remaining: 9m 47s
[stdout] Rendered 5192/8755, time remaining: 9m 47s
[stdout] Rendered 5193/8755, time remaining: 9m 47s
[stdout] Rendered 5194/8755, time remaining: 9m 47s
[stdout] Rendered 5195/8755, time remaining: 9m 47s
[stdout] Rendered 5196/8755, time remaining: 9m 47s
[stdout] Rendered 5197/8755, time remaining: 9m 46s
[stdout] Rendered 5198/8755, time remaining: 9m 46s
[stdout] Rendered 5199/8755, time remaining: 9m 46s
[stdout] Rendered 5200/8755, time remaining: 9m 46s
[stdout] Rendered 5201/8755, time remaining: 9m 46s
[stdout] Rendered 5202/8755, time remaining: 9m 46s
[stdout] Rendered 5203/8755, time remaining: 9m 45s
[stdout] Rendered 5203/8755, time remaining: 9m 45s
[stdout] Rendered 5204/8755, time remaining: 9m 45s
[stdout] Rendered 5205/8755, time remaining: 9m 45s
[stdout] Rendered 5206/8755, time remaining: 9m 45s
[stdout] Rendered 5207/8755, time remaining: 9m 45s
[stdout] Rendered 5208/8755, time remaining: 9m 45s
[stdout] Rendered 5209/8755, time remaining: 9m 44s
[stdout] Rendered 5210/8755, time remaining: 9m 44s
[stdout] Rendered 5211/8755, time remaining: 9m 44s
[stdout] Rendered 5212/8755, time remaining: 9m 44s
[stdout] Rendered 5213/8755, time remaining: 9m 44s
[stdout] Rendered 5214/8755, time remaining: 9m 44s
[stdout] Rendered 5215/8755, time remaining: 9m 43s
[stdout] Rendered 5216/8755, time remaining: 9m 43s
[stdout] Rendered 5217/8755, time remaining: 9m 43s
[stdout] Rendered 5218/8755, time remaining: 9m 43s
[stdout] Rendered 5219/8755, time remaining: 9m 43s
[stdout] Rendered 5220/8755, time remaining: 9m 43s
[stdout] Rendered 5220/8755, time remaining: 9m 43s
[stdout] Rendered 5221/8755, time remaining: 9m 43s
[stdout] Rendered 5222/8755, time remaining: 9m 42s
[stdout] Rendered 5223/8755, time remaining: 9m 42s
[stdout] Rendered 5224/8755, time remaining: 9m 42s
[stdout] Rendered 5225/8755, time remaining: 9m 42s
[stdout] Rendered 5226/8755, time remaining: 9m 42s
[stdout] Rendered 5227/8755, time remaining: 9m 42s
[stdout] Rendered 5228/8755, time remaining: 9m 42s
[stdout] Rendered 5229/8755, time remaining: 9m 42s
[stdout] Rendered 5230/8755, time remaining: 9m 42s
[stdout] Rendered 5231/8755, time remaining: 9m 41s
[stdout] Rendered 5232/8755, time remaining: 9m 41s
[stdout] Rendered 5233/8755, time remaining: 9m 41s
[stdout] Rendered 5234/8755, time remaining: 9m 41s
[stdout] Rendered 5235/8755, time remaining: 9m 41s
[stdout] Rendered 5235/8755, time remaining: 9m 41s
[stdout] Rendered 5236/8755, time remaining: 9m 41s
[stdout] Rendered 5237/8755, time remaining: 9m 40s
[stdout] Rendered 5238/8755, time remaining: 9m 40s
[stdout] Rendered 5239/8755, time remaining: 9m 40s
[stdout] Rendered 5240/8755, time remaining: 9m 40s
[stdout] Rendered 5241/8755, time remaining: 9m 40s
[stdout] Rendered 5242/8755, time remaining: 9m 40s
[stdout] Rendered 5243/8755, time remaining: 9m 39s
[stdout] Rendered 5244/8755, time remaining: 9m 39s
[stdout] Rendered 5245/8755, time remaining: 9m 39s
[stdout] Rendered 5246/8755, time remaining: 9m 39s
[stdout] Rendered 5247/8755, time remaining: 9m 39s
[stdout] Rendered 5248/8755, time remaining: 9m 39s
[stdout] Rendered 5249/8755, time remaining: 9m 38s
[stdout] Rendered 5250/8755, time remaining: 9m 38s
[stdout] Rendered 5251/8755, time remaining: 9m 38s
[stdout] Rendered 5252/8755, time remaining: 9m 38s
[stdout] Rendered 5253/8755, time remaining: 9m 38s
[stdout] Rendered 5253/8755, time remaining: 9m 38s
[stdout] Rendered 5254/8755, time remaining: 9m 38s
[stdout] Rendered 5255/8755, time remaining: 9m 38s
[stdout] Rendered 5256/8755, time remaining: 9m 37s
[stdout] Rendered 5257/8755, time remaining: 9m 37s
[stdout] Rendered 5258/8755, time remaining: 9m 37s
[stdout] Rendered 5259/8755, time remaining: 9m 37s
[stdout] Rendered 5260/8755, time remaining: 9m 37s
[stdout] Rendered 5261/8755, time remaining: 9m 37s
[stdout] Rendered 5262/8755, time remaining: 9m 37s
[stdout] Rendered 5263/8755, time remaining: 9m 37s
[stdout] Rendered 5264/8755, time remaining: 9m 36s
[stdout] Rendered 5265/8755, time remaining: 9m 36s
[stdout] Rendered 5266/8755, time remaining: 9m 36s
[stdout] Rendered 5266/8755, time remaining: 9m 36s
[stdout] Rendered 5267/8755, time remaining: 9m 36s
[stdout] Rendered 5268/8755, time remaining: 9m 36s
[stdout] Rendered 5269/8755, time remaining: 9m 36s
[stdout] Rendered 5270/8755, time remaining: 9m 36s
[stdout] Rendered 5271/8755, time remaining: 9m 36s
[stdout] Rendered 5272/8755, time remaining: 9m 35s
[stdout] Rendered 5273/8755, time remaining: 9m 35s
[stdout] Rendered 5274/8755, time remaining: 9m 35s
[stdout] Rendered 5275/8755, time remaining: 9m 35s
[stdout] Rendered 5276/8755, time remaining: 9m 35s
[stdout] Rendered 5277/8755, time remaining: 9m 35s
[stdout] Rendered 5278/8755, time remaining: 9m 34s
[stdout] Rendered 5279/8755, time remaining: 9m 34s
[stdout] Rendered 5280/8755, time remaining: 9m 34s
[stdout] Rendered 5281/8755, time remaining: 9m 34s
[stdout] Rendered 5282/8755, time remaining: 9m 34s
[stdout] Rendered 5282/8755, time remaining: 9m 34s
[stdout] Rendered 5283/8755, time remaining: 9m 34s
[stdout] Rendered 5284/8755, time remaining: 9m 34s
[stdout] Rendered 5285/8755, time remaining: 9m 33s
[stdout] Rendered 5286/8755, time remaining: 9m 33s
[stdout] Rendered 5287/8755, time remaining: 9m 33s
[stdout] Rendered 5288/8755, time remaining: 9m 33s
[stdout] Rendered 5289/8755, time remaining: 9m 33s
[stdout] Rendered 5290/8755, time remaining: 9m 33s
[stdout] Rendered 5291/8755, time remaining: 9m 33s
[stdout] Rendered 5292/8755, time remaining: 9m 32s
[stdout] Rendered 5293/8755, time remaining: 9m 32s
[stdout] Rendered 5294/8755, time remaining: 9m 32s
[stdout] Rendered 5295/8755, time remaining: 9m 32s
[stdout] Rendered 5296/8755, time remaining: 9m 32s
[stdout] Rendered 5297/8755, time remaining: 9m 32s
[stdout] Rendered 5298/8755, time remaining: 9m 31s
[stdout] Rendered 5298/8755, time remaining: 9m 31s
[stdout] Rendered 5299/8755, time remaining: 9m 31s
[stdout] Rendered 5300/8755, time remaining: 9m 31s
[stdout] Rendered 5301/8755, time remaining: 9m 31s
[stdout] Rendered 5302/8755, time remaining: 9m 31s
[stdout] Rendered 5303/8755, time remaining: 9m 31s
[stdout] Rendered 5304/8755, time remaining: 9m 30s
[stdout] Rendered 5305/8755, time remaining: 9m 30s
[stdout] Rendered 5306/8755, time remaining: 9m 30s
[stdout] Rendered 5307/8755, time remaining: 9m 30s
[stdout] Rendered 5308/8755, time remaining: 9m 30s
[stdout] Rendered 5309/8755, time remaining: 9m 30s
[stdout] Rendered 5310/8755, time remaining: 9m 29s
[stdout] Rendered 5311/8755, time remaining: 9m 29s
[stdout] Rendered 5312/8755, time remaining: 9m 29s
[stdout] Rendered 5313/8755, time remaining: 9m 29s
[stdout] Rendered 5314/8755, time remaining: 9m 29s
[stdout] Rendered 5315/8755, time remaining: 9m 29s
[stdout] Rendered 5316/8755, time remaining: 9m 28s
[stdout] Rendered 5317/8755, time remaining: 9m 28s
[stdout] Rendered 5317/8755, time remaining: 9m 28s
[stdout] Rendered 5318/8755, time remaining: 9m 28s
[stdout] Rendered 5319/8755, time remaining: 9m 28s
[stdout] Rendered 5320/8755, time remaining: 9m 28s
[stdout] Rendered 5321/8755, time remaining: 9m 28s
[stdout] Rendered 5322/8755, time remaining: 9m 28s
[stdout] Rendered 5323/8755, time remaining: 9m 27s
[stdout] Rendered 5324/8755, time remaining: 9m 27s
[stdout] Rendered 5325/8755, time remaining: 9m 27s
[stdout] Rendered 5326/8755, time remaining: 9m 27s
[stdout] Rendered 5327/8755, time remaining: 9m 27s
[stdout] Rendered 5328/8755, time remaining: 9m 27s
[stdout] Rendered 5329/8755, time remaining: 9m 26s
[stdout] Rendered 5330/8755, time remaining: 9m 26s
[stdout] Rendered 5331/8755, time remaining: 9m 26s
[stdout] Rendered 5332/8755, time remaining: 9m 26s
[stdout] Rendered 5333/8755, time remaining: 9m 26s
[stdout] Rendered 5334/8755, time remaining: 9m 26s
[stdout] Rendered 5334/8755, time remaining: 9m 26s
[stdout] Rendered 5335/8755, time remaining: 9m 25s
[stdout] Rendered 5336/8755, time remaining: 9m 25s
[stdout] Rendered 5337/8755, time remaining: 9m 25s
[stdout] Rendered 5338/8755, time remaining: 9m 25s
[stdout] Rendered 5339/8755, time remaining: 9m 25s
[stdout] Rendered 5340/8755, time remaining: 9m 25s
[stdout] Rendered 5341/8755, time remaining: 9m 25s
[stdout] Rendered 5342/8755, time remaining: 9m 24s
[stdout] Rendered 5343/8755, time remaining: 9m 24s
[stdout] Rendered 5344/8755, time remaining: 9m 24s
[stdout] Rendered 5345/8755, time remaining: 9m 24s
[stdout] Rendered 5346/8755, time remaining: 9m 24s
[stdout] Rendered 5347/8755, time remaining: 9m 24s
[stdout] Rendered 5347/8755, time remaining: 9m 24s
[stdout] Rendered 5348/8755, time remaining: 9m 24s
[stdout] Rendered 5349/8755, time remaining: 9m 23s
[stdout] Rendered 5350/8755, time remaining: 9m 23s
[stdout] Rendered 5351/8755, time remaining: 9m 23s
[stdout] Rendered 5352/8755, time remaining: 9m 23s
[stdout] Rendered 5353/8755, time remaining: 9m 23s
[stdout] Rendered 5354/8755, time remaining: 9m 23s
[stdout] Rendered 5355/8755, time remaining: 9m 23s
[stdout] Rendered 5356/8755, time remaining: 9m 23s
[stdout] Rendered 5357/8755, time remaining: 9m 22s
[stdout] Rendered 5358/8755, time remaining: 9m 22s
[stdout] Rendered 5359/8755, time remaining: 9m 22s
[stdout] Rendered 5360/8755, time remaining: 9m 22s
[stdout] Rendered 5361/8755, time remaining: 9m 22s
[stdout] Rendered 5362/8755, time remaining: 9m 22s
[stdout] Rendered 5363/8755, time remaining: 9m 21s
[stdout] Rendered 5364/8755, time remaining: 9m 21s
[stdout] Rendered 5364/8755, time remaining: 9m 21s
[stdout] Rendered 5365/8755, time remaining: 9m 21s
[stdout] Rendered 5366/8755, time remaining: 9m 21s
[stdout] Rendered 5367/8755, time remaining: 9m 21s
[stdout] Rendered 5368/8755, time remaining: 9m 21s
[stdout] Rendered 5369/8755, time remaining: 9m 20s
[stdout] Rendered 5370/8755, time remaining: 9m 20s
[stdout] Rendered 5371/8755, time remaining: 9m 20s
[stdout] Rendered 5372/8755, time remaining: 9m 20s
[stdout] Rendered 5373/8755, time remaining: 9m 20s
[stdout] Rendered 5374/8755, time remaining: 9m 20s
[stdout] Rendered 5375/8755, time remaining: 9m 20s
[stdout] Rendered 5376/8755, time remaining: 9m 19s
[stdout] Rendered 5377/8755, time remaining: 9m 19s
[stdout] Rendered 5378/8755, time remaining: 9m 19s
[stdout] Rendered 5379/8755, time remaining: 9m 19s
[stdout] Rendered 5380/8755, time remaining: 9m 19s
[stdout] Rendered 5381/8755, time remaining: 9m 19s
[stdout] Rendered 5382/8755, time remaining: 9m 18s
[stdout] Rendered 5383/8755, time remaining: 9m 18s
[stdout] Rendered 5383/8755, time remaining: 9m 18s
[stdout] Rendered 5384/8755, time remaining: 9m 18s
[stdout] Rendered 5385/8755, time remaining: 9m 18s
[stdout] Rendered 5386/8755, time remaining: 9m 18s
[stdout] Rendered 5387/8755, time remaining: 9m 17s
[stdout] Rendered 5388/8755, time remaining: 9m 17s
[stdout] Rendered 5389/8755, time remaining: 9m 17s
[stdout] Rendered 5390/8755, time remaining: 9m 17s
[stdout] Rendered 5391/8755, time remaining: 9m 17s
[stdout] Rendered 5392/8755, time remaining: 9m 17s
[stdout] Rendered 5393/8755, time remaining: 9m 16s
[stdout] Rendered 5394/8755, time remaining: 9m 16s
[stdout] Rendered 5395/8755, time remaining: 9m 16s
[stdout] Rendered 5396/8755, time remaining: 9m 16s
[stdout] Rendered 5397/8755, time remaining: 9m 16s
[stdout] Rendered 5398/8755, time remaining: 9m 16s
[stdout] Rendered 5399/8755, time remaining: 9m 16s
[stdout] Rendered 5400/8755, time remaining: 9m 15s
[stdout] Rendered 5400/8755, time remaining: 9m 15s
[stdout] Rendered 5401/8755, time remaining: 9m 15s
[stdout] Rendered 5402/8755, time remaining: 9m 15s
[stdout] Rendered 5403/8755, time remaining: 9m 15s
[stdout] Rendered 5404/8755, time remaining: 9m 15s
[stdout] Rendered 5405/8755, time remaining: 9m 15s
[stdout] Rendered 5406/8755, time remaining: 9m 14s
[stdout] Rendered 5407/8755, time remaining: 9m 14s
[stdout] Rendered 5408/8755, time remaining: 9m 14s
[stdout] Rendered 5409/8755, time remaining: 9m 14s
[stdout] Rendered 5410/8755, time remaining: 9m 14s
[stdout] Rendered 5411/8755, time remaining: 9m 14s
[stdout] Rendered 5412/8755, time remaining: 9m 13s
[stdout] Rendered 5413/8755, time remaining: 9m 13s
[stdout] Rendered 5414/8755, time remaining: 9m 13s
[stdout] Rendered 5415/8755, time remaining: 9m 13s
[stdout] Rendered 5416/8755, time remaining: 9m 13s
[stdout] Rendered 5417/8755, time remaining: 9m 13s
[stdout] Rendered 5418/8755, time remaining: 9m 12s
[stdout] Rendered 5419/8755, time remaining: 9m 12s
[stdout] Rendered 5419/8755, time remaining: 9m 12s
[stdout] Rendered 5420/8755, time remaining: 9m 12s
[stdout] Rendered 5421/8755, time remaining: 9m 12s
[stdout] Rendered 5422/8755, time remaining: 9m 12s
[stdout] Rendered 5423/8755, time remaining: 9m 12s
[stdout] Rendered 5424/8755, time remaining: 9m 11s
[stdout] Rendered 5425/8755, time remaining: 9m 11s
[stdout] Rendered 5426/8755, time remaining: 9m 11s
[stdout] Rendered 5427/8755, time remaining: 9m 11s
[stdout] Rendered 5428/8755, time remaining: 9m 11s
[stdout] Rendered 5429/8755, time remaining: 9m 11s
[stdout] Rendered 5430/8755, time remaining: 9m 10s
[stdout] Rendered 5431/8755, time remaining: 9m 10s
[stdout] Rendered 5432/8755, time remaining: 9m 10s
[stdout] Rendered 5433/8755, time remaining: 9m 10s
[stdout] Rendered 5434/8755, time remaining: 9m 10s
[stdout] Rendered 5435/8755, time remaining: 9m 10s
[stdout] Rendered 5435/8755, time remaining: 9m 10s
[stdout] Rendered 5436/8755, time remaining: 9m 10s
[stdout] Rendered 5437/8755, time remaining: 9m 9s
[stdout] Rendered 5438/8755, time remaining: 9m 9s
[stdout] Rendered 5439/8755, time remaining: 9m 9s
[stdout] Rendered 5440/8755, time remaining: 9m 9s
[stdout] Rendered 5441/8755, time remaining: 9m 9s
[stdout] Rendered 5442/8755, time remaining: 9m 9s
[stdout] Rendered 5443/8755, time remaining: 9m 8s
[stdout] Rendered 5444/8755, time remaining: 9m 8s
[stdout] Rendered 5445/8755, time remaining: 9m 8s
[stdout] Rendered 5446/8755, time remaining: 9m 8s
[stdout] Rendered 5447/8755, time remaining: 9m 8s
[stdout] Rendered 5448/8755, time remaining: 9m 8s
[stdout] Rendered 5449/8755, time remaining: 9m 7s
[stdout] Rendered 5450/8755, time remaining: 9m 7s
[stdout] Rendered 5451/8755, time remaining: 9m 7s
[stdout] Rendered 5452/8755, time remaining: 9m 7s
[stdout] Rendered 5453/8755, time remaining: 9m 7s
[stdout] Rendered 5454/8755, time remaining: 9m 7s
[stdout] Rendered 5454/8755, time remaining: 9m 7s
[stdout] Rendered 5455/8755, time remaining: 9m 6s
[stdout] Rendered 5456/8755, time remaining: 9m 6s
[stdout] Rendered 5457/8755, time remaining: 9m 6s
[stdout] Rendered 5458/8755, time remaining: 9m 6s
[stdout] Rendered 5459/8755, time remaining: 9m 6s
[stdout] Rendered 5460/8755, time remaining: 9m 6s
[stdout] Rendered 5461/8755, time remaining: 9m 5s
[stdout] Rendered 5462/8755, time remaining: 9m 5s
[stdout] Rendered 5463/8755, time remaining: 9m 5s
[stdout] Rendered 5464/8755, time remaining: 9m 5s
[stdout] Rendered 5465/8755, time remaining: 9m 5s
[stdout] Rendered 5466/8755, time remaining: 9m 5s
[stdout] Rendered 5467/8755, time remaining: 9m 4s
[stdout] Rendered 5468/8755, time remaining: 9m 4s
[stdout] Rendered 5469/8755, time remaining: 9m 4s
[stdout] Rendered 5470/8755, time remaining: 9m 4s
[stdout] Rendered 5471/8755, time remaining: 9m 4s
[stdout] Rendered 5472/8755, time remaining: 9m 4s
[stdout] Rendered 5473/8755, time remaining: 9m 3s
[stdout] Rendered 5473/8755, time remaining: 9m 3s
[stdout] Rendered 5474/8755, time remaining: 9m 3s
[stdout] Rendered 5475/8755, time remaining: 9m 3s
[stdout] Rendered 5476/8755, time remaining: 9m 3s
[stdout] Rendered 5477/8755, time remaining: 9m 3s
[stdout] Rendered 5478/8755, time remaining: 9m 3s
[stdout] Rendered 5479/8755, time remaining: 9m 2s
[stdout] Rendered 5480/8755, time remaining: 9m 2s
[stdout] Rendered 5481/8755, time remaining: 9m 2s
[stdout] Rendered 5482/8755, time remaining: 9m 2s
[stdout] Rendered 5483/8755, time remaining: 9m 2s
[stdout] Rendered 5484/8755, time remaining: 9m 2s
[stdout] Rendered 5485/8755, time remaining: 9m 1s
[stdout] Rendered 5486/8755, time remaining: 9m 1s
[stdout] Rendered 5487/8755, time remaining: 9m 1s
[stdout] Rendered 5488/8755, time remaining: 9m 1s
[stdout] Rendered 5489/8755, time remaining: 9m 1s
[stdout] Rendered 5490/8755, time remaining: 9m 0s
[stdout] Rendered 5491/8755, time remaining: 9m 0s
[stdout] Rendered 5492/8755, time remaining: 9m 0s
[stdout] Rendered 5492/8755, time remaining: 9m 0s
[stdout] Rendered 5493/8755, time remaining: 9m 0s
[stdout] Rendered 5494/8755, time remaining: 9m 0s
[stdout] Rendered 5495/8755, time remaining: 9m 0s
[stdout] Rendered 5496/8755, time remaining: 8m 59s
[stdout] Rendered 5497/8755, time remaining: 8m 59s
[stdout] Rendered 5498/8755, time remaining: 8m 59s
[stdout] Rendered 5499/8755, time remaining: 8m 59s
[stdout] Rendered 5500/8755, time remaining: 8m 59s
[stdout] Rendered 5501/8755, time remaining: 8m 59s
[stdout] Rendered 5502/8755, time remaining: 8m 58s
[stdout] Rendered 5503/8755, time remaining: 8m 58s
[stdout] Rendered 5504/8755, time remaining: 8m 58s
[stdout] Rendered 5505/8755, time remaining: 8m 58s
[stdout] Rendered 5506/8755, time remaining: 8m 58s
[stdout] Rendered 5507/8755, time remaining: 8m 58s
[stdout] Rendered 5508/8755, time remaining: 8m 58s
[stdout] Rendered 5509/8755, time remaining: 8m 57s
[stdout] Rendered 5510/8755, time remaining: 8m 57s
[stdout] Rendered 5511/8755, time remaining: 8m 57s
[stdout] Rendered 5511/8755, time remaining: 8m 57s
[stdout] Rendered 5512/8755, time remaining: 8m 57s
[stdout] Rendered 5513/8755, time remaining: 8m 57s
[stdout] Rendered 5514/8755, time remaining: 8m 57s
[stdout] Rendered 5515/8755, time remaining: 8m 56s
[stdout] Rendered 5516/8755, time remaining: 8m 56s
[stdout] Rendered 5517/8755, time remaining: 8m 56s
[stdout] Rendered 5518/8755, time remaining: 8m 56s
[stdout] Rendered 5519/8755, time remaining: 8m 56s
[stdout] Rendered 5520/8755, time remaining: 8m 56s
[stdout] Rendered 5521/8755, time remaining: 8m 55s
[stdout] Rendered 5522/8755, time remaining: 8m 55s
[stdout] Rendered 5523/8755, time remaining: 8m 55s
[stdout] Rendered 5524/8755, time remaining: 8m 55s
[stdout] Rendered 5525/8755, time remaining: 8m 55s
[stdout] Rendered 5526/8755, time remaining: 8m 55s
[stdout] Rendered 5527/8755, time remaining: 8m 54s
[stdout] Rendered 5528/8755, time remaining: 8m 54s
[stdout] Rendered 5529/8755, time remaining: 8m 54s
[stdout] Rendered 5529/8755, time remaining: 8m 54s
[stdout] Rendered 5530/8755, time remaining: 8m 54s
[stdout] Rendered 5531/8755, time remaining: 8m 54s
[stdout] Rendered 5532/8755, time remaining: 8m 53s
[stdout] Rendered 5533/8755, time remaining: 8m 53s
[stdout] Rendered 5534/8755, time remaining: 8m 53s
[stdout] Rendered 5535/8755, time remaining: 8m 53s
[stdout] Rendered 5536/8755, time remaining: 8m 53s
[stdout] Rendered 5537/8755, time remaining: 8m 53s
[stdout] Rendered 5538/8755, time remaining: 8m 52s
[stdout] Rendered 5539/8755, time remaining: 8m 52s
[stdout] Rendered 5540/8755, time remaining: 8m 52s
[stdout] Rendered 5541/8755, time remaining: 8m 52s
[stdout] Rendered 5542/8755, time remaining: 8m 52s
[stdout] Rendered 5543/8755, time remaining: 8m 52s
[stdout] Rendered 5544/8755, time remaining: 8m 52s
[stdout] Rendered 5545/8755, time remaining: 8m 51s
[stdout] Rendered 5546/8755, time remaining: 8m 51s
[stdout] Rendered 5547/8755, time remaining: 8m 51s
[stdout] Rendered 5547/8755, time remaining: 8m 51s
[stdout] Rendered 5548/8755, time remaining: 8m 51s
[stdout] Rendered 5549/8755, time remaining: 8m 51s
[stdout] Rendered 5550/8755, time remaining: 8m 51s
[stdout] Rendered 5551/8755, time remaining: 8m 50s
[stdout] Rendered 5552/8755, time remaining: 8m 50s
[stdout] Rendered 5553/8755, time remaining: 8m 50s
[stdout] Rendered 5554/8755, time remaining: 8m 50s
[stdout] Rendered 5555/8755, time remaining: 8m 50s
[stdout] Rendered 5556/8755, time remaining: 8m 50s
[stdout] Rendered 5557/8755, time remaining: 8m 50s
[stdout] Rendered 5558/8755, time remaining: 8m 49s
[stdout] Rendered 5559/8755, time remaining: 8m 49s
[stdout] Rendered 5559/8755, time remaining: 8m 49s
[stdout] Rendered 5560/8755, time remaining: 8m 49s
[stdout] Rendered 5561/8755, time remaining: 8m 49s
[stdout] Rendered 5562/8755, time remaining: 8m 49s
[stdout] Rendered 5563/8755, time remaining: 8m 49s
[stdout] Rendered 5564/8755, time remaining: 8m 49s
[stdout] Rendered 5565/8755, time remaining: 8m 49s
[stdout] Rendered 5566/8755, time remaining: 8m 49s
[stdout] Rendered 5567/8755, time remaining: 8m 48s
[stdout] Rendered 5568/8755, time remaining: 8m 48s
[stdout] Rendered 5569/8755, time remaining: 8m 48s
[stdout] Rendered 5570/8755, time remaining: 8m 48s
[stdout] Rendered 5571/8755, time remaining: 8m 48s
[stdout] Rendered 5572/8755, time remaining: 8m 48s
[stdout] Rendered 5572/8755, time remaining: 8m 48s
[stdout] Rendered 5573/8755, time remaining: 8m 48s
[stdout] Rendered 5574/8755, time remaining: 8m 47s
[stdout] Rendered 5575/8755, time remaining: 8m 47s
[stdout] Rendered 5576/8755, time remaining: 8m 47s
[stdout] Rendered 5577/8755, time remaining: 8m 47s
[stdout] Rendered 5578/8755, time remaining: 8m 47s
[stdout] Rendered 5579/8755, time remaining: 8m 47s
[stdout] Rendered 5580/8755, time remaining: 8m 47s
[stdout] Rendered 5581/8755, time remaining: 8m 47s
[stdout] Rendered 5582/8755, time remaining: 8m 47s
[stdout] Rendered 5583/8755, time remaining: 8m 47s
[stdout] Rendered 5583/8755, time remaining: 8m 47s
[stdout] Rendered 5584/8755, time remaining: 8m 47s
[stdout] Rendered 5585/8755, time remaining: 8m 47s
[stdout] Rendered 5586/8755, time remaining: 8m 46s
[stdout] Rendered 5587/8755, time remaining: 8m 46s
[stdout] Rendered 5588/8755, time remaining: 8m 46s
[stdout] Rendered 5589/8755, time remaining: 8m 46s
[stdout] Rendered 5590/8755, time remaining: 8m 46s
[stdout] Rendered 5591/8755, time remaining: 8m 46s
[stdout] Rendered 5592/8755, time remaining: 8m 46s
[stdout] Rendered 5593/8755, time remaining: 8m 46s
[stdout] Rendered 5594/8755, time remaining: 8m 46s
[stdout] Rendered 5595/8755, time remaining: 8m 45s
[stdout] Rendered 5595/8755, time remaining: 8m 45s
[stdout] Rendered 5596/8755, time remaining: 8m 45s
[stdout] Rendered 5597/8755, time remaining: 8m 45s
[stdout] Rendered 5598/8755, time remaining: 8m 45s
[stdout] Rendered 5599/8755, time remaining: 8m 45s
[stdout] Rendered 5600/8755, time remaining: 8m 45s
[stdout] Rendered 5601/8755, time remaining: 8m 44s
[stdout] Rendered 5602/8755, time remaining: 8m 44s
[stdout] Rendered 5603/8755, time remaining: 8m 44s
[stdout] Rendered 5604/8755, time remaining: 8m 44s
[stdout] Rendered 5605/8755, time remaining: 8m 44s
[stdout] Rendered 5606/8755, time remaining: 8m 44s
[stdout] Rendered 5607/8755, time remaining: 8m 44s
[stdout] Rendered 5608/8755, time remaining: 8m 44s
[stdout] Rendered 5608/8755, time remaining: 8m 44s
[stdout] Rendered 5609/8755, time remaining: 8m 43s
[stdout] Rendered 5610/8755, time remaining: 8m 43s
[stdout] Rendered 5611/8755, time remaining: 8m 43s
[stdout] Rendered 5612/8755, time remaining: 8m 43s
[stdout] Rendered 5613/8755, time remaining: 8m 43s
[stdout] Rendered 5614/8755, time remaining: 8m 43s
[stdout] Rendered 5615/8755, time remaining: 8m 43s
[stdout] Rendered 5616/8755, time remaining: 8m 42s
[stdout] Rendered 5617/8755, time remaining: 8m 42s
[stdout] Rendered 5618/8755, time remaining: 8m 42s
[stdout] Rendered 5619/8755, time remaining: 8m 42s
[stdout] Rendered 5620/8755, time remaining: 8m 42s
[stdout] Rendered 5621/8755, time remaining: 8m 42s
[stdout] Rendered 5621/8755, time remaining: 8m 42s
[stdout] Rendered 5622/8755, time remaining: 8m 42s
[stdout] Rendered 5623/8755, time remaining: 8m 42s
[stdout] Rendered 5624/8755, time remaining: 8m 41s
[stdout] Rendered 5625/8755, time remaining: 8m 41s
[stdout] Rendered 5626/8755, time remaining: 8m 41s
[stdout] Rendered 5627/8755, time remaining: 8m 41s
[stdout] Rendered 5628/8755, time remaining: 8m 41s
[stdout] Rendered 5629/8755, time remaining: 8m 41s
[stdout] Rendered 5630/8755, time remaining: 8m 40s
[stdout] Rendered 5631/8755, time remaining: 8m 40s
[stdout] Rendered 5632/8755, time remaining: 8m 40s
[stdout] Rendered 5633/8755, time remaining: 8m 40s
[stdout] Rendered 5634/8755, time remaining: 8m 40s
[stdout] Rendered 5635/8755, time remaining: 8m 40s
[stdout] Rendered 5636/8755, time remaining: 8m 40s
[stdout] Rendered 5637/8755, time remaining: 8m 39s
[stdout] Rendered 5638/8755, time remaining: 8m 39s
[stdout] Rendered 5638/8755, time remaining: 8m 39s
[stdout] Rendered 5639/8755, time remaining: 8m 39s
[stdout] Rendered 5640/8755, time remaining: 8m 39s
[stdout] Rendered 5641/8755, time remaining: 8m 39s
[stdout] Rendered 5642/8755, time remaining: 8m 39s
[stdout] Rendered 5643/8755, time remaining: 8m 39s
[stdout] Rendered 5644/8755, time remaining: 8m 38s
[stdout] Rendered 5645/8755, time remaining: 8m 38s
[stdout] Rendered 5646/8755, time remaining: 8m 38s
[stdout] Rendered 5647/8755, time remaining: 8m 38s
[stdout] Rendered 5648/8755, time remaining: 8m 38s
[stdout] Rendered 5649/8755, time remaining: 8m 38s
[stdout] Rendered 5650/8755, time remaining: 8m 37s
[stdout] Rendered 5651/8755, time remaining: 8m 37s
[stdout] Rendered 5652/8755, time remaining: 8m 37s
[stdout] Rendered 5653/8755, time remaining: 8m 37s
[stdout] Rendered 5654/8755, time remaining: 8m 37s
[stdout] Rendered 5654/8755, time remaining: 8m 37s
[stdout] Rendered 5655/8755, time remaining: 8m 37s
[stdout] Rendered 5656/8755, time remaining: 8m 37s
[stdout] Rendered 5657/8755, time remaining: 8m 37s
[stdout] Rendered 5658/8755, time remaining: 8m 36s
[stdout] Rendered 5659/8755, time remaining: 8m 36s
[stdout] Rendered 5660/8755, time remaining: 8m 36s
[stdout] Rendered 5661/8755, time remaining: 8m 36s
[stdout] Rendered 5662/8755, time remaining: 8m 36s
[stdout] Rendered 5663/8755, time remaining: 8m 36s
[stdout] Rendered 5664/8755, time remaining: 8m 36s
[stdout] Rendered 5665/8755, time remaining: 8m 35s
[stdout] Rendered 5666/8755, time remaining: 8m 35s
[stdout] Rendered 5666/8755, time remaining: 8m 35s
[stdout] Rendered 5667/8755, time remaining: 8m 35s
[stdout] Rendered 5668/8755, time remaining: 8m 35s
[stdout] Rendered 5669/8755, time remaining: 8m 35s
[stdout] Rendered 5670/8755, time remaining: 8m 35s
[stdout] Rendered 5671/8755, time remaining: 8m 35s
[stdout] Rendered 5672/8755, time remaining: 8m 34s
[stdout] Rendered 5673/8755, time remaining: 8m 34s
[stdout] Rendered 5674/8755, time remaining: 8m 34s
[stdout] Rendered 5675/8755, time remaining: 8m 34s
[stdout] Rendered 5676/8755, time remaining: 8m 34s
[stdout] Rendered 5677/8755, time remaining: 8m 34s
[stdout] Rendered 5678/8755, time remaining: 8m 33s
[stdout] Rendered 5679/8755, time remaining: 8m 33s
[stdout] Rendered 5680/8755, time remaining: 8m 33s
[stdout] Rendered 5681/8755, time remaining: 8m 33s
[stdout] Rendered 5682/8755, time remaining: 8m 33s
[stdout] Rendered 5683/8755, time remaining: 8m 33s
[stdout] Rendered 5684/8755, time remaining: 8m 32s
[stdout] Rendered 5684/8755, time remaining: 8m 32s
[stdout] Rendered 5685/8755, time remaining: 8m 32s
[stdout] Rendered 5686/8755, time remaining: 8m 32s
[stdout] Rendered 5687/8755, time remaining: 8m 32s
[stdout] Rendered 5688/8755, time remaining: 8m 32s
[stdout] Rendered 5689/8755, time remaining: 8m 32s
[stdout] Rendered 5690/8755, time remaining: 8m 32s
[stdout] Rendered 5691/8755, time remaining: 8m 31s
[stdout] Rendered 5692/8755, time remaining: 8m 31s
[stdout] Rendered 5693/8755, time remaining: 8m 31s
[stdout] Rendered 5694/8755, time remaining: 8m 31s
[stdout] Rendered 5695/8755, time remaining: 8m 31s
[stdout] Rendered 5696/8755, time remaining: 8m 31s
[stdout] Rendered 5697/8755, time remaining: 8m 31s
[stdout] Rendered 5697/8755, time remaining: 8m 31s
[stdout] Rendered 5698/8755, time remaining: 8m 31s
[stdout] Rendered 5699/8755, time remaining: 8m 30s
[stdout] Rendered 5700/8755, time remaining: 8m 30s
[stdout] Rendered 5701/8755, time remaining: 8m 30s
[stdout] Rendered 5702/8755, time remaining: 8m 30s
[stdout] Rendered 5703/8755, time remaining: 8m 30s
[stdout] Rendered 5704/8755, time remaining: 8m 30s
[stdout] Rendered 5705/8755, time remaining: 8m 30s
[stdout] Rendered 5706/8755, time remaining: 8m 29s
[stdout] Rendered 5707/8755, time remaining: 8m 29s
[stdout] Rendered 5708/8755, time remaining: 8m 29s
[stdout] Rendered 5708/8755, time remaining: 8m 29s
[stdout] Rendered 5709/8755, time remaining: 8m 29s
[stdout] Rendered 5710/8755, time remaining: 8m 29s
[stdout] Rendered 5711/8755, time remaining: 8m 29s
[stdout] Rendered 5712/8755, time remaining: 8m 29s
[stdout] Rendered 5713/8755, time remaining: 8m 29s
[stdout] Rendered 5714/8755, time remaining: 8m 29s
[stdout] Rendered 5715/8755, time remaining: 8m 29s
[stdout] Rendered 5716/8755, time remaining: 8m 28s
[stdout] Rendered 5717/8755, time remaining: 8m 28s
[stdout] Rendered 5718/8755, time remaining: 8m 28s
[stdout] Rendered 5719/8755, time remaining: 8m 28s
[stdout] Rendered 5720/8755, time remaining: 8m 28s
[stdout] Rendered 5721/8755, time remaining: 8m 28s
[stdout] Rendered 5722/8755, time remaining: 8m 28s
[stdout] Rendered 5723/8755, time remaining: 8m 27s
[stdout] Rendered 5723/8755, time remaining: 8m 27s
[stdout] Rendered 5724/8755, time remaining: 8m 27s
[stdout] Rendered 5725/8755, time remaining: 8m 27s
[stdout] Rendered 5726/8755, time remaining: 8m 27s
[stdout] Rendered 5727/8755, time remaining: 8m 27s
[stdout] Rendered 5728/8755, time remaining: 8m 27s
[stdout] Rendered 5729/8755, time remaining: 8m 27s
[stdout] Rendered 5729/8755, time remaining: 8m 27s
[stdout] Rendered 5730/8755, time remaining: 8m 27s
[stdout] Rendered 5731/8755, time remaining: 8m 27s
[stdout] Rendered 5732/8755, time remaining: 8m 27s
[stdout] Rendered 5733/8755, time remaining: 8m 27s
[stdout] Rendered 5734/8755, time remaining: 8m 27s
[stdout] Rendered 5735/8755, time remaining: 8m 27s
[stdout] Rendered 5736/8755, time remaining: 8m 26s
[stdout] Rendered 5737/8755, time remaining: 8m 26s
[stdout] Rendered 5738/8755, time remaining: 8m 26s
[stdout] Rendered 5739/8755, time remaining: 8m 26s
[stdout] Rendered 5740/8755, time remaining: 8m 26s
[stdout] Rendered 5740/8755, time remaining: 8m 26s
[stdout] Rendered 5741/8755, time remaining: 8m 26s
[stdout] Rendered 5742/8755, time remaining: 8m 26s
[stdout] Rendered 5743/8755, time remaining: 8m 26s
[stdout] Rendered 5744/8755, time remaining: 8m 25s
[stdout] Rendered 5745/8755, time remaining: 8m 25s
[stdout] Rendered 5746/8755, time remaining: 8m 25s
[stdout] Rendered 5747/8755, time remaining: 8m 25s
[stdout] Rendered 5748/8755, time remaining: 8m 25s
[stdout] Rendered 5749/8755, time remaining: 8m 25s
[stdout] Rendered 5750/8755, time remaining: 8m 25s
[stdout] Rendered 5751/8755, time remaining: 8m 24s
[stdout] Rendered 5752/8755, time remaining: 8m 24s
[stdout] Rendered 5753/8755, time remaining: 8m 24s
[stdout] Rendered 5754/8755, time remaining: 8m 24s
[stdout] Rendered 5755/8755, time remaining: 8m 24s
[stdout] Rendered 5756/8755, time remaining: 8m 24s
[stdout] Rendered 5756/8755, time remaining: 8m 24s
[stdout] Rendered 5757/8755, time remaining: 8m 23s
[stdout] Rendered 5758/8755, time remaining: 8m 23s
[stdout] Rendered 5759/8755, time remaining: 8m 23s
[stdout] Rendered 5760/8755, time remaining: 8m 23s
[stdout] Rendered 5761/8755, time remaining: 8m 23s
[stdout] Rendered 5762/8755, time remaining: 8m 23s
[stdout] Rendered 5763/8755, time remaining: 8m 23s
[stdout] Rendered 5764/8755, time remaining: 8m 22s
[stdout] Rendered 5765/8755, time remaining: 8m 22s
[stdout] Rendered 5766/8755, time remaining: 8m 22s
[stdout] Rendered 5767/8755, time remaining: 8m 22s
[stdout] Rendered 5768/8755, time remaining: 8m 22s
[stdout] Rendered 5769/8755, time remaining: 8m 22s
[stdout] Rendered 5769/8755, time remaining: 8m 22s
[stdout] Rendered 5770/8755, time remaining: 8m 21s
[stdout] Rendered 5771/8755, time remaining: 8m 21s
[stdout] Rendered 5772/8755, time remaining: 8m 21s
[stdout] Rendered 5773/8755, time remaining: 8m 21s
[stdout] Rendered 5774/8755, time remaining: 8m 21s
[stdout] Rendered 5775/8755, time remaining: 8m 21s
[stdout] Rendered 5776/8755, time remaining: 8m 21s
[stdout] Rendered 5777/8755, time remaining: 8m 20s
[stdout] Rendered 5778/8755, time remaining: 8m 20s
[stdout] Rendered 5779/8755, time remaining: 8m 20s
[stdout] Rendered 5780/8755, time remaining: 8m 20s
[stdout] Rendered 5781/8755, time remaining: 8m 20s
[stdout] Rendered 5782/8755, time remaining: 8m 20s
[stdout] Rendered 5783/8755, time remaining: 8m 19s
[stdout] Rendered 5784/8755, time remaining: 8m 19s
[stdout] Rendered 5785/8755, time remaining: 8m 19s
[stdout] Rendered 5786/8755, time remaining: 8m 19s
[stdout] Rendered 5786/8755, time remaining: 8m 19s
[stdout] Rendered 5787/8755, time remaining: 8m 19s
[stdout] Rendered 5788/8755, time remaining: 8m 19s
[stdout] Rendered 5789/8755, time remaining: 8m 19s
[stdout] Rendered 5790/8755, time remaining: 8m 18s
[stdout] Rendered 5791/8755, time remaining: 8m 18s
[stdout] Rendered 5792/8755, time remaining: 8m 18s
[stdout] Rendered 5793/8755, time remaining: 8m 18s
[stdout] Rendered 5794/8755, time remaining: 8m 18s
[stdout] Rendered 5795/8755, time remaining: 8m 18s
[stdout] Rendered 5796/8755, time remaining: 8m 17s
[stdout] Rendered 5797/8755, time remaining: 8m 17s
[stdout] Rendered 5798/8755, time remaining: 8m 17s
[stdout] Rendered 5799/8755, time remaining: 8m 17s
[stdout] Rendered 5800/8755, time remaining: 8m 17s
[stdout] Rendered 5801/8755, time remaining: 8m 17s
[stdout] Rendered 5802/8755, time remaining: 8m 16s
[stdout] Rendered 5803/8755, time remaining: 8m 16s
[stdout] Rendered 5803/8755, time remaining: 8m 16s
[stdout] Rendered 5804/8755, time remaining: 8m 16s
[stdout] Rendered 5805/8755, time remaining: 8m 16s
[stdout] Rendered 5806/8755, time remaining: 8m 16s
[stdout] Rendered 5807/8755, time remaining: 8m 16s
[stdout] Rendered 5808/8755, time remaining: 8m 15s
[stdout] Rendered 5809/8755, time remaining: 8m 15s
[stdout] Rendered 5810/8755, time remaining: 8m 15s
[stdout] Rendered 5811/8755, time remaining: 8m 15s
[stdout] Rendered 5812/8755, time remaining: 8m 15s
[stdout] Rendered 5813/8755, time remaining: 8m 15s
[stdout] Rendered 5814/8755, time remaining: 8m 15s
[stdout] Rendered 5815/8755, time remaining: 8m 14s
[stdout] Rendered 5816/8755, time remaining: 8m 14s
[stdout] Rendered 5817/8755, time remaining: 8m 14s
[stdout] Rendered 5818/8755, time remaining: 8m 14s
[stdout] Rendered 5819/8755, time remaining: 8m 14s
[stdout] Rendered 5820/8755, time remaining: 8m 14s
[stdout] Rendered 5820/8755, time remaining: 8m 14s
[stdout] Rendered 5821/8755, time remaining: 8m 13s
[stdout] Rendered 5822/8755, time remaining: 8m 13s
[stdout] Rendered 5823/8755, time remaining: 8m 13s
[stdout] Rendered 5824/8755, time remaining: 8m 13s
[stdout] Rendered 5825/8755, time remaining: 8m 13s
[stdout] Rendered 5826/8755, time remaining: 8m 13s
[stdout] Rendered 5827/8755, time remaining: 8m 12s
[stdout] Rendered 5828/8755, time remaining: 8m 12s
[stdout] Rendered 5829/8755, time remaining: 8m 12s
[stdout] Rendered 5830/8755, time remaining: 8m 12s
[stdout] Rendered 5831/8755, time remaining: 8m 12s
[stdout] Rendered 5832/8755, time remaining: 8m 12s
[stdout] Rendered 5833/8755, time remaining: 8m 12s
[stdout] Rendered 5834/8755, time remaining: 8m 11s
[stdout] Rendered 5835/8755, time remaining: 8m 11s
[stdout] Rendered 5835/8755, time remaining: 8m 11s
[stdout] Rendered 5836/8755, time remaining: 8m 11s
[stdout] Rendered 5837/8755, time remaining: 8m 11s
[stdout] Rendered 5838/8755, time remaining: 8m 11s
[stdout] Rendered 5839/8755, time remaining: 8m 11s
[stdout] Rendered 5840/8755, time remaining: 8m 10s
[stdout] Rendered 5841/8755, time remaining: 8m 10s
[stdout] Rendered 5842/8755, time remaining: 8m 10s
[stdout] Rendered 5843/8755, time remaining: 8m 10s
[stdout] Rendered 5844/8755, time remaining: 8m 10s
[stdout] Rendered 5845/8755, time remaining: 8m 10s
[stdout] Rendered 5846/8755, time remaining: 8m 10s
[stdout] Rendered 5846/8755, time remaining: 8m 10s
[stdout] Rendered 5847/8755, time remaining: 8m 10s
[stdout] Rendered 5848/8755, time remaining: 8m 9s
[stdout] Rendered 5849/8755, time remaining: 8m 9s
[stdout] Rendered 5850/8755, time remaining: 8m 9s
[stdout] Rendered 5851/8755, time remaining: 8m 9s
[stdout] Rendered 5852/8755, time remaining: 8m 9s
[stdout] Rendered 5853/8755, time remaining: 8m 9s
[stdout] Rendered 5854/8755, time remaining: 8m 9s
[stdout] Rendered 5855/8755, time remaining: 8m 8s
[stdout] Rendered 5856/8755, time remaining: 8m 8s
[stdout] Rendered 5857/8755, time remaining: 8m 8s
[stdout] Rendered 5858/8755, time remaining: 8m 8s
[stdout] Rendered 5859/8755, time remaining: 8m 8s
[stdout] Rendered 5860/8755, time remaining: 8m 8s
[stdout] Rendered 5861/8755, time remaining: 8m 8s
[stdout] Rendered 5861/8755, time remaining: 8m 8s
[stdout] Rendered 5862/8755, time remaining: 8m 7s
[stdout] Rendered 5863/8755, time remaining: 8m 7s
[stdout] Rendered 5864/8755, time remaining: 8m 7s
[stdout] Rendered 5865/8755, time remaining: 8m 7s
[stdout] Rendered 5866/8755, time remaining: 8m 7s
[stdout] Rendered 5867/8755, time remaining: 8m 7s
[stdout] Rendered 5868/8755, time remaining: 8m 7s
[stdout] Rendered 5869/8755, time remaining: 8m 6s
[stdout] Rendered 5870/8755, time remaining: 8m 6s
[stdout] Rendered 5871/8755, time remaining: 8m 6s
[stdout] Rendered 5872/8755, time remaining: 8m 6s
[stdout] Rendered 5873/8755, time remaining: 8m 6s
[stdout] Rendered 5874/8755, time remaining: 8m 6s
[stdout] Rendered 5875/8755, time remaining: 8m 6s
[stdout] Rendered 5875/8755, time remaining: 8m 6s
[stdout] Rendered 5876/8755, time remaining: 8m 5s
[stdout] Rendered 5877/8755, time remaining: 8m 5s
[stdout] Rendered 5878/8755, time remaining: 8m 5s
[stdout] Rendered 5879/8755, time remaining: 8m 5s
[stdout] Rendered 5880/8755, time remaining: 8m 5s
[stdout] Rendered 5881/8755, time remaining: 8m 5s
[stdout] Rendered 5882/8755, time remaining: 8m 4s
[stdout] Rendered 5883/8755, time remaining: 8m 4s
[stdout] Rendered 5884/8755, time remaining: 8m 4s
[stdout] Rendered 5885/8755, time remaining: 8m 4s
[stdout] Rendered 5886/8755, time remaining: 8m 4s
[stdout] Rendered 5887/8755, time remaining: 8m 4s
[stdout] Rendered 5888/8755, time remaining: 8m 3s
[stdout] Rendered 5889/8755, time remaining: 8m 3s
[stdout] Rendered 5890/8755, time remaining: 8m 3s
[stdout] Rendered 5891/8755, time remaining: 8m 3s
[stdout] Rendered 5892/8755, time remaining: 8m 3s
[stdout] Rendered 5893/8755, time remaining: 8m 3s
[stdout] Rendered 5893/8755, time remaining: 8m 3s
[stdout] Rendered 5894/8755, time remaining: 8m 2s
[stdout] Rendered 5895/8755, time remaining: 8m 2s
[stdout] Rendered 5896/8755, time remaining: 8m 2s
[stdout] Rendered 5897/8755, time remaining: 8m 2s
[stdout] Rendered 5898/8755, time remaining: 8m 2s
[stdout] Rendered 5899/8755, time remaining: 8m 2s
[stdout] Rendered 5900/8755, time remaining: 8m 2s
[stdout] Rendered 5901/8755, time remaining: 8m 1s
[stdout] Rendered 5902/8755, time remaining: 8m 1s
[stdout] Rendered 5903/8755, time remaining: 8m 1s
[stdout] Rendered 5904/8755, time remaining: 8m 1s
[stdout] Rendered 5905/8755, time remaining: 8m 1s
[stdout] Rendered 5906/8755, time remaining: 8m 1s
[stdout] Rendered 5907/8755, time remaining: 8m 0s
[stdout] Rendered 5908/8755, time remaining: 8m 0s
[stdout] Rendered 5909/8755, time remaining: 8m 0s
[stdout] Rendered 5909/8755, time remaining: 8m 0s
[stdout] Rendered 5910/8755, time remaining: 8m 0s
[stdout] Rendered 5911/8755, time remaining: 8m 0s
[stdout] Rendered 5912/8755, time remaining: 8m 0s
[stdout] Rendered 5913/8755, time remaining: 7m 59s
[stdout] Rendered 5914/8755, time remaining: 7m 59s
[stdout] Rendered 5915/8755, time remaining: 7m 59s
[stdout] Rendered 5916/8755, time remaining: 7m 59s
[stdout] Rendered 5917/8755, time remaining: 7m 59s
[stdout] Rendered 5918/8755, time remaining: 7m 59s
[stdout] Rendered 5919/8755, time remaining: 7m 58s
[stdout] Rendered 5920/8755, time remaining: 7m 58s
[stdout] Rendered 5921/8755, time remaining: 7m 58s
[stdout] Rendered 5922/8755, time remaining: 7m 58s
[stdout] Rendered 5923/8755, time remaining: 7m 58s
[stdout] Rendered 5924/8755, time remaining: 7m 58s
[stdout] Rendered 5925/8755, time remaining: 7m 58s
[stdout] Rendered 5925/8755, time remaining: 7m 58s
[stdout] Rendered 5926/8755, time remaining: 7m 57s
[stdout] Rendered 5927/8755, time remaining: 7m 57s
[stdout] Rendered 5928/8755, time remaining: 7m 57s
[stdout] Rendered 5929/8755, time remaining: 7m 57s
[stdout] Rendered 5930/8755, time remaining: 7m 57s
[stdout] Rendered 5931/8755, time remaining: 7m 57s
[stdout] Rendered 5932/8755, time remaining: 7m 56s
[stdout] Rendered 5933/8755, time remaining: 7m 56s
[stdout] Rendered 5934/8755, time remaining: 7m 56s
[stdout] Rendered 5935/8755, time remaining: 7m 56s
[stdout] Rendered 5936/8755, time remaining: 7m 56s
[stdout] Rendered 5937/8755, time remaining: 7m 56s
[stdout] Rendered 5938/8755, time remaining: 7m 55s
[stdout] Rendered 5939/8755, time remaining: 7m 55s
[stdout] Rendered 5940/8755, time remaining: 7m 55s
[stdout] Rendered 5941/8755, time remaining: 7m 55s
[stdout] Rendered 5942/8755, time remaining: 7m 55s
[stdout] Rendered 5942/8755, time remaining: 7m 55s
[stdout] Rendered 5943/8755, time remaining: 7m 55s
[stdout] Rendered 5944/8755, time remaining: 7m 54s
[stdout] Rendered 5945/8755, time remaining: 7m 54s
[stdout] Rendered 5946/8755, time remaining: 7m 54s
[stdout] Rendered 5947/8755, time remaining: 7m 54s
[stdout] Rendered 5948/8755, time remaining: 7m 54s
[stdout] Rendered 5949/8755, time remaining: 7m 54s
[stdout] Rendered 5950/8755, time remaining: 7m 53s
[stdout] Rendered 5951/8755, time remaining: 7m 53s
[stdout] Rendered 5952/8755, time remaining: 7m 53s
[stdout] Rendered 5953/8755, time remaining: 7m 53s
[stdout] Rendered 5954/8755, time remaining: 7m 53s
[stdout] Rendered 5955/8755, time remaining: 7m 53s
[stdout] Rendered 5956/8755, time remaining: 7m 53s
[stdout] Rendered 5957/8755, time remaining: 7m 52s
[stdout] Rendered 5958/8755, time remaining: 7m 52s
[stdout] Rendered 5958/8755, time remaining: 7m 52s
[stdout] Rendered 5959/8755, time remaining: 7m 52s
[stdout] Rendered 5960/8755, time remaining: 7m 52s
[stdout] Rendered 5961/8755, time remaining: 7m 52s
[stdout] Rendered 5962/8755, time remaining: 7m 52s
[stdout] Rendered 5963/8755, time remaining: 7m 51s
[stdout] Rendered 5964/8755, time remaining: 7m 51s
[stdout] Rendered 5965/8755, time remaining: 7m 51s
[stdout] Rendered 5966/8755, time remaining: 7m 51s
[stdout] Rendered 5967/8755, time remaining: 7m 51s
[stdout] Rendered 5968/8755, time remaining: 7m 51s
[stdout] Rendered 5969/8755, time remaining: 7m 50s
[stdout] Rendered 5970/8755, time remaining: 7m 50s
[stdout] Rendered 5971/8755, time remaining: 7m 50s
[stdout] Rendered 5971/8755, time remaining: 7m 50s
[stdout] Rendered 5972/8755, time remaining: 7m 50s
[stdout] Rendered 5973/8755, time remaining: 7m 50s
[stdout] Rendered 5974/8755, time remaining: 7m 50s
[stdout] Rendered 5975/8755, time remaining: 7m 50s
[stdout] Rendered 5976/8755, time remaining: 7m 50s
[stdout] Rendered 5977/8755, time remaining: 7m 49s
[stdout] Rendered 5978/8755, time remaining: 7m 49s
[stdout] Rendered 5979/8755, time remaining: 7m 49s
[stdout] Rendered 5980/8755, time remaining: 7m 49s
[stdout] Rendered 5981/8755, time remaining: 7m 49s
[stdout] Rendered 5982/8755, time remaining: 7m 49s
[stdout] Rendered 5983/8755, time remaining: 7m 48s
[stdout] Rendered 5984/8755, time remaining: 7m 48s
[stdout] Rendered 5985/8755, time remaining: 7m 48s
[stdout] Rendered 5986/8755, time remaining: 7m 48s
[stdout] Rendered 5987/8755, time remaining: 7m 48s
[stdout] Rendered 5987/8755, time remaining: 7m 48s
[stdout] Rendered 5988/8755, time remaining: 7m 48s
[stdout] Rendered 5989/8755, time remaining: 7m 47s
[stdout] Rendered 5990/8755, time remaining: 7m 47s
[stdout] Rendered 5991/8755, time remaining: 7m 47s
[stdout] Rendered 5992/8755, time remaining: 7m 47s
[stdout] Rendered 5993/8755, time remaining: 7m 47s
[stdout] Rendered 5994/8755, time remaining: 7m 47s
[stdout] Rendered 5995/8755, time remaining: 7m 46s
[stdout] Rendered 5996/8755, time remaining: 7m 46s
[stdout] Rendered 5997/8755, time remaining: 7m 46s
[stdout] Rendered 5998/8755, time remaining: 7m 46s
[stdout] Rendered 5999/8755, time remaining: 7m 46s
[stdout] Rendered 6000/8755, time remaining: 7m 46s
[stdout] Rendered 6001/8755, time remaining: 7m 46s
[stdout] Rendered 6002/8755, time remaining: 7m 45s
[stdout] Rendered 6003/8755, time remaining: 7m 45s
[stdout] Rendered 6004/8755, time remaining: 7m 45s
[stdout] Rendered 6004/8755, time remaining: 7m 45s
[stdout] Rendered 6005/8755, time remaining: 7m 45s
[stdout] Rendered 6006/8755, time remaining: 7m 45s
[stdout] Rendered 6007/8755, time remaining: 7m 45s
[stdout] Rendered 6008/8755, time remaining: 7m 44s
[stdout] Rendered 6009/8755, time remaining: 7m 44s
[stdout] Rendered 6010/8755, time remaining: 7m 44s
[stdout] Rendered 6011/8755, time remaining: 7m 44s
[stdout] Rendered 6012/8755, time remaining: 7m 44s
[stdout] Rendered 6013/8755, time remaining: 7m 44s
[stdout] Rendered 6014/8755, time remaining: 7m 43s
[stdout] Rendered 6015/8755, time remaining: 7m 43s
[stdout] Rendered 6016/8755, time remaining: 7m 43s
[stdout] Rendered 6017/8755, time remaining: 7m 43s
[stdout] Rendered 6018/8755, time remaining: 7m 43s
[stdout] Rendered 6019/8755, time remaining: 7m 43s
[stdout] Rendered 6019/8755, time remaining: 7m 43s
[stdout] Rendered 6020/8755, time remaining: 7m 42s
[stdout] Rendered 6021/8755, time remaining: 7m 42s
[stdout] Rendered 6022/8755, time remaining: 7m 42s
[stdout] Rendered 6023/8755, time remaining: 7m 42s
[stdout] Rendered 6024/8755, time remaining: 7m 42s
[stdout] Rendered 6025/8755, time remaining: 7m 42s
[stdout] Rendered 6026/8755, time remaining: 7m 42s
[stdout] Rendered 6027/8755, time remaining: 7m 41s
[stdout] Rendered 6028/8755, time remaining: 7m 41s
[stdout] Rendered 6029/8755, time remaining: 7m 41s
[stdout] Rendered 6030/8755, time remaining: 7m 41s
[stdout] Rendered 6031/8755, time remaining: 7m 41s
[stdout] Rendered 6032/8755, time remaining: 7m 41s
[stdout] Rendered 6033/8755, time remaining: 7m 40s
[stdout] Rendered 6034/8755, time remaining: 7m 40s
[stdout] Rendered 6035/8755, time remaining: 7m 40s
[stdout] Rendered 6036/8755, time remaining: 7m 40s
[stdout] Rendered 6037/8755, time remaining: 7m 40s
[stdout] Rendered 6037/8755, time remaining: 7m 40s
[stdout] Rendered 6038/8755, time remaining: 7m 40s
[stdout] Rendered 6039/8755, time remaining: 7m 39s
[stdout] Rendered 6040/8755, time remaining: 7m 39s
[stdout] Rendered 6041/8755, time remaining: 7m 39s
[stdout] Rendered 6042/8755, time remaining: 7m 39s
[stdout] Rendered 6043/8755, time remaining: 7m 39s
[stdout] Rendered 6044/8755, time remaining: 7m 39s
[stdout] Rendered 6045/8755, time remaining: 7m 39s
[stdout] Rendered 6046/8755, time remaining: 7m 38s
[stdout] Rendered 6047/8755, time remaining: 7m 38s
[stdout] Rendered 6048/8755, time remaining: 7m 38s
[stdout] Rendered 6049/8755, time remaining: 7m 38s
[stdout] Rendered 6050/8755, time remaining: 7m 38s
[stdout] Rendered 6051/8755, time remaining: 7m 38s
[stdout] Rendered 6052/8755, time remaining: 7m 37s
[stdout] Rendered 6052/8755, time remaining: 7m 37s
[stdout] Rendered 6053/8755, time remaining: 7m 37s
[stdout] Rendered 6054/8755, time remaining: 7m 37s
[stdout] Rendered 6055/8755, time remaining: 7m 37s
[stdout] Rendered 6056/8755, time remaining: 7m 37s
[stdout] Rendered 6057/8755, time remaining: 7m 37s
[stdout] Rendered 6058/8755, time remaining: 7m 36s
[stdout] Rendered 6059/8755, time remaining: 7m 36s
[stdout] Rendered 6060/8755, time remaining: 7m 36s
[stdout] Rendered 6061/8755, time remaining: 7m 36s
[stdout] Rendered 6062/8755, time remaining: 7m 36s
[stdout] Rendered 6063/8755, time remaining: 7m 36s
[stdout] Rendered 6064/8755, time remaining: 7m 36s
[stdout] Rendered 6064/8755, time remaining: 7m 36s
[stdout] Rendered 6065/8755, time remaining: 7m 36s
[stdout] Rendered 6066/8755, time remaining: 7m 35s
[stdout] Rendered 6067/8755, time remaining: 7m 35s
[stdout] Rendered 6068/8755, time remaining: 7m 35s
[stdout] Rendered 6069/8755, time remaining: 7m 35s
[stdout] Rendered 6070/8755, time remaining: 7m 35s
[stdout] Rendered 6071/8755, time remaining: 7m 35s
[stdout] Rendered 6072/8755, time remaining: 7m 34s
[stdout] Rendered 6073/8755, time remaining: 7m 34s
[stdout] Rendered 6074/8755, time remaining: 7m 34s
[stdout] Rendered 6075/8755, time remaining: 7m 34s
[stdout] Rendered 6076/8755, time remaining: 7m 34s
[stdout] Rendered 6077/8755, time remaining: 7m 34s
[stdout] Rendered 6077/8755, time remaining: 7m 34s
[stdout] Rendered 6078/8755, time remaining: 7m 34s
[stdout] Rendered 6079/8755, time remaining: 7m 34s
[stdout] Rendered 6080/8755, time remaining: 7m 33s
[stdout] Rendered 6081/8755, time remaining: 7m 33s
[stdout] Rendered 6082/8755, time remaining: 7m 33s
[stdout] Rendered 6083/8755, time remaining: 7m 33s
[stdout] Rendered 6084/8755, time remaining: 7m 33s
[stdout] Rendered 6085/8755, time remaining: 7m 33s
[stdout] Rendered 6086/8755, time remaining: 7m 33s
[stdout] Rendered 6087/8755, time remaining: 7m 32s
[stdout] Rendered 6088/8755, time remaining: 7m 32s
[stdout] Rendered 6089/8755, time remaining: 7m 32s
[stdout] Rendered 6090/8755, time remaining: 7m 32s
[stdout] Rendered 6090/8755, time remaining: 7m 32s
[stdout] Rendered 6091/8755, time remaining: 7m 32s
[stdout] Rendered 6092/8755, time remaining: 7m 32s
[stdout] Rendered 6093/8755, time remaining: 7m 32s
[stdout] Rendered 6094/8755, time remaining: 7m 31s
[stdout] Rendered 6095/8755, time remaining: 7m 31s
[stdout] Rendered 6096/8755, time remaining: 7m 31s
[stdout] Rendered 6097/8755, time remaining: 7m 31s
[stdout] Rendered 6098/8755, time remaining: 7m 31s
[stdout] Rendered 6099/8755, time remaining: 7m 31s
[stdout] Rendered 6100/8755, time remaining: 7m 31s
[stdout] Rendered 6101/8755, time remaining: 7m 30s
[stdout] Rendered 6102/8755, time remaining: 7m 30s
[stdout] Rendered 6103/8755, time remaining: 7m 30s
[stdout] Rendered 6103/8755, time remaining: 7m 30s
[stdout] Rendered 6104/8755, time remaining: 7m 30s
[stdout] Rendered 6105/8755, time remaining: 7m 30s
[stdout] Rendered 6106/8755, time remaining: 7m 30s
[stdout] Rendered 6107/8755, time remaining: 7m 30s
[stdout] Rendered 6108/8755, time remaining: 7m 29s
[stdout] Rendered 6109/8755, time remaining: 7m 29s
[stdout] Rendered 6110/8755, time remaining: 7m 29s
[stdout] Rendered 6111/8755, time remaining: 7m 29s
[stdout] Rendered 6112/8755, time remaining: 7m 29s
[stdout] Rendered 6113/8755, time remaining: 7m 29s
[stdout] Rendered 6114/8755, time remaining: 7m 29s
[stdout] Rendered 6115/8755, time remaining: 7m 28s
[stdout] Rendered 6116/8755, time remaining: 7m 28s
[stdout] Rendered 6117/8755, time remaining: 7m 28s
[stdout] Rendered 6117/8755, time remaining: 7m 28s
[stdout] Rendered 6118/8755, time remaining: 7m 28s
[stdout] Rendered 6119/8755, time remaining: 7m 28s
[stdout] Rendered 6120/8755, time remaining: 7m 28s
[stdout] Rendered 6121/8755, time remaining: 7m 28s
[stdout] Rendered 6122/8755, time remaining: 7m 27s
[stdout] Rendered 6123/8755, time remaining: 7m 27s
[stdout] Rendered 6124/8755, time remaining: 7m 27s
[stdout] Rendered 6125/8755, time remaining: 7m 27s
[stdout] Rendered 6126/8755, time remaining: 7m 27s
[stdout] Rendered 6127/8755, time remaining: 7m 27s
[stdout] Rendered 6128/8755, time remaining: 7m 26s
[stdout] Rendered 6129/8755, time remaining: 7m 26s
[stdout] Rendered 6130/8755, time remaining: 7m 26s
[stdout] Rendered 6131/8755, time remaining: 7m 26s
[stdout] Rendered 6132/8755, time remaining: 7m 26s
[stdout] Rendered 6132/8755, time remaining: 7m 26s
[stdout] Rendered 6133/8755, time remaining: 7m 26s
[stdout] Rendered 6134/8755, time remaining: 7m 25s
[stdout] Rendered 6135/8755, time remaining: 7m 25s
[stdout] Rendered 6136/8755, time remaining: 7m 25s
[stdout] Rendered 6137/8755, time remaining: 7m 25s
[stdout] Rendered 6138/8755, time remaining: 7m 25s
[stdout] Rendered 6139/8755, time remaining: 7m 25s
[stdout] Rendered 6140/8755, time remaining: 7m 25s
[stdout] Rendered 6141/8755, time remaining: 7m 24s
[stdout] Rendered 6142/8755, time remaining: 7m 24s
[stdout] Rendered 6143/8755, time remaining: 7m 24s
[stdout] Rendered 6144/8755, time remaining: 7m 24s
[stdout] Rendered 6145/8755, time remaining: 7m 24s
[stdout] Rendered 6146/8755, time remaining: 7m 24s
[stdout] Rendered 6147/8755, time remaining: 7m 23s
[stdout] Rendered 6148/8755, time remaining: 7m 23s
[stdout] Rendered 6148/8755, time remaining: 7m 23s
[stdout] Rendered 6149/8755, time remaining: 7m 23s
[stdout] Rendered 6150/8755, time remaining: 7m 23s
[stdout] Rendered 6151/8755, time remaining: 7m 23s
[stdout] Rendered 6152/8755, time remaining: 7m 23s
[stdout] Rendered 6153/8755, time remaining: 7m 23s
[stdout] Rendered 6154/8755, time remaining: 7m 22s
[stdout] Rendered 6155/8755, time remaining: 7m 22s
[stdout] Rendered 6156/8755, time remaining: 7m 22s
[stdout] Rendered 6157/8755, time remaining: 7m 22s
[stdout] Rendered 6158/8755, time remaining: 7m 22s
[stdout] Rendered 6158/8755, time remaining: 7m 22s
[stdout] Rendered 6159/8755, time remaining: 7m 22s
[stdout] Rendered 6160/8755, time remaining: 7m 22s
[stdout] Rendered 6161/8755, time remaining: 7m 22s
[stdout] Rendered 6162/8755, time remaining: 7m 21s
[stdout] Rendered 6163/8755, time remaining: 7m 21s
[stdout] Rendered 6164/8755, time remaining: 7m 21s
[stdout] Rendered 6165/8755, time remaining: 7m 21s
[stdout] Rendered 6166/8755, time remaining: 7m 21s
[stdout] Rendered 6167/8755, time remaining: 7m 21s
[stdout] Rendered 6168/8755, time remaining: 7m 21s
[stdout] Rendered 6169/8755, time remaining: 7m 20s
[stdout] Rendered 6170/8755, time remaining: 7m 20s
[stdout] Rendered 6170/8755, time remaining: 7m 20s
[stdout] Rendered 6171/8755, time remaining: 7m 20s
[stdout] Rendered 6172/8755, time remaining: 7m 20s
[stdout] Rendered 6173/8755, time remaining: 7m 20s
[stdout] Rendered 6174/8755, time remaining: 7m 20s
[stdout] Rendered 6175/8755, time remaining: 7m 20s
[stdout] Rendered 6176/8755, time remaining: 7m 19s
[stdout] Rendered 6177/8755, time remaining: 7m 19s
[stdout] Rendered 6178/8755, time remaining: 7m 19s
[stdout] Rendered 6179/8755, time remaining: 7m 19s
[stdout] Rendered 6180/8755, time remaining: 7m 19s
[stdout] Rendered 6181/8755, time remaining: 7m 19s
[stdout] Rendered 6182/8755, time remaining: 7m 18s
[stdout] Rendered 6183/8755, time remaining: 7m 18s
[stdout] Rendered 6184/8755, time remaining: 7m 18s
[stdout] Rendered 6185/8755, time remaining: 7m 18s
[stdout] Rendered 6186/8755, time remaining: 7m 18s
[stdout] Rendered 6187/8755, time remaining: 7m 18s
[stdout] Rendered 6188/8755, time remaining: 7m 17s
[stdout] Rendered 6188/8755, time remaining: 7m 17s
[stdout] Rendered 6189/8755, time remaining: 7m 17s
[stdout] Rendered 6190/8755, time remaining: 7m 17s
[stdout] Rendered 6191/8755, time remaining: 7m 17s
[stdout] Rendered 6192/8755, time remaining: 7m 17s
[stdout] Rendered 6193/8755, time remaining: 7m 17s
[stdout] Rendered 6194/8755, time remaining: 7m 16s
[stdout] Rendered 6195/8755, time remaining: 7m 16s
[stdout] Rendered 6196/8755, time remaining: 7m 16s
[stdout] Rendered 6197/8755, time remaining: 7m 16s
[stdout] Rendered 6198/8755, time remaining: 7m 16s
[stdout] Rendered 6199/8755, time remaining: 7m 16s
[stdout] Rendered 6200/8755, time remaining: 7m 15s
[stdout] Rendered 6201/8755, time remaining: 7m 15s
[stdout] Rendered 6202/8755, time remaining: 7m 15s
[stdout] Rendered 6203/8755, time remaining: 7m 15s
[stdout] Rendered 6203/8755, time remaining: 7m 15s
[stdout] Rendered 6204/8755, time remaining: 7m 15s
[stdout] Rendered 6205/8755, time remaining: 7m 15s
[stdout] Rendered 6206/8755, time remaining: 7m 14s
[stdout] Rendered 6207/8755, time remaining: 7m 14s
[stdout] Rendered 6208/8755, time remaining: 7m 14s
[stdout] Rendered 6209/8755, time remaining: 7m 14s
[stdout] Rendered 6210/8755, time remaining: 7m 14s
[stdout] Rendered 6211/8755, time remaining: 7m 14s
[stdout] Rendered 6212/8755, time remaining: 7m 13s
[stdout] Rendered 6213/8755, time remaining: 7m 13s
[stdout] Rendered 6214/8755, time remaining: 7m 13s
[stdout] Rendered 6215/8755, time remaining: 7m 13s
[stdout] Rendered 6216/8755, time remaining: 7m 13s
[stdout] Rendered 6217/8755, time remaining: 7m 13s
[stdout] Rendered 6218/8755, time remaining: 7m 12s
[stdout] Rendered 6219/8755, time remaining: 7m 12s
[stdout] Rendered 6219/8755, time remaining: 7m 12s
[stdout] Rendered 6220/8755, time remaining: 7m 12s
[stdout] Rendered 6221/8755, time remaining: 7m 12s
[stdout] Rendered 6222/8755, time remaining: 7m 12s
[stdout] Rendered 6223/8755, time remaining: 7m 12s
[stdout] Rendered 6224/8755, time remaining: 7m 12s
[stdout] Rendered 6225/8755, time remaining: 7m 11s
[stdout] Rendered 6226/8755, time remaining: 7m 11s
[stdout] Rendered 6227/8755, time remaining: 7m 11s
[stdout] Rendered 6228/8755, time remaining: 7m 11s
[stdout] Rendered 6229/8755, time remaining: 7m 11s
[stdout] Rendered 6230/8755, time remaining: 7m 11s
[stdout] Rendered 6231/8755, time remaining: 7m 10s
[stdout] Rendered 6232/8755, time remaining: 7m 10s
[stdout] Rendered 6233/8755, time remaining: 7m 10s
[stdout] Rendered 6234/8755, time remaining: 7m 10s
[stdout] Rendered 6235/8755, time remaining: 7m 10s
[stdout] Rendered 6236/8755, time remaining: 7m 10s
[stdout] Rendered 6236/8755, time remaining: 7m 10s
[stdout] Rendered 6237/8755, time remaining: 7m 9s
[stdout] Rendered 6238/8755, time remaining: 7m 9s
[stdout] Rendered 6239/8755, time remaining: 7m 9s
[stdout] Rendered 6240/8755, time remaining: 7m 9s
[stdout] Rendered 6241/8755, time remaining: 7m 9s
[stdout] Rendered 6242/8755, time remaining: 7m 9s
[stdout] Rendered 6243/8755, time remaining: 7m 8s
[stdout] Rendered 6244/8755, time remaining: 7m 8s
[stdout] Rendered 6245/8755, time remaining: 7m 8s
[stdout] Rendered 6246/8755, time remaining: 7m 8s
[stdout] Rendered 6247/8755, time remaining: 7m 8s
[stdout] Rendered 6248/8755, time remaining: 7m 7s
[stdout] Rendered 6249/8755, time remaining: 7m 7s
[stdout] Rendered 6250/8755, time remaining: 7m 7s
[stdout] Rendered 6251/8755, time remaining: 7m 7s
[stdout] Rendered 6252/8755, time remaining: 7m 7s
[stdout] Rendered 6253/8755, time remaining: 7m 7s
[stdout] Rendered 6253/8755, time remaining: 7m 7s
[stdout] Rendered 6254/8755, time remaining: 7m 6s
[stdout] Rendered 6255/8755, time remaining: 7m 6s
[stdout] Rendered 6256/8755, time remaining: 7m 6s
[stdout] Rendered 6257/8755, time remaining: 7m 6s
[stdout] Rendered 6258/8755, time remaining: 7m 6s
[stdout] Rendered 6259/8755, time remaining: 7m 6s
[stdout] Rendered 6260/8755, time remaining: 7m 5s
[stdout] Rendered 6261/8755, time remaining: 7m 5s
[stdout] Rendered 6262/8755, time remaining: 7m 5s
[stdout] Rendered 6263/8755, time remaining: 7m 5s
[stdout] Rendered 6264/8755, time remaining: 7m 5s
[stdout] Rendered 6265/8755, time remaining: 7m 5s
[stdout] Rendered 6266/8755, time remaining: 7m 5s
[stdout] Rendered 6267/8755, time remaining: 7m 4s
[stdout] Rendered 6268/8755, time remaining: 7m 4s
[stdout] Rendered 6269/8755, time remaining: 7m 4s
[stdout] Rendered 6269/8755, time remaining: 7m 4s
[stdout] Rendered 6270/8755, time remaining: 7m 4s
[stdout] Rendered 6271/8755, time remaining: 7m 4s
[stdout] Rendered 6272/8755, time remaining: 7m 4s
[stdout] Rendered 6273/8755, time remaining: 7m 3s
[stdout] Rendered 6274/8755, time remaining: 7m 3s
[stdout] Rendered 6275/8755, time remaining: 7m 3s
[stdout] Rendered 6276/8755, time remaining: 7m 3s
[stdout] Rendered 6277/8755, time remaining: 7m 3s
[stdout] Rendered 6278/8755, time remaining: 7m 3s
[stdout] Rendered 6279/8755, time remaining: 7m 2s
[stdout] Rendered 6280/8755, time remaining: 7m 2s
[stdout] Rendered 6281/8755, time remaining: 7m 2s
[stdout] Rendered 6282/8755, time remaining: 7m 2s
[stdout] Rendered 6283/8755, time remaining: 7m 2s
[stdout] Rendered 6284/8755, time remaining: 7m 2s
[stdout] Rendered 6285/8755, time remaining: 7m 1s
[stdout] Rendered 6286/8755, time remaining: 7m 1s
[stdout] Rendered 6287/8755, time remaining: 7m 1s
[stdout] Rendered 6287/8755, time remaining: 7m 1s
[stdout] Rendered 6288/8755, time remaining: 7m 1s
[stdout] Rendered 6289/8755, time remaining: 7m 1s
[stdout] Rendered 6290/8755, time remaining: 7m 1s
[stdout] Rendered 6291/8755, time remaining: 7m 0s
[stdout] Rendered 6292/8755, time remaining: 7m 0s
[stdout] Rendered 6293/8755, time remaining: 7m 0s
[stdout] Rendered 6294/8755, time remaining: 7m 0s
[stdout] Rendered 6295/8755, time remaining: 7m 0s
[stdout] Rendered 6296/8755, time remaining: 7m 0s
[stdout] Rendered 6297/8755, time remaining: 6m 59s
[stdout] Rendered 6298/8755, time remaining: 6m 59s
[stdout] Rendered 6299/8755, time remaining: 6m 59s
[stdout] Rendered 6300/8755, time remaining: 6m 59s
[stdout] Rendered 6301/8755, time remaining: 6m 59s
[stdout] Rendered 6302/8755, time remaining: 6m 59s
[stdout] Rendered 6303/8755, time remaining: 6m 58s
[stdout] Rendered 6304/8755, time remaining: 6m 58s
[stdout] Rendered 6304/8755, time remaining: 6m 58s
[stdout] Rendered 6305/8755, time remaining: 6m 58s
[stdout] Rendered 6306/8755, time remaining: 6m 58s
[stdout] Rendered 6307/8755, time remaining: 6m 58s
[stdout] Rendered 6308/8755, time remaining: 6m 58s
[stdout] Rendered 6309/8755, time remaining: 6m 57s
[stdout] Rendered 6310/8755, time remaining: 6m 57s
[stdout] Rendered 6311/8755, time remaining: 6m 57s
[stdout] Rendered 6312/8755, time remaining: 6m 57s
[stdout] Rendered 6313/8755, time remaining: 6m 57s
[stdout] Rendered 6314/8755, time remaining: 6m 56s
[stdout] Rendered 6315/8755, time remaining: 6m 56s
[stdout] Rendered 6316/8755, time remaining: 6m 56s
[stdout] Rendered 6317/8755, time remaining: 6m 56s
[stdout] Rendered 6318/8755, time remaining: 6m 56s
[stdout] Rendered 6319/8755, time remaining: 6m 56s
[stdout] Rendered 6320/8755, time remaining: 6m 56s
[stdout] Rendered 6320/8755, time remaining: 6m 56s
[stdout] Rendered 6321/8755, time remaining: 6m 55s
[stdout] Rendered 6322/8755, time remaining: 6m 55s
[stdout] Rendered 6323/8755, time remaining: 6m 55s
[stdout] Rendered 6324/8755, time remaining: 6m 55s
[stdout] Rendered 6325/8755, time remaining: 6m 55s
[stdout] Rendered 6326/8755, time remaining: 6m 55s
[stdout] Rendered 6327/8755, time remaining: 6m 54s
[stdout] Rendered 6328/8755, time remaining: 6m 54s
[stdout] Rendered 6329/8755, time remaining: 6m 54s
[stdout] Rendered 6330/8755, time remaining: 6m 54s
[stdout] Rendered 6331/8755, time remaining: 6m 54s
[stdout] Rendered 6332/8755, time remaining: 6m 54s
[stdout] Rendered 6333/8755, time remaining: 6m 53s
[stdout] Rendered 6334/8755, time remaining: 6m 53s
[stdout] Rendered 6335/8755, time remaining: 6m 53s
[stdout] Rendered 6336/8755, time remaining: 6m 53s
[stdout] Rendered 6336/8755, time remaining: 6m 53s
[stdout] Rendered 6337/8755, time remaining: 6m 53s
[stdout] Rendered 6338/8755, time remaining: 6m 53s
[stdout] Rendered 6339/8755, time remaining: 6m 52s
[stdout] Rendered 6340/8755, time remaining: 6m 52s
[stdout] Rendered 6341/8755, time remaining: 6m 52s
[stdout] Rendered 6342/8755, time remaining: 6m 52s
[stdout] Rendered 6343/8755, time remaining: 6m 52s
[stdout] Rendered 6344/8755, time remaining: 6m 52s
[stdout] Rendered 6345/8755, time remaining: 6m 51s
[stdout] Rendered 6346/8755, time remaining: 6m 51s
[stdout] Rendered 6347/8755, time remaining: 6m 51s
[stdout] Rendered 6348/8755, time remaining: 6m 51s
[stdout] Rendered 6349/8755, time remaining: 6m 51s
[stdout] Rendered 6350/8755, time remaining: 6m 51s
[stdout] Rendered 6351/8755, time remaining: 6m 50s
[stdout] Rendered 6352/8755, time remaining: 6m 50s
[stdout] Rendered 6352/8755, time remaining: 6m 50s
[stdout] Rendered 6353/8755, time remaining: 6m 50s
[stdout] Rendered 6354/8755, time remaining: 6m 50s
[stdout] Rendered 6355/8755, time remaining: 6m 50s
[stdout] Rendered 6356/8755, time remaining: 6m 50s
[stdout] Rendered 6357/8755, time remaining: 6m 49s
[stdout] Rendered 6358/8755, time remaining: 6m 49s
[stdout] Rendered 6359/8755, time remaining: 6m 49s
[stdout] Rendered 6360/8755, time remaining: 6m 49s
[stdout] Rendered 6361/8755, time remaining: 6m 49s
[stdout] Rendered 6362/8755, time remaining: 6m 49s
[stdout] Rendered 6363/8755, time remaining: 6m 49s
[stdout] Rendered 6364/8755, time remaining: 6m 48s
[stdout] Rendered 6364/8755, time remaining: 6m 48s
[stdout] Rendered 6365/8755, time remaining: 6m 48s
[stdout] Rendered 6366/8755, time remaining: 6m 48s
[stdout] Rendered 6367/8755, time remaining: 6m 48s
[stdout] Rendered 6368/8755, time remaining: 6m 48s
[stdout] Rendered 6369/8755, time remaining: 6m 48s
[stdout] Rendered 6370/8755, time remaining: 6m 48s
[stdout] Rendered 6371/8755, time remaining: 6m 47s
[stdout] Rendered 6372/8755, time remaining: 6m 47s
[stdout] Rendered 6373/8755, time remaining: 6m 47s
[stdout] Rendered 6374/8755, time remaining: 6m 47s
[stdout] Rendered 6375/8755, time remaining: 6m 47s
[stdout] Rendered 6376/8755, time remaining: 6m 46s
[stdout] Rendered 6377/8755, time remaining: 6m 46s
[stdout] Rendered 6378/8755, time remaining: 6m 46s
[stdout] Rendered 6379/8755, time remaining: 6m 46s
[stdout] Rendered 6380/8755, time remaining: 6m 46s
[stdout] Rendered 6381/8755, time remaining: 6m 46s
[stdout] Rendered 6382/8755, time remaining: 6m 46s
[stdout] Rendered 6382/8755, time remaining: 6m 46s
[stdout] Rendered 6383/8755, time remaining: 6m 45s
[stdout] Rendered 6384/8755, time remaining: 6m 45s
[stdout] Rendered 6385/8755, time remaining: 6m 45s
[stdout] Rendered 6386/8755, time remaining: 6m 45s
[stdout] Rendered 6387/8755, time remaining: 6m 45s
[stdout] Rendered 6388/8755, time remaining: 6m 44s
[stdout] Rendered 6389/8755, time remaining: 6m 44s
[stdout] Rendered 6390/8755, time remaining: 6m 44s
[stdout] Rendered 6391/8755, time remaining: 6m 44s
[stdout] Rendered 6392/8755, time remaining: 6m 44s
[stdout] Rendered 6393/8755, time remaining: 6m 44s
[stdout] Rendered 6394/8755, time remaining: 6m 44s
[stdout] Rendered 6395/8755, time remaining: 6m 43s
[stdout] Rendered 6396/8755, time remaining: 6m 43s
[stdout] Rendered 6397/8755, time remaining: 6m 43s
[stdout] Rendered 6398/8755, time remaining: 6m 43s
[stdout] Rendered 6398/8755, time remaining: 6m 43s
[stdout] Rendered 6399/8755, time remaining: 6m 43s
[stdout] Rendered 6400/8755, time remaining: 6m 42s
[stdout] Rendered 6401/8755, time remaining: 6m 42s
[stdout] Rendered 6402/8755, time remaining: 6m 42s
[stdout] Rendered 6403/8755, time remaining: 6m 42s
[stdout] Rendered 6404/8755, time remaining: 6m 42s
[stdout] Rendered 6405/8755, time remaining: 6m 42s
[stdout] Rendered 6406/8755, time remaining: 6m 41s
[stdout] Rendered 6407/8755, time remaining: 6m 41s
[stdout] Rendered 6408/8755, time remaining: 6m 41s
[stdout] Rendered 6409/8755, time remaining: 6m 41s
[stdout] Rendered 6410/8755, time remaining: 6m 41s
[stdout] Rendered 6411/8755, time remaining: 6m 41s
[stdout] Rendered 6412/8755, time remaining: 6m 40s
[stdout] Rendered 6413/8755, time remaining: 6m 40s
[stdout] Rendered 6414/8755, time remaining: 6m 40s
[stdout] Rendered 6415/8755, time remaining: 6m 40s
[stdout] Rendered 6416/8755, time remaining: 6m 40s
[stdout] Rendered 6416/8755, time remaining: 6m 40s
[stdout] Rendered 6417/8755, time remaining: 6m 40s
[stdout] Rendered 6418/8755, time remaining: 6m 39s
[stdout] Rendered 6419/8755, time remaining: 6m 39s
[stdout] Rendered 6420/8755, time remaining: 6m 39s
[stdout] Rendered 6421/8755, time remaining: 6m 39s
[stdout] Rendered 6422/8755, time remaining: 6m 39s
[stdout] Rendered 6423/8755, time remaining: 6m 39s
[stdout] Rendered 6424/8755, time remaining: 6m 38s
[stdout] Rendered 6425/8755, time remaining: 6m 38s
[stdout] Rendered 6426/8755, time remaining: 6m 38s
[stdout] Rendered 6427/8755, time remaining: 6m 38s
[stdout] Rendered 6428/8755, time remaining: 6m 38s
[stdout] Rendered 6429/8755, time remaining: 6m 38s
[stdout] Rendered 6430/8755, time remaining: 6m 37s
[stdout] Rendered 6431/8755, time remaining: 6m 37s
[stdout] Rendered 6432/8755, time remaining: 6m 37s
[stdout] Rendered 6432/8755, time remaining: 6m 37s
[stdout] Rendered 6433/8755, time remaining: 6m 37s
[stdout] Rendered 6434/8755, time remaining: 6m 37s
[stdout] Rendered 6435/8755, time remaining: 6m 37s
[stdout] Rendered 6436/8755, time remaining: 6m 36s
[stdout] Rendered 6437/8755, time remaining: 6m 36s
[stdout] Rendered 6438/8755, time remaining: 6m 36s
[stdout] Rendered 6439/8755, time remaining: 6m 36s
[stdout] Rendered 6440/8755, time remaining: 6m 36s
[stdout] Rendered 6441/8755, time remaining: 6m 36s
[stdout] Rendered 6442/8755, time remaining: 6m 35s
[stdout] Rendered 6443/8755, time remaining: 6m 35s
[stdout] Rendered 6444/8755, time remaining: 6m 35s
[stdout] Rendered 6445/8755, time remaining: 6m 35s
[stdout] Rendered 6446/8755, time remaining: 6m 35s
[stdout] Rendered 6447/8755, time remaining: 6m 35s
[stdout] Rendered 6448/8755, time remaining: 6m 34s
[stdout] Rendered 6449/8755, time remaining: 6m 34s
[stdout] Rendered 6449/8755, time remaining: 6m 34s
[stdout] Rendered 6450/8755, time remaining: 6m 34s
[stdout] Rendered 6451/8755, time remaining: 6m 34s
[stdout] Rendered 6452/8755, time remaining: 6m 34s
[stdout] Rendered 6453/8755, time remaining: 6m 34s
[stdout] Rendered 6454/8755, time remaining: 6m 33s
[stdout] Rendered 6455/8755, time remaining: 6m 33s
[stdout] Rendered 6456/8755, time remaining: 6m 33s
[stdout] Rendered 6457/8755, time remaining: 6m 33s
[stdout] Rendered 6458/8755, time remaining: 6m 33s
[stdout] Rendered 6459/8755, time remaining: 6m 33s
[stdout] Rendered 6460/8755, time remaining: 6m 32s
[stdout] Rendered 6461/8755, time remaining: 6m 32s
[stdout] Rendered 6462/8755, time remaining: 6m 32s
[stdout] Rendered 6463/8755, time remaining: 6m 32s
[stdout] Rendered 6464/8755, time remaining: 6m 32s
[stdout] Rendered 6465/8755, time remaining: 6m 32s
[stdout] Rendered 6466/8755, time remaining: 6m 31s
[stdout] Rendered 6467/8755, time remaining: 6m 31s
[stdout] Rendered 6467/8755, time remaining: 6m 31s
[stdout] Rendered 6468/8755, time remaining: 6m 31s
[stdout] Rendered 6469/8755, time remaining: 6m 31s
[stdout] Rendered 6470/8755, time remaining: 6m 31s
[stdout] Rendered 6471/8755, time remaining: 6m 31s
[stdout] Rendered 6472/8755, time remaining: 6m 30s
[stdout] Rendered 6473/8755, time remaining: 6m 30s
[stdout] Rendered 6474/8755, time remaining: 6m 30s
[stdout] Rendered 6475/8755, time remaining: 6m 30s
[stdout] Rendered 6476/8755, time remaining: 6m 30s
[stdout] Rendered 6477/8755, time remaining: 6m 30s
[stdout] Rendered 6478/8755, time remaining: 6m 29s
[stdout] Rendered 6479/8755, time remaining: 6m 29s
[stdout] Rendered 6480/8755, time remaining: 6m 29s
[stdout] Rendered 6481/8755, time remaining: 6m 29s
[stdout] Rendered 6482/8755, time remaining: 6m 29s
[stdout] Rendered 6483/8755, time remaining: 6m 29s
[stdout] Rendered 6483/8755, time remaining: 6m 29s
[stdout] Rendered 6484/8755, time remaining: 6m 28s
[stdout] Rendered 6485/8755, time remaining: 6m 28s
[stdout] Rendered 6486/8755, time remaining: 6m 28s
[stdout] Rendered 6487/8755, time remaining: 6m 28s
[stdout] Rendered 6488/8755, time remaining: 6m 28s
[stdout] Rendered 6489/8755, time remaining: 6m 28s
[stdout] Rendered 6490/8755, time remaining: 6m 27s
[stdout] Rendered 6491/8755, time remaining: 6m 27s
[stdout] Rendered 6492/8755, time remaining: 6m 27s
[stdout] Rendered 6493/8755, time remaining: 6m 27s
[stdout] Rendered 6494/8755, time remaining: 6m 27s
[stdout] Rendered 6495/8755, time remaining: 6m 27s
[stdout] Rendered 6496/8755, time remaining: 6m 26s
[stdout] Rendered 6497/8755, time remaining: 6m 26s
[stdout] Rendered 6498/8755, time remaining: 6m 26s
[stdout] Rendered 6499/8755, time remaining: 6m 26s
[stdout] Rendered 6500/8755, time remaining: 6m 26s
[stdout] Rendered 6500/8755, time remaining: 6m 26s
[stdout] Rendered 6501/8755, time remaining: 6m 26s
[stdout] Rendered 6502/8755, time remaining: 6m 25s
[stdout] Rendered 6503/8755, time remaining: 6m 25s
[stdout] Rendered 6504/8755, time remaining: 6m 25s
[stdout] Rendered 6505/8755, time remaining: 6m 25s
[stdout] Rendered 6506/8755, time remaining: 6m 25s
[stdout] Rendered 6507/8755, time remaining: 6m 25s
[stdout] Rendered 6508/8755, time remaining: 6m 24s
[stdout] Rendered 6509/8755, time remaining: 6m 24s
[stdout] Rendered 6510/8755, time remaining: 6m 24s
[stdout] Rendered 6511/8755, time remaining: 6m 24s
[stdout] Rendered 6512/8755, time remaining: 6m 24s
[stdout] Rendered 6513/8755, time remaining: 6m 24s
[stdout] Rendered 6514/8755, time remaining: 6m 23s
[stdout] Rendered 6515/8755, time remaining: 6m 23s
[stdout] Rendered 6515/8755, time remaining: 6m 23s
[stdout] Rendered 6516/8755, time remaining: 6m 23s
[stdout] Rendered 6517/8755, time remaining: 6m 23s
[stdout] Rendered 6518/8755, time remaining: 6m 23s
[stdout] Rendered 6519/8755, time remaining: 6m 23s
[stdout] Rendered 6520/8755, time remaining: 6m 22s
[stdout] Rendered 6521/8755, time remaining: 6m 22s
[stdout] Rendered 6522/8755, time remaining: 6m 22s
[stdout] Rendered 6523/8755, time remaining: 6m 22s
[stdout] Rendered 6524/8755, time remaining: 6m 22s
[stdout] Rendered 6525/8755, time remaining: 6m 22s
[stdout] Rendered 6526/8755, time remaining: 6m 21s
[stdout] Rendered 6527/8755, time remaining: 6m 21s
[stdout] Rendered 6528/8755, time remaining: 6m 21s
[stdout] Rendered 6529/8755, time remaining: 6m 21s
[stdout] Rendered 6530/8755, time remaining: 6m 21s
[stdout] Rendered 6531/8755, time remaining: 6m 21s
[stdout] Rendered 6531/8755, time remaining: 6m 21s
[stdout] Rendered 6532/8755, time remaining: 6m 20s
[stdout] Rendered 6533/8755, time remaining: 6m 20s
[stdout] Rendered 6534/8755, time remaining: 6m 20s
[stdout] Rendered 6535/8755, time remaining: 6m 20s
[stdout] Rendered 6536/8755, time remaining: 6m 20s
[stdout] Rendered 6537/8755, time remaining: 6m 20s
[stdout] Rendered 6538/8755, time remaining: 6m 19s
[stdout] Rendered 6539/8755, time remaining: 6m 19s
[stdout] Rendered 6540/8755, time remaining: 6m 19s
[stdout] Rendered 6541/8755, time remaining: 6m 19s
[stdout] Rendered 6542/8755, time remaining: 6m 19s
[stdout] Rendered 6543/8755, time remaining: 6m 19s
[stdout] Rendered 6544/8755, time remaining: 6m 18s
[stdout] Rendered 6545/8755, time remaining: 6m 18s
[stdout] Rendered 6546/8755, time remaining: 6m 18s
[stdout] Rendered 6547/8755, time remaining: 6m 18s
[stdout] Rendered 6548/8755, time remaining: 6m 18s
[stdout] Rendered 6549/8755, time remaining: 6m 18s
[stdout] Rendered 6549/8755, time remaining: 6m 18s
[stdout] Rendered 6550/8755, time remaining: 6m 17s
[stdout] Rendered 6551/8755, time remaining: 6m 17s
[stdout] Rendered 6552/8755, time remaining: 6m 17s
[stdout] Rendered 6553/8755, time remaining: 6m 17s
[stdout] Rendered 6554/8755, time remaining: 6m 17s
[stdout] Rendered 6555/8755, time remaining: 6m 17s
[stdout] Rendered 6556/8755, time remaining: 6m 16s
[stdout] Rendered 6557/8755, time remaining: 6m 16s
[stdout] Rendered 6558/8755, time remaining: 6m 16s
[stdout] Rendered 6559/8755, time remaining: 6m 16s
[stdout] Rendered 6560/8755, time remaining: 6m 16s
[stdout] Rendered 6561/8755, time remaining: 6m 15s
[stdout] Rendered 6562/8755, time remaining: 6m 15s
[stdout] Rendered 6563/8755, time remaining: 6m 15s
[stdout] Rendered 6564/8755, time remaining: 6m 15s
[stdout] Rendered 6565/8755, time remaining: 6m 15s
[stdout] Rendered 6565/8755, time remaining: 6m 15s
[stdout] Rendered 6566/8755, time remaining: 6m 15s
[stdout] Rendered 6567/8755, time remaining: 6m 14s
[stdout] Rendered 6568/8755, time remaining: 6m 14s
[stdout] Rendered 6569/8755, time remaining: 6m 14s
[stdout] Rendered 6570/8755, time remaining: 6m 14s
[stdout] Rendered 6571/8755, time remaining: 6m 14s
[stdout] Rendered 6572/8755, time remaining: 6m 14s
[stdout] Rendered 6573/8755, time remaining: 6m 13s
[stdout] Rendered 6574/8755, time remaining: 6m 13s
[stdout] Rendered 6575/8755, time remaining: 6m 13s
[stdout] Rendered 6576/8755, time remaining: 6m 13s
[stdout] Rendered 6577/8755, time remaining: 6m 13s
[stdout] Rendered 6578/8755, time remaining: 6m 13s
[stdout] Rendered 6579/8755, time remaining: 6m 12s
[stdout] Rendered 6580/8755, time remaining: 6m 12s
[stdout] Rendered 6581/8755, time remaining: 6m 12s
[stdout] Rendered 6582/8755, time remaining: 6m 12s
[stdout] Rendered 6582/8755, time remaining: 6m 12s
[stdout] Rendered 6583/8755, time remaining: 6m 12s
[stdout] Rendered 6584/8755, time remaining: 6m 12s
[stdout] Rendered 6585/8755, time remaining: 6m 12s
[stdout] Rendered 6586/8755, time remaining: 6m 11s
[stdout] Rendered 6587/8755, time remaining: 6m 11s
[stdout] Rendered 6588/8755, time remaining: 6m 11s
[stdout] Rendered 6589/8755, time remaining: 6m 11s
[stdout] Rendered 6590/8755, time remaining: 6m 11s
[stdout] Rendered 6591/8755, time remaining: 6m 11s
[stdout] Rendered 6592/8755, time remaining: 6m 11s
[stdout] Rendered 6593/8755, time remaining: 6m 10s
[stdout] Rendered 6594/8755, time remaining: 6m 10s
[stdout] Rendered 6595/8755, time remaining: 6m 10s
[stdout] Rendered 6596/8755, time remaining: 6m 10s
[stdout] Rendered 6596/8755, time remaining: 6m 10s
[stdout] Rendered 6597/8755, time remaining: 6m 10s
[stdout] Rendered 6598/8755, time remaining: 6m 10s
[stdout] Rendered 6599/8755, time remaining: 6m 9s
[stdout] Rendered 6600/8755, time remaining: 6m 9s
[stdout] Rendered 6601/8755, time remaining: 6m 9s
[stdout] Rendered 6602/8755, time remaining: 6m 9s
[stdout] Rendered 6603/8755, time remaining: 6m 9s
[stdout] Rendered 6604/8755, time remaining: 6m 9s
[stdout] Rendered 6605/8755, time remaining: 6m 8s
[stdout] Rendered 6606/8755, time remaining: 6m 8s
[stdout] Rendered 6607/8755, time remaining: 6m 8s
[stdout] Rendered 6608/8755, time remaining: 6m 8s
[stdout] Rendered 6609/8755, time remaining: 6m 8s
[stdout] Rendered 6610/8755, time remaining: 6m 8s
[stdout] Rendered 6611/8755, time remaining: 6m 7s
[stdout] Rendered 6611/8755, time remaining: 6m 7s
[stdout] Rendered 6612/8755, time remaining: 6m 7s
[stdout] Rendered 6613/8755, time remaining: 6m 7s
[stdout] Rendered 6614/8755, time remaining: 6m 7s
[stdout] Rendered 6615/8755, time remaining: 6m 7s
[stdout] Rendered 6616/8755, time remaining: 6m 7s
[stdout] Rendered 6617/8755, time remaining: 6m 6s
[stdout] Rendered 6618/8755, time remaining: 6m 6s
[stdout] Rendered 6619/8755, time remaining: 6m 6s
[stdout] Rendered 6620/8755, time remaining: 6m 6s
[stdout] Rendered 6621/8755, time remaining: 6m 6s
[stdout] Rendered 6622/8755, time remaining: 6m 6s
[stdout] Rendered 6623/8755, time remaining: 6m 5s
[stdout] Rendered 6624/8755, time remaining: 6m 5s
[stdout] Rendered 6625/8755, time remaining: 6m 5s
[stdout] Rendered 6626/8755, time remaining: 6m 5s
[stdout] Rendered 6627/8755, time remaining: 6m 5s
[stdout] Rendered 6627/8755, time remaining: 6m 5s
[stdout] Rendered 6628/8755, time remaining: 6m 5s
[stdout] Rendered 6629/8755, time remaining: 6m 4s
[stdout] Rendered 6630/8755, time remaining: 6m 4s
[stdout] Rendered 6631/8755, time remaining: 6m 4s
[stdout] Rendered 6632/8755, time remaining: 6m 4s
[stdout] Rendered 6633/8755, time remaining: 6m 4s
[stdout] Rendered 6634/8755, time remaining: 6m 4s
[stdout] Rendered 6635/8755, time remaining: 6m 3s
[stdout] Rendered 6636/8755, time remaining: 6m 3s
[stdout] Rendered 6637/8755, time remaining: 6m 3s
[stdout] Rendered 6638/8755, time remaining: 6m 3s
[stdout] Rendered 6639/8755, time remaining: 6m 3s
[stdout] Rendered 6640/8755, time remaining: 6m 3s
[stdout] Rendered 6641/8755, time remaining: 6m 2s
[stdout] Rendered 6641/8755, time remaining: 6m 2s
[stdout] Rendered 6642/8755, time remaining: 6m 2s
[stdout] Rendered 6643/8755, time remaining: 6m 2s
[stdout] Rendered 6644/8755, time remaining: 6m 2s
[stdout] Rendered 6645/8755, time remaining: 6m 2s
[stdout] Rendered 6646/8755, time remaining: 6m 2s
[stdout] Rendered 6647/8755, time remaining: 6m 2s
[stdout] Rendered 6648/8755, time remaining: 6m 1s
[stdout] Rendered 6649/8755, time remaining: 6m 1s
[stdout] Rendered 6650/8755, time remaining: 6m 1s
[stdout] Rendered 6651/8755, time remaining: 6m 1s
[stdout] Rendered 6652/8755, time remaining: 6m 1s
[stdout] Rendered 6653/8755, time remaining: 6m 1s
[stdout] Rendered 6654/8755, time remaining: 6m 0s
[stdout] Rendered 6655/8755, time remaining: 6m 0s
[stdout] Rendered 6656/8755, time remaining: 6m 0s
[stdout] Rendered 6656/8755, time remaining: 6m 0s
[stdout] Rendered 6657/8755, time remaining: 6m 0s
[stdout] Rendered 6658/8755, time remaining: 6m 0s
[stdout] Rendered 6659/8755, time remaining: 6m 0s
[stdout] Rendered 6660/8755, time remaining: 5m 59s
[stdout] Rendered 6661/8755, time remaining: 5m 59s
[stdout] Rendered 6662/8755, time remaining: 5m 59s
[stdout] Rendered 6663/8755, time remaining: 5m 59s
[stdout] Rendered 6664/8755, time remaining: 5m 59s
[stdout] Rendered 6665/8755, time remaining: 5m 59s
[stdout] Rendered 6666/8755, time remaining: 5m 58s
[stdout] Rendered 6667/8755, time remaining: 5m 58s
[stdout] Rendered 6668/8755, time remaining: 5m 58s
[stdout] Rendered 6669/8755, time remaining: 5m 58s
[stdout] Rendered 6670/8755, time remaining: 5m 58s
[stdout] Rendered 6671/8755, time remaining: 5m 58s
[stdout] Rendered 6672/8755, time remaining: 5m 57s
[stdout] Rendered 6673/8755, time remaining: 5m 57s
[stdout] Rendered 6673/8755, time remaining: 5m 57s
[stdout] Rendered 6674/8755, time remaining: 5m 57s
[stdout] Rendered 6675/8755, time remaining: 5m 57s
[stdout] Rendered 6676/8755, time remaining: 5m 57s
[stdout] Rendered 6677/8755, time remaining: 5m 57s
[stdout] Rendered 6678/8755, time remaining: 5m 56s
[stdout] Rendered 6679/8755, time remaining: 5m 56s
[stdout] Rendered 6680/8755, time remaining: 5m 56s
[stdout] Rendered 6681/8755, time remaining: 5m 56s
[stdout] Rendered 6682/8755, time remaining: 5m 56s
[stdout] Rendered 6683/8755, time remaining: 5m 56s
[stdout] Rendered 6684/8755, time remaining: 5m 56s
[stdout] Rendered 6685/8755, time remaining: 5m 55s
[stdout] Rendered 6686/8755, time remaining: 5m 55s
[stdout] Rendered 6686/8755, time remaining: 5m 55s
[stdout] Rendered 6687/8755, time remaining: 5m 55s
[stdout] Rendered 6688/8755, time remaining: 5m 55s
[stdout] Rendered 6689/8755, time remaining: 5m 55s
[stdout] Rendered 6690/8755, time remaining: 5m 55s
[stdout] Rendered 6691/8755, time remaining: 5m 54s
[stdout] Rendered 6692/8755, time remaining: 5m 54s
[stdout] Rendered 6693/8755, time remaining: 5m 54s
[stdout] Rendered 6694/8755, time remaining: 5m 54s
[stdout] Rendered 6695/8755, time remaining: 5m 54s
[stdout] Rendered 6696/8755, time remaining: 5m 54s
[stdout] Rendered 6697/8755, time remaining: 5m 53s
[stdout] Rendered 6698/8755, time remaining: 5m 53s
[stdout] Rendered 6698/8755, time remaining: 5m 53s
[stdout] Rendered 6699/8755, time remaining: 5m 53s
[stdout] Rendered 6700/8755, time remaining: 5m 53s
[stdout] Rendered 6701/8755, time remaining: 5m 53s
[stdout] Rendered 6702/8755, time remaining: 5m 53s
[stdout] Rendered 6703/8755, time remaining: 5m 53s
[stdout] Rendered 6704/8755, time remaining: 5m 52s
[stdout] Rendered 6705/8755, time remaining: 5m 52s
[stdout] Rendered 6706/8755, time remaining: 5m 52s
[stdout] Rendered 6707/8755, time remaining: 5m 52s
[stdout] Rendered 6708/8755, time remaining: 5m 52s
[stdout] Rendered 6709/8755, time remaining: 5m 52s
[stdout] Rendered 6710/8755, time remaining: 5m 51s
[stdout] Rendered 6711/8755, time remaining: 5m 51s
[stdout] Rendered 6712/8755, time remaining: 5m 51s
[stdout] Rendered 6713/8755, time remaining: 5m 51s
[stdout] Rendered 6714/8755, time remaining: 5m 51s
[stdout] Rendered 6715/8755, time remaining: 5m 51s
[stdout] Rendered 6715/8755, time remaining: 5m 51s
[stdout] Rendered 6716/8755, time remaining: 5m 50s
[stdout] Rendered 6717/8755, time remaining: 5m 50s
[stdout] Rendered 6718/8755, time remaining: 5m 50s
[stdout] Rendered 6719/8755, time remaining: 5m 50s
[stdout] Rendered 6720/8755, time remaining: 5m 50s
[stdout] Rendered 6721/8755, time remaining: 5m 50s
[stdout] Rendered 6722/8755, time remaining: 5m 49s
[stdout] Rendered 6723/8755, time remaining: 5m 49s
[stdout] Rendered 6724/8755, time remaining: 5m 49s
[stdout] Rendered 6725/8755, time remaining: 5m 49s
[stdout] Rendered 6726/8755, time remaining: 5m 49s
[stdout] Rendered 6727/8755, time remaining: 5m 49s
[stdout] Rendered 6727/8755, time remaining: 5m 49s
[stdout] Rendered 6728/8755, time remaining: 5m 49s
[stdout] Rendered 6729/8755, time remaining: 5m 48s
[stdout] Rendered 6730/8755, time remaining: 5m 48s
[stdout] Rendered 6731/8755, time remaining: 5m 48s
[stdout] Rendered 6732/8755, time remaining: 5m 48s
[stdout] Rendered 6733/8755, time remaining: 5m 48s
[stdout] Rendered 6734/8755, time remaining: 5m 48s
[stdout] Rendered 6735/8755, time remaining: 5m 47s
[stdout] Rendered 6736/8755, time remaining: 5m 47s
[stdout] Rendered 6737/8755, time remaining: 5m 47s
[stdout] Rendered 6738/8755, time remaining: 5m 47s
[stdout] Rendered 6739/8755, time remaining: 5m 47s
[stdout] Rendered 6740/8755, time remaining: 5m 47s
[stdout] Rendered 6741/8755, time remaining: 5m 47s
[stdout] Rendered 6742/8755, time remaining: 5m 46s
[stdout] Rendered 6742/8755, time remaining: 5m 46s
[stdout] Rendered 6743/8755, time remaining: 5m 46s
[stdout] Rendered 6744/8755, time remaining: 5m 46s
[stdout] Rendered 6745/8755, time remaining: 5m 46s
[stdout] Rendered 6746/8755, time remaining: 5m 46s
[stdout] Rendered 6747/8755, time remaining: 5m 46s
[stdout] Rendered 6748/8755, time remaining: 5m 46s
[stdout] Rendered 6749/8755, time remaining: 5m 45s
[stdout] Rendered 6750/8755, time remaining: 5m 45s
[stdout] Rendered 6751/8755, time remaining: 5m 45s
[stdout] Rendered 6751/8755, time remaining: 5m 45s
[stdout] Rendered 6752/8755, time remaining: 5m 45s
[stdout] Rendered 6753/8755, time remaining: 5m 45s
[stdout] Rendered 6754/8755, time remaining: 5m 45s
[stdout] Rendered 6755/8755, time remaining: 5m 45s
[stdout] Rendered 6756/8755, time remaining: 5m 44s
[stdout] Rendered 6757/8755, time remaining: 5m 44s
[stdout] Rendered 6758/8755, time remaining: 5m 44s
[stdout] Rendered 6759/8755, time remaining: 5m 44s
[stdout] Rendered 6760/8755, time remaining: 5m 44s
[stdout] Rendered 6761/8755, time remaining: 5m 44s
[stdout] Rendered 6762/8755, time remaining: 5m 43s
[stdout] Rendered 6763/8755, time remaining: 5m 43s
[stdout] Rendered 6763/8755, time remaining: 5m 43s
[stdout] Rendered 6764/8755, time remaining: 5m 43s
[stdout] Rendered 6765/8755, time remaining: 5m 43s
[stdout] Rendered 6766/8755, time remaining: 5m 43s
[stdout] Rendered 6767/8755, time remaining: 5m 43s
[stdout] Rendered 6768/8755, time remaining: 5m 43s
[stdout] Rendered 6769/8755, time remaining: 5m 43s
[stdout] Rendered 6770/8755, time remaining: 5m 42s
[stdout] Rendered 6771/8755, time remaining: 5m 42s
[stdout] Rendered 6772/8755, time remaining: 5m 42s
[stdout] Rendered 6773/8755, time remaining: 5m 42s
[stdout] Rendered 6774/8755, time remaining: 5m 42s
[stdout] Rendered 6775/8755, time remaining: 5m 42s
[stdout] Rendered 6775/8755, time remaining: 5m 42s
[stdout] Rendered 6776/8755, time remaining: 5m 41s
[stdout] Rendered 6777/8755, time remaining: 5m 41s
[stdout] Rendered 6778/8755, time remaining: 5m 41s
[stdout] Rendered 6779/8755, time remaining: 5m 41s
[stdout] Rendered 6780/8755, time remaining: 5m 41s
[stdout] Rendered 6781/8755, time remaining: 5m 41s
[stdout] Rendered 6782/8755, time remaining: 5m 41s
[stdout] Rendered 6783/8755, time remaining: 5m 40s
[stdout] Rendered 6784/8755, time remaining: 5m 40s
[stdout] Rendered 6785/8755, time remaining: 5m 40s
[stdout] Rendered 6786/8755, time remaining: 5m 40s
[stdout] Rendered 6787/8755, time remaining: 5m 40s
[stdout] Rendered 6788/8755, time remaining: 5m 40s
[stdout] Rendered 6788/8755, time remaining: 5m 40s
[stdout] Rendered 6789/8755, time remaining: 5m 40s
[stdout] Rendered 6790/8755, time remaining: 5m 39s
[stdout] Rendered 6791/8755, time remaining: 5m 39s
[stdout] Rendered 6792/8755, time remaining: 5m 39s
[stdout] Rendered 6793/8755, time remaining: 5m 39s
[stdout] Rendered 6794/8755, time remaining: 5m 39s
[stdout] Rendered 6795/8755, time remaining: 5m 39s
[stdout] Rendered 6796/8755, time remaining: 5m 38s
[stdout] Rendered 6797/8755, time remaining: 5m 38s
[stdout] Rendered 6798/8755, time remaining: 5m 38s
[stdout] Rendered 6799/8755, time remaining: 5m 38s
[stdout] Rendered 6800/8755, time remaining: 5m 38s
[stdout] Rendered 6801/8755, time remaining: 5m 38s
[stdout] Rendered 6801/8755, time remaining: 5m 38s
[stdout] Rendered 6802/8755, time remaining: 5m 37s
[stdout] Rendered 6803/8755, time remaining: 5m 37s
[stdout] Rendered 6804/8755, time remaining: 5m 37s
[stdout] Rendered 6805/8755, time remaining: 5m 37s
[stdout] Rendered 6806/8755, time remaining: 5m 37s
[stdout] Rendered 6807/8755, time remaining: 5m 37s
[stdout] Rendered 6808/8755, time remaining: 5m 36s
[stdout] Rendered 6809/8755, time remaining: 5m 36s
[stdout] Rendered 6810/8755, time remaining: 5m 36s
[stdout] Rendered 6811/8755, time remaining: 5m 36s
[stdout] Rendered 6812/8755, time remaining: 5m 36s
[stdout] Rendered 6812/8755, time remaining: 5m 36s
[stdout] Rendered 6813/8755, time remaining: 5m 36s
[stdout] Rendered 6814/8755, time remaining: 5m 36s
[stdout] Rendered 6815/8755, time remaining: 5m 36s
[stdout] Rendered 6816/8755, time remaining: 5m 35s
[stdout] Rendered 6817/8755, time remaining: 5m 35s
[stdout] Rendered 6818/8755, time remaining: 5m 35s
[stdout] Rendered 6819/8755, time remaining: 5m 35s
[stdout] Rendered 6820/8755, time remaining: 5m 35s
[stdout] Rendered 6821/8755, time remaining: 5m 35s
[stdout] Rendered 6822/8755, time remaining: 5m 34s
[stdout] Rendered 6823/8755, time remaining: 5m 34s
[stdout] Rendered 6824/8755, time remaining: 5m 34s
[stdout] Rendered 6825/8755, time remaining: 5m 34s
[stdout] Rendered 6826/8755, time remaining: 5m 34s
[stdout] Rendered 6827/8755, time remaining: 5m 33s
[stdout] Rendered 6828/8755, time remaining: 5m 33s
[stdout] Rendered 6828/8755, time remaining: 5m 33s
[stdout] Rendered 6829/8755, time remaining: 5m 33s
[stdout] Rendered 6830/8755, time remaining: 5m 33s
[stdout] Rendered 6831/8755, time remaining: 5m 33s
[stdout] Rendered 6832/8755, time remaining: 5m 33s
[stdout] Rendered 6833/8755, time remaining: 5m 32s
[stdout] Rendered 6834/8755, time remaining: 5m 32s
[stdout] Rendered 6835/8755, time remaining: 5m 32s
[stdout] Rendered 6836/8755, time remaining: 5m 32s
[stdout] Rendered 6837/8755, time remaining: 5m 32s
[stdout] Rendered 6838/8755, time remaining: 5m 32s
[stdout] Rendered 6839/8755, time remaining: 5m 31s
[stdout] Rendered 6840/8755, time remaining: 5m 31s
[stdout] Rendered 6841/8755, time remaining: 5m 31s
[stdout] Rendered 6842/8755, time remaining: 5m 31s
[stdout] Rendered 6843/8755, time remaining: 5m 31s
[stdout] Rendered 6844/8755, time remaining: 5m 31s
[stdout] Rendered 6844/8755, time remaining: 5m 31s
[stdout] Rendered 6845/8755, time remaining: 5m 30s
[stdout] Rendered 6846/8755, time remaining: 5m 30s
[stdout] Rendered 6847/8755, time remaining: 5m 30s
[stdout] Rendered 6848/8755, time remaining: 5m 30s
[stdout] Rendered 6849/8755, time remaining: 5m 30s
[stdout] Rendered 6850/8755, time remaining: 5m 30s
[stdout] Rendered 6851/8755, time remaining: 5m 29s
[stdout] Rendered 6852/8755, time remaining: 5m 29s
[stdout] Rendered 6853/8755, time remaining: 5m 29s
[stdout] Rendered 6854/8755, time remaining: 5m 29s
[stdout] Rendered 6855/8755, time remaining: 5m 29s
[stdout] Rendered 6856/8755, time remaining: 5m 29s
[stdout] Rendered 6857/8755, time remaining: 5m 28s
[stdout] Rendered 6858/8755, time remaining: 5m 28s
[stdout] Rendered 6859/8755, time remaining: 5m 28s
[stdout] Rendered 6860/8755, time remaining: 5m 28s
[stdout] Rendered 6861/8755, time remaining: 5m 28s
[stdout] Rendered 6861/8755, time remaining: 5m 28s
[stdout] Rendered 6862/8755, time remaining: 5m 28s
[stdout] Rendered 6863/8755, time remaining: 5m 27s
[stdout] Rendered 6864/8755, time remaining: 5m 27s
[stdout] Rendered 6865/8755, time remaining: 5m 27s
[stdout] Rendered 6866/8755, time remaining: 5m 27s
[stdout] Rendered 6867/8755, time remaining: 5m 27s
[stdout] Rendered 6868/8755, time remaining: 5m 27s
[stdout] Rendered 6869/8755, time remaining: 5m 26s
[stdout] Rendered 6870/8755, time remaining: 5m 26s
[stdout] Rendered 6871/8755, time remaining: 5m 26s
[stdout] Rendered 6872/8755, time remaining: 5m 26s
[stdout] Rendered 6873/8755, time remaining: 5m 26s
[stdout] Rendered 6874/8755, time remaining: 5m 26s
[stdout] Rendered 6875/8755, time remaining: 5m 25s
[stdout] Rendered 6875/8755, time remaining: 5m 25s
[stdout] Rendered 6876/8755, time remaining: 5m 25s
[stdout] Rendered 6877/8755, time remaining: 5m 25s
[stdout] Rendered 6878/8755, time remaining: 5m 25s
[stdout] Rendered 6879/8755, time remaining: 5m 25s
[stdout] Rendered 6880/8755, time remaining: 5m 25s
[stdout] Rendered 6881/8755, time remaining: 5m 24s
[stdout] Rendered 6882/8755, time remaining: 5m 24s
[stdout] Rendered 6883/8755, time remaining: 5m 24s
[stdout] Rendered 6884/8755, time remaining: 5m 24s
[stdout] Rendered 6885/8755, time remaining: 5m 24s
[stdout] Rendered 6886/8755, time remaining: 5m 24s
[stdout] Rendered 6887/8755, time remaining: 5m 23s
[stdout] Rendered 6888/8755, time remaining: 5m 23s
[stdout] Rendered 6889/8755, time remaining: 5m 23s
[stdout] Rendered 6890/8755, time remaining: 5m 23s
[stdout] Rendered 6891/8755, time remaining: 5m 23s
[stdout] Rendered 6892/8755, time remaining: 5m 23s
[stdout] Rendered 6893/8755, time remaining: 5m 22s
[stdout] Rendered 6893/8755, time remaining: 5m 22s
[stdout] Rendered 6894/8755, time remaining: 5m 22s
[stdout] Rendered 6895/8755, time remaining: 5m 22s
[stdout] Rendered 6896/8755, time remaining: 5m 22s
[stdout] Rendered 6897/8755, time remaining: 5m 22s
[stdout] Rendered 6898/8755, time remaining: 5m 22s
[stdout] Rendered 6899/8755, time remaining: 5m 21s
[stdout] Rendered 6900/8755, time remaining: 5m 21s
[stdout] Rendered 6901/8755, time remaining: 5m 21s
[stdout] Rendered 6902/8755, time remaining: 5m 21s
[stdout] Rendered 6903/8755, time remaining: 5m 21s
[stdout] Rendered 6904/8755, time remaining: 5m 21s
[stdout] Rendered 6905/8755, time remaining: 5m 20s
[stdout] Rendered 6905/8755, time remaining: 5m 20s
[stdout] Rendered 6906/8755, time remaining: 5m 20s
[stdout] Rendered 6907/8755, time remaining: 5m 20s
[stdout] Rendered 6908/8755, time remaining: 5m 20s
[stdout] Rendered 6909/8755, time remaining: 5m 20s
[stdout] Rendered 6910/8755, time remaining: 5m 20s
[stdout] Rendered 6911/8755, time remaining: 5m 19s
[stdout] Rendered 6912/8755, time remaining: 5m 19s
[stdout] Rendered 6913/8755, time remaining: 5m 19s
[stdout] Rendered 6914/8755, time remaining: 5m 19s
[stdout] Rendered 6915/8755, time remaining: 5m 19s
[stdout] Rendered 6916/8755, time remaining: 5m 19s
[stdout] Rendered 6917/8755, time remaining: 5m 18s
[stdout] Rendered 6918/8755, time remaining: 5m 18s
[stdout] Rendered 6919/8755, time remaining: 5m 18s
[stdout] Rendered 6920/8755, time remaining: 5m 18s
[stdout] Rendered 6921/8755, time remaining: 5m 18s
[stdout] Rendered 6922/8755, time remaining: 5m 18s
[stdout] Rendered 6922/8755, time remaining: 5m 18s
[stdout] Rendered 6923/8755, time remaining: 5m 17s
[stdout] Rendered 6924/8755, time remaining: 5m 17s
[stdout] Rendered 6925/8755, time remaining: 5m 17s
[stdout] Rendered 6926/8755, time remaining: 5m 17s
[stdout] Rendered 6927/8755, time remaining: 5m 17s
[stdout] Rendered 6928/8755, time remaining: 5m 17s
[stdout] Rendered 6929/8755, time remaining: 5m 16s
[stdout] Rendered 6930/8755, time remaining: 5m 16s
[stdout] Rendered 6931/8755, time remaining: 5m 16s
[stdout] Rendered 6932/8755, time remaining: 5m 16s
[stdout] Rendered 6933/8755, time remaining: 5m 16s
[stdout] Rendered 6934/8755, time remaining: 5m 16s
[stdout] Rendered 6935/8755, time remaining: 5m 15s
[stdout] Rendered 6936/8755, time remaining: 5m 15s
[stdout] Rendered 6937/8755, time remaining: 5m 15s
[stdout] Rendered 6938/8755, time remaining: 5m 15s
[stdout] Rendered 6938/8755, time remaining: 5m 15s
[stdout] Rendered 6939/8755, time remaining: 5m 15s
[stdout] Rendered 6940/8755, time remaining: 5m 15s
[stdout] Rendered 6941/8755, time remaining: 5m 14s
[stdout] Rendered 6942/8755, time remaining: 5m 14s
[stdout] Rendered 6943/8755, time remaining: 5m 14s
[stdout] Rendered 6944/8755, time remaining: 5m 14s
[stdout] Rendered 6945/8755, time remaining: 5m 14s
[stdout] Rendered 6946/8755, time remaining: 5m 13s
[stdout] Rendered 6947/8755, time remaining: 5m 13s
[stdout] Rendered 6948/8755, time remaining: 5m 13s
[stdout] Rendered 6949/8755, time remaining: 5m 13s
[stdout] Rendered 6950/8755, time remaining: 5m 13s
[stdout] Rendered 6951/8755, time remaining: 5m 13s
[stdout] Rendered 6952/8755, time remaining: 5m 12s
[stdout] Rendered 6953/8755, time remaining: 5m 12s
[stdout] Rendered 6954/8755, time remaining: 5m 12s
[stdout] Rendered 6954/8755, time remaining: 5m 12s
[stdout] Rendered 6955/8755, time remaining: 5m 12s
[stdout] Rendered 6956/8755, time remaining: 5m 12s
[stdout] Rendered 6957/8755, time remaining: 5m 12s
[stdout] Rendered 6958/8755, time remaining: 5m 11s
[stdout] Rendered 6959/8755, time remaining: 5m 11s
[stdout] Rendered 6960/8755, time remaining: 5m 11s
[stdout] Rendered 6961/8755, time remaining: 5m 11s
[stdout] Rendered 6962/8755, time remaining: 5m 11s
[stdout] Rendered 6963/8755, time remaining: 5m 11s
[stdout] Rendered 6964/8755, time remaining: 5m 10s
[stdout] Rendered 6965/8755, time remaining: 5m 10s
[stdout] Rendered 6966/8755, time remaining: 5m 10s
[stdout] Rendered 6967/8755, time remaining: 5m 10s
[stdout] Rendered 6968/8755, time remaining: 5m 10s
[stdout] Rendered 6969/8755, time remaining: 5m 10s
[stdout] Rendered 6969/8755, time remaining: 5m 10s
[stdout] Rendered 6970/8755, time remaining: 5m 9s
[stdout] Rendered 6971/8755, time remaining: 5m 9s
[stdout] Rendered 6972/8755, time remaining: 5m 9s
[stdout] Rendered 6973/8755, time remaining: 5m 9s
[stdout] Rendered 6974/8755, time remaining: 5m 9s
[stdout] Rendered 6975/8755, time remaining: 5m 9s
[stdout] Rendered 6976/8755, time remaining: 5m 8s
[stdout] Rendered 6977/8755, time remaining: 5m 8s
[stdout] Rendered 6978/8755, time remaining: 5m 8s
[stdout] Rendered 6979/8755, time remaining: 5m 8s
[stdout] Rendered 6980/8755, time remaining: 5m 8s
[stdout] Rendered 6981/8755, time remaining: 5m 8s
[stdout] Rendered 6982/8755, time remaining: 5m 7s
[stdout] Rendered 6983/8755, time remaining: 5m 7s
[stdout] Rendered 6984/8755, time remaining: 5m 7s
[stdout] Rendered 6985/8755, time remaining: 5m 7s
[stdout] Rendered 6985/8755, time remaining: 5m 7s
[stdout] Rendered 6986/8755, time remaining: 5m 7s
[stdout] Rendered 6987/8755, time remaining: 5m 7s
[stdout] Rendered 6988/8755, time remaining: 5m 6s
[stdout] Rendered 6989/8755, time remaining: 5m 6s
[stdout] Rendered 6990/8755, time remaining: 5m 6s
[stdout] Rendered 6991/8755, time remaining: 5m 6s
[stdout] Rendered 6992/8755, time remaining: 5m 6s
[stdout] Rendered 6993/8755, time remaining: 5m 5s
[stdout] Rendered 6994/8755, time remaining: 5m 5s
[stdout] Rendered 6995/8755, time remaining: 5m 5s
[stdout] Rendered 6996/8755, time remaining: 5m 5s
[stdout] Rendered 6997/8755, time remaining: 5m 5s
[stdout] Rendered 6998/8755, time remaining: 5m 5s
[stdout] Rendered 6999/8755, time remaining: 5m 4s
[stdout] Rendered 7000/8755, time remaining: 5m 4s
[stdout] Rendered 7001/8755, time remaining: 5m 4s
[stdout] Rendered 7002/8755, time remaining: 5m 4s
[stdout] Rendered 7003/8755, time remaining: 5m 4s
[stdout] Rendered 7004/8755, time remaining: 5m 4s
[stdout] Rendered 7005/8755, time remaining: 5m 3s
[stdout] Rendered 7005/8755, time remaining: 5m 3s
[stdout] Rendered 7006/8755, time remaining: 5m 3s
[stdout] Rendered 7007/8755, time remaining: 5m 3s
[stdout] Rendered 7008/8755, time remaining: 5m 3s
[stdout] Rendered 7009/8755, time remaining: 5m 3s
[stdout] Rendered 7010/8755, time remaining: 5m 2s
[stdout] Rendered 7011/8755, time remaining: 5m 2s
[stdout] Rendered 7012/8755, time remaining: 5m 2s
[stdout] Rendered 7013/8755, time remaining: 5m 2s
[stdout] Rendered 7014/8755, time remaining: 5m 2s
[stdout] Rendered 7015/8755, time remaining: 5m 2s
[stdout] Rendered 7016/8755, time remaining: 5m 1s
[stdout] Rendered 7017/8755, time remaining: 5m 1s
[stdout] Rendered 7018/8755, time remaining: 5m 1s
[stdout] Rendered 7019/8755, time remaining: 5m 1s
[stdout] Rendered 7020/8755, time remaining: 5m 1s
[stdout] Rendered 7021/8755, time remaining: 5m 1s
[stdout] Rendered 7022/8755, time remaining: 5m 0s
[stdout] Rendered 7022/8755, time remaining: 5m 0s
[stdout] Rendered 7023/8755, time remaining: 5m 0s
[stdout] Rendered 7024/8755, time remaining: 5m 0s
[stdout] Rendered 7025/8755, time remaining: 5m 0s
[stdout] Rendered 7026/8755, time remaining: 5m 0s
[stdout] Rendered 7027/8755, time remaining: 4m 59s
[stdout] Rendered 7028/8755, time remaining: 4m 59s
[stdout] Rendered 7029/8755, time remaining: 4m 59s
[stdout] Rendered 7030/8755, time remaining: 4m 59s
[stdout] Rendered 7031/8755, time remaining: 4m 59s
[stdout] Rendered 7032/8755, time remaining: 4m 59s
[stdout] Rendered 7033/8755, time remaining: 4m 58s
[stdout] Rendered 7034/8755, time remaining: 4m 58s
[stdout] Rendered 7035/8755, time remaining: 4m 58s
[stdout] Rendered 7036/8755, time remaining: 4m 58s
[stdout] Rendered 7037/8755, time remaining: 4m 58s
[stdout] Rendered 7038/8755, time remaining: 4m 58s
[stdout] Rendered 7039/8755, time remaining: 4m 57s
[stdout] Rendered 7040/8755, time remaining: 4m 57s
[stdout] Rendered 7040/8755, time remaining: 4m 57s
[stdout] Rendered 7041/8755, time remaining: 4m 57s
[stdout] Rendered 7042/8755, time remaining: 4m 57s
[stdout] Rendered 7043/8755, time remaining: 4m 57s
[stdout] Rendered 7044/8755, time remaining: 4m 57s
[stdout] Rendered 7045/8755, time remaining: 4m 56s
[stdout] Rendered 7046/8755, time remaining: 4m 56s
[stdout] Rendered 7047/8755, time remaining: 4m 56s
[stdout] Rendered 7048/8755, time remaining: 4m 56s
[stdout] Rendered 7049/8755, time remaining: 4m 56s
[stdout] Rendered 7050/8755, time remaining: 4m 55s
[stdout] Rendered 7051/8755, time remaining: 4m 55s
[stdout] Rendered 7052/8755, time remaining: 4m 55s
[stdout] Rendered 7053/8755, time remaining: 4m 55s
[stdout] Rendered 7054/8755, time remaining: 4m 55s
[stdout] Rendered 7055/8755, time remaining: 4m 55s
[stdout] Rendered 7056/8755, time remaining: 4m 54s
[stdout] Rendered 7057/8755, time remaining: 4m 54s
[stdout] Rendered 7058/8755, time remaining: 4m 54s
[stdout] Rendered 7059/8755, time remaining: 4m 54s
[stdout] Rendered 7060/8755, time remaining: 4m 54s
[stdout] Rendered 7060/8755, time remaining: 4m 54s
[stdout] Rendered 7061/8755, time remaining: 4m 54s
[stdout] Rendered 7062/8755, time remaining: 4m 53s
[stdout] Rendered 7063/8755, time remaining: 4m 53s
[stdout] Rendered 7064/8755, time remaining: 4m 53s
[stdout] Rendered 7065/8755, time remaining: 4m 53s
[stdout] Rendered 7066/8755, time remaining: 4m 53s
[stdout] Rendered 7067/8755, time remaining: 4m 53s
[stdout] Rendered 7068/8755, time remaining: 4m 52s
[stdout] Rendered 7069/8755, time remaining: 4m 52s
[stdout] Rendered 7070/8755, time remaining: 4m 52s
[stdout] Rendered 7071/8755, time remaining: 4m 52s
[stdout] Rendered 7072/8755, time remaining: 4m 52s
[stdout] Rendered 7073/8755, time remaining: 4m 51s
[stdout] Rendered 7074/8755, time remaining: 4m 51s
[stdout] Rendered 7075/8755, time remaining: 4m 51s
[stdout] Rendered 7075/8755, time remaining: 4m 51s
[stdout] Rendered 7076/8755, time remaining: 4m 51s
[stdout] Rendered 7077/8755, time remaining: 4m 51s
[stdout] Rendered 7078/8755, time remaining: 4m 51s
[stdout] Rendered 7079/8755, time remaining: 4m 50s
[stdout] Rendered 7080/8755, time remaining: 4m 50s
[stdout] Rendered 7081/8755, time remaining: 4m 50s
[stdout] Rendered 7082/8755, time remaining: 4m 50s
[stdout] Rendered 7083/8755, time remaining: 4m 50s
[stdout] Rendered 7084/8755, time remaining: 4m 50s
[stdout] Rendered 7085/8755, time remaining: 4m 49s
[stdout] Rendered 7086/8755, time remaining: 4m 49s
[stdout] Rendered 7087/8755, time remaining: 4m 49s
[stdout] Rendered 7088/8755, time remaining: 4m 49s
[stdout] Rendered 7089/8755, time remaining: 4m 49s
[stdout] Rendered 7090/8755, time remaining: 4m 48s
[stdout] Rendered 7091/8755, time remaining: 4m 48s
[stdout] Rendered 7092/8755, time remaining: 4m 48s
[stdout] Rendered 7093/8755, time remaining: 4m 48s
[stdout] Rendered 7094/8755, time remaining: 4m 48s
[stdout] Rendered 7094/8755, time remaining: 4m 48s
[stdout] Rendered 7095/8755, time remaining: 4m 48s
[stdout] Rendered 7096/8755, time remaining: 4m 47s
[stdout] Rendered 7097/8755, time remaining: 4m 47s
[stdout] Rendered 7098/8755, time remaining: 4m 47s
[stdout] Rendered 7099/8755, time remaining: 4m 47s
[stdout] Rendered 7100/8755, time remaining: 4m 47s
[stdout] Rendered 7101/8755, time remaining: 4m 47s
[stdout] Rendered 7102/8755, time remaining: 4m 46s
[stdout] Rendered 7103/8755, time remaining: 4m 46s
[stdout] Rendered 7104/8755, time remaining: 4m 46s
[stdout] Rendered 7105/8755, time remaining: 4m 46s
[stdout] Rendered 7106/8755, time remaining: 4m 46s
[stdout] Rendered 7107/8755, time remaining: 4m 46s
[stdout] Rendered 7108/8755, time remaining: 4m 45s
[stdout] Rendered 7109/8755, time remaining: 4m 45s
[stdout] Rendered 7110/8755, time remaining: 4m 45s
[stdout] Rendered 7111/8755, time remaining: 4m 45s
[stdout] Rendered 7112/8755, time remaining: 4m 45s
[stdout] Rendered 7112/8755, time remaining: 4m 45s
[stdout] Rendered 7113/8755, time remaining: 4m 44s
[stdout] Rendered 7114/8755, time remaining: 4m 44s
[stdout] Rendered 7115/8755, time remaining: 4m 44s
[stdout] Rendered 7116/8755, time remaining: 4m 44s
[stdout] Rendered 7117/8755, time remaining: 4m 44s
[stdout] Rendered 7118/8755, time remaining: 4m 44s
[stdout] Rendered 7119/8755, time remaining: 4m 43s
[stdout] Rendered 7120/8755, time remaining: 4m 43s
[stdout] Rendered 7121/8755, time remaining: 4m 43s
[stdout] Rendered 7122/8755, time remaining: 4m 43s
[stdout] Rendered 7123/8755, time remaining: 4m 43s
[stdout] Rendered 7124/8755, time remaining: 4m 43s
[stdout] Rendered 7125/8755, time remaining: 4m 42s
[stdout] Rendered 7126/8755, time remaining: 4m 42s
[stdout] Rendered 7127/8755, time remaining: 4m 42s
[stdout] Rendered 7128/8755, time remaining: 4m 42s
[stdout] Rendered 7128/8755, time remaining: 4m 42s
[stdout] Rendered 7129/8755, time remaining: 4m 42s
[stdout] Rendered 7130/8755, time remaining: 4m 42s
[stdout] Rendered 7131/8755, time remaining: 4m 41s
[stdout] Rendered 7132/8755, time remaining: 4m 41s
[stdout] Rendered 7133/8755, time remaining: 4m 41s
[stdout] Rendered 7134/8755, time remaining: 4m 41s
[stdout] Rendered 7135/8755, time remaining: 4m 41s
[stdout] Rendered 7136/8755, time remaining: 4m 41s
[stdout] Rendered 7137/8755, time remaining: 4m 40s
[stdout] Rendered 7138/8755, time remaining: 4m 40s
[stdout] Rendered 7139/8755, time remaining: 4m 40s
[stdout] Rendered 7140/8755, time remaining: 4m 40s
[stdout] Rendered 7141/8755, time remaining: 4m 40s
[stdout] Rendered 7142/8755, time remaining: 4m 39s
[stdout] Rendered 7143/8755, time remaining: 4m 39s
[stdout] Rendered 7144/8755, time remaining: 4m 39s
[stdout] Rendered 7145/8755, time remaining: 4m 39s
[stdout] Rendered 7146/8755, time remaining: 4m 39s
[stdout] Rendered 7147/8755, time remaining: 4m 39s
[stdout] Rendered 7147/8755, time remaining: 4m 39s
[stdout] Rendered 7148/8755, time remaining: 4m 38s
[stdout] Rendered 7149/8755, time remaining: 4m 38s
[stdout] Rendered 7150/8755, time remaining: 4m 38s
[stdout] Rendered 7151/8755, time remaining: 4m 38s
[stdout] Rendered 7152/8755, time remaining: 4m 38s
[stdout] Rendered 7153/8755, time remaining: 4m 38s
[stdout] Rendered 7154/8755, time remaining: 4m 37s
[stdout] Rendered 7155/8755, time remaining: 4m 37s
[stdout] Rendered 7156/8755, time remaining: 4m 37s
[stdout] Rendered 7157/8755, time remaining: 4m 37s
[stdout] Rendered 7158/8755, time remaining: 4m 37s
[stdout] Rendered 7159/8755, time remaining: 4m 36s
[stdout] Rendered 7160/8755, time remaining: 4m 36s
[stdout] Rendered 7161/8755, time remaining: 4m 36s
[stdout] Rendered 7162/8755, time remaining: 4m 36s
[stdout] Rendered 7163/8755, time remaining: 4m 36s
[stdout] Rendered 7164/8755, time remaining: 4m 36s
[stdout] Rendered 7165/8755, time remaining: 4m 35s
[stdout] Rendered 7165/8755, time remaining: 4m 35s
[stdout] Rendered 7166/8755, time remaining: 4m 35s
[stdout] Rendered 7167/8755, time remaining: 4m 35s
[stdout] Rendered 7168/8755, time remaining: 4m 35s
[stdout] Rendered 7169/8755, time remaining: 4m 35s
[stdout] Rendered 7170/8755, time remaining: 4m 35s
[stdout] Rendered 7171/8755, time remaining: 4m 34s
[stdout] Rendered 7172/8755, time remaining: 4m 34s
[stdout] Rendered 7173/8755, time remaining: 4m 34s
[stdout] Rendered 7174/8755, time remaining: 4m 34s
[stdout] Rendered 7175/8755, time remaining: 4m 34s
[stdout] Rendered 7176/8755, time remaining: 4m 34s
[stdout] Rendered 7177/8755, time remaining: 4m 33s
[stdout] Rendered 7178/8755, time remaining: 4m 33s
[stdout] Rendered 7179/8755, time remaining: 4m 33s
[stdout] Rendered 7180/8755, time remaining: 4m 33s
[stdout] Rendered 7180/8755, time remaining: 4m 33s
[stdout] Rendered 7181/8755, time remaining: 4m 33s
[stdout] Rendered 7182/8755, time remaining: 4m 33s
[stdout] Rendered 7183/8755, time remaining: 4m 32s
[stdout] Rendered 7184/8755, time remaining: 4m 32s
[stdout] Rendered 7185/8755, time remaining: 4m 32s
[stdout] Rendered 7186/8755, time remaining: 4m 32s
[stdout] Rendered 7187/8755, time remaining: 4m 32s
[stdout] Rendered 7188/8755, time remaining: 4m 32s
[stdout] Rendered 7189/8755, time remaining: 4m 31s
[stdout] Rendered 7190/8755, time remaining: 4m 31s
[stdout] Rendered 7191/8755, time remaining: 4m 31s
[stdout] Rendered 7192/8755, time remaining: 4m 31s
[stdout] Rendered 7193/8755, time remaining: 4m 31s
[stdout] Rendered 7193/8755, time remaining: 4m 31s
[stdout] Rendered 7194/8755, time remaining: 4m 31s
[stdout] Rendered 7195/8755, time remaining: 4m 30s
[stdout] Rendered 7196/8755, time remaining: 4m 30s
[stdout] Rendered 7197/8755, time remaining: 4m 30s
[stdout] Rendered 7198/8755, time remaining: 4m 30s
[stdout] Rendered 7199/8755, time remaining: 4m 30s
[stdout] Rendered 7200/8755, time remaining: 4m 30s
[stdout] Rendered 7201/8755, time remaining: 4m 29s
[stdout] Rendered 7202/8755, time remaining: 4m 29s
[stdout] Rendered 7203/8755, time remaining: 4m 29s
[stdout] Rendered 7204/8755, time remaining: 4m 29s
[stdout] Rendered 7205/8755, time remaining: 4m 29s
[stdout] Rendered 7206/8755, time remaining: 4m 29s
[stdout] Rendered 7207/8755, time remaining: 4m 28s
[stdout] Rendered 7208/8755, time remaining: 4m 28s
[stdout] Rendered 7209/8755, time remaining: 4m 28s
[stdout] Rendered 7210/8755, time remaining: 4m 28s
[stdout] Rendered 7210/8755, time remaining: 4m 28s
[stdout] Rendered 7211/8755, time remaining: 4m 28s
[stdout] Rendered 7212/8755, time remaining: 4m 28s
[stdout] Rendered 7213/8755, time remaining: 4m 27s
[stdout] Rendered 7214/8755, time remaining: 4m 27s
[stdout] Rendered 7215/8755, time remaining: 4m 27s
[stdout] Rendered 7216/8755, time remaining: 4m 27s
[stdout] Rendered 7217/8755, time remaining: 4m 27s
[stdout] Rendered 7218/8755, time remaining: 4m 27s
[stdout] Rendered 7219/8755, time remaining: 4m 26s
[stdout] Rendered 7220/8755, time remaining: 4m 26s
[stdout] Rendered 7221/8755, time remaining: 4m 26s
[stdout] Rendered 7222/8755, time remaining: 4m 26s
[stdout] Rendered 7223/8755, time remaining: 4m 26s
[stdout] Rendered 7224/8755, time remaining: 4m 26s
[stdout] Rendered 7225/8755, time remaining: 4m 25s
[stdout] Rendered 7226/8755, time remaining: 4m 25s
[stdout] Rendered 7226/8755, time remaining: 4m 25s
[stdout] Rendered 7227/8755, time remaining: 4m 25s
[stdout] Rendered 7228/8755, time remaining: 4m 25s
[stdout] Rendered 7229/8755, time remaining: 4m 25s
[stdout] Rendered 7230/8755, time remaining: 4m 24s
[stdout] Rendered 7231/8755, time remaining: 4m 24s
[stdout] Rendered 7232/8755, time remaining: 4m 24s
[stdout] Rendered 7233/8755, time remaining: 4m 24s
[stdout] Rendered 7234/8755, time remaining: 4m 24s
[stdout] Rendered 7235/8755, time remaining: 4m 24s
[stdout] Rendered 7236/8755, time remaining: 4m 23s
[stdout] Rendered 7237/8755, time remaining: 4m 23s
[stdout] Rendered 7238/8755, time remaining: 4m 23s
[stdout] Rendered 7239/8755, time remaining: 4m 23s
[stdout] Rendered 7240/8755, time remaining: 4m 23s
[stdout] Rendered 7241/8755, time remaining: 4m 23s
[stdout] Rendered 7242/8755, time remaining: 4m 22s
[stdout] Rendered 7243/8755, time remaining: 4m 22s
[stdout] Rendered 7244/8755, time remaining: 4m 22s
[stdout] Rendered 7244/8755, time remaining: 4m 22s
[stdout] Rendered 7245/8755, time remaining: 4m 22s
[stdout] Rendered 7246/8755, time remaining: 4m 22s
[stdout] Rendered 7247/8755, time remaining: 4m 21s
[stdout] Rendered 7248/8755, time remaining: 4m 21s
[stdout] Rendered 7249/8755, time remaining: 4m 21s
[stdout] Rendered 7250/8755, time remaining: 4m 21s
[stdout] Rendered 7251/8755, time remaining: 4m 21s
[stdout] Rendered 7252/8755, time remaining: 4m 21s
[stdout] Rendered 7253/8755, time remaining: 4m 20s
[stdout] Rendered 7254/8755, time remaining: 4m 20s
[stdout] Rendered 7255/8755, time remaining: 4m 20s
[stdout] Rendered 7256/8755, time remaining: 4m 20s
[stdout] Rendered 7257/8755, time remaining: 4m 20s
[stdout] Rendered 7258/8755, time remaining: 4m 20s
[stdout] Rendered 7259/8755, time remaining: 4m 19s
[stdout] Rendered 7260/8755, time remaining: 4m 19s
[stdout] Rendered 7261/8755, time remaining: 4m 19s
[stdout] Rendered 7261/8755, time remaining: 4m 19s
[stdout] Rendered 7262/8755, time remaining: 4m 19s
[stdout] Rendered 7263/8755, time remaining: 4m 19s
[stdout] Rendered 7264/8755, time remaining: 4m 19s
[stdout] Rendered 7265/8755, time remaining: 4m 18s
[stdout] Rendered 7266/8755, time remaining: 4m 18s
[stdout] Rendered 7267/8755, time remaining: 4m 18s
[stdout] Rendered 7268/8755, time remaining: 4m 18s
[stdout] Rendered 7269/8755, time remaining: 4m 18s
[stdout] Rendered 7270/8755, time remaining: 4m 17s
[stdout] Rendered 7271/8755, time remaining: 4m 17s
[stdout] Rendered 7272/8755, time remaining: 4m 17s
[stdout] Rendered 7273/8755, time remaining: 4m 17s
[stdout] Rendered 7274/8755, time remaining: 4m 17s
[stdout] Rendered 7275/8755, time remaining: 4m 17s
[stdout] Rendered 7276/8755, time remaining: 4m 16s
[stdout] Rendered 7277/8755, time remaining: 4m 16s
[stdout] Rendered 7278/8755, time remaining: 4m 16s
[stdout] Rendered 7279/8755, time remaining: 4m 16s
[stdout] Rendered 7279/8755, time remaining: 4m 16s
[stdout] Rendered 7280/8755, time remaining: 4m 16s
[stdout] Rendered 7281/8755, time remaining: 4m 16s
[stdout] Rendered 7282/8755, time remaining: 4m 15s
[stdout] Rendered 7283/8755, time remaining: 4m 15s
[stdout] Rendered 7284/8755, time remaining: 4m 15s
[stdout] Rendered 7285/8755, time remaining: 4m 15s
[stdout] Rendered 7286/8755, time remaining: 4m 15s
[stdout] Rendered 7287/8755, time remaining: 4m 15s
[stdout] Rendered 7288/8755, time remaining: 4m 14s
[stdout] Rendered 7289/8755, time remaining: 4m 14s
[stdout] Rendered 7290/8755, time remaining: 4m 14s
[stdout] Rendered 7291/8755, time remaining: 4m 14s
[stdout] Rendered 7292/8755, time remaining: 4m 14s
[stdout] Rendered 7293/8755, time remaining: 4m 13s
[stdout] Rendered 7294/8755, time remaining: 4m 13s
[stdout] Rendered 7295/8755, time remaining: 4m 13s
[stdout] Rendered 7295/8755, time remaining: 4m 13s
[stdout] Rendered 7296/8755, time remaining: 4m 13s
[stdout] Rendered 7297/8755, time remaining: 4m 13s
[stdout] Rendered 7298/8755, time remaining: 4m 13s
[stdout] Rendered 7299/8755, time remaining: 4m 12s
[stdout] Rendered 7300/8755, time remaining: 4m 12s
[stdout] Rendered 7301/8755, time remaining: 4m 12s
[stdout] Rendered 7302/8755, time remaining: 4m 12s
[stdout] Rendered 7303/8755, time remaining: 4m 12s
[stdout] Rendered 7304/8755, time remaining: 4m 12s
[stdout] Rendered 7305/8755, time remaining: 4m 11s
[stdout] Rendered 7306/8755, time remaining: 4m 11s
[stdout] Rendered 7307/8755, time remaining: 4m 11s
[stdout] Rendered 7308/8755, time remaining: 4m 11s
[stdout] Rendered 7309/8755, time remaining: 4m 11s
[stdout] Rendered 7310/8755, time remaining: 4m 11s
[stdout] Rendered 7311/8755, time remaining: 4m 10s
[stdout] Rendered 7312/8755, time remaining: 4m 10s
[stdout] Rendered 7313/8755, time remaining: 4m 10s
[stdout] Rendered 7313/8755, time remaining: 4m 10s
[stdout] Rendered 7314/8755, time remaining: 4m 10s
[stdout] Rendered 7315/8755, time remaining: 4m 10s
[stdout] Rendered 7316/8755, time remaining: 4m 10s
[stdout] Rendered 7317/8755, time remaining: 4m 9s
[stdout] Rendered 7318/8755, time remaining: 4m 9s
[stdout] Rendered 7319/8755, time remaining: 4m 9s
[stdout] Rendered 7320/8755, time remaining: 4m 9s
[stdout] Rendered 7321/8755, time remaining: 4m 9s
[stdout] Rendered 7322/8755, time remaining: 4m 8s
[stdout] Rendered 7323/8755, time remaining: 4m 8s
[stdout] Rendered 7324/8755, time remaining: 4m 8s
[stdout] Rendered 7325/8755, time remaining: 4m 8s
[stdout] Rendered 7326/8755, time remaining: 4m 8s
[stdout] Rendered 7327/8755, time remaining: 4m 8s
[stdout] Rendered 7328/8755, time remaining: 4m 7s
[stdout] Rendered 7329/8755, time remaining: 4m 7s
[stdout] Rendered 7330/8755, time remaining: 4m 7s
[stdout] Rendered 7331/8755, time remaining: 4m 7s
[stdout] Rendered 7331/8755, time remaining: 4m 7s
[stdout] Rendered 7332/8755, time remaining: 4m 7s
[stdout] Rendered 7333/8755, time remaining: 4m 7s
[stdout] Rendered 7334/8755, time remaining: 4m 6s
[stdout] Rendered 7335/8755, time remaining: 4m 6s
[stdout] Rendered 7336/8755, time remaining: 4m 6s
[stdout] Rendered 7337/8755, time remaining: 4m 6s
[stdout] Rendered 7338/8755, time remaining: 4m 6s
[stdout] Rendered 7339/8755, time remaining: 4m 5s
[stdout] Rendered 7340/8755, time remaining: 4m 5s
[stdout] Rendered 7341/8755, time remaining: 4m 5s
[stdout] Rendered 7342/8755, time remaining: 4m 5s
[stdout] Rendered 7343/8755, time remaining: 4m 5s
[stdout] Rendered 7344/8755, time remaining: 4m 5s
[stdout] Rendered 7345/8755, time remaining: 4m 4s
[stdout] Rendered 7346/8755, time remaining: 4m 4s
[stdout] Rendered 7347/8755, time remaining: 4m 4s
[stdout] Rendered 7348/8755, time remaining: 4m 4s
[stdout] Rendered 7349/8755, time remaining: 4m 4s
[stdout] Rendered 7349/8755, time remaining: 4m 4s
[stdout] Rendered 7350/8755, time remaining: 4m 4s
[stdout] Rendered 7351/8755, time remaining: 4m 3s
[stdout] Rendered 7352/8755, time remaining: 4m 3s
[stdout] Rendered 7353/8755, time remaining: 4m 3s
[stdout] Rendered 7354/8755, time remaining: 4m 3s
[stdout] Rendered 7355/8755, time remaining: 4m 3s
[stdout] Rendered 7356/8755, time remaining: 4m 3s
[stdout] Rendered 7357/8755, time remaining: 4m 2s
[stdout] Rendered 7358/8755, time remaining: 4m 2s
[stdout] Rendered 7359/8755, time remaining: 4m 2s
[stdout] Rendered 7360/8755, time remaining: 4m 2s
[stdout] Rendered 7361/8755, time remaining: 4m 2s
[stdout] Rendered 7362/8755, time remaining: 4m 1s
[stdout] Rendered 7363/8755, time remaining: 4m 1s
[stdout] Rendered 7364/8755, time remaining: 4m 1s
[stdout] Rendered 7365/8755, time remaining: 4m 1s
[stdout] Rendered 7366/8755, time remaining: 4m 1s
[stdout] Rendered 7367/8755, time remaining: 4m 1s
[stdout] Rendered 7368/8755, time remaining: 4m 0s
[stdout] Rendered 7369/8755, time remaining: 4m 0s
[stdout] Rendered 7369/8755, time remaining: 4m 0s
[stdout] Rendered 7370/8755, time remaining: 4m 0s
[stdout] Rendered 7371/8755, time remaining: 4m 0s
[stdout] Rendered 7372/8755, time remaining: 4m 0s
[stdout] Rendered 7373/8755, time remaining: 4m 0s
[stdout] Rendered 7374/8755, time remaining: 3m 59s
[stdout] Rendered 7375/8755, time remaining: 3m 59s
[stdout] Rendered 7376/8755, time remaining: 3m 59s
[stdout] Rendered 7377/8755, time remaining: 3m 59s
[stdout] Rendered 7378/8755, time remaining: 3m 59s
[stdout] Rendered 7379/8755, time remaining: 3m 59s
[stdout] Rendered 7380/8755, time remaining: 3m 58s
[stdout] Rendered 7381/8755, time remaining: 3m 58s
[stdout] Rendered 7382/8755, time remaining: 3m 58s
[stdout] Rendered 7383/8755, time remaining: 3m 58s
[stdout] Rendered 7384/8755, time remaining: 3m 58s
[stdout] Rendered 7384/8755, time remaining: 3m 58s
[stdout] Rendered 7385/8755, time remaining: 3m 57s
[stdout] Rendered 7386/8755, time remaining: 3m 57s
[stdout] Rendered 7387/8755, time remaining: 3m 57s
[stdout] Rendered 7388/8755, time remaining: 3m 57s
[stdout] Rendered 7389/8755, time remaining: 3m 57s
[stdout] Rendered 7390/8755, time remaining: 3m 57s
[stdout] Rendered 7391/8755, time remaining: 3m 56s
[stdout] Rendered 7392/8755, time remaining: 3m 56s
[stdout] Rendered 7393/8755, time remaining: 3m 56s
[stdout] Rendered 7394/8755, time remaining: 3m 56s
[stdout] Rendered 7395/8755, time remaining: 3m 56s
[stdout] Rendered 7396/8755, time remaining: 3m 56s
[stdout] Rendered 7397/8755, time remaining: 3m 55s
[stdout] Rendered 7398/8755, time remaining: 3m 55s
[stdout] Rendered 7399/8755, time remaining: 3m 55s
[stdout] Rendered 7400/8755, time remaining: 3m 55s
[stdout] Rendered 7401/8755, time remaining: 3m 55s
[stdout] Rendered 7402/8755, time remaining: 3m 54s
[stdout] Rendered 7403/8755, time remaining: 3m 54s
[stdout] Rendered 7403/8755, time remaining: 3m 54s
[stdout] Rendered 7404/8755, time remaining: 3m 54s
[stdout] Rendered 7405/8755, time remaining: 3m 54s
[stdout] Rendered 7406/8755, time remaining: 3m 54s
[stdout] Rendered 7407/8755, time remaining: 3m 54s
[stdout] Rendered 7408/8755, time remaining: 3m 53s
[stdout] Rendered 7409/8755, time remaining: 3m 53s
[stdout] Rendered 7410/8755, time remaining: 3m 53s
[stdout] Rendered 7411/8755, time remaining: 3m 53s
[stdout] Rendered 7412/8755, time remaining: 3m 53s
[stdout] Rendered 7413/8755, time remaining: 3m 53s
[stdout] Rendered 7414/8755, time remaining: 3m 52s
[stdout] Rendered 7415/8755, time remaining: 3m 52s
[stdout] Rendered 7416/8755, time remaining: 3m 52s
[stdout] Rendered 7417/8755, time remaining: 3m 52s
[stdout] Rendered 7418/8755, time remaining: 3m 52s
[stdout] Rendered 7419/8755, time remaining: 3m 51s
[stdout] Rendered 7420/8755, time remaining: 3m 51s
[stdout] Rendered 7421/8755, time remaining: 3m 51s
[stdout] Rendered 7422/8755, time remaining: 3m 51s
[stdout] Rendered 7422/8755, time remaining: 3m 51s
[stdout] Rendered 7423/8755, time remaining: 3m 51s
[stdout] Rendered 7424/8755, time remaining: 3m 51s
[stdout] Rendered 7425/8755, time remaining: 3m 50s
[stdout] Rendered 7426/8755, time remaining: 3m 50s
[stdout] Rendered 7427/8755, time remaining: 3m 50s
[stdout] Rendered 7428/8755, time remaining: 3m 50s
[stdout] Rendered 7429/8755, time remaining: 3m 50s
[stdout] Rendered 7430/8755, time remaining: 3m 50s
[stdout] Rendered 7431/8755, time remaining: 3m 49s
[stdout] Rendered 7432/8755, time remaining: 3m 49s
[stdout] Rendered 7433/8755, time remaining: 3m 49s
[stdout] Rendered 7434/8755, time remaining: 3m 49s
[stdout] Rendered 7435/8755, time remaining: 3m 49s
[stdout] Rendered 7436/8755, time remaining: 3m 48s
[stdout] Rendered 7437/8755, time remaining: 3m 48s
[stdout] Rendered 7438/8755, time remaining: 3m 48s
[stdout] Rendered 7439/8755, time remaining: 3m 48s
[stdout] Rendered 7440/8755, time remaining: 3m 48s
[stdout] Rendered 7441/8755, time remaining: 3m 48s
[stdout] Rendered 7441/8755, time remaining: 3m 48s
[stdout] Rendered 7442/8755, time remaining: 3m 47s
[stdout] Rendered 7443/8755, time remaining: 3m 47s
[stdout] Rendered 7444/8755, time remaining: 3m 47s
[stdout] Rendered 7445/8755, time remaining: 3m 47s
[stdout] Rendered 7446/8755, time remaining: 3m 47s
[stdout] Rendered 7447/8755, time remaining: 3m 47s
[stdout] Rendered 7448/8755, time remaining: 3m 46s
[stdout] Rendered 7449/8755, time remaining: 3m 46s
[stdout] Rendered 7450/8755, time remaining: 3m 46s
[stdout] Rendered 7451/8755, time remaining: 3m 46s
[stdout] Rendered 7452/8755, time remaining: 3m 46s
[stdout] Rendered 7453/8755, time remaining: 3m 46s
[stdout] Rendered 7454/8755, time remaining: 3m 45s
[stdout] Rendered 7455/8755, time remaining: 3m 45s
[stdout] Rendered 7456/8755, time remaining: 3m 45s
[stdout] Rendered 7457/8755, time remaining: 3m 45s
[stdout] Rendered 7458/8755, time remaining: 3m 45s
[stdout] Rendered 7459/8755, time remaining: 3m 44s
[stdout] Rendered 7459/8755, time remaining: 3m 44s
[stdout] Rendered 7460/8755, time remaining: 3m 44s
[stdout] Rendered 7461/8755, time remaining: 3m 44s
[stdout] Rendered 7462/8755, time remaining: 3m 44s
[stdout] Rendered 7463/8755, time remaining: 3m 44s
[stdout] Rendered 7464/8755, time remaining: 3m 44s
[stdout] Rendered 7465/8755, time remaining: 3m 43s
[stdout] Rendered 7466/8755, time remaining: 3m 43s
[stdout] Rendered 7467/8755, time remaining: 3m 43s
[stdout] Rendered 7468/8755, time remaining: 3m 43s
[stdout] Rendered 7469/8755, time remaining: 3m 43s
[stdout] Rendered 7470/8755, time remaining: 3m 43s
[stdout] Rendered 7471/8755, time remaining: 3m 42s
[stdout] Rendered 7472/8755, time remaining: 3m 42s
[stdout] Rendered 7473/8755, time remaining: 3m 42s
[stdout] Rendered 7474/8755, time remaining: 3m 42s
[stdout] Rendered 7475/8755, time remaining: 3m 42s
[stdout] Rendered 7476/8755, time remaining: 3m 41s
[stdout] Rendered 7477/8755, time remaining: 3m 41s
[stdout] Rendered 7478/8755, time remaining: 3m 41s
[stdout] Rendered 7479/8755, time remaining: 3m 41s
[stdout] Rendered 7479/8755, time remaining: 3m 41s
[stdout] Rendered 7480/8755, time remaining: 3m 41s
[stdout] Rendered 7481/8755, time remaining: 3m 41s
[stdout] Rendered 7482/8755, time remaining: 3m 40s
[stdout] Rendered 7483/8755, time remaining: 3m 40s
[stdout] Rendered 7484/8755, time remaining: 3m 40s
[stdout] Rendered 7485/8755, time remaining: 3m 40s
[stdout] Rendered 7486/8755, time remaining: 3m 40s
[stdout] Rendered 7487/8755, time remaining: 3m 40s
[stdout] Rendered 7488/8755, time remaining: 3m 39s
[stdout] Rendered 7489/8755, time remaining: 3m 39s
[stdout] Rendered 7490/8755, time remaining: 3m 39s
[stdout] Rendered 7491/8755, time remaining: 3m 39s
[stdout] Rendered 7492/8755, time remaining: 3m 39s
[stdout] Rendered 7493/8755, time remaining: 3m 38s
[stdout] Rendered 7494/8755, time remaining: 3m 38s
[stdout] Rendered 7495/8755, time remaining: 3m 38s
[stdout] Rendered 7496/8755, time remaining: 3m 38s
[stdout] Rendered 7497/8755, time remaining: 3m 38s
[stdout] Rendered 7498/8755, time remaining: 3m 38s
[stdout] Rendered 7498/8755, time remaining: 3m 38s
[stdout] Rendered 7499/8755, time remaining: 3m 37s
[stdout] Rendered 7500/8755, time remaining: 3m 37s
[stdout] Rendered 7501/8755, time remaining: 3m 37s
[stdout] Rendered 7502/8755, time remaining: 3m 37s
[stdout] Rendered 7503/8755, time remaining: 3m 37s
[stdout] Rendered 7504/8755, time remaining: 3m 37s
[stdout] Rendered 7505/8755, time remaining: 3m 36s
[stdout] Rendered 7506/8755, time remaining: 3m 36s
[stdout] Rendered 7507/8755, time remaining: 3m 36s
[stdout] Rendered 7508/8755, time remaining: 3m 36s
[stdout] Rendered 7509/8755, time remaining: 3m 36s
[stdout] Rendered 7510/8755, time remaining: 3m 36s
[stdout] Rendered 7511/8755, time remaining: 3m 35s
[stdout] Rendered 7512/8755, time remaining: 3m 35s
[stdout] Rendered 7513/8755, time remaining: 3m 35s
[stdout] Rendered 7514/8755, time remaining: 3m 35s
[stdout] Rendered 7515/8755, time remaining: 3m 35s
[stdout] Rendered 7516/8755, time remaining: 3m 34s
[stdout] Rendered 7516/8755, time remaining: 3m 34s
[stdout] Rendered 7517/8755, time remaining: 3m 34s
[stdout] Rendered 7518/8755, time remaining: 3m 34s
[stdout] Rendered 7519/8755, time remaining: 3m 34s
[stdout] Rendered 7520/8755, time remaining: 3m 34s
[stdout] Rendered 7521/8755, time remaining: 3m 34s
[stdout] Rendered 7522/8755, time remaining: 3m 33s
[stdout] Rendered 7523/8755, time remaining: 3m 33s
[stdout] Rendered 7524/8755, time remaining: 3m 33s
[stdout] Rendered 7525/8755, time remaining: 3m 33s
[stdout] Rendered 7526/8755, time remaining: 3m 33s
[stdout] Rendered 7527/8755, time remaining: 3m 33s
[stdout] Rendered 7528/8755, time remaining: 3m 32s
[stdout] Rendered 7529/8755, time remaining: 3m 32s
[stdout] Rendered 7530/8755, time remaining: 3m 32s
[stdout] Rendered 7531/8755, time remaining: 3m 32s
[stdout] Rendered 7532/8755, time remaining: 3m 32s
[stdout] Rendered 7533/8755, time remaining: 3m 31s
[stdout] Rendered 7534/8755, time remaining: 3m 31s
[stdout] Rendered 7534/8755, time remaining: 3m 31s
[stdout] Rendered 7535/8755, time remaining: 3m 31s
[stdout] Rendered 7536/8755, time remaining: 3m 31s
[stdout] Rendered 7537/8755, time remaining: 3m 31s
[stdout] Rendered 7538/8755, time remaining: 3m 31s
[stdout] Rendered 7539/8755, time remaining: 3m 30s
[stdout] Rendered 7540/8755, time remaining: 3m 30s
[stdout] Rendered 7541/8755, time remaining: 3m 30s
[stdout] Rendered 7542/8755, time remaining: 3m 30s
[stdout] Rendered 7543/8755, time remaining: 3m 30s
[stdout] Rendered 7544/8755, time remaining: 3m 30s
[stdout] Rendered 7545/8755, time remaining: 3m 29s
[stdout] Rendered 7546/8755, time remaining: 3m 29s
[stdout] Rendered 7547/8755, time remaining: 3m 29s
[stdout] Rendered 7548/8755, time remaining: 3m 29s
[stdout] Rendered 7549/8755, time remaining: 3m 29s
[stdout] Rendered 7550/8755, time remaining: 3m 28s
[stdout] Rendered 7551/8755, time remaining: 3m 28s
[stdout] Rendered 7552/8755, time remaining: 3m 28s
[stdout] Rendered 7553/8755, time remaining: 3m 28s
[stdout] Rendered 7553/8755, time remaining: 3m 28s
[stdout] Rendered 7554/8755, time remaining: 3m 28s
[stdout] Rendered 7555/8755, time remaining: 3m 28s
[stdout] Rendered 7556/8755, time remaining: 3m 27s
[stdout] Rendered 7557/8755, time remaining: 3m 27s
[stdout] Rendered 7558/8755, time remaining: 3m 27s
[stdout] Rendered 7559/8755, time remaining: 3m 27s
[stdout] Rendered 7560/8755, time remaining: 3m 27s
[stdout] Rendered 7561/8755, time remaining: 3m 27s
[stdout] Rendered 7562/8755, time remaining: 3m 26s
[stdout] Rendered 7563/8755, time remaining: 3m 26s
[stdout] Rendered 7564/8755, time remaining: 3m 26s
[stdout] Rendered 7565/8755, time remaining: 3m 26s
[stdout] Rendered 7566/8755, time remaining: 3m 26s
[stdout] Rendered 7567/8755, time remaining: 3m 26s
[stdout] Rendered 7568/8755, time remaining: 3m 25s
[stdout] Rendered 7569/8755, time remaining: 3m 25s
[stdout] Rendered 7570/8755, time remaining: 3m 25s
[stdout] Rendered 7571/8755, time remaining: 3m 25s
[stdout] Rendered 7571/8755, time remaining: 3m 25s
[stdout] Rendered 7572/8755, time remaining: 3m 25s
[stdout] Rendered 7573/8755, time remaining: 3m 24s
[stdout] Rendered 7574/8755, time remaining: 3m 24s
[stdout] Rendered 7575/8755, time remaining: 3m 24s
[stdout] Rendered 7576/8755, time remaining: 3m 24s
[stdout] Rendered 7577/8755, time remaining: 3m 24s
[stdout] Rendered 7578/8755, time remaining: 3m 24s
[stdout] Rendered 7579/8755, time remaining: 3m 23s
[stdout] Rendered 7580/8755, time remaining: 3m 23s
[stdout] Rendered 7581/8755, time remaining: 3m 23s
[stdout] Rendered 7582/8755, time remaining: 3m 23s
[stdout] Rendered 7583/8755, time remaining: 3m 23s
[stdout] Rendered 7584/8755, time remaining: 3m 23s
[stdout] Rendered 7585/8755, time remaining: 3m 22s
[stdout] Rendered 7586/8755, time remaining: 3m 22s
[stdout] Rendered 7587/8755, time remaining: 3m 22s
[stdout] Rendered 7588/8755, time remaining: 3m 22s
[stdout] Rendered 7589/8755, time remaining: 3m 22s
[stdout] Rendered 7590/8755, time remaining: 3m 21s
[stdout] Rendered 7591/8755, time remaining: 3m 21s
[stdout] Rendered 7591/8755, time remaining: 3m 21s
[stdout] Rendered 7592/8755, time remaining: 3m 21s
[stdout] Rendered 7593/8755, time remaining: 3m 21s
[stdout] Rendered 7594/8755, time remaining: 3m 21s
[stdout] Rendered 7595/8755, time remaining: 3m 21s
[stdout] Rendered 7596/8755, time remaining: 3m 20s
[stdout] Rendered 7597/8755, time remaining: 3m 20s
[stdout] Rendered 7598/8755, time remaining: 3m 20s
[stdout] Rendered 7599/8755, time remaining: 3m 20s
[stdout] Rendered 7600/8755, time remaining: 3m 20s
[stdout] Rendered 7601/8755, time remaining: 3m 20s
[stdout] Rendered 7602/8755, time remaining: 3m 19s
[stdout] Rendered 7603/8755, time remaining: 3m 19s
[stdout] Rendered 7604/8755, time remaining: 3m 19s
[stdout] Rendered 7605/8755, time remaining: 3m 19s
[stdout] Rendered 7606/8755, time remaining: 3m 19s
[stdout] Rendered 7607/8755, time remaining: 3m 19s
[stdout] Rendered 7608/8755, time remaining: 3m 18s
[stdout] Rendered 7609/8755, time remaining: 3m 18s
[stdout] Rendered 7609/8755, time remaining: 3m 18s
[stdout] Rendered 7610/8755, time remaining: 3m 18s
[stdout] Rendered 7611/8755, time remaining: 3m 18s
[stdout] Rendered 7612/8755, time remaining: 3m 18s
[stdout] Rendered 7613/8755, time remaining: 3m 17s
[stdout] Rendered 7614/8755, time remaining: 3m 17s
[stdout] Rendered 7615/8755, time remaining: 3m 17s
[stdout] Rendered 7616/8755, time remaining: 3m 17s
[stdout] Rendered 7617/8755, time remaining: 3m 17s
[stdout] Rendered 7618/8755, time remaining: 3m 17s
[stdout] Rendered 7619/8755, time remaining: 3m 16s
[stdout] Rendered 7620/8755, time remaining: 3m 16s
[stdout] Rendered 7621/8755, time remaining: 3m 16s
[stdout] Rendered 7622/8755, time remaining: 3m 16s
[stdout] Rendered 7623/8755, time remaining: 3m 16s
[stdout] Rendered 7624/8755, time remaining: 3m 16s
[stdout] Rendered 7625/8755, time remaining: 3m 15s
[stdout] Rendered 7626/8755, time remaining: 3m 15s
[stdout] Rendered 7627/8755, time remaining: 3m 15s
[stdout] Rendered 7628/8755, time remaining: 3m 15s
[stdout] Rendered 7628/8755, time remaining: 3m 15s
[stdout] Rendered 7629/8755, time remaining: 3m 15s
[stdout] Rendered 7630/8755, time remaining: 3m 14s
[stdout] Rendered 7631/8755, time remaining: 3m 14s
[stdout] Rendered 7632/8755, time remaining: 3m 14s
[stdout] Rendered 7633/8755, time remaining: 3m 14s
[stdout] Rendered 7634/8755, time remaining: 3m 14s
[stdout] Rendered 7635/8755, time remaining: 3m 14s
[stdout] Rendered 7636/8755, time remaining: 3m 13s
[stdout] Rendered 7637/8755, time remaining: 3m 13s
[stdout] Rendered 7638/8755, time remaining: 3m 13s
[stdout] Rendered 7639/8755, time remaining: 3m 13s
[stdout] Rendered 7640/8755, time remaining: 3m 13s
[stdout] Rendered 7641/8755, time remaining: 3m 13s
[stdout] Rendered 7642/8755, time remaining: 3m 12s
[stdout] Rendered 7643/8755, time remaining: 3m 12s
[stdout] Rendered 7644/8755, time remaining: 3m 12s
[stdout] Rendered 7645/8755, time remaining: 3m 12s
[stdout] Rendered 7646/8755, time remaining: 3m 12s
[stdout] Rendered 7647/8755, time remaining: 3m 12s
[stdout] Rendered 7647/8755, time remaining: 3m 12s
[stdout] Rendered 7648/8755, time remaining: 3m 11s
[stdout] Rendered 7649/8755, time remaining: 3m 11s
[stdout] Rendered 7650/8755, time remaining: 3m 11s
[stdout] Rendered 7651/8755, time remaining: 3m 11s
[stdout] Rendered 7652/8755, time remaining: 3m 11s
[stdout] Rendered 7653/8755, time remaining: 3m 10s
[stdout] Rendered 7654/8755, time remaining: 3m 10s
[stdout] Rendered 7655/8755, time remaining: 3m 10s
[stdout] Rendered 7656/8755, time remaining: 3m 10s
[stdout] Rendered 7657/8755, time remaining: 3m 10s
[stdout] Rendered 7658/8755, time remaining: 3m 10s
[stdout] Rendered 7659/8755, time remaining: 3m 9s
[stdout] Rendered 7660/8755, time remaining: 3m 9s
[stdout] Rendered 7661/8755, time remaining: 3m 9s
[stdout] Rendered 7662/8755, time remaining: 3m 9s
[stdout] Rendered 7663/8755, time remaining: 3m 9s
[stdout] Rendered 7664/8755, time remaining: 3m 9s
[stdout] Rendered 7665/8755, time remaining: 3m 8s
[stdout] Rendered 7665/8755, time remaining: 3m 8s
[stdout] Rendered 7666/8755, time remaining: 3m 8s
[stdout] Rendered 7667/8755, time remaining: 3m 8s
[stdout] Rendered 7668/8755, time remaining: 3m 8s
[stdout] Rendered 7669/8755, time remaining: 3m 8s
[stdout] Rendered 7670/8755, time remaining: 3m 7s
[stdout] Rendered 7671/8755, time remaining: 3m 7s
[stdout] Rendered 7672/8755, time remaining: 3m 7s
[stdout] Rendered 7673/8755, time remaining: 3m 7s
[stdout] Rendered 7674/8755, time remaining: 3m 7s
[stdout] Rendered 7675/8755, time remaining: 3m 7s
[stdout] Rendered 7676/8755, time remaining: 3m 6s
[stdout] Rendered 7677/8755, time remaining: 3m 6s
[stdout] Rendered 7678/8755, time remaining: 3m 6s
[stdout] Rendered 7679/8755, time remaining: 3m 6s
[stdout] Rendered 7680/8755, time remaining: 3m 6s
[stdout] Rendered 7680/8755, time remaining: 3m 6s
[stdout] Rendered 7681/8755, time remaining: 3m 6s
[stdout] Rendered 7682/8755, time remaining: 3m 5s
[stdout] Rendered 7683/8755, time remaining: 3m 5s
[stdout] Rendered 7684/8755, time remaining: 3m 5s
[stdout] Rendered 7685/8755, time remaining: 3m 5s
[stdout] Rendered 7686/8755, time remaining: 3m 5s
[stdout] Rendered 7687/8755, time remaining: 3m 5s
[stdout] Rendered 7688/8755, time remaining: 3m 4s
[stdout] Rendered 7689/8755, time remaining: 3m 4s
[stdout] Rendered 7690/8755, time remaining: 3m 4s
[stdout] Rendered 7691/8755, time remaining: 3m 4s
[stdout] Rendered 7692/8755, time remaining: 3m 4s
[stdout] Rendered 7693/8755, time remaining: 3m 4s
[stdout] Rendered 7694/8755, time remaining: 3m 3s
[stdout] Rendered 7695/8755, time remaining: 3m 3s
[stdout] Rendered 7696/8755, time remaining: 3m 3s
[stdout] Rendered 7697/8755, time remaining: 3m 3s
[stdout] Rendered 7698/8755, time remaining: 3m 3s
[stdout] Rendered 7699/8755, time remaining: 3m 2s
[stdout] Rendered 7700/8755, time remaining: 3m 2s
[stdout] Rendered 7700/8755, time remaining: 3m 2s
[stdout] Rendered 7701/8755, time remaining: 3m 2s
[stdout] Rendered 7702/8755, time remaining: 3m 2s
[stdout] Rendered 7703/8755, time remaining: 3m 2s
[stdout] Rendered 7704/8755, time remaining: 3m 2s
[stdout] Rendered 7705/8755, time remaining: 3m 1s
[stdout] Rendered 7706/8755, time remaining: 3m 1s
[stdout] Rendered 7707/8755, time remaining: 3m 1s
[stdout] Rendered 7708/8755, time remaining: 3m 1s
[stdout] Rendered 7709/8755, time remaining: 3m 1s
[stdout] Rendered 7710/8755, time remaining: 3m 1s
[stdout] Rendered 7711/8755, time remaining: 3m 0s
[stdout] Rendered 7712/8755, time remaining: 3m 0s
[stdout] Rendered 7713/8755, time remaining: 3m 0s
[stdout] Rendered 7714/8755, time remaining: 3m 0s
[stdout] Rendered 7715/8755, time remaining: 3m 0s
[stdout] Rendered 7715/8755, time remaining: 3m 0s
[stdout] Rendered 7716/8755, time remaining: 3m 0s
[stdout] Rendered 7717/8755, time remaining: 2m 59s
[stdout] Rendered 7718/8755, time remaining: 2m 59s
[stdout] Rendered 7719/8755, time remaining: 2m 59s
[stdout] Rendered 7720/8755, time remaining: 2m 59s
[stdout] Rendered 7721/8755, time remaining: 2m 59s
[stdout] Rendered 7722/8755, time remaining: 2m 59s
[stdout] Rendered 7723/8755, time remaining: 2m 58s
[stdout] Rendered 7724/8755, time remaining: 2m 58s
[stdout] Rendered 7725/8755, time remaining: 2m 58s
[stdout] Rendered 7726/8755, time remaining: 2m 58s
[stdout] Rendered 7727/8755, time remaining: 2m 58s
[stdout] Rendered 7728/8755, time remaining: 2m 57s
[stdout] Rendered 7729/8755, time remaining: 2m 57s
[stdout] Rendered 7730/8755, time remaining: 2m 57s
[stdout] Rendered 7731/8755, time remaining: 2m 57s
[stdout] Rendered 7732/8755, time remaining: 2m 57s
[stdout] Rendered 7733/8755, time remaining: 2m 57s
[stdout] Rendered 7733/8755, time remaining: 2m 57s
[stdout] Rendered 7734/8755, time remaining: 2m 56s
[stdout] Rendered 7735/8755, time remaining: 2m 56s
[stdout] Rendered 7736/8755, time remaining: 2m 56s
[stdout] Rendered 7737/8755, time remaining: 2m 56s
[stdout] Rendered 7738/8755, time remaining: 2m 56s
[stdout] Rendered 7739/8755, time remaining: 2m 56s
[stdout] Rendered 7740/8755, time remaining: 2m 55s
[stdout] Rendered 7741/8755, time remaining: 2m 55s
[stdout] Rendered 7742/8755, time remaining: 2m 55s
[stdout] Rendered 7743/8755, time remaining: 2m 55s
[stdout] Rendered 7744/8755, time remaining: 2m 55s
[stdout] Rendered 7745/8755, time remaining: 2m 55s
[stdout] Rendered 7746/8755, time remaining: 2m 54s
[stdout] Rendered 7747/8755, time remaining: 2m 54s
[stdout] Rendered 7748/8755, time remaining: 2m 54s
[stdout] Rendered 7749/8755, time remaining: 2m 54s
[stdout] Rendered 7750/8755, time remaining: 2m 54s
[stdout] Rendered 7751/8755, time remaining: 2m 53s
[stdout] Rendered 7752/8755, time remaining: 2m 53s
[stdout] Rendered 7753/8755, time remaining: 2m 53s
[stdout] Rendered 7753/8755, time remaining: 2m 53s
[stdout] Rendered 7754/8755, time remaining: 2m 53s
[stdout] Rendered 7755/8755, time remaining: 2m 53s
[stdout] Rendered 7756/8755, time remaining: 2m 53s
[stdout] Rendered 7757/8755, time remaining: 2m 52s
[stdout] Rendered 7758/8755, time remaining: 2m 52s
[stdout] Rendered 7759/8755, time remaining: 2m 52s
[stdout] Rendered 7760/8755, time remaining: 2m 52s
[stdout] Rendered 7761/8755, time remaining: 2m 52s
[stdout] Rendered 7762/8755, time remaining: 2m 52s
[stdout] Rendered 7763/8755, time remaining: 2m 51s
[stdout] Rendered 7764/8755, time remaining: 2m 51s
[stdout] Rendered 7765/8755, time remaining: 2m 51s
[stdout] Rendered 7766/8755, time remaining: 2m 51s
[stdout] Rendered 7767/8755, time remaining: 2m 51s
[stdout] Rendered 7768/8755, time remaining: 2m 51s
[stdout] Rendered 7769/8755, time remaining: 2m 50s
[stdout] Rendered 7770/8755, time remaining: 2m 50s
[stdout] Rendered 7770/8755, time remaining: 2m 50s
[stdout] Rendered 7771/8755, time remaining: 2m 50s
[stdout] Rendered 7772/8755, time remaining: 2m 50s
[stdout] Rendered 7773/8755, time remaining: 2m 50s
[stdout] Rendered 7774/8755, time remaining: 2m 49s
[stdout] Rendered 7775/8755, time remaining: 2m 49s
[stdout] Rendered 7776/8755, time remaining: 2m 49s
[stdout] Rendered 7777/8755, time remaining: 2m 49s
[stdout] Rendered 7778/8755, time remaining: 2m 49s
[stdout] Rendered 7779/8755, time remaining: 2m 49s
[stdout] Rendered 7780/8755, time remaining: 2m 48s
[stdout] Rendered 7781/8755, time remaining: 2m 48s
[stdout] Rendered 7782/8755, time remaining: 2m 48s
[stdout] Rendered 7783/8755, time remaining: 2m 48s
[stdout] Rendered 7784/8755, time remaining: 2m 48s
[stdout] Rendered 7785/8755, time remaining: 2m 48s
[stdout] Rendered 7786/8755, time remaining: 2m 47s
[stdout] Rendered 7787/8755, time remaining: 2m 47s
[stdout] Rendered 7788/8755, time remaining: 2m 47s
[stdout] Rendered 7789/8755, time remaining: 2m 47s
[stdout] Rendered 7790/8755, time remaining: 2m 47s
[stdout] Rendered 7790/8755, time remaining: 2m 47s
[stdout] Rendered 7791/8755, time remaining: 2m 46s
[stdout] Rendered 7792/8755, time remaining: 2m 46s
[stdout] Rendered 7793/8755, time remaining: 2m 46s
[stdout] Rendered 7794/8755, time remaining: 2m 46s
[stdout] Rendered 7795/8755, time remaining: 2m 46s
[stdout] Rendered 7796/8755, time remaining: 2m 46s
[stdout] Rendered 7797/8755, time remaining: 2m 45s
[stdout] Rendered 7798/8755, time remaining: 2m 45s
[stdout] Rendered 7799/8755, time remaining: 2m 45s
[stdout] Rendered 7800/8755, time remaining: 2m 45s
[stdout] Rendered 7801/8755, time remaining: 2m 45s
[stdout] Rendered 7802/8755, time remaining: 2m 45s
[stdout] Rendered 7803/8755, time remaining: 2m 44s
[stdout] Rendered 7804/8755, time remaining: 2m 44s
[stdout] Rendered 7805/8755, time remaining: 2m 44s
[stdout] Rendered 7806/8755, time remaining: 2m 44s
[stdout] Rendered 7807/8755, time remaining: 2m 44s
[stdout] Rendered 7808/8755, time remaining: 2m 44s
[stdout] Rendered 7808/8755, time remaining: 2m 44s
[stdout] Rendered 7809/8755, time remaining: 2m 43s
[stdout] Rendered 7810/8755, time remaining: 2m 43s
[stdout] Rendered 7811/8755, time remaining: 2m 43s
[stdout] Rendered 7812/8755, time remaining: 2m 43s
[stdout] Rendered 7813/8755, time remaining: 2m 43s
[stdout] Rendered 7814/8755, time remaining: 2m 42s
[stdout] Rendered 7815/8755, time remaining: 2m 42s
[stdout] Rendered 7816/8755, time remaining: 2m 42s
[stdout] Rendered 7817/8755, time remaining: 2m 42s
[stdout] Rendered 7818/8755, time remaining: 2m 42s
[stdout] Rendered 7819/8755, time remaining: 2m 42s
[stdout] Rendered 7820/8755, time remaining: 2m 41s
[stdout] Rendered 7821/8755, time remaining: 2m 41s
[stdout] Rendered 7822/8755, time remaining: 2m 41s
[stdout] Rendered 7823/8755, time remaining: 2m 41s
[stdout] Rendered 7824/8755, time remaining: 2m 41s
[stdout] Rendered 7825/8755, time remaining: 2m 41s
[stdout] Rendered 7826/8755, time remaining: 2m 40s
[stdout] Rendered 7827/8755, time remaining: 2m 40s
[stdout] Rendered 7827/8755, time remaining: 2m 40s
[stdout] Rendered 7828/8755, time remaining: 2m 40s
[stdout] Rendered 7829/8755, time remaining: 2m 40s
[stdout] Rendered 7830/8755, time remaining: 2m 40s
[stdout] Rendered 7831/8755, time remaining: 2m 39s
[stdout] Rendered 7832/8755, time remaining: 2m 39s
[stdout] Rendered 7833/8755, time remaining: 2m 39s
[stdout] Rendered 7834/8755, time remaining: 2m 39s
[stdout] Rendered 7835/8755, time remaining: 2m 39s
[stdout] Rendered 7836/8755, time remaining: 2m 39s
[stdout] Rendered 7837/8755, time remaining: 2m 38s
[stdout] Rendered 7838/8755, time remaining: 2m 38s
[stdout] Rendered 7839/8755, time remaining: 2m 38s
[stdout] Rendered 7840/8755, time remaining: 2m 38s
[stdout] Rendered 7841/8755, time remaining: 2m 38s
[stdout] Rendered 7842/8755, time remaining: 2m 38s
[stdout] Rendered 7843/8755, time remaining: 2m 37s
[stdout] Rendered 7844/8755, time remaining: 2m 37s
[stdout] Rendered 7845/8755, time remaining: 2m 37s
[stdout] Rendered 7845/8755, time remaining: 2m 37s
[stdout] Rendered 7846/8755, time remaining: 2m 37s
[stdout] Rendered 7847/8755, time remaining: 2m 37s
[stdout] Rendered 7848/8755, time remaining: 2m 37s
[stdout] Rendered 7849/8755, time remaining: 2m 36s
[stdout] Rendered 7850/8755, time remaining: 2m 36s
[stdout] Rendered 7851/8755, time remaining: 2m 36s
[stdout] Rendered 7852/8755, time remaining: 2m 36s
[stdout] Rendered 7853/8755, time remaining: 2m 36s
[stdout] Rendered 7854/8755, time remaining: 2m 35s
[stdout] Rendered 7855/8755, time remaining: 2m 35s
[stdout] Rendered 7856/8755, time remaining: 2m 35s
[stdout] Rendered 7857/8755, time remaining: 2m 35s
[stdout] Rendered 7858/8755, time remaining: 2m 35s
[stdout] Rendered 7859/8755, time remaining: 2m 35s
[stdout] Rendered 7860/8755, time remaining: 2m 34s
[stdout] Rendered 7861/8755, time remaining: 2m 34s
[stdout] Rendered 7862/8755, time remaining: 2m 34s
[stdout] Rendered 7863/8755, time remaining: 2m 34s
[stdout] Rendered 7864/8755, time remaining: 2m 34s
[stdout] Rendered 7864/8755, time remaining: 2m 34s
[stdout] Rendered 7865/8755, time remaining: 2m 34s
[stdout] Rendered 7866/8755, time remaining: 2m 33s
[stdout] Rendered 7867/8755, time remaining: 2m 33s
[stdout] Rendered 7868/8755, time remaining: 2m 33s
[stdout] Rendered 7869/8755, time remaining: 2m 33s
[stdout] Rendered 7870/8755, time remaining: 2m 33s
[stdout] Rendered 7871/8755, time remaining: 2m 33s
[stdout] Rendered 7872/8755, time remaining: 2m 32s
[stdout] Rendered 7873/8755, time remaining: 2m 32s
[stdout] Rendered 7874/8755, time remaining: 2m 32s
[stdout] Rendered 7875/8755, time remaining: 2m 32s
[stdout] Rendered 7876/8755, time remaining: 2m 32s
[stdout] Rendered 7877/8755, time remaining: 2m 31s
[stdout] Rendered 7878/8755, time remaining: 2m 31s
[stdout] Rendered 7879/8755, time remaining: 2m 31s
[stdout] Rendered 7880/8755, time remaining: 2m 31s
[stdout] Rendered 7881/8755, time remaining: 2m 31s
[stdout] Rendered 7882/8755, time remaining: 2m 31s
[stdout] Rendered 7883/8755, time remaining: 2m 30s
[stdout] Rendered 7883/8755, time remaining: 2m 30s
[stdout] Rendered 7884/8755, time remaining: 2m 30s
[stdout] Rendered 7885/8755, time remaining: 2m 30s
[stdout] Rendered 7886/8755, time remaining: 2m 30s
[stdout] Rendered 7887/8755, time remaining: 2m 30s
[stdout] Rendered 7888/8755, time remaining: 2m 30s
[stdout] Rendered 7889/8755, time remaining: 2m 29s
[stdout] Rendered 7890/8755, time remaining: 2m 29s
[stdout] Rendered 7891/8755, time remaining: 2m 29s
[stdout] Rendered 7892/8755, time remaining: 2m 29s
[stdout] Rendered 7893/8755, time remaining: 2m 29s
[stdout] Rendered 7894/8755, time remaining: 2m 29s
[stdout] Rendered 7895/8755, time remaining: 2m 28s
[stdout] Rendered 7896/8755, time remaining: 2m 28s
[stdout] Rendered 7897/8755, time remaining: 2m 28s
[stdout] Rendered 7898/8755, time remaining: 2m 28s
[stdout] Rendered 7899/8755, time remaining: 2m 28s
[stdout] Rendered 7900/8755, time remaining: 2m 27s
[stdout] Rendered 7901/8755, time remaining: 2m 27s
[stdout] Rendered 7902/8755, time remaining: 2m 27s
[stdout] Rendered 7902/8755, time remaining: 2m 27s
[stdout] Rendered 7903/8755, time remaining: 2m 27s
[stdout] Rendered 7904/8755, time remaining: 2m 27s
[stdout] Rendered 7905/8755, time remaining: 2m 27s
[stdout] Rendered 7906/8755, time remaining: 2m 26s
[stdout] Rendered 7907/8755, time remaining: 2m 26s
[stdout] Rendered 7908/8755, time remaining: 2m 26s
[stdout] Rendered 7909/8755, time remaining: 2m 26s
[stdout] Rendered 7910/8755, time remaining: 2m 26s
[stdout] Rendered 7911/8755, time remaining: 2m 26s
[stdout] Rendered 7912/8755, time remaining: 2m 25s
[stdout] Rendered 7913/8755, time remaining: 2m 25s
[stdout] Rendered 7914/8755, time remaining: 2m 25s
[stdout] Rendered 7915/8755, time remaining: 2m 25s
[stdout] Rendered 7916/8755, time remaining: 2m 25s
[stdout] Rendered 7917/8755, time remaining: 2m 24s
[stdout] Rendered 7918/8755, time remaining: 2m 24s
[stdout] Rendered 7919/8755, time remaining: 2m 24s
[stdout] Rendered 7920/8755, time remaining: 2m 24s
[stdout] Rendered 7921/8755, time remaining: 2m 24s
[stdout] Rendered 7921/8755, time remaining: 2m 24s
[stdout] Rendered 7922/8755, time remaining: 2m 24s
[stdout] Rendered 7923/8755, time remaining: 2m 23s
[stdout] Rendered 7924/8755, time remaining: 2m 23s
[stdout] Rendered 7925/8755, time remaining: 2m 23s
[stdout] Rendered 7926/8755, time remaining: 2m 23s
[stdout] Rendered 7927/8755, time remaining: 2m 23s
[stdout] Rendered 7928/8755, time remaining: 2m 23s
[stdout] Rendered 7929/8755, time remaining: 2m 22s
[stdout] Rendered 7930/8755, time remaining: 2m 22s
[stdout] Rendered 7931/8755, time remaining: 2m 22s
[stdout] Rendered 7932/8755, time remaining: 2m 22s
[stdout] Rendered 7933/8755, time remaining: 2m 22s
[stdout] Rendered 7934/8755, time remaining: 2m 22s
[stdout] Rendered 7935/8755, time remaining: 2m 21s
[stdout] Rendered 7936/8755, time remaining: 2m 21s
[stdout] Rendered 7937/8755, time remaining: 2m 21s
[stdout] Rendered 7938/8755, time remaining: 2m 21s
[stdout] Rendered 7939/8755, time remaining: 2m 21s
[stdout] Rendered 7940/8755, time remaining: 2m 20s
[stdout] Rendered 7940/8755, time remaining: 2m 20s
[stdout] Rendered 7941/8755, time remaining: 2m 20s
[stdout] Rendered 7942/8755, time remaining: 2m 20s
[stdout] Rendered 7943/8755, time remaining: 2m 20s
[stdout] Rendered 7944/8755, time remaining: 2m 20s
[stdout] Rendered 7945/8755, time remaining: 2m 20s
[stdout] Rendered 7946/8755, time remaining: 2m 19s
[stdout] Rendered 7947/8755, time remaining: 2m 19s
[stdout] Rendered 7948/8755, time remaining: 2m 19s
[stdout] Rendered 7949/8755, time remaining: 2m 19s
[stdout] Rendered 7950/8755, time remaining: 2m 19s
[stdout] Rendered 7951/8755, time remaining: 2m 19s
[stdout] Rendered 7952/8755, time remaining: 2m 18s
[stdout] Rendered 7953/8755, time remaining: 2m 18s
[stdout] Rendered 7954/8755, time remaining: 2m 18s
[stdout] Rendered 7955/8755, time remaining: 2m 18s
[stdout] Rendered 7956/8755, time remaining: 2m 18s
[stdout] Rendered 7957/8755, time remaining: 2m 18s
[stdout] Rendered 7958/8755, time remaining: 2m 17s
[stdout] Rendered 7959/8755, time remaining: 2m 17s
[stdout] Rendered 7960/8755, time remaining: 2m 17s
[stdout] Rendered 7960/8755, time remaining: 2m 17s
[stdout] Rendered 7961/8755, time remaining: 2m 17s
[stdout] Rendered 7962/8755, time remaining: 2m 17s
[stdout] Rendered 7963/8755, time remaining: 2m 16s
[stdout] Rendered 7964/8755, time remaining: 2m 16s
[stdout] Rendered 7965/8755, time remaining: 2m 16s
[stdout] Rendered 7966/8755, time remaining: 2m 16s
[stdout] Rendered 7967/8755, time remaining: 2m 16s
[stdout] Rendered 7968/8755, time remaining: 2m 16s
[stdout] Rendered 7969/8755, time remaining: 2m 15s
[stdout] Rendered 7970/8755, time remaining: 2m 15s
[stdout] Rendered 7971/8755, time remaining: 2m 15s
[stdout] Rendered 7972/8755, time remaining: 2m 15s
[stdout] Rendered 7973/8755, time remaining: 2m 15s
[stdout] Rendered 7974/8755, time remaining: 2m 15s
[stdout] Rendered 7975/8755, time remaining: 2m 14s
[stdout] Rendered 7976/8755, time remaining: 2m 14s
[stdout] Rendered 7977/8755, time remaining: 2m 14s
[stdout] Rendered 7978/8755, time remaining: 2m 14s
[stdout] Rendered 7979/8755, time remaining: 2m 14s
[stdout] Rendered 7979/8755, time remaining: 2m 14s
[stdout] Rendered 7980/8755, time remaining: 2m 14s
[stdout] Rendered 7981/8755, time remaining: 2m 13s
[stdout] Rendered 7982/8755, time remaining: 2m 13s
[stdout] Rendered 7983/8755, time remaining: 2m 13s
[stdout] Rendered 7984/8755, time remaining: 2m 13s
[stdout] Rendered 7985/8755, time remaining: 2m 13s
[stdout] Rendered 7986/8755, time remaining: 2m 12s
[stdout] Rendered 7987/8755, time remaining: 2m 12s
[stdout] Rendered 7988/8755, time remaining: 2m 12s
[stdout] Rendered 7989/8755, time remaining: 2m 12s
[stdout] Rendered 7990/8755, time remaining: 2m 12s
[stdout] Rendered 7991/8755, time remaining: 2m 12s
[stdout] Rendered 7992/8755, time remaining: 2m 11s
[stdout] Rendered 7993/8755, time remaining: 2m 11s
[stdout] Rendered 7994/8755, time remaining: 2m 11s
[stdout] Rendered 7995/8755, time remaining: 2m 11s
[stdout] Rendered 7996/8755, time remaining: 2m 11s
[stdout] Rendered 7997/8755, time remaining: 2m 11s
[stdout] Rendered 7997/8755, time remaining: 2m 11s
[stdout] Rendered 7998/8755, time remaining: 2m 10s
[stdout] Rendered 7999/8755, time remaining: 2m 10s
[stdout] Rendered 8000/8755, time remaining: 2m 10s
[stdout] Rendered 8001/8755, time remaining: 2m 10s
[stdout] Rendered 8002/8755, time remaining: 2m 10s
[stdout] Rendered 8003/8755, time remaining: 2m 10s
[stdout] Rendered 8004/8755, time remaining: 2m 9s
[stdout] Rendered 8005/8755, time remaining: 2m 9s
[stdout] Rendered 8006/8755, time remaining: 2m 9s
[stdout] Rendered 8007/8755, time remaining: 2m 9s
[stdout] Rendered 8008/8755, time remaining: 2m 9s
[stdout] Rendered 8009/8755, time remaining: 2m 8s
[stdout] Rendered 8010/8755, time remaining: 2m 8s
[stdout] Rendered 8011/8755, time remaining: 2m 8s
[stdout] Rendered 8012/8755, time remaining: 2m 8s
[stdout] Rendered 8013/8755, time remaining: 2m 8s
[stdout] Rendered 8013/8755, time remaining: 2m 8s
[stdout] Rendered 8014/8755, time remaining: 2m 8s
[stdout] Rendered 8015/8755, time remaining: 2m 7s
[stdout] Rendered 8016/8755, time remaining: 2m 7s
[stdout] Rendered 8017/8755, time remaining: 2m 7s
[stdout] Rendered 8018/8755, time remaining: 2m 7s
[stdout] Rendered 8019/8755, time remaining: 2m 7s
[stdout] Rendered 8020/8755, time remaining: 2m 7s
[stdout] Rendered 8021/8755, time remaining: 2m 6s
[stdout] Rendered 8022/8755, time remaining: 2m 6s
[stdout] Rendered 8023/8755, time remaining: 2m 6s
[stdout] Rendered 8024/8755, time remaining: 2m 6s
[stdout] Rendered 8025/8755, time remaining: 2m 6s
[stdout] Rendered 8026/8755, time remaining: 2m 6s
[stdout] Rendered 8027/8755, time remaining: 2m 5s
[stdout] Rendered 8028/8755, time remaining: 2m 5s
[stdout] Rendered 8029/8755, time remaining: 2m 5s
[stdout] Rendered 8030/8755, time remaining: 2m 5s
[stdout] Rendered 8031/8755, time remaining: 2m 5s
[stdout] Rendered 8031/8755, time remaining: 2m 5s
[stdout] Rendered 8032/8755, time remaining: 2m 5s
[stdout] Rendered 8033/8755, time remaining: 2m 4s
[stdout] Rendered 8034/8755, time remaining: 2m 4s
[stdout] Rendered 8035/8755, time remaining: 2m 4s
[stdout] Rendered 8036/8755, time remaining: 2m 4s
[stdout] Rendered 8037/8755, time remaining: 2m 4s
[stdout] Rendered 8038/8755, time remaining: 2m 3s
[stdout] Rendered 8039/8755, time remaining: 2m 3s
[stdout] Rendered 8040/8755, time remaining: 2m 3s
[stdout] Rendered 8041/8755, time remaining: 2m 3s
[stdout] Rendered 8042/8755, time remaining: 2m 3s
[stdout] Rendered 8043/8755, time remaining: 2m 3s
[stdout] Rendered 8044/8755, time remaining: 2m 2s
[stdout] Rendered 8045/8755, time remaining: 2m 2s
[stdout] Rendered 8046/8755, time remaining: 2m 2s
[stdout] Rendered 8047/8755, time remaining: 2m 2s
[stdout] Rendered 8048/8755, time remaining: 2m 2s
[stdout] Rendered 8049/8755, time remaining: 2m 2s
[stdout] Rendered 8050/8755, time remaining: 2m 1s
[stdout] Rendered 8051/8755, time remaining: 2m 1s
[stdout] Rendered 8051/8755, time remaining: 2m 1s
[stdout] Rendered 8052/8755, time remaining: 2m 1s
[stdout] Rendered 8053/8755, time remaining: 2m 1s
[stdout] Rendered 8054/8755, time remaining: 2m 1s
[stdout] Rendered 8055/8755, time remaining: 2m 1s
[stdout] Rendered 8056/8755, time remaining: 2m 0s
[stdout] Rendered 8057/8755, time remaining: 2m 0s
[stdout] Rendered 8058/8755, time remaining: 2m 0s
[stdout] Rendered 8059/8755, time remaining: 2m 0s
[stdout] Rendered 8060/8755, time remaining: 2m 0s
[stdout] Rendered 8061/8755, time remaining: 1m 59s
[stdout] Rendered 8062/8755, time remaining: 1m 59s
[stdout] Rendered 8063/8755, time remaining: 1m 59s
[stdout] Rendered 8064/8755, time remaining: 1m 59s
[stdout] Rendered 8065/8755, time remaining: 1m 59s
[stdout] Rendered 8066/8755, time remaining: 1m 59s
[stdout] Rendered 8067/8755, time remaining: 1m 58s
[stdout] Rendered 8068/8755, time remaining: 1m 58s
[stdout] Rendered 8069/8755, time remaining: 1m 58s
[stdout] Rendered 8070/8755, time remaining: 1m 58s
[stdout] Rendered 8070/8755, time remaining: 1m 58s
[stdout] Rendered 8071/8755, time remaining: 1m 58s
[stdout] Rendered 8072/8755, time remaining: 1m 58s
[stdout] Rendered 8073/8755, time remaining: 1m 57s
[stdout] Rendered 8074/8755, time remaining: 1m 57s
[stdout] Rendered 8075/8755, time remaining: 1m 57s
[stdout] Rendered 8076/8755, time remaining: 1m 57s
[stdout] Rendered 8077/8755, time remaining: 1m 57s
[stdout] Rendered 8078/8755, time remaining: 1m 56s
[stdout] Rendered 8079/8755, time remaining: 1m 56s
[stdout] Rendered 8080/8755, time remaining: 1m 56s
[stdout] Rendered 8081/8755, time remaining: 1m 56s
[stdout] Rendered 8082/8755, time remaining: 1m 56s
[stdout] Rendered 8083/8755, time remaining: 1m 56s
[stdout] Rendered 8084/8755, time remaining: 1m 55s
[stdout] Rendered 8085/8755, time remaining: 1m 55s
[stdout] Rendered 8086/8755, time remaining: 1m 55s
[stdout] Rendered 8087/8755, time remaining: 1m 55s
[stdout] Rendered 8088/8755, time remaining: 1m 55s
[stdout] Rendered 8089/8755, time remaining: 1m 55s
[stdout] Rendered 8090/8755, time remaining: 1m 54s
[stdout] Rendered 8091/8755, time remaining: 1m 54s
[stdout] Rendered 8091/8755, time remaining: 1m 54s
[stdout] Rendered 8092/8755, time remaining: 1m 54s
[stdout] Rendered 8093/8755, time remaining: 1m 54s
[stdout] Rendered 8094/8755, time remaining: 1m 54s
[stdout] Rendered 8095/8755, time remaining: 1m 54s
[stdout] Rendered 8096/8755, time remaining: 1m 53s
[stdout] Rendered 8097/8755, time remaining: 1m 53s
[stdout] Rendered 8098/8755, time remaining: 1m 53s
[stdout] Rendered 8099/8755, time remaining: 1m 53s
[stdout] Rendered 8100/8755, time remaining: 1m 53s
[stdout] Rendered 8101/8755, time remaining: 1m 52s
[stdout] Rendered 8102/8755, time remaining: 1m 52s
[stdout] Rendered 8103/8755, time remaining: 1m 52s
[stdout] Rendered 8104/8755, time remaining: 1m 52s
[stdout] Rendered 8105/8755, time remaining: 1m 52s
[stdout] Rendered 8106/8755, time remaining: 1m 52s
[stdout] Rendered 8107/8755, time remaining: 1m 51s
[stdout] Rendered 8108/8755, time remaining: 1m 51s
[stdout] Rendered 8109/8755, time remaining: 1m 51s
[stdout] Rendered 8109/8755, time remaining: 1m 51s
[stdout] Rendered 8110/8755, time remaining: 1m 51s
[stdout] Rendered 8111/8755, time remaining: 1m 51s
[stdout] Rendered 8112/8755, time remaining: 1m 51s
[stdout] Rendered 8113/8755, time remaining: 1m 50s
[stdout] Rendered 8114/8755, time remaining: 1m 50s
[stdout] Rendered 8115/8755, time remaining: 1m 50s
[stdout] Rendered 8116/8755, time remaining: 1m 50s
[stdout] Rendered 8117/8755, time remaining: 1m 50s
[stdout] Rendered 8118/8755, time remaining: 1m 50s
[stdout] Rendered 8119/8755, time remaining: 1m 49s
[stdout] Rendered 8120/8755, time remaining: 1m 49s
[stdout] Rendered 8121/8755, time remaining: 1m 49s
[stdout] Rendered 8122/8755, time remaining: 1m 49s
[stdout] Rendered 8123/8755, time remaining: 1m 49s
[stdout] Rendered 8124/8755, time remaining: 1m 48s
[stdout] Rendered 8125/8755, time remaining: 1m 48s
[stdout] Rendered 8126/8755, time remaining: 1m 48s
[stdout] Rendered 8127/8755, time remaining: 1m 48s
[stdout] Rendered 8128/8755, time remaining: 1m 48s
[stdout] Rendered 8129/8755, time remaining: 1m 48s
[stdout] Rendered 8129/8755, time remaining: 1m 48s
[stdout] Rendered 8130/8755, time remaining: 1m 47s
[stdout] Rendered 8131/8755, time remaining: 1m 47s
[stdout] Rendered 8132/8755, time remaining: 1m 47s
[stdout] Rendered 8133/8755, time remaining: 1m 47s
[stdout] Rendered 8134/8755, time remaining: 1m 47s
[stdout] Rendered 8135/8755, time remaining: 1m 47s
[stdout] Rendered 8136/8755, time remaining: 1m 46s
[stdout] Rendered 8137/8755, time remaining: 1m 46s
[stdout] Rendered 8138/8755, time remaining: 1m 46s
[stdout] Rendered 8139/8755, time remaining: 1m 46s
[stdout] Rendered 8140/8755, time remaining: 1m 46s
[stdout] Rendered 8141/8755, time remaining: 1m 46s
[stdout] Rendered 8142/8755, time remaining: 1m 45s
[stdout] Rendered 8143/8755, time remaining: 1m 45s
[stdout] Rendered 8144/8755, time remaining: 1m 45s
[stdout] Rendered 8145/8755, time remaining: 1m 45s
[stdout] Rendered 8146/8755, time remaining: 1m 45s
[stdout] Rendered 8147/8755, time remaining: 1m 44s
[stdout] Rendered 8148/8755, time remaining: 1m 44s
[stdout] Rendered 8148/8755, time remaining: 1m 44s
[stdout] Rendered 8149/8755, time remaining: 1m 44s
[stdout] Rendered 8150/8755, time remaining: 1m 44s
[stdout] Rendered 8151/8755, time remaining: 1m 44s
[stdout] Rendered 8152/8755, time remaining: 1m 44s
[stdout] Rendered 8153/8755, time remaining: 1m 43s
[stdout] Rendered 8154/8755, time remaining: 1m 43s
[stdout] Rendered 8155/8755, time remaining: 1m 43s
[stdout] Rendered 8156/8755, time remaining: 1m 43s
[stdout] Rendered 8157/8755, time remaining: 1m 43s
[stdout] Rendered 8158/8755, time remaining: 1m 43s
[stdout] Rendered 8159/8755, time remaining: 1m 42s
[stdout] Rendered 8160/8755, time remaining: 1m 42s
[stdout] Rendered 8161/8755, time remaining: 1m 42s
[stdout] Rendered 8162/8755, time remaining: 1m 42s
[stdout] Rendered 8163/8755, time remaining: 1m 42s
[stdout] Rendered 8164/8755, time remaining: 1m 42s
[stdout] Rendered 8165/8755, time remaining: 1m 41s
[stdout] Rendered 8166/8755, time remaining: 1m 41s
[stdout] Rendered 8167/8755, time remaining: 1m 41s
[stdout] Rendered 8168/8755, time remaining: 1m 41s
[stdout] Rendered 8169/8755, time remaining: 1m 41s
[stdout] Rendered 8169/8755, time remaining: 1m 41s
[stdout] Rendered 8170/8755, time remaining: 1m 40s
[stdout] Rendered 8171/8755, time remaining: 1m 40s
[stdout] Rendered 8172/8755, time remaining: 1m 40s
[stdout] Rendered 8173/8755, time remaining: 1m 40s
[stdout] Rendered 8174/8755, time remaining: 1m 40s
[stdout] Rendered 8175/8755, time remaining: 1m 40s
[stdout] Rendered 8176/8755, time remaining: 1m 39s
[stdout] Rendered 8177/8755, time remaining: 1m 39s
[stdout] Rendered 8178/8755, time remaining: 1m 39s
[stdout] Rendered 8179/8755, time remaining: 1m 39s
[stdout] Rendered 8180/8755, time remaining: 1m 39s
[stdout] Rendered 8181/8755, time remaining: 1m 39s
[stdout] Rendered 8182/8755, time remaining: 1m 38s
[stdout] Rendered 8183/8755, time remaining: 1m 38s
[stdout] Rendered 8184/8755, time remaining: 1m 38s
[stdout] Rendered 8185/8755, time remaining: 1m 38s
[stdout] Rendered 8186/8755, time remaining: 1m 38s
[stdout] Rendered 8187/8755, time remaining: 1m 38s
[stdout] Rendered 8188/8755, time remaining: 1m 37s
[stdout] Rendered 8189/8755, time remaining: 1m 37s
[stdout] Rendered 8189/8755, time remaining: 1m 37s
[stdout] Rendered 8190/8755, time remaining: 1m 37s
[stdout] Rendered 8191/8755, time remaining: 1m 37s
[stdout] Rendered 8192/8755, time remaining: 1m 37s
[stdout] Rendered 8193/8755, time remaining: 1m 36s
[stdout] Rendered 8194/8755, time remaining: 1m 36s
[stdout] Rendered 8195/8755, time remaining: 1m 36s
[stdout] Rendered 8196/8755, time remaining: 1m 36s
[stdout] Rendered 8197/8755, time remaining: 1m 36s
[stdout] Rendered 8198/8755, time remaining: 1m 36s
[stdout] Rendered 8199/8755, time remaining: 1m 35s
[stdout] Rendered 8200/8755, time remaining: 1m 35s
[stdout] Rendered 8201/8755, time remaining: 1m 35s
[stdout] Rendered 8202/8755, time remaining: 1m 35s
[stdout] Rendered 8203/8755, time remaining: 1m 35s
[stdout] Rendered 8204/8755, time remaining: 1m 35s
[stdout] Rendered 8205/8755, time remaining: 1m 34s
[stdout] Rendered 8206/8755, time remaining: 1m 34s
[stdout] Rendered 8207/8755, time remaining: 1m 34s
[stdout] Rendered 8208/8755, time remaining: 1m 34s
[stdout] Rendered 8209/8755, time remaining: 1m 34s
[stdout] Rendered 8209/8755, time remaining: 1m 34s
[stdout] Rendered 8210/8755, time remaining: 1m 34s
[stdout] Rendered 8211/8755, time remaining: 1m 33s
[stdout] Rendered 8212/8755, time remaining: 1m 33s
[stdout] Rendered 8213/8755, time remaining: 1m 33s
[stdout] Rendered 8214/8755, time remaining: 1m 33s
[stdout] Rendered 8215/8755, time remaining: 1m 33s
[stdout] Rendered 8216/8755, time remaining: 1m 32s
[stdout] Rendered 8217/8755, time remaining: 1m 32s
[stdout] Rendered 8218/8755, time remaining: 1m 32s
[stdout] Rendered 8219/8755, time remaining: 1m 32s
[stdout] Rendered 8220/8755, time remaining: 1m 32s
[stdout] Rendered 8221/8755, time remaining: 1m 32s
[stdout] Rendered 8222/8755, time remaining: 1m 31s
[stdout] Rendered 8223/8755, time remaining: 1m 31s
[stdout] Rendered 8224/8755, time remaining: 1m 31s
[stdout] Rendered 8225/8755, time remaining: 1m 31s
[stdout] Rendered 8226/8755, time remaining: 1m 31s
[stdout] Rendered 8227/8755, time remaining: 1m 31s
[stdout] Rendered 8228/8755, time remaining: 1m 30s
[stdout] Rendered 8229/8755, time remaining: 1m 30s
[stdout] Rendered 8229/8755, time remaining: 1m 30s
[stdout] Rendered 8230/8755, time remaining: 1m 30s
[stdout] Rendered 8231/8755, time remaining: 1m 30s
[stdout] Rendered 8232/8755, time remaining: 1m 30s
[stdout] Rendered 8233/8755, time remaining: 1m 30s
[stdout] Rendered 8234/8755, time remaining: 1m 29s
[stdout] Rendered 8235/8755, time remaining: 1m 29s
[stdout] Rendered 8236/8755, time remaining: 1m 29s
[stdout] Rendered 8237/8755, time remaining: 1m 29s
[stdout] Rendered 8238/8755, time remaining: 1m 29s
[stdout] Rendered 8239/8755, time remaining: 1m 28s
[stdout] Rendered 8240/8755, time remaining: 1m 28s
[stdout] Rendered 8241/8755, time remaining: 1m 28s
[stdout] Rendered 8242/8755, time remaining: 1m 28s
[stdout] Rendered 8243/8755, time remaining: 1m 28s
[stdout] Rendered 8244/8755, time remaining: 1m 28s
[stdout] Rendered 8245/8755, time remaining: 1m 27s
[stdout] Rendered 8246/8755, time remaining: 1m 27s
[stdout] Rendered 8247/8755, time remaining: 1m 27s
[stdout] Rendered 8247/8755, time remaining: 1m 27s
[stdout] Rendered 8248/8755, time remaining: 1m 27s
[stdout] Rendered 8249/8755, time remaining: 1m 27s
[stdout] Rendered 8250/8755, time remaining: 1m 27s
[stdout] Rendered 8251/8755, time remaining: 1m 26s
[stdout] Rendered 8252/8755, time remaining: 1m 26s
[stdout] Rendered 8253/8755, time remaining: 1m 26s
[stdout] Rendered 8254/8755, time remaining: 1m 26s
[stdout] Rendered 8255/8755, time remaining: 1m 26s
[stdout] Rendered 8256/8755, time remaining: 1m 26s
[stdout] Rendered 8257/8755, time remaining: 1m 25s
[stdout] Rendered 8258/8755, time remaining: 1m 25s
[stdout] Rendered 8259/8755, time remaining: 1m 25s
[stdout] Rendered 8260/8755, time remaining: 1m 25s
[stdout] Rendered 8261/8755, time remaining: 1m 25s
[stdout] Rendered 8262/8755, time remaining: 1m 24s
[stdout] Rendered 8263/8755, time remaining: 1m 24s
[stdout] Rendered 8264/8755, time remaining: 1m 24s
[stdout] Rendered 8265/8755, time remaining: 1m 24s
[stdout] Rendered 8265/8755, time remaining: 1m 24s
[stdout] Rendered 8266/8755, time remaining: 1m 24s
[stdout] Rendered 8267/8755, time remaining: 1m 24s
[stdout] Rendered 8268/8755, time remaining: 1m 23s
[stdout] Rendered 8269/8755, time remaining: 1m 23s
[stdout] Rendered 8270/8755, time remaining: 1m 23s
[stdout] Rendered 8271/8755, time remaining: 1m 23s
[stdout] Rendered 8272/8755, time remaining: 1m 23s
[stdout] Rendered 8273/8755, time remaining: 1m 23s
[stdout] Rendered 8274/8755, time remaining: 1m 22s
[stdout] Rendered 8275/8755, time remaining: 1m 22s
[stdout] Rendered 8276/8755, time remaining: 1m 22s
[stdout] Rendered 8277/8755, time remaining: 1m 22s
[stdout] Rendered 8278/8755, time remaining: 1m 22s
[stdout] Rendered 8279/8755, time remaining: 1m 22s
[stdout] Rendered 8280/8755, time remaining: 1m 21s
[stdout] Rendered 8281/8755, time remaining: 1m 21s
[stdout] Rendered 8281/8755, time remaining: 1m 21s
[stdout] Rendered 8282/8755, time remaining: 1m 21s
[stdout] Rendered 8283/8755, time remaining: 1m 21s
[stdout] Rendered 8284/8755, time remaining: 1m 21s
[stdout] Rendered 8285/8755, time remaining: 1m 21s
[stdout] Rendered 8286/8755, time remaining: 1m 20s
[stdout] Rendered 8287/8755, time remaining: 1m 20s
[stdout] Rendered 8288/8755, time remaining: 1m 20s
[stdout] Rendered 8289/8755, time remaining: 1m 20s
[stdout] Rendered 8290/8755, time remaining: 1m 20s
[stdout] Rendered 8291/8755, time remaining: 1m 20s
[stdout] Rendered 8292/8755, time remaining: 1m 19s
[stdout] Rendered 8293/8755, time remaining: 1m 19s
[stdout] Rendered 8294/8755, time remaining: 1m 19s
[stdout] Rendered 8295/8755, time remaining: 1m 19s
[stdout] Rendered 8296/8755, time remaining: 1m 19s
[stdout] Rendered 8297/8755, time remaining: 1m 18s
[stdout] Rendered 8298/8755, time remaining: 1m 18s
[stdout] Rendered 8299/8755, time remaining: 1m 18s
[stdout] Rendered 8300/8755, time remaining: 1m 18s
[stdout] Rendered 8300/8755, time remaining: 1m 18s
[stdout] Rendered 8301/8755, time remaining: 1m 18s
[stdout] Rendered 8302/8755, time remaining: 1m 18s
[stdout] Rendered 8303/8755, time remaining: 1m 17s
[stdout] Rendered 8304/8755, time remaining: 1m 17s
[stdout] Rendered 8305/8755, time remaining: 1m 17s
[stdout] Rendered 8306/8755, time remaining: 1m 17s
[stdout] Rendered 8307/8755, time remaining: 1m 17s
[stdout] Rendered 8308/8755, time remaining: 1m 17s
[stdout] Rendered 8309/8755, time remaining: 1m 16s
[stdout] Rendered 8310/8755, time remaining: 1m 16s
[stdout] Rendered 8311/8755, time remaining: 1m 16s
[stdout] Rendered 8312/8755, time remaining: 1m 16s
[stdout] Rendered 8313/8755, time remaining: 1m 16s
[stdout] Rendered 8314/8755, time remaining: 1m 16s
[stdout] Rendered 8315/8755, time remaining: 1m 15s
[stdout] Rendered 8316/8755, time remaining: 1m 15s
[stdout] Rendered 8317/8755, time remaining: 1m 15s
[stdout] Rendered 8318/8755, time remaining: 1m 15s
[stdout] Rendered 8319/8755, time remaining: 1m 15s
[stdout] Rendered 8319/8755, time remaining: 1m 15s
[stdout] Rendered 8320/8755, time remaining: 1m 14s
[stdout] Rendered 8321/8755, time remaining: 1m 14s
[stdout] Rendered 8322/8755, time remaining: 1m 14s
[stdout] Rendered 8323/8755, time remaining: 1m 14s
[stdout] Rendered 8324/8755, time remaining: 1m 14s
[stdout] Rendered 8325/8755, time remaining: 1m 14s
[stdout] Rendered 8326/8755, time remaining: 1m 13s
[stdout] Rendered 8327/8755, time remaining: 1m 13s
[stdout] Rendered 8328/8755, time remaining: 1m 13s
[stdout] Rendered 8329/8755, time remaining: 1m 13s
[stdout] Rendered 8330/8755, time remaining: 1m 13s
[stdout] Rendered 8331/8755, time remaining: 1m 13s
[stdout] Rendered 8332/8755, time remaining: 1m 12s
[stdout] Rendered 8333/8755, time remaining: 1m 12s
[stdout] Rendered 8334/8755, time remaining: 1m 12s
[stdout] Rendered 8335/8755, time remaining: 1m 12s
[stdout] Rendered 8336/8755, time remaining: 1m 12s
[stdout] Rendered 8336/8755, time remaining: 1m 12s
[stdout] Rendered 8337/8755, time remaining: 1m 12s
[stdout] Rendered 8338/8755, time remaining: 1m 11s
[stdout] Rendered 8339/8755, time remaining: 1m 11s
[stdout] Rendered 8340/8755, time remaining: 1m 11s
[stdout] Rendered 8341/8755, time remaining: 1m 11s
[stdout] Rendered 8342/8755, time remaining: 1m 11s
[stdout] Rendered 8343/8755, time remaining: 1m 11s
[stdout] Rendered 8344/8755, time remaining: 1m 10s
[stdout] Rendered 8345/8755, time remaining: 1m 10s
[stdout] Rendered 8346/8755, time remaining: 1m 10s
[stdout] Rendered 8347/8755, time remaining: 1m 10s
[stdout] Rendered 8348/8755, time remaining: 1m 10s
[stdout] Rendered 8349/8755, time remaining: 1m 9s
[stdout] Rendered 8350/8755, time remaining: 1m 9s
[stdout] Rendered 8351/8755, time remaining: 1m 9s
[stdout] Rendered 8352/8755, time remaining: 1m 9s
[stdout] Rendered 8353/8755, time remaining: 1m 9s
[stdout] Rendered 8354/8755, time remaining: 1m 9s
[stdout] Rendered 8355/8755, time remaining: 1m 8s
[stdout] Rendered 8355/8755, time remaining: 1m 8s
[stdout] Rendered 8356/8755, time remaining: 1m 8s
[stdout] Rendered 8357/8755, time remaining: 1m 8s
[stdout] Rendered 8358/8755, time remaining: 1m 8s
[stdout] Rendered 8359/8755, time remaining: 1m 8s
[stdout] Rendered 8360/8755, time remaining: 1m 8s
[stdout] Rendered 8361/8755, time remaining: 1m 7s
[stdout] Rendered 8362/8755, time remaining: 1m 7s
[stdout] Rendered 8363/8755, time remaining: 1m 7s
[stdout] Rendered 8364/8755, time remaining: 1m 7s
[stdout] Rendered 8365/8755, time remaining: 1m 7s
[stdout] Rendered 8366/8755, time remaining: 1m 7s
[stdout] Rendered 8367/8755, time remaining: 1m 6s
[stdout] Rendered 8368/8755, time remaining: 1m 6s
[stdout] Rendered 8369/8755, time remaining: 1m 6s
[stdout] Rendered 8370/8755, time remaining: 1m 6s
[stdout] Rendered 8371/8755, time remaining: 1m 6s
[stdout] Rendered 8372/8755, time remaining: 1m 6s
[stdout] Rendered 8373/8755, time remaining: 1m 5s
[stdout] Rendered 8374/8755, time remaining: 1m 5s
[stdout] Rendered 8374/8755, time remaining: 1m 5s
[stdout] Rendered 8375/8755, time remaining: 1m 5s
[stdout] Rendered 8376/8755, time remaining: 1m 5s
[stdout] Rendered 8377/8755, time remaining: 1m 5s
[stdout] Rendered 8378/8755, time remaining: 1m 4s
[stdout] Rendered 8379/8755, time remaining: 1m 4s
[stdout] Rendered 8380/8755, time remaining: 1m 4s
[stdout] Rendered 8381/8755, time remaining: 1m 4s
[stdout] Rendered 8382/8755, time remaining: 1m 4s
[stdout] Rendered 8383/8755, time remaining: 1m 4s
[stdout] Rendered 8384/8755, time remaining: 1m 3s
[stdout] Rendered 8385/8755, time remaining: 1m 3s
[stdout] Rendered 8386/8755, time remaining: 1m 3s
[stdout] Rendered 8387/8755, time remaining: 1m 3s
[stdout] Rendered 8388/8755, time remaining: 1m 3s
[stdout] Rendered 8389/8755, time remaining: 1m 3s
[stdout] Rendered 8390/8755, time remaining: 1m 2s
[stdout] Rendered 8391/8755, time remaining: 1m 2s
[stdout] Rendered 8391/8755, time remaining: 1m 2s
[stdout] Rendered 8392/8755, time remaining: 1m 2s
[stdout] Rendered 8393/8755, time remaining: 1m 2s
[stdout] Rendered 8394/8755, time remaining: 1m 2s
[stdout] Rendered 8395/8755, time remaining: 1m 2s
[stdout] Rendered 8396/8755, time remaining: 1m 1s
[stdout] Rendered 8397/8755, time remaining: 1m 1s
[stdout] Rendered 8398/8755, time remaining: 1m 1s
[stdout] Rendered 8399/8755, time remaining: 1m 1s
[stdout] Rendered 8400/8755, time remaining: 1m 1s
[stdout] Rendered 8401/8755, time remaining: 1m 1s
[stdout] Rendered 8402/8755, time remaining: 1m 0s
[stdout] Rendered 8403/8755, time remaining: 1m 0s
[stdout] Rendered 8404/8755, time remaining: 1m 0s
[stdout] Rendered 8405/8755, time remaining: 1m 0s
[stdout] Rendered 8406/8755, time remaining: 1m 0s
[stdout] Rendered 8407/8755, time remaining: 59s
[stdout] Rendered 8408/8755, time remaining: 59s
[stdout] Rendered 8408/8755, time remaining: 59s
[stdout] Rendered 8409/8755, time remaining: 59s
[stdout] Rendered 8410/8755, time remaining: 59s
[stdout] Rendered 8411/8755, time remaining: 59s
[stdout] Rendered 8412/8755, time remaining: 59s
[stdout] Rendered 8413/8755, time remaining: 58s
[stdout] Rendered 8414/8755, time remaining: 58s
[stdout] Rendered 8415/8755, time remaining: 58s
[stdout] Rendered 8416/8755, time remaining: 58s
[stdout] Rendered 8417/8755, time remaining: 58s
[stdout] Rendered 8418/8755, time remaining: 58s
[stdout] Rendered 8419/8755, time remaining: 57s
[stdout] Rendered 8420/8755, time remaining: 57s
[stdout] Rendered 8421/8755, time remaining: 57s
[stdout] Rendered 8422/8755, time remaining: 57s
[stdout] Rendered 8423/8755, time remaining: 57s
[stdout] Rendered 8424/8755, time remaining: 57s
[stdout] Rendered 8425/8755, time remaining: 56s
[stdout] Rendered 8426/8755, time remaining: 56s
[stdout] Rendered 8426/8755, time remaining: 56s
[stdout] Rendered 8427/8755, time remaining: 56s
[stdout] Rendered 8428/8755, time remaining: 56s
[stdout] Rendered 8429/8755, time remaining: 56s
[stdout] Rendered 8430/8755, time remaining: 56s
[stdout] Rendered 8431/8755, time remaining: 55s
[stdout] Rendered 8432/8755, time remaining: 55s
[stdout] Rendered 8433/8755, time remaining: 55s
[stdout] Rendered 8434/8755, time remaining: 55s
[stdout] Rendered 8435/8755, time remaining: 55s
[stdout] Rendered 8436/8755, time remaining: 54s
[stdout] Rendered 8437/8755, time remaining: 54s
[stdout] Rendered 8438/8755, time remaining: 54s
[stdout] Rendered 8439/8755, time remaining: 54s
[stdout] Rendered 8440/8755, time remaining: 54s
[stdout] Rendered 8441/8755, time remaining: 54s
[stdout] Rendered 8442/8755, time remaining: 53s
[stdout] Rendered 8443/8755, time remaining: 53s
[stdout] Rendered 8444/8755, time remaining: 53s
[stdout] Rendered 8444/8755, time remaining: 53s
[stdout] Rendered 8445/8755, time remaining: 53s
[stdout] Rendered 8446/8755, time remaining: 53s
[stdout] Rendered 8447/8755, time remaining: 53s
[stdout] Rendered 8448/8755, time remaining: 52s
[stdout] Rendered 8449/8755, time remaining: 52s
[stdout] Rendered 8450/8755, time remaining: 52s
[stdout] Rendered 8451/8755, time remaining: 52s
[stdout] Rendered 8452/8755, time remaining: 52s
[stdout] Rendered 8453/8755, time remaining: 52s
[stdout] Rendered 8454/8755, time remaining: 51s
[stdout] Rendered 8455/8755, time remaining: 51s
[stdout] Rendered 8456/8755, time remaining: 51s
[stdout] Rendered 8457/8755, time remaining: 51s
[stdout] Rendered 8458/8755, time remaining: 51s
[stdout] Rendered 8459/8755, time remaining: 51s
[stdout] Rendered 8460/8755, time remaining: 50s
[stdout] Rendered 8461/8755, time remaining: 50s
[stdout] Rendered 8462/8755, time remaining: 50s
[stdout] Rendered 8462/8755, time remaining: 50s
[stdout] Rendered 8463/8755, time remaining: 50s
[stdout] Rendered 8464/8755, time remaining: 50s
[stdout] Rendered 8465/8755, time remaining: 49s
[stdout] Rendered 8466/8755, time remaining: 49s
[stdout] Rendered 8467/8755, time remaining: 49s
[stdout] Rendered 8468/8755, time remaining: 49s
[stdout] Rendered 8469/8755, time remaining: 49s
[stdout] Rendered 8470/8755, time remaining: 49s
[stdout] Rendered 8471/8755, time remaining: 48s
[stdout] Rendered 8472/8755, time remaining: 48s
[stdout] Rendered 8473/8755, time remaining: 48s
[stdout] Rendered 8474/8755, time remaining: 48s
[stdout] Rendered 8475/8755, time remaining: 48s
[stdout] Rendered 8476/8755, time remaining: 48s
[stdout] Rendered 8477/8755, time remaining: 47s
[stdout] Rendered 8478/8755, time remaining: 47s
[stdout] Rendered 8479/8755, time remaining: 47s
[stdout] Rendered 8480/8755, time remaining: 47s
[stdout] Rendered 8480/8755, time remaining: 47s
[stdout] Rendered 8481/8755, time remaining: 47s
[stdout] Rendered 8482/8755, time remaining: 47s
[stdout] Rendered 8483/8755, time remaining: 46s
[stdout] Rendered 8484/8755, time remaining: 46s
[stdout] Rendered 8485/8755, time remaining: 46s
[stdout] Rendered 8486/8755, time remaining: 46s
[stdout] Rendered 8487/8755, time remaining: 46s
[stdout] Rendered 8488/8755, time remaining: 46s
[stdout] Rendered 8489/8755, time remaining: 45s
[stdout] Rendered 8490/8755, time remaining: 45s
[stdout] Rendered 8491/8755, time remaining: 45s
[stdout] Rendered 8492/8755, time remaining: 45s
[stdout] Rendered 8493/8755, time remaining: 45s
[stdout] Rendered 8494/8755, time remaining: 44s
[stdout] Rendered 8495/8755, time remaining: 44s
[stdout] Rendered 8496/8755, time remaining: 44s
[stdout] Rendered 8497/8755, time remaining: 44s
[stdout] Rendered 8498/8755, time remaining: 44s
[stdout] Rendered 8498/8755, time remaining: 44s
[stdout] Rendered 8499/8755, time remaining: 44s
[stdout] Rendered 8500/8755, time remaining: 43s
[stdout] Rendered 8501/8755, time remaining: 43s
[stdout] Rendered 8502/8755, time remaining: 43s
[stdout] Rendered 8503/8755, time remaining: 43s
[stdout] Rendered 8504/8755, time remaining: 43s
[stdout] Rendered 8505/8755, time remaining: 43s
[stdout] Rendered 8506/8755, time remaining: 42s
[stdout] Rendered 8507/8755, time remaining: 42s
[stdout] Rendered 8508/8755, time remaining: 42s
[stdout] Rendered 8509/8755, time remaining: 42s
[stdout] Rendered 8510/8755, time remaining: 42s
[stdout] Rendered 8511/8755, time remaining: 42s
[stdout] Rendered 8512/8755, time remaining: 41s
[stdout] Rendered 8513/8755, time remaining: 41s
[stdout] Rendered 8514/8755, time remaining: 41s
[stdout] Rendered 8515/8755, time remaining: 41s
[stdout] Rendered 8516/8755, time remaining: 41s
[stdout] Rendered 8517/8755, time remaining: 41s
[stdout] Rendered 8517/8755, time remaining: 41s
[stdout] Rendered 8518/8755, time remaining: 40s
[stdout] Rendered 8519/8755, time remaining: 40s
[stdout] Rendered 8520/8755, time remaining: 40s
[stdout] Rendered 8521/8755, time remaining: 40s
[stdout] Rendered 8522/8755, time remaining: 40s
[stdout] Rendered 8523/8755, time remaining: 39s
[stdout] Rendered 8524/8755, time remaining: 39s
[stdout] Rendered 8525/8755, time remaining: 39s
[stdout] Rendered 8526/8755, time remaining: 39s
[stdout] Rendered 8527/8755, time remaining: 39s
[stdout] Rendered 8528/8755, time remaining: 39s
[stdout] Rendered 8529/8755, time remaining: 38s
[stdout] Rendered 8530/8755, time remaining: 38s
[stdout] Rendered 8531/8755, time remaining: 38s
[stdout] Rendered 8532/8755, time remaining: 38s
[stdout] Rendered 8533/8755, time remaining: 38s
[stdout] Rendered 8534/8755, time remaining: 38s
[stdout] Rendered 8535/8755, time remaining: 37s
[stdout] Rendered 8535/8755, time remaining: 37s
[stdout] Rendered 8536/8755, time remaining: 37s
[stdout] Rendered 8537/8755, time remaining: 37s
[stdout] Rendered 8538/8755, time remaining: 37s
[stdout] Rendered 8539/8755, time remaining: 37s
[stdout] Rendered 8540/8755, time remaining: 37s
[stdout] Rendered 8541/8755, time remaining: 36s
[stdout] Rendered 8542/8755, time remaining: 36s
[stdout] Rendered 8543/8755, time remaining: 36s
[stdout] Rendered 8544/8755, time remaining: 36s
[stdout] Rendered 8545/8755, time remaining: 36s
[stdout] Rendered 8546/8755, time remaining: 35s
[stdout] Rendered 8547/8755, time remaining: 35s
[stdout] Rendered 8548/8755, time remaining: 35s
[stdout] Rendered 8549/8755, time remaining: 35s
[stdout] Rendered 8550/8755, time remaining: 35s
[stdout] Rendered 8551/8755, time remaining: 35s
[stdout] Rendered 8552/8755, time remaining: 34s
[stdout] Rendered 8553/8755, time remaining: 34s
[stdout] Rendered 8554/8755, time remaining: 34s
[stdout] Rendered 8555/8755, time remaining: 34s
[stdout] Rendered 8556/8755, time remaining: 34s
[stdout] Rendered 8556/8755, time remaining: 34s
[stdout] Rendered 8557/8755, time remaining: 34s
[stdout] Rendered 8558/8755, time remaining: 33s
[stdout] Rendered 8559/8755, time remaining: 33s
[stdout] Rendered 8560/8755, time remaining: 33s
[stdout] Rendered 8561/8755, time remaining: 33s
[stdout] Rendered 8562/8755, time remaining: 33s
[stdout] Rendered 8563/8755, time remaining: 33s
[stdout] Rendered 8564/8755, time remaining: 32s
[stdout] Rendered 8565/8755, time remaining: 32s
[stdout] Rendered 8566/8755, time remaining: 32s
[stdout] Rendered 8567/8755, time remaining: 32s
[stdout] Rendered 8568/8755, time remaining: 32s
[stdout] Rendered 8569/8755, time remaining: 32s
[stdout] Rendered 8570/8755, time remaining: 31s
[stdout] Rendered 8571/8755, time remaining: 31s
[stdout] Rendered 8572/8755, time remaining: 31s
[stdout] Rendered 8573/8755, time remaining: 31s
[stdout] Rendered 8574/8755, time remaining: 31s
[stdout] Rendered 8574/8755, time remaining: 31s
[stdout] Rendered 8575/8755, time remaining: 30s
[stdout] Rendered 8576/8755, time remaining: 30s
[stdout] Rendered 8577/8755, time remaining: 30s
[stdout] Rendered 8578/8755, time remaining: 30s
[stdout] Rendered 8579/8755, time remaining: 30s
[stdout] Rendered 8580/8755, time remaining: 30s
[stdout] Rendered 8581/8755, time remaining: 29s
[stdout] Rendered 8582/8755, time remaining: 29s
[stdout] Rendered 8583/8755, time remaining: 29s
[stdout] Rendered 8584/8755, time remaining: 29s
[stdout] Rendered 8585/8755, time remaining: 29s
[stdout] Rendered 8586/8755, time remaining: 29s
[stdout] Rendered 8587/8755, time remaining: 28s
[stdout] Rendered 8588/8755, time remaining: 28s
[stdout] Rendered 8589/8755, time remaining: 28s
[stdout] Rendered 8590/8755, time remaining: 28s
[stdout] Rendered 8591/8755, time remaining: 28s
[stdout] Rendered 8592/8755, time remaining: 28s
[stdout] Rendered 8593/8755, time remaining: 27s
[stdout] Rendered 8593/8755, time remaining: 27s
[stdout] Rendered 8594/8755, time remaining: 27s
[stdout] Rendered 8595/8755, time remaining: 27s
[stdout] Rendered 8596/8755, time remaining: 27s
[stdout] Rendered 8597/8755, time remaining: 27s
[stdout] Rendered 8598/8755, time remaining: 27s
[stdout] Rendered 8599/8755, time remaining: 26s
[stdout] Rendered 8600/8755, time remaining: 26s
[stdout] Rendered 8601/8755, time remaining: 26s
[stdout] Rendered 8602/8755, time remaining: 26s
[stdout] Rendered 8603/8755, time remaining: 26s
[stdout] Rendered 8604/8755, time remaining: 25s
[stdout] Rendered 8605/8755, time remaining: 25s
[stdout] Rendered 8606/8755, time remaining: 25s
[stdout] Rendered 8607/8755, time remaining: 25s
[stdout] Rendered 8608/8755, time remaining: 25s
[stdout] Rendered 8609/8755, time remaining: 25s
[stdout] Rendered 8610/8755, time remaining: 24s
[stdout] Rendered 8611/8755, time remaining: 24s
[stdout] Rendered 8611/8755, time remaining: 24s
[stdout] Rendered 8612/8755, time remaining: 24s
[stdout] Rendered 8613/8755, time remaining: 24s
[stdout] Rendered 8614/8755, time remaining: 24s
[stdout] Rendered 8615/8755, time remaining: 24s
[stdout] Rendered 8616/8755, time remaining: 23s
[stdout] Rendered 8617/8755, time remaining: 23s
[stdout] Rendered 8618/8755, time remaining: 23s
[stdout] Rendered 8619/8755, time remaining: 23s
[stdout] Rendered 8620/8755, time remaining: 23s
[stdout] Rendered 8621/8755, time remaining: 23s
[stdout] Rendered 8622/8755, time remaining: 22s
[stdout] Rendered 8623/8755, time remaining: 22s
[stdout] Rendered 8624/8755, time remaining: 22s
[stdout] Rendered 8625/8755, time remaining: 22s
[stdout] Rendered 8626/8755, time remaining: 22s
[stdout] Rendered 8627/8755, time remaining: 22s
[stdout] Rendered 8628/8755, time remaining: 21s
[stdout] Rendered 8629/8755, time remaining: 21s
[stdout] Rendered 8630/8755, time remaining: 21s
[stdout] Rendered 8631/8755, time remaining: 21s
[stdout] Rendered 8631/8755, time remaining: 21s
[stdout] Rendered 8632/8755, time remaining: 21s
[stdout] Rendered 8633/8755, time remaining: 20s
[stdout] Rendered 8634/8755, time remaining: 20s
[stdout] Rendered 8635/8755, time remaining: 20s
[stdout] Rendered 8636/8755, time remaining: 20s
[stdout] Rendered 8637/8755, time remaining: 20s
[stdout] Rendered 8638/8755, time remaining: 20s
[stdout] Rendered 8639/8755, time remaining: 19s
[stdout] Rendered 8640/8755, time remaining: 19s
[stdout] Rendered 8641/8755, time remaining: 19s
[stdout] Rendered 8642/8755, time remaining: 19s
[stdout] Rendered 8643/8755, time remaining: 19s
[stdout] Rendered 8644/8755, time remaining: 19s
[stdout] Rendered 8645/8755, time remaining: 18s
[stdout] Rendered 8646/8755, time remaining: 18s
[stdout] Rendered 8647/8755, time remaining: 18s
[stdout] Rendered 8648/8755, time remaining: 18s
[stdout] Rendered 8649/8755, time remaining: 18s
[stdout] Rendered 8649/8755, time remaining: 18s
[stdout] Rendered 8650/8755, time remaining: 18s
[stdout] Rendered 8651/8755, time remaining: 17s
[stdout] Rendered 8652/8755, time remaining: 17s
[stdout] Rendered 8653/8755, time remaining: 17s
[stdout] Rendered 8654/8755, time remaining: 17s
[stdout] Rendered 8655/8755, time remaining: 17s
[stdout] Rendered 8656/8755, time remaining: 17s
[stdout] Rendered 8657/8755, time remaining: 16s
[stdout] Rendered 8658/8755, time remaining: 16s
[stdout] Rendered 8659/8755, time remaining: 16s
[stdout] Rendered 8660/8755, time remaining: 16s
[stdout] Rendered 8661/8755, time remaining: 16s
[stdout] Rendered 8662/8755, time remaining: 16s
[stdout] Rendered 8663/8755, time remaining: 15s
[stdout] Rendered 8664/8755, time remaining: 15s
[stdout] Rendered 8665/8755, time remaining: 15s
[stdout] Rendered 8666/8755, time remaining: 15s
[stdout] Rendered 8667/8755, time remaining: 15s
[stdout] Rendered 8668/8755, time remaining: 14s
[stdout] Rendered 8668/8755, time remaining: 14s
[stdout] Rendered 8669/8755, time remaining: 14s
[stdout] Rendered 8670/8755, time remaining: 14s
[stdout] Rendered 8671/8755, time remaining: 14s
[stdout] Rendered 8672/8755, time remaining: 14s
[stdout] Rendered 8673/8755, time remaining: 14s
[stdout] Rendered 8674/8755, time remaining: 13s
[stdout] Rendered 8675/8755, time remaining: 13s
[stdout] Rendered 8676/8755, time remaining: 13s
[stdout] Rendered 8677/8755, time remaining: 13s
[stdout] Rendered 8678/8755, time remaining: 13s
[stdout] Rendered 8679/8755, time remaining: 13s
[stdout] Rendered 8680/8755, time remaining: 12s
[stdout] Rendered 8681/8755, time remaining: 12s
[stdout] Rendered 8682/8755, time remaining: 12s
[stdout] Rendered 8683/8755, time remaining: 12s
[stdout] Rendered 8684/8755, time remaining: 12s
[stdout] Rendered 8685/8755, time remaining: 12s
[stdout] Rendered 8686/8755, time remaining: 11s
[stdout] Rendered 8687/8755, time remaining: 11s
[stdout] Rendered 8688/8755, time remaining: 11s
[stdout] Rendered 8688/8755, time remaining: 11s
[stdout] Rendered 8689/8755, time remaining: 11s
[stdout] Rendered 8690/8755, time remaining: 11s
[stdout] Rendered 8691/8755, time remaining: 11s
[stdout] Rendered 8692/8755, time remaining: 10s
[stdout] Rendered 8693/8755, time remaining: 10s
[stdout] Rendered 8694/8755, time remaining: 10s
[stdout] Rendered 8695/8755, time remaining: 10s
[stdout] Rendered 8696/8755, time remaining: 10s
[stdout] Rendered 8697/8755, time remaining: 9s
[stdout] Rendered 8698/8755, time remaining: 9s
[stdout] Rendered 8699/8755, time remaining: 9s
[stdout] Rendered 8700/8755, time remaining: 9s
[stdout] Rendered 8701/8755, time remaining: 9s
[stdout] Rendered 8702/8755, time remaining: 9s
[stdout] Rendered 8703/8755, time remaining: 8s
[stdout] Rendered 8704/8755, time remaining: 8s
[stdout] Rendered 8705/8755, time remaining: 8s
[stdout] Rendered 8706/8755, time remaining: 8s
[stdout] Rendered 8706/8755, time remaining: 8s
[stdout] Rendered 8707/8755, time remaining: 8s
[stdout] Rendered 8708/8755, time remaining: 8s
[stdout] Rendered 8709/8755, time remaining: 7s
[stdout] Rendered 8710/8755, time remaining: 7s
[stdout] Rendered 8711/8755, time remaining: 7s
[stdout] Rendered 8712/8755, time remaining: 7s
[stdout] Rendered 8713/8755, time remaining: 7s
[stdout] Rendered 8714/8755, time remaining: 7s
[stdout] Rendered 8715/8755, time remaining: 6s
[stdout] Rendered 8716/8755, time remaining: 6s
[stdout] Rendered 8717/8755, time remaining: 6s
[stdout] Rendered 8718/8755, time remaining: 6s
[stdout] Rendered 8719/8755, time remaining: 6s
[stdout] Rendered 8720/8755, time remaining: 6s
[stdout] Rendered 8721/8755, time remaining: 5s
[stdout] Rendered 8722/8755, time remaining: 5s
[stdout] Rendered 8723/8755, time remaining: 5s
[stdout] Rendered 8724/8755, time remaining: 5s
[stdout] Rendered 8724/8755, time remaining: 5s
[stdout] Rendered 8725/8755, time remaining: 5s
[stdout] Rendered 8726/8755, time remaining: 4s
[stdout] Rendered 8727/8755, time remaining: 4s
[stdout] Rendered 8728/8755, time remaining: 4s
[stdout] Rendered 8729/8755, time remaining: 4s
[stdout] Rendered 8730/8755, time remaining: 4s
[stdout] Rendered 8731/8755, time remaining: 4s
[stdout] Rendered 8732/8755, time remaining: 3s
[stdout] Rendered 8733/8755, time remaining: 3s
[stdout] Rendered 8734/8755, time remaining: 3s
[stdout] Rendered 8735/8755, time remaining: 3s
[stdout] Rendered 8736/8755, time remaining: 3s
[stdout] Rendered 8737/8755, time remaining: 3s
[stdout] Rendered 8738/8755, time remaining: 2s
[stdout] Rendered 8739/8755, time remaining: 2s
[stdout] Rendered 8740/8755, time remaining: 2s
[stdout] Rendered 8740/8755, time remaining: 2s
[stdout] Rendered 8741/8755, time remaining: 2s
[stdout] Rendered 8742/8755, time remaining: 2s
[stdout] Rendered 8743/8755, time remaining: 2s
[stdout] Rendered 8744/8755, time remaining: 1s
[stdout] Rendered 8745/8755, time remaining: 1s
[stdout] Rendered 8746/8755, time remaining: 1s
[stdout] Rendered 8747/8755, time remaining: 1s
[stdout] Rendered 8748/8755, time remaining: 1s
[stdout] Rendered 8749/8755, time remaining: 1s
[stdout] Rendered 8750/8755, time remaining: 0s
[stdout] Rendered 8751/8755, time remaining: 0s
[stdout] Rendered 8752/8755, time remaining: 0s
[stdout] Rendered 8753/8755, time remaining: 0s
[stdout] Rendered 8754/8755, time remaining: 0s
[stdout] Stitched 6941/8755
[stdout] Stitched 6954/8755
[stdout] Stitched 7004/8755
[stdout] Stitched 8755/8755
[stdout] +                    /Users/johndoe/Documents/company/video_ops/scripts/abstract_algebra_in_proof_assistant/sets-v2-04-set-equality/takes/take-mrhmharr/pipeline/composite/composite-mritwa30/sets-v2-04-set-equality-outdoor-portrait.mp4 320.1 MB
[stdout] [render-outdoor] rendering video-outdoor-landscape → /Users/johndoe/Documents/company/video_ops/scripts/abstract_algebra_in_proof_assistant/sets-v2-04-set-equality/takes/take-mrhmharr/pipeline/composite/composite-mritwa30/sets-v2-04-set-equality-outdoor-landscape.mp4
[stdout] Bundling 6%
[stdout] Bundling 11%
[stdout] Bundling 54%
[stdout] Bundling 61%
[stdout] Bundling 69%
[stdout] Bundling 74%
[stdout] Bundling 80%
[stdout] Bundling 85%
[stdout] Bundling 90%
[stdout] Bundling 95%
[stdout] Bundling 100%
[stdout] Bundling 100%
[stdout] Bundling 100%
[stdout] Bundling 100%
[stdout] Getting compositions
[stdout] Getting compositions
[stdout] Composition          video-outdoor-landscape
[stdout] Codec                h264
[stdout] Output               /Users/johndoe/Documents/company/video_ops/scripts/abstract_algebra_in_proof_assistant/sets-v2-04-set-equality/takes/take-mrhmharr/pipeline/composite/composite-mritwa30/sets-v2-04-set-equality-outdoor-landscape.mp4
[stdout] Concurrency          6x
[stdout] Rendered 0/8755
[stdout] Rendered 1/8755, time remaining: 1h 12m 56s
[stdout] Rendered 2/8755, time remaining: 1h 13m 49s
[stdout] Rendered 3/8755, time remaining: 1h 14m 51s
[stdout] Rendered 4/8755, time remaining: 1h 16m 10s
[stdout] Rendered 5/8755, time remaining: 1h 17m 34s
[stdout] Rendered 6/8755, time remaining: 1h 18m 59s
[stdout] Rendered 7/8755, time remaining: 1h 13m 17s
[stdout] Rendered 8/8755, time remaining: 1h 9m 58s
[stdout] Rendered 9/8755, time remaining: 1h 7m 55s
[stdout] Rendered 10/8755, time remaining: 1h 5m 33s
[stdout] Rendered 11/8755, time remaining: 1h 4m 6s
[stdout] Rendered 12/8755, time remaining: 1h 3m 45s
[stdout] Rendered 13/8755, time remaining: 1h 2m 37s
[stdout] Rendered 14/8755, time remaining: 1h 1m 42s
[stdout] Rendered 15/8755, time remaining: 1h 2m 31s
[stdout] Rendered 16/8755, time remaining: 1h 2m 19s
[stdout] Rendered 17/8755, time remaining: 1h 2m 11s
[stdout] Rendered 18/8755, time remaining: 1h 2m 14s
[stdout] Rendered 19/8755, time remaining: 1h 2m 10s
[stdout] Rendered 20/8755, time remaining: 1h 2m 7s
[stdout] Rendered 21/8755, time remaining: 1h 55s
[stdout] Rendered 22/8755, time remaining: 1h 55s
[stdout] Rendered 23/8755, time remaining: 1h 53s
[stdout] Rendered 24/8755, time remaining: 1h 1m 13s
[stdout] Rendered 25/8755, time remaining: 1h 17s
[stdout] Rendered 26/8755, time remaining: 59m 47s
[stdout] Rendered 27/8755, time remaining: 59m 28s
[stdout] Rendered 28/8755, time remaining: 59m 3s
[stdout] Rendered 29/8755, time remaining: 58m 55s
[stdout] Rendered 30/8755, time remaining: 58m 23s
[stdout] Rendered 31/8755, time remaining: 57m 38s
[stdout] Rendered 32/8755, time remaining: 57m 23s
[stdout] Rendered 33/8755, time remaining: 56m 50s
[stdout] Rendered 34/8755, time remaining: 56m 11s
[stdout] Rendered 35/8755, time remaining: 55m 35s
[stdout] Rendered 36/8755, time remaining: 55m 8s
[stdout] Rendered 37/8755, time remaining: 54m 37s
[stdout] Rendered 38/8755, time remaining: 54m 20s
[stdout] Rendered 39/8755, time remaining: 53m 38s
[stdout] Rendered 40/8755, time remaining: 53m 17s
[stdout] Rendered 41/8755, time remaining: 52m 54s
[stdout] Rendered 42/8755, time remaining: 52m 32s
[stdout] Rendered 43/8755, time remaining: 51m 58s
[stdout] Rendered 44/8755, time remaining: 51m 32s
[stdout] Rendered 45/8755, time remaining: 51m 16s
[stdout] Rendered 46/8755, time remaining: 50m 58s
[stdout] Rendered 47/8755, time remaining: 50m 47s
[stdout] Rendered 48/8755, time remaining: 50m 26s
[stdout] Rendered 49/8755, time remaining: 50m 21s
[stdout] Rendered 50/8755, time remaining: 49m 57s
[stdout] Rendered 51/8755, time remaining: 49m 47s
[stdout] Rendered 52/8755, time remaining: 49m 28s
[stdout] Rendered 53/8755, time remaining: 49m 10s
[stdout] Rendered 54/8755, time remaining: 49m 3s
[stdout] Rendered 55/8755, time remaining: 48m 39s
[stdout] Rendered 56/8755, time remaining: 48m 22s
[stdout] Rendered 57/8755, time remaining: 48m 8s
[stdout] Rendered 58/8755, time remaining: 47m 56s
[stdout] Rendered 59/8755, time remaining: 47m 46s
[stdout] Rendered 60/8755, time remaining: 47m 25s
[stdout] Rendered 60/8755, time remaining: 47m 25s
[stdout] Rendered 61/8755, time remaining: 47m 5s
[stdout] Rendered 62/8755, time remaining: 47m 0s
[stdout] Rendered 63/8755, time remaining: 46m 47s
[stdout] Rendered 64/8755, time remaining: 46m 34s
[stdout] Rendered 65/8755, time remaining: 46m 21s
[stdout] Rendered 66/8755, time remaining: 46m 8s
[stdout] Rendered 67/8755, time remaining: 46m 5s
[stdout] Rendered 67/8755, time remaining: 46m 5s
[stdout] Rendered 67/8755, time remaining: 46m 5s
[stdout] Rendered 67/8755, time remaining: 46m 5s
[stdout] Rendered 67/8755, time remaining: 46m 5s
[stdout] Rendered 68/8755, time remaining: 50m 11s
[stdout] Rendered 69/8755, time remaining: 53m 58s
[stdout] Rendered 70/8755, time remaining: 57m 57s
[stdout] Rendered 71/8755, time remaining: 1h 1m 33s
[stdout] Rendered 72/8755, time remaining: 1h 5m 22s
[stdout] Rendered 73/8755, time remaining: 1h 8m 54s
[stdout] Rendered 73/8755, time remaining: 1h 8m 54s
[stdout] Rendered 74/8755, time remaining: 1h 9m 6s
[stdout] Rendered 75/8755, time remaining: 1h 9m 19s
[stdout] Rendered 76/8755, time remaining: 1h 9m 30s
[stdout] Rendered 77/8755, time remaining: 1h 9m 42s
[stdout] Rendered 77/8755, time remaining: 1h 9m 42s
[stdout] Rendered 78/8755, time remaining: 1h 9m 54s
[stdout] Rendered 79/8755, time remaining: 1h 10m 5s
[stdout] Rendered 80/8755, time remaining: 1h 9m 26s
[stdout] Rendered 81/8755, time remaining: 1h 8m 51s
[stdout] Rendered 82/8755, time remaining: 1h 8m 18s
[stdout] Rendered 83/8755, time remaining: 1h 7m 47s
[stdout] Rendered 84/8755, time remaining: 1h 7m 19s
[stdout] Rendered 85/8755, time remaining: 1h 6m 50s
[stdout] Rendered 86/8755, time remaining: 1h 6m 20s
[stdout] Rendered 87/8755, time remaining: 1h 5m 48s
[stdout] Rendered 88/8755, time remaining: 1h 5m 17s
[stdout] Rendered 89/8755, time remaining: 1h 4m 45s
[stdout] Rendered 90/8755, time remaining: 1h 4m 16s
[stdout] Rendered 91/8755, time remaining: 1h 3m 49s
[stdout] Rendered 92/8755, time remaining: 1h 3m 20s
[stdout] Rendered 93/8755, time remaining: 1h 2m 52s
[stdout] Rendered 94/8755, time remaining: 1h 2m 25s
[stdout] Rendered 95/8755, time remaining: 1h 1m 58s
[stdout] Rendered 96/8755, time remaining: 1h 1m 30s
[stdout] Rendered 97/8755, time remaining: 1h 1m 5s
[stdout] Rendered 97/8755, time remaining: 1h 1m 5s
[stdout] Rendered 98/8755, time remaining: 1h 41s
[stdout] Rendered 99/8755, time remaining: 1h 17s
[stdout] Rendered 100/8755, time remaining: 59m 54s
[stdout] Rendered 101/8755, time remaining: 59m 28s
[stdout] Rendered 102/8755, time remaining: 59m 7s
[stdout] Rendered 103/8755, time remaining: 58m 46s
[stdout] Rendered 104/8755, time remaining: 58m 21s
[stdout] Rendered 105/8755, time remaining: 58m 2s
[stdout] Rendered 106/8755, time remaining: 57m 41s
[stdout] Rendered 107/8755, time remaining: 57m 20s
[stdout] Rendered 108/8755, time remaining: 56m 59s
[stdout] Rendered 109/8755, time remaining: 56m 37s
[stdout] Rendered 110/8755, time remaining: 56m 19s
[stdout] Rendered 111/8755, time remaining: 55m 59s
[stdout] Rendered 112/8755, time remaining: 55m 38s
[stdout] Rendered 113/8755, time remaining: 55m 21s
[stdout] Rendered 114/8755, time remaining: 55m 2s
[stdout] Rendered 115/8755, time remaining: 54m 47s
[stdout] Rendered 116/8755, time remaining: 54m 26s
[stdout] Rendered 116/8755, time remaining: 54m 26s
[stdout] Rendered 117/8755, time remaining: 54m 10s
[stdout] Rendered 118/8755, time remaining: 53m 52s
[stdout] Rendered 119/8755, time remaining: 53m 42s
[stdout] Rendered 120/8755, time remaining: 53m 24s
[stdout] Rendered 121/8755, time remaining: 53m 10s
[stdout] Rendered 122/8755, time remaining: 52m 58s
[stdout] Rendered 123/8755, time remaining: 52m 40s
[stdout] Rendered 124/8755, time remaining: 52m 23s
[stdout] Rendered 125/8755, time remaining: 52m 11s
[stdout] Rendered 126/8755, time remaining: 51m 54s
[stdout] Rendered 127/8755, time remaining: 51m 38s
[stdout] Rendered 128/8755, time remaining: 51m 26s
[stdout] Rendered 129/8755, time remaining: 51m 14s
[stdout] Rendered 130/8755, time remaining: 51m 4s
[stdout] Rendered 131/8755, time remaining: 50m 51s
[stdout] Rendered 132/8755, time remaining: 50m 40s
[stdout] Rendered 133/8755, time remaining: 50m 26s
[stdout] Rendered 134/8755, time remaining: 50m 14s
[stdout] Rendered 134/8755, time remaining: 50m 14s
[stdout] Rendered 135/8755, time remaining: 50m 3s
[stdout] Rendered 136/8755, time remaining: 49m 53s
[stdout] Rendered 137/8755, time remaining: 49m 43s
[stdout] Rendered 138/8755, time remaining: 49m 32s
[stdout] Rendered 139/8755, time remaining: 49m 18s
[stdout] Rendered 140/8755, time remaining: 49m 5s
[stdout] Rendered 141/8755, time remaining: 48m 55s
[stdout] Rendered 142/8755, time remaining: 48m 45s
[stdout] Rendered 143/8755, time remaining: 48m 32s
[stdout] Rendered 144/8755, time remaining: 48m 20s
[stdout] Rendered 145/8755, time remaining: 48m 7s
[stdout] Rendered 146/8755, time remaining: 47m 56s
[stdout] Rendered 147/8755, time remaining: 47m 44s
[stdout] Rendered 148/8755, time remaining: 47m 33s
[stdout] Rendered 149/8755, time remaining: 47m 21s
[stdout] Rendered 150/8755, time remaining: 47m 12s
[stdout] Rendered 151/8755, time remaining: 47m 3s
[stdout] Rendered 152/8755, time remaining: 46m 53s
[stdout] Rendered 153/8755, time remaining: 46m 41s
[stdout] Rendered 153/8755, time remaining: 46m 41s
[stdout] Rendered 154/8755, time remaining: 46m 32s
[stdout] Rendered 155/8755, time remaining: 46m 23s
[stdout] Rendered 156/8755, time remaining: 46m 13s
[stdout] Rendered 157/8755, time remaining: 46m 5s
[stdout] Rendered 158/8755, time remaining: 45m 58s
[stdout] Rendered 159/8755, time remaining: 45m 49s
[stdout] Rendered 160/8755, time remaining: 45m 39s
[stdout] Rendered 161/8755, time remaining: 45m 30s
[stdout] Rendered 162/8755, time remaining: 45m 20s
[stdout] Rendered 163/8755, time remaining: 45m 10s
[stdout] Rendered 164/8755, time remaining: 45m 2s
[stdout] Rendered 165/8755, time remaining: 44m 55s
[stdout] Rendered 166/8755, time remaining: 44m 46s
[stdout] Rendered 167/8755, time remaining: 44m 37s
[stdout] Rendered 168/8755, time remaining: 44m 27s
[stdout] Rendered 169/8755, time remaining: 44m 19s
[stdout] Rendered 170/8755, time remaining: 44m 8s
[stdout] Rendered 171/8755, time remaining: 44m 1s
[stdout] Rendered 172/8755, time remaining: 43m 55s
[stdout] Rendered 173/8755, time remaining: 43m 46s
[stdout] Rendered 173/8755, time remaining: 43m 46s
[stdout] Rendered 174/8755, time remaining: 43m 36s
[stdout] Rendered 175/8755, time remaining: 43m 28s
[stdout] Rendered 176/8755, time remaining: 43m 21s
[stdout] Rendered 177/8755, time remaining: 43m 13s
[stdout] Rendered 178/8755, time remaining: 43m 5s
[stdout] Rendered 179/8755, time remaining: 42m 58s
[stdout] Rendered 180/8755, time remaining: 42m 50s
[stdout] Rendered 181/8755, time remaining: 42m 41s
[stdout] Rendered 182/8755, time remaining: 42m 34s
[stdout] Rendered 183/8755, time remaining: 42m 28s
[stdout] Rendered 184/8755, time remaining: 42m 22s
[stdout] Rendered 185/8755, time remaining: 42m 17s
[stdout] Rendered 186/8755, time remaining: 42m 10s
[stdout] Rendered 187/8755, time remaining: 42m 3s
[stdout] Rendered 188/8755, time remaining: 41m 57s
[stdout] Rendered 189/8755, time remaining: 41m 51s
[stdout] Rendered 190/8755, time remaining: 41m 44s
[stdout] Rendered 191/8755, time remaining: 41m 38s
[stdout] Rendered 192/8755, time remaining: 41m 31s
[stdout] Rendered 193/8755, time remaining: 41m 25s
[stdout] Rendered 193/8755, time remaining: 41m 25s
[stdout] Rendered 194/8755, time remaining: 41m 19s
[stdout] Rendered 195/8755, time remaining: 41m 14s
[stdout] Rendered 196/8755, time remaining: 41m 7s
[stdout] Rendered 197/8755, time remaining: 41m 0s
[stdout] Rendered 198/8755, time remaining: 40m 55s
[stdout] Rendered 199/8755, time remaining: 40m 50s
[stdout] Rendered 200/8755, time remaining: 40m 42s
[stdout] Rendered 201/8755, time remaining: 40m 36s
[stdout] Rendered 202/8755, time remaining: 40m 29s
[stdout] Rendered 203/8755, time remaining: 40m 22s
[stdout] Rendered 204/8755, time remaining: 40m 14s
[stdout] Rendered 205/8755, time remaining: 40m 9s
[stdout] Rendered 206/8755, time remaining: 40m 2s
[stdout] Rendered 207/8755, time remaining: 39m 57s
[stdout] Rendered 208/8755, time remaining: 39m 50s
[stdout] Rendered 209/8755, time remaining: 39m 44s
[stdout] Rendered 210/8755, time remaining: 39m 38s
[stdout] Rendered 211/8755, time remaining: 39m 33s
[stdout] Rendered 212/8755, time remaining: 39m 27s
[stdout] Rendered 213/8755, time remaining: 39m 21s
[stdout] Rendered 214/8755, time remaining: 39m 15s
[stdout] Rendered 214/8755, time remaining: 39m 15s
[stdout] Rendered 215/8755, time remaining: 39m 10s
[stdout] Rendered 216/8755, time remaining: 39m 5s
[stdout] Rendered 217/8755, time remaining: 38m 59s
[stdout] Rendered 218/8755, time remaining: 38m 54s
[stdout] Rendered 219/8755, time remaining: 38m 48s
[stdout] Rendered 220/8755, time remaining: 38m 43s
[stdout] Rendered 221/8755, time remaining: 38m 37s
[stdout] Rendered 222/8755, time remaining: 38m 32s
[stdout] Rendered 223/8755, time remaining: 38m 26s
[stdout] Rendered 224/8755, time remaining: 38m 21s
[stdout] Rendered 225/8755, time remaining: 38m 16s
[stdout] Rendered 226/8755, time remaining: 38m 10s
[stdout] Rendered 227/8755, time remaining: 38m 6s
[stdout] Rendered 228/8755, time remaining: 38m 1s
[stdout] Rendered 229/8755, time remaining: 37m 56s
[stdout] Rendered 230/8755, time remaining: 37m 50s
[stdout] Rendered 231/8755, time remaining: 37m 47s
[stdout] Rendered 232/8755, time remaining: 37m 42s
[stdout] Rendered 233/8755, time remaining: 37m 38s
[stdout] Rendered 234/8755, time remaining: 37m 33s
[stdout] Rendered 235/8755, time remaining: 37m 31s
[stdout] Rendered 236/8755, time remaining: 37m 25s
[stdout] Rendered 236/8755, time remaining: 37m 25s
[stdout] Rendered 237/8755, time remaining: 37m 22s
[stdout] Rendered 238/8755, time remaining: 37m 18s
[stdout] Rendered 239/8755, time remaining: 37m 13s
[stdout] Rendered 240/8755, time remaining: 37m 7s
[stdout] Rendered 241/8755, time remaining: 37m 4s
[stdout] Rendered 242/8755, time remaining: 37m 0s
[stdout] Rendered 243/8755, time remaining: 36m 56s
[stdout] Rendered 244/8755, time remaining: 36m 52s
[stdout] Rendered 245/8755, time remaining: 36m 47s
[stdout] Rendered 246/8755, time remaining: 36m 43s
[stdout] Rendered 247/8755, time remaining: 36m 39s
[stdout] Rendered 248/8755, time remaining: 36m 35s
[stdout] Rendered 249/8755, time remaining: 36m 30s
[stdout] Rendered 250/8755, time remaining: 36m 25s
[stdout] Rendered 251/8755, time remaining: 36m 21s
[stdout] Rendered 252/8755, time remaining: 36m 17s
[stdout] Rendered 253/8755, time remaining: 36m 12s
[stdout] Rendered 254/8755, time remaining: 36m 8s
[stdout] Rendered 255/8755, time remaining: 36m 4s
[stdout] Rendered 256/8755, time remaining: 36m 1s
[stdout] Rendered 256/8755, time remaining: 36m 1s
[stdout] Rendered 257/8755, time remaining: 35m 57s
[stdout] Rendered 258/8755, time remaining: 35m 53s
[stdout] Rendered 259/8755, time remaining: 35m 48s
[stdout] Rendered 260/8755, time remaining: 35m 43s
[stdout] Rendered 261/8755, time remaining: 35m 40s
[stdout] Rendered 262/8755, time remaining: 35m 37s
[stdout] Rendered 263/8755, time remaining: 35m 33s
[stdout] Rendered 264/8755, time remaining: 35m 29s
[stdout] Rendered 265/8755, time remaining: 35m 25s
[stdout] Rendered 266/8755, time remaining: 35m 21s
[stdout] Rendered 267/8755, time remaining: 35m 17s
[stdout] Rendered 268/8755, time remaining: 35m 14s
[stdout] Rendered 269/8755, time remaining: 35m 10s
[stdout] Rendered 270/8755, time remaining: 35m 5s
[stdout] Rendered 271/8755, time remaining: 35m 3s
[stdout] Rendered 272/8755, time remaining: 35m 0s
[stdout] Rendered 273/8755, time remaining: 34m 56s
[stdout] Rendered 274/8755, time remaining: 34m 53s
[stdout] Rendered 275/8755, time remaining: 34m 49s
[stdout] Rendered 276/8755, time remaining: 34m 45s
[stdout] Rendered 277/8755, time remaining: 34m 41s
[stdout] Rendered 278/8755, time remaining: 34m 37s
[stdout] Rendered 278/8755, time remaining: 34m 37s
[stdout] Rendered 279/8755, time remaining: 34m 34s
[stdout] Rendered 280/8755, time remaining: 34m 31s
[stdout] Rendered 281/8755, time remaining: 34m 29s
[stdout] Rendered 282/8755, time remaining: 34m 26s
[stdout] Rendered 283/8755, time remaining: 34m 22s
[stdout] Rendered 284/8755, time remaining: 34m 20s
[stdout] Rendered 285/8755, time remaining: 34m 16s
[stdout] Rendered 286/8755, time remaining: 34m 13s
[stdout] Rendered 287/8755, time remaining: 34m 9s
[stdout] Rendered 288/8755, time remaining: 34m 6s
[stdout] Rendered 289/8755, time remaining: 34m 2s
[stdout] Rendered 290/8755, time remaining: 33m 59s
[stdout] Rendered 291/8755, time remaining: 33m 55s
[stdout] Rendered 292/8755, time remaining: 33m 53s
[stdout] Rendered 293/8755, time remaining: 33m 49s
[stdout] Rendered 294/8755, time remaining: 33m 46s
[stdout] Rendered 295/8755, time remaining: 33m 43s
[stdout] Rendered 296/8755, time remaining: 33m 39s
[stdout] Rendered 297/8755, time remaining: 33m 37s
[stdout] Rendered 298/8755, time remaining: 33m 34s
[stdout] Rendered 299/8755, time remaining: 33m 32s
[stdout] Rendered 300/8755, time remaining: 33m 29s
[stdout] Rendered 300/8755, time remaining: 33m 29s
[stdout] Rendered 301/8755, time remaining: 33m 25s
[stdout] Rendered 302/8755, time remaining: 33m 23s
[stdout] Rendered 303/8755, time remaining: 33m 19s
[stdout] Rendered 304/8755, time remaining: 33m 18s
[stdout] Rendered 305/8755, time remaining: 33m 14s
[stdout] Rendered 306/8755, time remaining: 33m 12s
[stdout] Rendered 307/8755, time remaining: 33m 9s
[stdout] Rendered 308/8755, time remaining: 33m 5s
[stdout] Rendered 309/8755, time remaining: 33m 3s
[stdout] Rendered 310/8755, time remaining: 33m 0s
[stdout] Rendered 311/8755, time remaining: 32m 57s
[stdout] Rendered 312/8755, time remaining: 32m 54s
[stdout] Rendered 313/8755, time remaining: 32m 52s
[stdout] Rendered 314/8755, time remaining: 32m 49s
[stdout] Rendered 315/8755, time remaining: 32m 46s
[stdout] Rendered 316/8755, time remaining: 32m 44s
[stdout] Rendered 317/8755, time remaining: 32m 43s
[stdout] Rendered 318/8755, time remaining: 32m 40s
[stdout] Rendered 319/8755, time remaining: 32m 37s
[stdout] Rendered 320/8755, time remaining: 32m 35s
[stdout] Rendered 320/8755, time remaining: 32m 35s
[stdout] Rendered 321/8755, time remaining: 32m 32s
[stdout] Rendered 322/8755, time remaining: 32m 29s
[stdout] Rendered 323/8755, time remaining: 32m 27s
[stdout] Rendered 324/8755, time remaining: 32m 24s
[stdout] Rendered 325/8755, time remaining: 32m 21s
[stdout] Rendered 326/8755, time remaining: 32m 18s
[stdout] Rendered 327/8755, time remaining: 32m 15s
[stdout] Rendered 328/8755, time remaining: 32m 12s
[stdout] Rendered 329/8755, time remaining: 32m 9s
[stdout] Rendered 330/8755, time remaining: 32m 8s
[stdout] Rendered 331/8755, time remaining: 32m 5s
[stdout] Rendered 332/8755, time remaining: 32m 2s
[stdout] Rendered 333/8755, time remaining: 31m 59s
[stdout] Rendered 334/8755, time remaining: 31m 58s
[stdout] Rendered 335/8755, time remaining: 31m 55s
[stdout] Rendered 336/8755, time remaining: 31m 53s
[stdout] Rendered 337/8755, time remaining: 31m 50s
[stdout] Rendered 338/8755, time remaining: 31m 48s
[stdout] Rendered 339/8755, time remaining: 31m 45s
[stdout] Rendered 340/8755, time remaining: 31m 43s
[stdout] Rendered 341/8755, time remaining: 31m 40s
[stdout] Rendered 342/8755, time remaining: 31m 38s
[stdout] Rendered 342/8755, time remaining: 31m 38s
[stdout] Rendered 343/8755, time remaining: 31m 37s
[stdout] Rendered 344/8755, time remaining: 31m 35s
[stdout] Rendered 345/8755, time remaining: 31m 35s
[stdout] Rendered 346/8755, time remaining: 31m 34s
[stdout] Rendered 347/8755, time remaining: 31m 34s
[stdout] Rendered 348/8755, time remaining: 31m 33s
[stdout] Rendered 349/8755, time remaining: 31m 32s
[stdout] Rendered 350/8755, time remaining: 31m 30s
[stdout] Rendered 351/8755, time remaining: 31m 27s
[stdout] Rendered 352/8755, time remaining: 31m 25s
[stdout] Rendered 353/8755, time remaining: 31m 22s
[stdout] Rendered 354/8755, time remaining: 31m 20s
[stdout] Rendered 355/8755, time remaining: 31m 18s
[stdout] Rendered 356/8755, time remaining: 31m 16s
[stdout] Rendered 357/8755, time remaining: 31m 14s
[stdout] Rendered 358/8755, time remaining: 31m 12s
[stdout] Rendered 359/8755, time remaining: 31m 9s
[stdout] Rendered 360/8755, time remaining: 31m 7s
[stdout] Rendered 361/8755, time remaining: 31m 4s
[stdout] Rendered 361/8755, time remaining: 31m 4s
[stdout] Rendered 362/8755, time remaining: 31m 3s
[stdout] Rendered 363/8755, time remaining: 31m 2s
[stdout] Rendered 364/8755, time remaining: 31m 0s
[stdout] Rendered 365/8755, time remaining: 30m 58s
[stdout] Rendered 366/8755, time remaining: 30m 56s
[stdout] Rendered 367/8755, time remaining: 30m 53s
[stdout] Rendered 368/8755, time remaining: 30m 51s
[stdout] Rendered 369/8755, time remaining: 30m 49s
[stdout] Rendered 370/8755, time remaining: 30m 47s
[stdout] Rendered 371/8755, time remaining: 30m 45s
[stdout] Rendered 372/8755, time remaining: 30m 42s
[stdout] Rendered 373/8755, time remaining: 30m 41s
[stdout] Rendered 374/8755, time remaining: 30m 39s
[stdout] Rendered 375/8755, time remaining: 30m 37s
[stdout] Rendered 376/8755, time remaining: 30m 35s
[stdout] Rendered 377/8755, time remaining: 30m 34s
[stdout] Rendered 378/8755, time remaining: 30m 32s
[stdout] Rendered 379/8755, time remaining: 30m 29s
[stdout] Rendered 380/8755, time remaining: 30m 28s
[stdout] Rendered 381/8755, time remaining: 30m 27s
[stdout] Rendered 382/8755, time remaining: 30m 26s
[stdout] Rendered 382/8755, time remaining: 30m 26s
[stdout] Rendered 383/8755, time remaining: 30m 24s
[stdout] Rendered 384/8755, time remaining: 30m 23s
[stdout] Rendered 385/8755, time remaining: 30m 21s
[stdout] Rendered 386/8755, time remaining: 30m 18s
[stdout] Rendered 387/8755, time remaining: 30m 17s
[stdout] Rendered 388/8755, time remaining: 30m 16s
[stdout] Rendered 389/8755, time remaining: 30m 14s
[stdout] Rendered 390/8755, time remaining: 30m 12s
[stdout] Rendered 391/8755, time remaining: 30m 10s
[stdout] Rendered 392/8755, time remaining: 30m 8s
[stdout] Rendered 393/8755, time remaining: 30m 6s
[stdout] Rendered 394/8755, time remaining: 30m 4s
[stdout] Rendered 395/8755, time remaining: 30m 2s
[stdout] Rendered 396/8755, time remaining: 30m 0s
[stdout] Rendered 397/8755, time remaining: 29m 57s
[stdout] Rendered 398/8755, time remaining: 29m 56s
[stdout] Rendered 399/8755, time remaining: 29m 55s
[stdout] Rendered 400/8755, time remaining: 29m 53s
[stdout] Rendered 401/8755, time remaining: 29m 52s
[stdout] Rendered 402/8755, time remaining: 29m 50s
[stdout] Rendered 403/8755, time remaining: 29m 48s
[stdout] Rendered 403/8755, time remaining: 29m 48s
[stdout] Rendered 404/8755, time remaining: 29m 46s
[stdout] Rendered 405/8755, time remaining: 29m 45s
[stdout] Rendered 406/8755, time remaining: 29m 44s
[stdout] Rendered 407/8755, time remaining: 29m 42s
[stdout] Rendered 408/8755, time remaining: 29m 40s
[stdout] Rendered 409/8755, time remaining: 29m 39s
[stdout] Rendered 410/8755, time remaining: 29m 37s
[stdout] Rendered 411/8755, time remaining: 29m 35s
[stdout] Rendered 412/8755, time remaining: 29m 33s
[stdout] Rendered 413/8755, time remaining: 29m 31s
[stdout] Rendered 414/8755, time remaining: 29m 30s
[stdout] Rendered 415/8755, time remaining: 29m 28s
[stdout] Rendered 416/8755, time remaining: 29m 26s
[stdout] Rendered 417/8755, time remaining: 29m 24s
[stdout] Rendered 418/8755, time remaining: 29m 23s
[stdout] Rendered 419/8755, time remaining: 29m 20s
[stdout] Rendered 420/8755, time remaining: 29m 19s
[stdout] Rendered 421/8755, time remaining: 29m 17s
[stdout] Rendered 422/8755, time remaining: 29m 15s
[stdout] Rendered 423/8755, time remaining: 29m 14s
[stdout] Rendered 424/8755, time remaining: 29m 12s
[stdout] Rendered 425/8755, time remaining: 29m 11s
[stdout] Rendered 425/8755, time remaining: 29m 11s
[stdout] Rendered 426/8755, time remaining: 29m 10s
[stdout] Rendered 427/8755, time remaining: 29m 9s
[stdout] Rendered 428/8755, time remaining: 29m 7s
[stdout] Rendered 429/8755, time remaining: 29m 6s
[stdout] Rendered 430/8755, time remaining: 29m 4s
[stdout] Rendered 431/8755, time remaining: 29m 2s
[stdout] Rendered 432/8755, time remaining: 29m 1s
[stdout] Rendered 433/8755, time remaining: 29m 0s
[stdout] Rendered 434/8755, time remaining: 28m 59s
[stdout] Rendered 435/8755, time remaining: 28m 57s
[stdout] Rendered 436/8755, time remaining: 28m 56s
[stdout] Rendered 437/8755, time remaining: 28m 54s
[stdout] Rendered 438/8755, time remaining: 28m 52s
[stdout] Rendered 439/8755, time remaining: 28m 51s
[stdout] Rendered 440/8755, time remaining: 28m 50s
[stdout] Rendered 441/8755, time remaining: 28m 48s
[stdout] Rendered 442/8755, time remaining: 28m 47s
[stdout] Rendered 443/8755, time remaining: 28m 46s
[stdout] Rendered 444/8755, time remaining: 28m 44s
[stdout] Rendered 445/8755, time remaining: 28m 42s
[stdout] Rendered 446/8755, time remaining: 28m 40s
[stdout] Rendered 446/8755, time remaining: 28m 40s
[stdout] Rendered 447/8755, time remaining: 28m 39s
[stdout] Rendered 448/8755, time remaining: 28m 37s
[stdout] Rendered 449/8755, time remaining: 28m 36s
[stdout] Rendered 450/8755, time remaining: 28m 36s
[stdout] Rendered 451/8755, time remaining: 28m 35s
[stdout] Rendered 452/8755, time remaining: 28m 34s
[stdout] Rendered 453/8755, time remaining: 28m 34s
[stdout] Rendered 454/8755, time remaining: 28m 32s
[stdout] Rendered 455/8755, time remaining: 28m 31s
[stdout] Rendered 456/8755, time remaining: 28m 30s
[stdout] Rendered 457/8755, time remaining: 28m 28s
[stdout] Rendered 458/8755, time remaining: 28m 27s
[stdout] Rendered 459/8755, time remaining: 28m 25s
[stdout] Rendered 460/8755, time remaining: 28m 24s
[stdout] Rendered 461/8755, time remaining: 28m 22s
[stdout] Rendered 462/8755, time remaining: 28m 21s
[stdout] Rendered 463/8755, time remaining: 28m 20s
[stdout] Rendered 464/8755, time remaining: 28m 19s
[stdout] Rendered 465/8755, time remaining: 28m 18s
[stdout] Rendered 466/8755, time remaining: 28m 17s
[stdout] Rendered 466/8755, time remaining: 28m 17s
[stdout] Rendered 467/8755, time remaining: 28m 16s
[stdout] Rendered 468/8755, time remaining: 28m 14s
[stdout] Rendered 469/8755, time remaining: 28m 13s
[stdout] Rendered 470/8755, time remaining: 28m 11s
[stdout] Rendered 471/8755, time remaining: 28m 11s
[stdout] Rendered 472/8755, time remaining: 28m 9s
[stdout] Rendered 473/8755, time remaining: 28m 8s
[stdout] Rendered 474/8755, time remaining: 28m 7s
[stdout] Rendered 475/8755, time remaining: 28m 5s
[stdout] Rendered 476/8755, time remaining: 28m 4s
[stdout] Rendered 477/8755, time remaining: 28m 3s
[stdout] Rendered 478/8755, time remaining: 28m 2s
[stdout] Rendered 479/8755, time remaining: 28m 0s
[stdout] Rendered 480/8755, time remaining: 27m 58s
[stdout] Rendered 481/8755, time remaining: 27m 57s
[stdout] Rendered 482/8755, time remaining: 27m 56s
[stdout] Rendered 483/8755, time remaining: 27m 55s
[stdout] Rendered 484/8755, time remaining: 27m 54s
[stdout] Rendered 485/8755, time remaining: 27m 52s
[stdout] Rendered 486/8755, time remaining: 27m 51s
[stdout] Rendered 487/8755, time remaining: 27m 51s
[stdout] Rendered 487/8755, time remaining: 27m 51s
[stdout] Rendered 488/8755, time remaining: 27m 50s
[stdout] Rendered 489/8755, time remaining: 27m 49s
[stdout] Rendered 490/8755, time remaining: 27m 48s
[stdout] Rendered 491/8755, time remaining: 27m 46s
[stdout] Rendered 492/8755, time remaining: 27m 45s
[stdout] Rendered 493/8755, time remaining: 27m 44s
[stdout] Rendered 494/8755, time remaining: 27m 43s
[stdout] Rendered 495/8755, time remaining: 27m 42s
[stdout] Rendered 496/8755, time remaining: 27m 40s
[stdout] Rendered 497/8755, time remaining: 27m 40s
[stdout] Rendered 498/8755, time remaining: 27m 38s
[stdout] Rendered 499/8755, time remaining: 27m 37s
[stdout] Rendered 500/8755, time remaining: 27m 37s
[stdout] Rendered 501/8755, time remaining: 27m 36s
[stdout] Rendered 502/8755, time remaining: 27m 35s
[stdout] Rendered 503/8755, time remaining: 27m 34s
[stdout] Rendered 504/8755, time remaining: 27m 33s
[stdout] Rendered 505/8755, time remaining: 27m 32s
[stdout] Rendered 506/8755, time remaining: 27m 31s
[stdout] Rendered 507/8755, time remaining: 27m 30s
[stdout] Rendered 508/8755, time remaining: 27m 29s
[stdout] Rendered 508/8755, time remaining: 27m 29s
[stdout] Rendered 509/8755, time remaining: 27m 28s
[stdout] Rendered 510/8755, time remaining: 27m 26s
[stdout] Rendered 511/8755, time remaining: 27m 25s
[stdout] Rendered 512/8755, time remaining: 27m 25s
[stdout] Rendered 513/8755, time remaining: 27m 24s
[stdout] Rendered 514/8755, time remaining: 27m 23s
[stdout] Rendered 515/8755, time remaining: 27m 22s
[stdout] Rendered 516/8755, time remaining: 27m 21s
[stdout] Rendered 517/8755, time remaining: 27m 20s
[stdout] Rendered 518/8755, time remaining: 27m 18s
[stdout] Rendered 519/8755, time remaining: 27m 18s
[stdout] Rendered 520/8755, time remaining: 27m 17s
[stdout] Rendered 521/8755, time remaining: 27m 17s
[stdout] Rendered 522/8755, time remaining: 27m 16s
[stdout] Rendered 523/8755, time remaining: 27m 15s
[stdout] Rendered 524/8755, time remaining: 27m 14s
[stdout] Rendered 525/8755, time remaining: 27m 13s
[stdout] Rendered 526/8755, time remaining: 27m 12s
[stdout] Rendered 526/8755, time remaining: 27m 12s
[stdout] Rendered 527/8755, time remaining: 27m 12s
[stdout] Rendered 528/8755, time remaining: 27m 11s
[stdout] Rendered 529/8755, time remaining: 27m 9s
[stdout] Rendered 530/8755, time remaining: 27m 8s
[stdout] Rendered 531/8755, time remaining: 27m 6s
[stdout] Rendered 532/8755, time remaining: 27m 6s
[stdout] Rendered 533/8755, time remaining: 27m 5s
[stdout] Rendered 534/8755, time remaining: 27m 4s
[stdout] Rendered 535/8755, time remaining: 27m 3s
[stdout] Rendered 536/8755, time remaining: 27m 2s
[stdout] Rendered 537/8755, time remaining: 27m 1s
[stdout] Rendered 538/8755, time remaining: 26m 59s
[stdout] Rendered 539/8755, time remaining: 26m 59s
[stdout] Rendered 540/8755, time remaining: 26m 58s
[stdout] Rendered 541/8755, time remaining: 26m 57s
[stdout] Rendered 542/8755, time remaining: 26m 56s
[stdout] Rendered 543/8755, time remaining: 26m 55s
[stdout] Rendered 544/8755, time remaining: 26m 54s
[stdout] Rendered 545/8755, time remaining: 26m 52s
[stdout] Rendered 546/8755, time remaining: 26m 51s
[stdout] Rendered 547/8755, time remaining: 26m 50s
[stdout] Rendered 548/8755, time remaining: 26m 49s
[stdout] Rendered 549/8755, time remaining: 26m 48s
[stdout] Rendered 549/8755, time remaining: 26m 48s
[stdout] Rendered 550/8755, time remaining: 26m 47s
[stdout] Rendered 551/8755, time remaining: 26m 45s
[stdout] Rendered 552/8755, time remaining: 26m 44s
[stdout] Rendered 553/8755, time remaining: 26m 43s
[stdout] Rendered 554/8755, time remaining: 26m 42s
[stdout] Rendered 555/8755, time remaining: 26m 41s
[stdout] Rendered 556/8755, time remaining: 26m 40s
[stdout] Rendered 557/8755, time remaining: 26m 39s
[stdout] Rendered 558/8755, time remaining: 26m 38s
[stdout] Rendered 559/8755, time remaining: 26m 37s
[stdout] Rendered 560/8755, time remaining: 26m 36s
[stdout] Rendered 561/8755, time remaining: 26m 35s
[stdout] Rendered 562/8755, time remaining: 26m 34s
[stdout] Rendered 563/8755, time remaining: 26m 33s
[stdout] Rendered 564/8755, time remaining: 26m 32s
[stdout] Rendered 565/8755, time remaining: 26m 31s
[stdout] Rendered 566/8755, time remaining: 26m 30s
[stdout] Rendered 567/8755, time remaining: 26m 29s
[stdout] Rendered 568/8755, time remaining: 26m 29s
[stdout] Rendered 569/8755, time remaining: 26m 28s
[stdout] Rendered 570/8755, time remaining: 26m 27s
[stdout] Rendered 570/8755, time remaining: 26m 27s
[stdout] Rendered 571/8755, time remaining: 26m 26s
[stdout] Rendered 572/8755, time remaining: 26m 25s
[stdout] Rendered 573/8755, time remaining: 26m 24s
[stdout] Rendered 574/8755, time remaining: 26m 23s
[stdout] Rendered 575/8755, time remaining: 26m 22s
[stdout] Rendered 576/8755, time remaining: 26m 22s
[stdout] Rendered 577/8755, time remaining: 26m 22s
[stdout] Rendered 578/8755, time remaining: 26m 21s
[stdout] Rendered 579/8755, time remaining: 26m 20s
[stdout] Rendered 580/8755, time remaining: 26m 19s
[stdout] Rendered 581/8755, time remaining: 26m 19s
[stdout] Rendered 582/8755, time remaining: 26m 18s
[stdout] Rendered 583/8755, time remaining: 26m 18s
[stdout] Rendered 584/8755, time remaining: 26m 17s
[stdout] Rendered 585/8755, time remaining: 26m 16s
[stdout] Rendered 586/8755, time remaining: 26m 15s
[stdout] Rendered 587/8755, time remaining: 26m 14s
[stdout] Rendered 588/8755, time remaining: 26m 13s
[stdout] Rendered 589/8755, time remaining: 26m 13s
[stdout] Rendered 590/8755, time remaining: 26m 12s
[stdout] Rendered 590/8755, time remaining: 26m 12s
[stdout] Rendered 591/8755, time remaining: 26m 12s
[stdout] Rendered 592/8755, time remaining: 26m 11s
[stdout] Rendered 593/8755, time remaining: 26m 10s
[stdout] Rendered 594/8755, time remaining: 26m 10s
[stdout] Rendered 595/8755, time remaining: 26m 9s
[stdout] Rendered 596/8755, time remaining: 26m 9s
[stdout] Rendered 597/8755, time remaining: 26m 8s
[stdout] Rendered 598/8755, time remaining: 26m 7s
[stdout] Rendered 599/8755, time remaining: 26m 7s
[stdout] Rendered 600/8755, time remaining: 26m 6s
[stdout] Rendered 601/8755, time remaining: 26m 6s
[stdout] Rendered 602/8755, time remaining: 26m 5s
[stdout] Rendered 603/8755, time remaining: 26m 4s
[stdout] Rendered 604/8755, time remaining: 26m 4s
[stdout] Rendered 605/8755, time remaining: 26m 3s
[stdout] Rendered 606/8755, time remaining: 26m 2s
[stdout] Rendered 607/8755, time remaining: 26m 1s
[stdout] Rendered 608/8755, time remaining: 26m 1s
[stdout] Rendered 609/8755, time remaining: 26m 0s
[stdout] Rendered 609/8755, time remaining: 26m 0s
[stdout] Rendered 610/8755, time remaining: 25m 59s
[stdout] Rendered 611/8755, time remaining: 25m 58s
[stdout] Rendered 612/8755, time remaining: 25m 58s
[stdout] Rendered 613/8755, time remaining: 25m 57s
[stdout] Rendered 614/8755, time remaining: 25m 56s
[stdout] Rendered 615/8755, time remaining: 25m 56s
[stdout] Rendered 616/8755, time remaining: 25m 56s
[stdout] Rendered 617/8755, time remaining: 25m 55s
[stdout] Rendered 618/8755, time remaining: 25m 54s
[stdout] Rendered 619/8755, time remaining: 25m 53s
[stdout] Rendered 620/8755, time remaining: 25m 52s
[stdout] Rendered 621/8755, time remaining: 25m 51s
[stdout] Rendered 622/8755, time remaining: 25m 51s
[stdout] Rendered 623/8755, time remaining: 25m 50s
[stdout] Rendered 624/8755, time remaining: 25m 49s
[stdout] Rendered 625/8755, time remaining: 25m 48s
[stdout] Rendered 626/8755, time remaining: 25m 48s
[stdout] Rendered 627/8755, time remaining: 25m 47s
[stdout] Rendered 628/8755, time remaining: 25m 47s
[stdout] Rendered 628/8755, time remaining: 25m 47s
[stdout] Rendered 629/8755, time remaining: 25m 46s
[stdout] Rendered 630/8755, time remaining: 25m 45s
[stdout] Rendered 631/8755, time remaining: 25m 44s
[stdout] Rendered 632/8755, time remaining: 25m 44s
[stdout] Rendered 633/8755, time remaining: 25m 43s
[stdout] Rendered 634/8755, time remaining: 25m 43s
[stdout] Rendered 635/8755, time remaining: 25m 42s
[stdout] Rendered 636/8755, time remaining: 25m 42s
[stdout] Rendered 637/8755, time remaining: 25m 42s
[stdout] Rendered 638/8755, time remaining: 25m 41s
[stdout] Rendered 639/8755, time remaining: 25m 40s
[stdout] Rendered 640/8755, time remaining: 25m 40s
[stdout] Rendered 641/8755, time remaining: 25m 39s
[stdout] Rendered 642/8755, time remaining: 25m 39s
[stdout] Rendered 643/8755, time remaining: 25m 38s
[stdout] Rendered 644/8755, time remaining: 25m 38s
[stdout] Rendered 645/8755, time remaining: 25m 37s
[stdout] Rendered 646/8755, time remaining: 25m 37s
[stdout] Rendered 647/8755, time remaining: 25m 37s
[stdout] Rendered 647/8755, time remaining: 25m 37s
[stdout] Rendered 648/8755, time remaining: 25m 36s
[stdout] Rendered 649/8755, time remaining: 25m 35s
[stdout] Rendered 650/8755, time remaining: 25m 35s
[stdout] Rendered 651/8755, time remaining: 25m 34s
[stdout] Rendered 652/8755, time remaining: 25m 34s
[stdout] Rendered 653/8755, time remaining: 25m 33s
[stdout] Rendered 654/8755, time remaining: 25m 32s
[stdout] Rendered 655/8755, time remaining: 25m 31s
[stdout] Rendered 656/8755, time remaining: 25m 30s
[stdout] Rendered 657/8755, time remaining: 25m 30s
[stdout] Rendered 658/8755, time remaining: 25m 29s
[stdout] Rendered 659/8755, time remaining: 25m 28s
[stdout] Rendered 660/8755, time remaining: 25m 27s
[stdout] Rendered 661/8755, time remaining: 25m 26s
[stdout] Rendered 662/8755, time remaining: 25m 26s
[stdout] Rendered 663/8755, time remaining: 25m 25s
[stdout] Rendered 664/8755, time remaining: 25m 24s
[stdout] Rendered 665/8755, time remaining: 25m 23s
[stdout] Rendered 666/8755, time remaining: 25m 24s
[stdout] Rendered 667/8755, time remaining: 25m 23s
[stdout] Rendered 668/8755, time remaining: 25m 22s
[stdout] Rendered 668/8755, time remaining: 25m 22s
[stdout] Rendered 669/8755, time remaining: 25m 22s
[stdout] Rendered 670/8755, time remaining: 25m 22s
[stdout] Rendered 671/8755, time remaining: 25m 22s
[stdout] Rendered 672/8755, time remaining: 25m 21s
[stdout] Rendered 673/8755, time remaining: 25m 21s
[stdout] Rendered 674/8755, time remaining: 25m 21s
[stdout] Rendered 675/8755, time remaining: 25m 20s
[stdout] Rendered 676/8755, time remaining: 25m 20s
[stdout] Rendered 677/8755, time remaining: 25m 19s
[stdout] Rendered 678/8755, time remaining: 25m 19s
[stdout] Rendered 679/8755, time remaining: 25m 19s
[stdout] Rendered 680/8755, time remaining: 25m 18s
[stdout] Rendered 681/8755, time remaining: 25m 18s
[stdout] Rendered 682/8755, time remaining: 25m 17s
[stdout] Rendered 683/8755, time remaining: 25m 16s
[stdout] Rendered 684/8755, time remaining: 25m 16s
[stdout] Rendered 685/8755, time remaining: 25m 15s
[stdout] Rendered 685/8755, time remaining: 25m 15s
[stdout] Rendered 686/8755, time remaining: 25m 14s
[stdout] Rendered 687/8755, time remaining: 25m 13s
[stdout] Rendered 688/8755, time remaining: 25m 13s
[stdout] Rendered 689/8755, time remaining: 25m 12s
[stdout] Rendered 690/8755, time remaining: 25m 12s
[stdout] Rendered 691/8755, time remaining: 25m 11s
[stdout] Rendered 692/8755, time remaining: 25m 10s
[stdout] Rendered 693/8755, time remaining: 25m 10s
[stdout] Rendered 694/8755, time remaining: 25m 9s
[stdout] Rendered 695/8755, time remaining: 25m 8s
[stdout] Rendered 696/8755, time remaining: 25m 7s
[stdout] Rendered 697/8755, time remaining: 25m 7s
[stdout] Rendered 698/8755, time remaining: 25m 6s
[stdout] Rendered 699/8755, time remaining: 25m 6s
[stdout] Rendered 700/8755, time remaining: 25m 5s
[stdout] Rendered 701/8755, time remaining: 25m 4s
[stdout] Rendered 702/8755, time remaining: 25m 4s
[stdout] Rendered 703/8755, time remaining: 25m 3s
[stdout] Rendered 704/8755, time remaining: 25m 3s
[stdout] Rendered 705/8755, time remaining: 25m 2s
[stdout] Rendered 705/8755, time remaining: 25m 2s
[stdout] Rendered 706/8755, time remaining: 25m 2s
[stdout] Rendered 707/8755, time remaining: 25m 1s
[stdout] Rendered 708/8755, time remaining: 25m 0s
[stdout] Rendered 709/8755, time remaining: 24m 59s
[stdout] Rendered 710/8755, time remaining: 24m 59s
[stdout] Rendered 711/8755, time remaining: 24m 59s
[stdout] Rendered 712/8755, time remaining: 24m 58s
[stdout] Rendered 713/8755, time remaining: 24m 57s
[stdout] Rendered 714/8755, time remaining: 24m 57s
[stdout] Rendered 715/8755, time remaining: 24m 56s
[stdout] Rendered 716/8755, time remaining: 24m 55s
[stdout] Rendered 717/8755, time remaining: 24m 54s
[stdout] Rendered 718/8755, time remaining: 24m 53s
[stdout] Rendered 719/8755, time remaining: 24m 53s
[stdout] Rendered 720/8755, time remaining: 24m 52s
[stdout] Rendered 721/8755, time remaining: 24m 52s
[stdout] Rendered 722/8755, time remaining: 24m 51s
[stdout] Rendered 723/8755, time remaining: 24m 50s
[stdout] Rendered 724/8755, time remaining: 24m 50s
[stdout] Rendered 725/8755, time remaining: 24m 49s
[stdout] Rendered 726/8755, time remaining: 24m 48s
[stdout] Rendered 727/8755, time remaining: 24m 48s
[stdout] Rendered 727/8755, time remaining: 24m 48s
[stdout] Rendered 728/8755, time remaining: 24m 47s
[stdout] Rendered 729/8755, time remaining: 24m 46s
[stdout] Rendered 730/8755, time remaining: 24m 46s
[stdout] Rendered 731/8755, time remaining: 24m 45s
[stdout] Rendered 732/8755, time remaining: 24m 44s
[stdout] Rendered 733/8755, time remaining: 24m 44s
[stdout] Rendered 734/8755, time remaining: 24m 43s
[stdout] Rendered 735/8755, time remaining: 24m 42s
[stdout] Rendered 736/8755, time remaining: 24m 42s
[stdout] Rendered 737/8755, time remaining: 24m 41s
[stdout] Rendered 738/8755, time remaining: 24m 40s
[stdout] Rendered 739/8755, time remaining: 24m 39s
[stdout] Rendered 740/8755, time remaining: 24m 39s
[stdout] Rendered 741/8755, time remaining: 24m 38s
[stdout] Rendered 742/8755, time remaining: 24m 38s
[stdout] Rendered 743/8755, time remaining: 24m 37s
[stdout] Rendered 744/8755, time remaining: 24m 37s
[stdout] Rendered 745/8755, time remaining: 24m 36s
[stdout] Rendered 746/8755, time remaining: 24m 36s
[stdout] Rendered 747/8755, time remaining: 24m 35s
[stdout] Rendered 748/8755, time remaining: 24m 35s
[stdout] Rendered 748/8755, time remaining: 24m 35s
[stdout] Rendered 749/8755, time remaining: 24m 34s
[stdout] Rendered 750/8755, time remaining: 24m 33s
[stdout] Rendered 751/8755, time remaining: 24m 32s
[stdout] Rendered 752/8755, time remaining: 24m 32s
[stdout] Rendered 753/8755, time remaining: 24m 31s
[stdout] Rendered 754/8755, time remaining: 24m 30s
[stdout] Rendered 755/8755, time remaining: 24m 30s
[stdout] Rendered 756/8755, time remaining: 24m 30s
[stdout] Rendered 757/8755, time remaining: 24m 29s
[stdout] Rendered 758/8755, time remaining: 24m 28s
[stdout] Rendered 759/8755, time remaining: 24m 28s
[stdout] Rendered 760/8755, time remaining: 24m 28s
[stdout] Rendered 761/8755, time remaining: 24m 27s
[stdout] Rendered 762/8755, time remaining: 24m 26s
[stdout] Rendered 763/8755, time remaining: 24m 25s
[stdout] Rendered 764/8755, time remaining: 24m 25s
[stdout] Rendered 765/8755, time remaining: 24m 24s
[stdout] Rendered 766/8755, time remaining: 24m 23s
[stdout] Rendered 767/8755, time remaining: 24m 23s
[stdout] Rendered 768/8755, time remaining: 24m 22s
[stdout] Rendered 769/8755, time remaining: 24m 22s
[stdout] Rendered 770/8755, time remaining: 24m 21s
[stdout] Rendered 770/8755, time remaining: 24m 21s
[stdout] Rendered 771/8755, time remaining: 24m 20s
[stdout] Rendered 772/8755, time remaining: 24m 20s
[stdout] Rendered 773/8755, time remaining: 24m 19s
[stdout] Rendered 774/8755, time remaining: 24m 18s
[stdout] Rendered 775/8755, time remaining: 24m 17s
[stdout] Rendered 776/8755, time remaining: 24m 17s
[stdout] Rendered 777/8755, time remaining: 24m 16s
[stdout] Rendered 778/8755, time remaining: 24m 15s
[stdout] Rendered 779/8755, time remaining: 24m 15s
[stdout] Rendered 780/8755, time remaining: 24m 14s
[stdout] Rendered 781/8755, time remaining: 24m 14s
[stdout] Rendered 782/8755, time remaining: 24m 13s
[stdout] Rendered 783/8755, time remaining: 24m 12s
[stdout] Rendered 784/8755, time remaining: 24m 12s
[stdout] Rendered 785/8755, time remaining: 24m 11s
[stdout] Rendered 786/8755, time remaining: 24m 10s
[stdout] Rendered 787/8755, time remaining: 24m 10s
[stdout] Rendered 788/8755, time remaining: 24m 10s
[stdout] Rendered 789/8755, time remaining: 24m 9s
[stdout] Rendered 790/8755, time remaining: 24m 9s
[stdout] Rendered 791/8755, time remaining: 24m 8s
[stdout] Rendered 791/8755, time remaining: 24m 8s
[stdout] Rendered 792/8755, time remaining: 24m 8s
[stdout] Rendered 793/8755, time remaining: 24m 7s
[stdout] Rendered 794/8755, time remaining: 24m 7s
[stdout] Rendered 795/8755, time remaining: 24m 6s
[stdout] Rendered 796/8755, time remaining: 24m 6s
[stdout] Rendered 797/8755, time remaining: 24m 5s
[stdout] Rendered 798/8755, time remaining: 24m 5s
[stdout] Rendered 799/8755, time remaining: 24m 4s
[stdout] Rendered 800/8755, time remaining: 24m 4s
[stdout] Rendered 801/8755, time remaining: 24m 3s
[stdout] Rendered 802/8755, time remaining: 24m 3s
[stdout] Rendered 803/8755, time remaining: 24m 2s
[stdout] Rendered 804/8755, time remaining: 24m 1s
[stdout] Rendered 805/8755, time remaining: 24m 1s
[stdout] Rendered 806/8755, time remaining: 24m 0s
[stdout] Rendered 807/8755, time remaining: 24m 0s
[stdout] Rendered 808/8755, time remaining: 23m 59s
[stdout] Rendered 809/8755, time remaining: 23m 58s
[stdout] Rendered 810/8755, time remaining: 23m 58s
[stdout] Rendered 811/8755, time remaining: 23m 57s
[stdout] Rendered 812/8755, time remaining: 23m 56s
[stdout] Rendered 812/8755, time remaining: 23m 56s
[stdout] Rendered 813/8755, time remaining: 23m 56s
[stdout] Rendered 814/8755, time remaining: 23m 55s
[stdout] Rendered 815/8755, time remaining: 23m 55s
[stdout] Rendered 816/8755, time remaining: 23m 54s
[stdout] Rendered 817/8755, time remaining: 23m 54s
[stdout] Rendered 818/8755, time remaining: 23m 53s
[stdout] Rendered 819/8755, time remaining: 23m 53s
[stdout] Rendered 820/8755, time remaining: 23m 52s
[stdout] Rendered 821/8755, time remaining: 23m 51s
[stdout] Rendered 822/8755, time remaining: 23m 51s
[stdout] Rendered 823/8755, time remaining: 23m 50s
[stdout] Rendered 824/8755, time remaining: 23m 50s
[stdout] Rendered 825/8755, time remaining: 23m 49s
[stdout] Rendered 826/8755, time remaining: 23m 49s
[stdout] Rendered 827/8755, time remaining: 23m 48s
[stdout] Rendered 828/8755, time remaining: 23m 48s
[stdout] Rendered 829/8755, time remaining: 23m 47s
[stdout] Rendered 830/8755, time remaining: 23m 46s
[stdout] Rendered 831/8755, time remaining: 23m 46s
[stdout] Rendered 832/8755, time remaining: 23m 45s
[stdout] Rendered 833/8755, time remaining: 23m 44s
[stdout] Rendered 834/8755, time remaining: 23m 43s
[stdout] Rendered 834/8755, time remaining: 23m 43s
[stdout] Rendered 835/8755, time remaining: 23m 43s
[stdout] Rendered 836/8755, time remaining: 23m 43s
[stdout] Rendered 837/8755, time remaining: 23m 42s
[stdout] Rendered 838/8755, time remaining: 23m 42s
[stdout] Rendered 839/8755, time remaining: 23m 41s
[stdout] Rendered 840/8755, time remaining: 23m 41s
[stdout] Rendered 841/8755, time remaining: 23m 40s
[stdout] Rendered 842/8755, time remaining: 23m 40s
[stdout] Rendered 843/8755, time remaining: 23m 39s
[stdout] Rendered 844/8755, time remaining: 23m 39s
[stdout] Rendered 845/8755, time remaining: 23m 38s
[stdout] Rendered 846/8755, time remaining: 23m 38s
[stdout] Rendered 847/8755, time remaining: 23m 37s
[stdout] Rendered 848/8755, time remaining: 23m 36s
[stdout] Rendered 849/8755, time remaining: 23m 36s
[stdout] Rendered 850/8755, time remaining: 23m 35s
[stdout] Rendered 851/8755, time remaining: 23m 35s
[stdout] Rendered 852/8755, time remaining: 23m 35s
[stdout] Rendered 853/8755, time remaining: 23m 34s
[stdout] Rendered 854/8755, time remaining: 23m 34s
[stdout] Rendered 854/8755, time remaining: 23m 34s
[stdout] Rendered 855/8755, time remaining: 23m 33s
[stdout] Rendered 856/8755, time remaining: 23m 32s
[stdout] Rendered 857/8755, time remaining: 23m 32s
[stdout] Rendered 858/8755, time remaining: 23m 31s
[stdout] Rendered 859/8755, time remaining: 23m 30s
[stdout] Rendered 860/8755, time remaining: 23m 30s
[stdout] Rendered 861/8755, time remaining: 23m 30s
[stdout] Rendered 862/8755, time remaining: 23m 29s
[stdout] Rendered 863/8755, time remaining: 23m 29s
[stdout] Rendered 864/8755, time remaining: 23m 29s
[stdout] Rendered 865/8755, time remaining: 23m 29s
[stdout] Rendered 866/8755, time remaining: 23m 28s
[stdout] Rendered 867/8755, time remaining: 23m 28s
[stdout] Rendered 868/8755, time remaining: 23m 28s
[stdout] Rendered 869/8755, time remaining: 23m 27s
[stdout] Rendered 870/8755, time remaining: 23m 27s
[stdout] Rendered 871/8755, time remaining: 23m 27s
[stdout] Rendered 872/8755, time remaining: 23m 26s
[stdout] Rendered 873/8755, time remaining: 23m 26s
[stdout] Rendered 873/8755, time remaining: 23m 26s
[stdout] Rendered 874/8755, time remaining: 23m 25s
[stdout] Rendered 875/8755, time remaining: 23m 24s
[stdout] Rendered 876/8755, time remaining: 23m 24s
[stdout] Rendered 877/8755, time remaining: 23m 24s
[stdout] Rendered 878/8755, time remaining: 23m 24s
[stdout] Rendered 879/8755, time remaining: 23m 23s
[stdout] Rendered 880/8755, time remaining: 23m 22s
[stdout] Rendered 881/8755, time remaining: 23m 22s
[stdout] Rendered 882/8755, time remaining: 23m 21s
[stdout] Rendered 883/8755, time remaining: 23m 21s
[stdout] Rendered 884/8755, time remaining: 23m 20s
[stdout] Rendered 885/8755, time remaining: 23m 20s
[stdout] Rendered 886/8755, time remaining: 23m 19s
[stdout] Rendered 887/8755, time remaining: 23m 19s
[stdout] Rendered 888/8755, time remaining: 23m 18s
[stdout] Rendered 889/8755, time remaining: 23m 17s
[stdout] Rendered 890/8755, time remaining: 23m 17s
[stdout] Rendered 891/8755, time remaining: 23m 17s
[stdout] Rendered 892/8755, time remaining: 23m 16s
[stdout] Rendered 893/8755, time remaining: 23m 15s
[stdout] Rendered 894/8755, time remaining: 23m 15s
[stdout] Rendered 895/8755, time remaining: 23m 14s
[stdout] Rendered 896/8755, time remaining: 23m 14s
[stdout] Rendered 896/8755, time remaining: 23m 14s
[stdout] Rendered 897/8755, time remaining: 23m 13s
[stdout] Rendered 898/8755, time remaining: 23m 13s
[stdout] Rendered 899/8755, time remaining: 23m 12s
[stdout] Rendered 900/8755, time remaining: 23m 12s
[stdout] Rendered 901/8755, time remaining: 23m 12s
[stdout] Rendered 902/8755, time remaining: 23m 11s
[stdout] Rendered 903/8755, time remaining: 23m 10s
[stdout] Rendered 904/8755, time remaining: 23m 9s
[stdout] Rendered 905/8755, time remaining: 23m 9s
[stdout] Rendered 906/8755, time remaining: 23m 9s
[stdout] Rendered 907/8755, time remaining: 23m 8s
[stdout] Rendered 908/8755, time remaining: 23m 8s
[stdout] Rendered 909/8755, time remaining: 23m 7s
[stdout] Rendered 910/8755, time remaining: 23m 7s
[stdout] Rendered 911/8755, time remaining: 23m 6s
[stdout] Rendered 912/8755, time remaining: 23m 6s
[stdout] Rendered 913/8755, time remaining: 23m 5s
[stdout] Rendered 914/8755, time remaining: 23m 5s
[stdout] Rendered 915/8755, time remaining: 23m 4s
[stdout] Rendered 916/8755, time remaining: 23m 4s
[stdout] Rendered 917/8755, time remaining: 23m 4s
[stdout] Rendered 918/8755, time remaining: 23m 3s
[stdout] Rendered 918/8755, time remaining: 23m 3s
[stdout] Rendered 919/8755, time remaining: 23m 2s
[stdout] Rendered 920/8755, time remaining: 23m 2s
[stdout] Rendered 921/8755, time remaining: 23m 1s
[stdout] Rendered 922/8755, time remaining: 23m 1s
[stdout] Rendered 923/8755, time remaining: 23m 0s
[stdout] Rendered 924/8755, time remaining: 23m 0s
[stdout] Rendered 925/8755, time remaining: 23m 0s
[stdout] Rendered 926/8755, time remaining: 22m 59s
[stdout] Rendered 927/8755, time remaining: 22m 59s
[stdout] Rendered 928/8755, time remaining: 22m 58s
[stdout] Rendered 929/8755, time remaining: 22m 58s
[stdout] Rendered 930/8755, time remaining: 22m 58s
[stdout] Rendered 931/8755, time remaining: 22m 58s
[stdout] Rendered 932/8755, time remaining: 22m 57s
[stdout] Rendered 933/8755, time remaining: 22m 57s
[stdout] Rendered 934/8755, time remaining: 22m 56s
[stdout] Rendered 935/8755, time remaining: 22m 56s
[stdout] Rendered 936/8755, time remaining: 22m 55s
[stdout] Rendered 937/8755, time remaining: 22m 55s
[stdout] Rendered 938/8755, time remaining: 22m 54s
[stdout] Rendered 938/8755, time remaining: 22m 54s
[stdout] Rendered 939/8755, time remaining: 22m 54s
[stdout] Rendered 940/8755, time remaining: 22m 54s
[stdout] Rendered 941/8755, time remaining: 22m 53s
[stdout] Rendered 942/8755, time remaining: 22m 53s
[stdout] Rendered 943/8755, time remaining: 22m 53s
[stdout] Rendered 944/8755, time remaining: 22m 52s
[stdout] Rendered 945/8755, time remaining: 22m 52s
[stdout] Rendered 946/8755, time remaining: 22m 52s
[stdout] Rendered 947/8755, time remaining: 22m 52s
[stdout] Rendered 948/8755, time remaining: 22m 51s
[stdout] Rendered 949/8755, time remaining: 22m 51s
[stdout] Rendered 950/8755, time remaining: 22m 50s
[stdout] Rendered 951/8755, time remaining: 22m 50s
[stdout] Rendered 952/8755, time remaining: 22m 49s
[stdout] Rendered 953/8755, time remaining: 22m 48s
[stdout] Rendered 954/8755, time remaining: 22m 48s
[stdout] Rendered 955/8755, time remaining: 22m 47s
[stdout] Rendered 956/8755, time remaining: 22m 47s
[stdout] Rendered 957/8755, time remaining: 22m 46s
[stdout] Rendered 958/8755, time remaining: 22m 46s
[stdout] Rendered 959/8755, time remaining: 22m 45s
[stdout] Rendered 959/8755, time remaining: 22m 45s
[stdout] Rendered 960/8755, time remaining: 22m 45s
[stdout] Rendered 961/8755, time remaining: 22m 44s
[stdout] Rendered 962/8755, time remaining: 22m 44s
[stdout] Rendered 963/8755, time remaining: 22m 43s
[stdout] Rendered 964/8755, time remaining: 22m 42s
[stdout] Rendered 965/8755, time remaining: 22m 42s
[stdout] Rendered 966/8755, time remaining: 22m 41s
[stdout] Rendered 967/8755, time remaining: 22m 41s
[stdout] Rendered 968/8755, time remaining: 22m 40s
[stdout] Rendered 969/8755, time remaining: 22m 40s
[stdout] Rendered 970/8755, time remaining: 22m 40s
[stdout] Rendered 971/8755, time remaining: 22m 39s
[stdout] Rendered 972/8755, time remaining: 22m 39s
[stdout] Rendered 973/8755, time remaining: 22m 38s
[stdout] Rendered 974/8755, time remaining: 22m 38s
[stdout] Rendered 975/8755, time remaining: 22m 37s
[stdout] Rendered 976/8755, time remaining: 22m 37s
[stdout] Rendered 977/8755, time remaining: 22m 37s
[stdout] Rendered 978/8755, time remaining: 22m 36s
[stdout] Rendered 979/8755, time remaining: 22m 36s
[stdout] Rendered 980/8755, time remaining: 22m 35s
[stdout] Rendered 980/8755, time remaining: 22m 35s
[stdout] Rendered 981/8755, time remaining: 22m 35s
[stdout] Rendered 982/8755, time remaining: 22m 35s
[stdout] Rendered 983/8755, time remaining: 22m 34s
[stdout] Rendered 984/8755, time remaining: 22m 33s
[stdout] Rendered 985/8755, time remaining: 22m 33s
[stdout] Rendered 986/8755, time remaining: 22m 33s
[stdout] Rendered 987/8755, time remaining: 22m 33s
[stdout] Rendered 988/8755, time remaining: 22m 33s
[stdout] Rendered 989/8755, time remaining: 22m 33s
[stdout] Rendered 990/8755, time remaining: 22m 33s
[stdout] Rendered 991/8755, time remaining: 22m 33s
[stdout] Rendered 992/8755, time remaining: 22m 33s
[stdout] Rendered 993/8755, time remaining: 22m 33s
[stdout] Rendered 994/8755, time remaining: 22m 33s
[stdout] Rendered 995/8755, time remaining: 22m 33s
[stdout] Rendered 996/8755, time remaining: 22m 33s
[stdout] Rendered 997/8755, time remaining: 22m 32s
[stdout] Rendered 998/8755, time remaining: 22m 32s
[stdout] Rendered 999/8755, time remaining: 22m 31s
[stdout] Rendered 1000/8755, time remaining: 22m 30s
[stdout] Rendered 1000/8755, time remaining: 22m 30s
[stdout] Rendered 1001/8755, time remaining: 22m 30s
[stdout] Rendered 1002/8755, time remaining: 22m 29s
[stdout] Rendered 1003/8755, time remaining: 22m 29s
[stdout] Rendered 1004/8755, time remaining: 22m 29s
[stdout] Rendered 1005/8755, time remaining: 22m 28s
[stdout] Rendered 1006/8755, time remaining: 22m 28s
[stdout] Rendered 1007/8755, time remaining: 22m 28s
[stdout] Rendered 1008/8755, time remaining: 22m 27s
[stdout] Rendered 1009/8755, time remaining: 22m 27s
[stdout] Rendered 1010/8755, time remaining: 22m 26s
[stdout] Rendered 1011/8755, time remaining: 22m 26s
[stdout] Rendered 1012/8755, time remaining: 22m 25s
[stdout] Rendered 1013/8755, time remaining: 22m 25s
[stdout] Rendered 1014/8755, time remaining: 22m 25s
[stdout] Rendered 1015/8755, time remaining: 22m 25s
[stdout] Rendered 1016/8755, time remaining: 22m 24s
[stdout] Rendered 1017/8755, time remaining: 22m 24s
[stdout] Rendered 1018/8755, time remaining: 22m 23s
[stdout] Rendered 1019/8755, time remaining: 22m 23s
[stdout] Rendered 1020/8755, time remaining: 22m 22s
[stdout] Rendered 1020/8755, time remaining: 22m 22s
[stdout] Rendered 1021/8755, time remaining: 22m 22s
[stdout] Rendered 1022/8755, time remaining: 22m 22s
[stdout] Rendered 1023/8755, time remaining: 22m 21s
[stdout] Rendered 1024/8755, time remaining: 22m 21s
[stdout] Rendered 1025/8755, time remaining: 22m 20s
[stdout] Rendered 1026/8755, time remaining: 22m 20s
[stdout] Rendered 1027/8755, time remaining: 22m 19s
[stdout] Rendered 1028/8755, time remaining: 22m 18s
[stdout] Rendered 1029/8755, time remaining: 22m 18s
[stdout] Rendered 1030/8755, time remaining: 22m 18s
[stdout] Rendered 1031/8755, time remaining: 22m 17s
[stdout] Rendered 1032/8755, time remaining: 22m 17s
[stdout] Rendered 1033/8755, time remaining: 22m 16s
[stdout] Rendered 1034/8755, time remaining: 22m 16s
[stdout] Rendered 1035/8755, time remaining: 22m 15s
[stdout] Rendered 1036/8755, time remaining: 22m 15s
[stdout] Rendered 1037/8755, time remaining: 22m 14s
[stdout] Rendered 1038/8755, time remaining: 22m 14s
[stdout] Rendered 1039/8755, time remaining: 22m 14s
[stdout] Rendered 1040/8755, time remaining: 22m 13s
[stdout] Rendered 1041/8755, time remaining: 22m 13s
[stdout] Rendered 1042/8755, time remaining: 22m 13s
[stdout] Rendered 1042/8755, time remaining: 22m 13s
[stdout] Rendered 1043/8755, time remaining: 22m 12s
[stdout] Rendered 1044/8755, time remaining: 22m 12s
[stdout] Rendered 1045/8755, time remaining: 22m 12s
[stdout] Rendered 1046/8755, time remaining: 22m 11s
[stdout] Rendered 1047/8755, time remaining: 22m 11s
[stdout] Rendered 1048/8755, time remaining: 22m 11s
[stdout] Rendered 1049/8755, time remaining: 22m 10s
[stdout] Rendered 1050/8755, time remaining: 22m 10s
[stdout] Rendered 1051/8755, time remaining: 22m 10s
[stdout] Rendered 1052/8755, time remaining: 22m 9s
[stdout] Rendered 1053/8755, time remaining: 22m 9s
[stdout] Rendered 1054/8755, time remaining: 22m 8s
[stdout] Rendered 1055/8755, time remaining: 22m 8s
[stdout] Rendered 1056/8755, time remaining: 22m 8s
[stdout] Rendered 1057/8755, time remaining: 22m 7s
[stdout] Rendered 1058/8755, time remaining: 22m 7s
[stdout] Rendered 1059/8755, time remaining: 22m 6s
[stdout] Rendered 1060/8755, time remaining: 22m 6s
[stdout] Rendered 1061/8755, time remaining: 22m 6s
[stdout] Rendered 1062/8755, time remaining: 22m 5s
[stdout] Rendered 1063/8755, time remaining: 22m 5s
[stdout] Rendered 1063/8755, time remaining: 22m 5s
[stdout] Rendered 1064/8755, time remaining: 22m 4s
[stdout] Rendered 1065/8755, time remaining: 22m 4s
[stdout] Rendered 1066/8755, time remaining: 22m 3s
[stdout] Rendered 1067/8755, time remaining: 22m 3s
[stdout] Rendered 1068/8755, time remaining: 22m 2s
[stdout] Rendered 1069/8755, time remaining: 22m 2s
[stdout] Rendered 1070/8755, time remaining: 22m 2s
[stdout] Rendered 1071/8755, time remaining: 22m 1s
[stdout] Rendered 1072/8755, time remaining: 22m 1s
[stdout] Rendered 1073/8755, time remaining: 22m 0s
[stdout] Rendered 1074/8755, time remaining: 22m 0s
[stdout] Rendered 1075/8755, time remaining: 21m 59s
[stdout] Rendered 1076/8755, time remaining: 21m 59s
[stdout] Rendered 1077/8755, time remaining: 21m 58s
[stdout] Rendered 1078/8755, time remaining: 21m 58s
[stdout] Rendered 1079/8755, time remaining: 21m 58s
[stdout] Rendered 1080/8755, time remaining: 21m 57s
[stdout] Rendered 1081/8755, time remaining: 21m 57s
[stdout] Rendered 1082/8755, time remaining: 21m 56s
[stdout] Rendered 1083/8755, time remaining: 21m 56s
[stdout] Rendered 1084/8755, time remaining: 21m 55s
[stdout] Rendered 1085/8755, time remaining: 21m 55s
[stdout] Rendered 1086/8755, time remaining: 21m 54s
[stdout] Rendered 1087/8755, time remaining: 21m 54s
[stdout] Rendered 1087/8755, time remaining: 21m 54s
[stdout] Rendered 1088/8755, time remaining: 21m 54s
[stdout] Rendered 1089/8755, time remaining: 21m 53s
[stdout] Rendered 1090/8755, time remaining: 21m 53s
[stdout] Rendered 1091/8755, time remaining: 21m 52s
[stdout] Rendered 1092/8755, time remaining: 21m 52s
[stdout] Rendered 1093/8755, time remaining: 21m 51s
[stdout] Rendered 1094/8755, time remaining: 21m 51s
[stdout] Rendered 1095/8755, time remaining: 21m 51s
[stdout] Rendered 1096/8755, time remaining: 21m 50s
[stdout] Rendered 1097/8755, time remaining: 21m 50s
[stdout] Rendered 1098/8755, time remaining: 21m 49s
[stdout] Rendered 1099/8755, time remaining: 21m 49s
[stdout] Rendered 1100/8755, time remaining: 21m 48s
[stdout] Rendered 1101/8755, time remaining: 21m 48s
[stdout] Rendered 1102/8755, time remaining: 21m 48s
[stdout] Rendered 1103/8755, time remaining: 21m 47s
[stdout] Rendered 1104/8755, time remaining: 21m 47s
[stdout] Rendered 1105/8755, time remaining: 21m 46s
[stdout] Rendered 1106/8755, time remaining: 21m 46s
[stdout] Rendered 1107/8755, time remaining: 21m 46s
[stdout] Rendered 1108/8755, time remaining: 21m 45s
[stdout] Rendered 1109/8755, time remaining: 21m 45s
[stdout] Rendered 1109/8755, time remaining: 21m 45s
[stdout] Rendered 1110/8755, time remaining: 21m 44s
[stdout] Rendered 1111/8755, time remaining: 21m 44s
[stdout] Rendered 1112/8755, time remaining: 21m 43s
[stdout] Rendered 1113/8755, time remaining: 21m 43s
[stdout] Rendered 1114/8755, time remaining: 21m 43s
[stdout] Rendered 1115/8755, time remaining: 21m 42s
[stdout] Rendered 1116/8755, time remaining: 21m 42s
[stdout] Rendered 1117/8755, time remaining: 21m 42s
[stdout] Rendered 1118/8755, time remaining: 21m 42s
[stdout] Rendered 1119/8755, time remaining: 21m 41s
[stdout] Rendered 1120/8755, time remaining: 21m 41s
[stdout] Rendered 1121/8755, time remaining: 21m 40s
[stdout] Rendered 1122/8755, time remaining: 21m 40s
[stdout] Rendered 1123/8755, time remaining: 21m 40s
[stdout] Rendered 1124/8755, time remaining: 21m 40s
[stdout] Rendered 1125/8755, time remaining: 21m 39s
[stdout] Rendered 1126/8755, time remaining: 21m 39s
[stdout] Rendered 1127/8755, time remaining: 21m 39s
[stdout] Rendered 1128/8755, time remaining: 21m 38s
[stdout] Rendered 1128/8755, time remaining: 21m 38s
[stdout] Rendered 1129/8755, time remaining: 21m 38s
[stdout] Rendered 1130/8755, time remaining: 21m 38s
[stdout] Rendered 1131/8755, time remaining: 21m 38s
[stdout] Rendered 1132/8755, time remaining: 21m 37s
[stdout] Rendered 1133/8755, time remaining: 21m 37s
[stdout] Rendered 1134/8755, time remaining: 21m 36s
[stdout] Rendered 1135/8755, time remaining: 21m 36s
[stdout] Rendered 1136/8755, time remaining: 21m 36s
[stdout] Rendered 1137/8755, time remaining: 21m 35s
[stdout] Rendered 1138/8755, time remaining: 21m 35s
[stdout] Rendered 1139/8755, time remaining: 21m 35s
[stdout] Rendered 1140/8755, time remaining: 21m 35s
[stdout] Rendered 1141/8755, time remaining: 21m 34s
[stdout] Rendered 1142/8755, time remaining: 21m 34s
[stdout] Rendered 1143/8755, time remaining: 21m 34s
[stdout] Rendered 1144/8755, time remaining: 21m 34s
[stdout] Rendered 1145/8755, time remaining: 21m 33s
[stdout] Rendered 1146/8755, time remaining: 21m 33s
[stdout] Rendered 1147/8755, time remaining: 21m 33s
[stdout] Rendered 1148/8755, time remaining: 21m 32s
[stdout] Rendered 1149/8755, time remaining: 21m 32s
[stdout] Rendered 1149/8755, time remaining: 21m 32s
[stdout] Rendered 1150/8755, time remaining: 21m 32s
[stdout] Rendered 1151/8755, time remaining: 21m 31s
[stdout] Rendered 1152/8755, time remaining: 21m 31s
[stdout] Rendered 1153/8755, time remaining: 21m 30s
[stdout] Rendered 1154/8755, time remaining: 21m 30s
[stdout] Rendered 1155/8755, time remaining: 21m 30s
[stdout] Rendered 1156/8755, time remaining: 21m 29s
[stdout] Rendered 1157/8755, time remaining: 21m 29s
[stdout] Rendered 1158/8755, time remaining: 21m 29s
[stdout] Rendered 1159/8755, time remaining: 21m 28s
[stdout] Rendered 1160/8755, time remaining: 21m 28s
[stdout] Rendered 1161/8755, time remaining: 21m 28s
[stdout] Rendered 1162/8755, time remaining: 21m 27s
[stdout] Rendered 1163/8755, time remaining: 21m 27s
[stdout] Rendered 1164/8755, time remaining: 21m 26s
[stdout] Rendered 1165/8755, time remaining: 21m 26s
[stdout] Rendered 1166/8755, time remaining: 21m 25s
[stdout] Rendered 1167/8755, time remaining: 21m 25s
[stdout] Rendered 1168/8755, time remaining: 21m 25s
[stdout] Rendered 1169/8755, time remaining: 21m 25s
[stdout] Rendered 1170/8755, time remaining: 21m 24s
[stdout] Rendered 1171/8755, time remaining: 21m 24s
[stdout] Rendered 1171/8755, time remaining: 21m 24s
[stdout] Rendered 1172/8755, time remaining: 21m 24s
[stdout] Rendered 1173/8755, time remaining: 21m 23s
[stdout] Rendered 1174/8755, time remaining: 21m 23s
[stdout] Rendered 1175/8755, time remaining: 21m 23s
[stdout] Rendered 1176/8755, time remaining: 21m 23s
[stdout] Rendered 1177/8755, time remaining: 21m 22s
[stdout] Rendered 1178/8755, time remaining: 21m 22s
[stdout] Rendered 1179/8755, time remaining: 21m 22s
[stdout] Rendered 1180/8755, time remaining: 21m 21s
[stdout] Rendered 1181/8755, time remaining: 21m 21s
[stdout] Rendered 1182/8755, time remaining: 21m 21s
[stdout] Rendered 1183/8755, time remaining: 21m 20s
[stdout] Rendered 1184/8755, time remaining: 21m 20s
[stdout] Rendered 1185/8755, time remaining: 21m 20s
[stdout] Rendered 1186/8755, time remaining: 21m 19s
[stdout] Rendered 1187/8755, time remaining: 21m 19s
[stdout] Rendered 1188/8755, time remaining: 21m 19s
[stdout] Rendered 1189/8755, time remaining: 21m 18s
[stdout] Rendered 1190/8755, time remaining: 21m 18s
[stdout] Rendered 1191/8755, time remaining: 21m 18s
[stdout] Rendered 1191/8755, time remaining: 21m 18s
[stdout] Rendered 1192/8755, time remaining: 21m 17s
[stdout] Rendered 1193/8755, time remaining: 21m 17s
[stdout] Rendered 1194/8755, time remaining: 21m 17s
[stdout] Rendered 1195/8755, time remaining: 21m 16s
[stdout] Rendered 1196/8755, time remaining: 21m 16s
[stdout] Rendered 1197/8755, time remaining: 21m 16s
[stdout] Rendered 1198/8755, time remaining: 21m 15s
[stdout] Rendered 1199/8755, time remaining: 21m 15s
[stdout] Rendered 1200/8755, time remaining: 21m 15s
[stdout] Rendered 1201/8755, time remaining: 21m 15s
[stdout] Rendered 1202/8755, time remaining: 21m 15s
[stdout] Rendered 1203/8755, time remaining: 21m 14s
[stdout] Rendered 1204/8755, time remaining: 21m 14s
[stdout] Rendered 1205/8755, time remaining: 21m 14s
[stdout] Rendered 1206/8755, time remaining: 21m 14s
[stdout] Rendered 1207/8755, time remaining: 21m 13s
[stdout] Rendered 1208/8755, time remaining: 21m 13s
[stdout] Rendered 1209/8755, time remaining: 21m 13s
[stdout] Rendered 1210/8755, time remaining: 21m 13s
[stdout] Rendered 1211/8755, time remaining: 21m 12s
[stdout] Rendered 1211/8755, time remaining: 21m 12s
[stdout] Rendered 1212/8755, time remaining: 21m 12s
[stdout] Rendered 1213/8755, time remaining: 21m 12s
[stdout] Rendered 1214/8755, time remaining: 21m 11s
[stdout] Rendered 1215/8755, time remaining: 21m 11s
[stdout] Rendered 1216/8755, time remaining: 21m 11s
[stdout] Rendered 1217/8755, time remaining: 21m 10s
[stdout] Rendered 1218/8755, time remaining: 21m 10s
[stdout] Rendered 1219/8755, time remaining: 21m 10s
[stdout] Rendered 1220/8755, time remaining: 21m 9s
[stdout] Rendered 1221/8755, time remaining: 21m 9s
[stdout] Rendered 1222/8755, time remaining: 21m 9s
[stdout] Rendered 1223/8755, time remaining: 21m 8s
[stdout] Rendered 1224/8755, time remaining: 21m 8s
[stdout] Rendered 1225/8755, time remaining: 21m 8s
[stdout] Rendered 1226/8755, time remaining: 21m 7s
[stdout] Rendered 1227/8755, time remaining: 21m 7s
[stdout] Rendered 1228/8755, time remaining: 21m 7s
[stdout] Rendered 1229/8755, time remaining: 21m 7s
[stdout] Rendered 1230/8755, time remaining: 21m 7s
[stdout] Rendered 1231/8755, time remaining: 21m 6s
[stdout] Rendered 1232/8755, time remaining: 21m 6s
[stdout] Rendered 1232/8755, time remaining: 21m 6s
[stdout] Rendered 1233/8755, time remaining: 21m 6s
[stdout] Rendered 1234/8755, time remaining: 21m 5s
[stdout] Rendered 1235/8755, time remaining: 21m 5s
[stdout] Rendered 1236/8755, time remaining: 21m 5s
[stdout] Rendered 1237/8755, time remaining: 21m 4s
[stdout] Rendered 1238/8755, time remaining: 21m 4s
[stdout] Rendered 1239/8755, time remaining: 21m 4s
[stdout] Rendered 1240/8755, time remaining: 21m 3s
[stdout] Rendered 1241/8755, time remaining: 21m 3s
[stdout] Rendered 1242/8755, time remaining: 21m 2s
[stdout] Rendered 1243/8755, time remaining: 21m 2s
[stdout] Rendered 1244/8755, time remaining: 21m 2s
[stdout] Rendered 1245/8755, time remaining: 21m 1s
[stdout] Rendered 1246/8755, time remaining: 21m 1s
[stdout] Rendered 1247/8755, time remaining: 21m 1s
[stdout] Rendered 1248/8755, time remaining: 21m 0s
[stdout] Rendered 1249/8755, time remaining: 21m 0s
[stdout] Rendered 1250/8755, time remaining: 21m 0s
[stdout] Rendered 1251/8755, time remaining: 20m 59s
[stdout] Rendered 1252/8755, time remaining: 20m 59s
[stdout] Rendered 1253/8755, time remaining: 20m 59s
[stdout] Rendered 1253/8755, time remaining: 20m 59s
[stdout] Rendered 1254/8755, time remaining: 20m 58s
[stdout] Rendered 1255/8755, time remaining: 20m 58s
[stdout] Rendered 1256/8755, time remaining: 20m 58s
[stdout] Rendered 1257/8755, time remaining: 20m 57s
[stdout] Rendered 1258/8755, time remaining: 20m 57s
[stdout] Rendered 1259/8755, time remaining: 20m 57s
[stdout] Rendered 1260/8755, time remaining: 20m 56s
[stdout] Rendered 1261/8755, time remaining: 20m 56s
[stdout] Rendered 1262/8755, time remaining: 20m 56s
[stdout] Rendered 1263/8755, time remaining: 20m 56s
[stdout] Rendered 1264/8755, time remaining: 20m 56s
[stdout] Rendered 1265/8755, time remaining: 20m 55s
[stdout] Rendered 1266/8755, time remaining: 20m 55s
[stdout] Rendered 1267/8755, time remaining: 20m 55s
[stdout] Rendered 1268/8755, time remaining: 20m 54s
[stdout] Rendered 1269/8755, time remaining: 20m 54s
[stdout] Rendered 1270/8755, time remaining: 20m 54s
[stdout] Rendered 1271/8755, time remaining: 20m 53s
[stdout] Rendered 1272/8755, time remaining: 20m 53s
[stdout] Rendered 1273/8755, time remaining: 20m 53s
[stdout] Rendered 1273/8755, time remaining: 20m 53s
[stdout] Rendered 1274/8755, time remaining: 20m 52s
[stdout] Rendered 1275/8755, time remaining: 20m 52s
[stdout] Rendered 1276/8755, time remaining: 20m 52s
[stdout] Rendered 1277/8755, time remaining: 20m 52s
[stdout] Rendered 1278/8755, time remaining: 20m 52s
[stdout] Rendered 1279/8755, time remaining: 20m 51s
[stdout] Rendered 1280/8755, time remaining: 20m 51s
[stdout] Rendered 1281/8755, time remaining: 20m 50s
[stdout] Rendered 1282/8755, time remaining: 20m 50s
[stdout] Rendered 1283/8755, time remaining: 20m 50s
[stdout] Rendered 1284/8755, time remaining: 20m 49s
[stdout] Rendered 1285/8755, time remaining: 20m 49s
[stdout] Rendered 1286/8755, time remaining: 20m 49s
[stdout] Rendered 1287/8755, time remaining: 20m 48s
[stdout] Rendered 1288/8755, time remaining: 20m 48s
[stdout] Rendered 1289/8755, time remaining: 20m 48s
[stdout] Rendered 1290/8755, time remaining: 20m 47s
[stdout] Rendered 1291/8755, time remaining: 20m 47s
[stdout] Rendered 1292/8755, time remaining: 20m 47s
[stdout] Rendered 1293/8755, time remaining: 20m 46s
[stdout] Rendered 1294/8755, time remaining: 20m 46s
[stdout] Rendered 1295/8755, time remaining: 20m 46s
[stdout] Rendered 1295/8755, time remaining: 20m 46s
[stdout] Rendered 1296/8755, time remaining: 20m 45s
[stdout] Rendered 1297/8755, time remaining: 20m 45s
[stdout] Rendered 1298/8755, time remaining: 20m 45s
[stdout] Rendered 1299/8755, time remaining: 20m 45s
[stdout] Rendered 1300/8755, time remaining: 20m 44s
[stdout] Rendered 1301/8755, time remaining: 20m 44s
[stdout] Rendered 1302/8755, time remaining: 20m 44s
[stdout] Rendered 1303/8755, time remaining: 20m 43s
[stdout] Rendered 1304/8755, time remaining: 20m 43s
[stdout] Rendered 1305/8755, time remaining: 20m 43s
[stdout] Rendered 1306/8755, time remaining: 20m 43s
[stdout] Rendered 1307/8755, time remaining: 20m 43s
[stdout] Rendered 1308/8755, time remaining: 20m 43s
[stdout] Rendered 1309/8755, time remaining: 20m 43s
[stdout] Rendered 1310/8755, time remaining: 20m 44s
[stdout] Rendered 1311/8755, time remaining: 20m 43s
[stdout] Rendered 1312/8755, time remaining: 20m 43s
[stdout] Rendered 1313/8755, time remaining: 20m 43s
[stdout] Rendered 1313/8755, time remaining: 20m 43s
[stdout] Rendered 1314/8755, time remaining: 20m 42s
[stdout] Rendered 1315/8755, time remaining: 20m 42s
[stdout] Rendered 1316/8755, time remaining: 20m 42s
[stdout] Rendered 1317/8755, time remaining: 20m 42s
[stdout] Rendered 1318/8755, time remaining: 20m 41s
[stdout] Rendered 1319/8755, time remaining: 20m 41s
[stdout] Rendered 1320/8755, time remaining: 20m 41s
[stdout] Rendered 1321/8755, time remaining: 20m 40s
[stdout] Rendered 1322/8755, time remaining: 20m 40s
[stdout] Rendered 1323/8755, time remaining: 20m 40s
[stdout] Rendered 1324/8755, time remaining: 20m 39s
[stdout] Rendered 1325/8755, time remaining: 20m 39s
[stdout] Rendered 1326/8755, time remaining: 20m 39s
[stdout] Rendered 1327/8755, time remaining: 20m 38s
[stdout] Rendered 1328/8755, time remaining: 20m 38s
[stdout] Rendered 1329/8755, time remaining: 20m 38s
[stdout] Rendered 1330/8755, time remaining: 20m 37s
[stdout] Rendered 1331/8755, time remaining: 20m 37s
[stdout] Rendered 1332/8755, time remaining: 20m 37s
[stdout] Rendered 1333/8755, time remaining: 20m 37s
[stdout] Rendered 1334/8755, time remaining: 20m 36s
[stdout] Rendered 1335/8755, time remaining: 20m 36s
[stdout] Rendered 1335/8755, time remaining: 20m 36s
[stdout] Rendered 1336/8755, time remaining: 20m 36s
[stdout] Rendered 1337/8755, time remaining: 20m 35s
[stdout] Rendered 1338/8755, time remaining: 20m 35s
[stdout] Rendered 1339/8755, time remaining: 20m 35s
[stdout] Rendered 1340/8755, time remaining: 20m 34s
[stdout] Rendered 1341/8755, time remaining: 20m 34s
[stdout] Rendered 1342/8755, time remaining: 20m 34s
[stdout] Rendered 1343/8755, time remaining: 20m 34s
[stdout] Rendered 1344/8755, time remaining: 20m 33s
[stdout] Rendered 1345/8755, time remaining: 20m 33s
[stdout] Rendered 1346/8755, time remaining: 20m 33s
[stdout] Rendered 1347/8755, time remaining: 20m 32s
[stdout] Rendered 1348/8755, time remaining: 20m 32s
[stdout] Rendered 1349/8755, time remaining: 20m 32s
[stdout] Rendered 1350/8755, time remaining: 20m 32s
[stdout] Rendered 1351/8755, time remaining: 20m 31s
[stdout] Rendered 1352/8755, time remaining: 20m 31s
[stdout] Rendered 1353/8755, time remaining: 20m 31s
[stdout] Rendered 1354/8755, time remaining: 20m 31s
[stdout] Rendered 1355/8755, time remaining: 20m 30s
[stdout] Rendered 1355/8755, time remaining: 20m 30s
[stdout] Rendered 1356/8755, time remaining: 20m 30s
[stdout] Rendered 1357/8755, time remaining: 20m 30s
[stdout] Rendered 1358/8755, time remaining: 20m 30s
[stdout] Rendered 1359/8755, time remaining: 20m 29s
[stdout] Rendered 1360/8755, time remaining: 20m 29s
[stdout] Rendered 1361/8755, time remaining: 20m 29s
[stdout] Rendered 1362/8755, time remaining: 20m 29s
[stdout] Rendered 1363/8755, time remaining: 20m 28s
[stdout] Rendered 1364/8755, time remaining: 20m 28s
[stdout] Rendered 1365/8755, time remaining: 20m 28s
[stdout] Rendered 1366/8755, time remaining: 20m 28s
[stdout] Rendered 1367/8755, time remaining: 20m 27s
[stdout] Rendered 1368/8755, time remaining: 20m 27s
[stdout] Rendered 1369/8755, time remaining: 20m 27s
[stdout] Rendered 1370/8755, time remaining: 20m 27s
[stdout] Rendered 1371/8755, time remaining: 20m 27s
[stdout] Rendered 1372/8755, time remaining: 20m 26s
[stdout] Rendered 1373/8755, time remaining: 20m 26s
[stdout] Rendered 1374/8755, time remaining: 20m 26s
[stdout] Rendered 1375/8755, time remaining: 20m 25s
[stdout] Rendered 1375/8755, time remaining: 20m 25s
[stdout] Rendered 1376/8755, time remaining: 20m 25s
[stdout] Rendered 1377/8755, time remaining: 20m 25s
[stdout] Rendered 1378/8755, time remaining: 20m 24s
[stdout] Rendered 1379/8755, time remaining: 20m 24s
[stdout] Rendered 1380/8755, time remaining: 20m 24s
[stdout] Rendered 1381/8755, time remaining: 20m 24s
[stdout] Rendered 1382/8755, time remaining: 20m 24s
[stdout] Rendered 1383/8755, time remaining: 20m 23s
[stdout] Rendered 1384/8755, time remaining: 20m 23s
[stdout] Rendered 1385/8755, time remaining: 20m 23s
[stdout] Rendered 1386/8755, time remaining: 20m 22s
[stdout] Rendered 1387/8755, time remaining: 20m 22s
[stdout] Rendered 1388/8755, time remaining: 20m 22s
[stdout] Rendered 1389/8755, time remaining: 20m 21s
[stdout] Rendered 1390/8755, time remaining: 20m 21s
[stdout] Rendered 1391/8755, time remaining: 20m 21s
[stdout] Rendered 1392/8755, time remaining: 20m 21s
[stdout] Rendered 1393/8755, time remaining: 20m 21s
[stdout] Rendered 1394/8755, time remaining: 20m 21s
[stdout] Rendered 1395/8755, time remaining: 20m 20s
[stdout] Rendered 1396/8755, time remaining: 20m 20s
[stdout] Rendered 1396/8755, time remaining: 20m 20s
[stdout] Rendered 1397/8755, time remaining: 20m 20s
[stdout] Rendered 1398/8755, time remaining: 20m 19s
[stdout] Rendered 1399/8755, time remaining: 20m 19s
[stdout] Rendered 1400/8755, time remaining: 20m 19s
[stdout] Rendered 1401/8755, time remaining: 20m 19s
[stdout] Rendered 1402/8755, time remaining: 20m 19s
[stdout] Rendered 1403/8755, time remaining: 20m 19s
[stdout] Rendered 1404/8755, time remaining: 20m 18s
[stdout] Rendered 1405/8755, time remaining: 20m 18s
[stdout] Rendered 1406/8755, time remaining: 20m 18s
[stdout] Rendered 1407/8755, time remaining: 20m 18s
[stdout] Rendered 1408/8755, time remaining: 20m 18s
[stdout] Rendered 1409/8755, time remaining: 20m 17s
[stdout] Rendered 1410/8755, time remaining: 20m 17s
[stdout] Rendered 1411/8755, time remaining: 20m 17s
[stdout] Rendered 1412/8755, time remaining: 20m 16s
[stdout] Rendered 1413/8755, time remaining: 20m 16s
[stdout] Rendered 1414/8755, time remaining: 20m 16s
[stdout] Rendered 1415/8755, time remaining: 20m 16s
[stdout] Rendered 1415/8755, time remaining: 20m 16s
[stdout] Rendered 1416/8755, time remaining: 20m 16s
[stdout] Rendered 1417/8755, time remaining: 20m 15s
[stdout] Rendered 1418/8755, time remaining: 20m 15s
[stdout] Rendered 1419/8755, time remaining: 20m 15s
[stdout] Rendered 1420/8755, time remaining: 20m 15s
[stdout] Rendered 1421/8755, time remaining: 20m 15s
[stdout] Rendered 1422/8755, time remaining: 20m 15s
[stdout] Rendered 1423/8755, time remaining: 20m 14s
[stdout] Rendered 1424/8755, time remaining: 20m 14s
[stdout] Rendered 1425/8755, time remaining: 20m 14s
[stdout] Rendered 1426/8755, time remaining: 20m 14s
[stdout] Rendered 1427/8755, time remaining: 20m 14s
[stdout] Rendered 1428/8755, time remaining: 20m 14s
[stdout] Rendered 1429/8755, time remaining: 20m 13s
[stdout] Rendered 1430/8755, time remaining: 20m 13s
[stdout] Rendered 1431/8755, time remaining: 20m 13s
[stdout] Rendered 1432/8755, time remaining: 20m 13s
[stdout] Rendered 1433/8755, time remaining: 20m 12s
[stdout] Rendered 1434/8755, time remaining: 20m 12s
[stdout] Rendered 1434/8755, time remaining: 20m 12s
[stdout] Rendered 1435/8755, time remaining: 20m 12s
[stdout] Rendered 1436/8755, time remaining: 20m 12s
[stdout] Rendered 1437/8755, time remaining: 20m 11s
[stdout] Rendered 1438/8755, time remaining: 20m 11s
[stdout] Rendered 1439/8755, time remaining: 20m 11s
[stdout] Rendered 1440/8755, time remaining: 20m 11s
[stdout] Rendered 1441/8755, time remaining: 20m 10s
[stdout] Rendered 1442/8755, time remaining: 20m 10s
[stdout] Rendered 1443/8755, time remaining: 20m 10s
[stdout] Rendered 1444/8755, time remaining: 20m 9s
[stdout] Rendered 1445/8755, time remaining: 20m 9s
[stdout] Rendered 1446/8755, time remaining: 20m 9s
[stdout] Rendered 1447/8755, time remaining: 20m 9s
[stdout] Rendered 1448/8755, time remaining: 20m 9s
[stdout] Rendered 1449/8755, time remaining: 20m 9s
[stdout] Rendered 1450/8755, time remaining: 20m 8s
[stdout] Rendered 1451/8755, time remaining: 20m 8s
[stdout] Rendered 1452/8755, time remaining: 20m 8s
[stdout] Rendered 1453/8755, time remaining: 20m 8s
[stdout] Rendered 1453/8755, time remaining: 20m 8s
[stdout] Rendered 1454/8755, time remaining: 20m 8s
[stdout] Rendered 1455/8755, time remaining: 20m 8s
[stdout] Rendered 1456/8755, time remaining: 20m 8s
[stdout] Rendered 1457/8755, time remaining: 20m 7s
[stdout] Rendered 1458/8755, time remaining: 20m 7s
[stdout] Rendered 1459/8755, time remaining: 20m 7s
[stdout] Rendered 1460/8755, time remaining: 20m 7s
[stdout] Rendered 1461/8755, time remaining: 20m 7s
[stdout] Rendered 1462/8755, time remaining: 20m 7s
[stdout] Rendered 1463/8755, time remaining: 20m 7s
[stdout] Rendered 1464/8755, time remaining: 20m 6s
[stdout] Rendered 1465/8755, time remaining: 20m 6s
[stdout] Rendered 1466/8755, time remaining: 20m 6s
[stdout] Rendered 1467/8755, time remaining: 20m 6s
[stdout] Rendered 1468/8755, time remaining: 20m 5s
[stdout] Rendered 1469/8755, time remaining: 20m 5s
[stdout] Rendered 1470/8755, time remaining: 20m 5s
[stdout] Rendered 1471/8755, time remaining: 20m 5s
[stdout] Rendered 1472/8755, time remaining: 20m 5s
[stdout] Rendered 1472/8755, time remaining: 20m 5s
[stdout] Rendered 1473/8755, time remaining: 20m 4s
[stdout] Rendered 1474/8755, time remaining: 20m 4s
[stdout] Rendered 1475/8755, time remaining: 20m 4s
[stdout] Rendered 1476/8755, time remaining: 20m 4s
[stdout] Rendered 1477/8755, time remaining: 20m 4s
[stdout] Rendered 1478/8755, time remaining: 20m 4s
[stdout] Rendered 1479/8755, time remaining: 20m 3s
[stdout] Rendered 1480/8755, time remaining: 20m 3s
[stdout] Rendered 1481/8755, time remaining: 20m 3s
[stdout] Rendered 1482/8755, time remaining: 20m 3s
[stdout] Rendered 1483/8755, time remaining: 20m 3s
[stdout] Rendered 1484/8755, time remaining: 20m 3s
[stdout] Rendered 1485/8755, time remaining: 20m 3s
[stdout] Rendered 1486/8755, time remaining: 20m 3s
[stdout] Rendered 1487/8755, time remaining: 20m 3s
[stdout] Rendered 1488/8755, time remaining: 20m 2s
[stdout] Rendered 1489/8755, time remaining: 20m 2s
[stdout] Rendered 1490/8755, time remaining: 20m 2s
[stdout] Rendered 1490/8755, time remaining: 20m 2s
[stdout] Rendered 1491/8755, time remaining: 20m 2s
[stdout] Rendered 1492/8755, time remaining: 20m 1s
[stdout] Rendered 1493/8755, time remaining: 20m 1s
[stdout] Rendered 1494/8755, time remaining: 20m 1s
[stdout] Rendered 1495/8755, time remaining: 20m 1s
[stdout] Rendered 1496/8755, time remaining: 20m 0s
[stdout] Rendered 1497/8755, time remaining: 20m 0s
[stdout] Rendered 1498/8755, time remaining: 20m 0s
[stdout] Rendered 1499/8755, time remaining: 20m 0s
[stdout] Rendered 1500/8755, time remaining: 20m 0s
[stdout] Rendered 1501/8755, time remaining: 19m 59s
[stdout] Rendered 1502/8755, time remaining: 19m 59s
[stdout] Rendered 1503/8755, time remaining: 19m 59s
[stdout] Rendered 1504/8755, time remaining: 19m 59s
[stdout] Rendered 1505/8755, time remaining: 19m 59s
[stdout] Rendered 1506/8755, time remaining: 19m 59s
[stdout] Rendered 1507/8755, time remaining: 19m 58s
[stdout] Rendered 1508/8755, time remaining: 19m 58s
[stdout] Rendered 1509/8755, time remaining: 19m 58s
[stdout] Rendered 1510/8755, time remaining: 19m 58s
[stdout] Rendered 1510/8755, time remaining: 19m 58s
[stdout] Rendered 1511/8755, time remaining: 19m 57s
[stdout] Rendered 1512/8755, time remaining: 19m 57s
[stdout] Rendered 1513/8755, time remaining: 19m 57s
[stdout] Rendered 1514/8755, time remaining: 19m 57s
[stdout] Rendered 1515/8755, time remaining: 19m 56s
[stdout] Rendered 1516/8755, time remaining: 19m 56s
[stdout] Rendered 1517/8755, time remaining: 19m 56s
[stdout] Rendered 1518/8755, time remaining: 19m 56s
[stdout] Rendered 1519/8755, time remaining: 19m 56s
[stdout] Rendered 1520/8755, time remaining: 19m 55s
[stdout] Rendered 1521/8755, time remaining: 19m 55s
[stdout] Rendered 1522/8755, time remaining: 19m 55s
[stdout] Rendered 1523/8755, time remaining: 19m 55s
[stdout] Rendered 1524/8755, time remaining: 19m 55s
[stdout] Rendered 1525/8755, time remaining: 19m 54s
[stdout] Rendered 1526/8755, time remaining: 19m 54s
[stdout] Rendered 1527/8755, time remaining: 19m 54s
[stdout] Rendered 1528/8755, time remaining: 19m 54s
[stdout] Rendered 1529/8755, time remaining: 19m 53s
[stdout] Rendered 1529/8755, time remaining: 19m 53s
[stdout] Rendered 1530/8755, time remaining: 19m 53s
[stdout] Rendered 1531/8755, time remaining: 19m 53s
[stdout] Rendered 1532/8755, time remaining: 19m 53s
[stdout] Rendered 1533/8755, time remaining: 19m 53s
[stdout] Rendered 1534/8755, time remaining: 19m 53s
[stdout] Rendered 1535/8755, time remaining: 19m 52s
[stdout] Rendered 1536/8755, time remaining: 19m 52s
[stdout] Rendered 1537/8755, time remaining: 19m 52s
[stdout] Rendered 1538/8755, time remaining: 19m 52s
[stdout] Rendered 1539/8755, time remaining: 19m 52s
[stdout] Rendered 1540/8755, time remaining: 19m 51s
[stdout] Rendered 1541/8755, time remaining: 19m 51s
[stdout] Rendered 1542/8755, time remaining: 19m 51s
[stdout] Rendered 1543/8755, time remaining: 19m 51s
[stdout] Rendered 1544/8755, time remaining: 19m 51s
[stdout] Rendered 1545/8755, time remaining: 19m 50s
[stdout] Rendered 1546/8755, time remaining: 19m 50s
[stdout] Rendered 1547/8755, time remaining: 19m 50s
[stdout] Rendered 1547/8755, time remaining: 19m 50s
[stdout] Rendered 1548/8755, time remaining: 19m 50s
[stdout] Rendered 1549/8755, time remaining: 19m 50s
[stdout] Rendered 1550/8755, time remaining: 19m 49s
[stdout] Rendered 1551/8755, time remaining: 19m 49s
[stdout] Rendered 1552/8755, time remaining: 19m 49s
[stdout] Rendered 1553/8755, time remaining: 19m 49s
[stdout] Rendered 1554/8755, time remaining: 19m 48s
[stdout] Rendered 1555/8755, time remaining: 19m 48s
[stdout] Rendered 1556/8755, time remaining: 19m 48s
[stdout] Rendered 1557/8755, time remaining: 19m 48s
[stdout] Rendered 1558/8755, time remaining: 19m 48s
[stdout] Rendered 1559/8755, time remaining: 19m 48s
[stdout] Rendered 1560/8755, time remaining: 19m 47s
[stdout] Rendered 1561/8755, time remaining: 19m 47s
[stdout] Rendered 1562/8755, time remaining: 19m 47s
[stdout] Rendered 1563/8755, time remaining: 19m 47s
[stdout] Rendered 1564/8755, time remaining: 19m 47s
[stdout] Rendered 1565/8755, time remaining: 19m 46s
[stdout] Rendered 1566/8755, time remaining: 19m 46s
[stdout] Rendered 1567/8755, time remaining: 19m 46s
[stdout] Rendered 1567/8755, time remaining: 19m 46s
[stdout] Rendered 1568/8755, time remaining: 19m 46s
[stdout] Rendered 1569/8755, time remaining: 19m 45s
[stdout] Rendered 1570/8755, time remaining: 19m 45s
[stdout] Rendered 1571/8755, time remaining: 19m 45s
[stdout] Rendered 1572/8755, time remaining: 19m 45s
[stdout] Rendered 1573/8755, time remaining: 19m 44s
[stdout] Rendered 1574/8755, time remaining: 19m 44s
[stdout] Rendered 1575/8755, time remaining: 19m 44s
[stdout] Rendered 1576/8755, time remaining: 19m 43s
[stdout] Rendered 1577/8755, time remaining: 19m 43s
[stdout] Rendered 1578/8755, time remaining: 19m 43s
[stdout] Rendered 1579/8755, time remaining: 19m 43s
[stdout] Rendered 1580/8755, time remaining: 19m 43s
[stdout] Rendered 1581/8755, time remaining: 19m 43s
[stdout] Rendered 1582/8755, time remaining: 19m 43s
[stdout] Rendered 1583/8755, time remaining: 19m 43s
[stdout] Rendered 1584/8755, time remaining: 19m 42s
[stdout] Rendered 1585/8755, time remaining: 19m 42s
[stdout] Rendered 1586/8755, time remaining: 19m 42s
[stdout] Rendered 1587/8755, time remaining: 19m 42s
[stdout] Rendered 1587/8755, time remaining: 19m 42s
[stdout] Rendered 1588/8755, time remaining: 19m 42s
[stdout] Rendered 1589/8755, time remaining: 19m 42s
[stdout] Rendered 1590/8755, time remaining: 19m 41s
[stdout] Rendered 1591/8755, time remaining: 19m 41s
[stdout] Rendered 1592/8755, time remaining: 19m 41s
[stdout] Rendered 1593/8755, time remaining: 19m 41s
[stdout] Rendered 1594/8755, time remaining: 19m 41s
[stdout] Rendered 1595/8755, time remaining: 19m 40s
[stdout] Rendered 1596/8755, time remaining: 19m 41s
[stdout] Rendered 1597/8755, time remaining: 19m 41s
[stdout] Rendered 1598/8755, time remaining: 19m 40s
[stdout] Rendered 1599/8755, time remaining: 19m 40s
[stdout] Rendered 1600/8755, time remaining: 19m 41s
[stdout] Rendered 1601/8755, time remaining: 19m 40s
[stdout] Rendered 1602/8755, time remaining: 19m 40s
[stdout] Rendered 1602/8755, time remaining: 19m 40s
[stdout] Rendered 1603/8755, time remaining: 19m 41s
[stdout] Rendered 1604/8755, time remaining: 19m 41s
[stdout] Rendered 1605/8755, time remaining: 19m 41s
[stdout] Rendered 1606/8755, time remaining: 19m 41s
[stdout] Rendered 1607/8755, time remaining: 19m 40s
[stdout] Rendered 1608/8755, time remaining: 19m 40s
[stdout] Rendered 1609/8755, time remaining: 19m 40s
[stdout] Rendered 1610/8755, time remaining: 19m 40s
[stdout] Rendered 1611/8755, time remaining: 19m 40s
[stdout] Rendered 1612/8755, time remaining: 19m 39s
[stdout] Rendered 1613/8755, time remaining: 19m 39s
[stdout] Rendered 1614/8755, time remaining: 19m 39s
[stdout] Rendered 1615/8755, time remaining: 19m 39s
[stdout] Rendered 1616/8755, time remaining: 19m 38s
[stdout] Rendered 1617/8755, time remaining: 19m 38s
[stdout] Rendered 1618/8755, time remaining: 19m 38s
[stdout] Rendered 1619/8755, time remaining: 19m 38s
[stdout] Rendered 1620/8755, time remaining: 19m 38s
[stdout] Rendered 1621/8755, time remaining: 19m 37s
[stdout] Rendered 1621/8755, time remaining: 19m 37s
[stdout] Rendered 1622/8755, time remaining: 19m 37s
[stdout] Rendered 1623/8755, time remaining: 19m 37s
[stdout] Rendered 1624/8755, time remaining: 19m 37s
[stdout] Rendered 1625/8755, time remaining: 19m 37s
[stdout] Rendered 1626/8755, time remaining: 19m 37s
[stdout] Rendered 1627/8755, time remaining: 19m 36s
[stdout] Rendered 1628/8755, time remaining: 19m 36s
[stdout] Rendered 1629/8755, time remaining: 19m 36s
[stdout] Rendered 1630/8755, time remaining: 19m 36s
[stdout] Rendered 1631/8755, time remaining: 19m 36s
[stdout] Rendered 1632/8755, time remaining: 19m 35s
[stdout] Rendered 1633/8755, time remaining: 19m 35s
[stdout] Rendered 1634/8755, time remaining: 19m 35s
[stdout] Rendered 1635/8755, time remaining: 19m 35s
[stdout] Rendered 1636/8755, time remaining: 19m 35s
[stdout] Rendered 1637/8755, time remaining: 19m 35s
[stdout] Rendered 1638/8755, time remaining: 19m 35s
[stdout] Rendered 1639/8755, time remaining: 19m 34s
[stdout] Rendered 1640/8755, time remaining: 19m 34s
[stdout] Rendered 1640/8755, time remaining: 19m 34s
[stdout] Rendered 1641/8755, time remaining: 19m 34s
[stdout] Rendered 1642/8755, time remaining: 19m 34s
[stdout] Rendered 1643/8755, time remaining: 19m 34s
[stdout] Rendered 1644/8755, time remaining: 19m 33s
[stdout] Rendered 1645/8755, time remaining: 19m 33s
[stdout] Rendered 1646/8755, time remaining: 19m 33s
[stdout] Rendered 1647/8755, time remaining: 19m 33s
[stdout] Rendered 1648/8755, time remaining: 19m 32s
[stdout] Rendered 1649/8755, time remaining: 19m 32s
[stdout] Rendered 1650/8755, time remaining: 19m 32s
[stdout] Rendered 1651/8755, time remaining: 19m 32s
[stdout] Rendered 1652/8755, time remaining: 19m 32s
[stdout] Rendered 1653/8755, time remaining: 19m 31s
[stdout] Rendered 1654/8755, time remaining: 19m 31s
[stdout] Rendered 1655/8755, time remaining: 19m 31s
[stdout] Rendered 1656/8755, time remaining: 19m 31s
[stdout] Rendered 1657/8755, time remaining: 19m 31s
[stdout] Rendered 1658/8755, time remaining: 19m 31s
[stdout] Rendered 1659/8755, time remaining: 19m 30s
[stdout] Rendered 1659/8755, time remaining: 19m 30s
[stdout] Rendered 1660/8755, time remaining: 19m 30s
[stdout] Rendered 1661/8755, time remaining: 19m 30s
[stdout] Rendered 1662/8755, time remaining: 19m 30s
[stdout] Rendered 1663/8755, time remaining: 19m 30s
[stdout] Rendered 1664/8755, time remaining: 19m 30s
[stdout] Rendered 1665/8755, time remaining: 19m 30s
[stdout] Rendered 1666/8755, time remaining: 19m 30s
[stdout] Rendered 1667/8755, time remaining: 19m 30s
[stdout] Rendered 1668/8755, time remaining: 19m 29s
[stdout] Rendered 1669/8755, time remaining: 19m 29s
[stdout] Rendered 1670/8755, time remaining: 19m 29s
[stdout] Rendered 1671/8755, time remaining: 19m 29s
[stdout] Rendered 1672/8755, time remaining: 19m 29s
[stdout] Rendered 1673/8755, time remaining: 19m 29s
[stdout] Rendered 1674/8755, time remaining: 19m 28s
[stdout] Rendered 1675/8755, time remaining: 19m 28s
[stdout] Rendered 1676/8755, time remaining: 19m 28s
[stdout] Rendered 1677/8755, time remaining: 19m 28s
[stdout] Rendered 1677/8755, time remaining: 19m 28s
[stdout] Rendered 1678/8755, time remaining: 19m 28s
[stdout] Rendered 1679/8755, time remaining: 19m 28s
[stdout] Rendered 1680/8755, time remaining: 19m 27s
[stdout] Rendered 1681/8755, time remaining: 19m 27s
[stdout] Rendered 1682/8755, time remaining: 19m 27s
[stdout] Rendered 1683/8755, time remaining: 19m 27s
[stdout] Rendered 1684/8755, time remaining: 19m 27s
[stdout] Rendered 1685/8755, time remaining: 19m 26s
[stdout] Rendered 1686/8755, time remaining: 19m 26s
[stdout] Rendered 1687/8755, time remaining: 19m 26s
[stdout] Rendered 1688/8755, time remaining: 19m 26s
[stdout] Rendered 1689/8755, time remaining: 19m 26s
[stdout] Rendered 1690/8755, time remaining: 19m 26s
[stdout] Rendered 1691/8755, time remaining: 19m 26s
[stdout] Rendered 1692/8755, time remaining: 19m 25s
[stdout] Rendered 1693/8755, time remaining: 19m 25s
[stdout] Rendered 1694/8755, time remaining: 19m 25s
[stdout] Rendered 1694/8755, time remaining: 19m 25s
[stdout] Rendered 1695/8755, time remaining: 19m 25s
[stdout] Rendered 1696/8755, time remaining: 19m 25s
[stdout] Rendered 1697/8755, time remaining: 19m 24s
[stdout] Rendered 1698/8755, time remaining: 19m 24s
[stdout] Rendered 1699/8755, time remaining: 19m 24s
[stdout] Rendered 1700/8755, time remaining: 19m 24s
[stdout] Rendered 1701/8755, time remaining: 19m 23s
[stdout] Rendered 1702/8755, time remaining: 19m 23s
[stdout] Rendered 1703/8755, time remaining: 19m 23s
[stdout] Rendered 1704/8755, time remaining: 19m 23s
[stdout] Rendered 1705/8755, time remaining: 19m 23s
[stdout] Rendered 1706/8755, time remaining: 19m 23s
[stdout] Rendered 1707/8755, time remaining: 19m 22s
[stdout] Rendered 1708/8755, time remaining: 19m 22s
[stdout] Rendered 1709/8755, time remaining: 19m 22s
[stdout] Rendered 1710/8755, time remaining: 19m 22s
[stdout] Rendered 1711/8755, time remaining: 19m 22s
[stdout] Rendered 1712/8755, time remaining: 19m 21s
[stdout] Rendered 1713/8755, time remaining: 19m 21s
[stdout] Rendered 1714/8755, time remaining: 19m 21s
[stdout] Rendered 1714/8755, time remaining: 19m 21s
[stdout] Rendered 1715/8755, time remaining: 19m 21s
[stdout] Rendered 1716/8755, time remaining: 19m 21s
[stdout] Rendered 1717/8755, time remaining: 19m 20s
[stdout] Rendered 1718/8755, time remaining: 19m 20s
[stdout] Rendered 1719/8755, time remaining: 19m 20s
[stdout] Rendered 1720/8755, time remaining: 19m 20s
[stdout] Rendered 1721/8755, time remaining: 19m 20s
[stdout] Rendered 1722/8755, time remaining: 19m 20s
[stdout] Rendered 1723/8755, time remaining: 19m 20s
[stdout] Rendered 1724/8755, time remaining: 19m 19s
[stdout] Rendered 1725/8755, time remaining: 19m 19s
[stdout] Rendered 1726/8755, time remaining: 19m 19s
[stdout] Rendered 1727/8755, time remaining: 19m 19s
[stdout] Rendered 1728/8755, time remaining: 19m 19s
[stdout] Rendered 1729/8755, time remaining: 19m 19s
[stdout] Rendered 1730/8755, time remaining: 19m 18s
[stdout] Rendered 1731/8755, time remaining: 19m 18s
[stdout] Rendered 1732/8755, time remaining: 19m 18s
[stdout] Rendered 1732/8755, time remaining: 19m 18s
[stdout] Rendered 1733/8755, time remaining: 19m 18s
[stdout] Rendered 1734/8755, time remaining: 19m 18s
[stdout] Rendered 1735/8755, time remaining: 19m 17s
[stdout] Rendered 1736/8755, time remaining: 19m 17s
[stdout] Rendered 1737/8755, time remaining: 19m 17s
[stdout] Rendered 1738/8755, time remaining: 19m 17s
[stdout] Rendered 1739/8755, time remaining: 19m 16s
[stdout] Rendered 1740/8755, time remaining: 19m 16s
[stdout] Rendered 1741/8755, time remaining: 19m 16s
[stdout] Rendered 1742/8755, time remaining: 19m 16s
[stdout] Rendered 1743/8755, time remaining: 19m 16s
[stdout] Rendered 1744/8755, time remaining: 19m 16s
[stdout] Rendered 1745/8755, time remaining: 19m 15s
[stdout] Rendered 1746/8755, time remaining: 19m 15s
[stdout] Rendered 1747/8755, time remaining: 19m 15s
[stdout] Rendered 1748/8755, time remaining: 19m 14s
[stdout] Rendered 1749/8755, time remaining: 19m 14s
[stdout] Rendered 1750/8755, time remaining: 19m 14s
[stdout] Rendered 1751/8755, time remaining: 19m 14s
[stdout] Rendered 1752/8755, time remaining: 19m 14s
[stdout] Rendered 1752/8755, time remaining: 19m 14s
[stdout] Rendered 1753/8755, time remaining: 19m 13s
[stdout] Rendered 1754/8755, time remaining: 19m 13s
[stdout] Rendered 1755/8755, time remaining: 19m 13s
[stdout] Rendered 1756/8755, time remaining: 19m 13s
[stdout] Rendered 1757/8755, time remaining: 19m 13s
[stdout] Rendered 1758/8755, time remaining: 19m 13s
[stdout] Rendered 1759/8755, time remaining: 19m 12s
[stdout] Rendered 1760/8755, time remaining: 19m 12s
[stdout] Rendered 1761/8755, time remaining: 19m 12s
[stdout] Rendered 1762/8755, time remaining: 19m 12s
[stdout] Rendered 1763/8755, time remaining: 19m 11s
[stdout] Rendered 1764/8755, time remaining: 19m 11s
[stdout] Rendered 1765/8755, time remaining: 19m 11s
[stdout] Rendered 1766/8755, time remaining: 19m 11s
[stdout] Rendered 1767/8755, time remaining: 19m 10s
[stdout] Rendered 1768/8755, time remaining: 19m 10s
[stdout] Rendered 1769/8755, time remaining: 19m 10s
[stdout] Rendered 1770/8755, time remaining: 19m 10s
[stdout] Rendered 1770/8755, time remaining: 19m 10s
[stdout] Rendered 1771/8755, time remaining: 19m 10s
[stdout] Rendered 1772/8755, time remaining: 19m 10s
[stdout] Rendered 1773/8755, time remaining: 19m 10s
[stdout] Rendered 1774/8755, time remaining: 19m 10s
[stdout] Rendered 1775/8755, time remaining: 19m 9s
[stdout] Rendered 1776/8755, time remaining: 19m 9s
[stdout] Rendered 1777/8755, time remaining: 19m 9s
[stdout] Rendered 1778/8755, time remaining: 19m 9s
[stdout] Rendered 1779/8755, time remaining: 19m 9s
[stdout] Rendered 1780/8755, time remaining: 19m 9s
[stdout] Rendered 1781/8755, time remaining: 19m 9s
[stdout] Rendered 1782/8755, time remaining: 19m 9s
[stdout] Rendered 1783/8755, time remaining: 19m 9s
[stdout] Rendered 1784/8755, time remaining: 19m 9s
[stdout] Rendered 1785/8755, time remaining: 19m 8s
[stdout] Rendered 1786/8755, time remaining: 19m 8s
[stdout] Rendered 1787/8755, time remaining: 19m 8s
[stdout] Rendered 1788/8755, time remaining: 19m 8s
[stdout] Rendered 1788/8755, time remaining: 19m 8s
[stdout] Rendered 1789/8755, time remaining: 19m 8s
[stdout] Rendered 1790/8755, time remaining: 19m 8s
[stdout] Rendered 1791/8755, time remaining: 19m 8s
[stdout] Rendered 1792/8755, time remaining: 19m 7s
[stdout] Rendered 1793/8755, time remaining: 19m 7s
[stdout] Rendered 1794/8755, time remaining: 19m 7s
[stdout] Rendered 1795/8755, time remaining: 19m 7s
[stdout] Rendered 1796/8755, time remaining: 19m 7s
[stdout] Rendered 1797/8755, time remaining: 19m 7s
[stdout] Rendered 1798/8755, time remaining: 19m 6s
[stdout] Rendered 1799/8755, time remaining: 19m 6s
[stdout] Rendered 1800/8755, time remaining: 19m 6s
[stdout] Rendered 1801/8755, time remaining: 19m 6s
[stdout] Rendered 1802/8755, time remaining: 19m 6s
[stdout] Rendered 1803/8755, time remaining: 19m 6s
[stdout] Rendered 1804/8755, time remaining: 19m 5s
[stdout] Rendered 1805/8755, time remaining: 19m 5s
[stdout] Rendered 1806/8755, time remaining: 19m 5s
[stdout] Rendered 1807/8755, time remaining: 19m 5s
[stdout] Rendered 1807/8755, time remaining: 19m 5s
[stdout] Rendered 1808/8755, time remaining: 19m 5s
[stdout] Rendered 1809/8755, time remaining: 19m 4s
[stdout] Rendered 1810/8755, time remaining: 19m 4s
[stdout] Rendered 1811/8755, time remaining: 19m 4s
[stdout] Rendered 1812/8755, time remaining: 19m 4s
[stdout] Rendered 1813/8755, time remaining: 19m 4s
[stdout] Rendered 1814/8755, time remaining: 19m 3s
[stdout] Rendered 1815/8755, time remaining: 19m 3s
[stdout] Rendered 1816/8755, time remaining: 19m 3s
[stdout] Rendered 1817/8755, time remaining: 19m 3s
[stdout] Rendered 1818/8755, time remaining: 19m 3s
[stdout] Rendered 1819/8755, time remaining: 19m 2s
[stdout] Rendered 1820/8755, time remaining: 19m 2s
[stdout] Rendered 1821/8755, time remaining: 19m 2s
[stdout] Rendered 1822/8755, time remaining: 19m 2s
[stdout] Rendered 1823/8755, time remaining: 19m 2s
[stdout] Rendered 1824/8755, time remaining: 19m 2s
[stdout] Rendered 1825/8755, time remaining: 19m 2s
[stdout] Rendered 1826/8755, time remaining: 19m 2s
[stdout] Rendered 1826/8755, time remaining: 19m 2s
[stdout] Rendered 1827/8755, time remaining: 19m 2s
[stdout] Rendered 1828/8755, time remaining: 19m 1s
[stdout] Rendered 1829/8755, time remaining: 19m 1s
[stdout] Rendered 1830/8755, time remaining: 19m 1s
[stdout] Rendered 1831/8755, time remaining: 19m 1s
[stdout] Rendered 1832/8755, time remaining: 19m 1s
[stdout] Rendered 1833/8755, time remaining: 19m 1s
[stdout] Rendered 1834/8755, time remaining: 19m 1s
[stdout] Rendered 1835/8755, time remaining: 19m 2s
[stdout] Rendered 1836/8755, time remaining: 19m 1s
[stdout] Rendered 1837/8755, time remaining: 19m 1s
[stdout] Rendered 1838/8755, time remaining: 19m 1s
[stdout] Rendered 1839/8755, time remaining: 19m 1s
[stdout] Rendered 1840/8755, time remaining: 19m 1s
[stdout] Rendered 1841/8755, time remaining: 19m 1s
[stdout] Rendered 1841/8755, time remaining: 19m 1s
[stdout] Rendered 1842/8755, time remaining: 19m 1s
[stdout] Rendered 1843/8755, time remaining: 19m 0s
[stdout] Rendered 1844/8755, time remaining: 19m 0s
[stdout] Rendered 1845/8755, time remaining: 19m 0s
[stdout] Rendered 1846/8755, time remaining: 18m 59s
[stdout] Rendered 1847/8755, time remaining: 18m 59s
[stdout] Rendered 1848/8755, time remaining: 18m 59s
[stdout] Rendered 1849/8755, time remaining: 18m 59s
[stdout] Rendered 1850/8755, time remaining: 18m 59s
[stdout] Rendered 1851/8755, time remaining: 18m 58s
[stdout] Rendered 1852/8755, time remaining: 18m 58s
[stdout] Rendered 1853/8755, time remaining: 18m 58s
[stdout] Rendered 1854/8755, time remaining: 18m 58s
[stdout] Rendered 1855/8755, time remaining: 18m 58s
[stdout] Rendered 1856/8755, time remaining: 18m 58s
[stdout] Rendered 1857/8755, time remaining: 18m 57s
[stdout] Rendered 1858/8755, time remaining: 18m 57s
[stdout] Rendered 1859/8755, time remaining: 18m 57s
[stdout] Rendered 1860/8755, time remaining: 18m 57s
[stdout] Rendered 1861/8755, time remaining: 18m 57s
[stdout] Rendered 1861/8755, time remaining: 18m 57s
[stdout] Rendered 1862/8755, time remaining: 18m 56s
[stdout] Rendered 1863/8755, time remaining: 18m 56s
[stdout] Rendered 1864/8755, time remaining: 18m 56s
[stdout] Rendered 1865/8755, time remaining: 18m 56s
[stdout] Rendered 1866/8755, time remaining: 18m 56s
[stdout] Rendered 1867/8755, time remaining: 18m 55s
[stdout] Rendered 1868/8755, time remaining: 18m 55s
[stdout] Rendered 1869/8755, time remaining: 18m 55s
[stdout] Rendered 1870/8755, time remaining: 18m 55s
[stdout] Rendered 1871/8755, time remaining: 18m 55s
[stdout] Rendered 1872/8755, time remaining: 18m 54s
[stdout] Rendered 1873/8755, time remaining: 18m 54s
[stdout] Rendered 1874/8755, time remaining: 18m 54s
[stdout] Rendered 1875/8755, time remaining: 18m 54s
[stdout] Rendered 1876/8755, time remaining: 18m 54s
[stdout] Rendered 1877/8755, time remaining: 18m 54s
[stdout] Rendered 1878/8755, time remaining: 18m 53s
[stdout] Rendered 1879/8755, time remaining: 18m 53s
[stdout] Rendered 1879/8755, time remaining: 18m 53s
[stdout] Rendered 1880/8755, time remaining: 18m 53s
[stdout] Rendered 1881/8755, time remaining: 18m 53s
[stdout] Rendered 1882/8755, time remaining: 18m 53s
[stdout] Rendered 1883/8755, time remaining: 18m 53s
[stdout] Rendered 1884/8755, time remaining: 18m 53s
[stdout] Rendered 1885/8755, time remaining: 18m 53s
[stdout] Rendered 1886/8755, time remaining: 18m 52s
[stdout] Rendered 1887/8755, time remaining: 18m 52s
[stdout] Rendered 1888/8755, time remaining: 18m 52s
[stdout] Rendered 1889/8755, time remaining: 18m 52s
[stdout] Rendered 1890/8755, time remaining: 18m 52s
[stdout] Rendered 1891/8755, time remaining: 18m 51s
[stdout] Rendered 1892/8755, time remaining: 18m 51s
[stdout] Rendered 1893/8755, time remaining: 18m 51s
[stdout] Rendered 1894/8755, time remaining: 18m 51s
[stdout] Rendered 1895/8755, time remaining: 18m 50s
[stdout] Rendered 1896/8755, time remaining: 18m 50s
[stdout] Rendered 1897/8755, time remaining: 18m 50s
[stdout] Rendered 1898/8755, time remaining: 18m 50s
[stdout] Rendered 1898/8755, time remaining: 18m 50s
[stdout] Rendered 1899/8755, time remaining: 18m 50s
[stdout] Rendered 1900/8755, time remaining: 18m 49s
[stdout] Rendered 1901/8755, time remaining: 18m 49s
[stdout] Rendered 1902/8755, time remaining: 18m 49s
[stdout] Rendered 1903/8755, time remaining: 18m 49s
[stdout] Rendered 1904/8755, time remaining: 18m 49s
[stdout] Rendered 1905/8755, time remaining: 18m 48s
[stdout] Rendered 1906/8755, time remaining: 18m 48s
[stdout] Rendered 1907/8755, time remaining: 18m 48s
[stdout] Rendered 1908/8755, time remaining: 18m 48s
[stdout] Rendered 1909/8755, time remaining: 18m 48s
[stdout] Rendered 1910/8755, time remaining: 18m 48s
[stdout] Rendered 1911/8755, time remaining: 18m 47s
[stdout] Rendered 1912/8755, time remaining: 18m 47s
[stdout] Rendered 1913/8755, time remaining: 18m 47s
[stdout] Rendered 1914/8755, time remaining: 18m 47s
[stdout] Rendered 1915/8755, time remaining: 18m 47s
[stdout] Rendered 1916/8755, time remaining: 18m 47s
[stdout] Rendered 1917/8755, time remaining: 18m 46s
[stdout] Rendered 1917/8755, time remaining: 18m 46s
[stdout] Rendered 1918/8755, time remaining: 18m 46s
[stdout] Rendered 1919/8755, time remaining: 18m 46s
[stdout] Rendered 1920/8755, time remaining: 18m 46s
[stdout] Rendered 1921/8755, time remaining: 18m 46s
[stdout] Rendered 1922/8755, time remaining: 18m 45s
[stdout] Rendered 1923/8755, time remaining: 18m 45s
[stdout] Rendered 1924/8755, time remaining: 18m 45s
[stdout] Rendered 1925/8755, time remaining: 18m 45s
[stdout] Rendered 1926/8755, time remaining: 18m 44s
[stdout] Rendered 1927/8755, time remaining: 18m 44s
[stdout] Rendered 1928/8755, time remaining: 18m 44s
[stdout] Rendered 1929/8755, time remaining: 18m 44s
[stdout] Rendered 1930/8755, time remaining: 18m 43s
[stdout] Rendered 1931/8755, time remaining: 18m 43s
[stdout] Rendered 1932/8755, time remaining: 18m 43s
[stdout] Rendered 1933/8755, time remaining: 18m 43s
[stdout] Rendered 1934/8755, time remaining: 18m 43s
[stdout] Rendered 1935/8755, time remaining: 18m 43s
[stdout] Rendered 1936/8755, time remaining: 18m 42s
[stdout] Rendered 1936/8755, time remaining: 18m 42s
[stdout] Rendered 1937/8755, time remaining: 18m 42s
[stdout] Rendered 1938/8755, time remaining: 18m 42s
[stdout] Rendered 1939/8755, time remaining: 18m 42s
[stdout] Rendered 1940/8755, time remaining: 18m 42s
[stdout] Rendered 1941/8755, time remaining: 18m 42s
[stdout] Rendered 1942/8755, time remaining: 18m 41s
[stdout] Rendered 1943/8755, time remaining: 18m 41s
[stdout] Rendered 1944/8755, time remaining: 18m 41s
[stdout] Rendered 1945/8755, time remaining: 18m 41s
[stdout] Rendered 1946/8755, time remaining: 18m 41s
[stdout] Rendered 1947/8755, time remaining: 18m 41s
[stdout] Rendered 1948/8755, time remaining: 18m 40s
[stdout] Rendered 1949/8755, time remaining: 18m 40s
[stdout] Rendered 1950/8755, time remaining: 18m 40s
[stdout] Rendered 1951/8755, time remaining: 18m 40s
[stdout] Rendered 1952/8755, time remaining: 18m 40s
[stdout] Rendered 1953/8755, time remaining: 18m 40s
[stdout] Rendered 1954/8755, time remaining: 18m 40s
[stdout] Rendered 1955/8755, time remaining: 18m 39s
[stdout] Rendered 1956/8755, time remaining: 18m 39s
[stdout] Rendered 1956/8755, time remaining: 18m 39s
[stdout] Rendered 1957/8755, time remaining: 18m 39s
[stdout] Rendered 1958/8755, time remaining: 18m 39s
[stdout] Rendered 1959/8755, time remaining: 18m 38s
[stdout] Rendered 1960/8755, time remaining: 18m 38s
[stdout] Rendered 1961/8755, time remaining: 18m 38s
[stdout] Rendered 1962/8755, time remaining: 18m 38s
[stdout] Rendered 1963/8755, time remaining: 18m 38s
[stdout] Rendered 1964/8755, time remaining: 18m 37s
[stdout] Rendered 1965/8755, time remaining: 18m 37s
[stdout] Rendered 1966/8755, time remaining: 18m 37s
[stdout] Rendered 1967/8755, time remaining: 18m 37s
[stdout] Rendered 1968/8755, time remaining: 18m 37s
[stdout] Rendered 1969/8755, time remaining: 18m 37s
[stdout] Rendered 1970/8755, time remaining: 18m 37s
[stdout] Rendered 1971/8755, time remaining: 18m 36s
[stdout] Rendered 1972/8755, time remaining: 18m 36s
[stdout] Rendered 1973/8755, time remaining: 18m 36s
[stdout] Rendered 1974/8755, time remaining: 18m 36s
[stdout] Rendered 1975/8755, time remaining: 18m 35s
[stdout] Rendered 1976/8755, time remaining: 18m 35s
[stdout] Rendered 1976/8755, time remaining: 18m 35s
[stdout] Rendered 1977/8755, time remaining: 18m 35s
[stdout] Rendered 1978/8755, time remaining: 18m 35s
[stdout] Rendered 1979/8755, time remaining: 18m 35s
[stdout] Rendered 1980/8755, time remaining: 18m 34s
[stdout] Rendered 1981/8755, time remaining: 18m 34s
[stdout] Rendered 1982/8755, time remaining: 18m 34s
[stdout] Rendered 1983/8755, time remaining: 18m 34s
[stdout] Rendered 1984/8755, time remaining: 18m 34s
[stdout] Rendered 1985/8755, time remaining: 18m 33s
[stdout] Rendered 1986/8755, time remaining: 18m 33s
[stdout] Rendered 1987/8755, time remaining: 18m 33s
[stdout] Rendered 1988/8755, time remaining: 18m 33s
[stdout] Rendered 1989/8755, time remaining: 18m 33s
[stdout] Rendered 1990/8755, time remaining: 18m 32s
[stdout] Rendered 1991/8755, time remaining: 18m 32s
[stdout] Rendered 1992/8755, time remaining: 18m 32s
[stdout] Rendered 1993/8755, time remaining: 18m 32s
[stdout] Rendered 1994/8755, time remaining: 18m 32s
[stdout] Rendered 1995/8755, time remaining: 18m 31s
[stdout] Rendered 1995/8755, time remaining: 18m 31s
[stdout] Rendered 1996/8755, time remaining: 18m 31s
[stdout] Rendered 1997/8755, time remaining: 18m 31s
[stdout] Rendered 1998/8755, time remaining: 18m 31s
[stdout] Rendered 1999/8755, time remaining: 18m 31s
[stdout] Rendered 2000/8755, time remaining: 18m 30s
[stdout] Rendered 2001/8755, time remaining: 18m 30s
[stdout] Rendered 2002/8755, time remaining: 18m 30s
[stdout] Rendered 2003/8755, time remaining: 18m 30s
[stdout] Rendered 2004/8755, time remaining: 18m 30s
[stdout] Rendered 2005/8755, time remaining: 18m 29s
[stdout] Rendered 2006/8755, time remaining: 18m 29s
[stdout] Rendered 2007/8755, time remaining: 18m 29s
[stdout] Rendered 2008/8755, time remaining: 18m 29s
[stdout] Rendered 2009/8755, time remaining: 18m 29s
[stdout] Rendered 2010/8755, time remaining: 18m 28s
[stdout] Rendered 2011/8755, time remaining: 18m 28s
[stdout] Rendered 2012/8755, time remaining: 18m 28s
[stdout] Rendered 2012/8755, time remaining: 18m 28s
[stdout] Rendered 2013/8755, time remaining: 18m 28s
[stdout] Rendered 2014/8755, time remaining: 18m 28s
[stdout] Rendered 2015/8755, time remaining: 18m 28s
[stdout] Rendered 2016/8755, time remaining: 18m 28s
[stdout] Rendered 2017/8755, time remaining: 18m 28s
[stdout] Rendered 2018/8755, time remaining: 18m 27s
[stdout] Rendered 2019/8755, time remaining: 18m 27s
[stdout] Rendered 2020/8755, time remaining: 18m 27s
[stdout] Rendered 2021/8755, time remaining: 18m 27s
[stdout] Rendered 2022/8755, time remaining: 18m 27s
[stdout] Rendered 2023/8755, time remaining: 18m 27s
[stdout] Rendered 2024/8755, time remaining: 18m 26s
[stdout] Rendered 2025/8755, time remaining: 18m 26s
[stdout] Rendered 2026/8755, time remaining: 18m 26s
[stdout] Rendered 2027/8755, time remaining: 18m 26s
[stdout] Rendered 2028/8755, time remaining: 18m 26s
[stdout] Rendered 2029/8755, time remaining: 18m 25s
[stdout] Rendered 2030/8755, time remaining: 18m 25s
[stdout] Rendered 2031/8755, time remaining: 18m 25s
[stdout] Rendered 2031/8755, time remaining: 18m 25s
[stdout] Rendered 2032/8755, time remaining: 18m 25s
[stdout] Rendered 2033/8755, time remaining: 18m 25s
[stdout] Rendered 2034/8755, time remaining: 18m 24s
[stdout] Rendered 2035/8755, time remaining: 18m 24s
[stdout] Rendered 2036/8755, time remaining: 18m 24s
[stdout] Rendered 2037/8755, time remaining: 18m 24s
[stdout] Rendered 2038/8755, time remaining: 18m 24s
[stdout] Rendered 2039/8755, time remaining: 18m 24s
[stdout] Rendered 2040/8755, time remaining: 18m 24s
[stdout] Rendered 2041/8755, time remaining: 18m 23s
[stdout] Rendered 2042/8755, time remaining: 18m 23s
[stdout] Rendered 2043/8755, time remaining: 18m 23s
[stdout] Rendered 2044/8755, time remaining: 18m 23s
[stdout] Rendered 2045/8755, time remaining: 18m 22s
[stdout] Rendered 2046/8755, time remaining: 18m 22s
[stdout] Rendered 2047/8755, time remaining: 18m 22s
[stdout] Rendered 2048/8755, time remaining: 18m 22s
[stdout] Rendered 2049/8755, time remaining: 18m 22s
[stdout] Rendered 2050/8755, time remaining: 18m 22s
[stdout] Rendered 2051/8755, time remaining: 18m 22s
[stdout] Rendered 2052/8755, time remaining: 18m 22s
[stdout] Rendered 2052/8755, time remaining: 18m 22s
[stdout] Rendered 2053/8755, time remaining: 18m 21s
[stdout] Rendered 2054/8755, time remaining: 18m 21s
[stdout] Rendered 2055/8755, time remaining: 18m 21s
[stdout] Rendered 2056/8755, time remaining: 18m 21s
[stdout] Rendered 2057/8755, time remaining: 18m 20s
[stdout] Rendered 2058/8755, time remaining: 18m 20s
[stdout] Rendered 2059/8755, time remaining: 18m 20s
[stdout] Rendered 2060/8755, time remaining: 18m 20s
[stdout] Rendered 2061/8755, time remaining: 18m 20s
[stdout] Rendered 2062/8755, time remaining: 18m 19s
[stdout] Rendered 2063/8755, time remaining: 18m 19s
[stdout] Rendered 2064/8755, time remaining: 18m 19s
[stdout] Rendered 2065/8755, time remaining: 18m 19s
[stdout] Rendered 2066/8755, time remaining: 18m 19s
[stdout] Rendered 2067/8755, time remaining: 18m 18s
[stdout] Rendered 2068/8755, time remaining: 18m 18s
[stdout] Rendered 2069/8755, time remaining: 18m 18s
[stdout] Rendered 2070/8755, time remaining: 18m 18s
[stdout] Rendered 2071/8755, time remaining: 18m 17s
[stdout] Rendered 2071/8755, time remaining: 18m 17s
[stdout] Rendered 2072/8755, time remaining: 18m 17s
[stdout] Rendered 2073/8755, time remaining: 18m 17s
[stdout] Rendered 2074/8755, time remaining: 18m 17s
[stdout] Rendered 2075/8755, time remaining: 18m 17s
[stdout] Rendered 2076/8755, time remaining: 18m 17s
[stdout] Rendered 2077/8755, time remaining: 18m 17s
[stdout] Rendered 2078/8755, time remaining: 18m 16s
[stdout] Rendered 2079/8755, time remaining: 18m 16s
[stdout] Rendered 2080/8755, time remaining: 18m 16s
[stdout] Rendered 2081/8755, time remaining: 18m 16s
[stdout] Rendered 2082/8755, time remaining: 18m 16s
[stdout] Rendered 2083/8755, time remaining: 18m 16s
[stdout] Rendered 2084/8755, time remaining: 18m 16s
[stdout] Rendered 2085/8755, time remaining: 18m 15s
[stdout] Rendered 2086/8755, time remaining: 18m 15s
[stdout] Rendered 2087/8755, time remaining: 18m 15s
[stdout] Rendered 2087/8755, time remaining: 18m 15s
[stdout] Rendered 2088/8755, time remaining: 18m 15s
[stdout] Rendered 2089/8755, time remaining: 18m 15s
[stdout] Rendered 2090/8755, time remaining: 18m 15s
[stdout] Rendered 2091/8755, time remaining: 18m 15s
[stdout] Rendered 2092/8755, time remaining: 18m 14s
[stdout] Rendered 2093/8755, time remaining: 18m 14s
[stdout] Rendered 2094/8755, time remaining: 18m 14s
[stdout] Rendered 2095/8755, time remaining: 18m 14s
[stdout] Rendered 2096/8755, time remaining: 18m 14s
[stdout] Rendered 2097/8755, time remaining: 18m 14s
[stdout] Rendered 2098/8755, time remaining: 18m 14s
[stdout] Rendered 2099/8755, time remaining: 18m 13s
[stdout] Rendered 2100/8755, time remaining: 18m 13s
[stdout] Rendered 2101/8755, time remaining: 18m 13s
[stdout] Rendered 2102/8755, time remaining: 18m 13s
[stdout] Rendered 2103/8755, time remaining: 18m 13s
[stdout] Rendered 2104/8755, time remaining: 18m 13s
[stdout] Rendered 2105/8755, time remaining: 18m 12s
[stdout] Rendered 2106/8755, time remaining: 18m 12s
[stdout] Rendered 2106/8755, time remaining: 18m 12s
[stdout] Rendered 2107/8755, time remaining: 18m 12s
[stdout] Rendered 2108/8755, time remaining: 18m 12s
[stdout] Rendered 2109/8755, time remaining: 18m 12s
[stdout] Rendered 2110/8755, time remaining: 18m 11s
[stdout] Rendered 2111/8755, time remaining: 18m 11s
[stdout] Rendered 2112/8755, time remaining: 18m 11s
[stdout] Rendered 2113/8755, time remaining: 18m 11s
[stdout] Rendered 2114/8755, time remaining: 18m 10s
[stdout] Rendered 2115/8755, time remaining: 18m 10s
[stdout] Rendered 2116/8755, time remaining: 18m 10s
[stdout] Rendered 2117/8755, time remaining: 18m 10s
[stdout] Rendered 2118/8755, time remaining: 18m 10s
[stdout] Rendered 2119/8755, time remaining: 18m 10s
[stdout] Rendered 2120/8755, time remaining: 18m 10s
[stdout] Rendered 2121/8755, time remaining: 18m 9s
[stdout] Rendered 2122/8755, time remaining: 18m 9s
[stdout] Rendered 2123/8755, time remaining: 18m 9s
[stdout] Rendered 2124/8755, time remaining: 18m 9s
[stdout] Rendered 2124/8755, time remaining: 18m 9s
[stdout] Rendered 2125/8755, time remaining: 18m 9s
[stdout] Rendered 2126/8755, time remaining: 18m 9s
[stdout] Rendered 2127/8755, time remaining: 18m 9s
[stdout] Rendered 2128/8755, time remaining: 18m 8s
[stdout] Rendered 2129/8755, time remaining: 18m 8s
[stdout] Rendered 2130/8755, time remaining: 18m 8s
[stdout] Rendered 2131/8755, time remaining: 18m 8s
[stdout] Rendered 2132/8755, time remaining: 18m 8s
[stdout] Rendered 2133/8755, time remaining: 18m 8s
[stdout] Rendered 2134/8755, time remaining: 18m 8s
[stdout] Rendered 2135/8755, time remaining: 18m 7s
[stdout] Rendered 2136/8755, time remaining: 18m 7s
[stdout] Rendered 2137/8755, time remaining: 18m 7s
[stdout] Rendered 2138/8755, time remaining: 18m 7s
[stdout] Rendered 2139/8755, time remaining: 18m 7s
[stdout] Rendered 2140/8755, time remaining: 18m 6s
[stdout] Rendered 2141/8755, time remaining: 18m 6s
[stdout] Rendered 2142/8755, time remaining: 18m 6s
[stdout] Rendered 2143/8755, time remaining: 18m 6s
[stdout] Rendered 2144/8755, time remaining: 18m 6s
[stdout] Rendered 2144/8755, time remaining: 18m 6s
[stdout] Rendered 2145/8755, time remaining: 18m 6s
[stdout] Rendered 2146/8755, time remaining: 18m 5s
[stdout] Rendered 2147/8755, time remaining: 18m 5s
[stdout] Rendered 2148/8755, time remaining: 18m 5s
[stdout] Rendered 2149/8755, time remaining: 18m 5s
[stdout] Rendered 2150/8755, time remaining: 18m 4s
[stdout] Rendered 2151/8755, time remaining: 18m 4s
[stdout] Rendered 2152/8755, time remaining: 18m 4s
[stdout] Rendered 2153/8755, time remaining: 18m 4s
[stdout] Rendered 2154/8755, time remaining: 18m 4s
[stdout] Rendered 2155/8755, time remaining: 18m 4s
[stdout] Rendered 2156/8755, time remaining: 18m 3s
[stdout] Rendered 2157/8755, time remaining: 18m 3s
[stdout] Rendered 2158/8755, time remaining: 18m 3s
[stdout] Rendered 2159/8755, time remaining: 18m 3s
[stdout] Rendered 2160/8755, time remaining: 18m 3s
[stdout] Rendered 2160/8755, time remaining: 18m 3s
[stdout] Rendered 2161/8755, time remaining: 18m 3s
[stdout] Rendered 2162/8755, time remaining: 18m 3s
[stdout] Rendered 2163/8755, time remaining: 18m 3s
[stdout] Rendered 2164/8755, time remaining: 18m 3s
[stdout] Rendered 2165/8755, time remaining: 18m 3s
[stdout] Rendered 2166/8755, time remaining: 18m 3s
[stdout] Rendered 2167/8755, time remaining: 18m 3s
[stdout] Rendered 2168/8755, time remaining: 18m 3s
[stdout] Rendered 2169/8755, time remaining: 18m 2s
[stdout] Rendered 2170/8755, time remaining: 18m 2s
[stdout] Rendered 2171/8755, time remaining: 18m 2s
[stdout] Rendered 2172/8755, time remaining: 18m 2s
[stdout] Rendered 2173/8755, time remaining: 18m 2s
[stdout] Rendered 2174/8755, time remaining: 18m 2s
[stdout] Rendered 2175/8755, time remaining: 18m 1s
[stdout] Rendered 2176/8755, time remaining: 18m 1s
[stdout] Rendered 2177/8755, time remaining: 18m 1s
[stdout] Rendered 2178/8755, time remaining: 18m 1s
[stdout] Rendered 2179/8755, time remaining: 18m 1s
[stdout] Rendered 2179/8755, time remaining: 18m 1s
[stdout] Rendered 2180/8755, time remaining: 18m 0s
[stdout] Rendered 2181/8755, time remaining: 18m 0s
[stdout] Rendered 2182/8755, time remaining: 18m 0s
[stdout] Rendered 2183/8755, time remaining: 18m 0s
[stdout] Rendered 2184/8755, time remaining: 18m 0s
[stdout] Rendered 2185/8755, time remaining: 18m 0s
[stdout] Rendered 2186/8755, time remaining: 18m 0s
[stdout] Rendered 2187/8755, time remaining: 18m 0s
[stdout] Rendered 2188/8755, time remaining: 17m 59s
[stdout] Rendered 2189/8755, time remaining: 17m 59s
[stdout] Rendered 2190/8755, time remaining: 17m 59s
[stdout] Rendered 2191/8755, time remaining: 17m 59s
[stdout] Rendered 2192/8755, time remaining: 17m 59s
[stdout] Rendered 2193/8755, time remaining: 17m 59s
[stdout] Rendered 2194/8755, time remaining: 17m 58s
[stdout] Rendered 2195/8755, time remaining: 17m 58s
[stdout] Rendered 2196/8755, time remaining: 17m 58s
[stdout] Rendered 2197/8755, time remaining: 17m 58s
[stdout] Rendered 2198/8755, time remaining: 17m 58s
[stdout] Rendered 2198/8755, time remaining: 17m 58s
[stdout] Rendered 2199/8755, time remaining: 17m 58s
[stdout] Rendered 2200/8755, time remaining: 17m 57s
[stdout] Rendered 2201/8755, time remaining: 17m 57s
[stdout] Rendered 2202/8755, time remaining: 17m 57s
[stdout] Rendered 2203/8755, time remaining: 17m 57s
[stdout] Rendered 2204/8755, time remaining: 17m 57s
[stdout] Rendered 2205/8755, time remaining: 17m 57s
[stdout] Rendered 2206/8755, time remaining: 17m 57s
[stdout] Rendered 2207/8755, time remaining: 17m 56s
[stdout] Rendered 2208/8755, time remaining: 17m 56s
[stdout] Rendered 2209/8755, time remaining: 17m 56s
[stdout] Rendered 2210/8755, time remaining: 17m 56s
[stdout] Rendered 2211/8755, time remaining: 17m 56s
[stdout] Rendered 2212/8755, time remaining: 17m 56s
[stdout] Rendered 2213/8755, time remaining: 17m 55s
[stdout] Rendered 2214/8755, time remaining: 17m 55s
[stdout] Rendered 2215/8755, time remaining: 17m 55s
[stdout] Rendered 2216/8755, time remaining: 17m 55s
[stdout] Rendered 2216/8755, time remaining: 17m 55s
[stdout] Rendered 2217/8755, time remaining: 17m 55s
[stdout] Rendered 2218/8755, time remaining: 17m 54s
[stdout] Rendered 2219/8755, time remaining: 17m 54s
[stdout] Rendered 2220/8755, time remaining: 17m 54s
[stdout] Rendered 2221/8755, time remaining: 17m 54s
[stdout] Rendered 2222/8755, time remaining: 17m 54s
[stdout] Rendered 2223/8755, time remaining: 17m 53s
[stdout] Rendered 2224/8755, time remaining: 17m 53s
[stdout] Rendered 2225/8755, time remaining: 17m 53s
[stdout] Rendered 2226/8755, time remaining: 17m 53s
[stdout] Rendered 2227/8755, time remaining: 17m 53s
[stdout] Rendered 2228/8755, time remaining: 17m 52s
[stdout] Rendered 2229/8755, time remaining: 17m 52s
[stdout] Rendered 2230/8755, time remaining: 17m 52s
[stdout] Rendered 2231/8755, time remaining: 17m 52s
[stdout] Rendered 2232/8755, time remaining: 17m 52s
[stdout] Rendered 2233/8755, time remaining: 17m 52s
[stdout] Rendered 2234/8755, time remaining: 17m 51s
[stdout] Rendered 2235/8755, time remaining: 17m 51s
[stdout] Rendered 2235/8755, time remaining: 17m 51s
[stdout] Rendered 2236/8755, time remaining: 17m 51s
[stdout] Rendered 2237/8755, time remaining: 17m 51s
[stdout] Rendered 2238/8755, time remaining: 17m 51s
[stdout] Rendered 2239/8755, time remaining: 17m 51s
[stdout] Rendered 2240/8755, time remaining: 17m 50s
[stdout] Rendered 2241/8755, time remaining: 17m 50s
[stdout] Rendered 2242/8755, time remaining: 17m 50s
[stdout] Rendered 2243/8755, time remaining: 17m 50s
[stdout] Rendered 2244/8755, time remaining: 17m 50s
[stdout] Rendered 2245/8755, time remaining: 17m 50s
[stdout] Rendered 2246/8755, time remaining: 17m 50s
[stdout] Rendered 2247/8755, time remaining: 17m 50s
[stdout] Rendered 2248/8755, time remaining: 17m 49s
[stdout] Rendered 2249/8755, time remaining: 17m 49s
[stdout] Rendered 2250/8755, time remaining: 17m 49s
[stdout] Rendered 2251/8755, time remaining: 17m 49s
[stdout] Rendered 2252/8755, time remaining: 17m 49s
[stdout] Rendered 2253/8755, time remaining: 17m 48s
[stdout] Rendered 2253/8755, time remaining: 17m 48s
[stdout] Rendered 2254/8755, time remaining: 17m 48s
[stdout] Rendered 2255/8755, time remaining: 17m 48s
[stdout] Rendered 2256/8755, time remaining: 17m 48s
[stdout] Rendered 2257/8755, time remaining: 17m 47s
[stdout] Rendered 2258/8755, time remaining: 17m 47s
[stdout] Rendered 2259/8755, time remaining: 17m 47s
[stdout] Rendered 2260/8755, time remaining: 17m 47s
[stdout] Rendered 2261/8755, time remaining: 17m 47s
[stdout] Rendered 2262/8755, time remaining: 17m 46s
[stdout] Rendered 2263/8755, time remaining: 17m 46s
[stdout] Rendered 2264/8755, time remaining: 17m 46s
[stdout] Rendered 2265/8755, time remaining: 17m 46s
[stdout] Rendered 2266/8755, time remaining: 17m 46s
[stdout] Rendered 2267/8755, time remaining: 17m 45s
[stdout] Rendered 2268/8755, time remaining: 17m 45s
[stdout] Rendered 2269/8755, time remaining: 17m 45s
[stdout] Rendered 2270/8755, time remaining: 17m 45s
[stdout] Rendered 2271/8755, time remaining: 17m 45s
[stdout] Rendered 2272/8755, time remaining: 17m 44s
[stdout] Rendered 2273/8755, time remaining: 17m 44s
[stdout] Rendered 2273/8755, time remaining: 17m 44s
[stdout] Rendered 2274/8755, time remaining: 17m 44s
[stdout] Rendered 2275/8755, time remaining: 17m 44s
[stdout] Rendered 2276/8755, time remaining: 17m 44s
[stdout] Rendered 2277/8755, time remaining: 17m 43s
[stdout] Rendered 2278/8755, time remaining: 17m 43s
[stdout] Rendered 2279/8755, time remaining: 17m 43s
[stdout] Rendered 2280/8755, time remaining: 17m 43s
[stdout] Rendered 2281/8755, time remaining: 17m 43s
[stdout] Rendered 2282/8755, time remaining: 17m 43s
[stdout] Rendered 2283/8755, time remaining: 17m 43s
[stdout] Rendered 2284/8755, time remaining: 17m 42s
[stdout] Rendered 2285/8755, time remaining: 17m 42s
[stdout] Rendered 2286/8755, time remaining: 17m 42s
[stdout] Rendered 2287/8755, time remaining: 17m 42s
[stdout] Rendered 2288/8755, time remaining: 17m 42s
[stdout] Rendered 2289/8755, time remaining: 17m 42s
[stdout] Rendered 2290/8755, time remaining: 17m 42s
[stdout] Rendered 2291/8755, time remaining: 17m 41s
[stdout] Rendered 2291/8755, time remaining: 17m 41s
[stdout] Rendered 2292/8755, time remaining: 17m 41s
[stdout] Rendered 2293/8755, time remaining: 17m 41s
[stdout] Rendered 2294/8755, time remaining: 17m 41s
[stdout] Rendered 2295/8755, time remaining: 17m 41s
[stdout] Rendered 2296/8755, time remaining: 17m 40s
[stdout] Rendered 2297/8755, time remaining: 17m 40s
[stdout] Rendered 2298/8755, time remaining: 17m 40s
[stdout] Rendered 2299/8755, time remaining: 17m 40s
[stdout] Rendered 2300/8755, time remaining: 17m 40s
[stdout] Rendered 2301/8755, time remaining: 17m 40s
[stdout] Rendered 2302/8755, time remaining: 17m 40s
[stdout] Rendered 2303/8755, time remaining: 17m 39s
[stdout] Rendered 2304/8755, time remaining: 17m 39s
[stdout] Rendered 2305/8755, time remaining: 17m 39s
[stdout] Rendered 2306/8755, time remaining: 17m 39s
[stdout] Rendered 2307/8755, time remaining: 17m 39s
[stdout] Rendered 2308/8755, time remaining: 17m 38s
[stdout] Rendered 2309/8755, time remaining: 17m 38s
[stdout] Rendered 2310/8755, time remaining: 17m 38s
[stdout] Rendered 2310/8755, time remaining: 17m 38s
[stdout] Rendered 2311/8755, time remaining: 17m 38s
[stdout] Rendered 2312/8755, time remaining: 17m 38s
[stdout] Rendered 2313/8755, time remaining: 17m 37s
[stdout] Rendered 2314/8755, time remaining: 17m 37s
[stdout] Rendered 2315/8755, time remaining: 17m 37s
[stdout] Rendered 2316/8755, time remaining: 17m 37s
[stdout] Rendered 2317/8755, time remaining: 17m 37s
[stdout] Rendered 2318/8755, time remaining: 17m 36s
[stdout] Rendered 2319/8755, time remaining: 17m 36s
[stdout] Rendered 2320/8755, time remaining: 17m 36s
[stdout] Rendered 2321/8755, time remaining: 17m 36s
[stdout] Rendered 2322/8755, time remaining: 17m 36s
[stdout] Rendered 2323/8755, time remaining: 17m 36s
[stdout] Rendered 2324/8755, time remaining: 17m 36s
[stdout] Rendered 2325/8755, time remaining: 17m 35s
[stdout] Rendered 2326/8755, time remaining: 17m 35s
[stdout] Rendered 2327/8755, time remaining: 17m 35s
[stdout] Rendered 2327/8755, time remaining: 17m 35s
[stdout] Rendered 2328/8755, time remaining: 17m 35s
[stdout] Rendered 2329/8755, time remaining: 17m 35s
[stdout] Rendered 2330/8755, time remaining: 17m 35s
[stdout] Rendered 2331/8755, time remaining: 17m 35s
[stdout] Rendered 2332/8755, time remaining: 17m 34s
[stdout] Rendered 2333/8755, time remaining: 17m 34s
[stdout] Rendered 2334/8755, time remaining: 17m 34s
[stdout] Rendered 2335/8755, time remaining: 17m 34s
[stdout] Rendered 2336/8755, time remaining: 17m 34s
[stdout] Rendered 2337/8755, time remaining: 17m 34s
[stdout] Rendered 2338/8755, time remaining: 17m 34s
[stdout] Rendered 2339/8755, time remaining: 17m 33s
[stdout] Rendered 2340/8755, time remaining: 17m 33s
[stdout] Rendered 2341/8755, time remaining: 17m 33s
[stdout] Rendered 2342/8755, time remaining: 17m 33s
[stdout] Rendered 2343/8755, time remaining: 17m 33s
[stdout] Rendered 2344/8755, time remaining: 17m 32s
[stdout] Rendered 2345/8755, time remaining: 17m 32s
[stdout] Rendered 2346/8755, time remaining: 17m 32s
[stdout] Rendered 2347/8755, time remaining: 17m 32s
[stdout] Rendered 2347/8755, time remaining: 17m 32s
[stdout] Rendered 2348/8755, time remaining: 17m 32s
[stdout] Rendered 2349/8755, time remaining: 17m 31s
[stdout] Rendered 2350/8755, time remaining: 17m 31s
[stdout] Rendered 2351/8755, time remaining: 17m 31s
[stdout] Rendered 2352/8755, time remaining: 17m 31s
[stdout] Rendered 2353/8755, time remaining: 17m 31s
[stdout] Rendered 2354/8755, time remaining: 17m 31s
[stdout] Rendered 2355/8755, time remaining: 17m 30s
[stdout] Rendered 2356/8755, time remaining: 17m 30s
[stdout] Rendered 2357/8755, time remaining: 17m 30s
[stdout] Rendered 2358/8755, time remaining: 17m 30s
[stdout] Rendered 2359/8755, time remaining: 17m 30s
[stdout] Rendered 2360/8755, time remaining: 17m 29s
[stdout] Rendered 2361/8755, time remaining: 17m 29s
[stdout] Rendered 2362/8755, time remaining: 17m 29s
[stdout] Rendered 2363/8755, time remaining: 17m 29s
[stdout] Rendered 2364/8755, time remaining: 17m 29s
[stdout] Rendered 2365/8755, time remaining: 17m 28s
[stdout] Rendered 2366/8755, time remaining: 17m 28s
[stdout] Rendered 2366/8755, time remaining: 17m 28s
[stdout] Rendered 2367/8755, time remaining: 17m 28s
[stdout] Rendered 2368/8755, time remaining: 17m 28s
[stdout] Rendered 2369/8755, time remaining: 17m 28s
[stdout] Rendered 2370/8755, time remaining: 17m 28s
[stdout] Rendered 2371/8755, time remaining: 17m 27s
[stdout] Rendered 2372/8755, time remaining: 17m 27s
[stdout] Rendered 2373/8755, time remaining: 17m 27s
[stdout] Rendered 2374/8755, time remaining: 17m 27s
[stdout] Rendered 2375/8755, time remaining: 17m 27s
[stdout] Rendered 2376/8755, time remaining: 17m 27s
[stdout] Rendered 2377/8755, time remaining: 17m 26s
[stdout] Rendered 2378/8755, time remaining: 17m 26s
[stdout] Rendered 2379/8755, time remaining: 17m 26s
[stdout] Rendered 2380/8755, time remaining: 17m 26s
[stdout] Rendered 2381/8755, time remaining: 17m 26s
[stdout] Rendered 2382/8755, time remaining: 17m 26s
[stdout] Rendered 2383/8755, time remaining: 17m 25s
[stdout] Rendered 2384/8755, time remaining: 17m 25s
[stdout] Rendered 2384/8755, time remaining: 17m 25s
[stdout] Rendered 2385/8755, time remaining: 17m 25s
[stdout] Rendered 2386/8755, time remaining: 17m 25s
[stdout] Rendered 2387/8755, time remaining: 17m 25s
[stdout] Rendered 2388/8755, time remaining: 17m 25s
[stdout] Rendered 2389/8755, time remaining: 17m 25s
[stdout] Rendered 2390/8755, time remaining: 17m 25s
[stdout] Rendered 2391/8755, time remaining: 17m 25s
[stdout] Rendered 2392/8755, time remaining: 17m 24s
[stdout] Rendered 2393/8755, time remaining: 17m 24s
[stdout] Rendered 2394/8755, time remaining: 17m 24s
[stdout] Rendered 2395/8755, time remaining: 17m 24s
[stdout] Rendered 2396/8755, time remaining: 17m 24s
[stdout] Rendered 2397/8755, time remaining: 17m 24s
[stdout] Rendered 2398/8755, time remaining: 17m 23s
[stdout] Rendered 2399/8755, time remaining: 17m 23s
[stdout] Rendered 2400/8755, time remaining: 17m 23s
[stdout] Rendered 2401/8755, time remaining: 17m 23s
[stdout] Rendered 2402/8755, time remaining: 17m 22s
[stdout] Rendered 2402/8755, time remaining: 17m 22s
[stdout] Rendered 2403/8755, time remaining: 17m 22s
[stdout] Rendered 2404/8755, time remaining: 17m 22s
[stdout] Rendered 2405/8755, time remaining: 17m 22s
[stdout] Rendered 2406/8755, time remaining: 17m 22s
[stdout] Rendered 2407/8755, time remaining: 17m 22s
[stdout] Rendered 2408/8755, time remaining: 17m 22s
[stdout] Rendered 2409/8755, time remaining: 17m 21s
[stdout] Rendered 2410/8755, time remaining: 17m 21s
[stdout] Rendered 2411/8755, time remaining: 17m 21s
[stdout] Rendered 2412/8755, time remaining: 17m 21s
[stdout] Rendered 2413/8755, time remaining: 17m 21s
[stdout] Rendered 2414/8755, time remaining: 17m 21s
[stdout] Rendered 2415/8755, time remaining: 17m 20s
[stdout] Rendered 2416/8755, time remaining: 17m 20s
[stdout] Rendered 2417/8755, time remaining: 17m 20s
[stdout] Rendered 2418/8755, time remaining: 17m 20s
[stdout] Rendered 2419/8755, time remaining: 17m 20s
[stdout] Rendered 2420/8755, time remaining: 17m 19s
[stdout] Rendered 2421/8755, time remaining: 17m 19s
[stdout] Rendered 2421/8755, time remaining: 17m 19s
[stdout] Rendered 2422/8755, time remaining: 17m 19s
[stdout] Rendered 2423/8755, time remaining: 17m 19s
[stdout] Rendered 2424/8755, time remaining: 17m 19s
[stdout] Rendered 2425/8755, time remaining: 17m 19s
[stdout] Rendered 2426/8755, time remaining: 17m 18s
[stdout] Rendered 2427/8755, time remaining: 17m 18s
[stdout] Rendered 2428/8755, time remaining: 17m 18s
[stdout] Rendered 2429/8755, time remaining: 17m 18s
[stdout] Rendered 2430/8755, time remaining: 17m 18s
[stdout] Rendered 2431/8755, time remaining: 17m 17s
[stdout] Rendered 2432/8755, time remaining: 17m 17s
[stdout] Rendered 2433/8755, time remaining: 17m 17s
[stdout] Rendered 2434/8755, time remaining: 17m 17s
[stdout] Rendered 2435/8755, time remaining: 17m 17s
[stdout] Rendered 2436/8755, time remaining: 17m 16s
[stdout] Rendered 2437/8755, time remaining: 17m 16s
[stdout] Rendered 2438/8755, time remaining: 17m 16s
[stdout] Rendered 2439/8755, time remaining: 17m 16s
[stdout] Rendered 2439/8755, time remaining: 17m 16s
[stdout] Rendered 2440/8755, time remaining: 17m 16s
[stdout] Rendered 2441/8755, time remaining: 17m 16s
[stdout] Rendered 2442/8755, time remaining: 17m 15s
[stdout] Rendered 2443/8755, time remaining: 17m 15s
[stdout] Rendered 2444/8755, time remaining: 17m 15s
[stdout] Rendered 2445/8755, time remaining: 17m 15s
[stdout] Rendered 2446/8755, time remaining: 17m 15s
[stdout] Rendered 2447/8755, time remaining: 17m 15s
[stdout] Rendered 2448/8755, time remaining: 17m 15s
[stdout] Rendered 2449/8755, time remaining: 17m 14s
[stdout] Rendered 2450/8755, time remaining: 17m 14s
[stdout] Rendered 2451/8755, time remaining: 17m 14s
[stdout] Rendered 2452/8755, time remaining: 17m 14s
[stdout] Rendered 2453/8755, time remaining: 17m 14s
[stdout] Rendered 2454/8755, time remaining: 17m 14s
[stdout] Rendered 2455/8755, time remaining: 17m 14s
[stdout] Rendered 2455/8755, time remaining: 17m 14s
[stdout] Rendered 2456/8755, time remaining: 17m 14s
[stdout] Rendered 2457/8755, time remaining: 17m 14s
[stdout] Rendered 2458/8755, time remaining: 17m 14s
[stdout] Rendered 2459/8755, time remaining: 17m 14s
[stdout] Rendered 2460/8755, time remaining: 17m 14s
[stdout] Rendered 2461/8755, time remaining: 17m 14s
[stdout] Rendered 2462/8755, time remaining: 17m 13s
[stdout] Rendered 2463/8755, time remaining: 17m 13s
[stdout] Rendered 2464/8755, time remaining: 17m 13s
[stdout] Rendered 2465/8755, time remaining: 17m 13s
[stdout] Rendered 2466/8755, time remaining: 17m 13s
[stdout] Rendered 2467/8755, time remaining: 17m 12s
[stdout] Rendered 2468/8755, time remaining: 17m 12s
[stdout] Rendered 2469/8755, time remaining: 17m 12s
[stdout] Rendered 2470/8755, time remaining: 17m 12s
[stdout] Rendered 2471/8755, time remaining: 17m 12s
[stdout] Rendered 2472/8755, time remaining: 17m 11s
[stdout] Rendered 2473/8755, time remaining: 17m 11s
[stdout] Rendered 2474/8755, time remaining: 17m 11s
[stdout] Rendered 2474/8755, time remaining: 17m 11s
[stdout] Rendered 2475/8755, time remaining: 17m 11s
[stdout] Rendered 2476/8755, time remaining: 17m 11s
[stdout] Rendered 2477/8755, time remaining: 17m 11s
[stdout] Rendered 2478/8755, time remaining: 17m 11s
[stdout] Rendered 2479/8755, time remaining: 17m 11s
[stdout] Rendered 2480/8755, time remaining: 17m 10s
[stdout] Rendered 2481/8755, time remaining: 17m 10s
[stdout] Rendered 2482/8755, time remaining: 17m 10s
[stdout] Rendered 2483/8755, time remaining: 17m 10s
[stdout] Rendered 2484/8755, time remaining: 17m 10s
[stdout] Rendered 2485/8755, time remaining: 17m 10s
[stdout] Rendered 2486/8755, time remaining: 17m 9s
[stdout] Rendered 2487/8755, time remaining: 17m 9s
[stdout] Rendered 2488/8755, time remaining: 17m 9s
[stdout] Rendered 2489/8755, time remaining: 17m 9s
[stdout] Rendered 2490/8755, time remaining: 17m 9s
[stdout] Rendered 2491/8755, time remaining: 17m 9s
[stdout] Rendered 2492/8755, time remaining: 17m 9s
[stdout] Rendered 2492/8755, time remaining: 17m 9s
[stdout] Rendered 2493/8755, time remaining: 17m 8s
[stdout] Rendered 2494/8755, time remaining: 17m 8s
[stdout] Rendered 2495/8755, time remaining: 17m 8s
[stdout] Rendered 2496/8755, time remaining: 17m 8s
[stdout] Rendered 2497/8755, time remaining: 17m 8s
[stdout] Rendered 2498/8755, time remaining: 17m 8s
[stdout] Rendered 2499/8755, time remaining: 17m 7s
[stdout] Rendered 2500/8755, time remaining: 17m 7s
[stdout] Rendered 2501/8755, time remaining: 17m 7s
[stdout] Rendered 2502/8755, time remaining: 17m 7s
[stdout] Rendered 2503/8755, time remaining: 17m 7s
[stdout] Rendered 2504/8755, time remaining: 17m 7s
[stdout] Rendered 2505/8755, time remaining: 17m 7s
[stdout] Rendered 2506/8755, time remaining: 17m 6s
[stdout] Rendered 2507/8755, time remaining: 17m 6s
[stdout] Rendered 2508/8755, time remaining: 17m 6s
[stdout] Rendered 2509/8755, time remaining: 17m 6s
[stdout] Rendered 2510/8755, time remaining: 17m 6s
[stdout] Rendered 2510/8755, time remaining: 17m 6s
[stdout] Rendered 2511/8755, time remaining: 17m 6s
[stdout] Rendered 2512/8755, time remaining: 17m 5s
[stdout] Rendered 2513/8755, time remaining: 17m 5s
[stdout] Rendered 2514/8755, time remaining: 17m 5s
[stdout] Rendered 2515/8755, time remaining: 17m 5s
[stdout] Rendered 2516/8755, time remaining: 17m 5s
[stdout] Rendered 2517/8755, time remaining: 17m 4s
[stdout] Rendered 2518/8755, time remaining: 17m 4s
[stdout] Rendered 2519/8755, time remaining: 17m 4s
[stdout] Rendered 2520/8755, time remaining: 17m 4s
[stdout] Rendered 2521/8755, time remaining: 17m 4s
[stdout] Rendered 2522/8755, time remaining: 17m 4s
[stdout] Rendered 2523/8755, time remaining: 17m 4s
[stdout] Rendered 2524/8755, time remaining: 17m 4s
[stdout] Rendered 2525/8755, time remaining: 17m 3s
[stdout] Rendered 2526/8755, time remaining: 17m 3s
[stdout] Rendered 2527/8755, time remaining: 17m 3s
[stdout] Rendered 2527/8755, time remaining: 17m 3s
[stdout] Rendered 2528/8755, time remaining: 17m 3s
[stdout] Rendered 2529/8755, time remaining: 17m 3s
[stdout] Rendered 2530/8755, time remaining: 17m 3s
[stdout] Rendered 2531/8755, time remaining: 17m 3s
[stdout] Rendered 2532/8755, time remaining: 17m 2s
[stdout] Rendered 2533/8755, time remaining: 17m 2s
[stdout] Rendered 2534/8755, time remaining: 17m 2s
[stdout] Rendered 2535/8755, time remaining: 17m 2s
[stdout] Rendered 2536/8755, time remaining: 17m 2s
[stdout] Rendered 2537/8755, time remaining: 17m 1s
[stdout] Rendered 2538/8755, time remaining: 17m 1s
[stdout] Rendered 2539/8755, time remaining: 17m 1s
[stdout] Rendered 2540/8755, time remaining: 17m 1s
[stdout] Rendered 2541/8755, time remaining: 17m 1s
[stdout] Rendered 2542/8755, time remaining: 17m 0s
[stdout] Rendered 2543/8755, time remaining: 17m 0s
[stdout] Rendered 2544/8755, time remaining: 17m 0s
[stdout] Rendered 2545/8755, time remaining: 17m 0s
[stdout] Rendered 2546/8755, time remaining: 17m 0s
[stdout] Rendered 2547/8755, time remaining: 16m 59s
[stdout] Rendered 2547/8755, time remaining: 16m 59s
[stdout] Rendered 2548/8755, time remaining: 16m 59s
[stdout] Rendered 2549/8755, time remaining: 16m 59s
[stdout] Rendered 2550/8755, time remaining: 16m 59s
[stdout] Rendered 2551/8755, time remaining: 16m 59s
[stdout] Rendered 2552/8755, time remaining: 16m 59s
[stdout] Rendered 2553/8755, time remaining: 16m 59s
[stdout] Rendered 2554/8755, time remaining: 16m 58s
[stdout] Rendered 2555/8755, time remaining: 16m 58s
[stdout] Rendered 2556/8755, time remaining: 16m 58s
[stdout] Rendered 2557/8755, time remaining: 16m 58s
[stdout] Rendered 2558/8755, time remaining: 16m 58s
[stdout] Rendered 2559/8755, time remaining: 16m 57s
[stdout] Rendered 2560/8755, time remaining: 16m 57s
[stdout] Rendered 2561/8755, time remaining: 16m 57s
[stdout] Rendered 2562/8755, time remaining: 16m 57s
[stdout] Rendered 2563/8755, time remaining: 16m 57s
[stdout] Rendered 2564/8755, time remaining: 16m 56s
[stdout] Rendered 2565/8755, time remaining: 16m 56s
[stdout] Rendered 2566/8755, time remaining: 16m 56s
[stdout] Rendered 2566/8755, time remaining: 16m 56s
[stdout] Rendered 2567/8755, time remaining: 16m 56s
[stdout] Rendered 2568/8755, time remaining: 16m 56s
[stdout] Rendered 2569/8755, time remaining: 16m 56s
[stdout] Rendered 2570/8755, time remaining: 16m 55s
[stdout] Rendered 2571/8755, time remaining: 16m 55s
[stdout] Rendered 2572/8755, time remaining: 16m 55s
[stdout] Rendered 2573/8755, time remaining: 16m 55s
[stdout] Rendered 2574/8755, time remaining: 16m 55s
[stdout] Rendered 2575/8755, time remaining: 16m 54s
[stdout] Rendered 2576/8755, time remaining: 16m 54s
[stdout] Rendered 2577/8755, time remaining: 16m 54s
[stdout] Rendered 2578/8755, time remaining: 16m 54s
[stdout] Rendered 2579/8755, time remaining: 16m 54s
[stdout] Rendered 2580/8755, time remaining: 16m 54s
[stdout] Rendered 2581/8755, time remaining: 16m 54s
[stdout] Rendered 2582/8755, time remaining: 16m 54s
[stdout] Rendered 2583/8755, time remaining: 16m 54s
[stdout] Rendered 2584/8755, time remaining: 16m 53s
[stdout] Rendered 2584/8755, time remaining: 16m 53s
[stdout] Rendered 2585/8755, time remaining: 16m 53s
[stdout] Rendered 2586/8755, time remaining: 16m 53s
[stdout] Rendered 2587/8755, time remaining: 16m 53s
[stdout] Rendered 2588/8755, time remaining: 16m 53s
[stdout] Rendered 2589/8755, time remaining: 16m 52s
[stdout] Rendered 2590/8755, time remaining: 16m 52s
[stdout] Rendered 2591/8755, time remaining: 16m 52s
[stdout] Rendered 2592/8755, time remaining: 16m 52s
[stdout] Rendered 2593/8755, time remaining: 16m 52s
[stdout] Rendered 2594/8755, time remaining: 16m 52s
[stdout] Rendered 2595/8755, time remaining: 16m 51s
[stdout] Rendered 2596/8755, time remaining: 16m 51s
[stdout] Rendered 2597/8755, time remaining: 16m 51s
[stdout] Rendered 2598/8755, time remaining: 16m 51s
[stdout] Rendered 2599/8755, time remaining: 16m 51s
[stdout] Rendered 2600/8755, time remaining: 16m 51s
[stdout] Rendered 2601/8755, time remaining: 16m 50s
[stdout] Rendered 2602/8755, time remaining: 16m 50s
[stdout] Rendered 2603/8755, time remaining: 16m 50s
[stdout] Rendered 2603/8755, time remaining: 16m 50s
[stdout] Rendered 2604/8755, time remaining: 16m 50s
[stdout] Rendered 2605/8755, time remaining: 16m 50s
[stdout] Rendered 2606/8755, time remaining: 16m 49s
[stdout] Rendered 2607/8755, time remaining: 16m 49s
[stdout] Rendered 2608/8755, time remaining: 16m 49s
[stdout] Rendered 2609/8755, time remaining: 16m 49s
[stdout] Rendered 2610/8755, time remaining: 16m 49s
[stdout] Rendered 2611/8755, time remaining: 16m 49s
[stdout] Rendered 2612/8755, time remaining: 16m 48s
[stdout] Rendered 2613/8755, time remaining: 16m 48s
[stdout] Rendered 2614/8755, time remaining: 16m 48s
[stdout] Rendered 2615/8755, time remaining: 16m 48s
[stdout] Rendered 2616/8755, time remaining: 16m 48s
[stdout] Rendered 2617/8755, time remaining: 16m 48s
[stdout] Rendered 2618/8755, time remaining: 16m 47s
[stdout] Rendered 2619/8755, time remaining: 16m 47s
[stdout] Rendered 2620/8755, time remaining: 16m 47s
[stdout] Rendered 2621/8755, time remaining: 16m 47s
[stdout] Rendered 2622/8755, time remaining: 16m 47s
[stdout] Rendered 2622/8755, time remaining: 16m 47s
[stdout] Rendered 2623/8755, time remaining: 16m 47s
[stdout] Rendered 2624/8755, time remaining: 16m 47s
[stdout] Rendered 2625/8755, time remaining: 16m 46s
[stdout] Rendered 2626/8755, time remaining: 16m 46s
[stdout] Rendered 2627/8755, time remaining: 16m 46s
[stdout] Rendered 2628/8755, time remaining: 16m 46s
[stdout] Rendered 2629/8755, time remaining: 16m 46s
[stdout] Rendered 2630/8755, time remaining: 16m 46s
[stdout] Rendered 2631/8755, time remaining: 16m 46s
[stdout] Rendered 2632/8755, time remaining: 16m 45s
[stdout] Rendered 2633/8755, time remaining: 16m 45s
[stdout] Rendered 2634/8755, time remaining: 16m 45s
[stdout] Rendered 2635/8755, time remaining: 16m 45s
[stdout] Rendered 2636/8755, time remaining: 16m 45s
[stdout] Rendered 2637/8755, time remaining: 16m 44s
[stdout] Rendered 2638/8755, time remaining: 16m 44s
[stdout] Rendered 2639/8755, time remaining: 16m 44s
[stdout] Rendered 2640/8755, time remaining: 16m 44s
[stdout] Rendered 2640/8755, time remaining: 16m 44s
[stdout] Rendered 2641/8755, time remaining: 16m 44s
[stdout] Rendered 2642/8755, time remaining: 16m 44s
[stdout] Rendered 2643/8755, time remaining: 16m 43s
[stdout] Rendered 2644/8755, time remaining: 16m 43s
[stdout] Rendered 2645/8755, time remaining: 16m 43s
[stdout] Rendered 2646/8755, time remaining: 16m 43s
[stdout] Rendered 2647/8755, time remaining: 16m 43s
[stdout] Rendered 2648/8755, time remaining: 16m 43s
[stdout] Rendered 2649/8755, time remaining: 16m 43s
[stdout] Rendered 2650/8755, time remaining: 16m 42s
[stdout] Rendered 2651/8755, time remaining: 16m 42s
[stdout] Rendered 2652/8755, time remaining: 16m 42s
[stdout] Rendered 2653/8755, time remaining: 16m 42s
[stdout] Rendered 2654/8755, time remaining: 16m 42s
[stdout] Rendered 2655/8755, time remaining: 16m 42s
[stdout] Rendered 2656/8755, time remaining: 16m 41s
[stdout] Rendered 2657/8755, time remaining: 16m 41s
[stdout] Rendered 2658/8755, time remaining: 16m 41s
[stdout] Rendered 2658/8755, time remaining: 16m 41s
[stdout] Rendered 2659/8755, time remaining: 16m 41s
[stdout] Rendered 2660/8755, time remaining: 16m 41s
[stdout] Rendered 2661/8755, time remaining: 16m 41s
[stdout] Rendered 2662/8755, time remaining: 16m 41s
[stdout] Rendered 2663/8755, time remaining: 16m 40s
[stdout] Rendered 2664/8755, time remaining: 16m 40s
[stdout] Rendered 2665/8755, time remaining: 16m 40s
[stdout] Rendered 2666/8755, time remaining: 16m 40s
[stdout] Rendered 2667/8755, time remaining: 16m 40s
[stdout] Rendered 2668/8755, time remaining: 16m 40s
[stdout] Rendered 2669/8755, time remaining: 16m 40s
[stdout] Rendered 2670/8755, time remaining: 16m 39s
[stdout] Rendered 2671/8755, time remaining: 16m 39s
[stdout] Rendered 2672/8755, time remaining: 16m 39s
[stdout] Rendered 2673/8755, time remaining: 16m 39s
[stdout] Rendered 2674/8755, time remaining: 16m 39s
[stdout] Rendered 2674/8755, time remaining: 16m 39s
[stdout] Rendered 2675/8755, time remaining: 16m 39s
[stdout] Rendered 2676/8755, time remaining: 16m 39s
[stdout] Rendered 2677/8755, time remaining: 16m 39s
[stdout] Rendered 2678/8755, time remaining: 16m 38s
[stdout] Rendered 2679/8755, time remaining: 16m 38s
[stdout] Rendered 2680/8755, time remaining: 16m 38s
[stdout] Rendered 2681/8755, time remaining: 16m 38s
[stdout] Rendered 2682/8755, time remaining: 16m 38s
[stdout] Rendered 2683/8755, time remaining: 16m 38s
[stdout] Rendered 2684/8755, time remaining: 16m 37s
[stdout] Rendered 2685/8755, time remaining: 16m 37s
[stdout] Rendered 2686/8755, time remaining: 16m 37s
[stdout] Rendered 2687/8755, time remaining: 16m 37s
[stdout] Rendered 2688/8755, time remaining: 16m 37s
[stdout] Rendered 2689/8755, time remaining: 16m 37s
[stdout] Rendered 2690/8755, time remaining: 16m 37s
[stdout] Rendered 2691/8755, time remaining: 16m 36s
[stdout] Rendered 2692/8755, time remaining: 16m 36s
[stdout] Rendered 2693/8755, time remaining: 16m 36s
[stdout] Rendered 2693/8755, time remaining: 16m 36s
[stdout] Rendered 2694/8755, time remaining: 16m 36s
[stdout] Rendered 2695/8755, time remaining: 16m 36s
[stdout] Rendered 2696/8755, time remaining: 16m 36s
[stdout] Rendered 2697/8755, time remaining: 16m 36s
[stdout] Rendered 2698/8755, time remaining: 16m 35s
[stdout] Rendered 2699/8755, time remaining: 16m 35s
[stdout] Rendered 2700/8755, time remaining: 16m 35s
[stdout] Rendered 2701/8755, time remaining: 16m 35s
[stdout] Rendered 2702/8755, time remaining: 16m 35s
[stdout] Rendered 2703/8755, time remaining: 16m 35s
[stdout] Rendered 2704/8755, time remaining: 16m 34s
[stdout] Rendered 2705/8755, time remaining: 16m 34s
[stdout] Rendered 2706/8755, time remaining: 16m 34s
[stdout] Rendered 2707/8755, time remaining: 16m 34s
[stdout] Rendered 2708/8755, time remaining: 16m 34s
[stdout] Rendered 2709/8755, time remaining: 16m 34s
[stdout] Rendered 2710/8755, time remaining: 16m 33s
[stdout] Rendered 2711/8755, time remaining: 16m 33s
[stdout] Rendered 2711/8755, time remaining: 16m 33s
[stdout] Rendered 2712/8755, time remaining: 16m 33s
[stdout] Rendered 2713/8755, time remaining: 16m 33s
[stdout] Rendered 2714/8755, time remaining: 16m 33s
[stdout] Rendered 2715/8755, time remaining: 16m 32s
[stdout] Rendered 2716/8755, time remaining: 16m 32s
[stdout] Rendered 2717/8755, time remaining: 16m 32s
[stdout] Rendered 2718/8755, time remaining: 16m 32s
[stdout] Rendered 2719/8755, time remaining: 16m 32s
[stdout] Rendered 2720/8755, time remaining: 16m 32s
[stdout] Rendered 2721/8755, time remaining: 16m 32s
[stdout] Rendered 2722/8755, time remaining: 16m 31s
[stdout] Rendered 2723/8755, time remaining: 16m 31s
[stdout] Rendered 2724/8755, time remaining: 16m 31s
[stdout] Rendered 2725/8755, time remaining: 16m 31s
[stdout] Rendered 2726/8755, time remaining: 16m 31s
[stdout] Rendered 2727/8755, time remaining: 16m 31s
[stdout] Rendered 2728/8755, time remaining: 16m 30s
[stdout] Rendered 2729/8755, time remaining: 16m 30s
[stdout] Rendered 2729/8755, time remaining: 16m 30s
[stdout] Rendered 2730/8755, time remaining: 16m 30s
[stdout] Rendered 2731/8755, time remaining: 16m 30s
[stdout] Rendered 2732/8755, time remaining: 16m 30s
[stdout] Rendered 2733/8755, time remaining: 16m 30s
[stdout] Rendered 2734/8755, time remaining: 16m 30s
[stdout] Rendered 2735/8755, time remaining: 16m 29s
[stdout] Rendered 2736/8755, time remaining: 16m 29s
[stdout] Rendered 2737/8755, time remaining: 16m 29s
[stdout] Rendered 2738/8755, time remaining: 16m 29s
[stdout] Rendered 2739/8755, time remaining: 16m 29s
[stdout] Rendered 2740/8755, time remaining: 16m 29s
[stdout] Rendered 2741/8755, time remaining: 16m 28s
[stdout] Rendered 2742/8755, time remaining: 16m 28s
[stdout] Rendered 2743/8755, time remaining: 16m 28s
[stdout] Rendered 2744/8755, time remaining: 16m 28s
[stdout] Rendered 2745/8755, time remaining: 16m 28s
[stdout] Rendered 2746/8755, time remaining: 16m 28s
[stdout] Rendered 2746/8755, time remaining: 16m 28s
[stdout] Rendered 2747/8755, time remaining: 16m 28s
[stdout] Rendered 2748/8755, time remaining: 16m 28s
[stdout] Rendered 2749/8755, time remaining: 16m 28s
[stdout] Rendered 2750/8755, time remaining: 16m 28s
[stdout] Rendered 2751/8755, time remaining: 16m 28s
[stdout] Rendered 2752/8755, time remaining: 16m 27s
[stdout] Rendered 2753/8755, time remaining: 16m 27s
[stdout] Rendered 2754/8755, time remaining: 16m 27s
[stdout] Rendered 2755/8755, time remaining: 16m 27s
[stdout] Rendered 2756/8755, time remaining: 16m 27s
[stdout] Rendered 2757/8755, time remaining: 16m 26s
[stdout] Rendered 2758/8755, time remaining: 16m 26s
[stdout] Rendered 2759/8755, time remaining: 16m 26s
[stdout] Rendered 2760/8755, time remaining: 16m 26s
[stdout] Rendered 2761/8755, time remaining: 16m 26s
[stdout] Rendered 2762/8755, time remaining: 16m 26s
[stdout] Rendered 2763/8755, time remaining: 16m 25s
[stdout] Rendered 2763/8755, time remaining: 16m 25s
[stdout] Rendered 2764/8755, time remaining: 16m 25s
[stdout] Rendered 2765/8755, time remaining: 16m 25s
[stdout] Rendered 2766/8755, time remaining: 16m 25s
[stdout] Rendered 2767/8755, time remaining: 16m 25s
[stdout] Rendered 2768/8755, time remaining: 16m 25s
[stdout] Rendered 2769/8755, time remaining: 16m 24s
[stdout] Rendered 2770/8755, time remaining: 16m 24s
[stdout] Rendered 2771/8755, time remaining: 16m 24s
[stdout] Rendered 2772/8755, time remaining: 16m 24s
[stdout] Rendered 2773/8755, time remaining: 16m 24s
[stdout] Rendered 2774/8755, time remaining: 16m 24s
[stdout] Rendered 2775/8755, time remaining: 16m 23s
[stdout] Rendered 2776/8755, time remaining: 16m 23s
[stdout] Rendered 2777/8755, time remaining: 16m 23s
[stdout] Rendered 2778/8755, time remaining: 16m 23s
[stdout] Rendered 2779/8755, time remaining: 16m 23s
[stdout] Rendered 2780/8755, time remaining: 16m 23s
[stdout] Rendered 2781/8755, time remaining: 16m 23s
[stdout] Rendered 2782/8755, time remaining: 16m 22s
[stdout] Rendered 2782/8755, time remaining: 16m 22s
[stdout] Rendered 2783/8755, time remaining: 16m 22s
[stdout] Rendered 2784/8755, time remaining: 16m 22s
[stdout] Rendered 2785/8755, time remaining: 16m 22s
[stdout] Rendered 2786/8755, time remaining: 16m 22s
[stdout] Rendered 2787/8755, time remaining: 16m 22s
[stdout] Rendered 2788/8755, time remaining: 16m 21s
[stdout] Rendered 2789/8755, time remaining: 16m 21s
[stdout] Rendered 2790/8755, time remaining: 16m 21s
[stdout] Rendered 2791/8755, time remaining: 16m 21s
[stdout] Rendered 2792/8755, time remaining: 16m 21s
[stdout] Rendered 2793/8755, time remaining: 16m 21s
[stdout] Rendered 2794/8755, time remaining: 16m 21s
[stdout] Rendered 2795/8755, time remaining: 16m 21s
[stdout] Rendered 2796/8755, time remaining: 16m 20s
[stdout] Rendered 2797/8755, time remaining: 16m 20s
[stdout] Rendered 2798/8755, time remaining: 16m 20s
[stdout] Rendered 2799/8755, time remaining: 16m 20s
[stdout] Rendered 2799/8755, time remaining: 16m 20s
[stdout] Rendered 2800/8755, time remaining: 16m 20s
[stdout] Rendered 2801/8755, time remaining: 16m 20s
[stdout] Rendered 2802/8755, time remaining: 16m 19s
[stdout] Rendered 2803/8755, time remaining: 16m 19s
[stdout] Rendered 2804/8755, time remaining: 16m 19s
[stdout] Rendered 2805/8755, time remaining: 16m 19s
[stdout] Rendered 2806/8755, time remaining: 16m 19s
[stdout] Rendered 2807/8755, time remaining: 16m 19s
[stdout] Rendered 2808/8755, time remaining: 16m 18s
[stdout] Rendered 2809/8755, time remaining: 16m 18s
[stdout] Rendered 2810/8755, time remaining: 16m 18s
[stdout] Rendered 2811/8755, time remaining: 16m 18s
[stdout] Rendered 2812/8755, time remaining: 16m 18s
[stdout] Rendered 2813/8755, time remaining: 16m 18s
[stdout] Rendered 2814/8755, time remaining: 16m 17s
[stdout] Rendered 2815/8755, time remaining: 16m 17s
[stdout] Rendered 2816/8755, time remaining: 16m 17s
[stdout] Rendered 2817/8755, time remaining: 16m 17s
[stdout] Rendered 2818/8755, time remaining: 16m 17s
[stdout] Rendered 2819/8755, time remaining: 16m 16s
[stdout] Rendered 2819/8755, time remaining: 16m 16s
[stdout] Rendered 2820/8755, time remaining: 16m 16s
[stdout] Rendered 2821/8755, time remaining: 16m 16s
[stdout] Rendered 2822/8755, time remaining: 16m 16s
[stdout] Rendered 2823/8755, time remaining: 16m 16s
[stdout] Rendered 2824/8755, time remaining: 16m 16s
[stdout] Rendered 2825/8755, time remaining: 16m 15s
[stdout] Rendered 2826/8755, time remaining: 16m 15s
[stdout] Rendered 2827/8755, time remaining: 16m 15s
[stdout] Rendered 2828/8755, time remaining: 16m 15s
[stdout] Rendered 2829/8755, time remaining: 16m 15s
[stdout] Rendered 2830/8755, time remaining: 16m 14s
[stdout] Rendered 2831/8755, time remaining: 16m 14s
[stdout] Rendered 2832/8755, time remaining: 16m 14s
[stdout] Rendered 2833/8755, time remaining: 16m 14s
[stdout] Rendered 2834/8755, time remaining: 16m 14s
[stdout] Rendered 2835/8755, time remaining: 16m 14s
[stdout] Rendered 2836/8755, time remaining: 16m 13s
[stdout] Rendered 2837/8755, time remaining: 16m 13s
[stdout] Rendered 2838/8755, time remaining: 16m 13s
[stdout] Rendered 2838/8755, time remaining: 16m 13s
[stdout] Rendered 2839/8755, time remaining: 16m 13s
[stdout] Rendered 2840/8755, time remaining: 16m 13s
[stdout] Rendered 2841/8755, time remaining: 16m 12s
[stdout] Rendered 2842/8755, time remaining: 16m 12s
[stdout] Rendered 2843/8755, time remaining: 16m 12s
[stdout] Rendered 2844/8755, time remaining: 16m 12s
[stdout] Rendered 2845/8755, time remaining: 16m 12s
[stdout] Rendered 2846/8755, time remaining: 16m 12s
[stdout] Rendered 2847/8755, time remaining: 16m 12s
[stdout] Rendered 2848/8755, time remaining: 16m 11s
[stdout] Rendered 2849/8755, time remaining: 16m 11s
[stdout] Rendered 2850/8755, time remaining: 16m 11s
[stdout] Rendered 2851/8755, time remaining: 16m 11s
[stdout] Rendered 2852/8755, time remaining: 16m 11s
[stdout] Rendered 2853/8755, time remaining: 16m 10s
[stdout] Rendered 2854/8755, time remaining: 16m 10s
[stdout] Rendered 2855/8755, time remaining: 16m 10s
[stdout] Rendered 2856/8755, time remaining: 16m 10s
[stdout] Rendered 2857/8755, time remaining: 16m 10s
[stdout] Rendered 2857/8755, time remaining: 16m 10s
[stdout] Rendered 2858/8755, time remaining: 16m 10s
[stdout] Rendered 2859/8755, time remaining: 16m 9s
[stdout] Rendered 2860/8755, time remaining: 16m 9s
[stdout] Rendered 2861/8755, time remaining: 16m 9s
[stdout] Rendered 2862/8755, time remaining: 16m 9s
[stdout] Rendered 2863/8755, time remaining: 16m 9s
[stdout] Rendered 2864/8755, time remaining: 16m 9s
[stdout] Rendered 2865/8755, time remaining: 16m 8s
[stdout] Rendered 2866/8755, time remaining: 16m 8s
[stdout] Rendered 2867/8755, time remaining: 16m 8s
[stdout] Rendered 2868/8755, time remaining: 16m 8s
[stdout] Rendered 2869/8755, time remaining: 16m 8s
[stdout] Rendered 2870/8755, time remaining: 16m 7s
[stdout] Rendered 2871/8755, time remaining: 16m 7s
[stdout] Rendered 2872/8755, time remaining: 16m 7s
[stdout] Rendered 2873/8755, time remaining: 16m 7s
[stdout] Rendered 2874/8755, time remaining: 16m 7s
[stdout] Rendered 2875/8755, time remaining: 16m 7s
[stdout] Rendered 2875/8755, time remaining: 16m 7s
[stdout] Rendered 2876/8755, time remaining: 16m 6s
[stdout] Rendered 2877/8755, time remaining: 16m 6s
[stdout] Rendered 2878/8755, time remaining: 16m 6s
[stdout] Rendered 2879/8755, time remaining: 16m 6s
[stdout] Rendered 2880/8755, time remaining: 16m 6s
[stdout] Rendered 2881/8755, time remaining: 16m 6s
[stdout] Rendered 2882/8755, time remaining: 16m 5s
[stdout] Rendered 2883/8755, time remaining: 16m 5s
[stdout] Rendered 2884/8755, time remaining: 16m 5s
[stdout] Rendered 2885/8755, time remaining: 16m 5s
[stdout] Rendered 2886/8755, time remaining: 16m 5s
[stdout] Rendered 2887/8755, time remaining: 16m 5s
[stdout] Rendered 2888/8755, time remaining: 16m 5s
[stdout] Rendered 2889/8755, time remaining: 16m 4s
[stdout] Rendered 2890/8755, time remaining: 16m 4s
[stdout] Rendered 2891/8755, time remaining: 16m 4s
[stdout] Rendered 2892/8755, time remaining: 16m 4s
[stdout] Rendered 2893/8755, time remaining: 16m 4s
[stdout] Rendered 2894/8755, time remaining: 16m 3s
[stdout] Rendered 2894/8755, time remaining: 16m 3s
[stdout] Rendered 2895/8755, time remaining: 16m 3s
[stdout] Rendered 2896/8755, time remaining: 16m 3s
[stdout] Rendered 2897/8755, time remaining: 16m 3s
[stdout] Rendered 2898/8755, time remaining: 16m 3s
[stdout] Rendered 2899/8755, time remaining: 16m 3s
[stdout] Rendered 2900/8755, time remaining: 16m 3s
[stdout] Rendered 2901/8755, time remaining: 16m 2s
[stdout] Rendered 2902/8755, time remaining: 16m 2s
[stdout] Rendered 2903/8755, time remaining: 16m 2s
[stdout] Rendered 2904/8755, time remaining: 16m 2s
[stdout] Rendered 2905/8755, time remaining: 16m 2s
[stdout] Rendered 2906/8755, time remaining: 16m 2s
[stdout] Rendered 2907/8755, time remaining: 16m 1s
[stdout] Rendered 2908/8755, time remaining: 16m 1s
[stdout] Rendered 2909/8755, time remaining: 16m 1s
[stdout] Rendered 2910/8755, time remaining: 16m 1s
[stdout] Rendered 2911/8755, time remaining: 16m 1s
[stdout] Rendered 2912/8755, time remaining: 16m 0s
[stdout] Rendered 2912/8755, time remaining: 16m 0s
[stdout] Rendered 2913/8755, time remaining: 16m 0s
[stdout] Rendered 2914/8755, time remaining: 16m 0s
[stdout] Rendered 2915/8755, time remaining: 16m 0s
[stdout] Rendered 2916/8755, time remaining: 16m 0s
[stdout] Rendered 2917/8755, time remaining: 16m 0s
[stdout] Rendered 2918/8755, time remaining: 15m 59s
[stdout] Rendered 2919/8755, time remaining: 15m 59s
[stdout] Rendered 2920/8755, time remaining: 15m 59s
[stdout] Rendered 2921/8755, time remaining: 15m 59s
[stdout] Rendered 2922/8755, time remaining: 15m 59s
[stdout] Rendered 2923/8755, time remaining: 15m 59s
[stdout] Rendered 2924/8755, time remaining: 15m 59s
[stdout] Rendered 2925/8755, time remaining: 15m 59s
[stdout] Rendered 2926/8755, time remaining: 15m 58s
[stdout] Rendered 2927/8755, time remaining: 15m 58s
[stdout] Rendered 2928/8755, time remaining: 15m 58s
[stdout] Rendered 2929/8755, time remaining: 15m 58s
[stdout] Rendered 2929/8755, time remaining: 15m 58s
[stdout] Rendered 2930/8755, time remaining: 15m 58s
[stdout] Rendered 2931/8755, time remaining: 15m 58s
[stdout] Rendered 2932/8755, time remaining: 15m 57s
[stdout] Rendered 2933/8755, time remaining: 15m 57s
[stdout] Rendered 2934/8755, time remaining: 15m 57s
[stdout] Rendered 2935/8755, time remaining: 15m 57s
[stdout] Rendered 2936/8755, time remaining: 15m 57s
[stdout] Rendered 2937/8755, time remaining: 15m 57s
[stdout] Rendered 2938/8755, time remaining: 15m 56s
[stdout] Rendered 2939/8755, time remaining: 15m 56s
[stdout] Rendered 2940/8755, time remaining: 15m 56s
[stdout] Rendered 2941/8755, time remaining: 15m 56s
[stdout] Rendered 2942/8755, time remaining: 15m 56s
[stdout] Rendered 2943/8755, time remaining: 15m 55s
[stdout] Rendered 2944/8755, time remaining: 15m 55s
[stdout] Rendered 2945/8755, time remaining: 15m 55s
[stdout] Rendered 2946/8755, time remaining: 15m 55s
[stdout] Rendered 2947/8755, time remaining: 15m 55s
[stdout] Rendered 2948/8755, time remaining: 15m 54s
[stdout] Rendered 2949/8755, time remaining: 15m 54s
[stdout] Rendered 2949/8755, time remaining: 15m 54s
[stdout] Rendered 2950/8755, time remaining: 15m 54s
[stdout] Rendered 2951/8755, time remaining: 15m 54s
[stdout] Rendered 2952/8755, time remaining: 15m 54s
[stdout] Rendered 2953/8755, time remaining: 15m 53s
[stdout] Rendered 2954/8755, time remaining: 15m 53s
[stdout] Rendered 2955/8755, time remaining: 15m 53s
[stdout] Rendered 2956/8755, time remaining: 15m 53s
[stdout] Rendered 2957/8755, time remaining: 15m 53s
[stdout] Rendered 2958/8755, time remaining: 15m 53s
[stdout] Rendered 2959/8755, time remaining: 15m 52s
[stdout] Rendered 2960/8755, time remaining: 15m 52s
[stdout] Rendered 2961/8755, time remaining: 15m 52s
[stdout] Rendered 2962/8755, time remaining: 15m 52s
[stdout] Rendered 2963/8755, time remaining: 15m 52s
[stdout] Rendered 2964/8755, time remaining: 15m 52s
[stdout] Rendered 2965/8755, time remaining: 15m 51s
[stdout] Rendered 2966/8755, time remaining: 15m 51s
[stdout] Rendered 2967/8755, time remaining: 15m 51s
[stdout] Rendered 2967/8755, time remaining: 15m 51s
[stdout] Rendered 2968/8755, time remaining: 15m 51s
[stdout] Rendered 2969/8755, time remaining: 15m 51s
[stdout] Rendered 2970/8755, time remaining: 15m 51s
[stdout] Rendered 2971/8755, time remaining: 15m 50s
[stdout] Rendered 2972/8755, time remaining: 15m 50s
[stdout] Rendered 2973/8755, time remaining: 15m 50s
[stdout] Rendered 2974/8755, time remaining: 15m 50s
[stdout] Rendered 2975/8755, time remaining: 15m 50s
[stdout] Rendered 2976/8755, time remaining: 15m 49s
[stdout] Rendered 2977/8755, time remaining: 15m 49s
[stdout] Rendered 2978/8755, time remaining: 15m 49s
[stdout] Rendered 2979/8755, time remaining: 15m 49s
[stdout] Rendered 2980/8755, time remaining: 15m 49s
[stdout] Rendered 2981/8755, time remaining: 15m 49s
[stdout] Rendered 2982/8755, time remaining: 15m 48s
[stdout] Rendered 2983/8755, time remaining: 15m 48s
[stdout] Rendered 2984/8755, time remaining: 15m 48s
[stdout] Rendered 2985/8755, time remaining: 15m 48s
[stdout] Rendered 2986/8755, time remaining: 15m 48s
[stdout] Rendered 2987/8755, time remaining: 15m 47s
[stdout] Rendered 2987/8755, time remaining: 15m 47s
[stdout] Rendered 2988/8755, time remaining: 15m 47s
[stdout] Rendered 2989/8755, time remaining: 15m 47s
[stdout] Rendered 2990/8755, time remaining: 15m 47s
[stdout] Rendered 2991/8755, time remaining: 15m 47s
[stdout] Rendered 2992/8755, time remaining: 15m 46s
[stdout] Rendered 2993/8755, time remaining: 15m 46s
[stdout] Rendered 2994/8755, time remaining: 15m 46s
[stdout] Rendered 2995/8755, time remaining: 15m 46s
[stdout] Rendered 2996/8755, time remaining: 15m 46s
[stdout] Rendered 2997/8755, time remaining: 15m 46s
[stdout] Rendered 2998/8755, time remaining: 15m 45s
[stdout] Rendered 2999/8755, time remaining: 15m 45s
[stdout] Rendered 3000/8755, time remaining: 15m 45s
[stdout] Rendered 3001/8755, time remaining: 15m 45s
[stdout] Rendered 3002/8755, time remaining: 15m 45s
[stdout] Rendered 3003/8755, time remaining: 15m 44s
[stdout] Rendered 3004/8755, time remaining: 15m 44s
[stdout] Rendered 3005/8755, time remaining: 15m 44s
[stdout] Rendered 3006/8755, time remaining: 15m 44s
[stdout] Rendered 3007/8755, time remaining: 15m 43s
[stdout] Rendered 3008/8755, time remaining: 15m 43s
[stdout] Rendered 3008/8755, time remaining: 15m 43s
[stdout] Rendered 3009/8755, time remaining: 15m 43s
[stdout] Rendered 3010/8755, time remaining: 15m 43s
[stdout] Rendered 3011/8755, time remaining: 15m 43s
[stdout] Rendered 3012/8755, time remaining: 15m 43s
[stdout] Rendered 3013/8755, time remaining: 15m 42s
[stdout] Rendered 3014/8755, time remaining: 15m 42s
[stdout] Rendered 3015/8755, time remaining: 15m 42s
[stdout] Rendered 3016/8755, time remaining: 15m 42s
[stdout] Rendered 3017/8755, time remaining: 15m 42s
[stdout] Rendered 3018/8755, time remaining: 15m 41s
[stdout] Rendered 3019/8755, time remaining: 15m 41s
[stdout] Rendered 3020/8755, time remaining: 15m 41s
[stdout] Rendered 3021/8755, time remaining: 15m 41s
[stdout] Rendered 3022/8755, time remaining: 15m 41s
[stdout] Rendered 3023/8755, time remaining: 15m 41s
[stdout] Rendered 3024/8755, time remaining: 15m 40s
[stdout] Rendered 3025/8755, time remaining: 15m 40s
[stdout] Rendered 3026/8755, time remaining: 15m 40s
[stdout] Rendered 3027/8755, time remaining: 15m 40s
[stdout] Rendered 3027/8755, time remaining: 15m 40s
[stdout] Rendered 3028/8755, time remaining: 15m 40s
[stdout] Rendered 3029/8755, time remaining: 15m 39s
[stdout] Rendered 3030/8755, time remaining: 15m 39s
[stdout] Rendered 3031/8755, time remaining: 15m 39s
[stdout] Rendered 3032/8755, time remaining: 15m 39s
[stdout] Rendered 3033/8755, time remaining: 15m 39s
[stdout] Rendered 3034/8755, time remaining: 15m 39s
[stdout] Rendered 3035/8755, time remaining: 15m 39s
[stdout] Rendered 3036/8755, time remaining: 15m 39s
[stdout] Rendered 3037/8755, time remaining: 15m 39s
[stdout] Rendered 3038/8755, time remaining: 15m 39s
[stdout] Rendered 3039/8755, time remaining: 15m 39s
[stdout] Rendered 3040/8755, time remaining: 15m 38s
[stdout] Rendered 3041/8755, time remaining: 15m 38s
[stdout] Rendered 3042/8755, time remaining: 15m 38s
[stdout] Rendered 3043/8755, time remaining: 15m 38s
[stdout] Rendered 3044/8755, time remaining: 15m 38s
[stdout] Rendered 3044/8755, time remaining: 15m 38s
[stdout] Rendered 3045/8755, time remaining: 15m 38s
[stdout] Rendered 3046/8755, time remaining: 15m 37s
[stdout] Rendered 3047/8755, time remaining: 15m 37s
[stdout] Rendered 3048/8755, time remaining: 15m 37s
[stdout] Rendered 3049/8755, time remaining: 15m 37s
[stdout] Rendered 3050/8755, time remaining: 15m 37s
[stdout] Rendered 3051/8755, time remaining: 15m 36s
[stdout] Rendered 3052/8755, time remaining: 15m 36s
[stdout] Rendered 3053/8755, time remaining: 15m 36s
[stdout] Rendered 3054/8755, time remaining: 15m 36s
[stdout] Rendered 3055/8755, time remaining: 15m 36s
[stdout] Rendered 3056/8755, time remaining: 15m 36s
[stdout] Rendered 3057/8755, time remaining: 15m 35s
[stdout] Rendered 3058/8755, time remaining: 15m 35s
[stdout] Rendered 3059/8755, time remaining: 15m 35s
[stdout] Rendered 3060/8755, time remaining: 15m 35s
[stdout] Rendered 3061/8755, time remaining: 15m 35s
[stdout] Rendered 3062/8755, time remaining: 15m 35s
[stdout] Rendered 3063/8755, time remaining: 15m 34s
[stdout] Rendered 3063/8755, time remaining: 15m 34s
[stdout] Rendered 3064/8755, time remaining: 15m 34s
[stdout] Rendered 3065/8755, time remaining: 15m 34s
[stdout] Rendered 3066/8755, time remaining: 15m 34s
[stdout] Rendered 3067/8755, time remaining: 15m 34s
[stdout] Rendered 3068/8755, time remaining: 15m 34s
[stdout] Rendered 3069/8755, time remaining: 15m 34s
[stdout] Rendered 3070/8755, time remaining: 15m 33s
[stdout] Rendered 3071/8755, time remaining: 15m 33s
[stdout] Rendered 3072/8755, time remaining: 15m 33s
[stdout] Rendered 3073/8755, time remaining: 15m 33s
[stdout] Rendered 3074/8755, time remaining: 15m 33s
[stdout] Rendered 3075/8755, time remaining: 15m 33s
[stdout] Rendered 3076/8755, time remaining: 15m 32s
[stdout] Rendered 3077/8755, time remaining: 15m 32s
[stdout] Rendered 3078/8755, time remaining: 15m 32s
[stdout] Rendered 3079/8755, time remaining: 15m 32s
[stdout] Rendered 3080/8755, time remaining: 15m 32s
[stdout] Rendered 3081/8755, time remaining: 15m 32s
[stdout] Rendered 3081/8755, time remaining: 15m 32s
[stdout] Rendered 3082/8755, time remaining: 15m 32s
[stdout] Rendered 3083/8755, time remaining: 15m 31s
[stdout] Rendered 3084/8755, time remaining: 15m 31s
[stdout] Rendered 3085/8755, time remaining: 15m 31s
[stdout] Rendered 3086/8755, time remaining: 15m 31s
[stdout] Rendered 3087/8755, time remaining: 15m 31s
[stdout] Rendered 3088/8755, time remaining: 15m 31s
[stdout] Rendered 3089/8755, time remaining: 15m 30s
[stdout] Rendered 3090/8755, time remaining: 15m 30s
[stdout] Rendered 3091/8755, time remaining: 15m 30s
[stdout] Rendered 3092/8755, time remaining: 15m 30s
[stdout] Rendered 3093/8755, time remaining: 15m 30s
[stdout] Rendered 3094/8755, time remaining: 15m 30s
[stdout] Rendered 3095/8755, time remaining: 15m 29s
[stdout] Rendered 3096/8755, time remaining: 15m 29s
[stdout] Rendered 3097/8755, time remaining: 15m 29s
[stdout] Rendered 3098/8755, time remaining: 15m 29s
[stdout] Rendered 3099/8755, time remaining: 15m 29s
[stdout] Rendered 3099/8755, time remaining: 15m 29s
[stdout] Rendered 3100/8755, time remaining: 15m 28s
[stdout] Rendered 3101/8755, time remaining: 15m 28s
[stdout] Rendered 3102/8755, time remaining: 15m 28s
[stdout] Rendered 3103/8755, time remaining: 15m 28s
[stdout] Rendered 3104/8755, time remaining: 15m 28s
[stdout] Rendered 3105/8755, time remaining: 15m 28s
[stdout] Rendered 3106/8755, time remaining: 15m 27s
[stdout] Rendered 3107/8755, time remaining: 15m 27s
[stdout] Rendered 3108/8755, time remaining: 15m 27s
[stdout] Rendered 3109/8755, time remaining: 15m 27s
[stdout] Rendered 3110/8755, time remaining: 15m 27s
[stdout] Rendered 3111/8755, time remaining: 15m 27s
[stdout] Rendered 3112/8755, time remaining: 15m 27s
[stdout] Rendered 3113/8755, time remaining: 15m 26s
[stdout] Rendered 3114/8755, time remaining: 15m 26s
[stdout] Rendered 3115/8755, time remaining: 15m 26s
[stdout] Rendered 3116/8755, time remaining: 15m 26s
[stdout] Rendered 3116/8755, time remaining: 15m 26s
[stdout] Rendered 3117/8755, time remaining: 15m 26s
[stdout] Rendered 3118/8755, time remaining: 15m 26s
[stdout] Rendered 3119/8755, time remaining: 15m 25s
[stdout] Rendered 3120/8755, time remaining: 15m 25s
[stdout] Rendered 3121/8755, time remaining: 15m 25s
[stdout] Rendered 3122/8755, time remaining: 15m 25s
[stdout] Rendered 3123/8755, time remaining: 15m 25s
[stdout] Rendered 3124/8755, time remaining: 15m 25s
[stdout] Rendered 3125/8755, time remaining: 15m 25s
[stdout] Rendered 3126/8755, time remaining: 15m 24s
[stdout] Rendered 3127/8755, time remaining: 15m 24s
[stdout] Rendered 3128/8755, time remaining: 15m 24s
[stdout] Rendered 3129/8755, time remaining: 15m 24s
[stdout] Rendered 3130/8755, time remaining: 15m 24s
[stdout] Rendered 3131/8755, time remaining: 15m 23s
[stdout] Rendered 3132/8755, time remaining: 15m 23s
[stdout] Rendered 3133/8755, time remaining: 15m 23s
[stdout] Rendered 3134/8755, time remaining: 15m 23s
[stdout] Rendered 3135/8755, time remaining: 15m 23s
[stdout] Rendered 3136/8755, time remaining: 15m 23s
[stdout] Rendered 3136/8755, time remaining: 15m 23s
[stdout] Rendered 3137/8755, time remaining: 15m 22s
[stdout] Rendered 3138/8755, time remaining: 15m 22s
[stdout] Rendered 3139/8755, time remaining: 15m 22s
[stdout] Rendered 3140/8755, time remaining: 15m 22s
[stdout] Rendered 3141/8755, time remaining: 15m 22s
[stdout] Rendered 3142/8755, time remaining: 15m 21s
[stdout] Rendered 3143/8755, time remaining: 15m 21s
[stdout] Rendered 3144/8755, time remaining: 15m 21s
[stdout] Rendered 3145/8755, time remaining: 15m 21s
[stdout] Rendered 3146/8755, time remaining: 15m 21s
[stdout] Rendered 3147/8755, time remaining: 15m 21s
[stdout] Rendered 3148/8755, time remaining: 15m 20s
[stdout] Rendered 3149/8755, time remaining: 15m 20s
[stdout] Rendered 3150/8755, time remaining: 15m 20s
[stdout] Rendered 3151/8755, time remaining: 15m 20s
[stdout] Rendered 3152/8755, time remaining: 15m 20s
[stdout] Rendered 3153/8755, time remaining: 15m 20s
[stdout] Rendered 3154/8755, time remaining: 15m 19s
[stdout] Rendered 3155/8755, time remaining: 15m 19s
[stdout] Rendered 3155/8755, time remaining: 15m 19s
[stdout] Rendered 3156/8755, time remaining: 15m 19s
[stdout] Rendered 3157/8755, time remaining: 15m 19s
[stdout] Rendered 3158/8755, time remaining: 15m 19s
[stdout] Rendered 3159/8755, time remaining: 15m 19s
[stdout] Rendered 3160/8755, time remaining: 15m 18s
[stdout] Rendered 3161/8755, time remaining: 15m 18s
[stdout] Rendered 3162/8755, time remaining: 15m 18s
[stdout] Rendered 3163/8755, time remaining: 15m 18s
[stdout] Rendered 3164/8755, time remaining: 15m 18s
[stdout] Rendered 3165/8755, time remaining: 15m 18s
[stdout] Rendered 3166/8755, time remaining: 15m 17s
[stdout] Rendered 3167/8755, time remaining: 15m 17s
[stdout] Rendered 3168/8755, time remaining: 15m 17s
[stdout] Rendered 3169/8755, time remaining: 15m 17s
[stdout] Rendered 3170/8755, time remaining: 15m 17s
[stdout] Rendered 3171/8755, time remaining: 15m 17s
[stdout] Rendered 3172/8755, time remaining: 15m 16s
[stdout] Rendered 3173/8755, time remaining: 15m 16s
[stdout] Rendered 3173/8755, time remaining: 15m 16s
[stdout] Rendered 3174/8755, time remaining: 15m 16s
[stdout] Rendered 3175/8755, time remaining: 15m 16s
[stdout] Rendered 3176/8755, time remaining: 15m 16s
[stdout] Rendered 3177/8755, time remaining: 15m 15s
[stdout] Rendered 3178/8755, time remaining: 15m 15s
[stdout] Rendered 3179/8755, time remaining: 15m 15s
[stdout] Rendered 3180/8755, time remaining: 15m 15s
[stdout] Rendered 3181/8755, time remaining: 15m 15s
[stdout] Rendered 3182/8755, time remaining: 15m 15s
[stdout] Rendered 3183/8755, time remaining: 15m 14s
[stdout] Rendered 3184/8755, time remaining: 15m 14s
[stdout] Rendered 3185/8755, time remaining: 15m 14s
[stdout] Rendered 3186/8755, time remaining: 15m 14s
[stdout] Rendered 3187/8755, time remaining: 15m 14s
[stdout] Rendered 3188/8755, time remaining: 15m 14s
[stdout] Rendered 3189/8755, time remaining: 15m 13s
[stdout] Rendered 3190/8755, time remaining: 15m 13s
[stdout] Rendered 3191/8755, time remaining: 15m 13s
[stdout] Rendered 3192/8755, time remaining: 15m 13s
[stdout] Rendered 3193/8755, time remaining: 15m 13s
[stdout] Rendered 3193/8755, time remaining: 15m 13s
[stdout] Rendered 3194/8755, time remaining: 15m 12s
[stdout] Rendered 3195/8755, time remaining: 15m 12s
[stdout] Rendered 3196/8755, time remaining: 15m 12s
[stdout] Rendered 3197/8755, time remaining: 15m 12s
[stdout] Rendered 3198/8755, time remaining: 15m 12s
[stdout] Rendered 3199/8755, time remaining: 15m 12s
[stdout] Rendered 3200/8755, time remaining: 15m 11s
[stdout] Rendered 3201/8755, time remaining: 15m 11s
[stdout] Rendered 3202/8755, time remaining: 15m 11s
[stdout] Rendered 3203/8755, time remaining: 15m 11s
[stdout] Rendered 3204/8755, time remaining: 15m 11s
[stdout] Rendered 3205/8755, time remaining: 15m 10s
[stdout] Rendered 3206/8755, time remaining: 15m 10s
[stdout] Rendered 3207/8755, time remaining: 15m 10s
[stdout] Rendered 3208/8755, time remaining: 15m 10s
[stdout] Rendered 3209/8755, time remaining: 15m 10s
[stdout] Rendered 3210/8755, time remaining: 15m 9s
[stdout] Rendered 3211/8755, time remaining: 15m 9s
[stdout] Rendered 3212/8755, time remaining: 15m 9s
[stdout] Rendered 3213/8755, time remaining: 15m 9s
[stdout] Rendered 3213/8755, time remaining: 15m 9s
[stdout] Rendered 3214/8755, time remaining: 15m 9s
[stdout] Rendered 3215/8755, time remaining: 15m 9s
[stdout] Rendered 3216/8755, time remaining: 15m 8s
[stdout] Rendered 3217/8755, time remaining: 15m 8s
[stdout] Rendered 3218/8755, time remaining: 15m 8s
[stdout] Rendered 3219/8755, time remaining: 15m 8s
[stdout] Rendered 3220/8755, time remaining: 15m 8s
[stdout] Rendered 3221/8755, time remaining: 15m 8s
[stdout] Rendered 3222/8755, time remaining: 15m 7s
[stdout] Rendered 3223/8755, time remaining: 15m 7s
[stdout] Rendered 3224/8755, time remaining: 15m 7s
[stdout] Rendered 3225/8755, time remaining: 15m 7s
[stdout] Rendered 3226/8755, time remaining: 15m 7s
[stdout] Rendered 3227/8755, time remaining: 15m 6s
[stdout] Rendered 3228/8755, time remaining: 15m 6s
[stdout] Rendered 3229/8755, time remaining: 15m 6s
[stdout] Rendered 3230/8755, time remaining: 15m 6s
[stdout] Rendered 3231/8755, time remaining: 15m 6s
[stdout] Rendered 3232/8755, time remaining: 15m 6s
[stdout] Rendered 3232/8755, time remaining: 15m 6s
[stdout] Rendered 3233/8755, time remaining: 15m 5s
[stdout] Rendered 3234/8755, time remaining: 15m 5s
[stdout] Rendered 3235/8755, time remaining: 15m 5s
[stdout] Rendered 3236/8755, time remaining: 15m 5s
[stdout] Rendered 3237/8755, time remaining: 15m 5s
[stdout] Rendered 3238/8755, time remaining: 15m 5s
[stdout] Rendered 3239/8755, time remaining: 15m 4s
[stdout] Rendered 3240/8755, time remaining: 15m 4s
[stdout] Rendered 3241/8755, time remaining: 15m 4s
[stdout] Rendered 3242/8755, time remaining: 15m 4s
[stdout] Rendered 3243/8755, time remaining: 15m 4s
[stdout] Rendered 3244/8755, time remaining: 15m 4s
[stdout] Rendered 3245/8755, time remaining: 15m 3s
[stdout] Rendered 3246/8755, time remaining: 15m 3s
[stdout] Rendered 3247/8755, time remaining: 15m 3s
[stdout] Rendered 3248/8755, time remaining: 15m 3s
[stdout] Rendered 3249/8755, time remaining: 15m 3s
[stdout] Rendered 3250/8755, time remaining: 15m 2s
[stdout] Rendered 3251/8755, time remaining: 15m 2s
[stdout] Rendered 3251/8755, time remaining: 15m 2s
[stdout] Rendered 3252/8755, time remaining: 15m 2s
[stdout] Rendered 3253/8755, time remaining: 15m 2s
[stdout] Rendered 3254/8755, time remaining: 15m 2s
[stdout] Rendered 3255/8755, time remaining: 15m 2s
[stdout] Rendered 3256/8755, time remaining: 15m 1s
[stdout] Rendered 3257/8755, time remaining: 15m 1s
[stdout] Rendered 3258/8755, time remaining: 15m 1s
[stdout] Rendered 3259/8755, time remaining: 15m 1s
[stdout] Rendered 3260/8755, time remaining: 15m 1s
[stdout] Rendered 3261/8755, time remaining: 15m 0s
[stdout] Rendered 3262/8755, time remaining: 15m 0s
[stdout] Rendered 3263/8755, time remaining: 15m 0s
[stdout] Rendered 3264/8755, time remaining: 15m 0s
[stdout] Rendered 3265/8755, time remaining: 15m 0s
[stdout] Rendered 3266/8755, time remaining: 15m 0s
[stdout] Rendered 3267/8755, time remaining: 14m 59s
[stdout] Rendered 3268/8755, time remaining: 14m 59s
[stdout] Rendered 3269/8755, time remaining: 14m 59s
[stdout] Rendered 3270/8755, time remaining: 14m 59s
[stdout] Rendered 3271/8755, time remaining: 14m 59s
[stdout] Rendered 3271/8755, time remaining: 14m 59s
[stdout] Rendered 3272/8755, time remaining: 14m 58s
[stdout] Rendered 3273/8755, time remaining: 14m 58s
[stdout] Rendered 3274/8755, time remaining: 14m 58s
[stdout] Rendered 3275/8755, time remaining: 14m 58s
[stdout] Rendered 3276/8755, time remaining: 14m 58s
[stdout] Rendered 3277/8755, time remaining: 14m 58s
[stdout] Rendered 3278/8755, time remaining: 14m 57s
[stdout] Rendered 3279/8755, time remaining: 14m 57s
[stdout] Rendered 3280/8755, time remaining: 14m 57s
[stdout] Rendered 3281/8755, time remaining: 14m 57s
[stdout] Rendered 3282/8755, time remaining: 14m 57s
[stdout] Rendered 3283/8755, time remaining: 14m 57s
[stdout] Rendered 3284/8755, time remaining: 14m 56s
[stdout] Rendered 3285/8755, time remaining: 14m 56s
[stdout] Rendered 3286/8755, time remaining: 14m 56s
[stdout] Rendered 3287/8755, time remaining: 14m 56s
[stdout] Rendered 3288/8755, time remaining: 14m 56s
[stdout] Rendered 3289/8755, time remaining: 14m 56s
[stdout] Rendered 3289/8755, time remaining: 14m 56s
[stdout] Rendered 3290/8755, time remaining: 14m 55s
[stdout] Rendered 3291/8755, time remaining: 14m 55s
[stdout] Rendered 3292/8755, time remaining: 14m 55s
[stdout] Rendered 3293/8755, time remaining: 14m 55s
[stdout] Rendered 3294/8755, time remaining: 14m 55s
[stdout] Rendered 3295/8755, time remaining: 14m 55s
[stdout] Rendered 3296/8755, time remaining: 14m 55s
[stdout] Rendered 3297/8755, time remaining: 14m 54s
[stdout] Rendered 3298/8755, time remaining: 14m 54s
[stdout] Rendered 3299/8755, time remaining: 14m 54s
[stdout] Rendered 3300/8755, time remaining: 14m 54s
[stdout] Rendered 3301/8755, time remaining: 14m 54s
[stdout] Rendered 3302/8755, time remaining: 14m 54s
[stdout] Rendered 3303/8755, time remaining: 14m 53s
[stdout] Rendered 3304/8755, time remaining: 14m 53s
[stdout] Rendered 3305/8755, time remaining: 14m 53s
[stdout] Rendered 3306/8755, time remaining: 14m 53s
[stdout] Rendered 3307/8755, time remaining: 14m 53s
[stdout] Rendered 3308/8755, time remaining: 14m 53s
[stdout] Rendered 3308/8755, time remaining: 14m 53s
[stdout] Rendered 3309/8755, time remaining: 14m 52s
[stdout] Rendered 3310/8755, time remaining: 14m 52s
[stdout] Rendered 3311/8755, time remaining: 14m 52s
[stdout] Rendered 3312/8755, time remaining: 14m 52s
[stdout] Rendered 3313/8755, time remaining: 14m 52s
[stdout] Rendered 3314/8755, time remaining: 14m 51s
[stdout] Rendered 3315/8755, time remaining: 14m 51s
[stdout] Rendered 3316/8755, time remaining: 14m 51s
[stdout] Rendered 3317/8755, time remaining: 14m 51s
[stdout] Rendered 3318/8755, time remaining: 14m 51s
[stdout] Rendered 3319/8755, time remaining: 14m 51s
[stdout] Rendered 3320/8755, time remaining: 14m 50s
[stdout] Rendered 3321/8755, time remaining: 14m 50s
[stdout] Rendered 3322/8755, time remaining: 14m 50s
[stdout] Rendered 3323/8755, time remaining: 14m 50s
[stdout] Rendered 3324/8755, time remaining: 14m 50s
[stdout] Rendered 3325/8755, time remaining: 14m 49s
[stdout] Rendered 3326/8755, time remaining: 14m 49s
[stdout] Rendered 3327/8755, time remaining: 14m 49s
[stdout] Rendered 3328/8755, time remaining: 14m 49s
[stdout] Rendered 3328/8755, time remaining: 14m 49s
[stdout] Rendered 3329/8755, time remaining: 14m 49s
[stdout] Rendered 3330/8755, time remaining: 14m 49s
[stdout] Rendered 3331/8755, time remaining: 14m 48s
[stdout] Rendered 3332/8755, time remaining: 14m 48s
[stdout] Rendered 3333/8755, time remaining: 14m 48s
[stdout] Rendered 3334/8755, time remaining: 14m 48s
[stdout] Rendered 3335/8755, time remaining: 14m 48s
[stdout] Rendered 3336/8755, time remaining: 14m 48s
[stdout] Rendered 3337/8755, time remaining: 14m 47s
[stdout] Rendered 3338/8755, time remaining: 14m 47s
[stdout] Rendered 3339/8755, time remaining: 14m 47s
[stdout] Rendered 3340/8755, time remaining: 14m 47s
[stdout] Rendered 3341/8755, time remaining: 14m 47s
[stdout] Rendered 3342/8755, time remaining: 14m 46s
[stdout] Rendered 3343/8755, time remaining: 14m 46s
[stdout] Rendered 3344/8755, time remaining: 14m 46s
[stdout] Rendered 3345/8755, time remaining: 14m 46s
[stdout] Rendered 3346/8755, time remaining: 14m 46s
[stdout] Rendered 3346/8755, time remaining: 14m 46s
[stdout] Rendered 3347/8755, time remaining: 14m 46s
[stdout] Rendered 3348/8755, time remaining: 14m 46s
[stdout] Rendered 3349/8755, time remaining: 14m 46s
[stdout] Rendered 3350/8755, time remaining: 14m 46s
[stdout] Rendered 3351/8755, time remaining: 14m 45s
[stdout] Rendered 3352/8755, time remaining: 14m 45s
[stdout] Rendered 3353/8755, time remaining: 14m 45s
[stdout] Rendered 3354/8755, time remaining: 14m 45s
[stdout] Rendered 3355/8755, time remaining: 14m 45s
[stdout] Rendered 3356/8755, time remaining: 14m 45s
[stdout] Rendered 3357/8755, time remaining: 14m 45s
[stdout] Rendered 3358/8755, time remaining: 14m 45s
[stdout] Rendered 3359/8755, time remaining: 14m 44s
[stdout] Rendered 3360/8755, time remaining: 14m 44s
[stdout] Rendered 3361/8755, time remaining: 14m 44s
[stdout] Rendered 3361/8755, time remaining: 14m 44s
[stdout] Rendered 3362/8755, time remaining: 14m 44s
[stdout] Rendered 3363/8755, time remaining: 14m 44s
[stdout] Rendered 3364/8755, time remaining: 14m 44s
[stdout] Rendered 3365/8755, time remaining: 14m 44s
[stdout] Rendered 3366/8755, time remaining: 14m 43s
[stdout] Rendered 3367/8755, time remaining: 14m 43s
[stdout] Rendered 3368/8755, time remaining: 14m 43s
[stdout] Rendered 3369/8755, time remaining: 14m 43s
[stdout] Rendered 3370/8755, time remaining: 14m 43s
[stdout] Rendered 3371/8755, time remaining: 14m 43s
[stdout] Rendered 3372/8755, time remaining: 14m 42s
[stdout] Rendered 3373/8755, time remaining: 14m 42s
[stdout] Rendered 3374/8755, time remaining: 14m 42s
[stdout] Rendered 3375/8755, time remaining: 14m 42s
[stdout] Rendered 3376/8755, time remaining: 14m 42s
[stdout] Rendered 3377/8755, time remaining: 14m 42s
[stdout] Rendered 3378/8755, time remaining: 14m 41s
[stdout] Rendered 3379/8755, time remaining: 14m 41s
[stdout] Rendered 3380/8755, time remaining: 14m 41s
[stdout] Rendered 3381/8755, time remaining: 14m 41s
[stdout] Rendered 3381/8755, time remaining: 14m 41s
[stdout] Rendered 3382/8755, time remaining: 14m 41s
[stdout] Rendered 3383/8755, time remaining: 14m 41s
[stdout] Rendered 3384/8755, time remaining: 14m 40s
[stdout] Rendered 3385/8755, time remaining: 14m 40s
[stdout] Rendered 3386/8755, time remaining: 14m 40s
[stdout] Rendered 3387/8755, time remaining: 14m 40s
[stdout] Rendered 3388/8755, time remaining: 14m 40s
[stdout] Rendered 3389/8755, time remaining: 14m 39s
[stdout] Rendered 3390/8755, time remaining: 14m 39s
[stdout] Rendered 3391/8755, time remaining: 14m 39s
[stdout] Rendered 3392/8755, time remaining: 14m 39s
[stdout] Rendered 3393/8755, time remaining: 14m 39s
[stdout] Rendered 3394/8755, time remaining: 14m 39s
[stdout] Rendered 3395/8755, time remaining: 14m 39s
[stdout] Rendered 3396/8755, time remaining: 14m 38s
[stdout] Rendered 3397/8755, time remaining: 14m 38s
[stdout] Rendered 3398/8755, time remaining: 14m 38s
[stdout] Rendered 3399/8755, time remaining: 14m 38s
[stdout] Rendered 3399/8755, time remaining: 14m 38s
[stdout] Rendered 3400/8755, time remaining: 14m 38s
[stdout] Rendered 3401/8755, time remaining: 14m 37s
[stdout] Rendered 3402/8755, time remaining: 14m 37s
[stdout] Rendered 3403/8755, time remaining: 14m 37s
[stdout] Rendered 3404/8755, time remaining: 14m 37s
[stdout] Rendered 3405/8755, time remaining: 14m 37s
[stdout] Rendered 3406/8755, time remaining: 14m 37s
[stdout] Rendered 3407/8755, time remaining: 14m 37s
[stdout] Rendered 3408/8755, time remaining: 14m 36s
[stdout] Rendered 3409/8755, time remaining: 14m 36s
[stdout] Rendered 3410/8755, time remaining: 14m 36s
[stdout] Rendered 3411/8755, time remaining: 14m 36s
[stdout] Rendered 3412/8755, time remaining: 14m 36s
[stdout] Rendered 3413/8755, time remaining: 14m 35s
[stdout] Rendered 3414/8755, time remaining: 14m 35s
[stdout] Rendered 3415/8755, time remaining: 14m 35s
[stdout] Rendered 3416/8755, time remaining: 14m 35s
[stdout] Rendered 3417/8755, time remaining: 14m 35s
[stdout] Rendered 3418/8755, time remaining: 14m 35s
[stdout] Rendered 3418/8755, time remaining: 14m 35s
[stdout] Rendered 3419/8755, time remaining: 14m 34s
[stdout] Rendered 3420/8755, time remaining: 14m 34s
[stdout] Rendered 3421/8755, time remaining: 14m 34s
[stdout] Rendered 3422/8755, time remaining: 14m 34s
[stdout] Rendered 3423/8755, time remaining: 14m 34s
[stdout] Rendered 3424/8755, time remaining: 14m 34s
[stdout] Rendered 3425/8755, time remaining: 14m 33s
[stdout] Rendered 3426/8755, time remaining: 14m 33s
[stdout] Rendered 3427/8755, time remaining: 14m 33s
[stdout] Rendered 3428/8755, time remaining: 14m 33s
[stdout] Rendered 3429/8755, time remaining: 14m 33s
[stdout] Rendered 3430/8755, time remaining: 14m 33s
[stdout] Rendered 3431/8755, time remaining: 14m 32s
[stdout] Rendered 3432/8755, time remaining: 14m 32s
[stdout] Rendered 3433/8755, time remaining: 14m 32s
[stdout] Rendered 3434/8755, time remaining: 14m 32s
[stdout] Rendered 3435/8755, time remaining: 14m 32s
[stdout] Rendered 3436/8755, time remaining: 14m 32s
[stdout] Rendered 3437/8755, time remaining: 14m 31s
[stdout] Rendered 3438/8755, time remaining: 14m 31s
[stdout] Rendered 3438/8755, time remaining: 14m 31s
[stdout] Rendered 3439/8755, time remaining: 14m 31s
[stdout] Rendered 3440/8755, time remaining: 14m 31s
[stdout] Rendered 3441/8755, time remaining: 14m 31s
[stdout] Rendered 3442/8755, time remaining: 14m 30s
[stdout] Rendered 3443/8755, time remaining: 14m 30s
[stdout] Rendered 3444/8755, time remaining: 14m 30s
[stdout] Rendered 3445/8755, time remaining: 14m 30s
[stdout] Rendered 3446/8755, time remaining: 14m 30s
[stdout] Rendered 3447/8755, time remaining: 14m 29s
[stdout] Rendered 3448/8755, time remaining: 14m 29s
[stdout] Rendered 3449/8755, time remaining: 14m 29s
[stdout] Rendered 3450/8755, time remaining: 14m 29s
[stdout] Rendered 3451/8755, time remaining: 14m 29s
[stdout] Rendered 3452/8755, time remaining: 14m 29s
[stdout] Rendered 3453/8755, time remaining: 14m 28s
[stdout] Rendered 3454/8755, time remaining: 14m 28s
[stdout] Rendered 3455/8755, time remaining: 14m 28s
[stdout] Rendered 3456/8755, time remaining: 14m 28s
[stdout] Rendered 3457/8755, time remaining: 14m 28s
[stdout] Rendered 3457/8755, time remaining: 14m 28s
[stdout] Rendered 3458/8755, time remaining: 14m 28s
[stdout] Rendered 3459/8755, time remaining: 14m 27s
[stdout] Rendered 3460/8755, time remaining: 14m 27s
[stdout] Rendered 3461/8755, time remaining: 14m 27s
[stdout] Rendered 3462/8755, time remaining: 14m 27s
[stdout] Rendered 3463/8755, time remaining: 14m 27s
[stdout] Rendered 3464/8755, time remaining: 14m 26s
[stdout] Rendered 3465/8755, time remaining: 14m 26s
[stdout] Rendered 3466/8755, time remaining: 14m 26s
[stdout] Rendered 3467/8755, time remaining: 14m 26s
[stdout] Rendered 3468/8755, time remaining: 14m 26s
[stdout] Rendered 3469/8755, time remaining: 14m 26s
[stdout] Rendered 3470/8755, time remaining: 14m 25s
[stdout] Rendered 3471/8755, time remaining: 14m 25s
[stdout] Rendered 3472/8755, time remaining: 14m 25s
[stdout] Rendered 3473/8755, time remaining: 14m 25s
[stdout] Rendered 3474/8755, time remaining: 14m 25s
[stdout] Rendered 3475/8755, time remaining: 14m 25s
[stdout] Rendered 3476/8755, time remaining: 14m 25s
[stdout] Rendered 3476/8755, time remaining: 14m 25s
[stdout] Rendered 3477/8755, time remaining: 14m 24s
[stdout] Rendered 3478/8755, time remaining: 14m 24s
[stdout] Rendered 3479/8755, time remaining: 14m 24s
[stdout] Rendered 3480/8755, time remaining: 14m 24s
[stdout] Rendered 3481/8755, time remaining: 14m 24s
[stdout] Rendered 3482/8755, time remaining: 14m 23s
[stdout] Rendered 3483/8755, time remaining: 14m 23s
[stdout] Rendered 3484/8755, time remaining: 14m 23s
[stdout] Rendered 3485/8755, time remaining: 14m 23s
[stdout] Rendered 3486/8755, time remaining: 14m 23s
[stdout] Rendered 3487/8755, time remaining: 14m 23s
[stdout] Rendered 3488/8755, time remaining: 14m 22s
[stdout] Rendered 3489/8755, time remaining: 14m 22s
[stdout] Rendered 3490/8755, time remaining: 14m 22s
[stdout] Rendered 3491/8755, time remaining: 14m 22s
[stdout] Rendered 3492/8755, time remaining: 14m 22s
[stdout] Rendered 3493/8755, time remaining: 14m 22s
[stdout] Rendered 3494/8755, time remaining: 14m 22s
[stdout] Rendered 3495/8755, time remaining: 14m 21s
[stdout] Rendered 3495/8755, time remaining: 14m 21s
[stdout] Rendered 3496/8755, time remaining: 14m 21s
[stdout] Rendered 3497/8755, time remaining: 14m 21s
[stdout] Rendered 3498/8755, time remaining: 14m 21s
[stdout] Rendered 3499/8755, time remaining: 14m 21s
[stdout] Rendered 3500/8755, time remaining: 14m 21s
[stdout] Rendered 3501/8755, time remaining: 14m 20s
[stdout] Rendered 3502/8755, time remaining: 14m 20s
[stdout] Rendered 3503/8755, time remaining: 14m 20s
[stdout] Rendered 3504/8755, time remaining: 14m 20s
[stdout] Rendered 3505/8755, time remaining: 14m 20s
[stdout] Rendered 3506/8755, time remaining: 14m 20s
[stdout] Rendered 3507/8755, time remaining: 14m 19s
[stdout] Rendered 3508/8755, time remaining: 14m 19s
[stdout] Rendered 3509/8755, time remaining: 14m 19s
[stdout] Rendered 3510/8755, time remaining: 14m 19s
[stdout] Rendered 3511/8755, time remaining: 14m 19s
[stdout] Rendered 3512/8755, time remaining: 14m 18s
[stdout] Rendered 3513/8755, time remaining: 14m 18s
[stdout] Rendered 3513/8755, time remaining: 14m 18s
[stdout] Rendered 3514/8755, time remaining: 14m 18s
[stdout] Rendered 3515/8755, time remaining: 14m 18s
[stdout] Rendered 3516/8755, time remaining: 14m 18s
[stdout] Rendered 3517/8755, time remaining: 14m 18s
[stdout] Rendered 3518/8755, time remaining: 14m 17s
[stdout] Rendered 3519/8755, time remaining: 14m 17s
[stdout] Rendered 3520/8755, time remaining: 14m 17s
[stdout] Rendered 3521/8755, time remaining: 14m 17s
[stdout] Rendered 3522/8755, time remaining: 14m 17s
[stdout] Rendered 3523/8755, time remaining: 14m 17s
[stdout] Rendered 3524/8755, time remaining: 14m 16s
[stdout] Rendered 3525/8755, time remaining: 14m 16s
[stdout] Rendered 3526/8755, time remaining: 14m 16s
[stdout] Rendered 3527/8755, time remaining: 14m 16s
[stdout] Rendered 3528/8755, time remaining: 14m 16s
[stdout] Rendered 3529/8755, time remaining: 14m 16s
[stdout] Rendered 3530/8755, time remaining: 14m 15s
[stdout] Rendered 3531/8755, time remaining: 14m 15s
[stdout] Rendered 3532/8755, time remaining: 14m 15s
[stdout] Rendered 3532/8755, time remaining: 14m 15s
[stdout] Rendered 3533/8755, time remaining: 14m 15s
[stdout] Rendered 3534/8755, time remaining: 14m 15s
[stdout] Rendered 3535/8755, time remaining: 14m 15s
[stdout] Rendered 3536/8755, time remaining: 14m 14s
[stdout] Rendered 3537/8755, time remaining: 14m 14s
[stdout] Rendered 3538/8755, time remaining: 14m 14s
[stdout] Rendered 3539/8755, time remaining: 14m 14s
[stdout] Rendered 3540/8755, time remaining: 14m 14s
[stdout] Rendered 3541/8755, time remaining: 14m 13s
[stdout] Rendered 3542/8755, time remaining: 14m 13s
[stdout] Rendered 3543/8755, time remaining: 14m 13s
[stdout] Rendered 3544/8755, time remaining: 14m 13s
[stdout] Rendered 3545/8755, time remaining: 14m 13s
[stdout] Rendered 3546/8755, time remaining: 14m 13s
[stdout] Rendered 3547/8755, time remaining: 14m 13s
[stdout] Rendered 3548/8755, time remaining: 14m 12s
[stdout] Rendered 3549/8755, time remaining: 14m 12s
[stdout] Rendered 3549/8755, time remaining: 14m 12s
[stdout] Rendered 3550/8755, time remaining: 14m 12s
[stdout] Rendered 3551/8755, time remaining: 14m 12s
[stdout] Rendered 3552/8755, time remaining: 14m 12s
[stdout] Rendered 3553/8755, time remaining: 14m 12s
[stdout] Rendered 3554/8755, time remaining: 14m 12s
[stdout] Rendered 3555/8755, time remaining: 14m 12s
[stdout] Rendered 3556/8755, time remaining: 14m 11s
[stdout] Rendered 3557/8755, time remaining: 14m 11s
[stdout] Rendered 3558/8755, time remaining: 14m 11s
[stdout] Rendered 3559/8755, time remaining: 14m 11s
[stdout] Rendered 3560/8755, time remaining: 14m 11s
[stdout] Rendered 3561/8755, time remaining: 14m 10s
[stdout] Rendered 3562/8755, time remaining: 14m 10s
[stdout] Rendered 3563/8755, time remaining: 14m 10s
[stdout] Rendered 3564/8755, time remaining: 14m 10s
[stdout] Rendered 3565/8755, time remaining: 14m 10s
[stdout] Rendered 3566/8755, time remaining: 14m 10s
[stdout] Rendered 3567/8755, time remaining: 14m 9s
[stdout] Rendered 3568/8755, time remaining: 14m 9s
[stdout] Rendered 3569/8755, time remaining: 14m 9s
[stdout] Rendered 3569/8755, time remaining: 14m 9s
[stdout] Rendered 3570/8755, time remaining: 14m 9s
[stdout] Rendered 3571/8755, time remaining: 14m 9s
[stdout] Rendered 3572/8755, time remaining: 14m 9s
[stdout] Rendered 3573/8755, time remaining: 14m 8s
[stdout] Rendered 3574/8755, time remaining: 14m 8s
[stdout] Rendered 3575/8755, time remaining: 14m 8s
[stdout] Rendered 3576/8755, time remaining: 14m 8s
[stdout] Rendered 3577/8755, time remaining: 14m 8s
[stdout] Rendered 3578/8755, time remaining: 14m 8s
[stdout] Rendered 3579/8755, time remaining: 14m 7s
[stdout] Rendered 3580/8755, time remaining: 14m 7s
[stdout] Rendered 3581/8755, time remaining: 14m 7s
[stdout] Rendered 3582/8755, time remaining: 14m 7s
[stdout] Rendered 3583/8755, time remaining: 14m 7s
[stdout] Rendered 3584/8755, time remaining: 14m 7s
[stdout] Rendered 3585/8755, time remaining: 14m 6s
[stdout] Rendered 3586/8755, time remaining: 14m 6s
[stdout] Rendered 3587/8755, time remaining: 14m 6s
[stdout] Rendered 3587/8755, time remaining: 14m 6s
[stdout] Rendered 3588/8755, time remaining: 14m 6s
[stdout] Rendered 3589/8755, time remaining: 14m 6s
[stdout] Rendered 3590/8755, time remaining: 14m 6s
[stdout] Rendered 3591/8755, time remaining: 14m 5s
[stdout] Rendered 3592/8755, time remaining: 14m 5s
[stdout] Rendered 3593/8755, time remaining: 14m 5s
[stdout] Rendered 3594/8755, time remaining: 14m 5s
[stdout] Rendered 3595/8755, time remaining: 14m 5s
[stdout] Rendered 3596/8755, time remaining: 14m 4s
[stdout] Rendered 3597/8755, time remaining: 14m 4s
[stdout] Rendered 3598/8755, time remaining: 14m 4s
[stdout] Rendered 3599/8755, time remaining: 14m 4s
[stdout] Rendered 3600/8755, time remaining: 14m 4s
[stdout] Rendered 3601/8755, time remaining: 14m 4s
[stdout] Rendered 3602/8755, time remaining: 14m 3s
[stdout] Rendered 3603/8755, time remaining: 14m 3s
[stdout] Rendered 3604/8755, time remaining: 14m 3s
[stdout] Rendered 3605/8755, time remaining: 14m 3s
[stdout] Rendered 3606/8755, time remaining: 14m 3s
[stdout] Rendered 3606/8755, time remaining: 14m 3s
[stdout] Rendered 3607/8755, time remaining: 14m 3s
[stdout] Rendered 3608/8755, time remaining: 14m 2s
[stdout] Rendered 3609/8755, time remaining: 14m 2s
[stdout] Rendered 3610/8755, time remaining: 14m 2s
[stdout] Rendered 3611/8755, time remaining: 14m 2s
[stdout] Rendered 3612/8755, time remaining: 14m 2s
[stdout] Rendered 3613/8755, time remaining: 14m 2s
[stdout] Rendered 3614/8755, time remaining: 14m 2s
[stdout] Rendered 3615/8755, time remaining: 14m 1s
[stdout] Rendered 3616/8755, time remaining: 14m 1s
[stdout] Rendered 3617/8755, time remaining: 14m 1s
[stdout] Rendered 3618/8755, time remaining: 14m 1s
[stdout] Rendered 3619/8755, time remaining: 14m 1s
[stdout] Rendered 3620/8755, time remaining: 14m 1s
[stdout] Rendered 3621/8755, time remaining: 14m 0s
[stdout] Rendered 3622/8755, time remaining: 14m 0s
[stdout] Rendered 3623/8755, time remaining: 14m 0s
[stdout] Rendered 3624/8755, time remaining: 14m 0s
[stdout] Rendered 3625/8755, time remaining: 14m 0s
[stdout] Rendered 3625/8755, time remaining: 14m 0s
[stdout] Rendered 3626/8755, time remaining: 14m 0s
[stdout] Rendered 3627/8755, time remaining: 13m 59s
[stdout] Rendered 3628/8755, time remaining: 13m 59s
[stdout] Rendered 3629/8755, time remaining: 13m 59s
[stdout] Rendered 3630/8755, time remaining: 13m 59s
[stdout] Rendered 3631/8755, time remaining: 13m 59s
[stdout] Rendered 3632/8755, time remaining: 13m 59s
[stdout] Rendered 3633/8755, time remaining: 13m 59s
[stdout] Rendered 3634/8755, time remaining: 13m 58s
[stdout] Rendered 3635/8755, time remaining: 13m 58s
[stdout] Rendered 3636/8755, time remaining: 13m 58s
[stdout] Rendered 3637/8755, time remaining: 13m 58s
[stdout] Rendered 3638/8755, time remaining: 13m 58s
[stdout] Rendered 3638/8755, time remaining: 13m 58s
[stdout] Rendered 3639/8755, time remaining: 13m 58s
[stdout] Rendered 3640/8755, time remaining: 13m 58s
[stdout] Rendered 3641/8755, time remaining: 13m 58s
[stdout] Rendered 3642/8755, time remaining: 13m 58s
[stdout] Rendered 3643/8755, time remaining: 13m 58s
[stdout] Rendered 3644/8755, time remaining: 13m 58s
[stdout] Rendered 3645/8755, time remaining: 13m 57s
[stdout] Rendered 3646/8755, time remaining: 13m 57s
[stdout] Rendered 3647/8755, time remaining: 13m 57s
[stdout] Rendered 3648/8755, time remaining: 13m 57s
[stdout] Rendered 3649/8755, time remaining: 13m 57s
[stdout] Rendered 3650/8755, time remaining: 13m 57s
[stdout] Rendered 3651/8755, time remaining: 13m 56s
[stdout] Rendered 3652/8755, time remaining: 13m 56s
[stdout] Rendered 3653/8755, time remaining: 13m 56s
[stdout] Rendered 3654/8755, time remaining: 13m 56s
[stdout] Rendered 3655/8755, time remaining: 13m 56s
[stdout] Rendered 3656/8755, time remaining: 13m 55s
[stdout] Rendered 3657/8755, time remaining: 13m 55s
[stdout] Rendered 3658/8755, time remaining: 13m 55s
[stdout] Rendered 3658/8755, time remaining: 13m 55s
[stdout] Rendered 3659/8755, time remaining: 13m 55s
[stdout] Rendered 3660/8755, time remaining: 13m 55s
[stdout] Rendered 3661/8755, time remaining: 13m 55s
[stdout] Rendered 3662/8755, time remaining: 13m 55s
[stdout] Rendered 3663/8755, time remaining: 13m 54s
[stdout] Rendered 3664/8755, time remaining: 13m 54s
[stdout] Rendered 3665/8755, time remaining: 13m 54s
[stdout] Rendered 3666/8755, time remaining: 13m 54s
[stdout] Rendered 3667/8755, time remaining: 13m 54s
[stdout] Rendered 3668/8755, time remaining: 13m 54s
[stdout] Rendered 3669/8755, time remaining: 13m 54s
[stdout] Rendered 3670/8755, time remaining: 13m 53s
[stdout] Rendered 3671/8755, time remaining: 13m 53s
[stdout] Rendered 3672/8755, time remaining: 13m 53s
[stdout] Rendered 3673/8755, time remaining: 13m 53s
[stdout] Rendered 3674/8755, time remaining: 13m 53s
[stdout] Rendered 3675/8755, time remaining: 13m 53s
[stdout] Rendered 3676/8755, time remaining: 13m 52s
[stdout] Rendered 3676/8755, time remaining: 13m 52s
[stdout] Rendered 3677/8755, time remaining: 13m 52s
[stdout] Rendered 3678/8755, time remaining: 13m 52s
[stdout] Rendered 3679/8755, time remaining: 13m 52s
[stdout] Rendered 3680/8755, time remaining: 13m 52s
[stdout] Rendered 3681/8755, time remaining: 13m 52s
[stdout] Rendered 3682/8755, time remaining: 13m 51s
[stdout] Rendered 3683/8755, time remaining: 13m 51s
[stdout] Rendered 3684/8755, time remaining: 13m 51s
[stdout] Rendered 3685/8755, time remaining: 13m 51s
[stdout] Rendered 3686/8755, time remaining: 13m 51s
[stdout] Rendered 3687/8755, time remaining: 13m 51s
[stdout] Rendered 3688/8755, time remaining: 13m 50s
[stdout] Rendered 3689/8755, time remaining: 13m 50s
[stdout] Rendered 3690/8755, time remaining: 13m 50s
[stdout] Rendered 3691/8755, time remaining: 13m 50s
[stdout] Rendered 3692/8755, time remaining: 13m 50s
[stdout] Rendered 3693/8755, time remaining: 13m 50s
[stdout] Rendered 3694/8755, time remaining: 13m 49s
[stdout] Rendered 3694/8755, time remaining: 13m 49s
[stdout] Rendered 3695/8755, time remaining: 13m 49s
[stdout] Rendered 3696/8755, time remaining: 13m 49s
[stdout] Rendered 3697/8755, time remaining: 13m 49s
[stdout] Rendered 3698/8755, time remaining: 13m 49s
[stdout] Rendered 3699/8755, time remaining: 13m 49s
[stdout] Rendered 3700/8755, time remaining: 13m 49s
[stdout] Rendered 3701/8755, time remaining: 13m 48s
[stdout] Rendered 3702/8755, time remaining: 13m 48s
[stdout] Rendered 3703/8755, time remaining: 13m 48s
[stdout] Rendered 3704/8755, time remaining: 13m 48s
[stdout] Rendered 3705/8755, time remaining: 13m 48s
[stdout] Rendered 3706/8755, time remaining: 13m 48s
[stdout] Rendered 3707/8755, time remaining: 13m 47s
[stdout] Rendered 3708/8755, time remaining: 13m 47s
[stdout] Rendered 3709/8755, time remaining: 13m 47s
[stdout] Rendered 3710/8755, time remaining: 13m 47s
[stdout] Rendered 3711/8755, time remaining: 13m 47s
[stdout] Rendered 3712/8755, time remaining: 13m 47s
[stdout] Rendered 3713/8755, time remaining: 13m 46s
[stdout] Rendered 3713/8755, time remaining: 13m 46s
[stdout] Rendered 3714/8755, time remaining: 13m 46s
[stdout] Rendered 3715/8755, time remaining: 13m 46s
[stdout] Rendered 3716/8755, time remaining: 13m 46s
[stdout] Rendered 3717/8755, time remaining: 13m 46s
[stdout] Rendered 3718/8755, time remaining: 13m 46s
[stdout] Rendered 3719/8755, time remaining: 13m 45s
[stdout] Rendered 3720/8755, time remaining: 13m 45s
[stdout] Rendered 3721/8755, time remaining: 13m 45s
[stdout] Rendered 3722/8755, time remaining: 13m 45s
[stdout] Rendered 3723/8755, time remaining: 13m 45s
[stdout] Rendered 3724/8755, time remaining: 13m 45s
[stdout] Rendered 3725/8755, time remaining: 13m 44s
[stdout] Rendered 3726/8755, time remaining: 13m 44s
[stdout] Rendered 3727/8755, time remaining: 13m 44s
[stdout] Rendered 3728/8755, time remaining: 13m 44s
[stdout] Rendered 3729/8755, time remaining: 13m 44s
[stdout] Rendered 3730/8755, time remaining: 13m 44s
[stdout] Rendered 3731/8755, time remaining: 13m 43s
[stdout] Rendered 3731/8755, time remaining: 13m 43s
[stdout] Rendered 3732/8755, time remaining: 13m 43s
[stdout] Rendered 3733/8755, time remaining: 13m 43s
[stdout] Rendered 3734/8755, time remaining: 13m 43s
[stdout] Rendered 3735/8755, time remaining: 13m 43s
[stdout] Rendered 3736/8755, time remaining: 13m 43s
[stdout] Rendered 3737/8755, time remaining: 13m 43s
[stdout] Rendered 3738/8755, time remaining: 13m 43s
[stdout] Rendered 3739/8755, time remaining: 13m 42s
[stdout] Rendered 3740/8755, time remaining: 13m 42s
[stdout] Rendered 3741/8755, time remaining: 13m 42s
[stdout] Rendered 3742/8755, time remaining: 13m 42s
[stdout] Rendered 3743/8755, time remaining: 13m 42s
[stdout] Rendered 3744/8755, time remaining: 13m 42s
[stdout] Rendered 3745/8755, time remaining: 13m 42s
[stdout] Rendered 3746/8755, time remaining: 13m 41s
[stdout] Rendered 3747/8755, time remaining: 13m 41s
[stdout] Rendered 3748/8755, time remaining: 13m 41s
[stdout] Rendered 3748/8755, time remaining: 13m 41s
[stdout] Rendered 3749/8755, time remaining: 13m 41s
[stdout] Rendered 3750/8755, time remaining: 13m 41s
[stdout] Rendered 3751/8755, time remaining: 13m 41s
[stdout] Rendered 3752/8755, time remaining: 13m 40s
[stdout] Rendered 3753/8755, time remaining: 13m 40s
[stdout] Rendered 3754/8755, time remaining: 13m 40s
[stdout] Rendered 3755/8755, time remaining: 13m 40s
[stdout] Rendered 3756/8755, time remaining: 13m 40s
[stdout] Rendered 3757/8755, time remaining: 13m 40s
[stdout] Rendered 3758/8755, time remaining: 13m 39s
[stdout] Rendered 3759/8755, time remaining: 13m 39s
[stdout] Rendered 3760/8755, time remaining: 13m 39s
[stdout] Rendered 3761/8755, time remaining: 13m 39s
[stdout] Rendered 3762/8755, time remaining: 13m 39s
[stdout] Rendered 3763/8755, time remaining: 13m 39s
[stdout] Rendered 3764/8755, time remaining: 13m 38s
[stdout] Rendered 3765/8755, time remaining: 13m 38s
[stdout] Rendered 3765/8755, time remaining: 13m 38s
[stdout] Rendered 3766/8755, time remaining: 13m 38s
[stdout] Rendered 3767/8755, time remaining: 13m 38s
[stdout] Rendered 3768/8755, time remaining: 13m 38s
[stdout] Rendered 3769/8755, time remaining: 13m 38s
[stdout] Rendered 3770/8755, time remaining: 13m 38s
[stdout] Rendered 3771/8755, time remaining: 13m 37s
[stdout] Rendered 3772/8755, time remaining: 13m 37s
[stdout] Rendered 3773/8755, time remaining: 13m 37s
[stdout] Rendered 3774/8755, time remaining: 13m 37s
[stdout] Rendered 3775/8755, time remaining: 13m 37s
[stdout] Rendered 3776/8755, time remaining: 13m 37s
[stdout] Rendered 3777/8755, time remaining: 13m 37s
[stdout] Rendered 3778/8755, time remaining: 13m 37s
[stdout] Rendered 3779/8755, time remaining: 13m 36s
[stdout] Rendered 3780/8755, time remaining: 13m 36s
[stdout] Rendered 3781/8755, time remaining: 13m 36s
[stdout] Rendered 3781/8755, time remaining: 13m 36s
[stdout] Rendered 3782/8755, time remaining: 13m 36s
[stdout] Rendered 3783/8755, time remaining: 13m 36s
[stdout] Rendered 3784/8755, time remaining: 13m 36s
[stdout] Rendered 3785/8755, time remaining: 13m 36s
[stdout] Rendered 3786/8755, time remaining: 13m 35s
[stdout] Rendered 3787/8755, time remaining: 13m 35s
[stdout] Rendered 3788/8755, time remaining: 13m 35s
[stdout] Rendered 3789/8755, time remaining: 13m 35s
[stdout] Rendered 3790/8755, time remaining: 13m 35s
[stdout] Rendered 3791/8755, time remaining: 13m 35s
[stdout] Rendered 3792/8755, time remaining: 13m 34s
[stdout] Rendered 3793/8755, time remaining: 13m 34s
[stdout] Rendered 3794/8755, time remaining: 13m 34s
[stdout] Rendered 3795/8755, time remaining: 13m 34s
[stdout] Rendered 3796/8755, time remaining: 13m 34s
[stdout] Rendered 3797/8755, time remaining: 13m 34s
[stdout] Rendered 3798/8755, time remaining: 13m 33s
[stdout] Rendered 3799/8755, time remaining: 13m 33s
[stdout] Rendered 3800/8755, time remaining: 13m 33s
[stdout] Rendered 3800/8755, time remaining: 13m 33s
[stdout] Rendered 3801/8755, time remaining: 13m 33s
[stdout] Rendered 3802/8755, time remaining: 13m 33s
[stdout] Rendered 3803/8755, time remaining: 13m 33s
[stdout] Rendered 3804/8755, time remaining: 13m 33s
[stdout] Rendered 3805/8755, time remaining: 13m 32s
[stdout] Rendered 3806/8755, time remaining: 13m 32s
[stdout] Rendered 3807/8755, time remaining: 13m 32s
[stdout] Rendered 3808/8755, time remaining: 13m 32s
[stdout] Rendered 3809/8755, time remaining: 13m 32s
[stdout] Rendered 3810/8755, time remaining: 13m 32s
[stdout] Rendered 3811/8755, time remaining: 13m 32s
[stdout] Rendered 3812/8755, time remaining: 13m 31s
[stdout] Rendered 3813/8755, time remaining: 13m 31s
[stdout] Rendered 3814/8755, time remaining: 13m 31s
[stdout] Rendered 3815/8755, time remaining: 13m 31s
[stdout] Rendered 3816/8755, time remaining: 13m 31s
[stdout] Rendered 3817/8755, time remaining: 13m 31s
[stdout] Rendered 3817/8755, time remaining: 13m 31s
[stdout] Rendered 3818/8755, time remaining: 13m 31s
[stdout] Rendered 3819/8755, time remaining: 13m 30s
[stdout] Rendered 3820/8755, time remaining: 13m 30s
[stdout] Rendered 3821/8755, time remaining: 13m 30s
[stdout] Rendered 3822/8755, time remaining: 13m 30s
[stdout] Rendered 3823/8755, time remaining: 13m 30s
[stdout] Rendered 3824/8755, time remaining: 13m 29s
[stdout] Rendered 3825/8755, time remaining: 13m 29s
[stdout] Rendered 3826/8755, time remaining: 13m 29s
[stdout] Rendered 3827/8755, time remaining: 13m 29s
[stdout] Rendered 3828/8755, time remaining: 13m 29s
[stdout] Rendered 3829/8755, time remaining: 13m 29s
[stdout] Rendered 3830/8755, time remaining: 13m 29s
[stdout] Rendered 3831/8755, time remaining: 13m 28s
[stdout] Rendered 3832/8755, time remaining: 13m 28s
[stdout] Rendered 3833/8755, time remaining: 13m 28s
[stdout] Rendered 3834/8755, time remaining: 13m 28s
[stdout] Rendered 3834/8755, time remaining: 13m 28s
[stdout] Rendered 3835/8755, time remaining: 13m 28s
[stdout] Rendered 3836/8755, time remaining: 13m 28s
[stdout] Rendered 3837/8755, time remaining: 13m 27s
[stdout] Rendered 3838/8755, time remaining: 13m 27s
[stdout] Rendered 3839/8755, time remaining: 13m 27s
[stdout] Rendered 3840/8755, time remaining: 13m 27s
[stdout] Rendered 3841/8755, time remaining: 13m 27s
[stdout] Rendered 3842/8755, time remaining: 13m 27s
[stdout] Rendered 3843/8755, time remaining: 13m 27s
[stdout] Rendered 3844/8755, time remaining: 13m 26s
[stdout] Rendered 3845/8755, time remaining: 13m 26s
[stdout] Rendered 3846/8755, time remaining: 13m 26s
[stdout] Rendered 3847/8755, time remaining: 13m 26s
[stdout] Rendered 3848/8755, time remaining: 13m 26s
[stdout] Rendered 3849/8755, time remaining: 13m 26s
[stdout] Rendered 3850/8755, time remaining: 13m 26s
[stdout] Rendered 3851/8755, time remaining: 13m 25s
[stdout] Rendered 3851/8755, time remaining: 13m 25s
[stdout] Rendered 3852/8755, time remaining: 13m 25s
[stdout] Rendered 3853/8755, time remaining: 13m 25s
[stdout] Rendered 3854/8755, time remaining: 13m 25s
[stdout] Rendered 3855/8755, time remaining: 13m 25s
[stdout] Rendered 3856/8755, time remaining: 13m 25s
[stdout] Rendered 3857/8755, time remaining: 13m 24s
[stdout] Rendered 3858/8755, time remaining: 13m 24s
[stdout] Rendered 3859/8755, time remaining: 13m 24s
[stdout] Rendered 3860/8755, time remaining: 13m 24s
[stdout] Rendered 3861/8755, time remaining: 13m 24s
[stdout] Rendered 3862/8755, time remaining: 13m 24s
[stdout] Rendered 3863/8755, time remaining: 13m 24s
[stdout] Rendered 3864/8755, time remaining: 13m 23s
[stdout] Rendered 3865/8755, time remaining: 13m 23s
[stdout] Rendered 3866/8755, time remaining: 13m 23s
[stdout] Rendered 3867/8755, time remaining: 13m 23s
[stdout] Rendered 3868/8755, time remaining: 13m 23s
[stdout] Rendered 3869/8755, time remaining: 13m 23s
[stdout] Rendered 3869/8755, time remaining: 13m 23s
[stdout] Rendered 3870/8755, time remaining: 13m 22s
[stdout] Rendered 3871/8755, time remaining: 13m 22s
[stdout] Rendered 3872/8755, time remaining: 13m 22s
[stdout] Rendered 3873/8755, time remaining: 13m 22s
[stdout] Rendered 3874/8755, time remaining: 13m 22s
[stdout] Rendered 3875/8755, time remaining: 13m 22s
[stdout] Rendered 3876/8755, time remaining: 13m 22s
[stdout] Rendered 3877/8755, time remaining: 13m 21s
[stdout] Rendered 3878/8755, time remaining: 13m 21s
[stdout] Rendered 3879/8755, time remaining: 13m 21s
[stdout] Rendered 3880/8755, time remaining: 13m 21s
[stdout] Rendered 3881/8755, time remaining: 13m 21s
[stdout] Rendered 3882/8755, time remaining: 13m 21s
[stdout] Rendered 3883/8755, time remaining: 13m 21s
[stdout] Rendered 3884/8755, time remaining: 13m 20s
[stdout] Rendered 3885/8755, time remaining: 13m 20s
[stdout] Rendered 3885/8755, time remaining: 13m 20s
[stdout] Rendered 3886/8755, time remaining: 13m 20s
[stdout] Rendered 3887/8755, time remaining: 13m 20s
[stdout] Rendered 3888/8755, time remaining: 13m 20s
[stdout] Rendered 3889/8755, time remaining: 13m 20s
[stdout] Rendered 3890/8755, time remaining: 13m 20s
[stdout] Rendered 3891/8755, time remaining: 13m 20s
[stdout] Rendered 3892/8755, time remaining: 13m 20s
[stdout] Rendered 3893/8755, time remaining: 13m 19s
[stdout] Rendered 3894/8755, time remaining: 13m 19s
[stdout] Rendered 3895/8755, time remaining: 13m 19s
[stdout] Rendered 3896/8755, time remaining: 13m 19s
[stdout] Rendered 3897/8755, time remaining: 13m 19s
[stdout] Rendered 3898/8755, time remaining: 13m 19s
[stdout] Rendered 3899/8755, time remaining: 13m 19s
[stdout] Rendered 3900/8755, time remaining: 13m 19s
[stdout] Rendered 3900/8755, time remaining: 13m 19s
[stdout] Rendered 3901/8755, time remaining: 13m 18s
[stdout] Rendered 3902/8755, time remaining: 13m 18s
[stdout] Rendered 3903/8755, time remaining: 13m 18s
[stdout] Rendered 3904/8755, time remaining: 13m 18s
[stdout] Rendered 3905/8755, time remaining: 13m 18s
[stdout] Rendered 3906/8755, time remaining: 13m 18s
[stdout] Rendered 3907/8755, time remaining: 13m 18s
[stdout] Rendered 3908/8755, time remaining: 13m 18s
[stdout] Rendered 3909/8755, time remaining: 13m 18s
[stdout] Rendered 3910/8755, time remaining: 13m 17s
[stdout] Rendered 3911/8755, time remaining: 13m 17s
[stdout] Rendered 3912/8755, time remaining: 13m 17s
[stdout] Rendered 3913/8755, time remaining: 13m 17s
[stdout] Rendered 3914/8755, time remaining: 13m 17s
[stdout] Rendered 3915/8755, time remaining: 13m 17s
[stdout] Rendered 3915/8755, time remaining: 13m 17s
[stdout] Rendered 3916/8755, time remaining: 13m 16s
[stdout] Rendered 3917/8755, time remaining: 13m 16s
[stdout] Rendered 3918/8755, time remaining: 13m 16s
[stdout] Rendered 3919/8755, time remaining: 13m 16s
[stdout] Rendered 3920/8755, time remaining: 13m 16s
[stdout] Rendered 3921/8755, time remaining: 13m 16s
[stdout] Rendered 3922/8755, time remaining: 13m 16s
[stdout] Rendered 3923/8755, time remaining: 13m 16s
[stdout] Rendered 3924/8755, time remaining: 13m 15s
[stdout] Rendered 3925/8755, time remaining: 13m 15s
[stdout] Rendered 3926/8755, time remaining: 13m 15s
[stdout] Rendered 3927/8755, time remaining: 13m 15s
[stdout] Rendered 3928/8755, time remaining: 13m 15s
[stdout] Rendered 3929/8755, time remaining: 13m 15s
[stdout] Rendered 3930/8755, time remaining: 13m 14s
[stdout] Rendered 3931/8755, time remaining: 13m 14s
[stdout] Rendered 3932/8755, time remaining: 13m 14s
[stdout] Rendered 3933/8755, time remaining: 13m 14s
[stdout] Rendered 3934/8755, time remaining: 13m 14s
[stdout] Rendered 3934/8755, time remaining: 13m 14s
[stdout] Rendered 3935/8755, time remaining: 13m 14s
[stdout] Rendered 3936/8755, time remaining: 13m 13s
[stdout] Rendered 3937/8755, time remaining: 13m 13s
[stdout] Rendered 3938/8755, time remaining: 13m 13s
[stdout] Rendered 3939/8755, time remaining: 13m 13s
[stdout] Rendered 3940/8755, time remaining: 13m 13s
[stdout] Rendered 3941/8755, time remaining: 13m 13s
[stdout] Rendered 3942/8755, time remaining: 13m 13s
[stdout] Rendered 3943/8755, time remaining: 13m 12s
[stdout] Rendered 3944/8755, time remaining: 13m 12s
[stdout] Rendered 3945/8755, time remaining: 13m 12s
[stdout] Rendered 3946/8755, time remaining: 13m 12s
[stdout] Rendered 3947/8755, time remaining: 13m 12s
[stdout] Rendered 3948/8755, time remaining: 13m 12s
[stdout] Rendered 3949/8755, time remaining: 13m 11s
[stdout] Rendered 3950/8755, time remaining: 13m 11s
[stdout] Rendered 3951/8755, time remaining: 13m 11s
[stdout] Rendered 3952/8755, time remaining: 13m 11s
[stdout] Rendered 3953/8755, time remaining: 13m 11s
[stdout] Rendered 3953/8755, time remaining: 13m 11s
[stdout] Rendered 3954/8755, time remaining: 13m 11s
[stdout] Rendered 3955/8755, time remaining: 13m 10s
[stdout] Rendered 3956/8755, time remaining: 13m 10s
[stdout] Rendered 3957/8755, time remaining: 13m 10s
[stdout] Rendered 3958/8755, time remaining: 13m 10s
[stdout] Rendered 3959/8755, time remaining: 13m 10s
[stdout] Rendered 3960/8755, time remaining: 13m 10s
[stdout] Rendered 3961/8755, time remaining: 13m 9s
[stdout] Rendered 3962/8755, time remaining: 13m 9s
[stdout] Rendered 3963/8755, time remaining: 13m 9s
[stdout] Rendered 3964/8755, time remaining: 13m 9s
[stdout] Rendered 3965/8755, time remaining: 13m 9s
[stdout] Rendered 3966/8755, time remaining: 13m 9s
[stdout] Rendered 3967/8755, time remaining: 13m 9s
[stdout] Rendered 3968/8755, time remaining: 13m 8s
[stdout] Rendered 3969/8755, time remaining: 13m 8s
[stdout] Rendered 3970/8755, time remaining: 13m 8s
[stdout] Rendered 3970/8755, time remaining: 13m 8s
[stdout] Rendered 3971/8755, time remaining: 13m 8s
[stdout] Rendered 3972/8755, time remaining: 13m 8s
[stdout] Rendered 3973/8755, time remaining: 13m 7s
[stdout] Rendered 3974/8755, time remaining: 13m 7s
[stdout] Rendered 3975/8755, time remaining: 13m 7s
[stdout] Rendered 3976/8755, time remaining: 13m 7s
[stdout] Rendered 3977/8755, time remaining: 13m 7s
[stdout] Rendered 3978/8755, time remaining: 13m 7s
[stdout] Rendered 3979/8755, time remaining: 13m 6s
[stdout] Rendered 3980/8755, time remaining: 13m 6s
[stdout] Rendered 3981/8755, time remaining: 13m 6s
[stdout] Rendered 3982/8755, time remaining: 13m 6s
[stdout] Rendered 3983/8755, time remaining: 13m 6s
[stdout] Rendered 3984/8755, time remaining: 13m 6s
[stdout] Rendered 3985/8755, time remaining: 13m 5s
[stdout] Rendered 3986/8755, time remaining: 13m 5s
[stdout] Rendered 3987/8755, time remaining: 13m 5s
[stdout] Rendered 3988/8755, time remaining: 13m 5s
[stdout] Rendered 3989/8755, time remaining: 13m 5s
[stdout] Rendered 3989/8755, time remaining: 13m 5s
[stdout] Rendered 3990/8755, time remaining: 13m 5s
[stdout] Rendered 3991/8755, time remaining: 13m 4s
[stdout] Rendered 3992/8755, time remaining: 13m 4s
[stdout] Rendered 3993/8755, time remaining: 13m 4s
[stdout] Rendered 3994/8755, time remaining: 13m 4s
[stdout] Rendered 3995/8755, time remaining: 13m 4s
[stdout] Rendered 3996/8755, time remaining: 13m 4s
[stdout] Rendered 3997/8755, time remaining: 13m 4s
[stdout] Rendered 3998/8755, time remaining: 13m 3s
[stdout] Rendered 3999/8755, time remaining: 13m 3s
[stdout] Rendered 4000/8755, time remaining: 13m 3s
[stdout] Rendered 4001/8755, time remaining: 13m 3s
[stdout] Rendered 4002/8755, time remaining: 13m 3s
[stdout] Rendered 4003/8755, time remaining: 13m 3s
[stdout] Rendered 4004/8755, time remaining: 13m 2s
[stdout] Rendered 4005/8755, time remaining: 13m 2s
[stdout] Rendered 4006/8755, time remaining: 13m 2s
[stdout] Rendered 4007/8755, time remaining: 13m 2s
[stdout] Rendered 4007/8755, time remaining: 13m 2s
[stdout] Rendered 4008/8755, time remaining: 13m 2s
[stdout] Rendered 4009/8755, time remaining: 13m 2s
[stdout] Rendered 4010/8755, time remaining: 13m 1s
[stdout] Rendered 4011/8755, time remaining: 13m 1s
[stdout] Rendered 4012/8755, time remaining: 13m 1s
[stdout] Rendered 4013/8755, time remaining: 13m 1s
[stdout] Rendered 4014/8755, time remaining: 13m 1s
[stdout] Rendered 4015/8755, time remaining: 13m 1s
[stdout] Rendered 4016/8755, time remaining: 13m 0s
[stdout] Rendered 4017/8755, time remaining: 13m 0s
[stdout] Rendered 4018/8755, time remaining: 13m 0s
[stdout] Rendered 4019/8755, time remaining: 13m 0s
[stdout] Rendered 4020/8755, time remaining: 13m 0s
[stdout] Rendered 4021/8755, time remaining: 13m 0s
[stdout] Rendered 4022/8755, time remaining: 12m 59s
[stdout] Rendered 4023/8755, time remaining: 12m 59s
[stdout] Rendered 4024/8755, time remaining: 12m 59s
[stdout] Rendered 4025/8755, time remaining: 12m 59s
[stdout] Rendered 4026/8755, time remaining: 12m 59s
[stdout] Rendered 4026/8755, time remaining: 12m 59s
[stdout] Rendered 4027/8755, time remaining: 12m 59s
[stdout] Rendered 4028/8755, time remaining: 12m 58s
[stdout] Rendered 4029/8755, time remaining: 12m 58s
[stdout] Rendered 4030/8755, time remaining: 12m 58s
[stdout] Rendered 4031/8755, time remaining: 12m 58s
[stdout] Rendered 4032/8755, time remaining: 12m 58s
[stdout] Rendered 4033/8755, time remaining: 12m 58s
[stdout] Rendered 4034/8755, time remaining: 12m 57s
[stdout] Rendered 4035/8755, time remaining: 12m 57s
[stdout] Rendered 4036/8755, time remaining: 12m 57s
[stdout] Rendered 4037/8755, time remaining: 12m 57s
[stdout] Rendered 4038/8755, time remaining: 12m 57s
[stdout] Rendered 4039/8755, time remaining: 12m 57s
[stdout] Rendered 4040/8755, time remaining: 12m 56s
[stdout] Rendered 4041/8755, time remaining: 12m 56s
[stdout] Rendered 4042/8755, time remaining: 12m 56s
[stdout] Rendered 4043/8755, time remaining: 12m 56s
[stdout] Rendered 4044/8755, time remaining: 12m 56s
[stdout] Rendered 4045/8755, time remaining: 12m 56s
[stdout] Rendered 4045/8755, time remaining: 12m 56s
[stdout] Rendered 4046/8755, time remaining: 12m 55s
[stdout] Rendered 4047/8755, time remaining: 12m 55s
[stdout] Rendered 4048/8755, time remaining: 12m 55s
[stdout] Rendered 4049/8755, time remaining: 12m 55s
[stdout] Rendered 4050/8755, time remaining: 12m 55s
[stdout] Rendered 4051/8755, time remaining: 12m 55s
[stdout] Rendered 4052/8755, time remaining: 12m 54s
[stdout] Rendered 4053/8755, time remaining: 12m 54s
[stdout] Rendered 4054/8755, time remaining: 12m 54s
[stdout] Rendered 4055/8755, time remaining: 12m 54s
[stdout] Rendered 4056/8755, time remaining: 12m 54s
[stdout] Rendered 4057/8755, time remaining: 12m 54s
[stdout] Rendered 4058/8755, time remaining: 12m 53s
[stdout] Rendered 4059/8755, time remaining: 12m 53s
[stdout] Rendered 4060/8755, time remaining: 12m 53s
[stdout] Rendered 4061/8755, time remaining: 12m 53s
[stdout] Rendered 4061/8755, time remaining: 12m 53s
[stdout] Rendered 4062/8755, time remaining: 12m 53s
[stdout] Rendered 4063/8755, time remaining: 12m 53s
[stdout] Rendered 4064/8755, time remaining: 12m 53s
[stdout] Rendered 4065/8755, time remaining: 12m 52s
[stdout] Rendered 4066/8755, time remaining: 12m 52s
[stdout] Rendered 4067/8755, time remaining: 12m 52s
[stdout] Rendered 4068/8755, time remaining: 12m 52s
[stdout] Rendered 4069/8755, time remaining: 12m 52s
[stdout] Rendered 4070/8755, time remaining: 12m 52s
[stdout] Rendered 4071/8755, time remaining: 12m 51s
[stdout] Rendered 4072/8755, time remaining: 12m 51s
[stdout] Rendered 4073/8755, time remaining: 12m 51s
[stdout] Rendered 4074/8755, time remaining: 12m 51s
[stdout] Rendered 4075/8755, time remaining: 12m 51s
[stdout] Rendered 4076/8755, time remaining: 12m 51s
[stdout] Rendered 4077/8755, time remaining: 12m 50s
[stdout] Rendered 4078/8755, time remaining: 12m 50s
[stdout] Rendered 4079/8755, time remaining: 12m 50s
[stdout] Rendered 4080/8755, time remaining: 12m 50s
[stdout] Rendered 4081/8755, time remaining: 12m 50s
[stdout] Rendered 4081/8755, time remaining: 12m 50s
[stdout] Rendered 4082/8755, time remaining: 12m 50s
[stdout] Rendered 4083/8755, time remaining: 12m 49s
[stdout] Rendered 4084/8755, time remaining: 12m 49s
[stdout] Rendered 4085/8755, time remaining: 12m 49s
[stdout] Rendered 4086/8755, time remaining: 12m 49s
[stdout] Rendered 4087/8755, time remaining: 12m 49s
[stdout] Rendered 4088/8755, time remaining: 12m 49s
[stdout] Rendered 4089/8755, time remaining: 12m 48s
[stdout] Rendered 4090/8755, time remaining: 12m 48s
[stdout] Rendered 4091/8755, time remaining: 12m 48s
[stdout] Rendered 4092/8755, time remaining: 12m 48s
[stdout] Rendered 4093/8755, time remaining: 12m 48s
[stdout] Rendered 4094/8755, time remaining: 12m 48s
[stdout] Rendered 4095/8755, time remaining: 12m 47s
[stdout] Rendered 4096/8755, time remaining: 12m 47s
[stdout] Rendered 4097/8755, time remaining: 12m 47s
[stdout] Rendered 4098/8755, time remaining: 12m 47s
[stdout] Rendered 4099/8755, time remaining: 12m 47s
[stdout] Rendered 4100/8755, time remaining: 12m 47s
[stdout] Rendered 4100/8755, time remaining: 12m 47s
[stdout] Rendered 4101/8755, time remaining: 12m 46s
[stdout] Rendered 4102/8755, time remaining: 12m 46s
[stdout] Rendered 4103/8755, time remaining: 12m 46s
[stdout] Rendered 4104/8755, time remaining: 12m 46s
[stdout] Rendered 4105/8755, time remaining: 12m 46s
[stdout] Rendered 4106/8755, time remaining: 12m 46s
[stdout] Rendered 4107/8755, time remaining: 12m 45s
[stdout] Rendered 4108/8755, time remaining: 12m 45s
[stdout] Rendered 4109/8755, time remaining: 12m 45s
[stdout] Rendered 4110/8755, time remaining: 12m 45s
[stdout] Rendered 4111/8755, time remaining: 12m 45s
[stdout] Rendered 4112/8755, time remaining: 12m 45s
[stdout] Rendered 4113/8755, time remaining: 12m 44s
[stdout] Rendered 4114/8755, time remaining: 12m 44s
[stdout] Rendered 4115/8755, time remaining: 12m 44s
[stdout] Rendered 4116/8755, time remaining: 12m 44s
[stdout] Rendered 4117/8755, time remaining: 12m 44s
[stdout] Rendered 4117/8755, time remaining: 12m 44s
[stdout] Rendered 4118/8755, time remaining: 12m 44s
[stdout] Rendered 4119/8755, time remaining: 12m 43s
[stdout] Rendered 4120/8755, time remaining: 12m 43s
[stdout] Rendered 4121/8755, time remaining: 12m 43s
[stdout] Rendered 4122/8755, time remaining: 12m 43s
[stdout] Rendered 4123/8755, time remaining: 12m 43s
[stdout] Rendered 4124/8755, time remaining: 12m 43s
[stdout] Rendered 4125/8755, time remaining: 12m 42s
[stdout] Rendered 4126/8755, time remaining: 12m 42s
[stdout] Rendered 4127/8755, time remaining: 12m 42s
[stdout] Rendered 4128/8755, time remaining: 12m 42s
[stdout] Rendered 4129/8755, time remaining: 12m 42s
[stdout] Rendered 4130/8755, time remaining: 12m 42s
[stdout] Rendered 4131/8755, time remaining: 12m 41s
[stdout] Rendered 4132/8755, time remaining: 12m 41s
[stdout] Rendered 4133/8755, time remaining: 12m 41s
[stdout] Rendered 4134/8755, time remaining: 12m 41s
[stdout] Rendered 4135/8755, time remaining: 12m 41s
[stdout] Rendered 4136/8755, time remaining: 12m 41s
[stdout] Rendered 4136/8755, time remaining: 12m 41s
[stdout] Rendered 4137/8755, time remaining: 12m 40s
[stdout] Rendered 4138/8755, time remaining: 12m 40s
[stdout] Rendered 4139/8755, time remaining: 12m 40s
[stdout] Rendered 4140/8755, time remaining: 12m 40s
[stdout] Rendered 4141/8755, time remaining: 12m 40s
[stdout] Rendered 4142/8755, time remaining: 12m 40s
[stdout] Rendered 4143/8755, time remaining: 12m 39s
[stdout] Rendered 4144/8755, time remaining: 12m 39s
[stdout] Rendered 4145/8755, time remaining: 12m 39s
[stdout] Rendered 4146/8755, time remaining: 12m 39s
[stdout] Rendered 4147/8755, time remaining: 12m 39s
[stdout] Rendered 4148/8755, time remaining: 12m 39s
[stdout] Rendered 4149/8755, time remaining: 12m 38s
[stdout] Rendered 4150/8755, time remaining: 12m 38s
[stdout] Rendered 4151/8755, time remaining: 12m 38s
[stdout] Rendered 4152/8755, time remaining: 12m 38s
[stdout] Rendered 4153/8755, time remaining: 12m 38s
[stdout] Rendered 4154/8755, time remaining: 12m 38s
[stdout] Rendered 4154/8755, time remaining: 12m 38s
[stdout] Rendered 4155/8755, time remaining: 12m 37s
[stdout] Rendered 4156/8755, time remaining: 12m 37s
[stdout] Rendered 4157/8755, time remaining: 12m 37s
[stdout] Rendered 4158/8755, time remaining: 12m 37s
[stdout] Rendered 4159/8755, time remaining: 12m 37s
[stdout] Rendered 4160/8755, time remaining: 12m 37s
[stdout] Rendered 4161/8755, time remaining: 12m 36s
[stdout] Rendered 4162/8755, time remaining: 12m 36s
[stdout] Rendered 4163/8755, time remaining: 12m 36s
[stdout] Rendered 4164/8755, time remaining: 12m 36s
[stdout] Rendered 4165/8755, time remaining: 12m 36s
[stdout] Rendered 4166/8755, time remaining: 12m 36s
[stdout] Rendered 4167/8755, time remaining: 12m 35s
[stdout] Rendered 4168/8755, time remaining: 12m 35s
[stdout] Rendered 4169/8755, time remaining: 12m 35s
[stdout] Rendered 4170/8755, time remaining: 12m 35s
[stdout] Rendered 4171/8755, time remaining: 12m 35s
[stdout] Rendered 4172/8755, time remaining: 12m 35s
[stdout] Rendered 4173/8755, time remaining: 12m 34s
[stdout] Rendered 4173/8755, time remaining: 12m 34s
[stdout] Rendered 4174/8755, time remaining: 12m 34s
[stdout] Rendered 4175/8755, time remaining: 12m 34s
[stdout] Rendered 4176/8755, time remaining: 12m 34s
[stdout] Rendered 4177/8755, time remaining: 12m 34s
[stdout] Rendered 4178/8755, time remaining: 12m 34s
[stdout] Rendered 4179/8755, time remaining: 12m 33s
[stdout] Rendered 4180/8755, time remaining: 12m 33s
[stdout] Rendered 4181/8755, time remaining: 12m 33s
[stdout] Rendered 4182/8755, time remaining: 12m 33s
[stdout] Rendered 4183/8755, time remaining: 12m 33s
[stdout] Rendered 4184/8755, time remaining: 12m 33s
[stdout] Rendered 4185/8755, time remaining: 12m 32s
[stdout] Rendered 4186/8755, time remaining: 12m 32s
[stdout] Rendered 4187/8755, time remaining: 12m 32s
[stdout] Rendered 4188/8755, time remaining: 12m 32s
[stdout] Rendered 4189/8755, time remaining: 12m 32s
[stdout] Rendered 4190/8755, time remaining: 12m 32s
[stdout] Rendered 4191/8755, time remaining: 12m 31s
[stdout] Rendered 4191/8755, time remaining: 12m 31s
[stdout] Rendered 4192/8755, time remaining: 12m 31s
[stdout] Rendered 4193/8755, time remaining: 12m 31s
[stdout] Rendered 4194/8755, time remaining: 12m 31s
[stdout] Rendered 4195/8755, time remaining: 12m 31s
[stdout] Rendered 4196/8755, time remaining: 12m 31s
[stdout] Rendered 4197/8755, time remaining: 12m 31s
[stdout] Rendered 4198/8755, time remaining: 12m 31s
[stdout] Rendered 4199/8755, time remaining: 12m 30s
[stdout] Rendered 4200/8755, time remaining: 12m 30s
[stdout] Rendered 4201/8755, time remaining: 12m 30s
[stdout] Rendered 4202/8755, time remaining: 12m 30s
[stdout] Rendered 4203/8755, time remaining: 12m 30s
[stdout] Rendered 4204/8755, time remaining: 12m 30s
[stdout] Rendered 4205/8755, time remaining: 12m 29s
[stdout] Rendered 4206/8755, time remaining: 12m 29s
[stdout] Rendered 4207/8755, time remaining: 12m 29s
[stdout] Rendered 4208/8755, time remaining: 12m 29s
[stdout] Rendered 4208/8755, time remaining: 12m 29s
[stdout] Rendered 4209/8755, time remaining: 12m 29s
[stdout] Rendered 4210/8755, time remaining: 12m 29s
[stdout] Rendered 4211/8755, time remaining: 12m 29s
[stdout] Rendered 4212/8755, time remaining: 12m 28s
[stdout] Rendered 4213/8755, time remaining: 12m 28s
[stdout] Rendered 4214/8755, time remaining: 12m 28s
[stdout] Rendered 4215/8755, time remaining: 12m 28s
[stdout] Rendered 4216/8755, time remaining: 12m 28s
[stdout] Rendered 4217/8755, time remaining: 12m 27s
[stdout] Rendered 4218/8755, time remaining: 12m 27s
[stdout] Rendered 4219/8755, time remaining: 12m 27s
[stdout] Rendered 4220/8755, time remaining: 12m 27s
[stdout] Rendered 4221/8755, time remaining: 12m 27s
[stdout] Rendered 4222/8755, time remaining: 12m 27s
[stdout] Rendered 4223/8755, time remaining: 12m 27s
[stdout] Rendered 4224/8755, time remaining: 12m 26s
[stdout] Rendered 4225/8755, time remaining: 12m 26s
[stdout] Rendered 4226/8755, time remaining: 12m 26s
[stdout] Rendered 4227/8755, time remaining: 12m 26s
[stdout] Rendered 4227/8755, time remaining: 12m 26s
[stdout] Rendered 4228/8755, time remaining: 12m 26s
[stdout] Rendered 4229/8755, time remaining: 12m 26s
[stdout] Rendered 4230/8755, time remaining: 12m 25s
[stdout] Rendered 4231/8755, time remaining: 12m 25s
[stdout] Rendered 4232/8755, time remaining: 12m 25s
[stdout] Rendered 4233/8755, time remaining: 12m 25s
[stdout] Rendered 4234/8755, time remaining: 12m 25s
[stdout] Rendered 4235/8755, time remaining: 12m 24s
[stdout] Rendered 4236/8755, time remaining: 12m 24s
[stdout] Rendered 4237/8755, time remaining: 12m 24s
[stdout] Rendered 4238/8755, time remaining: 12m 24s
[stdout] Rendered 4239/8755, time remaining: 12m 24s
[stdout] Rendered 4240/8755, time remaining: 12m 24s
[stdout] Rendered 4241/8755, time remaining: 12m 23s
[stdout] Rendered 4242/8755, time remaining: 12m 23s
[stdout] Rendered 4243/8755, time remaining: 12m 23s
[stdout] Rendered 4244/8755, time remaining: 12m 23s
[stdout] Rendered 4245/8755, time remaining: 12m 23s
[stdout] Rendered 4246/8755, time remaining: 12m 23s
[stdout] Rendered 4246/8755, time remaining: 12m 23s
[stdout] Rendered 4247/8755, time remaining: 12m 22s
[stdout] Rendered 4248/8755, time remaining: 12m 22s
[stdout] Rendered 4249/8755, time remaining: 12m 22s
[stdout] Rendered 4250/8755, time remaining: 12m 22s
[stdout] Rendered 4251/8755, time remaining: 12m 22s
[stdout] Rendered 4252/8755, time remaining: 12m 22s
[stdout] Rendered 4253/8755, time remaining: 12m 22s
[stdout] Rendered 4254/8755, time remaining: 12m 21s
[stdout] Rendered 4255/8755, time remaining: 12m 21s
[stdout] Rendered 4256/8755, time remaining: 12m 21s
[stdout] Rendered 4257/8755, time remaining: 12m 21s
[stdout] Rendered 4258/8755, time remaining: 12m 21s
[stdout] Rendered 4259/8755, time remaining: 12m 21s
[stdout] Rendered 4260/8755, time remaining: 12m 20s
[stdout] Rendered 4261/8755, time remaining: 12m 20s
[stdout] Rendered 4262/8755, time remaining: 12m 20s
[stdout] Rendered 4263/8755, time remaining: 12m 20s
[stdout] Rendered 4263/8755, time remaining: 12m 20s
[stdout] Rendered 4264/8755, time remaining: 12m 20s
[stdout] Rendered 4265/8755, time remaining: 12m 20s
[stdout] Rendered 4266/8755, time remaining: 12m 19s
[stdout] Rendered 4267/8755, time remaining: 12m 19s
[stdout] Rendered 4268/8755, time remaining: 12m 19s
[stdout] Rendered 4269/8755, time remaining: 12m 19s
[stdout] Rendered 4270/8755, time remaining: 12m 19s
[stdout] Rendered 4271/8755, time remaining: 12m 19s
[stdout] Rendered 4272/8755, time remaining: 12m 18s
[stdout] Rendered 4273/8755, time remaining: 12m 18s
[stdout] Rendered 4274/8755, time remaining: 12m 18s
[stdout] Rendered 4275/8755, time remaining: 12m 18s
[stdout] Rendered 4276/8755, time remaining: 12m 18s
[stdout] Rendered 4277/8755, time remaining: 12m 18s
[stdout] Rendered 4278/8755, time remaining: 12m 17s
[stdout] Rendered 4279/8755, time remaining: 12m 17s
[stdout] Rendered 4280/8755, time remaining: 12m 17s
[stdout] Rendered 4281/8755, time remaining: 12m 17s
[stdout] Rendered 4281/8755, time remaining: 12m 17s
[stdout] Rendered 4282/8755, time remaining: 12m 17s
[stdout] Rendered 4283/8755, time remaining: 12m 17s
[stdout] Rendered 4284/8755, time remaining: 12m 16s
[stdout] Rendered 4285/8755, time remaining: 12m 16s
[stdout] Rendered 4286/8755, time remaining: 12m 16s
[stdout] Rendered 4287/8755, time remaining: 12m 16s
[stdout] Rendered 4288/8755, time remaining: 12m 16s
[stdout] Rendered 4289/8755, time remaining: 12m 16s
[stdout] Rendered 4290/8755, time remaining: 12m 15s
[stdout] Rendered 4291/8755, time remaining: 12m 15s
[stdout] Rendered 4292/8755, time remaining: 12m 15s
[stdout] Rendered 4293/8755, time remaining: 12m 15s
[stdout] Rendered 4294/8755, time remaining: 12m 15s
[stdout] Rendered 4295/8755, time remaining: 12m 15s
[stdout] Rendered 4296/8755, time remaining: 12m 14s
[stdout] Rendered 4297/8755, time remaining: 12m 14s
[stdout] Rendered 4298/8755, time remaining: 12m 14s
[stdout] Rendered 4299/8755, time remaining: 12m 14s
[stdout] Rendered 4300/8755, time remaining: 12m 14s
[stdout] Rendered 4301/8755, time remaining: 12m 13s
[stdout] Rendered 4301/8755, time remaining: 12m 13s
[stdout] Rendered 4302/8755, time remaining: 12m 13s
[stdout] Rendered 4303/8755, time remaining: 12m 13s
[stdout] Rendered 4304/8755, time remaining: 12m 13s
[stdout] Rendered 4305/8755, time remaining: 12m 13s
[stdout] Rendered 4306/8755, time remaining: 12m 13s
[stdout] Rendered 4307/8755, time remaining: 12m 12s
[stdout] Rendered 4308/8755, time remaining: 12m 12s
[stdout] Rendered 4309/8755, time remaining: 12m 12s
[stdout] Rendered 4310/8755, time remaining: 12m 12s
[stdout] Rendered 4311/8755, time remaining: 12m 12s
[stdout] Rendered 4312/8755, time remaining: 12m 12s
[stdout] Rendered 4313/8755, time remaining: 12m 12s
[stdout] Rendered 4314/8755, time remaining: 12m 11s
[stdout] Rendered 4315/8755, time remaining: 12m 11s
[stdout] Rendered 4316/8755, time remaining: 12m 11s
[stdout] Rendered 4317/8755, time remaining: 12m 11s
[stdout] Rendered 4318/8755, time remaining: 12m 11s
[stdout] Rendered 4319/8755, time remaining: 12m 11s
[stdout] Rendered 4319/8755, time remaining: 12m 11s
[stdout] Rendered 4320/8755, time remaining: 12m 10s
[stdout] Rendered 4321/8755, time remaining: 12m 10s
[stdout] Rendered 4322/8755, time remaining: 12m 10s
[stdout] Rendered 4323/8755, time remaining: 12m 10s
[stdout] Rendered 4324/8755, time remaining: 12m 10s
[stdout] Rendered 4325/8755, time remaining: 12m 10s
[stdout] Rendered 4326/8755, time remaining: 12m 10s
[stdout] Rendered 4327/8755, time remaining: 12m 9s
[stdout] Rendered 4328/8755, time remaining: 12m 9s
[stdout] Rendered 4329/8755, time remaining: 12m 9s
[stdout] Rendered 4330/8755, time remaining: 12m 9s
[stdout] Rendered 4331/8755, time remaining: 12m 9s
[stdout] Rendered 4332/8755, time remaining: 12m 9s
[stdout] Rendered 4333/8755, time remaining: 12m 8s
[stdout] Rendered 4334/8755, time remaining: 12m 8s
[stdout] Rendered 4335/8755, time remaining: 12m 8s
[stdout] Rendered 4335/8755, time remaining: 12m 8s
[stdout] Rendered 4336/8755, time remaining: 12m 8s
[stdout] Rendered 4337/8755, time remaining: 12m 8s
[stdout] Rendered 4338/8755, time remaining: 12m 8s
[stdout] Rendered 4339/8755, time remaining: 12m 7s
[stdout] Rendered 4340/8755, time remaining: 12m 7s
[stdout] Rendered 4341/8755, time remaining: 12m 7s
[stdout] Rendered 4342/8755, time remaining: 12m 7s
[stdout] Rendered 4343/8755, time remaining: 12m 7s
[stdout] Rendered 4344/8755, time remaining: 12m 7s
[stdout] Rendered 4345/8755, time remaining: 12m 7s
[stdout] Rendered 4346/8755, time remaining: 12m 6s
[stdout] Rendered 4347/8755, time remaining: 12m 6s
[stdout] Rendered 4348/8755, time remaining: 12m 6s
[stdout] Rendered 4349/8755, time remaining: 12m 6s
[stdout] Rendered 4350/8755, time remaining: 12m 6s
[stdout] Rendered 4351/8755, time remaining: 12m 5s
[stdout] Rendered 4352/8755, time remaining: 12m 5s
[stdout] Rendered 4353/8755, time remaining: 12m 5s
[stdout] Rendered 4354/8755, time remaining: 12m 5s
[stdout] Rendered 4355/8755, time remaining: 12m 5s
[stdout] Rendered 4355/8755, time remaining: 12m 5s
[stdout] Rendered 4356/8755, time remaining: 12m 5s
[stdout] Rendered 4357/8755, time remaining: 12m 4s
[stdout] Rendered 4358/8755, time remaining: 12m 4s
[stdout] Rendered 4359/8755, time remaining: 12m 4s
[stdout] Rendered 4360/8755, time remaining: 12m 4s
[stdout] Rendered 4361/8755, time remaining: 12m 4s
[stdout] Rendered 4362/8755, time remaining: 12m 4s
[stdout] Rendered 4363/8755, time remaining: 12m 3s
[stdout] Rendered 4364/8755, time remaining: 12m 3s
[stdout] Rendered 4365/8755, time remaining: 12m 3s
[stdout] Rendered 4366/8755, time remaining: 12m 3s
[stdout] Rendered 4367/8755, time remaining: 12m 3s
[stdout] Rendered 4368/8755, time remaining: 12m 3s
[stdout] Rendered 4369/8755, time remaining: 12m 2s
[stdout] Rendered 4370/8755, time remaining: 12m 2s
[stdout] Rendered 4371/8755, time remaining: 12m 2s
[stdout] Rendered 4372/8755, time remaining: 12m 2s
[stdout] Rendered 4373/8755, time remaining: 12m 2s
[stdout] Rendered 4374/8755, time remaining: 12m 1s
[stdout] Rendered 4374/8755, time remaining: 12m 1s
[stdout] Rendered 4375/8755, time remaining: 12m 1s
[stdout] Rendered 4376/8755, time remaining: 12m 1s
[stdout] Rendered 4377/8755, time remaining: 12m 1s
[stdout] Rendered 4378/8755, time remaining: 12m 1s
[stdout] Rendered 4379/8755, time remaining: 12m 1s
[stdout] Rendered 4380/8755, time remaining: 12m 0s
[stdout] Rendered 4381/8755, time remaining: 12m 0s
[stdout] Rendered 4382/8755, time remaining: 12m 0s
[stdout] Rendered 4383/8755, time remaining: 12m 0s
[stdout] Rendered 4384/8755, time remaining: 12m 0s
[stdout] Rendered 4385/8755, time remaining: 12m 0s
[stdout] Rendered 4386/8755, time remaining: 11m 59s
[stdout] Rendered 4387/8755, time remaining: 11m 59s
[stdout] Rendered 4388/8755, time remaining: 11m 59s
[stdout] Rendered 4389/8755, time remaining: 11m 59s
[stdout] Rendered 4390/8755, time remaining: 11m 59s
[stdout] Rendered 4391/8755, time remaining: 11m 59s
[stdout] Rendered 4391/8755, time remaining: 11m 59s
[stdout] Rendered 4392/8755, time remaining: 11m 59s
[stdout] Rendered 4393/8755, time remaining: 11m 58s
[stdout] Rendered 4394/8755, time remaining: 11m 58s
[stdout] Rendered 4395/8755, time remaining: 11m 58s
[stdout] Rendered 4396/8755, time remaining: 11m 58s
[stdout] Rendered 4397/8755, time remaining: 11m 58s
[stdout] Rendered 4398/8755, time remaining: 11m 58s
[stdout] Rendered 4399/8755, time remaining: 11m 58s
[stdout] Rendered 4400/8755, time remaining: 11m 58s
[stdout] Rendered 4401/8755, time remaining: 11m 58s
[stdout] Rendered 4402/8755, time remaining: 11m 57s
[stdout] Rendered 4403/8755, time remaining: 11m 57s
[stdout] Rendered 4404/8755, time remaining: 11m 57s
[stdout] Rendered 4405/8755, time remaining: 11m 57s
[stdout] Rendered 4406/8755, time remaining: 11m 57s
[stdout] Rendered 4407/8755, time remaining: 11m 57s
[stdout] Rendered 4407/8755, time remaining: 11m 57s
[stdout] Rendered 4408/8755, time remaining: 11m 57s
[stdout] Rendered 4409/8755, time remaining: 11m 56s
[stdout] Rendered 4410/8755, time remaining: 11m 56s
[stdout] Rendered 4411/8755, time remaining: 11m 56s
[stdout] Rendered 4412/8755, time remaining: 11m 56s
[stdout] Rendered 4413/8755, time remaining: 11m 56s
[stdout] Rendered 4414/8755, time remaining: 11m 56s
[stdout] Rendered 4415/8755, time remaining: 11m 55s
[stdout] Rendered 4416/8755, time remaining: 11m 55s
[stdout] Rendered 4417/8755, time remaining: 11m 55s
[stdout] Rendered 4418/8755, time remaining: 11m 55s
[stdout] Rendered 4419/8755, time remaining: 11m 55s
[stdout] Rendered 4420/8755, time remaining: 11m 55s
[stdout] Rendered 4421/8755, time remaining: 11m 54s
[stdout] Rendered 4422/8755, time remaining: 11m 54s
[stdout] Rendered 4423/8755, time remaining: 11m 54s
[stdout] Rendered 4424/8755, time remaining: 11m 54s
[stdout] Rendered 4425/8755, time remaining: 11m 54s
[stdout] Rendered 4426/8755, time remaining: 11m 53s
[stdout] Rendered 4426/8755, time remaining: 11m 53s
[stdout] Rendered 4427/8755, time remaining: 11m 53s
[stdout] Rendered 4428/8755, time remaining: 11m 53s
[stdout] Rendered 4429/8755, time remaining: 11m 53s
[stdout] Rendered 4430/8755, time remaining: 11m 53s
[stdout] Rendered 4431/8755, time remaining: 11m 53s
[stdout] Rendered 4432/8755, time remaining: 11m 53s
[stdout] Rendered 4433/8755, time remaining: 11m 52s
[stdout] Rendered 4434/8755, time remaining: 11m 52s
[stdout] Rendered 4435/8755, time remaining: 11m 52s
[stdout] Rendered 4436/8755, time remaining: 11m 52s
[stdout] Rendered 4437/8755, time remaining: 11m 52s
[stdout] Rendered 4438/8755, time remaining: 11m 51s
[stdout] Rendered 4439/8755, time remaining: 11m 51s
[stdout] Rendered 4440/8755, time remaining: 11m 51s
[stdout] Rendered 4441/8755, time remaining: 11m 51s
[stdout] Rendered 4442/8755, time remaining: 11m 51s
[stdout] Rendered 4443/8755, time remaining: 11m 51s
[stdout] Rendered 4444/8755, time remaining: 11m 51s
[stdout] Rendered 4444/8755, time remaining: 11m 51s
[stdout] Rendered 4445/8755, time remaining: 11m 50s
[stdout] Rendered 4446/8755, time remaining: 11m 50s
[stdout] Rendered 4447/8755, time remaining: 11m 50s
[stdout] Rendered 4448/8755, time remaining: 11m 50s
[stdout] Rendered 4449/8755, time remaining: 11m 50s
[stdout] Rendered 4450/8755, time remaining: 11m 49s
[stdout] Rendered 4451/8755, time remaining: 11m 49s
[stdout] Rendered 4452/8755, time remaining: 11m 49s
[stdout] Rendered 4453/8755, time remaining: 11m 49s
[stdout] Rendered 4454/8755, time remaining: 11m 49s
[stdout] Rendered 4455/8755, time remaining: 11m 49s
[stdout] Rendered 4456/8755, time remaining: 11m 48s
[stdout] Rendered 4457/8755, time remaining: 11m 48s
[stdout] Rendered 4458/8755, time remaining: 11m 48s
[stdout] Rendered 4459/8755, time remaining: 11m 48s
[stdout] Rendered 4460/8755, time remaining: 11m 48s
[stdout] Rendered 4461/8755, time remaining: 11m 48s
[stdout] Rendered 4462/8755, time remaining: 11m 47s
[stdout] Rendered 4463/8755, time remaining: 11m 47s
[stdout] Rendered 4464/8755, time remaining: 11m 47s
[stdout] Rendered 4465/8755, time remaining: 11m 47s
[stdout] Rendered 4465/8755, time remaining: 11m 47s
[stdout] Rendered 4466/8755, time remaining: 11m 47s
[stdout] Rendered 4467/8755, time remaining: 11m 47s
[stdout] Rendered 4468/8755, time remaining: 11m 46s
[stdout] Rendered 4469/8755, time remaining: 11m 46s
[stdout] Rendered 4470/8755, time remaining: 11m 46s
[stdout] Rendered 4471/8755, time remaining: 11m 46s
[stdout] Rendered 4472/8755, time remaining: 11m 46s
[stdout] Rendered 4473/8755, time remaining: 11m 46s
[stdout] Rendered 4474/8755, time remaining: 11m 45s
[stdout] Rendered 4475/8755, time remaining: 11m 45s
[stdout] Rendered 4476/8755, time remaining: 11m 45s
[stdout] Rendered 4477/8755, time remaining: 11m 45s
[stdout] Rendered 4478/8755, time remaining: 11m 45s
[stdout] Rendered 4479/8755, time remaining: 11m 44s
[stdout] Rendered 4480/8755, time remaining: 11m 44s
[stdout] Rendered 4481/8755, time remaining: 11m 44s
[stdout] Rendered 4482/8755, time remaining: 11m 44s
[stdout] Rendered 4483/8755, time remaining: 11m 44s
[stdout] Rendered 4483/8755, time remaining: 11m 44s
[stdout] Rendered 4484/8755, time remaining: 11m 44s
[stdout] Rendered 4485/8755, time remaining: 11m 43s
[stdout] Rendered 4486/8755, time remaining: 11m 43s
[stdout] Rendered 4487/8755, time remaining: 11m 43s
[stdout] Rendered 4488/8755, time remaining: 11m 43s
[stdout] Rendered 4489/8755, time remaining: 11m 43s
[stdout] Rendered 4490/8755, time remaining: 11m 43s
[stdout] Rendered 4491/8755, time remaining: 11m 42s
[stdout] Rendered 4492/8755, time remaining: 11m 42s
[stdout] Rendered 4493/8755, time remaining: 11m 42s
[stdout] Rendered 4494/8755, time remaining: 11m 42s
[stdout] Rendered 4495/8755, time remaining: 11m 42s
[stdout] Rendered 4496/8755, time remaining: 11m 42s
[stdout] Rendered 4497/8755, time remaining: 11m 42s
[stdout] Rendered 4498/8755, time remaining: 11m 41s
[stdout] Rendered 4499/8755, time remaining: 11m 41s
[stdout] Rendered 4499/8755, time remaining: 11m 41s
[stdout] Rendered 4500/8755, time remaining: 11m 41s
[stdout] Rendered 4501/8755, time remaining: 11m 41s
[stdout] Rendered 4502/8755, time remaining: 11m 41s
[stdout] Rendered 4503/8755, time remaining: 11m 41s
[stdout] Rendered 4504/8755, time remaining: 11m 41s
[stdout] Rendered 4505/8755, time remaining: 11m 40s
[stdout] Rendered 4506/8755, time remaining: 11m 40s
[stdout] Rendered 4507/8755, time remaining: 11m 40s
[stdout] Rendered 4508/8755, time remaining: 11m 40s
[stdout] Rendered 4509/8755, time remaining: 11m 40s
[stdout] Rendered 4510/8755, time remaining: 11m 40s
[stdout] Rendered 4511/8755, time remaining: 11m 39s
[stdout] Rendered 4512/8755, time remaining: 11m 39s
[stdout] Rendered 4513/8755, time remaining: 11m 39s
[stdout] Rendered 4514/8755, time remaining: 11m 39s
[stdout] Rendered 4515/8755, time remaining: 11m 39s
[stdout] Rendered 4516/8755, time remaining: 11m 39s
[stdout] Rendered 4517/8755, time remaining: 11m 38s
[stdout] Rendered 4517/8755, time remaining: 11m 38s
[stdout] Rendered 4518/8755, time remaining: 11m 38s
[stdout] Rendered 4519/8755, time remaining: 11m 38s
[stdout] Rendered 4520/8755, time remaining: 11m 38s
[stdout] Rendered 4521/8755, time remaining: 11m 38s
[stdout] Rendered 4522/8755, time remaining: 11m 38s
[stdout] Rendered 4523/8755, time remaining: 11m 38s
[stdout] Rendered 4524/8755, time remaining: 11m 37s
[stdout] Rendered 4525/8755, time remaining: 11m 37s
[stdout] Rendered 4526/8755, time remaining: 11m 37s
[stdout] Rendered 4527/8755, time remaining: 11m 37s
[stdout] Rendered 4528/8755, time remaining: 11m 37s
[stdout] Rendered 4529/8755, time remaining: 11m 36s
[stdout] Rendered 4530/8755, time remaining: 11m 36s
[stdout] Rendered 4531/8755, time remaining: 11m 36s
[stdout] Rendered 4532/8755, time remaining: 11m 36s
[stdout] Rendered 4533/8755, time remaining: 11m 36s
[stdout] Rendered 4534/8755, time remaining: 11m 36s
[stdout] Rendered 4535/8755, time remaining: 11m 36s
[stdout] Rendered 4535/8755, time remaining: 11m 36s
[stdout] Rendered 4536/8755, time remaining: 11m 35s
[stdout] Rendered 4537/8755, time remaining: 11m 35s
[stdout] Rendered 4538/8755, time remaining: 11m 35s
[stdout] Rendered 4539/8755, time remaining: 11m 35s
[stdout] Rendered 4540/8755, time remaining: 11m 35s
[stdout] Rendered 4541/8755, time remaining: 11m 35s
[stdout] Rendered 4542/8755, time remaining: 11m 35s
[stdout] Rendered 4543/8755, time remaining: 11m 34s
[stdout] Rendered 4544/8755, time remaining: 11m 34s
[stdout] Rendered 4545/8755, time remaining: 11m 34s
[stdout] Rendered 4546/8755, time remaining: 11m 34s
[stdout] Rendered 4547/8755, time remaining: 11m 34s
[stdout] Rendered 4548/8755, time remaining: 11m 34s
[stdout] Rendered 4549/8755, time remaining: 11m 33s
[stdout] Rendered 4550/8755, time remaining: 11m 33s
[stdout] Rendered 4551/8755, time remaining: 11m 33s
[stdout] Rendered 4552/8755, time remaining: 11m 33s
[stdout] Rendered 4553/8755, time remaining: 11m 33s
[stdout] Rendered 4553/8755, time remaining: 11m 33s
[stdout] Rendered 4554/8755, time remaining: 11m 33s
[stdout] Rendered 4555/8755, time remaining: 11m 32s
[stdout] Rendered 4556/8755, time remaining: 11m 32s
[stdout] Rendered 4557/8755, time remaining: 11m 32s
[stdout] Rendered 4558/8755, time remaining: 11m 32s
[stdout] Rendered 4559/8755, time remaining: 11m 32s
[stdout] Rendered 4560/8755, time remaining: 11m 32s
[stdout] Rendered 4561/8755, time remaining: 11m 31s
[stdout] Rendered 4562/8755, time remaining: 11m 31s
[stdout] Rendered 4563/8755, time remaining: 11m 31s
[stdout] Rendered 4564/8755, time remaining: 11m 31s
[stdout] Rendered 4565/8755, time remaining: 11m 31s
[stdout] Rendered 4566/8755, time remaining: 11m 31s
[stdout] Rendered 4567/8755, time remaining: 11m 30s
[stdout] Rendered 4568/8755, time remaining: 11m 30s
[stdout] Rendered 4569/8755, time remaining: 11m 30s
[stdout] Rendered 4570/8755, time remaining: 11m 30s
[stdout] Rendered 4571/8755, time remaining: 11m 30s
[stdout] Rendered 4571/8755, time remaining: 11m 30s
[stdout] Rendered 4572/8755, time remaining: 11m 30s
[stdout] Rendered 4573/8755, time remaining: 11m 29s
[stdout] Rendered 4574/8755, time remaining: 11m 29s
[stdout] Rendered 4575/8755, time remaining: 11m 29s
[stdout] Rendered 4576/8755, time remaining: 11m 29s
[stdout] Rendered 4577/8755, time remaining: 11m 29s
[stdout] Rendered 4578/8755, time remaining: 11m 29s
[stdout] Rendered 4579/8755, time remaining: 11m 28s
[stdout] Rendered 4580/8755, time remaining: 11m 28s
[stdout] Rendered 4581/8755, time remaining: 11m 28s
[stdout] Rendered 4582/8755, time remaining: 11m 28s
[stdout] Rendered 4583/8755, time remaining: 11m 28s
[stdout] Rendered 4584/8755, time remaining: 11m 28s
[stdout] Rendered 4585/8755, time remaining: 11m 27s
[stdout] Rendered 4586/8755, time remaining: 11m 27s
[stdout] Rendered 4587/8755, time remaining: 11m 27s
[stdout] Rendered 4588/8755, time remaining: 11m 27s
[stdout] Rendered 4589/8755, time remaining: 11m 27s
[stdout] Rendered 4590/8755, time remaining: 11m 26s
[stdout] Rendered 4591/8755, time remaining: 11m 26s
[stdout] Rendered 4591/8755, time remaining: 11m 26s
[stdout] Rendered 4592/8755, time remaining: 11m 26s
[stdout] Rendered 4593/8755, time remaining: 11m 26s
[stdout] Rendered 4594/8755, time remaining: 11m 26s
[stdout] Rendered 4595/8755, time remaining: 11m 26s
[stdout] Rendered 4596/8755, time remaining: 11m 25s
[stdout] Rendered 4597/8755, time remaining: 11m 25s
[stdout] Rendered 4598/8755, time remaining: 11m 25s
[stdout] Rendered 4599/8755, time remaining: 11m 25s
[stdout] Rendered 4600/8755, time remaining: 11m 25s
[stdout] Rendered 4601/8755, time remaining: 11m 25s
[stdout] Rendered 4602/8755, time remaining: 11m 24s
[stdout] Rendered 4603/8755, time remaining: 11m 24s
[stdout] Rendered 4604/8755, time remaining: 11m 24s
[stdout] Rendered 4605/8755, time remaining: 11m 24s
[stdout] Rendered 4606/8755, time remaining: 11m 24s
[stdout] Rendered 4607/8755, time remaining: 11m 24s
[stdout] Rendered 4608/8755, time remaining: 11m 23s
[stdout] Rendered 4609/8755, time remaining: 11m 23s
[stdout] Rendered 4610/8755, time remaining: 11m 23s
[stdout] Rendered 4610/8755, time remaining: 11m 23s
[stdout] Rendered 4611/8755, time remaining: 11m 23s
[stdout] Rendered 4612/8755, time remaining: 11m 23s
[stdout] Rendered 4613/8755, time remaining: 11m 23s
[stdout] Rendered 4614/8755, time remaining: 11m 22s
[stdout] Rendered 4615/8755, time remaining: 11m 22s
[stdout] Rendered 4616/8755, time remaining: 11m 22s
[stdout] Rendered 4617/8755, time remaining: 11m 22s
[stdout] Rendered 4618/8755, time remaining: 11m 22s
[stdout] Rendered 4619/8755, time remaining: 11m 22s
[stdout] Rendered 4620/8755, time remaining: 11m 21s
[stdout] Rendered 4621/8755, time remaining: 11m 21s
[stdout] Rendered 4622/8755, time remaining: 11m 21s
[stdout] Rendered 4623/8755, time remaining: 11m 21s
[stdout] Rendered 4624/8755, time remaining: 11m 21s
[stdout] Rendered 4625/8755, time remaining: 11m 21s
[stdout] Rendered 4626/8755, time remaining: 11m 20s
[stdout] Rendered 4627/8755, time remaining: 11m 20s
[stdout] Rendered 4628/8755, time remaining: 11m 20s
[stdout] Rendered 4628/8755, time remaining: 11m 20s
[stdout] Rendered 4629/8755, time remaining: 11m 20s
[stdout] Rendered 4630/8755, time remaining: 11m 20s
[stdout] Rendered 4631/8755, time remaining: 11m 20s
[stdout] Rendered 4632/8755, time remaining: 11m 20s
[stdout] Rendered 4633/8755, time remaining: 11m 19s
[stdout] Rendered 4634/8755, time remaining: 11m 19s
[stdout] Rendered 4635/8755, time remaining: 11m 19s
[stdout] Rendered 4636/8755, time remaining: 11m 19s
[stdout] Rendered 4637/8755, time remaining: 11m 19s
[stdout] Rendered 4638/8755, time remaining: 11m 18s
[stdout] Rendered 4639/8755, time remaining: 11m 18s
[stdout] Rendered 4640/8755, time remaining: 11m 18s
[stdout] Rendered 4641/8755, time remaining: 11m 18s
[stdout] Rendered 4642/8755, time remaining: 11m 18s
[stdout] Rendered 4643/8755, time remaining: 11m 18s
[stdout] Rendered 4644/8755, time remaining: 11m 17s
[stdout] Rendered 4645/8755, time remaining: 11m 17s
[stdout] Rendered 4646/8755, time remaining: 11m 17s
[stdout] Rendered 4647/8755, time remaining: 11m 17s
[stdout] Rendered 4647/8755, time remaining: 11m 17s
[stdout] Rendered 4648/8755, time remaining: 11m 17s
[stdout] Rendered 4649/8755, time remaining: 11m 17s
[stdout] Rendered 4650/8755, time remaining: 11m 16s
[stdout] Rendered 4651/8755, time remaining: 11m 16s
[stdout] Rendered 4652/8755, time remaining: 11m 16s
[stdout] Rendered 4653/8755, time remaining: 11m 16s
[stdout] Rendered 4654/8755, time remaining: 11m 16s
[stdout] Rendered 4655/8755, time remaining: 11m 16s
[stdout] Rendered 4656/8755, time remaining: 11m 16s
[stdout] Rendered 4657/8755, time remaining: 11m 15s
[stdout] Rendered 4658/8755, time remaining: 11m 15s
[stdout] Rendered 4659/8755, time remaining: 11m 15s
[stdout] Rendered 4660/8755, time remaining: 11m 15s
[stdout] Rendered 4661/8755, time remaining: 11m 15s
[stdout] Rendered 4662/8755, time remaining: 11m 15s
[stdout] Rendered 4662/8755, time remaining: 11m 15s
[stdout] Rendered 4663/8755, time remaining: 11m 15s
[stdout] Rendered 4664/8755, time remaining: 11m 14s
[stdout] Rendered 4665/8755, time remaining: 11m 14s
[stdout] Rendered 4666/8755, time remaining: 11m 14s
[stdout] Rendered 4667/8755, time remaining: 11m 14s
[stdout] Rendered 4668/8755, time remaining: 11m 14s
[stdout] Rendered 4669/8755, time remaining: 11m 14s
[stdout] Rendered 4670/8755, time remaining: 11m 13s
[stdout] Rendered 4671/8755, time remaining: 11m 13s
[stdout] Rendered 4672/8755, time remaining: 11m 13s
[stdout] Rendered 4673/8755, time remaining: 11m 13s
[stdout] Rendered 4674/8755, time remaining: 11m 13s
[stdout] Rendered 4675/8755, time remaining: 11m 13s
[stdout] Rendered 4676/8755, time remaining: 11m 12s
[stdout] Rendered 4677/8755, time remaining: 11m 12s
[stdout] Rendered 4678/8755, time remaining: 11m 12s
[stdout] Rendered 4679/8755, time remaining: 11m 12s
[stdout] Rendered 4680/8755, time remaining: 11m 12s
[stdout] Rendered 4681/8755, time remaining: 11m 12s
[stdout] Rendered 4681/8755, time remaining: 11m 12s
[stdout] Rendered 4682/8755, time remaining: 11m 11s
[stdout] Rendered 4683/8755, time remaining: 11m 11s
[stdout] Rendered 4684/8755, time remaining: 11m 11s
[stdout] Rendered 4685/8755, time remaining: 11m 11s
[stdout] Rendered 4686/8755, time remaining: 11m 11s
[stdout] Rendered 4687/8755, time remaining: 11m 11s
[stdout] Rendered 4688/8755, time remaining: 11m 11s
[stdout] Rendered 4689/8755, time remaining: 11m 10s
[stdout] Rendered 4690/8755, time remaining: 11m 10s
[stdout] Rendered 4691/8755, time remaining: 11m 10s
[stdout] Rendered 4692/8755, time remaining: 11m 10s
[stdout] Rendered 4693/8755, time remaining: 11m 10s
[stdout] Rendered 4694/8755, time remaining: 11m 9s
[stdout] Rendered 4695/8755, time remaining: 11m 9s
[stdout] Rendered 4696/8755, time remaining: 11m 9s
[stdout] Rendered 4697/8755, time remaining: 11m 9s
[stdout] Rendered 4698/8755, time remaining: 11m 9s
[stdout] Rendered 4699/8755, time remaining: 11m 9s
[stdout] Rendered 4700/8755, time remaining: 11m 8s
[stdout] Rendered 4700/8755, time remaining: 11m 8s
[stdout] Rendered 4701/8755, time remaining: 11m 8s
[stdout] Rendered 4702/8755, time remaining: 11m 8s
[stdout] Rendered 4703/8755, time remaining: 11m 8s
[stdout] Rendered 4704/8755, time remaining: 11m 8s
[stdout] Rendered 4705/8755, time remaining: 11m 8s
[stdout] Rendered 4706/8755, time remaining: 11m 7s
[stdout] Rendered 4707/8755, time remaining: 11m 7s
[stdout] Rendered 4708/8755, time remaining: 11m 7s
[stdout] Rendered 4709/8755, time remaining: 11m 7s
[stdout] Rendered 4710/8755, time remaining: 11m 7s
[stdout] Rendered 4711/8755, time remaining: 11m 7s
[stdout] Rendered 4712/8755, time remaining: 11m 6s
[stdout] Rendered 4713/8755, time remaining: 11m 6s
[stdout] Rendered 4714/8755, time remaining: 11m 6s
[stdout] Rendered 4715/8755, time remaining: 11m 6s
[stdout] Rendered 4716/8755, time remaining: 11m 6s
[stdout] Rendered 4717/8755, time remaining: 11m 6s
[stdout] Rendered 4718/8755, time remaining: 11m 5s
[stdout] Rendered 4719/8755, time remaining: 11m 5s
[stdout] Rendered 4719/8755, time remaining: 11m 5s
[stdout] Rendered 4720/8755, time remaining: 11m 5s
[stdout] Rendered 4721/8755, time remaining: 11m 5s
[stdout] Rendered 4722/8755, time remaining: 11m 5s
[stdout] Rendered 4723/8755, time remaining: 11m 5s
[stdout] Rendered 4724/8755, time remaining: 11m 4s
[stdout] Rendered 4725/8755, time remaining: 11m 4s
[stdout] Rendered 4726/8755, time remaining: 11m 4s
[stdout] Rendered 4727/8755, time remaining: 11m 4s
[stdout] Rendered 4728/8755, time remaining: 11m 4s
[stdout] Rendered 4729/8755, time remaining: 11m 4s
[stdout] Rendered 4730/8755, time remaining: 11m 3s
[stdout] Rendered 4731/8755, time remaining: 11m 3s
[stdout] Rendered 4732/8755, time remaining: 11m 3s
[stdout] Rendered 4733/8755, time remaining: 11m 3s
[stdout] Rendered 4734/8755, time remaining: 11m 3s
[stdout] Rendered 4735/8755, time remaining: 11m 3s
[stdout] Rendered 4736/8755, time remaining: 11m 2s
[stdout] Rendered 4737/8755, time remaining: 11m 2s
[stdout] Rendered 4737/8755, time remaining: 11m 2s
[stdout] Rendered 4738/8755, time remaining: 11m 2s
[stdout] Rendered 4739/8755, time remaining: 11m 2s
[stdout] Rendered 4740/8755, time remaining: 11m 2s
[stdout] Rendered 4741/8755, time remaining: 11m 2s
[stdout] Rendered 4742/8755, time remaining: 11m 1s
[stdout] Rendered 4743/8755, time remaining: 11m 1s
[stdout] Rendered 4744/8755, time remaining: 11m 1s
[stdout] Rendered 4745/8755, time remaining: 11m 1s
[stdout] Rendered 4746/8755, time remaining: 11m 1s
[stdout] Rendered 4747/8755, time remaining: 11m 1s
[stdout] Rendered 4748/8755, time remaining: 11m 0s
[stdout] Rendered 4749/8755, time remaining: 11m 0s
[stdout] Rendered 4750/8755, time remaining: 11m 0s
[stdout] Rendered 4751/8755, time remaining: 11m 0s
[stdout] Rendered 4752/8755, time remaining: 11m 0s
[stdout] Rendered 4753/8755, time remaining: 11m 0s
[stdout] Rendered 4754/8755, time remaining: 11m 0s
[stdout] Rendered 4755/8755, time remaining: 10m 59s
[stdout] Rendered 4755/8755, time remaining: 10m 59s
[stdout] Rendered 4756/8755, time remaining: 10m 59s
[stdout] Rendered 4757/8755, time remaining: 10m 59s
[stdout] Rendered 4758/8755, time remaining: 10m 59s
[stdout] Rendered 4759/8755, time remaining: 10m 59s
[stdout] Rendered 4760/8755, time remaining: 10m 59s
[stdout] Rendered 4761/8755, time remaining: 10m 59s
[stdout] Rendered 4762/8755, time remaining: 10m 59s
[stdout] Rendered 4763/8755, time remaining: 10m 58s
[stdout] Rendered 4764/8755, time remaining: 10m 58s
[stdout] Rendered 4765/8755, time remaining: 10m 58s
[stdout] Rendered 4766/8755, time remaining: 10m 58s
[stdout] Rendered 4767/8755, time remaining: 10m 58s
[stdout] Rendered 4768/8755, time remaining: 10m 58s
[stdout] Rendered 4769/8755, time remaining: 10m 58s
[stdout] Rendered 4769/8755, time remaining: 10m 58s
[stdout] Rendered 4770/8755, time remaining: 10m 57s
[stdout] Rendered 4771/8755, time remaining: 10m 57s
[stdout] Rendered 4772/8755, time remaining: 10m 57s
[stdout] Rendered 4773/8755, time remaining: 10m 57s
[stdout] Rendered 4774/8755, time remaining: 10m 57s
[stdout] Rendered 4775/8755, time remaining: 10m 57s
[stdout] Rendered 4776/8755, time remaining: 10m 56s
[stdout] Rendered 4777/8755, time remaining: 10m 56s
[stdout] Rendered 4778/8755, time remaining: 10m 56s
[stdout] Rendered 4779/8755, time remaining: 10m 56s
[stdout] Rendered 4780/8755, time remaining: 10m 56s
[stdout] Rendered 4781/8755, time remaining: 10m 56s
[stdout] Rendered 4782/8755, time remaining: 10m 55s
[stdout] Rendered 4783/8755, time remaining: 10m 55s
[stdout] Rendered 4784/8755, time remaining: 10m 55s
[stdout] Rendered 4785/8755, time remaining: 10m 55s
[stdout] Rendered 4786/8755, time remaining: 10m 55s
[stdout] Rendered 4787/8755, time remaining: 10m 55s
[stdout] Rendered 4787/8755, time remaining: 10m 55s
[stdout] Rendered 4788/8755, time remaining: 10m 54s
[stdout] Rendered 4789/8755, time remaining: 10m 54s
[stdout] Rendered 4790/8755, time remaining: 10m 54s
[stdout] Rendered 4791/8755, time remaining: 10m 54s
[stdout] Rendered 4792/8755, time remaining: 10m 54s
[stdout] Rendered 4793/8755, time remaining: 10m 54s
[stdout] Rendered 4794/8755, time remaining: 10m 53s
[stdout] Rendered 4795/8755, time remaining: 10m 53s
[stdout] Rendered 4796/8755, time remaining: 10m 53s
[stdout] Rendered 4797/8755, time remaining: 10m 53s
[stdout] Rendered 4798/8755, time remaining: 10m 53s
[stdout] Rendered 4799/8755, time remaining: 10m 53s
[stdout] Rendered 4800/8755, time remaining: 10m 53s
[stdout] Rendered 4801/8755, time remaining: 10m 52s
[stdout] Rendered 4802/8755, time remaining: 10m 52s
[stdout] Rendered 4803/8755, time remaining: 10m 52s
[stdout] Rendered 4804/8755, time remaining: 10m 52s
[stdout] Rendered 4805/8755, time remaining: 10m 52s
[stdout] Rendered 4805/8755, time remaining: 10m 52s
[stdout] Rendered 4806/8755, time remaining: 10m 51s
[stdout] Rendered 4807/8755, time remaining: 10m 51s
[stdout] Rendered 4808/8755, time remaining: 10m 51s
[stdout] Rendered 4809/8755, time remaining: 10m 51s
[stdout] Rendered 4810/8755, time remaining: 10m 51s
[stdout] Rendered 4811/8755, time remaining: 10m 51s
[stdout] Rendered 4812/8755, time remaining: 10m 51s
[stdout] Rendered 4813/8755, time remaining: 10m 50s
[stdout] Rendered 4814/8755, time remaining: 10m 50s
[stdout] Rendered 4815/8755, time remaining: 10m 50s
[stdout] Rendered 4816/8755, time remaining: 10m 50s
[stdout] Rendered 4817/8755, time remaining: 10m 50s
[stdout] Rendered 4818/8755, time remaining: 10m 50s
[stdout] Rendered 4819/8755, time remaining: 10m 49s
[stdout] Rendered 4820/8755, time remaining: 10m 49s
[stdout] Rendered 4821/8755, time remaining: 10m 49s
[stdout] Rendered 4822/8755, time remaining: 10m 49s
[stdout] Rendered 4823/8755, time remaining: 10m 49s
[stdout] Rendered 4823/8755, time remaining: 10m 49s
[stdout] Rendered 4824/8755, time remaining: 10m 49s
[stdout] Rendered 4825/8755, time remaining: 10m 48s
[stdout] Rendered 4826/8755, time remaining: 10m 48s
[stdout] Rendered 4827/8755, time remaining: 10m 48s
[stdout] Rendered 4828/8755, time remaining: 10m 48s
[stdout] Rendered 4829/8755, time remaining: 10m 48s
[stdout] Rendered 4830/8755, time remaining: 10m 48s
[stdout] Rendered 4831/8755, time remaining: 10m 48s
[stdout] Rendered 4832/8755, time remaining: 10m 47s
[stdout] Rendered 4833/8755, time remaining: 10m 47s
[stdout] Rendered 4834/8755, time remaining: 10m 47s
[stdout] Rendered 4835/8755, time remaining: 10m 47s
[stdout] Rendered 4836/8755, time remaining: 10m 47s
[stdout] Rendered 4837/8755, time remaining: 10m 47s
[stdout] Rendered 4838/8755, time remaining: 10m 46s
[stdout] Rendered 4839/8755, time remaining: 10m 46s
[stdout] Rendered 4840/8755, time remaining: 10m 46s
[stdout] Rendered 4841/8755, time remaining: 10m 46s
[stdout] Rendered 4842/8755, time remaining: 10m 46s
[stdout] Rendered 4842/8755, time remaining: 10m 46s
[stdout] Rendered 4843/8755, time remaining: 10m 45s
[stdout] Rendered 4844/8755, time remaining: 10m 45s
[stdout] Rendered 4845/8755, time remaining: 10m 45s
[stdout] Rendered 4846/8755, time remaining: 10m 45s
[stdout] Rendered 4847/8755, time remaining: 10m 45s
[stdout] Rendered 4848/8755, time remaining: 10m 45s
[stdout] Rendered 4849/8755, time remaining: 10m 44s
[stdout] Rendered 4850/8755, time remaining: 10m 44s
[stdout] Rendered 4851/8755, time remaining: 10m 44s
[stdout] Rendered 4852/8755, time remaining: 10m 44s
[stdout] Rendered 4853/8755, time remaining: 10m 44s
[stdout] Rendered 4854/8755, time remaining: 10m 44s
[stdout] Rendered 4855/8755, time remaining: 10m 44s
[stdout] Rendered 4856/8755, time remaining: 10m 43s
[stdout] Rendered 4857/8755, time remaining: 10m 43s
[stdout] Rendered 4858/8755, time remaining: 10m 43s
[stdout] Rendered 4859/8755, time remaining: 10m 43s
[stdout] Rendered 4859/8755, time remaining: 10m 43s
[stdout] Rendered 4860/8755, time remaining: 10m 43s
[stdout] Rendered 4861/8755, time remaining: 10m 43s
[stdout] Rendered 4862/8755, time remaining: 10m 42s
[stdout] Rendered 4863/8755, time remaining: 10m 42s
[stdout] Rendered 4864/8755, time remaining: 10m 42s
[stdout] Rendered 4865/8755, time remaining: 10m 42s
[stdout] Rendered 4866/8755, time remaining: 10m 42s
[stdout] Rendered 4867/8755, time remaining: 10m 42s
[stdout] Rendered 4868/8755, time remaining: 10m 41s
[stdout] Rendered 4869/8755, time remaining: 10m 41s
[stdout] Rendered 4870/8755, time remaining: 10m 41s
[stdout] Rendered 4871/8755, time remaining: 10m 41s
[stdout] Rendered 4872/8755, time remaining: 10m 41s
[stdout] Rendered 4873/8755, time remaining: 10m 41s
[stdout] Rendered 4874/8755, time remaining: 10m 40s
[stdout] Rendered 4875/8755, time remaining: 10m 40s
[stdout] Rendered 4876/8755, time remaining: 10m 40s
[stdout] Rendered 4877/8755, time remaining: 10m 40s
[stdout] Rendered 4877/8755, time remaining: 10m 40s
[stdout] Rendered 4878/8755, time remaining: 10m 40s
[stdout] Rendered 4879/8755, time remaining: 10m 40s
[stdout] Rendered 4880/8755, time remaining: 10m 40s
[stdout] Rendered 4881/8755, time remaining: 10m 39s
[stdout] Rendered 4882/8755, time remaining: 10m 39s
[stdout] Rendered 4883/8755, time remaining: 10m 39s
[stdout] Rendered 4884/8755, time remaining: 10m 39s
[stdout] Rendered 4885/8755, time remaining: 10m 39s
[stdout] Rendered 4886/8755, time remaining: 10m 39s
[stdout] Rendered 4887/8755, time remaining: 10m 38s
[stdout] Rendered 4888/8755, time remaining: 10m 38s
[stdout] Rendered 4889/8755, time remaining: 10m 38s
[stdout] Rendered 4890/8755, time remaining: 10m 38s
[stdout] Rendered 4891/8755, time remaining: 10m 38s
[stdout] Rendered 4892/8755, time remaining: 10m 38s
[stdout] Rendered 4893/8755, time remaining: 10m 37s
[stdout] Rendered 4894/8755, time remaining: 10m 37s
[stdout] Rendered 4895/8755, time remaining: 10m 37s
[stdout] Rendered 4895/8755, time remaining: 10m 37s
[stdout] Rendered 4896/8755, time remaining: 10m 37s
[stdout] Rendered 4897/8755, time remaining: 10m 37s
[stdout] Rendered 4898/8755, time remaining: 10m 37s
[stdout] Rendered 4899/8755, time remaining: 10m 36s
[stdout] Rendered 4900/8755, time remaining: 10m 36s
[stdout] Rendered 4901/8755, time remaining: 10m 36s
[stdout] Rendered 4902/8755, time remaining: 10m 36s
[stdout] Rendered 4903/8755, time remaining: 10m 36s
[stdout] Rendered 4904/8755, time remaining: 10m 36s
[stdout] Rendered 4905/8755, time remaining: 10m 35s
[stdout] Rendered 4906/8755, time remaining: 10m 35s
[stdout] Rendered 4907/8755, time remaining: 10m 35s
[stdout] Rendered 4908/8755, time remaining: 10m 35s
[stdout] Rendered 4909/8755, time remaining: 10m 35s
[stdout] Rendered 4910/8755, time remaining: 10m 35s
[stdout] Rendered 4911/8755, time remaining: 10m 34s
[stdout] Rendered 4912/8755, time remaining: 10m 34s
[stdout] Rendered 4913/8755, time remaining: 10m 34s
[stdout] Rendered 4914/8755, time remaining: 10m 34s
[stdout] Rendered 4914/8755, time remaining: 10m 34s
[stdout] Rendered 4915/8755, time remaining: 10m 34s
[stdout] Rendered 4916/8755, time remaining: 10m 34s
[stdout] Rendered 4917/8755, time remaining: 10m 33s
[stdout] Rendered 4918/8755, time remaining: 10m 33s
[stdout] Rendered 4919/8755, time remaining: 10m 33s
[stdout] Rendered 4920/8755, time remaining: 10m 33s
[stdout] Rendered 4921/8755, time remaining: 10m 33s
[stdout] Rendered 4922/8755, time remaining: 10m 33s
[stdout] Rendered 4923/8755, time remaining: 10m 32s
[stdout] Rendered 4924/8755, time remaining: 10m 32s
[stdout] Rendered 4925/8755, time remaining: 10m 32s
[stdout] Rendered 4926/8755, time remaining: 10m 32s
[stdout] Rendered 4927/8755, time remaining: 10m 32s
[stdout] Rendered 4928/8755, time remaining: 10m 32s
[stdout] Rendered 4929/8755, time remaining: 10m 31s
[stdout] Rendered 4930/8755, time remaining: 10m 31s
[stdout] Rendered 4931/8755, time remaining: 10m 31s
[stdout] Rendered 4932/8755, time remaining: 10m 31s
[stdout] Rendered 4933/8755, time remaining: 10m 31s
[stdout] Rendered 4933/8755, time remaining: 10m 31s
[stdout] Rendered 4934/8755, time remaining: 10m 31s
[stdout] Rendered 4935/8755, time remaining: 10m 30s
[stdout] Rendered 4936/8755, time remaining: 10m 30s
[stdout] Rendered 4937/8755, time remaining: 10m 30s
[stdout] Rendered 4938/8755, time remaining: 10m 30s
[stdout] Rendered 4939/8755, time remaining: 10m 30s
[stdout] Rendered 4940/8755, time remaining: 10m 30s
[stdout] Rendered 4941/8755, time remaining: 10m 29s
[stdout] Rendered 4942/8755, time remaining: 10m 29s
[stdout] Rendered 4943/8755, time remaining: 10m 29s
[stdout] Rendered 4944/8755, time remaining: 10m 29s
[stdout] Rendered 4945/8755, time remaining: 10m 29s
[stdout] Rendered 4946/8755, time remaining: 10m 29s
[stdout] Rendered 4947/8755, time remaining: 10m 28s
[stdout] Rendered 4948/8755, time remaining: 10m 28s
[stdout] Rendered 4949/8755, time remaining: 10m 28s
[stdout] Rendered 4949/8755, time remaining: 10m 28s
[stdout] Rendered 4950/8755, time remaining: 10m 28s
[stdout] Rendered 4951/8755, time remaining: 10m 28s
[stdout] Rendered 4952/8755, time remaining: 10m 28s
[stdout] Rendered 4953/8755, time remaining: 10m 28s
[stdout] Rendered 4954/8755, time remaining: 10m 27s
[stdout] Rendered 4955/8755, time remaining: 10m 27s
[stdout] Rendered 4956/8755, time remaining: 10m 27s
[stdout] Rendered 4957/8755, time remaining: 10m 27s
[stdout] Rendered 4958/8755, time remaining: 10m 27s
[stdout] Rendered 4959/8755, time remaining: 10m 27s
[stdout] Rendered 4960/8755, time remaining: 10m 27s
[stdout] Rendered 4961/8755, time remaining: 10m 26s
[stdout] Rendered 4962/8755, time remaining: 10m 26s
[stdout] Rendered 4963/8755, time remaining: 10m 26s
[stdout] Rendered 4964/8755, time remaining: 10m 26s
[stdout] Rendered 4965/8755, time remaining: 10m 26s
[stdout] Rendered 4966/8755, time remaining: 10m 26s
[stdout] Rendered 4966/8755, time remaining: 10m 26s
[stdout] Rendered 4967/8755, time remaining: 10m 25s
[stdout] Rendered 4968/8755, time remaining: 10m 25s
[stdout] Rendered 4969/8755, time remaining: 10m 25s
[stdout] Rendered 4970/8755, time remaining: 10m 25s
[stdout] Rendered 4971/8755, time remaining: 10m 25s
[stdout] Rendered 4972/8755, time remaining: 10m 25s
[stdout] Rendered 4973/8755, time remaining: 10m 24s
[stdout] Rendered 4974/8755, time remaining: 10m 24s
[stdout] Rendered 4975/8755, time remaining: 10m 24s
[stdout] Rendered 4976/8755, time remaining: 10m 24s
[stdout] Rendered 4977/8755, time remaining: 10m 24s
[stdout] Rendered 4978/8755, time remaining: 10m 24s
[stdout] Rendered 4979/8755, time remaining: 10m 23s
[stdout] Rendered 4980/8755, time remaining: 10m 23s
[stdout] Rendered 4981/8755, time remaining: 10m 23s
[stdout] Rendered 4982/8755, time remaining: 10m 23s
[stdout] Rendered 4983/8755, time remaining: 10m 23s
[stdout] Rendered 4984/8755, time remaining: 10m 23s
[stdout] Rendered 4985/8755, time remaining: 10m 22s
[stdout] Rendered 4985/8755, time remaining: 10m 22s
[stdout] Rendered 4986/8755, time remaining: 10m 22s
[stdout] Rendered 4987/8755, time remaining: 10m 22s
[stdout] Rendered 4988/8755, time remaining: 10m 22s
[stdout] Rendered 4989/8755, time remaining: 10m 22s
[stdout] Rendered 4990/8755, time remaining: 10m 22s
[stdout] Rendered 4991/8755, time remaining: 10m 21s
[stdout] Rendered 4992/8755, time remaining: 10m 21s
[stdout] Rendered 4993/8755, time remaining: 10m 21s
[stdout] Rendered 4994/8755, time remaining: 10m 21s
[stdout] Rendered 4995/8755, time remaining: 10m 21s
[stdout] Rendered 4996/8755, time remaining: 10m 21s
[stdout] Rendered 4997/8755, time remaining: 10m 20s
[stdout] Rendered 4998/8755, time remaining: 10m 20s
[stdout] Rendered 4999/8755, time remaining: 10m 20s
[stdout] Rendered 5000/8755, time remaining: 10m 20s
[stdout] Rendered 5001/8755, time remaining: 10m 20s
[stdout] Rendered 5002/8755, time remaining: 10m 20s
[stdout] Rendered 5003/8755, time remaining: 10m 19s
[stdout] Rendered 5003/8755, time remaining: 10m 19s
[stdout] Rendered 5004/8755, time remaining: 10m 19s
[stdout] Rendered 5005/8755, time remaining: 10m 19s
[stdout] Rendered 5006/8755, time remaining: 10m 19s
[stdout] Rendered 5007/8755, time remaining: 10m 19s
[stdout] Rendered 5008/8755, time remaining: 10m 19s
[stdout] Rendered 5009/8755, time remaining: 10m 18s
[stdout] Rendered 5010/8755, time remaining: 10m 18s
[stdout] Rendered 5011/8755, time remaining: 10m 18s
[stdout] Rendered 5012/8755, time remaining: 10m 18s
[stdout] Rendered 5013/8755, time remaining: 10m 18s
[stdout] Rendered 5014/8755, time remaining: 10m 18s
[stdout] Rendered 5015/8755, time remaining: 10m 18s
[stdout] Rendered 5016/8755, time remaining: 10m 18s
[stdout] Rendered 5017/8755, time remaining: 10m 17s
[stdout] Rendered 5018/8755, time remaining: 10m 17s
[stdout] Rendered 5018/8755, time remaining: 10m 17s
[stdout] Rendered 5019/8755, time remaining: 10m 17s
[stdout] Rendered 5020/8755, time remaining: 10m 17s
[stdout] Rendered 5021/8755, time remaining: 10m 17s
[stdout] Rendered 5022/8755, time remaining: 10m 17s
[stdout] Rendered 5023/8755, time remaining: 10m 16s
[stdout] Rendered 5024/8755, time remaining: 10m 16s
[stdout] Rendered 5025/8755, time remaining: 10m 16s
[stdout] Rendered 5026/8755, time remaining: 10m 16s
[stdout] Rendered 5027/8755, time remaining: 10m 16s
[stdout] Rendered 5028/8755, time remaining: 10m 16s
[stdout] Rendered 5029/8755, time remaining: 10m 16s
[stdout] Rendered 5030/8755, time remaining: 10m 15s
[stdout] Rendered 5031/8755, time remaining: 10m 15s
[stdout] Rendered 5032/8755, time remaining: 10m 15s
[stdout] Rendered 5033/8755, time remaining: 10m 15s
[stdout] Rendered 5034/8755, time remaining: 10m 15s
[stdout] Rendered 5035/8755, time remaining: 10m 15s
[stdout] Rendered 5036/8755, time remaining: 10m 14s
[stdout] Rendered 5036/8755, time remaining: 10m 14s
[stdout] Rendered 5037/8755, time remaining: 10m 14s
[stdout] Rendered 5038/8755, time remaining: 10m 14s
[stdout] Rendered 5039/8755, time remaining: 10m 14s
[stdout] Rendered 5040/8755, time remaining: 10m 14s
[stdout] Rendered 5041/8755, time remaining: 10m 14s
[stdout] Rendered 5042/8755, time remaining: 10m 13s
[stdout] Rendered 5043/8755, time remaining: 10m 13s
[stdout] Rendered 5044/8755, time remaining: 10m 13s
[stdout] Rendered 5045/8755, time remaining: 10m 13s
[stdout] Rendered 5046/8755, time remaining: 10m 13s
[stdout] Rendered 5047/8755, time remaining: 10m 13s
[stdout] Rendered 5048/8755, time remaining: 10m 12s
[stdout] Rendered 5049/8755, time remaining: 10m 12s
[stdout] Rendered 5050/8755, time remaining: 10m 12s
[stdout] Rendered 5051/8755, time remaining: 10m 12s
[stdout] Rendered 5052/8755, time remaining: 10m 12s
[stdout] Rendered 5053/8755, time remaining: 10m 11s
[stdout] Rendered 5054/8755, time remaining: 10m 11s
[stdout] Rendered 5055/8755, time remaining: 10m 11s
[stdout] Rendered 5055/8755, time remaining: 10m 11s
[stdout] Rendered 5056/8755, time remaining: 10m 11s
[stdout] Rendered 5057/8755, time remaining: 10m 11s
[stdout] Rendered 5058/8755, time remaining: 10m 11s
[stdout] Rendered 5059/8755, time remaining: 10m 11s
[stdout] Rendered 5060/8755, time remaining: 10m 10s
[stdout] Rendered 5061/8755, time remaining: 10m 10s
[stdout] Rendered 5062/8755, time remaining: 10m 10s
[stdout] Rendered 5063/8755, time remaining: 10m 10s
[stdout] Rendered 5064/8755, time remaining: 10m 10s
[stdout] Rendered 5065/8755, time remaining: 10m 10s
[stdout] Rendered 5066/8755, time remaining: 10m 9s
[stdout] Rendered 5067/8755, time remaining: 10m 9s
[stdout] Rendered 5068/8755, time remaining: 10m 9s
[stdout] Rendered 5069/8755, time remaining: 10m 9s
[stdout] Rendered 5070/8755, time remaining: 10m 9s
[stdout] Rendered 5071/8755, time remaining: 10m 9s
[stdout] Rendered 5072/8755, time remaining: 10m 9s
[stdout] Rendered 5072/8755, time remaining: 10m 9s
[stdout] Rendered 5073/8755, time remaining: 10m 8s
[stdout] Rendered 5074/8755, time remaining: 10m 8s
[stdout] Rendered 5075/8755, time remaining: 10m 8s
[stdout] Rendered 5076/8755, time remaining: 10m 8s
[stdout] Rendered 5077/8755, time remaining: 10m 8s
[stdout] Rendered 5078/8755, time remaining: 10m 8s
[stdout] Rendered 5079/8755, time remaining: 10m 7s
[stdout] Rendered 5080/8755, time remaining: 10m 7s
[stdout] Rendered 5081/8755, time remaining: 10m 7s
[stdout] Rendered 5082/8755, time remaining: 10m 7s
[stdout] Rendered 5083/8755, time remaining: 10m 7s
[stdout] Rendered 5084/8755, time remaining: 10m 7s
[stdout] Rendered 5085/8755, time remaining: 10m 6s
[stdout] Rendered 5086/8755, time remaining: 10m 6s
[stdout] Rendered 5087/8755, time remaining: 10m 6s
[stdout] Rendered 5088/8755, time remaining: 10m 6s
[stdout] Rendered 5089/8755, time remaining: 10m 6s
[stdout] Rendered 5090/8755, time remaining: 10m 6s
[stdout] Rendered 5090/8755, time remaining: 10m 6s
[stdout] Rendered 5091/8755, time remaining: 10m 5s
[stdout] Rendered 5092/8755, time remaining: 10m 5s
[stdout] Rendered 5093/8755, time remaining: 10m 5s
[stdout] Rendered 5094/8755, time remaining: 10m 5s
[stdout] Rendered 5095/8755, time remaining: 10m 5s
[stdout] Rendered 5096/8755, time remaining: 10m 5s
[stdout] Rendered 5097/8755, time remaining: 10m 4s
[stdout] Rendered 5098/8755, time remaining: 10m 4s
[stdout] Rendered 5099/8755, time remaining: 10m 4s
[stdout] Rendered 5100/8755, time remaining: 10m 4s
[stdout] Rendered 5101/8755, time remaining: 10m 4s
[stdout] Rendered 5102/8755, time remaining: 10m 4s
[stdout] Rendered 5103/8755, time remaining: 10m 4s
[stdout] Rendered 5104/8755, time remaining: 10m 3s
[stdout] Rendered 5105/8755, time remaining: 10m 3s
[stdout] Rendered 5106/8755, time remaining: 10m 3s
[stdout] Rendered 5107/8755, time remaining: 10m 3s
[stdout] Rendered 5108/8755, time remaining: 10m 3s
[stdout] Rendered 5109/8755, time remaining: 10m 2s
[stdout] Rendered 5109/8755, time remaining: 10m 2s
[stdout] Rendered 5110/8755, time remaining: 10m 2s
[stdout] Rendered 5111/8755, time remaining: 10m 2s
[stdout] Rendered 5112/8755, time remaining: 10m 2s
[stdout] Rendered 5113/8755, time remaining: 10m 2s
[stdout] Rendered 5114/8755, time remaining: 10m 2s
[stdout] Rendered 5115/8755, time remaining: 10m 1s
[stdout] Rendered 5116/8755, time remaining: 10m 1s
[stdout] Rendered 5117/8755, time remaining: 10m 1s
[stdout] Rendered 5118/8755, time remaining: 10m 1s
[stdout] Rendered 5119/8755, time remaining: 10m 1s
[stdout] Rendered 5120/8755, time remaining: 10m 1s
[stdout] Rendered 5121/8755, time remaining: 10m 0s
[stdout] Rendered 5122/8755, time remaining: 10m 0s
[stdout] Rendered 5123/8755, time remaining: 10m 0s
[stdout] Rendered 5124/8755, time remaining: 10m 0s
[stdout] Rendered 5125/8755, time remaining: 10m 0s
[stdout] Rendered 5126/8755, time remaining: 10m 0s
[stdout] Rendered 5127/8755, time remaining: 9m 59s
[stdout] Rendered 5127/8755, time remaining: 9m 59s
[stdout] Rendered 5128/8755, time remaining: 9m 59s
[stdout] Rendered 5129/8755, time remaining: 9m 59s
[stdout] Rendered 5130/8755, time remaining: 9m 59s
[stdout] Rendered 5131/8755, time remaining: 9m 59s
[stdout] Rendered 5132/8755, time remaining: 9m 59s
[stdout] Rendered 5133/8755, time remaining: 9m 58s
[stdout] Rendered 5134/8755, time remaining: 9m 58s
[stdout] Rendered 5135/8755, time remaining: 9m 58s
[stdout] Rendered 5136/8755, time remaining: 9m 58s
[stdout] Rendered 5137/8755, time remaining: 9m 58s
[stdout] Rendered 5138/8755, time remaining: 9m 58s
[stdout] Rendered 5139/8755, time remaining: 9m 57s
[stdout] Rendered 5140/8755, time remaining: 9m 57s
[stdout] Rendered 5141/8755, time remaining: 9m 57s
[stdout] Rendered 5142/8755, time remaining: 9m 57s
[stdout] Rendered 5143/8755, time remaining: 9m 57s
[stdout] Rendered 5144/8755, time remaining: 9m 57s
[stdout] Rendered 5145/8755, time remaining: 9m 56s
[stdout] Rendered 5146/8755, time remaining: 9m 56s
[stdout] Rendered 5146/8755, time remaining: 9m 56s
[stdout] Rendered 5147/8755, time remaining: 9m 56s
[stdout] Rendered 5148/8755, time remaining: 9m 56s
[stdout] Rendered 5149/8755, time remaining: 9m 56s
[stdout] Rendered 5150/8755, time remaining: 9m 56s
[stdout] Rendered 5151/8755, time remaining: 9m 56s
[stdout] Rendered 5152/8755, time remaining: 9m 55s
[stdout] Rendered 5153/8755, time remaining: 9m 55s
[stdout] Rendered 5154/8755, time remaining: 9m 55s
[stdout] Rendered 5155/8755, time remaining: 9m 55s
[stdout] Rendered 5156/8755, time remaining: 9m 55s
[stdout] Rendered 5157/8755, time remaining: 9m 55s
[stdout] Rendered 5158/8755, time remaining: 9m 54s
[stdout] Rendered 5159/8755, time remaining: 9m 54s
[stdout] Rendered 5160/8755, time remaining: 9m 54s
[stdout] Rendered 5160/8755, time remaining: 9m 54s
[stdout] Rendered 5161/8755, time remaining: 9m 54s
[stdout] Rendered 5162/8755, time remaining: 9m 54s
[stdout] Rendered 5163/8755, time remaining: 9m 54s
[stdout] Rendered 5164/8755, time remaining: 9m 54s
[stdout] Rendered 5165/8755, time remaining: 9m 53s
[stdout] Rendered 5166/8755, time remaining: 9m 53s
[stdout] Rendered 5167/8755, time remaining: 9m 53s
[stdout] Rendered 5168/8755, time remaining: 9m 53s
[stdout] Rendered 5169/8755, time remaining: 9m 53s
[stdout] Rendered 5170/8755, time remaining: 9m 53s
[stdout] Rendered 5171/8755, time remaining: 9m 52s
[stdout] Rendered 5172/8755, time remaining: 9m 52s
[stdout] Rendered 5173/8755, time remaining: 9m 52s
[stdout] Rendered 5174/8755, time remaining: 9m 52s
[stdout] Rendered 5175/8755, time remaining: 9m 52s
[stdout] Rendered 5176/8755, time remaining: 9m 52s
[stdout] Rendered 5177/8755, time remaining: 9m 51s
[stdout] Rendered 5178/8755, time remaining: 9m 51s
[stdout] Rendered 5179/8755, time remaining: 9m 51s
[stdout] Rendered 5179/8755, time remaining: 9m 51s
[stdout] Rendered 5180/8755, time remaining: 9m 51s
[stdout] Rendered 5181/8755, time remaining: 9m 51s
[stdout] Rendered 5182/8755, time remaining: 9m 51s
[stdout] Rendered 5183/8755, time remaining: 9m 50s
[stdout] Rendered 5184/8755, time remaining: 9m 50s
[stdout] Rendered 5185/8755, time remaining: 9m 50s
[stdout] Rendered 5186/8755, time remaining: 9m 50s
[stdout] Rendered 5187/8755, time remaining: 9m 50s
[stdout] Rendered 5188/8755, time remaining: 9m 50s
[stdout] Rendered 5189/8755, time remaining: 9m 49s
[stdout] Rendered 5190/8755, time remaining: 9m 49s
[stdout] Rendered 5191/8755, time remaining: 9m 49s
[stdout] Rendered 5192/8755, time remaining: 9m 49s
[stdout] Rendered 5193/8755, time remaining: 9m 49s
[stdout] Rendered 5194/8755, time remaining: 9m 49s
[stdout] Rendered 5195/8755, time remaining: 9m 49s
[stdout] Rendered 5196/8755, time remaining: 9m 48s
[stdout] Rendered 5197/8755, time remaining: 9m 48s
[stdout] Rendered 5198/8755, time remaining: 9m 48s
[stdout] Rendered 5198/8755, time remaining: 9m 48s
[stdout] Rendered 5199/8755, time remaining: 9m 48s
[stdout] Rendered 5200/8755, time remaining: 9m 48s
[stdout] Rendered 5201/8755, time remaining: 9m 47s
[stdout] Rendered 5202/8755, time remaining: 9m 47s
[stdout] Rendered 5203/8755, time remaining: 9m 47s
[stdout] Rendered 5204/8755, time remaining: 9m 47s
[stdout] Rendered 5205/8755, time remaining: 9m 47s
[stdout] Rendered 5206/8755, time remaining: 9m 47s
[stdout] Rendered 5207/8755, time remaining: 9m 46s
[stdout] Rendered 5208/8755, time remaining: 9m 46s
[stdout] Rendered 5209/8755, time remaining: 9m 46s
[stdout] Rendered 5210/8755, time remaining: 9m 46s
[stdout] Rendered 5211/8755, time remaining: 9m 46s
[stdout] Rendered 5212/8755, time remaining: 9m 46s
[stdout] Rendered 5213/8755, time remaining: 9m 46s
[stdout] Rendered 5214/8755, time remaining: 9m 45s
[stdout] Rendered 5215/8755, time remaining: 9m 45s
[stdout] Rendered 5216/8755, time remaining: 9m 45s
[stdout] Rendered 5216/8755, time remaining: 9m 45s
[stdout] Rendered 5217/8755, time remaining: 9m 45s
[stdout] Rendered 5218/8755, time remaining: 9m 45s
[stdout] Rendered 5219/8755, time remaining: 9m 45s
[stdout] Rendered 5220/8755, time remaining: 9m 44s
[stdout] Rendered 5221/8755, time remaining: 9m 44s
[stdout] Rendered 5222/8755, time remaining: 9m 44s
[stdout] Rendered 5223/8755, time remaining: 9m 44s
[stdout] Rendered 5224/8755, time remaining: 9m 44s
[stdout] Rendered 5225/8755, time remaining: 9m 44s
[stdout] Rendered 5226/8755, time remaining: 9m 44s
[stdout] Rendered 5227/8755, time remaining: 9m 43s
[stdout] Rendered 5228/8755, time remaining: 9m 43s
[stdout] Rendered 5229/8755, time remaining: 9m 43s
[stdout] Rendered 5230/8755, time remaining: 9m 43s
[stdout] Rendered 5231/8755, time remaining: 9m 43s
[stdout] Rendered 5232/8755, time remaining: 9m 43s
[stdout] Rendered 5232/8755, time remaining: 9m 43s
[stdout] Rendered 5233/8755, time remaining: 9m 42s
[stdout] Rendered 5234/8755, time remaining: 9m 42s
[stdout] Rendered 5235/8755, time remaining: 9m 42s
[stdout] Rendered 5236/8755, time remaining: 9m 42s
[stdout] Rendered 5237/8755, time remaining: 9m 42s
[stdout] Rendered 5238/8755, time remaining: 9m 42s
[stdout] Rendered 5239/8755, time remaining: 9m 42s
[stdout] Rendered 5240/8755, time remaining: 9m 41s
[stdout] Rendered 5241/8755, time remaining: 9m 41s
[stdout] Rendered 5242/8755, time remaining: 9m 41s
[stdout] Rendered 5243/8755, time remaining: 9m 41s
[stdout] Rendered 5244/8755, time remaining: 9m 41s
[stdout] Rendered 5245/8755, time remaining: 9m 41s
[stdout] Rendered 5246/8755, time remaining: 9m 40s
[stdout] Rendered 5247/8755, time remaining: 9m 40s
[stdout] Rendered 5248/8755, time remaining: 9m 40s
[stdout] Rendered 5249/8755, time remaining: 9m 40s
[stdout] Rendered 5249/8755, time remaining: 9m 40s
[stdout] Rendered 5250/8755, time remaining: 9m 40s
[stdout] Rendered 5251/8755, time remaining: 9m 40s
[stdout] Rendered 5252/8755, time remaining: 9m 39s
[stdout] Rendered 5253/8755, time remaining: 9m 39s
[stdout] Rendered 5254/8755, time remaining: 9m 39s
[stdout] Rendered 5255/8755, time remaining: 9m 39s
[stdout] Rendered 5256/8755, time remaining: 9m 39s
[stdout] Rendered 5257/8755, time remaining: 9m 39s
[stdout] Rendered 5258/8755, time remaining: 9m 39s
[stdout] Rendered 5259/8755, time remaining: 9m 38s
[stdout] Rendered 5260/8755, time remaining: 9m 38s
[stdout] Rendered 5261/8755, time remaining: 9m 38s
[stdout] Rendered 5262/8755, time remaining: 9m 38s
[stdout] Rendered 5263/8755, time remaining: 9m 38s
[stdout] Rendered 5264/8755, time remaining: 9m 38s
[stdout] Rendered 5265/8755, time remaining: 9m 37s
[stdout] Rendered 5265/8755, time remaining: 9m 37s
[stdout] Rendered 5266/8755, time remaining: 9m 37s
[stdout] Rendered 5267/8755, time remaining: 9m 37s
[stdout] Rendered 5268/8755, time remaining: 9m 37s
[stdout] Rendered 5269/8755, time remaining: 9m 37s
[stdout] Rendered 5270/8755, time remaining: 9m 37s
[stdout] Rendered 5271/8755, time remaining: 9m 36s
[stdout] Rendered 5272/8755, time remaining: 9m 36s
[stdout] Rendered 5273/8755, time remaining: 9m 36s
[stdout] Rendered 5274/8755, time remaining: 9m 36s
[stdout] Rendered 5275/8755, time remaining: 9m 36s
[stdout] Rendered 5276/8755, time remaining: 9m 36s
[stdout] Rendered 5277/8755, time remaining: 9m 35s
[stdout] Rendered 5278/8755, time remaining: 9m 35s
[stdout] Rendered 5279/8755, time remaining: 9m 35s
[stdout] Rendered 5280/8755, time remaining: 9m 35s
[stdout] Rendered 5281/8755, time remaining: 9m 35s
[stdout] Rendered 5282/8755, time remaining: 9m 35s
[stdout] Rendered 5283/8755, time remaining: 9m 34s
[stdout] Rendered 5284/8755, time remaining: 9m 34s
[stdout] Rendered 5285/8755, time remaining: 9m 34s
[stdout] Rendered 5285/8755, time remaining: 9m 34s
[stdout] Rendered 5286/8755, time remaining: 9m 34s
[stdout] Rendered 5287/8755, time remaining: 9m 34s
[stdout] Rendered 5288/8755, time remaining: 9m 34s
[stdout] Rendered 5289/8755, time remaining: 9m 33s
[stdout] Rendered 5290/8755, time remaining: 9m 33s
[stdout] Rendered 5291/8755, time remaining: 9m 33s
[stdout] Rendered 5292/8755, time remaining: 9m 33s
[stdout] Rendered 5293/8755, time remaining: 9m 33s
[stdout] Rendered 5294/8755, time remaining: 9m 33s
[stdout] Rendered 5295/8755, time remaining: 9m 32s
[stdout] Rendered 5296/8755, time remaining: 9m 32s
[stdout] Rendered 5297/8755, time remaining: 9m 32s
[stdout] Rendered 5298/8755, time remaining: 9m 32s
[stdout] Rendered 5299/8755, time remaining: 9m 32s
[stdout] Rendered 5300/8755, time remaining: 9m 32s
[stdout] Rendered 5301/8755, time remaining: 9m 32s
[stdout] Rendered 5301/8755, time remaining: 9m 32s
[stdout] Rendered 5302/8755, time remaining: 9m 31s
[stdout] Rendered 5303/8755, time remaining: 9m 31s
[stdout] Rendered 5304/8755, time remaining: 9m 31s
[stdout] Rendered 5305/8755, time remaining: 9m 31s
[stdout] Rendered 5306/8755, time remaining: 9m 31s
[stdout] Rendered 5307/8755, time remaining: 9m 31s
[stdout] Rendered 5308/8755, time remaining: 9m 31s
[stdout] Rendered 5309/8755, time remaining: 9m 31s
[stdout] Rendered 5310/8755, time remaining: 9m 30s
[stdout] Rendered 5311/8755, time remaining: 9m 30s
[stdout] Rendered 5312/8755, time remaining: 9m 30s
[stdout] Rendered 5313/8755, time remaining: 9m 30s
[stdout] Rendered 5314/8755, time remaining: 9m 30s
[stdout] Rendered 5315/8755, time remaining: 9m 30s
[stdout] Rendered 5316/8755, time remaining: 9m 29s
[stdout] Rendered 5317/8755, time remaining: 9m 29s
[stdout] Rendered 5317/8755, time remaining: 9m 29s
[stdout] Rendered 5318/8755, time remaining: 9m 29s
[stdout] Rendered 5319/8755, time remaining: 9m 29s
[stdout] Rendered 5320/8755, time remaining: 9m 29s
[stdout] Rendered 5321/8755, time remaining: 9m 29s
[stdout] Rendered 5322/8755, time remaining: 9m 28s
[stdout] Rendered 5323/8755, time remaining: 9m 28s
[stdout] Rendered 5324/8755, time remaining: 9m 28s
[stdout] Rendered 5325/8755, time remaining: 9m 28s
[stdout] Rendered 5326/8755, time remaining: 9m 28s
[stdout] Rendered 5327/8755, time remaining: 9m 28s
[stdout] Rendered 5328/8755, time remaining: 9m 28s
[stdout] Rendered 5329/8755, time remaining: 9m 27s
[stdout] Rendered 5330/8755, time remaining: 9m 27s
[stdout] Rendered 5331/8755, time remaining: 9m 27s
[stdout] Rendered 5332/8755, time remaining: 9m 27s
[stdout] Rendered 5332/8755, time remaining: 9m 27s
[stdout] Rendered 5333/8755, time remaining: 9m 27s
[stdout] Rendered 5334/8755, time remaining: 9m 27s
[stdout] Rendered 5335/8755, time remaining: 9m 26s
[stdout] Rendered 5336/8755, time remaining: 9m 26s
[stdout] Rendered 5337/8755, time remaining: 9m 26s
[stdout] Rendered 5338/8755, time remaining: 9m 26s
[stdout] Rendered 5339/8755, time remaining: 9m 26s
[stdout] Rendered 5340/8755, time remaining: 9m 26s
[stdout] Rendered 5341/8755, time remaining: 9m 25s
[stdout] Rendered 5342/8755, time remaining: 9m 25s
[stdout] Rendered 5343/8755, time remaining: 9m 25s
[stdout] Rendered 5344/8755, time remaining: 9m 25s
[stdout] Rendered 5345/8755, time remaining: 9m 25s
[stdout] Rendered 5346/8755, time remaining: 9m 25s
[stdout] Rendered 5347/8755, time remaining: 9m 25s
[stdout] Rendered 5348/8755, time remaining: 9m 25s
[stdout] Rendered 5349/8755, time remaining: 9m 24s
[stdout] Rendered 5350/8755, time remaining: 9m 24s
[stdout] Rendered 5350/8755, time remaining: 9m 24s
[stdout] Rendered 5351/8755, time remaining: 9m 24s
[stdout] Rendered 5352/8755, time remaining: 9m 24s
[stdout] Rendered 5353/8755, time remaining: 9m 24s
[stdout] Rendered 5354/8755, time remaining: 9m 23s
[stdout] Rendered 5355/8755, time remaining: 9m 23s
[stdout] Rendered 5356/8755, time remaining: 9m 23s
[stdout] Rendered 5357/8755, time remaining: 9m 23s
[stdout] Rendered 5358/8755, time remaining: 9m 23s
[stdout] Rendered 5359/8755, time remaining: 9m 23s
[stdout] Rendered 5360/8755, time remaining: 9m 23s
[stdout] Rendered 5361/8755, time remaining: 9m 22s
[stdout] Rendered 5362/8755, time remaining: 9m 22s
[stdout] Rendered 5363/8755, time remaining: 9m 22s
[stdout] Rendered 5364/8755, time remaining: 9m 22s
[stdout] Rendered 5365/8755, time remaining: 9m 22s
[stdout] Rendered 5366/8755, time remaining: 9m 22s
[stdout] Rendered 5367/8755, time remaining: 9m 21s
[stdout] Rendered 5367/8755, time remaining: 9m 21s
[stdout] Rendered 5368/8755, time remaining: 9m 21s
[stdout] Rendered 5369/8755, time remaining: 9m 21s
[stdout] Rendered 5370/8755, time remaining: 9m 21s
[stdout] Rendered 5371/8755, time remaining: 9m 21s
[stdout] Rendered 5372/8755, time remaining: 9m 21s
[stdout] Rendered 5373/8755, time remaining: 9m 20s
[stdout] Rendered 5374/8755, time remaining: 9m 20s
[stdout] Rendered 5375/8755, time remaining: 9m 20s
[stdout] Rendered 5376/8755, time remaining: 9m 20s
[stdout] Rendered 5377/8755, time remaining: 9m 20s
[stdout] Rendered 5378/8755, time remaining: 9m 20s
[stdout] Rendered 5379/8755, time remaining: 9m 19s
[stdout] Rendered 5380/8755, time remaining: 9m 19s
[stdout] Rendered 5381/8755, time remaining: 9m 19s
[stdout] Rendered 5382/8755, time remaining: 9m 19s
[stdout] Rendered 5383/8755, time remaining: 9m 19s
[stdout] Rendered 5384/8755, time remaining: 9m 19s
[stdout] Rendered 5385/8755, time remaining: 9m 18s
[stdout] Rendered 5385/8755, time remaining: 9m 18s
[stdout] Rendered 5386/8755, time remaining: 9m 18s
[stdout] Rendered 5387/8755, time remaining: 9m 18s
[stdout] Rendered 5388/8755, time remaining: 9m 18s
[stdout] Rendered 5389/8755, time remaining: 9m 18s
[stdout] Rendered 5390/8755, time remaining: 9m 18s
[stdout] Rendered 5391/8755, time remaining: 9m 17s
[stdout] Rendered 5392/8755, time remaining: 9m 17s
[stdout] Rendered 5393/8755, time remaining: 9m 17s
[stdout] Rendered 5394/8755, time remaining: 9m 17s
[stdout] Rendered 5395/8755, time remaining: 9m 17s
[stdout] Rendered 5396/8755, time remaining: 9m 17s
[stdout] Rendered 5397/8755, time remaining: 9m 16s
[stdout] Rendered 5398/8755, time remaining: 9m 16s
[stdout] Rendered 5399/8755, time remaining: 9m 16s
[stdout] Rendered 5400/8755, time remaining: 9m 16s
[stdout] Rendered 5401/8755, time remaining: 9m 16s
[stdout] Rendered 5402/8755, time remaining: 9m 16s
[stdout] Rendered 5403/8755, time remaining: 9m 15s
[stdout] Rendered 5403/8755, time remaining: 9m 15s
[stdout] Rendered 5404/8755, time remaining: 9m 15s
[stdout] Rendered 5405/8755, time remaining: 9m 15s
[stdout] Rendered 5406/8755, time remaining: 9m 15s
[stdout] Rendered 5407/8755, time remaining: 9m 15s
[stdout] Rendered 5408/8755, time remaining: 9m 15s
[stdout] Rendered 5409/8755, time remaining: 9m 14s
[stdout] Rendered 5410/8755, time remaining: 9m 14s
[stdout] Rendered 5411/8755, time remaining: 9m 14s
[stdout] Rendered 5412/8755, time remaining: 9m 14s
[stdout] Rendered 5413/8755, time remaining: 9m 14s
[stdout] Rendered 5414/8755, time remaining: 9m 14s
[stdout] Rendered 5415/8755, time remaining: 9m 14s
[stdout] Rendered 5416/8755, time remaining: 9m 13s
[stdout] Rendered 5417/8755, time remaining: 9m 13s
[stdout] Rendered 5418/8755, time remaining: 9m 13s
[stdout] Rendered 5418/8755, time remaining: 9m 13s
[stdout] Rendered 5419/8755, time remaining: 9m 13s
[stdout] Rendered 5420/8755, time remaining: 9m 13s
[stdout] Rendered 5421/8755, time remaining: 9m 13s
[stdout] Rendered 5422/8755, time remaining: 9m 13s
[stdout] Rendered 5423/8755, time remaining: 9m 12s
[stdout] Rendered 5424/8755, time remaining: 9m 12s
[stdout] Rendered 5425/8755, time remaining: 9m 12s
[stdout] Rendered 5426/8755, time remaining: 9m 12s
[stdout] Rendered 5427/8755, time remaining: 9m 12s
[stdout] Rendered 5428/8755, time remaining: 9m 12s
[stdout] Rendered 5429/8755, time remaining: 9m 11s
[stdout] Rendered 5430/8755, time remaining: 9m 11s
[stdout] Rendered 5431/8755, time remaining: 9m 11s
[stdout] Rendered 5432/8755, time remaining: 9m 11s
[stdout] Rendered 5433/8755, time remaining: 9m 11s
[stdout] Rendered 5434/8755, time remaining: 9m 11s
[stdout] Rendered 5435/8755, time remaining: 9m 10s
[stdout] Rendered 5436/8755, time remaining: 9m 10s
[stdout] Rendered 5437/8755, time remaining: 9m 10s
[stdout] Rendered 5437/8755, time remaining: 9m 10s
[stdout] Rendered 5438/8755, time remaining: 9m 10s
[stdout] Rendered 5439/8755, time remaining: 9m 10s
[stdout] Rendered 5440/8755, time remaining: 9m 10s
[stdout] Rendered 5441/8755, time remaining: 9m 9s
[stdout] Rendered 5442/8755, time remaining: 9m 9s
[stdout] Rendered 5443/8755, time remaining: 9m 9s
[stdout] Rendered 5444/8755, time remaining: 9m 9s
[stdout] Rendered 5445/8755, time remaining: 9m 9s
[stdout] Rendered 5446/8755, time remaining: 9m 9s
[stdout] Rendered 5447/8755, time remaining: 9m 8s
[stdout] Rendered 5448/8755, time remaining: 9m 8s
[stdout] Rendered 5449/8755, time remaining: 9m 8s
[stdout] Rendered 5450/8755, time remaining: 9m 8s
[stdout] Rendered 5451/8755, time remaining: 9m 8s
[stdout] Rendered 5452/8755, time remaining: 9m 8s
[stdout] Rendered 5453/8755, time remaining: 9m 7s
[stdout] Rendered 5454/8755, time remaining: 9m 7s
[stdout] Rendered 5455/8755, time remaining: 9m 7s
[stdout] Rendered 5456/8755, time remaining: 9m 7s
[stdout] Rendered 5456/8755, time remaining: 9m 7s
[stdout] Rendered 5457/8755, time remaining: 9m 7s
[stdout] Rendered 5458/8755, time remaining: 9m 7s
[stdout] Rendered 5459/8755, time remaining: 9m 6s
[stdout] Rendered 5460/8755, time remaining: 9m 6s
[stdout] Rendered 5461/8755, time remaining: 9m 6s
[stdout] Rendered 5462/8755, time remaining: 9m 6s
[stdout] Rendered 5463/8755, time remaining: 9m 6s
[stdout] Rendered 5464/8755, time remaining: 9m 6s
[stdout] Rendered 5465/8755, time remaining: 9m 5s
[stdout] Rendered 5466/8755, time remaining: 9m 5s
[stdout] Rendered 5467/8755, time remaining: 9m 5s
[stdout] Rendered 5468/8755, time remaining: 9m 5s
[stdout] Rendered 5469/8755, time remaining: 9m 5s
[stdout] Rendered 5470/8755, time remaining: 9m 5s
[stdout] Rendered 5471/8755, time remaining: 9m 4s
[stdout] Rendered 5472/8755, time remaining: 9m 4s
[stdout] Rendered 5473/8755, time remaining: 9m 4s
[stdout] Rendered 5474/8755, time remaining: 9m 4s
[stdout] Rendered 5474/8755, time remaining: 9m 4s
[stdout] Rendered 5475/8755, time remaining: 9m 4s
[stdout] Rendered 5476/8755, time remaining: 9m 4s
[stdout] Rendered 5477/8755, time remaining: 9m 3s
[stdout] Rendered 5478/8755, time remaining: 9m 3s
[stdout] Rendered 5479/8755, time remaining: 9m 3s
[stdout] Rendered 5480/8755, time remaining: 9m 3s
[stdout] Rendered 5481/8755, time remaining: 9m 3s
[stdout] Rendered 5482/8755, time remaining: 9m 3s
[stdout] Rendered 5483/8755, time remaining: 9m 2s
[stdout] Rendered 5484/8755, time remaining: 9m 2s
[stdout] Rendered 5485/8755, time remaining: 9m 2s
[stdout] Rendered 5486/8755, time remaining: 9m 2s
[stdout] Rendered 5487/8755, time remaining: 9m 2s
[stdout] Rendered 5488/8755, time remaining: 9m 2s
[stdout] Rendered 5489/8755, time remaining: 9m 1s
[stdout] Rendered 5490/8755, time remaining: 9m 1s
[stdout] Rendered 5490/8755, time remaining: 9m 1s
[stdout] Rendered 5491/8755, time remaining: 9m 1s
[stdout] Rendered 5492/8755, time remaining: 9m 1s
[stdout] Rendered 5493/8755, time remaining: 9m 1s
[stdout] Rendered 5494/8755, time remaining: 9m 1s
[stdout] Rendered 5495/8755, time remaining: 9m 1s
[stdout] Rendered 5496/8755, time remaining: 9m 0s
[stdout] Rendered 5497/8755, time remaining: 9m 0s
[stdout] Rendered 5498/8755, time remaining: 9m 0s
[stdout] Rendered 5499/8755, time remaining: 9m 0s
[stdout] Rendered 5500/8755, time remaining: 9m 0s
[stdout] Rendered 5501/8755, time remaining: 9m 0s
[stdout] Rendered 5502/8755, time remaining: 8m 59s
[stdout] Rendered 5503/8755, time remaining: 8m 59s
[stdout] Rendered 5504/8755, time remaining: 8m 59s
[stdout] Rendered 5505/8755, time remaining: 8m 59s
[stdout] Rendered 5506/8755, time remaining: 8m 59s
[stdout] Rendered 5507/8755, time remaining: 8m 59s
[stdout] Rendered 5508/8755, time remaining: 8m 58s
[stdout] Rendered 5508/8755, time remaining: 8m 58s
[stdout] Rendered 5509/8755, time remaining: 8m 58s
[stdout] Rendered 5510/8755, time remaining: 8m 58s
[stdout] Rendered 5511/8755, time remaining: 8m 58s
[stdout] Rendered 5512/8755, time remaining: 8m 58s
[stdout] Rendered 5513/8755, time remaining: 8m 58s
[stdout] Rendered 5514/8755, time remaining: 8m 58s
[stdout] Rendered 5515/8755, time remaining: 8m 57s
[stdout] Rendered 5516/8755, time remaining: 8m 57s
[stdout] Rendered 5517/8755, time remaining: 8m 57s
[stdout] Rendered 5518/8755, time remaining: 8m 57s
[stdout] Rendered 5519/8755, time remaining: 8m 57s
[stdout] Rendered 5520/8755, time remaining: 8m 57s
[stdout] Rendered 5521/8755, time remaining: 8m 56s
[stdout] Rendered 5522/8755, time remaining: 8m 56s
[stdout] Rendered 5523/8755, time remaining: 8m 56s
[stdout] Rendered 5524/8755, time remaining: 8m 56s
[stdout] Rendered 5525/8755, time remaining: 8m 56s
[stdout] Rendered 5526/8755, time remaining: 8m 56s
[stdout] Rendered 5526/8755, time remaining: 8m 56s
[stdout] Rendered 5527/8755, time remaining: 8m 55s
[stdout] Rendered 5528/8755, time remaining: 8m 55s
[stdout] Rendered 5529/8755, time remaining: 8m 55s
[stdout] Rendered 5530/8755, time remaining: 8m 55s
[stdout] Rendered 5531/8755, time remaining: 8m 55s
[stdout] Rendered 5532/8755, time remaining: 8m 54s
[stdout] Rendered 5533/8755, time remaining: 8m 54s
[stdout] Rendered 5534/8755, time remaining: 8m 54s
[stdout] Rendered 5535/8755, time remaining: 8m 54s
[stdout] Rendered 5536/8755, time remaining: 8m 54s
[stdout] Rendered 5537/8755, time remaining: 8m 54s
[stdout] Rendered 5538/8755, time remaining: 8m 53s
[stdout] Rendered 5539/8755, time remaining: 8m 53s
[stdout] Rendered 5540/8755, time remaining: 8m 53s
[stdout] Rendered 5541/8755, time remaining: 8m 53s
[stdout] Rendered 5542/8755, time remaining: 8m 53s
[stdout] Rendered 5543/8755, time remaining: 8m 53s
[stdout] Rendered 5544/8755, time remaining: 8m 53s
[stdout] Rendered 5544/8755, time remaining: 8m 53s
[stdout] Rendered 5545/8755, time remaining: 8m 52s
[stdout] Rendered 5546/8755, time remaining: 8m 52s
[stdout] Rendered 5547/8755, time remaining: 8m 52s
[stdout] Rendered 5548/8755, time remaining: 8m 52s
[stdout] Rendered 5549/8755, time remaining: 8m 52s
[stdout] Rendered 5550/8755, time remaining: 8m 52s
[stdout] Rendered 5551/8755, time remaining: 8m 51s
[stdout] Rendered 5552/8755, time remaining: 8m 51s
[stdout] Rendered 5553/8755, time remaining: 8m 51s
[stdout] Rendered 5554/8755, time remaining: 8m 51s
[stdout] Rendered 5555/8755, time remaining: 8m 51s
[stdout] Rendered 5556/8755, time remaining: 8m 51s
[stdout] Rendered 5557/8755, time remaining: 8m 50s
[stdout] Rendered 5558/8755, time remaining: 8m 50s
[stdout] Rendered 5559/8755, time remaining: 8m 50s
[stdout] Rendered 5560/8755, time remaining: 8m 50s
[stdout] Rendered 5561/8755, time remaining: 8m 50s
[stdout] Rendered 5562/8755, time remaining: 8m 50s
[stdout] Rendered 5562/8755, time remaining: 8m 50s
[stdout] Rendered 5563/8755, time remaining: 8m 49s
[stdout] Rendered 5564/8755, time remaining: 8m 49s
[stdout] Rendered 5565/8755, time remaining: 8m 49s
[stdout] Rendered 5566/8755, time remaining: 8m 49s
[stdout] Rendered 5567/8755, time remaining: 8m 49s
[stdout] Rendered 5568/8755, time remaining: 8m 49s
[stdout] Rendered 5569/8755, time remaining: 8m 48s
[stdout] Rendered 5570/8755, time remaining: 8m 48s
[stdout] Rendered 5571/8755, time remaining: 8m 48s
[stdout] Rendered 5572/8755, time remaining: 8m 48s
[stdout] Rendered 5573/8755, time remaining: 8m 48s
[stdout] Rendered 5574/8755, time remaining: 8m 48s
[stdout] Rendered 5575/8755, time remaining: 8m 47s
[stdout] Rendered 5576/8755, time remaining: 8m 47s
[stdout] Rendered 5577/8755, time remaining: 8m 47s
[stdout] Rendered 5578/8755, time remaining: 8m 47s
[stdout] Rendered 5579/8755, time remaining: 8m 47s
[stdout] Rendered 5580/8755, time remaining: 8m 47s
[stdout] Rendered 5580/8755, time remaining: 8m 47s
[stdout] Rendered 5581/8755, time remaining: 8m 46s
[stdout] Rendered 5582/8755, time remaining: 8m 46s
[stdout] Rendered 5583/8755, time remaining: 8m 46s
[stdout] Rendered 5584/8755, time remaining: 8m 46s
[stdout] Rendered 5585/8755, time remaining: 8m 46s
[stdout] Rendered 5586/8755, time remaining: 8m 46s
[stdout] Rendered 5587/8755, time remaining: 8m 45s
[stdout] Rendered 5588/8755, time remaining: 8m 45s
[stdout] Rendered 5589/8755, time remaining: 8m 45s
[stdout] Rendered 5590/8755, time remaining: 8m 45s
[stdout] Rendered 5591/8755, time remaining: 8m 45s
[stdout] Rendered 5592/8755, time remaining: 8m 45s
[stdout] Rendered 5593/8755, time remaining: 8m 44s
[stdout] Rendered 5594/8755, time remaining: 8m 44s
[stdout] Rendered 5595/8755, time remaining: 8m 44s
[stdout] Rendered 5596/8755, time remaining: 8m 44s
[stdout] Rendered 5597/8755, time remaining: 8m 44s
[stdout] Rendered 5598/8755, time remaining: 8m 44s
[stdout] Rendered 5598/8755, time remaining: 8m 44s
[stdout] Rendered 5599/8755, time remaining: 8m 43s
[stdout] Rendered 5600/8755, time remaining: 8m 43s
[stdout] Rendered 5601/8755, time remaining: 8m 43s
[stdout] Rendered 5602/8755, time remaining: 8m 43s
[stdout] Rendered 5603/8755, time remaining: 8m 43s
[stdout] Rendered 5604/8755, time remaining: 8m 43s
[stdout] Rendered 5605/8755, time remaining: 8m 43s
[stdout] Rendered 5606/8755, time remaining: 8m 42s
[stdout] Rendered 5607/8755, time remaining: 8m 42s
[stdout] Rendered 5608/8755, time remaining: 8m 42s
[stdout] Rendered 5609/8755, time remaining: 8m 42s
[stdout] Rendered 5610/8755, time remaining: 8m 42s
[stdout] Rendered 5611/8755, time remaining: 8m 41s
[stdout] Rendered 5612/8755, time remaining: 8m 41s
[stdout] Rendered 5613/8755, time remaining: 8m 41s
[stdout] Rendered 5614/8755, time remaining: 8m 41s
[stdout] Rendered 5615/8755, time remaining: 8m 41s
[stdout] Rendered 5615/8755, time remaining: 8m 41s
[stdout] Rendered 5616/8755, time remaining: 8m 41s
[stdout] Rendered 5617/8755, time remaining: 8m 41s
[stdout] Rendered 5618/8755, time remaining: 8m 40s
[stdout] Rendered 5619/8755, time remaining: 8m 40s
[stdout] Rendered 5620/8755, time remaining: 8m 40s
[stdout] Rendered 5621/8755, time remaining: 8m 40s
[stdout] Rendered 5622/8755, time remaining: 8m 40s
[stdout] Rendered 5623/8755, time remaining: 8m 40s
[stdout] Rendered 5624/8755, time remaining: 8m 39s
[stdout] Rendered 5625/8755, time remaining: 8m 39s
[stdout] Rendered 5626/8755, time remaining: 8m 39s
[stdout] Rendered 5627/8755, time remaining: 8m 39s
[stdout] Rendered 5628/8755, time remaining: 8m 39s
[stdout] Rendered 5629/8755, time remaining: 8m 39s
[stdout] Rendered 5630/8755, time remaining: 8m 39s
[stdout] Rendered 5631/8755, time remaining: 8m 38s
[stdout] Rendered 5631/8755, time remaining: 8m 38s
[stdout] Rendered 5632/8755, time remaining: 8m 38s
[stdout] Rendered 5633/8755, time remaining: 8m 38s
[stdout] Rendered 5634/8755, time remaining: 8m 38s
[stdout] Rendered 5635/8755, time remaining: 8m 38s
[stdout] Rendered 5636/8755, time remaining: 8m 38s
[stdout] Rendered 5637/8755, time remaining: 8m 37s
[stdout] Rendered 5638/8755, time remaining: 8m 37s
[stdout] Rendered 5639/8755, time remaining: 8m 37s
[stdout] Rendered 5640/8755, time remaining: 8m 37s
[stdout] Rendered 5641/8755, time remaining: 8m 37s
[stdout] Rendered 5642/8755, time remaining: 8m 37s
[stdout] Rendered 5643/8755, time remaining: 8m 36s
[stdout] Rendered 5644/8755, time remaining: 8m 36s
[stdout] Rendered 5645/8755, time remaining: 8m 36s
[stdout] Rendered 5646/8755, time remaining: 8m 36s
[stdout] Rendered 5647/8755, time remaining: 8m 36s
[stdout] Rendered 5648/8755, time remaining: 8m 36s
[stdout] Rendered 5648/8755, time remaining: 8m 36s
[stdout] Rendered 5649/8755, time remaining: 8m 36s
[stdout] Rendered 5650/8755, time remaining: 8m 35s
[stdout] Rendered 5651/8755, time remaining: 8m 35s
[stdout] Rendered 5652/8755, time remaining: 8m 35s
[stdout] Rendered 5653/8755, time remaining: 8m 35s
[stdout] Rendered 5654/8755, time remaining: 8m 35s
[stdout] Rendered 5655/8755, time remaining: 8m 35s
[stdout] Rendered 5656/8755, time remaining: 8m 34s
[stdout] Rendered 5657/8755, time remaining: 8m 34s
[stdout] Rendered 5658/8755, time remaining: 8m 34s
[stdout] Rendered 5659/8755, time remaining: 8m 34s
[stdout] Rendered 5660/8755, time remaining: 8m 34s
[stdout] Rendered 5661/8755, time remaining: 8m 34s
[stdout] Rendered 5662/8755, time remaining: 8m 33s
[stdout] Rendered 5663/8755, time remaining: 8m 33s
[stdout] Rendered 5664/8755, time remaining: 8m 33s
[stdout] Rendered 5665/8755, time remaining: 8m 33s
[stdout] Rendered 5666/8755, time remaining: 8m 33s
[stdout] Rendered 5666/8755, time remaining: 8m 33s
[stdout] Rendered 5667/8755, time remaining: 8m 33s
[stdout] Rendered 5668/8755, time remaining: 8m 32s
[stdout] Rendered 5669/8755, time remaining: 8m 32s
[stdout] Rendered 5670/8755, time remaining: 8m 32s
[stdout] Rendered 5671/8755, time remaining: 8m 32s
[stdout] Rendered 5672/8755, time remaining: 8m 32s
[stdout] Rendered 5673/8755, time remaining: 8m 32s
[stdout] Rendered 5674/8755, time remaining: 8m 31s
[stdout] Rendered 5675/8755, time remaining: 8m 31s
[stdout] Rendered 5676/8755, time remaining: 8m 31s
[stdout] Rendered 5677/8755, time remaining: 8m 31s
[stdout] Rendered 5678/8755, time remaining: 8m 31s
[stdout] Rendered 5679/8755, time remaining: 8m 31s
[stdout] Rendered 5680/8755, time remaining: 8m 31s
[stdout] Rendered 5681/8755, time remaining: 8m 30s
[stdout] Rendered 5682/8755, time remaining: 8m 30s
[stdout] Rendered 5683/8755, time remaining: 8m 30s
[stdout] Rendered 5683/8755, time remaining: 8m 30s
[stdout] Rendered 5684/8755, time remaining: 8m 30s
[stdout] Rendered 5685/8755, time remaining: 8m 30s
[stdout] Rendered 5686/8755, time remaining: 8m 30s
[stdout] Rendered 5687/8755, time remaining: 8m 29s
[stdout] Rendered 5688/8755, time remaining: 8m 29s
[stdout] Rendered 5689/8755, time remaining: 8m 29s
[stdout] Rendered 5690/8755, time remaining: 8m 29s
[stdout] Rendered 5691/8755, time remaining: 8m 29s
[stdout] Rendered 5692/8755, time remaining: 8m 29s
[stdout] Rendered 5693/8755, time remaining: 8m 28s
[stdout] Rendered 5694/8755, time remaining: 8m 28s
[stdout] Rendered 5695/8755, time remaining: 8m 28s
[stdout] Rendered 5696/8755, time remaining: 8m 28s
[stdout] Rendered 5697/8755, time remaining: 8m 28s
[stdout] Rendered 5698/8755, time remaining: 8m 28s
[stdout] Rendered 5699/8755, time remaining: 8m 27s
[stdout] Rendered 5700/8755, time remaining: 8m 27s
[stdout] Rendered 5700/8755, time remaining: 8m 27s
[stdout] Rendered 5701/8755, time remaining: 8m 27s
[stdout] Rendered 5702/8755, time remaining: 8m 27s
[stdout] Rendered 5703/8755, time remaining: 8m 27s
[stdout] Rendered 5704/8755, time remaining: 8m 27s
[stdout] Rendered 5705/8755, time remaining: 8m 27s
[stdout] Rendered 5706/8755, time remaining: 8m 26s
[stdout] Rendered 5707/8755, time remaining: 8m 26s
[stdout] Rendered 5708/8755, time remaining: 8m 26s
[stdout] Rendered 5709/8755, time remaining: 8m 26s
[stdout] Rendered 5710/8755, time remaining: 8m 26s
[stdout] Rendered 5711/8755, time remaining: 8m 26s
[stdout] Rendered 5712/8755, time remaining: 8m 26s
[stdout] Rendered 5713/8755, time remaining: 8m 25s
[stdout] Rendered 5714/8755, time remaining: 8m 25s
[stdout] Rendered 5715/8755, time remaining: 8m 25s
[stdout] Rendered 5716/8755, time remaining: 8m 25s
[stdout] Rendered 5717/8755, time remaining: 8m 25s
[stdout] Rendered 5717/8755, time remaining: 8m 25s
[stdout] Rendered 5718/8755, time remaining: 8m 25s
[stdout] Rendered 5719/8755, time remaining: 8m 24s
[stdout] Rendered 5720/8755, time remaining: 8m 24s
[stdout] Rendered 5721/8755, time remaining: 8m 24s
[stdout] Rendered 5722/8755, time remaining: 8m 24s
[stdout] Rendered 5723/8755, time remaining: 8m 24s
[stdout] Rendered 5724/8755, time remaining: 8m 24s
[stdout] Rendered 5725/8755, time remaining: 8m 23s
[stdout] Rendered 5726/8755, time remaining: 8m 23s
[stdout] Rendered 5727/8755, time remaining: 8m 23s
[stdout] Rendered 5728/8755, time remaining: 8m 23s
[stdout] Rendered 5729/8755, time remaining: 8m 23s
[stdout] Rendered 5730/8755, time remaining: 8m 23s
[stdout] Rendered 5731/8755, time remaining: 8m 22s
[stdout] Rendered 5732/8755, time remaining: 8m 22s
[stdout] Rendered 5733/8755, time remaining: 8m 22s
[stdout] Rendered 5733/8755, time remaining: 8m 22s
[stdout] Rendered 5734/8755, time remaining: 8m 22s
[stdout] Rendered 5735/8755, time remaining: 8m 22s
[stdout] Rendered 5736/8755, time remaining: 8m 22s
[stdout] Rendered 5737/8755, time remaining: 8m 22s
[stdout] Rendered 5738/8755, time remaining: 8m 21s
[stdout] Rendered 5739/8755, time remaining: 8m 21s
[stdout] Rendered 5740/8755, time remaining: 8m 21s
[stdout] Rendered 5741/8755, time remaining: 8m 21s
[stdout] Rendered 5742/8755, time remaining: 8m 21s
[stdout] Rendered 5743/8755, time remaining: 8m 21s
[stdout] Rendered 5744/8755, time remaining: 8m 20s
[stdout] Rendered 5745/8755, time remaining: 8m 20s
[stdout] Rendered 5746/8755, time remaining: 8m 20s
[stdout] Rendered 5747/8755, time remaining: 8m 20s
[stdout] Rendered 5748/8755, time remaining: 8m 20s
[stdout] Rendered 5749/8755, time remaining: 8m 20s
[stdout] Rendered 5750/8755, time remaining: 8m 19s
[stdout] Rendered 5750/8755, time remaining: 8m 19s
[stdout] Rendered 5751/8755, time remaining: 8m 19s
[stdout] Rendered 5752/8755, time remaining: 8m 19s
[stdout] Rendered 5753/8755, time remaining: 8m 19s
[stdout] Rendered 5754/8755, time remaining: 8m 19s
[stdout] Rendered 5755/8755, time remaining: 8m 19s
[stdout] Rendered 5756/8755, time remaining: 8m 18s
[stdout] Rendered 5757/8755, time remaining: 8m 18s
[stdout] Rendered 5758/8755, time remaining: 8m 18s
[stdout] Rendered 5759/8755, time remaining: 8m 18s
[stdout] Rendered 5760/8755, time remaining: 8m 18s
[stdout] Rendered 5761/8755, time remaining: 8m 18s
[stdout] Rendered 5762/8755, time remaining: 8m 17s
[stdout] Rendered 5763/8755, time remaining: 8m 17s
[stdout] Rendered 5764/8755, time remaining: 8m 17s
[stdout] Rendered 5765/8755, time remaining: 8m 17s
[stdout] Rendered 5766/8755, time remaining: 8m 17s
[stdout] Rendered 5767/8755, time remaining: 8m 17s
[stdout] Rendered 5767/8755, time remaining: 8m 17s
[stdout] Rendered 5768/8755, time remaining: 8m 16s
[stdout] Rendered 5769/8755, time remaining: 8m 16s
[stdout] Rendered 5770/8755, time remaining: 8m 16s
[stdout] Rendered 5771/8755, time remaining: 8m 16s
[stdout] Rendered 5772/8755, time remaining: 8m 16s
[stdout] Rendered 5773/8755, time remaining: 8m 16s
[stdout] Rendered 5774/8755, time remaining: 8m 15s
[stdout] Rendered 5775/8755, time remaining: 8m 15s
[stdout] Rendered 5776/8755, time remaining: 8m 15s
[stdout] Rendered 5777/8755, time remaining: 8m 15s
[stdout] Rendered 5778/8755, time remaining: 8m 15s
[stdout] Rendered 5779/8755, time remaining: 8m 15s
[stdout] Rendered 5780/8755, time remaining: 8m 15s
[stdout] Rendered 5781/8755, time remaining: 8m 14s
[stdout] Rendered 5782/8755, time remaining: 8m 14s
[stdout] Rendered 5783/8755, time remaining: 8m 14s
[stdout] Rendered 5784/8755, time remaining: 8m 14s
[stdout] Rendered 5785/8755, time remaining: 8m 14s
[stdout] Rendered 5786/8755, time remaining: 8m 13s
[stdout] Rendered 5786/8755, time remaining: 8m 13s
[stdout] Rendered 5787/8755, time remaining: 8m 13s
[stdout] Rendered 5788/8755, time remaining: 8m 13s
[stdout] Rendered 5789/8755, time remaining: 8m 13s
[stdout] Rendered 5790/8755, time remaining: 8m 13s
[stdout] Rendered 5791/8755, time remaining: 8m 13s
[stdout] Rendered 5792/8755, time remaining: 8m 12s
[stdout] Rendered 5793/8755, time remaining: 8m 12s
[stdout] Rendered 5794/8755, time remaining: 8m 12s
[stdout] Rendered 5795/8755, time remaining: 8m 12s
[stdout] Rendered 5796/8755, time remaining: 8m 12s
[stdout] Rendered 5797/8755, time remaining: 8m 12s
[stdout] Rendered 5798/8755, time remaining: 8m 12s
[stdout] Rendered 5799/8755, time remaining: 8m 11s
[stdout] Rendered 5800/8755, time remaining: 8m 11s
[stdout] Rendered 5801/8755, time remaining: 8m 11s
[stdout] Rendered 5802/8755, time remaining: 8m 11s
[stdout] Rendered 5803/8755, time remaining: 8m 11s
[stdout] Rendered 5804/8755, time remaining: 8m 11s
[stdout] Rendered 5804/8755, time remaining: 8m 11s
[stdout] Rendered 5805/8755, time remaining: 8m 10s
[stdout] Rendered 5806/8755, time remaining: 8m 10s
[stdout] Rendered 5807/8755, time remaining: 8m 10s
[stdout] Rendered 5808/8755, time remaining: 8m 10s
[stdout] Rendered 5809/8755, time remaining: 8m 10s
[stdout] Rendered 5810/8755, time remaining: 8m 10s
[stdout] Rendered 5811/8755, time remaining: 8m 9s
[stdout] Rendered 5812/8755, time remaining: 8m 9s
[stdout] Rendered 5813/8755, time remaining: 8m 9s
[stdout] Rendered 5814/8755, time remaining: 8m 9s
[stdout] Rendered 5815/8755, time remaining: 8m 9s
[stdout] Rendered 5816/8755, time remaining: 8m 9s
[stdout] Rendered 5817/8755, time remaining: 8m 8s
[stdout] Rendered 5818/8755, time remaining: 8m 8s
[stdout] Rendered 5819/8755, time remaining: 8m 8s
[stdout] Rendered 5820/8755, time remaining: 8m 8s
[stdout] Rendered 5820/8755, time remaining: 8m 8s
[stdout] Rendered 5821/8755, time remaining: 8m 8s
[stdout] Rendered 5822/8755, time remaining: 8m 8s
[stdout] Rendered 5823/8755, time remaining: 8m 7s
[stdout] Rendered 5824/8755, time remaining: 8m 7s
[stdout] Rendered 5825/8755, time remaining: 8m 7s
[stdout] Rendered 5826/8755, time remaining: 8m 7s
[stdout] Rendered 5827/8755, time remaining: 8m 7s
[stdout] Rendered 5828/8755, time remaining: 8m 7s
[stdout] Rendered 5829/8755, time remaining: 8m 7s
[stdout] Rendered 5830/8755, time remaining: 8m 6s
[stdout] Rendered 5831/8755, time remaining: 8m 6s
[stdout] Rendered 5832/8755, time remaining: 8m 6s
[stdout] Rendered 5833/8755, time remaining: 8m 6s
[stdout] Rendered 5834/8755, time remaining: 8m 6s
[stdout] Rendered 5835/8755, time remaining: 8m 6s
[stdout] Rendered 5835/8755, time remaining: 8m 6s
[stdout] Rendered 5836/8755, time remaining: 8m 6s
[stdout] Rendered 5837/8755, time remaining: 8m 5s
[stdout] Rendered 5838/8755, time remaining: 8m 5s
[stdout] Rendered 5839/8755, time remaining: 8m 5s
[stdout] Rendered 5840/8755, time remaining: 8m 5s
[stdout] Rendered 5841/8755, time remaining: 8m 5s
[stdout] Rendered 5842/8755, time remaining: 8m 5s
[stdout] Rendered 5843/8755, time remaining: 8m 4s
[stdout] Rendered 5844/8755, time remaining: 8m 4s
[stdout] Rendered 5845/8755, time remaining: 8m 4s
[stdout] Rendered 5846/8755, time remaining: 8m 4s
[stdout] Rendered 5847/8755, time remaining: 8m 4s
[stdout] Rendered 5848/8755, time remaining: 8m 4s
[stdout] Rendered 5849/8755, time remaining: 8m 3s
[stdout] Rendered 5850/8755, time remaining: 8m 3s
[stdout] Rendered 5851/8755, time remaining: 8m 3s
[stdout] Rendered 5852/8755, time remaining: 8m 3s
[stdout] Rendered 5853/8755, time remaining: 8m 3s
[stdout] Rendered 5853/8755, time remaining: 8m 3s
[stdout] Rendered 5854/8755, time remaining: 8m 3s
[stdout] Rendered 5855/8755, time remaining: 8m 3s
[stdout] Rendered 5856/8755, time remaining: 8m 2s
[stdout] Rendered 5857/8755, time remaining: 8m 2s
[stdout] Rendered 5858/8755, time remaining: 8m 2s
[stdout] Rendered 5859/8755, time remaining: 8m 2s
[stdout] Rendered 5860/8755, time remaining: 8m 2s
[stdout] Rendered 5861/8755, time remaining: 8m 2s
[stdout] Rendered 5862/8755, time remaining: 8m 1s
[stdout] Rendered 5863/8755, time remaining: 8m 1s
[stdout] Rendered 5864/8755, time remaining: 8m 1s
[stdout] Rendered 5865/8755, time remaining: 8m 1s
[stdout] Rendered 5866/8755, time remaining: 8m 1s
[stdout] Rendered 5867/8755, time remaining: 8m 1s
[stdout] Rendered 5868/8755, time remaining: 8m 1s
[stdout] Rendered 5868/8755, time remaining: 8m 1s
[stdout] Rendered 5869/8755, time remaining: 8m 0s
[stdout] Rendered 5870/8755, time remaining: 8m 0s
[stdout] Rendered 5871/8755, time remaining: 8m 0s
[stdout] Rendered 5872/8755, time remaining: 8m 0s
[stdout] Rendered 5873/8755, time remaining: 8m 0s
[stdout] Rendered 5874/8755, time remaining: 8m 0s
[stdout] Rendered 5875/8755, time remaining: 7m 59s
[stdout] Rendered 5876/8755, time remaining: 7m 59s
[stdout] Rendered 5877/8755, time remaining: 7m 59s
[stdout] Rendered 5878/8755, time remaining: 7m 59s
[stdout] Rendered 5879/8755, time remaining: 7m 59s
[stdout] Rendered 5880/8755, time remaining: 7m 59s
[stdout] Rendered 5881/8755, time remaining: 7m 58s
[stdout] Rendered 5882/8755, time remaining: 7m 58s
[stdout] Rendered 5883/8755, time remaining: 7m 58s
[stdout] Rendered 5884/8755, time remaining: 7m 58s
[stdout] Rendered 5885/8755, time remaining: 7m 58s
[stdout] Rendered 5886/8755, time remaining: 7m 58s
[stdout] Rendered 5886/8755, time remaining: 7m 58s
[stdout] Rendered 5887/8755, time remaining: 7m 57s
[stdout] Rendered 5888/8755, time remaining: 7m 57s
[stdout] Rendered 5889/8755, time remaining: 7m 57s
[stdout] Rendered 5890/8755, time remaining: 7m 57s
[stdout] Rendered 5891/8755, time remaining: 7m 57s
[stdout] Rendered 5892/8755, time remaining: 7m 57s
[stdout] Rendered 5893/8755, time remaining: 7m 57s
[stdout] Rendered 5894/8755, time remaining: 7m 56s
[stdout] Rendered 5895/8755, time remaining: 7m 56s
[stdout] Rendered 5896/8755, time remaining: 7m 56s
[stdout] Rendered 5897/8755, time remaining: 7m 56s
[stdout] Rendered 5898/8755, time remaining: 7m 56s
[stdout] Rendered 5899/8755, time remaining: 7m 56s
[stdout] Rendered 5900/8755, time remaining: 7m 55s
[stdout] Rendered 5901/8755, time remaining: 7m 55s
[stdout] Rendered 5902/8755, time remaining: 7m 55s
[stdout] Rendered 5902/8755, time remaining: 7m 55s
[stdout] Rendered 5903/8755, time remaining: 7m 55s
[stdout] Rendered 5904/8755, time remaining: 7m 55s
[stdout] Rendered 5905/8755, time remaining: 7m 55s
[stdout] Rendered 5906/8755, time remaining: 7m 54s
[stdout] Rendered 5907/8755, time remaining: 7m 54s
[stdout] Rendered 5908/8755, time remaining: 7m 54s
[stdout] Rendered 5909/8755, time remaining: 7m 54s
[stdout] Rendered 5910/8755, time remaining: 7m 54s
[stdout] Rendered 5911/8755, time remaining: 7m 54s
[stdout] Rendered 5912/8755, time remaining: 7m 53s
[stdout] Rendered 5913/8755, time remaining: 7m 53s
[stdout] Rendered 5914/8755, time remaining: 7m 53s
[stdout] Rendered 5915/8755, time remaining: 7m 53s
[stdout] Rendered 5916/8755, time remaining: 7m 53s
[stdout] Rendered 5917/8755, time remaining: 7m 53s
[stdout] Rendered 5918/8755, time remaining: 7m 53s
[stdout] Rendered 5919/8755, time remaining: 7m 52s
[stdout] Rendered 5919/8755, time remaining: 7m 52s
[stdout] Rendered 5920/8755, time remaining: 7m 52s
[stdout] Rendered 5921/8755, time remaining: 7m 52s
[stdout] Rendered 5922/8755, time remaining: 7m 52s
[stdout] Rendered 5923/8755, time remaining: 7m 52s
[stdout] Rendered 5924/8755, time remaining: 7m 52s
[stdout] Rendered 5925/8755, time remaining: 7m 51s
[stdout] Rendered 5926/8755, time remaining: 7m 51s
[stdout] Rendered 5927/8755, time remaining: 7m 51s
[stdout] Rendered 5928/8755, time remaining: 7m 51s
[stdout] Rendered 5929/8755, time remaining: 7m 51s
[stdout] Rendered 5930/8755, time remaining: 7m 51s
[stdout] Rendered 5931/8755, time remaining: 7m 50s
[stdout] Rendered 5932/8755, time remaining: 7m 50s
[stdout] Rendered 5932/8755, time remaining: 7m 50s
[stdout] Rendered 5933/8755, time remaining: 7m 50s
[stdout] Rendered 5934/8755, time remaining: 7m 50s
[stdout] Rendered 5935/8755, time remaining: 7m 50s
[stdout] Rendered 5936/8755, time remaining: 7m 50s
[stdout] Rendered 5937/8755, time remaining: 7m 50s
[stdout] Rendered 5938/8755, time remaining: 7m 50s
[stdout] Rendered 5939/8755, time remaining: 7m 49s
[stdout] Rendered 5940/8755, time remaining: 7m 49s
[stdout] Rendered 5941/8755, time remaining: 7m 49s
[stdout] Rendered 5942/8755, time remaining: 7m 49s
[stdout] Rendered 5943/8755, time remaining: 7m 49s
[stdout] Rendered 5944/8755, time remaining: 7m 49s
[stdout] Rendered 5945/8755, time remaining: 7m 48s
[stdout] Rendered 5946/8755, time remaining: 7m 48s
[stdout] Rendered 5947/8755, time remaining: 7m 48s
[stdout] Rendered 5948/8755, time remaining: 7m 48s
[stdout] Rendered 5948/8755, time remaining: 7m 48s
[stdout] Rendered 5949/8755, time remaining: 7m 48s
[stdout] Rendered 5950/8755, time remaining: 7m 48s
[stdout] Rendered 5951/8755, time remaining: 7m 48s
[stdout] Rendered 5952/8755, time remaining: 7m 47s
[stdout] Rendered 5953/8755, time remaining: 7m 47s
[stdout] Rendered 5954/8755, time remaining: 7m 47s
[stdout] Rendered 5955/8755, time remaining: 7m 47s
[stdout] Rendered 5956/8755, time remaining: 7m 47s
[stdout] Rendered 5957/8755, time remaining: 7m 47s
[stdout] Rendered 5958/8755, time remaining: 7m 46s
[stdout] Rendered 5959/8755, time remaining: 7m 46s
[stdout] Rendered 5960/8755, time remaining: 7m 46s
[stdout] Rendered 5961/8755, time remaining: 7m 46s
[stdout] Rendered 5962/8755, time remaining: 7m 46s
[stdout] Rendered 5963/8755, time remaining: 7m 46s
[stdout] Rendered 5964/8755, time remaining: 7m 45s
[stdout] Rendered 5965/8755, time remaining: 7m 45s
[stdout] Rendered 5966/8755, time remaining: 7m 45s
[stdout] Rendered 5966/8755, time remaining: 7m 45s
[stdout] Rendered 5967/8755, time remaining: 7m 45s
[stdout] Rendered 5968/8755, time remaining: 7m 45s
[stdout] Rendered 5969/8755, time remaining: 7m 45s
[stdout] Rendered 5970/8755, time remaining: 7m 45s
[stdout] Rendered 5971/8755, time remaining: 7m 44s
[stdout] Rendered 5972/8755, time remaining: 7m 44s
[stdout] Rendered 5973/8755, time remaining: 7m 44s
[stdout] Rendered 5974/8755, time remaining: 7m 44s
[stdout] Rendered 5975/8755, time remaining: 7m 44s
[stdout] Rendered 5976/8755, time remaining: 7m 44s
[stdout] Rendered 5977/8755, time remaining: 7m 43s
[stdout] Rendered 5978/8755, time remaining: 7m 43s
[stdout] Rendered 5979/8755, time remaining: 7m 43s
[stdout] Rendered 5980/8755, time remaining: 7m 43s
[stdout] Rendered 5981/8755, time remaining: 7m 43s
[stdout] Rendered 5982/8755, time remaining: 7m 43s
[stdout] Rendered 5982/8755, time remaining: 7m 43s
[stdout] Rendered 5983/8755, time remaining: 7m 42s
[stdout] Rendered 5984/8755, time remaining: 7m 42s
[stdout] Rendered 5985/8755, time remaining: 7m 42s
[stdout] Rendered 5986/8755, time remaining: 7m 42s
[stdout] Rendered 5987/8755, time remaining: 7m 42s
[stdout] Rendered 5988/8755, time remaining: 7m 42s
[stdout] Rendered 5989/8755, time remaining: 7m 42s
[stdout] Rendered 5990/8755, time remaining: 7m 41s
[stdout] Rendered 5991/8755, time remaining: 7m 41s
[stdout] Rendered 5992/8755, time remaining: 7m 41s
[stdout] Rendered 5993/8755, time remaining: 7m 41s
[stdout] Rendered 5994/8755, time remaining: 7m 41s
[stdout] Rendered 5995/8755, time remaining: 7m 41s
[stdout] Rendered 5996/8755, time remaining: 7m 40s
[stdout] Rendered 5997/8755, time remaining: 7m 40s
[stdout] Rendered 5998/8755, time remaining: 7m 40s
[stdout] Rendered 5998/8755, time remaining: 7m 40s
[stdout] Rendered 5999/8755, time remaining: 7m 40s
[stdout] Rendered 6000/8755, time remaining: 7m 40s
[stdout] Rendered 6001/8755, time remaining: 7m 40s
[stdout] Rendered 6002/8755, time remaining: 7m 39s
[stdout] Rendered 6003/8755, time remaining: 7m 39s
[stdout] Rendered 6004/8755, time remaining: 7m 39s
[stdout] Rendered 6005/8755, time remaining: 7m 39s
[stdout] Rendered 6006/8755, time remaining: 7m 39s
[stdout] Rendered 6007/8755, time remaining: 7m 39s
[stdout] Rendered 6008/8755, time remaining: 7m 39s
[stdout] Rendered 6009/8755, time remaining: 7m 38s
[stdout] Rendered 6010/8755, time remaining: 7m 38s
[stdout] Rendered 6011/8755, time remaining: 7m 38s
[stdout] Rendered 6012/8755, time remaining: 7m 38s
[stdout] Rendered 6013/8755, time remaining: 7m 38s
[stdout] Rendered 6014/8755, time remaining: 7m 38s
[stdout] Rendered 6015/8755, time remaining: 7m 38s
[stdout] Rendered 6015/8755, time remaining: 7m 38s
[stdout] Rendered 6016/8755, time remaining: 7m 37s
[stdout] Rendered 6017/8755, time remaining: 7m 37s
[stdout] Rendered 6018/8755, time remaining: 7m 37s
[stdout] Rendered 6019/8755, time remaining: 7m 37s
[stdout] Rendered 6020/8755, time remaining: 7m 37s
[stdout] Rendered 6021/8755, time remaining: 7m 37s
[stdout] Rendered 6022/8755, time remaining: 7m 37s
[stdout] Rendered 6023/8755, time remaining: 7m 37s
[stdout] Rendered 6024/8755, time remaining: 7m 36s
[stdout] Rendered 6025/8755, time remaining: 7m 36s
[stdout] Rendered 6025/8755, time remaining: 7m 36s
[stdout] Rendered 6026/8755, time remaining: 7m 36s
[stdout] Rendered 6027/8755, time remaining: 7m 36s
[stdout] Rendered 6028/8755, time remaining: 7m 36s
[stdout] Rendered 6029/8755, time remaining: 7m 36s
[stdout] Rendered 6030/8755, time remaining: 7m 35s
[stdout] Rendered 6031/8755, time remaining: 7m 35s
[stdout] Rendered 6032/8755, time remaining: 7m 35s
[stdout] Rendered 6033/8755, time remaining: 7m 35s
[stdout] Rendered 6034/8755, time remaining: 7m 35s
[stdout] Rendered 6035/8755, time remaining: 7m 35s
[stdout] Rendered 6036/8755, time remaining: 7m 35s
[stdout] Rendered 6037/8755, time remaining: 7m 34s
[stdout] Rendered 6038/8755, time remaining: 7m 34s
[stdout] Rendered 6039/8755, time remaining: 7m 34s
[stdout] Rendered 6040/8755, time remaining: 7m 34s
[stdout] Rendered 6041/8755, time remaining: 7m 34s
[stdout] Rendered 6041/8755, time remaining: 7m 34s
[stdout] Rendered 6042/8755, time remaining: 7m 34s
[stdout] Rendered 6043/8755, time remaining: 7m 33s
[stdout] Rendered 6044/8755, time remaining: 7m 33s
[stdout] Rendered 6045/8755, time remaining: 7m 33s
[stdout] Rendered 6046/8755, time remaining: 7m 33s
[stdout] Rendered 6047/8755, time remaining: 7m 33s
[stdout] Rendered 6048/8755, time remaining: 7m 33s
[stdout] Rendered 6049/8755, time remaining: 7m 33s
[stdout] Rendered 6050/8755, time remaining: 7m 32s
[stdout] Rendered 6051/8755, time remaining: 7m 32s
[stdout] Rendered 6052/8755, time remaining: 7m 32s
[stdout] Rendered 6053/8755, time remaining: 7m 32s
[stdout] Rendered 6054/8755, time remaining: 7m 32s
[stdout] Rendered 6055/8755, time remaining: 7m 32s
[stdout] Rendered 6056/8755, time remaining: 7m 31s
[stdout] Rendered 6057/8755, time remaining: 7m 31s
[stdout] Rendered 6057/8755, time remaining: 7m 31s
[stdout] Rendered 6058/8755, time remaining: 7m 31s
[stdout] Rendered 6059/8755, time remaining: 7m 31s
[stdout] Rendered 6060/8755, time remaining: 7m 31s
[stdout] Rendered 6061/8755, time remaining: 7m 31s
[stdout] Rendered 6062/8755, time remaining: 7m 30s
[stdout] Rendered 6063/8755, time remaining: 7m 30s
[stdout] Rendered 6064/8755, time remaining: 7m 30s
[stdout] Rendered 6065/8755, time remaining: 7m 30s
[stdout] Rendered 6066/8755, time remaining: 7m 30s
[stdout] Rendered 6067/8755, time remaining: 7m 30s
[stdout] Rendered 6068/8755, time remaining: 7m 29s
[stdout] Rendered 6069/8755, time remaining: 7m 29s
[stdout] Rendered 6070/8755, time remaining: 7m 29s
[stdout] Rendered 6071/8755, time remaining: 7m 29s
[stdout] Rendered 6072/8755, time remaining: 7m 29s
[stdout] Rendered 6073/8755, time remaining: 7m 29s
[stdout] Rendered 6073/8755, time remaining: 7m 29s
[stdout] Rendered 6074/8755, time remaining: 7m 29s
[stdout] Rendered 6075/8755, time remaining: 7m 28s
[stdout] Rendered 6076/8755, time remaining: 7m 28s
[stdout] Rendered 6077/8755, time remaining: 7m 28s
[stdout] Rendered 6078/8755, time remaining: 7m 28s
[stdout] Rendered 6079/8755, time remaining: 7m 28s
[stdout] Rendered 6080/8755, time remaining: 7m 28s
[stdout] Rendered 6081/8755, time remaining: 7m 27s
[stdout] Rendered 6082/8755, time remaining: 7m 27s
[stdout] Rendered 6083/8755, time remaining: 7m 27s
[stdout] Rendered 6084/8755, time remaining: 7m 27s
[stdout] Rendered 6085/8755, time remaining: 7m 27s
[stdout] Rendered 6086/8755, time remaining: 7m 27s
[stdout] Rendered 6087/8755, time remaining: 7m 27s
[stdout] Rendered 6088/8755, time remaining: 7m 26s
[stdout] Rendered 6088/8755, time remaining: 7m 26s
[stdout] Rendered 6089/8755, time remaining: 7m 26s
[stdout] Rendered 6090/8755, time remaining: 7m 26s
[stdout] Rendered 6091/8755, time remaining: 7m 26s
[stdout] Rendered 6092/8755, time remaining: 7m 26s
[stdout] Rendered 6093/8755, time remaining: 7m 26s
[stdout] Rendered 6094/8755, time remaining: 7m 25s
[stdout] Rendered 6095/8755, time remaining: 7m 25s
[stdout] Rendered 6096/8755, time remaining: 7m 25s
[stdout] Rendered 6097/8755, time remaining: 7m 25s
[stdout] Rendered 6098/8755, time remaining: 7m 25s
[stdout] Rendered 6099/8755, time remaining: 7m 25s
[stdout] Rendered 6100/8755, time remaining: 7m 24s
[stdout] Rendered 6101/8755, time remaining: 7m 24s
[stdout] Rendered 6102/8755, time remaining: 7m 24s
[stdout] Rendered 6103/8755, time remaining: 7m 24s
[stdout] Rendered 6104/8755, time remaining: 7m 24s
[stdout] Rendered 6104/8755, time remaining: 7m 24s
[stdout] Rendered 6105/8755, time remaining: 7m 24s
[stdout] Rendered 6106/8755, time remaining: 7m 24s
[stdout] Rendered 6107/8755, time remaining: 7m 23s
[stdout] Rendered 6108/8755, time remaining: 7m 23s
[stdout] Rendered 6109/8755, time remaining: 7m 23s
[stdout] Rendered 6110/8755, time remaining: 7m 23s
[stdout] Rendered 6111/8755, time remaining: 7m 23s
[stdout] Rendered 6112/8755, time remaining: 7m 23s
[stdout] Rendered 6113/8755, time remaining: 7m 22s
[stdout] Rendered 6114/8755, time remaining: 7m 22s
[stdout] Rendered 6115/8755, time remaining: 7m 22s
[stdout] Rendered 6116/8755, time remaining: 7m 22s
[stdout] Rendered 6117/8755, time remaining: 7m 22s
[stdout] Rendered 6118/8755, time remaining: 7m 22s
[stdout] Rendered 6119/8755, time remaining: 7m 22s
[stdout] Rendered 6119/8755, time remaining: 7m 22s
[stdout] Rendered 6120/8755, time remaining: 7m 21s
[stdout] Rendered 6121/8755, time remaining: 7m 21s
[stdout] Rendered 6122/8755, time remaining: 7m 21s
[stdout] Rendered 6123/8755, time remaining: 7m 21s
[stdout] Rendered 6124/8755, time remaining: 7m 21s
[stdout] Rendered 6125/8755, time remaining: 7m 21s
[stdout] Rendered 6126/8755, time remaining: 7m 20s
[stdout] Rendered 6127/8755, time remaining: 7m 20s
[stdout] Rendered 6128/8755, time remaining: 7m 20s
[stdout] Rendered 6129/8755, time remaining: 7m 20s
[stdout] Rendered 6130/8755, time remaining: 7m 20s
[stdout] Rendered 6131/8755, time remaining: 7m 20s
[stdout] Rendered 6132/8755, time remaining: 7m 19s
[stdout] Rendered 6133/8755, time remaining: 7m 19s
[stdout] Rendered 6134/8755, time remaining: 7m 19s
[stdout] Rendered 6135/8755, time remaining: 7m 19s
[stdout] Rendered 6135/8755, time remaining: 7m 19s
[stdout] Rendered 6136/8755, time remaining: 7m 19s
[stdout] Rendered 6137/8755, time remaining: 7m 19s
[stdout] Rendered 6138/8755, time remaining: 7m 19s
[stdout] Rendered 6139/8755, time remaining: 7m 18s
[stdout] Rendered 6140/8755, time remaining: 7m 18s
[stdout] Rendered 6141/8755, time remaining: 7m 18s
[stdout] Rendered 6142/8755, time remaining: 7m 18s
[stdout] Rendered 6143/8755, time remaining: 7m 18s
[stdout] Rendered 6144/8755, time remaining: 7m 18s
[stdout] Rendered 6145/8755, time remaining: 7m 17s
[stdout] Rendered 6146/8755, time remaining: 7m 17s
[stdout] Rendered 6147/8755, time remaining: 7m 17s
[stdout] Rendered 6148/8755, time remaining: 7m 17s
[stdout] Rendered 6149/8755, time remaining: 7m 17s
[stdout] Rendered 6150/8755, time remaining: 7m 17s
[stdout] Rendered 6151/8755, time remaining: 7m 17s
[stdout] Rendered 6151/8755, time remaining: 7m 17s
[stdout] Rendered 6152/8755, time remaining: 7m 16s
[stdout] Rendered 6153/8755, time remaining: 7m 16s
[stdout] Rendered 6154/8755, time remaining: 7m 16s
[stdout] Rendered 6155/8755, time remaining: 7m 16s
[stdout] Rendered 6156/8755, time remaining: 7m 16s
[stdout] Rendered 6157/8755, time remaining: 7m 16s
[stdout] Rendered 6158/8755, time remaining: 7m 15s
[stdout] Rendered 6159/8755, time remaining: 7m 15s
[stdout] Rendered 6160/8755, time remaining: 7m 15s
[stdout] Rendered 6161/8755, time remaining: 7m 15s
[stdout] Rendered 6162/8755, time remaining: 7m 15s
[stdout] Rendered 6163/8755, time remaining: 7m 15s
[stdout] Rendered 6164/8755, time remaining: 7m 14s
[stdout] Rendered 6165/8755, time remaining: 7m 14s
[stdout] Rendered 6166/8755, time remaining: 7m 14s
[stdout] Rendered 6167/8755, time remaining: 7m 14s
[stdout] Rendered 6167/8755, time remaining: 7m 14s
[stdout] Rendered 6168/8755, time remaining: 7m 14s
[stdout] Rendered 6169/8755, time remaining: 7m 14s
[stdout] Rendered 6170/8755, time remaining: 7m 14s
[stdout] Rendered 6171/8755, time remaining: 7m 13s
[stdout] Rendered 6172/8755, time remaining: 7m 13s
[stdout] Rendered 6173/8755, time remaining: 7m 13s
[stdout] Rendered 6174/8755, time remaining: 7m 13s
[stdout] Rendered 6175/8755, time remaining: 7m 13s
[stdout] Rendered 6176/8755, time remaining: 7m 13s
[stdout] Rendered 6177/8755, time remaining: 7m 13s
[stdout] Rendered 6178/8755, time remaining: 7m 13s
[stdout] Rendered 6179/8755, time remaining: 7m 12s
[stdout] Rendered 6179/8755, time remaining: 7m 12s
[stdout] Rendered 6180/8755, time remaining: 7m 12s
[stdout] Rendered 6181/8755, time remaining: 7m 12s
[stdout] Rendered 6182/8755, time remaining: 7m 12s
[stdout] Rendered 6183/8755, time remaining: 7m 12s
[stdout] Rendered 6184/8755, time remaining: 7m 12s
[stdout] Rendered 6185/8755, time remaining: 7m 12s
[stdout] Rendered 6186/8755, time remaining: 7m 11s
[stdout] Rendered 6187/8755, time remaining: 7m 11s
[stdout] Rendered 6188/8755, time remaining: 7m 11s
[stdout] Rendered 6189/8755, time remaining: 7m 11s
[stdout] Rendered 6190/8755, time remaining: 7m 11s
[stdout] Rendered 6191/8755, time remaining: 7m 11s
[stdout] Rendered 6191/8755, time remaining: 7m 11s
[stdout] Rendered 6192/8755, time remaining: 7m 11s
[stdout] Rendered 6193/8755, time remaining: 7m 10s
[stdout] Rendered 6194/8755, time remaining: 7m 10s
[stdout] Rendered 6195/8755, time remaining: 7m 10s
[stdout] Rendered 6196/8755, time remaining: 7m 10s
[stdout] Rendered 6197/8755, time remaining: 7m 10s
[stdout] Rendered 6198/8755, time remaining: 7m 10s
[stdout] Rendered 6199/8755, time remaining: 7m 10s
[stdout] Rendered 6200/8755, time remaining: 7m 9s
[stdout] Rendered 6201/8755, time remaining: 7m 9s
[stdout] Rendered 6202/8755, time remaining: 7m 9s
[stdout] Rendered 6203/8755, time remaining: 7m 9s
[stdout] Rendered 6204/8755, time remaining: 7m 9s
[stdout] Rendered 6205/8755, time remaining: 7m 9s
[stdout] Rendered 6205/8755, time remaining: 7m 9s
[stdout] Rendered 6206/8755, time remaining: 7m 9s
[stdout] Rendered 6207/8755, time remaining: 7m 8s
[stdout] Rendered 6208/8755, time remaining: 7m 8s
[stdout] Rendered 6209/8755, time remaining: 7m 8s
[stdout] Rendered 6210/8755, time remaining: 7m 8s
[stdout] Rendered 6211/8755, time remaining: 7m 8s
[stdout] Rendered 6212/8755, time remaining: 7m 8s
[stdout] Rendered 6213/8755, time remaining: 7m 8s
[stdout] Rendered 6214/8755, time remaining: 7m 7s
[stdout] Rendered 6215/8755, time remaining: 7m 7s
[stdout] Rendered 6216/8755, time remaining: 7m 7s
[stdout] Rendered 6217/8755, time remaining: 7m 7s
[stdout] Rendered 6218/8755, time remaining: 7m 7s
[stdout] Rendered 6218/8755, time remaining: 7m 7s
[stdout] Rendered 6219/8755, time remaining: 7m 7s
[stdout] Rendered 6220/8755, time remaining: 7m 7s
[stdout] Rendered 6221/8755, time remaining: 7m 6s
[stdout] Rendered 6222/8755, time remaining: 7m 6s
[stdout] Rendered 6223/8755, time remaining: 7m 6s
[stdout] Rendered 6224/8755, time remaining: 7m 6s
[stdout] Rendered 6225/8755, time remaining: 7m 6s
[stdout] Rendered 6226/8755, time remaining: 7m 6s
[stdout] Rendered 6227/8755, time remaining: 7m 5s
[stdout] Rendered 6228/8755, time remaining: 7m 5s
[stdout] Rendered 6229/8755, time remaining: 7m 5s
[stdout] Rendered 6230/8755, time remaining: 7m 5s
[stdout] Rendered 6231/8755, time remaining: 7m 5s
[stdout] Rendered 6232/8755, time remaining: 7m 5s
[stdout] Rendered 6232/8755, time remaining: 7m 5s
[stdout] Rendered 6233/8755, time remaining: 7m 5s
[stdout] Rendered 6234/8755, time remaining: 7m 4s
[stdout] Rendered 6235/8755, time remaining: 7m 4s
[stdout] Rendered 6236/8755, time remaining: 7m 4s
[stdout] Rendered 6237/8755, time remaining: 7m 4s
[stdout] Rendered 6238/8755, time remaining: 7m 4s
[stdout] Rendered 6239/8755, time remaining: 7m 4s
[stdout] Rendered 6240/8755, time remaining: 7m 3s
[stdout] Rendered 6241/8755, time remaining: 7m 3s
[stdout] Rendered 6242/8755, time remaining: 7m 3s
[stdout] Rendered 6243/8755, time remaining: 7m 3s
[stdout] Rendered 6244/8755, time remaining: 7m 3s
[stdout] Rendered 6245/8755, time remaining: 7m 3s
[stdout] Rendered 6246/8755, time remaining: 7m 2s
[stdout] Rendered 6247/8755, time remaining: 7m 2s
[stdout] Rendered 6248/8755, time remaining: 7m 2s
[stdout] Rendered 6248/8755, time remaining: 7m 2s
[stdout] Rendered 6249/8755, time remaining: 7m 2s
[stdout] Rendered 6250/8755, time remaining: 7m 2s
[stdout] Rendered 6251/8755, time remaining: 7m 2s
[stdout] Rendered 6252/8755, time remaining: 7m 2s
[stdout] Rendered 6253/8755, time remaining: 7m 1s
[stdout] Rendered 6254/8755, time remaining: 7m 1s
[stdout] Rendered 6255/8755, time remaining: 7m 1s
[stdout] Rendered 6256/8755, time remaining: 7m 1s
[stdout] Rendered 6257/8755, time remaining: 7m 1s
[stdout] Rendered 6258/8755, time remaining: 7m 1s
[stdout] Rendered 6259/8755, time remaining: 7m 0s
[stdout] Rendered 6260/8755, time remaining: 7m 0s
[stdout] Rendered 6261/8755, time remaining: 7m 0s
[stdout] Rendered 6262/8755, time remaining: 7m 0s
[stdout] Rendered 6263/8755, time remaining: 7m 0s
[stdout] Rendered 6264/8755, time remaining: 7m 0s
[stdout] Rendered 6264/8755, time remaining: 7m 0s
[stdout] Rendered 6265/8755, time remaining: 7m 0s
[stdout] Rendered 6266/8755, time remaining: 6m 59s
[stdout] Rendered 6267/8755, time remaining: 6m 59s
[stdout] Rendered 6268/8755, time remaining: 6m 59s
[stdout] Rendered 6269/8755, time remaining: 6m 59s
[stdout] Rendered 6270/8755, time remaining: 6m 59s
[stdout] Rendered 6271/8755, time remaining: 6m 59s
[stdout] Rendered 6272/8755, time remaining: 6m 59s
[stdout] Rendered 6273/8755, time remaining: 6m 58s
[stdout] Rendered 6274/8755, time remaining: 6m 58s
[stdout] Rendered 6275/8755, time remaining: 6m 58s
[stdout] Rendered 6276/8755, time remaining: 6m 58s
[stdout] Rendered 6277/8755, time remaining: 6m 58s
[stdout] Rendered 6277/8755, time remaining: 6m 58s
[stdout] Rendered 6278/8755, time remaining: 6m 58s
[stdout] Rendered 6279/8755, time remaining: 6m 58s
[stdout] Rendered 6280/8755, time remaining: 6m 57s
[stdout] Rendered 6281/8755, time remaining: 6m 57s
[stdout] Rendered 6282/8755, time remaining: 6m 57s
[stdout] Rendered 6283/8755, time remaining: 6m 57s
[stdout] Rendered 6284/8755, time remaining: 6m 57s
[stdout] Rendered 6285/8755, time remaining: 6m 57s
[stdout] Rendered 6286/8755, time remaining: 6m 56s
[stdout] Rendered 6287/8755, time remaining: 6m 56s
[stdout] Rendered 6288/8755, time remaining: 6m 56s
[stdout] Rendered 6289/8755, time remaining: 6m 56s
[stdout] Rendered 6290/8755, time remaining: 6m 56s
[stdout] Rendered 6291/8755, time remaining: 6m 56s
[stdout] Rendered 6291/8755, time remaining: 6m 56s
[stdout] Rendered 6292/8755, time remaining: 6m 55s
[stdout] Rendered 6293/8755, time remaining: 6m 55s
[stdout] Rendered 6294/8755, time remaining: 6m 55s
[stdout] Rendered 6295/8755, time remaining: 6m 55s
[stdout] Rendered 6296/8755, time remaining: 6m 55s
[stdout] Rendered 6297/8755, time remaining: 6m 55s
[stdout] Rendered 6298/8755, time remaining: 6m 55s
[stdout] Rendered 6299/8755, time remaining: 6m 54s
[stdout] Rendered 6300/8755, time remaining: 6m 54s
[stdout] Rendered 6301/8755, time remaining: 6m 54s
[stdout] Rendered 6302/8755, time remaining: 6m 54s
[stdout] Rendered 6303/8755, time remaining: 6m 54s
[stdout] Rendered 6304/8755, time remaining: 6m 54s
[stdout] Rendered 6305/8755, time remaining: 6m 53s
[stdout] Rendered 6306/8755, time remaining: 6m 53s
[stdout] Rendered 6307/8755, time remaining: 6m 53s
[stdout] Rendered 6307/8755, time remaining: 6m 53s
[stdout] Rendered 6308/8755, time remaining: 6m 53s
[stdout] Rendered 6309/8755, time remaining: 6m 53s
[stdout] Rendered 6310/8755, time remaining: 6m 53s
[stdout] Rendered 6311/8755, time remaining: 6m 52s
[stdout] Rendered 6312/8755, time remaining: 6m 52s
[stdout] Rendered 6313/8755, time remaining: 6m 52s
[stdout] Rendered 6314/8755, time remaining: 6m 52s
[stdout] Rendered 6315/8755, time remaining: 6m 52s
[stdout] Rendered 6316/8755, time remaining: 6m 52s
[stdout] Rendered 6317/8755, time remaining: 6m 51s
[stdout] Rendered 6318/8755, time remaining: 6m 51s
[stdout] Rendered 6319/8755, time remaining: 6m 51s
[stdout] Rendered 6320/8755, time remaining: 6m 51s
[stdout] Rendered 6321/8755, time remaining: 6m 51s
[stdout] Rendered 6322/8755, time remaining: 6m 51s
[stdout] Rendered 6322/8755, time remaining: 6m 51s
[stdout] Rendered 6323/8755, time remaining: 6m 50s
[stdout] Rendered 6324/8755, time remaining: 6m 50s
[stdout] Rendered 6325/8755, time remaining: 6m 50s
[stdout] Rendered 6326/8755, time remaining: 6m 50s
[stdout] Rendered 6327/8755, time remaining: 6m 50s
[stdout] Rendered 6328/8755, time remaining: 6m 50s
[stdout] Rendered 6329/8755, time remaining: 6m 49s
[stdout] Rendered 6330/8755, time remaining: 6m 49s
[stdout] Rendered 6331/8755, time remaining: 6m 49s
[stdout] Rendered 6332/8755, time remaining: 6m 49s
[stdout] Rendered 6333/8755, time remaining: 6m 49s
[stdout] Rendered 6334/8755, time remaining: 6m 49s
[stdout] Rendered 6335/8755, time remaining: 6m 49s
[stdout] Rendered 6336/8755, time remaining: 6m 48s
[stdout] Rendered 6337/8755, time remaining: 6m 48s
[stdout] Rendered 6338/8755, time remaining: 6m 48s
[stdout] Rendered 6339/8755, time remaining: 6m 48s
[stdout] Rendered 6340/8755, time remaining: 6m 48s
[stdout] Rendered 6340/8755, time remaining: 6m 48s
[stdout] Rendered 6341/8755, time remaining: 6m 48s
[stdout] Rendered 6342/8755, time remaining: 6m 47s
[stdout] Rendered 6343/8755, time remaining: 6m 47s
[stdout] Rendered 6344/8755, time remaining: 6m 47s
[stdout] Rendered 6345/8755, time remaining: 6m 47s
[stdout] Rendered 6346/8755, time remaining: 6m 47s
[stdout] Rendered 6347/8755, time remaining: 6m 47s
[stdout] Rendered 6348/8755, time remaining: 6m 47s
[stdout] Rendered 6349/8755, time remaining: 6m 46s
[stdout] Rendered 6350/8755, time remaining: 6m 46s
[stdout] Rendered 6351/8755, time remaining: 6m 46s
[stdout] Rendered 6352/8755, time remaining: 6m 46s
[stdout] Rendered 6353/8755, time remaining: 6m 46s
[stdout] Rendered 6354/8755, time remaining: 6m 46s
[stdout] Rendered 6354/8755, time remaining: 6m 46s
[stdout] Rendered 6355/8755, time remaining: 6m 45s
[stdout] Rendered 6356/8755, time remaining: 6m 45s
[stdout] Rendered 6357/8755, time remaining: 6m 45s
[stdout] Rendered 6358/8755, time remaining: 6m 45s
[stdout] Rendered 6359/8755, time remaining: 6m 45s
[stdout] Rendered 6360/8755, time remaining: 6m 45s
[stdout] Rendered 6361/8755, time remaining: 6m 44s
[stdout] Rendered 6362/8755, time remaining: 6m 44s
[stdout] Rendered 6363/8755, time remaining: 6m 44s
[stdout] Rendered 6364/8755, time remaining: 6m 44s
[stdout] Rendered 6365/8755, time remaining: 6m 44s
[stdout] Rendered 6366/8755, time remaining: 6m 44s
[stdout] Rendered 6367/8755, time remaining: 6m 43s
[stdout] Rendered 6368/8755, time remaining: 6m 43s
[stdout] Rendered 6369/8755, time remaining: 6m 43s
[stdout] Rendered 6370/8755, time remaining: 6m 43s
[stdout] Rendered 6371/8755, time remaining: 6m 43s
[stdout] Rendered 6371/8755, time remaining: 6m 43s
[stdout] Rendered 6372/8755, time remaining: 6m 43s
[stdout] Rendered 6373/8755, time remaining: 6m 42s
[stdout] Rendered 6374/8755, time remaining: 6m 42s
[stdout] Rendered 6375/8755, time remaining: 6m 42s
[stdout] Rendered 6376/8755, time remaining: 6m 42s
[stdout] Rendered 6377/8755, time remaining: 6m 42s
[stdout] Rendered 6378/8755, time remaining: 6m 42s
[stdout] Rendered 6379/8755, time remaining: 6m 42s
[stdout] Rendered 6380/8755, time remaining: 6m 42s
[stdout] Rendered 6381/8755, time remaining: 6m 41s
[stdout] Rendered 6382/8755, time remaining: 6m 41s
[stdout] Rendered 6383/8755, time remaining: 6m 41s
[stdout] Rendered 6383/8755, time remaining: 6m 41s
[stdout] Rendered 6384/8755, time remaining: 6m 41s
[stdout] Rendered 6385/8755, time remaining: 6m 41s
[stdout] Rendered 6386/8755, time remaining: 6m 41s
[stdout] Rendered 6387/8755, time remaining: 6m 40s
[stdout] Rendered 6388/8755, time remaining: 6m 40s
[stdout] Rendered 6389/8755, time remaining: 6m 40s
[stdout] Rendered 6390/8755, time remaining: 6m 40s
[stdout] Rendered 6391/8755, time remaining: 6m 40s
[stdout] Rendered 6392/8755, time remaining: 6m 40s
[stdout] Rendered 6393/8755, time remaining: 6m 40s
[stdout] Rendered 6394/8755, time remaining: 6m 39s
[stdout] Rendered 6395/8755, time remaining: 6m 39s
[stdout] Rendered 6396/8755, time remaining: 6m 39s
[stdout] Rendered 6397/8755, time remaining: 6m 39s
[stdout] Rendered 6397/8755, time remaining: 6m 39s
[stdout] Rendered 6398/8755, time remaining: 6m 39s
[stdout] Rendered 6399/8755, time remaining: 6m 39s
[stdout] Rendered 6400/8755, time remaining: 6m 38s
[stdout] Rendered 6401/8755, time remaining: 6m 38s
[stdout] Rendered 6402/8755, time remaining: 6m 38s
[stdout] Rendered 6403/8755, time remaining: 6m 38s
[stdout] Rendered 6404/8755, time remaining: 6m 38s
[stdout] Rendered 6405/8755, time remaining: 6m 38s
[stdout] Rendered 6406/8755, time remaining: 6m 38s
[stdout] Rendered 6407/8755, time remaining: 6m 37s
[stdout] Rendered 6408/8755, time remaining: 6m 37s
[stdout] Rendered 6409/8755, time remaining: 6m 37s
[stdout] Rendered 6410/8755, time remaining: 6m 37s
[stdout] Rendered 6411/8755, time remaining: 6m 37s
[stdout] Rendered 6411/8755, time remaining: 6m 37s
[stdout] Rendered 6412/8755, time remaining: 6m 37s
[stdout] Rendered 6413/8755, time remaining: 6m 36s
[stdout] Rendered 6414/8755, time remaining: 6m 36s
[stdout] Rendered 6415/8755, time remaining: 6m 36s
[stdout] Rendered 6416/8755, time remaining: 6m 36s
[stdout] Rendered 6417/8755, time remaining: 6m 36s
[stdout] Rendered 6418/8755, time remaining: 6m 36s
[stdout] Rendered 6419/8755, time remaining: 6m 36s
[stdout] Rendered 6420/8755, time remaining: 6m 35s
[stdout] Rendered 6421/8755, time remaining: 6m 35s
[stdout] Rendered 6422/8755, time remaining: 6m 35s
[stdout] Rendered 6423/8755, time remaining: 6m 35s
[stdout] Rendered 6424/8755, time remaining: 6m 35s
[stdout] Rendered 6424/8755, time remaining: 6m 35s
[stdout] Rendered 6425/8755, time remaining: 6m 35s
[stdout] Rendered 6426/8755, time remaining: 6m 35s
[stdout] Rendered 6427/8755, time remaining: 6m 34s
[stdout] Rendered 6428/8755, time remaining: 6m 34s
[stdout] Rendered 6429/8755, time remaining: 6m 34s
[stdout] Rendered 6430/8755, time remaining: 6m 34s
[stdout] Rendered 6431/8755, time remaining: 6m 34s
[stdout] Rendered 6432/8755, time remaining: 6m 34s
[stdout] Rendered 6433/8755, time remaining: 6m 33s
[stdout] Rendered 6434/8755, time remaining: 6m 33s
[stdout] Rendered 6435/8755, time remaining: 6m 33s
[stdout] Rendered 6436/8755, time remaining: 6m 33s
[stdout] Rendered 6437/8755, time remaining: 6m 33s
[stdout] Rendered 6438/8755, time remaining: 6m 33s
[stdout] Rendered 6439/8755, time remaining: 6m 32s
[stdout] Rendered 6440/8755, time remaining: 6m 32s
[stdout] Rendered 6440/8755, time remaining: 6m 32s
[stdout] Rendered 6441/8755, time remaining: 6m 32s
[stdout] Rendered 6442/8755, time remaining: 6m 32s
[stdout] Rendered 6443/8755, time remaining: 6m 32s
[stdout] Rendered 6444/8755, time remaining: 6m 32s
[stdout] Rendered 6445/8755, time remaining: 6m 31s
[stdout] Rendered 6446/8755, time remaining: 6m 31s
[stdout] Rendered 6447/8755, time remaining: 6m 31s
[stdout] Rendered 6448/8755, time remaining: 6m 31s
[stdout] Rendered 6449/8755, time remaining: 6m 31s
[stdout] Rendered 6450/8755, time remaining: 6m 31s
[stdout] Rendered 6451/8755, time remaining: 6m 30s
[stdout] Rendered 6452/8755, time remaining: 6m 30s
[stdout] Rendered 6453/8755, time remaining: 6m 30s
[stdout] Rendered 6454/8755, time remaining: 6m 30s
[stdout] Rendered 6455/8755, time remaining: 6m 30s
[stdout] Rendered 6456/8755, time remaining: 6m 30s
[stdout] Rendered 6457/8755, time remaining: 6m 30s
[stdout] Rendered 6457/8755, time remaining: 6m 30s
[stdout] Rendered 6458/8755, time remaining: 6m 29s
[stdout] Rendered 6459/8755, time remaining: 6m 29s
[stdout] Rendered 6460/8755, time remaining: 6m 29s
[stdout] Rendered 6461/8755, time remaining: 6m 29s
[stdout] Rendered 6462/8755, time remaining: 6m 29s
[stdout] Rendered 6463/8755, time remaining: 6m 29s
[stdout] Rendered 6464/8755, time remaining: 6m 28s
[stdout] Rendered 6465/8755, time remaining: 6m 28s
[stdout] Rendered 6466/8755, time remaining: 6m 28s
[stdout] Rendered 6467/8755, time remaining: 6m 28s
[stdout] Rendered 6468/8755, time remaining: 6m 28s
[stdout] Rendered 6469/8755, time remaining: 6m 28s
[stdout] Rendered 6470/8755, time remaining: 6m 28s
[stdout] Rendered 6470/8755, time remaining: 6m 28s
[stdout] Rendered 6471/8755, time remaining: 6m 27s
[stdout] Rendered 6472/8755, time remaining: 6m 27s
[stdout] Rendered 6473/8755, time remaining: 6m 27s
[stdout] Rendered 6474/8755, time remaining: 6m 27s
[stdout] Rendered 6475/8755, time remaining: 6m 27s
[stdout] Rendered 6476/8755, time remaining: 6m 27s
[stdout] Rendered 6477/8755, time remaining: 6m 26s
[stdout] Rendered 6478/8755, time remaining: 6m 26s
[stdout] Rendered 6479/8755, time remaining: 6m 26s
[stdout] Rendered 6480/8755, time remaining: 6m 26s
[stdout] Rendered 6481/8755, time remaining: 6m 26s
[stdout] Rendered 6482/8755, time remaining: 6m 26s
[stdout] Rendered 6483/8755, time remaining: 6m 25s
[stdout] Rendered 6484/8755, time remaining: 6m 25s
[stdout] Rendered 6485/8755, time remaining: 6m 25s
[stdout] Rendered 6485/8755, time remaining: 6m 25s
[stdout] Rendered 6486/8755, time remaining: 6m 25s
[stdout] Rendered 6487/8755, time remaining: 6m 25s
[stdout] Rendered 6488/8755, time remaining: 6m 25s
[stdout] Rendered 6489/8755, time remaining: 6m 25s
[stdout] Rendered 6490/8755, time remaining: 6m 24s
[stdout] Rendered 6491/8755, time remaining: 6m 24s
[stdout] Rendered 6492/8755, time remaining: 6m 24s
[stdout] Rendered 6493/8755, time remaining: 6m 24s
[stdout] Rendered 6494/8755, time remaining: 6m 24s
[stdout] Rendered 6495/8755, time remaining: 6m 24s
[stdout] Rendered 6496/8755, time remaining: 6m 23s
[stdout] Rendered 6497/8755, time remaining: 6m 23s
[stdout] Rendered 6498/8755, time remaining: 6m 23s
[stdout] Rendered 6499/8755, time remaining: 6m 23s
[stdout] Rendered 6500/8755, time remaining: 6m 23s
[stdout] Rendered 6501/8755, time remaining: 6m 23s
[stdout] Rendered 6501/8755, time remaining: 6m 23s
[stdout] Rendered 6502/8755, time remaining: 6m 22s
[stdout] Rendered 6503/8755, time remaining: 6m 22s
[stdout] Rendered 6504/8755, time remaining: 6m 22s
[stdout] Rendered 6505/8755, time remaining: 6m 22s
[stdout] Rendered 6506/8755, time remaining: 6m 22s
[stdout] Rendered 6507/8755, time remaining: 6m 22s
[stdout] Rendered 6508/8755, time remaining: 6m 21s
[stdout] Rendered 6509/8755, time remaining: 6m 21s
[stdout] Rendered 6510/8755, time remaining: 6m 21s
[stdout] Rendered 6511/8755, time remaining: 6m 21s
[stdout] Rendered 6512/8755, time remaining: 6m 21s
[stdout] Rendered 6513/8755, time remaining: 6m 21s
[stdout] Rendered 6514/8755, time remaining: 6m 20s
[stdout] Rendered 6515/8755, time remaining: 6m 20s
[stdout] Rendered 6516/8755, time remaining: 6m 20s
[stdout] Rendered 6517/8755, time remaining: 6m 20s
[stdout] Rendered 6517/8755, time remaining: 6m 20s
[stdout] Rendered 6518/8755, time remaining: 6m 20s
[stdout] Rendered 6519/8755, time remaining: 6m 20s
[stdout] Rendered 6520/8755, time remaining: 6m 19s
[stdout] Rendered 6521/8755, time remaining: 6m 19s
[stdout] Rendered 6522/8755, time remaining: 6m 19s
[stdout] Rendered 6523/8755, time remaining: 6m 19s
[stdout] Rendered 6524/8755, time remaining: 6m 19s
[stdout] Rendered 6525/8755, time remaining: 6m 19s
[stdout] Rendered 6526/8755, time remaining: 6m 18s
[stdout] Rendered 6527/8755, time remaining: 6m 18s
[stdout] Rendered 6528/8755, time remaining: 6m 18s
[stdout] Rendered 6529/8755, time remaining: 6m 18s
[stdout] Rendered 6530/8755, time remaining: 6m 18s
[stdout] Rendered 6531/8755, time remaining: 6m 18s
[stdout] Rendered 6532/8755, time remaining: 6m 17s
[stdout] Rendered 6532/8755, time remaining: 6m 17s
[stdout] Rendered 6533/8755, time remaining: 6m 17s
[stdout] Rendered 6534/8755, time remaining: 6m 17s
[stdout] Rendered 6535/8755, time remaining: 6m 17s
[stdout] Rendered 6536/8755, time remaining: 6m 17s
[stdout] Rendered 6537/8755, time remaining: 6m 17s
[stdout] Rendered 6538/8755, time remaining: 6m 17s
[stdout] Rendered 6539/8755, time remaining: 6m 16s
[stdout] Rendered 6540/8755, time remaining: 6m 16s
[stdout] Rendered 6541/8755, time remaining: 6m 16s
[stdout] Rendered 6542/8755, time remaining: 6m 16s
[stdout] Rendered 6543/8755, time remaining: 6m 16s
[stdout] Rendered 6544/8755, time remaining: 6m 16s
[stdout] Rendered 6545/8755, time remaining: 6m 15s
[stdout] Rendered 6546/8755, time remaining: 6m 15s
[stdout] Rendered 6547/8755, time remaining: 6m 15s
[stdout] Rendered 6548/8755, time remaining: 6m 15s
[stdout] Rendered 6549/8755, time remaining: 6m 15s
[stdout] Rendered 6549/8755, time remaining: 6m 15s
[stdout] Rendered 6550/8755, time remaining: 6m 15s
[stdout] Rendered 6551/8755, time remaining: 6m 14s
[stdout] Rendered 6552/8755, time remaining: 6m 14s
[stdout] Rendered 6553/8755, time remaining: 6m 14s
[stdout] Rendered 6554/8755, time remaining: 6m 14s
[stdout] Rendered 6555/8755, time remaining: 6m 14s
[stdout] Rendered 6556/8755, time remaining: 6m 14s
[stdout] Rendered 6557/8755, time remaining: 6m 13s
[stdout] Rendered 6558/8755, time remaining: 6m 13s
[stdout] Rendered 6559/8755, time remaining: 6m 13s
[stdout] Rendered 6560/8755, time remaining: 6m 13s
[stdout] Rendered 6561/8755, time remaining: 6m 13s
[stdout] Rendered 6562/8755, time remaining: 6m 13s
[stdout] Rendered 6563/8755, time remaining: 6m 12s
[stdout] Rendered 6564/8755, time remaining: 6m 12s
[stdout] Rendered 6564/8755, time remaining: 6m 12s
[stdout] Rendered 6565/8755, time remaining: 6m 12s
[stdout] Rendered 6566/8755, time remaining: 6m 12s
[stdout] Rendered 6567/8755, time remaining: 6m 12s
[stdout] Rendered 6568/8755, time remaining: 6m 12s
[stdout] Rendered 6569/8755, time remaining: 6m 11s
[stdout] Rendered 6570/8755, time remaining: 6m 11s
[stdout] Rendered 6571/8755, time remaining: 6m 11s
[stdout] Rendered 6572/8755, time remaining: 6m 11s
[stdout] Rendered 6573/8755, time remaining: 6m 11s
[stdout] Rendered 6574/8755, time remaining: 6m 11s
[stdout] Rendered 6575/8755, time remaining: 6m 11s
[stdout] Rendered 6576/8755, time remaining: 6m 10s
[stdout] Rendered 6577/8755, time remaining: 6m 10s
[stdout] Rendered 6578/8755, time remaining: 6m 10s
[stdout] Rendered 6578/8755, time remaining: 6m 10s
[stdout] Rendered 6579/8755, time remaining: 6m 10s
[stdout] Rendered 6580/8755, time remaining: 6m 10s
[stdout] Rendered 6581/8755, time remaining: 6m 10s
[stdout] Rendered 6582/8755, time remaining: 6m 9s
[stdout] Rendered 6583/8755, time remaining: 6m 9s
[stdout] Rendered 6584/8755, time remaining: 6m 9s
[stdout] Rendered 6585/8755, time remaining: 6m 9s
[stdout] Rendered 6586/8755, time remaining: 6m 9s
[stdout] Rendered 6587/8755, time remaining: 6m 9s
[stdout] Rendered 6588/8755, time remaining: 6m 9s
[stdout] Rendered 6589/8755, time remaining: 6m 8s
[stdout] Rendered 6590/8755, time remaining: 6m 8s
[stdout] Rendered 6591/8755, time remaining: 6m 8s
[stdout] Rendered 6592/8755, time remaining: 6m 8s
[stdout] Rendered 6592/8755, time remaining: 6m 8s
[stdout] Rendered 6593/8755, time remaining: 6m 8s
[stdout] Rendered 6594/8755, time remaining: 6m 8s
[stdout] Rendered 6595/8755, time remaining: 6m 7s
[stdout] Rendered 6596/8755, time remaining: 6m 7s
[stdout] Rendered 6597/8755, time remaining: 6m 7s
[stdout] Rendered 6598/8755, time remaining: 6m 7s
[stdout] Rendered 6599/8755, time remaining: 6m 7s
[stdout] Rendered 6600/8755, time remaining: 6m 7s
[stdout] Rendered 6601/8755, time remaining: 6m 7s
[stdout] Rendered 6602/8755, time remaining: 6m 6s
[stdout] Rendered 6603/8755, time remaining: 6m 6s
[stdout] Rendered 6604/8755, time remaining: 6m 6s
[stdout] Rendered 6605/8755, time remaining: 6m 6s
[stdout] Rendered 6606/8755, time remaining: 6m 6s
[stdout] Rendered 6606/8755, time remaining: 6m 6s
[stdout] Rendered 6607/8755, time remaining: 6m 6s
[stdout] Rendered 6608/8755, time remaining: 6m 5s
[stdout] Rendered 6609/8755, time remaining: 6m 5s
[stdout] Rendered 6610/8755, time remaining: 6m 5s
[stdout] Rendered 6611/8755, time remaining: 6m 5s
[stdout] Rendered 6612/8755, time remaining: 6m 5s
[stdout] Rendered 6613/8755, time remaining: 6m 5s
[stdout] Rendered 6614/8755, time remaining: 6m 4s
[stdout] Rendered 6615/8755, time remaining: 6m 4s
[stdout] Rendered 6616/8755, time remaining: 6m 4s
[stdout] Rendered 6617/8755, time remaining: 6m 4s
[stdout] Rendered 6618/8755, time remaining: 6m 4s
[stdout] Rendered 6619/8755, time remaining: 6m 4s
[stdout] Rendered 6620/8755, time remaining: 6m 3s
[stdout] Rendered 6621/8755, time remaining: 6m 3s
[stdout] Rendered 6622/8755, time remaining: 6m 3s
[stdout] Rendered 6623/8755, time remaining: 6m 3s
[stdout] Rendered 6623/8755, time remaining: 6m 3s
[stdout] Rendered 6624/8755, time remaining: 6m 3s
[stdout] Rendered 6625/8755, time remaining: 6m 3s
[stdout] Rendered 6626/8755, time remaining: 6m 2s
[stdout] Rendered 6627/8755, time remaining: 6m 2s
[stdout] Rendered 6628/8755, time remaining: 6m 2s
[stdout] Rendered 6629/8755, time remaining: 6m 2s
[stdout] Rendered 6630/8755, time remaining: 6m 2s
[stdout] Rendered 6631/8755, time remaining: 6m 2s
[stdout] Rendered 6632/8755, time remaining: 6m 1s
[stdout] Rendered 6633/8755, time remaining: 6m 1s
[stdout] Rendered 6634/8755, time remaining: 6m 1s
[stdout] Rendered 6635/8755, time remaining: 6m 1s
[stdout] Rendered 6636/8755, time remaining: 6m 1s
[stdout] Rendered 6637/8755, time remaining: 6m 1s
[stdout] Rendered 6638/8755, time remaining: 6m 1s
[stdout] Rendered 6638/8755, time remaining: 6m 1s
[stdout] Rendered 6639/8755, time remaining: 6m 0s
[stdout] Rendered 6640/8755, time remaining: 6m 0s
[stdout] Rendered 6641/8755, time remaining: 6m 0s
[stdout] Rendered 6642/8755, time remaining: 6m 0s
[stdout] Rendered 6643/8755, time remaining: 6m 0s
[stdout] Rendered 6644/8755, time remaining: 6m 0s
[stdout] Rendered 6645/8755, time remaining: 5m 59s
[stdout] Rendered 6646/8755, time remaining: 5m 59s
[stdout] Rendered 6647/8755, time remaining: 5m 59s
[stdout] Rendered 6648/8755, time remaining: 5m 59s
[stdout] Rendered 6649/8755, time remaining: 5m 59s
[stdout] Rendered 6650/8755, time remaining: 5m 59s
[stdout] Rendered 6651/8755, time remaining: 5m 58s
[stdout] Rendered 6652/8755, time remaining: 5m 58s
[stdout] Rendered 6653/8755, time remaining: 5m 58s
[stdout] Rendered 6654/8755, time remaining: 5m 58s
[stdout] Rendered 6655/8755, time remaining: 5m 58s
[stdout] Rendered 6656/8755, time remaining: 5m 58s
[stdout] Rendered 6656/8755, time remaining: 5m 58s
[stdout] Rendered 6657/8755, time remaining: 5m 57s
[stdout] Rendered 6658/8755, time remaining: 5m 57s
[stdout] Rendered 6659/8755, time remaining: 5m 57s
[stdout] Rendered 6660/8755, time remaining: 5m 57s
[stdout] Rendered 6661/8755, time remaining: 5m 57s
[stdout] Rendered 6662/8755, time remaining: 5m 57s
[stdout] Rendered 6663/8755, time remaining: 5m 56s
[stdout] Rendered 6664/8755, time remaining: 5m 56s
[stdout] Rendered 6665/8755, time remaining: 5m 56s
[stdout] Rendered 6666/8755, time remaining: 5m 56s
[stdout] Rendered 6667/8755, time remaining: 5m 56s
[stdout] Rendered 6668/8755, time remaining: 5m 56s
[stdout] Rendered 6669/8755, time remaining: 5m 55s
[stdout] Rendered 6670/8755, time remaining: 5m 55s
[stdout] Rendered 6671/8755, time remaining: 5m 55s
[stdout] Rendered 6671/8755, time remaining: 5m 55s
[stdout] Rendered 6672/8755, time remaining: 5m 55s
[stdout] Rendered 6673/8755, time remaining: 5m 55s
[stdout] Rendered 6674/8755, time remaining: 5m 55s
[stdout] Rendered 6675/8755, time remaining: 5m 54s
[stdout] Rendered 6676/8755, time remaining: 5m 54s
[stdout] Rendered 6677/8755, time remaining: 5m 54s
[stdout] Rendered 6678/8755, time remaining: 5m 54s
[stdout] Rendered 6679/8755, time remaining: 5m 54s
[stdout] Rendered 6680/8755, time remaining: 5m 54s
[stdout] Rendered 6681/8755, time remaining: 5m 53s
[stdout] Rendered 6682/8755, time remaining: 5m 53s
[stdout] Rendered 6683/8755, time remaining: 5m 53s
[stdout] Rendered 6684/8755, time remaining: 5m 53s
[stdout] Rendered 6685/8755, time remaining: 5m 53s
[stdout] Rendered 6686/8755, time remaining: 5m 53s
[stdout] Rendered 6686/8755, time remaining: 5m 53s
[stdout] Rendered 6687/8755, time remaining: 5m 52s
[stdout] Rendered 6688/8755, time remaining: 5m 52s
[stdout] Rendered 6689/8755, time remaining: 5m 52s
[stdout] Rendered 6690/8755, time remaining: 5m 52s
[stdout] Rendered 6691/8755, time remaining: 5m 52s
[stdout] Rendered 6692/8755, time remaining: 5m 52s
[stdout] Rendered 6693/8755, time remaining: 5m 51s
[stdout] Rendered 6694/8755, time remaining: 5m 51s
[stdout] Rendered 6695/8755, time remaining: 5m 51s
[stdout] Rendered 6696/8755, time remaining: 5m 51s
[stdout] Rendered 6697/8755, time remaining: 5m 51s
[stdout] Rendered 6698/8755, time remaining: 5m 51s
[stdout] Rendered 6699/8755, time remaining: 5m 50s
[stdout] Rendered 6700/8755, time remaining: 5m 50s
[stdout] Rendered 6701/8755, time remaining: 5m 50s
[stdout] Rendered 6702/8755, time remaining: 5m 50s
[stdout] Rendered 6703/8755, time remaining: 5m 50s
[stdout] Rendered 6703/8755, time remaining: 5m 50s
[stdout] Rendered 6704/8755, time remaining: 5m 50s
[stdout] Rendered 6705/8755, time remaining: 5m 49s
[stdout] Rendered 6706/8755, time remaining: 5m 49s
[stdout] Rendered 6707/8755, time remaining: 5m 49s
[stdout] Rendered 6708/8755, time remaining: 5m 49s
[stdout] Rendered 6709/8755, time remaining: 5m 49s
[stdout] Rendered 6710/8755, time remaining: 5m 49s
[stdout] Rendered 6711/8755, time remaining: 5m 49s
[stdout] Rendered 6712/8755, time remaining: 5m 48s
[stdout] Rendered 6713/8755, time remaining: 5m 48s
[stdout] Rendered 6714/8755, time remaining: 5m 48s
[stdout] Rendered 6715/8755, time remaining: 5m 48s
[stdout] Rendered 6716/8755, time remaining: 5m 48s
[stdout] Rendered 6717/8755, time remaining: 5m 48s
[stdout] Rendered 6718/8755, time remaining: 5m 47s
[stdout] Rendered 6719/8755, time remaining: 5m 47s
[stdout] Rendered 6719/8755, time remaining: 5m 47s
[stdout] Rendered 6720/8755, time remaining: 5m 47s
[stdout] Rendered 6721/8755, time remaining: 5m 47s
[stdout] Rendered 6722/8755, time remaining: 5m 47s
[stdout] Rendered 6723/8755, time remaining: 5m 47s
[stdout] Rendered 6724/8755, time remaining: 5m 46s
[stdout] Rendered 6725/8755, time remaining: 5m 46s
[stdout] Rendered 6726/8755, time remaining: 5m 46s
[stdout] Rendered 6727/8755, time remaining: 5m 46s
[stdout] Rendered 6728/8755, time remaining: 5m 46s
[stdout] Rendered 6729/8755, time remaining: 5m 45s
[stdout] Rendered 6730/8755, time remaining: 5m 45s
[stdout] Rendered 6731/8755, time remaining: 5m 45s
[stdout] Rendered 6732/8755, time remaining: 5m 45s
[stdout] Rendered 6733/8755, time remaining: 5m 45s
[stdout] Rendered 6734/8755, time remaining: 5m 45s
[stdout] Rendered 6735/8755, time remaining: 5m 44s
[stdout] Rendered 6736/8755, time remaining: 5m 44s
[stdout] Rendered 6736/8755, time remaining: 5m 44s
[stdout] Rendered 6737/8755, time remaining: 5m 44s
[stdout] Rendered 6738/8755, time remaining: 5m 44s
[stdout] Rendered 6739/8755, time remaining: 5m 44s
[stdout] Rendered 6740/8755, time remaining: 5m 44s
[stdout] Rendered 6741/8755, time remaining: 5m 43s
[stdout] Rendered 6742/8755, time remaining: 5m 43s
[stdout] Rendered 6743/8755, time remaining: 5m 43s
[stdout] Rendered 6744/8755, time remaining: 5m 43s
[stdout] Rendered 6745/8755, time remaining: 5m 43s
[stdout] Rendered 6746/8755, time remaining: 5m 43s
[stdout] Rendered 6747/8755, time remaining: 5m 43s
[stdout] Rendered 6748/8755, time remaining: 5m 42s
[stdout] Rendered 6749/8755, time remaining: 5m 42s
[stdout] Rendered 6749/8755, time remaining: 5m 42s
[stdout] Rendered 6750/8755, time remaining: 5m 42s
[stdout] Rendered 6751/8755, time remaining: 5m 42s
[stdout] Rendered 6752/8755, time remaining: 5m 42s
[stdout] Rendered 6753/8755, time remaining: 5m 42s
[stdout] Rendered 6754/8755, time remaining: 5m 41s
[stdout] Rendered 6755/8755, time remaining: 5m 41s
[stdout] Rendered 6756/8755, time remaining: 5m 41s
[stdout] Rendered 6757/8755, time remaining: 5m 41s
[stdout] Rendered 6758/8755, time remaining: 5m 41s
[stdout] Rendered 6759/8755, time remaining: 5m 41s
[stdout] Rendered 6760/8755, time remaining: 5m 41s
[stdout] Rendered 6761/8755, time remaining: 5m 40s
[stdout] Rendered 6762/8755, time remaining: 5m 40s
[stdout] Rendered 6763/8755, time remaining: 5m 40s
[stdout] Rendered 6764/8755, time remaining: 5m 40s
[stdout] Rendered 6765/8755, time remaining: 5m 40s
[stdout] Rendered 6765/8755, time remaining: 5m 40s
[stdout] Rendered 6766/8755, time remaining: 5m 40s
[stdout] Rendered 6767/8755, time remaining: 5m 39s
[stdout] Rendered 6768/8755, time remaining: 5m 39s
[stdout] Rendered 6769/8755, time remaining: 5m 39s
[stdout] Rendered 6770/8755, time remaining: 5m 39s
[stdout] Rendered 6771/8755, time remaining: 5m 39s
[stdout] Rendered 6772/8755, time remaining: 5m 39s
[stdout] Rendered 6773/8755, time remaining: 5m 38s
[stdout] Rendered 6774/8755, time remaining: 5m 38s
[stdout] Rendered 6775/8755, time remaining: 5m 38s
[stdout] Rendered 6776/8755, time remaining: 5m 38s
[stdout] Rendered 6777/8755, time remaining: 5m 38s
[stdout] Rendered 6778/8755, time remaining: 5m 38s
[stdout] Rendered 6779/8755, time remaining: 5m 37s
[stdout] Rendered 6779/8755, time remaining: 5m 37s
[stdout] Rendered 6780/8755, time remaining: 5m 37s
[stdout] Rendered 6781/8755, time remaining: 5m 37s
[stdout] Rendered 6782/8755, time remaining: 5m 37s
[stdout] Rendered 6783/8755, time remaining: 5m 37s
[stdout] Rendered 6784/8755, time remaining: 5m 37s
[stdout] Rendered 6785/8755, time remaining: 5m 36s
[stdout] Rendered 6786/8755, time remaining: 5m 36s
[stdout] Rendered 6787/8755, time remaining: 5m 36s
[stdout] Rendered 6788/8755, time remaining: 5m 36s
[stdout] Rendered 6789/8755, time remaining: 5m 36s
[stdout] Rendered 6790/8755, time remaining: 5m 36s
[stdout] Rendered 6791/8755, time remaining: 5m 35s
[stdout] Rendered 6792/8755, time remaining: 5m 35s
[stdout] Rendered 6793/8755, time remaining: 5m 35s
[stdout] Rendered 6794/8755, time remaining: 5m 35s
[stdout] Rendered 6795/8755, time remaining: 5m 35s
[stdout] Rendered 6796/8755, time remaining: 5m 35s
[stdout] Rendered 6796/8755, time remaining: 5m 35s
[stdout] Rendered 6797/8755, time remaining: 5m 34s
[stdout] Rendered 6798/8755, time remaining: 5m 34s
[stdout] Rendered 6799/8755, time remaining: 5m 34s
[stdout] Rendered 6800/8755, time remaining: 5m 34s
[stdout] Rendered 6801/8755, time remaining: 5m 34s
[stdout] Rendered 6802/8755, time remaining: 5m 34s
[stdout] Rendered 6803/8755, time remaining: 5m 33s
[stdout] Rendered 6804/8755, time remaining: 5m 33s
[stdout] Rendered 6805/8755, time remaining: 5m 33s
[stdout] Rendered 6806/8755, time remaining: 5m 33s
[stdout] Rendered 6807/8755, time remaining: 5m 33s
[stdout] Rendered 6808/8755, time remaining: 5m 33s
[stdout] Rendered 6809/8755, time remaining: 5m 32s
[stdout] Rendered 6810/8755, time remaining: 5m 32s
[stdout] Rendered 6811/8755, time remaining: 5m 32s
[stdout] Rendered 6812/8755, time remaining: 5m 32s
[stdout] Rendered 6813/8755, time remaining: 5m 32s
[stdout] Rendered 6813/8755, time remaining: 5m 32s
[stdout] Rendered 6814/8755, time remaining: 5m 32s
[stdout] Rendered 6815/8755, time remaining: 5m 31s
[stdout] Rendered 6816/8755, time remaining: 5m 31s
[stdout] Rendered 6817/8755, time remaining: 5m 31s
[stdout] Rendered 6818/8755, time remaining: 5m 31s
[stdout] Rendered 6819/8755, time remaining: 5m 31s
[stdout] Rendered 6820/8755, time remaining: 5m 31s
[stdout] Rendered 6821/8755, time remaining: 5m 30s
[stdout] Rendered 6822/8755, time remaining: 5m 30s
[stdout] Rendered 6823/8755, time remaining: 5m 30s
[stdout] Rendered 6824/8755, time remaining: 5m 30s
[stdout] Rendered 6825/8755, time remaining: 5m 30s
[stdout] Rendered 6826/8755, time remaining: 5m 30s
[stdout] Rendered 6827/8755, time remaining: 5m 29s
[stdout] Rendered 6828/8755, time remaining: 5m 29s
[stdout] Rendered 6829/8755, time remaining: 5m 29s
[stdout] Rendered 6829/8755, time remaining: 5m 29s
[stdout] Rendered 6830/8755, time remaining: 5m 29s
[stdout] Rendered 6831/8755, time remaining: 5m 29s
[stdout] Rendered 6832/8755, time remaining: 5m 29s
[stdout] Rendered 6833/8755, time remaining: 5m 28s
[stdout] Rendered 6834/8755, time remaining: 5m 28s
[stdout] Rendered 6835/8755, time remaining: 5m 28s
[stdout] Rendered 6836/8755, time remaining: 5m 28s
[stdout] Rendered 6837/8755, time remaining: 5m 28s
[stdout] Rendered 6838/8755, time remaining: 5m 28s
[stdout] Rendered 6839/8755, time remaining: 5m 27s
[stdout] Rendered 6840/8755, time remaining: 5m 27s
[stdout] Rendered 6841/8755, time remaining: 5m 27s
[stdout] Rendered 6842/8755, time remaining: 5m 27s
[stdout] Rendered 6843/8755, time remaining: 5m 27s
[stdout] Rendered 6844/8755, time remaining: 5m 27s
[stdout] Rendered 6845/8755, time remaining: 5m 26s
[stdout] Rendered 6845/8755, time remaining: 5m 26s
[stdout] Rendered 6846/8755, time remaining: 5m 26s
[stdout] Rendered 6847/8755, time remaining: 5m 26s
[stdout] Rendered 6848/8755, time remaining: 5m 26s
[stdout] Rendered 6849/8755, time remaining: 5m 26s
[stdout] Rendered 6850/8755, time remaining: 5m 26s
[stdout] Rendered 6851/8755, time remaining: 5m 25s
[stdout] Rendered 6852/8755, time remaining: 5m 25s
[stdout] Rendered 6853/8755, time remaining: 5m 25s
[stdout] Rendered 6854/8755, time remaining: 5m 25s
[stdout] Rendered 6855/8755, time remaining: 5m 25s
[stdout] Rendered 6856/8755, time remaining: 5m 25s
[stdout] Rendered 6857/8755, time remaining: 5m 25s
[stdout] Rendered 6858/8755, time remaining: 5m 24s
[stdout] Rendered 6858/8755, time remaining: 5m 24s
[stdout] Rendered 6859/8755, time remaining: 5m 24s
[stdout] Rendered 6860/8755, time remaining: 5m 24s
[stdout] Rendered 6861/8755, time remaining: 5m 24s
[stdout] Rendered 6862/8755, time remaining: 5m 24s
[stdout] Rendered 6863/8755, time remaining: 5m 24s
[stdout] Rendered 6864/8755, time remaining: 5m 23s
[stdout] Rendered 6865/8755, time remaining: 5m 23s
[stdout] Rendered 6866/8755, time remaining: 5m 23s
[stdout] Rendered 6867/8755, time remaining: 5m 23s
[stdout] Rendered 6867/8755, time remaining: 5m 23s
[stdout] Rendered 6868/8755, time remaining: 5m 23s
[stdout] Rendered 6869/8755, time remaining: 5m 23s
[stdout] Rendered 6870/8755, time remaining: 5m 23s
[stdout] Rendered 6871/8755, time remaining: 5m 23s
[stdout] Rendered 6872/8755, time remaining: 5m 22s
[stdout] Rendered 6873/8755, time remaining: 5m 22s
[stdout] Rendered 6874/8755, time remaining: 5m 22s
[stdout] Rendered 6875/8755, time remaining: 5m 22s
[stdout] Rendered 6876/8755, time remaining: 5m 22s
[stdout] Rendered 6877/8755, time remaining: 5m 22s
[stdout] Rendered 6878/8755, time remaining: 5m 21s
[stdout] Rendered 6879/8755, time remaining: 5m 21s
[stdout] Rendered 6880/8755, time remaining: 5m 21s
[stdout] Rendered 6881/8755, time remaining: 5m 21s
[stdout] Rendered 6882/8755, time remaining: 5m 21s
[stdout] Rendered 6883/8755, time remaining: 5m 21s
[stdout] Rendered 6883/8755, time remaining: 5m 21s
[stdout] Rendered 6884/8755, time remaining: 5m 20s
[stdout] Rendered 6885/8755, time remaining: 5m 20s
[stdout] Rendered 6886/8755, time remaining: 5m 20s
[stdout] Rendered 6887/8755, time remaining: 5m 20s
[stdout] Rendered 6888/8755, time remaining: 5m 20s
[stdout] Rendered 6889/8755, time remaining: 5m 20s
[stdout] Rendered 6890/8755, time remaining: 5m 19s
[stdout] Rendered 6891/8755, time remaining: 5m 19s
[stdout] Rendered 6892/8755, time remaining: 5m 19s
[stdout] Rendered 6893/8755, time remaining: 5m 19s
[stdout] Rendered 6894/8755, time remaining: 5m 19s
[stdout] Rendered 6895/8755, time remaining: 5m 19s
[stdout] Rendered 6896/8755, time remaining: 5m 18s
[stdout] Rendered 6897/8755, time remaining: 5m 18s
[stdout] Rendered 6898/8755, time remaining: 5m 18s
[stdout] Rendered 6899/8755, time remaining: 5m 18s
[stdout] Rendered 6899/8755, time remaining: 5m 18s
[stdout] Rendered 6900/8755, time remaining: 5m 18s
[stdout] Rendered 6901/8755, time remaining: 5m 18s
[stdout] Rendered 6902/8755, time remaining: 5m 17s
[stdout] Rendered 6903/8755, time remaining: 5m 17s
[stdout] Rendered 6904/8755, time remaining: 5m 17s
[stdout] Rendered 6905/8755, time remaining: 5m 17s
[stdout] Rendered 6906/8755, time remaining: 5m 17s
[stdout] Rendered 6907/8755, time remaining: 5m 17s
[stdout] Rendered 6908/8755, time remaining: 5m 16s
[stdout] Rendered 6909/8755, time remaining: 5m 16s
[stdout] Rendered 6910/8755, time remaining: 5m 16s
[stdout] Rendered 6911/8755, time remaining: 5m 16s
[stdout] Rendered 6912/8755, time remaining: 5m 16s
[stdout] Rendered 6913/8755, time remaining: 5m 16s
[stdout] Rendered 6914/8755, time remaining: 5m 15s
[stdout] Rendered 6915/8755, time remaining: 5m 15s
[stdout] Rendered 6916/8755, time remaining: 5m 15s
[stdout] Rendered 6917/8755, time remaining: 5m 15s
[stdout] Rendered 6917/8755, time remaining: 5m 15s
[stdout] Rendered 6918/8755, time remaining: 5m 15s
[stdout] Rendered 6919/8755, time remaining: 5m 15s
[stdout] Rendered 6920/8755, time remaining: 5m 14s
[stdout] Rendered 6921/8755, time remaining: 5m 14s
[stdout] Rendered 6922/8755, time remaining: 5m 14s
[stdout] Rendered 6923/8755, time remaining: 5m 14s
[stdout] Rendered 6924/8755, time remaining: 5m 14s
[stdout] Rendered 6925/8755, time remaining: 5m 14s
[stdout] Rendered 6926/8755, time remaining: 5m 13s
[stdout] Rendered 6927/8755, time remaining: 5m 13s
[stdout] Rendered 6928/8755, time remaining: 5m 13s
[stdout] Rendered 6929/8755, time remaining: 5m 13s
[stdout] Rendered 6930/8755, time remaining: 5m 13s
[stdout] Rendered 6930/8755, time remaining: 5m 13s
[stdout] Rendered 6931/8755, time remaining: 5m 13s
[stdout] Rendered 6932/8755, time remaining: 5m 12s
[stdout] Rendered 6933/8755, time remaining: 5m 12s
[stdout] Rendered 6934/8755, time remaining: 5m 12s
[stdout] Rendered 6935/8755, time remaining: 5m 12s
[stdout] Rendered 6936/8755, time remaining: 5m 12s
[stdout] Rendered 6937/8755, time remaining: 5m 12s
[stdout] Rendered 6938/8755, time remaining: 5m 11s
[stdout] Rendered 6939/8755, time remaining: 5m 11s
[stdout] Rendered 6940/8755, time remaining: 5m 11s
[stdout] Rendered 6941/8755, time remaining: 5m 11s
[stdout] Rendered 6942/8755, time remaining: 5m 11s
[stdout] Rendered 6943/8755, time remaining: 5m 11s
[stdout] Rendered 6944/8755, time remaining: 5m 11s
[stdout] Rendered 6944/8755, time remaining: 5m 11s
[stdout] Rendered 6945/8755, time remaining: 5m 10s
[stdout] Rendered 6946/8755, time remaining: 5m 10s
[stdout] Rendered 6947/8755, time remaining: 5m 10s
[stdout] Rendered 6948/8755, time remaining: 5m 10s
[stdout] Rendered 6949/8755, time remaining: 5m 10s
[stdout] Rendered 6950/8755, time remaining: 5m 10s
[stdout] Rendered 6951/8755, time remaining: 5m 9s
[stdout] Rendered 6952/8755, time remaining: 5m 9s
[stdout] Rendered 6953/8755, time remaining: 5m 9s
[stdout] Rendered 6954/8755, time remaining: 5m 9s
[stdout] Rendered 6955/8755, time remaining: 5m 9s
[stdout] Rendered 6956/8755, time remaining: 5m 9s
[stdout] Rendered 6957/8755, time remaining: 5m 8s
[stdout] Rendered 6958/8755, time remaining: 5m 8s
[stdout] Rendered 6959/8755, time remaining: 5m 8s
[stdout] Rendered 6959/8755, time remaining: 5m 8s
[stdout] Rendered 6960/8755, time remaining: 5m 8s
[stdout] Rendered 6961/8755, time remaining: 5m 8s
[stdout] Rendered 6962/8755, time remaining: 5m 8s
[stdout] Rendered 6963/8755, time remaining: 5m 7s
[stdout] Rendered 6964/8755, time remaining: 5m 7s
[stdout] Rendered 6965/8755, time remaining: 5m 7s
[stdout] Rendered 6966/8755, time remaining: 5m 7s
[stdout] Rendered 6967/8755, time remaining: 5m 7s
[stdout] Rendered 6968/8755, time remaining: 5m 7s
[stdout] Rendered 6969/8755, time remaining: 5m 6s
[stdout] Rendered 6970/8755, time remaining: 5m 6s
[stdout] Rendered 6971/8755, time remaining: 5m 6s
[stdout] Rendered 6972/8755, time remaining: 5m 6s
[stdout] Rendered 6973/8755, time remaining: 5m 6s
[stdout] Rendered 6974/8755, time remaining: 5m 6s
[stdout] Rendered 6975/8755, time remaining: 5m 5s
[stdout] Rendered 6976/8755, time remaining: 5m 5s
[stdout] Rendered 6976/8755, time remaining: 5m 5s
[stdout] Rendered 6977/8755, time remaining: 5m 5s
[stdout] Rendered 6978/8755, time remaining: 5m 5s
[stdout] Rendered 6979/8755, time remaining: 5m 5s
[stdout] Rendered 6980/8755, time remaining: 5m 4s
[stdout] Rendered 6981/8755, time remaining: 5m 4s
[stdout] Rendered 6982/8755, time remaining: 5m 4s
[stdout] Rendered 6983/8755, time remaining: 5m 4s
[stdout] Rendered 6984/8755, time remaining: 5m 4s
[stdout] Rendered 6985/8755, time remaining: 5m 4s
[stdout] Rendered 6986/8755, time remaining: 5m 3s
[stdout] Rendered 6987/8755, time remaining: 5m 3s
[stdout] Rendered 6988/8755, time remaining: 5m 3s
[stdout] Rendered 6989/8755, time remaining: 5m 3s
[stdout] Rendered 6990/8755, time remaining: 5m 3s
[stdout] Rendered 6991/8755, time remaining: 5m 3s
[stdout] Rendered 6992/8755, time remaining: 5m 2s
[stdout] Rendered 6993/8755, time remaining: 5m 2s
[stdout] Rendered 6994/8755, time remaining: 5m 2s
[stdout] Rendered 6994/8755, time remaining: 5m 2s
[stdout] Rendered 6995/8755, time remaining: 5m 2s
[stdout] Rendered 6996/8755, time remaining: 5m 2s
[stdout] Rendered 6997/8755, time remaining: 5m 2s
[stdout] Rendered 6998/8755, time remaining: 5m 1s
[stdout] Rendered 6999/8755, time remaining: 5m 1s
[stdout] Rendered 7000/8755, time remaining: 5m 1s
[stdout] Rendered 7001/8755, time remaining: 5m 1s
[stdout] Rendered 7002/8755, time remaining: 5m 1s
[stdout] Rendered 7003/8755, time remaining: 5m 1s
[stdout] Rendered 7004/8755, time remaining: 5m 0s
[stdout] Rendered 7005/8755, time remaining: 5m 0s
[stdout] Rendered 7006/8755, time remaining: 5m 0s
[stdout] Rendered 7007/8755, time remaining: 5m 0s
[stdout] Rendered 7008/8755, time remaining: 5m 0s
[stdout] Rendered 7009/8755, time remaining: 5m 0s
[stdout] Rendered 7010/8755, time remaining: 4m 59s
[stdout] Rendered 7011/8755, time remaining: 4m 59s
[stdout] Rendered 7011/8755, time remaining: 4m 59s
[stdout] Rendered 7012/8755, time remaining: 4m 59s
[stdout] Rendered 7013/8755, time remaining: 4m 59s
[stdout] Rendered 7014/8755, time remaining: 4m 59s
[stdout] Rendered 7015/8755, time remaining: 4m 58s
[stdout] Rendered 7016/8755, time remaining: 4m 58s
[stdout] Rendered 7017/8755, time remaining: 4m 58s
[stdout] Rendered 7018/8755, time remaining: 4m 58s
[stdout] Rendered 7019/8755, time remaining: 4m 58s
[stdout] Rendered 7020/8755, time remaining: 4m 58s
[stdout] Rendered 7021/8755, time remaining: 4m 57s
[stdout] Rendered 7022/8755, time remaining: 4m 57s
[stdout] Rendered 7023/8755, time remaining: 4m 57s
[stdout] Rendered 7024/8755, time remaining: 4m 57s
[stdout] Rendered 7025/8755, time remaining: 4m 57s
[stdout] Rendered 7026/8755, time remaining: 4m 57s
[stdout] Rendered 7027/8755, time remaining: 4m 56s
[stdout] Rendered 7027/8755, time remaining: 4m 56s
[stdout] Rendered 7028/8755, time remaining: 4m 56s
[stdout] Rendered 7029/8755, time remaining: 4m 56s
[stdout] Rendered 7030/8755, time remaining: 4m 56s
[stdout] Rendered 7031/8755, time remaining: 4m 56s
[stdout] Rendered 7032/8755, time remaining: 4m 56s
[stdout] Rendered 7033/8755, time remaining: 4m 55s
[stdout] Rendered 7034/8755, time remaining: 4m 55s
[stdout] Rendered 7035/8755, time remaining: 4m 55s
[stdout] Rendered 7036/8755, time remaining: 4m 55s
[stdout] Rendered 7037/8755, time remaining: 4m 55s
[stdout] Rendered 7038/8755, time remaining: 4m 55s
[stdout] Rendered 7039/8755, time remaining: 4m 54s
[stdout] Rendered 7040/8755, time remaining: 4m 54s
[stdout] Rendered 7041/8755, time remaining: 4m 54s
[stdout] Rendered 7042/8755, time remaining: 4m 54s
[stdout] Rendered 7043/8755, time remaining: 4m 54s
[stdout] Rendered 7044/8755, time remaining: 4m 54s
[stdout] Rendered 7045/8755, time remaining: 4m 53s
[stdout] Rendered 7045/8755, time remaining: 4m 53s
[stdout] Rendered 7046/8755, time remaining: 4m 53s
[stdout] Rendered 7047/8755, time remaining: 4m 53s
[stdout] Rendered 7048/8755, time remaining: 4m 53s
[stdout] Rendered 7049/8755, time remaining: 4m 53s
[stdout] Rendered 7050/8755, time remaining: 4m 53s
[stdout] Rendered 7051/8755, time remaining: 4m 52s
[stdout] Rendered 7052/8755, time remaining: 4m 52s
[stdout] Rendered 7053/8755, time remaining: 4m 52s
[stdout] Rendered 7054/8755, time remaining: 4m 52s
[stdout] Rendered 7055/8755, time remaining: 4m 52s
[stdout] Rendered 7056/8755, time remaining: 4m 52s
[stdout] Rendered 7057/8755, time remaining: 4m 51s
[stdout] Rendered 7058/8755, time remaining: 4m 51s
[stdout] Rendered 7059/8755, time remaining: 4m 51s
[stdout] Rendered 7060/8755, time remaining: 4m 51s
[stdout] Rendered 7061/8755, time remaining: 4m 51s
[stdout] Rendered 7061/8755, time remaining: 4m 51s
[stdout] Rendered 7062/8755, time remaining: 4m 50s
[stdout] Rendered 7063/8755, time remaining: 4m 50s
[stdout] Rendered 7064/8755, time remaining: 4m 50s
[stdout] Rendered 7065/8755, time remaining: 4m 50s
[stdout] Rendered 7066/8755, time remaining: 4m 50s
[stdout] Rendered 7067/8755, time remaining: 4m 50s
[stdout] Rendered 7068/8755, time remaining: 4m 49s
[stdout] Rendered 7069/8755, time remaining: 4m 49s
[stdout] Rendered 7070/8755, time remaining: 4m 49s
[stdout] Rendered 7071/8755, time remaining: 4m 49s
[stdout] Rendered 7072/8755, time remaining: 4m 49s
[stdout] Rendered 7073/8755, time remaining: 4m 49s
[stdout] Rendered 7074/8755, time remaining: 4m 48s
[stdout] Rendered 7075/8755, time remaining: 4m 48s
[stdout] Rendered 7076/8755, time remaining: 4m 48s
[stdout] Rendered 7077/8755, time remaining: 4m 48s
[stdout] Rendered 7077/8755, time remaining: 4m 48s
[stdout] Rendered 7078/8755, time remaining: 4m 48s
[stdout] Rendered 7079/8755, time remaining: 4m 48s
[stdout] Rendered 7080/8755, time remaining: 4m 47s
[stdout] Rendered 7081/8755, time remaining: 4m 47s
[stdout] Rendered 7082/8755, time remaining: 4m 47s
[stdout] Rendered 7083/8755, time remaining: 4m 47s
[stdout] Rendered 7084/8755, time remaining: 4m 47s
[stdout] Rendered 7085/8755, time remaining: 4m 47s
[stdout] Rendered 7086/8755, time remaining: 4m 46s
[stdout] Rendered 7087/8755, time remaining: 4m 46s
[stdout] Rendered 7088/8755, time remaining: 4m 46s
[stdout] Rendered 7089/8755, time remaining: 4m 46s
[stdout] Rendered 7090/8755, time remaining: 4m 46s
[stdout] Rendered 7091/8755, time remaining: 4m 46s
[stdout] Rendered 7092/8755, time remaining: 4m 45s
[stdout] Rendered 7093/8755, time remaining: 4m 45s
[stdout] Rendered 7094/8755, time remaining: 4m 45s
[stdout] Rendered 7095/8755, time remaining: 4m 45s
[stdout] Rendered 7095/8755, time remaining: 4m 45s
[stdout] Rendered 7096/8755, time remaining: 4m 45s
[stdout] Rendered 7097/8755, time remaining: 4m 45s
[stdout] Rendered 7098/8755, time remaining: 4m 44s
[stdout] Rendered 7099/8755, time remaining: 4m 44s
[stdout] Rendered 7100/8755, time remaining: 4m 44s
[stdout] Rendered 7101/8755, time remaining: 4m 44s
[stdout] Rendered 7102/8755, time remaining: 4m 44s
[stdout] Rendered 7103/8755, time remaining: 4m 44s
[stdout] Rendered 7104/8755, time remaining: 4m 43s
[stdout] Rendered 7105/8755, time remaining: 4m 43s
[stdout] Rendered 7106/8755, time remaining: 4m 43s
[stdout] Rendered 7107/8755, time remaining: 4m 43s
[stdout] Rendered 7108/8755, time remaining: 4m 43s
[stdout] Rendered 7109/8755, time remaining: 4m 43s
[stdout] Rendered 7110/8755, time remaining: 4m 42s
[stdout] Rendered 7111/8755, time remaining: 4m 42s
[stdout] Rendered 7111/8755, time remaining: 4m 42s
[stdout] Rendered 7112/8755, time remaining: 4m 42s
[stdout] Rendered 7113/8755, time remaining: 4m 42s
[stdout] Rendered 7114/8755, time remaining: 4m 42s
[stdout] Rendered 7115/8755, time remaining: 4m 42s
[stdout] Rendered 7116/8755, time remaining: 4m 41s
[stdout] Rendered 7117/8755, time remaining: 4m 41s
[stdout] Rendered 7118/8755, time remaining: 4m 41s
[stdout] Rendered 7119/8755, time remaining: 4m 41s
[stdout] Rendered 7120/8755, time remaining: 4m 41s
[stdout] Rendered 7121/8755, time remaining: 4m 40s
[stdout] Rendered 7122/8755, time remaining: 4m 40s
[stdout] Rendered 7123/8755, time remaining: 4m 40s
[stdout] Rendered 7124/8755, time remaining: 4m 40s
[stdout] Rendered 7125/8755, time remaining: 4m 40s
[stdout] Rendered 7126/8755, time remaining: 4m 40s
[stdout] Rendered 7127/8755, time remaining: 4m 39s
[stdout] Rendered 7128/8755, time remaining: 4m 39s
[stdout] Rendered 7129/8755, time remaining: 4m 39s
[stdout] Rendered 7129/8755, time remaining: 4m 39s
[stdout] Rendered 7130/8755, time remaining: 4m 39s
[stdout] Rendered 7131/8755, time remaining: 4m 39s
[stdout] Rendered 7132/8755, time remaining: 4m 39s
[stdout] Rendered 7133/8755, time remaining: 4m 38s
[stdout] Rendered 7134/8755, time remaining: 4m 38s
[stdout] Rendered 7135/8755, time remaining: 4m 38s
[stdout] Rendered 7136/8755, time remaining: 4m 38s
[stdout] Rendered 7137/8755, time remaining: 4m 38s
[stdout] Rendered 7138/8755, time remaining: 4m 38s
[stdout] Rendered 7139/8755, time remaining: 4m 37s
[stdout] Rendered 7140/8755, time remaining: 4m 37s
[stdout] Rendered 7141/8755, time remaining: 4m 37s
[stdout] Rendered 7142/8755, time remaining: 4m 37s
[stdout] Rendered 7143/8755, time remaining: 4m 37s
[stdout] Rendered 7144/8755, time remaining: 4m 37s
[stdout] Rendered 7145/8755, time remaining: 4m 36s
[stdout] Rendered 7145/8755, time remaining: 4m 36s
[stdout] Rendered 7146/8755, time remaining: 4m 36s
[stdout] Rendered 7147/8755, time remaining: 4m 36s
[stdout] Rendered 7148/8755, time remaining: 4m 36s
[stdout] Rendered 7149/8755, time remaining: 4m 36s
[stdout] Rendered 7150/8755, time remaining: 4m 36s
[stdout] Rendered 7151/8755, time remaining: 4m 35s
[stdout] Rendered 7152/8755, time remaining: 4m 35s
[stdout] Rendered 7153/8755, time remaining: 4m 35s
[stdout] Rendered 7154/8755, time remaining: 4m 35s
[stdout] Rendered 7155/8755, time remaining: 4m 35s
[stdout] Rendered 7156/8755, time remaining: 4m 35s
[stdout] Rendered 7157/8755, time remaining: 4m 34s
[stdout] Rendered 7158/8755, time remaining: 4m 34s
[stdout] Rendered 7158/8755, time remaining: 4m 34s
[stdout] Rendered 7159/8755, time remaining: 4m 34s
[stdout] Rendered 7160/8755, time remaining: 4m 34s
[stdout] Rendered 7161/8755, time remaining: 4m 34s
[stdout] Rendered 7162/8755, time remaining: 4m 34s
[stdout] Rendered 7163/8755, time remaining: 4m 33s
[stdout] Rendered 7164/8755, time remaining: 4m 33s
[stdout] Rendered 7165/8755, time remaining: 4m 33s
[stdout] Rendered 7166/8755, time remaining: 4m 33s
[stdout] Rendered 7167/8755, time remaining: 4m 33s
[stdout] Rendered 7168/8755, time remaining: 4m 33s
[stdout] Rendered 7169/8755, time remaining: 4m 33s
[stdout] Rendered 7170/8755, time remaining: 4m 32s
[stdout] Rendered 7171/8755, time remaining: 4m 32s
[stdout] Rendered 7172/8755, time remaining: 4m 32s
[stdout] Rendered 7172/8755, time remaining: 4m 32s
[stdout] Rendered 7173/8755, time remaining: 4m 32s
[stdout] Rendered 7174/8755, time remaining: 4m 32s
[stdout] Rendered 7175/8755, time remaining: 4m 32s
[stdout] Rendered 7176/8755, time remaining: 4m 31s
[stdout] Rendered 7177/8755, time remaining: 4m 31s
[stdout] Rendered 7178/8755, time remaining: 4m 31s
[stdout] Rendered 7179/8755, time remaining: 4m 31s
[stdout] Rendered 7180/8755, time remaining: 4m 31s
[stdout] Rendered 7181/8755, time remaining: 4m 31s
[stdout] Rendered 7182/8755, time remaining: 4m 30s
[stdout] Rendered 7183/8755, time remaining: 4m 30s
[stdout] Rendered 7184/8755, time remaining: 4m 30s
[stdout] Rendered 7185/8755, time remaining: 4m 30s
[stdout] Rendered 7186/8755, time remaining: 4m 30s
[stdout] Rendered 7187/8755, time remaining: 4m 30s
[stdout] Rendered 7187/8755, time remaining: 4m 30s
[stdout] Rendered 7188/8755, time remaining: 4m 29s
[stdout] Rendered 7189/8755, time remaining: 4m 29s
[stdout] Rendered 7190/8755, time remaining: 4m 29s
[stdout] Rendered 7191/8755, time remaining: 4m 29s
[stdout] Rendered 7192/8755, time remaining: 4m 29s
[stdout] Rendered 7193/8755, time remaining: 4m 29s
[stdout] Rendered 7194/8755, time remaining: 4m 28s
[stdout] Rendered 7195/8755, time remaining: 4m 28s
[stdout] Rendered 7196/8755, time remaining: 4m 28s
[stdout] Rendered 7197/8755, time remaining: 4m 28s
[stdout] Rendered 7198/8755, time remaining: 4m 28s
[stdout] Rendered 7199/8755, time remaining: 4m 28s
[stdout] Rendered 7200/8755, time remaining: 4m 27s
[stdout] Rendered 7201/8755, time remaining: 4m 27s
[stdout] Rendered 7201/8755, time remaining: 4m 27s
[stdout] Rendered 7202/8755, time remaining: 4m 27s
[stdout] Rendered 7203/8755, time remaining: 4m 27s
[stdout] Rendered 7204/8755, time remaining: 4m 27s
[stdout] Rendered 7205/8755, time remaining: 4m 27s
[stdout] Rendered 7206/8755, time remaining: 4m 26s
[stdout] Rendered 7207/8755, time remaining: 4m 26s
[stdout] Rendered 7208/8755, time remaining: 4m 26s
[stdout] Rendered 7209/8755, time remaining: 4m 26s
[stdout] Rendered 7210/8755, time remaining: 4m 26s
[stdout] Rendered 7211/8755, time remaining: 4m 26s
[stdout] Rendered 7212/8755, time remaining: 4m 25s
[stdout] Rendered 7213/8755, time remaining: 4m 25s
[stdout] Rendered 7214/8755, time remaining: 4m 25s
[stdout] Rendered 7214/8755, time remaining: 4m 25s
[stdout] Rendered 7215/8755, time remaining: 4m 25s
[stdout] Rendered 7216/8755, time remaining: 4m 25s
[stdout] Rendered 7217/8755, time remaining: 4m 25s
[stdout] Rendered 7218/8755, time remaining: 4m 25s
[stdout] Rendered 7219/8755, time remaining: 4m 24s
[stdout] Rendered 7220/8755, time remaining: 4m 24s
[stdout] Rendered 7221/8755, time remaining: 4m 24s
[stdout] Rendered 7222/8755, time remaining: 4m 24s
[stdout] Rendered 7223/8755, time remaining: 4m 24s
[stdout] Rendered 7224/8755, time remaining: 4m 24s
[stdout] Rendered 7225/8755, time remaining: 4m 23s
[stdout] Rendered 7226/8755, time remaining: 4m 23s
[stdout] Rendered 7227/8755, time remaining: 4m 23s
[stdout] Rendered 7228/8755, time remaining: 4m 23s
[stdout] Rendered 7229/8755, time remaining: 4m 23s
[stdout] Rendered 7230/8755, time remaining: 4m 22s
[stdout] Rendered 7231/8755, time remaining: 4m 22s
[stdout] Rendered 7231/8755, time remaining: 4m 22s
[stdout] Rendered 7232/8755, time remaining: 4m 22s
[stdout] Rendered 7233/8755, time remaining: 4m 22s
[stdout] Rendered 7234/8755, time remaining: 4m 22s
[stdout] Rendered 7235/8755, time remaining: 4m 22s
[stdout] Rendered 7236/8755, time remaining: 4m 21s
[stdout] Rendered 7237/8755, time remaining: 4m 21s
[stdout] Rendered 7238/8755, time remaining: 4m 21s
[stdout] Rendered 7239/8755, time remaining: 4m 21s
[stdout] Rendered 7240/8755, time remaining: 4m 21s
[stdout] Rendered 7241/8755, time remaining: 4m 21s
[stdout] Rendered 7242/8755, time remaining: 4m 20s
[stdout] Rendered 7243/8755, time remaining: 4m 20s
[stdout] Rendered 7244/8755, time remaining: 4m 20s
[stdout] Rendered 7245/8755, time remaining: 4m 20s
[stdout] Rendered 7246/8755, time remaining: 4m 20s
[stdout] Rendered 7246/8755, time remaining: 4m 20s
[stdout] Rendered 7247/8755, time remaining: 4m 20s
[stdout] Rendered 7248/8755, time remaining: 4m 19s
[stdout] Rendered 7249/8755, time remaining: 4m 19s
[stdout] Rendered 7250/8755, time remaining: 4m 19s
[stdout] Rendered 7251/8755, time remaining: 4m 19s
[stdout] Rendered 7252/8755, time remaining: 4m 19s
[stdout] Rendered 7253/8755, time remaining: 4m 19s
[stdout] Rendered 7254/8755, time remaining: 4m 18s
[stdout] Rendered 7255/8755, time remaining: 4m 18s
[stdout] Rendered 7256/8755, time remaining: 4m 18s
[stdout] Rendered 7257/8755, time remaining: 4m 18s
[stdout] Rendered 7258/8755, time remaining: 4m 18s
[stdout] Rendered 7259/8755, time remaining: 4m 18s
[stdout] Rendered 7260/8755, time remaining: 4m 17s
[stdout] Rendered 7260/8755, time remaining: 4m 17s
[stdout] Rendered 7261/8755, time remaining: 4m 17s
[stdout] Rendered 7262/8755, time remaining: 4m 17s
[stdout] Rendered 7263/8755, time remaining: 4m 17s
[stdout] Rendered 7264/8755, time remaining: 4m 17s
[stdout] Rendered 7265/8755, time remaining: 4m 17s
[stdout] Rendered 7266/8755, time remaining: 4m 17s
[stdout] Rendered 7267/8755, time remaining: 4m 16s
[stdout] Rendered 7268/8755, time remaining: 4m 16s
[stdout] Rendered 7269/8755, time remaining: 4m 16s
[stdout] Rendered 7270/8755, time remaining: 4m 16s
[stdout] Rendered 7271/8755, time remaining: 4m 16s
[stdout] Rendered 7272/8755, time remaining: 4m 15s
[stdout] Rendered 7273/8755, time remaining: 4m 15s
[stdout] Rendered 7274/8755, time remaining: 4m 15s
[stdout] Rendered 7275/8755, time remaining: 4m 15s
[stdout] Rendered 7276/8755, time remaining: 4m 15s
[stdout] Rendered 7277/8755, time remaining: 4m 15s
[stdout] Rendered 7277/8755, time remaining: 4m 15s
[stdout] Rendered 7278/8755, time remaining: 4m 14s
[stdout] Rendered 7279/8755, time remaining: 4m 14s
[stdout] Rendered 7280/8755, time remaining: 4m 14s
[stdout] Rendered 7281/8755, time remaining: 4m 14s
[stdout] Rendered 7282/8755, time remaining: 4m 14s
[stdout] Rendered 7283/8755, time remaining: 4m 14s
[stdout] Rendered 7284/8755, time remaining: 4m 13s
[stdout] Rendered 7285/8755, time remaining: 4m 13s
[stdout] Rendered 7286/8755, time remaining: 4m 13s
[stdout] Rendered 7287/8755, time remaining: 4m 13s
[stdout] Rendered 7288/8755, time remaining: 4m 13s
[stdout] Rendered 7289/8755, time remaining: 4m 13s
[stdout] Rendered 7290/8755, time remaining: 4m 13s
[stdout] Rendered 7291/8755, time remaining: 4m 12s
[stdout] Rendered 7291/8755, time remaining: 4m 12s
[stdout] Rendered 7292/8755, time remaining: 4m 12s
[stdout] Rendered 7293/8755, time remaining: 4m 12s
[stdout] Rendered 7294/8755, time remaining: 4m 12s
[stdout] Rendered 7295/8755, time remaining: 4m 12s
[stdout] Rendered 7296/8755, time remaining: 4m 12s
[stdout] Rendered 7297/8755, time remaining: 4m 11s
[stdout] Rendered 7298/8755, time remaining: 4m 11s
[stdout] Rendered 7299/8755, time remaining: 4m 11s
[stdout] Rendered 7300/8755, time remaining: 4m 11s
[stdout] Rendered 7301/8755, time remaining: 4m 11s
[stdout] Rendered 7302/8755, time remaining: 4m 11s
[stdout] Rendered 7303/8755, time remaining: 4m 10s
[stdout] Rendered 7304/8755, time remaining: 4m 10s
[stdout] Rendered 7305/8755, time remaining: 4m 10s
[stdout] Rendered 7305/8755, time remaining: 4m 10s
[stdout] Rendered 7306/8755, time remaining: 4m 10s
[stdout] Rendered 7307/8755, time remaining: 4m 10s
[stdout] Rendered 7308/8755, time remaining: 4m 10s
[stdout] Rendered 7309/8755, time remaining: 4m 9s
[stdout] Rendered 7310/8755, time remaining: 4m 9s
[stdout] Rendered 7311/8755, time remaining: 4m 9s
[stdout] Rendered 7312/8755, time remaining: 4m 9s
[stdout] Rendered 7313/8755, time remaining: 4m 9s
[stdout] Rendered 7314/8755, time remaining: 4m 9s
[stdout] Rendered 7315/8755, time remaining: 4m 8s
[stdout] Rendered 7316/8755, time remaining: 4m 8s
[stdout] Rendered 7317/8755, time remaining: 4m 8s
[stdout] Rendered 7317/8755, time remaining: 4m 8s
[stdout] Rendered 7318/8755, time remaining: 4m 8s
[stdout] Rendered 7319/8755, time remaining: 4m 8s
[stdout] Rendered 7320/8755, time remaining: 4m 8s
[stdout] Rendered 7321/8755, time remaining: 4m 7s
[stdout] Rendered 7322/8755, time remaining: 4m 7s
[stdout] Rendered 7323/8755, time remaining: 4m 7s
[stdout] Rendered 7324/8755, time remaining: 4m 7s
[stdout] Rendered 7325/8755, time remaining: 4m 7s
[stdout] Rendered 7326/8755, time remaining: 4m 7s
[stdout] Rendered 7327/8755, time remaining: 4m 6s
[stdout] Rendered 7328/8755, time remaining: 4m 6s
[stdout] Rendered 7329/8755, time remaining: 4m 6s
[stdout] Rendered 7330/8755, time remaining: 4m 6s
[stdout] Rendered 7331/8755, time remaining: 4m 6s
[stdout] Rendered 7332/8755, time remaining: 4m 6s
[stdout] Rendered 7332/8755, time remaining: 4m 6s
[stdout] Rendered 7333/8755, time remaining: 4m 5s
[stdout] Rendered 7334/8755, time remaining: 4m 5s
[stdout] Rendered 7335/8755, time remaining: 4m 5s
[stdout] Rendered 7336/8755, time remaining: 4m 5s
[stdout] Rendered 7337/8755, time remaining: 4m 5s
[stdout] Rendered 7338/8755, time remaining: 4m 5s
[stdout] Rendered 7339/8755, time remaining: 4m 4s
[stdout] Rendered 7340/8755, time remaining: 4m 4s
[stdout] Rendered 7341/8755, time remaining: 4m 4s
[stdout] Rendered 7342/8755, time remaining: 4m 4s
[stdout] Rendered 7343/8755, time remaining: 4m 4s
[stdout] Rendered 7344/8755, time remaining: 4m 4s
[stdout] Rendered 7345/8755, time remaining: 4m 3s
[stdout] Rendered 7346/8755, time remaining: 4m 3s
[stdout] Rendered 7347/8755, time remaining: 4m 3s
[stdout] Rendered 7348/8755, time remaining: 4m 3s
[stdout] Rendered 7349/8755, time remaining: 4m 3s
[stdout] Rendered 7349/8755, time remaining: 4m 3s
[stdout] Rendered 7350/8755, time remaining: 4m 3s
[stdout] Rendered 7351/8755, time remaining: 4m 2s
[stdout] Rendered 7352/8755, time remaining: 4m 2s
[stdout] Rendered 7353/8755, time remaining: 4m 2s
[stdout] Rendered 7354/8755, time remaining: 4m 2s
[stdout] Rendered 7355/8755, time remaining: 4m 2s
[stdout] Rendered 7356/8755, time remaining: 4m 2s
[stdout] Rendered 7357/8755, time remaining: 4m 1s
[stdout] Rendered 7358/8755, time remaining: 4m 1s
[stdout] Rendered 7359/8755, time remaining: 4m 1s
[stdout] Rendered 7360/8755, time remaining: 4m 1s
[stdout] Rendered 7361/8755, time remaining: 4m 1s
[stdout] Rendered 7362/8755, time remaining: 4m 1s
[stdout] Rendered 7363/8755, time remaining: 4m 0s
[stdout] Rendered 7363/8755, time remaining: 4m 0s
[stdout] Rendered 7364/8755, time remaining: 4m 0s
[stdout] Rendered 7365/8755, time remaining: 4m 0s
[stdout] Rendered 7366/8755, time remaining: 4m 0s
[stdout] Rendered 7367/8755, time remaining: 4m 0s
[stdout] Rendered 7368/8755, time remaining: 4m 0s
[stdout] Rendered 7369/8755, time remaining: 4m 0s
[stdout] Rendered 7370/8755, time remaining: 3m 59s
[stdout] Rendered 7371/8755, time remaining: 3m 59s
[stdout] Rendered 7372/8755, time remaining: 3m 59s
[stdout] Rendered 7373/8755, time remaining: 3m 59s
[stdout] Rendered 7374/8755, time remaining: 3m 59s
[stdout] Rendered 7375/8755, time remaining: 3m 58s
[stdout] Rendered 7376/8755, time remaining: 3m 58s
[stdout] Rendered 7377/8755, time remaining: 3m 58s
[stdout] Rendered 7377/8755, time remaining: 3m 58s
[stdout] Rendered 7378/8755, time remaining: 3m 58s
[stdout] Rendered 7379/8755, time remaining: 3m 58s
[stdout] Rendered 7380/8755, time remaining: 3m 58s
[stdout] Rendered 7381/8755, time remaining: 3m 57s
[stdout] Rendered 7382/8755, time remaining: 3m 57s
[stdout] Rendered 7383/8755, time remaining: 3m 57s
[stdout] Rendered 7384/8755, time remaining: 3m 57s
[stdout] Rendered 7385/8755, time remaining: 3m 57s
[stdout] Rendered 7386/8755, time remaining: 3m 57s
[stdout] Rendered 7387/8755, time remaining: 3m 56s
[stdout] Rendered 7388/8755, time remaining: 3m 56s
[stdout] Rendered 7389/8755, time remaining: 3m 56s
[stdout] Rendered 7390/8755, time remaining: 3m 56s
[stdout] Rendered 7391/8755, time remaining: 3m 56s
[stdout] Rendered 7392/8755, time remaining: 3m 56s
[stdout] Rendered 7393/8755, time remaining: 3m 55s
[stdout] Rendered 7393/8755, time remaining: 3m 55s
[stdout] Rendered 7394/8755, time remaining: 3m 55s
[stdout] Rendered 7395/8755, time remaining: 3m 55s
[stdout] Rendered 7396/8755, time remaining: 3m 55s
[stdout] Rendered 7397/8755, time remaining: 3m 55s
[stdout] Rendered 7398/8755, time remaining: 3m 55s
[stdout] Rendered 7399/8755, time remaining: 3m 54s
[stdout] Rendered 7400/8755, time remaining: 3m 54s
[stdout] Rendered 7401/8755, time remaining: 3m 54s
[stdout] Rendered 7402/8755, time remaining: 3m 54s
[stdout] Rendered 7403/8755, time remaining: 3m 54s
[stdout] Rendered 7404/8755, time remaining: 3m 54s
[stdout] Rendered 7405/8755, time remaining: 3m 53s
[stdout] Rendered 7406/8755, time remaining: 3m 53s
[stdout] Rendered 7407/8755, time remaining: 3m 53s
[stdout] Rendered 7408/8755, time remaining: 3m 53s
[stdout] Rendered 7409/8755, time remaining: 3m 53s
[stdout] Rendered 7409/8755, time remaining: 3m 53s
[stdout] Rendered 7410/8755, time remaining: 3m 53s
[stdout] Rendered 7411/8755, time remaining: 3m 52s
[stdout] Rendered 7412/8755, time remaining: 3m 52s
[stdout] Rendered 7413/8755, time remaining: 3m 52s
[stdout] Rendered 7414/8755, time remaining: 3m 52s
[stdout] Rendered 7415/8755, time remaining: 3m 52s
[stdout] Rendered 7416/8755, time remaining: 3m 51s
[stdout] Rendered 7417/8755, time remaining: 3m 51s
[stdout] Rendered 7418/8755, time remaining: 3m 51s
[stdout] Rendered 7419/8755, time remaining: 3m 51s
[stdout] Rendered 7420/8755, time remaining: 3m 51s
[stdout] Rendered 7421/8755, time remaining: 3m 51s
[stdout] Rendered 7422/8755, time remaining: 3m 50s
[stdout] Rendered 7423/8755, time remaining: 3m 50s
[stdout] Rendered 7424/8755, time remaining: 3m 50s
[stdout] Rendered 7425/8755, time remaining: 3m 50s
[stdout] Rendered 7425/8755, time remaining: 3m 50s
[stdout] Rendered 7426/8755, time remaining: 3m 50s
[stdout] Rendered 7427/8755, time remaining: 3m 50s
[stdout] Rendered 7428/8755, time remaining: 3m 49s
[stdout] Rendered 7429/8755, time remaining: 3m 49s
[stdout] Rendered 7430/8755, time remaining: 3m 49s
[stdout] Rendered 7431/8755, time remaining: 3m 49s
[stdout] Rendered 7432/8755, time remaining: 3m 49s
[stdout] Rendered 7433/8755, time remaining: 3m 49s
[stdout] Rendered 7434/8755, time remaining: 3m 48s
[stdout] Rendered 7435/8755, time remaining: 3m 48s
[stdout] Rendered 7436/8755, time remaining: 3m 48s
[stdout] Rendered 7437/8755, time remaining: 3m 48s
[stdout] Rendered 7438/8755, time remaining: 3m 48s
[stdout] Rendered 7438/8755, time remaining: 3m 48s
[stdout] Rendered 7439/8755, time remaining: 3m 48s
[stdout] Rendered 7440/8755, time remaining: 3m 47s
[stdout] Rendered 7441/8755, time remaining: 3m 47s
[stdout] Rendered 7442/8755, time remaining: 3m 47s
[stdout] Rendered 7443/8755, time remaining: 3m 47s
[stdout] Rendered 7444/8755, time remaining: 3m 47s
[stdout] Rendered 7445/8755, time remaining: 3m 47s
[stdout] Rendered 7446/8755, time remaining: 3m 46s
[stdout] Rendered 7447/8755, time remaining: 3m 46s
[stdout] Rendered 7448/8755, time remaining: 3m 46s
[stdout] Rendered 7449/8755, time remaining: 3m 46s
[stdout] Rendered 7450/8755, time remaining: 3m 46s
[stdout] Rendered 7451/8755, time remaining: 3m 46s
[stdout] Rendered 7452/8755, time remaining: 3m 45s
[stdout] Rendered 7453/8755, time remaining: 3m 45s
[stdout] Rendered 7454/8755, time remaining: 3m 45s
[stdout] Rendered 7454/8755, time remaining: 3m 45s
[stdout] Rendered 7455/8755, time remaining: 3m 45s
[stdout] Rendered 7456/8755, time remaining: 3m 45s
[stdout] Rendered 7457/8755, time remaining: 3m 45s
[stdout] Rendered 7458/8755, time remaining: 3m 44s
[stdout] Rendered 7459/8755, time remaining: 3m 44s
[stdout] Rendered 7460/8755, time remaining: 3m 44s
[stdout] Rendered 7461/8755, time remaining: 3m 44s
[stdout] Rendered 7462/8755, time remaining: 3m 44s
[stdout] Rendered 7463/8755, time remaining: 3m 44s
[stdout] Rendered 7464/8755, time remaining: 3m 43s
[stdout] Rendered 7465/8755, time remaining: 3m 43s
[stdout] Rendered 7466/8755, time remaining: 3m 43s
[stdout] Rendered 7467/8755, time remaining: 3m 43s
[stdout] Rendered 7468/8755, time remaining: 3m 43s
[stdout] Rendered 7469/8755, time remaining: 3m 43s
[stdout] Rendered 7469/8755, time remaining: 3m 43s
[stdout] Rendered 7470/8755, time remaining: 3m 42s
[stdout] Rendered 7471/8755, time remaining: 3m 42s
[stdout] Rendered 7472/8755, time remaining: 3m 42s
[stdout] Rendered 7473/8755, time remaining: 3m 42s
[stdout] Rendered 7474/8755, time remaining: 3m 42s
[stdout] Rendered 7475/8755, time remaining: 3m 42s
[stdout] Rendered 7476/8755, time remaining: 3m 41s
[stdout] Rendered 7477/8755, time remaining: 3m 41s
[stdout] Rendered 7478/8755, time remaining: 3m 41s
[stdout] Rendered 7479/8755, time remaining: 3m 41s
[stdout] Rendered 7480/8755, time remaining: 3m 41s
[stdout] Rendered 7481/8755, time remaining: 3m 41s
[stdout] Rendered 7482/8755, time remaining: 3m 40s
[stdout] Rendered 7483/8755, time remaining: 3m 40s
[stdout] Rendered 7484/8755, time remaining: 3m 40s
[stdout] Rendered 7484/8755, time remaining: 3m 40s
[stdout] Rendered 7485/8755, time remaining: 3m 40s
[stdout] Rendered 7486/8755, time remaining: 3m 40s
[stdout] Rendered 7487/8755, time remaining: 3m 39s
[stdout] Rendered 7488/8755, time remaining: 3m 39s
[stdout] Rendered 7489/8755, time remaining: 3m 39s
[stdout] Rendered 7490/8755, time remaining: 3m 39s
[stdout] Rendered 7491/8755, time remaining: 3m 39s
[stdout] Rendered 7492/8755, time remaining: 3m 39s
[stdout] Rendered 7493/8755, time remaining: 3m 38s
[stdout] Rendered 7494/8755, time remaining: 3m 38s
[stdout] Rendered 7495/8755, time remaining: 3m 38s
[stdout] Rendered 7496/8755, time remaining: 3m 38s
[stdout] Rendered 7497/8755, time remaining: 3m 38s
[stdout] Rendered 7498/8755, time remaining: 3m 38s
[stdout] Rendered 7499/8755, time remaining: 3m 38s
[stdout] Rendered 7500/8755, time remaining: 3m 37s
[stdout] Rendered 7501/8755, time remaining: 3m 37s
[stdout] Rendered 7501/8755, time remaining: 3m 37s
[stdout] Rendered 7502/8755, time remaining: 3m 37s
[stdout] Rendered 7503/8755, time remaining: 3m 37s
[stdout] Rendered 7504/8755, time remaining: 3m 37s
[stdout] Rendered 7505/8755, time remaining: 3m 37s
[stdout] Rendered 7506/8755, time remaining: 3m 36s
[stdout] Rendered 7507/8755, time remaining: 3m 36s
[stdout] Rendered 7508/8755, time remaining: 3m 36s
[stdout] Rendered 7509/8755, time remaining: 3m 36s
[stdout] Rendered 7510/8755, time remaining: 3m 36s
[stdout] Rendered 7511/8755, time remaining: 3m 35s
[stdout] Rendered 7512/8755, time remaining: 3m 35s
[stdout] Rendered 7513/8755, time remaining: 3m 35s
[stdout] Rendered 7514/8755, time remaining: 3m 35s
[stdout] Rendered 7515/8755, time remaining: 3m 35s
[stdout] Rendered 7515/8755, time remaining: 3m 35s
[stdout] Rendered 7516/8755, time remaining: 3m 35s
[stdout] Rendered 7517/8755, time remaining: 3m 34s
[stdout] Rendered 7518/8755, time remaining: 3m 34s
[stdout] Rendered 7519/8755, time remaining: 3m 34s
[stdout] Rendered 7520/8755, time remaining: 3m 34s
[stdout] Rendered 7521/8755, time remaining: 3m 34s
[stdout] Rendered 7522/8755, time remaining: 3m 34s
[stdout] Rendered 7523/8755, time remaining: 3m 33s
[stdout] Rendered 7524/8755, time remaining: 3m 33s
[stdout] Rendered 7525/8755, time remaining: 3m 33s
[stdout] Rendered 7526/8755, time remaining: 3m 33s
[stdout] Rendered 7527/8755, time remaining: 3m 33s
[stdout] Rendered 7528/8755, time remaining: 3m 33s
[stdout] Rendered 7529/8755, time remaining: 3m 32s
[stdout] Rendered 7530/8755, time remaining: 3m 32s
[stdout] Rendered 7530/8755, time remaining: 3m 32s
[stdout] Rendered 7531/8755, time remaining: 3m 32s
[stdout] Rendered 7532/8755, time remaining: 3m 32s
[stdout] Rendered 7533/8755, time remaining: 3m 32s
[stdout] Rendered 7534/8755, time remaining: 3m 32s
[stdout] Rendered 7535/8755, time remaining: 3m 31s
[stdout] Rendered 7536/8755, time remaining: 3m 31s
[stdout] Rendered 7537/8755, time remaining: 3m 31s
[stdout] Rendered 7538/8755, time remaining: 3m 31s
[stdout] Rendered 7539/8755, time remaining: 3m 31s
[stdout] Rendered 7540/8755, time remaining: 3m 31s
[stdout] Rendered 7541/8755, time remaining: 3m 30s
[stdout] Rendered 7542/8755, time remaining: 3m 30s
[stdout] Rendered 7543/8755, time remaining: 3m 30s
[stdout] Rendered 7544/8755, time remaining: 3m 30s
[stdout] Rendered 7545/8755, time remaining: 3m 30s
[stdout] Rendered 7546/8755, time remaining: 3m 29s
[stdout] Rendered 7547/8755, time remaining: 3m 29s
[stdout] Rendered 7547/8755, time remaining: 3m 29s
[stdout] Rendered 7548/8755, time remaining: 3m 29s
[stdout] Rendered 7549/8755, time remaining: 3m 29s
[stdout] Rendered 7550/8755, time remaining: 3m 29s
[stdout] Rendered 7551/8755, time remaining: 3m 29s
[stdout] Rendered 7552/8755, time remaining: 3m 28s
[stdout] Rendered 7553/8755, time remaining: 3m 28s
[stdout] Rendered 7554/8755, time remaining: 3m 28s
[stdout] Rendered 7555/8755, time remaining: 3m 28s
[stdout] Rendered 7556/8755, time remaining: 3m 28s
[stdout] Rendered 7557/8755, time remaining: 3m 28s
[stdout] Rendered 7558/8755, time remaining: 3m 27s
[stdout] Rendered 7559/8755, time remaining: 3m 27s
[stdout] Rendered 7560/8755, time remaining: 3m 27s
[stdout] Rendered 7561/8755, time remaining: 3m 27s
[stdout] Rendered 7562/8755, time remaining: 3m 27s
[stdout] Rendered 7563/8755, time remaining: 3m 27s
[stdout] Rendered 7564/8755, time remaining: 3m 26s
[stdout] Rendered 7564/8755, time remaining: 3m 26s
[stdout] Rendered 7565/8755, time remaining: 3m 26s
[stdout] Rendered 7566/8755, time remaining: 3m 26s
[stdout] Rendered 7567/8755, time remaining: 3m 26s
[stdout] Rendered 7568/8755, time remaining: 3m 26s
[stdout] Rendered 7569/8755, time remaining: 3m 26s
[stdout] Rendered 7570/8755, time remaining: 3m 25s
[stdout] Rendered 7571/8755, time remaining: 3m 25s
[stdout] Rendered 7572/8755, time remaining: 3m 25s
[stdout] Rendered 7573/8755, time remaining: 3m 25s
[stdout] Rendered 7574/8755, time remaining: 3m 25s
[stdout] Rendered 7575/8755, time remaining: 3m 24s
[stdout] Rendered 7576/8755, time remaining: 3m 24s
[stdout] Rendered 7577/8755, time remaining: 3m 24s
[stdout] Rendered 7578/8755, time remaining: 3m 24s
[stdout] Rendered 7579/8755, time remaining: 3m 24s
[stdout] Rendered 7580/8755, time remaining: 3m 24s
[stdout] Rendered 7581/8755, time remaining: 3m 23s
[stdout] Rendered 7581/8755, time remaining: 3m 23s
[stdout] Rendered 7582/8755, time remaining: 3m 23s
[stdout] Rendered 7583/8755, time remaining: 3m 23s
[stdout] Rendered 7584/8755, time remaining: 3m 23s
[stdout] Rendered 7585/8755, time remaining: 3m 23s
[stdout] Rendered 7586/8755, time remaining: 3m 23s
[stdout] Rendered 7587/8755, time remaining: 3m 22s
[stdout] Rendered 7588/8755, time remaining: 3m 22s
[stdout] Rendered 7589/8755, time remaining: 3m 22s
[stdout] Rendered 7590/8755, time remaining: 3m 22s
[stdout] Rendered 7591/8755, time remaining: 3m 22s
[stdout] Rendered 7592/8755, time remaining: 3m 22s
[stdout] Rendered 7593/8755, time remaining: 3m 21s
[stdout] Rendered 7594/8755, time remaining: 3m 21s
[stdout] Rendered 7595/8755, time remaining: 3m 21s
[stdout] Rendered 7596/8755, time remaining: 3m 21s
[stdout] Rendered 7597/8755, time remaining: 3m 21s
[stdout] Rendered 7598/8755, time remaining: 3m 20s
[stdout] Rendered 7598/8755, time remaining: 3m 20s
[stdout] Rendered 7599/8755, time remaining: 3m 20s
[stdout] Rendered 7600/8755, time remaining: 3m 20s
[stdout] Rendered 7601/8755, time remaining: 3m 20s
[stdout] Rendered 7602/8755, time remaining: 3m 20s
[stdout] Rendered 7603/8755, time remaining: 3m 20s
[stdout] Rendered 7604/8755, time remaining: 3m 19s
[stdout] Rendered 7605/8755, time remaining: 3m 19s
[stdout] Rendered 7606/8755, time remaining: 3m 19s
[stdout] Rendered 7607/8755, time remaining: 3m 19s
[stdout] Rendered 7608/8755, time remaining: 3m 19s
[stdout] Rendered 7609/8755, time remaining: 3m 19s
[stdout] Rendered 7610/8755, time remaining: 3m 18s
[stdout] Rendered 7611/8755, time remaining: 3m 18s
[stdout] Rendered 7612/8755, time remaining: 3m 18s
[stdout] Rendered 7613/8755, time remaining: 3m 18s
[stdout] Rendered 7614/8755, time remaining: 3m 18s
[stdout] Rendered 7615/8755, time remaining: 3m 18s
[stdout] Rendered 7616/8755, time remaining: 3m 17s
[stdout] Rendered 7616/8755, time remaining: 3m 17s
[stdout] Rendered 7617/8755, time remaining: 3m 17s
[stdout] Rendered 7618/8755, time remaining: 3m 17s
[stdout] Rendered 7619/8755, time remaining: 3m 17s
[stdout] Rendered 7620/8755, time remaining: 3m 17s
[stdout] Rendered 7621/8755, time remaining: 3m 16s
[stdout] Rendered 7622/8755, time remaining: 3m 16s
[stdout] Rendered 7623/8755, time remaining: 3m 16s
[stdout] Rendered 7624/8755, time remaining: 3m 16s
[stdout] Rendered 7625/8755, time remaining: 3m 16s
[stdout] Rendered 7626/8755, time remaining: 3m 16s
[stdout] Rendered 7627/8755, time remaining: 3m 15s
[stdout] Rendered 7628/8755, time remaining: 3m 15s
[stdout] Rendered 7629/8755, time remaining: 3m 15s
[stdout] Rendered 7630/8755, time remaining: 3m 15s
[stdout] Rendered 7631/8755, time remaining: 3m 15s
[stdout] Rendered 7632/8755, time remaining: 3m 15s
[stdout] Rendered 7633/8755, time remaining: 3m 14s
[stdout] Rendered 7633/8755, time remaining: 3m 14s
[stdout] Rendered 7634/8755, time remaining: 3m 14s
[stdout] Rendered 7635/8755, time remaining: 3m 14s
[stdout] Rendered 7636/8755, time remaining: 3m 14s
[stdout] Rendered 7637/8755, time remaining: 3m 14s
[stdout] Rendered 7638/8755, time remaining: 3m 14s
[stdout] Rendered 7639/8755, time remaining: 3m 13s
[stdout] Rendered 7640/8755, time remaining: 3m 13s
[stdout] Rendered 7641/8755, time remaining: 3m 13s
[stdout] Rendered 7642/8755, time remaining: 3m 13s
[stdout] Rendered 7643/8755, time remaining: 3m 13s
[stdout] Rendered 7644/8755, time remaining: 3m 12s
[stdout] Rendered 7645/8755, time remaining: 3m 12s
[stdout] Rendered 7646/8755, time remaining: 3m 12s
[stdout] Rendered 7647/8755, time remaining: 3m 12s
[stdout] Rendered 7648/8755, time remaining: 3m 12s
[stdout] Rendered 7649/8755, time remaining: 3m 12s
[stdout] Rendered 7650/8755, time remaining: 3m 11s
[stdout] Rendered 7650/8755, time remaining: 3m 11s
[stdout] Rendered 7651/8755, time remaining: 3m 11s
[stdout] Rendered 7652/8755, time remaining: 3m 11s
[stdout] Rendered 7653/8755, time remaining: 3m 11s
[stdout] Rendered 7654/8755, time remaining: 3m 11s
[stdout] Rendered 7655/8755, time remaining: 3m 11s
[stdout] Rendered 7656/8755, time remaining: 3m 10s
[stdout] Rendered 7657/8755, time remaining: 3m 10s
[stdout] Rendered 7658/8755, time remaining: 3m 10s
[stdout] Rendered 7659/8755, time remaining: 3m 10s
[stdout] Rendered 7660/8755, time remaining: 3m 10s
[stdout] Rendered 7661/8755, time remaining: 3m 10s
[stdout] Rendered 7662/8755, time remaining: 3m 9s
[stdout] Rendered 7663/8755, time remaining: 3m 9s
[stdout] Rendered 7664/8755, time remaining: 3m 9s
[stdout] Rendered 7665/8755, time remaining: 3m 9s
[stdout] Rendered 7666/8755, time remaining: 3m 9s
[stdout] Rendered 7666/8755, time remaining: 3m 9s
[stdout] Rendered 7667/8755, time remaining: 3m 9s
[stdout] Rendered 7668/8755, time remaining: 3m 8s
[stdout] Rendered 7669/8755, time remaining: 3m 8s
[stdout] Rendered 7670/8755, time remaining: 3m 8s
[stdout] Rendered 7671/8755, time remaining: 3m 8s
[stdout] Rendered 7672/8755, time remaining: 3m 8s
[stdout] Rendered 7673/8755, time remaining: 3m 7s
[stdout] Rendered 7674/8755, time remaining: 3m 7s
[stdout] Rendered 7675/8755, time remaining: 3m 7s
[stdout] Rendered 7676/8755, time remaining: 3m 7s
[stdout] Rendered 7677/8755, time remaining: 3m 7s
[stdout] Rendered 7678/8755, time remaining: 3m 7s
[stdout] Rendered 7679/8755, time remaining: 3m 6s
[stdout] Rendered 7680/8755, time remaining: 3m 6s
[stdout] Rendered 7681/8755, time remaining: 3m 6s
[stdout] Rendered 7682/8755, time remaining: 3m 6s
[stdout] Rendered 7683/8755, time remaining: 3m 6s
[stdout] Rendered 7684/8755, time remaining: 3m 6s
[stdout] Rendered 7684/8755, time remaining: 3m 6s
[stdout] Rendered 7685/8755, time remaining: 3m 5s
[stdout] Rendered 7686/8755, time remaining: 3m 5s
[stdout] Rendered 7687/8755, time remaining: 3m 5s
[stdout] Rendered 7688/8755, time remaining: 3m 5s
[stdout] Rendered 7689/8755, time remaining: 3m 5s
[stdout] Rendered 7690/8755, time remaining: 3m 5s
[stdout] Rendered 7691/8755, time remaining: 3m 4s
[stdout] Rendered 7692/8755, time remaining: 3m 4s
[stdout] Rendered 7693/8755, time remaining: 3m 4s
[stdout] Rendered 7694/8755, time remaining: 3m 4s
[stdout] Rendered 7695/8755, time remaining: 3m 4s
[stdout] Rendered 7696/8755, time remaining: 3m 3s
[stdout] Rendered 7697/8755, time remaining: 3m 3s
[stdout] Rendered 7698/8755, time remaining: 3m 3s
[stdout] Rendered 7699/8755, time remaining: 3m 3s
[stdout] Rendered 7700/8755, time remaining: 3m 3s
[stdout] Rendered 7701/8755, time remaining: 3m 3s
[stdout] Rendered 7701/8755, time remaining: 3m 3s
[stdout] Rendered 7702/8755, time remaining: 3m 2s
[stdout] Rendered 7703/8755, time remaining: 3m 2s
[stdout] Rendered 7704/8755, time remaining: 3m 2s
[stdout] Rendered 7705/8755, time remaining: 3m 2s
[stdout] Rendered 7706/8755, time remaining: 3m 2s
[stdout] Rendered 7707/8755, time remaining: 3m 2s
[stdout] Rendered 7708/8755, time remaining: 3m 1s
[stdout] Rendered 7709/8755, time remaining: 3m 1s
[stdout] Rendered 7710/8755, time remaining: 3m 1s
[stdout] Rendered 7711/8755, time remaining: 3m 1s
[stdout] Rendered 7712/8755, time remaining: 3m 1s
[stdout] Rendered 7713/8755, time remaining: 3m 1s
[stdout] Rendered 7714/8755, time remaining: 3m 0s
[stdout] Rendered 7715/8755, time remaining: 3m 0s
[stdout] Rendered 7715/8755, time remaining: 3m 0s
[stdout] Rendered 7716/8755, time remaining: 3m 0s
[stdout] Rendered 7717/8755, time remaining: 3m 0s
[stdout] Rendered 7718/8755, time remaining: 3m 0s
[stdout] Rendered 7719/8755, time remaining: 3m 0s
[stdout] Rendered 7720/8755, time remaining: 2m 59s
[stdout] Rendered 7721/8755, time remaining: 2m 59s
[stdout] Rendered 7722/8755, time remaining: 2m 59s
[stdout] Rendered 7723/8755, time remaining: 2m 59s
[stdout] Rendered 7724/8755, time remaining: 2m 59s
[stdout] Rendered 7725/8755, time remaining: 2m 59s
[stdout] Rendered 7726/8755, time remaining: 2m 58s
[stdout] Rendered 7727/8755, time remaining: 2m 58s
[stdout] Rendered 7728/8755, time remaining: 2m 58s
[stdout] Rendered 7729/8755, time remaining: 2m 58s
[stdout] Rendered 7730/8755, time remaining: 2m 58s
[stdout] Rendered 7731/8755, time remaining: 2m 58s
[stdout] Rendered 7731/8755, time remaining: 2m 58s
[stdout] Rendered 7732/8755, time remaining: 2m 57s
[stdout] Rendered 7733/8755, time remaining: 2m 57s
[stdout] Rendered 7734/8755, time remaining: 2m 57s
[stdout] Rendered 7735/8755, time remaining: 2m 57s
[stdout] Rendered 7736/8755, time remaining: 2m 57s
[stdout] Rendered 7737/8755, time remaining: 2m 56s
[stdout] Rendered 7738/8755, time remaining: 2m 56s
[stdout] Rendered 7739/8755, time remaining: 2m 56s
[stdout] Rendered 7740/8755, time remaining: 2m 56s
[stdout] Rendered 7741/8755, time remaining: 2m 56s
[stdout] Rendered 7742/8755, time remaining: 2m 56s
[stdout] Rendered 7743/8755, time remaining: 2m 55s
[stdout] Rendered 7744/8755, time remaining: 2m 55s
[stdout] Rendered 7745/8755, time remaining: 2m 55s
[stdout] Rendered 7746/8755, time remaining: 2m 55s
[stdout] Rendered 7747/8755, time remaining: 2m 55s
[stdout] Rendered 7748/8755, time remaining: 2m 55s
[stdout] Rendered 7748/8755, time remaining: 2m 55s
[stdout] Rendered 7749/8755, time remaining: 2m 54s
[stdout] Rendered 7750/8755, time remaining: 2m 54s
[stdout] Rendered 7751/8755, time remaining: 2m 54s
[stdout] Rendered 7752/8755, time remaining: 2m 54s
[stdout] Rendered 7753/8755, time remaining: 2m 54s
[stdout] Rendered 7754/8755, time remaining: 2m 54s
[stdout] Rendered 7755/8755, time remaining: 2m 53s
[stdout] Rendered 7756/8755, time remaining: 2m 53s
[stdout] Rendered 7757/8755, time remaining: 2m 53s
[stdout] Rendered 7758/8755, time remaining: 2m 53s
[stdout] Rendered 7759/8755, time remaining: 2m 53s
[stdout] Rendered 7760/8755, time remaining: 2m 53s
[stdout] Rendered 7761/8755, time remaining: 2m 52s
[stdout] Rendered 7762/8755, time remaining: 2m 52s
[stdout] Rendered 7763/8755, time remaining: 2m 52s
[stdout] Rendered 7763/8755, time remaining: 2m 52s
[stdout] Rendered 7764/8755, time remaining: 2m 52s
[stdout] Rendered 7765/8755, time remaining: 2m 52s
[stdout] Rendered 7766/8755, time remaining: 2m 51s
[stdout] Rendered 7767/8755, time remaining: 2m 51s
[stdout] Rendered 7768/8755, time remaining: 2m 51s
[stdout] Rendered 7769/8755, time remaining: 2m 51s
[stdout] Rendered 7770/8755, time remaining: 2m 51s
[stdout] Rendered 7771/8755, time remaining: 2m 51s
[stdout] Rendered 7772/8755, time remaining: 2m 50s
[stdout] Rendered 7773/8755, time remaining: 2m 50s
[stdout] Rendered 7774/8755, time remaining: 2m 50s
[stdout] Rendered 7775/8755, time remaining: 2m 50s
[stdout] Rendered 7776/8755, time remaining: 2m 50s
[stdout] Rendered 7777/8755, time remaining: 2m 50s
[stdout] Rendered 7778/8755, time remaining: 2m 49s
[stdout] Rendered 7779/8755, time remaining: 2m 49s
[stdout] Rendered 7779/8755, time remaining: 2m 49s
[stdout] Rendered 7780/8755, time remaining: 2m 49s
[stdout] Rendered 7781/8755, time remaining: 2m 49s
[stdout] Rendered 7782/8755, time remaining: 2m 49s
[stdout] Rendered 7783/8755, time remaining: 2m 49s
[stdout] Rendered 7784/8755, time remaining: 2m 48s
[stdout] Rendered 7785/8755, time remaining: 2m 48s
[stdout] Rendered 7786/8755, time remaining: 2m 48s
[stdout] Rendered 7787/8755, time remaining: 2m 48s
[stdout] Rendered 7788/8755, time remaining: 2m 48s
[stdout] Rendered 7789/8755, time remaining: 2m 48s
[stdout] Rendered 7790/8755, time remaining: 2m 47s
[stdout] Rendered 7791/8755, time remaining: 2m 47s
[stdout] Rendered 7792/8755, time remaining: 2m 47s
[stdout] Rendered 7793/8755, time remaining: 2m 47s
[stdout] Rendered 7794/8755, time remaining: 2m 47s
[stdout] Rendered 7795/8755, time remaining: 2m 46s
[stdout] Rendered 7795/8755, time remaining: 2m 46s
[stdout] Rendered 7796/8755, time remaining: 2m 46s
[stdout] Rendered 7797/8755, time remaining: 2m 46s
[stdout] Rendered 7798/8755, time remaining: 2m 46s
[stdout] Rendered 7799/8755, time remaining: 2m 46s
[stdout] Rendered 7800/8755, time remaining: 2m 46s
[stdout] Rendered 7801/8755, time remaining: 2m 45s
[stdout] Rendered 7802/8755, time remaining: 2m 45s
[stdout] Rendered 7803/8755, time remaining: 2m 45s
[stdout] Rendered 7804/8755, time remaining: 2m 45s
[stdout] Rendered 7805/8755, time remaining: 2m 45s
[stdout] Rendered 7806/8755, time remaining: 2m 45s
[stdout] Rendered 7807/8755, time remaining: 2m 44s
[stdout] Rendered 7808/8755, time remaining: 2m 44s
[stdout] Rendered 7809/8755, time remaining: 2m 44s
[stdout] Rendered 7810/8755, time remaining: 2m 44s
[stdout] Rendered 7811/8755, time remaining: 2m 44s
[stdout] Rendered 7812/8755, time remaining: 2m 44s
[stdout] Rendered 7812/8755, time remaining: 2m 44s
[stdout] Rendered 7813/8755, time remaining: 2m 43s
[stdout] Rendered 7814/8755, time remaining: 2m 43s
[stdout] Rendered 7815/8755, time remaining: 2m 43s
[stdout] Rendered 7816/8755, time remaining: 2m 43s
[stdout] Rendered 7817/8755, time remaining: 2m 43s
[stdout] Rendered 7818/8755, time remaining: 2m 43s
[stdout] Rendered 7819/8755, time remaining: 2m 42s
[stdout] Rendered 7820/8755, time remaining: 2m 42s
[stdout] Rendered 7821/8755, time remaining: 2m 42s
[stdout] Rendered 7822/8755, time remaining: 2m 42s
[stdout] Rendered 7823/8755, time remaining: 2m 42s
[stdout] Rendered 7824/8755, time remaining: 2m 41s
[stdout] Rendered 7825/8755, time remaining: 2m 41s
[stdout] Rendered 7826/8755, time remaining: 2m 41s
[stdout] Rendered 7827/8755, time remaining: 2m 41s
[stdout] Rendered 7828/8755, time remaining: 2m 41s
[stdout] Rendered 7829/8755, time remaining: 2m 41s
[stdout] Rendered 7830/8755, time remaining: 2m 40s
[stdout] Rendered 7830/8755, time remaining: 2m 40s
[stdout] Rendered 7831/8755, time remaining: 2m 40s
[stdout] Rendered 7832/8755, time remaining: 2m 40s
[stdout] Rendered 7833/8755, time remaining: 2m 40s
[stdout] Rendered 7834/8755, time remaining: 2m 40s
[stdout] Rendered 7835/8755, time remaining: 2m 40s
[stdout] Rendered 7836/8755, time remaining: 2m 39s
[stdout] Rendered 7837/8755, time remaining: 2m 39s
[stdout] Rendered 7838/8755, time remaining: 2m 39s
[stdout] Rendered 7839/8755, time remaining: 2m 39s
[stdout] Rendered 7840/8755, time remaining: 2m 39s
[stdout] Rendered 7841/8755, time remaining: 2m 39s
[stdout] Rendered 7842/8755, time remaining: 2m 38s
[stdout] Rendered 7843/8755, time remaining: 2m 38s
[stdout] Rendered 7844/8755, time remaining: 2m 38s
[stdout] Rendered 7845/8755, time remaining: 2m 38s
[stdout] Rendered 7846/8755, time remaining: 2m 38s
[stdout] Rendered 7846/8755, time remaining: 2m 38s
[stdout] Rendered 7847/8755, time remaining: 2m 37s
[stdout] Rendered 7848/8755, time remaining: 2m 37s
[stdout] Rendered 7849/8755, time remaining: 2m 37s
[stdout] Rendered 7850/8755, time remaining: 2m 37s
[stdout] Rendered 7851/8755, time remaining: 2m 37s
[stdout] Rendered 7852/8755, time remaining: 2m 37s
[stdout] Rendered 7853/8755, time remaining: 2m 36s
[stdout] Rendered 7854/8755, time remaining: 2m 36s
[stdout] Rendered 7855/8755, time remaining: 2m 36s
[stdout] Rendered 7856/8755, time remaining: 2m 36s
[stdout] Rendered 7857/8755, time remaining: 2m 36s
[stdout] Rendered 7858/8755, time remaining: 2m 36s
[stdout] Rendered 7859/8755, time remaining: 2m 35s
[stdout] Rendered 7860/8755, time remaining: 2m 35s
[stdout] Rendered 7861/8755, time remaining: 2m 35s
[stdout] Rendered 7862/8755, time remaining: 2m 35s
[stdout] Rendered 7863/8755, time remaining: 2m 35s
[stdout] Rendered 7864/8755, time remaining: 2m 35s
[stdout] Rendered 7864/8755, time remaining: 2m 35s
[stdout] Rendered 7865/8755, time remaining: 2m 34s
[stdout] Rendered 7866/8755, time remaining: 2m 34s
[stdout] Rendered 7867/8755, time remaining: 2m 34s
[stdout] Rendered 7868/8755, time remaining: 2m 34s
[stdout] Rendered 7869/8755, time remaining: 2m 34s
[stdout] Rendered 7870/8755, time remaining: 2m 33s
[stdout] Rendered 7871/8755, time remaining: 2m 33s
[stdout] Rendered 7872/8755, time remaining: 2m 33s
[stdout] Rendered 7873/8755, time remaining: 2m 33s
[stdout] Rendered 7874/8755, time remaining: 2m 33s
[stdout] Rendered 7875/8755, time remaining: 2m 33s
[stdout] Rendered 7876/8755, time remaining: 2m 32s
[stdout] Rendered 7877/8755, time remaining: 2m 32s
[stdout] Rendered 7878/8755, time remaining: 2m 32s
[stdout] Rendered 7879/8755, time remaining: 2m 32s
[stdout] Rendered 7880/8755, time remaining: 2m 32s
[stdout] Rendered 7881/8755, time remaining: 2m 32s
[stdout] Rendered 7881/8755, time remaining: 2m 32s
[stdout] Rendered 7882/8755, time remaining: 2m 31s
[stdout] Rendered 7883/8755, time remaining: 2m 31s
[stdout] Rendered 7884/8755, time remaining: 2m 31s
[stdout] Rendered 7885/8755, time remaining: 2m 31s
[stdout] Rendered 7886/8755, time remaining: 2m 31s
[stdout] Rendered 7887/8755, time remaining: 2m 31s
[stdout] Rendered 7888/8755, time remaining: 2m 30s
[stdout] Rendered 7889/8755, time remaining: 2m 30s
[stdout] Rendered 7890/8755, time remaining: 2m 30s
[stdout] Rendered 7891/8755, time remaining: 2m 30s
[stdout] Rendered 7892/8755, time remaining: 2m 30s
[stdout] Rendered 7893/8755, time remaining: 2m 29s
[stdout] Rendered 7894/8755, time remaining: 2m 29s
[stdout] Rendered 7895/8755, time remaining: 2m 29s
[stdout] Rendered 7896/8755, time remaining: 2m 29s
[stdout] Rendered 7897/8755, time remaining: 2m 29s
[stdout] Rendered 7898/8755, time remaining: 2m 29s
[stdout] Rendered 7898/8755, time remaining: 2m 29s
[stdout] Rendered 7899/8755, time remaining: 2m 28s
[stdout] Rendered 7900/8755, time remaining: 2m 28s
[stdout] Rendered 7901/8755, time remaining: 2m 28s
[stdout] Rendered 7902/8755, time remaining: 2m 28s
[stdout] Rendered 7903/8755, time remaining: 2m 28s
[stdout] Rendered 7904/8755, time remaining: 2m 28s
[stdout] Rendered 7905/8755, time remaining: 2m 27s
[stdout] Rendered 7906/8755, time remaining: 2m 27s
[stdout] Rendered 7907/8755, time remaining: 2m 27s
[stdout] Rendered 7908/8755, time remaining: 2m 27s
[stdout] Rendered 7909/8755, time remaining: 2m 27s
[stdout] Rendered 7910/8755, time remaining: 2m 27s
[stdout] Rendered 7911/8755, time remaining: 2m 26s
[stdout] Rendered 7912/8755, time remaining: 2m 26s
[stdout] Rendered 7913/8755, time remaining: 2m 26s
[stdout] Rendered 7914/8755, time remaining: 2m 26s
[stdout] Rendered 7914/8755, time remaining: 2m 26s
[stdout] Rendered 7915/8755, time remaining: 2m 26s
[stdout] Rendered 7916/8755, time remaining: 2m 26s
[stdout] Rendered 7917/8755, time remaining: 2m 25s
[stdout] Rendered 7918/8755, time remaining: 2m 25s
[stdout] Rendered 7919/8755, time remaining: 2m 25s
[stdout] Rendered 7920/8755, time remaining: 2m 25s
[stdout] Rendered 7921/8755, time remaining: 2m 25s
[stdout] Rendered 7922/8755, time remaining: 2m 24s
[stdout] Rendered 7923/8755, time remaining: 2m 24s
[stdout] Rendered 7924/8755, time remaining: 2m 24s
[stdout] Rendered 7925/8755, time remaining: 2m 24s
[stdout] Rendered 7926/8755, time remaining: 2m 24s
[stdout] Rendered 7927/8755, time remaining: 2m 24s
[stdout] Rendered 7928/8755, time remaining: 2m 23s
[stdout] Rendered 7929/8755, time remaining: 2m 23s
[stdout] Rendered 7930/8755, time remaining: 2m 23s
[stdout] Rendered 7931/8755, time remaining: 2m 23s
[stdout] Rendered 7932/8755, time remaining: 2m 23s
[stdout] Rendered 7932/8755, time remaining: 2m 23s
[stdout] Rendered 7933/8755, time remaining: 2m 23s
[stdout] Rendered 7934/8755, time remaining: 2m 22s
[stdout] Rendered 7935/8755, time remaining: 2m 22s
[stdout] Rendered 7936/8755, time remaining: 2m 22s
[stdout] Rendered 7937/8755, time remaining: 2m 22s
[stdout] Rendered 7938/8755, time remaining: 2m 22s
[stdout] Rendered 7939/8755, time remaining: 2m 22s
[stdout] Rendered 7940/8755, time remaining: 2m 21s
[stdout] Rendered 7941/8755, time remaining: 2m 21s
[stdout] Rendered 7942/8755, time remaining: 2m 21s
[stdout] Rendered 7943/8755, time remaining: 2m 21s
[stdout] Rendered 7944/8755, time remaining: 2m 21s
[stdout] Rendered 7945/8755, time remaining: 2m 20s
[stdout] Rendered 7946/8755, time remaining: 2m 20s
[stdout] Rendered 7947/8755, time remaining: 2m 20s
[stdout] Rendered 7948/8755, time remaining: 2m 20s
[stdout] Rendered 7949/8755, time remaining: 2m 20s
[stdout] Rendered 7949/8755, time remaining: 2m 20s
[stdout] Rendered 7950/8755, time remaining: 2m 20s
[stdout] Rendered 7951/8755, time remaining: 2m 19s
[stdout] Rendered 7952/8755, time remaining: 2m 19s
[stdout] Rendered 7953/8755, time remaining: 2m 19s
[stdout] Rendered 7954/8755, time remaining: 2m 19s
[stdout] Rendered 7955/8755, time remaining: 2m 19s
[stdout] Rendered 7956/8755, time remaining: 2m 19s
[stdout] Rendered 7957/8755, time remaining: 2m 18s
[stdout] Rendered 7958/8755, time remaining: 2m 18s
[stdout] Rendered 7959/8755, time remaining: 2m 18s
[stdout] Rendered 7960/8755, time remaining: 2m 18s
[stdout] Rendered 7961/8755, time remaining: 2m 18s
[stdout] Rendered 7962/8755, time remaining: 2m 18s
[stdout] Rendered 7963/8755, time remaining: 2m 17s
[stdout] Rendered 7964/8755, time remaining: 2m 17s
[stdout] Rendered 7965/8755, time remaining: 2m 17s
[stdout] Rendered 7966/8755, time remaining: 2m 17s
[stdout] Rendered 7966/8755, time remaining: 2m 17s
[stdout] Rendered 7967/8755, time remaining: 2m 17s
[stdout] Rendered 7968/8755, time remaining: 2m 16s
[stdout] Rendered 7969/8755, time remaining: 2m 16s
[stdout] Rendered 7970/8755, time remaining: 2m 16s
[stdout] Rendered 7971/8755, time remaining: 2m 16s
[stdout] Rendered 7972/8755, time remaining: 2m 16s
[stdout] Rendered 7973/8755, time remaining: 2m 16s
[stdout] Rendered 7974/8755, time remaining: 2m 15s
[stdout] Rendered 7975/8755, time remaining: 2m 15s
[stdout] Rendered 7976/8755, time remaining: 2m 15s
[stdout] Rendered 7977/8755, time remaining: 2m 15s
[stdout] Rendered 7978/8755, time remaining: 2m 15s
[stdout] Rendered 7979/8755, time remaining: 2m 15s
[stdout] Rendered 7980/8755, time remaining: 2m 14s
[stdout] Rendered 7981/8755, time remaining: 2m 14s
[stdout] Rendered 7982/8755, time remaining: 2m 14s
[stdout] Rendered 7982/8755, time remaining: 2m 14s
[stdout] Rendered 7983/8755, time remaining: 2m 14s
[stdout] Rendered 7984/8755, time remaining: 2m 14s
[stdout] Rendered 7985/8755, time remaining: 2m 14s
[stdout] Rendered 7986/8755, time remaining: 2m 13s
[stdout] Rendered 7987/8755, time remaining: 2m 13s
[stdout] Rendered 7988/8755, time remaining: 2m 13s
[stdout] Rendered 7989/8755, time remaining: 2m 13s
[stdout] Rendered 7990/8755, time remaining: 2m 13s
[stdout] Rendered 7991/8755, time remaining: 2m 12s
[stdout] Rendered 7992/8755, time remaining: 2m 12s
[stdout] Rendered 7993/8755, time remaining: 2m 12s
[stdout] Rendered 7994/8755, time remaining: 2m 12s
[stdout] Rendered 7995/8755, time remaining: 2m 12s
[stdout] Rendered 7996/8755, time remaining: 2m 12s
[stdout] Rendered 7997/8755, time remaining: 2m 11s
[stdout] Rendered 7998/8755, time remaining: 2m 11s
[stdout] Rendered 7999/8755, time remaining: 2m 11s
[stdout] Rendered 7999/8755, time remaining: 2m 11s
[stdout] Rendered 8000/8755, time remaining: 2m 11s
[stdout] Rendered 8001/8755, time remaining: 2m 11s
[stdout] Rendered 8002/8755, time remaining: 2m 11s
[stdout] Rendered 8003/8755, time remaining: 2m 10s
[stdout] Rendered 8004/8755, time remaining: 2m 10s
[stdout] Rendered 8005/8755, time remaining: 2m 10s
[stdout] Rendered 8006/8755, time remaining: 2m 10s
[stdout] Rendered 8007/8755, time remaining: 2m 10s
[stdout] Rendered 8008/8755, time remaining: 2m 10s
[stdout] Rendered 8009/8755, time remaining: 2m 9s
[stdout] Rendered 8010/8755, time remaining: 2m 9s
[stdout] Rendered 8011/8755, time remaining: 2m 9s
[stdout] Rendered 8012/8755, time remaining: 2m 9s
[stdout] Rendered 8013/8755, time remaining: 2m 9s
[stdout] Rendered 8014/8755, time remaining: 2m 9s
[stdout] Rendered 8015/8755, time remaining: 2m 8s
[stdout] Rendered 8015/8755, time remaining: 2m 8s
[stdout] Rendered 8016/8755, time remaining: 2m 8s
[stdout] Rendered 8017/8755, time remaining: 2m 8s
[stdout] Rendered 8018/8755, time remaining: 2m 8s
[stdout] Rendered 8019/8755, time remaining: 2m 8s
[stdout] Rendered 8020/8755, time remaining: 2m 7s
[stdout] Rendered 8021/8755, time remaining: 2m 7s
[stdout] Rendered 8022/8755, time remaining: 2m 7s
[stdout] Rendered 8023/8755, time remaining: 2m 7s
[stdout] Rendered 8024/8755, time remaining: 2m 7s
[stdout] Rendered 8025/8755, time remaining: 2m 7s
[stdout] Rendered 8026/8755, time remaining: 2m 6s
[stdout] Rendered 8027/8755, time remaining: 2m 6s
[stdout] Rendered 8028/8755, time remaining: 2m 6s
[stdout] Rendered 8029/8755, time remaining: 2m 6s
[stdout] Rendered 8030/8755, time remaining: 2m 6s
[stdout] Rendered 8031/8755, time remaining: 2m 6s
[stdout] Rendered 8032/8755, time remaining: 2m 5s
[stdout] Rendered 8032/8755, time remaining: 2m 5s
[stdout] Rendered 8033/8755, time remaining: 2m 5s
[stdout] Rendered 8034/8755, time remaining: 2m 5s
[stdout] Rendered 8035/8755, time remaining: 2m 5s
[stdout] Rendered 8036/8755, time remaining: 2m 5s
[stdout] Rendered 8037/8755, time remaining: 2m 5s
[stdout] Rendered 8038/8755, time remaining: 2m 4s
[stdout] Rendered 8039/8755, time remaining: 2m 4s
[stdout] Rendered 8040/8755, time remaining: 2m 4s
[stdout] Rendered 8041/8755, time remaining: 2m 4s
[stdout] Rendered 8042/8755, time remaining: 2m 4s
[stdout] Rendered 8043/8755, time remaining: 2m 3s
[stdout] Rendered 8044/8755, time remaining: 2m 3s
[stdout] Rendered 8045/8755, time remaining: 2m 3s
[stdout] Rendered 8046/8755, time remaining: 2m 3s
[stdout] Rendered 8047/8755, time remaining: 2m 3s
[stdout] Rendered 8048/8755, time remaining: 2m 3s
[stdout] Rendered 8048/8755, time remaining: 2m 3s
[stdout] Rendered 8049/8755, time remaining: 2m 2s
[stdout] Rendered 8050/8755, time remaining: 2m 2s
[stdout] Rendered 8051/8755, time remaining: 2m 2s
[stdout] Rendered 8052/8755, time remaining: 2m 2s
[stdout] Rendered 8053/8755, time remaining: 2m 2s
[stdout] Rendered 8054/8755, time remaining: 2m 2s
[stdout] Rendered 8055/8755, time remaining: 2m 1s
[stdout] Rendered 8056/8755, time remaining: 2m 1s
[stdout] Rendered 8057/8755, time remaining: 2m 1s
[stdout] Rendered 8058/8755, time remaining: 2m 1s
[stdout] Rendered 8059/8755, time remaining: 2m 1s
[stdout] Rendered 8060/8755, time remaining: 2m 1s
[stdout] Rendered 8061/8755, time remaining: 2m 0s
[stdout] Rendered 8062/8755, time remaining: 2m 0s
[stdout] Rendered 8063/8755, time remaining: 2m 0s
[stdout] Rendered 8064/8755, time remaining: 2m 0s
[stdout] Rendered 8065/8755, time remaining: 2m 0s
[stdout] Rendered 8065/8755, time remaining: 2m 0s
[stdout] Rendered 8066/8755, time remaining: 2m 0s
[stdout] Rendered 8067/8755, time remaining: 1m 59s
[stdout] Rendered 8068/8755, time remaining: 1m 59s
[stdout] Rendered 8069/8755, time remaining: 1m 59s
[stdout] Rendered 8070/8755, time remaining: 1m 59s
[stdout] Rendered 8071/8755, time remaining: 1m 59s
[stdout] Rendered 8072/8755, time remaining: 1m 58s
[stdout] Rendered 8073/8755, time remaining: 1m 58s
[stdout] Rendered 8074/8755, time remaining: 1m 58s
[stdout] Rendered 8075/8755, time remaining: 1m 58s
[stdout] Rendered 8076/8755, time remaining: 1m 58s
[stdout] Rendered 8077/8755, time remaining: 1m 58s
[stdout] Rendered 8078/8755, time remaining: 1m 57s
[stdout] Rendered 8079/8755, time remaining: 1m 57s
[stdout] Rendered 8079/8755, time remaining: 1m 57s
[stdout] Rendered 8080/8755, time remaining: 1m 57s
[stdout] Rendered 8081/8755, time remaining: 1m 57s
[stdout] Rendered 8082/8755, time remaining: 1m 57s
[stdout] Rendered 8083/8755, time remaining: 1m 57s
[stdout] Rendered 8084/8755, time remaining: 1m 56s
[stdout] Rendered 8085/8755, time remaining: 1m 56s
[stdout] Rendered 8086/8755, time remaining: 1m 56s
[stdout] Rendered 8087/8755, time remaining: 1m 56s
[stdout] Rendered 8088/8755, time remaining: 1m 56s
[stdout] Rendered 8089/8755, time remaining: 1m 56s
[stdout] Rendered 8090/8755, time remaining: 1m 55s
[stdout] Rendered 8091/8755, time remaining: 1m 55s
[stdout] Rendered 8092/8755, time remaining: 1m 55s
[stdout] Rendered 8093/8755, time remaining: 1m 55s
[stdout] Rendered 8094/8755, time remaining: 1m 55s
[stdout] Rendered 8095/8755, time remaining: 1m 54s
[stdout] Rendered 8096/8755, time remaining: 1m 54s
[stdout] Rendered 8097/8755, time remaining: 1m 54s
[stdout] Rendered 8097/8755, time remaining: 1m 54s
[stdout] Rendered 8098/8755, time remaining: 1m 54s
[stdout] Rendered 8099/8755, time remaining: 1m 54s
[stdout] Rendered 8100/8755, time remaining: 1m 54s
[stdout] Rendered 8101/8755, time remaining: 1m 53s
[stdout] Rendered 8102/8755, time remaining: 1m 53s
[stdout] Rendered 8103/8755, time remaining: 1m 53s
[stdout] Rendered 8104/8755, time remaining: 1m 53s
[stdout] Rendered 8105/8755, time remaining: 1m 53s
[stdout] Rendered 8106/8755, time remaining: 1m 53s
[stdout] Rendered 8107/8755, time remaining: 1m 52s
[stdout] Rendered 8108/8755, time remaining: 1m 52s
[stdout] Rendered 8109/8755, time remaining: 1m 52s
[stdout] Rendered 8110/8755, time remaining: 1m 52s
[stdout] Rendered 8111/8755, time remaining: 1m 52s
[stdout] Rendered 8112/8755, time remaining: 1m 52s
[stdout] Rendered 8112/8755, time remaining: 1m 52s
[stdout] Rendered 8113/8755, time remaining: 1m 51s
[stdout] Rendered 8114/8755, time remaining: 1m 51s
[stdout] Rendered 8115/8755, time remaining: 1m 51s
[stdout] Rendered 8116/8755, time remaining: 1m 51s
[stdout] Rendered 8117/8755, time remaining: 1m 51s
[stdout] Rendered 8118/8755, time remaining: 1m 51s
[stdout] Rendered 8119/8755, time remaining: 1m 50s
[stdout] Rendered 8120/8755, time remaining: 1m 50s
[stdout] Rendered 8121/8755, time remaining: 1m 50s
[stdout] Rendered 8122/8755, time remaining: 1m 50s
[stdout] Rendered 8123/8755, time remaining: 1m 50s
[stdout] Rendered 8124/8755, time remaining: 1m 49s
[stdout] Rendered 8125/8755, time remaining: 1m 49s
[stdout] Rendered 8126/8755, time remaining: 1m 49s
[stdout] Rendered 8127/8755, time remaining: 1m 49s
[stdout] Rendered 8127/8755, time remaining: 1m 49s
[stdout] Rendered 8128/8755, time remaining: 1m 49s
[stdout] Rendered 8129/8755, time remaining: 1m 49s
[stdout] Rendered 8130/8755, time remaining: 1m 48s
[stdout] Rendered 8131/8755, time remaining: 1m 48s
[stdout] Rendered 8132/8755, time remaining: 1m 48s
[stdout] Rendered 8133/8755, time remaining: 1m 48s
[stdout] Rendered 8134/8755, time remaining: 1m 48s
[stdout] Rendered 8135/8755, time remaining: 1m 48s
[stdout] Rendered 8136/8755, time remaining: 1m 47s
[stdout] Rendered 8137/8755, time remaining: 1m 47s
[stdout] Rendered 8138/8755, time remaining: 1m 47s
[stdout] Rendered 8139/8755, time remaining: 1m 47s
[stdout] Rendered 8140/8755, time remaining: 1m 47s
[stdout] Rendered 8141/8755, time remaining: 1m 47s
[stdout] Rendered 8142/8755, time remaining: 1m 46s
[stdout] Rendered 8143/8755, time remaining: 1m 46s
[stdout] Rendered 8144/8755, time remaining: 1m 46s
[stdout] Rendered 8144/8755, time remaining: 1m 46s
[stdout] Rendered 8145/8755, time remaining: 1m 46s
[stdout] Rendered 8146/8755, time remaining: 1m 46s
[stdout] Rendered 8147/8755, time remaining: 1m 45s
[stdout] Rendered 8148/8755, time remaining: 1m 45s
[stdout] Rendered 8149/8755, time remaining: 1m 45s
[stdout] Rendered 8150/8755, time remaining: 1m 45s
[stdout] Rendered 8151/8755, time remaining: 1m 45s
[stdout] Rendered 8152/8755, time remaining: 1m 45s
[stdout] Rendered 8153/8755, time remaining: 1m 44s
[stdout] Rendered 8154/8755, time remaining: 1m 44s
[stdout] Rendered 8155/8755, time remaining: 1m 44s
[stdout] Rendered 8156/8755, time remaining: 1m 44s
[stdout] Rendered 8157/8755, time remaining: 1m 44s
[stdout] Rendered 8158/8755, time remaining: 1m 44s
[stdout] Rendered 8159/8755, time remaining: 1m 43s
[stdout] Rendered 8160/8755, time remaining: 1m 43s
[stdout] Rendered 8160/8755, time remaining: 1m 43s
[stdout] Rendered 8161/8755, time remaining: 1m 43s
[stdout] Rendered 8162/8755, time remaining: 1m 43s
[stdout] Rendered 8163/8755, time remaining: 1m 43s
[stdout] Rendered 8164/8755, time remaining: 1m 43s
[stdout] Rendered 8165/8755, time remaining: 1m 42s
[stdout] Rendered 8166/8755, time remaining: 1m 42s
[stdout] Rendered 8167/8755, time remaining: 1m 42s
[stdout] Rendered 8168/8755, time remaining: 1m 42s
[stdout] Rendered 8169/8755, time remaining: 1m 42s
[stdout] Rendered 8170/8755, time remaining: 1m 42s
[stdout] Rendered 8171/8755, time remaining: 1m 41s
[stdout] Rendered 8172/8755, time remaining: 1m 41s
[stdout] Rendered 8173/8755, time remaining: 1m 41s
[stdout] Rendered 8174/8755, time remaining: 1m 41s
[stdout] Rendered 8175/8755, time remaining: 1m 41s
[stdout] Rendered 8176/8755, time remaining: 1m 40s
[stdout] Rendered 8176/8755, time remaining: 1m 40s
[stdout] Rendered 8177/8755, time remaining: 1m 40s
[stdout] Rendered 8178/8755, time remaining: 1m 40s
[stdout] Rendered 8179/8755, time remaining: 1m 40s
[stdout] Rendered 8180/8755, time remaining: 1m 40s
[stdout] Rendered 8181/8755, time remaining: 1m 40s
[stdout] Rendered 8182/8755, time remaining: 1m 39s
[stdout] Rendered 8183/8755, time remaining: 1m 39s
[stdout] Rendered 8184/8755, time remaining: 1m 39s
[stdout] Rendered 8185/8755, time remaining: 1m 39s
[stdout] Rendered 8186/8755, time remaining: 1m 39s
[stdout] Rendered 8187/8755, time remaining: 1m 39s
[stdout] Rendered 8188/8755, time remaining: 1m 38s
[stdout] Rendered 8189/8755, time remaining: 1m 38s
[stdout] Rendered 8190/8755, time remaining: 1m 38s
[stdout] Rendered 8191/8755, time remaining: 1m 38s
[stdout] Rendered 8191/8755, time remaining: 1m 38s
[stdout] Rendered 8192/8755, time remaining: 1m 38s
[stdout] Rendered 8193/8755, time remaining: 1m 38s
[stdout] Rendered 8194/8755, time remaining: 1m 37s
[stdout] Rendered 8195/8755, time remaining: 1m 37s
[stdout] Rendered 8196/8755, time remaining: 1m 37s
[stdout] Rendered 8197/8755, time remaining: 1m 37s
[stdout] Rendered 8198/8755, time remaining: 1m 37s
[stdout] Rendered 8199/8755, time remaining: 1m 36s
[stdout] Rendered 8200/8755, time remaining: 1m 36s
[stdout] Rendered 8201/8755, time remaining: 1m 36s
[stdout] Rendered 8202/8755, time remaining: 1m 36s
[stdout] Rendered 8203/8755, time remaining: 1m 36s
[stdout] Rendered 8204/8755, time remaining: 1m 36s
[stdout] Rendered 8205/8755, time remaining: 1m 35s
[stdout] Rendered 8206/8755, time remaining: 1m 35s
[stdout] Rendered 8207/8755, time remaining: 1m 35s
[stdout] Rendered 8207/8755, time remaining: 1m 35s
[stdout] Rendered 8208/8755, time remaining: 1m 35s
[stdout] Rendered 8209/8755, time remaining: 1m 35s
[stdout] Rendered 8210/8755, time remaining: 1m 35s
[stdout] Rendered 8211/8755, time remaining: 1m 34s
[stdout] Rendered 8212/8755, time remaining: 1m 34s
[stdout] Rendered 8213/8755, time remaining: 1m 34s
[stdout] Rendered 8214/8755, time remaining: 1m 34s
[stdout] Rendered 8215/8755, time remaining: 1m 34s
[stdout] Rendered 8216/8755, time remaining: 1m 34s
[stdout] Rendered 8217/8755, time remaining: 1m 33s
[stdout] Rendered 8218/8755, time remaining: 1m 33s
[stdout] Rendered 8219/8755, time remaining: 1m 33s
[stdout] Rendered 8220/8755, time remaining: 1m 33s
[stdout] Rendered 8221/8755, time remaining: 1m 33s
[stdout] Rendered 8222/8755, time remaining: 1m 32s
[stdout] Rendered 8223/8755, time remaining: 1m 32s
[stdout] Rendered 8224/8755, time remaining: 1m 32s
[stdout] Rendered 8225/8755, time remaining: 1m 32s
[stdout] Rendered 8225/8755, time remaining: 1m 32s
[stdout] Rendered 8226/8755, time remaining: 1m 32s
[stdout] Rendered 8227/8755, time remaining: 1m 32s
[stdout] Rendered 8228/8755, time remaining: 1m 31s
[stdout] Rendered 8229/8755, time remaining: 1m 31s
[stdout] Rendered 8230/8755, time remaining: 1m 31s
[stdout] Rendered 8231/8755, time remaining: 1m 31s
[stdout] Rendered 8232/8755, time remaining: 1m 31s
[stdout] Rendered 8233/8755, time remaining: 1m 31s
[stdout] Rendered 8234/8755, time remaining: 1m 30s
[stdout] Rendered 8235/8755, time remaining: 1m 30s
[stdout] Rendered 8236/8755, time remaining: 1m 30s
[stdout] Rendered 8237/8755, time remaining: 1m 30s
[stdout] Rendered 8238/8755, time remaining: 1m 30s
[stdout] Rendered 8239/8755, time remaining: 1m 30s
[stdout] Rendered 8240/8755, time remaining: 1m 29s
[stdout] Rendered 8241/8755, time remaining: 1m 29s
[stdout] Rendered 8241/8755, time remaining: 1m 29s
[stdout] Rendered 8242/8755, time remaining: 1m 29s
[stdout] Rendered 8243/8755, time remaining: 1m 29s
[stdout] Rendered 8244/8755, time remaining: 1m 29s
[stdout] Rendered 8245/8755, time remaining: 1m 28s
[stdout] Rendered 8246/8755, time remaining: 1m 28s
[stdout] Rendered 8247/8755, time remaining: 1m 28s
[stdout] Rendered 8248/8755, time remaining: 1m 28s
[stdout] Rendered 8249/8755, time remaining: 1m 28s
[stdout] Rendered 8250/8755, time remaining: 1m 28s
[stdout] Rendered 8251/8755, time remaining: 1m 27s
[stdout] Rendered 8252/8755, time remaining: 1m 27s
[stdout] Rendered 8253/8755, time remaining: 1m 27s
[stdout] Rendered 8254/8755, time remaining: 1m 27s
[stdout] Rendered 8255/8755, time remaining: 1m 27s
[stdout] Rendered 8256/8755, time remaining: 1m 27s
[stdout] Rendered 8257/8755, time remaining: 1m 26s
[stdout] Rendered 8258/8755, time remaining: 1m 26s
[stdout] Rendered 8259/8755, time remaining: 1m 26s
[stdout] Rendered 8259/8755, time remaining: 1m 26s
[stdout] Rendered 8260/8755, time remaining: 1m 26s
[stdout] Rendered 8261/8755, time remaining: 1m 26s
[stdout] Rendered 8262/8755, time remaining: 1m 26s
[stdout] Rendered 8263/8755, time remaining: 1m 25s
[stdout] Rendered 8264/8755, time remaining: 1m 25s
[stdout] Rendered 8265/8755, time remaining: 1m 25s
[stdout] Rendered 8266/8755, time remaining: 1m 25s
[stdout] Rendered 8267/8755, time remaining: 1m 25s
[stdout] Rendered 8268/8755, time remaining: 1m 24s
[stdout] Rendered 8269/8755, time remaining: 1m 24s
[stdout] Rendered 8270/8755, time remaining: 1m 24s
[stdout] Rendered 8271/8755, time remaining: 1m 24s
[stdout] Rendered 8272/8755, time remaining: 1m 24s
[stdout] Rendered 8273/8755, time remaining: 1m 24s
[stdout] Rendered 8274/8755, time remaining: 1m 23s
[stdout] Rendered 8275/8755, time remaining: 1m 23s
[stdout] Rendered 8275/8755, time remaining: 1m 23s
[stdout] Rendered 8276/8755, time remaining: 1m 23s
[stdout] Rendered 8277/8755, time remaining: 1m 23s
[stdout] Rendered 8278/8755, time remaining: 1m 23s
[stdout] Rendered 8279/8755, time remaining: 1m 23s
[stdout] Rendered 8280/8755, time remaining: 1m 22s
[stdout] Rendered 8281/8755, time remaining: 1m 22s
[stdout] Rendered 8282/8755, time remaining: 1m 22s
[stdout] Rendered 8283/8755, time remaining: 1m 22s
[stdout] Rendered 8284/8755, time remaining: 1m 22s
[stdout] Rendered 8285/8755, time remaining: 1m 22s
[stdout] Rendered 8286/8755, time remaining: 1m 21s
[stdout] Rendered 8287/8755, time remaining: 1m 21s
[stdout] Rendered 8288/8755, time remaining: 1m 21s
[stdout] Rendered 8289/8755, time remaining: 1m 21s
[stdout] Rendered 8290/8755, time remaining: 1m 21s
[stdout] Rendered 8291/8755, time remaining: 1m 20s
[stdout] Rendered 8291/8755, time remaining: 1m 20s
[stdout] Rendered 8292/8755, time remaining: 1m 20s
[stdout] Rendered 8293/8755, time remaining: 1m 20s
[stdout] Rendered 8294/8755, time remaining: 1m 20s
[stdout] Rendered 8295/8755, time remaining: 1m 20s
[stdout] Rendered 8296/8755, time remaining: 1m 20s
[stdout] Rendered 8297/8755, time remaining: 1m 19s
[stdout] Rendered 8298/8755, time remaining: 1m 19s
[stdout] Rendered 8299/8755, time remaining: 1m 19s
[stdout] Rendered 8300/8755, time remaining: 1m 19s
[stdout] Rendered 8301/8755, time remaining: 1m 19s
[stdout] Rendered 8302/8755, time remaining: 1m 19s
[stdout] Rendered 8303/8755, time remaining: 1m 18s
[stdout] Rendered 8304/8755, time remaining: 1m 18s
[stdout] Rendered 8305/8755, time remaining: 1m 18s
[stdout] Rendered 8306/8755, time remaining: 1m 18s
[stdout] Rendered 8307/8755, time remaining: 1m 18s
[stdout] Rendered 8307/8755, time remaining: 1m 18s
[stdout] Rendered 8308/8755, time remaining: 1m 18s
[stdout] Rendered 8309/8755, time remaining: 1m 17s
[stdout] Rendered 8310/8755, time remaining: 1m 17s
[stdout] Rendered 8311/8755, time remaining: 1m 17s
[stdout] Rendered 8312/8755, time remaining: 1m 17s
[stdout] Rendered 8313/8755, time remaining: 1m 17s
[stdout] Rendered 8314/8755, time remaining: 1m 16s
[stdout] Rendered 8315/8755, time remaining: 1m 16s
[stdout] Rendered 8316/8755, time remaining: 1m 16s
[stdout] Rendered 8317/8755, time remaining: 1m 16s
[stdout] Rendered 8318/8755, time remaining: 1m 16s
[stdout] Rendered 8319/8755, time remaining: 1m 16s
[stdout] Rendered 8320/8755, time remaining: 1m 15s
[stdout] Rendered 8321/8755, time remaining: 1m 15s
[stdout] Rendered 8322/8755, time remaining: 1m 15s
[stdout] Rendered 8322/8755, time remaining: 1m 15s
[stdout] Rendered 8323/8755, time remaining: 1m 15s
[stdout] Rendered 8324/8755, time remaining: 1m 15s
[stdout] Rendered 8325/8755, time remaining: 1m 15s
[stdout] Rendered 8326/8755, time remaining: 1m 14s
[stdout] Rendered 8327/8755, time remaining: 1m 14s
[stdout] Rendered 8328/8755, time remaining: 1m 14s
[stdout] Rendered 8329/8755, time remaining: 1m 14s
[stdout] Rendered 8330/8755, time remaining: 1m 14s
[stdout] Rendered 8331/8755, time remaining: 1m 14s
[stdout] Rendered 8332/8755, time remaining: 1m 13s
[stdout] Rendered 8333/8755, time remaining: 1m 13s
[stdout] Rendered 8334/8755, time remaining: 1m 13s
[stdout] Rendered 8335/8755, time remaining: 1m 13s
[stdout] Rendered 8336/8755, time remaining: 1m 13s
[stdout] Rendered 8337/8755, time remaining: 1m 12s
[stdout] Rendered 8338/8755, time remaining: 1m 12s
[stdout] Rendered 8339/8755, time remaining: 1m 12s
[stdout] Rendered 8340/8755, time remaining: 1m 12s
[stdout] Rendered 8340/8755, time remaining: 1m 12s
[stdout] Rendered 8341/8755, time remaining: 1m 12s
[stdout] Rendered 8342/8755, time remaining: 1m 12s
[stdout] Rendered 8343/8755, time remaining: 1m 11s
[stdout] Rendered 8344/8755, time remaining: 1m 11s
[stdout] Rendered 8345/8755, time remaining: 1m 11s
[stdout] Rendered 8346/8755, time remaining: 1m 11s
[stdout] Rendered 8347/8755, time remaining: 1m 11s
[stdout] Rendered 8348/8755, time remaining: 1m 11s
[stdout] Rendered 8349/8755, time remaining: 1m 10s
[stdout] Rendered 8350/8755, time remaining: 1m 10s
[stdout] Rendered 8351/8755, time remaining: 1m 10s
[stdout] Rendered 8352/8755, time remaining: 1m 10s
[stdout] Rendered 8353/8755, time remaining: 1m 10s
[stdout] Rendered 8354/8755, time remaining: 1m 10s
[stdout] Rendered 8355/8755, time remaining: 1m 9s
[stdout] Rendered 8356/8755, time remaining: 1m 9s
[stdout] Rendered 8356/8755, time remaining: 1m 9s
[stdout] Rendered 8357/8755, time remaining: 1m 9s
[stdout] Rendered 8358/8755, time remaining: 1m 9s
[stdout] Rendered 8359/8755, time remaining: 1m 9s
[stdout] Rendered 8360/8755, time remaining: 1m 8s
[stdout] Rendered 8361/8755, time remaining: 1m 8s
[stdout] Rendered 8362/8755, time remaining: 1m 8s
[stdout] Rendered 8363/8755, time remaining: 1m 8s
[stdout] Rendered 8364/8755, time remaining: 1m 8s
[stdout] Rendered 8365/8755, time remaining: 1m 8s
[stdout] Rendered 8366/8755, time remaining: 1m 7s
[stdout] Rendered 8367/8755, time remaining: 1m 7s
[stdout] Rendered 8368/8755, time remaining: 1m 7s
[stdout] Rendered 8369/8755, time remaining: 1m 7s
[stdout] Rendered 8370/8755, time remaining: 1m 7s
[stdout] Rendered 8371/8755, time remaining: 1m 7s
[stdout] Rendered 8372/8755, time remaining: 1m 6s
[stdout] Rendered 8373/8755, time remaining: 1m 6s
[stdout] Rendered 8373/8755, time remaining: 1m 6s
[stdout] Rendered 8374/8755, time remaining: 1m 6s
[stdout] Rendered 8375/8755, time remaining: 1m 6s
[stdout] Rendered 8376/8755, time remaining: 1m 6s
[stdout] Rendered 8377/8755, time remaining: 1m 6s
[stdout] Rendered 8378/8755, time remaining: 1m 5s
[stdout] Rendered 8379/8755, time remaining: 1m 5s
[stdout] Rendered 8380/8755, time remaining: 1m 5s
[stdout] Rendered 8381/8755, time remaining: 1m 5s
[stdout] Rendered 8382/8755, time remaining: 1m 5s
[stdout] Rendered 8383/8755, time remaining: 1m 4s
[stdout] Rendered 8384/8755, time remaining: 1m 4s
[stdout] Rendered 8385/8755, time remaining: 1m 4s
[stdout] Rendered 8386/8755, time remaining: 1m 4s
[stdout] Rendered 8387/8755, time remaining: 1m 4s
[stdout] Rendered 8388/8755, time remaining: 1m 4s
[stdout] Rendered 8389/8755, time remaining: 1m 3s
[stdout] Rendered 8389/8755, time remaining: 1m 3s
[stdout] Rendered 8390/8755, time remaining: 1m 3s
[stdout] Rendered 8391/8755, time remaining: 1m 3s
[stdout] Rendered 8392/8755, time remaining: 1m 3s
[stdout] Rendered 8393/8755, time remaining: 1m 3s
[stdout] Rendered 8394/8755, time remaining: 1m 3s
[stdout] Rendered 8395/8755, time remaining: 1m 2s
[stdout] Rendered 8396/8755, time remaining: 1m 2s
[stdout] Rendered 8397/8755, time remaining: 1m 2s
[stdout] Rendered 8398/8755, time remaining: 1m 2s
[stdout] Rendered 8399/8755, time remaining: 1m 2s
[stdout] Rendered 8400/8755, time remaining: 1m 2s
[stdout] Rendered 8401/8755, time remaining: 1m 1s
[stdout] Rendered 8402/8755, time remaining: 1m 1s
[stdout] Rendered 8403/8755, time remaining: 1m 1s
[stdout] Rendered 8404/8755, time remaining: 1m 1s
[stdout] Rendered 8405/8755, time remaining: 1m 1s
[stdout] Rendered 8405/8755, time remaining: 1m 1s
[stdout] Rendered 8406/8755, time remaining: 1m 0s
[stdout] Rendered 8407/8755, time remaining: 1m 0s
[stdout] Rendered 8408/8755, time remaining: 1m 0s
[stdout] Rendered 8409/8755, time remaining: 1m 0s
[stdout] Rendered 8410/8755, time remaining: 1m 0s
[stdout] Rendered 8411/8755, time remaining: 1m 0s
[stdout] Rendered 8412/8755, time remaining: 59s
[stdout] Rendered 8413/8755, time remaining: 59s
[stdout] Rendered 8414/8755, time remaining: 59s
[stdout] Rendered 8415/8755, time remaining: 59s
[stdout] Rendered 8416/8755, time remaining: 59s
[stdout] Rendered 8417/8755, time remaining: 59s
[stdout] Rendered 8418/8755, time remaining: 58s
[stdout] Rendered 8419/8755, time remaining: 58s
[stdout] Rendered 8420/8755, time remaining: 58s
[stdout] Rendered 8421/8755, time remaining: 58s
[stdout] Rendered 8421/8755, time remaining: 58s
[stdout] Rendered 8422/8755, time remaining: 58s
[stdout] Rendered 8423/8755, time remaining: 57s
[stdout] Rendered 8424/8755, time remaining: 57s
[stdout] Rendered 8425/8755, time remaining: 57s
[stdout] Rendered 8426/8755, time remaining: 57s
[stdout] Rendered 8427/8755, time remaining: 57s
[stdout] Rendered 8428/8755, time remaining: 57s
[stdout] Rendered 8429/8755, time remaining: 56s
[stdout] Rendered 8430/8755, time remaining: 56s
[stdout] Rendered 8431/8755, time remaining: 56s
[stdout] Rendered 8432/8755, time remaining: 56s
[stdout] Rendered 8433/8755, time remaining: 56s
[stdout] Rendered 8434/8755, time remaining: 56s
[stdout] Rendered 8435/8755, time remaining: 55s
[stdout] Rendered 8436/8755, time remaining: 55s
[stdout] Rendered 8437/8755, time remaining: 55s
[stdout] Rendered 8437/8755, time remaining: 55s
[stdout] Rendered 8438/8755, time remaining: 55s
[stdout] Rendered 8439/8755, time remaining: 55s
[stdout] Rendered 8440/8755, time remaining: 55s
[stdout] Rendered 8441/8755, time remaining: 54s
[stdout] Rendered 8442/8755, time remaining: 54s
[stdout] Rendered 8443/8755, time remaining: 54s
[stdout] Rendered 8444/8755, time remaining: 54s
[stdout] Rendered 8445/8755, time remaining: 54s
[stdout] Rendered 8446/8755, time remaining: 53s
[stdout] Rendered 8447/8755, time remaining: 53s
[stdout] Rendered 8448/8755, time remaining: 53s
[stdout] Rendered 8449/8755, time remaining: 53s
[stdout] Rendered 8450/8755, time remaining: 53s
[stdout] Rendered 8451/8755, time remaining: 53s
[stdout] Rendered 8452/8755, time remaining: 52s
[stdout] Rendered 8453/8755, time remaining: 52s
[stdout] Rendered 8454/8755, time remaining: 52s
[stdout] Rendered 8455/8755, time remaining: 52s
[stdout] Rendered 8455/8755, time remaining: 52s
[stdout] Rendered 8456/8755, time remaining: 52s
[stdout] Rendered 8457/8755, time remaining: 52s
[stdout] Rendered 8458/8755, time remaining: 51s
[stdout] Rendered 8459/8755, time remaining: 51s
[stdout] Rendered 8460/8755, time remaining: 51s
[stdout] Rendered 8461/8755, time remaining: 51s
[stdout] Rendered 8462/8755, time remaining: 51s
[stdout] Rendered 8463/8755, time remaining: 51s
[stdout] Rendered 8464/8755, time remaining: 50s
[stdout] Rendered 8465/8755, time remaining: 50s
[stdout] Rendered 8466/8755, time remaining: 50s
[stdout] Rendered 8467/8755, time remaining: 50s
[stdout] Rendered 8468/8755, time remaining: 50s
[stdout] Rendered 8469/8755, time remaining: 49s
[stdout] Rendered 8470/8755, time remaining: 49s
[stdout] Rendered 8471/8755, time remaining: 49s
[stdout] Rendered 8472/8755, time remaining: 49s
[stdout] Rendered 8472/8755, time remaining: 49s
[stdout] Rendered 8473/8755, time remaining: 49s
[stdout] Rendered 8474/8755, time remaining: 49s
[stdout] Rendered 8475/8755, time remaining: 48s
[stdout] Rendered 8476/8755, time remaining: 48s
[stdout] Rendered 8477/8755, time remaining: 48s
[stdout] Rendered 8478/8755, time remaining: 48s
[stdout] Rendered 8479/8755, time remaining: 48s
[stdout] Rendered 8480/8755, time remaining: 48s
[stdout] Rendered 8481/8755, time remaining: 47s
[stdout] Rendered 8482/8755, time remaining: 47s
[stdout] Rendered 8483/8755, time remaining: 47s
[stdout] Rendered 8484/8755, time remaining: 47s
[stdout] Rendered 8485/8755, time remaining: 47s
[stdout] Rendered 8486/8755, time remaining: 47s
[stdout] Rendered 8487/8755, time remaining: 46s
[stdout] Rendered 8487/8755, time remaining: 46s
[stdout] Rendered 8488/8755, time remaining: 46s
[stdout] Rendered 8489/8755, time remaining: 46s
[stdout] Rendered 8490/8755, time remaining: 46s
[stdout] Rendered 8491/8755, time remaining: 46s
[stdout] Rendered 8492/8755, time remaining: 45s
[stdout] Rendered 8493/8755, time remaining: 45s
[stdout] Rendered 8494/8755, time remaining: 45s
[stdout] Rendered 8495/8755, time remaining: 45s
[stdout] Rendered 8496/8755, time remaining: 45s
[stdout] Rendered 8497/8755, time remaining: 45s
[stdout] Rendered 8498/8755, time remaining: 44s
[stdout] Rendered 8499/8755, time remaining: 44s
[stdout] Rendered 8500/8755, time remaining: 44s
[stdout] Rendered 8501/8755, time remaining: 44s
[stdout] Rendered 8502/8755, time remaining: 44s
[stdout] Rendered 8503/8755, time remaining: 44s
[stdout] Rendered 8504/8755, time remaining: 43s
[stdout] Rendered 8505/8755, time remaining: 43s
[stdout] Rendered 8505/8755, time remaining: 43s
[stdout] Rendered 8506/8755, time remaining: 43s
[stdout] Rendered 8507/8755, time remaining: 43s
[stdout] Rendered 8508/8755, time remaining: 43s
[stdout] Rendered 8509/8755, time remaining: 42s
[stdout] Rendered 8510/8755, time remaining: 42s
[stdout] Rendered 8511/8755, time remaining: 42s
[stdout] Rendered 8512/8755, time remaining: 42s
[stdout] Rendered 8513/8755, time remaining: 42s
[stdout] Rendered 8514/8755, time remaining: 42s
[stdout] Rendered 8515/8755, time remaining: 41s
[stdout] Rendered 8516/8755, time remaining: 41s
[stdout] Rendered 8517/8755, time remaining: 41s
[stdout] Rendered 8518/8755, time remaining: 41s
[stdout] Rendered 8519/8755, time remaining: 41s
[stdout] Rendered 8520/8755, time remaining: 41s
[stdout] Rendered 8521/8755, time remaining: 40s
[stdout] Rendered 8521/8755, time remaining: 40s
[stdout] Rendered 8522/8755, time remaining: 40s
[stdout] Rendered 8523/8755, time remaining: 40s
[stdout] Rendered 8524/8755, time remaining: 40s
[stdout] Rendered 8525/8755, time remaining: 40s
[stdout] Rendered 8526/8755, time remaining: 40s
[stdout] Rendered 8527/8755, time remaining: 39s
[stdout] Rendered 8528/8755, time remaining: 39s
[stdout] Rendered 8529/8755, time remaining: 39s
[stdout] Rendered 8530/8755, time remaining: 39s
[stdout] Rendered 8531/8755, time remaining: 39s
[stdout] Rendered 8532/8755, time remaining: 38s
[stdout] Rendered 8533/8755, time remaining: 38s
[stdout] Rendered 8534/8755, time remaining: 38s
[stdout] Rendered 8535/8755, time remaining: 38s
[stdout] Rendered 8536/8755, time remaining: 38s
[stdout] Rendered 8537/8755, time remaining: 38s
[stdout] Rendered 8538/8755, time remaining: 37s
[stdout] Rendered 8538/8755, time remaining: 37s
[stdout] Rendered 8539/8755, time remaining: 37s
[stdout] Rendered 8540/8755, time remaining: 37s
[stdout] Rendered 8541/8755, time remaining: 37s
[stdout] Rendered 8542/8755, time remaining: 37s
[stdout] Rendered 8543/8755, time remaining: 37s
[stdout] Rendered 8544/8755, time remaining: 36s
[stdout] Rendered 8545/8755, time remaining: 36s
[stdout] Rendered 8546/8755, time remaining: 36s
[stdout] Rendered 8547/8755, time remaining: 36s
[stdout] Rendered 8548/8755, time remaining: 36s
[stdout] Rendered 8549/8755, time remaining: 36s
[stdout] Rendered 8550/8755, time remaining: 35s
[stdout] Rendered 8551/8755, time remaining: 35s
[stdout] Rendered 8552/8755, time remaining: 35s
[stdout] Rendered 8553/8755, time remaining: 35s
[stdout] Rendered 8554/8755, time remaining: 35s
[stdout] Rendered 8555/8755, time remaining: 34s
[stdout] Rendered 8555/8755, time remaining: 34s
[stdout] Rendered 8556/8755, time remaining: 34s
[stdout] Rendered 8557/8755, time remaining: 34s
[stdout] Rendered 8558/8755, time remaining: 34s
[stdout] Rendered 8559/8755, time remaining: 34s
[stdout] Rendered 8560/8755, time remaining: 34s
[stdout] Rendered 8561/8755, time remaining: 33s
[stdout] Rendered 8562/8755, time remaining: 33s
[stdout] Rendered 8563/8755, time remaining: 33s
[stdout] Rendered 8564/8755, time remaining: 33s
[stdout] Rendered 8565/8755, time remaining: 33s
[stdout] Rendered 8566/8755, time remaining: 33s
[stdout] Rendered 8567/8755, time remaining: 32s
[stdout] Rendered 8568/8755, time remaining: 32s
[stdout] Rendered 8569/8755, time remaining: 32s
[stdout] Rendered 8570/8755, time remaining: 32s
[stdout] Rendered 8570/8755, time remaining: 32s
[stdout] Rendered 8571/8755, time remaining: 32s
[stdout] Rendered 8572/8755, time remaining: 31s
[stdout] Rendered 8573/8755, time remaining: 31s
[stdout] Rendered 8574/8755, time remaining: 31s
[stdout] Rendered 8575/8755, time remaining: 31s
[stdout] Rendered 8576/8755, time remaining: 31s
[stdout] Rendered 8577/8755, time remaining: 31s
[stdout] Rendered 8578/8755, time remaining: 30s
[stdout] Rendered 8579/8755, time remaining: 30s
[stdout] Rendered 8580/8755, time remaining: 30s
[stdout] Rendered 8581/8755, time remaining: 30s
[stdout] Rendered 8582/8755, time remaining: 30s
[stdout] Rendered 8583/8755, time remaining: 30s
[stdout] Rendered 8584/8755, time remaining: 29s
[stdout] Rendered 8584/8755, time remaining: 29s
[stdout] Rendered 8585/8755, time remaining: 29s
[stdout] Rendered 8586/8755, time remaining: 29s
[stdout] Rendered 8587/8755, time remaining: 29s
[stdout] Rendered 8588/8755, time remaining: 29s
[stdout] Rendered 8589/8755, time remaining: 29s
[stdout] Rendered 8590/8755, time remaining: 28s
[stdout] Rendered 8591/8755, time remaining: 28s
[stdout] Rendered 8592/8755, time remaining: 28s
[stdout] Rendered 8593/8755, time remaining: 28s
[stdout] Rendered 8594/8755, time remaining: 28s
[stdout] Rendered 8595/8755, time remaining: 27s
[stdout] Rendered 8596/8755, time remaining: 27s
[stdout] Rendered 8597/8755, time remaining: 27s
[stdout] Rendered 8598/8755, time remaining: 27s
[stdout] Rendered 8599/8755, time remaining: 27s
[stdout] Rendered 8600/8755, time remaining: 27s
[stdout] Rendered 8600/8755, time remaining: 27s
[stdout] Rendered 8601/8755, time remaining: 26s
[stdout] Rendered 8602/8755, time remaining: 26s
[stdout] Rendered 8603/8755, time remaining: 26s
[stdout] Rendered 8604/8755, time remaining: 26s
[stdout] Rendered 8605/8755, time remaining: 26s
[stdout] Rendered 8606/8755, time remaining: 26s
[stdout] Rendered 8607/8755, time remaining: 25s
[stdout] Rendered 8608/8755, time remaining: 25s
[stdout] Rendered 8609/8755, time remaining: 25s
[stdout] Rendered 8610/8755, time remaining: 25s
[stdout] Rendered 8611/8755, time remaining: 25s
[stdout] Rendered 8612/8755, time remaining: 25s
[stdout] Rendered 8613/8755, time remaining: 24s
[stdout] Rendered 8614/8755, time remaining: 24s
[stdout] Rendered 8615/8755, time remaining: 24s
[stdout] Rendered 8616/8755, time remaining: 24s
[stdout] Rendered 8616/8755, time remaining: 24s
[stdout] Rendered 8617/8755, time remaining: 24s
[stdout] Rendered 8618/8755, time remaining: 23s
[stdout] Rendered 8619/8755, time remaining: 23s
[stdout] Rendered 8620/8755, time remaining: 23s
[stdout] Rendered 8621/8755, time remaining: 23s
[stdout] Rendered 8622/8755, time remaining: 23s
[stdout] Rendered 8623/8755, time remaining: 23s
[stdout] Rendered 8624/8755, time remaining: 22s
[stdout] Rendered 8625/8755, time remaining: 22s
[stdout] Rendered 8626/8755, time remaining: 22s
[stdout] Rendered 8627/8755, time remaining: 22s
[stdout] Rendered 8628/8755, time remaining: 22s
[stdout] Rendered 8629/8755, time remaining: 22s
[stdout] Rendered 8630/8755, time remaining: 21s
[stdout] Rendered 8631/8755, time remaining: 21s
[stdout] Rendered 8632/8755, time remaining: 21s
[stdout] Rendered 8632/8755, time remaining: 21s
[stdout] Rendered 8633/8755, time remaining: 21s
[stdout] Rendered 8634/8755, time remaining: 21s
[stdout] Rendered 8635/8755, time remaining: 20s
[stdout] Rendered 8636/8755, time remaining: 20s
[stdout] Rendered 8637/8755, time remaining: 20s
[stdout] Rendered 8638/8755, time remaining: 20s
[stdout] Rendered 8639/8755, time remaining: 20s
[stdout] Rendered 8640/8755, time remaining: 20s
[stdout] Rendered 8641/8755, time remaining: 19s
[stdout] Rendered 8642/8755, time remaining: 19s
[stdout] Rendered 8643/8755, time remaining: 19s
[stdout] Rendered 8644/8755, time remaining: 19s
[stdout] Rendered 8645/8755, time remaining: 19s
[stdout] Rendered 8646/8755, time remaining: 19s
[stdout] Rendered 8647/8755, time remaining: 18s
[stdout] Rendered 8648/8755, time remaining: 18s
[stdout] Rendered 8649/8755, time remaining: 18s
[stdout] Rendered 8649/8755, time remaining: 18s
[stdout] Rendered 8650/8755, time remaining: 18s
[stdout] Rendered 8651/8755, time remaining: 18s
[stdout] Rendered 8652/8755, time remaining: 18s
[stdout] Rendered 8653/8755, time remaining: 17s
[stdout] Rendered 8654/8755, time remaining: 17s
[stdout] Rendered 8655/8755, time remaining: 17s
[stdout] Rendered 8656/8755, time remaining: 17s
[stdout] Rendered 8657/8755, time remaining: 17s
[stdout] Rendered 8658/8755, time remaining: 16s
[stdout] Rendered 8659/8755, time remaining: 16s
[stdout] Rendered 8660/8755, time remaining: 16s
[stdout] Rendered 8661/8755, time remaining: 16s
[stdout] Rendered 8662/8755, time remaining: 16s
[stdout] Rendered 8663/8755, time remaining: 16s
[stdout] Rendered 8664/8755, time remaining: 15s
[stdout] Rendered 8665/8755, time remaining: 15s
[stdout] Rendered 8666/8755, time remaining: 15s
[stdout] Rendered 8666/8755, time remaining: 15s
[stdout] Rendered 8667/8755, time remaining: 15s
[stdout] Rendered 8668/8755, time remaining: 15s
[stdout] Rendered 8669/8755, time remaining: 15s
[stdout] Rendered 8670/8755, time remaining: 14s
[stdout] Rendered 8671/8755, time remaining: 14s
[stdout] Rendered 8672/8755, time remaining: 14s
[stdout] Rendered 8673/8755, time remaining: 14s
[stdout] Rendered 8674/8755, time remaining: 14s
[stdout] Rendered 8675/8755, time remaining: 13s
[stdout] Rendered 8676/8755, time remaining: 13s
[stdout] Rendered 8677/8755, time remaining: 13s
[stdout] Rendered 8678/8755, time remaining: 13s
[stdout] Rendered 8679/8755, time remaining: 13s
[stdout] Rendered 8680/8755, time remaining: 13s
[stdout] Rendered 8681/8755, time remaining: 12s
[stdout] Rendered 8682/8755, time remaining: 12s
[stdout] Rendered 8683/8755, time remaining: 12s
[stdout] Rendered 8683/8755, time remaining: 12s
[stdout] Rendered 8684/8755, time remaining: 12s
[stdout] Rendered 8685/8755, time remaining: 12s
[stdout] Rendered 8686/8755, time remaining: 12s
[stdout] Rendered 8687/8755, time remaining: 11s
[stdout] Rendered 8688/8755, time remaining: 11s
[stdout] Rendered 8689/8755, time remaining: 11s
[stdout] Rendered 8690/8755, time remaining: 11s
[stdout] Rendered 8691/8755, time remaining: 11s
[stdout] Rendered 8692/8755, time remaining: 11s
[stdout] Rendered 8693/8755, time remaining: 10s
[stdout] Rendered 8694/8755, time remaining: 10s
[stdout] Rendered 8695/8755, time remaining: 10s
[stdout] Rendered 8696/8755, time remaining: 10s
[stdout] Rendered 8697/8755, time remaining: 10s
[stdout] Rendered 8698/8755, time remaining: 9s
[stdout] Rendered 8699/8755, time remaining: 9s
[stdout] Rendered 8700/8755, time remaining: 9s
[stdout] Rendered 8700/8755, time remaining: 9s
[stdout] Rendered 8701/8755, time remaining: 9s
[stdout] Rendered 8702/8755, time remaining: 9s
[stdout] Rendered 8703/8755, time remaining: 9s
[stdout] Rendered 8704/8755, time remaining: 8s
[stdout] Rendered 8705/8755, time remaining: 8s
[stdout] Rendered 8706/8755, time remaining: 8s
[stdout] Rendered 8707/8755, time remaining: 8s
[stdout] Rendered 8708/8755, time remaining: 8s
[stdout] Rendered 8709/8755, time remaining: 8s
[stdout] Rendered 8710/8755, time remaining: 7s
[stdout] Rendered 8711/8755, time remaining: 7s
[stdout] Rendered 8712/8755, time remaining: 7s
[stdout] Rendered 8713/8755, time remaining: 7s
[stdout] Rendered 8714/8755, time remaining: 7s
[stdout] Rendered 8715/8755, time remaining: 7s
[stdout] Rendered 8716/8755, time remaining: 6s
[stdout] Rendered 8716/8755, time remaining: 6s
[stdout] Rendered 8717/8755, time remaining: 6s
[stdout] Rendered 8718/8755, time remaining: 6s
[stdout] Rendered 8719/8755, time remaining: 6s
[stdout] Rendered 8720/8755, time remaining: 6s
[stdout] Rendered 8721/8755, time remaining: 5s
[stdout] Rendered 8722/8755, time remaining: 5s
[stdout] Rendered 8723/8755, time remaining: 5s
[stdout] Rendered 8724/8755, time remaining: 5s
[stdout] Rendered 8725/8755, time remaining: 5s
[stdout] Rendered 8726/8755, time remaining: 5s
[stdout] Rendered 8727/8755, time remaining: 4s
[stdout] Rendered 8728/8755, time remaining: 4s
[stdout] Rendered 8729/8755, time remaining: 4s
[stdout] Rendered 8730/8755, time remaining: 4s
[stdout] Rendered 8731/8755, time remaining: 4s
[stdout] Rendered 8732/8755, time remaining: 4s
[stdout] Rendered 8733/8755, time remaining: 3s
[stdout] Rendered 8733/8755, time remaining: 3s
[stdout] Rendered 8734/8755, time remaining: 3s
[stdout] Rendered 8735/8755, time remaining: 3s
[stdout] Rendered 8736/8755, time remaining: 3s
[stdout] Rendered 8737/8755, time remaining: 3s
[stdout] Rendered 8738/8755, time remaining: 2s
[stdout] Rendered 8739/8755, time remaining: 2s
[stdout] Rendered 8740/8755, time remaining: 2s
[stdout] Rendered 8741/8755, time remaining: 2s
[stdout] Rendered 8742/8755, time remaining: 2s
[stdout] Rendered 8743/8755, time remaining: 2s
[stdout] Rendered 8744/8755, time remaining: 1s
[stdout] Rendered 8745/8755, time remaining: 1s
[stdout] Rendered 8746/8755, time remaining: 1s
[stdout] Rendered 8746/8755, time remaining: 1s
[stdout] Rendered 8747/8755, time remaining: 1s
[stdout] Rendered 8748/8755, time remaining: 1s
[stdout] Rendered 8749/8755, time remaining: 1s
[stdout] Rendered 8750/8755, time remaining: 0s
[stdout] Rendered 8751/8755, time remaining: 0s
[stdout] Rendered 8752/8755, time remaining: 0s
[stdout] Rendered 8753/8755, time remaining: 0s
[stdout] Rendered 8754/8755, time remaining: 0s
[stdout] Stitched 6946/8755
[stdout] Stitched 6993/8755
[stdout] Stitched 7004/8755
[stdout] Stitched 8755/8755
[stdout] +                    /Users/johndoe/Documents/company/video_ops/scripts/abstract_algebra_in_proof_assistant/sets-v2-04-set-equality/takes/take-mrhmharr/pipeline/composite/composite-mritwa30/sets-v2-04-set-equality-outdoor-landscape.mp4 93.1 MB
[stdout] [render-outdoor] restored canonical animation.json
[stdout] [render-outdoor] done
[2026-07-13T06:24:18.392Z] exit 0
[2026-07-13T06:24:18.393Z] Composite renders complete
[2026-07-13T06:24:18.393Z] composite complete
