# stage-run 2026-07-12T14:22:44.069Z
jobId=job-take-mrhmharr
scriptId=04-set-equality
takeId=take-mrhmharr
stage=cut
runId=cut-mrhvutes

[2026-07-12T14:22:44.069Z] Starting cut
[2026-07-12T14:22:44.070Z] Preparing cut inputs
[2026-07-12T14:22:44.070Z] Transcribing speech and detecting bad takes
[2026-07-12T14:22:44.070Z] $ deno run --allow-all /Users/johndoe/Documents/company/video_ops/outdoor_post/main.ts ai-edit --video /Users/johndoe/Documents/company/video_ops/scripts/abstract_algebra_in_proof_assistant/04-set-equality/takes/take-mrhmharr/source.mp4 --script /Users/johndoe/Documents/company/video_ops/scripts/abstract_algebra_in_proof_assistant/04-set-equality/export/04-set-equality-outdoor-script.json --take /Users/johndoe/Documents/company/video_ops/scripts/abstract_algebra_in_proof_assistant/04-set-equality/takes/take-mrhmharr/take.json --out-dir /Users/johndoe/Documents/company/video_ops/scripts/abstract_algebra_in_proof_assistant/04-set-equality/takes/take-mrhmharr/pipeline/cut/cut-mrhvutes
[stderr] ffmpeg version 7.1 Copyright (c) 2000-2024 the FFmpeg developers
[stderr]   built with Apple clang version 15.0.0 (clang-1500.1.0.2.5)
[stderr]   configuration: --prefix=/opt/homebrew/Cellar/ffmpeg/7.1_3 --enable-shared --enable-pthreads --enable-version3 --cc=clang --host-cflags= --host-ldflags='-Wl,-ld_classic' --enable-ffplay --enable-gnutls --enable-gpl --enable-libaom --enable-libaribb24 --enable-libbluray --enable-libdav1d --enable-libharfbuzz --enable-libjxl --enable-libmp3lame --enable-libopus --enable-librav1e --enable-librist --enable-librubberband --enable-libsnappy --enable-libsrt --enable-libssh --enable-libsvtav1 --enable-libtesseract --enable-libtheora --enable-libvidstab --enable-libvmaf --enable-libvorbis --enable-libvpx --enable-libwebp --enable-libx264 --enable-libx265 --enable-libxml2 --enable-libxvid --enable-lzma --enable-libfontconfig --enable-libfreetype --enable-frei0r --enable-libass --enable-libopencore-amrnb --enable-libopencore-amrwb --enable-libopenjpeg --enable-libspeex --enable-libsoxr --enable-libzmq --enable-libzimg --disable-libjack --disable-indev=jack --enable-videotoolbox --enable-audiotoolbox --enable-neon
[stderr]   libavutil      59. 39.100 / 59. 39.100
[stderr]   libavcodec     61. 19.100 / 61. 19.100
[stderr]   libavformat    61.  7.100 / 61.  7.100
[stderr]   libavdevice    61.  3.100 / 61.  3.100
[stderr]   libavfilter    10.  4.100 / 10.  4.100
[stderr]   libswscale      8.  3.100 /  8.  3.100
[stderr]   libswresample   5.  3.100 /  5.  3.100
[stderr]   libpostproc    58.  3.100 / 58.  3.100
[stderr] Input #0, mov,mp4,m4a,3gp,3g2,mj2, from '/Users/johndoe/Documents/company/video_ops/scripts/abstract_algebra_in_proof_assistant/04-set-equality/takes/take-mrhmharr/source.mp4':
[stderr]   Metadata:
[stderr]     major_brand     : qt  
[stderr]     minor_version   : 0
[stderr]     compatible_brands: qt  
[stderr]     creation_time   : 2026-07-12T09:54:07.000000Z
[stderr]   Duration: 00:06:08.94, start: 0.000000, bitrate: 2946 kb/s
[stderr]   Stream #0:0[0x1](und): Video: hevc (Main) (hvc1 / 0x31637668), yuv420p(tv, smpte170m/bt709/bt709), 640x480, 2834 kb/s, 29.95 fps, 29.83 tbr, 600 tbn (default)
[stderr]       Metadata:
[stderr]         creation_time   : 2026-07-12T09:54:07.000000Z
[stderr]         handler_name    : Core Media Video
[stderr]         vendor_id       : [0][0][0][0]
[stderr]         encoder         : HEVC
[stderr]       Side data:
[stderr]         displaymatrix: rotation of -180.00 degrees
[stderr]   Stream #0:1[0x2](und): Audio: aac (LC) (mp4a / 0x6134706D), 48000 Hz, mono, fltp, 100 kb/s (default)
[stderr]       Metadata:
[stderr]         creation_time   : 2026-07-12T09:54:07.000000Z
[stderr]         handler_name    : Core Media Audio
[stderr]         vendor_id       : [0][0][0][0]
[stderr]   Stream #0:2[0x3](und): Data: none (mebx / 0x7862656D) (default)
[stderr]       Metadata:
[stderr]         creation_time   : 2026-07-12T09:54:07.000000Z
[stderr]         handler_name    : Core Media Metadata
[stderr] Stream mapping:
[stderr]   Stream #0:1 -> #0:0 (aac (native) -> pcm_s16le (native))
[stderr] Press [q] to stop, [?] for help
[stderr] Output #0, wav, to '/Users/johndoe/Documents/company/video_ops/scripts/abstract_algebra_in_proof_assistant/04-set-equality/takes/take-mrhmharr/pipeline/cut/cut-mrhvutes/audio.wav':
[stderr]   Metadata:
[stderr]     major_brand     : qt  
[stderr]     minor_version   : 0
[stderr]     compatible_brands: qt  
[stderr]     ISFT            : Lavf61.7.100
[stderr]   Stream #0:0(und): Audio: pcm_s16le ([1][0][0][0] / 0x0001), 16000 Hz, mono, s16, 256 kb/s (default)
[stderr]       Metadata:
[stderr]         creation_time   : 2026-07-12T09:54:07.000000Z
[stderr]         handler_name    : Core Media Audio
[stderr]         vendor_id       : [0][0][0][0]
[stderr]         encoder         : Lavc61.19.100 pcm_s16le
[stderr] size=   10496KiB time=00:05:38.72 bitrate= 253.8kbits/s speed= 677x    
[stderr] [out#0/wav @ 0x110e04590] video:0KiB audio:11529KiB subtitle:0KiB other streams:0KiB global headers:0KiB muxing overhead: 0.000661%
[stderr] size=   11529KiB time=00:06:08.93 bitrate= 256.0kbits/s speed= 635x    
[stderr] ffmpeg version 7.1 Copyright (c) 2000-2024 the FFmpeg developers
[stderr]   built with Apple clang version 15.0.0 (clang-1500.1.0.2.5)
[stderr]   configuration: --prefix=/opt/homebrew/Cellar/ffmpeg/7.1_3 --enable-shared --enable-pthreads --enable-version3 --cc=clang --host-cflags= --host-ldflags='-Wl,-ld_classic' --enable-ffplay --enable-gnutls --enable-gpl --enable-libaom --enable-libaribb24 --enable-libbluray --enable-libdav1d --enable-libharfbuzz --enable-libjxl --enable-libmp3lame --enable-libopus --enable-librav1e --enable-librist --enable-librubberband --enable-libsnappy --enable-libsrt --enable-libssh --enable-libsvtav1 --enable-libtesseract --enable-libtheora --enable-libvidstab --enable-libvmaf --enable-libvorbis --enable-libvpx --enable-libwebp --enable-libx264 --enable-libx265 --enable-libxml2 --enable-libxvid --enable-lzma --enable-libfontconfig --enable-libfreetype --enable-frei0r --enable-libass --enable-libopencore-amrnb --enable-libopencore-amrwb --enable-libopenjpeg --enable-libspeex --enable-libsoxr --enable-libzmq --enable-libzimg --disable-libjack --disable-indev=jack --enable-videotoolbox --enable-audiotoolbox --enable-neon
[stderr]   libavutil      59. 39.100 / 59. 39.100
[stderr]   libavcodec     61. 19.100 / 61. 19.100
[stderr]   libavformat    61.  7.100 / 61.  7.100
[stderr]   libavdevice    61.  3.100 / 61.  3.100
[stderr]   libavfilter    10.  4.100 / 10.  4.100
[stderr]   libswscale      8.  3.100 /  8.  3.100
[stderr]   libswresample   5.  3.100 /  5.  3.100
[stderr]   libpostproc    58.  3.100 / 58.  3.100
[stderr] Input #0, mov,mp4,m4a,3gp,3g2,mj2, from '/Users/johndoe/Documents/company/video_ops/scripts/abstract_algebra_in_proof_assistant/04-set-equality/takes/take-mrhmharr/source.mp4':
[stderr]   Metadata:
[stderr]     major_brand     : qt  
[stderr]     minor_version   : 0
[stderr]     compatible_brands: qt  
[stderr]     creation_time   : 2026-07-12T09:54:07.000000Z
[stderr]   Duration: 00:06:08.94, start: 0.000000, bitrate: 2946 kb/s
[stderr]   Stream #0:0[0x1](und): Video: hevc (Main) (hvc1 / 0x31637668), yuv420p(tv, smpte170m/bt709/bt709), 640x480, 2834 kb/s, 29.95 fps, 29.83 tbr, 600 tbn (default)
[stderr]       Metadata:
[stderr]         creation_time   : 2026-07-12T09:54:07.000000Z
[stderr]         handler_name    : Core Media Video
[stderr]         vendor_id       : [0][0][0][0]
[stderr]         encoder         : HEVC
[stderr]       Side data:
[stderr]         displaymatrix: rotation of -180.00 degrees
[stderr]   Stream #0:1[0x2](und): Audio: aac (LC) (mp4a / 0x6134706D), 48000 Hz, mono, fltp, 100 kb/s (default)
[stderr]       Metadata:
[stderr]         creation_time   : 2026-07-12T09:54:07.000000Z
[stderr]         handler_name    : Core Media Audio
[stderr]         vendor_id       : [0][0][0][0]
[stderr]   Stream #0:2[0x3](und): Data: none (mebx / 0x7862656D) (default)
[stderr]       Metadata:
[stderr]         creation_time   : 2026-07-12T09:54:07.000000Z
[stderr]         handler_name    : Core Media Metadata
[stderr] Stream mapping:
[stderr]   Stream #0:0 -> #0:0 (hevc (native) -> h264 (libx264))
[stderr]   Stream #0:1 -> #0:1 (aac (native) -> aac (native))
[stderr] Press [q] to stop, [?] for help
[stderr] [libx264 @ 0x116707130] using cpu capabilities: ARMv8 NEON
[stderr] [libx264 @ 0x116707130] profile High, level 3.0, 4:2:0, 8-bit
[stderr] [libx264 @ 0x116707130] 264 - core 164 r3108 31e19f9 - H.264/MPEG-4 AVC codec - Copyleft 2003-2023 - http://www.videolan.org/x264.html - options: cabac=1 ref=1 deblock=1:0:0 analyse=0x3:0x113 me=hex subme=2 psy=1 psy_rd=1.00:0.00 mixed_ref=0 me_range=16 chroma_me=1 trellis=0 8x8dct=1 cqm=0 deadzone=21,11 fast_pskip=1 chroma_qp_offset=0 threads=15 lookahead_threads=3 sliced_threads=0 nr=0 decimate=1 interlaced=0 bluray_compat=0 constrained_intra=0 bframes=3 b_pyramid=2 b_adapt=1 b_bias=0 direct=1 weightb=1 open_gop=0 weightp=1 keyint=250 keyint_min=25 scenecut=40 intra_refresh=0 rc_lookahead=10 rc=crf mbtree=1 crf=18.0 qcomp=0.60 qpmin=0 qpmax=69 qpstep=4 ip_ratio=1.40 aq=1:1.00
[stderr] Output #0, mp4, to '/Users/johndoe/Documents/company/video_ops/scripts/abstract_algebra_in_proof_assistant/04-set-equality/takes/take-mrhmharr/pipeline/cut/cut-mrhvutes/chunks/chunk-000.mp4':
[stderr]   Metadata:
[stderr]     major_brand     : qt  
[stderr]     minor_version   : 0
[stderr]     compatible_brands: qt  
[stderr]     encoder         : Lavf61.7.100
[stderr]   Stream #0:0(und): Video: h264 (avc1 / 0x31637661), yuv420p(tv, smpte170m/bt709/bt709, progressive), 640x480, q=2-31, 29.83 fps, 11456 tbn (default)
[stderr]       Metadata:
[stderr]         creation_time   : 2026-07-12T09:54:07.000000Z
[stderr]         handler_name    : Core Media Video
[stderr]         vendor_id       : [0][0][0][0]
[stderr]         encoder         : Lavc61.19.100 libx264
[stderr]       Side data:
[stderr]         cpb: bitrate max/min/avg: 0/0/0 buffer size: 0 vbv_delay: N/A
[stderr]   Stream #0:1(und): Audio: aac (LC) (mp4a / 0x6134706D), 48000 Hz, mono, fltp, 69 kb/s (default)
[stderr]       Metadata:
[stderr]         creation_time   : 2026-07-12T09:54:07.000000Z
[stderr]         handler_name    : Core Media Audio
[stderr]         vendor_id       : [0][0][0][0]
[stderr]         encoder         : Lavc61.19.100 aac
[stderr] [out#0/mp4 @ 0x116706190] video:2373KiB audio:31KiB subtitle:0KiB other streams:0KiB global headers:0KiB muxing overhead: 0.221770%
[stderr] frame=  110 fps=0.0 q=-1.0 Lsize=    2410KiB time=00:00:03.62 bitrate=5452.8kbits/s speed= 8.7x    
[stderr] [libx264 @ 0x116707130] frame I:1     Avg QP:21.52  size: 63699
[stderr] [libx264 @ 0x116707130] frame P:31    Avg QP:22.42  size: 36860
[stderr] [libx264 @ 0x116707130] frame B:78    Avg QP:24.84  size: 15678
[stderr] [libx264 @ 0x116707130] consecutive B-frames:  3.6%  3.6%  5.5% 87.3%
[stderr] [libx264 @ 0x116707130] mb I  I16..4:  3.7%  4.4% 91.9%
[stderr] [libx264 @ 0x116707130] mb P  I16..4:  3.3%  6.6% 29.1%  P16..4: 17.4% 17.7% 25.2%  0.0%  0.0%    skip: 0.8%
[stderr] [libx264 @ 0x116707130] mb B  I16..4:  0.9%  0.8%  1.6%  B16..8: 30.8% 18.6% 11.9%  direct:18.3%  skip:17.1%  L0:27.4% L1:35.3% BI:37.3%
[stderr] [libx264 @ 0x116707130] 8x8 transform intra:17.4% inter:35.0%
[stderr] [libx264 @ 0x116707130] coded y,uvDC,uvAC intra: 87.4% 72.1% 35.9% inter: 52.9% 22.6% 1.9%
[stderr] [libx264 @ 0x116707130] i16 v,h,dc,p: 62% 20% 15%  3%
[stderr] [libx264 @ 0x116707130] i8 v,h,dc,ddl,ddr,vr,hd,vl,hu: 20% 25% 15%  2%  9%  8%  8%  5%  7%
[stderr] [libx264 @ 0x116707130] i4 v,h,dc,ddl,ddr,vr,hd,vl,hu: 16% 16% 14%  3% 17%  9% 12%  6%  8%
[stderr] [libx264 @ 0x116707130] i8c dc,h,v,p: 51% 21% 20%  8%
[stderr] [libx264 @ 0x116707130] Weighted P-Frames: Y:9.7% UV:0.0%
[stderr] [libx264 @ 0x116707130] kb/s:5270.73
[stderr] [aac @ 0x10ac20a50] Qavg: 493.213
[stderr] ffmpeg version 7.1 Copyright (c) 2000-2024 the FFmpeg developers
[stderr]   built with Apple clang version 15.0.0 (clang-1500.1.0.2.5)
[stderr]   configuration: --prefix=/opt/homebrew/Cellar/ffmpeg/7.1_3 --enable-shared --enable-pthreads --enable-version3 --cc=clang --host-cflags= --host-ldflags='-Wl,-ld_classic' --enable-ffplay --enable-gnutls --enable-gpl --enable-libaom --enable-libaribb24 --enable-libbluray --enable-libdav1d --enable-libharfbuzz --enable-libjxl --enable-libmp3lame --enable-libopus --enable-librav1e --enable-librist --enable-librubberband --enable-libsnappy --enable-libsrt --enable-libssh --enable-libsvtav1 --enable-libtesseract --enable-libtheora --enable-libvidstab --enable-libvmaf --enable-libvorbis --enable-libvpx --enable-libwebp --enable-libx264 --enable-libx265 --enable-libxml2 --enable-libxvid --enable-lzma --enable-libfontconfig --enable-libfreetype --enable-frei0r --enable-libass --enable-libopencore-amrnb --enable-libopencore-amrwb --enable-libopenjpeg --enable-libspeex --enable-libsoxr --enable-libzmq --enable-libzimg --disable-libjack --disable-indev=jack --enable-videotoolbox --enable-audiotoolbox --enable-neon
[stderr]   libavutil      59. 39.100 / 59. 39.100
[stderr]   libavcodec     61. 19.100 / 61. 19.100
[stderr]   libavformat    61.  7.100 / 61.  7.100
[stderr]   libavdevice    61.  3.100 / 61.  3.100
[stderr]   libavfilter    10.  4.100 / 10.  4.100
[stderr]   libswscale      8.  3.100 /  8.  3.100
[stderr]   libswresample   5.  3.100 /  5.  3.100
[stderr]   libpostproc    58.  3.100 / 58.  3.100
[stderr] Input #0, mov,mp4,m4a,3gp,3g2,mj2, from '/Users/johndoe/Documents/company/video_ops/scripts/abstract_algebra_in_proof_assistant/04-set-equality/takes/take-mrhmharr/source.mp4':
[stderr]   Metadata:
[stderr]     major_brand     : qt  
[stderr]     minor_version   : 0
[stderr]     compatible_brands: qt  
[stderr]     creation_time   : 2026-07-12T09:54:07.000000Z
[stderr]   Duration: 00:06:08.94, start: 0.000000, bitrate: 2946 kb/s
[stderr]   Stream #0:0[0x1](und): Video: hevc (Main) (hvc1 / 0x31637668), yuv420p(tv, smpte170m/bt709/bt709), 640x480, 2834 kb/s, 29.95 fps, 29.83 tbr, 600 tbn (default)
[stderr]       Metadata:
[stderr]         creation_time   : 2026-07-12T09:54:07.000000Z
[stderr]         handler_name    : Core Media Video
[stderr]         vendor_id       : [0][0][0][0]
[stderr]         encoder         : HEVC
[stderr]       Side data:
[stderr]         displaymatrix: rotation of -180.00 degrees
[stderr]   Stream #0:1[0x2](und): Audio: aac (LC) (mp4a / 0x6134706D), 48000 Hz, mono, fltp, 100 kb/s (default)
[stderr]       Metadata:
[stderr]         creation_time   : 2026-07-12T09:54:07.000000Z
[stderr]         handler_name    : Core Media Audio
[stderr]         vendor_id       : [0][0][0][0]
[stderr]   Stream #0:2[0x3](und): Data: none (mebx / 0x7862656D) (default)
[stderr]       Metadata:
[stderr]         creation_time   : 2026-07-12T09:54:07.000000Z
[stderr]         handler_name    : Core Media Metadata
[stderr] Stream mapping:
[stderr]   Stream #0:0 -> #0:0 (hevc (native) -> h264 (libx264))
[stderr]   Stream #0:1 -> #0:1 (aac (native) -> aac (native))
[stderr] Press [q] to stop, [?] for help
[stderr] [libx264 @ 0x159a0ece0] using cpu capabilities: ARMv8 NEON
[stderr] [libx264 @ 0x159a0ece0] profile High, level 3.0, 4:2:0, 8-bit
[stderr] [libx264 @ 0x159a0ece0] 264 - core 164 r3108 31e19f9 - H.264/MPEG-4 AVC codec - Copyleft 2003-2023 - http://www.videolan.org/x264.html - options: cabac=1 ref=1 deblock=1:0:0 analyse=0x3:0x113 me=hex subme=2 psy=1 psy_rd=1.00:0.00 mixed_ref=0 me_range=16 chroma_me=1 trellis=0 8x8dct=1 cqm=0 deadzone=21,11 fast_pskip=1 chroma_qp_offset=0 threads=15 lookahead_threads=3 sliced_threads=0 nr=0 decimate=1 interlaced=0 bluray_compat=0 constrained_intra=0 bframes=3 b_pyramid=2 b_adapt=1 b_bias=0 direct=1 weightb=1 open_gop=0 weightp=1 keyint=250 keyint_min=25 scenecut=40 intra_refresh=0 rc_lookahead=10 rc=crf mbtree=1 crf=18.0 qcomp=0.60 qpmin=0 qpmax=69 qpstep=4 ip_ratio=1.40 aq=1:1.00
[stderr] Output #0, mp4, to '/Users/johndoe/Documents/company/video_ops/scripts/abstract_algebra_in_proof_assistant/04-set-equality/takes/take-mrhmharr/pipeline/cut/cut-mrhvutes/chunks/chunk-001.mp4':
[stderr]   Metadata:
[stderr]     major_brand     : qt  
[stderr]     minor_version   : 0
[stderr]     compatible_brands: qt  
[stderr]     encoder         : Lavf61.7.100
[stderr]   Stream #0:0(und): Video: h264 (avc1 / 0x31637661), yuv420p(tv, smpte170m/bt709/bt709, progressive), 640x480, q=2-31, 29.83 fps, 11456 tbn (default)
[stderr]       Metadata:
[stderr]         creation_time   : 2026-07-12T09:54:07.000000Z
[stderr]         handler_name    : Core Media Video
[stderr]         vendor_id       : [0][0][0][0]
[stderr]         encoder         : Lavc61.19.100 libx264
[stderr]       Side data:
[stderr]         cpb: bitrate max/min/avg: 0/0/0 buffer size: 0 vbv_delay: N/A
[stderr]   Stream #0:1(und): Audio: aac (LC) (mp4a / 0x6134706D), 48000 Hz, mono, fltp, 69 kb/s (default)
[stderr]       Metadata:
[stderr]         creation_time   : 2026-07-12T09:54:07.000000Z
[stderr]         handler_name    : Core Media Audio
[stderr]         vendor_id       : [0][0][0][0]
[stderr]         encoder         : Lavc61.19.100 aac
[stderr] frame=    0 fps=0.0 q=0.0 size=       0KiB time=N/A bitrate=N/A speed=N/A    
[stderr] frame=  118 fps=117 q=24.0 size=    2816KiB time=00:00:03.88 bitrate=5933.0kbits/s speed=3.86x    
[stderr] frame=  214 fps=141 q=24.0 size=    5120KiB time=00:00:07.07 bitrate=5930.4kbits/s speed=4.67x    
[stderr] frame=  334 fps=165 q=24.0 size=    7424KiB time=00:00:11.12 bitrate=5465.1kbits/s dup=0 drop=1 speed=5.51x    
[stderr] frame=  491 fps=195 q=24.0 size=   10752KiB time=00:00:16.39 bitrate=5373.7kbits/s dup=0 drop=1 speed=6.49x    
[stderr] [out#0/mp4 @ 0x159a0de50] video:11677KiB audio:118KiB subtitle:0KiB other streams:0KiB global headers:0KiB muxing overhead: 0.173177%
[stderr] frame=  537 fps=206 q=-1.0 Lsize=   11815KiB time=00:00:17.93 bitrate=5397.3kbits/s dup=0 drop=1 speed=6.88x    
[stderr] [libx264 @ 0x159a0ece0] frame I:3     Avg QP:20.28  size: 49526
[stderr] [libx264 @ 0x159a0ece0] frame P:168   Avg QP:21.92  size: 38337
[stderr] [libx264 @ 0x159a0ece0] frame B:366   Avg QP:25.09  size: 14665
[stderr] [libx264 @ 0x159a0ece0] consecutive B-frames:  5.8%  6.7% 10.1% 77.5%
[stderr] [libx264 @ 0x159a0ece0] mb I  I16..4:  5.6%  9.2% 85.2%
[stderr] [libx264 @ 0x159a0ece0] mb P  I16..4:  3.2%  4.0% 13.8%  P16..4: 24.2% 22.6% 31.3%  0.0%  0.0%    skip: 0.8%
[stderr] [libx264 @ 0x159a0ece0] mb B  I16..4:  0.7%  0.4%  0.5%  B16..8: 30.9% 19.1%  9.0%  direct:20.9%  skip:18.5%  L0:27.6% L1:33.7% BI:38.6%
[stderr] [libx264 @ 0x159a0ece0] 8x8 transform intra:19.0% inter:34.9%
[stderr] [libx264 @ 0x159a0ece0] coded y,uvDC,uvAC intra: 80.5% 73.3% 41.0% inter: 55.9% 23.8% 2.6%
[stderr] [libx264 @ 0x159a0ece0] i16 v,h,dc,p: 63% 16% 17%  4%
[stderr] [libx264 @ 0x159a0ece0] i8 v,h,dc,ddl,ddr,vr,hd,vl,hu: 19% 25% 19%  2%  8%  6%  8%  5%  7%
[stderr] [libx264 @ 0x159a0ece0] i4 v,h,dc,ddl,ddr,vr,hd,vl,hu: 15% 20% 14%  3% 14%  8% 11%  6% 10%
[stderr] [libx264 @ 0x159a0ece0] i8c dc,h,v,p: 51% 22% 18%  9%
[stderr] [libx264 @ 0x159a0ece0] Weighted P-Frames: Y:24.4% UV:1.8%
[stderr] [libx264 @ 0x159a0ece0] kb/s:5314.07
[stderr] [aac @ 0x159923fd0] Qavg: 16365.711
[stderr] ffmpeg version 7.1 Copyright (c) 2000-2024 the FFmpeg developers
[stderr]   built with Apple clang version 15.0.0 (clang-1500.1.0.2.5)
[stderr]   configuration: --prefix=/opt/homebrew/Cellar/ffmpeg/7.1_3 --enable-shared --enable-pthreads --enable-version3 --cc=clang --host-cflags= --host-ldflags='-Wl,-ld_classic' --enable-ffplay --enable-gnutls --enable-gpl --enable-libaom --enable-libaribb24 --enable-libbluray --enable-libdav1d --enable-libharfbuzz --enable-libjxl --enable-libmp3lame --enable-libopus --enable-librav1e --enable-librist --enable-librubberband --enable-libsnappy --enable-libsrt --enable-libssh --enable-libsvtav1 --enable-libtesseract --enable-libtheora --enable-libvidstab --enable-libvmaf --enable-libvorbis --enable-libvpx --enable-libwebp --enable-libx264 --enable-libx265 --enable-libxml2 --enable-libxvid --enable-lzma --enable-libfontconfig --enable-libfreetype --enable-frei0r --enable-libass --enable-libopencore-amrnb --enable-libopencore-amrwb --enable-libopenjpeg --enable-libspeex --enable-libsoxr --enable-libzmq --enable-libzimg --disable-libjack --disable-indev=jack --enable-videotoolbox --enable-audiotoolbox --enable-neon
[stderr]   libavutil      59. 39.100 / 59. 39.100
[stderr]   libavcodec     61. 19.100 / 61. 19.100
[stderr]   libavformat    61.  7.100 / 61.  7.100
[stderr]   libavdevice    61.  3.100 / 61.  3.100
[stderr]   libavfilter    10.  4.100 / 10.  4.100
[stderr]   libswscale      8.  3.100 /  8.  3.100
[stderr]   libswresample   5.  3.100 /  5.  3.100
[stderr]   libpostproc    58.  3.100 / 58.  3.100
[stderr] Input #0, mov,mp4,m4a,3gp,3g2,mj2, from '/Users/johndoe/Documents/company/video_ops/scripts/abstract_algebra_in_proof_assistant/04-set-equality/takes/take-mrhmharr/source.mp4':
[stderr]   Metadata:
[stderr]     major_brand     : qt  
[stderr]     minor_version   : 0
[stderr]     compatible_brands: [stderr] qt  
[stderr]     creation_time   : 2026-07-12T09:54:07.000000Z
[stderr]   Duration: 00:06:08.94, start: 0.000000, bitrate: 2946 kb/s
[stderr]   Stream #0:0[0x1](und): Video: hevc (Main) (hvc1 / 0x31637668), yuv420p(tv, smpte170m/bt709/bt709), 640x480, 2834 kb/s, 29.95 fps, 29.83 tbr, 600 tbn (default)
[stderr]       Metadata:
[stderr]         creation_time   : 2026-07-12T09:54:07.000000Z
[stderr]         handler_name    : Core Media Video
[stderr]         vendor_id       : [0][0][0][0]
[stderr]         encoder         : HEVC
[stderr]       Side data:
[stderr]         displaymatrix: rotation of -180.00 degrees
[stderr]   Stream #0:1[0x2](und): Audio: aac (LC) (mp4a / 0x6134706D), 48000 Hz, mono, fltp, 100 kb/s (default)
[stderr]       Metadata:
[stderr]         creation_time   : 2026-07-12T09:54:07.000000Z
[stderr]         handler_name    : Core Media Audio
[stderr]         vendor_id       : [0][0][0][0]
[stderr]   Stream #0:2[0x3](und): Data: none (mebx / 0x7862656D) (default)
[stderr]       Metadata:
[stderr]         creation_time   : 2026-07-12T09:54:07.000000Z
[stderr]         handler_name    : Core Media Metadata
[stderr] Stream mapping:
[stderr]   Stream #0:0 -> #0:0 (hevc (native) -> h264 (libx264))
[stderr]   Stream #0:1 -> #0:1 (aac (native) -> aac (native))
[stderr] Press [q] to stop, [?] for help
[stderr] [libx264 @ 0x10ab05700] using cpu capabilities: ARMv8 NEON
[stderr] [libx264 @ 0x10ab05700] profile High, level 3.0, 4:2:0, 8-bit
[stderr] [libx264 @ 0x10ab05700] 264 - core 164 r3108 31e19f9 - H.264/MPEG-4 AVC codec - Copyleft 2003-2023 - http://www.videolan.org/x264.html - options: cabac=1 ref=1 deblock=1:0:0 analyse=0x3:0x113 me=hex subme=2 psy=1 psy_rd=1.00:0.00 mixed_ref=0 me_range=16 chroma_me=1 trellis=0 8x8dct=1 cqm=0 deadzone=21,11 fast_pskip=1 chroma_qp_offset=0 threads=15 lookahead_threads=3 sliced_threads=0 nr=0 decimate=1 interlaced=0 bluray_compat=0 constrained_intra=0 bframes=3 b_pyramid=2 b_adapt=1 b_bias=0 direct=1 weightb=1 open_gop=0 weightp=1 keyint=250 keyint_min=25 scenecut=40 intra_refresh=0 rc_lookahead=10 rc=crf mbtree=1 crf=18.0 qcomp=0.60 qpmin=0 qpmax=69 qpstep=4 ip_ratio=1.40 aq=1:1.00
[stderr] Output #0, mp4, to '/Users/johndoe/Documents/company/video_ops/scripts/abstract_algebra_in_proof_assistant/04-set-equality/takes/take-mrhmharr/pipeline/cut/cut-mrhvutes/chunks/chunk-002.mp4':
[stderr]   Metadata:
[stderr]     major_brand     : qt  
[stderr]     minor_version   : 0
[stderr]     compatible_brands: qt  
[stderr]     encoder         : Lavf61.7.100
[stderr]   Stream #0:0(und): Video: h264 (avc1 / 0x31637661), yuv420p(tv, smpte170m/bt709/bt709, progressive), 640x480, q=2-31, 29.83 fps, 11456 tbn (default)
[stderr]       Metadata:
[stderr]         creation_time   : 2026-07-12T09:54:07.000000Z
[stderr]         handler_name    : Core Media Video
[stderr]         vendor_id       : [0][0][0][0]
[stderr]         encoder         : Lavc61.19.100 libx264
[stderr]       Side data:
[stderr]         cpb: bitrate max/min/avg: 0/0/0 buffer size: 0 vbv_delay: N/A
[stderr]   Stream #0:1(und): Audio: aac (LC) (mp4a / 0x6134706D), 48000 Hz, mono, fltp, 69 kb/s (default)
[stderr]       Metadata:
[stderr]         creation_time   : 2026-07-12T09:54:07.000000Z
[stderr]         handler_name    : Core Media Audio
[stderr]         vendor_id       : [0][0][0][0]
[stderr]         encoder         : Lavc61.19.100 aac
[stderr] frame=   48 fps= 48 q=24.0 size=     512KiB time=00:00:01.57 bitrate=2662.6kbits/s speed=1.57x    
[stderr] frame=  263 fps=174 q=24.0 size=    4352KiB time=00:00:08.78 bitrate=4059.6kbits/s dup=0 drop=1 speed=5.82x    
[stderr] frame=  464 fps=231 q=24.0 size=    8448KiB time=00:00:15.51 bitrate=4459.3kbits/s dup=0 drop=2 speed=7.73x    
[stderr] frame=  640 fps=255 q=24.0 size=   13312KiB time=00:00:21.38 bitrate=5099.4kbits/s dup=0 drop=2 speed=8.52x    
[stderr] frame=  820 fps=272 q=24.0 size=   18688KiB time=00:00:27.45 bitrate=5576.6kbits/s dup=0 drop=3 speed= 9.1x    
[stderr] [out#0/mp4 @ 0x10ab04760] video:23820KiB audio:67KiB subtitle:0KiB other streams:0KiB global headers:0KiB muxing overhead: 0.159097%
[stderr] frame= 1033 fps=295 q=-1.0 Lsize=   23925KiB time=00:00:34.55 bitrate=5671.4kbits/s dup=0 drop=4 speed=9.86x    
[stderr] [libx264 @ 0x10ab05700] frame I:7     Avg QP:19.27  size: 60296
[stderr] [libx264 @ 0x10ab05700] frame P:324   Avg QP:22.18  size: 38381
[stderr] [libx264 @ 0x10ab05700] frame B:702   Avg QP:25.54  size: 16430
[stderr] [libx264 @ 0x10ab05700] consecutive B-frames:  6.0%  7.9%  6.7% 79.4%
[stderr] [libx264 @ 0x10ab05700] mb I  I16..4:  9.1%  6.6% 84.3%
[stderr] [libx264 @ 0x10ab05700] mb P  I16..4:  5.3%  4.8% 15.8%  P16..4: 21.0% 20.5% 30.8%  0.0%  0.0%    skip: 2.0%
[stderr] [libx264 @ 0x10ab05700] mb B  I16..4:  1.2%  0.6%  1.4%  B16..8: 29.1% 18.6% 12.4%  direct:16.3%  skip:20.4%  L0:27.2% L1:32.5% BI:40.3%
[stderr] [libx264 @ 0x10ab05700] 8x8 transform intra:17.7% inter:33.3%
[stderr] [libx264 @ 0x10ab05700] coded y,uvDC,uvAC intra: 76.4% 65.0% 33.8% inter: 53.3% 23.2% 2.3%
[stderr] [libx264 @ 0x10ab05700] i16 v,h,dc,p: 72% 13% 13%  3%
[stderr] [libx264 @ 0x10ab05700] i8 v,h,dc,ddl,ddr,vr,hd,vl,hu: 24% 21% 16%  2%  8%  8%  7%  6%  6%
[stderr] [libx264 @ 0x10ab05700] i4 v,h,dc,ddl,ddr,vr,hd,vl,hu: 16% 18% 14%  3% 14%  9% 10%  6%  9%
[stderr] [libx264 @ 0x10ab05700] i8c dc,h,v,p: 56% 18% 18%  8%
[stderr] [libx264 @ 0x10ab05700] Weighted P-Frames: Y:10.8% UV:0.3%
[stderr] [libx264 @ 0x10ab05700] kb/s:5635.32
[stderr] [aac @ 0x10ab6c4d0] Qavg: 51649.508
[stderr] ffmpeg version 7.1 Copyright (c) 2000-2024 the FFmpeg developers
[stderr]   built with Apple clang version 15.0.0 (clang-1500.1.0.2.5)
[stderr]   configuration: --prefix=/opt/homebrew/Cellar/ffmpeg/7.1_3 --enable-shared --enable-pthreads --enable-version3 --cc=clang --host-cflags= --host-ldflags='-Wl,-ld_classic' --enable-ffplay --enable-gnutls --enable-gpl --enable-libaom --enable-libaribb24 --enable-libbluray --enable-libdav1d --enable-libharfbuzz --enable-libjxl --enable-libmp3lame --enable-libopus --enable-librav1e --enable-librist --enable-librubberband --enable-libsnappy --enable-libsrt --enable-libssh --enable-libsvtav1 --enable-libtesseract --enable-libtheora --enable-libvidstab --enable-libvmaf --enable-libvorbis --enable-libvpx --enable-libwebp --enable-libx264 --enable-libx265 --enable-libxml2 --enable-libxvid --enable-lzma --enable-libfontconfig --enable-libfreetype --enable-frei0r --enable-libass --enable-libopencore-amrnb --enable-libopencore-amrwb --enable-libopenjpeg --enable-libspeex --enable-libsoxr --enable-libzmq --enable-libzimg --disable-libjack --disable-indev=jack --enable-videotoolbox --enable-audiotoolbox --enable-neon
[stderr]   libavutil      59. 39.100 / 59. 39.100
[stderr]   libavcodec     61. 19.100 / 61. 19.100
[stderr]   libavformat    61.  7.100 / 61.  7.100
[stderr]   libavdevice    61.  3.100 / 61.  3.100
[stderr]   libavfilter    10.  4.100 / 10.  4.100
[stderr]   libswscale      8.  3.100 /  8.  3.100
[stderr]   libswresample   5.  3.100 /  5.  3.100
[stderr]   libpostproc    58.  3.100 / 58.  3.100
[stderr] Input #0, mov,mp4,m4a,3gp,3g2,mj2, from '/Users/johndoe/Documents/company/video_ops/scripts/abstract_algebra_in_proof_assistant/04-set-equality/takes/take-mrhmharr/source.mp4':
[stderr]   Metadata:
[stderr]     major_brand     : qt  
[stderr]     minor_version   : 0
[stderr]     compatible_brands: qt  
[stderr]     creation_time   : 2026-07-12T09:54:07.000000Z
[stderr]   Duration: 00:06:08.94, start: 0.000000, bitrate: 2946 kb/s
[stderr]   Stream #0:0[0x1](und): Video: hevc (Main) (hvc1 / 0x31637668), yuv420p(tv, smpte170m/bt709/bt709), 640x480, 2834 kb/s, 29.95 fps, 29.83 tbr, 600 tbn (default)
[stderr]       Metadata:
[stderr]         creation_time   : 2026-07-12T09:54:07.000000Z
[stderr]         handler_name    : Core Media Video
[stderr]         vendor_id       : [0][0][0][0]
[stderr]         encoder         : HEVC
[stderr]       Side data:
[stderr]         displaymatrix: rotation of -180.00 degrees
[stderr]   Stream #0:1[0x2](und): Audio: aac (LC) (mp4a / 0x6134706D), 48000 Hz, mono, fltp, 100 kb/s (default)
[stderr]       Metadata:
[stderr]         creation_time   : 2026-07-12T09:54:07.000000Z
[stderr]         handler_name    : Core Media Audio
[stderr]         vendor_id       : [0][0][0][0]
[stderr]   Stream #0:2[0x3](und): Data: none (mebx / 0x7862656D) (default)
[stderr]       Metadata:
[stderr]         creation_time   : 2026-07-12T09:54:07.000000Z
[stderr]         handler_name    : Core Media Metadata
[stderr] Stream mapping:
[stderr]   Stream #0:0 -> #0:0 (hevc (native) -> h264 (libx264))
[stderr]   Stream #0:1 -> #0:1 (aac (native) -> aac (native))
[stderr] Press [q] to stop, [?] for help
[stderr] [libx264 @ 0x135e05190] using cpu capabilities: ARMv8 NEON
[stderr] [libx264 @ 0x135e05190] profile High, level 3.0, 4:2:0, 8-bit
[stderr] [libx264 @ 0x135e05190] 264 - core 164 r3108 31e19f9 - H.264/MPEG-4 AVC codec - Copyleft 2003-2023 - http://www.videolan.org/x264.html - options: cabac=1 ref=1 deblock=1:0:0 analyse=0x3:0x113 me=hex subme=2 psy=1 psy_rd=1.00:0.00 mixed_ref=0 me_range=16 chroma_me=1 trellis=0 8x8dct=1 cqm=0 deadzone=21,11 fast_pskip=1 chroma_qp_offset=0 threads=15 lookahead_threads=3 sliced_threads=0 nr=0 decimate=1 interlaced=0 bluray_compat=0 constrained_intra=0 bframes=3 b_pyramid=2 b_adapt=1 b_bias=0 direct=1 weightb=1 open_gop=0 weightp=1 keyint=250 keyint_min=25 scenecut=40 intra_refresh=0 rc_lookahead=10 rc=crf mbtree=1 crf=18.0 qcomp=0.60 qpmin=0 qpmax=69 qpstep=4 ip_ratio=1.40 aq=1:1.00
[stderr] Output #0, mp4, to '/Users/johndoe/Documents/company/video_ops/scripts/abstract_algebra_in_proof_assistant/04-set-equality/takes/take-mrhmharr/pipeline/cut/cut-mrhvutes/chunks/chunk-003.mp4':
[stderr]   Metadata:
[stderr]     major_brand     : qt  
[stderr]     minor_version   : 0
[stderr]     compatible_brands: qt  
[stderr]     encoder         : Lavf61.7.100
[stderr]   Stream #0:0(und): Video: h264 (avc1 / 0x31637661), yuv420p(tv, smpte170m/bt709/bt709, progressive), 640x480, q=2-31, 29.83 fps, 11456 tbn (default)
[stderr]       Metadata:
[stderr]         creation_time   : 2026-07-12T09:54:07.000000Z
[stderr]         handler_name    : Core Media Video
[stderr]         vendor_id       : [0][0][0][0]
[stderr]         encoder         : Lavc61.19.100 libx264
[stderr]       Side data:
[stderr]         cpb: bitrate max/min/avg: 0/0/0 buffer size: 0 vbv_delay: N/A
[stderr]   Stream #0:1(und): Audio: aac (LC) (mp4a / 0x6134706D), 48000 Hz, mono, fltp, 69 kb/s[stderr]  (default)
[stderr]       Metadata:
[stderr]         creation_time   : 2026-07-12T09:54:07.000000Z
[stderr]         handler_name    : Core Media Audio
[stderr]         vendor_id       : [0][0][0][0]
[stderr]         encoder         : Lavc61.19.100 aac
[stderr] frame=    1 fps=0.7 q=24.0 size=       0KiB time=00:00:00.00 bitrate=N/A speed=   0x    
[stderr] frame=  284 fps=141 q=24.0 size=    4096KiB time=00:00:09.48 bitrate=3537.3kbits/s dup=0 drop=1 speed=4.71x    
[stderr] [out#0/mp4 @ 0x135e041e0] video:5524KiB audio:2KiB subtitle:0KiB other streams:0KiB global headers:0KiB muxing overhead: 0.257852%
[stderr] frame=  361 fps=163 q=-1.0 Lsize=    5541KiB time=00:00:12.06 bitrate=3761.4kbits/s dup=0 drop=1 speed=5.44x    
[stderr] [libx264 @ 0x135e05190] frame I:2     Avg QP:17.28  size: 68216
[stderr] [libx264 @ 0x135e05190] frame P:103   Avg QP:19.80  size: 33547
[stderr] [libx264 @ 0x135e05190] frame B:256   Avg QP:24.98  size:  8064
[stderr] [libx264 @ 0x135e05190] consecutive B-frames:  1.9%  8.3%  6.6% 83.1%
[stderr] [libx264 @ 0x135e05190] mb I  I16..4: 19.8%  5.5% 74.6%
[stderr] [libx264 @ 0x135e05190] mb P  I16..4: 10.9%  1.7%  3.1%  P16..4: 24.7% 21.6% 31.7%  0.0%  0.0%    skip: 6.4%
[stderr] [libx264 @ 0x135e05190] mb B  I16..4:  1.6%  0.1%  0.0%  B16..8: 26.9% 13.8%  5.9%  direct:12.1%  skip:39.6%  L0:22.4% L1:30.9% BI:46.7%
[stderr] [libx264 @ 0x135e05190] 8x8 transform intra:9.2% inter:29.5%
[stderr] [libx264 @ 0x135e05190] coded y,uvDC,uvAC intra: 32.5% 26.8% 15.5% inter: 36.3% 12.7% 1.8%
[stderr] [libx264 @ 0x135e05190] i16 v,h,dc,p: 85%  7%  7%  1%
[stderr] [libx264 @ 0x135e05190] i8 v,h,dc,ddl,ddr,vr,hd,vl,hu: 20% 18% 27%  2%  7%  7%  7%  6%  6%
[stderr] [libx264 @ 0x135e05190] i4 v,h,dc,ddl,ddr,vr,hd,vl,hu: 18% 16% 18%  4% 12%  9%  8%  6%  9%
[stderr] [libx264 @ 0x135e05190] i8c dc,h,v,p: 82%  7%  9%  2%
[stderr] [libx264 @ 0x135e05190] Weighted P-Frames: Y:13.6% UV:1.0%
[stderr] [libx264 @ 0x135e05190] kb/s:3739.36
[stderr] [aac @ 0x135e6a570] Qavg: 65471.840
[stderr] ffmpeg version 7.1 Copyright (c) 2000-2024 the FFmpeg developers
[stderr]   built with Apple clang version 15.0.0 (clang-1500.1.0.2.5)
[stderr]   configuration: --prefix=/opt/homebrew/Cellar/ffmpeg/7.1_3 --enable-shared --enable-pthreads --enable-version3 --cc=clang --host-cflags= --host-ldflags='-Wl,-ld_classic' --enable-ffplay --enable-gnutls --enable-gpl --enable-libaom --enable-libaribb24 --enable-libbluray --enable-libdav1d --enable-libharfbuzz --enable-libjxl --enable-libmp3lame --enable-libopus --enable-librav1e --enable-librist --enable-librubberband --enable-libsnappy --enable-libsrt --enable-libssh --enable-libsvtav1 --enable-libtesseract --enable-libtheora --enable-libvidstab --enable-libvmaf --enable-libvorbis --enable-libvpx --enable-libwebp --enable-libx264 --enable-libx265 --enable-libxml2 --enable-libxvid --enable-lzma --enable-libfontconfig --enable-libfreetype --enable-frei0r --enable-libass --enable-libopencore-amrnb --enable-libopencore-amrwb --enable-libopenjpeg --enable-libspeex --enable-libsoxr --enable-libzmq --enable-libzimg --disable-libjack --disable-indev=jack --enable-videotoolbox --enable-audiotoolbox --enable-neon
[stderr]   libavutil      59. 39.100 / 59. 39.100
[stderr]   libavcodec     61. 19.100 / 61. 19.100
[stderr]   libavformat    61.  7.100 / 61.  7.100
[stderr]   libavdevice    61.  3.100 / 61.  3.100
[stderr]   libavfilter    10.  4.100 / 10.  4.100
[stderr]   libswscale      8.  3.100 /  8.  3.100
[stderr]   libswresample   5.  3.100 /  5.  3.100
[stderr]   libpostproc    58.  3.100 / 58.  3.100
[stderr] Input #0, mov,mp4,m4a,3gp,3g2,mj2, from '/Users/johndoe/Documents/company/video_ops/scripts/abstract_algebra_in_proof_assistant/04-set-equality/takes/take-mrhmharr/source.mp4':
[stderr]   Metadata:
[stderr]     major_brand     : qt  
[stderr]     minor_version   : 0
[stderr]     compatible_brands: qt  
[stderr]     creation_time   : 2026-07-12T09:54:07.000000Z
[stderr]   Duration: [stderr] 00:06:08.94, start: 0.000000, bitrate: 2946 kb/s
[stderr]   Stream #0:0[0x1](und): Video: hevc (Main) (hvc1 / 0x31637668), yuv420p(tv, smpte170m/bt709/bt709), 640x480, 2834 kb/s, 29.95 fps, 29.83 tbr, 600 tbn (default)
[stderr]       Metadata:
[stderr]         creation_time   : 2026-07-12T09:54:07.000000Z
[stderr]         handler_name    : Core Media Video
[stderr]         vendor_id       : [0][0][0][0]
[stderr]         encoder         : HEVC
[stderr]       Side data:
[stderr]         displaymatrix: rotation of -180.00 degrees
[stderr]   Stream #0:1[0x2](und): Audio: aac (LC) (mp4a / 0x6134706D), 48000 Hz, mono, fltp, 100 kb/s (default)
[stderr]       Metadata:
[stderr]         creation_time   : 2026-07-12T09:54:07.000000Z
[stderr]         handler_name    : Core Media Audio
[stderr]         vendor_id       : [0][0][0][0]
[stderr]   Stream #0:2[0x3](und): Data: none (mebx / 0x7862656D) (default)
[stderr]       Metadata:
[stderr]         creation_time   : 2026-07-12T09:54:07.000000Z
[stderr]         handler_name    : Core Media Metadata
[stderr] Stream mapping:
[stderr]   Stream #0:0 -> #0:0 (hevc (native) -> h264 (libx264))
[stderr]   Stream #0:1 -> #0:1 (aac (native) -> aac (native))
[stderr] Press [q] to stop, [?] for help
[stderr] [libx264 @ 0x11c7120b0] using cpu capabilities: ARMv8 NEON
[stderr] [libx264 @ 0x11c7120b0] profile High, level 3.0, 4:2:0, 8-bit
[stderr] [libx264 @ 0x11c7120b0] 264 - core 164 r3108 31e19f9 - H.264/MPEG-4 AVC codec - Copyleft 2003-2023 - http://www.videolan.org/x264.html - options: cabac=1 ref=1 deblock=1:0:0 analyse=0x3:0x113 me=hex subme=2 psy=1 psy_rd=1.00:0.00 mixed_ref=0 me_range=16 chroma_me=1 trellis=0 8x8dct=1 cqm=0 deadzone=21,11 fast_pskip=1 chroma_qp_offset=0 threads=15 lookahead_threads=3 sliced_threads=0 nr=0 decimate=1 interlaced=0 bluray_compat=0 constrained_intra=0 bframes=3 b_pyramid=2 b_adapt=1 b_bias=0 direct=1 weightb=1 open_gop=0 weightp=1 keyint=250 keyint_min=25 scenecut=40 intra_refresh=0 rc_lookahead=10 rc=crf mbtree=1 crf=18.0 qcomp=0.60 qpmin=0 qpmax=69 qpstep=4 ip_ratio=1.40 aq=1:1.00
[stderr] Output #0, mp4, to '/Users/johndoe/Documents/company/video_ops/scripts/abstract_algebra_in_proof_assistant/04-set-equality/takes/take-mrhmharr/pipeline/cut/cut-mrhvutes/chunks/chunk-004.mp4':
[stderr]   Metadata:
[stderr]     major_brand     : qt  
[stderr]     minor_version   : 0
[stderr]     compatible_brands: qt  
[stderr]     encoder         : Lavf61.7.100
[stderr]   Stream #0:0(und): Video: h264 (avc1 / 0x31637661), yuv420p(tv, smpte170m/bt709/bt709, progressive), 640x480, q=2-31, 29.83 fps, 11456 tbn (default)
[stderr]       Metadata:
[stderr]         creation_time   : 2026-07-12T09:54:07.000000Z
[stderr]         handler_name    : Core Media Video
[stderr]         vendor_id       : [0][0][0][0]
[stderr]         encoder         : Lavc61.19.100 libx264
[stderr]       Side data:
[stderr]         cpb: bitrate max/min/avg: 0/0/0 buffer size: 0 vbv_delay: N/A
[stderr]   Stream #0:1(und): Audio: aac (LC) (mp4a / 0x6134706D), 48000 Hz, mono, fltp, 69 kb/s (default)
[stderr]       Metadata:
[stderr]         creation_time   : 2026-07-12T09:54:07.000000Z
[stderr]         handler_name    : Core Media Audio
[stderr]         vendor_id       : [0][0][0][0]
[stderr]         encoder         : Lavc61.19.100 aac
[stderr] frame=   74 fps= 37 q=24.0 size=    1280KiB time=00:00:02.41 bitrate=4345.0kbits/s speed= 1.2x    
[stderr] frame=  313 fps=125 q=24.0 size=    6144KiB time=00:00:10.39 bitrate=4843.8kbits/s dup=0 drop=1 speed=4.14x    
[stderr] frame=  554 fps=184 q=24.0 size=   11264KiB time=00:00:18.46 bitrate=4996.1kbits/s dup=0 drop=2 speed=6.13x    
[stderr] frame=  778 fps=221 q=24.0 size=   17664KiB time=00:00:26.01 bitrate=5563.1kbits/s dup=0 drop=3 speed=7.39x    
[stderr] [out#0/mp4 @ 0x11c711160] video:22098KiB audio:6KiB subtitle:0KiB other streams:0KiB global headers:0KiB muxing overhead: 0.151239%
[stderr] frame=  913 fps=241 q=-1.0 Lsize=   22137KiB time=00:00:30.50 bitrate=5945.3kbits/s dup=0 drop=4 speed=8.05x    
[stderr] [libx264 @ 0x11c7120b0] frame I:4     Avg QP:20.19  size: 58541
[stderr] [libx264 @ 0x11c7120b0] frame P:335   Avg QP:22.68  size: 40585
[stderr] [libx264 @ 0x11c7120b0] frame B:574   Avg QP:25.79  size: 15327
[stderr] [libx264 @ 0x11c7120b0] consecutive B-frames: 11.0% 12.7%  8.9% 67.5%
[stderr] [libx264 @ 0x11c7120b0] mb I  I16..4:  6.4%  8.8% 84.8%
[stderr] [libx264 @ 0x11c7120b0] mb P  I16..4:  3.4%  4.1% 11.0%  P16..4: 24.9% 22.3% 33.2%  0.0%  0.0%    skip: 1.1%
[stderr] [libx264 @ 0x11c7120b0] mb B  I16..4:  1.0%  0.3%  0.5%  B16..8: 31.2% 17.9% 10.5%  direct:16.8%  skip:21.8%  L0:25.4% L1:30.3% BI:44.3%
[stderr] [libx264 @ 0x11c7120b0] 8x8 transform intra:20.8% inter:33.2%
[stderr] [libx264 @ 0x11c7120b0] coded y,uvDC,uvAC intra: 77.8% 56.4% 21.6% inter: 53.9% 18.4% 1.3%
[stderr] [libx264 @ 0x11c7120b0] i16 v,h,dc,p: 61% 20% 15%  4%
[stderr] [libx264 @ 0x11c7120b0] i8 v,h,dc,ddl,ddr,vr,hd,vl,hu: 23% 23% 17%  3%  7%  7%  7%  6%  7%
[stderr] [libx264 @ 0x11c7120b0] i4 v,h,dc,ddl,ddr,vr,hd,vl,hu: 16% 17% 15%  4% 14%  9%  9%  6% 10%
[stderr] [libx264 @ 0x11c7120b0] i8c dc,h,v,p: 59% 18% 18%  5%
[stderr] [libx264 @ 0x11c7120b0] Weighted P-Frames: Y:20.0% UV:2.4%
[stderr] [libx264 @ 0x11c7120b0] kb/s:5915.11
[stderr] [aac @ 0x107b13650] Qavg: 65510.527
[stderr] ffmpeg version 7.1 Copyright (c) 2000-2024 the FFmpeg developers
[stderr]   built with Apple clang version 15.0.0 (clang-1500.1.0.2.5)
[stderr]   configuration: --prefix=/opt/homebrew/Cellar/ffmpeg/7.1_3 --enable-shared --enable-pthreads --enable-version3 --cc=clang --host-cflags= --host-ldflags='-Wl,-ld_classic' --enable-ffplay --enable-gnutls --enable-gpl --enable-libaom --enable-libaribb24 --enable-libbluray --enable-libdav1d --enable-libharfbuzz --enable-libjxl --enable-libmp3lame --enable-libopus --enable-librav1e --enable-librist --enable-librubberband --enable-libsnappy --enable-libsrt --enable-libssh --enable-libsvtav1 --enable-libtesseract --enable-libtheora --enable-libvidstab --enable-libvmaf --enable-libvorbis --enable-libvpx --enable-libwebp --enable-libx264 --enable-libx265 --enable-libxml2 --enable-libxvid --enable-lzma --enable-libfontconfig --enable-libfreetype --enable-frei0r --enable-libass --enable-libopencore-amrnb --enable-libopencore-amrwb --enable-libopenjpeg --enable-libspeex --enable-libsoxr --enable-libzmq --enable-libzimg --disable-libjack --disable-indev=jack --enable-videotoolbox --enable-audiotoolbox --enable-neon
[stderr]   libavutil      59. 39.100 / 59. 39.100
[stderr]   libavcodec     61. 19.100 / 61. 19.100
[stderr]   libavformat    61.  7.100 / 61.  7.100
[stderr]   libavdevice    61.  3.100 / 61.  3.100
[stderr]   libavfilter    10.  4.100 / 10.  4.100
[stderr]   libswscale      8.  3.100 /  8.  3.100
[stderr]   libswresample   5.  3.100 /  5.  3.100
[stderr]   libpostproc    58.  3.100 / 58.  3.100
[stderr] Input #0, mov,mp4,m4a,3gp,3g2,mj2, from '/Users/johndoe/Documents/company/video_ops/scripts/abstract_algebra_in_proof_assistant/04-set-equality/takes/take-mrhmharr/source.mp4':
[stderr]   Metadata:
[stderr]     major_brand     : qt  
[stderr]     minor_version   : 0
[stderr]     compatible_brands: qt  
[stderr]     creation_time   : 2026-07-12T09:54:07.000000Z
[stderr]   Duration: 00:06:08.94, start: 0.000000, bitrate: 2946 kb/s
[stderr]   Stream #0:0[0x1](und): Video: hevc (Main) (hvc1 / 0x31637668), yuv420p(tv, smpte170m/bt709/bt709), 640x480, 2834 kb/s, 29.95 fps, 29.83 tbr, 600 tbn (default)
[stderr]       Metadata:
[stderr]         creation_time   : 2026-07-12T09:54:07.000000Z
[stderr]         handler_name    : Core Media Video
[stderr]         vendor_id       : [0][0][0][0]
[stderr]         encoder         : HEVC
[stderr]       Side data:
[stderr]         displaymatrix: rotation of -180.00 degrees
[stderr]   Stream #0:1[0x2](und): Audio: aac (LC) (mp4a / 0x6134706D), 48000 Hz, mono, fltp, 100 kb/s (default)
[stderr]       Metadata:
[stderr]         creation_time   : 2026-07-12T09:54:07.000000Z
[stderr]         handler_name    : Core Media Audio
[stderr]         vendor_id       : [0][0][0][0]
[stderr]   Stream #0:2[0x3](und): Data: none (mebx / 0x7862656D) (default)
[stderr]       Metadata:
[stderr]         creation_time   : 2026-07-12T09:54:07.000000Z
[stderr]         handler_name    : Core Media Metadata
[stderr] Stream mapping:
[stderr]   Stream #0:0 -> #0:0 (hevc (native) -> h264 (libx264))
[stderr]   Stream #0:1 -> #0:1 (aac (native) -> aac (native))
[stderr] Press [q] to stop, [?] for help
[stderr] [libx264 @ 0x14b105ff0] using cpu capabilities: ARMv8 NEON
[stderr] [libx264 @ 0x14b105ff0] profile High, level 3.0, 4:2:0, 8-bit
[stderr] [libx264 @ 0x14b105ff0] 264 - core 164 r3108 31e19f9 - H.264/MPEG-4 AVC codec - Copyleft 2003-2023 - http://www.videolan.org/x264.html - options: cabac=1 ref=1 deblock=1:0:0 analyse=0x3:0x113 me=hex subme=2 psy=1 psy_rd=1.00:0.00 mixed_ref=0 me_range=16 chroma_me=1 trellis=0 8x8dct=1 cqm=0 deadzone=21,11 fast_pskip=1 chroma_qp_offset=0 threads=15 lookahead_threads=3 sliced_threads=0 nr=0 decimate=1 interlaced=0 bluray_compat=0 constrained_intra=0 bframes=3 b_pyramid=2 b_adapt=1 b_bias=0 direct=1 weightb=1 open_gop=0 weightp=1 keyint=250 keyint_min=25 scenecut=40 intra_refresh=0 rc_lookahead=10 rc=crf mbtree=1 crf=18.0 qcomp=0.60 qpmin=0 qpmax=69 qpstep=4 ip_ratio=1.40 aq=1:1.00
[stderr] Output #0, mp4, to '/Users/johndoe/Documents/company/video_ops/scripts/abstract_algebra_in_proof_assistant/04-set-equality/takes/take-mrhmharr/pipeline/cut/cut-mrhvutes/chunks/chunk-005.mp4':
[stderr]   Metadata:
[stderr]     major_brand     : qt  
[stderr]     minor_version   : 0
[stderr]     compatible_brands: qt  
[stderr]     encoder         : Lavf61.7.100
[stderr]   Stream #0:0(und): Video: h264 (avc1 / 0x31637661), yuv420p(tv, smpte170m/bt709/bt709, progressive), 640x480, q=2-31, 29.83 fps, 11456 tbn (default)
[stderr]       Metadata:
[stderr]         creation_time   : 2026-07-12T09:54:07.000000Z
[stderr]         handler_name    : Core Media Video
[stderr]         vendor_id       : [0][0][0][0]
[stderr]         encoder         : Lavc61.19.100 libx264
[stderr]       Side data:
[stderr]         cpb: bitrate max/min/avg: 0/0/0 buffer size: 0 vbv_delay: N/A
[stderr]   Stream #0:1(und): Audio: aac (LC) (mp4a / 0x6134706D), 48000 Hz, mono, fltp, 69 kb/s (default)
[stderr]       Metadata:
[stderr]         creation_time   : 2026-07-12T09:54:07.000000Z
[stderr]         handler_name    : Core Media Audio
[stderr]         vendor_id       : [0][0][0][0]
[stderr]         encoder         : Lavc61.19.100 aac
[stderr] [out#0/mp4 @ 0x14b1048e0] video:3377KiB audio:1KiB subtitle:0KiB other streams:0KiB global headers:0KiB muxing overhead: 0.158568%
[stderr] frame=  112 fps= 47 q=-1.0 Lsize=    3383KiB time=00:00:03.72 bitrate=7448.0kbits/s speed=1.55x    
[stderr] [libx264 @ 0x14b105ff0] frame I:1     Avg QP:23.09  size: 64979
[stderr] [libx264 @ 0x14b105ff0] frame P:44    Avg QP:23.62  size: 45496
[stderr] [libx264 @ 0x14b105ff0] frame B:67    Avg QP:26.45  size: 20750
[stderr] [libx264 @ 0x14b105ff0] consecutive B-frames: 13.4% 16.1% 13.4% 57.1%
[stderr] [libx264 @ 0x14b105ff0] mb I  I16..4:  0.6%  9.8% 89.7%
[stderr] [libx264 @ 0x14b105ff0] mb P  I16..4:  0.4%  2.9% 11.9%  P16..4: 24.3% 23.0% 37.0%  0.0%  0.0%    skip: 0.4%
[stderr] [libx264 @ 0x14b105ff0] mb B  I16..4:  0.2%  0.2%  0.2%  B16..8: 30.8% 19.3% 13.6%  direct:21.1%  skip:14.5%  L0:26.3% L1:29.5% BI:44.2%
[stderr] [libx264 @ 0x14b105ff0] 8x8 transform intra:18.9% inter:33.9%
[stderr] [libx264 @ 0x14b105ff0] coded y,uvDC,uvAC intra: 95.6% 71.2% 26.9% inter: 65.6% 23.5% 1.3%
[stderr] [libx264 @ 0x14b105ff0] i16 v,h,dc,p: 26% 23% 38% 13%
[stderr] [libx264 @ 0x14b105ff0] i8 v,h,dc,ddl,ddr,vr,hd,vl,hu: 20% 22% 14%  2% 10%  9%  9%  7%  7%
[stderr] [libx264 @ 0x14b105ff0] i4 v,h,dc,ddl,ddr,vr,hd,vl,hu: 14% 16% 14%  4% 16%  8% 11%  6% 10%
[stderr] [libx264 @ 0x14b105ff0] i8c dc,h,v,p: 51% 22% 20%  7%
[stderr] [libx264 @ 0x14b105ff0] Weighted P-Frames: Y:27.3% UV:2.3%
[stderr] [libx264 @ 0x14b105ff0] kb/s:7366.76
[stderr] [aac @ 0x14b16b3a0] Qavg: 65330.535
[stderr] ffmpeg version 7.1 Copyright (c) 2000-2024 the FFmpeg developers
[stderr]   built with Apple clang version 15.0.0 (clang-1500.1.0.2.5)
[stderr]   configuration: --prefix=/opt/homebrew/Cellar/ffmpeg/7.1_3 --enable-shared --enable-pthreads --enable-version3 --cc=clang --host-cflags= --host-ldflags='-Wl,-ld_classic' --enable-ffplay --enable-gnutls --enable-gpl --enable-libaom --enable-libaribb24 --enable-libbluray --enable-libdav1d --enable-libharfbuzz --enable-libjxl --enable-libmp3lame --enable-libopus --enable-librav1e --enable-librist --enable-librubberband --enable-libsnappy --enable-libsrt --enable-libssh --enable-libsvtav1 --enable-libtesseract --enable-libtheora --enable-libvidstab --enable-libvmaf --enable-libvorbis --enable-libvpx --enable-libwebp --enable-libx264 --enable-libx265 --enable-libxml2 --enable-libxvid --enable-lzma --enable-libfontconfig --enable-libfreetype --enable-frei0r --enable-libass --enable-libopencore-amrnb --enable-libopencore-amrwb --enable-libopenjpeg --enable-libspeex --enable-libsoxr --enable-libzmq --enable-libzimg --disable-libjack --disable-indev=jack --enable-videotoolbox --enable-audiotoolbox --enable-neon
[stderr]   libavutil      59. 39.100 / 59. 39.100
[stderr]   libavcodec     61. 19.100 / 61. 19.100
[stderr]   libavformat    61.  7.100 / 61.  7.100
[stderr]   libavdevice    61.  3.100 / 61.  3.100
[stderr]   libavfilter    10.  4.100 / 10.  4.100
[stderr]   libswscale      8.  3.100 /  8.  3.100
[stderr]   libswresample   5.  3.100 /  5.  3.100
[stderr]   libpostproc    58.  3.100 / 58.  3.100
[stderr] Input #0, mov,mp4,m4a,3gp,3g2,mj2, from '/Users/johndoe/Documents/company/video_ops/scripts/abstract_algebra_in_proof_assistant/04-set-equality/takes/take-mrhmharr/source.mp4':
[stderr]   Metadata:
[stderr]     major_brand     : qt  
[stderr]     minor_version   : 0
[stderr]     compatible_brands: [stderr] qt  
[stderr]     creation_time   : 2026-07-12T09:54:07.000000Z
[stderr]   Duration: 00:06:08.94, start: 0.000000, bitrate: 2946 kb/s
[stderr]   Stream #0:0[0x1](und): Video: hevc (Main) (hvc1 / 0x31637668), yuv420p(tv, smpte170m/bt709/bt709), 640x480, 2834 kb/s, 29.95 fps, 29.83 tbr, 600 tbn (default)
[stderr]       Metadata:
[stderr]         creation_time   : 2026-07-12T09:54:07.000000Z
[stderr]         handler_name    : Core Media Video
[stderr]         vendor_id       : [0][0][0][0]
[stderr]         encoder         : HEVC
[stderr]       Side data:
[stderr]         displaymatrix: rotation of -180.00 degrees
[stderr]   Stream #0:1[0x2](und): Audio: aac (LC) (mp4a / 0x6134706D), 48000 Hz, mono, fltp, 100 kb/s (default)
[stderr]       Metadata:
[stderr]         creation_time   : 2026-07-12T09:54:07.000000Z
[stderr]         handler_name    : Core Media Audio
[stderr]         vendor_id       : [0][0][0][0]
[stderr]   Stream #0:2[0x3](und): Data: none (mebx / 0x7862656D) (default)
[stderr]       Metadata:
[stderr]         creation_time   : 2026-07-12T09:54:07.000000Z
[stderr]         handler_name    : Core Media Metadata
[stderr] Stream mapping:
[stderr]   Stream #0:0 -> #0:0 (hevc (native) -> h264 (libx264))
[stderr]   Stream #0:1 -> #0:1 (aac (native) -> aac (native))
[stderr] Press [q] to stop, [?] for help
[stderr] [libx264 @ 0x157f10630] using cpu capabilities: ARMv8 NEON
[stderr] [libx264 @ 0x157f10630] profile High, level 3.0, 4:2:0, 8-bit
[stderr] [libx264 @ 0x157f10630] 264 - core 164 r3108 31e19f9 - H.264/MPEG-4 AVC codec - Copyleft 2003-2023 - http://www.videolan.org/x264.html - options: cabac=1 ref=1 deblock=1:0:0 analyse=0x3:0x113 me=hex subme=2 psy=1 psy_rd=1.00:0.00 mixed_ref=0 me_range=16 chroma_me=1 trellis=0 8x8dct=1 cqm=0 deadzone=21,11 fast_pskip=1 chroma_qp_offset=0 threads=15 lookahead_threads=3 sliced_threads=0 nr=0 decimate=1 interlaced=0 bluray_compat=0 constrained_intra=0 bframes=3 b_pyramid=2 b_adapt=1 b_bias=0 direct=1 weightb=1 open_gop=0 weightp=1 keyint=250 keyint_min=25 scenecut=40 intra_refresh=0 rc_lookahead=10 rc=crf mbtree=1 crf=18.0 qcomp=0.60 qpmin=0 qpmax=69 qpstep=4 ip_ratio=1.40 aq=1:1.00
[stderr] Output #0, mp4, to '/Users/johndoe/Documents/company/video_ops/scripts/abstract_algebra_in_proof_assistant/04-set-equality/takes/take-mrhmharr/pipeline/cut/cut-mrhvutes/chunks/chunk-006.mp4':
[stderr]   Metadata:
[stderr]     major_brand     : qt  
[stderr]     minor_version   : 0
[stderr]     compatible_brands: qt  
[stderr]     encoder         : Lavf61.7.100
[stderr]   Stream #0:0(und): Video: h264 (avc1 / 0x31637661), yuv420p(tv, smpte170m/bt709/bt709, progressive), 640x480, q=2-31, 29.83 fps, 11456 tbn (default)
[stderr]       Metadata:
[stderr]         creation_time   : 2026-07-12T09:54:07.000000Z
[stderr]         handler_name    : Core Media Video
[stderr]         vendor_id       : [0][0][0][0]
[stderr]         encoder         : Lavc61.19.100 libx264
[stderr]       Side data:
[stderr]         cpb: bitrate max/min/avg: 0/0/0 buffer size: 0 vbv_delay: N/A
[stderr]   Stream #0:1(und): Audio: aac (LC) (mp4a / 0x6134706D), 48000 Hz, mono, fltp, 69 kb/s (default)
[stderr]       Metadata:
[stderr]         creation_time   : 2026-07-12T09:54:07.000000Z
[stderr]         handler_name    : Core Media Audio
[stderr]         vendor_id       : [0][0][0][0]
[stderr]         encoder         : Lavc61.19.100 aac
[stderr] frame=  191 fps= 76 q=24.0 size=    5632KiB time=00:00:06.36 bitrate=7244.4kbits/s speed=2.54x    
[stderr] frame=  410 fps=137 q=24.0 size=   11520KiB time=00:00:13.70 bitrate=6883.7kbits/s dup=0 drop=1 speed=4.56x    
[stderr] [out#0/mp4 @ 0x157f059d0] video:16592KiB audio:4KiB subtitle:0KiB other streams:0KiB global headers:0KiB muxing overhead: 0.156710%
[stderr] frame=  701 fps=200 q=-1.0 Lsize=   16622KiB time=00:00:23.43 bitrate=5811.7kbits/s dup=0 drop=3 speed=6.69x    
[stderr] [libx264 @ 0x157f10630] frame I:4     Avg QP:19.58  size: 47646
[stderr] [libx264 @ 0x157f10630] frame P:268   Avg QP:21.30  size: 36541
[stderr] [libx264 @ 0x157f10630] frame B:429   Avg QP:25.23  size: 16330
[stderr] [libx264 @ 0x157f10630] consecutive B-frames: 11.6% 16.8% 11.1% 60.5%
[stderr] [libx264 @ 0x157f10630] mb I  I16..4: 11.9%  9.6% 78.5%
[stderr] [libx264 @ 0x157f10630] mb P  I16..4:  9.5%  4.9% 13.4%  P16..4: 19.5% 18.5% 28.2%  0.0%  0.0%    skip: 6.1%
[stderr] [libx264 @ 0x157f10630] mb B  I16..4:  1.5%  0.6%  1.1%  B16..8: 28.3% 16.9% 11.3%  direct:16.2%  skip:24.1%  L0:27.1% L1:29.6% BI:43.3%
[stderr] [libx264 @ 0x157f10630] 8x8 transform intra:17.4% inter:34.7%
[stderr] [libx264 @ 0x157f10630] coded y,uvDC,uvAC intra: 63.2% 54.9% 28.8% inter: 53.9% 24.2% 2.8%
[stderr] [libx264 @ 0x157f10630] i16 v,h,dc,p: 82%  8%  7%  3%
[stderr] [libx264 @ 0x157f10630] i8 v,h,dc,ddl,ddr,vr,hd,vl,hu: 28% 16% 19%  3%  7%  8%  6%  7%  6%
[stderr] [libx264 @ 0x157f10630] i4 v,h,dc,ddl,ddr,vr,hd,vl,hu: 17% 17% 14%  4% 14%  9%  9%  7% 10%
[stderr] [libx264 @ 0x157f10630] i8c dc,h,v,p: 62% 15% 16%  6%
[stderr] [libx264 @ 0x157f10630] Weighted P-Frames: Y:16.4% UV:2.6%
[stderr] [libx264 @ 0x157f10630] kb/s:5784.26
[stderr] [aac @ 0x158b69e00] Qavg: 65502.871
[stderr] ffmpeg version 7.1 Copyright (c) 2000-2024 the FFmpeg developers
[stderr]   built with Apple clang version 15.0.0 (clang-1500.1.0.2.5)
[stderr]   configuration: --prefix=/opt/homebrew/Cellar/ffmpeg/7.1_3 --enable-shared --enable-pthreads --enable-version3 --cc=clang --host-cflags= --host-ldflags='-Wl,-ld_classic' --enable-ffplay --enable-gnutls --enable-gpl --enable-libaom --enable-libaribb24 --enable-libbluray --enable-libdav1d --enable-libharfbuzz --enable-libjxl --enable-libmp3lame --enable-libopus --enable-librav1e --enable-librist --enable-librubberband --enable-libsnappy --enable-libsrt --enable-libssh --enable-libsvtav1 --enable-libtesseract --enable-libtheora --enable-libvidstab --enable-libvmaf --enable-libvorbis --enable-libvpx --enable-libwebp --enable-libx264 --enable-libx265 --enable-libxml2 --enable-libxvid --enable-lzma --enable-libfontconfig --enable-libfreetype --enable-frei0r --enable-libass --enable-libopencore-amrnb --enable-libopencore-amrwb --enable-libopenjpeg --enable-libspeex --enable-libsoxr --enable-libzmq --enable-libzimg --disable-libjack --disable-indev=jack --enable-videotoolbox --enable-audiotoolbox --enable-neon
[stderr]   libavutil      59. 39.100 / 59. 39.100
[stderr]   libavcodec     61. 19.100 / 61. 19.100
[stderr]   libavformat    61.  7.100 / 61.  7.100
[stderr]   libavdevice    61.  3.100 / 61.  3.100
[stderr]   libavfilter    10.  4.100 / 10.  4.100
[stderr]   libswscale      8.  3.100 /  8.  3.100
[stderr]   libswresample   5.  3.100 /  5.  3.100
[stderr]   libpostproc    58.  3.100 / 58.  3.100
[stderr] Input #0, mov,mp4,m4a,3gp,3g2,mj2, from '/Users/johndoe/Documents/company/video_ops/scripts/abstract_algebra_in_proof_assistant/04-set-equality/takes/take-mrhmharr/source.mp4':
[stderr]   Metadata:
[stderr]     major_brand     : qt  
[stderr]     minor_version   : 0
[stderr]     compatible_brands: qt  
[stderr]     creation_time   : 2026-07-12T09:54:07.000000Z
[stderr]   Duration: 00:06:08.94, start: 0.000000, bitrate: 2946 kb/s
[stderr]   Stream #0:0[0x1](und): Video: hevc (Main) (hvc1 / 0x31637668), yuv420p(tv, smpte170m/bt709/bt709), 640x480, 2834 kb/s, 29.95 fps, 29.83 tbr, 600 tbn (default)
[stderr]       Metadata:
[stderr]         creation_time   : 2026-07-12T09:54:07.000000Z
[stderr]         handler_name    : Core Media Video
[stderr]         vendor_id       : [0][0][0][0]
[stderr]         encoder         : HEVC
[stderr]       Side data:
[stderr]         displaymatrix: rotation of -180.00 degrees
[stderr]   Stream #0:1[0x2](und): Audio: aac (LC) (mp4a / 0x6134706D), 48000 Hz, mono, fltp, 100 kb/s (default)
[stderr]       Metadata:
[stderr]         creation_time   : 2026-07-12T09:54:07.000000Z
[stderr]         handler_name    : Core Media Audio
[stderr]         vendor_id       : [0][0][0][0]
[stderr]   Stream #0:2[0x3](und): Data: none (mebx / 0x7862656D) (default)
[stderr]       Metadata:
[stderr]         creation_time   : 2026-07-12T09:54:07.000000Z
[stderr]         handler_name    : Core Media Metadata
[stderr] Stream mapping:
[stderr]   Stream #0:0 -> #0:0 (hevc (native) -> h264 (libx264))
[stderr]   Stream #0:1 -> #0:1 (aac (native) -> aac (native))
[stderr] Press [q] to stop, [?] for help
[stderr] [libx264 @ 0x116f05190] using cpu capabilities: ARMv8 NEON
[stderr] [libx264 @ 0x116f05190] profile High, level 3.0, 4:2:0, 8-bit
[stderr] [libx264 @ 0x116f05190] 264 - core 164 r3108 31e19f9 - H.264/MPEG-4 AVC codec - Copyleft 2003-2023 - http://www.videolan.org/x264.html - options: cabac=1 ref=1 deblock=1:0:0 analyse=0x3:0x113 me=hex subme=2 psy=1 psy_rd=1.00:0.00 mixed_ref=0 me_range=16 chroma_me=1 trellis=0 8x8dct=1 cqm=0 deadzone=21,11 fast_pskip=1 chroma_qp_offset=0 threads=15 lookahead_threads=3 sliced_threads=0 nr=0 decimate=1 interlaced=0 bluray_compat=0 constrained_intra=0 bframes=3 b_pyramid=2 b_adapt=1 b_bias=0 direct=1 weightb=1 open_gop=0 weightp=1 keyint=250 keyint_min=25 scenecut=40 intra_refresh=0 rc_lookahead=10 rc=crf mbtree=1 crf=18.0 qcomp=0.60 qpmin=0 qpmax=69 qpstep=4 ip_ratio=1.40 aq=1:1.00
[stderr] Output #0, mp4, to '/Users/johndoe/Documents/company/video_ops/scripts/abstract_algebra_in_proof_assistant/04-set-equality/takes/take-mrhmharr/pipeline/cut/cut-mrhvutes/chunks/chunk-007.mp4':
[stderr]   Metadata:
[stderr]     major_brand     : qt  
[stderr]     minor_version   : 0
[stderr]     compatible_brands: qt  
[stderr]     encoder         : Lavf61.7.100
[stderr]   Stream #0:0(und): Video: h264 (avc1 / 0x31637661), yuv420p(tv, smpte170m/bt709/bt709, progressive), 640x480, q=2-31, 29.83 fps, 11456 tbn (default)
[stderr]       Metadata:
[stderr]         creation_time   : 2026-07-12T09:54:07.000000Z
[stderr]         handler_name    : Core Media Video
[stderr]         vendor_id       : [0][0][0][0]
[stderr]         encoder         : Lavc61.19.100 libx264
[stderr]       Side data:
[stderr]         cpb: bitrate max/min/avg: 0/0/0 buffer size: 0 vbv_delay: N/A
[stderr]   Stream #0:1(und): Audio: aac (LC) (mp4a / 0x6134706D), 48000 Hz, mono, fltp, 69 kb/s (default)
[stderr]       Metadata:
[stderr]         creation_time   : 2026-07-12T09:54:07.000000Z
[stderr]         handler_name    : Core Media Audio
[stderr]         vendor_id       : [0][0][0][0]
[stderr]         encoder         : Lavc61.19.100 aac
[stderr] frame=  205 fps= 68 q=24.0 size=    4352KiB time=00:00:06.77 bitrate=5265.4kbits/s speed=2.24x    
[stderr] frame=  462 fps=131 q=24.0 size=   10752KiB time=00:00:15.41 bitrate=5712.5kbits/s speed=4.38x    
[stderr] [out#0/mp4 @ 0x116f041e0] video:15546KiB audio:4KiB subtitle:0KiB other streams:0KiB global headers:0KiB muxing overhead: 0.155852%
[stderr] frame=  642 fps=167 q=-1.0 Lsize=   15574KiB time=00:00:21.45 bitrate=5947.1kbits/s speed=5.58x    
[stderr] [libx264 @ 0x116f05190] frame I:5     Avg QP:19.43  size: 56312
[stderr] [libx264 @ 0x116f05190] frame P:182   Avg QP:22.16  size: 40858
[stderr] [libx264 @ 0x116f05190] frame B:455   Avg QP:25.00  size: 18022
[stderr] [libx264 @ 0x116f05190] consecutive B-frames:  3.0%  5.9%  5.1% 86.0%
[stderr] [libx264 @ 0x116f05190] mb I  I16..4: 10.1%  7.2% 82.7%
[stderr] [libx264 @ 0x116f05190] mb P  I16..4:  5.8%  6.4% 22.3%  P16..4: 15.9% 17.7% 29.8%  0.0%  0.0%    skip: 2.0%
[stderr] [libx264 @ 0x116f05190] mb B  I16..4:  1.3%  0.6%  1.0%  B16..8: 28.7% 17.5% 14.6%  direct:16.4%  skip:19.9%  L0:27.3% L1:31.5% BI:41.2%
[stderr] [libx264 @ 0x116f05190] 8x8 transform intra:18.1% inter:31.1%
[stderr] [libx264 @ 0x116f05190] coded y,uvDC,uvAC intra: 77.3% 67.1% 37.8% inter: 53.4% 27.4% 3.8%
[stderr] [libx264 @ 0x116f05190] i16 v,h,dc,p: 77% 14%  7%  3%
[stderr] [libx264 @ 0x116f05190] i8 v,h,dc,ddl,ddr,vr,hd,vl,hu: 24% 16% 17%  3% 11%  9%  8%  6%  7%
[stderr] [libx264 @ 0x116f05190] i4 v,h,dc,ddl,ddr,vr,hd,vl,hu: 16% 17% 15%  4% 13%  8%  9%  7% 10%
[stderr] [libx264 @ 0x116f05190] i8c dc,h,v,p: 57% 17% 18%  8%
[stderr] [libx264 @ 0x116f05190] Weighted P-Frames: Y:18.7% UV:3.3%
[stderr] [libx264 @ 0x116f05190] kb/s:5917.59
[stderr] [aac @ 0x14811c8b0] Qavg: 65499.754
[stderr] ffmpeg version 7.1 Copyright (c) 2000-2024 the FFmpeg developers
[stderr]   built with Apple clang version 15.0.0 (clang-1500.1.0.2.5)
[stderr]   configuration: --prefix=/opt/homebrew/Cellar/ffmpeg/7.1_3 --enable-shared --enable-pthreads --enable-version3 --cc=clang --host-cflags= --host-ldflags='-Wl,-ld_classic' --enable-ffplay --enable-gnutls --enable-gpl --enable-libaom --enable-libaribb24 --enable-libbluray --enable-libdav1d --enable-libharfbuzz --enable-libjxl --enable-libmp3lame --enable-libopus --enable-librav1e --enable-librist --enable-librubberband --enable-libsnappy --enable-libsrt --enable-libssh --enable-libsvtav1 --enable-libtesseract --enable-libtheora --enable-libvidstab --enable-libvmaf --enable-libvorbis --enable-libvpx --enable-libwebp --enable-libx264 --enable-libx265 --enable-libxml2 --enable-libxvid --enable-lzma --enable-libfontconfig --enable-libfreetype --enable-frei0r --enable-libass --enable-libopencore-amrnb --enable-libopencore-amrwb --enable-libopenjpeg --enable-libspeex --enable-libsoxr --enable-libzmq --enable-libzimg --disable-libjack --disable-indev=jack --enable-videotoolbox --enable-audiotoolbox --enable-neon
[stderr]   libavutil      59. 39.100 / 59. 39.100
[stderr]   libavcodec     61. 19.100 / 61. 19.100
[stderr]   libavformat    61.  7.100 / 61.  7.100
[stderr]   libavdevice    61.  3.100 / 61.  3.100
[stderr]   libavfilter    10.  4.100 / 10.  4.100
[stderr]   libswscale      8.  3.100 /  8.  3.100
[stderr]   libswresample   5.  3.100 /  5.  3.100
[stderr]   libpostproc    58.  3.100 / 58.  3.100
[stderr] Input #0, mov,mp4,m4a,3gp,3g2,mj2, from '/Users/johndoe/Documents/company/video_ops/scripts/abstract_algebra_in_proof_assistant/04-set-equality/takes/take-mrhmharr/source.mp4':
[stderr]   Metadata:
[stderr]     major_brand     : qt  
[stderr]     minor_version   : 0
[stderr]     compatible_brands: qt  
[stderr]     creation_time   : 2026-07-12T09:54:07.000000Z
[stderr]   Duration: 00:06:08.94, start: 0.000000, bitrate: 2946 kb/s
[stderr]   Stream #0:0[0x1](und): Video: hevc (Main) (hvc1 / 0x31637668), yuv420p(tv, smpte170m/bt709/bt709), 640x480, 2834 kb/s, 29.95 fps, 29.83 tbr, 600 tbn (default)
[stderr]       Metadata:
[stderr]         creation_time   : 2026-07-12T09:54:07.000000Z
[stderr]         handler_name    : Core Media Video
[stderr]         vendor_id       : [0][0][0][0]
[stderr]         encoder         : HEVC
[stderr]       Side data:
[stderr]         displaymatrix: rotation of -180.00 degrees
[stderr]   Stream #0:1[0x2](und): Audio: aac (LC) (mp4a / 0x6134706D), 48000 Hz, mono, fltp, 100 kb/s (default)
[stderr]       Metadata:
[stderr]         creation_time   : 2026-07-12T09:54:07.000000Z
[stderr]         handler_name    : Core Media Audio
[stderr]         vendor_id       : [0][0][0][0]
[stderr]   Stream #0:2[0x3](und): Data: none (mebx / 0x7862656D) (default)
[stderr]       Metadata:
[stderr]         creation_time   : 2026-07-12T09:54:07.000000Z
[stderr]         handler_name    : Core Media Metadata
[stderr] Stream mapping:
[stderr]   Stream #0:0 -> #0:0 (hevc (native) -> h264 (libx264))
[stderr]   Stream #0:1 -> #0:1 (aac (native) -> aac (native))
[stderr] Press [q] to stop, [?] for help
[stderr] [libx264 @ 0x15d20f740] using cpu capabilities: ARMv8 NEON
[stderr] [libx264 @ 0x15d20f740] profile High, level 3.0, 4:2:0, 8-bit
[stderr] [libx264 @ 0x15d20f740] 264 - core 164 r3108 31e19f9 - H.264/MPEG-4 AVC codec - Copyleft 2003-2023 - http://www.videolan.org/x264.html - options: cabac=1 ref=1 deblock=1:0:0 analyse=0x3:0x113 me=hex subme=2 psy=1 psy_rd=1.00:0.00 mixed_ref=0 me_range=16 chroma_me=1 trellis=0 8x8dct=1 cqm=0 deadzone=21,11 fast_pskip=1 chroma_qp_offset=0 threads=15 lookahead_threads=3 sliced_threads=0 nr=0 decimate=1 interlaced=0 bluray_compat=0 constrained_intra=0 bframes=3 b_pyramid=2 b_adapt=1 b_bias=0 direct=1 weightb=1 open_gop=0 weightp=1 keyint=250 keyint_min=25 scenecut=40 intra_refresh=0 rc_lookahead=10 rc=crf mbtree=1 crf=18.0 qcomp=0.60 qpmin=0 qpmax=69 qpstep=4 ip_ratio=1.40 aq=1:1.00
[stderr] Output #0, mp4, to '/Users/johndoe/Documents/company/video_ops/scripts/abstract_algebra_in_proof_assistant/04-set-equality/takes/take-mrhmharr/pipeline/cut/cut-mrhvutes/chunks/chunk-008.mp4':
[stderr]   Metadata:
[stderr]     major_brand     : qt  
[stderr]     minor_version   : 0
[stderr]     compatible_brands: qt  
[stderr]     encoder         : Lavf61.7.100
[stderr]   Stream #0:0(und): Video: h264 (avc1 / 0x31637661), yuv420p(tv, smpte170m/bt709/bt709, progressive), 640x480, q=2-31, 29.83 fps, 11456 tbn (default)
[stderr]       Metadata:
[stderr]         creation_time   : 2026-07-12T09:54:07.000000Z
[stderr]         handler_name    : Core Media Video
[stderr]         vendor_id       : [0][0][0][0]
[stderr]         encoder         : Lavc61.19.100 libx264
[stderr]       Side data:
[stderr]         cpb: bitrate max/min/avg: 0/0/0 buffer size: 0 vbv_delay: N/A
[stderr]   Stream #0:1(und): Audio: aac (LC) (mp4a / 0x6134706D), 48000 Hz, mono, fltp, 69 kb/s (default)
[stderr]       Metadata:
[stderr]         creation_time   : 2026-07-12T09:54:07.000000Z
[stderr]         handler_name    : Core Media Audio
[stderr]         vendor_id       : [0][0][0][0]
[stderr]         encoder         : Lavc61.19.100 aac
[stderr] frame=   14 fps=4.7 q=24.0 size=     256KiB time=00:00:00.40 bitrate=5214.7kbits/s speed=0.134x    
[stderr] frame=  257 fps= 73 q=24.0 size=    7168KiB time=00:00:08.54 bitrate=6869.9kbits/s speed=2.43x    
[stderr] [out#0/mp4 @ 0x15d204b50] video:12993KiB audio:3KiB subtitle:0KiB other streams:0KiB global headers:0KiB muxing overhead: 0.145295%
[stderr] frame=  494 fps=126 q=-1.0 Lsize=   13015KiB time=00:00:16.49 bitrate=6465.1kbits/s speed=4.19x    
[stderr] [libx264 @ 0x15d20f740] frame I:5     Avg QP:20.93  size: 49915
[stderr] [libx264 @ 0x15d20f740] frame P:160   Avg QP:23.00  size: 39680
[stderr] [libx264 @ 0x15d20f740] frame B:329   Avg QP:25.44  size: 20383
[stderr] [libx264 @ 0x15d20f740] consecutive B-frames:  6.9% 10.9%  6.1% 76.1%
[stderr] [libx264 @ 0x15d20f740] mb I  I16..4:  4.1% 12.1% 83.8%
[stderr] [libx264 @ 0x15d20f740] mb P  I16..4:  3.2%  8.7% 29.1%  P16..4: 15.7% 17.1% 25.4%  0.0%  0.0%    skip: 0.9%
[stderr] [libx264 @ 0x15d20f740] mb B  I16..4:  0.8%  2.2%  3.7%  B16..8: 28.5% 20.5% 15.0%  direct:16.9%  skip:12.3%  L0:30.6% L1:31.1% BI:38.2%
[stderr] [libx264 @ 0x15d20f740] 8x8 transform intra:23.5% inter:36.3%
[stderr] [libx264 @ 0x15d20f740] coded y,uvDC,uvAC intra: 89.0% 78.7% 43.3% inter: 61.8% 34.7% 4.8%
[stderr] [libx264 @ 0x15d20f740] i16 v,h,dc,p: 62% 12% 18%  9%
[stderr] [libx264 @ 0x15d20f740] i8 v,h,dc,ddl,ddr,vr,hd,vl,hu: 24% 17% 15%  3%  8%  9%  7%  8%  9%
[stderr] [libx264 @ 0x15d20f740] i4 v,h,dc,ddl,ddr,vr,hd,vl,hu: 15% 18% 13%  4% 14%  9% 10%  7% 10%
[stderr] [libx264 @ 0x15d20f740] i8c dc,h,v,p: 48% 21% 21% 11%
[stderr] [libx264 @ 0x15d20f740] Weighted P-Frames: Y:20.0% UV:6.2%
[stderr] [libx264 @ 0x15d20f740] kb/s:6427.71
[stderr] [aac @ 0x15d26e5f0] Qavg: 65488.934
[stderr] ffmpeg version 7.1 Copyright (c) 2000-2024 the FFmpeg developers
[stderr]   built with Apple clang version 15.0.0 (clang-1500.1.0.2.5)
[stderr]   configuration: --prefix=/opt/homebrew/Cellar/ffmpeg/7.1_3 --enable-shared --enable-pthreads --enable-version3 --cc=clang --host-cflags= --host-ldflags='-Wl,-ld_classic' --enable-ffplay --enable-gnutls --enable-gpl --enable-libaom --enable-libaribb24 --enable-libbluray --enable-libdav1d --enable-libharfbuzz --enable-libjxl --enable-libmp3lame --enable-libopus --enable-librav1e --enable-librist --enable-librubberband --enable-libsnappy --enable-libsrt --enable-libssh --enable-libsvtav1 --enable-libtesseract --enable-libtheora --enable-libvidstab --enable-libvmaf --enable-libvorbis --enable-libvpx --enable-libwebp --enable-libx264 --enable-libx265 --enable-libxml2 --enable-libxvid --enable-lzma --enable-libfontconfig --enable-libfreetype --enable-frei0r --enable-libass --enable-libopencore-amrnb --enable-libopencore-amrwb --enable-libopenjpeg --enable-libspeex --enable-libsoxr --enable-libzmq --enable-libzimg --disable-libjack --disable-indev=jack --enable-videotoolbox --enable-audiotoolbox --enable-neon
[stderr]   libavutil      59. 39.100 / 59. 39.100
[stderr]   libavcodec     61. 19.100 / 61. 19.100
[stderr]   libavformat    61.  7.100 / 61.  7.100
[stderr]   libavdevice    61.  3.100 / 61.  3.100
[stderr]   libavfilter    10.  4.100 / 10.  4.100
[stderr]   libswscale      8.  3.100 /  8.  3.100
[stderr]   libswresample   5.  3.100 /  5.  3.100
[stderr]   libpostproc    58.  3.100 / 58.  3.100
[stderr] Input #0, mov,mp4,m4a,3gp,3g2,mj2, from '/Users/johndoe/Documents/company/video_ops/scripts/abstract_algebra_in_proof_assistant/04-set-equality/takes/take-mrhmharr/source.mp4':
[stderr]   Metadata:
[stderr]     major_brand     : qt  
[stderr]     minor_version   : 0
[stderr]     compatible_brands: qt  
[stderr]     creation_time   : 2026-07-12T09:54:07.000000Z
[stderr]   Duration: 00:06:08.94, start: 0.000000, bitrate: 2946 kb/s
[stderr]   Stream #0:0[0x1](und): Video: hevc (Main) (hvc1 / 0x31637668), yuv420p(tv, smpte170m/bt709/bt709), 640x480, 2834 kb/s, 29.95 fps, 29.83 tbr, 600 tbn (default)
[stderr]       Metadata:
[stderr]         creation_time   : 2026-07-12T09:54:07.000000Z
[stderr]         handler_name    : Core Media Video
[stderr]         vendor_id       : [0][0][0][0]
[stderr]         encoder         : HEVC
[stderr]       Side data:
[stderr]         displaymatrix: rotation of -180.00 degrees
[stderr]   Stream #0:1[0x2](und): Audio: aac (LC) (mp4a / 0x6134706D), 48000 Hz, mono, fltp, 100 kb/s (default)
[stderr]       Metadata:
[stderr]         creation_time   : 2026-07-12T09:54:07.000000Z
[stderr]         handler_name    : Core Media Audio
[stderr]         vendor_id       : [0][0][0][0]
[stderr]   Stream #0:2[0x3](und): Data: none (mebx / 0x7862656D) (default)
[stderr]       Metadata:
[stderr]         creation_time   : 2026-07-12T09:54:07.000000Z
[stderr]         handler_name    : Core Media Metadata
[stderr] Stream mapping:
[stderr]   Stream #0:0 -> #0:0 (hevc (native) -> h264 (libx264))
[stderr]   Stream #0:1 -> #0:1 (aac (native) -> aac (native))
[stderr] Press [q] to stop, [?] for help
[stderr] [libx264 @ 0x131e0f240] using cpu capabilities: ARMv8 NEON
[stderr] [libx264 @ 0x131e0f240] profile High, level 3.0, 4:2:0, 8-bit
[stderr] [libx264 @ 0x131e0f240] 264 - core 164 r3108 31e19f9 - H.264/MPEG-4 AVC codec - Copyleft 2003-2023 - http://www.videolan.org/x264.html - options: cabac=1 ref=1 deblock=1:0:0 analyse=0x3:0x113 me=hex subme=2 psy=1 psy_rd=1.00:0.00 mixed_ref=0 me_range=16 chroma_me=1 trellis=0 8x8dct=1 cqm=0 deadzone=21,11 fast_pskip=1 chroma_qp_offset=0 threads=15 lookahead_threads=3 sliced_threads=0 nr=0 decimate=1 interlaced=0 bluray_compat=0 constrained_intra=0 bframes=3 b_pyramid=2 b_adapt=1 b_bias=0 direct=1 weightb=1 open_gop=0 weightp=1 keyint=250 keyint_min=25 scenecut=40 intra_refresh=0 rc_lookahead=10 rc=crf mbtree=1 crf=18.0 qcomp=0.60 qpmin=0 qpmax=69 qpstep=4 ip_ratio=1.40 aq=1:1.00
[stderr] Output #0, mp4, to '/Users/johndoe/Documents/company/video_ops/scripts/abstract_algebra_in_proof_assistant/04-set-equality/takes/take-mrhmharr/pipeline/cut/cut-mrhvutes/chunks/chunk-009.mp4':
[stderr]   Metadata:
[stderr]     major_brand     : qt  
[stderr]     minor_version   : 0
[stderr]     compatible_brands: qt  
[stderr]     encoder         : Lavf61.7.100
[stderr]   Stream #0:0(und): Video: h264 (avc1 / 0x31637661), yuv420p(tv, smpte170m/bt709/bt709, progressive), 640x480, q=2-31, 29.83 fps, 11456 tbn (default)
[stderr]       Metadata:
[stderr]         creation_time   : 2026-07-12T09:54:07.000000Z
[stderr]         handler_name    : Core Media Video
[stderr]         vendor_id       : [0][0][0][0]
[stderr]         encoder         : Lavc61.19.100 libx264
[stderr]       Side data:
[stderr]         cpb: bitrate max/min/avg: 0/0/0 buffer size: 0 vbv_delay: N/A
[stderr]   Stream #0:1(und): Audio: aac (LC) (mp4a / 0x6134706D), 48000 Hz, mono, fltp, 69 kb/s (default)
[stderr]       Metadata:
[stderr]         creation_time   : 2026-07-12T09:54:07.000000Z
[stderr]         handler_name    : Core Media Audio
[stderr]         vendor_id       : [0][0][0][0]
[stderr]         encoder         : Lavc61.19.100 aac
[stderr] frame=   11 fps=3.1 q=24.0 size=       0KiB time=00:00:00.30 bitrate=   1.3kbits/s speed=0.0857x    
[stderr] [out#0/mp4 @ 0x131e04590] video:1106KiB audio:0KiB subtitle:0KiB other streams:0KiB global headers:0KiB muxing overhead: 0.327985%
[stderr] frame=   63 fps= 18 q=-1.0 Lsize=    1110KiB time=00:00:02.04 bitrate=4447.4kbits/s speed=0.572x    
[stderr] [libx264 @ 0x131e0f240] frame I:1     Avg QP:19.83  size: 48347
[stderr] [libx264 @ 0x131e0f240] frame P:23    Avg QP:20.46  size: 30975
[stderr] [libx264 @ 0x131e0f240] frame B:39    Avg QP:24.86  size:  9516
[stderr] [libx264 @ 0x131e0f240] consecutive B-frames:  9.5% 19.0% 14.3% 57.1%
[stderr] [libx264 @ 0x131e0f240] mb I  I16..4: 14.8%  8.8% 76.3%
[stderr] [libx264 @ 0x131e0f240] mb P  I16..4: 13.2%  3.0%  4.9%  P16..4: 23.9% 21.5% 31.0%  0.0%  0.0%    skip: 2.6%
[stderr] [libx264 @ 0x131e0f240] mb B  I16..4:  3.3%  0.2%  0.1%  B16..8: 30.2% 16.4%  6.7%  direct:15.1%  skip:28.0%  L0:25.0% L1:33.8% BI:41.2%
[stderr] [libx264 @ 0x131e0f240] 8x8 transform intra:11.7% inter:30.2%
[stderr] [libx264 @ 0x131e0f240] coded y,uvDC,uvAC intra: 39.1% 37.4% 24.2% inter: 46.0% 20.3% 3.7%
[stderr] [libx264 @ 0x131e0f240] i16 v,h,dc,p: 85%  5% 10%  1%
[stderr] [libx264 @ 0x131e0f240] i8 v,h,dc,ddl,ddr,vr,hd,vl,hu: 27% 14% 24%  2%  7%  7%  6%  7%  6%
[stderr] [libx264 @ 0x131e0f240] i4 v,h,dc,ddl,ddr,vr,hd,vl,hu: 18% 18% 16%  4% 12%  7% 10%  7%  9%
[stderr] [libx264 @ 0x131e0f240] i8c dc,h,v,p: 75%  9% 12%  5%
[stderr] [libx264 @ 0x131e0f240] Weighted P-Frames: Y:21.7% UV:0.0%
[stderr] [libx264 @ 0x131e0f240] kb/s:4287.95
[stderr] [aac @ 0x143168890] Qavg: 65166.574
[stderr] ffmpeg version 7.1 Copyright (c) 2000-2024 the FFmpeg developers
[stderr]   built with Apple clang version 15.0.0 (clang-1500.1.0.2.5)
[stderr]   configuration: --prefix=/opt/homebrew/Cellar/ffmpeg/7.1_3 --enable-shared --enable-pthreads --enable-version3 --cc=clang --host-cflags= --host-ldflags='-Wl,-ld_classic' --enable-ffplay --enable-gnutls --enable-gpl --enable-libaom --enable-libaribb24 --enable-libbluray --enable-libdav1d --enable-libharfbuzz --enable-libjxl --enable-libmp3lame --enable-libopus --enable-librav1e --enable-librist --enable-librubberband --enable-libsnappy --enable-libsrt --enable-libssh --enable-libsvtav1 --enable-libtesseract --enable-libtheora --enable-libvidstab --enable-libvmaf --enable-libvorbis --enable-libvpx --enable-libwebp --enable-libx264 --enable-libx265 --enable-libxml2 --enable-libxvid --enable-lzma --enable-libfontconfig --enable-libfreetype --enable-frei0r --enable-libass --enable-libopencore-amrnb --enable-libopencore-amrwb --enable-libopenjpeg --enable-libspeex --enable-libsoxr --enable-libzmq --enable-libzimg --disable-libjack --disable-indev=jack --enable-videotoolbox --enable-audiotoolbox --enable-neon
[stderr]   libavutil      59. 39.100 / 59. 39.100
[stderr]   libavcodec     61. 19.100 / 61. 19.100
[stderr]   libavformat    61.  7.100 / 61.  7.100
[stderr]   libavdevice    61.  3.100 / 61.  3.100
[stderr]   libavfilter    10.  4.100 / 10.  4.100
[stderr]   libswscale      8.  3.100 /  8.  3.100
[stderr]   libswresample   5.  3.100 /  5.  3.100
[stderr]   libpostproc    58.  3.100 / 58.  3.100
[stderr] Input #0, mov,mp4,m4a,3gp,3g2,mj2, from '/Users/johndoe/Documents/company/video_ops/scripts/abstract_algebra_in_proof_assistant/04-set-equality/takes/take-mrhmharr/source.mp4':
[stderr]   Metadata:
[stderr]     major_brand     : qt  
[stderr]     minor_version   : 0
[stderr]     compatible_brands: qt  
[stderr]     creation_time   : 2026-07-12T09:54:07.000000Z
[stderr]   Duration: 00:06:08.94, start: 0.000000, bitrate: 2946 kb/s
[stderr]   Stream #0:0[0x1](und): Video: hevc (Main) (hvc1 / 0x31637668), yuv420p(tv, smpte170m/bt709/bt709), 640x480, 2834 kb/s, 29.95 fps, 29.83 tbr, 600 tbn (default)
[stderr]       Metadata:
[stderr]         creation_time   : 2026-07-12T09:54:07.000000Z
[stderr]         handler_name    : Core Media Video
[stderr]         vendor_id       : [0][0][0][0]
[stderr]         encoder         : HEVC
[stderr]       Side data:
[stderr]         displaymatrix: rotation of -180.00 degrees
[stderr]   Stream #0:1[0x2](und): Audio: aac (LC) (mp4a / 0x6134706D), 48000 Hz, mono, fltp, 100 kb/s (default)
[stderr]       Metadata:
[stderr]         creation_time   : 2026-07-12T09:54:07.000000Z
[stderr]         handler_name    : Core Media Audio
[stderr]         vendor_id       : [0][0][0][0]
[stderr]   Stream #0:2[0x3](und): Data: none (mebx / 0x7862656D) (default)
[stderr]       Metadata:
[stderr]         creation_time   : 2026-07-12T09:54:07.000000Z
[stderr]         handler_name    : Core Media Metadata
[stderr] Stream mapping:
[stderr]   Stream #0:0 -> #0:0 (hevc (native) -> h264 (libx264))
[stderr]   Stream #0:1 -> #0:1[stderr]  (aac (native) -> aac (native))
[stderr] Press [q] to stop, [?] for help
[stderr] [libx264 @ 0x121904e20] using cpu capabilities: ARMv8 NEON
[stderr] [libx264 @ 0x121904e20] profile High, level 3.0, 4:2:0, 8-bit
[stderr] [libx264 @ 0x121904e20] 264 - core 164 r3108 31e19f9 - H.264/MPEG-4 AVC codec - Copyleft 2003-2023 - http://www.videolan.org/x264.html - options: cabac=1 ref=1 deblock=1:0:0 analyse=0x3:0x113 me=hex subme=2 psy=1 psy_rd=1.00:0.00 mixed_ref=0 me_range=16 chroma_me=1 trellis=0 8x8dct=1 cqm=0 deadzone=21,11 fast_pskip=1 chroma_qp_offset=0 threads=15 lookahead_threads=3 sliced_threads=0 nr=0 decimate=1 interlaced=0 bluray_compat=0 constrained_intra=0 bframes=3 b_pyramid=2 b_adapt=1 b_bias=0 direct=1 weightb=1 open_gop=0 weightp=1 keyint=250 keyint_min=25 scenecut=40 intra_refresh=0 rc_lookahead=10 rc=crf mbtree=1 crf=18.0 qcomp=0.60 qpmin=0 qpmax=69 qpstep=4 ip_ratio=1.40 aq=1:1.00
[stderr] Output #0, mp4, to '/Users/johndoe/Documents/company/video_ops/scripts/abstract_algebra_in_proof_assistant/04-set-equality/takes/take-mrhmharr/pipeline/cut/cut-mrhvutes/chunks/chunk-010.mp4':
[stderr]   Metadata:
[stderr]     major_brand     : qt  
[stderr]     minor_version   : 0
[stderr]     compatible_brands: qt  
[stderr]     encoder         : Lavf61.7.100
[stderr]   Stream #0:0(und): Video: h264 (avc1 / 0x31637661), yuv420p(tv, smpte170m/bt709/bt709, progressive), 640x480, q=2-31, 29.83 fps, 11456 tbn (default)
[stderr]       Metadata:
[stderr]         creation_time   : 2026-07-12T09:54:07.000000Z
[stderr]         handler_name    : Core Media Video
[stderr]         vendor_id       : [0][0][0][0]
[stderr]         encoder         : Lavc61.19.100 libx264
[stderr]       Side data:
[stderr]         cpb: bitrate max/min/avg: 0/0/0 buffer size: 0 vbv_delay: N/A
[stderr]   Stream #0:1(und): Audio: aac (LC) (mp4a / 0x6134706D), 48000 Hz, mono, fltp, 69 kb/s (default)
[stderr]       Metadata:
[stderr]         creation_time   : 2026-07-12T09:54:07.000000Z
[stderr]         handler_name    : Core Media Audio
[stderr]         vendor_id       : [0][0][0][0]
[stderr]         encoder         : Lavc61.19.100 aac
[stderr] frame=  108 fps= 31 q=24.0 size=    1792KiB time=00:00:03.55 bitrate=4131.8kbits/s speed=1.01x    
[stderr] [out#0/mp4 @ 0x121b04320] video:4882KiB audio:2KiB subtitle:0KiB other streams:0KiB global headers:0KiB muxing overhead: 0.206785%
[stderr] frame=  246 fps= 66 q=-1.0 Lsize=    4893KiB time=00:00:08.14 bitrate=4921.3kbits/s speed=2.19x    
[stderr] [libx264 @ 0x121904e20] frame I:1     Avg QP:18.92  size: 69275
[stderr] [libx264 @ 0x121904e20] frame P:90    Avg QP:20.87  size: 37603
[stderr] [libx264 @ 0x121904e20] frame B:155   Avg QP:25.21  size:  9965
[stderr] [libx264 @ 0x121904e20] consecutive B-frames:  4.5% 29.3% 15.9% 50.4%
[stderr] [libx264 @ 0x121904e20] mb I  I16..4: 19.2%  6.2% 74.6%
[stderr] [libx264 @ 0x121904e20] mb P  I16..4:  8.8%  2.4%  3.4%  P16..4: 24.8% 22.6% 34.5%  0.0%  0.0%    skip: 3.5%
[stderr] [libx264 @ 0x121904e20] mb B  I16..4:  2.1%  0.2%  0.0%  B16..8: 30.5% 16.2%  7.5%  direct:14.3%  skip:29.2%  L0:22.9% L1:32.3% BI:44.8%
[stderr] [libx264 @ 0x121904e20] 8x8 transform intra:14.2% inter:25.8%
[stderr] [libx264 @ 0x121904e20] coded y,uvDC,uvAC intra: 37.8% 34.7% 21.0% inter: 46.1% 19.6% 3.2%
[stderr] [libx264 @ 0x121904e20] i16 v,h,dc,p: 80% 11%  8%  1%
[stderr] [libx264 @ 0x121904e20] i8 v,h,dc,ddl,ddr,vr,hd,vl,hu: 26% 13% 27%  2% 10%  8%  7%  5%  5%
[stderr] [libx264 @ 0x121904e20] i4 v,h,dc,ddl,ddr,vr,hd,vl,hu: 17% 16% 19%  4% 12%  8%  9%  7% 10%
[stderr] [libx264 @ 0x121904e20] i8c dc,h,v,p: 76%  9% 12%  3%
[stderr] [libx264 @ 0x121904e20] Weighted P-Frames: Y:14.4% UV:1.1%
[stderr] [libx264 @ 0x121904e20] kb/s:4849.10
[stderr] [aac @ 0x120f137a0] Qavg: 65441.500
[stderr] ffmpeg version 7.1 Copyright (c) 2000-2024 the FFmpeg developers
[stderr]   built with Apple clang version 15.0.0 (clang-1500.1.0.2.5)
[stderr]   configuration: --prefix=/opt/homebrew/Cellar/ffmpeg/7.1_3 --enable-shared --enable-pthreads --enable-version3 --cc=clang --host-cflags= --host-ldflags='-Wl,-ld_classic' --enable-ffplay --enable-gnutls --enable-gpl --enable-libaom --enable-libaribb24 --enable-libbluray --enable-libdav1d --enable-libharfbuzz --enable-libjxl --enable-libmp3lame --enable-libopus --enable-librav1e --enable-librist --enable-librubberband --enable-libsnappy --enable-libsrt --enable-libssh --enable-libsvtav1 --enable-libtesseract --enable-libtheora --enable-libvidstab --enable-libvmaf --enable-libvorbis --enable-libvpx --enable-libwebp --enable-libx264 --enable-libx265 --enable-libxml2 --enable-libxvid --enable-lzma --enable-libfontconfig --enable-libfreetype --enable-frei0r --enable-libass --enable-libopencore-amrnb --enable-libopencore-amrwb --enable-libopenjpeg --enable-libspeex --enable-libsoxr --enable-libzmq --enable-libzimg --disable-libjack --disable-indev=jack --enable-videotoolbox --enable-audiotoolbox --enable-neon
[stderr]   libavutil      59. 39.100 / 59. 39.100
[stderr]   libavcodec     61. 19.100 / 61. 19.100
[stderr]   libavformat    61.  7.100 / 61.  7.100
[stderr]   libavdevice    61.  3.100 / 61.  3.100
[stderr]   libavfilter    10.  4.100 / 10.  4.100
[stderr]   libswscale      8.  3.100 /  8.  3.100
[stderr]   libswresample   5.  3.100 /  5.  3.100
[stderr]   libpostproc    58.  3.100 / 58.  3.100
[stderr] Input #0, mov,mp4,m4a,3gp,3g2,mj2, from '/Users/johndoe/Documents/company/video_ops/scripts/abstract_algebra_in_proof_assistant/04-set-equality/takes/take-mrhmharr/source.mp4':
[stderr]   Metadata:
[stderr]     major_brand     : qt  
[stderr]     minor_version   : 0
[stderr]     compatible_brands: qt  
[stderr]     creation_time   : 2026-07-12T09:54:07.000000Z
[stderr]   Duration: 00:06:08.94, start: 0.000000, bitrate: 2946 kb/s
[stderr]   Stream #0:0[0x1](und): Video: hevc (Main) (hvc1 / 0x31637668), yuv420p(tv, smpte170m/bt709/bt709), 640x480, 2834 kb/s, 29.95 fps, 29.83 tbr, 600 tbn (default)
[stderr]       Metadata:
[stderr]         creation_time   : 2026-07-12T09:54:07.000000Z
[stderr]         handler_name    : Core Media Video
[stderr]         vendor_id       : [0][0][0][0]
[stderr]         encoder         : HEVC
[stderr]       Side data:
[stderr]         displaymatrix: rotation of -180.00 degrees
[stderr]   Stream #0:1[0x2](und): Audio: aac (LC) (mp4a / 0x6134706D), 48000 Hz, mono, fltp, 100 kb/s (default)
[stderr]       Metadata:
[stderr]         creation_time   : 2026-07-12T09:54:07.000000Z
[stderr]         handler_name    : Core Media Audio
[stderr]         vendor_id       : [0][0][0][0]
[stderr]   Stream #0:2[0x3](und): Data: none (mebx / 0x7862656D) (default)
[stderr]       Metadata:
[stderr]         creation_time   : 2026-07-12T09:54:07.000000Z
[stderr]         handler_name    : Core Media Metadata
[stderr] Stream mapping:
[stderr]   Stream #0:0 -> #0:0 (hevc (native) -> h264 (libx264))
[stderr]   Stream #0:1 -> #0:1 (aac (native) -> aac (native))
[stderr] Press [q] to stop, [?] for help
[stderr] [libx264 @ 0x137010760] using cpu capabilities: ARMv8 NEON
[stderr] [libx264 @ 0x137010760] profile High, level 3.0, 4:2:0, 8-bit
[stderr] [libx264 @ 0x137010760] 264 - core 164 r3108 31e19f9 - H.264/MPEG-4 AVC codec - Copyleft 2003-2023 - http://www.videolan.org/x264.html - options: cabac=1 ref=1 deblock=1:0:0 analyse=0x3:0x113 me=hex subme=2 psy=1 psy_rd=1.00:0.00 mixed_ref=0 me_range=16 chroma_me=1 trellis=0 8x8dct=1 cqm=0 deadzone=21,11 fast_pskip=1 chroma_qp_offset=0 threads=15 lookahead_threads=3 sliced_threads=0 nr=0 decimate=1 interlaced=0 bluray_compat=0 constrained_intra=0 bframes=3 b_pyramid=2 b_adapt=1 b_bias=0 direct=1 weightb=1 open_gop=0 weightp=1 keyint=250 keyint_min=25 scenecut=40 intra_refresh=0 rc_lookahead=10 rc=crf mbtree=1 crf=18.0 qcomp=0.60 qpmin=0 qpmax=69 qpstep=4 ip_ratio=1.40 aq=1:1.00
[stderr] Output #0, mp4, to '/Users/johndoe/Documents/company/video_ops/scripts/abstract_algebra_in_proof_assistant/04-set-equality/takes/take-mrhmharr/pipeline/cut/cut-mrhvutes/chunks/chunk-011.mp4':
[stderr]   Metadata:
[stderr]     major_brand     : qt  
[stderr]     minor_version   : 0
[stderr]     compatible_brands: qt  
[stderr]     encoder         : Lavf61.7.100
[stderr]   Stream #0:0(und): Video: h264 (avc1 / 0x31637661), yuv420p(tv, smpte170m/bt709/bt709, progressive), 640x480, q=2-31, 29.83 fps, 11456 tbn (default)
[stderr]       Metadata:
[stderr]         creation_time   : 2026-07-12T09:54:07.000000Z
[stderr]         handler_name    : Core Media Video
[stderr]         vendor_id       : [0][0][0][0]
[stderr]         encoder         : Lavc61.19.100 libx264
[stderr]       Side data:
[stderr]         cpb: bitrate max/min/avg: 0/0/0 buffer size: 0 vbv_delay: N/A
[stderr]   Stream #0:1(und): Audio: aac (LC) (mp4a / 0x6134706D), 48000 Hz, mono, fltp, 69 kb/s (default)
[stderr]       Metadata:
[stderr]         creation_time   : 2026-07-12T09:54:07.000000Z
[stderr]         handler_name    : Core Media Audio
[stderr]         vendor_id       : [0][0][0][0]
[stderr]         encoder         : Lavc61.19.100 aac
[stderr] frame=  244 fps= 61 q=24.0 size=    4608KiB time=00:00:08.11 bitrate=4653.6kbits/s dup=0 drop=1 speed=2.02x    
[stderr] frame=  528 fps=117 q=24.0 size=   10240KiB time=00:00:17.66 bitrate=4748.8kbits/s dup=0 drop=2 speed=3.92x    
[stderr] [out#0/mp4 @ 0x13700f940] video:13180KiB audio:5KiB subtitle:0KiB other streams:0KiB global headers:0KiB muxing overhead: 0.209856%
[stderr] frame=  746 fps=153 q=-1.0 Lsize=   13212KiB time=00:00:24.97 bitrate=4334.1kbits/s dup=0 drop=3 speed=5.11x    
[stderr] [libx264 @ 0x137010760] frame I:3     Avg QP:18.66  size: 64185
[stderr] [libx264 @ 0x137010760] frame P:283   Avg QP:20.01  size: 31794
[stderr] [libx264 @ 0x137010760] frame B:460   Avg QP:24.16  size:  9359
[stderr] [libx264 @ 0x137010760] consecutive B-frames:  8.8% 23.6%  9.7% 57.9%
[stderr] [libx264 @ 0x137010760] mb I  I16..4: 13.6%  5.7% 80.7%
[stderr] [libx264 @ 0x137010760] mb P  I16..4: 12.3%  5.7%  5.5%  P16..4: 22.2% 20.2% 28.8%  0.0%  0.0%    skip: 5.2%
[stderr] [libx264 @ 0x137010760] mb B  I16..4:  2.7%  0.4%  0.1%  B16..8: 29.7% 15.5%  6.8%  direct:13.3%  skip:31.5%  L0:24.5% L1:31.1% BI:44.4%
[stderr] [libx264 @ 0x137010760] 8x8 transform intra:21.6% inter:28.8%
[stderr] [libx264 @ 0x137010760] coded y,uvDC,uvAC intra: 40.2% 42.8% 18.4% inter: 42.5% 20.3% 2.6%
[stderr] [libx264 @ 0x137010760] i16 v,h,dc,p: 75% 10% 12%  3%
[stderr] [libx264 @ 0x137010760] i8 v,h,dc,ddl,ddr,vr,hd,vl,hu: 22% 17% 28%  2%  8%  8%  6%  4%  5%
[stderr] [libx264 @ 0x137010760] i4 v,h,dc,ddl,ddr,vr,hd,vl,hu: 20% 15% 17%  3% 13% 10%  8%  6%  8%
[stderr] [libx264 @ 0x137010760] i8c dc,h,v,p: 68% 13% 15%  4%
[stderr] [libx264 @ 0x137010760] Weighted P-Frames: Y:9.9% UV:2.1%
[stderr] [libx264 @ 0x137010760] kb/s:4317.50
[stderr] [aac @ 0x116669100] Qavg: 65504.844
[stderr] ffmpeg version 7.1 Copyright (c) 2000-2024 the FFmpeg developers
[stderr]   built with Apple clang version 15.0.0 (clang-1500.1.0.2.5)
[stderr]   configuration: --prefix=/opt/homebrew/Cellar/ffmpeg/7.1_3 --enable-shared --enable-pthreads --enable-version3 --cc=clang --host-cflags= --host-ldflags='-Wl,-ld_classic' --enable-ffplay --enable-gnutls --enable-gpl --enable-libaom --enable-libaribb24 --enable-libbluray --enable-libdav1d --enable-libharfbuzz --enable-libjxl --enable-libmp3lame --enable-libopus --enable-librav1e --enable-librist --enable-librubberband --enable-libsnappy --enable-libsrt --enable-libssh --enable-libsvtav1 --enable-libtesseract --enable-libtheora --enable-libvidstab --enable-libvmaf --enable-libvorbis --enable-libvpx --enable-libwebp --enable-libx264 --enable-libx265 --enable-libxml2 --enable-libxvid --enable-lzma --enable-libfontconfig --enable-libfreetype --enable-frei0r --enable-libass --enable-libopencore-amrnb --enable-libopencore-amrwb --enable-libopenjpeg --enable-libspeex --enable-libsoxr --enable-libzmq --enable-libzimg --disable-libjack --disable-indev=jack --enable-videotoolbox --enable-audiotoolbox --enable-neon
[stderr]   libavutil      59. 39.100 / 59. 39.100
[stderr]   libavcodec     61. 19.100 / 61. 19.100
[stderr]   libavformat    61.  7.100 / 61.  7.100
[stderr]   libavdevice    61.  3.100 / 61.  3.100
[stderr]   libavfilter    10.  4.100 / 10.  4.100
[stderr]   libswscale      8.  3.100 /  8.  3.100
[stderr]   libswresample   5.  3.100 /  5.  3.100
[stderr]   libpostproc    58.  3.100 / 58.  3.100
[stderr] Input #0, mov,mp4,m4a,3gp,3g2,mj2, from '/Users/johndoe/Documents/company/video_ops/scripts/abstract_algebra_in_proof_assistant/04-set-equality/takes/take-mrhmharr/source.mp4':
[stderr]   Metadata:
[stderr]     major_brand     : qt  
[stderr]     minor_version   : 0
[stderr]     compatible_brands: qt  
[stderr]     creation_time   : 2026-07-12T09:54:07.000000Z
[stderr]   Duration: 00:06:08.94, start: 0.000000, bitrate: 2946 kb/s
[stderr]   Stream #0:0[0x1](und): Video: hevc (Main) (hvc1 / 0x31637668), yuv420p(tv, smpte170m/bt709/bt709), 640x480, 2834 kb/s, 29.95 fps, 29.83 tbr, 600 tbn (default)
[stderr]       Metadata:
[stderr]         creation_time   : 2026-07-12T09:54:07.000000Z
[stderr]         handler_name    : Core Media Video
[stderr]         vendor_id       : [0][0][0][0]
[stderr]         encoder         : HEVC
[stderr]       Side data:
[stderr]         displaymatrix: rotation of -180.00 degrees
[stderr]   Stream #0:1[0x2](und): Audio: aac (LC) (mp4a / 0x6134706D), 48000 Hz, mono, fltp, 100 kb/s (default)
[stderr]       Metadata:
[stderr]         creation_time   : 2026-07-12T09:54:07.000000Z
[stderr]         handler_name    : Core Media Audio
[stderr]         vendor_id       : [0][0][0][0]
[stderr]   Stream #0:2[0x3](und): Data: none (mebx / 0x7862656D) (default)
[stderr]       Metadata:
[stderr]         creation_time   : 2026-07-12T09:54:07.000000Z
[stderr]         handler_name    : Core Media Metadata
[stderr] Stream mapping:
[stderr]   Stream #0:0 -> #0:0 (hevc (native) -> h264 (libx264))
[stderr]   Stream #0:1 -> #0:1 (aac (native) -> aac (native))
[stderr] Press [q] to stop, [?] for help
[stderr] [libx264 @ 0x10de04ba0] using cpu capabilities: ARMv8 NEON
[stderr] [libx264 @ 0x10de04ba0] profile High, level 3.0, 4:2:0, 8-bit
[stderr] [libx264 @ 0x10de04ba0] 264 - core 164 r3108 31e19f9 - H.264/MPEG-4 AVC codec - Copyleft 2003-2023 - http://www.videolan.org/x264.html - options: cabac=1 ref=1 deblock=1:0:0 analyse=0x3:0x113 me=hex subme=2 psy=1 psy_rd=1.00:0.00 mixed_ref=0 me_range=16 chroma_me=1 trellis=0 8x8dct=1 cqm=0 deadzone=21,11 fast_pskip=1 chroma_qp_offset=0 threads=15 lookahead_threads=3 sliced_threads=0 nr=0 decimate=1 interlaced=0 bluray_compat=0 constrained_intra=0 bframes=3 b_pyramid=2 b_adapt=1 b_bias=0 direct=1 weightb=1 open_gop=0 weightp=1 keyint=250 keyint_min=25 scenecut=40 intra_refresh=0 rc_lookahead=10 rc=crf mbtree=1 crf=18.0 qcomp=0.60 qpmin=0 qpmax=69 qpstep=4 ip_ratio=1.40 aq=1:1.00
[stderr] Output #0, mp4, to '/Users/johndoe/Documents/company/video_ops/scripts/abstract_algebra_in_proof_assistant/04-set-equality/takes/take-mrhmharr/pipeline/cut/cut-mrhvutes/chunks/chunk-012.mp4':
[stderr]   Metadata:
[stderr]     major_brand     : qt  
[stderr]     minor_version   : 0
[stderr]     compatible_brands: qt  
[stderr]     encoder         : Lavf61.7.100
[stderr]   Stream #0:0(und): Video: h264 (avc1 / 0x31637661), yuv420p(tv, smpte170m/bt709/bt709, progressive), 640x480, q=2-31, 29.83 fps, 11456 tbn (default)
[stderr]       Metadata:
[stderr]         creation_time   : 2026-07-12T09:54:07.000000Z
[stderr]         handler_name    : Core Media Video
[stderr]         vendor_id       : [0][0][0][0]
[stderr]         encoder         : Lavc61.19.100 libx264
[stderr]       Side data:
[stderr]         cpb: bitrate max/min/avg: 0/0/0 buffer size: 0 vbv_delay: N/A
[stderr]   Stream #0:1(und): Audio: aac (LC) (mp4a / 0x6134706D), 48000 Hz, mono, fltp, 69 kb/s (default)
[stderr]       Metadata:
[stderr]         creation_time   : 2026-07-12T09:54:07.000000Z
[stderr]         handler_name    : Core Media Audio
[stderr]         vendor_id       : [0][0][0][0]
[stderr]         encoder         : Lavc61.19.100 aac
[stderr] frame=    0 fps=0.0 q=0.0 size=       0KiB time=N/A bitrate=N/A speed=N/A    
[stderr] [out#0/mp4 @ 0x11df0df90] video:1046KiB audio:1KiB subtitle:0KiB other streams:0KiB global headers:0KiB muxing overhead: 0.398828%
[stderr] frame=   80 fps= 19 q=-1.0 Lsize=    1050KiB time=00:00:02.61 bitrate=3290.6kbits/s speed=0.63x    
[stderr] [libx264 @ 0x10de04ba0] frame I:1     Avg QP:19.54  size: 38749
[stderr] [libx264 @ 0x10de04ba0] frame P:35    Avg QP:19.91  size: 21430
[stderr] [libx264 @ 0x10de04ba0] frame B:44    Avg QP:21.89  size:  6389
[stderr] [libx264 @ 0x10de04ba0] consecutive B-frames: 20.0% 12.5% 22.5% 45.0%
[stderr] [libx264 @ 0x10de04ba0] mb I  I16..4: 13.8% 40.3% 45.9%
[stderr] [libx264 @ 0x10de04ba0] mb P  I16..4:  9.8% 18.9%  4.1%  P16..4: 24.7% 18.9% 20.0%  0.0%  0.0%    skip: 3.6%
[stderr] [libx264 @ 0x10de04ba0] mb B  I16..4:  2.9%  2.3%  0.1%  B16..8: 33.6% 14.5%  4.3%  direct:14.1%  skip:28.1%  L0:30.3% L1:33.0% BI:36.8%
[stderr] [libx264 @ 0x10de04ba0] 8x8 transform intra:54.2% inter:30.0%
[stderr] [libx264 @ 0x10de04ba0] coded y,uvDC,uvAC intra: 49.6% 65.5% 12.6% inter: 33.2% 24.2% 1.6%
[stderr] [libx264 @ 0x10de04ba0] i16 v,h,dc,p: 23% 34% 29% 14%
[stderr] [libx264 @ 0x10de04ba0] i8 v,h,dc,ddl,ddr,vr,hd,vl,hu: 14% 27% 35%  2%  5%  3%  5%  3%  7%
[stderr] [libx264 @ 0x10de04ba0] i4 v,h,dc,ddl,ddr,vr,hd,vl,hu: 20% 16% 20%  4% 12%  9%  7%  5%  7%
[stderr] [libx264 @ 0x10de04ba0] i8c dc,h,v,p: 50% 26% 19%  5%
[stderr] [libx264 @ 0x10de04ba0] Weighted P-Frames: Y:2.9% UV:0.0%
[stderr] [libx264 @ 0x10de04ba0] kb/s:3191.95
[stderr] [aac @ 0x10de69f80] Qavg: 65245.738
[stderr] ffmpeg version 7.1 Copyright (c) 2000-2024 the FFmpeg developers
[stderr]   built with Apple clang version 15.0.0 (clang-1500.1.0.2.5)
[stderr]   configuration: --prefix=/opt/homebrew/Cellar/ffmpeg/7.1_3 --enable-shared --enable-pthreads --enable-version3 --cc=clang --host-cflags= --host-ldflags='-Wl,-ld_classic' --enable-ffplay --enable-gnutls --enable-gpl --enable-libaom --enable-libaribb24 --enable-libbluray --enable-libdav1d --enable-libharfbuzz --enable-libjxl --enable-libmp3lame --enable-libopus --enable-librav1e --enable-librist --enable-librubberband --enable-libsnappy --enable-libsrt --enable-libssh --enable-libsvtav1 --enable-libtesseract --enable-libtheora --enable-libvidstab --enable-libvmaf --enable-libvorbis --enable-libvpx --enable-libwebp --enable-libx264 --enable-libx265 --enable-libxml2 --enable-libxvid --enable-lzma --enable-libfontconfig --enable-libfreetype --enable-frei0r --enable-libass --enable-libopencore-amrnb --enable-libopencore-amrwb --enable-libopenjpeg --enable-libspeex --enable-libsoxr --enable-libzmq --enable-libzimg --disable-libjack --disable-indev=jack --enable-videotoolbox --enable-audiotoolbox --enable-neon
[stderr]   libavutil      59. 39.100 / 59. 39.100
[stderr]   libavcodec     61. 19.100 / 61. 19.100
[stderr]   libavformat    61.  7.100 / 61.  7.100
[stderr]   libavdevice    61.  3.100 / 61.  3.100
[stderr]   libavfilter    10.  4.100 / 10.  4.100
[stderr]   libswscale      8.  3.100 /  8.  3.100
[stderr]   libswresample   5.  3.100 /  5.  3.100
[stderr]   libpostproc    58.  3.100 / 58.  3.100
[stderr] Input #0, mov,mp4,m4a,3gp,3g2,mj2, from '/Users/johndoe/Documents/company/video_ops/scripts/abstract_algebra_in_proof_assistant/04-set-equality/takes/take-mrhmharr/source.mp4':
[stderr]   Metadata:
[stderr]     major_brand     : qt  
[stderr]     minor_version   : 0
[stderr]     compatible_brands: qt  
[stderr]     creation_time   : 2026-07-12T09:54:07.000000Z
[stderr]   Duration: 00:06:08.94, start: 0.000000, bitrate: 2946 kb/s
[stderr]   Stream #0:0[0x1](und): Video: hevc (Main) (hvc1 / 0x31637668), yuv420p(tv, smpte170m/bt709/bt709), 640x480, 2834 kb/s, 29.95 fps, 29.83 tbr, 600 tbn (default)
[stderr]       Metadata:
[stderr]         creation_time   : 2026-07-12T09:54:07.000000Z
[stderr]         handler_name    : Core Media Video
[stderr]         vendor_id       : [0][0][0][0]
[stderr]         encoder         : HEVC
[stderr]       Side data:
[stderr]         displaymatrix: rotation of -180.00 degrees
[stderr]   Stream #0:1[0x2](und): Audio: aac (LC) (mp4a / 0x6134706D), 48000 Hz, mono, fltp, 100 kb/s (default)
[stderr]       Metadata:
[stderr]         creation_time   : 2026-07-12T09:54:07.000000Z
[stderr]         handler_name    : Core Media Audio
[stderr]         vendor_id       : [0][0][0][0]
[stderr]   Stream #0:2[0x3](und): Data: none (mebx / 0x7862656D) (default)
[stderr]       Metadata:
[stderr]         creation_time   : 2026-07-12T09:54:07.000000Z
[stderr]         handler_name    : Core Media Metadata
[stderr] Stream mapping:
[stderr]   Stream #0:0 -> #0:0 (hevc (native) -> h264 (libx264))
[stderr]   Stream #0:1 -> #0:1[stderr]  (aac (native) -> aac (native))
[stderr] Press [q] to stop, [?] for help
[stderr] [libx264 @ 0x136e38aa0] using cpu capabilities: ARMv8 NEON
[stderr] [libx264 @ 0x136e38aa0] profile High, level 3.0, 4:2:0, 8-bit
[stderr] [libx264 @ 0x136e38aa0] 264 - core 164 r3108 31e19f9 - H.264/MPEG-4 AVC codec - Copyleft 2003-2023 - http://www.videolan.org/x264.html - options: cabac=1 ref=1 deblock=1:0:0 analyse=0x3:0x113 me=hex subme=2 psy=1 psy_rd=1.00:0.00 mixed_ref=0 me_range=16 chroma_me=1 trellis=0 8x8dct=1 cqm=0 deadzone=21,11 fast_pskip=1 chroma_qp_offset=0 threads=15 lookahead_threads=3 sliced_threads=0 nr=0 decimate=1 interlaced=0 bluray_compat=0 constrained_intra=0 bframes=3 b_pyramid=2 b_adapt=1 b_bias=0 direct=1 weightb=1 open_gop=0 weightp=1 keyint=250 keyint_min=25 scenecut=40 intra_refresh=0 rc_lookahead=10 rc=crf mbtree=1 crf=18.0 qcomp=0.60 qpmin=0 qpmax=69 qpstep=4 ip_ratio=1.40 aq=1:1.00
[stderr] Output #0, mp4, to '/Users/johndoe/Documents/company/video_ops/scripts/abstract_algebra_in_proof_assistant/04-set-equality/takes/take-mrhmharr/pipeline/cut/cut-mrhvutes/chunks/chunk-013.mp4':
[stderr]   Metadata:
[stderr]     major_brand     : qt  
[stderr]     minor_version   : 0
[stderr]     compatible_brands: qt  
[stderr]     encoder         : Lavf61.7.100
[stderr]   Stream #0:0(und): Video: h264 (avc1 / 0x31637661), yuv420p(tv, smpte170m/bt709/bt709, progressive), 640x480, q=2-31, 29.83 fps, 11456 tbn (default)
[stderr]       Metadata:
[stderr]         creation_time   : 2026-07-12T09:54:07.000000Z
[stderr]         handler_name    : Core Media Video
[stderr]         vendor_id       : [0][0][0][0]
[stderr]         encoder         : Lavc61.19.100 libx264
[stderr]       Side data:
[stderr]         cpb: bitrate max/min/avg: 0/0/0 buffer size: 0 vbv_delay: N/A
[stderr]   Stream #0:1(und): Audio: aac (LC) (mp4a / 0x6134706D), 48000 Hz, mono, fltp, 69 kb/s (default)
[stderr]       Metadata:
[stderr]         creation_time   : 2026-07-12T09:54:07.000000Z
[stderr]         handler_name    : Core Media Audio
[stderr]         vendor_id       : [0][0][0][0]
[stderr]         encoder         : Lavc61.19.100 aac
[stderr] frame=  241 fps= 53 q=24.0 size=    3840KiB time=00:00:08.04 bitrate=3910.4kbits/s dup=0 drop=1 speed=1.78x    
[stderr] frame=  454 fps= 91 q=24.0 size=    8448KiB time=00:00:15.18 bitrate=4557.7kbits/s dup=0 drop=1 speed=3.03x    
[stderr] [out#0/mp4 @ 0x136e37f50] video:11054KiB audio:3KiB subtitle:0KiB other streams:0KiB global headers:0KiB muxing overhead: 0.187236%
[stderr] frame=  554 fps=107 q=-1.0 Lsize=   11078KiB time=00:00:18.50 bitrate=4904.7kbits/s dup=0 drop=2 speed=3.57x    
[stderr] [libx264 @ 0x136e38aa0] frame I:3     Avg QP:18.87  size: 56433
[stderr] [libx264 @ 0x136e38aa0] frame P:231   Avg QP:21.05  size: 31265
[stderr] [libx264 @ 0x136e38aa0] frame B:320   Avg QP:24.00  size: 12272
[stderr] [libx264 @ 0x136e38aa0] consecutive B-frames: 15.3% 19.9%  9.2% 55.6%
[stderr] [libx264 @ 0x136e38aa0] mb I  I16..4: 10.6% 20.9% 68.5%
[stderr] [libx264 @ 0x136e38aa0] mb P  I16..4:  7.2%  9.9%  9.2%  P16..4: 24.1% 20.5% 26.4%  0.0%  0.0%    skip: 2.8%
[stderr] [libx264 @ 0x136e38aa0] mb B  I16..4:  1.7%  0.7%  0.4%  B16..8: 31.4% 16.7%  9.0%  direct:16.2%  skip:23.8%  L0:28.5% L1:32.6% BI:39.0%
[stderr] [libx264 @ 0x136e38aa0] 8x8 transform intra:35.6% inter:29.1%
[stderr] [libx264 @ 0x136e38aa0] coded y,uvDC,uvAC intra: 61.8% 60.6% 25.2% inter: 47.1% 25.6% 3.0%
[stderr] [libx264 @ 0x136e38aa0] i16 v,h,dc,p: 60% 18% 14%  8%
[stderr] [libx264 @ 0x136e38aa0] i8 v,h,dc,ddl,ddr,vr,hd,vl,hu: 21% 20% 27%  2%  6%  5%  6%  5%  6%
[stderr] [libx264 @ 0x136e38aa0] i4 v,h,dc,ddl,ddr,vr,hd,vl,hu: 17% 16% 17%  4% 13%  8%  9%  7%  9%
[stderr] [libx264 @ 0x136e38aa0] i8c dc,h,v,p: 56% 19% 18%  6%
[stderr] [libx264 @ 0x136e38aa0] Weighted P-Frames: Y:13.0% UV:1.7%
[stderr] [libx264 @ 0x136e38aa0] kb/s:4876.03
[stderr] [aac @ 0x136e9f680] Qavg: 65494.059
[stderr] ffmpeg version 7.1 Copyright (c) 2000-2024 the FFmpeg developers
[stderr]   built with Apple clang version 15.0.0 (clang-1500.1.0.2.5)
[stderr]   configuration: --prefix=/opt/homebrew/Cellar/ffmpeg/7.1_3 --enable-shared --enable-pthreads --enable-version3 --cc=clang --host-cflags= --host-ldflags='-Wl,-ld_classic' --enable-ffplay --enable-gnutls --enable-gpl --enable-libaom --enable-libaribb24 --enable-libbluray --enable-libdav1d --enable-libharfbuzz --enable-libjxl --enable-libmp3lame --enable-libopus --enable-librav1e --enable-librist --enable-librubberband --enable-libsnappy --enable-libsrt --enable-libssh --enable-libsvtav1 --enable-libtesseract --enable-libtheora --enable-libvidstab --enable-libvmaf --enable-libvorbis --enable-libvpx --enable-libwebp --enable-libx264 --enable-libx265 --enable-libxml2 --enable-libxvid --enable-lzma --enable-libfontconfig --enable-libfreetype --enable-frei0r --enable-libass --enable-libopencore-amrnb --enable-libopencore-amrwb --enable-libopenjpeg --enable-libspeex --enable-libsoxr --enable-libzmq --enable-libzimg --disable-libjack --disable-indev=jack --enable-videotoolbox --enable-audiotoolbox --enable-neon
[stderr]   libavutil      59. 39.100 / 59. 39.100
[stderr]   libavcodec     61. 19.100 / 61. 19.100
[stderr]   libavformat    61.  7.100 / 61.  7.100
[stderr]   libavdevice    61.  3.100 / 61.  3.100
[stderr]   libavfilter    10.  4.100 / 10.  4.100
[stderr]   libswscale      8.  3.100 /  8.  3.100
[stderr]   libswresample   5.  3.100 /  5.  3.100
[stderr]   libpostproc    58.  3.100 / 58.  3.100
[stderr] Input #0, mov,mp4,m4a,3gp,3g2,mj2, from '/Users/johndoe/Documents/company/video_ops/scripts/abstract_algebra_in_proof_assistant/04-set-equality/takes/take-mrhmharr/source.mp4':
[stderr]   Metadata:
[stderr]     major_brand     : qt  
[stderr]     minor_version   : [stderr] 0
[stderr]     compatible_brands: qt  
[stderr]     creation_time   : 2026-07-12T09:54:07.000000Z
[stderr]   Duration: 00:06:08.94, start: 0.000000, bitrate: 2946 kb/s
[stderr]   Stream #0:0[0x1](und): Video: hevc (Main) (hvc1 / 0x31637668), yuv420p(tv, smpte170m/bt709/bt709), 640x480, 2834 kb/s, 29.95 fps, 29.83 tbr, 600 tbn (default)
[stderr]       Metadata:
[stderr]         creation_time   : 2026-07-12T09:54:07.000000Z
[stderr]         handler_name    : Core Media Video
[stderr]         vendor_id       : [0][0][0][0]
[stderr]         encoder         : HEVC
[stderr]       Side data:
[stderr]         displaymatrix: rotation of -180.00 degrees
[stderr]   Stream #0:1[0x2](und): Audio: aac (LC) (mp4a / 0x6134706D), 48000 Hz, mono, fltp, 100 kb/s (default)
[stderr]       Metadata:
[stderr]         creation_time   : 2026-07-12T09:54:07.000000Z
[stderr]         handler_name    : Core Media Audio
[stderr]         vendor_id       : [0][0][0][0]
[stderr]   Stream #0:2[0x3](und): Data: none (mebx / 0x7862656D) (default)
[stderr]       Metadata:
[stderr]         creation_time   : 2026-07-12T09:54:07.000000Z
[stderr]         handler_name    : Core Media Metadata
[stderr] Stream mapping:
[stderr]   Stream #0:0 -> #0:0 (hevc (native) -> h264 (libx264))
[stderr]   Stream #0:1 -> #0:1[stderr]  (aac (native) -> aac (native))
[stderr] Press [q] to stop, [?] for help
[stderr] [libx264 @ 0x13e807430] using cpu capabilities: ARMv8 NEON
[stderr] [libx264 @ 0x13e807430] profile High, level 3.0, 4:2:0, 8-bit
[stderr] [libx264 @ 0x13e807430] 264 - core 164 r3108 31e19f9 - H.264/MPEG-4 AVC codec - Copyleft 2003-2023 - http://www.videolan.org/x264.html - options: cabac=1 ref=1 deblock=1:0:0 analyse=0x3:0x113 me=hex subme=2 psy=1 psy_rd=1.00:0.00 mixed_ref=0 me_range=16 chroma_me=1 trellis=0 8x8dct=1 cqm=0 deadzone=21,11 fast_pskip=1 chroma_qp_offset=0 threads=15 lookahead_threads=3 sliced_threads=0 nr=0 decimate=1 interlaced=0 bluray_compat=0 constrained_intra=0 bframes=3 b_pyramid=2 b_adapt=1 b_bias=0 direct=1 weightb=1 open_gop=0 weightp=1 keyint=250 keyint_min=25 scenecut=40 intra_refresh=0 rc_lookahead=10 rc=crf mbtree=1 crf=18.0 qcomp=0.60 qpmin=0 qpmax=69 qpstep=4 ip_ratio=1.40 aq=1:1.00
[stderr] Output #0, mp4, to '/Users/johndoe/Documents/company/video_ops/scripts/abstract_algebra_in_proof_assistant/04-set-equality/takes/take-mrhmharr/pipeline/cut/cut-mrhvutes/chunks/chunk-014.mp4':
[stderr]   Metadata:
[stderr]     major_brand     : qt  
[stderr]     minor_version   : 0
[stderr]     compatible_brands: qt  
[stderr]     encoder         : Lavf61.7.100
[stderr]   Stream #0:0(und): Video: h264 (avc1 / 0x31637661), yuv420p(tv, smpte170m/bt709/bt709, progressive), 640x480, q=2-31, 29.83 fps, 11456 tbn (default)
[stderr]       Metadata:
[stderr]         creation_time   : 2026-07-12T09:54:07.000000Z
[stderr]         handler_name    : Core Media Video
[stderr]         vendor_id       : [0][0][0][0]
[stderr]         encoder         : Lavc61.19.100 libx264
[stderr]       Side data:
[stderr]         cpb: bitrate max/min/avg: 0/0/0 buffer size: 0 vbv_delay: N/A
[stderr]   Stream #0:1(und): Audio: aac (LC) (mp4a / 0x6134706D), 48000 Hz, mono, fltp, 69 kb/s (default)
[stderr]       Metadata:
[stderr]         creation_time   : 2026-07-12T09:54:07.000000Z
[stderr]         handler_name    : Core Media Audio
[stderr]         vendor_id       : [0][0][0][0]
[stderr]         encoder         : Lavc61.19.100 aac
[stderr] [out#0/mp4 @ 0x13e8064a0] video:5433KiB audio:1KiB subtitle:0KiB other streams:0KiB global headers:0KiB muxing overhead: 0.145275%
[stderr] frame=  183 fps= 37 q=-1.0 Lsize=    5442KiB time=00:00:06.06 bitrate=7348.2kbits/s speed=1.23x    
[stderr] [libx264 @ 0x13e807430] frame I:3     Avg QP:21.90  size: 49061
[stderr] [libx264 @ 0x13e807430] frame P:60    Avg QP:23.94  size: 41733
[stderr] [libx264 @ 0x13e807430] frame B:120   Avg QP:26.00  size: 24263
[stderr] [libx264 @ 0x13e807430] consecutive B-frames:  8.7%  9.8%  4.9% 76.5%
[stderr] [libx264 @ 0x13e807430] mb I  I16..4:  2.2% 10.2% 87.5%
[stderr] [libx264 @ 0x13e807430] mb P  I16..4:  2.2%  8.3% 33.2%  P16..4: 14.6% 15.6% 25.5%  0.0%  0.0%    skip: 0.6%
[stderr] [libx264 @ 0x13e807430] mb B  I16..4:  0.9%  1.4%  3.4%  B16..8: 27.7% 22.7% 18.8%  direct:17.8%  skip: 7.4%  L0:32.0% L1:31.9% BI:36.2%
[stderr] [libx264 @ 0x13e807430] 8x8 transform intra:19.5% inter:34.6%
[stderr] [libx264 @ 0x13e807430] coded y,uvDC,uvAC intra: 91.1% 73.5% 37.2% inter: 67.9% 31.5% 2.5%
[stderr] [libx264 @ 0x13e807430] i16 v,h,dc,p: 38% 23% 24% 14%
[stderr] [libx264 @ 0x13e807430] i8 v,h,dc,ddl,ddr,vr,hd,vl,hu: 21% 19% 15%  3%  9%  7%  9%  8%  8%
[stderr] [libx264 @ 0x13e807430] i4 v,h,dc,ddl,ddr,vr,hd,vl,hu: 14% 17% 13%  4% 16%  9% 11%  8%  9%
[stderr] [libx264 @ 0x13e807430] i8c dc,h,v,p: 47% 23% 20% 10%
[stderr] [libx264 @ 0x13e807430] Weighted P-Frames: Y:11.7% UV:3.3%
[stderr] [libx264 @ 0x13e807430] kb/s:7254.85
[stderr] [aac @ 0x12d66cc30] Qavg: 65409.016
[stderr] ffmpeg version 7.1 Copyright (c) 2000-2024 the FFmpeg developers
[stderr]   built with Apple clang version 15.0.0 (clang-1500.1.0.2.5)
[stderr]   configuration: --prefix=/opt/homebrew/Cellar/ffmpeg/7.1_3 --enable-shared --enable-pthreads --enable-version3 --cc=clang --host-cflags= --host-ldflags='-Wl,-ld_classic' --enable-ffplay --enable-gnutls --enable-gpl --enable-libaom --enable-libaribb24 --enable-libbluray --enable-libdav1d --enable-libharfbuzz --enable-libjxl --enable-libmp3lame --enable-libopus --enable-librav1e --enable-librist --enable-librubberband --enable-libsnappy --enable-libsrt --enable-libssh --enable-libsvtav1 --enable-libtesseract --enable-libtheora --enable-libvidstab --enable-libvmaf --enable-libvorbis --enable-libvpx --enable-libwebp --enable-libx264 --enable-libx265 --enable-libxml2 --enable-libxvid --enable-lzma --enable-libfontconfig --enable-libfreetype --enable-frei0r --enable-libass --enable-libopencore-amrnb --enable-libopencore-amrwb --enable-libopenjpeg --enable-libspeex --enable-libsoxr --enable-libzmq --enable-libzimg --disable-libjack --disable-indev=jack --enable-videotoolbox --enable-audiotoolbox --enable-neon
[stderr]   libavutil      59. 39.100 / 59. 39.100
[stderr]   libavcodec     61. 19.100 / 61. 19.100
[stderr]   libavformat    61.  7.100 / 61.  7.100
[stderr]   libavdevice    61.  3.100 / 61.  3.100
[stderr]   libavfilter    10.  4.100 / 10.  4.100
[stderr]   libswscale      8.  3.100 /  8.  3.100
[stderr]   libswresample   5.  3.100 /  5.  3.100
[stderr]   libpostproc    58.  3.100 / 58.  3.100
[stderr] Input #0, mov,mp4,m4a,3gp,3g2,mj2, from '/Users/johndoe/Documents/company/video_ops/scripts/abstract_algebra_in_proof_assistant/04-set-equality/takes/take-mrhmharr/source.mp4':
[stderr]   Metadata:
[stderr]     major_brand     : qt  
[stderr]     minor_version   : 0
[stderr]     compatible_brands: qt  
[stderr]     creation_time   : 2026-07-12T09:54:07.000000Z
[stderr]   Duration: 00:06:08.94, start: 0.000000, bitrate: 2946 kb/s
[stderr]   Stream #0:0[0x1](und): Video: hevc (Main) (hvc1 / 0x31637668), yuv420p(tv, smpte170m/bt709/bt709), 640x480, 2834 kb/s, 29.95 fps, 29.83 tbr, 600 tbn (default)
[stderr]       Metadata:
[stderr]         creation_time   : 2026-07-12T09:54:07.000000Z
[stderr]         handler_name    : Core Media Video
[stderr]         vendor_id       : [0][0][0][0]
[stderr]         encoder         : HEVC
[stderr]       Side data:
[stderr]         displaymatrix: rotation of -180.00 degrees
[stderr]   Stream #0:1[0x2](und): Audio: aac (LC) (mp4a / 0x6134706D), 48000 Hz, mono, fltp, 100 kb/s (default)
[stderr]       Metadata:
[stderr]         creation_time   : 2026-07-12T09:54:07.000000Z
[stderr]         handler_name    : Core Media Audio
[stderr]         vendor_id       : [0][0][0][0]
[stderr]   Stream #0:2[0x3](und): Data: none (mebx / 0x7862656D) (default)
[stderr]       Metadata:
[stderr]         creation_time   : 2026-07-12T09:54:07.000000Z
[stderr]         handler_name    : Core Media Metadata
[stderr] Stream mapping:
[stderr]   Stream #0:0 -> #0:0 (hevc (native) -> h264 (libx264))
[stderr]   Stream #0:1 -> #0:1[stderr]  (aac (native) -> aac (native))
[stderr] Press [q] to stop, [?] for help
[stderr] [libx264 @ 0x10d605190] using cpu capabilities: ARMv8 NEON
[stderr] [libx264 @ 0x10d605190] profile High, level 3.0, 4:2:0, 8-bit
[stderr] [libx264 @ 0x10d605190] 264 - core 164 r3108 31e19f9 - H.264/MPEG-4 AVC codec - Copyleft 2003-2023 - http://www.videolan.org/x264.html - options: cabac=1 ref=1 deblock=1:0:0 analyse=0x3:0x113 me=hex subme=2 psy=1 psy_rd=1.00:0.00 mixed_ref=0 me_range=16 chroma_me=1 trellis=0 8x8dct=1 cqm=0 deadzone=21,11 fast_pskip=1 chroma_qp_offset=0 threads=15 lookahead_threads=3 sliced_threads=0 nr=0 decimate=1 interlaced=0 bluray_compat=0 constrained_intra=0 bframes=3 b_pyramid=2 b_adapt=1 b_bias=0 direct=1 weightb=1 open_gop=0 weightp=1 keyint=250 keyint_min=25 scenecut=40 intra_refresh=0 rc_lookahead=10 rc=crf mbtree=1 crf=18.0 qcomp=0.60 qpmin=0 qpmax=69 qpstep=4 ip_ratio=1.40 aq=1:1.00
[stderr] Output #0, mp4, to '/Users/johndoe/Documents/company/video_ops/scripts/abstract_algebra_in_proof_assistant/04-set-equality/takes/take-mrhmharr/pipeline/cut/cut-mrhvutes/chunks/chunk-015.mp4':
[stderr]   Metadata:
[stderr]     major_brand     : qt  
[stderr]     minor_version   : 0
[stderr]     compatible_brands: qt  
[stderr]     encoder         : Lavf61.7.100
[stderr]   Stream #0:0(und): Video: h264 (avc1 / 0x31637661), yuv420p(tv, smpte170m/bt709/bt709, progressive), 640x480, q=2-31[stderr] , 29.83 fps, 11456 tbn (default)
[stderr]       Metadata:
[stderr]         creation_time   : 2026-07-12T09:54:07.000000Z
[stderr]         handler_name    : Core Media Video
[stderr]         vendor_id       : [0][0][0][0]
[stderr]         encoder         : Lavc61.19.100 libx264
[stderr]       Side data:
[stderr]         cpb: bitrate max/min/avg: 0/0/0 buffer size: 0 vbv_delay: N/A
[stderr]   Stream #0:1(und): Audio: aac (LC) (mp4a / 0x6134706D), 48000 Hz, mono, fltp, 69 kb/s (default)
[stderr]       Metadata:
[stderr]         creation_time   : 2026-07-12T09:54:07.000000Z
[stderr]         handler_name    : Core Media Audio
[stderr]         vendor_id       : [0][0][0][0]
[stderr]         encoder         : Lavc61.19.100 aac
[stderr] [out#0/mp4 @ 0x10d6041e0] video:6424KiB audio:2KiB subtitle:0KiB other streams:0KiB global headers:0KiB muxing overhead: 0.154668%
[stderr] frame=  240 fps= 48 q=-1.0 Lsize=    6435KiB time=00:00:07.97 bitrate=6607.9kbits/s speed= 1.6x    
[stderr] [libx264 @ 0x10d605190] frame I:3     Avg QP:21.47  size: 48981
[stderr] [libx264 @ 0x10d605190] frame P:76    Avg QP:23.34  size: 39865
[stderr] [libx264 @ 0x10d605190] frame B:161   Avg QP:25.33  size: 21120
[stderr] [libx264 @ 0x10d605190] consecutive B-frames:  7.9%  5.0%  8.8% 78.3%
[stderr] [libx264 @ 0x10d605190] mb I  I16..4:  3.7% 13.1% 83.2%
[stderr] [libx264 @ 0x10d605190] mb P  I16..4:  2.6% 12.4% 30.3%  P16..4: 14.3% 15.3% 24.7%  0.0%  0.0%    skip: 0.4%
[stderr] [libx264 @ 0x10d605190] mb B  I16..4:  0.9%  2.6%  2.8%  B16..8: 27.1% 19.9% 15.3%  direct:20.1%  skip:11.4%  L0:31.1% L1:31.4% BI:37.6%
[stderr] [libx264 @ 0x10d605190] 8x8 transform intra:29.3% inter:37.5%
[stderr] [libx264 @ 0x10d605190] coded y,uvDC,uvAC intra: 88.4% 74.1% 41.4% inter: 63.9% 34.8% 4.7%
[stderr] [libx264 @ 0x10d605190] i16 v,h,dc,p: 47% 15% 23% 15%
[stderr] [libx264 @ 0x10d605190] i8 v,h,dc,ddl,ddr,vr,hd,vl,hu: 25% 19% 15%  3%  9%  8%  7%  7%  8%
[stderr] [libx264 @ 0x10d605190] i4 v,h,dc,ddl,ddr,vr,hd,vl,hu: 14% 19% 13%  4% 14%  9% 11%  6% 10%
[stderr] [libx264 @ 0x10d605190] i8c dc,h,v,p: 48% 22% 20% 10%
[stderr] [libx264 @ 0x10d605190] Weighted P-Frames: Y:17.1% UV:5.3%
[stderr] [libx264 @ 0x10d605190] kb/s:6540.48
[stderr] [aac @ 0x10d66a570] Qavg: 65439.504
[stderr] ffmpeg version 7.1 Copyright (c) 2000-2024 the FFmpeg developers
[stderr]   built with Apple clang version 15.0.0 (clang-1500.1.0.2.5)
[stderr]   configuration: --prefix=/opt/homebrew/Cellar/ffmpeg/7.1_3 --enable-shared --enable-pthreads --enable-version3 --cc=clang --host-cflags= --host-ldflags='-Wl,-ld_classic' --enable-ffplay --enable-gnutls --enable-gpl --enable-libaom --enable-libaribb24 --enable-libbluray --enable-libdav1d --enable-libharfbuzz --enable-libjxl --enable-libmp3lame --enable-libopus --enable-librav1e --enable-librist --enable-librubberband --enable-libsnappy --enable-libsrt --enable-libssh --enable-libsvtav1 --enable-libtesseract --enable-libtheora --enable-libvidstab --enable-libvmaf --enable-libvorbis --enable-libvpx --enable-libwebp --enable-libx264 --enable-libx265 --enable-libxml2 --enable-libxvid --enable-lzma --enable-libfontconfig --enable-libfreetype --enable-frei0r --enable-libass --enable-libopencore-amrnb --enable-libopencore-amrwb --enable-libopenjpeg --enable-libspeex --enable-libsoxr --enable-libzmq --enable-libzimg --disable-libjack --disable-indev=jack --enable-videotoolbox --enable-audiotoolbox --enable-neon
[stderr]   libavutil      59. 39.100 / 59. 39.100
[stderr]   libavcodec     61. 19.100 / 61. 19.100
[stderr]   libavformat    61.  7.100 / 61.  7.100
[stderr]   libavdevice    61.  3.100 / 61.  3.100
[stderr]   libavfilter    10.  4.100 / 10.  4.100
[stderr]   libswscale      8.  3.100 /  8.  3.100
[stderr]   libswresample   5.  3.100 /  5.  3.100
[stderr]   libpostproc    58.  3.100 / 58.  3.100
[stderr] Input #0, mov,mp4,m4a,3gp,3g2,mj2, from '/Users/johndoe/Documents/company/video_ops/scripts/abstract_algebra_in_proof_assistant/04-set-equality/takes/take-mrhmharr/source.mp4':
[stderr]   Metadata:
[stderr]     major_brand     : qt  
[stderr]     minor_version   : [stderr] 0
[stderr]     compatible_brands: qt  
[stderr]     creation_time   : 2026-07-12T09:54:07.000000Z
[stderr]   Duration: 00:06:08.94, start: 0.000000, bitrate: 2946 kb/s
[stderr]   Stream #0:0[0x1](und): Video: hevc (Main) (hvc1 / 0x31637668), yuv420p(tv, smpte170m/bt709/bt709), 640x480, 2834 kb/s, 29.95 fps, 29.83 tbr, 600 tbn (default)
[stderr]       Metadata:
[stderr]         creation_time   : 2026-07-12T09:54:07.000000Z
[stderr]         handler_name    : Core Media Video
[stderr]         vendor_id       : [0][0][0][0]
[stderr]         encoder         : HEVC
[stderr]       Side data:
[stderr]         displaymatrix: rotation of -180.00 degrees
[stderr]   Stream #0:1[0x2](und): Audio: aac (LC) (mp4a / 0x6134706D), 48000 Hz, mono, fltp, 100 kb/s (default)
[stderr]       Metadata:
[stderr]         creation_time   : 2026-07-12T09:54:07.000000Z
[stderr]         handler_name    : Core Media Audio
[stderr]         vendor_id       : [0][0][0][0]
[stderr]   Stream #0:2[0x3](und): Data: none (mebx / 0x7862656D) (default)
[stderr]       Metadata:
[stderr]         creation_time   : 2026-07-12T09:54:07.000000Z
[stderr]         handler_name    : Core Media Metadata
[stderr] Stream mapping:
[stderr]   Stream #0:0 -> #0:0 (hevc (native) -> h264 (libx264))
[stderr]   Stream #0:1 -> #0:1 (aac (native) -> aac (native))
[stderr] Press [q] to stop, [?] for help
[stderr] [libx264 @ 0x13d616500] using cpu capabilities: ARMv8 NEON
[stderr] [libx264 @ 0x13d616500] profile High, level 3.0, 4:2:0, 8-bit
[stderr] [libx264 @ 0x13d616500] 264 - core 164 r3108 31e19f9 - H.264/MPEG-4 AVC codec - Copyleft 2003-2023 - http://www.videolan.org/x264.html - options: cabac=1 ref=1 deblock=1:0:0 analyse=0x3:0x113 me=hex subme=2 psy=1 psy_rd=1.00:0.00 mixed_ref=0 me_range=16 chroma_me=1 trellis=0 8x8dct=1 cqm=0 deadzone=21,11 fast_pskip=1 chroma_qp_offset=0 threads=15 lookahead_threads=3 sliced_threads=0 nr=0 decimate=1 interlaced=0 bluray_compat=0 constrained_intra=0 bframes=3 b_pyramid=2 b_adapt=1 b_bias=0 direct=1 weightb=1 open_gop=0 weightp=1 keyint=250 keyint_min=25 scenecut=40 intra_refresh=0 rc_lookahead=10 rc=crf mbtree=1 crf=18.0 qcomp=0.60 qpmin=0 qpmax=69 qpstep=4 ip_ratio=1.40 aq=1:1.00
[stderr] Output #0, mp4, to '/Users/johndoe/Documents/company/video_ops/scripts/abstract_algebra_in_proof_assistant/04-set-equality/takes/take-mrhmharr/pipeline/cut/cut-mrhvutes/chunks/chunk-016.mp4':
[stderr]   Metadata:
[stderr]     major_brand     : qt  
[stderr]     minor_version   : 0
[stderr]     compatible_brands: qt  
[stderr]     encoder         : Lavf61.7.100
[stderr]   Stream #0:0(und): Video: h264 (avc1 / 0x31637661), yuv420p(tv, smpte170m/bt709/bt709, progressive), 640x480, q=2-31, 29.83 fps, 11456 tbn (default)
[stderr]       Metadata:
[stderr]         creation_time   : 2026-07-12T09:54:07.000000Z
[stderr]         handler_name    : Core Media Video
[stderr]         vendor_id       : [0][0][0][0]
[stderr]         encoder         : Lavc61.19.100 libx264
[stderr]       Side data:
[stderr]         cpb: bitrate max/min/avg: 0/0/0 buffer size: 0 vbv_delay: N/A
[stderr]   Stream #0:1(und): Audio: aac (LC) (mp4a / 0x6134706D), 48000 Hz, mono, fltp, 69 kb/s (default)
[stderr]       Metadata:
[stderr]         creation_time   : 2026-07-12T09:54:07.000000Z
[stderr]         handler_name    : Core Media Audio
[stderr]         vendor_id       : [0][0][0][0]
[stderr]         encoder         : Lavc61.19.100 aac
[stderr] [out#0/mp4 @ 0x13d60b850] video:355KiB audio:0KiB subtitle:0KiB other streams:0KiB global headers:0KiB muxing overhead: 0.567156%
[stderr] frame=   16 fps=3.4 q=-1.0 Lsize=     357KiB time=00:00:00.50 bitrate=5812.0kbits/s speed=0.107x    
[stderr] [libx264 @ 0x13d616500] frame I:1     Avg QP:21.72  size: 30972
[stderr] [libx264 @ 0x13d616500] frame P:5     Avg QP:22.82  size: 32716
[stderr] [libx264 @ 0x13d616500] frame B:10    Avg QP:24.72  size: 16784
[stderr] [libx264 @ 0x13d616500] consecutive B-frames: 12.5% 12.5%  0.0% 75.0%
[stderr] [libx264 @ 0x13d616500] mb I  I16..4:  8.8% 21.2% 70.0%
[stderr] [libx264 @ 0x13d616500] mb P  I16..4:  5.7%  9.9% 20.8%  P16..4: 17.0% 18.8% 26.6%  0.0%  0.0%    skip: 1.3%
[stderr] [libx264 @ 0x13d616500] mb B  I16..4:  0.6%  1.8%  1.9%  B16..8: 28.8% 19.5% 12.9%  direct:19.5%  skip:15.0%  L0:31.1% L1:32.4% BI:36.5%
[stderr] [libx264 @ 0x13d616500] 8x8 transform intra:27.4% inter:37.3%
[stderr] [libx264 @ 0x13d616500] coded y,uvDC,uvAC intra: 83.2% 69.9% 41.0% inter: 57.9% 34.9% 5.6%
[stderr] [libx264 @ 0x13d616500] i16 v,h,dc,p: 68%  8% 16%  8%
[stderr] [libx264 @ 0x13d616500] i8 v,h,dc,ddl,ddr,vr,hd,vl,hu: 32% 13% 13%  3% 10% 12%  6%  6%  6%
[stderr] [libx264 @ 0x13d616500] i4 v,h,dc,ddl,ddr,vr,hd,vl,hu: 14% 14% 12%  3% 19%  9% 14%  6%  8%
[stderr] [libx264 @ 0x13d616500] i8c dc,h,v,p: 50% 20% 20%  9%
[stderr] [libx264 @ 0x13d616500] Weighted P-Frames: Y:20.0% UV:0.0%
[stderr] [libx264 @ 0x13d616500] kb/s:5405.77
[stderr] [aac @ 0x13d675360] Qavg: 64229.816
[stderr] ffmpeg version 7.1 Copyright (c) 2000-2024 the FFmpeg developers
[stderr]   built with Apple clang version 15.0.0 (clang-1500.1.0.2.5)
[stderr]   configuration: --prefix=/opt/homebrew/Cellar/ffmpeg/7.1_3 --enable-shared --enable-pthreads --enable-version3 --cc=clang --host-cflags= --host-ldflags='-Wl,-ld_classic' --enable-ffplay --enable-gnutls --enable-gpl --enable-libaom --enable-libaribb24 --enable-libbluray --enable-libdav1d --enable-libharfbuzz --enable-libjxl --enable-libmp3lame --enable-libopus --enable-librav1e --enable-librist --enable-librubberband --enable-libsnappy --enable-libsrt --enable-libssh --enable-libsvtav1 --enable-libtesseract --enable-libtheora --enable-libvidstab --enable-libvmaf --enable-libvorbis --enable-libvpx --enable-libwebp --enable-libx264 --enable-libx265 --enable-libxml2 --enable-libxvid --enable-lzma --enable-libfontconfig --enable-libfreetype --enable-frei0r --enable-libass --enable-libopencore-amrnb --enable-libopencore-amrwb --enable-libopenjpeg --enable-libspeex --enable-libsoxr --enable-libzmq --enable-libzimg --disable-libjack --disable-indev=jack --enable-videotoolbox --enable-audiotoolbox --enable-neon
[stderr]   libavutil      59. 39.100 / 59. 39.100
[stderr]   libavcodec     61. 19.100 / 61. 19.100
[stderr]   libavformat    61.  7.100 / 61.  7.100
[stderr]   libavdevice    61.  3.100 / 61.  3.100
[stderr]   libavfilter    10.  4.100 / 10.  4.100
[stderr]   libswscale      8.  3.100 /  8.  3.100
[stderr]   libswresample   5.  3.100 /  5.  3.100
[stderr]   libpostproc    58.  3.100 / 58.  3.100
[stderr] Input #0, mov,mp4,m4a,3gp,3g2,mj2, from '/Users/johndoe/Documents/company/video_ops/scripts/abstract_algebra_in_proof_assistant/04-set-equality/takes/take-mrhmharr/source.mp4':
[stderr]   Metadata:
[stderr]     major_brand     : qt  
[stderr]     minor_version   : 0
[stderr]     compatible_brands: qt  
[stderr]     creation_time   : 2026-07-12T09:54:07.000000Z
[stderr]   Duration: 00:06:08.94, start: 0.000000, bitrate: 2946 kb/s
[stderr]   Stream #0:0[0x1](und): Video: hevc (Main) (hvc1 / 0x31637668), yuv420p(tv, smpte170m/bt709/bt709), 640x480, 2834 kb/s, 29.95 fps, 29.83 tbr, 600 tbn (default)
[stderr]       Metadata:
[stderr]         creation_time   : 2026-07-12T09:54:07.000000Z
[stderr]         handler_name    : Core Media Video
[stderr]         vendor_id       : [0][0][0][0]
[stderr]         encoder         : HEVC
[stderr]       Side data:
[stderr]         displaymatrix: rotation of -180.00 degrees
[stderr]   Stream #0:1[0x2](und): Audio: aac (LC) (mp4a / 0x6134706D), 48000 Hz, mono, fltp, 100 kb/s (default)
[stderr]       Metadata:
[stderr]         creation_time   : 2026-07-12T09:54:07.000000Z
[stderr]         handler_name    : Core Media Audio
[stderr]         vendor_id       : [0][0][0][0]
[stderr]   Stream #0:2[0x3](und): Data: none (mebx / 0x7862656D) (default)
[stderr]       Metadata:
[stderr]         creation_time   : 2026-07-12T09:54:07.000000Z
[stderr]         handler_name    : Core Media Metadata
[stderr] Stream mapping:
[stderr]   Stream #0:0 -> #0:0 (hevc (native) -> h264 (libx264))
[stderr]   Stream #0:1 -> #0:1[stderr]  (aac (native) -> aac (native))
[stderr] Press [q] to stop, [?] for help
[stderr] [libx264 @ 0x133e230c0] using cpu capabilities: ARMv8 NEON
[stderr] [libx264 @ 0x133e230c0] profile High, level 3.0, 4:2:0, 8-bit
[stderr] [libx264 @ 0x133e230c0] 264 - core 164 r3108 31e19f9 - H.264/MPEG-4 AVC codec - Copyleft 2003-2023 - http://www.videolan.org/x264.html - options: cabac=1 ref=1 deblock=1:0:0 analyse=0x3:0x113 me=hex subme=2 psy=1 psy_rd=1.00:0.00 mixed_ref=0 me_range=16 chroma_me=1 trellis=0 8x8dct=1 cqm=0 deadzone=21,11 fast_pskip=1 chroma_qp_offset=0 threads=15 lookahead_threads=3 sliced_threads=0 nr=0 decimate=1 interlaced=0 bluray_compat=0 constrained_intra=0 bframes=3 b_pyramid=2 b_adapt=1 b_bias=0 direct=1 weightb=1 open_gop=0 weightp=1 keyint=250 keyint_min=25 scenecut=40 intra_refresh=0 rc_lookahead=10 rc=crf mbtree=1 crf=18.0 qcomp=0.60 qpmin=0 qpmax=69 qpstep=4 ip_ratio=1.40 aq=1:1.00
[stderr] Output #0, mp4, to '/Users/johndoe/Documents/company/video_ops/scripts/abstract_algebra_in_proof_assistant/04-set-equality/takes/take-mrhmharr/pipeline/cut/cut-mrhvutes/chunks/chunk-017.mp4':
[stderr]   Metadata:
[stderr]     major_brand     : qt  
[stderr]     minor_version   : 0
[stderr]     compatible_brands: qt  
[stderr]     encoder         : Lavf61.7.100
[stderr]   Stream #0:0(und): Video: h264 (avc1 / 0x31637661), yuv420p(tv, smpte170m/bt709/bt709, progressive), 640x480, q=2-31, 29.83 fps, 11456 tbn (default)
[stderr]       Metadata:
[stderr]         creation_time   : 2026-07-12T09:54:07.000000Z
[stderr]         handler_name    : Core Media Video
[stderr]         vendor_id       : [0][0][0][0]
[stderr]         encoder         : Lavc61.19.100 libx264
[stderr]       Side data:
[stderr]         cpb: bitrate max/min/avg: 0/0/0 buffer size: 0 vbv_delay: N/A
[stderr]   Stream #0:1(und): Audio: aac (LC) (mp4a / 0x6134706D), 48000 Hz, mono, fltp, 69 kb/s (default)
[stderr]       Metadata:
[stderr]         creation_time   : 2026-07-12T09:54:07.000000Z
[stderr]         handler_name    : Core Media Audio
[stderr]         vendor_id       : [0][0][0][0]
[stderr]         encoder         : Lavc61.19.100 aac
[stderr] [out#0/mp4 @ 0x133e222a0] video:3645KiB audio:1KiB subtitle:0KiB other streams:0KiB global headers:0KiB muxing overhead: 0.185678%
[stderr] frame=  151 fps= 30 q=-1.0 Lsize=    3653KiB time=00:00:04.99 bitrate=5991.1kbits/s speed=   1x    
[stderr] [libx264 @ 0x133e230c0] frame I:2     Avg QP:20.55  size: 49082
[stderr] [libx264 @ 0x133e230c0] frame P:44    Avg QP:22.69  size: 41698
[stderr] [libx264 @ 0x133e230c0] frame B:105   Avg QP:25.23  size: 17131
[stderr] [libx264 @ 0x133e230c0] consecutive B-frames:  5.3%  4.0%  6.0% 84.8%
[stderr] [libx264 @ 0x133e230c0] mb I  I16..4:  5.8% 10.8% 83.4%
[stderr] [libx264 @ 0x133e230c0] mb P  I16..4:  3.0%  7.9% 23.3%  P16..4: 17.3% 18.5% 29.1%  0.0%  0.0%    skip: 0.9%
[stderr] [libx264 @ 0x133e230c0] mb B  I16..4:  0.5%  0.5%  1.5%  B16..8: 29.9% 17.4% 12.0%  direct:20.4%  skip:17.7%  L0:29.5% L1:30.6% BI:39.8%
[stderr] [libx264 @ 0x133e230c0] 8x8 transform intra:21.5% inter:33.9%
[stderr] [libx264 @ 0x133e230c0] coded y,uvDC,uvAC intra: 88.8% 80.7% 50.2% inter: 55.7% 31.0% 5.9%
[stderr] [libx264 @ 0x133e230c0] i16 v,h,dc,p: 62% 11% 20%  7%
[stderr] [libx264 @ 0x133e230c0] i8 v,h,dc,ddl,ddr,vr,hd,vl,hu: 23% 18% 15%  3%  9%  8%  8%  7%  8%
[stderr] [libx264 @ 0x133e230c0] i4 v,h,dc,ddl,ddr,vr,hd,vl,hu: 15% 18% 13%  4% 13%  8% 10%  8% 11%
[stderr] [libx264 @ 0x133e230c0] i8c dc,h,v,p: 48% 20% 20% 12%
[stderr] [libx264 @ 0x133e230c0] Weighted P-Frames: Y:22.7% UV:2.3%
[stderr] [libx264 @ 0x133e230c0] kb/s:5898.20
[stderr] [aac @ 0x133e81300] Qavg: 65382.332
[stderr] ffmpeg version 7.1 Copyright (c) 2000-2024 the FFmpeg developers
[stderr]   built with Apple clang version 15.0.0 (clang-1500.1.0.2.5)
[stderr]   configuration: --prefix=/opt/homebrew/Cellar/ffmpeg/7.1_3 --enable-shared --enable-pthreads --enable-version3 --cc=clang --host-cflags= --host-ldflags='-Wl,-ld_classic' --enable-ffplay --enable-gnutls --enable-gpl --enable-libaom --enable-libaribb24 --enable-libbluray --enable-libdav1d --enable-libharfbuzz --enable-libjxl --enable-libmp3lame --enable-libopus --enable-librav1e --enable-librist --enable-librubberband --enable-libsnappy --enable-libsrt --enable-libssh --enable-libsvtav1 --enable-libtesseract --enable-libtheora --enable-libvidstab --enable-libvmaf --enable-libvorbis --enable-libvpx --enable-libwebp --enable-libx264 --enable-libx265 --enable-libxml2 --enable-libxvid --enable-lzma --enable-libfontconfig --enable-libfreetype --enable-frei0r --enable-libass --enable-libopencore-amrnb --enable-libopencore-amrwb --enable-libopenjpeg --enable-libspeex --enable-libsoxr --enable-libzmq --enable-libzimg --disable-libjack --disable-indev=jack --enable-videotoolbox --enable-audiotoolbox --enable-neon
[stderr]   libavutil      59. 39.100 / 59. 39.100
[stderr]   libavcodec     61. 19.100 / 61. 19.100
[stderr]   libavformat    61.  7.100 / 61.  7.100
[stderr]   libavdevice    61.  3.100 / 61.  3.100
[stderr]   libavfilter    10.  4.100 / 10.  4.100
[stderr]   libswscale      8.  3.100 /  8.  3.100
[stderr]   libswresample   5.  3.100 /  5.  3.100
[stderr]   libpostproc    58.  3.100 / 58.  3.100
[stderr] Input #0, mov,mp4,m4a,3gp,3g2,mj2, from '/Users/johndoe/Documents/company/video_ops/scripts/abstract_algebra_in_proof_assistant/04-set-equality/takes/take-mrhmharr/source.mp4':
[stderr]   Metadata:
[stderr]     major_brand     : qt  
[stderr]     minor_version   : [stderr] 0
[stderr]     compatible_brands: qt  
[stderr]     creation_time   : 2026-07-12T09:54:07.000000Z
[stderr]   Duration: 00:06:08.94, start: 0.000000, bitrate: 2946 kb/s
[stderr]   Stream #0:0[0x1](und): Video: hevc (Main) (hvc1 / 0x31637668), yuv420p(tv, smpte170m/bt709/bt709), 640x480, 2834 kb/s, 29.95 fps, 29.83 tbr, 600 tbn (default)
[stderr]       Metadata:
[stderr]         creation_time   : 2026-07-12T09:54:07.000000Z
[stderr]         handler_name    : Core Media Video
[stderr]         vendor_id       : [0][0][0][0]
[stderr]         encoder         : HEVC
[stderr]       Side data:
[stderr]         displaymatrix: rotation of -180.00 degrees
[stderr]   Stream #0:1[0x2](und): Audio: aac (LC) (mp4a / 0x6134706D), 48000 Hz, mono, fltp, 100 kb/s (default)
[stderr]       Metadata:
[stderr]         creation_time   : 2026-07-12T09:54:07.000000Z
[stderr]         handler_name    : Core Media Audio
[stderr]         vendor_id       : [0][0][0][0]
[stderr]   Stream #0:2[0x3](und): Data: none (mebx / 0x7862656D) (default)
[stderr]       Metadata:
[stderr]         creation_time   : 2026-07-12T09:54:07.000000Z
[stderr]         handler_name    : Core Media Metadata
[stderr] Stream mapping:
[stderr]   Stream #0:0 -> #0:0 (hevc (native) -> h264 (libx264))
[stderr]   Stream #0:1 -> #0:1 (aac (native) -> aac (native))
[stderr] Press [q] to stop, [?] for help
[stderr] [libx264 @ 0x12df05b30] using cpu capabilities: ARMv8 NEON
[stderr] [libx264 @ 0x12df05b30] profile High, level 3.0, 4:2:0, 8-bit
[stderr] [libx264 @ 0x12df05b30] 264 - core 164 r3108 31e19f9 - H.264/MPEG-4 AVC codec - Copyleft 2003-2023 - http://www.videolan.org/x264.html - options: cabac=1 ref=1 deblock=1:0:0 analyse=0x3:0x113 me=hex subme=2 psy=1 psy_rd=1.00:0.00 mixed_ref=0 me_range=16 chroma_me=1 trellis=0 8x8dct=1 cqm=0 deadzone=21,11 fast_pskip=1 chroma_qp_offset=0 threads=15 lookahead_threads=3 sliced_threads=0 nr=0 decimate=1 interlaced=0 bluray_compat=0 constrained_intra=0 bframes=3 b_pyramid=2 b_adapt=1 b_bias=0 direct=1 weightb=1 open_gop=0 weightp=1 keyint=250 keyint_min=25 scenecut=40 intra_refresh=0 rc_lookahead=10 rc=crf mbtree=1 crf=18.0 qcomp=0.60 qpmin=0 qpmax=69 qpstep=4 ip_ratio=1.40 aq=1:1.00
[stderr] Output #0, mp4, to '/Users/johndoe/Documents/company/video_ops/scripts/abstract_algebra_in_proof_assistant/04-set-equality/takes/take-mrhmharr/pipeline/cut/cut-mrhvutes/chunks/chunk-018.mp4':
[stderr]   Metadata:
[stderr]     major_brand     : qt  
[stderr]     minor_version   : 0
[stderr]     compatible_brands: qt  
[stderr]     encoder         : Lavf61.7.100
[stderr]   Stream #0:0(und): Video: h264 (avc1 / 0x31637661), yuv420p(tv, smpte170m/bt709/bt709, progressive), 640x480, q=2-31, 29.83 fps, 11456 tbn (default)
[stderr]       Metadata:
[stderr]         creation_time   : 2026-07-12T09:54:07.000000Z
[stderr]         handler_name    : Core Media Video
[stderr]         vendor_id       : [0][0][0][0]
[stderr]         encoder         : Lavc61.19.100 libx264
[stderr]       Side data:
[stderr]         cpb: bitrate max/min/avg: 0/0/0 buffer size: 0 vbv_delay: N/A
[stderr]   Stream #0:1(und): Audio: aac (LC) (mp4a / 0x6134706D), 48000 Hz, mono, fltp, 69 kb/s (default)
[stderr]       Metadata:
[stderr]         creation_time   : 2026-07-12T09:54:07.000000Z
[stderr]         handler_name    : Core Media Audio
[stderr]         vendor_id       : [0][0][0][0]
[stderr]         encoder         : Lavc61.19.100 aac
[stderr] frame=   76 fps= 15 q=24.0 size=    1792KiB time=00:00:02.51 bitrate=5839.6kbits/s speed=0.501x    
[stderr] [out#0/mp4 @ 0x12df04bd0] video:3582KiB audio:1KiB subtitle:0KiB other streams:0KiB global headers:0KiB muxing overhead: 0.182965%
[stderr] frame=  144 fps= 28 q=-1.0 Lsize=    3589KiB time=00:00:04.79 bitrate=6133.9kbits/s speed=0.937x    
[stderr] [libx264 @ 0x12df05b30] frame I:1     Avg QP:21.88  size: 54627
[stderr] [libx264 @ 0x12df05b30] frame P:42    Avg QP:23.03  size: 40151
[stderr] [libx264 @ 0x12df05b30] frame B:101   Avg QP:25.33  size: 19068
[stderr] [libx264 @ 0x12df05b30] consecutive B-frames:  4.2%  5.6%  4.2% 86.1%
[stderr] [libx264 @ 0x12df05b30] mb I  I16..4:  2.0% 13.2% 84.8%
[stderr] [libx264 @ 0x12df05b30] mb P  I16..4:  2.0%  8.1% 27.6%  P16..4: 16.2% 17.7% 27.8%  0.0%  0.0%    skip: 0.5%
[stderr] [libx264 @ 0x12df05b30] mb B  I16..4:  0.6%  1.0%  1.9%  B16..8: 30.0% 19.4% 13.9%  direct:19.7%  skip:13.5%  L0:30.5% L1:29.8% BI:39.7%
[stderr] [libx264 @ 0x12df05b30] [stderr] 8x8 transform intra:22.4% inter:33.9%
[stderr] [libx264 @ 0x12df05b30] coded y,uvDC,uvAC intra: 90.8% 78.5% 45.3% inter: 59.1% 30.4% 4.6%
[stderr] [libx264 @ 0x12df05b30] i16 v,h,dc,p: 49% 22% 21%  9%
[stderr] [libx264 @ 0x12df05b30] i8 v,h,dc,ddl,ddr,vr,hd,vl,hu: 21% 19% 15%  4%  9%  8%  8%  7% 10%
[stderr] [libx264 @ 0x12df05b30] i4 v,h,dc,ddl,ddr,vr,hd,vl,hu: 15% 17% 14%  4% 14%  8% 10%  7% 11%
[stderr] [libx264 @ 0x12df05b30] i8c dc,h,v,p: 49% 20% 21% 10%
[stderr] [libx264 @ 0x12df05b30] Weighted P-Frames: Y:11.9% UV:4.8%
[stderr] [libx264 @ 0x12df05b30] kb/s:6077.47
[stderr] [aac @ 0x12df6af10] Qavg: 65375.594
[stderr] ffmpeg version 7.1 Copyright (c) 2000-2024 the FFmpeg developers
[stderr]   built with Apple clang version 15.0.0 (clang-1500.1.0.2.5)
[stderr]   configuration: --prefix=/opt/homebrew/Cellar/ffmpeg/7.1_3 --enable-shared --enable-pthreads --enable-version3 --cc=clang --host-cflags= --host-ldflags='-Wl,-ld_classic' --enable-ffplay --enable-gnutls --enable-gpl --enable-libaom --enable-libaribb24 --enable-libbluray --enable-libdav1d --enable-libharfbuzz --enable-libjxl --enable-libmp3lame --enable-libopus --enable-librav1e --enable-librist --enable-librubberband --enable-libsnappy --enable-libsrt --enable-libssh --enable-libsvtav1 --enable-libtesseract --enable-libtheora --enable-libvidstab --enable-libvmaf --enable-libvorbis --enable-libvpx --enable-libwebp --enable-libx264 --enable-libx265 --enable-libxml2 --enable-libxvid --enable-lzma --enable-libfontconfig --enable-libfreetype --enable-frei0r --enable-libass --enable-libopencore-amrnb --enable-libopencore-amrwb --enable-libopenjpeg --enable-libspeex --enable-libsoxr --enable-libzmq --enable-libzimg --disable-libjack --disable-indev=jack --enable-videotoolbox --enable-audiotoolbox --enable-neon
[stderr]   libavutil      59. 39.100 / 59. 39.100
[stderr]   libavcodec     61. 19.100 / 61. 19.100
[stderr]   libavformat    61.  7.100 / 61.  7.100
[stderr]   libavdevice    61.  3.100 / 61.  3.100
[stderr]   libavfilter    10.  4.100 / 10.  4.100
[stderr]   libswscale      8.  3.100 /  8.  3.100
[stderr]   libswresample   5.  3.100 /  5.  3.100
[stderr]   libpostproc    58.  3.100 / 58.  3.100
[stderr] Input #0, mov,mp4,m4a,3gp,3g2,mj2, from '/Users/johndoe/Documents/company/video_ops/scripts/abstract_algebra_in_proof_assistant/04-set-equality/takes/take-mrhmharr/source.mp4':
[stderr]   Metadata:
[stderr]     major_brand     : qt  
[stderr]     minor_version   : 0
[stderr]     compatible_brands: qt  
[stderr]     creation_time   : 2026-07-12T09:54:07.000000Z
[stderr]   Duration: 00:06:08.94, start: 0.000000, bitrate: 2946 kb/s
[stderr]   Stream #0:0[0x1](und): Video: hevc (Main) (hvc1 / 0x31637668), yuv420p(tv, smpte170m/bt709/bt709), 640x480, 2834 kb/s, 29.95 fps, 29.83 tbr, 600 tbn (default)
[stderr]       Metadata:
[stderr]         creation_time   : 2026-07-12T09:54:07.000000Z
[stderr]         handler_name    : Core Media Video
[stderr]         vendor_id       : [0][0][0][0]
[stderr]         encoder         : HEVC
[stderr]       Side data:
[stderr]         displaymatrix: rotation of -180.00 degrees
[stderr]   Stream #0:1[0x2](und): Audio: aac (LC) (mp4a / 0x6134706D), 48000 Hz, mono, fltp, 100 kb/s (default)
[stderr]       Metadata:
[stderr]         creation_time   : 2026-07-12T09:54:07.000000Z
[stderr]         handler_name    : Core Media Audio
[stderr]         vendor_id       : [0][0][0][0]
[stderr]   Stream #0:2[0x3](und): Data: none (mebx / 0x7862656D) (default)
[stderr]       Metadata:
[stderr]         creation_time   : 2026-07-12T09:54:07.000000Z
[stderr]         handler_name    : Core Media Metadata
[stderr] Stream mapping:
[stderr]   Stream #0:0 -> #0:0 (hevc (native) -> h264 (libx264))
[stderr]   Stream #0:1 -> #0:1 (aac (native) -> aac (native))
[stderr] Press [q] to stop, [?] for help
[stderr] [libx264 @ 0x138e18720] using cpu capabilities: ARMv8 NEON
[stderr] [libx264 @ 0x138e18720] profile High, level 3.0, 4:2:0, 8-bit
[stderr] [libx264 @ 0x138e18720] 264 - core 164 r3108 31e19f9 - H.264/MPEG-4 AVC codec - Copyleft 2003-2023 - http://www.videolan.org/x264.html - options: cabac=1 ref=1 deblock=1:0:0 analyse=0x3:0x113 me=hex subme=2 psy=1 psy_rd=1.00:0.00 mixed_ref=0 me_range=16 chroma_me=1 trellis=0 8x8dct=1 cqm=0 deadzone=21,11 fast_pskip=1 chroma_qp_offset=0 threads=15 lookahead_threads=3 sliced_threads=0 nr=0 decimate=1 interlaced=0 bluray_compat=0 constrained_intra=0 bframes=3 b_pyramid=2 b_adapt=1 b_bias=0 direct=1 weightb=1 open_gop=0 weightp=1 keyint=250 keyint_min=25 scenecut=40 intra_refresh=0 rc_lookahead=10 rc=crf mbtree=1 crf=18.0 qcomp=0.60 qpmin=0 qpmax=69 qpstep=4 ip_ratio=1.40 aq=1:1.00
[stderr] Output #0, mp4, to '/Users/johndoe/Documents/company/video_ops/scripts/abstract_algebra_in_proof_assistant/04-set-equality/takes/take-mrhmharr/pipeline/cut/cut-mrhvutes/chunks/chunk-019.mp4':
[stderr]   Metadata:
[stderr]     major_brand     : qt  
[stderr]     minor_version   : 0
[stderr]     compatible_brands: qt  
[stderr]     encoder         : Lavf61.7.100
[stderr]   Stream #0:0(und): Video: h264 (avc1 / 0x31637661), yuv420p(tv, smpte170m/bt709/bt709, progressive), 640x480, q=2-31, 29.83 fps, 11456 tbn (default)
[stderr]       Metadata:
[stderr]         creation_time   : 2026-07-12T09:54:07.000000Z
[stderr]         handler_name    : Core Media Video
[stderr]         vendor_id       : [0][0][0][0]
[stderr]         encoder         : Lavc61.19.100 libx264
[stderr]       Side data:
[stderr]         cpb: bitrate max/min/avg: 0/0/0 buffer size: 0 vbv_delay: N/A
[stderr]   Stream #0:1(und): Audio: aac (LC) (mp4a / 0x6134706D), 48000 Hz, mono, fltp, 69 kb/s (default)
[stderr]       Metadata:
[stderr]         creation_time   : 2026-07-12T09:54:07.000000Z
[stderr]         handler_name    : Core Media Audio
[stderr]         vendor_id       : [0][0][0][0]
[stderr]         encoder         : Lavc61.19.100 aac
[stderr] frame=   25 fps=5.0 q=24.0 size=     512KiB time=00:00:00.77 bitrate=5440.9kbits/s speed=0.154x    
[stderr] [out#0/mp4 @ 0x138e0f3b0] video:3030KiB audio:1KiB subtitle:0KiB other streams:0KiB global headers:0KiB muxing overhead: 0.187137%
[stderr] frame=  120 fps= 23 q=-1.0 Lsize=    3037KiB time=00:00:03.95 bitrate=6289.1kbits/s speed=0.768x    
[stderr] [libx264 @ 0x138e18720] frame I:2     Avg QP:21.72  size: 50092
[stderr] [libx264 @ 0x138e18720] frame P:37    Avg QP:23.23  size: 39780
[stderr] [libx264 @ 0x138e18720] frame B:81    Avg QP:25.47  size: 18890
[stderr] [libx264 @ 0x138e18720] consecutive B-frames:  6.7%  6.7% 10.0% 76.7%
[stderr] [libx264 @ 0x138e18720] mb I  I16..4:  4.8%  8.0% 87.2%
[stderr] [libx264 @ 0x138e18720] mb P  I16..4:  2.4%  7.2% 26.5%  P16..4: 16.7% 17.8% 28.7%  0.0%  0.0%    skip: 0.6%
[stderr] [libx264 @ 0x138e18720] mb B  I16..4:  0.8%  1.0%  2.2%  B16..8: 30.0% 19.5% 13.4%  direct:20.0%  skip:13.1%  L0:28.2% L1:31.8% BI:40.0%
[stderr] [libx264 @ 0x138e18720] 8x8 transform intra:19.6% inter:35.2%
[stderr] [libx264 @ 0x138e18720] coded y,uvDC,uvAC intra: 90.4% 80.5% 45.5% inter: 60.8% 32.2% 5.2%
[stderr] [libx264 @ 0x138e18720] i16 v,h,dc,p: 52% 21% 20%  7%
[stderr] [libx264 @ 0x138e18720] i8 v,h,dc,ddl,ddr,vr,hd,vl,hu: 19% 20% 14%  3%  9%  8%  9%  8% 10%
[stderr] [libx264 @ 0x138e18720] i4 v,h,dc,ddl,ddr,vr,hd,vl,hu: 16% 18% 14%  4% 13%  9%  9%  7% 11%
[stderr] [libx264 @ 0x138e18720] i8c dc,h,v,p: 47% 22% 21%  9%
[stderr] [libx264 @ 0x138e18720] Weighted P-Frames: Y:27.0% UV:2.7%
[stderr] [libx264 @ 0x138e18720] kb/s:6169.83
[stderr] [aac @ 0x138e77040] Qavg: 65342.492
[stderr] ffmpeg version 7.1 Copyright (c) 2000-2024 the FFmpeg developers
[stderr]   built with Apple clang version 15.0.0 (clang-1500.1.0.2.5)
[stderr]   configuration: --prefix=/opt/homebrew/Cellar/ffmpeg/7.1_3 --enable-shared --enable-pthreads --enable-version3 --cc=clang --host-cflags= --host-ldflags='-Wl,-ld_classic' --enable-ffplay --enable-gnutls --enable-gpl --enable-libaom --enable-libaribb24 --enable-libbluray --enable-libdav1d --enable-libharfbuzz --enable-libjxl --enable-libmp3lame --enable-libopus --enable-librav1e --enable-librist --enable-librubberband --enable-libsnappy --enable-libsrt --enable-libssh --enable-libsvtav1 --enable-libtesseract --enable-libtheora --enable-libvidstab --enable-libvmaf --enable-libvorbis --enable-libvpx --enable-libwebp --enable-libx264 --enable-libx265 --enable-libxml2 --enable-libxvid --enable-lzma --enable-libfontconfig --enable-libfreetype --enable-frei0r --enable-libass --enable-libopencore-amrnb --enable-libopencore-amrwb --enable-libopenjpeg --enable-libspeex --enable-libsoxr --enable-libzmq --enable-libzimg --disable-libjack --disable-indev=jack --enable-videotoolbox --enable-audiotoolbox --enable-neon
[stderr]   libavutil      59. 39.100 / 59. 39.100
[stderr]   libavcodec     61. 19.100 / 61. 19.100
[stderr]   libavformat    61.  7.100 / 61.  7.100
[stderr]   libavdevice    61.  3.100 / 61.  3.100
[stderr]   libavfilter    10.  4.100 / 10.  4.100
[stderr]   libswscale      8.  3.100 /  8.  3.100
[stderr]   libswresample   5.  3.100 /  5.  3.100
[stderr]   libpostproc    58.  3.100 / 58.  3.100
[stderr] Input #0, mov,mp4,m4a,3gp,3g2,mj2, from '/Users/johndoe/Documents/company/video_ops/scripts/abstract_algebra_in_proof_assistant/04-set-equality/takes/take-mrhmharr/source.mp4':
[stderr]   Metadata:
[stderr]     major_brand     : qt  
[stderr]     minor_version   : 0
[stderr]     compatible_brands: qt  
[stderr]     creation_time   : 2026-07-12T09:54:07.000000Z
[stderr]   Duration: 00:06:08.94, start: 0.000000, bitrate: 2946 kb/s
[stderr]   Stream #0:0[0x1](und): Video: hevc (Main) (hvc1 / 0x31637668), yuv420p(tv, smpte170m/bt709/bt709), 640x480, 2834 kb/s, 29.95 fps, 29.83 tbr, 600 tbn (default)
[stderr]       Metadata:
[stderr]         creation_time   : 2026-07-12T09:54:07.000000Z
[stderr]         handler_name    : Core Media Video
[stderr]         vendor_id       : [0][0][0][0]
[stderr]         encoder         : HEVC
[stderr]       Side data:
[stderr]         displaymatrix: rotation of -180.00 degrees
[stderr]   Stream #0:1[0x2](und): Audio: aac (LC) (mp4a / 0x6134706D), 48000 Hz, mono, fltp, 100 kb/s (default)
[stderr]       Metadata:
[stderr]         creation_time   : 2026-07-12T09:54:07.000000Z
[stderr]         handler_name    : Core Media Audio
[stderr]         vendor_id       : [0][0][0][0]
[stderr]   Stream #0:2[0x3](und): Data: none (mebx / 0x7862656D) (default)
[stderr]       Metadata:
[stderr]         creation_time   : 2026-07-12T09:54:07.000000Z
[stderr]         handler_name    : Core Media Metadata
[stderr] Stream mapping:
[stderr]   Stream #0:0 -> #0:0 (hevc (native) -> h264 (libx264))
[stderr]   Stream #0:1 -> #0:1 (aac (native) -> aac (native))
[stderr] Press [q] to stop, [?] for help
[stderr] [libx264 @ 0x11970b9a0] using cpu capabilities: ARMv8 NEON
[stderr] [libx264 @ 0x11970b9a0] profile High, level 3.0, 4:2:0, 8-bit
[stderr] [libx264 @ 0x11970b9a0] 264 - core 164 r3108 31e19f9 - H.264/MPEG-4 AVC codec - Copyleft 2003-2023 - http://www.videolan.org/x264.html - options: cabac=1 ref=1 deblock=1:0:0 analyse=0x3:0x113 me=hex subme=2 psy=1 psy_rd=1.00:0.00 mixed_ref=0 me_range=16 chroma_me=1 trellis=0 8x8dct=1 cqm=0 deadzone=21,11 fast_pskip=1 chroma_qp_offset=0 threads=15 lookahead_threads=3 sliced_threads=0 nr=0 decimate=1 interlaced=0 bluray_compat=0 constrained_intra=0 bframes=3 b_pyramid=2 b_adapt=1 b_bias=0 direct=1 weightb=1 open_gop=0 weightp=1 keyint=250 keyint_min=25 scenecut=40 intra_refresh=0 rc_lookahead=10 rc=crf mbtree=1 crf=18.0 qcomp=0.60 qpmin=0 qpmax=69 qpstep=4 ip_ratio=1.40 aq=1:1.00
[stderr] Output #0, mp4, to '/Users/johndoe/Documents/company/video_ops/scripts/abstract_algebra_in_proof_assistant/04-set-equality/takes/take-mrhmharr/pipeline/cut/cut-mrhvutes/chunks/chunk-020.mp4':
[stderr]   Metadata:
[stderr]     major_brand     : qt  
[stderr]     minor_version   : 0
[stderr]     compatible_brands: qt  
[stderr]     encoder         : Lavf61.7.100
[stderr]   Stream #0:0(und): Video: h264 (avc1 / 0x31637661), yuv420p(tv, smpte170m/bt709/bt709, progressive), 640x480, q=2-31, 29.83 fps, 11456 tbn (default)
[stderr]       Metadata:
[stderr]         creation_time   : 2026-07-12T09:54:07.000000Z
[stderr]         handler_name    : Core Media Video
[stderr]         vendor_id       : [0][0][0][0]
[stderr]         encoder         : Lavc61.19.100 libx264
[stderr]       Side data:
[stderr]         cpb: bitrate max/min/avg: 0/0/0 buffer size: 0 vbv_delay: N/A
[stderr]   Stream #0:1(und): Audio: aac (LC) (mp4a / 0x6134706D), 48000 Hz, mono, fltp, 69 kb/s (default)
[stderr]       Metadata:
[stderr]         creation_time   : 2026-07-12T09:54:07.000000Z
[stderr]         handler_name    : Core Media Audio
[stderr]         vendor_id       : [0][0][0][0]
[stderr]         encoder         : Lavc61.19.100 aac
[stderr] frame=   86 fps= 16 q=24.0 size=    2048KiB time=N/A bitrate=N/A speed=N/A    
[stderr] [out#0/mp4 @ 0x11970a810] video:2559KiB audio:1KiB subtitle:0KiB other streams:0KiB global headers:0KiB muxing overhead: 0.199890%
[stderr] frame=  104 fps= 19 q=-1.0 Lsize=    2565KiB time=00:00:03.41 bitrate=6146.1kbits/s speed=0.618x    
[stderr] [libx264 @ 0x11970b9a0] frame I:1     Avg QP:22.23  size: 55113
[stderr] [libx264 @ 0x11970b9a0] frame P:32    Avg QP:22.89  size: 44387
[stderr] [libx264 @ 0x11970b9a0] frame B:71    Avg QP:25.70  size: 16121
[stderr] [libx264 @ 0x11970b9a0] [stderr] consecutive B-frames:  4.8%  9.6%  8.7% 76.9%
[stderr] [libx264 @ 0x11970b9a0] mb I  I16..4:  3.8%  5.0% 91.2%
[stderr] [libx264 @ 0x11970b9a0] mb P  I16..4:  1.4%  3.3% 15.7%  P16..4: 23.8% 22.0% 33.2%  0.0%  0.0%    skip: 0.5%
[stderr] [libx264 @ 0x11970b9a0] mb B  I16..4:  0.3%  0.2%  1.0%  B16..8: 29.3% 17.8%  9.5%  direct:25.0%  skip:16.9%  L0:31.9% L1:30.7% BI:37.4%
[stderr] [libx264 @ 0x11970b9a0] 8x8 transform intra:14.9% inter:37.9%
[stderr] [libx264 @ 0x11970b9a0] coded y,uvDC,uvAC intra: 90.8% 89.1% 55.5% inter: 59.9% 27.9% 5.1%
[stderr] [libx264 @ 0x11970b9a0] i16 v,h,dc,p: 50% 24% 19%  7%
[stderr] [libx264 @ 0x11970b9a0] i8 v,h,dc,ddl,ddr,vr,hd,vl,hu: 20% 20% 17%  4%  7%  5%  9%  9% 10%
[stderr] [libx264 @ 0x11970b9a0] i4 v,h,dc,ddl,ddr,vr,hd,vl,hu: 12% 22% 13%  4% 12%  6% 12%  7% 13%
[stderr] [libx264 @ 0x11970b9a0] i8c dc,h,v,p: 48% 24% 18% 11%
[stderr] [libx264 @ 0x11970b9a0] Weighted P-Frames: Y:34.4% UV:6.2%
[stderr] [libx264 @ 0x11970b9a0] kb/s:6012.73
[stderr] [aac @ 0x11a038c70] Qavg: 65315.680
[stderr] ffmpeg version 7.1 Copyright (c) 2000-2024 the FFmpeg developers
[stderr]   built with Apple clang version 15.0.0 (clang-1500.1.0.2.5)
[stderr]   configuration: --prefix=/opt/homebrew/Cellar/ffmpeg/7.1_3 --enable-shared --enable-pthreads --enable-version3 --cc=clang --host-cflags= --host-ldflags='-Wl,-ld_classic' --enable-ffplay --enable-gnutls --enable-gpl --enable-libaom --enable-libaribb24 --enable-libbluray --enable-libdav1d --enable-libharfbuzz --enable-libjxl --enable-libmp3lame --enable-libopus --enable-librav1e --enable-librist --enable-librubberband --enable-libsnappy --enable-libsrt --enable-libssh --enable-libsvtav1 --enable-libtesseract --enable-libtheora --enable-libvidstab --enable-libvmaf --enable-libvorbis --enable-libvpx --enable-libwebp --enable-libx264 --enable-libx265 --enable-libxml2 --enable-libxvid --enable-lzma --enable-libfontconfig --enable-libfreetype --enable-frei0r --enable-libass --enable-libopencore-amrnb --enable-libopencore-amrwb --enable-libopenjpeg --enable-libspeex --enable-libsoxr --enable-libzmq --enable-libzimg --disable-libjack --disable-indev=jack --enable-videotoolbox --enable-audiotoolbox --enable-neon
[stderr]   libavutil      59. 39.100 / 59. 39.100
[stderr]   libavcodec     61. 19.100 / 61. 19.100
[stderr]   libavformat    61.  7.100 / 61.  7.100
[stderr]   libavdevice    61.  3.100 / 61.  3.100
[stderr]   libavfilter    10.  4.100 / 10.  4.100
[stderr]   libswscale      8.  3.100 /  8.  3.100
[stderr]   libswresample   5.  3.100 /  5.  3.100
[stderr]   libpostproc    58.  3.100 / 58.  3.100
[stderr] Input #0, mov,mp4,m4a,3gp,3g2,mj2, from '/Users/johndoe/Documents/company/video_ops/scripts/abstract_algebra_in_proof_assistant/04-set-equality/takes/take-mrhmharr/source.mp4':
[stderr]   Metadata:
[stderr]     major_brand     : qt  
[stderr]     minor_version   : 0
[stderr]     compatible_brands: qt  
[stderr]     creation_time   : 2026-07-12T09:54:07.000000Z
[stderr]   Duration: 00:06:08.94, start: 0.000000, bitrate: 2946 kb/s
[stderr]   Stream #0:0[0x1](und): Video: hevc (Main) (hvc1 / 0x31637668), yuv420p(tv, smpte170m/bt709/bt709), 640x480, 2834 kb/s, 29.95 fps, 29.83 tbr, 600 tbn (default)
[stderr]       Metadata:
[stderr]         creation_time   : 2026-07-12T09:54:07.000000Z
[stderr]         handler_name    : Core Media Video
[stderr]         vendor_id       : [0][0][0][0]
[stderr]         encoder         : HEVC
[stderr]       Side data:
[stderr]         displaymatrix: rotation of -180.00 degrees
[stderr]   Stream #0:1[0x2](und): Audio: aac (LC) (mp4a / 0x6134706D), 48000 Hz, mono, fltp, 100 kb/s (default)
[stderr]       Metadata:
[stderr]         creation_time   : 2026-07-12T09:54:07.000000Z
[stderr]         handler_name    : Core Media Audio
[stderr]         vendor_id       : [0][0][0][0]
[stderr]   Stream #0:2[0x3](und): Data: none (mebx / 0x7862656D) (default)
[stderr]       Metadata:
[stderr]         creation_time   : 2026-07-12T09:54:07.000000Z
[stderr]         handler_name    : Core Media Metadata
[stderr] Stream mapping:
[stderr]   Stream #0:0 -> #0:0 (hevc (native) -> h264 (libx264))
[stderr]   Stream #0:1 -> #0:1[stderr]  (aac (native) -> aac (native))
[stderr] Press [q] to stop, [?] for help
[stderr] [libx264 @ 0x11d906ee0] using cpu capabilities: ARMv8 NEON
[stderr] [libx264 @ 0x11d906ee0] profile High, level 3.0, 4:2:0, 8-bit
[stderr] [libx264 @ 0x11d906ee0] 264 - core 164 r3108 31e19f9 - H.264/MPEG-4 AVC codec - Copyleft 2003-2023 - http://www.videolan.org/x264.html - options: cabac=1 ref=1 deblock=1:0:0 analyse=0x3:0x113 me=hex subme=2 psy=1 psy_rd=1.00:0.00 mixed_ref=0 me_range=16 chroma_me=1 trellis=0 8x8dct=1 cqm=0 deadzone=21,11 fast_pskip=1 chroma_qp_offset=0 threads=15 lookahead_threads=3 sliced_threads=0 nr=0 decimate=1 interlaced=0 bluray_compat=0 constrained_intra=0 bframes=3 b_pyramid=2 b_adapt=1 b_bias=0 direct=1 weightb=1 open_gop=0 weightp=1 keyint=250 keyint_min=25 scenecut=40 intra_refresh=0 rc_lookahead=10 rc=crf mbtree=1 crf=18.0 qcomp=0.60 qpmin=0 qpmax=69 qpstep=4 ip_ratio=1.40 aq=1:1.00
[stderr] Output #0, mp4, to '/Users/johndoe/Documents/company/video_ops/scripts/abstract_algebra_in_proof_assistant/04-set-equality/takes/take-mrhmharr/pipeline/cut/cut-mrhvutes/chunks/chunk-021.mp4':
[stderr]   Metadata:
[stderr]     major_brand     : qt  
[stderr]     minor_version   : 0
[stderr]     compatible_brands: qt  
[stderr]     encoder         : Lavf61.7.100
[stderr]   Stream #0:0(und): Video: h264 (avc1 / 0x31637661), yuv420p(tv, smpte170m/bt709/bt709, progressive), 640x480, q=2-31, 29.83 fps, 11456 tbn (default)
[stderr]       Metadata:
[stderr]         creation_time   : 2026-07-12T09:54:07.000000Z
[stderr]         handler_name    : Core Media Video
[stderr]         vendor_id       : [0][0][0][0]
[stderr]         encoder         : Lavc61.19.100 libx264
[stderr]       Side data:
[stderr]         cpb: bitrate max/min/avg: 0/0/0 buffer size: 0 vbv_delay: N/A
[stderr]   Stream #0:1(und): Audio: aac (LC) (mp4a / 0x6134706D), 48000 Hz, mono, fltp, 69 kb/s (default)
[stderr]       Metadata:
[stderr]         creation_time   : 2026-07-12T09:54:07.000000Z
[stderr]         handler_name    : Core Media Audio
[stderr]         vendor_id       : [0][0][0][0]
[stderr]         encoder         : Lavc61.19.100 aac
[stderr] [out#0/mp4 @ 0x10ce04590] video:1634KiB audio:0KiB subtitle:0KiB other streams:0KiB global headers:0KiB muxing overhead: 0.223988%
[stderr] frame=   63 fps= 12 q=-1.0 Lsize=    1638KiB time=00:00:02.04 bitrate=6561.6kbits/s speed=0.381x    
[stderr] [libx264 @ 0x11d906ee0] frame I:1     Avg QP:22.07  size: 69262
[stderr] [libx264 @ 0x11d906ee0] frame P:21    Avg QP:23.08  size: 41894
[stderr] [libx264 @ 0x11d906ee0] [stderr] frame B:41    Avg QP:25.44  size: 17638
[stderr] [libx264 @ 0x11d906ee0] consecutive B-frames:  6.3% 19.0%  4.8% 69.8%
[stderr] [libx264 @ 0x11d906ee0] mb I  I16..4:  3.5%  5.0% 91.5%
[stderr] [libx264 @ 0x11d906ee0] mb P  I16..4:  2.4%  4.3% 12.9%  P16..4: 26.3% 21.6% 31.7%  0.0%  0.0%    skip: 0.8%
[stderr] [libx264 @ 0x11d906ee0] mb B  I16..4:  0.7%  0.8%  1.5%  B16..8: 28.1% 18.1% 11.5%  direct:24.6%  skip:14.6%  L0:30.1% L1:31.9% BI:38.0%
[stderr] [libx264 @ 0x11d906ee0] 8x8 transform intra:20.1% inter:35.1%
[stderr] [libx264 @ 0x11d906ee0] coded y,uvDC,uvAC intra: 86.9% 84.9% 52.4% inter: 62.2% 32.7% 6.5%
[stderr] [libx264 @ 0x11d906ee0] i16 v,h,dc,p: 49% 15% 26% 10%
[stderr] [libx264 @ 0x11d906ee0] i8 v,h,dc,ddl,ddr,vr,hd,vl,hu: 19% 19% 17%  3%  9%  6% 10%  8% 10%
[stderr] [libx264 @ 0x11d906ee0] i4 v,h,dc,ddl,ddr,vr,hd,vl,hu: 14% 18% 13%  4% 14%  7% 11%  7% 11%
[stderr] [libx264 @ 0x11d906ee0] i8c dc,h,v,p: 48% 23% 17% 11%
[stderr] [libx264 @ 0x11d906ee0] Weighted P-Frames: Y:28.6% UV:0.0%
[stderr] [libx264 @ 0x11d906ee0] kb/s:6334.90
[stderr] [aac @ 0x11cf14100] Qavg: 65166.574
[stderr] ffmpeg version 7.1 Copyright (c) 2000-2024 the FFmpeg developers
[stderr]   built with Apple clang version 15.0.0 (clang-1500.1.0.2.5)
[stderr]   configuration: --prefix=/opt/homebrew/Cellar/ffmpeg/7.1_3 --enable-shared --enable-pthreads --enable-version3 --cc=clang --host-cflags= --host-ldflags='-Wl,-ld_classic' --enable-ffplay --enable-gnutls --enable-gpl --enable-libaom --enable-libaribb24 --enable-libbluray --enable-libdav1d --enable-libharfbuzz --enable-libjxl --enable-libmp3lame --enable-libopus --enable-librav1e --enable-librist --enable-librubberband --enable-libsnappy --enable-libsrt --enable-libssh --enable-libsvtav1 --enable-libtesseract --enable-libtheora --enable-libvidstab --enable-libvmaf --enable-libvorbis --enable-libvpx --enable-libwebp --enable-libx264 --enable-libx265 --enable-libxml2 --enable-libxvid --enable-lzma --enable-libfontconfig --enable-libfreetype --enable-frei0r --enable-libass --enable-libopencore-amrnb --enable-libopencore-amrwb --enable-libopenjpeg --enable-libspeex --enable-libsoxr --enable-libzmq --enable-libzimg --disable-libjack --disable-indev=jack --enable-videotoolbox --enable-audiotoolbox --enable-neon
[stderr]   libavutil      59. 39.100 / 59. 39.100
[stderr]   libavcodec     61. 19.100 / 61. 19.100
[stderr]   libavformat    61.  7.100 / 61.  7.100
[stderr]   libavdevice    61.  3.100 / 61.  3.100
[stderr]   libavfilter    10.  4.100 / 10.  4.100
[stderr]   libswscale      8.  3.100 /  8.  3.100
[stderr]   libswresample   5.  3.100 /  5.  3.100
[stderr]   libpostproc    58.  3.100 / 58.  3.100
[stderr] Input #0, mov,mp4,m4a,3gp,3g2,mj2, from '/Users/johndoe/Documents/company/video_ops/scripts/abstract_algebra_in_proof_assistant/04-set-equality/takes/take-mrhmharr/source.mp4':
[stderr]   Metadata:
[stderr]     major_brand     : [stderr] qt  
[stderr]     minor_version   : 0
[stderr]     compatible_brands: qt  
[stderr]     creation_time   : 2026-07-12T09:54:07.000000Z
[stderr]   Duration: 00:06:08.94, start: 0.000000, bitrate: 2946 kb/s
[stderr]   Stream #0:0[0x1](und): Video: hevc (Main) (hvc1 / 0x31637668), yuv420p(tv, smpte170m/bt709/bt709), 640x480, 2834 kb/s, 29.95 fps, 29.83 tbr, 600 tbn (default)
[stderr]       Metadata:
[stderr]         creation_time   : 2026-07-12T09:54:07.000000Z
[stderr]         handler_name    : Core Media Video
[stderr]         vendor_id       : [0][0][0][0]
[stderr]         encoder         : HEVC
[stderr]       Side data:
[stderr]         displaymatrix: rotation of -180.00 degrees
[stderr]   Stream #0:1[0x2](und): Audio: aac (LC) (mp4a / 0x6134706D), 48000 Hz, mono, fltp, 100 kb/s (default)
[stderr]       Metadata:
[stderr]         creation_time   : 2026-07-12T09:54:07.000000Z
[stderr]         handler_name    : Core Media Audio
[stderr]         vendor_id       : [0][0][0][0]
[stderr]   Stream #0:2[0x3](und): Data: none (mebx / 0x7862656D) (default)
[stderr]       Metadata:
[stderr]         creation_time   : 2026-07-12T09:54:07.000000Z
[stderr]         handler_name    : Core Media Metadata
[stderr] Stream mapping:
[stderr]   Stream #0:0 -> #0:0 (hevc (native) -> h264 (libx264))
[stderr]   Stream #0:1 -> #0:1 (aac (native) -> aac (native))
[stderr] Press [q] to stop, [?] for help
[stderr] [libx264 @ 0x127617960] using cpu capabilities: ARMv8 NEON
[stderr] [libx264 @ 0x127617960] profile High, level 3.0, 4:2:0, 8-bit
[stderr] [libx264 @ 0x127617960] 264 - core 164 r3108 31e19f9 - H.264/MPEG-4 AVC codec - Copyleft 2003-2023 - http://www.videolan.org/x264.html - options: cabac=1 ref=1 deblock=1:0:0 analyse=0x3:0x113 me=hex subme=2 psy=1 psy_rd=1.00:0.00 mixed_ref=0 me_range=16 chroma_me=1 trellis=0 8x8dct=1 cqm=0 deadzone=21,11 fast_pskip=1 chroma_qp_offset=0 threads=15 lookahead_threads=3 sliced_threads=0 nr=0 decimate=1 interlaced=0 bluray_compat=0 constrained_intra=0 bframes=3 b_pyramid=2 b_adapt=1 b_bias=0 direct=1 weightb=1 open_gop=0 weightp=1 keyint=250 keyint_min=25 scenecut=40 intra_refresh=0 rc_lookahead=10 rc=crf mbtree=1 crf=18.0 qcomp=0.60 qpmin=0 qpmax=69 qpstep=4 ip_ratio=1.40 aq=1:1.00
[stderr] Output #0, mp4, to '/Users/johndoe/Documents/company/video_ops/scripts/abstract_algebra_in_proof_assistant/04-set-equality/takes/take-mrhmharr/pipeline/cut/cut-mrhvutes/chunks/chunk-022.mp4':
[stderr]   Metadata:
[stderr]     major_brand     : qt  
[stderr]     minor_version   : 0
[stderr]     compatible_brands: qt  
[stderr]     encoder         : Lavf61.7.100
[stderr]   Stream #0:0(und): Video: h264 (avc1 / 0x31637661), yuv420p(tv, smpte170m/bt709/bt709, progressive), 640x480, q=2-31, 29.83 fps, 11456 tbn (default)
[stderr]       Metadata:
[stderr]         creation_time   : 2026-07-12T09:54:07.000000Z
[stderr]         handler_name    : Core Media Video
[stderr]         vendor_id       : [0][0][0][0]
[stderr]         encoder         : Lavc61.19.100 libx264
[stderr]       Side data:
[stderr]         cpb: bitrate max/min/avg: 0/0/0 buffer size: 0 vbv_delay: N/A
[stderr]   Stream #0:1(und): Audio: aac (LC) (mp4a / 0x6134706D), 48000 Hz, mono, fltp, 69 kb/s (default)
[stderr]       Metadata:
[stderr]         creation_time   : 2026-07-12T09:54:07.000000Z
[stderr]         handler_name    : Core Media Audio
[stderr]         vendor_id       : [0][0][0][0]
[stderr]         encoder         : Lavc61.19.100 aac
[stderr] frame=  126 fps= 23 q=24.0 size=    2816KiB time=00:00:04.18 bitrate=5505.8kbits/s speed=0.759x    
[stderr] frame=  407 fps= 68 q=-1.0 size=    8704KiB time=N/A bitrate=N/A speed=N/A    
[stderr] [out#0/mp4 @ 0x12760cd30] video:9017KiB audio:3KiB subtitle:0KiB other streams:0KiB global headers:0KiB muxing overhead: 0.181282%
[stderr] frame=  419 fps= 69 q=-1.0 Lsize=    9036KiB time=00:00:13.97 bitrate=5296.0kbits/s speed=2.32x    
[stderr] [libx264 @ 0x127617960] frame I:4     Avg QP:20.01  size: 47784
[stderr] [libx264 @ 0x127617960] frame P:114   Avg QP:22.02  size: 36885
[stderr] [libx264 @ 0x127617960] frame B:301   Avg QP:24.60  size: 16070
[stderr] [libx264 @ 0x127617960] consecutive B-frames:  2.4%  3.8%  5.0% 88.8%
[stderr] [libx264 @ 0x127617960] mb I  I16..4:  6.0% 12.8% 81.1%
[stderr] [libx264 @ 0x127617960] mb P  I16..4:  4.5%  9.8% 26.3%  P16..4: 16.3% 18.0% 24.4%  0.0%  0.0%    skip: 0.7%
[stderr] [libx264 @ 0x127617960] mb B  I16..4:  1.3%  1.3%  2.0%  B16..8: 29.2% 18.4% 10.7%  direct:20.1%  skip:17.1%  L0:32.1% L1:33.3% BI:34.6%
[stderr] [libx264 @ 0x127617960] 8x8 transform intra:24.3% inter:35.6%
[stderr] [libx264 @ 0x127617960] coded y,uvDC,uvAC intra: 84.9% 75.4% 42.9% inter: 54.0% 29.6% 5.4%
[stderr] [libx264 @ 0x127617960] i16 v,h,dc,p: 59% 18% 17%  5%
[stderr] [libx264 @ 0x127617960] i8 v,h,dc,ddl,ddr,vr,hd,vl,hu: 19% 19% 16%  4%  9%  7%  8%  7% 10%
[stderr] [libx264 @ 0x127617960] i4 v,h,dc,ddl,ddr,vr,hd,vl,hu: 15% 19% 15%  4% 13%  8%  9%  7% 11%
[stderr] [libx264 @ 0x127617960] i8c dc,h,v,p: 50% 22% 19% 10%
[stderr] [libx264 @ 0x127617960] Weighted P-Frames: Y:16.7% UV:0.0%
[stderr] [libx264 @ 0x127617960] kb/s:5259.23
[stderr] [aac @ 0x1276767c0] Qavg: 65480.586
[stderr] ffmpeg version 7.1 Copyright (c) 2000-2024 the FFmpeg developers
[stderr]   built with Apple clang version 15.0.0 (clang-1500.1.0.2.5)
[stderr]   configuration: --prefix=/opt/homebrew/Cellar/ffmpeg/7.1_3 --enable-shared --enable-pthreads --enable-version3 --cc=clang --host-cflags= --host-ldflags='-Wl,-ld_classic' --enable-ffplay --enable-gnutls --enable-gpl --enable-libaom --enable-libaribb24 --enable-libbluray --enable-libdav1d --enable-libharfbuzz --enable-libjxl --enable-libmp3lame --enable-libopus --enable-librav1e --enable-librist --enable-librubberband --enable-libsnappy --enable-libsrt --enable-libssh --enable-libsvtav1 --enable-libtesseract --enable-libtheora --enable-libvidstab --enable-libvmaf --enable-libvorbis --enable-libvpx --enable-libwebp --enable-libx264 --enable-libx265 --enable-libxml2 --enable-libxvid --enable-lzma --enable-libfontconfig --enable-libfreetype --enable-frei0r --enable-libass --enable-libopencore-amrnb --enable-libopencore-amrwb --enable-libopenjpeg --enable-libspeex --enable-libsoxr --enable-libzmq --enable-libzimg --disable-libjack --disable-indev=jack --enable-videotoolbox --enable-audiotoolbox --enable-neon
[stderr]   libavutil      59. 39.100 / 59. 39.100
[stderr]   libavcodec     61. 19.100 / 61. 19.100
[stderr]   libavformat    61.  7.100 / 61.  7.100
[stderr]   libavdevice    61.  3.100 / 61.  3.100
[stderr]   libavfilter    10.  4.100 / 10.  4.100
[stderr]   libswscale      8.  3.100 /  8.  3.100
[stderr]   libswresample   5.  3.100 /  5.  3.100
[stderr]   libpostproc    58.  3.100 / 58.  3.100
[stderr] Input #0, mov,mp4,m4a,3gp,3g2,mj2, from '/Users/johndoe/Documents/company/video_ops/scripts/abstract_algebra_in_proof_assistant/04-set-equality/takes/take-mrhmharr/source.mp4':
[stderr]   Metadata:
[stderr]     major_brand     : qt  
[stderr]     minor_version   : 0
[stderr]     compatible_brands: qt  
[stderr]     creation_time   : 2026-07-12T09:54:07.000000Z
[stderr]   Duration: 00:06:08.94, start: 0.000000, bitrate: 2946 kb/s
[stderr]   Stream #0:0[0x1](und): Video: hevc (Main) (hvc1 / 0x31637668), yuv420p(tv, smpte170m/bt709/bt709), 640x480, 2834 kb/s, 29.95 fps, 29.83 tbr, 600 tbn (default)
[stderr]       Metadata:
[stderr]         creation_time   : 2026-07-12T09:54:07.000000Z
[stderr]         handler_name    : Core Media Video
[stderr]         vendor_id       : [0][0][0][0]
[stderr]         encoder         : HEVC
[stderr]       Side data:
[stderr]         displaymatrix: rotation of -180.00 degrees
[stderr]   Stream #0:1[0x2](und): Audio: aac (LC) (mp4a / 0x6134706D), 48000 Hz, mono, fltp, 100 kb/s (default)
[stderr]       Metadata:
[stderr]         creation_time   : 2026-07-12T09:54:07.000000Z
[stderr]         handler_name    : Core Media Audio
[stderr]         vendor_id       : [0][0][0][0]
[stderr]   Stream #0:2[0x3](und): Data: none (mebx / 0x7862656D) (default)
[stderr]       Metadata:
[stderr]         creation_time   : 2026-07-12T09:54:07.000000Z
[stderr]         handler_name    : Core Media Metadata
[stderr] Stream mapping:
[stderr]   Stream #0:0 -> #0:0 (hevc (native) -> h264 (libx264))
[stderr]   Stream #0:1 -> #0:1 (aac (native) -> aac (native))
[stderr] Press [q] to stop, [?] for help
[stderr] [libx264 @ 0x13a822950] using cpu capabilities: ARMv8 NEON
[stderr] [libx264 @ 0x13a822950] profile High, level 3.0, 4:2:0, 8-bit
[stderr] [libx264 @ 0x13a822950] 264 - core 164 r3108 31e19f9 - H.264/MPEG-4 AVC codec - Copyleft 2003-2023 - http://www.videolan.org/x264.html - options: cabac=1 ref=1 deblock=1:0:0 analyse=0x3:0x113 me=hex subme=2 psy=1 psy_rd=1.00:0.00 mixed_ref=0 me_range=16 chroma_me=1 trellis=0 8x8dct=1 cqm=0 deadzone=21,11 fast_pskip=1 chroma_qp_offset=0 threads=15 lookahead_threads=3 sliced_threads=0 nr=0 decimate=1 interlaced=0 bluray_compat=0 constrained_intra=0 bframes=3 b_pyramid=2 b_adapt=1 b_bias=0 direct=1 weightb=1 open_gop=0 weightp=1 keyint=250 keyint_min=25 scenecut=40 intra_refresh=0 rc_lookahead=10 rc=crf mbtree=1 crf=18.0 qcomp=0.60 qpmin=0 qpmax=69 qpstep=4 ip_ratio=1.40 aq=1:1.00
[stderr] Output #0, mp4, to '/Users/johndoe/Documents/company/video_ops/scripts/abstract_algebra_in_proof_assistant/04-set-equality/takes/take-mrhmharr/pipeline/cut/cut-mrhvutes/chunks/chunk-023.mp4':
[stderr]   Metadata:
[stderr]     major_brand     : qt  
[stderr]     minor_version   : 0
[stderr]     compatible_brands: qt  
[stderr]     encoder         : Lavf61.7.100
[stderr]   Stream #0:0(und): Video: h264 (avc1 / 0x31637661), yuv420p(tv, smpte170m/bt709/bt709, progressive), 640x480, q=2-31, 29.83 fps, 11456 tbn (default)
[stderr]       Metadata:
[stderr]         creation_time   : 2026-07-12T09:54:07.000000Z
[stderr]         handler_name    : Core Media Video
[stderr]         vendor_id       : [0][0][0][0]
[stderr]         encoder         : Lavc61.19.100 libx264
[stderr]       Side data:
[stderr]         cpb: bitrate max/min/avg: 0/0/0 buffer size: 0 vbv_delay: N/A
[stderr]   Stream #0:1(und): Audio: aac (LC) (mp4a / 0x6134706D), 48000 Hz, mono, fltp, 69 kb/s (default)
[stderr]       Metadata:
[stderr]         creation_time   : 2026-07-12T09:54:07.000000Z
[stderr]         handler_name    : Core Media Audio
[stderr]         vendor_id       : [0][0][0][0]
[stderr]         encoder         : Lavc61.19.100 aac
[stderr] frame=  254 fps= 42 q=24.0 size=    5888KiB time=00:00:08.44 bitrate=5710.3kbits/s speed= 1.4x    
[stderr] frame=  547 fps= 84 q=24.0 size=   12544KiB time=00:00:18.26 bitrate=5625.1kbits/s speed= 2.8x    
[stderr] frame=  794 fps=113 q=24.0 size=   17408KiB time=00:00:26.54 bitrate=5371.8kbits/s dup=0 drop=1 speed=3.78x    
[stderr] frame= 1092 fps=145 q=24.0 size=   20736KiB time=00:00:36.53 bitrate=4649.3kbits/s dup=0 drop=3 speed=4.85x    
[stderr] frame= 1393 fps=173 q=24.0 size=   23808KiB time=00:00:46.62 bitrate=4183.0kbits/s dup=0 drop=5 speed= 5.8x    
[stderr] frame= 1689 fps=198 q=24.0 size=   28160KiB time=00:00:56.54 bitrate=4079.5kbits/s dup=0 drop=6 speed=6.62x    
[stderr] [out#0/mp4 @ 0x13a821df0] video:29953KiB audio:11KiB subtitle:0KiB other streams:0KiB global headers:0KiB muxing overhead: 0.210864%
[stderr] frame= 1759 fps=204 q=-1.0 Lsize=   30027KiB time=00:00:58.86 bitrate=4179.1kbits/s dup=0 drop=7 speed=6.81x    
[stderr] [libx264 @ 0x13a822950] frame I:8     Avg QP:17.63  size: 60538
[stderr] [libx264 @ 0x13a822950] frame P:624   Avg QP:20.26  size: 30058
[stderr] [libx264 @ 0x13a822950] frame B:1127  Avg QP:24.21  size: 10143
[stderr] [libx264 @ 0x13a822950] consecutive B-frames:  7.8% 16.1% 12.1% 63.9%
[stderr] [libx264 @ 0x13a822950] mb I  I16..4: 15.7%  6.4% 77.9%
[stderr] [libx264 @ 0x13a822950] mb P  I16..4: 11.0%  3.8%  7.0%  P16..4: 21.8% 20.1% 28.9%  0.0%  0.0%    skip: 7.3%
[stderr] [libx264 @ 0x13a822950] mb B  I16..4:  2.1%  0.3%  0.5%  B16..8: 27.4% 14.7%  7.4%  direct:13.5%  skip:34.0%  L0:26.0% L1:32.5% BI:41.6%
[stderr] [libx264 @ 0x13a822950] 8x8 transform intra:15.9% inter:32.2%
[stderr] [libx264 @ 0x13a822950] coded y,uvDC,uvAC intra: 48.0% 43.0% 23.4% inter: 42.4% 19.8% 2.8%
[stderr] [libx264 @ 0x13a822950] i16 v,h,dc,p: 81%  7% 10%  2%
[stderr] [libx264 @ 0x13a822950] i8 v,h,dc,ddl,ddr,vr,hd,vl,hu: 18% 20% 23%  3%  7%  6%  7%  7%  8%
[stderr] [libx264 @ 0x13a822950] i4 v,h,dc,ddl,ddr,vr,hd,vl,hu: 14% 18% 16%  4% 12%  7%  9%  7% 11%
[stderr] [libx264 @ 0x13a822950] i8c dc,h,v,p: 72% 12% 11%  5%
[stderr] [libx264 @ 0x13a822950] Weighted P-Frames: Y:14.9% UV:1.3%
[stderr] [libx264 @ 0x13a822950] kb/s:4161.58
[stderr] [aac @ 0x13a938d60] Qavg: 65522.766
[stderr] ffmpeg version 7.1 Copyright (c) 2000-2024 the FFmpeg developers
[stderr]   built with Apple clang version 15.0.0 (clang-1500.1.0.2.5)
[stderr]   configuration: --prefix=/opt/homebrew/Cellar/ffmpeg/7.1_3 --enable-shared --enable-pthreads --enable-version3 --cc=clang --host-cflags= --host-ldflags='-Wl,-ld_classic' --enable-ffplay --enable-gnutls --enable-gpl --enable-libaom --enable-libaribb24 --enable-libbluray --enable-libdav1d --enable-libharfbuzz --enable-libjxl --enable-libmp3lame --enable-libopus --enable-librav1e --enable-librist --enable-librubberband --enable-libsnappy --enable-libsrt --enable-libssh --enable-libsvtav1 --enable-libtesseract --enable-libtheora --enable-libvidstab --enable-libvmaf --enable-libvorbis --enable-libvpx --enable-libwebp --enable-libx264 --enable-libx265 --enable-libxml2 --enable-libxvid --enable-lzma --enable-libfontconfig --enable-libfreetype --enable-frei0r --enable-libass --enable-libopencore-amrnb --enable-libopencore-amrwb --enable-libopenjpeg --enable-libspeex --enable-libsoxr --enable-libzmq --enable-libzimg --disable-libjack --disable-indev=jack --enable-videotoolbox --enable-audiotoolbox --enable-neon
[stderr]   libavutil      59. 39.100 / 59. 39.100
[stderr]   libavcodec     61. 19.100 / 61. 19.100
[stderr]   libavformat    61.  7.100 / 61.  7.100
[stderr]   libavdevice    61.  3.100 / 61.  3.100
[stderr]   libavfilter    10.  4.100 / 10.  4.100
[stderr]   libswscale      8.  3.100 /  8.  3.100
[stderr]   libswresample   5.  3.100 /  5.  3.100
[stderr]   libpostproc    58.  3.100 / 58.  3.100
[stderr] [mov,mp4,m4a,3gp,3g2,mj2 @ 0x14cf08fb0] Auto-inserting h264_mp4toannexb bitstream filter
[stderr] Input #0, concat, from '/Users/johndoe/Documents/company/video_ops/scripts/abstract_algebra_in_proof_assistant/04-set-equality/takes/take-mrhmharr/pipeline/cut/cut-mrhvutes/chunks/concat.txt':
[stderr]   Duration: N/A, start: 0.000000, bitrate: 5341 kb/s
[stderr]   Stream #0:0(und): Video: h264 (High) (avc1 / 0x31637661), yuv420p(tv, smpte170m/bt709/bt709, progressive), 640x480, 5272 kb/s, 29.83 fps, 29.83 tbr, 11456 tbn
[stderr]       Metadata:
[stderr]         handler_name    : Core Media Video
[stderr]         vendor_id       : [0][0][0][0]
[stderr]         encoder         : Lavc61.19.100 libx264
[stderr]   Stream #0:1(und): Audio: aac (LC) (mp4a / 0x6134706D), 48000 Hz, mono, fltp, 69 kb/s
[stderr]       Metadata:
[stderr]         handler_name    : Core Media Audio
[stderr]         vendor_id       : [0][0][0][0]
[stderr] Stream mapping:
[stderr]   Stream #0:0 -> #0:0 (copy)
[stderr]   Stream #0:1 -> #0:1 (copy)
[stderr] Output #0, mp4, to '/Users/johndoe/Documents/company/video_ops/scripts/abstract_algebra_in_proof_assistant/04-set-equality/takes/take-mrhmharr/pipeline/cut/cut-mrhvutes/edited-good-intervals.mp4':
[stderr]   Metadata:
[stderr]     encoder         : Lavf61.7.100
[stderr]   Stream #0:0(und): Video: h264 (High) (avc1 / 0x31637661), yuv420p(tv, smpte170m/bt709/bt709, progressive), 640x480, q=2-31, 5272 kb/s, 29.83 fps, 29.83 tbr, 11456 tbn
[stderr]       Metadata:
[stderr]         handler_name    : Core Media Video
[stderr]         vendor_id       : [0][0][0][0]
[stderr]         encoder         : Lavc61.19.100 libx264
[stderr]   Stream #0:1(und): Audio: aac (LC) (mp4a / 0x6134706D), 48000 Hz, mono, fltp, 69 kb/s
[stderr]       Metadata:
[stderr]         handler_name    : Core Media Audio
[stderr]         vendor_id       : [0][0][0][0]
[stderr] Press [q] to stop, [?] for help
[stderr] [mov,mp4,m4a,3gp,3g2,mj2 @ 0x10aa04990] Auto-inserting h264_mp4toannexb bitstream filter
[stderr] [mov,mp4,m4a,3gp,3g2,mj2 @ 0x14ce341b0] Auto-inserting h264_mp4toannexb bitstream filter
[stderr] [mov,mp4,m4a,3gp,3g2,mj2 @ 0x14d8047d0] Auto-inserting h264_mp4toannexb bitstream filter
[stderr] [mov,mp4,m4a,3gp,3g2,mj2 @ 0x12ce04b00] Auto-inserting h264_mp4toannexb bitstream filter
[stderr] [mov,mp4,m4a,3gp,3g2,mj2 @ 0x14ce34110] Auto-inserting h264_mp4toannexb bitstream filter
[stderr]     Last message repeated 2 times
[stderr] [mov,mp4,m4a,3gp,3g2,mj2 @ 0x13ce09190] Auto-inserting h264_mp4toannexb bitstream filter
[stderr] [mov,mp4,m4a,3gp,3g2,mj2 @ 0x10ce040f0] Auto-inserting h264_mp4toannexb bitstream filter
[stderr] [mov,mp4,m4a,3gp,3g2,mj2 @ 0x14ce34110] Auto-inserting h264_mp4toannexb bitstream filter
[stderr] [mov,mp4,m4a,3gp,3g2,mj2 @ 0x14ce36050] Auto-inserting h264_mp4toannexb bitstream filter
[stderr]     Last message repeated 1 times
[stderr] [mov,mp4,m4a,3gp,3g2,mj2 @ 0x14d804c50] Auto-inserting h264_mp4toannexb bitstream filter
[stderr] [mov,mp4,m4a,3gp,3g2,mj2 @ 0x14ce34140] Auto-inserting h264_mp4toannexb bitstream filter
[stderr] [mov,mp4,m4a,3gp,3g2,mj2 @ 0x10aa04660] Auto-inserting h264_mp4toannexb bitstream filter
[stderr] [mov,mp4,m4a,3gp,3g2,mj2 @ 0x10cf04e00] Auto-inserting h264_mp4toannexb bitstream filter
[stderr] [mov,mp4,m4a,3gp,3g2,mj2 @ 0x10aa052e0] Auto-inserting h264_mp4toannexb bitstream filter
[stderr] [mov,mp4,m4a,3gp,3g2,mj2 @ 0x12ce04b40] Auto-inserting h264_mp4toannexb bitstream filter
[stderr] [mov,mp4,m4a,3gp,3g2,mj2 @ 0x14cf0a4c0] Auto-inserting h264_mp4toannexb bitstream filter
[stderr] [mov,mp4,m4a,3gp,3g2,mj2 @ 0x10cf04e00] Auto-inserting h264_mp4toannexb bitstream filter
[stderr] [mov,mp4,m4a,3gp,3g2,mj2 @ 0x10ce052d0] Auto-inserting h264_mp4toannexb bitstream filter
[stderr] [mov,mp4,m4a,3gp,3g2,mj2 @ 0x14cf0bc10] Auto-inserting h264_mp4toannexb bitstream filter
[stderr] [mov,mp4,m4a,3gp,3g2,mj2 @ 0x10ce04a00] Auto-inserting h264_mp4toannexb bitstream filter
[stderr] [out#0/mp4 @ 0x13ce06b20] video:210900KiB audio:267KiB subtitle:0KiB other streams:0KiB global headers:0KiB muxing overhead: 0.164526%
[stderr] frame= 9791 fps=0.0 q=-1.0 Lsize=  211514KiB time=00:05:29.01 bitrate=5266.4kbits/s speed= 846x    
[stdout] Edited video: /Users/johndoe/Documents/company/video_ops/scripts/abstract_algebra_in_proof_assistant/04-set-equality/takes/take-mrhmharr/pipeline/cut/cut-mrhvutes/edited-good-intervals.mp4
[stdout] Analysis: /Users/johndoe/Documents/company/video_ops/scripts/abstract_algebra_in_proof_assistant/04-set-equality/takes/take-mrhmharr/pipeline/cut/cut-mrhvutes/analysis.json
[stdout] Remotion visual plan: /Users/johndoe/Documents/company/video_ops/scripts/abstract_algebra_in_proof_assistant/04-set-equality/takes/take-mrhmharr/pipeline/cut/cut-mrhvutes/remotion-visual-plan.json
[2026-07-12T14:25:23.741Z] exit 0
[2026-07-12T14:25:23.743Z] Cut complete
[2026-07-12T14:25:23.744Z] cut complete
[2026-07-12T15:30:03.833Z] Re-applying cut selection
[2026-07-12T15:30:03.833Z] $ deno run --allow-all /Users/johndoe/Documents/company/video_ops/outdoor_post/main.ts ai-edit --apply-selection --video /Users/johndoe/Documents/company/video_ops/scripts/abstract_algebra_in_proof_assistant/04-set-equality/takes/take-mrhmharr/source.mp4 --script /Users/johndoe/Documents/company/video_ops/scripts/abstract_algebra_in_proof_assistant/04-set-equality/export/04-set-equality-outdoor-script.json --take /Users/johndoe/Documents/company/video_ops/scripts/abstract_algebra_in_proof_assistant/04-set-equality/takes/take-mrhmharr/take.json --out-dir /Users/johndoe/Documents/company/video_ops/scripts/abstract_algebra_in_proof_assistant/04-set-equality/takes/take-mrhmharr/pipeline/cut/cut-mrhvutes
[stderr] ffmpeg version 7.1 Copyright (c) 2000-2024 the FFmpeg developers
[stderr]   built with Apple clang version 15.0.0 (clang-1500.1.0.2.5)
[stderr]   configuration: --prefix=/opt/homebrew/Cellar/ffmpeg/7.1_3 --enable-shared --enable-pthreads --enable-version3 --cc=clang --host-cflags= --host-ldflags='-Wl,-ld_classic' --enable-ffplay --enable-gnutls --enable-gpl --enable-libaom --enable-libaribb24 --enable-libbluray --enable-libdav1d --enable-libharfbuzz --enable-libjxl --enable-libmp3lame --enable-libopus --enable-librav1e --enable-librist --enable-librubberband --enable-libsnappy --enable-libsrt --enable-libssh --enable-libsvtav1 --enable-libtesseract --enable-libtheora --enable-libvidstab --enable-libvmaf --enable-libvorbis --enable-libvpx --enable-libwebp --enable-libx264 --enable-libx265 --enable-libxml2 --enable-libxvid --enable-lzma --enable-libfontconfig --enable-libfreetype --enable-frei0r --enable-libass --enable-libopencore-amrnb --enable-libopencore-amrwb --enable-libopenjpeg --enable-libspeex --enable-libsoxr --enable-libzmq --enable-libzimg --disable-libjack --disable-indev=jack --enable-videotoolbox --enable-audiotoolbox --enable-neon
[stderr]   libavutil      59. 39.100 / 59. 39.100
[stderr]   libavcodec     61. 19.100 / 61. 19.100
[stderr]   libavformat    61.  7.100 / 61.  7.100
[stderr]   libavdevice    61.  3.100 / 61.  3.100
[stderr]   libavfilter    10.  4.100 / 10.  4.100
[stderr]   libswscale      8.  3.100 /  8.  3.100
[stderr]   libswresample   5.  3.100 /  5.  3.100
[stderr]   libpostproc    58.  3.100 / 58.  3.100
[stderr] Input #0, mov,mp4,m4a,3gp,3g2,mj2, from '/Users/johndoe/Documents/company/video_ops/scripts/abstract_algebra_in_proof_assistant/04-set-equality/takes/take-mrhmharr/source.mp4':
[stderr]   Metadata:
[stderr]     major_brand     : qt  
[stderr]     minor_version   : 0
[stderr]     compatible_brands: qt  
[stderr]     creation_time   : 2026-07-12T09:54:07.000000Z
[stderr]   Duration: 00:06:08.94, start: 0.000000, bitrate: 2946 kb/s
[stderr]   Stream #0:0[0x1](und): Video: hevc (Main) (hvc1 / 0x31637668), yuv420p(tv, smpte170m/bt709/bt709), 640x480, 2834 kb/s, 29.95 fps, 29.83 tbr, 600 tbn (default)
[stderr]       Metadata:
[stderr]         creation_time   : 2026-07-12T09:54:07.000000Z
[stderr]         handler_name    : Core Media Video
[stderr]         vendor_id       : [0][0][0][0]
[stderr]         encoder         : HEVC
[stderr]       Side data:
[stderr]         displaymatrix: rotation of -180.00 degrees
[stderr]   Stream #0:1[0x2](und): Audio: aac (LC) (mp4a / 0x6134706D), 48000 Hz, mono, fltp, 100 kb/s (default)
[stderr]       Metadata:
[stderr]         creation_time   : 2026-07-12T09:54:07.000000Z
[stderr]         handler_name    : Core Media Audio
[stderr]         vendor_id       : [0][0][0][0]
[stderr]   Stream #0:2[0x3](und): Data: none (mebx / 0x7862656D) (default)
[stderr]       Metadata:
[stderr]         creation_time   : 2026-07-12T09:54:07.000000Z
[stderr]         handler_name    : Core Media Metadata
[stderr] Stream mapping:
[stderr]   Stream #0:0 -> #0:0 (hevc (native) -> h264 (libx264))
[stderr]   Stream #0:1 -> #0:1[stderr]  (aac (native) -> aac (native))
[stderr] Press [q] to stop, [?] for help
[stderr] [libx264 @ 0x124707100] using cpu capabilities: ARMv8 NEON
[stderr] [libx264 @ 0x124707100] profile High, level 3.0, 4:2:0, 8-bit
[stderr] [libx264 @ 0x124707100] 264 - core 164 r3108 31e19f9 - H.264/MPEG-4 AVC codec - Copyleft 2003-2023 - http://www.videolan.org/x264.html - options: cabac=1 ref=1 deblock=1:0:0 analyse=0x3:0x113 me=hex subme=2 psy=1 psy_rd=1.00:0.00 mixed_ref=0 me_range=16 chroma_me=1 trellis=0 8x8dct=1 cqm=0 deadzone=21,11 fast_pskip=1 chroma_qp_offset=0 threads=15 lookahead_threads=3 sliced_threads=0 nr=0 decimate=1 interlaced=0 bluray_compat=0 constrained_intra=0 bframes=3 b_pyramid=2 b_adapt=1 b_bias=0 direct=1 weightb=1 open_gop=0 weightp=1 keyint=250 keyint_min=25 scenecut=40 intra_refresh=0 rc_lookahead=10 rc=crf mbtree=1 crf=18.0 qcomp=0.60 qpmin=0 qpmax=69 qpstep=4 ip_ratio=1.40 aq=1:1.00
[stderr] Output #0, mp4, to '/Users/johndoe/Documents/company/video_ops/scripts/abstract_algebra_in_proof_assistant/04-set-equality/takes/take-mrhmharr/pipeline/cut/cut-mrhvutes/chunks/chunk-000.mp4':
[stderr]   Metadata:
[stderr]     major_brand     : qt  
[stderr]     minor_version   : 0
[stderr]     compatible_brands: qt  
[stderr]     encoder         : Lavf61.7.100
[stderr]   Stream #0:0(und): Video: h264 (avc1 / 0x31637661), yuv420p(tv, smpte170m/bt709/bt709, progressive), 640x480, q=2-31, 29.83 fps, 11456 tbn (default)
[stderr]       Metadata:
[stderr]         creation_time   : 2026-07-12T09:54:07.000000Z
[stderr]         handler_name    : Core Media Video
[stderr]         vendor_id       : [0][0][0][0]
[stderr]         encoder         : Lavc61.19.100 libx264
[stderr]       Side data:
[stderr]         cpb: bitrate max/min/avg: 0/0/0 buffer size: 0 vbv_delay: N/A
[stderr]   Stream #0:1(und): Audio: aac (LC) (mp4a / 0x6134706D), 48000 Hz, mono, fltp, 69 kb/s (default)
[stderr]       Metadata:
[stderr]         creation_time   : 2026-07-12T09:54:07.000000Z
[stderr]         handler_name    : Core Media Audio
[stderr]         vendor_id       : [0][0][0][0]
[stderr]         encoder         : Lavc61.19.100 aac
[stderr] [out#0/mp4 @ 0x1247061e0] video:1028KiB audio:13KiB subtitle:0KiB other streams:0KiB global headers:0KiB muxing overhead: 0.294219%
[stderr] frame=   46 fps=0.0 q=-1.0 Lsize=    1044KiB time=00:00:01.47 bitrate=5798.6kbits/s speed=17.6x    
[stderr] [libx264 @ 0x124707100] frame I:1     Avg QP:21.52  size: 63699
[stderr] [libx264 @ 0x124707100] frame P:13    Avg QP:22.73  size: 36543
[stderr] [libx264 @ 0x124707100] frame B:32    Avg QP:24.92  size: 16026
[stderr] [libx264 @ 0x124707100] consecutive B-frames:  6.5%  0.0%  6.5% 87.0%
[stderr] [libx264 @ 0x124707100] mb I  I16..4:  3.7%  4.4% 91.9%
[stderr] [libx264 @ 0x124707100] mb P  I16..4:  4.2%  5.2% 28.7%  P16..4: 17.9% 17.8% 24.6%  0.0%  0.0%    skip: 1.7%
[stderr] [libx264 @ 0x124707100] mb B  I16..4:  1.2%  0.7%  1.3%  B16..8: 30.7% 18.3% 12.6%  direct:17.8%  skip:17.5%  L0:26.8% L1:36.4% BI:36.8%
[stderr] [libx264 @ 0x124707100] 8x8 transform intra:13.6% inter:34.6%
[stderr] [libx264 @ 0x124707100] coded y,uvDC,uvAC intra: 85.2% 72.1% 38.6% inter: 52.5% 22.5% 2.2%
[stderr] [libx264 @ 0x124707100] i16 v,h,dc,p: 63% 19% 15%  3%
[stderr] [libx264 @ 0x124707100] i8 v,h,dc,ddl,ddr,vr,hd,vl,hu: 18% 24% 18%  3% 10%  8%  8%  5%  7%
[stderr] [libx264 @ 0x124707100] i4 v,h,dc,ddl,ddr,vr,hd,vl,hu: 15% 14% 14%  3% 20%  9% 13%  5%  7%
[stderr] [libx264 @ 0x124707100] i8c dc,h,v,p: 54% 21% 18%  8%
[stderr] [libx264 @ 0x124707100] Weighted P-Frames: Y:7.7% UV:0.0%
[stderr] [libx264 @ 0x124707100] kb/s:5456.03
[stderr] [aac @ 0x125369380] Qavg: 105.835
[stderr] ffmpeg version 7.1 Copyright (c) 2000-2024 the FFmpeg developers
[stderr]   built with Apple clang version 15.0.0 (clang-1500.1.0.2.5)
[stderr]   configuration: --prefix=/opt/homebrew/Cellar/ffmpeg/7.1_3 --enable-shared --enable-pthreads --enable-version3 --cc=clang --host-cflags= --host-ldflags='-Wl,-ld_classic' --enable-ffplay --enable-gnutls --enable-gpl --enable-libaom --enable-libaribb24 --enable-libbluray --enable-libdav1d --enable-libharfbuzz --enable-libjxl --enable-libmp3lame --enable-libopus --enable-librav1e --enable-librist --enable-librubberband --enable-libsnappy --enable-libsrt --enable-libssh --enable-libsvtav1 --enable-libtesseract --enable-libtheora --enable-libvidstab --enable-libvmaf --enable-libvorbis --enable-libvpx --enable-libwebp --enable-libx264 --enable-libx265 --enable-libxml2 --enable-libxvid --enable-lzma --enable-libfontconfig --enable-libfreetype --enable-frei0r --enable-libass --enable-libopencore-amrnb --enable-libopencore-amrwb --enable-libopenjpeg --enable-libspeex --enable-libsoxr --enable-libzmq --enable-libzimg --disable-libjack --disable-indev=jack --enable-videotoolbox --enable-audiotoolbox --enable-neon
[stderr]   libavutil      59. 39.100 / 59. 39.100
[stderr]   libavcodec     61. 19.100 / 61. 19.100
[stderr]   libavformat    61.  7.100 / 61.  7.100
[stderr]   libavdevice    61.  3.100 / 61.  3.100
[stderr]   libavfilter    10.  4.100 / 10.  4.100
[stderr]   libswscale      8.  3.100 /  8.  3.100
[stderr]   libswresample   5.  3.100 /  5.  3.100
[stderr]   libpostproc    58.  3.100 / 58.  3.100
[stderr] Input #0, mov,mp4,m4a,3gp,3g2,mj2, from '/Users/johndoe/Documents/company/video_ops/scripts/abstract_algebra_in_proof_assistant/04-set-equality/takes/take-mrhmharr/source.mp4':
[stderr]   Metadata:
[stderr]     major_brand     : qt  
[stderr]     minor_version   : 0
[stderr]     compatible_brands: qt  
[stderr]     creation_time   : 2026-07-12T09:54:07.000000Z
[stderr]   Duration: 00:06:08.94, start: 0.000000, bitrate: 2946 kb/s
[stderr]   Stream #0:0[0x1](und): Video: hevc (Main) (hvc1 / 0x31637668), yuv420p(tv, smpte170m/bt709/bt709), 640x480, 2834 kb/s, 29.95 fps, 29.83 tbr, 600 tbn (default)
[stderr]       Metadata:
[stderr]         creation_time   : 2026-07-12T09:54:07.000000Z
[stderr]         handler_name    : Core Media Video
[stderr]         vendor_id       : [0][0][0][0]
[stderr]         encoder         : HEVC
[stderr]       Side data:
[stderr]         displaymatrix: rotation of -180.00 degrees
[stderr]   Stream #0:1[0x2](und): Audio: aac (LC) (mp4a / 0x6134706D), 48000 Hz, mono, fltp, 100 kb/s (default)
[stderr]       Metadata:
[stderr]         creation_time   : 2026-07-12T09:54:07.000000Z
[stderr]         handler_name    : Core Media Audio
[stderr]         vendor_id       : [0][0][0][0]
[stderr]   Stream #0:2[0x3](und): Data: none (mebx / 0x7862656D) (default)
[stderr]       Metadata:
[stderr]         creation_time   : 2026-07-12T09:54:07.000000Z
[stderr]         handler_name    : Core Media Metadata
[stderr] Stream mapping:
[stderr]   Stream #0:0 -> #0:0 (hevc (native) -> h264 (libx264))
[stderr]   Stream #0:1 -> #0:1 (aac (native) -> aac (native))
[stderr] Press [q] to stop, [?] for help
[stderr] [libx264 @ 0x154a1f0b0] using cpu capabilities: ARMv8 NEON
[stderr] [libx264 @ 0x154a1f0b0] profile High, level 3.0, 4:2:0, 8-bit
[stderr] [libx264 @ 0x154a1f0b0] 264 - core 164 r3108 31e19f9 - H.264/MPEG-4 AVC codec - Copyleft 2003-2023 - http://www.videolan.org/x264.html - options: cabac=1 ref=1 deblock=1:0:0 analyse=0x3:0x113 me=hex subme=2 psy=1 psy_rd=1.00:0.00 mixed_ref=0 me_range=16 chroma_me=1 trellis=0 8x8dct=1 cqm=0 deadzone=21,11 fast_pskip=1 chroma_qp_offset=0 threads=15 lookahead_threads=3 sliced_threads=0 nr=0 decimate=1 interlaced=0 bluray_compat=0 constrained_intra=0 bframes=3 b_pyramid=2 b_adapt=1 b_bias=0 direct=1 weightb=1 open_gop=0 weightp=1 keyint=250 keyint_min=25 scenecut=40 intra_refresh=0 rc_lookahead=10 rc=crf mbtree=1 crf=18.0 qcomp=0.60 qpmin=0 qpmax=69 qpstep=4 ip_ratio=1.40 aq=1:1.00
[stderr] Output #0, mp4, to '/Users/johndoe/Documents/company/video_ops/scripts/abstract_algebra_in_proof_assistant/04-set-equality/takes/take-mrhmharr/pipeline/cut/cut-mrhvutes/chunks/chunk-001.mp4':
[stderr]   Metadata:
[stderr]     major_brand     : qt  
[stderr]     minor_version   : 0
[stderr]     compatible_brands: qt  
[stderr]     encoder         : Lavf61.7.100
[stderr]   Stream #0:0(und): Video: h264 (avc1 / 0x31637661), yuv420p(tv, smpte170m/bt709/bt709, progressive), 640x480, q=2-31, 29.83 fps, 11456 tbn (default)
[stderr]       Metadata:
[stderr]         creation_time   : 2026-07-12T09:54:07.000000Z
[stderr]         handler_name    : Core Media Video
[stderr]         vendor_id       : [0][0][0][0]
[stderr]         encoder         : Lavc61.19.100 libx264
[stderr]       Side data:
[stderr]         cpb: bitrate max/min/avg: 0/0/0 buffer size: 0 vbv_delay: N/A
[stderr]   Stream #0:1(und): Audio: aac (LC) (mp4a / 0x6134706D), 48000 Hz, mono, fltp, 69 kb/s (default)
[stderr]       Metadata:
[stderr]         creation_time   : 2026-07-12T09:54:07.000000Z
[stderr]         handler_name    : Core Media Audio
[stderr]         vendor_id       : [0][0][0][0]
[stderr]         encoder         : Lavc61.19.100 aac
[stderr] frame=  304 fps=0.0 q=24.0 size=    6912KiB time=00:00:10.08 bitrate=5612.2kbits/s dup=0 drop=1 speed=  20x    
[stderr] [out#0/mp4 @ 0x154a1d440] video:11653KiB audio:115KiB subtitle:0KiB other streams:0KiB global headers:0KiB muxing overhead: 0.172101%
[stderr] frame=  533 fps=0.0 q=-1.0 Lsize=   11789KiB time=00:00:17.76 bitrate=5436.1kbits/s dup=0 drop=2 speed=22.3x    
[stderr] [libx264 @ 0x154a1f0b0] frame I:3     Avg QP:20.31  size: 47875
[stderr] [libx264 @ 0x154a1f0b0] frame P:169   Avg QP:21.93  size: 38034
[stderr] [libx264 @ 0x154a1f0b0] frame B:361   Avg QP:25.09  size: 14850
[stderr] [libx264 @ 0x154a1f0b0] consecutive B-frames:  6.2%  6.8% 11.3% 75.8%
[stderr] [libx264 @ 0x154a1f0b0] mb I  I16..4:  5.8%  9.1% 85.1%
[stderr] [libx264 @ 0x154a1f0b0] mb P  I16..4:  3.2%  3.9% 13.0%  P16..4: 24.9% 22.8% 31.5%  0.0%  0.0%    skip: 0.8%
[stderr] [libx264 @ 0x154a1f0b0] mb B  I16..4:  0.7%  0.4%  0.5%  B16..8: 30.7% 19.3%  9.0%  direct:21.3%  skip:18.0%  L0:27.7% L1:33.4% BI:38.9%
[stderr] [libx264 @ 0x154a1f0b0] 8x8 transform intra:19.1% inter:34.7%
[stderr] [libx264 @ 0x154a1f0b0] coded y,uvDC,uvAC intra: 80.1% 72.8% 40.5% inter: 56.5% 24.1% 2.6%
[stderr] [libx264 @ 0x154a1f0b0] i16 v,h,dc,p: 63% 15% 17%  4%
[stderr] [libx264 @ 0x154a1f0b0] i8 v,h,dc,ddl,ddr,vr,hd,vl,hu: 19% 25% 19%  2%  8%  7%  8%  5%  7%
[stderr] [libx264 @ 0x154a1f0b0] i4 v,h,dc,ddl,ddr,vr,hd,vl,hu: 15% 20% 14%  3% 13%  8% 11%  6% 10%
[stderr] [libx264 @ 0x154a1f0b0] i8c dc,h,v,p: 51% 22% 18%  9%
[stderr] [libx264 @ 0x154a1f0b0] Weighted P-Frames: Y:23.1% UV:2.4%
[stderr] [libx264 @ 0x154a1f0b0] kb/s:5343.07
[stderr] [aac @ 0x153f222e0] Qavg: 16884.596
[stderr] ffmpeg version 7.1 Copyright (c) 2000-2024 the FFmpeg developers
[stderr]   built with Apple clang version 15.0.0 (clang-1500.1.0.2.5)
[stderr]   configuration: --prefix=/opt/homebrew/Cellar/ffmpeg/7.1_3 --enable-shared --enable-pthreads --enable-version3 --cc=clang --host-cflags= --host-ldflags='-Wl,-ld_classic' --enable-ffplay --enable-gnutls --enable-gpl --enable-libaom --enable-libaribb24 --enable-libbluray --enable-libdav1d --enable-libharfbuzz --enable-libjxl --enable-libmp3lame --enable-libopus --enable-librav1e --enable-librist --enable-librubberband --enable-libsnappy --enable-libsrt --enable-libssh --enable-libsvtav1 --enable-libtesseract --enable-libtheora --enable-libvidstab --enable-libvmaf --enable-libvorbis --enable-libvpx --enable-libwebp --enable-libx264 --enable-libx265 --enable-libxml2 --enable-libxvid --enable-lzma --enable-libfontconfig --enable-libfreetype --enable-frei0r --enable-libass --enable-libopencore-amrnb --enable-libopencore-amrwb --enable-libopenjpeg --enable-libspeex --enable-libsoxr --enable-libzmq --enable-libzimg --disable-libjack --disable-indev=jack --enable-videotoolbox --enable-audiotoolbox --enable-neon
[stderr]   libavutil      59. 39.100 / 59. 39.100
[stderr]   libavcodec     61. 19.100 / 61. 19.100
[stderr]   libavformat    61.  7.100 / 61.  7.100
[stderr]   libavdevice    61.  3.100 / 61.  3.100
[stderr]   libavfilter    10.  4.100 / 10.  4.100
[stderr]   libswscale      8.  3.100 /  8.  3.100
[stderr]   libswresample   5.  3.100 /  5.  3.100
[stderr]   libpostproc    58.  3.100 / 58.  3.100
[stderr] Input #0, mov,mp4,m4a,3gp,3g2,mj2, from '/Users/johndoe/Documents/company/video_ops/scripts/abstract_algebra_in_proof_assistant/04-set-equality/takes/take-mrhmharr/source.mp4':
[stderr]   Metadata:
[stderr]     major_brand     : qt  
[stderr]     minor_version   : 0
[stderr]     compatible_brands: qt  
[stderr]     creation_time   : 2026-07-12T09:54:07.000000Z
[stderr]   Duration: 00:06:08.94, start: 0.000000, bitrate: 2946 kb/s
[stderr]   Stream #0:0[0x1](und): Video: hevc (Main) (hvc1 / 0x31637668), yuv420p(tv, smpte170m/bt709/bt709), 640x480, 2834 kb/s, 29.95 fps, 29.83 tbr, 600 tbn (default)
[stderr]       Metadata:
[stderr]         creation_time   : 2026-07-12T09:54:07.000000Z
[stderr]         handler_name    : Core Media Video
[stderr]         vendor_id       : [0][0][0][0]
[stderr]         encoder         : HEVC
[stderr]       Side data:
[stderr]         displaymatrix: rotation of -180.00 degrees
[stderr]   Stream #0:1[0x2](und): Audio: aac (LC) (mp4a / 0x6134706D), 48000 Hz, mono, fltp, 100 kb/s (default)
[stderr]       Metadata:
[stderr]         creation_time   : 2026-07-12T09:54:07.000000Z
[stderr]         handler_name    : Core Media Audio
[stderr]         vendor_id       : [0][0][0][0]
[stderr]   Stream #0:2[0x3](und): Data: none (mebx / 0x7862656D) (default)
[stderr]       Metadata:
[stderr]         creation_time   : 2026-07-12T09:54:07.000000Z
[stderr]         handler_name    : Core Media Metadata
[stderr] Stream mapping:
[stderr]   Stream #0:0 -> #0:0 (hevc (native) -> h264 (libx264))
[stderr]   Stream #0:1 -> #0:1 (aac (native) -> aac (native))
[stderr] Press [q] to stop, [?] for help
[stderr] [libx264 @ 0x11cf10460] using cpu capabilities: ARMv8 NEON
[stderr] [libx264 @ 0x11cf10460] profile High, level 3.0, 4:2:0, 8-bit
[stderr] [libx264 @ 0x11cf10460] 264 - core 164 r3108 31e19f9 - H.264/MPEG-4 AVC codec - Copyleft 2003-2023 - http://www.videolan.org/x264.html - options: cabac=1 ref=1 deblock=1:0:0 analyse=0x3:0x113 me=hex subme=2 psy=1 psy_rd=1.00:0.00 mixed_ref=0 me_range=16 chroma_me=1 trellis=0 8x8dct=1 cqm=0 deadzone=21,11 fast_pskip=1 chroma_qp_offset=0 threads=15 lookahead_threads=3 sliced_threads=0 nr=0 decimate=1 interlaced=0 bluray_compat=0 constrained_intra=0 bframes=3 b_pyramid=2 b_adapt=1 b_bias=0 direct=1 weightb=1 open_gop=0 weightp=1 keyint=250 keyint_min=25 scenecut=40 intra_refresh=0 rc_lookahead=10 rc=crf mbtree=1 crf=18.0 qcomp=0.60 qpmin=0 qpmax=69 qpstep=4 ip_ratio=1.40 aq=1:1.00
[stderr] Output #0, mp4, to '/Users/johndoe/Documents/company/video_ops/scripts/abstract_algebra_in_proof_assistant/04-set-equality/takes/take-mrhmharr/pipeline/cut/cut-mrhvutes/chunks/chunk-002.mp4':
[stderr]   Metadata:
[stderr]     major_brand     : qt  
[stderr]     minor_version   : 0
[stderr]     compatible_brands: qt  
[stderr]     encoder         : Lavf61.7.100
[stderr]   Stream #0:0(und): Video: h264 (avc1 / 0x31637661), yuv420p(tv, smpte170m/bt709/bt709, progressive), 640x480, q=2-31, 29.83 fps, 11456 tbn (default)
[stderr]       Metadata:
[stderr]         creation_time   : 2026-07-12T09:54:07.000000Z
[stderr]         handler_name    : Core Media Video
[stderr]         vendor_id       : [0][0][0][0]
[stderr]         encoder         : Lavc61.19.100 libx264
[stderr]       Side data:
[stderr]         cpb: bitrate max/min/avg: 0/0/0 buffer size: 0 vbv_delay: N/A
[stderr]   Stream #0:1(und): Audio: aac (LC) (mp4a / 0x6134706D), 48000 Hz, mono, fltp, 69 kb/s (default)
[stderr]       Metadata:
[stderr]         creation_time   : 2026-07-12T09:54:07.000000Z
[stderr]         handler_name    : Core Media Audio
[stderr]         vendor_id       : [0][0][0][0]
[stderr]         encoder         : Lavc61.19.100 aac
[stderr] frame=  105 fps=0.0 q=24.0 size=    1536KiB time=00:00:03.45 bitrate=3644.7kbits/s speed= 6.9x    
[stderr] frame=  490 fps=488 q=24.0 size=    9216KiB time=00:00:16.39 bitrate=4606.0kbits/s dup=0 drop=2 speed=16.3x    
[stderr] frame=  826 fps=548 q=24.0 size=   18688KiB time=00:00:27.62 bitrate=5542.8kbits/s dup=0 drop=3 speed=18.3x    
[stderr] [out#0/mp4 @ 0x11cf070f0] video:23730KiB audio:66KiB subtitle:0KiB other streams:0KiB global headers:0KiB muxing overhead: 0.158935%
[stderr] frame= 1028 fps=583 q=-1.0 Lsize=   23834KiB time=00:00:34.39 bitrate=5677.3kbits/s dup=0 drop=4 speed=19.5x    
[stderr] [libx264 @ 0x11cf10460] frame I:7     Avg QP:19.52  size: 60015
[stderr] [libx264 @ 0x11cf10460] frame P:321   Avg QP:22.16  size: 38321
[stderr] [libx264 @ 0x11cf10460] frame B:700   Avg QP:25.55  size: 16540
[stderr] [libx264 @ 0x11cf10460] consecutive B-frames:  5.9%  7.8%  6.1% 80.2%
[stderr] [libx264 @ 0x11cf10460] mb I  I16..4:  9.1%  6.9% 84.0%
[stderr] [libx264 @ 0x11cf10460] mb P  I16..4:  5.4%  4.8% 16.4%  P16..4: 20.7% 20.3% 30.5%  0.0%  0.0%    skip: 1.9%
[stderr] [libx264 @ 0x11cf10460] mb B  I16..4:  1.1%  0.5%  1.3%  B16..8: 29.1% 18.6% 12.5%  direct:16.4%  skip:20.4%  L0:27.5% L1:32.4% BI:40.1%
[stderr] [libx264 @ 0x11cf10460] 8x8 transform intra:17.5% inter:33.2%
[stderr] [libx264 @ 0x11cf10460] coded y,uvDC,uvAC intra: 76.6% 65.0% 33.7% inter: 53.4% 23.2% 2.3%
[stderr] [libx264 @ 0x11cf10460] i16 v,h,dc,p: 72% 13% 13%  3%
[stderr] [libx264 @ 0x11cf10460] i8 v,h,dc,ddl,ddr,vr,hd,vl,hu: 25% 21% 16%  2%  8%  8%  7%  6%  6%
[stderr] [libx264 @ 0x11cf10460] i4 v,h,dc,ddl,ddr,vr,hd,vl,hu: 16% 18% 14%  3% 14%  9% 10%  6%  9%
[stderr] [libx264 @ 0x11cf10460] i8c dc,h,v,p: 56% 18% 18%  8%
[stderr] [libx264 @ 0x11cf10460] Weighted P-Frames: Y:10.9% UV:0.6%
[stderr] [libx264 @ 0x11cf10460] kb/s:5641.46
[stderr] [aac @ 0x11cf6ed80] Qavg: 52085.711
[stderr] ffmpeg version 7.1 Copyright (c) 2000-2024 the FFmpeg developers
[stderr]   built with Apple clang version 15.0.0 (clang-1500.1.0.2.5)
[stderr]   configuration: --prefix=/opt/homebrew/Cellar/ffmpeg/7.1_3 --enable-shared --enable-pthreads --enable-version3 --cc=clang --host-cflags= --host-ldflags='-Wl,-ld_classic' --enable-ffplay --enable-gnutls --enable-gpl --enable-libaom --enable-libaribb24 --enable-libbluray --enable-libdav1d --enable-libharfbuzz --enable-libjxl --enable-libmp3lame --enable-libopus --enable-librav1e --enable-librist --enable-librubberband --enable-libsnappy --enable-libsrt --enable-libssh --enable-libsvtav1 --enable-libtesseract --enable-libtheora --enable-libvidstab --enable-libvmaf --enable-libvorbis --enable-libvpx --enable-libwebp --enable-libx264 --enable-libx265 --enable-libxml2 --enable-libxvid --enable-lzma --enable-libfontconfig --enable-libfreetype --enable-frei0r --enable-libass --enable-libopencore-amrnb --enable-libopencore-amrwb --enable-libopenjpeg --enable-libspeex --enable-libsoxr --enable-libzmq --enable-libzimg --disable-libjack --disable-indev=jack --enable-videotoolbox --enable-audiotoolbox --enable-neon
[stderr]   libavutil      59. 39.100 / 59. 39.100
[stderr]   libavcodec     61. 19.100 / 61. 19.100
[stderr]   libavformat    61.  7.100 / 61.  7.100
[stderr]   libavdevice    61.  3.100 / 61.  3.100
[stderr]   libavfilter    10.  4.100 / 10.  4.100
[stderr]   libswscale      8.  3.100 /  8.  3.100
[stderr]   libswresample   5.  3.100 /  5.  3.100
[stderr]   libpostproc    58.  3.100 / 58.  3.100
[stderr] Input #0, mov,mp4,m4a,3gp,3g2,mj2, from '/Users/johndoe/Documents/company/video_ops/scripts/abstract_algebra_in_proof_assistant/04-set-equality/takes/take-mrhmharr/source.mp4':
[stderr]   Metadata:
[stderr]     major_brand     : qt  
[stderr]     minor_version   : 0
[stderr]     compatible_brands: qt  
[stderr]     creation_time   : 2026-07-12T09:54:07.000000Z
[stderr]   Duration: 00:06:08.94, start: 0.000000, bitrate: 2946 kb/s
[stderr]   Stream #0:0[0x1](und): Video: hevc (Main) (hvc1 / 0x31637668), yuv420p(tv, smpte170m/bt709/bt709), 640x480, 2834 kb/s, 29.95 fps, 29.83 tbr, 600 tbn (default)
[stderr]       Metadata:
[stderr]         creation_time   : 2026-07-12T09:54:07.000000Z
[stderr]         handler_name    : Core Media Video
[stderr]         vendor_id       : [0][0][0][0]
[stderr]         encoder         : HEVC
[stderr]       Side data:
[stderr]         displaymatrix: rotation of -180.00 degrees
[stderr]   Stream #0:1[0x2](und): Audio: aac (LC) (mp4a / 0x6134706D), 48000 Hz, mono, fltp, 100 kb/s (default)
[stderr]       Metadata:
[stderr]         creation_time   : 2026-07-12T09:54:07.000000Z
[stderr]         handler_name    : Core Media Audio
[stderr]         vendor_id       : [0][0][0][0]
[stderr]   Stream #0:2[0x3](und): Data: none (mebx / 0x7862656D) (default)
[stderr]       Metadata:
[stderr]         creation_time   : 2026-07-12T09:54:07.000000Z
[stderr]         handler_name    : Core Media Metadata
[stderr] Stream mapping:
[stderr]   Stream #0:0 -> #0:0 (hevc (native) -> h264 (libx264))
[stderr]   Stream #0:1 -> #0:1 (aac (native) -> aac (native))
[stderr] Press [q] to stop, [?] for help
[stderr] [libx264 @ 0x13ff0fbe0] using cpu capabilities: ARMv8 NEON
[stderr] [libx264 @ 0x13ff0fbe0] profile High, level 3.0, 4:2:0, 8-bit
[stderr] [libx264 @ 0x13ff0fbe0] 264 - core 164 r3108 31e19f9 - H.264/MPEG-4 AVC codec - Copyleft 2003-2023 - http://www.videolan.org/x264.html - options: cabac=1 ref=1 deblock=1:0:0 analyse=0x3:0x113 me=hex subme=2 psy=1 psy_rd=1.00:0.00 mixed_ref=0 me_range=16 chroma_me=1 trellis=0 8x8dct=1 cqm=0 deadzone=21,11 fast_pskip=1 chroma_qp_offset=0 threads=15 lookahead_threads=3 sliced_threads=0 nr=0 decimate=1 interlaced=0 bluray_compat=0 constrained_intra=0 bframes=3 b_pyramid=2 b_adapt=1 b_bias=0 direct=1 weightb=1 open_gop=0 weightp=1 keyint=250 keyint_min=25 scenecut=40 intra_refresh=0 rc_lookahead=10 rc=crf mbtree=1 crf=18.0 qcomp=0.60 qpmin=0 qpmax=69 qpstep=4 ip_ratio=1.40 aq=1:1.00
[stderr] Output #0, mp4, to '/Users/johndoe/Documents/company/video_ops/scripts/abstract_algebra_in_proof_assistant/04-set-equality/takes/take-mrhmharr/pipeline/cut/cut-mrhvutes/chunks/chunk-003.mp4':
[stderr]   Metadata:
[stderr]     major_brand     : qt  
[stderr]     minor_version   : 0
[stderr]     compatible_brands: qt  
[stderr]     encoder         : Lavf61.7.100
[stderr]   Stream #0:0(und): Video: h264 (avc1 / 0x31637661), yuv420p(tv, smpte170m/bt709/bt709, progressive), 640x480, q=2-31, 29.83 fps, 11456 tbn (default)
[stderr]       Metadata:
[stderr]         creation_time   : 2026-07-12T09:54:07.000000Z
[stderr]         handler_name    : Core Media Video
[stderr]         vendor_id       : [0][0][0][0]
[stderr]         encoder         : Lavc61.19.100 libx264
[stderr]       Side data:
[stderr]         cpb: bitrate max/min/avg: 0/0/0 buffer size: 0 vbv_delay: N/A
[stderr]   Stream #0:1(und): Audio: aac (LC) (mp4a / 0x6134706D), 48000 Hz, mono, fltp, 69 kb/s (default)
[stderr]       Metadata:
[stderr]         creation_time   : 2026-07-12T09:54:07.000000Z
[stderr]         handler_name    : Core Media Audio
[stderr]         vendor_id       : [0][0][0][0]
[stderr]         encoder         : Lavc61.19.100 aac
[stderr] frame=  157 fps=156 q=24.0 size=    2304KiB time=00:00:05.16 bitrate=3656.5kbits/s speed=5.13x    
[stderr] [out#0/mp4 @ 0x13ff05050] video:5450KiB audio:2KiB subtitle:0KiB other streams:0KiB global headers:0KiB muxing overhead: 0.259352%
[stderr] frame=  358 fps=268 q=-1.0 Lsize=    5466KiB time=00:00:11.89 bitrate=3763.3kbits/s dup=0 drop=1 speed=8.91x    
[stderr] [libx264 @ 0x13ff0fbe0] frame I:2     Avg QP:17.42  size: 68890
[stderr] [libx264 @ 0x13ff0fbe0] frame P:102   Avg QP:19.76  size: 33352
[stderr] [libx264 @ 0x13ff0fbe0] frame B:254   Avg QP:24.94  size:  8033
[stderr] [libx264 @ 0x13ff0fbe0] consecutive B-frames:  2.0%  8.4%  5.9% 83.8%
[stderr] [libx264 @ 0x13ff0fbe0] mb I  I16..4: 19.4%  6.1% 74.5%
[stderr] [libx264 @ 0x13ff0fbe0] mb P  I16..4: 11.2%  1.6%  3.1%  P16..4: 24.7% 21.7% 31.6%  0.0%  0.0%    skip: 6.0%
[stderr] [libx264 @ 0x13ff0fbe0] mb B  I16..4:  1.6%  0.1%  0.0%  B16..8: 26.7% 13.7%  5.9%  direct:12.0%  skip:39.8%  L0:21.6% L1:31.7% BI:46.7%
[stderr] [libx264 @ 0x13ff0fbe0] 8x8 transform intra:8.9% inter:29.6%
[stderr] [libx264 @ 0x13ff0fbe0] coded y,uvDC,uvAC intra: 31.8% 26.2% 15.2% inter: 36.2% 12.6% 1.8%
[stderr] [libx264 @ 0x13ff0fbe0] i16 v,h,dc,p: 86%  6%  7%  1%
[stderr] [libx264 @ 0x13ff0fbe0] i8 v,h,dc,ddl,ddr,vr,hd,vl,hu: 20% 17% 28%  2%  7%  7%  7%  6%  6%
[stderr] [libx264 @ 0x13ff0fbe0] i4 v,h,dc,ddl,ddr,vr,hd,vl,hu: 18% 16% 18%  4% 12%  9%  8%  6%  9%
[stderr] [libx264 @ 0x13ff0fbe0] i8c dc,h,v,p: 82%  7%  9%  2%
[stderr] [libx264 @ 0x13ff0fbe0] Weighted P-Frames: Y:12.7% UV:2.0%
[stderr] [libx264 @ 0x13ff0fbe0] kb/s:3720.10
[stderr] [aac @ 0x13ff6ea40] Qavg: 65471.039
[stderr] ffmpeg version 7.1 Copyright (c) 2000-2024 the FFmpeg developers
[stderr]   built with Apple clang version 15.0.0 (clang-1500.1.0.2.5)
[stderr]   configuration: --prefix=/opt/homebrew/Cellar/ffmpeg/7.1_3 --enable-shared --enable-pthreads --enable-version3 --cc=clang --host-cflags= --host-ldflags='-Wl,-ld_classic' --enable-ffplay --enable-gnutls --enable-gpl --enable-libaom --enable-libaribb24 --enable-libbluray --enable-libdav1d --enable-libharfbuzz --enable-libjxl --enable-libmp3lame --enable-libopus --enable-librav1e --enable-librist --enable-librubberband --enable-libsnappy --enable-libsrt --enable-libssh --enable-libsvtav1 --enable-libtesseract --enable-libtheora --enable-libvidstab --enable-libvmaf --enable-libvorbis --enable-libvpx --enable-libwebp --enable-libx264 --enable-libx265 --enable-libxml2 --enable-libxvid --enable-lzma --enable-libfontconfig --enable-libfreetype --enable-frei0r --enable-libass --enable-libopencore-amrnb --enable-libopencore-amrwb --enable-libopenjpeg --enable-libspeex --enable-libsoxr --enable-libzmq --enable-libzimg --disable-libjack --disable-indev=jack --enable-videotoolbox --enable-audiotoolbox --enable-neon
[stderr]   libavutil      59. 39.100 / 59. 39.100
[stderr]   libavcodec     61. 19.100 / 61. 19.100
[stderr]   libavformat    61.  7.100 / 61.  7.100
[stderr]   libavdevice    61.  3.100 / 61.  3.100
[stderr]   libavfilter    10.  4.100 / 10.  4.100
[stderr]   libswscale      8.  3.100 /  8.  3.100
[stderr]   libswresample   5.  3.100 /  5.  3.100
[stderr]   libpostproc    58.  3.100 / 58.  3.100
[stderr] Input #0, mov,mp4,m4a,3gp,3g2,mj2, from '/Users/johndoe/Documents/company/video_ops/scripts/abstract_algebra_in_proof_assistant/04-set-equality/takes/take-mrhmharr/source.mp4':
[stderr]   Metadata:
[stderr]     major_brand     : qt  
[stderr]     minor_version   : 0
[stderr]     compatible_brands: qt  
[stderr]     creation_time   : 2026-07-12T09:54:07.000000Z
[stderr]   Duration: 00:06:08.94, start: 0.000000, bitrate: 2946 kb/s
[stderr]   Stream #0:0[0x1](und): Video: hevc (Main) (hvc1 / 0x31637668), yuv420p(tv, smpte170m/bt709/bt709), 640x480, 2834 kb/s, 29.95 fps, 29.83 tbr, 600 tbn (default)
[stderr]       Metadata:
[stderr]         creation_time   : 2026-07-12T09:54:07.000000Z
[stderr]         handler_name    : Core Media Video
[stderr]         vendor_id       : [0][0][0][0]
[stderr]         encoder         : HEVC
[stderr]       Side data:
[stderr]         displaymatrix: rotation of -180.00 degrees
[stderr]   Stream #0:1[0x2](und): Audio: aac (LC) (mp4a / 0x6134706D), 48000 Hz, mono, fltp, 100 kb/s (default)
[stderr]       Metadata:
[stderr]         creation_time   : 2026-07-12T09:54:07.000000Z
[stderr]         handler_name    : Core Media Audio
[stderr]         vendor_id       : [0][0][0][0]
[stderr]   Stream #0:2[0x3](und): Data: none (mebx / 0x7862656D) (default)
[stderr]       Metadata:
[stderr]         creation_time   : 2026-07-12T09:54:07.000000Z
[stderr]         handler_name    : Core Media Metadata
[stderr] Stream mapping:
[stderr]   Stream #0:0 -> #0:0 (hevc (native) -> h264 (libx264))
[stderr]   Stream #0:1 -> #0:1 (aac (native) -> aac (native))
[stderr] Press [q] to stop, [?] for help
[stderr] [libx264 @ 0x152f052b0] using cpu capabilities: ARMv8 NEON
[stderr] [libx264 @ 0x152f052b0] profile High, level 3.0, 4:2:0, 8-bit
[stderr] [libx264 @ 0x152f052b0] 264 - core 164 r3108 31e19f9 - H.264/MPEG-4 AVC codec - Copyleft 2003-2023 - http://www.videolan.org/x264.html - options: cabac=1 ref=1 deblock=1:0:0 analyse=0x3:0x113 me=hex subme=2 psy=1 psy_rd=1.00:0.00 mixed_ref=0 me_range=16 chroma_me=1 trellis=0 8x8dct=1 cqm=0 deadzone=21,11 fast_pskip=1 chroma_qp_offset=0 threads=15 lookahead_threads=3 sliced_threads=0 nr=0 decimate=1 interlaced=0 bluray_compat=0 constrained_intra=0 bframes=3 b_pyramid=2 b_adapt=1 b_bias=0 direct=1 weightb=1 open_gop=0 weightp=1 keyint=250 keyint_min=25 scenecut=40 intra_refresh=0 rc_lookahead=10 rc=crf mbtree=1 crf=18.0 qcomp=0.60 qpmin=0 qpmax=69 qpstep=4 ip_ratio=1.40 aq=1:1.00
[stderr] Output #0, mp4, to '/Users/johndoe/Documents/company/video_ops/scripts/abstract_algebra_in_proof_assistant/04-set-equality/takes/take-mrhmharr/pipeline/cut/cut-mrhvutes/chunks/chunk-004.mp4':
[stderr]   Metadata:
[stderr]     major_brand     : qt  
[stderr]     minor_version   : 0
[stderr]     compatible_brands: qt  
[stderr]     encoder         : Lavf61.7.100
[stderr]   Stream #0[stderr] :0(und): Video: h264 (avc1 / 0x31637661), yuv420p(tv, smpte170m/bt709/bt709, progressive), 640x480, q=2-31, 29.83 fps, 11456 tbn (default)
[stderr]       Metadata:
[stderr]         creation_time   : 2026-07-12T09:54:07.000000Z
[stderr]         handler_name    : Core Media Video
[stderr]         vendor_id       : [0][0][0][0]
[stderr]         encoder         : Lavc61.19.100 libx264
[stderr]       Side data:
[stderr]         cpb: bitrate max/min/avg: 0/0/0 buffer size: 0 vbv_delay: N/A
[stderr]   Stream #0:1(und): Audio: aac (LC) (mp4a / 0x6134706D), 48000 Hz, mono, fltp, 69 kb/s (default)
[stderr]       Metadata:
[stderr]         creation_time   : 2026-07-12T09:54:07.000000Z
[stderr]         handler_name    : Core Media Audio
[stderr]         vendor_id       : [0][0][0][0]
[stderr]         encoder         : Lavc61.19.100 aac
[stderr] frame=   34 fps= 34 q=24.0 size=     512KiB time=00:00:01.10 bitrate=3792.2kbits/s speed= 1.1x    
[stderr] frame=  436 fps=289 q=24.0 size=    8192KiB time=00:00:14.54 bitrate=4613.1kbits/s dup=0 drop=2 speed=9.63x    
[stderr] frame=  778 fps=387 q=24.0 size=   17664KiB time=00:00:26.01 bitrate=5563.1kbits/s dup=0 drop=4 speed=12.9x    
[stderr] [out#0/mp4 @ 0x152f04300] video:21974KiB audio:6KiB subtitle:0KiB other streams:0KiB global headers:0KiB muxing overhead: 0.151468%
[stderr] frame=  908 fps=417 q=-1.0 Lsize=   22013KiB time=00:00:30.40 bitrate=5931.6kbits/s dup=0 drop=4 speed=  14x    
[stderr] [libx264 @ 0x152f052b0] frame I:4     Avg QP:19.93  size: 57731
[stderr] [libx264 @ 0x152f052b0] frame P:334   Avg QP:22.68  size: 40558
[stderr] [libx264 @ 0x152f052b0] frame B:570   Avg QP:25.79  size: 15305
[stderr] [libx264 @ 0x152f052b0] consecutive B-frames: 11.1% 13.0%  7.6% 68.3%
[stderr] [libx264 @ 0x152f052b0] mb I  I16..4:  6.8%  8.9% 84.4%
[stderr] [libx264 @ 0x152f052b0] mb P  I16..4:  3.4%  4.1% 10.9%  P16..4: 25.1% 22.3% 33.1%  0.0%  0.0%    skip: 1.1%
[stderr] [libx264 @ 0x152f052b0] mb B  I16..4:  1.0%  0.3%  0.5%  B16..8: 31.4% 17.9% 10.4%  direct:16.9%  skip:21.6%  L0:25.1% L1:30.7% BI:44.2%
[stderr] [libx264 @ 0x152f052b0] 8x8 transform intra:21.0% inter:33.3%
[stderr] [libx264 @ 0x152f052b0] coded y,uvDC,uvAC intra: 77.9% 56.4% 21.7% inter: 54.0% 18.4% 1.3%
[stderr] [libx264 @ 0x152f052b0] i16 v,h,dc,p: 61% 20% 15%  4%
[stderr] [libx264 @ 0x152f052b0] i8 v,h,dc,ddl,ddr,vr,hd,vl,hu: 23% 23% 17%  3%  7%  7%  7%  7%  7%
[stderr] [libx264 @ 0x152f052b0] i4 v,h,dc,ddl,ddr,vr,hd,vl,hu: 15% 17% 15%  4% 14%  9%  9%  6% 10%
[stderr] [libx264 @ 0x152f052b0] i8c dc,h,v,p: 59% 18% 18%  5%
[stderr] [libx264 @ 0x152f052b0] Weighted P-Frames: Y:21.9% UV:2.4%
[stderr] [libx264 @ 0x152f052b0] kb/s:5914.41
[stderr] [aac @ 0x152f6a680] Qavg: 65510.387
[stderr] ffmpeg version 7.1 Copyright (c) 2000-2024 the FFmpeg developers
[stderr]   built with Apple clang version 15.0.0 (clang-1500.1.0.2.5)
[stderr]   configuration: --prefix=/opt/homebrew/Cellar/ffmpeg/7.1_3 --enable-shared --enable-pthreads --enable-version3 --cc=clang --host-cflags= --host-ldflags='-Wl,-ld_classic' --enable-ffplay --enable-gnutls --enable-gpl --enable-libaom --enable-libaribb24 --enable-libbluray --enable-libdav1d --enable-libharfbuzz --enable-libjxl --enable-libmp3lame --enable-libopus --enable-librav1e --enable-librist --enable-librubberband --enable-libsnappy --enable-libsrt --enable-libssh --enable-libsvtav1 --enable-libtesseract --enable-libtheora --enable-libvidstab --enable-libvmaf --enable-libvorbis --enable-libvpx --enable-libwebp --enable-libx264 --enable-libx265 --enable-libxml2 --enable-libxvid --enable-lzma --enable-libfontconfig --enable-libfreetype --enable-frei0r --enable-libass --enable-libopencore-amrnb --enable-libopencore-amrwb --enable-libopenjpeg --enable-libspeex --enable-libsoxr --enable-libzmq --enable-libzimg --disable-libjack --disable-indev=jack --enable-videotoolbox --enable-audiotoolbox --enable-neon
[stderr]   libavutil      59. 39.100 / 59. 39.100
[stderr]   libavcodec     61. 19.100 / 61. 19.100
[stderr]   libavformat    61.  7.100 / 61.  7.100
[stderr]   libavdevice    61.  3.100 / 61.  3.100
[stderr]   libavfilter    10.  4.100 / 10.  4.100
[stderr]   libswscale      8.  3.100 /  8.  3.100
[stderr]   libswresample   5.  3.100 /  5.  3.100
[stderr]   libpostproc    58.  3.100 / 58.  3.100
[stderr] Input #0, mov,mp4,m4a,3gp,3g2,mj2, from '/Users/johndoe/Documents/company/video_ops/scripts/abstract_algebra_in_proof_assistant/04-set-equality/takes/take-mrhmharr/source.mp4':
[stderr]   Metadata:
[stderr]     major_brand     : qt  
[stderr]     minor_version   : 0
[stderr]     compatible_brands: qt  
[stderr]     creation_time   : 2026-07-12T09:54:07.000000Z
[stderr]   Duration: 00:06:08.94, start: 0.000000, bitrate: 2946 kb/s
[stderr]   Stream #0:0[0x1](und): Video: hevc (Main) (hvc1 / 0x31637668), yuv420p(tv, smpte170m/bt709/bt709), 640x480, 2834 kb/s, 29.95 fps, 29.83 tbr, 600 tbn (default)
[stderr]       Metadata:
[stderr]         creation_time   : 2026-07-12T09:54:07.000000Z
[stderr]         handler_name    : Core Media Video
[stderr]         vendor_id       : [0][0][0][0]
[stderr]         encoder         : HEVC
[stderr]       Side data:
[stderr]         displaymatrix: rotation of -180.00 degrees
[stderr]   Stream #0:1[0x2](und): Audio: aac (LC) (mp4a / 0x6134706D), 48000 Hz, mono, fltp, 100 kb/s (default)
[stderr]       Metadata:
[stderr]         creation_time   : 2026-07-12T09:54:07.000000Z
[stderr]         handler_name    : Core Media Audio
[stderr]         vendor_id       : [0][0][0][0]
[stderr]   Stream #0:2[0x3](und): Data: none (mebx / 0x7862656D) (default)
[stderr]       Metadata:
[stderr]         creation_time   : 2026-07-12T09:54:07.000000Z
[stderr]         handler_name    : Core Media Metadata
[stderr] Stream mapping:
[stderr]   Stream #0:0 -> #0:0 (hevc (native) -> h264 (libx264))
[stderr]   Stream #0:1 -> #0:1 (aac (native) -> aac (native))
[stderr] Press [q] to stop, [?] for help
[stderr] [libx264 @ 0x140e0f240] using cpu capabilities: ARMv8 NEON
[stderr] [libx264 @ 0x140e0f240] profile High, level 3.0, 4:2:0, 8-bit
[stderr] [libx264 @ 0x140e0f240] 264 - core 164 r3108 31e19f9 - H.264/MPEG-4 AVC codec - Copyleft 2003-2023 - http://www.videolan.org/x264.html - options: cabac=1 ref=1 deblock=1:0:0 analyse=0x3:0x113 me=hex subme=2 psy=1 psy_rd=1.00:0.00 mixed_ref=0 me_range=16 chroma_me=1 trellis=0 8x8dct=1 cqm=0 deadzone=21,11 fast_pskip=1 chroma_qp_offset=0 threads=15 lookahead_threads=3 sliced_threads=0 nr=0 decimate=1 interlaced=0 bluray_compat=0 constrained_intra=0 bframes=3 b_pyramid=2 b_adapt=1 b_bias=0 direct=1 weightb=1 open_gop=0 weightp=1 keyint=250 keyint_min=25 scenecut=40 intra_refresh=0 rc_lookahead=10 rc=crf mbtree=1 crf=18.0 qcomp=0.60 qpmin=0 qpmax=69 qpstep=4 ip_ratio=1.40 aq=1:1.00
[stderr] Output #0, mp4, to '/Users/johndoe/Documents/company/video_ops/scripts/abstract_algebra_in_proof_assistant/04-set-equality/takes/take-mrhmharr/pipeline/cut/cut-mrhvutes/chunks/chunk-005.mp4':
[stderr]   Metadata:
[stderr]     major_brand     : qt  
[stderr]     minor_version   : 0
[stderr]     compatible_brands: qt  
[stderr]     encoder         : Lavf61.7.100
[stderr]   Stream #0:0(und): Video: h264 (avc1 / 0x31637661), yuv420p(tv, smpte170m/bt709/bt709, progressive), 640x480, q=2-31, 29.83 fps, 11456 tbn (default)
[stderr]       Metadata:
[stderr]         creation_time   : 2026-07-12T09:54:07.000000Z
[stderr]         handler_name    : Core Media Video
[stderr]         vendor_id       : [0][0][0][0]
[stderr]         encoder         : Lavc61.19.100 libx264
[stderr]       Side data:
[stderr]         cpb: bitrate max/min/avg: 0/0/0 buffer size: 0 vbv_delay: N/A
[stderr]   Stream #0:1(und): Audio: aac (LC) (mp4a / 0x6134706D), 48000 Hz, mono, fltp, 69 kb/s (default)
[stderr]       Metadata:
[stderr]         creation_time   : 2026-07-12T09:54:07.000000Z
[stderr]         handler_name    : Core Media Audio
[stderr]         vendor_id       : [0][0][0][0]
[stderr]         encoder         : Lavc61.19.100 aac
[stderr] frame=   81 fps= 54 q=24.0 size=    2304KiB time=N/A bitrate=N/A speed=N/A    
[stderr] [out#0/mp4 @ 0x140e04590] video:3274KiB audio:1KiB subtitle:0KiB other streams:0KiB global headers:0KiB muxing overhead: 0.158876%
[stderr] frame=  108 fps= 71 q=-1.0 Lsize=    3280KiB time=00:00:03.55 bitrate=7562.8kbits/s speed=2.34x    
[stderr] [libx264 @ 0x140e0f240] frame I:1     Avg QP:23.08  size: 64192
[stderr] [libx264 @ 0x140e0f240] frame P:44    Avg QP:23.66  size: 45466
[stderr] [libx264 @ 0x140e0f240] frame B:63    Avg QP:26.47  size: 20436
[stderr] [libx264 @ 0x140e0f240] consecutive B-frames: 13.9% 20.4% 13.9% 51.9%
[stderr] [libx264 @ 0x140e0f240] mb I  I16..4:  0.3%  9.2% 90.4%
[stderr] [libx264 @ 0x140e0f240] mb P  I16..4:  0.4%  2.8% 11.5%  P16..4: 24.6% 23.4% 36.7%  0.0%  0.0%    skip: 0.6%
[stderr] [libx264 @ 0x140e0f240] mb B  I16..4:  0.2%  0.2%  0.2%  B16..8: 31.0% 19.3% 13.4%  direct:21.2%  skip:14.5%  L0:25.7% L1:30.1% BI:44.2%
[stderr] [libx264 @ 0x140e0f240] 8x8 transform intra:18.7% inter:33.5%
[stderr] [libx264 @ 0x140e0f240] coded y,uvDC,uvAC intra: 95.5% 71.2% 27.3% inter: 66.0% 23.8% 1.3%
[stderr] [libx264 @ 0x140e0f240] i16 v,h,dc,p: 28% 25% 37%  9%
[stderr] [libx264 @ 0x140e0f240] i8 v,h,dc,ddl,ddr,vr,hd,vl,hu: 21% 22% 14%  3%  9%  9%  9%  7%  7%
[stderr] [libx264 @ 0x140e0f240] i4 v,h,dc,ddl,ddr,vr,hd,vl,hu: 14% 16% 14%  4% 16%  8% 11%  7% 10%
[stderr] [libx264 @ 0x140e0f240] i8c dc,h,v,p: 51% 22% 20%  7%
[stderr] [libx264 @ 0x140e0f240] Weighted P-Frames: Y:27.3% UV:2.3%
[stderr] [libx264 @ 0x140e0f240] kb/s:7407.87
[stderr] [aac @ 0x140e6e0a0] Qavg: 65320.863
[stderr] ffmpeg version 7.1 Copyright (c) 2000-2024 the FFmpeg developers
[stderr]   built with Apple clang version 15.0.0 (clang-1500.1.0.2.5)
[stderr]   configuration: --prefix=/opt/homebrew/Cellar/ffmpeg/7.1_3 --enable-shared --enable-pthreads --enable-version3 --cc=clang --host-cflags= --host-ldflags='-Wl,-ld_classic' --enable-ffplay --enable-gnutls --enable-gpl --enable-libaom --enable-libaribb24 --enable-libbluray --enable-libdav1d --enable-libharfbuzz --enable-libjxl --enable-libmp3lame --enable-libopus --enable-librav1e --enable-librist --enable-librubberband --enable-libsnappy --enable-libsrt --enable-libssh --enable-libsvtav1 --enable-libtesseract --enable-libtheora --enable-libvidstab --enable-libvmaf --enable-libvorbis --enable-libvpx --enable-libwebp --enable-libx264 --enable-libx265 --enable-libxml2 --enable-libxvid --enable-lzma --enable-libfontconfig --enable-libfreetype --enable-frei0r --enable-libass --enable-libopencore-amrnb --enable-libopencore-amrwb --enable-libopenjpeg --enable-libspeex --enable-libsoxr --enable-libzmq --enable-libzimg --disable-libjack --disable-indev=jack --enable-videotoolbox --enable-audiotoolbox --enable-neon
[stderr]   libavutil      59. 39.100 / 59. 39.100
[stderr]   libavcodec     61. 19.100 / 61. 19.100
[stderr]   libavformat    61.  7.100 / 61.  7.100
[stderr]   libavdevice    61.  3.100 / 61.  3.100
[stderr]   libavfilter    10.  4.100 / 10.  4.100
[stderr]   libswscale      8.  3.100 /  8.  3.100
[stderr]   libswresample   5.  3.100 /  5.  3.100
[stderr]   libpostproc    58.  3.100 / 58.  3.100
[stderr] Input #0, mov,mp4,m4a,3gp,3g2,mj2, from '/Users/johndoe/Documents/company/video_ops/scripts/abstract_algebra_in_proof_assistant/04-set-equality/takes/take-mrhmharr/source.mp4':
[stderr]   Metadata:
[stderr]     major_brand     : [stderr] qt  
[stderr]     minor_version   : 0
[stderr]     compatible_brands: qt  
[stderr]     creation_time   : 2026-07-12T09:54:07.000000Z
[stderr]   Duration: 00:06:08.94, start: 0.000000, bitrate: 2946 kb/s
[stderr]   Stream #0:0[0x1](und): Video: hevc (Main) (hvc1 / 0x31637668), yuv420p(tv, smpte170m/bt709/bt709), 640x480, 2834 kb/s, 29.95 fps, 29.83 tbr, 600 tbn (default)
[stderr]       Metadata:
[stderr]         creation_time   : 2026-07-12T09:54:07.000000Z
[stderr]         handler_name    : Core Media Video
[stderr]         vendor_id       : [0][0][0][0]
[stderr]         encoder         : HEVC
[stderr]       Side data:
[stderr]         displaymatrix: rotation of -180.00 degrees
[stderr]   Stream #0:1[0x2](und): Audio: aac (LC) (mp4a / 0x6134706D), 48000 Hz, mono, fltp, 100 kb/s (default)
[stderr]       Metadata:
[stderr]         creation_time   : 2026-07-12T09:54:07.000000Z
[stderr]         handler_name    : Core Media Audio
[stderr]         vendor_id       : [0][0][0][0]
[stderr]   Stream #0:2[0x3](und): Data: none (mebx / 0x7862656D) (default)
[stderr]       Metadata:
[stderr]         creation_time   : 2026-07-12T09:54:07.000000Z
[stderr]         handler_name    : Core Media Metadata
[stderr] Stream mapping:
[stderr]   Stream #0:0 -> #0:0 (hevc (native) -> h264 (libx264))
[stderr]   Stream #0:1 -> #0:1[stderr]  (aac (native) -> aac (native))
[stderr] Press [q] to stop, [?] for help
[stderr] [libx264 @ 0x141e0f240] using cpu capabilities: ARMv8 NEON
[stderr] [libx264 @ 0x141e0f240] profile High, level 3.0, 4:2:0, 8-bit
[stderr] [libx264 @ 0x141e0f240] 264 - core 164 r3108 31e19f9 - H.264/MPEG-4 AVC codec - Copyleft 2003-2023 - http://www.videolan.org/x264.html - options: cabac=1 ref=1 deblock=1:0:0 analyse=0x3:0x113 me=hex subme=2 psy=1 psy_rd=1.00:0.00 mixed_ref=0 me_range=16 chroma_me=1 trellis=0 8x8dct=1 cqm=0 deadzone=21,11 fast_pskip=1 chroma_qp_offset=0 threads=15 lookahead_threads=3 sliced_threads=0 nr=0 decimate=1 interlaced=0 bluray_compat=0 constrained_intra=0 bframes=3 b_pyramid=2 b_adapt=1 b_bias=0 direct=1 weightb=1 open_gop=0 weightp=1 keyint=250 keyint_min=25 scenecut=40 intra_refresh=0 rc_lookahead=10 rc=crf mbtree=1 crf=18.0 qcomp=0.60 qpmin=0 qpmax=69 qpstep=4 ip_ratio=1.40 aq=1:1.00
[stderr] Output #0, mp4, to '/Users/johndoe/Documents/company/video_ops/scripts/abstract_algebra_in_proof_assistant/04-set-equality/takes/take-mrhmharr/pipeline/cut/cut-mrhvutes/chunks/chunk-006.mp4':
[stderr]   Metadata:
[stderr]     major_brand     : qt  
[stderr]     minor_version   : 0
[stderr]     compatible_brands: qt  
[stderr]     encoder         : Lavf61.7.100
[stderr]   Stream #0:0(und): Video: h264 (avc1 / 0x31637661), yuv420p(tv, smpte170m/bt709/bt709, progressive), 640x480, q=2-31, 29.83 fps, 11456 tbn (default)
[stderr]       Metadata:
[stderr]         creation_time   : 2026-07-12T09:54:07.000000Z
[stderr]         handler_name    : Core Media Video
[stderr]         vendor_id       : [0][0][0][0]
[stderr]         encoder         : Lavc61.19.100 libx264
[stderr]       Side data:
[stderr]         cpb: bitrate max/min/avg: 0/0/0 buffer size: 0 vbv_delay: N/A
[stderr]   Stream #0:1(und): Audio: aac (LC) (mp4a / 0x6134706D), 48000 Hz, mono, fltp, 69 kb/s (default)
[stderr]       Metadata:
[stderr]         creation_time   : 2026-07-12T09:54:07.000000Z
[stderr]         handler_name    : Core Media Audio
[stderr]         vendor_id       : [0][0][0][0]
[stderr]         encoder         : Lavc61.19.100 aac
[stderr] frame=   21 fps= 14 q=24.0 size=     512KiB time=00:00:00.63 bitrate=6586.4kbits/s speed=0.422x    
[stderr] frame=  366 fps=182 q=24.0 size=   10496KiB time=00:00:12.23 bitrate=7027.9kbits/s dup=0 drop=2 speed=6.08x    
[stderr] [out#0/mp4 @ 0x141e04590] video:16519KiB audio:4KiB subtitle:0KiB other streams:0KiB global headers:0KiB muxing overhead: 0.156621%
[stderr] frame=  697 fps=287 q=-1.0 Lsize=   16549KiB time=00:00:23.32 bitrate=5811.1kbits/s dup=0 drop=3 speed=9.62x    
[stderr] [libx264 @ 0x141e0f240] frame I:4     Avg QP:19.51  size: 46578
[stderr] [libx264 @ 0x141e0f240] frame P:264   Avg QP:21.25  size: 36706
[stderr] [libx264 @ 0x141e0f240] frame B:429   Avg QP:25.22  size: 16406
[stderr] [libx264 @ 0x141e0f240] consecutive B-frames: 11.0% 16.9% 11.2% 60.8%
[stderr] [libx264 @ 0x141e0f240] mb I  I16..4: 12.1%  9.1% 78.9%
[stderr] [libx264 @ 0x141e0f240] mb P  I16..4:  9.7%  4.9% 13.4%  P16..4: 19.3% 18.5% 28.2%  0.0%  0.0%    skip: 5.8%
[stderr] [libx264 @ 0x141e0f240] mb B  I16..4:  1.5%  0.6%  1.1%  B16..8: 28.4% 17.0% 11.3%  direct:16.4%  skip:23.7%  L0:27.4% L1:29.6% BI:43.1%
[stderr] [libx264 @ 0x141e0f240] 8x8 transform intra:17.2% inter:34.6%
[stderr] [libx264 @ 0x141e0f240] coded y,uvDC,uvAC intra: 62.4% 54.4% 28.4% inter: 54.2% 24.3% 2.8%
[stderr] [libx264 @ 0x141e0f240] i16 v,h,dc,p: 82%  8%  7%  3%
[stderr] [libx264 @ 0x141e0f240] i8 v,h,dc,ddl,ddr,vr,hd,vl,hu: 28% 16% 19%  3%  7%  8%  6%  7%  6%
[stderr] [libx264 @ 0x141e0f240] i4 v,h,dc,ddl,ddr,vr,hd,vl,hu: 17% 17% 14%  4% 13%  9%  9%  7% 10%
[stderr] [libx264 @ 0x141e0f240] i8c dc,h,v,p: 63% 15% 16%  6%
[stderr] [libx264 @ 0x141e0f240] Weighted P-Frames: Y:15.5% UV:2.7%
[stderr] [libx264 @ 0x141e0f240] kb/s:5791.90
[stderr] [aac @ 0x1530695e0] Qavg: 65502.656
[stderr] ffmpeg version 7.1 Copyright (c) 2000-2024 the FFmpeg developers
[stderr]   built with Apple clang version 15.0.0 (clang-1500.1.0.2.5)
[stderr]   configuration: --prefix=/opt/homebrew/Cellar/ffmpeg/7.1_3 --enable-shared --enable-pthreads --enable-version3 --cc=clang --host-cflags= --host-ldflags='-Wl,-ld_classic' --enable-ffplay --enable-gnutls --enable-gpl --enable-libaom --enable-libaribb24 --enable-libbluray --enable-libdav1d --enable-libharfbuzz --enable-libjxl --enable-libmp3lame --enable-libopus --enable-librav1e --enable-librist --enable-librubberband --enable-libsnappy --enable-libsrt --enable-libssh --enable-libsvtav1 --enable-libtesseract --enable-libtheora --enable-libvidstab --enable-libvmaf --enable-libvorbis --enable-libvpx --enable-libwebp --enable-libx264 --enable-libx265 --enable-libxml2 --enable-libxvid --enable-lzma --enable-libfontconfig --enable-libfreetype --enable-frei0r --enable-libass --enable-libopencore-amrnb --enable-libopencore-amrwb --enable-libopenjpeg --enable-libspeex --enable-libsoxr --enable-libzmq --enable-libzimg --disable-libjack --disable-indev=jack --enable-videotoolbox --enable-audiotoolbox --enable-neon
[stderr]   libavutil      59. 39.100 / 59. 39.100
[stderr]   libavcodec     61. 19.100 / 61. 19.100
[stderr]   libavformat    61.  7.100 / 61.  7.100
[stderr]   libavdevice    61.  3.100 / 61.  3.100
[stderr]   libavfilter    10.  4.100 / 10.  4.100
[stderr]   libswscale      8.  3.100 /  8.  3.100
[stderr]   libswresample   5.  3.100 /  5.  3.100
[stderr]   libpostproc    58.  3.100 / 58.  3.100
[stderr] Input #0, mov,mp4,m4a,3gp,3g2,mj2, from '/Users/johndoe/Documents/company/video_ops/scripts/abstract_algebra_in_proof_assistant/04-set-equality/takes/take-mrhmharr/source.mp4':
[stderr]   Metadata:
[stderr]     major_brand     : qt  
[stderr]     minor_version   : 0
[stderr]     compatible_brands: qt  
[stderr]     creation_time   : 2026-07-12T09:54:07.000000Z
[stderr]   Duration: 00:06:08.94, start: 0.000000, bitrate: 2946 kb/s
[stderr]   Stream #0:0[0x1](und): Video: hevc (Main) (hvc1 / 0x31637668), yuv420p(tv, smpte170m/bt709/bt709), 640x480, 2834 kb/s, 29.95 fps, 29.83 tbr, 600 tbn (default)
[stderr]       Metadata:
[stderr]         creation_time   : 2026-07-12T09:54:07.000000Z
[stderr]         handler_name    : Core Media Video
[stderr]         vendor_id       : [0][0][0][0]
[stderr]         encoder         : HEVC
[stderr]       Side data:
[stderr]         displaymatrix: rotation of -180.00 degrees
[stderr]   Stream #0:1[0x2](und): Audio: aac (LC) (mp4a / 0x6134706D), 48000 Hz, mono, fltp, 100 kb/s (default)
[stderr]       Metadata:
[stderr]         creation_time   : 2026-07-12T09:54:07.000000Z
[stderr]         handler_name    : Core Media Audio
[stderr]         vendor_id       : [0][0][0][0]
[stderr]   Stream #0:2[0x3](und): Data: none (mebx / 0x7862656D) (default)
[stderr]       Metadata:
[stderr]         creation_time   : 2026-07-12T09:54:07.000000Z
[stderr]         handler_name    : Core Media Metadata
[stderr] Stream mapping:
[stderr]   Stream #0:0 -> #0:0 (hevc (native) -> h264 (libx264))
[stderr]   Stream #0:1 -> #0:1 (aac (native) -> aac (native))
[stderr] Press [q] to stop, [?] for help
[stderr] [libx264 @ 0x12cb0ff10] using cpu capabilities: ARMv8 NEON
[stderr] [libx264 @ 0x12cb0ff10] profile High, level 3.0, 4:2:0, 8-bit
[stderr] [libx264 @ 0x12cb0ff10] 264 - core 164 r3108 31e19f9 - H.264/MPEG-4 AVC codec - Copyleft 2003-2023 - http://www.videolan.org/x264.html - options: cabac=1 ref=1 deblock=1:0:0 analyse=0x3:0x113 me=hex subme=2 psy=1 psy_rd=1.00:0.00 mixed_ref=0 me_range=16 chroma_me=1 trellis=0 8x8dct=1 cqm=0 deadzone=21,11 fast_pskip=1 chroma_qp_offset=0 threads=15 lookahead_threads=3 sliced_threads=0 nr=0 decimate=1 interlaced=0 bluray_compat=0 constrained_intra=0 bframes=3 b_pyramid=2 b_adapt=1 b_bias=0 direct=1 weightb=1 open_gop=0 weightp=1 keyint=250 keyint_min=25 scenecut=40 intra_refresh=0 rc_lookahead=10 rc=crf mbtree=1 crf=18.0 qcomp=0.60 qpmin=0 qpmax=69 qpstep=4 ip_ratio=1.40 aq=1:1.00
[stderr] Output #0, mp4, to '/Users/johndoe/Documents/company/video_ops/scripts/abstract_algebra_in_proof_assistant/04-set-equality/takes/take-mrhmharr/pipeline/cut/cut-mrhvutes/chunks/chunk-007.mp4':
[stderr]   Metadata:
[stderr]     major_brand     : qt  
[stderr]     minor_version   : 0
[stderr]     compatible_brands: qt  
[stderr]     encoder         : Lavf61.7.100
[stderr]   Stream #0:0(und): Video: h264 (avc1 / 0x31637661), yuv420p(tv, smpte170m/bt709/bt709, progressive), 640x480, q=2-31, 29.83 fps, 11456 tbn (default)
[stderr]       Metadata:
[stderr]         creation_time   : 2026-07-12T09:54:07.000000Z
[stderr]         handler_name    : Core Media Video
[stderr]         vendor_id       : [0][0][0][0]
[stderr]         encoder         : Lavc61.19.100 libx264
[stderr]       Side data:
[stderr]         cpb: bitrate max/min/avg: 0/0/0 buffer size: 0 vbv_delay: N/A
[stderr]   Stream #0:1(und): Audio: aac (LC) (mp4a / 0x6134706D), 48000 Hz, mono, fltp, 69 kb/s (default)
[stderr]       Metadata:
[stderr]         creation_time   : 2026-07-12T09:54:07.000000Z
[stderr]         handler_name    : Core Media Audio
[stderr]         vendor_id       : [0][0][0][0]
[stderr]         encoder         : Lavc61.19.100 aac
[stderr] frame=  147 fps= 73 q=24.0 size=    3072KiB time=00:00:04.89 bitrate=5142.4kbits/s speed=2.43x    
[stderr] frame=  490 fps=194 q=24.0 size=   11520KiB time=00:00:16.39 bitrate=5757.5kbits/s speed=6.51x    
[stderr] [out#0/mp4 @ 0x12cb053b0] video:15446KiB audio:4KiB subtitle:0KiB other streams:0KiB global headers:0KiB muxing overhead: 0.155598%
[stderr] frame=  636 fps=232 q=-1.0 Lsize=   15474KiB time=00:00:21.25 bitrate=5964.7kbits/s dup=0 drop=1 speed=7.75x    
[stderr] [libx264 @ 0x12cb0ff10] frame I:5     Avg QP:19.45  size: 56502
[stderr] [libx264 @ 0x12cb0ff10] frame P:180   Avg QP:22.16  size: 40894
[stderr] [libx264 @ 0x12cb0ff10] frame B:451   Avg QP:25.00  size: 18120
[stderr] [libx264 @ 0x12cb0ff10] consecutive B-frames:  3.0%  5.7%  5.2% 86.2%
[stderr] [libx264 @ 0x12cb0ff10] mb I  I16..4: 10.3%  7.3% 82.4%
[stderr] [libx264 @ 0x12cb0ff10] mb P  I16..4:  6.0%  6.5% 22.5%  P16..4: 15.9% 17.8% 29.6%  0.0%  0.0%    skip: 1.8%
[stderr] [libx264 @ 0x12cb0ff10] mb B  I16..4:  1.3%  0.6%  1.0%  B16..8: 28.8% 17.5% 14.7%  direct:16.4%  skip:19.7%  L0:27.4% L1:31.4% BI:41.2%
[stderr] [libx264 @ 0x12cb0ff10] 8x8 transform intra:18.0% inter:31.2%
[stderr] [libx264 @ 0x12cb0ff10] coded y,uvDC,uvAC intra: 77.2% 67.0% 37.7% inter: 53.6% 27.4% 3.8%
[stderr] [libx264 @ 0x12cb0ff10] i16 v,h,dc,p: 78% 13%  6%  3%
[stderr] [libx264 @ 0x12cb0ff10] i8 v,h,dc,ddl,ddr,vr,hd,vl,hu: 24% 16% 17%  2% 11%  9%  8%  6%  7%
[stderr] [libx264 @ 0x12cb0ff10] i4 v,h,dc,ddl,ddr,vr,hd,vl,hu: 16% 17% 15%  4% 13%  8%  9%  7% 10%
[stderr] [libx264 @ 0x12cb0ff10] i8c dc,h,v,p: 57% 17% 18%  8%
[stderr] [libx264 @ 0x12cb0ff10] Weighted P-Frames: Y:18.9% UV:3.3%
[stderr] [libx264 @ 0x12cb0ff10] kb/s:5934.96
[stderr] [aac @ 0x12cb6ee10] Qavg: 65499.500
[stderr] ffmpeg version 7.1 Copyright (c) 2000-2024 the FFmpeg developers
[stderr]   built with Apple clang version 15.0.0 (clang-1500.1.0.2.5)
[stderr]   configuration: --prefix=/opt/homebrew/Cellar/ffmpeg/7.1_3 --enable-shared --enable-pthreads --enable-version3 --cc=clang --host-cflags= --host-ldflags='-Wl,-ld_classic' --enable-ffplay --enable-gnutls --enable-gpl --enable-libaom --enable-libaribb24 --enable-libbluray --enable-libdav1d --enable-libharfbuzz --enable-libjxl --enable-libmp3lame --enable-libopus --enable-librav1e --enable-librist --enable-librubberband --enable-libsnappy --enable-libsrt --enable-libssh --enable-libsvtav1 --enable-libtesseract --enable-libtheora --enable-libvidstab --enable-libvmaf --enable-libvorbis --enable-libvpx --enable-libwebp --enable-libx264 --enable-libx265 --enable-libxml2 --enable-libxvid --enable-lzma --enable-libfontconfig --enable-libfreetype --enable-frei0r --enable-libass --enable-libopencore-amrnb --enable-libopencore-amrwb --enable-libopenjpeg --enable-libspeex --enable-libsoxr --enable-libzmq --enable-libzimg --disable-libjack --disable-indev=jack --enable-videotoolbox --enable-audiotoolbox --enable-neon
[stderr]   libavutil      59. 39.100 / 59. 39.100
[stderr]   libavcodec     61. 19.100 / 61. 19.100
[stderr]   libavformat    61.  7.100 / 61.  7.100
[stderr]   libavdevice    61.  3.100 / 61.  3.100
[stderr]   libavfilter    10.  4.100 / 10.  4.100
[stderr]   libswscale      8.  3.100 /  8.  3.100
[stderr]   libswresample   5.  3.100 /  5.  3.100
[stderr]   libpostproc    58.  3.100 / 58.  3.100
[stderr] Input #0, mov,mp4,m4a,3gp,3g2,mj2, from '/Users/johndoe/Documents/company/video_ops/scripts/abstract_algebra_in_proof_assistant/04-set-equality/takes/take-mrhmharr/source.mp4':
[stderr]   Metadata:
[stderr]     major_brand     : [stderr] qt  
[stderr]     minor_version   : 0
[stderr]     compatible_brands: qt  
[stderr]     creation_time   : 2026-07-12T09:54:07.000000Z
[stderr]   Duration: 00:06:08.94, start: 0.000000, bitrate: 2946 kb/s
[stderr]   Stream #0:0[0x1](und): Video: hevc (Main) (hvc1 / 0x31637668), yuv420p(tv, smpte170m/bt709/bt709), 640x480, 2834 kb/s, 29.95 fps, 29.83 tbr, 600 tbn (default)
[stderr]       Metadata:
[stderr]         creation_time   : 2026-07-12T09:54:07.000000Z
[stderr]         handler_name    : Core Media Video
[stderr]         vendor_id       : [0][0][0][0]
[stderr]         encoder         : HEVC
[stderr]       Side data:
[stderr]         displaymatrix: rotation of -180.00 degrees
[stderr]   Stream #0:1[0x2](und): Audio: aac (LC) (mp4a / 0x6134706D), 48000 Hz, mono, fltp, 100 kb/s (default)
[stderr]       Metadata:
[stderr]         creation_time   : 2026-07-12T09:54:07.000000Z
[stderr]         handler_name    : Core Media Audio
[stderr]         vendor_id       : [0][0][0][0]
[stderr]   Stream #0:2[0x3](und): Data: none (mebx / 0x7862656D) (default)
[stderr]       Metadata:
[stderr]         creation_time   : 2026-07-12T09:54:07.000000Z
[stderr]         handler_name    : Core Media Metadata
[stderr] Stream mapping:
[stderr]   Stream #0:0 -> #0:0 (hevc (native) -> h264 (libx264))
[stderr]   Stream #0:1 -> #0:1 (aac (native) -> aac (native))
[stderr] Press [q] to stop, [?] for help
[stderr] [libx264 @ 0x143a0f350] using cpu capabilities: ARMv8 NEON
[stderr] [libx264 @ 0x143a0f350] profile High, level 3.0, 4:2:0, 8-bit
[stderr] [libx264 @ 0x143a0f350] 264 - core 164 r3108 31e19f9 - H.264/MPEG-4 AVC codec - Copyleft 2003-2023 - http://www.videolan.org/x264.html - options: cabac=1 ref=1 deblock=1:0:0 analyse=0x3:0x113 me=hex subme=2 psy=1 psy_rd=1.00:0.00 mixed_ref=0 me_range=16 chroma_me=1 trellis=0 8x8dct=1 cqm=0 deadzone=21,11 fast_pskip=1 chroma_qp_offset=0 threads=15 lookahead_threads=3 sliced_threads=0 nr=0 decimate=1 interlaced=0 bluray_compat=0 constrained_intra=0 bframes=3 b_pyramid=2 b_adapt=1 b_bias=0 direct=1 weightb=1 open_gop=0 weightp=1 keyint=250 keyint_min=25 scenecut=40 intra_refresh=0 rc_lookahead=10 rc=crf mbtree=1 crf=18.0 qcomp=0.60 qpmin=0 qpmax=69 qpstep=4 ip_ratio=1.40 aq=1:1.00
[stderr] Output #0, mp4, to '/Users/johndoe/Documents/company/video_ops/scripts/abstract_algebra_in_proof_assistant/04-set-equality/takes/take-mrhmharr/pipeline/cut/cut-mrhvutes/chunks/chunk-008.mp4':
[stderr]   Metadata:
[stderr]     major_brand     : qt  
[stderr]     minor_version   : 0
[stderr]     compatible_brands: qt  
[stderr]     encoder         : Lavf61.7.100
[stderr]   Stream #0:0(und): Video: h264 (avc1 / 0x31637661), yuv420p(tv, smpte170m/bt709/bt709, progressive), 640x480, q=2-31, 29.83 fps, 11456 tbn (default)
[stderr]       Metadata:
[stderr]         creation_time   : 2026-07-12T09:54:07.000000Z
[stderr]         handler_name    : Core Media Video
[stderr]         vendor_id       : [0][0][0][0]
[stderr]         encoder         : Lavc61.19.100 libx264
[stderr]       Side data:
[stderr]         cpb: bitrate max/min/avg: 0/0/0 buffer size: 0 vbv_delay: N/A
[stderr]   Stream #0:1(und): Audio: aac (LC) (mp4a / 0x6134706D), 48000 Hz, mono, fltp, 69 kb/s (default)
[stderr]       Metadata:
[stderr]         creation_time   : 2026-07-12T09:54:07.000000Z
[stderr]         handler_name    : Core Media Audio
[stderr]         vendor_id       : [0][0][0][0]
[stderr]         encoder         : Lavc61.19.100 aac
[stderr] frame=  271 fps=108 q=24.0 size=    7424KiB time=00:00:09.01 bitrate=6745.0kbits/s speed= 3.6x    
[stderr] [out#0/mp4 @ 0x143a046a0] video:12935KiB audio:3KiB subtitle:0KiB other streams:0KiB global headers:0KiB muxing overhead: 0.143681%
[stderr] frame=  488 fps=175 q=-1.0 Lsize=   12957KiB time=00:00:16.29 bitrate=6515.6kbits/s dup=0 drop=1 speed=5.83x    
[stderr] [libx264 @ 0x143a0f350] frame I:4     Avg QP:21.04  size: 49882
[stderr] [libx264 @ 0x143a0f350] frame P:165   Avg QP:23.04  size: 39212
[stderr] [libx264 @ 0x143a0f350] frame B:319   Avg QP:25.42  size: 20613
[stderr] [libx264 @ 0x143a0f350] consecutive B-frames:  8.6% 10.2%  7.4% 73.8%
[stderr] [libx264 @ 0x143a0f350] mb I  I16..4:  4.6% 12.2% 83.1%
[stderr] [libx264 @ 0x143a0f350] mb P  I16..4:  3.1%  8.7% 28.7%  P16..4: 16.0% 17.1% 25.5%  0.0%  0.0%    skip: 0.9%
[stderr] [libx264 @ 0x143a0f350] mb B  I16..4:  0.8%  2.2%  3.7%  B16..8: 28.4% 20.9% 15.1%  direct:17.0%  skip:12.0%  L0:30.6% L1:30.9% BI:38.5%
[stderr] [libx264 @ 0x143a0f350] 8x8 transform intra:23.6% inter:35.7%
[stderr] [libx264 @ 0x143a0f350] coded y,uvDC,uvAC intra: 88.9% 78.8% 43.7% inter: 62.5% 35.4% 4.8%
[stderr] [libx264 @ 0x143a0f350] i16 v,h,dc,p: 62% 11% 18%  9%
[stderr] [libx264 @ 0x143a0f350] i8 v,h,dc,ddl,ddr,vr,hd,vl,hu: 24% 17% 15%  3%  8%  9%  7%  8%  9%
[stderr] [libx264 @ 0x143a0f350] i4 v,h,dc,ddl,ddr,vr,hd,vl,hu: 15% 18% 13%  4% 14%  9% 10%  7% 10%
[stderr] [libx264 @ 0x143a0f350] i8c dc,h,v,p: 48% 21% 20% 11%
[stderr] [libx264 @ 0x143a0f350] Weighted P-Frames: Y:19.4% UV:6.1%
[stderr] [libx264 @ 0x143a0f350] kb/s:6477.73
[stderr] [aac @ 0x143a6e1b0] Qavg: 65488.441
[stderr] ffmpeg version 7.1 Copyright (c) 2000-2024 the FFmpeg developers
[stderr]   built with Apple clang version 15.0.0 (clang-1500.1.0.2.5)
[stderr]   configuration: --prefix=/opt/homebrew/Cellar/ffmpeg/7.1_3 --enable-shared --enable-pthreads --enable-version3 --cc=clang --host-cflags= --host-ldflags='-Wl,-ld_classic' --enable-ffplay --enable-gnutls --enable-gpl --enable-libaom --enable-libaribb24 --enable-libbluray --enable-libdav1d --enable-libharfbuzz --enable-libjxl --enable-libmp3lame --enable-libopus --enable-librav1e --enable-librist --enable-librubberband --enable-libsnappy --enable-libsrt --enable-libssh --enable-libsvtav1 --enable-libtesseract --enable-libtheora --enable-libvidstab --enable-libvmaf --enable-libvorbis --enable-libvpx --enable-libwebp --enable-libx264 --enable-libx265 --enable-libxml2 --enable-libxvid --enable-lzma --enable-libfontconfig --enable-libfreetype --enable-frei0r --enable-libass --enable-libopencore-amrnb --enable-libopencore-amrwb --enable-libopenjpeg --enable-libspeex --enable-libsoxr --enable-libzmq --enable-libzimg --disable-libjack --disable-indev=jack --enable-videotoolbox --enable-audiotoolbox --enable-neon
[stderr]   libavutil      59. 39.100 / 59. 39.100
[stderr]   libavcodec     61. 19.100 / 61. 19.100
[stderr]   libavformat    61.  7.100 / 61.  7.100
[stderr]   libavdevice    61.  3.100 / 61.  3.100
[stderr]   libavfilter    10.  4.100 / 10.  4.100
[stderr]   libswscale      8.  3.100 /  8.  3.100
[stderr]   libswresample   5.  3.100 /  5.  3.100
[stderr]   libpostproc    58.  3.100 / 58.  3.100
[stderr] Input #0, mov,mp4,m4a,3gp,3g2,mj2, from '/Users/johndoe/Documents/company/video_ops/scripts/abstract_algebra_in_proof_assistant/04-set-equality/takes/take-mrhmharr/source.mp4':
[stderr]   Metadata:
[stderr]     major_brand     : qt  
[stderr]     minor_version   : 0
[stderr]     compatible_brands: qt  
[stderr]     creation_time   : 2026-07-12T09:54:07.000000Z
[stderr]   Duration: 00:06:08.94, start: 0.000000, bitrate: 2946 kb/s
[stderr]   Stream #0:0[0x1](und): Video: hevc (Main) (hvc1 / 0x31637668), yuv420p(tv, smpte170m/bt709/bt709), 640x480, 2834 kb/s, 29.95 fps, 29.83 tbr, 600 tbn (default)
[stderr]       Metadata:
[stderr]         creation_time   : 2026-07-12T09:54:07.000000Z
[stderr]         handler_name    : Core Media Video
[stderr]         vendor_id       : [0][0][0][0]
[stderr]         encoder         : HEVC
[stderr]       Side data:
[stderr]         displaymatrix: rotation of -180.00 degrees
[stderr]   Stream #0:1[0x2](und): Audio: aac (LC) (mp4a / 0x6134706D), 48000 Hz, mono, fltp, 100 kb/s (default)
[stderr]       Metadata:
[stderr]         creation_time   : 2026-07-12T09:54:07.000000Z
[stderr]         handler_name    : Core Media Audio
[stderr]         vendor_id       : [0][0][0][0]
[stderr]   Stream #0:2[0x3](und): Data: none (mebx / 0x7862656D) (default)
[stderr]       Metadata:
[stderr]         creation_time   : 2026-07-12T09:54:07.000000Z
[stderr]         handler_name    : Core Media Metadata
[stderr] Stream mapping:
[stderr]   Stream #0:0 -> #0:0[stderr]  (hevc (native) -> h264 (libx264))
[stderr]   Stream #0:1 -> #0:1 (aac (native) -> aac (native))
[stderr] Press [q] to stop, [?] for help
[stderr] [libx264 @ 0x13160f280] using cpu capabilities: ARMv8 NEON
[stderr] [libx264 @ 0x13160f280] profile High, level 3.0, 4:2:0, 8-bit
[stderr] [libx264 @ 0x13160f280] 264 - core 164 r3108 31e19f9 - H.264/MPEG-4 AVC codec - Copyleft 2003-2023 - http://www.videolan.org/x264.html - options: cabac=1 ref=1 deblock=1:0:0 analyse=0x3:0x113 me=hex subme=2 psy=1 psy_rd=1.00:0.00 mixed_ref=0 me_range=16 chroma_me=1 trellis=0 8x8dct=1 cqm=0 deadzone=21,11 fast_pskip=1 chroma_qp_offset=0 threads=15 lookahead_threads=3 sliced_threads=0 nr=0 decimate=1 interlaced=0 bluray_compat=0 constrained_intra=0 bframes=3 b_pyramid=2 b_adapt=1 b_bias=0 direct=1 weightb=1 open_gop=0 weightp=1 keyint=250 keyint_min=25 scenecut=40 intra_refresh=0 rc_lookahead=10 rc=crf mbtree=1 crf=18.0 qcomp=0.60 qpmin=0 qpmax=69 qpstep=4 ip_ratio=1.40 aq=1:1.00
[stderr] Output #0, mp4, to '/Users/johndoe/Documents/company/video_ops/scripts/abstract_algebra_in_proof_assistant/04-set-equality/takes/take-mrhmharr/pipeline/cut/cut-mrhvutes/chunks/chunk-009.mp4':
[stderr]   Metadata:
[stderr]     major_brand     : qt  
[stderr]     minor_version   : 0
[stderr]     compatible_brands: qt  
[stderr]     encoder         : Lavf61.7.100
[stderr]   Stream #0:0(und): Video: h264 (avc1 / 0x31637661), yuv420p(tv, smpte170m/bt709/bt709, progressive), 640x480, q=2-31, 29.83 fps, 11456 tbn (default)
[stderr]       Metadata:
[stderr]         creation_time   : 2026-07-12T09:54:07.000000Z
[stderr]         handler_name    : Core Media Video
[stderr]         vendor_id       : [0][0][0][0]
[stderr]         encoder         : Lavc61.19.100 libx264
[stderr]       Side data:
[stderr]         cpb: bitrate max/min/avg: 0/0/0 buffer size: 0 vbv_delay: N/A
[stderr]   Stream #0:1(und): Audio: aac (LC) (mp4a / 0x6134706D), 48000 Hz, mono, fltp, 69 kb/s (default)
[stderr]       Metadata:
[stderr]         creation_time   : 2026-07-12T09:54:07.000000Z
[stderr]         handler_name    : Core Media Audio
[stderr]         vendor_id       : [0][0][0][0]
[stderr]         encoder         : Lavc61.19.100 aac
[stderr] [out#0/mp4 @ 0x1316045d0] video:1015KiB audio:0KiB subtitle:0KiB other streams:0KiB global headers:0KiB muxing overhead: 0.340089%
[stderr] frame=   58 fps= 25 q=-1.0 Lsize=    1019KiB time=00:00:01.87 bitrate=4446.3kbits/s speed=0.801x    
[stderr] [libx264 @ 0x13160f280] frame I:1     Avg QP:19.75  size: 55689
[stderr] [libx264 @ 0x13160f280] frame P:21    Avg QP:20.58  size: 30932
[stderr] [libx264 @ 0x13160f280] frame B:36    Avg QP:24.88  size:  9261
[stderr] [libx264 @ 0x13160f280] consecutive B-frames:  8.6% 20.7% 15.5% 55.2%
[stderr] [libx264 @ 0x13160f280] mb I  I16..4: 14.0%  7.0% 79.0%
[stderr] [libx264 @ 0x13160f280] mb P  I16..4: 12.4%  3.0%  4.9%  P16..4: 23.9% 22.0% 30.6%  0.0%  0.0%    skip: 3.2%
[stderr] [libx264 @ 0x13160f280] mb B  I16..4:  3.1%  0.2%  0.1%  B16..8: 30.0% 15.7%  6.7%  direct:15.2%  skip:29.0%  L0:24.2% L1:33.5% BI:42.3%
[stderr] [libx264 @ 0x13160f280] 8x8 transform intra:11.7% inter:30.5%
[stderr] [libx264 @ 0x13160f280] coded y,uvDC,uvAC intra: 41.4% 39.2% 25.3% inter: 45.2% 19.7% 3.6%
[stderr] [libx264 @ 0x13160f280] i16 v,h,dc,p: 84%  6% 10%  1%
[stderr] [libx264 @ 0x13160f280] i8 v,h,dc,ddl,ddr,vr,hd,vl,hu: 27% 13% 24%  2%  8%  7%  5%  6%  6%
[stderr] [libx264 @ 0x13160f280] i4 v,h,dc,ddl,ddr,vr,hd,vl,hu: 18% 16% 16%  4% 12%  7%  9%  8% 10%
[stderr] [libx264 @ 0x13160f280] i8c dc,h,v,p: 74%  9% 12%  5%
[stderr] [libx264 @ 0x13160f280] Weighted P-Frames: Y:23.8% UV:0.0%
[stderr] [libx264 @ 0x13160f280] kb/s:4274.02
[stderr] [aac @ 0x12160bd30] Qavg: 65134.098
[stderr] ffmpeg version 7.1 Copyright (c) 2000-2024 the FFmpeg developers
[stderr]   built with Apple clang version 15.0.0 (clang-1500.1.0.2.5)
[stderr]   configuration: --prefix=/opt/homebrew/Cellar/ffmpeg/7.1_3 --enable-shared --enable-pthreads --enable-version3 --cc=clang --host-cflags= --host-ldflags='-Wl,-ld_classic' --enable-ffplay --enable-gnutls --enable-gpl --enable-libaom --enable-libaribb24 --enable-libbluray --enable-libdav1d --enable-libharfbuzz --enable-libjxl --enable-libmp3lame --enable-libopus --enable-librav1e --enable-librist --enable-librubberband --enable-libsnappy --enable-libsrt --enable-libssh --enable-libsvtav1 --enable-libtesseract --enable-libtheora --enable-libvidstab --enable-libvmaf --enable-libvorbis --enable-libvpx --enable-libwebp --enable-libx264 --enable-libx265 --enable-libxml2 --enable-libxvid --enable-lzma --enable-libfontconfig --enable-libfreetype --enable-frei0r --enable-libass --enable-libopencore-amrnb --enable-libopencore-amrwb --enable-libopenjpeg --enable-libspeex --enable-libsoxr --enable-libzmq --enable-libzimg --disable-libjack --disable-indev=jack --enable-videotoolbox --enable-audiotoolbox --enable-neon
[stderr]   libavutil      59. 39.100 / 59. 39.100
[stderr]   libavcodec     61. 19.100 / 61. 19.100
[stderr]   libavformat    61.  7.100 / 61.  7.100
[stderr]   libavdevice    61.  3.100 / 61.  3.100
[stderr]   libavfilter    10.  4.100 / 10.  4.100
[stderr]   libswscale      8.  3.100 /  8.  3.100
[stderr]   libswresample   5.  3.100 /  5.  3.100
[stderr]   libpostproc    58.  3.100 / 58.  3.100
[stderr] Input #0, mov,mp4,m4a,3gp,3g2,mj2, from '/Users/johndoe/Documents/company/video_ops/scripts/abstract_algebra_in_proof_assistant/04-set-equality/takes/take-mrhmharr/source.mp4':
[stderr]   Metadata:
[stderr]     major_brand     : qt  
[stderr]     minor_version   : 0
[stderr]     compatible_brands: qt  
[stderr]     creation_time   : 2026-07-12T09:54:07.000000Z
[stderr]   Duration: 00:06:08.94, start: 0.000000, bitrate: 2946 kb/s
[stderr]   Stream #0:0[0x1](und): Video: hevc (Main) (hvc1 / 0x31637668), yuv420p(tv, smpte170m/bt709/bt709), 640x480, 2834 kb/s, 29.95 fps, 29.83 tbr, 600 tbn (default)
[stderr]       Metadata:
[stderr]         creation_time   : 2026-07-12T09:54:07.000000Z
[stderr]         handler_name    : Core Media Video
[stderr]         vendor_id       : [0][0][0][0]
[stderr]         encoder         : HEVC
[stderr]       Side data:
[stderr]         displaymatrix: rotation of -180.00 degrees
[stderr]   Stream #0:1[0x2](und): Audio: aac (LC) (mp4a / 0x6134706D), 48000 Hz, mono, fltp, 100 kb/s (default)
[stderr]       Metadata:
[stderr]         creation_time   : 2026-07-12T09:54:07.000000Z
[stderr]         handler_name    : Core Media Audio
[stderr]         vendor_id       : [0][0][0][0]
[stderr]   Stream #0:2[0x3](und): Data: none (mebx / 0x7862656D) (default)
[stderr]       Metadata:
[stderr]         creation_time   : 2026-07-12T09:54:07.000000Z
[stderr]         handler_name    : Core Media Metadata
[stderr] Stream mapping:
[stderr]   Stream #0:0 -> #0:0 (hevc (native) -> h264 (libx264))
[stderr]   Stream #0:1 -> #0:1 (aac (native) -> aac (native))
[stderr] Press [q] to stop, [?] for help
[stderr] [libx264 @ 0x156e1edf0] using cpu capabilities: ARMv8 NEON
[stderr] [libx264 @ 0x156e1edf0] profile High, level 3.0, 4:2:0, 8-bit
[stderr] [libx264 @ 0x156e1edf0] 264 - core 164 r3108 31e19f9 - H.264/MPEG-4 AVC codec - Copyleft 2003-2023 - http://www.videolan.org/x264.html - options: cabac=1 ref=1 deblock=1:0:0 analyse=0x3:0x113 me=hex subme=2 psy=1 psy_rd=1.00:0.00 mixed_ref=0 me_range=16 chroma_me=1 trellis=0 8x8dct=1 cqm=0 deadzone=21,11 fast_pskip=1 chroma_qp_offset=0 threads=15 lookahead_threads=3 sliced_threads=0 nr=0 decimate=1 interlaced=0 bluray_compat=0 constrained_intra=0 bframes=3 b_pyramid=2 b_adapt=1 b_bias=0 direct=1 weightb=1 open_gop=0 weightp=1 keyint=250 keyint_min=25 scenecut=40 intra_refresh=0 rc_lookahead=10 rc=crf mbtree=1 crf=18.0 qcomp=0.60 qpmin=0 qpmax=69 qpstep=4 ip_ratio=1.40 aq=1:1.00
[stderr] Output #0, mp4, to '/Users/johndoe/Documents/company/video_ops/scripts/abstract_algebra_in_proof_assistant/04-set-equality/takes/take-mrhmharr/pipeline/cut/cut-mrhvutes/chunks/chunk-010.mp4':
[stderr]   Metadata:
[stderr]     major_brand     : qt  
[stderr]     minor_version   : 0
[stderr]     compatible_brands: qt  
[stderr]     encoder         : Lavf61.7.100
[stderr]   Stream #0:0(und): Video: h264 (avc1 / 0x31637661), yuv420p(tv, smpte170m/bt709/bt709, progressive), 640x480, q=2-31, 29.83 fps, 11456 tbn (default)
[stderr]       Metadata:
[stderr]         creation_time   : 2026-07-12T09:54:07.000000Z
[stderr]         handler_name    : Core Media Video
[stderr]         vendor_id       : [0][0][0][0]
[stderr]         encoder         : Lavc61.19.100 libx264
[stderr]       Side data:
[stderr]         cpb: bitrate max/min/avg: 0/0/0 buffer size: 0 vbv_delay: N/A
[stderr]   Stream #0:1(und): Audio: aac (LC) (mp4a / 0x6134706D), 48000 Hz, mono, fltp, 69 kb/s (default)
[stderr]       Metadata:
[stderr]         creation_time   : 2026-07-12T09:54:07.000000Z
[stderr]         handler_name    : Core Media Audio
[stderr]         vendor_id       : [0][0][0][0]
[stderr]         encoder         : Lavc61.19.100 aac
[stderr] frame=   65 fps= 26 q=24.0 size=    1024KiB time=00:00:02.11 bitrate=3972.6kbits/s speed=0.841x    
[stderr] [out#0/mp4 @ 0x156e1de60] video:4785KiB audio:2KiB subtitle:0KiB other streams:0KiB global headers:0KiB muxing overhead: 0.207433%
[stderr] frame=  241 fps= 88 q=-1.0 Lsize=    4797KiB time=00:00:08.01 bitrate=4905.1kbits/s speed=2.91x    
[stderr] [libx264 @ 0x156e1edf0] frame I:1     Avg QP:19.03  size: 69649
[stderr] [libx264 @ 0x156e1edf0] frame P:89    Avg QP:20.86  size: 37432
[stderr] [libx264 @ 0x156e1edf0] frame B:151   Avg QP:25.21  size:  9924
[stderr] [libx264 @ 0x156e1edf0] consecutive B-frames:  4.6% 30.7% 14.9% 49.8%
[stderr] [libx264 @ 0x156e1edf0] mb I  I16..4: 19.9%  5.6% 74.5%
[stderr] [libx264 @ 0x156e1edf0] mb P  I16..4:  9.0%  2.4%  3.3%  P16..4: 24.9% 22.7% 34.4%  0.0%  0.0%    skip: 3.3%
[stderr] [libx264 @ 0x156e1edf0] mb B  I16..4:  2.0%  0.2%  0.0%  B16..8: 30.5% 16.3%  7.6%  direct:14.0%  skip:29.4%  L0:23.2% L1:32.1% BI:44.8%
[stderr] [libx264 @ 0x156e1edf0] 8x8 transform intra:13.9% inter:25.8%
[stderr] [libx264 @ 0x156e1edf0] coded y,uvDC,uvAC intra: 37.3% 34.2% 20.7% inter: 46.0% 19.7% 3.2%
[stderr] [libx264 @ 0x156e1edf0] i16 v,h,dc,p: 81% 11%  7%  1%
[stderr] [libx264 @ 0x156e1edf0] i8 v,h,dc,ddl,ddr,vr,hd,vl,hu: 25% 13% 27%  2%  9%  8%  7%  4%  5%
[stderr] [libx264 @ 0x156e1edf0] i4 v,h,dc,ddl,ddr,vr,hd,vl,hu: 17% 16% 19%  4% 12%  8%  8%  7% 10%
[stderr] [libx264 @ 0x156e1edf0] i8c dc,h,v,p: 77%  8% 11%  4%
[stderr] [libx264 @ 0x156e1edf0] Weighted P-Frames: Y:13.5% UV:1.1%
[stderr] [libx264 @ 0x156e1edf0] kb/s:4852.14
[stderr] [aac @ 0x156e82710] Qavg: 65439.504
[stderr] ffmpeg version 7.1 Copyright (c) 2000-2024 the FFmpeg developers
[stderr]   built with Apple clang version 15.0.0 (clang-1500.1.0.2.5)
[stderr]   configuration: --prefix=/opt/homebrew/Cellar/ffmpeg/7.1_3 --enable-shared --enable-pthreads --enable-version3 --cc=clang --host-cflags= --host-ldflags='-Wl,-ld_classic' --enable-ffplay --enable-gnutls --enable-gpl --enable-libaom --enable-libaribb24 --enable-libbluray --enable-libdav1d --enable-libharfbuzz --enable-libjxl --enable-libmp3lame --enable-libopus --enable-librav1e --enable-librist --enable-librubberband --enable-libsnappy --enable-libsrt --enable-libssh --enable-libsvtav1 --enable-libtesseract --enable-libtheora --enable-libvidstab --enable-libvmaf --enable-libvorbis --enable-libvpx --enable-libwebp --enable-libx264 --enable-libx265 --enable-libxml2 --enable-libxvid --enable-lzma --enable-libfontconfig --enable-libfreetype --enable-frei0r --enable-libass --enable-libopencore-amrnb --enable-libopencore-amrwb --enable-libopenjpeg --enable-libspeex --enable-libsoxr --enable-libzmq --enable-libzimg --disable-libjack --disable-indev=jack --enable-videotoolbox --enable-audiotoolbox --enable-neon
[stderr]   libavutil      59. 39.100 / 59. 39.100
[stderr]   libavcodec     61. 19.100 / 61. 19.100
[stderr]   libavformat    61.  7.100 / 61.  7.100
[stderr]   libavdevice    61.  3.100 / 61.  3.100
[stderr]   libavfilter    10.  4.100 / 10.  4.100
[stderr]   libswscale      8.  3.100 /  8.  3.100
[stderr]   libswresample   5.  3.100 /  5.  3.100
[stderr]   libpostproc    58.  3.100 / 58.  3.100
[stderr] Input #0, mov,mp4,m4a,3gp,3g2,mj2, from '/Users/johndoe/Documents/company/video_ops/scripts/abstract_algebra_in_proof_assistant/04-set-equality/takes/take-mrhmharr/source.mp4':
[stderr]   Metadata:
[stderr]     major_brand     : qt  
[stderr]     minor_version   : 0
[stderr]     compatible_brands: qt  
[stderr]     creation_time   : [stderr] 2026-07-12T09:54:07.000000Z
[stderr]   Duration: 00:06:08.94, start: 0.000000, bitrate: 2946 kb/s
[stderr]   Stream #0:0[0x1](und): Video: hevc (Main) (hvc1 / 0x31637668), yuv420p(tv, smpte170m/bt709/bt709), 640x480, 2834 kb/s, 29.95 fps, 29.83 tbr, 600 tbn (default)
[stderr]       Metadata:
[stderr]         creation_time   : 2026-07-12T09:54:07.000000Z
[stderr]         handler_name    : Core Media Video
[stderr]         vendor_id       : [0][0][0][0]
[stderr]         encoder         : HEVC
[stderr]       Side data:
[stderr]         displaymatrix: rotation of -180.00 degrees
[stderr]   Stream #0:1[0x2](und): Audio: aac (LC) (mp4a / 0x6134706D), 48000 Hz, mono, fltp, 100 kb/s (default)
[stderr]       Metadata:
[stderr]         creation_time   : 2026-07-12T09:54:07.000000Z
[stderr]         handler_name    : Core Media Audio
[stderr]         vendor_id       : [0][0][0][0]
[stderr]   Stream #0:2[0x3](und): Data: none (mebx / 0x7862656D) (default)
[stderr]       Metadata:
[stderr]         creation_time   : 2026-07-12T09:54:07.000000Z
[stderr]         handler_name    : Core Media Metadata
[stderr] Stream mapping:
[stderr]   Stream #0:0 -> #0:0 (hevc (native) -> h264 (libx264))
[stderr]   Stream #0:1 -> #0:1[stderr]  (aac (native) -> aac (native))
[stderr] Press [q] to stop, [?] for help
[stderr] [libx264 @ 0x14ea05280] using cpu capabilities: ARMv8 NEON
[stderr] [libx264 @ 0x14ea05280] profile High, level 3.0, 4:2:0, 8-bit
[stderr] [libx264 @ 0x14ea05280] 264 - core 164 r3108 31e19f9 - H.264/MPEG-4 AVC codec - Copyleft 2003-2023 - http://www.videolan.org/x264.html - options: cabac=1 ref=1 deblock=1:0:0 analyse=0x3:0x113 me=hex subme=2 psy=1 psy_rd=1.00:0.00 mixed_ref=0 me_range=16 chroma_me=1 trellis=0 8x8dct=1 cqm=0 deadzone=21,11 fast_pskip=1 chroma_qp_offset=0 threads=15 lookahead_threads=3 sliced_threads=0 nr=0 decimate=1 interlaced=0 bluray_compat=0 constrained_intra=0 bframes=3 b_pyramid=2 b_adapt=1 b_bias=0 direct=1 weightb=1 open_gop=0 weightp=1 keyint=250 keyint_min=25 scenecut=40 intra_refresh=0 rc_lookahead=10 rc=crf mbtree=1 crf=18.0 qcomp=0.60 qpmin=0 qpmax=69 qpstep=4 ip_ratio=1.40 aq=1:1.00
[stderr] Output #0, mp4, to '/Users/johndoe/Documents/company/video_ops/scripts/abstract_algebra_in_proof_assistant/04-set-equality/takes/take-mrhmharr/pipeline/cut/cut-mrhvutes/chunks/chunk-011.mp4':
[stderr]   Metadata:
[stderr]     major_brand     : qt  
[stderr]     minor_version   : 0
[stderr]     compatible_brands: qt  
[stderr]     encoder         : Lavf61.7.100
[stderr]   Stream #0:0(und): Video: h264 (avc1 / 0x31637661), yuv420p(tv, smpte170m/bt709/bt709, progressive), 640x480, q=2-31, 29.83 fps, 11456 tbn (default)
[stderr]       Metadata:
[stderr]         creation_time   : 2026-07-12T09:54:07.000000Z
[stderr]         handler_name    : Core Media Video
[stderr]         vendor_id       : [0][0][0][0]
[stderr]         encoder         : Lavc61.19.100 libx264
[stderr]       Side data:
[stderr]         cpb: bitrate max/min/avg: 0/0/0 buffer size: 0 vbv_delay: N/A
[stderr]   Stream #0:1(und): Audio: aac (LC) (mp4a / 0x6134706D), 48000 Hz, mono, fltp, 69 kb/s (default)
[stderr]       Metadata:
[stderr]         creation_time   : 2026-07-12T09:54:07.000000Z
[stderr]         handler_name    : Core Media Audio
[stderr]         vendor_id       : [0][0][0][0]
[stderr]         encoder         : Lavc61.19.100 aac
[stderr] frame=  327 fps=108 q=24.0 size=    6656KiB time=00:00:10.89 bitrate=5005.2kbits/s dup=0 drop=1 speed=3.61x    
[stderr] [out#0/mp4 @ 0x14ea042d0] video:13086KiB audio:5KiB subtitle:0KiB other streams:0KiB global headers:0KiB muxing overhead: 0.210367%
[stderr] frame=  742 fps=211 q=-1.0 Lsize=   13119KiB time=00:00:24.77 bitrate=4338.4kbits/s dup=0 drop=3 speed=7.05x    
[stderr] [libx264 @ 0x14ea05280] frame I:3     Avg QP:18.56  size: 64016
[stderr] [libx264 @ 0x14ea05280] frame P:278   Avg QP:20.00  size: 31989
[stderr] [libx264 @ 0x14ea05280] frame B:461   Avg QP:24.19  size:  9360
[stderr] [libx264 @ 0x14ea05280] consecutive B-frames:  8.1% 24.0%  9.7% 58.2%
[stderr] [libx264 @ 0x14ea05280] mb I  I16..4: 13.7%  6.0% 80.3%
[stderr] [libx264 @ 0x14ea05280] mb P  I16..4: 12.4%  5.6%  5.6%  P16..4: 22.1% 20.3% 28.8%  0.0%  0.0%    skip: 5.2%
[stderr] [libx264 @ 0x14ea05280] mb B  I16..4:  2.7%  0.4%  0.1%  B16..8: 29.5% 15.5%  6.9%  direct:13.4%  skip:31.5%  L0:24.5% L1:31.1% BI:44.4%
[stderr] [libx264 @ 0x14ea05280] 8x8 transform intra:21.4% inter:28.8%
[stderr] [libx264 @ 0x14ea05280] coded y,uvDC,uvAC intra: 40.4% 42.8% 18.7% inter: 42.3% 20.1% 2.6%
[stderr] [libx264 @ 0x14ea05280] i16 v,h,dc,p: 75% 10% 12%  3%
[stderr] [libx264 @ 0x14ea05280] i8 v,h,dc,ddl,ddr,vr,hd,vl,hu: 22% 17% 28%  2%  8%  8%  6%  5%  5%
[stderr] [libx264 @ 0x14ea05280] i4 v,h,dc,ddl,ddr,vr,hd,vl,hu: 20% 16% 17%  3% 13% 10%  8%  6%  8%
[stderr] [libx264 @ 0x14ea05280] i8c dc,h,v,p: 68% 13% 14%  4%
[stderr] [libx264 @ 0x14ea05280] Weighted P-Frames: Y:10.1% UV:2.2%
[stderr] [libx264 @ 0x14ea05280] kb/s:4310.06
[stderr] [aac @ 0x14ea6a660] Qavg: 65504.656
[stderr] ffmpeg version 7.1 Copyright (c) 2000-2024 the FFmpeg developers
[stderr]   built with Apple clang version 15.0.0 (clang-1500.1.0.2.5)
[stderr]   configuration: --prefix=/opt/homebrew/Cellar/ffmpeg/7.1_3 --enable-shared --enable-pthreads --enable-version3 --cc=clang --host-cflags= --host-ldflags='-Wl,-ld_classic' --enable-ffplay --enable-gnutls --enable-gpl --enable-libaom --enable-libaribb24 --enable-libbluray --enable-libdav1d --enable-libharfbuzz --enable-libjxl --enable-libmp3lame --enable-libopus --enable-librav1e --enable-librist --enable-librubberband --enable-libsnappy --enable-libsrt --enable-libssh --enable-libsvtav1 --enable-libtesseract --enable-libtheora --enable-libvidstab --enable-libvmaf --enable-libvorbis --enable-libvpx --enable-libwebp --enable-libx264 --enable-libx265 --enable-libxml2 --enable-libxvid --enable-lzma --enable-libfontconfig --enable-libfreetype --enable-frei0r --enable-libass --enable-libopencore-amrnb --enable-libopencore-amrwb --enable-libopenjpeg --enable-libspeex --enable-libsoxr --enable-libzmq --enable-libzimg --disable-libjack --disable-indev=jack --enable-videotoolbox --enable-audiotoolbox --enable-neon
[stderr]   libavutil      59. 39.100 / 59. 39.100
[stderr]   libavcodec     61. 19.100 / 61. 19.100
[stderr]   libavformat    61.  7.100 / 61.  7.100
[stderr]   libavdevice    61.  3.100 / 61.  3.100
[stderr]   libavfilter    10.  4.100 / 10.  4.100
[stderr]   libswscale      8.  3.100 /  8.  3.100
[stderr]   libswresample   5.  3.100 /  5.  3.100
[stderr]   libpostproc    58.  3.100 / 58.  3.100
[stderr] Input #0, mov,mp4,m4a,3gp,3g2,mj2, from '/Users/johndoe/Documents/company/video_ops/scripts/abstract_algebra_in_proof_assistant/04-set-equality/takes/take-mrhmharr/source.mp4':
[stderr]   Metadata:
[stderr]     major_brand     : qt  
[stderr]     minor_version   : 0
[stderr]     compatible_brands: qt  
[stderr]     creation_time   : 2026-07-12T09:54:07.000000Z
[stderr]   Duration: 00:06:08.94, start: 0.000000, bitrate: 2946 kb/s
[stderr]   Stream #0:0[0x1](und): Video: hevc (Main) (hvc1 / 0x31637668), yuv420p(tv, smpte170m/bt709/bt709), 640x480, 2834 kb/s, 29.95 fps, 29.83 tbr, 600 tbn (default)
[stderr]       Metadata:
[stderr]         creation_time   : 2026-07-12T09:54:07.000000Z
[stderr]         handler_name    : Core Media Video
[stderr]         vendor_id       : [0][0][0][0]
[stderr]         encoder         : HEVC
[stderr]       Side data:
[stderr]         displaymatrix: rotation of -180.00 degrees
[stderr]   Stream #0:1[0x2](und): Audio: aac (LC) (mp4a / 0x6134706D), 48000 Hz, mono, fltp, 100 kb/s (default)
[stderr]       Metadata:
[stderr]         creation_time   : 2026-07-12T09:54:07.000000Z
[stderr]         handler_name    : Core Media Audio
[stderr]         vendor_id       : [0][0][0][0]
[stderr]   Stream #0:2[0x3](und): Data: none (mebx / 0x7862656D) (default)
[stderr]       Metadata:
[stderr]         creation_time   : 2026-07-12T09:54:07.000000Z
[stderr]         handler_name    : Core Media Metadata
[stderr] Stream mapping:
[stderr]   Stream #0:0 -> #0:0 (hevc (native) -> h264 (libx264))
[stderr]   Stream #0:1 -> #0:1 (aac (native) -> aac (native))
[stderr] Press [q] to stop, [?] for help
[2026-07-12T15:30:32.118Z] Re-applying cut selection
[2026-07-12T15:30:32.118Z] $ deno run --allow-all /Users/johndoe/Documents/company/video_ops/outdoor_post/main.ts ai-edit --apply-selection --video /Users/johndoe/Documents/company/video_ops/scripts/abstract_algebra_in_proof_assistant/04-set-equality/takes/take-mrhmharr/source.mp4 --script /Users/johndoe/Documents/company/video_ops/scripts/abstract_algebra_in_proof_assistant/04-set-equality/export/04-set-equality-outdoor-script.json --take /Users/johndoe/Documents/company/video_ops/scripts/abstract_algebra_in_proof_assistant/04-set-equality/takes/take-mrhmharr/take.json --out-dir /Users/johndoe/Documents/company/video_ops/scripts/abstract_algebra_in_proof_assistant/04-set-equality/takes/take-mrhmharr/pipeline/cut/cut-mrhvutes
[stderr] ffmpeg version 7.1 Copyright (c) 2000-2024 the FFmpeg developers
[stderr]   built with Apple clang version 15.0.0 (clang-1500.1.0.2.5)
[stderr]   configuration: --prefix=/opt/homebrew/Cellar/ffmpeg/7.1_3 --enable-shared --enable-pthreads --enable-version3 --cc=clang --host-cflags= --host-ldflags='-Wl,-ld_classic' --enable-ffplay --enable-gnutls --enable-gpl --enable-libaom --enable-libaribb24 --enable-libbluray --enable-libdav1d --enable-libharfbuzz --enable-libjxl --enable-libmp3lame --enable-libopus --enable-librav1e --enable-librist --enable-librubberband --enable-libsnappy --enable-libsrt --enable-libssh --enable-libsvtav1 --enable-libtesseract --enable-libtheora --enable-libvidstab --enable-libvmaf --enable-libvorbis --enable-libvpx --enable-libwebp --enable-libx264 --enable-libx265 --enable-libxml2 --enable-libxvid --enable-lzma --enable-libfontconfig --enable-libfreetype --enable-frei0r --enable-libass --enable-libopencore-amrnb --enable-libopencore-amrwb --enable-libopenjpeg --enable-libspeex --enable-libsoxr --enable-libzmq --enable-libzimg --disable-libjack --disable-indev=jack --enable-videotoolbox --enable-audiotoolbox --enable-neon
[stderr]   libavutil      59. 39.100 / 59. 39.100
[stderr]   libavcodec     61. 19.100 / 61. 19.100
[stderr]   libavformat    61.  7.100 / 61.  7.100
[stderr]   libavdevice    61.  3.100 / 61.  3.100
[stderr]   libavfilter    10.  4.100 / 10.  4.100
[stderr]   libswscale      8.  3.100 /  8.  3.100
[stderr]   libswresample   5.  3.100 /  5.  3.100
[stderr]   libpostproc    58.  3.100 / 58.  3.100
[stderr] Input #0, mov,mp4,m4a,3gp,3g2,mj2, from '/Users/johndoe/Documents/company/video_ops/scripts/abstract_algebra_in_proof_assistant/04-set-equality/takes/take-mrhmharr/source.mp4':
[stderr]   Metadata:
[stderr]     major_brand     : qt  
[stderr]     minor_version   : 0
[stderr]     compatible_brands: qt  
[stderr]     creation_time   : 2026-07-12T09:54:07.000000Z
[stderr]   Duration: 00:06:08.94, start: 0.000000, bitrate: 2946 kb/s
[stderr]   Stream #0:0[0x1](und): Video: hevc (Main) (hvc1 / 0x31637668), yuv420p(tv, smpte170m/bt709/bt709), 640x480, 2834 kb/s, 29.95 fps, 29.83 tbr, 600 tbn (default)
[stderr]       Metadata:
[stderr]         creation_time   : 2026-07-12T09:54:07.000000Z
[stderr]         handler_name    : Core Media Video
[stderr]         vendor_id       : [0][0][0][0]
[stderr]         encoder         : HEVC
[stderr]       Side data:
[stderr]         displaymatrix: rotation of -180.00 degrees
[stderr]   Stream #0:1[0x2](und): Audio: aac (LC) (mp4a / 0x6134706D), 48000 Hz, mono, fltp, 100 kb/s (default)
[stderr]       Metadata:
[stderr]         creation_time   : 2026-07-12T09:54:07.000000Z
[stderr]         handler_name    : Core Media Audio
[stderr]         vendor_id       : [0][0][0][0]
[stderr]   Stream #0:2[0x3](und): Data: none (mebx / 0x7862656D) (default)
[stderr]       Metadata:
[stderr]         creation_time   : 2026-07-12T09:54:07.000000Z
[stderr]         handler_name    : Core Media Metadata
[stderr] Stream mapping:
[stderr]   Stream #0:0 -> #0:0 (hevc (native) -> h264 (libx264))
[stderr]   Stream #0:1 -> #0:1 (aac (native) -> aac (native))
[stderr] Press [q] to stop, [?] for help
[stderr] [libx264 @ 0x149a060c0] using cpu capabilities: ARMv8 NEON
[stderr] [libx264 @ 0x149a060c0] profile High, level 3.0, 4:2:0, 8-bit
[stderr] [libx264 @ 0x149a060c0] 264 - core 164 r3108 31e19f9 - H.264/MPEG-4 AVC codec - Copyleft 2003-2023 - http://www.videolan.org/x264.html - options: cabac=1 ref=1 deblock=1:0:0 analyse=0x3:0x113 me=hex subme=2 psy=1 psy_rd=1.00:0.00 mixed_ref=0 me_range=16 chroma_me=1 trellis=0 8x8dct=1 cqm=0 deadzone=21,11 fast_pskip=1 chroma_qp_offset=0 threads=15 lookahead_threads=3 sliced_threads=0 nr=0 decimate=1 interlaced=0 bluray_compat=0 constrained_intra=0 bframes=3 b_pyramid=2 b_adapt=1 b_bias=0 direct=1 weightb=1 open_gop=0 weightp=1 keyint=250 keyint_min=25 scenecut=40 intra_refresh=0 rc_lookahead=10 rc=crf mbtree=1 crf=18.0 qcomp=0.60 qpmin=0 qpmax=69 qpstep=4 ip_ratio=1.40 aq=1:1.00
[stderr] Output #0, mp4, to '/Users/johndoe/Documents/company/video_ops/scripts/abstract_algebra_in_proof_assistant/04-set-equality/takes/take-mrhmharr/pipeline/cut/cut-mrhvutes/chunks/chunk-000.mp4':
[stderr]   Metadata:
[stderr]     major_brand     : qt  
[stderr]     minor_version   : 0
[stderr]     compatible_brands: qt  
[stderr]     encoder         : Lavf61.7.100
[stderr]   Stream #0:0(und): Video: h264 (avc1 / 0x31637661), yuv420p(tv, smpte170m/bt709/bt709, progressive), 640x480, q=2-31, 29.83 fps, 11456 tbn (default)
[stderr]       Metadata:
[stderr]         creation_time   : 2026-07-12T09:54:07.000000Z
[stderr]         handler_name    : Core Media Video
[stderr]         vendor_id       : [0][0][0][0]
[stderr]         encoder         : Lavc61.19.100 libx264
[stderr]       Side data:
[stderr]         cpb: bitrate max/min/avg: 0/0/0 buffer size: 0 vbv_delay: N/A
[stderr]   Stream #0:1(und): Audio: aac (LC) (mp4a / 0x6134706D), 48000 Hz, mono, fltp, 69 kb/s (default)
[stderr]       Metadata:
[stderr]         creation_time   : 2026-07-12T09:54:07.000000Z
[stderr]         handler_name    : Core Media Audio
[stderr]         vendor_id       : [0][0][0][0]
[stderr]         encoder         : Lavc61.19.100 aac
[stderr] [libx264 @ 0x14af07dd0] using cpu capabilities: ARMv8 NEON
[stderr] [libx264 @ 0x14af07dd0] profile High, level 3.0, 4:2:0, 8-bit
[stderr] [libx264 @ 0x14af07dd0] 264 - core 164 r3108 31e19f9 - H.264/MPEG-4 AVC codec - Copyleft 2003-2023 - http://www.videolan.org/x264.html - options: cabac=1 ref=1 deblock=1:0:0 analyse=0x3:0x113 me=hex subme=2 psy=1 psy_rd=1.00:0.00 mixed_ref=0 me_range=16 chroma_me=1 trellis=0 8x8dct=1 cqm=0 deadzone=21,11 fast_pskip=1 chroma_qp_offset=0 threads=15 lookahead_threads=3 sliced_threads=0 nr=0 decimate=1 interlaced=0 bluray_compat=0 constrained_intra=0 bframes=3 b_pyramid=2 b_adapt=1 b_bias=0 direct=1 weightb=1 open_gop=0 weightp=1 keyint=250 keyint_min=25 scenecut=40 intra_refresh=0 rc_lookahead=10 rc=crf mbtree=1 crf=18.0 qcomp=0.60 qpmin=0 qpmax=69 qpstep=4 ip_ratio=1.40 aq=1:1.00
[stderr] Output #0, mp4, to '/Users/johndoe/Documents/company/video_ops/scripts/abstract_algebra_in_proof_assistant/04-set-equality/takes/take-mrhmharr/pipeline/cut/cut-mrhvutes/chunks/chunk-012.mp4':
[stderr]   Metadata:
[stderr]     major_brand     : qt  
[stderr]     minor_version   : 0
[stderr]     compatible_brands: qt  
[stderr]     encoder         : Lavf61.7.100
[stderr]   Stream #0:0(und): Video: h264 (avc1 / 0x31637661), yuv420p(tv, smpte170m/bt709/bt709, progressive), 640x480, q=2-31, 29.83 fps, 11456 tbn (default)
[stderr]       Metadata:
[stderr]         creation_time   : 2026-07-12T09:54:07.000000Z
[stderr]         handler_name    : Core Media Video
[stderr]         vendor_id       : [0][0][0][0]
[stderr]         encoder         : Lavc61.19.100 libx264
[stderr]       Side data:
[stderr]         cpb: bitrate max/min/avg: 0/0/0 buffer size: 0 vbv_delay: N/A
[stderr]   Stream #0:1(und): Audio: aac (LC) (mp4a / 0x6134706D), 48000 Hz, mono, fltp, 69 kb/s (default)
[stderr]       Metadata:
[stderr]         creation_time   : 2026-07-12T09:54:07.000000Z
[stderr]         handler_name    : Core Media Audio
[stderr]         vendor_id       : [0][0][0][0]
[stderr]         encoder         : Lavc61.19.100 aac
[stderr] [out#0/mp4 @ 0x149a05120] video:976KiB audio:13KiB subtitle:0KiB other streams:0KiB global headers:0KiB muxing overhead: 0.300992%
[stderr] frame=   44 fps=0.0 q=-1.0 Lsize=     992KiB time=00:00:01.40 bitrate=5771.7kbits/s speed=7.63x    
[stderr] [libx264 @ 0x149a060c0] frame I:1     Avg QP:21.52  size: 63699
[stderr] [libx264 @ 0x149a060c0] frame P:12    Avg QP:22.59  size: 36381
[stderr] [libx264 @ 0x149a060c0] frame B:31    Avg QP:24.95  size: 16092
[stderr] [libx264 @ 0x149a060c0] consecutive B-frames:  4.5%  0.0% 13.6% 81.8%
[stderr] [libx264 @ 0x149a060c0] mb I  I16..4:  3.7%  4.4% 91.9%
[stderr] [libx264 @ 0x149a060c0] mb P  I16..4:  4.4%  6.1% 30.9%  P16..4: 16.6% 17.0% 23.9%  0.0%  0.0%    skip: 1.0%
[stderr] [libx264 @ 0x149a060c0] mb B  I16..4:  1.2%  0.5%  0.7%  B16..8: 30.9% 18.8% 12.7%  direct:18.1%  skip:17.1%  L0:26.2% L1:37.4% BI:36.5%
[stderr] [libx264 @ 0x149a060c0] 8x8 transform intra:13.9% inter:34.3%
[stderr] [libx264 @ 0x149a060c0] coded y,uvDC,uvAC intra: 84.7% 71.5% 38.6% inter: 53.0% 22.6% 2.2%
[stderr] [libx264 @ 0x149a060c0] i16 v,h,dc,p: 64% 19% 14%  3%
[stderr] [libx264 @ 0x149a060c0] i8 v,h,dc,ddl,ddr,vr,hd,vl,hu: 18% 24% 17%  3% 10%  8%  9%  5%  7%
[stderr] [libx264 @ 0x149a060c0] i4 v,h,dc,ddl,ddr,vr,hd,vl,hu: 14% 14% 14%  3% 20%  9% 13%  5%  7%
[stderr] [libx264 @ 0x149a060c0] i8c dc,h,v,p: 54% 20% 18%  8%
[stderr] [libx264 @ 0x149a060c0] Weighted P-Frames: Y:8.3% UV:0.0%
[stderr] [libx264 @ 0x149a060c0] [stderr] kb/s:5419.54
[stderr] [aac @ 0x14867d600] Qavg: 105.079
[stderr] ffmpeg version 7.1 Copyright (c) 2000-2024 the FFmpeg developers
[stderr]   built with Apple clang version 15.0.0 (clang-1500.1.0.2.5)
[stderr]   configuration: --prefix=/opt/homebrew/Cellar/ffmpeg/7.1_3 --enable-shared --enable-pthreads --enable-version3 --cc=clang --host-cflags= --host-ldflags='-Wl,-ld_classic' --enable-ffplay --enable-gnutls --enable-gpl --enable-libaom --enable-libaribb24 --enable-libbluray --enable-libdav1d --enable-libharfbuzz --enable-libjxl --enable-libmp3lame --enable-libopus --enable-librav1e --enable-librist --enable-librubberband --enable-libsnappy --enable-libsrt --enable-libssh --enable-libsvtav1 --enable-libtesseract --enable-libtheora --enable-libvidstab --enable-libvmaf --enable-libvorbis --enable-libvpx --enable-libwebp --enable-libx264 --enable-libx265 --enable-libxml2 --enable-libxvid --enable-lzma --enable-libfontconfig --enable-libfreetype --enable-frei0r --enable-libass --enable-libopencore-amrnb --enable-libopencore-amrwb --enable-libopenjpeg --enable-libspeex --enable-libsoxr --enable-libzmq --enable-libzimg --disable-libjack --disable-indev=jack --enable-videotoolbox --enable-audiotoolbox --enable-neon
[stderr]   libavutil      59. 39.100 / 59. 39.100
[stderr]   libavcodec     61. 19.100 / 61. 19.100
[stderr]   libavformat    61.  7.100 / 61.  7.100
[stderr]   libavdevice    61.  3.100 / 61.  3.100
[stderr]   libavfilter    10.  4.100 / 10.  4.100
[stderr]   libswscale      8.  3.100 /  8.  3.100
[stderr]   libswresample   5.  3.100 /  5.  3.100
[stderr]   libpostproc    58.  3.100 / 58.  3.100
[stderr] Input #0, mov,mp4,m4a,3gp,3g2,mj2, from '/Users/johndoe/Documents/company/video_ops/scripts/abstract_algebra_in_proof_assistant/04-set-equality/takes/take-mrhmharr/source.mp4':
[stderr]   Metadata:
[stderr]     major_brand     : qt  
[stderr]     minor_version   : [stderr] 0
[stderr]     compatible_brands: qt  
[stderr]     creation_time   : 2026-07-12T09:54:07.000000Z
[stderr]   Duration: 00:06:08.94, start: 0.000000, bitrate: 2946 kb/s
[stderr]   Stream #0:0[0x1](und): Video: hevc (Main) (hvc1 / 0x31637668), yuv420p(tv, smpte170m/bt709/bt709), 640x480, 2834 kb/s, 29.95 fps, 29.83 tbr, 600 tbn (default)
[stderr]       Metadata:
[stderr]         creation_time   : 2026-07-12T09:54:07.000000Z
[stderr]         handler_name    : Core Media Video
[stderr]         vendor_id       : [0][0][0][0]
[stderr]         encoder         : HEVC
[stderr]       Side data:
[stderr]         displaymatrix: rotation of -180.00 degrees
[stderr]   Stream #0:1[0x2](und): Audio: aac (LC) (mp4a / 0x6134706D), 48000 Hz, mono, fltp, 100 kb/s (default)
[stderr]       Metadata:
[stderr]         creation_time   : 2026-07-12T09:54:07.000000Z
[stderr]         handler_name    : Core Media Audio
[stderr]         vendor_id       : [0][0][0][0]
[stderr]   Stream #0:2[0x3](und): Data: none (mebx / 0x7862656D) (default)
[stderr]       Metadata:
[stderr]         creation_time   : 2026-07-12T09:54:07.000000Z
[stderr]         handler_name    : Core Media Metadata
[stderr] Stream mapping:
[stderr]   Stream #0:0 -> #0:0 (hevc (native) -> h264 (libx264))
[stderr]   Stream #0:1 -> #0:1 (aac (native) -> aac (native))
[stderr] Press [q] to stop, [?] for help
[stderr] [out#0/mp4 @ 0x14af06e40] video:961KiB audio:0KiB subtitle:0KiB other streams:0KiB global headers:0KiB muxing overhead: 0.413066%
[stderr] frame=   74 fps= 23 q=-1.0 Lsize=     966KiB time=00:00:02.41 bitrate=3278.0kbits/s speed=0.746x    
[stderr] [libx264 @ 0x14af07dd0] frame I:1     Avg QP:19.73  size: 40562
[stderr] [libx264 @ 0x14af07dd0] frame P:33    Avg QP:19.93  size: 21092
[stderr] [libx264 @ 0x14af07dd0] frame B:40    Avg QP:21.94  size:  6176
[stderr] [libx264 @ 0x14af07dd0] consecutive B-frames: 20.3% 16.2% 20.3% 43.2%
[stderr] [libx264 @ 0x14af07dd0] mb I  I16..4: 12.2% 36.2% 51.5%
[stderr] [libx264 @ 0x14af07dd0] mb P  I16..4:  9.8% 18.7%  3.7%  P16..4: 25.2% 18.6% 20.4%  0.0%  0.0%    skip: 3.6%
[stderr] [libx264 @ 0x14af07dd0] mb B  I16..4:  3.0%  2.1%  0.1%  B16..8: 33.6% 14.7%  4.1%  direct:14.1%  skip:28.3%  L0:30.1% L1:33.9% BI:36.0%
[stderr] [libx264 @ 0x14af07dd0] 8x8 transform intra:53.9% inter:30.2%
[stderr] [libx264 @ 0x14af07dd0] coded y,uvDC,uvAC intra: 49.3% 65.5% 12.8% inter: 33.2% 23.9% 1.6%
[stderr] [libx264 @ 0x14af07dd0] i16 v,h,dc,p: 22% 34% 29% 14%
[stderr] [libx264 @ 0x14af07dd0] i8 v,h,dc,ddl,ddr,vr,hd,vl,hu: 14% 27% 35%  2%  5%  3%  5%  3%  6%
[stderr] [libx264 @ 0x14af07dd0] i4 v,h,dc,ddl,ddr,vr,hd,vl,hu: 20% 16% 20%  4% 12%  9%  7%  5%  7%
[stderr] [libx264 @ 0x14af07dd0] i8c dc,h,v,p: 50% 27% 18%  5%
[stderr] [libx264 @ 0x14af07dd0] Weighted P-Frames: Y:0.0% UV:0.0%
[stderr] [libx264 @ 0x14af07dd0] kb/s:3172.49
[stderr] [aac @ 0x14af6d1b0] Qavg: 65228.664
[stderr] [libx264 @ 0x10be0e9d0] using cpu capabilities: ARMv8 NEON
[stderr] [libx264 @ 0x10be0e9d0] profile High, level 3.0, 4:2:0, 8-bit
[stderr] [libx264 @ 0x10be0e9d0] 264 - core 164 r3108 31e19f9 - H.264/MPEG-4 AVC codec - Copyleft 2003-2023 - http://www.videolan.org/x264.html - options: cabac=1 ref=1 deblock=1:0:0 analyse=0x3:0x113 me=hex subme=2 psy=1 psy_rd=1.00:0.00 mixed_ref=0 me_range=16 chroma_me=1 trellis=0 8x8dct=1 cqm=0 deadzone=21,11 fast_pskip=1 chroma_qp_offset=0 threads=15 lookahead_threads=3 sliced_threads=0 nr=0 decimate=1 interlaced=0 bluray_compat=0 constrained_intra=0 bframes=3 b_pyramid=2 b_adapt=1 b_bias=0 direct=1 weightb=1 open_gop=0 weightp=1 keyint=250 keyint_min=25 scenecut=40 intra_refresh=0 rc_lookahead=10 rc=crf mbtree=1 crf=18.0 qcomp=0.60 qpmin=0 qpmax=69 qpstep=4 ip_ratio=1.40 aq=1:1.00
[stderr] Output #0, mp4, to '/Users/johndoe/Documents/company/video_ops/scripts/abstract_algebra_in_proof_assistant/04-set-equality/takes/take-mrhmharr/pipeline/cut/cut-mrhvutes/chunks/chunk-001.mp4':
[stderr]   Metadata:
[stderr]     major_brand     : qt  
[stderr]     minor_version   : 0
[stderr]     compatible_brands: qt  
[stderr]     encoder         : Lavf61.7.100
[stderr]   Stream #0:0(und): Video: h264 (avc1 / 0x31637661), yuv420p(tv, smpte170m/bt709/bt709, progressive), 640x480, q=2-31, 29.83 fps, 11456 tbn (default)
[stderr]       Metadata:
[stderr]         creation_time   : 2026-07-12T09:54:07.000000Z
[stderr]         handler_name    : Core Media Video
[stderr]         vendor_id       : [0][0][0][0]
[stderr]         encoder         : Lavc61.19.100 libx264
[stderr]       Side data:
[stderr]         cpb: bitrate max/min/avg: 0/0/0 buffer size: 0 vbv_delay: N/A
[stderr]   Stream #0:1(und): Audio: aac (LC) (mp4a / 0x6134706D), 48000 Hz, mono, fltp, 69 kb/s (default)
[stderr]       Metadata:
[stderr]         creation_time   : 2026-07-12T09:54:07.000000Z
[stderr]         handler_name    : Core Media Audio
[stderr]         vendor_id       : [0][0][0][0]
[stderr]         encoder         : Lavc61.19.100 aac
[stderr] ffmpeg version 7.1 Copyright (c) 2000-2024 the FFmpeg developers
[stderr]   built with Apple clang version 15.0.0 (clang-1500.1.0.2.5)
[stderr]   configuration: --prefix=/opt/homebrew/Cellar/ffmpeg/7.1_3 --enable-shared --enable-pthreads --enable-version3 --cc=clang --host-cflags= --host-ldflags='-Wl,-ld_classic' --enable-ffplay --enable-gnutls --enable-gpl --enable-libaom --enable-libaribb24 --enable-libbluray --enable-libdav1d --enable-libharfbuzz --enable-libjxl --enable-libmp3lame --enable-libopus --enable-librav1e --enable-librist --enable-librubberband --enable-libsnappy --enable-libsrt --enable-libssh --enable-libsvtav1 --enable-libtesseract --enable-libtheora --enable-libvidstab --enable-libvmaf --enable-libvorbis --enable-libvpx --enable-libwebp --enable-libx264 --enable-libx265 --enable-libxml2 --enable-libxvid --enable-lzma --enable-libfontconfig --enable-libfreetype --enable-frei0r --enable-libass --enable-libopencore-amrnb --enable-libopencore-amrwb --enable-libopenjpeg --enable-libspeex --enable-libsoxr --enable-libzmq --enable-libzimg --disable-libjack --disable-indev=jack --enable-videotoolbox --enable-audiotoolbox --enable-neon
[stderr]   libavutil      59. 39.100 / 59. 39.100
[stderr]   libavcodec     61. 19.100 / 61. 19.100
[stderr]   libavformat    61.  7.100 / 61.  7.100
[stderr]   libavdevice    61.  3.100 / 61.  3.100
[stderr]   libavfilter    10.  4.100 / 10.  4.100
[stderr]   libswscale      8.  3.100 /  8.  3.100
[stderr]   libswresample   5.  3.100 /  5.  3.100
[stderr]   libpostproc    58.  3.100 / 58.  3.100
[stderr] Input #0, mov,mp4,m4a,3gp,3g2,mj2, from '/Users/johndoe/Documents/company/video_ops/scripts/abstract_algebra_in_proof_assistant/04-set-equality/takes/take-mrhmharr/source.mp4':
[stderr]   Metadata:
[stderr]     major_brand     : qt  
[stderr]     minor_version   : 0
[stderr]     compatible_brands: qt  
[stderr]     creation_time   : 2026-07-12T09:54:07.000000Z
[stderr]   Duration: 00:06:08.94, start: [stderr] 0.000000, bitrate: 2946 kb/s
[stderr]   Stream #0:0[0x1](und): Video: hevc (Main) (hvc1 / 0x31637668), yuv420p(tv, smpte170m/bt709/bt709), 640x480, 2834 kb/s, 29.95 fps, 29.83 tbr, 600 tbn (default)
[stderr]       Metadata:
[stderr]         creation_time   : 2026-07-12T09:54:07.000000Z
[stderr]         handler_name    : Core Media Video
[stderr]         vendor_id       : [0][0][0][0]
[stderr]         encoder         : HEVC
[stderr]       Side data:
[stderr]         displaymatrix: rotation of -180.00 degrees
[stderr]   Stream #0:1[0x2](und): Audio: aac (LC) (mp4a / 0x6134706D), 48000 Hz, mono, fltp, 100 kb/s (default)
[stderr]       Metadata:
[stderr]         creation_time   : 2026-07-12T09:54:07.000000Z
[stderr]         handler_name    : Core Media Audio
[stderr]         vendor_id       : [0][0][0][0]
[stderr]   Stream #0:2[0x3](und): Data: none (mebx / 0x7862656D) (default)
[stderr]       Metadata:
[stderr]         creation_time   : 2026-07-12T09:54:07.000000Z
[stderr]         handler_name    : Core Media Metadata
[stderr] Stream mapping:
[stderr]   Stream #0:0 -> #0:0 (hevc (native) -> h264 (libx264))
[stderr]   Stream #0:1 -> #0:1 (aac (native) -> aac (native))
[stderr] Press [q] to stop, [?] for help
[stderr] frame=  168 fps=0.0 q=24.0 size=    3840KiB time=00:00:05.59 bitrate=5619.7kbits/s speed=11.1x    
[stderr] frame=  409 fps=406 q=24.0 size=    8960KiB time=00:00:13.64 bitrate=5380.3kbits/s dup=0 drop=2 speed=13.5x    
[stderr] [out#0/mp4 @ 0x10be0dbb0] video:11445KiB audio:113KiB subtitle:0KiB other streams:0KiB global headers:0KiB muxing overhead: 0.173794%
[stderr] frame=  527 fps=428 q=-1.0 Lsize=   11577KiB time=00:00:17.63 bitrate=5379.2kbits/s dup=0 drop=2 speed=14.3x    
[stderr] [libx264 @ 0x10be0e9d0] frame I:3     Avg QP:19.85  size: 47539
[stderr] [libx264 @ 0x10be0e9d0] frame P:165   Avg QP:21.95  size: 38444
[stderr] [libx264 @ 0x10be0e9d0] frame B:359   Avg QP:25.10  size: 14577
[stderr] [libx264 @ 0x10be0e9d0] consecutive B-frames:  6.1%  6.1%  9.7% 78.2%
[stderr] [libx264 @ 0x10be0e9d0] mb I  I16..4:  5.9%  8.8% 85.3%
[stderr] [libx264 @ 0x10be0e9d0] mb P  I16..4:  3.2%  4.0% 13.6%  P16..4: 24.4% 22.6% 31.4%  0.0%  0.0%    skip: 0.8%
[stderr] [libx264 @ 0x10be0e9d0] mb B  I16..4:  0.7%  0.4%  0.6%  B16..8: 31.1% 18.9%  9.0%  direct:20.9%  skip:18.5%  L0:27.8% L1:33.2% BI:39.0%
[stderr] [libx264 @ 0x10be0e9d0] 8x8 transform intra:19.0% inter:35.0%
[stderr] [libx264 @ 0x10be0e9d0] coded y,uvDC,uvAC intra: 80.5% 73.7% 41.2% inter: 55.7% 23.7% 2.6%
[stderr] [libx264 @ 0x10be0e9d0] i16 v,h,dc,p: 63% 16% 17%  4%
[stderr] [libx264 @ 0x10be0e9d0] i8 v,h,dc,ddl,ddr,vr,hd,vl,hu: 19% 25% 19%  2%  8%  6%  9%  5%  7%
[stderr] [libx264 @ 0x10be0e9d0] i4 v,h,dc,ddl,ddr,vr,hd,vl,hu: 15% 19% 14%  3% 14%  8% 12%  6% 10%
[stderr] [libx264 @ 0x10be0e9d0] i8c dc,h,v,p: 50% 22% 18%  9%
[stderr] [libx264 @ 0x10be0e9d0] Weighted P-Frames: Y:23.6% UV:1.8%
[stderr] [libx264 @ 0x10be0e9d0] kb/s:5307.19
[stderr] [aac @ 0x10be6d930] Qavg: 17270.561
[stderr] ffmpeg version 7.1 Copyright (c) 2000-2024 the FFmpeg developers
[stderr]   built with Apple clang version 15.0.0 (clang-1500.1.0.2.5)
[stderr]   configuration: --prefix=/opt/homebrew/Cellar/ffmpeg/7.1_3 --enable-shared --enable-pthreads --enable-version3 --cc=clang --host-cflags= --host-ldflags='-Wl,-ld_classic' --enable-ffplay --enable-gnutls --enable-gpl --enable-libaom --enable-libaribb24 --enable-libbluray --enable-libdav1d --enable-libharfbuzz --enable-libjxl --enable-libmp3lame --enable-libopus --enable-librav1e --enable-librist --enable-librubberband --enable-libsnappy --enable-libsrt --enable-libssh --enable-libsvtav1 --enable-libtesseract --enable-libtheora --enable-libvidstab --enable-libvmaf --enable-libvorbis --enable-libvpx --enable-libwebp --enable-libx264 --enable-libx265 --enable-libxml2 --enable-libxvid --enable-lzma --enable-libfontconfig --enable-libfreetype --enable-frei0r --enable-libass --enable-libopencore-amrnb --enable-libopencore-amrwb --enable-libopenjpeg --enable-libspeex --enable-libsoxr --enable-libzmq --enable-libzimg --disable-libjack --disable-indev=jack --enable-videotoolbox --enable-audiotoolbox --enable-neon
[stderr]   libavutil      59. 39.100 / 59. 39.100
[stderr]   libavcodec     61. 19.100 / 61. 19.100
[stderr]   libavformat    61.  7.100 / 61.  7.100
[stderr]   libavdevice    61.  3.100 / 61.  3.100
[stderr]   libavfilter    10.  4.100 / 10.  4.100
[stderr]   libswscale      8.  3.100 /  8.  3.100
[stderr]   libswresample   5.  3.100 /  5.  3.100
[stderr]   libpostproc    58.  3.100 / 58.  3.100
[stderr] Input #0, mov,mp4,m4a,3gp,3g2,mj2, from '/Users/johndoe/Documents/company/video_ops/scripts/abstract_algebra_in_proof_assistant/04-set-equality/takes/take-mrhmharr/source.mp4':
[stderr]   Metadata:
[stderr]     major_brand     : qt  
[stderr]     minor_version   : 0
[stderr]     compatible_brands: qt  
[stderr]     creation_time   : 2026-07-12T09:54:07.000000Z
[stderr]   Duration: 00:06:08.94, start: 0.000000, bitrate: 2946 kb/s
[stderr]   Stream #0:0[0x1](und): Video: hevc (Main) (hvc1 / 0x31637668), yuv420p(tv, smpte170m/bt709/bt709), 640x480, 2834 kb/s, 29.95 fps, 29.83 tbr, 600 tbn (default)
[stderr]       Metadata:
[stderr]         creation_time   : 2026-07-12T09:54:07.000000Z
[stderr]         handler_name    : Core Media Video
[stderr]         vendor_id       : [0][0][0][0]
[stderr]         encoder         : HEVC
[stderr]       Side data:
[stderr]         displaymatrix: rotation of -180.00 degrees
[stderr]   Stream #0:1[0x2](und): Audio: aac (LC) (mp4a / 0x6134706D), 48000 Hz, mono, fltp, 100 kb/s (default)
[stderr]       Metadata:
[stderr]         creation_time   : 2026-07-12T09:54:07.000000Z
[stderr]         handler_name    : Core Media Audio
[stderr]         vendor_id       : [0][0][0][0]
[stderr]   Stream #0:2[0x3](und): Data: none (mebx / 0x7862656D) (default)
[stderr]       Metadata:
[stderr]         creation_time   : 2026-07-12T09:54:07.000000Z
[stderr]         handler_name    : Core Media Metadata
[stderr] Stream mapping:
[stderr]   Stream #0:0 -> #0:0 (hevc (native) -> h264 (libx264))
[stderr]   Stream #0:1 -> #0:1 (aac (native) -> aac (native))
[stderr] Press [q] to stop, [?] for help
[stderr] [libx264 @ 0x11e60d670] using cpu capabilities: ARMv8 NEON
[stderr] [libx264 @ 0x11e60d670] profile High, level 3.0, 4:2:0, 8-bit
[stderr] [libx264 @ 0x11e60d670] 264 - core 164 r3108 31e19f9 - H.264/MPEG-4 AVC codec - Copyleft 2003-2023 - http://www.videolan.org/x264.html - options: cabac=1 ref=1 deblock=1:0:0 analyse=0x3:0x113 me=hex subme=2 psy=1 psy_rd=1.00:0.00 mixed_ref=0 me_range=16 chroma_me=1 trellis=0 8x8dct=1 cqm=0 deadzone=21,11 fast_pskip=1 chroma_qp_offset=0 threads=15 lookahead_threads=3 sliced_threads=0 nr=0 decimate=1 interlaced=0 bluray_compat=0 constrained_intra=0 bframes=3 b_pyramid=2 b_adapt=1 b_bias=0 direct=1 weightb=1 open_gop=0 weightp=1 keyint=250 keyint_min=25 scenecut=40 intra_refresh=0 rc_lookahead=10 rc=crf mbtree=1 crf=18.0 qcomp=0.60 qpmin=0 qpmax=69 qpstep=4 ip_ratio=1.40 aq=1:1.00
[stderr] Output #0, mp4, to '/Users/johndoe/Documents/company/video_ops/scripts/abstract_algebra_in_proof_assistant/04-set-equality/takes/take-mrhmharr/pipeline/cut/cut-mrhvutes/chunks/chunk-002.mp4':
[stderr]   Metadata:
[stderr]     major_brand     : qt  
[stderr]     minor_version   : 0
[stderr]     compatible_brands: qt  
[stderr]     encoder         : Lavf61.7.100
[stderr]   Stream #0:0(und): Video: h264 (avc1 / 0x31637661), yuv420p(tv, smpte170m/bt709/bt709, progressive), 640x480, q=2-31, 29.83 fps, 11456 tbn (default)
[stderr]       Metadata:
[stderr]         creation_time   : 2026-07-12T09:54:07.000000Z
[stderr]         handler_name    : Core Media Video
[stderr]         vendor_id       : [0][0][0][0]
[stderr]         encoder         : Lavc61.19.100 libx264
[stderr]       Side data:
[stderr]         cpb: bitrate max/min/avg: 0/0/0 buffer size: 0 vbv_delay: N/A
[stderr]   Stream #0:1(und): Audio: aac (LC) (mp4a / 0x6134706D), 48000 Hz, mono, fltp, 69 kb/s (default)
[stderr]       Metadata:
[stderr]         creation_time   : 2026-07-12T09:54:07.000000Z
[stderr]         handler_name    : Core Media Audio
[stderr]         vendor_id       : [0][0][0][0]
[stderr]         encoder         : Lavc61.19.100 aac
[stderr] frame=    0 fps=0.0 q=0.0 size=       0KiB time=N/A bitrate=N/A speed=N/A    
[stderr] frame=  262 fps=261 q=24.0 size=    4352KiB time=00:00:08.71 bitrate=4090.8kbits/s speed=8.69x    
[stderr] frame=  481 fps=319 q=24.0 size=    8960KiB time=00:00:16.05 bitrate=4571.6kbits/s dup=0 drop=1 speed=10.7x    
[stderr] frame=  671 fps=334 q=24.0 size=   14336KiB time=00:00:22.39 bitrate=5245.0kbits/s dup=0 drop=2 speed=11.1x    
[stderr] frame=  871 fps=347 q=24.0 size=   20224KiB time=00:00:29.12 bitrate=5687.7kbits/s dup=0 drop=3 speed=11.6x    
[stderr] [out#0/mp4 @ 0x11e60c6c0] video:23642KiB audio:63KiB subtitle:0KiB other streams:0KiB global headers:0KiB muxing overhead: 0.158966%
[stderr] frame= 1024 fps=364 q=-1.0 Lsize=   23743KiB time=00:00:34.25 bitrate=5677.8kbits/s dup=0 drop=3 speed=12.2x    
[stderr] [libx264 @ 0x11e60d670] frame I:7     Avg QP:19.81  size: 57137
[stderr] [libx264 @ 0x11e60d670] frame P:318   Avg QP:22.17  size: 38571
[stderr] [libx264 @ 0x11e60d670] frame B:699   Avg QP:25.55  size: 16514
[stderr] [libx264 @ 0x11e60d670] consecutive B-frames:  5.8%  7.6%  6.2% 80.5%
[stderr] [libx264 @ 0x11e60d670] mb I  I16..4:  9.2%  7.1% 83.6%
[stderr] [libx264 @ 0x11e60d670] mb P  I16..4:  5.2%  4.8% 15.9%  P16..4: 20.9% 20.4% 30.8%  0.0%  0.0%    skip: 2.0%
[stderr] [libx264 @ 0x11e60d670] mb B  I16..4:  1.2%  0.6%  1.4%  B16..8: 29.1% 18.6% 12.5%  direct:16.4%  skip:20.3%  L0:27.3% L1:32.3% BI:40.4%
[stderr] [libx264 @ 0x11e60d670] 8x8 transform intra:17.8% inter:33.3%
[stderr] [libx264 @ 0x11e60d670] coded y,uvDC,uvAC intra: 76.8% 65.3% 33.9% inter: 53.5% 23.2% 2.3%
[stderr] [libx264 @ 0x11e60d670] i16 v,h,dc,p: 71% 13% 13%  3%
[stderr] [libx264 @ 0x11e60d670] i8 v,h,dc,ddl,ddr,vr,hd,vl,hu: 25% 21% 16%  2%  8%  8%  7%  6%  6%
[stderr] [libx264 @ 0x11e60d670] i4 v,h,dc,ddl,ddr,vr,hd,vl,hu: 16% 18% 14%  4% 14%  9% 10%  6%  9%
[stderr] [libx264 @ 0x11e60d670] i8c dc,h,v,p: 56% 18% 18%  8%
[stderr] [libx264 @ 0x11e60d670] Weighted P-Frames: Y:10.4% UV:0.3%
[stderr] [libx264 @ 0x11e60d670] kb/s:5642.45
[stderr] [aac @ 0x11e672a50] Qavg: 52459.523
[stderr] ffmpeg version 7.1 Copyright (c) 2000-2024 the FFmpeg developers
[stderr]   built with Apple clang version 15.0.0 (clang-1500.1.0.2.5)
[stderr]   configuration: --prefix=/opt/homebrew/Cellar/ffmpeg/7.1_3 --enable-shared --enable-pthreads --enable-version3 --cc=clang --host-cflags= --host-ldflags='-Wl,-ld_classic' --enable-ffplay --enable-gnutls --enable-gpl --enable-libaom --enable-libaribb24 --enable-libbluray --enable-libdav1d --enable-libharfbuzz --enable-libjxl --enable-libmp3lame --enable-libopus --enable-librav1e --enable-librist --enable-librubberband --enable-libsnappy --enable-libsrt --enable-libssh --enable-libsvtav1 --enable-libtesseract --enable-libtheora --enable-libvidstab --enable-libvmaf --enable-libvorbis --enable-libvpx --enable-libwebp --enable-libx264 --enable-libx265 --enable-libxml2 --enable-libxvid --enable-lzma --enable-libfontconfig --enable-libfreetype --enable-frei0r --enable-libass --enable-libopencore-amrnb --enable-libopencore-amrwb --enable-libopenjpeg --enable-libspeex --enable-libsoxr --enable-libzmq --enable-libzimg --disable-libjack --disable-indev=jack --enable-videotoolbox --enable-audiotoolbox --enable-neon
[stderr]   libavutil      59. 39.100 / 59. 39.100
[stderr]   libavcodec     61. 19.100 / 61. 19.100
[stderr]   libavformat    61.  7.100 / 61.  7.100
[stderr]   libavdevice    61.  3.100 / 61.  3.100
[stderr]   libavfilter    10.  4.100 / 10.  4.100
[stderr]   libswscale      8.  3.100 /  8.  3.100
[stderr]   libswresample   5.  3.100 /  5.  3.100
[stderr]   libpostproc    58.  3.100 / 58.  3.100
[stderr] Input #0, mov,mp4,m4a,3gp,3g2,mj2, from '/Users/johndoe/Documents/company/video_ops/scripts/abstract_algebra_in_proof_assistant/04-set-equality/takes/take-mrhmharr/source.mp4':
[stderr]   Metadata:
[stderr]     major_brand     : qt  
[stderr]     minor_version   : 0
[stderr]     compatible_brands: qt  
[stderr]     creation_time   : 2026-07-12T09:54:07.000000Z
[stderr]   Duration: 00:06:08.94, start: [stderr] 0.000000, bitrate: 2946 kb/s
[stderr]   Stream #0:0[0x1](und): Video: hevc (Main) (hvc1 / 0x31637668), yuv420p(tv, smpte170m/bt709/bt709), 640x480, 2834 kb/s, 29.95 fps, 29.83 tbr, 600 tbn (default)
[stderr]       Metadata:
[stderr]         creation_time   : 2026-07-12T09:54:07.000000Z
[stderr]         handler_name    : Core Media Video
[stderr]         vendor_id       : [0][0][0][0]
[stderr]         encoder         : HEVC
[stderr]       Side data:
[stderr]         displaymatrix: rotation of -180.00 degrees
[stderr]   Stream #0:1[0x2](und): Audio: aac (LC) (mp4a / 0x6134706D), 48000 Hz, mono, fltp, 100 kb/s (default)
[stderr]       Metadata:
[stderr]         creation_time   : 2026-07-12T09:54:07.000000Z
[stderr]         handler_name    : Core Media Audio
[stderr]         vendor_id       : [0][0][0][0]
[stderr]   Stream #0:2[0x3](und): Data: none (mebx / 0x7862656D) (default)
[stderr]       Metadata:
[stderr]         creation_time   : 2026-07-12T09:54:07.000000Z
[stderr]         handler_name    : Core Media Metadata
[stderr] Stream mapping:
[stderr]   Stream #0:0 -> #0:0 (hevc (native) -> h264 (libx264))
[stderr]   Stream #0:1 -> #0:1 (aac (native) -> aac (native))
[stderr] Press [q] to stop, [?] for help
[stderr] [libx264 @ 0x15c005e90] using cpu capabilities: ARMv8 NEON
[stderr] [libx264 @ 0x15c005e90] profile High, level 3.0, 4:2:0, 8-bit
[stderr] [libx264 @ 0x15c005e90] 264 - core 164 r3108 31e19f9 - H.264/MPEG-4 AVC codec - Copyleft 2003-2023 - http://www.videolan.org/x264.html - options: cabac=1 ref=1 deblock=1:0:0 analyse=0x3:0x113 me=hex subme=2 psy=1 psy_rd=1.00:0.00 mixed_ref=0 me_range=16 chroma_me=1 trellis=0 8x8dct=1 cqm=0 deadzone=21,11 fast_pskip=1 chroma_qp_offset=0 threads=15 lookahead_threads=3 sliced_threads=0 nr=0 decimate=1 interlaced=0 bluray_compat=0 constrained_intra=0 bframes=3 b_pyramid=2 b_adapt=1 b_bias=0 direct=1 weightb=1 open_gop=0 weightp=1 keyint=250 keyint_min=25 scenecut=40 intra_refresh=0 rc_lookahead=10 rc=crf mbtree=1 crf=18.0 qcomp=0.60 qpmin=0 qpmax=69 qpstep=4 ip_ratio=1.40 aq=1:1.00
[stderr] Output #0, mp4, to '/Users/johndoe/Documents/company/video_ops/scripts/abstract_algebra_in_proof_assistant/04-set-equality/takes/take-mrhmharr/pipeline/cut/cut-mrhvutes/chunks/chunk-003.mp4':
[stderr]   Metadata:
[stderr]     major_brand     : qt  
[stderr]     minor_version   : 0
[stderr]     compatible_brands: qt  
[stderr]     encoder         : Lavf61.7.100
[stderr]   Stream #0:0(und): Video: h264 (avc1 / 0x31637661), yuv420p(tv, smpte170m/bt709/bt709, progressive), 640x480, q=2-31, 29.83 fps, 11456 tbn (default)
[stderr]       Metadata:
[stderr]         creation_time   : 2026-07-12T09:54:07.000000Z
[stderr]         handler_name    : Core Media Video
[stderr]         vendor_id       : [0][0][0][0]
[stderr]         encoder         : Lavc61.19.100 libx264
[stderr]       Side data:
[stderr]         cpb: bitrate max/min/avg: 0/0/0 buffer size: 0 vbv_delay: N/A
[stderr]   Stream #0:1(und): Audio: aac (LC) (mp4a / 0x6134706D), 48000 Hz, mono, fltp, 69 kb/s (default)
[stderr]       Metadata:
[stderr]         creation_time   : 2026-07-12T09:54:07.000000Z
[stderr]         handler_name    : Core Media Audio
[stderr]         vendor_id       : [0][0][0][0]
[stderr]         encoder         : Lavc61.19.100 aac
[stderr] frame=   89 fps= 59 q=24.0 size=    1536KiB time=00:00:02.91 bitrate=4315.0kbits/s speed=1.94x    
[stderr] [libx264 @ 0x141905d80] using cpu capabilities: ARMv8 NEON
[stderr] [libx264 @ 0x141905d80] profile High, level 3.0, 4:2:0, 8-bit
[stderr] [libx264 @ 0x141905d80] 264 - core 164 r3108 31e19f9 - H.264/MPEG-4 AVC codec - Copyleft 2003-2023 - http://www.videolan.org/x264.html - options: cabac=1 ref=1 deblock=1:0:0 analyse=0x3:0x113 me=hex subme=2 psy=1 psy_rd=1.00:0.00 mixed_ref=0 me_range=16 chroma_me=1 trellis=0 8x8dct=1 cqm=0 deadzone=21,11 fast_pskip=1 chroma_qp_offset=0 threads=15 lookahead_threads=3 sliced_threads=0 nr=0 decimate=1 interlaced=0 bluray_compat=0 constrained_intra=0 bframes=3 b_pyramid=2 b_adapt=1 b_bias=0 direct=1 weightb=1 open_gop=0 weightp=1 keyint=250 keyint_min=25 scenecut=40 intra_refresh=0 rc_lookahead=10 rc=crf mbtree=1 crf=18.0 qcomp=0.60 qpmin=0 qpmax=69 qpstep=4 ip_ratio=1.40 aq=1:1.00
[stderr] Output #0, mp4, to '/Users/johndoe/Documents/company/video_ops/scripts/abstract_algebra_in_proof_assistant/04-set-equality/takes/take-mrhmharr/pipeline/cut/cut-mrhvutes/chunks/chunk-013.mp4':
[stderr]   Metadata:
[stderr]     major_brand     : qt  
[stderr]     minor_version   : 0
[stderr]     compatible_brands: qt  
[stderr]     encoder         : Lavf61.7.100
[stderr]   Stream #0:0(und): Video: h264 (avc1 / 0x31637661), yuv420p(tv, smpte170m/bt709/bt709, progressive), 640x480, q=2-31, 29.83 fps, 11456 tbn (default)
[stderr]       Metadata:
[stderr]         creation_time   : 2026-07-12T09:54:07.000000Z
[stderr]         handler_name    : Core Media Video
[stderr]         vendor_id       : [0][0][0][0]
[stderr]         encoder         : Lavc61.19.100 libx264
[stderr]       Side data:
[stderr]         cpb: bitrate max/min/avg: 0/0/0 buffer size: 0 vbv_delay: N/A
[stderr]   Stream #0:1(und): Audio: aac (LC) (mp4a / 0x6134706D), 48000 Hz, mono, fltp, 69 kb/s (default)
[stderr]       Metadata:
[stderr]         creation_time   : 2026-07-12T09:54:07.000000Z
[stderr]         handler_name    : Core Media Audio
[stderr]         vendor_id       : [0][0][0][0]
[stderr]         encoder         : Lavc61.19.100 aac
[stderr] frame=  277 fps=138 q=24.0 size=    4096KiB time=00:00:09.21 bitrate=3640.2kbits/s dup=0 drop=1 speed=4.61x    
[stderr] frame=  157 fps= 26 q=24.0 size=    2048KiB time=00:00:05.19 bitrate=3229.2kbits/s speed=0.863x    
[stderr] [out#0/mp4 @ 0x15c004f00] video:5332KiB audio:2KiB subtitle:0KiB other streams:0KiB global headers:0KiB muxing overhead: 0.261369%
[stderr] frame=  352 fps=164 q=-1.0 Lsize=    5348KiB time=00:00:11.76 bitrate=3723.7kbits/s dup=0 drop=1 speed=5.49x    
[stderr] [libx264 @ 0x15c005e90] frame I:2     Avg QP:17.43  size: 65518
[stderr] [libx264 @ 0x15c005e90] frame P:101   Avg QP:19.82  size: 33144
[stderr] [libx264 @ 0x15c005e90] frame B:249   Avg QP:24.96  size:  7954
[stderr] [libx264 @ 0x15c005e90] consecutive B-frames:  2.3%  8.5%  5.1% 84.1%
[stderr] [libx264 @ 0x15c005e90] mb I  I16..4: 19.7%  5.0% 75.4%
[stderr] [libx264 @ 0x15c005e90] mb P  I16..4: 10.9%  1.6%  3.1%  P16..4: 25.0% 21.5% 31.3%  0.0%  0.0%    skip: 6.6%
[stderr] [libx264 @ 0x15c005e90] mb B  I16..4:  1.6%  0.1%  0.0%  B16..8: 26.6% 13.6%  5.9%  direct:11.8%  skip:40.4%  L0:21.6% L1:31.4% BI:47.0%
[stderr] [libx264 @ 0x15c005e90] 8x8 transform intra:9.1% inter:29.6%
[stderr] [libx264 @ 0x15c005e90] coded y,uvDC,uvAC intra: 32.1% 26.4% 15.4% inter: 35.9% 12.6% 1.8%
[stderr] [libx264 @ 0x15c005e90] i16 v,h,dc,p: 86%  6%  7%  1%
[stderr] [libx264 @ 0x15c005e90] i8 v,h,dc,ddl,ddr,vr,hd,vl,hu: 19% 18% 28%  2%  7%  7%  7%  6%  6%
[stderr] [libx264 @ 0x15c005e90] i4 v,h,dc,ddl,ddr,vr,hd,vl,hu: 18% 16% 18%  4% 12%  9%  8%  6%  9%
[stderr] [libx264 @ 0x15c005e90] i8c dc,h,v,p: 82%  7%  9%  2%
[stderr] [libx264 @ 0x15c005e90] Weighted P-Frames: Y:11.9% UV:2.0%
[stderr] [libx264 @ 0x15c005e90] kb/s:3701.40
[stderr] [aac @ 0x15c06cdd0] Qavg: 65470.105
[stderr] ffmpeg version 7.1[stderr]  Copyright (c) 2000-2024 the FFmpeg developers
[stderr]   built with Apple clang version 15.0.0 (clang-1500.1.0.2.5)
[stderr]   configuration: --prefix=/opt/homebrew/Cellar/ffmpeg/7.1_3 --enable-shared --enable-pthreads --enable-version3 --cc=clang --host-cflags= --host-ldflags='-Wl,-ld_classic' --enable-ffplay --enable-gnutls --enable-gpl --enable-libaom --enable-libaribb24 --enable-libbluray --enable-libdav1d --enable-libharfbuzz --enable-libjxl --enable-libmp3lame --enable-libopus --enable-librav1e --enable-librist --enable-librubberband --enable-libsnappy --enable-libsrt --enable-libssh --enable-libsvtav1 --enable-libtesseract --enable-libtheora --enable-libvidstab --enable-libvmaf --enable-libvorbis --enable-libvpx --enable-libwebp --enable-libx264 --enable-libx265 --enable-libxml2 --enable-libxvid --enable-lzma --enable-libfontconfig --enable-libfreetype --enable-frei0r --enable-libass --enable-libopencore-amrnb --enable-libopencore-amrwb --enable-libopenjpeg --enable-libspeex --enable-libsoxr --enable-libzmq --enable-libzimg --disable-libjack --disable-indev=jack --enable-videotoolbox --enable-audiotoolbox --enable-neon
[stderr]   libavutil      59. 39.100 / 59. 39.100
[stderr]   libavcodec     61. 19.100 / 61. 19.100
[stderr]   libavformat    61.  7.100 / 61.  7.100
[stderr]   libavdevice    61.  3.100 / 61.  3.100
[stderr]   libavfilter    10.  4.100 / 10.  4.100
[stderr]   libswscale      8.  3.100 /  8.  3.100
[stderr]   libswresample   5.  3.100 /  5.  3.100
[stderr]   libpostproc    58.  3.100 / 58.  3.100
[stderr] Input #0, mov,mp4,m4a,3gp,3g2,mj2, from '/Users/johndoe/Documents/company/video_ops/scripts/abstract_algebra_in_proof_assistant/04-set-equality/takes/take-mrhmharr/source.mp4':
[stderr]   Metadata:
[stderr]     major_brand     : qt  
[stderr]     minor_version   : 0
[stderr]     compatible_brands: qt  
[stderr]     creation_time   : 2026-07-12T09:54:07.000000Z
[stderr]   Duration: 00:06:08.94, start: 0.000000, bitrate: 2946 kb/s
[stderr]   Stream #0:0[0x1](und): Video: hevc (Main) (hvc1 / 0x31637668), yuv420p(tv, smpte170m/bt709/bt709), 640x480, 2834 kb/s, 29.95 fps, 29.83 tbr, 600 tbn (default)
[stderr]       Metadata:
[stderr]         creation_time   : 2026-07-12T09:54:07.000000Z
[stderr]         handler_name    : Core Media Video
[stderr]         vendor_id       : [0][0][0][0]
[stderr]         encoder         : HEVC
[stderr]       Side data:
[stderr]         displaymatrix: rotation of -180.00 degrees
[stderr]   Stream #0:1[0x2](und): Audio: aac (LC) (mp4a / 0x6134706D), 48000 Hz, mono, fltp, 100 kb/s (default)
[stderr]       Metadata:
[stderr]         creation_time   : 2026-07-12T09:54:07.000000Z
[stderr]         handler_name    : Core Media Audio
[stderr]         vendor_id       : [0][0][0][0]
[stderr]   Stream #0:2[0x3](und): Data: none (mebx / 0x7862656D) (default)
[stderr]       Metadata:
[stderr]         creation_time   : 2026-07-12T09:54:07.000000Z
[stderr]         handler_name    : Core Media Metadata
[stderr] Stream mapping:
[stderr]   Stream #0:0 -> #0:0 (hevc (native) -> h264 (libx264))
[stderr]   Stream #0:1 -> #0:1 (aac (native) -> aac (native))
[stderr] Press [q] to stop, [?] for help
[stderr] frame=  362 fps= 56 q=24.0 size=    6400KiB time=00:00:12.06 bitrate=4344.8kbits/s dup=0 drop=1 speed=1.85x    
[stderr] [out#0/mp4 @ 0x141904dd0] video:10950KiB audio:3KiB subtitle:0KiB other streams:0KiB global headers:0KiB muxing overhead: 0.187870%
[stderr] frame=  550 fps= 79 q=-1.0 Lsize=   10974KiB time=00:00:18.36 bitrate=4894.1kbits/s dup=0 drop=1 speed=2.64x    
[stderr] [libx264 @ 0x141905d80] frame I:3     Avg QP:18.92  size: 57191
[stderr] [libx264 @ 0x141905d80] frame P:227   Avg QP:21.05  size: 31476
[stderr] [libx264 @ 0x141905d80] frame B:320   Avg QP:23.99  size: 12173
[stderr] [libx264 @ 0x141905d80] consecutive B-frames: 15.1% 19.3%  8.2% 57.5%
[stderr] [libx264 @ 0x141905d80] mb I  I16..4: 10.4% 19.7% 69.9%
[stderr] [libx264 @ 0x141905d80] mb P  I16..4:  7.2%  9.7%  9.1%  P16..4: 24.2% 20.6% 26.4%  0.0%  0.0%    skip: 2.7%
[stderr] [libx264 @ 0x141905d80] mb B  I16..4:  1.6%  0.8%  0.5%  B16..8: 31.5% 16.6%  8.9%  direct:16.0%  skip:24.2%  L0:28.6% L1:32.2% BI:39.1%
[stderr] [libx264 @ 0x141905d80] 8x8 transform intra:35.2% inter:29.1%
[stderr] [libx264 @ 0x141905d80] coded y,uvDC,uvAC intra: 61.9% 60.5% 25.4% inter: 46.8% 25.4% 3.0%
[stderr] [libx264 @ 0x141905d80] i16 v,h,dc,p: 61% 17% 14%  8%
[stderr] [libx264 @ 0x141905d80] i8 v,h,dc,ddl,ddr,vr,hd,vl,hu: 21% 20% 27%  2%  7%  5%  6%  5%  6%
[stderr] [libx264 @ 0x141905d80] i4 v,h,dc,ddl,ddr,vr,hd,vl,hu: 17% 17% 17%  4% 13%  8%  9%  7%  9%
[stderr] [libx264 @ 0x141905d80] i8c dc,h,v,p: 57% 19% 18%  6%
[stderr] [libx264 @ 0x141905d80] Weighted P-Frames: Y:13.7% UV:2.2%
[stderr] [libx264 @ 0x141905d80] kb/s:4865.34
[stderr] [aac @ 0x120615d20] Qavg: 65493.719
[stderr] ffmpeg version 7.1 Copyright (c) 2000-2024 the FFmpeg developers
[stderr]   built with Apple clang version 15.0.0 (clang-1500.1.0.2.5)
[stderr]   configuration: --prefix=/opt/homebrew/Cellar/ffmpeg/7.1_3 --enable-shared --enable-pthreads --enable-version3 --cc=clang --host-cflags= --host-ldflags='-Wl,-ld_classic' --enable-ffplay --enable-gnutls --enable-gpl --enable-libaom --enable-libaribb24 --enable-libbluray --enable-libdav1d --enable-libharfbuzz --enable-libjxl --enable-libmp3lame --enable-libopus --enable-librav1e --enable-librist --enable-librubberband --enable-libsnappy --enable-libsrt --enable-libssh --enable-libsvtav1 --enable-libtesseract --enable-libtheora --enable-libvidstab --enable-libvmaf --enable-libvorbis --enable-libvpx --enable-libwebp --enable-libx264 --enable-libx265 --enable-libxml2 --enable-libxvid --enable-lzma --enable-libfontconfig --enable-libfreetype --enable-frei0r --enable-libass --enable-libopencore-amrnb --enable-libopencore-amrwb --enable-libopenjpeg --enable-libspeex --enable-libsoxr --enable-libzmq --enable-libzimg --disable-libjack --disable-indev=jack --enable-videotoolbox --enable-audiotoolbox --enable-neon
[stderr]   libavutil      59. 39.100 / 59. 39.100
[stderr]   libavcodec     61. 19.100 / 61. 19.100
[stderr]   libavformat    61.  7.100 / 61.  7.100
[stderr]   libavdevice    61.  3.100 / 61.  3.100
[stderr]   libavfilter    10.  4.100 / 10.  4.100
[stderr]   libswscale      8.  3.100 /  8.  3.100
[stderr]   libswresample   5.  3.100 /  5.  3.100
[stderr]   libpostproc    58.  3.100 / 58.  3.100
[stderr] Input #0, mov,mp4,m4a,3gp,3g2,mj2, from '/Users/johndoe/Documents/company/video_ops/scripts/abstract_algebra_in_proof_assistant/04-set-equality/takes/take-mrhmharr/source.mp4':
[stderr]   Metadata:
[stderr]     major_brand     : qt  
[stderr]     minor_version   : 0
[stderr]     compatible_brands: qt  
[stderr]     creation_time   : 2026-07-12T09:54:07.000000Z
[stderr]   Duration: [stderr] 00:06:08.94, start: 0.000000, bitrate: 2946 kb/s
[stderr]   Stream #0:0[0x1](und): Video: hevc (Main) (hvc1 / 0x31637668), yuv420p(tv, smpte170m/bt709/bt709), 640x480, 2834 kb/s, 29.95 fps, 29.83 tbr, 600 tbn (default)
[stderr]       Metadata:
[stderr]         creation_time   : 2026-07-12T09:54:07.000000Z
[stderr]         handler_name    : Core Media Video
[stderr]         vendor_id       : [0][0][0][0]
[stderr]         encoder         : HEVC
[stderr]       Side data:
[stderr]         displaymatrix: rotation of -180.00 degrees
[stderr]   Stream #0:1[0x2](und): Audio: aac (LC) (mp4a / 0x6134706D), 48000 Hz, mono, fltp, 100 kb/s (default)
[stderr]       Metadata:
[stderr]         creation_time   : 2026-07-12T09:54:07.000000Z
[stderr]         handler_name    : Core Media Audio
[stderr]         vendor_id       : [0][0][0][0]
[stderr]   Stream #0:2[0x3](und): Data: none (mebx / 0x7862656D) (default)
[stderr]       Metadata:
[stderr]         creation_time   : 2026-07-12T09:54:07.000000Z
[stderr]         handler_name    : Core Media Metadata
[stderr] Stream mapping:
[stderr]   Stream #0:0 -> #0:0 (hevc (native) -> h264 (libx264))
[stderr]   Stream #0:1 -> #0:1 (aac (native) -> aac (native))
[stderr] Press [q] to stop, [?] for help
[stderr] [libx264 @ 0x14d20eab0] using cpu capabilities: ARMv8 NEON
[stderr] [libx264 @ 0x14d20eab0] profile High, level 3.0, 4:2:0, 8-bit
[stderr] [libx264 @ 0x14d20eab0] 264 - core 164 r3108 31e19f9 - H.264/MPEG-4 AVC codec - Copyleft 2003-2023 - http://www.videolan.org/x264.html - options: cabac=1 ref=1 deblock=1:0:0 analyse=0x3:0x113 me=hex subme=2 psy=1 psy_rd=1.00:0.00 mixed_ref=0 me_range=16 chroma_me=1 trellis=0 8x8dct=1 cqm=0 deadzone=21,11 fast_pskip=1 chroma_qp_offset=0 threads=15 lookahead_threads=3 sliced_threads=0 nr=0 decimate=1 interlaced=0 bluray_compat=0 constrained_intra=0 bframes=3 b_pyramid=2 b_adapt=1 b_bias=0 direct=1 weightb=1 open_gop=0 weightp=1 keyint=250 keyint_min=25 scenecut=40 intra_refresh=0 rc_lookahead=10 rc=crf mbtree=1 crf=18.0 qcomp=0.60 qpmin=0 qpmax=69 qpstep=4 ip_ratio=1.40 aq=1:1.00
[stderr] Output #0, mp4, to '/Users/johndoe/Documents/company/video_ops/scripts/abstract_algebra_in_proof_assistant/04-set-equality/takes/take-mrhmharr/pipeline/cut/cut-mrhvutes/chunks/chunk-004.mp4':
[stderr]   Metadata:
[stderr]     major_brand     : qt  
[stderr]     minor_version   : 0
[stderr]     compatible_brands: qt  
[stderr]     encoder         : Lavf61.7.100
[stderr]   Stream #0:0(und): Video: h264 (avc1 / 0x31637661), yuv420p(tv, smpte170m/bt709/bt709, progressive), 640x480, q=2-31, 29.83 fps, 11456 tbn (default)
[stderr]       Metadata:
[stderr]         creation_time   : 2026-07-12T09:54:07.000000Z
[stderr]         handler_name    : Core Media Video
[stderr]         vendor_id       : [0][0][0][0]
[stderr]         encoder         : Lavc61.19.100 libx264
[stderr]       Side data:
[stderr]         cpb: bitrate max/min/avg: 0/0/0 buffer size: 0 vbv_delay: N/A
[stderr]   Stream #0:1(und): Audio: aac (LC) (mp4a / 0x6134706D), 48000 Hz, mono, fltp, 69 kb/s (default)
[stderr]       Metadata:
[stderr]         creation_time   : 2026-07-12T09:54:07.000000Z
[stderr]         handler_name    : Core Media Audio
[stderr]         vendor_id       : [0][0][0][0]
[stderr]         encoder         : Lavc61.19.100 aac
[stderr] frame=  226 fps=112 q=24.0 size=    4352KiB time=00:00:07.47 bitrate=4769.6kbits/s speed=3.72x    
[stderr] frame=  459 fps=183 q=24.0 size=    8704KiB time=00:00:15.31 bitrate=4654.8kbits/s dup=0 drop=1 speed= 6.1x    
[stderr] frame=  695 fps=231 q=24.0 size=   15360KiB time=00:00:23.22 bitrate=5416.9kbits/s dup=0 drop=3 speed=7.71x    
[stderr] [out#0/mp4 @ 0x14d20dc90] video:21929KiB audio:6KiB subtitle:0KiB other streams:0KiB global headers:0KiB muxing overhead: 0.150926%
[stderr] frame=  904 fps=262 q=-1.0 Lsize=   21968KiB time=00:00:30.20 bitrate=5958.8kbits/s dup=0 drop=4 speed=8.75x    
[stderr] [libx264 @ 0x14d20eab0] frame I:5     Avg QP:20.05  size: 59399
[stderr] [libx264 @ 0x14d20eab0] frame P:333   Avg QP:22.68  size: 40454
[stderr] [libx264 @ 0x14d20eab0] frame B:566   Avg QP:25.79  size: 15348
[stderr] [libx264 @ 0x14d20eab0] consecutive B-frames: 11.4% 12.8%  7.6% 68.1%
[stderr] [libx264 @ 0x14d20eab0] mb I  I16..4:  5.6%  8.6% 85.8%
[stderr] [libx264 @ 0x14d20eab0] mb P  I16..4:  3.4%  4.1% 10.8%  P16..4: 25.0% 22.3% 33.2%  0.0%  0.0%    skip: 1.2%
[stderr] [libx264 @ 0x14d20eab0] mb B  I16..4:  1.0%  0.3%  0.5%  B16..8: 31.2% 17.9% 10.5%  direct:16.9%  skip:21.7%  L0:25.4% L1:30.3% BI:44.3%
[stderr] [libx264 @ 0x14d20eab0] 8x8 transform intra:20.9% inter:33.1%
[stderr] [libx264 @ 0x14d20eab0] coded y,uvDC,uvAC intra: 78.0% 56.9% 22.1% inter: 54.0% 18.3% 1.3%
[stderr] [libx264 @ 0x14d20eab0] i16 v,h,dc,p: 61% 20% 15%  4%
[stderr] [libx264 @ 0x14d20eab0] i8 v,h,dc,ddl,ddr,vr,hd,vl,hu: 23% 23% 17%  3%  7%  7%  7%  7%  7%
[stderr] [libx264 @ 0x14d20eab0] i4 v,h,dc,ddl,ddr,vr,hd,vl,hu: 15% 17% 15%  4% 14%  9%  9%  6% 10%
[stderr] [libx264 @ 0x14d20eab0] i8c dc,h,v,p: 59% 18% 18%  5%
[stderr] [libx264 @ 0x14d20eab0] Weighted P-Frames: Y:21.0% UV:2.4%
[stderr] [libx264 @ 0x14d20eab0] kb/s:5928.37
[stderr] [aac @ 0x11c613650] Qavg: 65510.262
[stderr] ffmpeg version 7.1 Copyright (c) 2000-2024 the FFmpeg developers
[stderr]   built with Apple clang version 15.0.0 (clang-1500.1.0.2.5)
[stderr]   configuration: --prefix=/opt/homebrew/Cellar/ffmpeg/7.1_3 --enable-shared --enable-pthreads --enable-version3 --cc=clang --host-cflags= --host-ldflags='-Wl,-ld_classic' --enable-ffplay --enable-gnutls --enable-gpl --enable-libaom --enable-libaribb24 --enable-libbluray --enable-libdav1d --enable-libharfbuzz --enable-libjxl --enable-libmp3lame --enable-libopus --enable-librav1e --enable-librist --enable-librubberband --enable-libsnappy --enable-libsrt --enable-libssh --enable-libsvtav1 --enable-libtesseract --enable-libtheora --enable-libvidstab --enable-libvmaf --enable-libvorbis --enable-libvpx --enable-libwebp --enable-libx264 --enable-libx265 --enable-libxml2 --enable-libxvid --enable-lzma --enable-libfontconfig --enable-libfreetype --enable-frei0r --enable-libass --enable-libopencore-amrnb --enable-libopencore-amrwb --enable-libopenjpeg --enable-libspeex --enable-libsoxr --enable-libzmq --enable-libzimg --disable-libjack --disable-indev=jack --enable-videotoolbox --enable-audiotoolbox --enable-neon
[stderr]   libavutil      59. 39.100 / 59. 39.100
[stderr]   libavcodec     61. 19.100 / 61. 19.100
[stderr]   libavformat    61.  7.100 / 61.  7.100
[stderr]   libavdevice    61.  3.100 / 61.  3.100
[stderr]   libavfilter    10.  4.100 / 10.  4.100
[stderr]   libswscale      8.  3.100 /  8.  3.100
[stderr]   libswresample   5.  3.100 /  5.  3.100
[stderr]   libpostproc    58.  3.100 / 58.  3.100
[stderr] Input #0, mov,mp4,m4a,3gp,3g2,mj2, from '/Users/johndoe/Documents/company/video_ops/scripts/abstract_algebra_in_proof_assistant/04-set-equality/takes/take-mrhmharr/source.mp4':
[stderr]   Metadata:
[stderr]     major_brand     : qt  
[stderr]     minor_version   : 0
[stderr]     compatible_brands: qt  
[stderr]     creation_time   : 2026-07-12T09:54:07.000000Z
[stderr]   Duration: 00:06:08.94, start: 0.000000, bitrate: 2946 kb/s
[stderr]   Stream #0:0[stderr] [0x1](und): Video: hevc (Main) (hvc1 / 0x31637668), yuv420p(tv, smpte170m/bt709/bt709), 640x480, 2834 kb/s, 29.95 fps, 29.83 tbr, 600 tbn (default)
[stderr]       Metadata:
[stderr]         creation_time   : 2026-07-12T09:54:07.000000Z
[stderr]         handler_name    : Core Media Video
[stderr]         vendor_id       : [0][0][0][0]
[stderr]         encoder         : HEVC
[stderr]       Side data:
[stderr]         displaymatrix: rotation of -180.00 degrees
[stderr]   Stream #0:1[0x2](und): Audio: aac (LC) (mp4a / 0x6134706D), 48000 Hz, mono, fltp, 100 kb/s (default)
[stderr]       Metadata:
[stderr]         creation_time   : 2026-07-12T09:54:07.000000Z
[stderr]         handler_name    : Core Media Audio
[stderr]         vendor_id       : [0][0][0][0]
[stderr]   Stream #0:2[0x3](und): Data: none (mebx / 0x7862656D) (default)
[stderr]       Metadata:
[stderr]         creation_time   : 2026-07-12T09:54:07.000000Z
[stderr]         handler_name    : Core Media Metadata
[stderr] Stream mapping:
[stderr]   Stream #0:0 -> #0:0 (hevc (native) -> h264 (libx264))
[stderr]   Stream #0:1 -> #0:1[stderr]  (aac (native) -> aac (native))
[stderr] Press [q] to stop, [?] for help
[stderr] [libx264 @ 0x11dc11310] using cpu capabilities: ARMv8 NEON
[stderr] [libx264 @ 0x11dc11310] profile High, level 3.0, 4:2:0, 8-bit
[stderr] [libx264 @ 0x11dc11310] 264 - core 164 r3108 31e19f9 - H.264/MPEG-4 AVC codec - Copyleft 2003-2023 - http://www.videolan.org/x264.html - options: cabac=1 ref=1 deblock=1:0:0 analyse=0x3:0x113 me=hex subme=2 psy=1 psy_rd=1.00:0.00 mixed_ref=0 me_range=16 chroma_me=1 trellis=0 8x8dct=1 cqm=0 deadzone=21,11 fast_pskip=1 chroma_qp_offset=0 threads=15 lookahead_threads=3 sliced_threads=0 nr=0 decimate=1 interlaced=0 bluray_compat=0 constrained_intra=0 bframes=3 b_pyramid=2 b_adapt=1 b_bias=0 direct=1 weightb=1 open_gop=0 weightp=1 keyint=250 keyint_min=25 scenecut=40 intra_refresh=0 rc_lookahead=10 rc=crf mbtree=1 crf=18.0 qcomp=0.60 qpmin=0 qpmax=69 qpstep=4 ip_ratio=1.40 aq=1:1.00
[stderr] Output #0, mp4, to '/Users/johndoe/Documents/company/video_ops/scripts/abstract_algebra_in_proof_assistant/04-set-equality/takes/take-mrhmharr/pipeline/cut/cut-mrhvutes/chunks/chunk-005.mp4':
[stderr]   Metadata:
[stderr]     major_brand     : qt  
[stderr]     minor_version   : 0
[stderr]     compatible_brands: qt  
[stderr]     encoder         : Lavf61.7.100
[stderr]   Stream #0:0(und): Video: h264 (avc1 / 0x31637661), yuv420p(tv, smpte170m/bt709/bt709, progressive), 640x480, q=2-31, 29.83 fps, 11456 tbn (default)
[stderr]       Metadata:
[stderr]         creation_time   : 2026-07-12T09:54:07.000000Z
[stderr]         handler_name    : Core Media Video
[stderr]         vendor_id       : [0][0][0][0]
[stderr]         encoder         : Lavc61.19.100 libx264
[stderr]       Side data:
[stderr]         cpb: bitrate max/min/avg: 0/0/0 buffer size: 0 vbv_delay: N/A
[stderr]   Stream #0:1(und): Audio: aac (LC) (mp4a / 0x6134706D), 48000 Hz, mono, fltp, 69 kb/s (default)
[stderr]       Metadata:
[stderr]         creation_time   : 2026-07-12T09:54:07.000000Z
[stderr]         handler_name    : Core Media Audio
[stderr]         vendor_id       : [0][0][0][0]
[stderr]         encoder         : Lavc61.19.100 aac
[stderr] [out#0/mp4 @ 0x11dc16cf0] video:3088KiB audio:1KiB subtitle:0KiB other streams:0KiB global headers:0KiB muxing overhead: 0.161499%
[stderr] frame=  102 fps= 46 q=-1.0 Lsize=    3094KiB time=00:00:03.35 bitrate=7560.9kbits/s speed=1.52x    
[stderr] [libx264 @ 0x11dc11310] frame I:1     Avg QP:23.01  size: 69999
[stderr] [libx264 @ 0x11dc11310] frame P:41    Avg QP:23.75  size: 45172
[stderr] [libx264 @ 0x11dc11310] frame B:60    Avg QP:26.38  size: 20658
[stderr] [libx264 @ 0x11dc11310] consecutive B-frames: 15.7% 11.8% 17.6% 54.9%
[stderr] [libx264 @ 0x11dc11310] mb I  I16..4:  0.2%  8.7% 91.2%
[stderr] [libx264 @ 0x11dc11310] mb P  I16..4:  0.4%  2.9% 11.4%  P16..4: 24.9% 22.9% 37.1%  0.0%  0.0%    skip: 0.5%
[stderr] [libx264 @ 0x11dc11310] mb B  I16..4:  0.2%  0.4%  0.8%  B16..8: 30.8% 19.1% 13.4%  direct:21.3%  skip:13.9%  L0:24.7% L1:30.1% BI:45.3%
[stderr] [libx264 @ 0x11dc11310] 8x8 transform intra:19.0% inter:33.8%
[stderr] [libx264 @ 0x11dc11310] coded y,uvDC,uvAC intra: 95.5% 72.2% 28.2% inter: 66.0% 23.5% 1.3%
[stderr] [libx264 @ 0x11dc11310] i16 v,h,dc,p: 25% 25% 38% 11%
[stderr] [libx264 @ 0x11dc11310] i8 v,h,dc,ddl,ddr,vr,hd,vl,hu: 21% 22% 14%  2%  9%  9% 10%  7%  7%
[stderr] [libx264 @ 0x11dc11310] i4 v,h,dc,ddl,ddr,vr,hd,vl,hu: 14% 17% 15%  4% 15%  8% 11%  7% 10%
[stderr] [libx264 @ 0x11dc11310] i8c dc,h,v,p: 51% 22% 20%  7%
[stderr] [libx264 @ 0x11dc11310] Weighted P-Frames: Y:29.3% UV:2.4%
[stderr] [libx264 @ 0x11dc11310] kb/s:7397.51
[stderr] [aac @ 0x10b938c70] Qavg: 65311.625
[stderr] ffmpeg version 7.1 Copyright (c) 2000-2024 the FFmpeg developers
[stderr]   built with Apple clang version 15.0.0 (clang-1500.1.0.2.5)
[stderr]   configuration: --prefix=/opt/homebrew/Cellar/ffmpeg/7.1_3 --enable-shared --enable-pthreads --enable-version3 --cc=clang --host-cflags= --host-ldflags='-Wl,-ld_classic' --enable-ffplay --enable-gnutls --enable-gpl --enable-libaom --enable-libaribb24 --enable-libbluray --enable-libdav1d --enable-libharfbuzz --enable-libjxl --enable-libmp3lame --enable-libopus --enable-librav1e --enable-librist --enable-librubberband --enable-libsnappy --enable-libsrt --enable-libssh --enable-libsvtav1 --enable-libtesseract --enable-libtheora --enable-libvidstab --enable-libvmaf --enable-libvorbis --enable-libvpx --enable-libwebp --enable-libx264 --enable-libx265 --enable-libxml2 --enable-libxvid --enable-lzma --enable-libfontconfig --enable-libfreetype --enable-frei0r --enable-libass --enable-libopencore-amrnb --enable-libopencore-amrwb --enable-libopenjpeg --enable-libspeex --enable-libsoxr --enable-libzmq --enable-libzimg --disable-libjack --disable-indev=jack --enable-videotoolbox --enable-audiotoolbox --enable-neon
[stderr]   libavutil      59. 39.100 / 59. 39.100
[stderr]   libavcodec     61. 19.100 / 61. 19.100
[stderr]   libavformat    61.  7.100 / 61.  7.100
[stderr]   libavdevice    61.  3.100 / 61.  3.100
[stderr]   libavfilter    10.  4.100 / 10.  4.100
[stderr]   libswscale      8.  3.100 /  8.  3.100
[stderr]   libswresample   5.  3.100 /  5.  3.100
[stderr]   libpostproc    58.  3.100 / 58.  3.100
[stderr] Input #0, mov,mp4,m4a,3gp,3g2,mj2, from '/Users/johndoe/Documents/company/video_ops/scripts/abstract_algebra_in_proof_assistant/04-set-equality/takes/take-mrhmharr/source.mp4':
[stderr]   Metadata:
[stderr]     major_brand     : qt  
[stderr]     minor_version   : 0
[stderr]     compatible_brands: qt  
[stderr]     creation_time   : 2026-07-12T09:54:07.000000Z
[stderr]   Duration: 00:06:08.94, start: 0.000000, bitrate: 2946 kb/s
[stderr]   Stream #0:0[0x1](und): Video: hevc (Main) (hvc1 / 0x31637668), yuv420p(tv, smpte170m/bt709/bt709), 640x480, 2834 kb/s, 29.95 fps, 29.83 tbr, 600 tbn (default)
[stderr]       Metadata:
[stderr]         creation_time   : 2026-07-12T09:54:07.000000Z
[stderr]         handler_name    : Core Media Video
[stderr]         vendor_id       : [0][0][0][0]
[stderr]         encoder         : HEVC
[stderr]       Side data:
[stderr]         displaymatrix: rotation of -180.00 degrees
[stderr]   Stream #0:1[0x2](und): Audio: aac (LC) (mp4a / 0x6134706D), 48000 Hz, mono, fltp, 100 kb/s (default)
[stderr]       Metadata:
[stderr]         creation_time   : 2026-07-12T09:54:07.000000Z
[stderr]         handler_name    : Core Media Audio
[stderr]         vendor_id       : [0][0][0][0]
[stderr]   Stream #0:2[0x3](und): Data: none (mebx / 0x7862656D) (default)
[stderr]       Metadata:
[stderr]         creation_time   : 2026-07-12T09:54:07.000000Z
[stderr]         handler_name    : Core Media Metadata
[stderr] Stream mapping:
[stderr]   Stream #0:0 -> #0:0 (hevc (native) -> h264 (libx264))
[stderr]   Stream #0:1 -> #0:1 (aac (native) -> aac (native))
[stderr] Press [q] to stop, [?] for help
[stderr] [libx264 @ 0x137e35fd0] [stderr] using cpu capabilities: ARMv8 NEON
[stderr] [libx264 @ 0x137e35fd0] profile High, level 3.0, 4:2:0, 8-bit
[stderr] [libx264 @ 0x137e35fd0] 264 - core 164 r3108 31e19f9 - H.264/MPEG-4 AVC codec - Copyleft 2003-2023 - http://www.videolan.org/x264.html - options: cabac=1 ref=1 deblock=1:0:0 analyse=0x3:0x113 me=hex subme=2 psy=1 psy_rd=1.00:0.00 mixed_ref=0 me_range=16 chroma_me=1 trellis=0 8x8dct=1 cqm=0 deadzone=21,11 fast_pskip=1 chroma_qp_offset=0 threads=15 lookahead_threads=3 sliced_threads=0 nr=0 decimate=1 interlaced=0 bluray_compat=0 constrained_intra=0 bframes=3 b_pyramid=2 b_adapt=1 b_bias=0 direct=1 weightb=1 open_gop=0 weightp=1 keyint=250 keyint_min=25 scenecut=40 intra_refresh=0 rc_lookahead=10 rc=crf mbtree=1 crf=18.0 qcomp=0.60 qpmin=0 qpmax=69 qpstep=4 ip_ratio=1.40 aq=1:1.00
[stderr] Output #0, mp4, to '/Users/johndoe/Documents/company/video_ops/scripts/abstract_algebra_in_proof_assistant/04-set-equality/takes/take-mrhmharr/pipeline/cut/cut-mrhvutes/chunks/chunk-014.mp4':
[stderr]   Metadata:
[stderr]     major_brand     : qt  
[stderr]     minor_version   : 0
[stderr]     compatible_brands: qt  
[stderr]     encoder         : Lavf61.7.100
[stderr]   Stream #0:0(und): Video: h264 (avc1 / 0x31637661), yuv420p(tv, smpte170m/bt709/bt709, progressive), 640x480, q=2-31, 29.83 fps, 11456 tbn (default)
[stderr]       Metadata:
[stderr]         creation_time   : 2026-07-12T09:54:07.000000Z
[stderr]         handler_name    : Core Media Video
[stderr]         vendor_id       : [0][0][0][0]
[stderr]         encoder         : Lavc61.19.100 libx264
[stderr]       Side data:
[stderr]         cpb: bitrate max/min/avg: 0/0/0 buffer size: 0 vbv_delay: N/A
[stderr]   Stream #0:1(und): Audio: aac (LC) (mp4a / 0x6134706D), 48000 Hz, mono, fltp, 69 kb/s (default)
[stderr]       Metadata:
[stderr]         creation_time   : 2026-07-12T09:54:07.000000Z
[stderr]         handler_name    : Core Media Audio
[stderr]         vendor_id       : [0][0][0][0]
[stderr]         encoder         : Lavc61.19.100 aac
[stderr] frame=   80 fps= 14 q=24.0 size=    2304KiB time=00:00:02.61 bitrate=7219.2kbits/s speed=0.474x    
[stderr] [out#0/mp4 @ 0x137e34220] video:5277KiB audio:1KiB subtitle:0KiB other streams:0KiB global headers:0KiB muxing overhead: 0.145862%
[stderr] frame=  178 fps= 31 q=-1.0 Lsize=    5286KiB time=00:00:05.89 bitrate=7340.4kbits/s speed=1.03x    
[stderr] [libx264 @ 0x137e35fd0] frame I:3     Avg QP:22.00  size: 50204
[stderr] [libx264 @ 0x137e35fd0] frame P:60    Avg QP:23.92  size: 40917
[stderr] [libx264 @ 0x137e35fd0] frame B:115   Avg QP:26.03  size: 24327
[stderr] [libx264 @ 0x137e35fd0] consecutive B-frames: 10.1%  9.0%  6.7% 74.2%
[stderr] [libx264 @ 0x137e35fd0] mb I  I16..4:  2.1% 10.9% 86.9%
[stderr] [libx264 @ 0x137e35fd0] mb P  I16..4:  2.2%  8.3% 32.7%  P16..4: 15.2% 15.8% 25.2%  0.0%  0.0%    skip: 0.7%
[stderr] [libx264 @ 0x137e35fd0] mb B  I16..4:  0.8%  1.4%  3.2%  B16..8: 27.9% 22.9% 19.0%  direct:17.6%  skip: 7.3%  L0:32.2% L1:32.3% BI:35.5%
[stderr] [libx264 @ 0x137e35fd0] 8x8 transform intra:19.7% inter:34.9%
[stderr] [libx264 @ 0x137e35fd0] [stderr] coded y,uvDC,uvAC intra: 91.0% 73.5% 36.9% inter: 67.9% 31.4% 2.5%
[stderr] [libx264 @ 0x137e35fd0] i16 v,h,dc,p: 39% 23% 25% 14%
[stderr] [libx264 @ 0x137e35fd0] i8 v,h,dc,ddl,ddr,vr,hd,vl,hu: 21% 19% 15%  3%  9%  7%  9%  8%  8%
[stderr] [libx264 @ 0x137e35fd0] i4 v,h,dc,ddl,ddr,vr,hd,vl,hu: 15% 17% 13%  4% 15%  9% 11%  8%  9%
[stderr] [libx264 @ 0x137e35fd0] i8c dc,h,v,p: 47% 23% 20% 10%
[stderr] [libx264 @ 0x137e35fd0] Weighted P-Frames: Y:13.3% UV:3.3%
[stderr] [libx264 @ 0x137e35fd0] kb/s:7244.84
[stderr] [aac @ 0x137e9cc30] Qavg: 65405.852
[stderr] ffmpeg version 7.1 Copyright (c) 2000-2024 the FFmpeg developers
[stderr]   built with Apple clang version 15.0.0 (clang-1500.1.0.2.5)
[stderr]   configuration: --prefix=/opt/homebrew/Cellar/ffmpeg/7.1_3 --enable-shared --enable-pthreads --enable-version3 --cc=clang --host-cflags= --host-ldflags='-Wl,-ld_classic' --enable-ffplay --enable-gnutls --enable-gpl --enable-libaom --enable-libaribb24 --enable-libbluray --enable-libdav1d --enable-libharfbuzz --enable-libjxl --enable-libmp3lame --enable-libopus --enable-librav1e --enable-librist --enable-librubberband --enable-libsnappy --enable-libsrt --enable-libssh --enable-libsvtav1 --enable-libtesseract --enable-libtheora --enable-libvidstab --enable-libvmaf --enable-libvorbis --enable-libvpx --enable-libwebp --enable-libx264 --enable-libx265 --enable-libxml2 --enable-libxvid --enable-lzma --enable-libfontconfig --enable-libfreetype --enable-frei0r --enable-libass --enable-libopencore-amrnb --enable-libopencore-amrwb --enable-libopenjpeg --enable-libspeex --enable-libsoxr --enable-libzmq --enable-libzimg --disable-libjack --disable-indev=jack --enable-videotoolbox --enable-audiotoolbox --enable-neon
[stderr]   libavutil      59. 39.100 / 59. 39.100
[stderr]   libavcodec     61. 19.100 / 61. 19.100
[stderr]   libavformat    61.  7.100 / 61.  7.100
[stderr]   libavdevice    61.  3.100 / 61.  3.100
[stderr]   libavfilter    10.  4.100 / 10.  4.100
[stderr]   libswscale      8.  3.100 /  8.  3.100
[stderr]   libswresample   5.  3.100 /  5.  3.100
[stderr]   libpostproc    58.  3.100 / 58.  3.100
[stderr] Input #0, mov,mp4,m4a,3gp,3g2,mj2, from '/Users/johndoe/Documents/company/video_ops/scripts/abstract_algebra_in_proof_assistant/04-set-equality/takes/take-mrhmharr/source.mp4':
[stderr]   Metadata:
[stderr]     major_brand     : qt  
[stderr]     minor_version   : [stderr] 0
[stderr]     compatible_brands: qt  
[stderr]     creation_time   : 2026-07-12T09:54:07.000000Z
[stderr]   Duration: 00:06:08.94, start: 0.000000, bitrate: 2946 kb/s
[stderr]   Stream #0:0[0x1](und): Video: hevc (Main) (hvc1 / 0x31637668), yuv420p(tv, smpte170m/bt709/bt709), 640x480, 2834 kb/s, 29.95 fps, 29.83 tbr, 600 tbn (default)
[stderr]       Metadata:
[stderr]         creation_time   : 2026-07-12T09:54:07.000000Z
[stderr]         handler_name    : Core Media Video
[stderr]         vendor_id       : [0][0][0][0]
[stderr]         encoder         : HEVC
[stderr]       Side data:
[stderr]         displaymatrix: rotation of -180.00 degrees
[stderr]   Stream #0:1[0x2](und): Audio: aac (LC) (mp4a / 0x6134706D), 48000 Hz, mono, fltp, 100 kb/s (default)
[stderr]       Metadata:
[stderr]         creation_time   : 2026-07-12T09:54:07.000000Z
[stderr]         handler_name    : Core Media Audio
[stderr]         vendor_id       : [0][0][0][0]
[stderr]   Stream #0:2[0x3](und): Data: none (mebx / 0x7862656D) (default)
[stderr]       Metadata:
[stderr]         creation_time   : 2026-07-12T09:54:07.000000Z
[stderr]         handler_name    : Core Media Metadata
[stderr] Stream mapping:
[stderr]   Stream #0:0 -> #0:0 (hevc (native) -> h264 (libx264))
[stderr]   Stream #0:1 -> #0:1 (aac (native) -> aac (native))
[stderr] Press [q] to stop, [?] for help
[stderr] [libx264 @ 0x14b60e9d0] using cpu capabilities: ARMv8 NEON
[stderr] [libx264 @ 0x14b60e9d0] profile High, level 3.0, 4:2:0, 8-bit
[stderr] [libx264 @ 0x14b60e9d0] 264 - core 164 r3108 31e19f9 - H.264/MPEG-4 AVC codec - Copyleft 2003-2023 - http://www.videolan.org/x264.html - options: cabac=1 ref=1 deblock=1:0:0 analyse=0x3:0x113 me=hex subme=2 psy=1 psy_rd=1.00:0.00 mixed_ref=0 me_range=16 chroma_me=1 trellis=0 8x8dct=1 cqm=0 deadzone=21,11 fast_pskip=1 chroma_qp_offset=0 threads=15 lookahead_threads=3 sliced_threads=0 nr=0 decimate=1 interlaced=0 bluray_compat=0 constrained_intra=0 bframes=3 b_pyramid=2 b_adapt=1 b_bias=0 direct=1 weightb=1 open_gop=0 weightp=1 keyint=250 keyint_min=25 scenecut=40 intra_refresh=0 rc_lookahead=10 rc=crf mbtree=1 crf=18.0 qcomp=0.60 qpmin=0 qpmax=69 qpstep=4 ip_ratio=1.40 aq=1:1.00
[stderr] Output #0, mp4, to '/Users/johndoe/Documents/company/video_ops/scripts/abstract_algebra_in_proof_assistant/04-set-equality/takes/take-mrhmharr/pipeline/cut/cut-mrhvutes/chunks/chunk-006.mp4':
[stderr]   Metadata:
[stderr]     major_brand     : qt  
[stderr]     minor_version   : 0
[stderr]     compatible_brands: qt  
[stderr]     encoder         : Lavf61.7.100
[stderr]   Stream #0:0(und): Video: h264 (avc1 / 0x31637661), yuv420p(tv, smpte170m/bt709/bt709, progressive), 640x480, q=2-31, 29.83 fps, 11456 tbn (default)
[stderr]       Metadata:
[stderr]         creation_time   : 2026-07-12T09:54:07.000000Z
[stderr]         handler_name    : Core Media Video
[stderr]         vendor_id       : [0][0][0][0]
[stderr]         encoder         : Lavc61.19.100 libx264
[stderr]       Side data:
[stderr]         cpb: bitrate max/min/avg: 0/0/0 buffer size: 0 vbv_delay: N/A
[stderr]   Stream #0:1(und): Audio: aac (LC) (mp4a / 0x6134706D), 48000 Hz, mono, fltp, 69 kb/s (default)
[stderr]       Metadata:
[stderr]         creation_time   : 2026-07-12T09:54:07.000000Z
[stderr]         handler_name    : Core Media Audio
[stderr]         vendor_id       : [0][0][0][0]
[stderr]         encoder         : Lavc61.19.100 aac
[stderr] frame=  116 fps= 46 q=24.0 size=    3328KiB time=00:00:03.78 bitrate=7197.8kbits/s speed=1.51x    
[stderr] frame=  334 fps=111 q=24.0 size=    9728KiB time=00:00:11.09 bitrate=7182.7kbits/s dup=0 drop=1 speed=3.68x    
[stderr] frame=  604 fps=172 q=24.0 size=   14848KiB time=00:00:20.17 bitrate=6027.9kbits/s dup=0 drop=2 speed=5.73x    
[stderr] [out#0/mp4 @ 0x14b60dbb0] video:16410KiB audio:4KiB subtitle:0KiB other streams:0KiB global headers:0KiB muxing overhead: 0.156878%
[stderr] frame=  693 fps=189 q=-1.0 Lsize=   16440KiB time=00:00:23.12 bitrate=5822.9kbits/s dup=0 drop=3 speed=6.32x    
[stderr] [libx264 @ 0x14b60e9d0] frame I:4     Avg QP:19.70  size: 50191
[stderr] [libx264 @ 0x14b60e9d0] frame P:262   Avg QP:21.27  size: 36658
[stderr] [libx264 @ 0x14b60e9d0] frame B:427   Avg QP:25.23  size: 16388
[stderr] [libx264 @ 0x14b60e9d0] consecutive B-frames: 11.1% 17.0%  9.5% 62.3%
[stderr] [libx264 @ 0x14b60e9d0] mb I  I16..4: 11.9%  9.2% 78.9%
[stderr] [libx264 @ 0x14b60e9d0] mb P  I16..4:  9.6%  4.9% 13.5%  P16..4: 19.4% 18.5% 28.1%  0.0%  0.0%    skip: 6.1%
[stderr] [libx264 @ 0x14b60e9d0] mb B  I16..4:  1.5%  0.6%  1.2%  B16..8: 28.4% 17.0% 11.3%  direct:16.2%  skip:23.8%  L0:26.9% L1:30.0% BI:43.1%
[stderr] [libx264 @ 0x14b60e9d0] 8x8 transform intra:17.3% inter:34.6%
[stderr] [libx264 @ 0x14b60e9d0] coded y,uvDC,uvAC intra: 63.0% 54.9% 28.8% inter: 54.0% 24.2% 2.8%
[stderr] [libx264 @ 0x14b60e9d0] i16 v,h,dc,p: 82%  8%  7%  3%
[stderr] [libx264 @ 0x14b60e9d0] i8 v,h,dc,ddl,ddr,vr,hd,vl,hu: 28% 16% 19%  2%  7%  8%  6%  7%  6%
[stderr] [libx264 @ 0x14b60e9d0] [stderr] i4 v,h,dc,ddl,ddr,vr,hd,vl,hu: 17% 17% 14%  4% 13%  9%  9%  7% 10%
[stderr] [libx264 @ 0x14b60e9d0] i8c dc,h,v,p: 62% 15% 16%  6%
[stderr] [libx264 @ 0x14b60e9d0] Weighted P-Frames: Y:16.0% UV:2.7%
[stderr] [libx264 @ 0x14b60e9d0] kb/s:5786.85
[stderr] [aac @ 0x14b66d930] Qavg: 65502.414
[stderr] ffmpeg version 7.1 Copyright (c) 2000-2024 the FFmpeg developers
[stderr]   built with Apple clang version 15.0.0 (clang-1500.1.0.2.5)
[stderr]   configuration: --prefix=/opt/homebrew/Cellar/ffmpeg/7.1_3 --enable-shared --enable-pthreads --enable-version3 --cc=clang --host-cflags= --host-ldflags='-Wl,-ld_classic' --enable-ffplay --enable-gnutls --enable-gpl --enable-libaom --enable-libaribb24 --enable-libbluray --enable-libdav1d --enable-libharfbuzz --enable-libjxl --enable-libmp3lame --enable-libopus --enable-librav1e --enable-librist --enable-librubberband --enable-libsnappy --enable-libsrt --enable-libssh --enable-libsvtav1 --enable-libtesseract --enable-libtheora --enable-libvidstab --enable-libvmaf --enable-libvorbis --enable-libvpx --enable-libwebp --enable-libx264 --enable-libx265 --enable-libxml2 --enable-libxvid --enable-lzma --enable-libfontconfig --enable-libfreetype --enable-frei0r --enable-libass --enable-libopencore-amrnb --enable-libopencore-amrwb --enable-libopenjpeg --enable-libspeex --enable-libsoxr --enable-libzmq --enable-libzimg --disable-libjack --disable-indev=jack --enable-videotoolbox --enable-audiotoolbox --enable-neon
[stderr]   libavutil      59. 39.100 / 59. 39.100
[stderr]   libavcodec     61. 19.100 / 61. 19.100
[stderr]   libavformat    61.  7.100 / 61.  7.100
[stderr]   libavdevice    61.  3.100 / 61.  3.100
[stderr]   libavfilter    10.  4.100 / 10.  4.100
[stderr]   libswscale      8.  3.100 /  8.  3.100
[stderr]   libswresample   5.  3.100 /  5.  3.100
[stderr]   libpostproc    58.  3.100 / 58.  3.100
[stderr] Input #0, mov,mp4,m4a,3gp,3g2,mj2, from '/Users/johndoe/Documents/company/video_ops/scripts/abstract_algebra_in_proof_assistant/04-set-equality/takes/take-mrhmharr/source.mp4':
[stderr]   Metadata:
[stderr]     major_brand     : qt  
[stderr]     minor_version   : 0
[stderr]     compatible_brands: qt  
[stderr]     creation_time   : 2026-07-12T09:54:07.000000Z
[stderr]   Duration: 00:06:08.94, start: 0.000000, bitrate: 2946 kb/s
[stderr]   Stream #0:0[0x1](und): Video: hevc (Main) (hvc1 / 0x31637668), yuv420p(tv, smpte170m/bt709/bt709), 640x480, 2834 kb/s, 29.95 fps, 29.83 tbr, 600 tbn (default)
[stderr]       Metadata:
[stderr]         creation_time   : 2026-07-12T09:54:07.000000Z
[stderr]         handler_name    : Core Media Video
[stderr]         vendor_id       : [0][0][0][0]
[stderr]         encoder         : HEVC
[stderr]       Side data:
[stderr]         displaymatrix: rotation of -180.00 degrees
[stderr]   Stream #0:1[0x2](und): Audio: aac (LC) (mp4a / 0x6134706D), 48000 Hz, mono, fltp, 100 kb/s (default)
[stderr]       Metadata:
[stderr]         creation_time   : 2026-07-12T09:54:07.000000Z
[stderr]         handler_name    : Core Media Audio
[stderr]         vendor_id       : [0][0][0][0]
[stderr]   Stream #0:2[0x3](und): Data: none (mebx / 0x7862656D) (default)
[stderr]       Metadata:
[stderr]         creation_time   : 2026-07-12T09:54:07.000000Z
[stderr]         handler_name    : Core Media Metadata
[stderr] Stream mapping:
[stderr]   Stream #0:0 -> #0:0 (hevc (native) -> h264 (libx264))
[stderr]   Stream #0:1 -> #0:1 (aac (native) -> aac (native))
[stderr] Press [q] to stop, [?] for help
[stderr] [libx264 @ 0x13be36480] using cpu capabilities: ARMv8 NEON
[stderr] [libx264 @ 0x13be36480] profile High, level 3.0, 4:2:0, 8-bit
[stderr] [libx264 @ 0x13be36480] [stderr] 264 - core 164 r3108 31e19f9 - H.264/MPEG-4 AVC codec - Copyleft 2003-2023 - http://www.videolan.org/x264.html - options: cabac=1 ref=1 deblock=1:0:0 analyse=0x3:0x113 me=hex subme=2 psy=1 psy_rd=1.00:0.00 mixed_ref=0 me_range=16 chroma_me=1 trellis=0 8x8dct=1 cqm=0 deadzone=21,11 fast_pskip=1 chroma_qp_offset=0 threads=15 lookahead_threads=3 sliced_threads=0 nr=0 decimate=1 interlaced=0 bluray_compat=0 constrained_intra=0 bframes=3 b_pyramid=2 b_adapt=1 b_bias=0 direct=1 weightb=1 open_gop=0 weightp=1 keyint=250 keyint_min=25 scenecut=40 intra_refresh=0 rc_lookahead=10 rc=crf mbtree=1 crf=18.0 qcomp=0.60 qpmin=0 qpmax=69 qpstep=4 ip_ratio=1.40 aq=1:1.00
[stderr] Output #0, mp4, to '/Users/johndoe/Documents/company/video_ops/scripts/abstract_algebra_in_proof_assistant/04-set-equality/takes/take-mrhmharr/pipeline/cut/cut-mrhvutes/chunks/chunk-015.mp4':
[stderr]   Metadata:
[stderr]     major_brand     : qt  
[stderr]     minor_version   : 0
[stderr]     compatible_brands: qt  
[stderr]     encoder         : Lavf61.7.100
[stderr]   Stream #0:0(und): Video: h264 (avc1 / 0x31637661), yuv420p(tv, smpte170m/bt709/bt709, progressive), 640x480, q=2-31, 29.83 fps, 11456 tbn (default)
[stderr]       Metadata:
[stderr]         creation_time   : 2026-07-12T09:54:07.000000Z
[stderr]         handler_name    : Core Media Video
[stderr]         vendor_id       : [0][0][0][0]
[stderr]         encoder         : Lavc61.19.100 libx264
[stderr]       Side data:
[stderr]         cpb: bitrate max/min/avg: 0/0/0 buffer size: 0 vbv_delay: N/A
[stderr]   Stream #0:1(und): Audio: aac (LC) (mp4a / 0x6134706D), 48000 Hz, mono, fltp, 69 kb/s (default)
[stderr]       Metadata:
[stderr]         creation_time   : 2026-07-12T09:54:07.000000Z
[stderr]         handler_name    : Core Media Audio
[stderr]         vendor_id       : [0][0][0][0]
[stderr]         encoder         : Lavc61.19.100 aac
[stderr] frame=  174 fps= 31 q=24.0 size=    4608KiB time=00:00:05.76 bitrate=6547.6kbits/s speed=1.04x    
[stderr] [out#0/mp4 @ 0x13c804de0] video:6293KiB audio:1KiB subtitle:0KiB other streams:0KiB global headers:0KiB muxing overhead: 0.155332%
[stderr] frame=  236 fps= 42 q=-1.0 Lsize=    6304KiB time=00:00:07.84 bitrate=6584.3kbits/s speed=1.39x    
[stderr] [libx264 @ 0x13be36480] frame I:3     Avg QP:21.56  size: 50300
[stderr] [libx264 @ 0x13be36480] frame P:76    Avg QP:23.34  size: 39676
[stderr] [libx264 @ 0x13be36480] frame B:157   Avg QP:25.34  size: 20873
[stderr] [libx264 @ 0x13be36480] consecutive B-frames:  8.1%  6.8%  8.9% 76.3%
[stderr] [libx264 @ 0x13be36480] mb I  I16..4:  3.8% 13.4% 82.9%
[stderr] [libx264 @ 0x13be36480] mb P  I16..4:  2.6% 12.4% 30.1%  P16..4: 14.6% 15.4% 24.5%  0.0%  0.0%    skip: 0.5%
[stderr] [libx264 @ 0x13be36480] mb B  I16..4:  0.9%  2.6%  2.9%  B16..8: 27.3% 19.6% 15.2%  direct:20.1%  skip:11.3%  L0:30.8% L1:31.5% BI:37.6%
[stderr] [libx264 @ 0x13be36480] 8x8 transform intra:29.4% inter:37.8%
[stderr] [libx264 @ 0x13be36480] coded y,uvDC,uvAC intra: 88.6% 74.1% 41.5% inter: 63.7% 34.3% 4.6%
[stderr] [libx264 @ 0x13be36480] i16 v,h,dc,p: 48% 15% 23% 15%
[stderr] [libx264 @ 0x13be36480] i8 v,h,dc,ddl,ddr,vr,hd,vl,hu: 25% 19% 15%  3%  9%  8%  7%  7%  8%
[stderr] [libx264 @ 0x13be36480] i4 v,h,dc,ddl,ddr,vr,hd,vl,hu: 14% 19% 13%  4% 14%  9% 11%  6% 10%
[stderr] [libx264 @ 0x13be36480] i8c dc,h,v,p: 48% 22% 20% 10%
[stderr] [libx264 @ 0x13be36480] Weighted P-Frames: Y:18.4% UV:6.6%
[stderr] [libx264 @ 0x13be36480] kb/s:6516.15
[stderr] [aac @ 0x13be9cef0] Qavg: 65437.688
[stderr] [libx264 @ 0x10ee05190] using cpu capabilities: ARMv8 NEON
[stderr] [libx264 @ 0x10ee05190] profile High, level 3.0, 4:2:0, 8-bit
[stderr] [libx264 @ 0x10ee05190] 264 - core 164 r3108 31e19f9 - H.264/MPEG-4 AVC codec - Copyleft 2003-2023 - http://www.videolan.org/x264.html - options: cabac=1 ref=1 deblock=1:0:0 analyse=0x3:0x113 me=hex subme=2 psy=1 psy_rd=1.00:0.00 mixed_ref=0 me_range=16 chroma_me=1 trellis=0 8x8dct=1 cqm=0 deadzone=21,11 fast_pskip=1 chroma_qp_offset=0 threads=15 lookahead_threads=3 sliced_threads=0 nr=0 decimate=1 interlaced=0 bluray_compat=0 constrained_intra=0 bframes=3 b_pyramid=2 b_adapt=1 b_bias=0 direct=1 weightb=1 open_gop=0 weightp=1 keyint=250 keyint_min=25 scenecut=40 intra_refresh=0 rc_lookahead=10 rc=crf mbtree=1 crf=18.0 qcomp=0.60 qpmin=0 qpmax=69 qpstep=4 ip_ratio=1.40 aq=1:1.00
[stderr] Output #0, mp4, to '/Users/johndoe/Documents/company/video_ops/scripts/abstract_algebra_in_proof_assistant/04-set-equality/takes/take-mrhmharr/pipeline/cut/cut-mrhvutes/chunks/chunk-007.mp4':
[stderr]   Metadata:
[stderr]     major_brand     : qt  
[stderr]     minor_version   : 0
[stderr]     compatible_brands: qt  
[stderr]     encoder         : Lavf61.7.100
[stderr]   Stream #0:0(und): Video: h264 (avc1 / 0x31637661), yuv420p(tv, smpte170m/bt709/bt709, progressive), 640x480, q=2-31, 29.83 fps, 11456 tbn (default)
[stderr]       Metadata:
[stderr]         creation_time   : 2026-07-12T09:54:07.000000Z
[stderr]         handler_name    : Core Media Video
[stderr]         vendor_id       : [0][0][0][0]
[stderr]         encoder         : Lavc61.19.100 libx264
[stderr]       Side data:
[stderr]         cpb: bitrate max/min/avg: 0/0/0 buffer size: 0 vbv_delay: N/A
[stderr]   Stream #0:1(und): Audio: aac (LC) (mp4a / 0x6134706D), 48000 Hz, mono, fltp, 69 kb/s (default)
[stderr]       Metadata:
[stderr]         creation_time   : 2026-07-12T09:54:07.000000Z
[stderr]         handler_name    : Core Media Audio
[stderr]         vendor_id       : [0][0][0][0]
[stderr]         encoder         : Lavc61.19.100 aac
[stderr] ffmpeg version 7.1 Copyright (c) 2000-2024 the FFmpeg developers
[stderr]   built with Apple clang version 15.0.0 (clang-1500.1.0.2.5)
[stderr]   configuration: --prefix=/opt/homebrew/Cellar/ffmpeg/7.1_3 --enable-shared --enable-pthreads --enable-version3 --cc=clang --host-cflags= --host-ldflags='-Wl,-ld_classic' --enable-ffplay --enable-gnutls --enable-gpl --enable-libaom --enable-libaribb24 --enable-libbluray --enable-libdav1d --enable-libharfbuzz --enable-libjxl --enable-libmp3lame --enable-libopus --enable-librav1e --enable-librist --enable-librubberband --enable-libsnappy --enable-libsrt --enable-libssh --enable-libsvtav1 --enable-libtesseract --enable-libtheora --enable-libvidstab --enable-libvmaf --enable-libvorbis --enable-libvpx --enable-libwebp --enable-libx264 --enable-libx265 --enable-libxml2 --enable-libxvid --enable-lzma --enable-libfontconfig --enable-libfreetype --enable-frei0r --enable-libass --enable-libopencore-amrnb --enable-libopencore-amrwb --enable-libopenjpeg --enable-libspeex --enable-libsoxr --enable-libzmq --enable-libzimg --disable-libjack --disable-indev=jack --enable-videotoolbox --enable-audiotoolbox --enable-neon
[stderr]   libavutil      59. 39.100 / 59. 39.100
[stderr]   libavcodec     61. 19.100 / 61. 19.100
[stderr]   libavformat    61.  7.100 / 61.  7.100
[stderr]   libavdevice    61.  3.100 / 61.  3.100
[stderr]   libavfilter    10.  4.100 / 10.  4.100
[stderr]   libswscale      8.  3.100 /  8.  3.100
[stderr]   libswresample   5.  3.100 /  5.  3.100
[stderr]   libpostproc    58.  3.100 / 58.  3.100
[stderr] Input #0, mov,mp4,m4a,3gp,3g2,mj2, from '/Users/johndoe/Documents/company/video_ops/scripts/abstract_algebra_in_proof_assistant/04-set-equality/takes/take-mrhmharr/source.mp4':
[stderr]   Metadata:
[stderr]     major_brand     : qt  
[stderr]     minor_version   : 0
[stderr]     compatible_brands: qt  
[stderr]     creation_time   : 2026-07-12T09:54:07.000000Z
[stderr]   Duration: 00:06:08.94, start: 0.000000, bitrate: 2946 kb/s
[stderr]   Stream #0:0[0x1](und): Video: hevc (Main) (hvc1 / 0x31637668), yuv420p(tv, smpte170m/bt709/bt709), 640x480, 2834 kb/s, 29.95 fps, 29.83 tbr, 600 tbn (default)
[stderr]       Metadata:
[stderr]         creation_time   : 2026-07-12T09:54:07.000000Z
[stderr]         handler_name    : Core Media Video
[stderr]         vendor_id       : [0][0][0][0]
[stderr]         encoder         : HEVC
[stderr]       Side data:
[stderr]         displaymatrix: rotation of -180.00 degrees
[stderr]   Stream #0:1[0x2](und): Audio: aac (LC) (mp4a / 0x6134706D), 48000 Hz, mono, fltp, 100 kb/s (default)
[stderr]       Metadata:
[stderr]         creation_time   : 2026-07-12T09:54:07.000000Z
[stderr]         handler_name    : Core Media Audio
[stderr]         vendor_id       : [0][0][0][0]
[stderr]   Stream #0:2[0x3](und): Data: none (mebx / 0x7862656D) (default)
[stderr]       Metadata:
[stderr]         creation_time   : 2026-07-12T09:54:07.000000Z
[stderr]         handler_name    : Core Media Metadata
[stderr] Stream mapping:
[stderr]   Stream #0:0 -> #0:0 (hevc (native) -> h264 (libx264))
[stderr]   Stream #0:1 -> #0:1 (aac (native) -> aac (native))
[stderr] Press [q] to stop, [?] for help
[stderr] frame=   94 fps= 31 q=24.0 size=    1792KiB time=00:00:03.08 bitrate=4760.5kbits/s speed=1.03x    
[stderr] frame=  313 fps= 89 q=24.0 size=    6912KiB time=00:00:10.39 bitrate=5449.2kbits/s speed=2.96x    
[stderr] frame=  550 fps=137 q=24.0 size=   12800KiB time=00:00:18.33 bitrate=5718.9kbits/s speed=4.58x    
[stderr] [out#0/mp4 @ 0x10ee041e0] video:15317KiB audio:4KiB subtitle:0KiB other streams:0KiB global headers:0KiB muxing overhead: 0.155960%
[stderr] frame=  632 fps=152 q=-1.0 Lsize=   15345KiB time=00:00:21.11 bitrate=5952.7kbits/s speed=5.09x    
[stderr] [libx264 @ 0x10ee05190] frame I:5     Avg QP:19.54  size: 56406
[stderr] [libx264 @ 0x10ee05190] frame P:180   Avg QP:22.17  size: 40727
[stderr] [libx264 @ 0x10ee05190] frame B:447   Avg QP:24.99  size: 18056
[stderr] [libx264 @ 0x10ee05190] consecutive B-frames:  3.2%  6.0%  4.7% 86.1%
[stderr] [libx264 @ 0x10ee05190] mb I  I16..4: 10.1%  7.6% 82.3%
[stderr] [libx264 @ 0x10ee05190] mb P  I16..4:  6.0%  6.4% 22.4%  P16..4: 16.0% 17.7% 29.6%  0.0%  0.0%    skip: 1.8%
[stderr] [libx264 @ 0x10ee05190] mb B  I16..4:  1.3%  0.6%  1.0%  B16..8: 28.8% 17.5% 14.7%  direct:16.4%  skip:19.7%  L0:27.3% L1:31.4% BI:41.2%
[stderr] [libx264 @ 0x10ee05190] 8x8 transform intra:18.1% inter:31.2%
[stderr] [libx264 @ 0x10ee05190] coded y,uvDC,uvAC intra: 77.0% 66.9% 37.6% inter: 53.5% 27.4% 3.8%
[stderr] [libx264 @ 0x10ee05190] i16 v,h,dc,p: 78% 13%  6%  3%
[stderr] [libx264 @ 0x10ee05190] i8 v,h,dc,ddl,ddr,vr,hd,vl,hu: 24% 16% 17%  3% 11%  9%  8%  6%  7%
[stderr] [libx264 @ 0x10ee05190] i4 v,h,dc,ddl,ddr,vr,hd,vl,hu: 16% 17% 15%  4% 13%  8%  9%  7% 10%
[stderr] [libx264 @ 0x10ee05190] i8c dc,h,v,p: 57% 17% 18%  8%
[stderr] [libx264 @ 0x10ee05190] Weighted P-Frames: Y:18.3% UV:3.3%
[stderr] [libx264 @ 0x10ee05190] kb/s:5922.84
[stderr] [aac @ 0x10ee6a0a0] Qavg: 65499.207
[stderr] ffmpeg version 7.1 Copyright (c) 2000-2024 the FFmpeg developers
[stderr]   built with Apple clang version 15.0.0 (clang-1500.1.0.2.5)
[stderr]   configuration: --prefix=/opt/homebrew/Cellar/ffmpeg/7.1_3 --enable-shared --enable-pthreads --enable-version3 --cc=clang --host-cflags= --host-ldflags='-Wl,-ld_classic' --enable-ffplay --enable-gnutls --enable-gpl --enable-libaom --enable-libaribb24 --enable-libbluray --enable-libdav1d --enable-libharfbuzz --enable-libjxl --enable-libmp3lame --enable-libopus --enable-librav1e --enable-librist --enable-librubberband --enable-libsnappy --enable-libsrt --enable-libssh --enable-libsvtav1 --enable-libtesseract --enable-libtheora --enable-libvidstab --enable-libvmaf --enable-libvorbis --enable-libvpx --enable-libwebp --enable-libx264 --enable-libx265 --enable-libxml2 --enable-libxvid --enable-lzma --enable-libfontconfig --enable-libfreetype --enable-frei0r --enable-libass --enable-libopencore-amrnb --enable-libopencore-amrwb --enable-libopenjpeg --enable-libspeex --enable-libsoxr --enable-libzmq --enable-libzimg --disable-libjack --disable-indev=jack --enable-videotoolbox --enable-audiotoolbox --enable-neon
[stderr]   libavutil      59. 39.100 / 59. 39.100
[stderr]   libavcodec     61. 19.100 / 61. 19.100
[stderr]   libavformat    61.  7.100 / 61.  7.100
[stderr]   libavdevice    61.  3.100 / 61.  3.100
[stderr]   libavfilter    10.  4.100 / 10.  4.100
[stderr]   libswscale      8.  3.100 /  8.  3.100
[stderr]   libswresample   5.  3.100 /  5.  3.100
[stderr]   libpostproc    58.  3.100 / 58.  3.100
[stderr] Input #0, mov,mp4,m4a,3gp,3g2,mj2, from '/Users/johndoe/Documents/company/video_ops/scripts/abstract_algebra_in_proof_assistant/04-set-equality/takes/take-mrhmharr/source.mp4':
[stderr]   Metadata:
[stderr]     major_brand     : qt  
[stderr]     minor_version   : 0
[stderr]     compatible_brands: qt  
[stderr]     creation_time   : 2026-07-12T09:54:07.000000Z
[stderr]   Duration: 00:06:08.94, start: 0.000000, bitrate: 2946 kb/s
[stderr]   Stream #0:0[0x1](und): Video: hevc (Main) (hvc1 / 0x31637668), yuv420p(tv, smpte170m/bt709/bt709), 640x480, 2834 kb/s, 29.95 fps, 29.83 tbr, 600 tbn (default)
[stderr]       Metadata:
[stderr]         creation_time   : 2026-07-12T09:54:07.000000Z
[stderr]         handler_name    : Core Media Video
[stderr]         vendor_id       : [0][0][0][0]
[stderr]         encoder         : HEVC
[stderr]       Side data:
[stderr]         displaymatrix: rotation of -180.00 degrees
[stderr]   Stream #0:1[0x2](und): Audio: aac (LC) (mp4a / 0x6134706D), 48000 Hz, mono, fltp, 100 kb/s (default)
[stderr]       Metadata:
[stderr]         creation_time   : 2026-07-12T09:54:07.000000Z
[stderr]         handler_name    : Core Media Audio
[stderr]         vendor_id       : [0][0][0][0]
[stderr]   Stream #0:2[0x3](und): Data: none (mebx / 0x7862656D) (default)
[stderr]       Metadata:
[stderr]         creation_time   : 2026-07-12T09:54:07.000000Z
[stderr]         handler_name    : Core Media Metadata
[stderr] Stream mapping:
[stderr]   Stream #0:0 -> #0:0 (hevc (native) -> h264 (libx264))
[stderr]   Stream #0:1 -> #0:1 (aac (native) -> aac (native))
[stderr] Press [q] to stop, [?] for help
[stderr] [libx264 @ 0x12cf04080] using cpu capabilities: ARMv8 NEON
[stderr] [libx264 @ 0x12cf04080] profile High, level 3.0, 4:2:0, 8-bit
[stderr] [libx264 @ 0x12cf04080] 264 - core 164 r3108 31e19f9 - H.264/MPEG-4 AVC codec - Copyleft 2003-2023 - http://www.videolan.org/x264.html - options: cabac=1 ref=1 deblock=1:0:0 analyse=0x3:0x113 me=hex subme=2 psy=1 psy_rd=1.00:0.00 mixed_ref=0 me_range=16 chroma_me=1 trellis=0 8x8dct=1 cqm=0 deadzone=21,11 fast_pskip=1 chroma_qp_offset=0 threads=15 lookahead_threads=3 sliced_threads=0 nr=0 decimate=1 interlaced=0 bluray_compat=0 constrained_intra=0 bframes=3 b_pyramid=2 b_adapt=1 b_bias=0 direct=1 weightb=1 open_gop=0 weightp=1 keyint=250 keyint_min=25 scenecut=40 intra_refresh=0 rc_lookahead=10 rc=crf mbtree=1 crf=18.0 qcomp=0.60 qpmin=0 qpmax=69 qpstep=4 ip_ratio=1.40 aq=1:1.00
[stderr] Output #0, mp4, to '/Users/johndoe/Documents/company/video_ops/scripts/abstract_algebra_in_proof_assistant/04-set-equality/takes/take-mrhmharr/pipeline/cut/cut-mrhvutes/chunks/chunk-008.mp4':
[stderr]   Metadata:
[stderr]     major_brand     : qt  
[stderr]     minor_version   : 0
[stderr]     compatible_brands: qt  
[stderr]     encoder         : Lavf61.7.100
[stderr]   Stream #0:0(und): Video: h264 (avc1 / 0x31637661), yuv420p(tv, smpte170m/bt709/bt709, progressive), 640x480, q=2-31, 29.83 fps, 11456 tbn (default)
[stderr]       Metadata:
[stderr]         creation_time   : 2026-07-12T09:54:07.000000Z
[stderr]         handler_name    : Core Media Video
[stderr]         vendor_id       : [0][0][0][0]
[stderr]         encoder         : Lavc61.19.100 libx264
[stderr]       Side data:
[stderr]         cpb: bitrate max/min/avg: 0/0/0 buffer size: 0 vbv_delay: N/A
[stderr]   Stream #0:1(und): Audio: aac (LC) (mp4a / 0x6134706D), 48000 Hz, mono, fltp, 69 kb/s (default)
[stderr]       Metadata:
[stderr]         creation_time   : 2026-07-12T09:54:07.000000Z
[stderr]         handler_name    : Core Media Audio
[stderr]         vendor_id       : [0][0][0][0]
[stderr]         encoder         : Lavc61.19.100 aac
[stderr] frame=    9 fps=3.0 q=24.0 size=     256KiB time=00:00:00.23 bitrate=8939.5kbits/s speed=0.078x    
[stderr] frame=  236 fps= 67 q=24.0 size=    6656KiB time=00:00:07.84 bitrate=6951.7kbits/s speed=2.23x    
[stderr] frame=  481 fps=120 q=-1.0 size=   12544KiB time=N/A bitrate=N/A speed=N/A    
[stderr] [out#0/mp4 @ 0x14db04a00] video:12797KiB audio:3KiB subtitle:0KiB other streams:0KiB global headers:0KiB muxing overhead: 0.144195%
[stderr] frame=  484 fps=121 q=-1.0 Lsize=   12819KiB time=00:00:16.15 bitrate=6499.5kbits/s speed=4.02x    
[stderr] [libx264 @ 0x12cf04080] frame I:4     Avg QP:21.09  size: 49212
[stderr] [libx264 @ 0x12cf04080] frame P:163   Avg QP:23.05  size: 39285
[stderr] [libx264 @ 0x12cf04080] frame B:317   Avg QP:25.42  size: 20515
[stderr] [libx264 @ 0x12cf04080] consecutive B-frames:  8.3% 10.7%  7.4% 73.6%
[stderr] [libx264 @ 0x12cf04080] mb I  I16..4:  4.6% 12.6% 82.8%
[stderr] [libx264 @ 0x12cf04080] mb P  I16..4:  3.1%  8.7% 28.6%  P16..4: 15.9% 17.2% 25.5%  0.0%  0.0%    skip: 0.9%
[stderr] [libx264 @ 0x12cf04080] mb B  I16..4:  0.8%  2.2%  3.7%  B16..8: 28.4% 20.8% 15.0%  direct:16.9%  skip:12.1%  L0:30.6% L1:30.9% BI:38.5%
[stderr] [libx264 @ 0x12cf04080] 8x8 transform intra:23.7% inter:35.7%
[stderr] [libx264 @ 0x12cf04080] coded y,uvDC,uvAC intra: 88.9% 78.8% 43.6% inter: 62.3% 35.3% 4.8%
[stderr] [libx264 @ 0x12cf04080] i16 v,h,dc,p: 61% 12% 18%  9%
[stderr] [libx264 @ 0x12cf04080] i8 v,h,dc,ddl,ddr,vr,hd,vl,hu: 24% 17% 15%  3%  8%  9%  7%  8%  9%
[stderr] [libx264 @ 0x12cf04080] i4 v,h,dc,ddl,ddr,vr,hd,vl,hu: 15% 18% 13%  4% 14%  9% 10%  7% 10%
[stderr] [libx264 @ 0x12cf04080] i8c dc,h,v,p: 48% 21% 20% 11%
[stderr] [libx264 @ 0x12cf04080] Weighted P-Frames: Y:19.0% UV:6.1%
[stderr] [libx264 @ 0x12cf04080] kb/s:6461.49
[stderr] [aac @ 0x14dd32ec0] Qavg: 65488.004
[stderr] ffmpeg version 7.1 Copyright (c) 2000-2024 the FFmpeg developers
[stderr]   built with Apple clang version 15.0.0 (clang-1500.1.0.2.5)
[stderr]   configuration: --prefix=/opt/homebrew/Cellar/ffmpeg/7.1_3 --enable-shared --enable-pthreads --enable-version3 --cc=clang --host-cflags= --host-ldflags='-Wl,-ld_classic' --enable-ffplay --enable-gnutls --enable-gpl --enable-libaom --enable-libaribb24 --enable-libbluray --enable-libdav1d --enable-libharfbuzz --enable-libjxl --enable-libmp3lame --enable-libopus --enable-librav1e --enable-librist --enable-librubberband --enable-libsnappy --enable-libsrt --enable-libssh --enable-libsvtav1 --enable-libtesseract --enable-libtheora --enable-libvidstab --enable-libvmaf --enable-libvorbis --enable-libvpx --enable-libwebp --enable-libx264 --enable-libx265 --enable-libxml2 --enable-libxvid --enable-lzma --enable-libfontconfig --enable-libfreetype --enable-frei0r --enable-libass --enable-libopencore-amrnb --enable-libopencore-amrwb --enable-libopenjpeg --enable-libspeex --enable-libsoxr --enable-libzmq --enable-libzimg --disable-libjack --disable-indev=jack --enable-videotoolbox --enable-audiotoolbox --enable-neon
[stderr]   libavutil      59. 39.100 / 59. 39.100
[stderr]   libavcodec     61. 19.100 / 61. 19.100
[stderr]   libavformat    61.  7.100 / 61.  7.100
[stderr]   libavdevice    61.  3.100 / 61.  3.100
[stderr]   libavfilter    10.  4.100 / 10.  4.100
[stderr]   libswscale      8.  3.100 /  8.  3.100
[stderr]   libswresample   5.  3.100 /  5.  3.100
[stderr]   libpostproc    58.  3.100 / 58.  3.100
[stderr] Input #0, mov,mp4,m4a,3gp,3g2,mj2, from '/Users/johndoe/Documents/company/video_ops/scripts/abstract_algebra_in_proof_assistant/04-set-equality/takes/take-mrhmharr/source.mp4':
[stderr]   Metadata:
[stderr]     major_brand     : qt  
[stderr]     minor_version   : 0
[stderr]     compatible_brands: qt  
[stderr]     creation_time   : 2026-07-12T09:54:07.000000Z
[stderr]   Duration: 00:06:08.94, start: 0.000000, bitrate: 2946 kb/s
[stderr]   Stream #0:0[0x1](und): Video: hevc (Main) (hvc1 / 0x31637668), yuv420p(tv, smpte170m/bt709/bt709), 640x480, 2834 kb/s, 29.95 fps, 29.83 tbr, 600 tbn (default)
[stderr]       Metadata:
[stderr]         creation_time   : 2026-07-12T09:54:07.000000Z
[stderr]         handler_name    : Core Media Video
[stderr]         vendor_id       : [0][0][0][0]
[stderr]         encoder         : HEVC
[stderr]       Side data:
[stderr]         displaymatrix: rotation of -180.00 degrees
[stderr]   Stream #0:1[0x2](und): Audio: aac (LC) (mp4a / 0x6134706D), 48000 Hz, mono, fltp, 100 kb/s (default)
[stderr]       Metadata:
[stderr]         creation_time   : 2026-07-12T09:54:07.000000Z
[stderr]         handler_name    : Core Media Audio
[stderr]         vendor_id       : [0][0][0][0]
[stderr]   Stream #0:2[0x3](und): Data: none (mebx / 0x7862656D) (default)
[stderr]       Metadata:
[stderr]         creation_time   : 2026-07-12T09:54:07.000000Z
[stderr]         handler_name    : Core Media Metadata
[stderr] Stream mapping:
[stderr]   Stream #0:0 -> #0:0 (hevc (native) -> h264 (libx264))
[stderr]   Stream #0:1 -> #0:1 (aac (native) -> aac (native))
[stderr] Press [q] to stop, [?] for help
[stderr] [libx264 @ 0x10be05700] using cpu capabilities: ARMv8 NEON
[stderr] [libx264 @ 0x10be05700] profile High, level 3.0, 4:2:0, 8-bit
[stderr] [libx264 @ 0x10be05700] 264 - core 164 r3108 31e19f9 - H.264/MPEG-4 AVC codec - Copyleft 2003-2023 - http://www.videolan.org/x264.html - options: cabac=1 ref=1 deblock=1:0:0 analyse=0x3:0x113 me=hex subme=2 psy=1 psy_rd=1.00:0.00 mixed_ref=0 me_range=16 chroma_me=1 trellis=0 8x8dct=1 cqm=0 deadzone=21,11 fast_pskip=1 chroma_qp_offset=0 threads=15 lookahead_threads=3 sliced_threads=0 nr=0 decimate=1 interlaced=0 bluray_compat=0 constrained_intra=0 bframes=3 b_pyramid=2 b_adapt=1 b_bias=0 direct=1 weightb=1 open_gop=0 weightp=1 keyint=250 keyint_min=25 scenecut=40 intra_refresh=0 rc_lookahead=10 rc=crf mbtree=1 crf=18.0 qcomp=0.60 qpmin=0 qpmax=69 qpstep=4 ip_ratio=1.40 aq=1:1.00
[stderr] Output #0, mp4, to '/Users/johndoe/Documents/company/video_ops/scripts/abstract_algebra_in_proof_assistant/04-set-equality/takes/take-mrhmharr/pipeline/cut/cut-mrhvutes/chunks/chunk-016.mp4':
[stderr]   Metadata:
[stderr]     major_brand     : qt  
[stderr]     minor_version   : 0
[stderr]     compatible_brands: qt  
[stderr]     encoder         : Lavf61.7.100
[stderr]   Stream #0:0(und): Video: h264 (avc1 / 0x31637661), yuv420p(tv, smpte170m/bt709/bt709, progressive), 640x480, q=2-31, 29.83 fps, 11456 tbn (default)
[stderr]       Metadata:
[stderr]         creation_time   : 2026-07-12T09:54:07.000000Z
[stderr]         handler_name    : Core Media Video
[stderr]         vendor_id       : [0][0][0][0]
[stderr]         encoder         : Lavc61.19.100 libx264
[stderr]       Side data:
[stderr]         [stderr] cpb: bitrate max/min/avg: 0/0/0 buffer size: 0 vbv_delay: N/A
[stderr]   Stream #0:1(und): Audio: aac (LC) (mp4a / 0x6134706D), 48000 Hz, mono, fltp, 69 kb/s (default)
[stderr]       Metadata:
[stderr]         creation_time   : 2026-07-12T09:54:07.000000Z
[stderr]         handler_name    : Core Media Audio
[stderr]         vendor_id       : [0][0][0][0]
[stderr]         encoder         : Lavc61.19.100 aac
[stderr] [out#0/mp4 @ 0x10be04760] video:271KiB audio:0KiB subtitle:0KiB other streams:0KiB global headers:0KiB muxing overhead: 0.679286%
[stderr] frame=   12 fps=2.1 q=-1.0 Lsize=     273KiB time=00:00:00.33 bitrate=6664.4kbits/s speed=0.0595x    
[stderr] [libx264 @ 0x10be05700] frame I:1     Avg QP:22.79  size: 39118
[stderr] [libx264 @ 0x10be05700] frame P:3     Avg QP:22.74  size: 35742
[stderr] [libx264 @ 0x10be05700] frame B:8     Avg QP:24.65  size: 16278
[stderr] [libx264 @ 0x10be05700] consecutive B-frames:  8.3%  0.0% 25.0% 66.7%
[stderr] [libx264 @ 0x10be05700] mb I  I16..4:  5.8% 20.4% 73.8%
[stderr] [libx264 @ 0x10be05700] mb P  I16..4:  6.6% 12.4% 26.6%  P16..4: 11.6% 16.7% 25.7%  0.0%  0.0%    skip: 0.4%
[stderr] [libx264 @ 0x10be05700] mb B  I16..4:  0.7%  2.4%  4.4%  B16..8: 29.4% 17.1% 11.4%  direct:18.8%  skip:15.8%  L0:32.1% L1:28.6% BI:39.2%
[stderr] [libx264 @ 0x10be05700] 8x8 transform intra:25.8% inter:37.5%
[stderr] [libx264 @ 0x10be05700] coded y,uvDC,uvAC intra: 86.8% 72.8% 42.6% inter: 54.4% 34.1% 6.0%
[stderr] [libx264 @ 0x10be05700] i16 v,h,dc,p: 67% 10% 17%  6%
[stderr] [libx264 @ 0x10be05700] i8 v,h,dc,ddl,ddr,vr,hd,vl,hu: 30% 13% 13%  2% 10% 13%  6%  7%  7%
[stderr] [libx264 @ 0x10be05700] i4 v,h,dc,ddl,ddr,vr,hd,vl,hu: 16% 15% 13%  4% 17% 10%  9%  7% 10%
[stderr] [libx264 @ 0x10be05700] i8c dc,h,v,p: 50% 20% 20%  9%
[stderr] [libx264 @ 0x10be05700] Weighted P-Frames: Y:33.3% UV:0.0%
[stderr] [libx264 @ 0x10be05700] kb/s:5500.55
[stderr] [aac @ 0x12ca10cc0] Qavg: 63707.344
[stderr] ffmpeg version 7.1[stderr]  Copyright (c) 2000-2024 the FFmpeg developers
[stderr]   built with Apple clang version 15.0.0 (clang-1500.1.0.2.5)
[stderr]   configuration: --prefix=/opt/homebrew/Cellar/ffmpeg/7.1_3 --enable-shared --enable-pthreads --enable-version3 --cc=clang --host-cflags= --host-ldflags='-Wl,-ld_classic' --enable-ffplay --enable-gnutls --enable-gpl --enable-libaom --enable-libaribb24 --enable-libbluray --enable-libdav1d --enable-libharfbuzz --enable-libjxl --enable-libmp3lame --enable-libopus --enable-librav1e --enable-librist --enable-librubberband --enable-libsnappy --enable-libsrt --enable-libssh --enable-libsvtav1 --enable-libtesseract --enable-libtheora --enable-libvidstab --enable-libvmaf --enable-libvorbis --enable-libvpx --enable-libwebp --enable-libx264 --enable-libx265 --enable-libxml2 --enable-libxvid --enable-lzma --enable-libfontconfig --enable-libfreetype --enable-frei0r --enable-libass --enable-libopencore-amrnb --enable-libopencore-amrwb --enable-libopenjpeg --enable-libspeex --enable-libsoxr --enable-libzmq --enable-libzimg --disable-libjack --disable-indev=jack --enable-videotoolbox --enable-audiotoolbox --enable-neon
[stderr]   libavutil      59. 39.100 / 59. 39.100
[stderr]   libavcodec     61. 19.100 / 61. 19.100
[stderr]   libavformat    61.  7.100 / 61.  7.100
[stderr]   libavdevice    61.  3.100 / 61.  3.100
[stderr]   libavfilter    10.  4.100 / 10.  4.100
[stderr]   libswscale      8.  3.100 /  8.  3.100
[stderr]   libswresample   5.  3.100 /  5.  3.100
[stderr]   libpostproc    58.  3.100 / 58.  3.100
[stderr] Input #0, mov,mp4,m4a,3gp,3g2,mj2, from '/Users/johndoe/Documents/company/video_ops/scripts/abstract_algebra_in_proof_assistant/04-set-equality/takes/take-mrhmharr/source.mp4':
[stderr]   Metadata:
[stderr]     major_brand     : qt  
[stderr]     minor_version   : [stderr] 0
[stderr]     compatible_brands: qt  
[stderr]     creation_time   : 2026-07-12T09:54:07.000000Z
[stderr]   Duration: 00:06:08.94, start: 0.000000, bitrate: 2946 kb/s
[stderr]   Stream #0:0[0x1](und): Video: hevc (Main) (hvc1 / 0x31637668), yuv420p(tv, smpte170m/bt709/bt709), 640x480, 2834 kb/s, 29.95 fps, 29.83 tbr, 600 tbn (default)
[stderr]       Metadata:
[stderr]         creation_time   : 2026-07-12T09:54:07.000000Z
[stderr]         handler_name    : Core Media Video
[stderr]         vendor_id       : [0][0][0][0]
[stderr]         encoder         : HEVC
[stderr]       Side data:
[stderr]         displaymatrix: rotation of -180.00 degrees
[stderr]   Stream #0:1[0x2](und): Audio: aac (LC) (mp4a / 0x6134706D), 48000 Hz, mono, fltp, 100 kb/s (default)
[stderr]       Metadata:
[stderr]         creation_time   : 2026-07-12T09:54:07.000000Z
[stderr]         handler_name    : Core Media Audio
[stderr]         vendor_id       : [0][0][0][0]
[stderr]   Stream #0:2[0x3](und): Data: none (mebx / 0x7862656D) (default)
[stderr]       Metadata:
[stderr]         creation_time   : 2026-07-12T09:54:07.000000Z
[stderr]         handler_name    : Core Media Metadata
[stderr] Stream mapping:
[stderr]   Stream #0:0 -> #0:0 (hevc (native) -> h264 (libx264))
[stderr]   Stream #0:1 -> #0:1 (aac (native) -> aac (native))
[stderr] Press [q] to stop, [?] for help
[stderr] [libx264 @ 0x15340f200] using cpu capabilities: ARMv8 NEON
[stderr] [libx264 @ 0x15340f200] profile High, level 3.0, 4:2:0, 8-bit
[stderr] [libx264 @ 0x15340f200] 264 - core 164 r3108 31e19f9 - H.264/MPEG-4 AVC codec - Copyleft 2003-2023 - http://www.videolan.org/x264.html - options: cabac=1 ref=1 deblock=1:0:0 analyse=0x3:0x113 me=hex subme=2 psy=1 psy_rd=1.00:0.00 mixed_ref=0 me_range=16 chroma_me=1 trellis=0 8x8dct=1 cqm=0 deadzone=21,11 fast_pskip=1 chroma_qp_offset=0 threads=15 lookahead_threads=3 sliced_threads=0 nr=0 decimate=1 interlaced=0 bluray_compat=0 constrained_intra=0 bframes=3 b_pyramid=2 b_adapt=1 b_bias=0 direct=1 weightb=1 open_gop=0 weightp=1 keyint=250 keyint_min=25 scenecut=40 intra_refresh=0 rc_lookahead=10 rc=crf mbtree=1 crf=18.0 qcomp=0.60 qpmin=0 qpmax=69 qpstep=4 ip_ratio=1.40 aq=1:1.00
[stderr] Output #0, mp4, to '/Users/johndoe/Documents/company/video_ops/scripts/abstract_algebra_in_proof_assistant/04-set-equality/takes/take-mrhmharr/pipeline/cut/cut-mrhvutes/chunks/chunk-009.mp4':
[stderr]   Metadata:
[stderr]     major_brand     : qt  
[stderr]     minor_version   : 0
[stderr]     compatible_brands: qt  
[stderr]     encoder         : Lavf61.7.100
[stderr]   Stream #0:0(und): Video: h264 (avc1 / 0x31637661), yuv420p(tv, smpte170m/bt709/bt709, progressive), 640x480, q=2-31, 29.83 fps, 11456 tbn (default)
[stderr]       Metadata:
[stderr]         creation_time   : 2026-07-12T09:54:07.000000Z
[stderr]         handler_name    : Core Media Video
[stderr]         vendor_id       : [0][0][0][0]
[stderr]         encoder         : Lavc61.19.100 libx264
[stderr]       Side data:
[stderr]         cpb: bitrate max/min/avg: 0/0/0 buffer size: 0 vbv_delay: N/A
[stderr]   Stream #0:1(und): Audio: aac (LC) (mp4a / 0x6134706D), 48000 Hz, mono, fltp, 69 kb/s (default)
[stderr]       Metadata:
[stderr]         creation_time   : 2026-07-12T09:54:07.000000Z
[stderr]         handler_name    : Core Media Audio
[stderr]         vendor_id       : [0][0][0][0]
[stderr]         encoder         : Lavc61.19.100 aac
[stderr] frame=   46 fps= 13 q=-1.0 size=     768KiB time=N/A bitrate=N/A speed=N/A    
[stderr] [out#0/mp4 @ 0x153404550] video:932KiB audio:0KiB subtitle:0KiB other streams:0KiB global headers:0KiB muxing overhead: 0.350314%
[stderr] frame=   52 fps= 15 q=-1.0 Lsize=     935KiB time=00:00:01.67 bitrate=4572.4kbits/s speed=0.478x    
[stderr] [libx264 @ 0x15340f200] frame I:1     Avg QP:19.40  size: 49167
[stderr] [libx264 @ 0x15340f200] [stderr] frame P:19    Avg QP:20.49  size: 31287
[stderr] [libx264 @ 0x15340f200] frame B:32    Avg QP:24.88  size:  9685
[stderr] [libx264 @ 0x15340f200] consecutive B-frames:  9.6% 19.2% 17.3% 53.8%
[stderr] [libx264 @ 0x15340f200] mb I  I16..4: 16.6%  7.9% 75.5%
[stderr] [libx264 @ 0x15340f200] mb P  I16..4: 13.4%  3.3%  5.1%  P16..4: 23.4% 22.0% 30.7%  0.0%  0.0%    skip: 2.0%
[stderr] [libx264 @ 0x15340f200] mb B  I16..4:  3.2%  0.2%  0.1%  B16..8: 30.4% 16.3%  6.7%  direct:15.5%  skip:27.7%  L0:24.9% L1:33.6% BI:41.4%
[stderr] [libx264 @ 0x15340f200] 8x8 transform intra:12.2% inter:30.0%
[stderr] [libx264 @ 0x15340f200] coded y,uvDC,uvAC intra: 41.4% 39.4% 25.8% inter: 46.8% 20.7% 3.6%
[stderr] [libx264 @ 0x15340f200] i16 v,h,dc,p: 84%  5% 10%  1%
[stderr] [libx264 @ 0x15340f200] i8 v,h,dc,ddl,ddr,vr,hd,vl,hu: 27% 13% 23%  2%  7%  7%  7%  7%  6%
[stderr] [libx264 @ 0x15340f200] i4 v,h,dc,ddl,ddr,vr,hd,vl,hu: 18% 18% 15%  4% 12%  7%  9%  8% 10%
[stderr] [libx264 @ 0x15340f200] i8c dc,h,v,p: 74%  9% 12%  6%
[stderr] [libx264 @ 0x15340f200] Weighted P-Frames: Y:26.3% UV:0.0%
[stderr] [libx264 @ 0x15340f200] kb/s:4376.45
[stderr] [aac @ 0x15346e060] Qavg: 65100.605
[stderr] ffmpeg version 7.1 Copyright (c) 2000-2024 the FFmpeg developers
[stderr]   built with Apple clang version 15.0.0 (clang-1500.1.0.2.5)
[stderr]   configuration: --prefix=/opt/homebrew/Cellar/ffmpeg/7.1_3 --enable-shared --enable-pthreads --enable-version3 --cc=clang --host-cflags= --host-ldflags='-Wl,-ld_classic' --enable-ffplay --enable-gnutls --enable-gpl --enable-libaom --enable-libaribb24 --enable-libbluray --enable-libdav1d --enable-libharfbuzz --enable-libjxl --enable-libmp3lame --enable-libopus --enable-librav1e --enable-librist --enable-librubberband --enable-libsnappy --enable-libsrt --enable-libssh --enable-libsvtav1 --enable-libtesseract --enable-libtheora --enable-libvidstab --enable-libvmaf --enable-libvorbis --enable-libvpx --enable-libwebp --enable-libx264 --enable-libx265 --enable-libxml2 --enable-libxvid --enable-lzma --enable-libfontconfig --enable-libfreetype --enable-frei0r --enable-libass --enable-libopencore-amrnb --enable-libopencore-amrwb --enable-libopenjpeg --enable-libspeex --enable-libsoxr --enable-libzmq --enable-libzimg --disable-libjack --disable-indev=jack --enable-videotoolbox --enable-audiotoolbox --enable-neon
[stderr]   libavutil      59. 39.100 / 59. 39.100
[stderr]   libavcodec     61. 19.100 / 61. 19.100
[stderr]   libavformat    61.  7.100 / 61.  7.100
[stderr]   libavdevice    61.  3.100 / 61.  3.100
[stderr]   libavfilter    10.  4.100 / 10.  4.100
[stderr]   libswscale      8.  3.100 /  8.  3.100
[stderr]   libswresample   5.  3.100 /  5.  3.100
[stderr]   libpostproc    58.  3.100 / 58.  3.100
[stderr] Input #0, mov,mp4,m4a,3gp,3g2,mj2, from '/Users/johndoe/Documents/company/video_ops/scripts/abstract_algebra_in_proof_assistant/04-set-equality/takes/take-mrhmharr/source.mp4':
[stderr]   Metadata:
[stderr]     major_brand     : qt  
[stderr]     minor_version   : 0
[stderr]     compatible_brands: qt  
[stderr]     creation_time   : 2026-07-12T09:54:07.000000Z
[stderr]   Duration: 00:06:08.94, start: 0.000000, bitrate: 2946 kb/s
[stderr]   Stream #0:0[0x1](und): Video: hevc (Main) (hvc1 / 0x31637668), yuv420p(tv, smpte170m/bt709/bt709), 640x480, 2834 kb/s, 29.95 fps, 29.83 tbr, 600 tbn (default)
[stderr]       Metadata:
[stderr]         creation_time   : 2026-07-12T09:54:07.000000Z
[stderr]         handler_name    : Core Media Video
[stderr]         vendor_id       : [0][0][0][0]
[stderr]         encoder         : HEVC
[stderr]       Side data:
[stderr]         displaymatrix: rotation of -180.00 degrees
[stderr]   Stream #0:1[0x2](und): Audio: aac (LC) (mp4a / 0x6134706D), 48000 Hz, mono, fltp, 100 kb/s (default)
[stderr]       Metadata:
[stderr]         creation_time   : 2026-07-12T09:54:07.000000Z
[stderr]         handler_name    : Core Media Audio
[stderr]         vendor_id       : [0][0][0][0]
[stderr]   Stream #0:2[0x3](und): Data: none (mebx / 0x7862656D) (default)
[stderr]       Metadata:
[stderr]         creation_time   : 2026-07-12T09:54:07.000000Z
[stderr]         handler_name    : Core Media Metadata
[stderr] Stream mapping:
[stderr]   Stream #0:0 -> #0:0 (hevc (native) -> h264 (libx264))
[stderr]   Stream #0:1 -> #0:1 (aac (native) -> aac (native))
[stderr] Press [q] to stop, [?] for help
[stderr] [libx264 @ 0x14b705410] using cpu capabilities: ARMv8 NEON
[stderr] [libx264 @ 0x14b705410] profile High, level 3.0, 4:2:0, 8-bit
[stderr] [libx264 @ 0x14b705410] 264 - core 164 r3108 31e19f9 - H.264/MPEG-4 AVC codec - Copyleft 2003-2023 - http://www.videolan.org/x264.html - options: cabac=1 ref=1 deblock=1:0:0 analyse=0x3:0x113 me=hex subme=2 psy=1 psy_rd=1.00:0.00 mixed_ref=0 me_range=16 chroma_me=1 trellis=0 8x8dct=1 cqm=0 deadzone=21,11 fast_pskip=1 chroma_qp_offset=0 threads=15 lookahead_threads=3 sliced_threads=0 nr=0 decimate=1 interlaced=0 bluray_compat=0 constrained_intra=0 bframes=3 b_pyramid=2 b_adapt=1 b_bias=0 direct=1 weightb=1 open_gop=0 weightp=1 keyint=250 keyint_min=25 scenecut=40 intra_refresh=0 rc_lookahead=10 rc=crf mbtree=1 crf=18.0 qcomp=0.60 qpmin=0 qpmax=69 qpstep=4 ip_ratio=1.40 aq=1:1.00
[stderr] Output #0, mp4, to '/Users/johndoe/Documents/company/video_ops/scripts/abstract_algebra_in_proof_assistant/04-set-equality/takes/take-mrhmharr/pipeline/cut/cut-mrhvutes/chunks/chunk-017.mp4':
[stderr]   Metadata:
[stderr]     major_brand     : qt  
[stderr]     minor_version   : 0
[stderr]     compatible_brands: qt  
[stderr]     encoder         : Lavf61.7.100
[stderr]   Stream #0:0(und): Video: h264 (avc1 / 0x31637661), yuv420p(tv, smpte170m/bt709/bt709, progressive), 640x480, q=2-31, 29.83 fps, 11456 tbn (default)
[stderr]       Metadata:
[stderr]         creation_time   : [stderr] 2026-07-12T09:54:07.000000Z
[stderr]         handler_name    : Core Media Video
[stderr]         vendor_id       : [0][0][0][0]
[stderr]         encoder         : Lavc61.19.100 libx264
[stderr]       Side data:
[stderr]         cpb: bitrate max/min/avg: 0/0/0 buffer size: 0 vbv_delay: N/A
[stderr]   Stream #0:1(und): Audio: aac (LC) (mp4a / 0x6134706D), 48000 Hz, mono, fltp, 69 kb/s (default)
[stderr]       Metadata:
[stderr]         creation_time   : 2026-07-12T09:54:07.000000Z
[stderr]         handler_name    : Core Media Audio
[stderr]         vendor_id       : [0][0][0][0]
[stderr]         encoder         : Lavc61.19.100 aac
[stderr] [out#0/mp4 @ 0x14b704390] video:3507KiB audio:1KiB subtitle:0KiB other streams:0KiB global headers:0KiB muxing overhead: 0.187171%
[stderr] frame=  145 fps= 27 q=-1.0 Lsize=    3515KiB time=00:00:04.82 bitrate=5965.3kbits/s speed=0.89x    
[stderr] [libx264 @ 0x14b705410] frame I:2     Avg QP:20.30  size: 52208
[stderr] [libx264 @ 0x14b705410] frame P:43    Avg QP:22.69  size: 41162
[stderr] [libx264 @ 0x14b705410] frame B:100   Avg QP:25.22  size: 17164
[stderr] [libx264 @ 0x14b705410] consecutive B-frames:  6.2%  4.1%  4.1% 85.5%
[stderr] [libx264 @ 0x14b705410] mb I  I16..4:  5.5%  8.9% 85.6%
[stderr] [libx264 @ 0x14b705410] mb P  I16..4:  3.0%  7.9% 23.8%  P16..4: 17.4% 18.2% 28.8%  0.0%  0.0%    skip: 1.0%
[stderr] [libx264 @ 0x14b705410] mb B  I16..4:  0.5%  0.6%  1.6%  B16..8: 30.0% 17.3% 12.1%  direct:20.1%  skip:17.9%  L0:30.3% L1:29.7% BI:40.0%
[stderr] [libx264 @ 0x14b705410] 8x8 transform intra:21.3% inter:34.3%
[stderr] [libx264 @ 0x14b705410] coded y,uvDC,uvAC intra: 88.9% 80.7% 50.6% inter: 55.3% 31.2% 5.8%
[stderr] [libx264 @ 0x14b705410] i16 v,h,dc,p: 63% 11% 20%  7%
[stderr] [libx264 @ 0x14b705410] i8 v,h,dc,ddl,ddr,vr,hd,vl,hu: 23% 19% 15%  3%  9%  9%  8%  6%  8%
[stderr] [libx264 @ 0x14b705410] i4 v,h,dc,ddl,ddr,vr,hd,vl,hu: 15% 18% 13%  4% 13%  8% 10%  7% 11%
[stderr] [libx264 @ 0x14b705410] i8c dc,h,v,p: 48% 21% 20% 12%
[stderr] [libx264 @ 0x14b705410] Weighted P-Frames: Y:20.9% UV:2.3%
[stderr] [libx264 @ 0x14b705410] kb/s:5910.39
[stderr] [aac @ 0x14b76a7f0] Qavg: 65376.988
[stderr] ffmpeg version 7.1 Copyright (c) 2000-2024 the FFmpeg developers
[stderr]   built with Apple clang version 15.0.0 (clang-1500.1.0.2.5)
[stderr]   configuration: --prefix=/opt/homebrew/Cellar/ffmpeg/7.1_3 --enable-shared --enable-pthreads --enable-version3 --cc=clang --host-cflags= --host-ldflags='-Wl,-ld_classic' --enable-ffplay --enable-gnutls --enable-gpl --enable-libaom --enable-libaribb24 --enable-libbluray --enable-libdav1d --enable-libharfbuzz --enable-libjxl --enable-libmp3lame --enable-libopus --enable-librav1e --enable-librist --enable-librubberband --enable-libsnappy --enable-libsrt --enable-libssh --enable-libsvtav1 --enable-libtesseract --enable-libtheora --enable-libvidstab --enable-libvmaf --enable-libvorbis --enable-libvpx --enable-libwebp --enable-libx264 --enable-libx265 --enable-libxml2 --enable-libxvid --enable-lzma --enable-libfontconfig --enable-libfreetype --enable-frei0r --enable-libass --enable-libopencore-amrnb --enable-libopencore-amrwb --enable-libopenjpeg --enable-libspeex --enable-libsoxr --enable-libzmq --enable-libzimg --disable-libjack --disable-indev=jack --enable-videotoolbox --enable-audiotoolbox --enable-neon
[stderr]   libavutil      59. 39.100 / 59. 39.100
[stderr]   libavcodec     61. 19.100 / 61. 19.100
[stderr]   libavformat    61.  7.100 / 61.  7.100
[stderr]   libavdevice    61.  3.100 / 61.  3.100
[stderr]   libavfilter    10.  4.100 / 10.  4.100
[stderr]   libswscale      8.  3.100 /  8.  3.100
[stderr]   libswresample   5.  3.100 /  5.  3.100
[stderr]   libpostproc    58.  3.100 / 58.  3.100
[stderr] Input #0, mov,mp4,m4a,3gp,3g2,mj2, from '/Users/johndoe/Documents/company/video_ops/scripts/abstract_algebra_in_proof_assistant/04-set-equality/takes/take-mrhmharr/source.mp4':
[stderr]   Metadata:
[stderr]     major_brand     : qt  
[stderr]     minor_version   : 0
[stderr]     compatible_brands: qt  
[stderr]     creation_time   : [stderr] 2026-07-12T09:54:07.000000Z
[stderr]   Duration: 00:06:08.94, start: 0.000000, bitrate: 2946 kb/s
[stderr]   Stream #0:0[0x1](und): Video: hevc (Main) (hvc1 / 0x31637668), yuv420p(tv, smpte170m/bt709/bt709), 640x480, 2834 kb/s, 29.95 fps, 29.83 tbr, 600 tbn (default)
[stderr]       Metadata:
[stderr]         creation_time   : 2026-07-12T09:54:07.000000Z
[stderr]         handler_name    : Core Media Video
[stderr]         vendor_id       : [0][0][0][0]
[stderr]         encoder         : HEVC
[stderr]       Side data:
[stderr]         displaymatrix: rotation of -180.00 degrees
[stderr]   Stream #0:1[0x2](und): Audio: aac (LC) (mp4a / 0x6134706D), 48000 Hz, mono, fltp, 100 kb/s (default)
[stderr]       Metadata:
[stderr]         creation_time   : 2026-07-12T09:54:07.000000Z
[stderr]         handler_name    : Core Media Audio
[stderr]         vendor_id       : [0][0][0][0]
[stderr]   Stream #0:2[0x3](und): Data: none (mebx / 0x7862656D) (default)
[stderr]       Metadata:
[stderr]         creation_time   : 2026-07-12T09:54:07.000000Z
[stderr]         handler_name    : Core Media Metadata
[stderr] Stream mapping:
[stderr]   Stream #0:0 -> #0:0 (hevc (native) -> h264 (libx264))
[stderr]   Stream #0:1 -> #0:1 (aac (native) -> aac (native))
[stderr] Press [q] to stop, [?] for help
[stderr] [libx264 @ 0x15910efd0] using cpu capabilities: ARMv8 NEON
[stderr] [libx264 @ 0x15910efd0] profile High, level 3.0, 4:2:0, 8-bit
[stderr] [libx264 @ 0x15910efd0] 264 - core 164 r3108 31e19f9 - H.264/MPEG-4 AVC codec - Copyleft 2003-2023 - http://www.videolan.org/x264.html - options: cabac=1 ref=1 deblock=1:0:0 analyse=0x3:0x113 me=hex subme=2 psy=1 psy_rd=1.00:0.00 mixed_ref=0 me_range=16 chroma_me=1 trellis=0 8x8dct=1 cqm=0 deadzone=21,11 fast_pskip=1 chroma_qp_offset=0 threads=15 lookahead_threads=3 sliced_threads=0 nr=0 decimate=1 interlaced=0 bluray_compat=0 constrained_intra=0 bframes=3 b_pyramid=2 b_adapt=1 b_bias=0 direct=1 weightb=1 open_gop=0 weightp=1 keyint=250 keyint_min=25 scenecut=40 intra_refresh=0 rc_lookahead=10 rc=crf mbtree=1 crf=18.0 qcomp=0.60 qpmin=0 qpmax=69 qpstep=4 ip_ratio=1.40 aq=1:1.00
[stderr] Output #0, mp4, to '/Users/johndoe/Documents/company/video_ops/scripts/abstract_algebra_in_proof_assistant/04-set-equality/takes/take-mrhmharr/pipeline/cut/cut-mrhvutes/chunks/chunk-010.mp4':
[stderr]   Metadata:
[stderr]     major_brand     : qt  
[stderr]     minor_version   : 0
[stderr]     compatible_brands: qt  
[stderr]     encoder         : Lavf61.7.100
[stderr]   Stream #0:0(und): Video: h264 (avc1 / 0x31637661), yuv420p(tv, smpte170m/bt709/bt709, progressive), 640x480, q=2-31, 29.83 fps, 11456 tbn (default)
[stderr]       Metadata:
[stderr]         creation_time   : 2026-07-12T09:54:07.000000Z
[stderr]         handler_name    : Core Media Video
[stderr]         vendor_id       : [0][0][0][0]
[stderr]         encoder         : Lavc61.19.100 libx264
[stderr]       Side data:
[stderr]         cpb: bitrate max/min/avg: 0/0/0 buffer size: 0 vbv_delay: N/A
[stderr]   Stream #0:1(und): Audio: aac (LC) (mp4a / 0x6134706D), 48000 Hz, mono, fltp, 69 kb/s (default)
[stderr]       Metadata:
[stderr]         creation_time   : 2026-07-12T09:54:07.000000Z
[stderr]         handler_name    : Core Media Audio
[stderr]         vendor_id       : [0][0][0][0]
[stderr]         encoder         : Lavc61.19.100 aac
[stderr] [out#0/mp4 @ 0x15910e1f0] video:4680KiB audio:1KiB subtitle:0KiB other streams:0KiB global headers:0KiB muxing overhead: 0.207996%
[stderr] frame=  235 fps= 59 q=-1.0 Lsize=    4692KiB time=00:00:07.81 bitrate=4921.1kbits/s dup=0 drop=1 speed=1.96x    
[stderr] [libx264 @ 0x15910efd0] frame I:1     Avg QP:18.87  size: 66911
[stderr] [libx264 @ 0x15910efd0] frame P:86    Avg QP:20.86  size: 37656
[stderr] [libx264 @ 0x15910efd0] frame B:148   Avg QP:25.22  size: 10046
[stderr] [libx264 @ 0x15910efd0] consecutive B-frames:  4.3% 30.6% 14.0% 51.1%
[stderr] [libx264 @ 0x15910efd0] mb I  I16..4: 20.6%  5.4% 74.0%
[stderr] [libx264 @ 0x15910efd0] mb P  I16..4:  9.2%  2.4%  3.5%  P16..4: 24.7% 22.4% 34.6%  0.0%  0.0%    skip: 3.2%
[stderr] [libx264 @ 0x15910efd0] mb B  I16..4:  2.0%  0.2%  0.0%  B16..8: 30.4% 16.5%  7.6%  direct:14.1%  skip:29.3%  L0:22.9% L1:32.3% BI:44.7%
[stderr] [libx264 @ 0x15910efd0] 8x8 transform intra:13.9% inter:25.8%
[stderr] [libx264 @ 0x15910efd0] coded y,uvDC,uvAC intra: 37.8% 34.5% 20.8% inter: 46.1% 19.8% 3.2%
[stderr] [libx264 @ 0x15910efd0] i16 v,h,dc,p: 81% 11%  7%  1%
[stderr] [libx264 @ 0x15910efd0] i8 v,h,dc,ddl,ddr,vr,hd,vl,hu: 26% 13% 27%  2%  9%  8%  7%  4%  5%
[stderr] [libx264 @ 0x15910efd0] i4 v,h,dc,ddl,ddr,vr,hd,vl,hu: 17% 16% 19%  4% 12%  8%  8%  7%  9%
[stderr] [libx264 @ 0x15910efd0] i8c dc,h,v,p: 76%  9% 11%  4%
[stderr] [libx264 @ 0x15910efd0] Weighted P-Frames: Y:14.0% UV:1.2%
[stderr] [libx264 @ 0x15910efd0] kb/s:4866.88
[stderr] [aac @ 0x159405b40] Qavg: 65437.688
[stderr] ffmpeg version 7.1 Copyright (c) 2000-2024 the FFmpeg developers
[stderr]   built with Apple clang version 15.0.0 (clang-1500.1.0.2.5)
[stderr]   configuration: --prefix=/opt/homebrew/Cellar/ffmpeg/7.1_3 --enable-shared --enable-pthreads --enable-version3 --cc=clang --host-cflags= --host-ldflags='-Wl,-ld_classic' --enable-ffplay --enable-gnutls --enable-gpl --enable-libaom --enable-libaribb24 --enable-libbluray --enable-libdav1d --enable-libharfbuzz --enable-libjxl --enable-libmp3lame --enable-libopus --enable-librav1e --enable-librist --enable-librubberband --enable-libsnappy --enable-libsrt --enable-libssh --enable-libsvtav1 --enable-libtesseract --enable-libtheora --enable-libvidstab --enable-libvmaf --enable-libvorbis --enable-libvpx --enable-libwebp --enable-libx264 --enable-libx265 --enable-libxml2 --enable-libxvid --enable-lzma --enable-libfontconfig --enable-libfreetype --enable-frei0r --enable-libass --enable-libopencore-amrnb --enable-libopencore-amrwb --enable-libopenjpeg --enable-libspeex --enable-libsoxr --enable-libzmq --enable-libzimg --disable-libjack --disable-indev=jack --enable-videotoolbox --enable-audiotoolbox --enable-neon
[stderr]   libavutil      59. 39.100 / 59. 39.100
[stderr]   libavcodec     61. 19.100 / 61. 19.100
[stderr]   libavformat    61.  7.100 / 61.  7.100
[stderr]   libavdevice    61.  3.100 / 61.  3.100
[stderr]   libavfilter    10.  4.100 / 10.  4.100
[stderr]   libswscale      8.  3.100 /  8.  3.100
[stderr]   libswresample   5.  3.100 /  5.  3.100
[stderr]   libpostproc    58.  3.100 / 58.  3.100
[stderr] Input #0, mov,mp4,m4a,3gp,3g2,mj2, from '/Users/johndoe/Documents/company/video_ops/scripts/abstract_algebra_in_proof_assistant/04-set-equality/takes/take-mrhmharr/source.mp4':
[stderr]   Metadata:
[stderr]     major_brand     : qt  
[stderr]     minor_version   : 0
[stderr]     compatible_brands: qt  
[stderr]     creation_time   : 2026-07-12T09:54:07.000000Z
[stderr]   Duration: 00:06:08.94, start: 0.000000, bitrate: 2946 kb/s
[stderr]   Stream #0:0[0x1](und): Video: hevc (Main) (hvc1 / 0x31637668), yuv420p(tv, smpte170m/bt709/bt709), 640x480, 2834 kb/s, 29.95 fps, 29.83 tbr, 600 tbn (default)
[stderr]       Metadata:
[stderr]         creation_time   : 2026-07-12T09:54:07.000000Z
[stderr]         handler_name    : Core Media Video
[stderr]         vendor_id       : [0][0][0][0]
[stderr]         encoder         : HEVC
[stderr]       Side data:
[stderr]         displaymatrix: rotation of -180.00 degrees
[stderr]   Stream #0:1[0x2](und): Audio: aac (LC) (mp4a / 0x6134706D), 48000 Hz, mono, fltp, 100 kb/s (default)
[stderr]       Metadata:
[stderr]         creation_time   : 2026-07-12T09:54:07.000000Z
[stderr]         handler_name    : Core Media Audio
[stderr]         vendor_id       : [0][0][0][0]
[stderr]   Stream #0:2[0x3](und): Data: none (mebx / 0x7862656D) (default)
[stderr]       Metadata:
[stderr]         creation_time   : 2026-07-12T09:54:07.000000Z
[stderr]         handler_name    : Core Media Metadata
[stderr] Stream mapping:
[stderr]   Stream #0:0 -> #0:0 (hevc (native) -> h264 (libx264))
[stderr]   Stream #0:1 -> #0:1 (aac (native) -> aac (native))
[stderr] Press [q] to stop, [?] for help
[stderr] [libx264 @ 0x15270d430] using cpu capabilities: ARMv8 NEON
[stderr] [libx264 @ 0x15270d430] profile High, level 3.0, 4:2:0, 8-bit
[stderr] [libx264 @ 0x15270d430] 264 - core 164 r3108 31e19f9 - H.264/MPEG-4 AVC codec - Copyleft 2003-2023 - http://www.videolan.org/x264.html - options: cabac=1 ref=1 deblock=1:0:0 analyse=0x3:0x113 me=hex subme=2 psy=1 psy_rd=1.00:0.00 mixed_ref=0 me_range=16 chroma_me=1 trellis=0 8x8dct=1 cqm=0 deadzone=21,11 fast_pskip=1 chroma_qp_offset=0 threads=15 lookahead_threads=3 sliced_threads=0 nr=0 decimate=1 interlaced=0 bluray_compat=0 constrained_intra=0 bframes=3 b_pyramid=2 b_adapt=1 b_bias=0 direct=1 weightb=1 open_gop=0 weightp=1 keyint=250 keyint_min=25 scenecut=40 intra_refresh=0 rc_lookahead=10 rc=crf mbtree=1 crf=18.0 qcomp=0.60 qpmin=0 qpmax=69 qpstep=4 ip_ratio=1.40 aq=1:1.00
[stderr] Output #0, mp4, to '/Users/johndoe/Documents/company/video_ops/scripts/abstract_algebra_in_proof_assistant/04-set-equality/takes/take-mrhmharr/pipeline/cut/cut-mrhvutes/chunks/chunk-018.mp4':
[stderr]   Metadata:
[stderr]     major_brand     : qt  
[stderr]     minor_version   : 0
[stderr]     compatible_brands: qt  
[stderr]     encoder         : Lavf61.7.100
[stderr]   Stream #0:0(und): Video: h264 (avc1 / 0x31637661), yuv420p(tv, smpte170m/bt709/bt709, progressive), 640x480, q=2-31, 29.83 fps, 11456 tbn (default)
[stderr]       Metadata:
[stderr]         creation_time   : 2026-07-12T09:54:07.000000Z
[stderr]         handler_name    : Core Media Video
[stderr]         vendor_id       : [0][0][0][0]
[stderr]         encoder         : Lavc61.19.100 libx264
[stderr]       Side data:
[stderr]         cpb: bitrate max/min/avg: 0/0/0 buffer size: 0 vbv_delay: N/A
[stderr]   Stream #0:1(und): Audio: aac (LC) (mp4a / 0x6134706D), 48000 Hz, mono, fltp, 69 kb/s (default)
[stderr]       Metadata:
[stderr]         creation_time   : 2026-07-12T09:54:07.000000Z
[stderr]         handler_name    : Core Media Audio
[stderr]         vendor_id       : [0][0][0][0]
[stderr]         encoder         : Lavc61.19.100 aac
[stderr] frame=   58 fps= 11 q=24.0 size=    1280KiB time=00:00:01.87 bitrate=5586.4kbits/s speed=0.34x    
[stderr] [out#0/mp4 @ 0x152711470] video:3454KiB audio:1KiB subtitle:0KiB other streams:0KiB global headers:0KiB muxing overhead: 0.184747%
[stderr] frame=  139 fps= 25 q=-1.0 Lsize=    3461KiB time=00:00:04.59 bitrate=6174.6kbits/s speed=0.813x    
[stderr] [libx264 @ 0x15270d430] frame I:1     Avg QP:22.26  size: 55327
[stderr] [libx264 @ 0x15270d430] frame P:40    Avg QP:23.03  size: 40391
[stderr] [libx264 @ 0x15270d430] frame B:98    Avg QP:25.31  size: 19033
[stderr] [libx264 @ 0x15270d430] consecutive B-frames:  3.6%  5.8%  4.3% 86.3%
[stderr] [libx264 @ 0x15270d430] mb I  I16..4:  2.2% 15.7% 82.1%
[stderr] [libx264 @ 0x15270d430] mb P  I16..4:  1.9%  8.3% 28.2%  P16..4: 15.5% 17.6% 28.0%  0.0%  0.0%    skip: 0.5%
[stderr] [libx264 @ 0x15270d430] mb B  I16..4:  0.7%  1.0%  1.9%  B16..8: 30.5% 19.2% 13.8%  direct:19.6%  skip:13.4%  L0:31.0% L1:29.3% BI:39.7%
[stderr] [libx264 @ 0x15270d430] 8x8 transform intra:22.2% inter:34.0%
[stderr] [libx264 @ 0x15270d430] coded y,uvDC,uvAC intra: 90.9% 78.3% 45.0% inter: 58.9% 30.3% 4.6%
[stderr] [libx264 @ 0x15270d430] i16 v,h,dc,p: 48% 22% 21%  9%
[stderr] [libx264 @ 0x15270d430] i8 v,h,dc,ddl,ddr,vr,hd,vl,hu: 21% 19% 15%  3%  8%  8%  8%  7% 10%
[stderr] [libx264 @ 0x15270d430] i4 v,h,dc,ddl,ddr,vr,hd,vl,hu: 15% 17% 13%  4% 14%  8% 10%  7% 11%
[stderr] [libx264 @ 0x15270d430] i8c dc,h,v,p: 49% 20% 20% 10%
[stderr] [libx264 @ 0x15270d430] Weighted P-Frames: Y:12.5% UV:5.0%
[stderr] [libx264 @ 0x15270d430] kb/s:6071.79
[stderr] [aac @ 0x1531579b0] Qavg: 65370.512
[stderr] [libx264 @ 0x11de051a0] using cpu capabilities: ARMv8 NEON
[stderr] [libx264 @ 0x11de051a0] profile High, level 3.0, 4:2:0, 8-bit
[stderr] [libx264 @ 0x11de051a0] 264 - core 164 r3108 31e19f9 - H.264/MPEG-4 AVC codec - Copyleft 2003-2023 - http://www.videolan.org/x264.html - options: cabac=1 ref=1 deblock=1:0:0 analyse=0x3:0x113 me=hex subme=2 psy=1 psy_rd=1.00:0.00 mixed_ref=0 me_range=16 chroma_me=1 trellis=0 8x8dct=1 cqm=0 deadzone=21,11 fast_pskip=1 chroma_qp_offset=0 threads=15 lookahead_threads=3 sliced_threads=0 nr=0 decimate=1 interlaced=0 bluray_compat=0 constrained_intra=0 bframes=3 b_pyramid=2 b_adapt=1 b_bias=0 direct=1 weightb=1 open_gop=0 weightp=1 keyint=250 keyint_min=25 scenecut=40 intra_refresh=0 rc_lookahead=10 rc=crf mbtree=1 crf=18.0 qcomp=0.60 qpmin=0 qpmax=69 qpstep=4 ip_ratio=1.40 aq=1:1.00
[stderr] Output #0, mp4, to '/Users/johndoe/Documents/company/video_ops/scripts/abstract_algebra_in_proof_assistant/04-set-equality/takes/take-mrhmharr/pipeline/cut/cut-mrhvutes/chunks/chunk-011.mp4':
[stderr]   Metadata:
[stderr]     major_brand     : qt  
[stderr]     minor_version   : 0
[stderr]     compatible_brands: qt  
[stderr]     encoder         : Lavf61.7.100
[stderr]   Stream #0:0(und): Video: h264 (avc1 / 0x31637661), yuv420p(tv, smpte170m/bt709/bt709, progressive), 640x480, q=2-31, 29.83 fps, 11456 tbn (default)
[stderr]       Metadata:
[stderr]         creation_time   : 2026-07-12T09:54:07.000000Z
[stderr]         handler_name    : Core Media Video
[stderr]         vendor_id       : [0][0][0][0]
[stderr]         encoder         : Lavc61.19.100 libx264
[stderr]       Side data:
[stderr]         cpb: bitrate max/min/avg: 0/0/0 buffer size: 0 vbv_delay: N/A
[stderr]   Stream #0:1(und)[stderr] : Audio: aac (LC) (mp4a / 0x6134706D), 48000 Hz, mono, fltp, 69 kb/s (default)
[stderr]       Metadata:
[stderr]         creation_time   : 2026-07-12T09:54:07.000000Z
[stderr]         handler_name    : Core Media Audio
[stderr]         vendor_id       : [0][0][0][0]
[stderr]         encoder         : Lavc61.19.100 aac
[stderr] ffmpeg version 7.1 Copyright (c) 2000-2024 the FFmpeg developers
[stderr]   built with Apple clang version 15.0.0 (clang-1500.1.0.2.5)
[stderr]   configuration: --prefix=/opt/homebrew/Cellar/ffmpeg/7.1_3 --enable-shared --enable-pthreads --enable-version3 --cc=clang --host-cflags= --host-ldflags='-Wl,-ld_classic' --enable-ffplay --enable-gnutls --enable-gpl --enable-libaom --enable-libaribb24 --enable-libbluray --enable-libdav1d --enable-libharfbuzz --enable-libjxl --enable-libmp3lame --enable-libopus --enable-librav1e --enable-librist --enable-librubberband --enable-libsnappy --enable-libsrt --enable-libssh --enable-libsvtav1 --enable-libtesseract --enable-libtheora --enable-libvidstab --enable-libvmaf --enable-libvorbis --enable-libvpx --enable-libwebp --enable-libx264 --enable-libx265 --enable-libxml2 --enable-libxvid --enable-lzma --enable-libfontconfig --enable-libfreetype --enable-frei0r --enable-libass --enable-libopencore-amrnb --enable-libopencore-amrwb --enable-libopenjpeg --enable-libspeex --enable-libsoxr --enable-libzmq --enable-libzimg --disable-libjack --disable-indev=jack --enable-videotoolbox --enable-audiotoolbox --enable-neon
[stderr]   libavutil      59. 39.100 / 59. 39.100
[stderr]   libavcodec     61. 19.100 / 61. 19.100
[stderr]   libavformat    61.  7.100 / 61.  7.100
[stderr]   libavdevice    61.  3.100 / 61.  3.100
[stderr]   libavfilter    10.  4.100 / 10.  4.100
[stderr]   libswscale      8.  3.100 /  8.  3.100
[stderr]   libswresample   5.  3.100 /  5.  3.100
[stderr]   libpostproc    58.  3.100 / 58.  3.100
[stderr] Input #0, mov,mp4,m4a,3gp,3g2,mj2, from '/Users/johndoe/Documents/company/video_ops/scripts/abstract_algebra_in_proof_assistant/04-set-equality/takes/take-mrhmharr/source.mp4':
[stderr]   Metadata:
[stderr]     major_brand     : qt  
[stderr]     minor_version   : 0
[stderr]     compatible_brands: qt  
[stderr]     creation_time   : 2026-07-12T09:54:07.000000Z
[stderr]   Duration: 00:06:08.94, start: 0.000000, bitrate: 2946 kb/s
[stderr]   Stream #0:0[0x1](und): Video: hevc (Main) (hvc1 / 0x31637668), yuv420p(tv, smpte170m/bt709/bt709), 640x480, 2834 kb/s, 29.95 fps, 29.83 tbr, 600 tbn (default)
[stderr]       Metadata:
[stderr]         creation_time   : 2026-07-12T09:54:07.000000Z
[stderr]         handler_name    : Core Media Video
[stderr]         vendor_id       : [0][0][0][0]
[stderr]         encoder         : HEVC
[stderr]       Side data:
[stderr]         displaymatrix: rotation of -180.00 degrees
[stderr]   Stream #0:1[0x2](und): Audio: aac (LC) (mp4a / 0x6134706D), 48000 Hz, mono, fltp, 100 kb/s (default)
[stderr]       Metadata:
[stderr]         creation_time   : 2026-07-12T09:54:07.000000Z
[stderr]         handler_name    : [stderr] Core Media Audio
[stderr]         vendor_id       : [0][0][0][0]
[stderr]   Stream #0:2[0x3](und): Data: none (mebx / 0x7862656D) (default)
[stderr]       Metadata:
[stderr]         creation_time   : 2026-07-12T09:54:07.000000Z
[stderr]         handler_name    : Core Media Metadata
[stderr] Stream mapping:
[stderr]   Stream #0:0 -> #0:0 (hevc (native) -> h264 (libx264))
[stderr]   Stream #0:1 -> #0:1 (aac (native) -> aac (native))
[stderr] Press [q] to stop, [?] for help
[stderr] frame=  119 fps= 30 q=24.0 size=    2304KiB time=00:00:03.92 bitrate=4812.8kbits/s speed=0.977x    
[stderr] frame=  364 fps= 81 q=24.0 size=    7424KiB time=00:00:12.16 bitrate=4998.3kbits/s dup=0 drop=1 speed=2.69x    
[stderr] frame=  630 fps=126 q=24.0 size=   11520KiB time=00:00:21.05 bitrate=4483.2kbits/s dup=0 drop=3 speed=4.19x    
[stderr] [out#0/mp4 @ 0x11de041e0] video:12910KiB audio:5KiB subtitle:0KiB other streams:0KiB global headers:0KiB muxing overhead: 0.211992%
[stderr] frame=  736 fps=142 q=-1.0 Lsize=   12942KiB time=00:00:24.63 bitrate=4303.5kbits/s dup=0 drop=3 speed=4.75x    
[stderr] [libx264 @ 0x11de051a0] frame I:3     Avg QP:18.55  size: 64046
[stderr] [libx264 @ 0x11de051a0] frame P:272   Avg QP:19.97  size: 32122
[stderr] [libx264 @ 0x11de051a0] frame B:461   Avg QP:24.16  size:  9307
[stderr] [libx264 @ 0x11de051a0] consecutive B-frames:  7.2% 24.7%  9.4% 58.7%
[stderr] [libx264 @ 0x11de051a0] mb I  I16..4: 13.7%  6.1% 80.2%
[stderr] [libx264 @ 0x11de051a0] mb P  I16..4: 12.4%  5.6%  5.7%  P16..4: 21.8% 20.2% 29.0%  0.0%  0.0%    skip: 5.4%
[stderr] [libx264 @ 0x11de051a0] mb B  I16..4:  2.6%  0.5%  0.1%  B16..8: 29.6% 15.3%  6.9%  direct:13.2%  skip:31.8%  L0:24.3% L1:30.8% BI:44.9%
[stderr] [libx264 @ 0x11de051a0] 8x8 transform intra:21.2% inter:28.9%
[stderr] [libx264 @ 0x11de051a0] coded y,uvDC,uvAC intra: 40.4% 42.6% 18.7% inter: 41.9% 20.0% 2.6%
[stderr] [libx264 @ 0x11de051a0] i16 v,h,dc,p: 76% 10% 12%  3%
[stderr] [libx264 @ 0x11de051a0] i8 v,h,dc,ddl,ddr,vr,hd,vl,hu: 23% 16% 28%  2%  8%  8%  6%  5%  5%
[stderr] [libx264 @ 0x11de051a0] i4 v,h,dc,ddl,ddr,vr,hd,vl,hu: 20% 15% 17%  3% 12% 10%  8%  6%  8%
[stderr] [libx264 @ 0x11de051a0] i8c dc,h,v,p: 69% 13% 15%  4%
[stderr] [libx264 @ 0x11de051a0] Weighted P-Frames: Y:10.7% UV:2.9%
[stderr] [libx264 @ 0x11de051a0] kb/s:4286.80
[stderr] [aac @ 0x11de6a570] Qavg: 65504.441
[stderr] ffmpeg version 7.1 Copyright (c) 2000-2024 the FFmpeg developers
[stderr]   built with Apple clang version 15.0.0 (clang-1500.1.0.2.5)
[stderr]   configuration: --prefix=/opt/homebrew/Cellar/ffmpeg/7.1_3 --enable-shared --enable-pthreads --enable-version3 --cc=clang --host-cflags= --host-ldflags='-Wl,-ld_classic' --enable-ffplay --enable-gnutls --enable-gpl --enable-libaom --enable-libaribb24 --enable-libbluray --enable-libdav1d --enable-libharfbuzz --enable-libjxl --enable-libmp3lame --enable-libopus --enable-librav1e --enable-librist --enable-librubberband --enable-libsnappy --enable-libsrt --enable-libssh --enable-libsvtav1 --enable-libtesseract --enable-libtheora --enable-libvidstab --enable-libvmaf --enable-libvorbis --enable-libvpx --enable-libwebp --enable-libx264 --enable-libx265 --enable-libxml2 --enable-libxvid --enable-lzma --enable-libfontconfig --enable-libfreetype --enable-frei0r --enable-libass --enable-libopencore-amrnb --enable-libopencore-amrwb --enable-libopenjpeg --enable-libspeex --enable-libsoxr --enable-libzmq --enable-libzimg --disable-libjack --disable-indev=jack --enable-videotoolbox --enable-audiotoolbox --enable-neon
[stderr]   libavutil      59. 39.100 / 59. 39.100
[stderr]   libavcodec     61. 19.100 / 61. 19.100
[stderr]   libavformat    61.  7.100 / 61.  7.100
[stderr]   libavdevice    61.  3.100 / 61.  3.100
[stderr]   libavfilter    10.  4.100 / 10.  4.100
[stderr]   libswscale      8.  3.100 /  8.  3.100
[stderr]   libswresample   5.  3.100 /  5.  3.100
[stderr]   libpostproc    58.  3.100 / 58.  3.100
[stderr] Input #0, mov,mp4,m4a,3gp,3g2,mj2, from '/Users/johndoe/Documents/company/video_ops/scripts/abstract_algebra_in_proof_assistant/04-set-equality/takes/take-mrhmharr/source.mp4':
[stderr]   Metadata:
[stderr]     major_brand     : qt  
[stderr]     minor_version   : 0
[stderr]     compatible_brands: qt  
[stderr]     creation_time   : 2026-07-12T09:54:07.000000Z
[stderr]   Duration: 00:06:08.94, start: 0.000000, bitrate: [stderr] 2946 kb/s
[stderr]   Stream #0:0[0x1](und): Video: hevc (Main) (hvc1 / 0x31637668), yuv420p(tv, smpte170m/bt709/bt709), 640x480, 2834 kb/s, 29.95 fps, 29.83 tbr, 600 tbn (default)
[stderr]       Metadata:
[stderr]         creation_time   : 2026-07-12T09:54:07.000000Z
[stderr]         handler_name    : Core Media Video
[stderr]         vendor_id       : [0][0][0][0]
[stderr]         encoder         : HEVC
[stderr]       Side data:
[stderr]         displaymatrix: rotation of -180.00 degrees
[stderr]   Stream #0:1[0x2](und): Audio: aac (LC) (mp4a / 0x6134706D), 48000 Hz, mono, fltp, 100 kb/s (default)
[stderr]       Metadata:
[stderr]         creation_time   : 2026-07-12T09:54:07.000000Z
[stderr]         handler_name    : Core Media Audio
[stderr]         vendor_id       : [0][0][0][0]
[stderr]   Stream #0:2[0x3](und): Data: none (mebx / 0x7862656D) (default)
[stderr]       Metadata:
[stderr]         creation_time   : 2026-07-12T09:54:07.000000Z
[stderr]         handler_name    : Core Media Metadata
[stderr] Stream mapping:
[stderr]   Stream #0:0 -> #0:0 (hevc (native) -> h264 (libx264))
[stderr]   Stream #0:1 -> #0:1 (aac (native) -> aac (native))
[stderr] Press [q] to stop, [?] for help
[stderr] [libx264 @ 0x15a405c90] using cpu capabilities: ARMv8 NEON
[stderr] [libx264 @ 0x15a405c90] profile High, level 3.0, 4:2:0, 8-bit
[stderr] [libx264 @ 0x15a405c90] 264 - core 164 r3108 31e19f9 - H.264/MPEG-4 AVC codec - Copyleft 2003-2023 - http://www.videolan.org/x264.html - options: cabac=1 ref=1 deblock=1:0:0 analyse=0x3:0x113 me=hex subme=2 psy=1 psy_rd=1.00:0.00 mixed_ref=0 me_range=16 chroma_me=1 trellis=0 8x8dct=1 cqm=0 deadzone=21,11 fast_pskip=1 chroma_qp_offset=0 threads=15 lookahead_threads=3 sliced_threads=0 nr=0 decimate=1 interlaced=0 bluray_compat=0 constrained_intra=0 bframes=3 b_pyramid=2 b_adapt=1 b_bias=0 direct=1 weightb=1 open_gop=0 weightp=1 keyint=250 keyint_min=25 scenecut=40 intra_refresh=0 rc_lookahead=10 rc=crf mbtree=1 crf=18.0 qcomp=0.60 qpmin=0 qpmax=69 qpstep=4 ip_ratio=1.40 aq=1:1.00
[stderr] Output #0, mp4, to '/Users/johndoe/Documents/company/video_ops/scripts/abstract_algebra_in_proof_assistant/04-set-equality/takes/take-mrhmharr/pipeline/cut/cut-mrhvutes/chunks/chunk-019.mp4':
[stderr]   Metadata:
[stderr]     major_brand     : qt  
[stderr]     minor_version   : 0
[stderr]     compatible_brands: qt  
[stderr]     encoder         : Lavf61.7.100
[stderr]   Stream #0:0(und): Video: h264 (avc1 / 0x31637661), yuv420p(tv, smpte170m/bt709/bt709, progressive), 640x480, q=2-31, 29.83 fps, 11456 tbn (default)
[stderr]       Metadata:
[stderr]         creation_time   : 2026-07-12T09:54:07.000000Z
[stderr]         handler_name    : Core Media Video
[stderr]         vendor_id       : [0][0][0][0]
[stderr]         encoder         : Lavc61.19.100 libx264
[stderr]       Side data:
[stderr]         cpb: bitrate max/min/avg: 0/0/0 buffer size: 0 vbv_delay: N/A
[stderr]   Stream #0:1(und): Audio: aac (LC) (mp4a / 0x6134706D), 48000 Hz, mono, fltp, 69 kb/s (default)
[stderr]       Metadata:
[stderr]         creation_time   : 2026-07-12T09:54:07.000000Z
[stderr]         handler_name    : Core Media Audio
[stderr]         vendor_id       : [0][0][0][0]
[stderr]         encoder         : Lavc61.19.100 aac
[stderr] frame=    1 fps=0.2 q=24.0 size=       0KiB time=-00:00:00.03 bitrate=N/A speed=N/A    
[stderr] [libx264 @ 0x143e17cb0] using cpu capabilities: ARMv8 NEON
[stderr] [libx264 @ 0x143e17cb0] profile High, level 3.0, 4:2:0, 8-bit
[stderr] [libx264 @ 0x143e17cb0] 264 - core 164 r3108 31e19f9 - H.264/MPEG-4 AVC codec - Copyleft 2003-2023 - http://www.videolan.org/x264.html - options: cabac=1 ref=1 deblock=1:0:0 analyse=0x3:0x113 me=hex subme=2 psy=1 psy_rd=1.00:0.00 mixed_ref=0 me_range=16 chroma_me=1 trellis=0 8x8dct=1 cqm=0 deadzone=21,11 fast_pskip=1 chroma_qp_offset=0 threads=15 lookahead_threads=3 sliced_threads=0 nr=0 decimate=1 interlaced=0 bluray_compat=0 constrained_intra=0 bframes=3 b_pyramid=2 b_adapt=1 b_bias=0 direct=1 weightb=1 open_gop=0 weightp=1 keyint=250 keyint_min=25 scenecut=40 intra_refresh=0 rc_lookahead=10 rc=crf mbtree=1 crf=18.0 qcomp=0.60 qpmin=0 qpmax=69 qpstep=4 ip_ratio=1.40 aq=1:1.00
[stderr] Output #0, mp4, to '/Users/johndoe/Documents/company/video_ops/scripts/abstract_algebra_in_proof_assistant/04-set-equality/takes/take-mrhmharr/pipeline/cut/cut-mrhvutes/chunks/chunk-012.mp4':
[stderr]   Metadata:
[stderr]     major_brand     : qt  
[stderr]     minor_version   : 0
[stderr]     compatible_brands: qt  
[stderr]     encoder         : Lavf61.7.100
[stderr]   Stream #0:0(und): Video: h264 (avc1 / 0x31637661), yuv420p(tv, smpte170m/bt709/bt709, progressive), 640x480, q=2-31, 29.83 fps, 11456 tbn (default)
[stderr]       Metadata:
[stderr]         creation_time   : 2026-07-12T09:54:07.000000Z
[stderr]         handler_name    : Core Media Video
[stderr]         vendor_id       : [0][0][0][0]
[stderr]         encoder         : Lavc61.19.100 libx264
[stderr]       Side data:
[stderr]         cpb: bitrate max/min/avg: 0/0/0 buffer size: 0 vbv_delay: N/A
[stderr]   Stream #0:1(und): Audio: aac (LC) (mp4a / 0x6134706D), 48000 Hz, mono, fltp, 69 kb/s (default)
[stderr]       Metadata:
[stderr]         creation_time   : 2026-07-12T09:54:07.000000Z
[stderr]         handler_name    : Core Media Audio
[stderr]         vendor_id       : [0][0][0][0]
[stderr]         encoder         : Lavc61.19.100 aac
[stderr] [out#0/mp4 @ 0x15a404bd0] video:2921KiB audio:1KiB subtitle:0KiB other streams:0KiB global headers:0KiB muxing overhead: 0.188216%
[stderr] frame=  115 fps= 20 q=-1.0 Lsize=    2928KiB time=00:00:03.78 bitrate=6331.9kbits/s speed=0.663x    
[stderr] [libx264 @ 0x15a405c90] frame I:2     Avg QP:21.88  size: 48680
[stderr] [libx264 @ 0x15a405c90] frame P:36    Avg QP:23.25  size: 39950
[stderr] [libx264 @ 0x15a405c90] frame B:77    Avg QP:25.48  size: 18900
[stderr] [libx264 @ 0x15a405c90] consecutive B-frames:  7.8%  5.2% 10.4% 76.5%
[stderr] [libx264 @ 0x15a405c90] mb I  I16..4:  5.0%  9.0% 86.0%
[stderr] [libx264 @ 0x15a405c90] mb P  I16..4:  2.4%  7.2% 26.5%  P16..4: 16.6% 18.1% 28.8%  0.0%  0.0%    skip: 0.4%
[stderr] [libx264 @ 0x15a405c90] mb B  I16..4:  0.8%  0.9%  1.9%  B16..8: 30.2% 19.5% 13.5%  direct:20.2%  skip:13.0%  L0:29.0% L1:31.0% BI:40.0%
[stderr] [libx264 @ 0x15a405c90] 8x8 transform intra:19.5% inter:35.3%
[stderr] [libx264 @ 0x15a405c90] coded y,uvDC,uvAC intra: 90.2% 80.3% 45.7% inter: 61.1% 32.3% 5.2%
[stderr] [libx264 @ 0x15a405c90] i16 v,h,dc,p: 54% 20% 19%  7%
[stderr] [libx264 @ 0x15a405c90] i8 v,h,dc,ddl,ddr,vr,hd,vl,hu: 19% 20% 14%  3%  9%  8%  9%  8% 10%
[stderr] [libx264 @ 0x15a405c90] i4 v,h,dc,ddl,ddr,vr,hd,vl,hu: 16% 18% 14%  4% 14%  9%  9%  7% 10%
[stderr] [libx264 @ 0x15a405c90] i8c dc,h,v,p: 47% 22% 21% 10%
[stderr] [libx264 @ 0x15a405c90] Weighted P-Frames: Y:27.8% UV:2.8%
[stderr] [libx264 @ 0x15a405c90] kb/s:6207.15
[stderr] [aac @ 0x109722590] Qavg: 65335.051
[stderr] [out#0/mp4 @ 0x143e16d40] video:903KiB audio:0KiB subtitle:0KiB other streams:0KiB global headers:0KiB muxing overhead: 0.423874%
[stderr] frame=   70 fps= 16 q=-1.0 Lsize=     907KiB time=00:00:02.27 bitrate=3259.6kbits/s speed=0.533x    
[stderr] [libx264 @ 0x143e17cb0] frame I:1     Avg QP:19.25  size: 41277
[stderr] [libx264 @ 0x143e17cb0] frame P:31    Avg QP:19.94  size: 20849
[stderr] [libx264 @ 0x143e17cb0] frame B:38    Avg QP:21.90  size:  6212
[stderr] [libx264 @ 0x143e17cb0] [stderr] consecutive B-frames: 20.0% 17.1% 17.1% 45.7%
[stderr] [libx264 @ 0x143e17cb0] mb I  I16..4: 12.4% 34.1% 53.5%
[stderr] [libx264 @ 0x143e17cb0] mb P  I16..4: 10.0% 18.4%  3.6%  P16..4: 24.8% 18.8% 20.4%  0.0%  0.0%    skip: 4.0%
[stderr] [libx264 @ 0x143e17cb0] mb B  I16..4:  2.9%  2.3%  0.1%  B16..8: 34.5% 14.8%  4.1%  direct:14.7%  skip:26.6%  L0:30.2% L1:34.6% BI:35.2%
[stderr] [libx264 @ 0x143e17cb0] 8x8 transform intra:53.5% inter:30.0%
[stderr] [libx264 @ 0x143e17cb0] coded y,uvDC,uvAC intra: 48.6% 65.5% 13.2% inter: 33.2% 23.7% 1.5%
[stderr] [libx264 @ 0x143e17cb0] i16 v,h,dc,p: 22% 34% 29% 15%
[stderr] [libx264 @ 0x143e17cb0] i8 v,h,dc,ddl,ddr,vr,hd,vl,hu: 13% 27% 35%  2%  5%  3%  5%  3%  7%
[stderr] [libx264 @ 0x143e17cb0] i4 v,h,dc,ddl,ddr,vr,hd,vl,hu: 20% 16% 19%  3% 12%  9%  7%  5%  7%
[stderr] [libx264 @ 0x143e17cb0] i8c dc,h,v,p: 50% 27% 18%  5%
[stderr] [libx264 @ 0x143e17cb0] Weighted P-Frames: Y:3.2% UV:0.0%
[stderr] [libx264 @ 0x143e17cb0] kb/s:3149.22
[stderr] [aac @ 0x143e7d090] Qavg: 65206.512
[stderr] ffmpeg version 7.1 Copyright (c) 2000-2024 the FFmpeg developers
[stderr]   built with Apple clang version 15.0.0 (clang-1500.1.0.2.5)
[stderr]   configuration: --prefix=/opt/homebrew/Cellar/ffmpeg/7.1_3 --enable-shared --enable-pthreads --enable-version3 --cc=clang --host-cflags= --host-ldflags='-Wl,-ld_classic' --enable-ffplay --enable-gnutls --enable-gpl --enable-libaom --enable-libaribb24 --enable-libbluray --enable-libdav1d --enable-libharfbuzz --enable-libjxl --enable-libmp3lame --enable-libopus --enable-librav1e --enable-librist --enable-librubberband --enable-libsnappy --enable-libsrt --enable-libssh --enable-libsvtav1 --enable-libtesseract --enable-libtheora --enable-libvidstab --enable-libvmaf --enable-libvorbis --enable-libvpx --enable-libwebp --enable-libx264 --enable-libx265 --enable-libxml2 --enable-libxvid --enable-lzma --enable-libfontconfig --enable-libfreetype --enable-frei0r --enable-libass --enable-libopencore-amrnb --enable-libopencore-amrwb --enable-libopenjpeg --enable-libspeex --enable-libsoxr --enable-libzmq --enable-libzimg --disable-libjack --disable-indev=jack --enable-videotoolbox --enable-audiotoolbox --enable-neon
[stderr]   libavutil      59. 39.100 / 59. 39.100
[stderr]   libavcodec     61. 19.100 / 61. 19.100
[stderr]   libavformat    61.  7.100 / 61.  7.100
[stderr]   libavdevice    61.  3.100 / 61.  3.100
[stderr]   libavfilter    10.  4.100 / 10.  4.100
[stderr]   libswscale      8.  3.100 /  8.  3.100
[stderr]   libswresample   5.  3.100 /  5.  3.100
[stderr]   libpostproc    58.  3.100 / 58.  3.100
[stderr] ffmpeg version 7.1 Copyright (c) 2000-2024 the FFmpeg developers
[stderr]   built with Apple clang version 15.0.0 (clang-1500.1.0.2.5)
[stderr]   configuration: --prefix=/opt/homebrew/Cellar/ffmpeg/7.1_3 --enable-shared --enable-pthreads --enable-version3 --cc=clang --host-cflags= --host-ldflags='-Wl,-ld_classic' --enable-ffplay --enable-gnutls --enable-gpl --enable-libaom --enable-libaribb24 --enable-libbluray --enable-libdav1d --enable-libharfbuzz --enable-libjxl --enable-libmp3lame --enable-libopus --enable-librav1e --enable-librist --enable-librubberband --enable-libsnappy --enable-libsrt --enable-libssh --enable-libsvtav1 --enable-libtesseract --enable-libtheora --enable-libvidstab --enable-libvmaf --enable-libvorbis --enable-libvpx --enable-libwebp --enable-libx264 --enable-libx265 --enable-libxml2 --enable-libxvid --enable-lzma --enable-libfontconfig --enable-libfreetype --enable-frei0r --enable-libass --enable-libopencore-amrnb --enable-libopencore-amrwb --enable-libopenjpeg --enable-libspeex --enable-libsoxr --enable-libzmq --enable-libzimg --disable-libjack --disable-indev=jack --enable-videotoolbox --enable-audiotoolbox --enable-neon
[stderr]   libavutil      59. 39.100 / 59. 39.100
[stderr]   libavcodec     61. 19.100 / 61. 19.100
[stderr]   libavformat    61.  7.100 / 61.  7.100
[stderr]   libavdevice    61.  3.100 / 61.  3.100
[stderr]   libavfilter    10.  4.100 / 10.  4.100
[stderr]   libswscale      8.  3.100 /  8.  3.100
[stderr]   libswresample   5.  3.100 /  5.  3.100
[stderr]   libpostproc    58.  3.100 / 58.  3.100
[stderr] Input #0, mov,mp4,m4a,3gp,3g2,mj2, from '/Users/johndoe/Documents/company/video_ops/scripts/abstract_algebra_in_proof_assistant/04-set-equality/takes/take-mrhmharr/source.mp4':
[stderr]   Metadata:
[stderr]     major_brand     : qt  
[stderr]     minor_version   : 0
[stderr]     compatible_brands: qt  
[stderr]     creation_time   : 2026-07-12T09:54:07.000000Z
[stderr]   Duration: 00:06:08.94, start: 0.000000, bitrate: 2946 kb/s
[stderr]   Stream #0:0[0x1](und): Video: hevc (Main) (hvc1 / 0x31637668), yuv420p(tv, smpte170m/bt709/bt709), 640x480, 2834 kb/s, 29.95 fps, 29.83 tbr, 600 tbn (default)
[stderr]       Metadata:
[stderr]         creation_time   : 2026-07-12T09:54:07.000000Z
[stderr]         handler_name    : Core Media Video
[stderr]         vendor_id       : [0][0][0][0]
[stderr]         encoder         : HEVC
[stderr]       Side data:
[stderr]         displaymatrix: rotation of -180.00 degrees
[stderr]   Stream #0:1[0x2](und): Audio: aac (LC) (mp4a / 0x6134706D), 48000 Hz, mono, fltp, 100 kb/s (default)
[stderr]       Metadata:
[stderr]         creation_time   : 2026-07-12T09:54:07.000000Z
[stderr]         handler_name    : Core Media Audio
[stderr]         vendor_id       : [0][0][0][0]
[stderr]   Stream #0:2[0x3](und): Data: none (mebx / 0x7862656D) (default)
[stderr]       Metadata:
[stderr]         creation_time   : 2026-07-12T09:54:07.000000Z
[stderr]         handler_name    : Core Media Metadata
[stderr] Stream mapping:
[stderr]   Stream #0:0 -> #0:0 (hevc (native) -> h264 (libx264))
[stderr]   Stream #0:1 -> #0:1[stderr]  (aac (native) -> aac (native))
[stderr] Press [q] to stop, [?] for help
[stderr] Input #0, mov,mp4,m4a,3gp,3g2,mj2, from '/Users/johndoe/Documents/company/video_ops/scripts/abstract_algebra_in_proof_assistant/04-set-equality/takes/take-mrhmharr/source.mp4':
[stderr]   Metadata:
[stderr]     major_brand     : qt  
[stderr]     minor_version   : 0
[stderr]     compatible_brands: qt  
[stderr]     creation_time   : 2026-07-12T09:54:07.000000Z
[stderr]   Duration: 00:06:08.94, start: 0.000000, bitrate: 2946 kb/s
[stderr]   Stream #0:0[0x1](und): Video: hevc (Main) (hvc1 / 0x31637668), yuv420p(tv, smpte170m/bt709/bt709), 640x480, 2834 kb/s, 29.95 fps, 29.83 tbr, 600 tbn (default)
[stderr]       Metadata:
[stderr]         creation_time   : 2026-07-12T09:54:07.000000Z
[stderr]         handler_name    : Core Media Video
[stderr]         vendor_id       : [0][0][0][0]
[stderr]         encoder         : HEVC
[stderr]       Side data:
[stderr]         displaymatrix: rotation of -180.00 degrees
[stderr]   Stream #0:1[0x2](und): Audio: aac (LC) (mp4a / 0x6134706D), 48000 Hz, mono, fltp, 100 kb/s (default)
[stderr]       Metadata:
[stderr]         creation_time   : 2026-07-12T09:54:07.000000Z
[stderr]         handler_name    : Core Media Audio
[stderr]         vendor_id       : [0][0][0][0]
[stderr]   Stream #0:2[0x3](und): Data: none (mebx / 0x7862656D) (default)
[stderr]       Metadata:
[stderr]         creation_time   : 2026-07-12T09:54:07.000000Z
[stderr]         handler_name    : Core Media Metadata
[stderr] Stream mapping:
[stderr]   Stream #0:0 -> #0:0 (hevc (native) -> h264 (libx264))
[stderr]   Stream #0:1 -> #0:1[stderr]  (aac (native) -> aac (native))
[stderr] Press [q] to stop, [?] for help
[stderr] [libx264 @ 0x107605520] using cpu capabilities: ARMv8 NEON
[stderr] [libx264 @ 0x107605520] profile High, level 3.0, 4:2:0, 8-bit
[stderr] [libx264 @ 0x107605520] 264 - core 164 r3108 31e19f9 - H.264/MPEG-4 AVC codec - Copyleft 2003-2023 - http://www.videolan.org/x264.html - options: cabac=1 ref=1 deblock=1:0:0 analyse=0x3:0x113 me=hex subme=2 psy=1 psy_rd=1.00:0.00 mixed_ref=0 me_range=16 chroma_me=1 trellis=0 8x8dct=1 cqm=0 deadzone=21,11 fast_pskip=1 chroma_qp_offset=0 threads=15 lookahead_threads=3 sliced_threads=0 nr=0 decimate=1 interlaced=0 bluray_compat=0 constrained_intra=0 bframes=3 b_pyramid=2 b_adapt=1 b_bias=0 direct=1 weightb=1 open_gop=0 weightp=1 keyint=250 keyint_min=25 scenecut=40 intra_refresh=0 rc_lookahead=10 rc=crf mbtree=1 crf=18.0 qcomp=0.60 qpmin=0 qpmax=69 qpstep=4 ip_ratio=1.40 aq=1:1.00
[stderr] Output #0, mp4, to '/Users/johndoe/Documents/company/video_ops/scripts/abstract_algebra_in_proof_assistant/04-set-equality/takes/take-mrhmharr/pipeline/cut/cut-mrhvutes/chunks/chunk-013.mp4':
[stderr]   Metadata:
[stderr]     major_brand     : qt  
[stderr]     minor_version   : 0
[stderr]     compatible_brands: qt  
[stderr]     encoder         : Lavf61.7.100
[stderr]   Stream #0:0(und): Video: h264 (avc1 / 0x31637661), yuv420p(tv, smpte170m/bt709/bt709, progressive), 640x480, q=2-31, 29.83 fps, 11456 tbn (default)
[stderr]       Metadata:
[stderr]         creation_time   : 2026-07-12T09:54:07.000000Z
[stderr]         handler_name    : Core Media Video
[stderr]         vendor_id       : [0][0][0][0]
[stderr]         encoder         : Lavc61.19.100 libx264
[stderr]       Side data:
[stderr]         cpb: bitrate max/min/avg: 0/0/0 buffer size: 0 vbv_delay: N/A
[stderr]   Stream #0:1(und): Audio: aac (LC) (mp4a / 0x6134706D), 48000 Hz, mono, fltp, 69 kb/s (default)
[stderr]       Metadata:
[stderr]         creation_time   : 2026-07-12T09:54:07.000000Z
[stderr]         handler_name    : Core Media Audio
[stderr]         vendor_id       : [0][0][0][0]
[stderr]         encoder         : Lavc61.19.100 aac
[stderr] frame=  115 fps= 29 q=24.0 size=    1280KiB time=00:00:03.75 bitrate=2793.2kbits/s speed=0.937x    
[stderr] frame=  403 fps= 89 q=24.0 size=    7168KiB time=00:00:13.44 bitrate=4368.7kbits/s dup=0 drop=1 speed=2.98x    
[stderr] [out#0/mp4 @ 0x107604570] video:10853KiB audio:3KiB subtitle:0KiB other streams:0KiB global headers:0KiB muxing overhead: 0.187683%
[stderr] frame=  545 fps=115 q=-1.0 Lsize=   10876KiB time=00:00:18.20 bitrate=4895.3kbits/s dup=0 drop=1 speed=3.85x    
[stderr] [libx264 @ 0x107605520] frame I:3     Avg QP:18.99  size: 56212
[stderr] [libx264 @ 0x107605520] frame P:227   Avg QP:21.07  size: 31333
[stderr] [libx264 @ 0x107605520] frame B:315   Avg QP:23.97  size: 12163
[stderr] [libx264 @ 0x107605520] consecutive B-frames: 15.4% 19.4%  9.4% 55.8%
[stderr] [libx264 @ 0x107605520] mb I  I16..4:  9.7% 20.8% 69.6%
[stderr] [libx264 @ 0x107605520] mb P  I16..4:  7.1%  9.7%  9.0%  P16..4: 24.2% 20.8% 26.6%  0.0%  0.0%    skip: 2.7%
[stderr] [libx264 @ 0x107605520] mb B  I16..4:  1.7%  0.8%  0.4%  B16..8: 31.4% 16.6%  8.8%  direct:16.1%  skip:24.1%  L0:28.9% L1:32.0% BI:39.1%
[stderr] [libx264 @ 0x107605520] 8x8 transform intra:35.4% inter:29.1%
[stderr] [libx264 @ 0x107605520] coded y,uvDC,uvAC intra: 61.8% 60.4% 25.4% inter: 47.0% 25.4% 3.0%
[stderr] [libx264 @ 0x107605520] i16 v,h,dc,p: 61% 17% 14%  8%
[stderr] [libx264 @ 0x107605520] i8 v,h,dc,ddl,ddr,vr,hd,vl,hu: 21% 20% 27%  2%  7%  5%  6%  5%  6%
[stderr] [libx264 @ 0x107605520] i4 v,h,dc,ddl,ddr,vr,hd,vl,hu: 17% 17% 17%  4% 13%  8%  9%  7%  9%
[stderr] [libx264 @ 0x107605520] i8c dc,h,v,p: 57% 19% 18%  6%
[stderr] [libx264 @ 0x107605520] Weighted P-Frames: Y:13.7% UV:1.8%
[stderr] [libx264 @ 0x107605520] kb/s:4866.37
[stderr] [aac @ 0x137769a80] Qavg: 65493.324
[stderr] ffmpeg version 7.1 Copyright (c) 2000-2024 the FFmpeg developers
[stderr]   built with Apple clang version 15.0.0 (clang-1500.1.0.2.5)
[stderr]   configuration: --prefix=/opt/homebrew/Cellar/ffmpeg/7.1_3 --enable-shared --enable-pthreads --enable-version3 --cc=clang --host-cflags= --host-ldflags='-Wl,-ld_classic' --enable-ffplay --enable-gnutls --enable-gpl --enable-libaom --enable-libaribb24 --enable-libbluray --enable-libdav1d --enable-libharfbuzz --enable-libjxl --enable-libmp3lame --enable-libopus --enable-librav1e --enable-librist --enable-librubberband --enable-libsnappy --enable-libsrt --enable-libssh --enable-libsvtav1 --enable-libtesseract --enable-libtheora --enable-libvidstab --enable-libvmaf --enable-libvorbis --enable-libvpx --enable-libwebp --enable-libx264 --enable-libx265 --enable-libxml2 --enable-libxvid --enable-lzma --enable-libfontconfig --enable-libfreetype --enable-frei0r --enable-libass --enable-libopencore-amrnb --enable-libopencore-amrwb --enable-libopenjpeg --enable-libspeex --enable-libsoxr --enable-libzmq --enable-libzimg --disable-libjack --disable-indev=jack --enable-videotoolbox --enable-audiotoolbox --enable-neon
[stderr]   libavutil      59. 39.100 / 59. 39.100
[stderr]   libavcodec     61. 19.100 / 61. 19.100
[stderr]   libavformat    61.  7.100 / 61.  7.100
[stderr]   libavdevice    61.  3.100 / 61.  3.100
[stderr]   libavfilter    10.  4.100 / 10.  4.100
[stderr]   libswscale      8.  3.100 /  8.  3.100
[stderr]   libswresample   5.  3.100 /  5.  3.100
[stderr]   libpostproc    58.  3.100 / 58.  3.100
[stderr] Input #0, mov,mp4,m4a,3gp,3g2,mj2, from '/Users/johndoe/Documents/company/video_ops/scripts/abstract_algebra_in_proof_assistant/04-set-equality/takes/take-mrhmharr/source.mp4':
[stderr]   Metadata:
[stderr]     major_brand     : qt  
[stderr]     minor_version   : 0
[stderr]     compatible_brands: qt  
[stderr]     creation_time   : 2026-07-12T09:54:07.000000Z
[stderr]   Duration: [stderr] 00:06:08.94, start: 0.000000, bitrate: 2946 kb/s
[stderr]   Stream #0:0[0x1](und): Video: hevc (Main) (hvc1 / 0x31637668), yuv420p(tv, smpte170m/bt709/bt709), 640x480, 2834 kb/s, 29.95 fps, 29.83 tbr, 600 tbn (default)
[stderr]       Metadata:
[stderr]         creation_time   : 2026-07-12T09:54:07.000000Z
[stderr]         handler_name    : Core Media Video
[stderr]         vendor_id       : [0][0][0][0]
[stderr]         encoder         : HEVC
[stderr]       Side data:
[stderr]         displaymatrix: rotation of -180.00 degrees
[stderr]   Stream #0:1[0x2](und): Audio: aac (LC) (mp4a / 0x6134706D), 48000 Hz, mono, fltp, 100 kb/s (default)
[stderr]       Metadata:
[stderr]         creation_time   : 2026-07-12T09:54:07.000000Z
[stderr]         handler_name    : Core Media Audio
[stderr]         vendor_id       : [0][0][0][0]
[stderr]   Stream #0:2[0x3](und): Data: none (mebx / 0x7862656D) (default)
[stderr]       Metadata:
[stderr]         creation_time   : 2026-07-12T09:54:07.000000Z
[stderr]         handler_name    : Core Media Metadata
[stderr] Stream mapping:
[stderr]   Stream #0:0 -> #0:0 (hevc (native) -> h264 (libx264))
[stderr]   Stream #0:1 -> #0:1 (aac (native) -> aac (native))
[stderr] Press [q] to stop, [?] for help
[stderr] [libx264 @ 0x13ee386c0] using cpu capabilities: ARMv8 NEON
[stderr] [libx264 @ 0x13ee386c0] profile High, level 3.0, 4:2:0, 8-bit
[stderr] [libx264 @ 0x13ee386c0] 264 - core 164 r3108 31e19f9 - H.264/MPEG-4 AVC codec - Copyleft 2003-2023 - http://www.videolan.org/x264.html - options: cabac=1 ref=1 deblock=1:0:0 analyse=0x3:0x113 me=hex subme=2 psy=1 psy_rd=1.00:0.00 mixed_ref=0 me_range=16 chroma_me=1 trellis=0 8x8dct=1 cqm=0 deadzone=21,11 fast_pskip=1 chroma_qp_offset=0 threads=15 lookahead_threads=3 sliced_threads=0 nr=0 decimate=1 interlaced=0 bluray_compat=0 constrained_intra=0 bframes=3 b_pyramid=2 b_adapt=1 b_bias=0 direct=1 weightb=1 open_gop=0 weightp=1 keyint=250 keyint_min=25 scenecut=40 intra_refresh=0 rc_lookahead=10 rc=crf mbtree=1 crf=18.0 qcomp=0.60 qpmin=0 qpmax=69 qpstep=4 ip_ratio=1.40 aq=1:1.00
[stderr] Output #0, mp4, to '/Users/johndoe/Documents/company/video_ops/scripts/abstract_algebra_in_proof_assistant/04-set-equality/takes/take-mrhmharr/pipeline/cut/cut-mrhvutes/chunks/chunk-020.mp4':
[stderr]   Metadata:
[stderr]     major_brand     : qt  
[stderr]     minor_version   : 0
[stderr]     compatible_brands: qt  
[stderr]     encoder         : Lavf61.7.100
[stderr]   Stream #0:0(und): Video: h264 (avc1 / 0x31637661), yuv420p(tv, smpte170m/bt709/bt709, progressive), 640x480, q=2-31, 29.83 fps, 11456 tbn (default)
[stderr]       Metadata:
[stderr]         creation_time   : 2026-07-12T09:54:07.000000Z
[stderr]         handler_name    : Core Media Video
[stderr]         vendor_id       : [0][0][0][0]
[stderr]         encoder         : Lavc61.19.100 libx264
[stderr]       Side data:
[stderr]         cpb: bitrate max/min/avg: 0/0/0 buffer size: 0 vbv_delay: N/A
[stderr]   Stream #0:1(und): Audio: aac (LC) (mp4a / 0x6134706D), 48000 Hz, mono, fltp, 69 kb/s (default)
[stderr]       Metadata:
[stderr]         creation_time   : 2026-07-12T09:54:07.000000Z
[stderr]         handler_name    : Core Media Audio
[stderr]         vendor_id       : [stderr] [0][0][0][0]
[stderr]         encoder         : Lavc61.19.100 aac
[stderr] [out#0/mp4 @ 0x13ee378e0] video:2457KiB audio:1KiB subtitle:0KiB other streams:0KiB global headers:0KiB muxing overhead: 0.202848%
[stderr] frame=  100 fps= 19 q=-1.0 Lsize=    2462KiB time=00:00:03.28 bitrate=6140.2kbits/s speed=0.619x    
[stderr] [libx264 @ 0x13ee386c0] frame I:1     Avg QP:22.45  size: 58520
[stderr] [libx264 @ 0x13ee386c0] frame P:30    Avg QP:22.98  size: 44963
[stderr] [libx264 @ 0x13ee386c0] frame B:69    Avg QP:25.70  size: 16049
[stderr] [libx264 @ 0x13ee386c0] consecutive B-frames:  5.0%  8.0%  3.0% 84.0%
[stderr] [libx264 @ 0x13ee386c0] mb I  I16..4:  3.7%  5.5% 90.8%
[stderr] [libx264 @ 0x13ee386c0] mb P  I16..4:  1.2%  3.4% 15.9%  P16..4: 23.7% 21.1% 34.2%  0.0%  0.0%    skip: 0.6%
[stderr] [libx264 @ 0x13ee386c0] mb B  I16..4:  0.3%  0.2%  1.0%  B16..8: 29.2% 17.5%  9.6%  direct:25.0%  skip:17.2%  L0:32.3% L1:29.9% BI:37.9%
[stderr] [libx264 @ 0x13ee386c0] 8x8 transform intra:15.2% inter:38.3%
[stderr] [libx264 @ 0x13ee386c0] coded y,uvDC,uvAC intra: 91.5% 89.3% 55.5% inter: 59.1% 27.7% 5.2%
[stderr] [libx264 @ 0x13ee386c0] i16 v,h,dc,p: 51% 25% 15% 10%
[stderr] [libx264 @ 0x13ee386c0] i8 v,h,dc,ddl,ddr,vr,hd,vl,hu: 20% 20% 16%  3%  7%  5% 10%  9% 10%
[stderr] [libx264 @ 0x13ee386c0] i4 v,h,dc,ddl,ddr,vr,hd,vl,hu: 13% 22% 13%  4% 11%  6% 11%  7% 13%
[stderr] [libx264 @ 0x13ee386c0] i8c dc,h,v,p: 47% 24% 18% 11%
[stderr] [libx264 @ 0x13ee386c0] Weighted P-Frames: Y:33.3% UV:6.7%
[stderr] [libx264 @ 0x13ee386c0] kb/s:6002.04
[stderr] [aac @ 0x10ee68810] Qavg: 65305.980
[stderr] ffmpeg version 7.1 Copyright (c) 2000-2024 the FFmpeg developers
[stderr]   built with Apple clang version 15.0.0 (clang-1500.1.0.2.5)
[stderr]   configuration: --prefix=/opt/homebrew/Cellar/ffmpeg/7.1_3 --enable-shared --enable-pthreads --enable-version3 --cc=clang --host-cflags= --host-ldflags='-Wl,-ld_classic' --enable-ffplay --enable-gnutls --enable-gpl --enable-libaom --enable-libaribb24 --enable-libbluray --enable-libdav1d --enable-libharfbuzz --enable-libjxl --enable-libmp3lame --enable-libopus --enable-librav1e --enable-librist --enable-librubberband --enable-libsnappy --enable-libsrt --enable-libssh --enable-libsvtav1 --enable-libtesseract --enable-libtheora --enable-libvidstab --enable-libvmaf --enable-libvorbis --enable-libvpx --enable-libwebp --enable-libx264 --enable-libx265 --enable-libxml2 --enable-libxvid --enable-lzma --enable-libfontconfig --enable-libfreetype --enable-frei0r --enable-libass --enable-libopencore-amrnb --enable-libopencore-amrwb --enable-libopenjpeg --enable-libspeex --enable-libsoxr --enable-libzmq --enable-libzimg --disable-libjack --disable-indev=jack --enable-videotoolbox --enable-audiotoolbox --enable-neon
[stderr]   libavutil      59. 39.100 / 59. 39.100
[stderr]   libavcodec     61. 19.100 / 61. 19.100
[stderr]   libavformat    61.  7.100 / 61.  7.100
[stderr]   libavdevice    61.  3.100 / 61.  3.100
[stderr]   libavfilter    10.  4.100 / 10.  4.100
[stderr]   libswscale      8.  3.100 /  8.  3.100
[stderr]   libswresample   5.  3.100 /  5.  3.100
[stderr]   libpostproc    58.  3.100 / 58.  3.100
[stderr] Input #0, mov,mp4,m4a,3gp,3g2,mj2, from '/Users/johndoe/Documents/company/video_ops/scripts/abstract_algebra_in_proof_assistant/04-set-equality/takes/take-mrhmharr/source.mp4':
[stderr]   Metadata:
[stderr]     major_brand     : qt  
[stderr]     minor_version   : 0
[stderr]     compatible_brands: qt  
[stderr]     creation_time   : 2026-07-12T09:54:07.000000Z
[stderr]   Duration: 00:06:08.94, start: 0.000000, bitrate: 2946 kb/s
[stderr]   Stream #0:0[0x1](und): Video: hevc (Main) (hvc1 / 0x31637668), yuv420p(tv, smpte170m/bt709/bt709), 640x480, 2834 kb/s, 29.95 fps, 29.83 tbr, 600 tbn (default)
[stderr]       Metadata:
[stderr]         creation_time   : 2026-07-12T09:54:07.000000Z
[stderr]         handler_name    : Core Media Video
[stderr]         vendor_id       : [0][0][0][0]
[stderr]         encoder         : HEVC
[stderr]       Side data:
[stderr]         displaymatrix: rotation of -180.00 degrees
[stderr]   Stream #0:1[0x2](und): Audio: aac (LC) (mp4a / 0x6134706D), 48000 Hz, mono, fltp, 100 kb/s (default)
[stderr]       Metadata:
[stderr]         creation_time   : 2026-07-12T09:54:07.000000Z
[stderr]         handler_name    : Core Media Audio
[stderr]         vendor_id       : [0][0][0][0]
[stderr]   Stream #0:2[0x3](und): Data: none (mebx / 0x7862656D) (default)
[stderr]       Metadata:
[stderr]         creation_time   : 2026-07-12T09:54:07.000000Z
[stderr]         handler_name    : Core Media Metadata
[stderr] Stream mapping:
[stderr]   Stream #0:0 -> #0:0 (hevc (native) -> h264 (libx264))
[stderr]   Stream #0:1 -> #0:1 (aac (native) -> aac (native))
[stderr] Press [q] to stop, [?] for help
[stderr] [libx264 @ 0x12b60f240] using cpu capabilities: ARMv8 NEON
[stderr] [libx264 @ 0x12b60f240] profile High, level 3.0, 4:2:0, 8-bit
[stderr] [libx264 @ 0x12b60f240] 264 - core 164 r3108 31e19f9 - H.264/MPEG-4 AVC codec - Copyleft 2003-2023 - http://www.videolan.org/x264.html - options: cabac=1 ref=1 deblock=1:0:0 analyse=0x3:0x113 me=hex subme=2 psy=1 psy_rd=1.00:0.00 mixed_ref=0 me_range=16 chroma_me=1 trellis=0 8x8dct=1 cqm=0 deadzone=21,11 fast_pskip=1 chroma_qp_offset=0 threads=15 lookahead_threads=3 sliced_threads=0 nr=0 decimate=1 interlaced=0 bluray_compat=0 constrained_intra=0 bframes=3 b_pyramid=2 b_adapt=1 b_bias=0 direct=1 weightb=1 open_gop=0 weightp=1 keyint=250 keyint_min=25 scenecut=40 intra_refresh=0 rc_lookahead=10 rc=crf mbtree=1 crf=18.0 qcomp=0.60 qpmin=0 qpmax=69 qpstep=4 ip_ratio=1.40 aq=1:1.00
[stderr] Output #0, mp4, to '/Users/johndoe/Documents/company/video_ops/scripts/abstract_algebra_in_proof_assistant/04-set-equality/takes/take-mrhmharr/pipeline/cut/cut-mrhvutes/chunks/chunk-014.mp4':
[stderr]   Metadata:
[stderr]     major_brand     : qt  
[stderr]     minor_version   : 0
[stderr]     compatible_brands: qt  
[stderr]     encoder         : Lavf61.7.100
[stderr]   Stream #0:0(und): Video: h264 (avc1 / 0x31637661), yuv420p(tv, smpte170m/bt709/bt709, progressive), 640x480, q=2-31, 29.83 fps, 11456 tbn (default)
[stderr]       Metadata:
[stderr]         creation_time   : 2026-07-12T09:54:07.000000Z
[stderr]         handler_name    : Core Media Video
[stderr]         vendor_id       : [0][0][0][0]
[stderr]         encoder         : Lavc61.19.100 libx264
[stderr]       Side data:
[stderr]         cpb: bitrate max/min/avg: 0/0/0 buffer size: 0 vbv_delay: N/A
[stderr]   Stream #0:1(und): Audio: aac (LC) (mp4a / 0x6134706D), 48000 Hz, mono, fltp, 69 kb/s (default)
[stderr]       Metadata:
[stderr]         creation_time   : 2026-07-12T09:54:07.000000Z
[stderr]         handler_name    : Core Media Audio
[stderr]         vendor_id       : [0][0][0][0]
[stderr]         encoder         : Lavc61.19.100 aac
[stderr] frame=  126 fps= 28 q=24.0 size=    3584KiB time=00:00:04.15 bitrate=7063.9kbits/s speed=0.922x    
[stderr] [out#0/mp4 @ 0x12b604590] video:5123KiB audio:1KiB subtitle:0KiB other streams:0KiB global headers:0KiB muxing overhead: 0.147054%
[stderr] frame=  173 fps= 38 q=-1.0 Lsize=    5132KiB time=00:00:05.73 bitrate=7334.1kbits/s speed=1.25x    
[stderr] [libx264 @ 0x12b60f240] frame I:3     Avg QP:22.27  size: 50543
[stderr] [libx264 @ 0x12b60f240] frame P:57    Avg QP:23.93  size: 41650
[stderr] [libx264 @ 0x12b60f240] frame B:113   Avg QP:26.01  size: 24067
[stderr] [libx264 @ 0x12b60f240] consecutive B-frames:  9.2%  9.2%  5.2% 76.3%
[stderr] [libx264 @ 0x12b60f240] mb I  I16..4:  2.2% 11.4% 86.4%
[stderr] [libx264 @ 0x12b60f240] mb P  I16..4:  2.2%  8.3% 33.6%  P16..4: 14.7% 15.5% 25.1%  0.0%  0.0%    skip: 0.6%
[stderr] [libx264 @ 0x12b60f240] mb B  I16..4:  0.9%  1.5%  3.6%  B16..8: 27.9% 22.5% 18.6%  direct:17.4%  skip: 7.6%  L0:32.0% L1:32.1% BI:35.9%
[stderr] [libx264 @ 0x12b60f240] 8x8 transform intra:19.4% inter:35.1%
[stderr] [libx264 @ 0x12b60f240] coded y,uvDC,uvAC intra: 91.1% 73.5% 36.9% inter: 67.4% 31.2% 2.5%
[stderr] [libx264 @ 0x12b60f240] i16 v,h,dc,p: 38% 22% 24% 15%
[stderr] [libx264 @ 0x12b60f240] i8 v,h,dc,ddl,ddr,vr,hd,vl,hu: 21% 19% 16%  3%  9%  7%  9%  8%  8%
[stderr] [libx264 @ 0x12b60f240] i4 v,h,dc,ddl,ddr,vr,hd,vl,hu: 14% 17% 13%  4% 15%  9% 11%  8%  9%
[stderr] [libx264 @ 0x12b60f240] i8c dc,h,v,p: 47% 22% 20% 10%
[stderr] [libx264 @ 0x12b60f240] Weighted P-Frames: Y:14.0% UV:5.3%
[stderr] [libx264 @ 0x12b60f240] kb/s:7236.21
[stderr] [aac @ 0x12b66e0a0] Qavg: 65402.035
[stderr] ffmpeg version 7.1 Copyright (c) 2000-2024 the FFmpeg developers
[stderr]   built with Apple clang version 15.0.0 (clang-1500.1.0.2.5)
[stderr]   configuration: --prefix=/opt/homebrew/Cellar/ffmpeg/7.1_3 --enable-shared --enable-pthreads --enable-version3 --cc=clang --host-cflags= --host-ldflags='-Wl,-ld_classic' --enable-ffplay --enable-gnutls --enable-gpl --enable-libaom --enable-libaribb24 --enable-libbluray --enable-libdav1d --enable-libharfbuzz --enable-libjxl --enable-libmp3lame --enable-libopus --enable-librav1e --enable-librist --enable-librubberband --enable-libsnappy --enable-libsrt --enable-libssh --enable-libsvtav1 --enable-libtesseract --enable-libtheora --enable-libvidstab --enable-libvmaf --enable-libvorbis --enable-libvpx --enable-libwebp --enable-libx264 --enable-libx265 --enable-libxml2 --enable-libxvid --enable-lzma --enable-libfontconfig --enable-libfreetype --enable-frei0r --enable-libass --enable-libopencore-amrnb --enable-libopencore-amrwb --enable-libopenjpeg --enable-libspeex --enable-libsoxr --enable-libzmq --enable-libzimg --disable-libjack --disable-indev=jack --enable-videotoolbox --enable-audiotoolbox --enable-neon
[stderr]   libavutil      59. 39.100 / 59. 39.100
[stderr]   libavcodec     61. 19.100 / 61. 19.100
[stderr]   libavformat    61.  7.100 / 61.  7.100
[stderr]   libavdevice    61.  3.100 / 61.  3.100
[stderr]   libavfilter    10.  4.100 / 10.  4.100
[stderr]   libswscale      8.  3.100 /  8.  3.100
[stderr]   libswresample   5.  3.100 /  5.  3.100
[stderr]   libpostproc    58.  3.100 / 58.  3.100
[stderr] Input #0, mov,mp4,m4a,3gp,3g2,mj2, from '/Users/johndoe/Documents/company/video_ops/scripts/abstract_algebra_in_proof_assistant/04-set-equality/takes/take-mrhmharr/source.mp4':
[stderr]   Metadata:
[stderr]     major_brand     : qt  
[stderr]     minor_version   : 0
[stderr]     compatible_brands: qt  
[stderr]     creation_time   : 2026-07-12T09:54:07.000000Z
[stderr]   Duration: 00:06:08.94, start: 0.000000, bitrate: 2946 kb/s
[stderr]   Stream #0:0[0x1](und): Video: hevc (Main) (hvc1 / 0x31637668), yuv420p(tv, smpte170m/bt709/bt709), 640x480, 2834 kb/s, 29.95 fps, 29.83 tbr, 600 tbn (default)
[stderr]       Metadata:
[stderr]         creation_time   : 2026-07-12T09:54:07.000000Z
[stderr]         handler_name    : Core Media Video
[stderr]         vendor_id       : [0][0][0][0]
[stderr]         encoder         : HEVC
[stderr]       Side data:
[stderr]         displaymatrix: rotation of -180.00 degrees
[stderr]   Stream #0:1[0x2](und): Audio: aac (LC) (mp4a / 0x6134706D), 48000 Hz, mono, fltp, 100 kb/s (default)
[stderr]       Metadata:
[stderr]         creation_time   : 2026-07-12T09:54:07.000000Z
[stderr]         handler_name    : Core Media Audio
[stderr]         vendor_id       : [0][0][0][0]
[stderr]   Stream #0:2[0x3](und): Data: none (mebx / 0x7862656D) (default)
[stderr]       Metadata:
[stderr]         creation_time   : 2026-07-12T09:54:07.000000Z
[stderr]         handler_name    : Core Media Metadata
[stderr] Stream mapping:
[stderr]   Stream #0:0 -> #0:0 (hevc (native) -> h264 (libx264))
[stderr]   Stream #0:1 -> #0:1 (aac (native) -> aac (native))
[stderr] Press [q] to stop, [?] for help
[stderr] [libx264 @ 0x147e26810] using cpu capabilities: ARMv8 NEON
[stderr] [libx264 @ 0x147e26810] profile High, level 3.0, 4:2:0, 8-bit
[stderr] [libx264 @ 0x147e26810] 264 - core 164 r3108 31e19f9 - H.264/MPEG-4 AVC codec - Copyleft 2003-2023 - http://www.videolan.org/x264.html - options: cabac=1 ref=1 deblock=1:0:0 analyse=0x3:0x113 me=hex subme=2 psy=1 psy_rd=1.00:0.00 mixed_ref=0 me_range=16 chroma_me=1 trellis=0 8x8dct=1 cqm=0 deadzone=21,11 fast_pskip=1 chroma_qp_offset=0 threads=15 lookahead_threads=3 sliced_threads=0 nr=0 decimate=1 interlaced=0 bluray_compat=0 constrained_intra=0 bframes=3 b_pyramid=2 b_adapt=1 b_bias=0 direct=1 weightb=1 open_gop=0 weightp=1 keyint=250 keyint_min=25 scenecut=40 intra_refresh=0 rc_lookahead=10 rc=crf mbtree=1 crf=18.0 qcomp=0.60 qpmin=0 qpmax=69 qpstep=4 ip_ratio=1.40 aq=1:1.00
[stderr] Output #0, mp4, to '/Users/johndoe/Documents/company/video_ops/scripts/abstract_algebra_in_proof_assistant/04-set-equality/takes/take-mrhmharr/pipeline/cut/cut-mrhvutes/chunks/chunk-021.mp4':
[stderr]   Metadata:
[stderr]     major_brand     : qt  
[stderr]     minor_version   : 0
[stderr]     compatible_brands: qt  
[stderr]     encoder         : Lavf61.7.100
[stderr]   Stream #0:0(und): Video: h264 (avc1 / 0x31637661), yuv420p(tv, smpte170m/bt709/bt709, progressive), 640x480, q=2-31, 29.83 fps, 11456 tbn (default)
[stderr]       Metadata:
[stderr]         creation_time   : 2026-07-12T09:54:07.000000Z
[stderr]         handler_name    : Core Media Video
[stderr]         vendor_id       : [0][0][0][0]
[stderr]         encoder         : Lavc61.19.100 libx264
[stderr]       Side data:
[stderr]         cpb: bitrate max/min/avg: 0/0/0 buffer size: 0 vbv_delay: N/A
[stderr]   Stream #0:1(und): Audio: aac (LC) (mp4a / 0x6134706D), 48000 Hz, mono, fltp, 69 kb/s (default)
[stderr]       Metadata:
[stderr]         creation_time   : 2026-07-12T09:54:07.000000Z
[stderr]         handler_name    : Core Media Audio
[stderr]         vendor_id       : [0][0][0][0]
[stderr]         encoder         : Lavc61.19.100 aac
[stderr] [out#0/mp4 @ 0x147e25ad0] video:1478KiB audio:0KiB subtitle:0KiB other streams:0KiB global headers:0KiB muxing overhead: 0.234048%
[stderr] frame=   57 fps= 11 q=-1.0 Lsize=    1482KiB time=00:00:01.87 bitrate=6468.6kbits/s speed=0.358x    
[stderr] [libx264 @ 0x147e26810] frame I:1     Avg QP:22.46  size: 79777
[stderr] [libx264 @ 0x147e26810] frame P:19    Avg QP:23.10  size: 41067
[stderr] [libx264 @ 0x147e26810] frame B:37    Avg QP:25.47  size: 17651
[stderr] [libx264 @ 0x147e26810] consecutive B-frames:  5.3% 24.6%  0.0% 70.2%
[stderr] [libx264 @ 0x147e26810] mb I  I16..4:  2.5%  4.9% 92.6%
[stderr] [libx264 @ 0x147e26810] mb P  I16..4:  2.4%  4.6% 13.9%  P16..4: 25.8% 21.3% 31.3%  0.0%  0.0%    skip: 0.7%
[stderr] [libx264 @ 0x147e26810] mb B  I16..4:  0.8%  0.9%  1.2%  B16..8: 27.9% 18.3% 11.6%  direct:24.8%  skip:14.5%  L0:30.0% L1:32.8% BI:37.2%
[stderr] [libx264 @ 0x147e26810] 8x8 transform intra:20.7% inter:35.0%
[stderr] [libx264 @ 0x147e26810] coded y,uvDC,uvAC intra: 86.8% 84.9% 52.7% inter: 62.2% 32.7% 6.4%
[stderr] [libx264 @ 0x147e26810] i16 v,h,dc,p: 48% 15% 28%  9%
[stderr] [libx264 @ 0x147e26810] i8 v,h,dc,ddl,ddr,vr,hd,vl,hu: 19% 19% 17%  3%  9%  6% 10%  7% 10%
[stderr] [libx264 @ 0x147e26810] i4 v,h,dc,ddl,ddr,vr,hd,vl,hu: 14% 18% 14%  4% 14%  7% 11%  7% 11%
[stderr] [libx264 @ 0x147e26810] i8c dc,h,v,p: 48% 23% 18% 11%
[stderr] [libx264 @ 0x147e26810] Weighted P-Frames: Y:31.6% UV:0.0%
[stderr] [libx264 @ 0x147e26810] kb/s:6335.77
[stderr] [aac @ 0x106d13650] Qavg: 65134.098
[stderr] ffmpeg version 7.1 Copyright (c) 2000-2024 the FFmpeg developers
[stderr]   built with Apple clang version 15.0.0 (clang-1500.1.0.2.5)
[stderr]   configuration: --prefix=/opt/homebrew/Cellar/ffmpeg/7.1_3 --enable-shared --enable-pthreads --enable-version3 --cc=clang --host-cflags= --host-ldflags='-Wl,-ld_classic' --enable-ffplay --enable-gnutls --enable-gpl --enable-libaom --enable-libaribb24 --enable-libbluray --enable-libdav1d --enable-libharfbuzz --enable-libjxl --enable-libmp3lame --enable-libopus --enable-librav1e --enable-librist --enable-librubberband --enable-libsnappy --enable-libsrt --enable-libssh --enable-libsvtav1 --enable-libtesseract --enable-libtheora --enable-libvidstab --enable-libvmaf --enable-libvorbis --enable-libvpx --enable-libwebp --enable-libx264 --enable-libx265 --enable-libxml2 --enable-libxvid --enable-lzma --enable-libfontconfig --enable-libfreetype --enable-frei0r --enable-libass --enable-libopencore-amrnb --enable-libopencore-amrwb --enable-libopenjpeg --enable-libspeex --enable-libsoxr --enable-libzmq --enable-libzimg --disable-libjack --disable-indev=jack --enable-videotoolbox --enable-audiotoolbox --enable-neon
[stderr]   libavutil      59. 39.100 / 59. 39.100
[stderr]   libavcodec     61. 19.100 / 61. 19.100
[stderr]   libavformat    61.  7.100 / 61.  7.100
[stderr]   libavdevice    61.  3.100 / 61.  3.100
[stderr]   libavfilter    10.  4.100 / 10.  4.100
[stderr]   libswscale      8.  3.100 /  8.  3.100
[stderr]   libswresample   5.  3.100 /  5.  3.100
[stderr]   libpostproc    58.  3.100 / 58.  3.100
[stderr] Input #0, mov,mp4,m4a,3gp,3g2,mj2, from '/Users/johndoe/Documents/company/video_ops/scripts/abstract_algebra_in_proof_assistant/04-set-equality/takes/take-mrhmharr/source.mp4':
[stderr]   Metadata:
[stderr]     major_brand     : qt  
[stderr]     minor_version   : 0
[stderr]     compatible_brands: qt  
[stderr]     creation_time   : 2026-07-12T09:54:07.000000Z
[stderr]   Duration: 00:06:08.94, start: 0.000000, bitrate: 2946 kb/s
[stderr]   Stream #0:0[0x1](und): Video: hevc (Main) (hvc1 / 0x31637668), yuv420p(tv, smpte170m/bt709/bt709), 640x480, 2834 kb/s, 29.95 fps, 29.83 tbr, 600 tbn (default)
[stderr]       Metadata:
[stderr]         creation_time   : 2026-07-12T09:54:07.000000Z
[stderr]         handler_name    : Core Media Video
[stderr]         vendor_id       : [0][0][0][0]
[stderr]         encoder         : HEVC
[stderr]       Side data:
[stderr]         displaymatrix: rotation of -180.00 degrees
[stderr]   Stream #0:1[0x2](und): Audio: aac (LC) (mp4a / 0x6134706D), 48000 Hz, mono, fltp, 100 kb/s (default)
[stderr]       Metadata:
[stderr]         creation_time   : 2026-07-12T09:54:07.000000Z
[stderr]         handler_name    : Core Media Audio
[stderr]         vendor_id       : [0][0][0][0]
[stderr]   Stream #0:2[0x3](und): Data: none (mebx / 0x7862656D) (default)
[stderr]       Metadata:
[stderr]         creation_time   : 2026-07-12T09:54:07.000000Z
[stderr]         handler_name    : Core Media Metadata
[stderr] Stream mapping:
[stderr]   Stream #0:0 -> #0:0 (hevc (native) -> h264 (libx264))
[stderr]   Stream #0:1 -> #0:1 (aac (native) -> aac (native))
[stderr] Press [q] to stop, [?] for help
[stderr] [libx264 @ 0x128605190] using cpu capabilities: ARMv8 NEON
[stderr] [libx264 @ 0x128605190] profile High, level 3.0, 4:2:0, 8-bit
[stderr] [libx264 @ 0x128605190] 264 - core 164 r3108 31e19f9 - H.264/MPEG-4 AVC codec - Copyleft 2003-2023 - http://www.videolan.org/x264.html - options: cabac=1 ref=1 deblock=1:0:0 analyse=0x3:0x113 me=hex subme=2 psy=1 psy_rd=1.00:0.00 mixed_ref=0 me_range=16 chroma_me=1 trellis=0 8x8dct=1 cqm=0 deadzone=21,11 fast_pskip=1 chroma_qp_offset=0 threads=15 lookahead_threads=3 sliced_threads=0 nr=0 decimate=1 interlaced=0 bluray_compat=0 constrained_intra=0 bframes=3 b_pyramid=2 b_adapt=1 b_bias=0 direct=1 weightb=1 open_gop=0 weightp=1 keyint=250 keyint_min=25 scenecut=40 intra_refresh=0 rc_lookahead=10 rc=crf mbtree=1 crf=18.0 qcomp=0.60 qpmin=0 qpmax=69 qpstep=4 ip_ratio=1.40 aq=1:1.00
[stderr] Output #0, mp4, to '/Users/johndoe/Documents/company/video_ops/scripts/abstract_algebra_in_proof_assistant/04-set-equality/takes/take-mrhmharr/pipeline/cut/cut-mrhvutes/chunks/chunk-015.mp4':
[stderr]   Metadata:
[stderr]     major_brand     : qt  
[stderr]     minor_version   : 0
[stderr]     compatible_brands: qt  
[stderr]     encoder         : Lavf61.7.100
[stderr]   Stream #0:0(und): Video: h264 (avc1 / 0x31637661), yuv420p(tv, smpte170m/bt709/bt709, progressive), 640x480, q=2-31, 29.83 fps, 11456 tbn (default)
[stderr]       Metadata:
[stderr]         creation_time   : 2026-07-12T09:54:07.000000Z
[stderr]         handler_name    : Core Media Video
[stderr]         vendor_id       : [0][0][0][0]
[stderr]         encoder         : Lavc61.19.100 libx264
[stderr]       Side data:
[stderr]         cpb: bitrate max/min/avg: 0/0/0 buffer size: 0 vbv_delay: N/A
[stderr]   Stream #0:1(und): Audio: aac (LC) (mp4a / 0x6134706D), 48000 Hz, mono, fltp, 69 kb/s (default)
[stderr]       Metadata:
[stderr]         creation_time   : 2026-07-12T09:54:07.000000Z
[stderr]         handler_name    : Core Media Audio
[stderr]         vendor_id       : [0][0][0][0]
[stderr]         encoder         : Lavc61.19.100 aac
[stderr] frame=  129 fps= 29 q=24.0 size=    3328KiB time=00:00:04.29 bitrate=6354.4kbits/s speed=0.95x    
[stderr] [out#0/mp4 @ 0x1286041e0] video:6168KiB audio:1KiB subtitle:0KiB other streams:0KiB global headers:0KiB muxing overhead: 0.155002%
[stderr] frame=  230 fps= 49 q=-1.0 Lsize=    6179KiB time=00:00:07.67 bitrate=6594.2kbits/s speed=1.63x    
[stderr] [libx264 @ 0x128605190] frame I:3     Avg QP:21.42  size: 48158
[stderr] [libx264 @ 0x128605190] frame P:74    Avg QP:23.32  size: 39600
[stderr] [libx264 @ 0x128605190] frame B:153   Avg QP:25.34  size: 21178
[stderr] [libx264 @ 0x128605190] consecutive B-frames:  8.3%  5.2% 11.7% 74.8%
[stderr] [libx264 @ 0x128605190] mb I  I16..4:  3.9% 13.4% 82.6%
[stderr] [libx264 @ 0x128605190] mb P  I16..4:  2.5% 12.4% 29.8%  P16..4: 14.6% 15.5% 24.8%  0.0%  0.0%    skip: 0.4%
[stderr] [libx264 @ 0x128605190] mb B  I16..4:  0.9%  2.6%  2.6%  B16..8: 27.1% 20.3% 15.3%  direct:20.4%  skip:10.8%  L0:32.0% L1:30.8% BI:37.2%
[stderr] [libx264 @ 0x128605190] 8x8 transform intra:29.8% inter:37.4%
[stderr] [libx264 @ 0x128605190] coded y,uvDC,uvAC intra: 88.3% 74.1% 41.2% inter: 64.5% 35.0% 4.6%
[stderr] [libx264 @ 0x128605190] i16 v,h,dc,p: 48% 15% 23% 15%
[stderr] [libx264 @ 0x128605190] i8 v,h,dc,ddl,ddr,vr,hd,vl,hu: 25% 19% 15%  3%  9%  8%  7%  7%  8%
[stderr] [libx264 @ 0x128605190] i4 v,h,dc,ddl,ddr,vr,hd,vl,hu: 14% 19% 13%  4% 15%  9% 11%  6% 10%
[stderr] [libx264 @ 0x128605190] i8c dc,h,v,p: 48% 22% 20% 10%
[stderr] [libx264 @ 0x128605190] Weighted P-Frames: Y:18.9% UV:5.4%
[stderr] [libx264 @ 0x128605190] kb/s:6553.11
[stderr] [aac @ 0x14924a220] Qavg: 65435.527
[stderr] ffmpeg version 7.1 Copyright (c) 2000-2024 the FFmpeg developers
[stderr]   built with Apple clang version 15.0.0 (clang-1500.1.0.2.5)
[stderr]   configuration: --prefix=/opt/homebrew/Cellar/ffmpeg/7.1_3 --enable-shared --enable-pthreads --enable-version3 --cc=clang --host-cflags= --host-ldflags='-Wl,-ld_classic' --enable-ffplay --enable-gnutls --enable-gpl --enable-libaom --enable-libaribb24 --enable-libbluray --enable-libdav1d --enable-libharfbuzz --enable-libjxl --enable-libmp3lame --enable-libopus --enable-librav1e --enable-librist --enable-librubberband --enable-libsnappy --enable-libsrt --enable-libssh --enable-libsvtav1 --enable-libtesseract --enable-libtheora --enable-libvidstab --enable-libvmaf --enable-libvorbis --enable-libvpx --enable-libwebp --enable-libx264 --enable-libx265 --enable-libxml2 --enable-libxvid --enable-lzma --enable-libfontconfig --enable-libfreetype --enable-frei0r --enable-libass --enable-libopencore-amrnb --enable-libopencore-amrwb --enable-libopenjpeg --enable-libspeex --enable-libsoxr --enable-libzmq --enable-libzimg --disable-libjack --disable-indev=jack --enable-videotoolbox --enable-audiotoolbox --enable-neon
[stderr]   libavutil      59. 39.100 / 59. 39.100
[stderr]   libavcodec     61. 19.100 / 61. 19.100
[stderr]   libavformat    61.  7.100 / 61.  7.100
[stderr]   libavdevice    61.  3.100 / 61.  3.100
[stderr]   libavfilter    10.  4.100 / 10.  4.100
[stderr]   libswscale      8.  3.100 /  8.  3.100
[stderr]   libswresample   5.  3.100 /  5.  3.100
[stderr]   libpostproc    58.  3.100 / 58.  3.100
[stderr] Input #0, mov,mp4,m4a,3gp,3g2,mj2, from '/Users/johndoe/Documents/company/video_ops/scripts/abstract_algebra_in_proof_assistant/04-set-equality/takes/take-mrhmharr/source.mp4':
[stderr]   Metadata:
[stderr]     major_brand     : qt  
[stderr]     minor_version   : 0
[stderr]     compatible_brands: qt  
[stderr]     creation_time   : 2026-07-12T09:54:07.000000Z
[stderr]   Duration: 00:06:08.94, start: 0.000000, bitrate: 2946 kb/s
[stderr]   Stream #0:0[0x1](und): Video: hevc (Main) (hvc1 / 0x31637668), yuv420p(tv, smpte170m/bt709/bt709), 640x480, 2834 kb/s, 29.95 fps, 29.83 tbr, 600 tbn (default)
[stderr]       Metadata:
[stderr]         creation_time   : 2026-07-12T09:54:07.000000Z
[stderr]         handler_name    : Core Media Video
[stderr]         vendor_id       : [0][0][0][0]
[stderr]         encoder         : HEVC
[stderr]       Side data:
[stderr]         displaymatrix: rotation of -180.00 degrees
[stderr]   Stream #0:1[0x2](und): Audio: aac (LC) (mp4a / 0x6134706D), 48000 Hz, mono, fltp, 100 kb/s (default)
[stderr]       Metadata:
[stderr]         creation_time   : 2026-07-12T09:54:07.000000Z
[stderr]         handler_name    : Core Media Audio
[stderr]         vendor_id       : [0][0][0][0]
[stderr]   Stream #0:2[0x3](und): Data: none (mebx / 0x7862656D) (default)
[stderr]       Metadata:
[stderr]         creation_time   : 2026-07-12T09:54:07.000000Z
[stderr]         handler_name    : Core Media Metadata
[stderr] Stream mapping:
[stderr]   Stream #0:0 -> #0:0 (hevc (native) -> h264 (libx264))
[stderr]   Stream #0:1 -> #0:1[stderr]  (aac (native) -> aac (native))
[stderr] Press [q] to stop, [?] for help
[stderr] [libx264 @ 0x159b0f280] using cpu capabilities: ARMv8 NEON
[stderr] [libx264 @ 0x159b0f280] profile High, level 3.0, 4:2:0, 8-bit
[stderr] [libx264 @ 0x159b0f280] 264 - core 164 r3108 31e19f9 - H.264/MPEG-4 AVC codec - Copyleft 2003-2023 - http://www.videolan.org/x264.html - options: cabac=1 ref=1 deblock=1:0:0 analyse=0x3:0x113 me=hex subme=2 psy=1 psy_rd=1.00:0.00 mixed_ref=0 me_range=16 chroma_me=1 trellis=0 8x8dct=1 cqm=0 deadzone=21,11 fast_pskip=1 chroma_qp_offset=0 threads=15 lookahead_threads=3 sliced_threads=0 nr=0 decimate=1 interlaced=0 bluray_compat=0 constrained_intra=0 bframes=3 b_pyramid=2 b_adapt=1 b_bias=0 direct=1 weightb=1 open_gop=0 weightp=1 keyint=250 keyint_min=25 scenecut=40 intra_refresh=0 rc_lookahead=10 rc=crf mbtree=1 crf=18.0 qcomp=0.60 qpmin=0 qpmax=69 qpstep=4 ip_ratio=1.40 aq=1:1.00
[stderr] Output #0, mp4, to '/Users/johndoe/Documents/company/video_ops/scripts/abstract_algebra_in_proof_assistant/04-set-equality/takes/take-mrhmharr/pipeline/cut/cut-mrhvutes/chunks/chunk-022.mp4':
[stderr]   Metadata:
[stderr]     major_brand     : qt  
[stderr]     minor_version   : 0
[stderr]     compatible_brands: qt  
[stderr]     encoder         : Lavf61.7.100
[stderr]   Stream #0:0(und): Video: h264 (avc1 / 0x31637661), yuv420p(tv, smpte170m/bt709/bt709, progressive), 640x480, q=2-31, 29.83 fps, 11456 tbn (default)
[stderr]       Metadata:
[stderr]         creation_time   : 2026-07-12T09:54:07.000000Z
[stderr]         handler_name    : Core Media Video
[stderr]         vendor_id       : [0][0][0][0]
[stderr]         encoder         : Lavc61.19.100 libx264
[stderr]       Side data:
[stderr]         cpb: bitrate max/min/avg: 0/0/0 buffer size: 0 vbv_delay: N/A
[stderr]   Stream #0:1(und): Audio: aac (LC) (mp4a / 0x6134706D), 48000 Hz, mono, fltp, 69 kb/s (default)
[stderr]       Metadata:
[stderr]         creation_time   : 2026-07-12T09:54:07.000000Z
[stderr]         handler_name    : Core Media Audio
[stderr]         vendor_id       : [0][0][0][0]
[stderr]         encoder         : Lavc61.19.100 aac
[stderr] frame=  132 fps= 24 q=24.0 size=    2816KiB time=00:00:04.35 bitrate=5294.1kbits/s speed=0.79x    
[stderr] frame=  402 fps= 67 q=-1.0 size=    8448KiB time=N/A bitrate=N/A speed=N/A    
[stderr] [out#0/mp4 @ 0x159b045d0] video:8917KiB audio:3KiB subtitle:0KiB other streams:0KiB global headers:0KiB muxing overhead: 0.181533%
[stderr] frame=  415 fps= 69 q=-1.0 Lsize=    8935KiB time=00:00:13.84 bitrate=5287.6kbits/s speed= 2.3x    
[stderr] [libx264 @ 0x159b0f280] frame I:3     Avg QP:20.08  size: 44272
[stderr] [libx264 @ 0x159b0f280] frame P:114   Avg QP:22.01  size: 36677
[stderr] [libx264 @ 0x159b0f280] frame B:298   Avg QP:24.59  size: 16161
[stderr] [libx264 @ 0x159b0f280] consecutive B-frames:  2.2%  4.3%  5.8% 87.7%
[stderr] [libx264 @ 0x159b0f280] mb I  I16..4:  5.9% 13.1% 81.1%
[stderr] [libx264 @ 0x159b0f280] mb P  I16..4:  4.5%  9.8% 26.0%  P16..4: 16.7% 18.1% 24.3%  0.0%  0.0%    skip: 0.7%
[stderr] [libx264 @ 0x159b0f280] mb B  I16..4:  1.3%  1.3%  2.1%  B16..8: 29.2% 18.4% 10.8%  direct:20.0%  skip:17.0%  L0:32.3% L1:33.2% BI:34.5%
[stderr] [libx264 @ 0x159b0f280] 8x8 transform intra:24.4% inter:35.6%
[stderr] [libx264 @ 0x159b0f280] coded y,uvDC,uvAC intra: 84.6% 75.4% 42.7% inter: 54.3% 29.7% 5.5%
[stderr] [libx264 @ 0x159b0f280] i16 v,h,dc,p: 60% 18% 18%  5%
[stderr] [libx264 @ 0x159b0f280] i8 v,h,dc,ddl,ddr,vr,hd,vl,hu: 19% 19% 16%  4%  9%  7%  8%  7% 10%
[stderr] [libx264 @ 0x159b0f280] i4 v,h,dc,ddl,ddr,vr,hd,vl,hu: 15% 19% 15%  4% 13%  8%  9%  7% 11%
[stderr] [libx264 @ 0x159b0f280] i8c dc,h,v,p: 50% 22% 19% 10%
[stderr] [libx264 @ 0x159b0f280] Weighted P-Frames: Y:17.5% UV:0.9%
[stderr] [libx264 @ 0x159b0f280] kb/s:5250.65
[stderr] [aac @ 0x1587354a0] Qavg: 65479.992
[stderr] ffmpeg version 7.1 Copyright (c) 2000-2024 the FFmpeg developers
[stderr]   built with Apple clang version 15.0.0 (clang-1500.1.0.2.5)
[stderr]   configuration: --prefix=/opt/homebrew/Cellar/ffmpeg/7.1_3 --enable-shared --enable-pthreads --enable-version3 --cc=clang --host-cflags= --host-ldflags='-Wl,-ld_classic' --enable-ffplay --enable-gnutls --enable-gpl --enable-libaom --enable-libaribb24 --enable-libbluray --enable-libdav1d --enable-libharfbuzz --enable-libjxl --enable-libmp3lame --enable-libopus --enable-librav1e --enable-librist --enable-librubberband --enable-libsnappy --enable-libsrt --enable-libssh --enable-libsvtav1 --enable-libtesseract --enable-libtheora --enable-libvidstab --enable-libvmaf --enable-libvorbis --enable-libvpx --enable-libwebp --enable-libx264 --enable-libx265 --enable-libxml2 --enable-libxvid --enable-lzma --enable-libfontconfig --enable-libfreetype --enable-frei0r --enable-libass --enable-libopencore-amrnb --enable-libopencore-amrwb --enable-libopenjpeg --enable-libspeex --enable-libsoxr --enable-libzmq --enable-libzimg --disable-libjack --disable-indev=jack --enable-videotoolbox --enable-audiotoolbox --enable-neon
[stderr]   libavutil      59. 39.100 / 59. 39.100
[stderr]   libavcodec     61. 19.100 / 61. 19.100
[stderr]   libavformat    61.  7.100 / 61.  7.100
[stderr]   libavdevice    61.  3.100 / 61.  3.100
[stderr]   libavfilter    10.  4.100 / 10.  4.100
[stderr]   libswscale      8.  3.100 /  8.  3.100
[stderr]   libswresample   5.  3.100 /  5.  3.100
[stderr]   libpostproc    58.  3.100 / 58.  3.100
[stderr] Input #0, mov,mp4,m4a,3gp,3g2,mj2, from '/Users/johndoe/Documents/company/video_ops/scripts/abstract_algebra_in_proof_assistant/04-set-equality/takes/take-mrhmharr/source.mp4':
[stderr]   Metadata:
[stderr]     major_brand     : qt  
[stderr]     minor_version   : 0
[stderr]     compatible_brands: qt  
[stderr]     creation_time   : 2026-07-12T09:54:07.000000Z
[stderr]   Duration: 00:06:08.94, start: 0.000000, bitrate: 2946 kb/s
[stderr]   Stream #0:0[0x1](und): Video: hevc (Main) (hvc1 / 0x31637668), yuv420p(tv, smpte170m/bt709/bt709), 640x480, 2834 kb/s, 29.95 fps, 29.83 tbr, 600 tbn (default)
[stderr]       Metadata:
[stderr]         creation_time   : 2026-07-12T09:54:07.000000Z
[stderr]         handler_name    : Core Media Video
[stderr]         vendor_id       : [0][0][0][0]
[stderr]         encoder         : HEVC
[stderr]       Side data:
[stderr]         displaymatrix: rotation of -180.00 degrees
[stderr]   Stream #0:1[0x2](und): Audio: aac (LC) (mp4a / 0x6134706D), 48000 Hz, mono, fltp, 100 kb/s (default)
[stderr]       Metadata:
[stderr]         creation_time   : 2026-07-12T09:54:07.000000Z
[stderr]         handler_name    : Core Media Audio
[stderr]         vendor_id       : [0][0][0][0]
[stderr]   Stream #0:2[0x3](und): Data: none (mebx / 0x7862656D) (default)
[stderr]       Metadata:
[stderr]         creation_time   : 2026-07-12T09:54:07.000000Z
[stderr]         handler_name    : Core Media Metadata
[stderr] Stream mapping:
[stderr]   Stream #0:0 -> #0:0 (hevc (native) -> h264 (libx264))
[stderr]   Stream #0:1 -> #0:1 (aac (native) -> aac (native))
[stderr] Press [q] to stop, [?] for help
[stderr] [libx264 @ 0x13860eb40] using cpu capabilities: ARMv8 NEON
[stderr] [libx264 @ 0x13860eb40] profile High, level 3.0, 4:2:0, 8-bit
[stderr] [libx264 @ 0x13860eb40] 264 - core 164 r3108 31e19f9 - H.264/MPEG-4 AVC codec - Copyleft 2003-2023 - http://www.videolan.org/x264.html - options: cabac=1 ref=1 deblock=1:0:0 analyse=0x3:0x113 me=hex subme=2 psy=1 psy_rd=1.00:0.00 mixed_ref=0 me_range=16 chroma_me=1 trellis=0 8x8dct=1 cqm=0 deadzone=21,11 fast_pskip=1 chroma_qp_offset=0 threads=15 lookahead_threads=3 sliced_threads=0 nr=0 decimate=1 interlaced=0 bluray_compat=0 constrained_intra=0 bframes=3 b_pyramid=2 b_adapt=1 b_bias=0 direct=1 weightb=1 open_gop=0 weightp=1 keyint=250 keyint_min=25 scenecut=40 intra_refresh=0 rc_lookahead=10 rc=crf mbtree=1 crf=18.0 qcomp=0.60 qpmin=0 qpmax=69 qpstep=4 ip_ratio=1.40 aq=1:1.00
[stderr] Output #0, mp4, to '/Users/johndoe/Documents/company/video_ops/scripts/abstract_algebra_in_proof_assistant/04-set-equality/takes/take-mrhmharr/pipeline/cut/cut-mrhvutes/chunks/chunk-016.mp4':
[stderr]   Metadata:
[stderr]     major_brand     : qt  
[stderr]     minor_version   : 0
[stderr]     compatible_brands: qt  
[stderr]     encoder         : Lavf61.7.100
[stderr]   Stream #0:0(und): Video: h264 (avc1 / 0x31637661), yuv420p(tv, smpte170m/bt709/bt709, progressive), 640x480, q=2-31, 29.83 fps, 11456 tbn (default)
[stderr]       Metadata:
[stderr]         creation_time   : 2026-07-12T09:54:07.000000Z
[stderr]         handler_name    : Core Media Video
[stderr]         vendor_id       : [0][0][0][0]
[stderr]         encoder         : Lavc61.19.100 libx264
[stderr]       Side data:
[stderr]         cpb: bitrate max/min/avg: 0/0/0 buffer size: 0 vbv_delay: N/A
[stderr]   Stream #0:1(und): Audio: aac (LC) (mp4a / 0x6134706D), 48000 Hz, mono, fltp, 69 kb/s (default)
[stderr]       Metadata:
[stderr]         creation_time   : 2026-07-12T09:54:07.000000Z
[stderr]         handler_name    : Core Media Audio
[stderr]         vendor_id       : [0][0][0][0]
[stderr]         encoder         : Lavc61.19.100 aac
[stderr] [out#0/mp4 @ 0x13860dd20] video:137KiB audio:0KiB subtitle:0KiB other streams:0KiB global headers:0KiB muxing overhead: 1.230857%
[stderr] frame=    7 fps=1.5 q=-1.0 Lsize=     138KiB time=00:00:00.20 bitrate=5640.1kbits/s speed=0.0436x    
[stderr] [libx264 @ 0x13860eb40] frame I:1     Avg QP:22.26  size: 34562
[stderr] [libx264 @ 0x13860eb40] frame P:2     Avg QP:23.58  size: 30629
[stderr] [libx264 @ 0x13860eb40] frame B:4     Avg QP:24.86  size: 10872
[stderr] [libx264 @ 0x13860eb40] consecutive B-frames: 14.3% 28.6%  0.0% 57.1%
[stderr] [libx264 @ 0x13860eb40] mb I  I16..4:  7.3% 21.0% 71.7%
[stderr] [libx264 @ 0x13860eb40] mb P  I16..4:  6.6%  9.8% 19.8%  P16..4: 20.7% 18.9% 23.9%  0.0%  0.0%    skip: 0.3%
[stderr] [libx264 @ 0x13860eb40] mb B  I16..4:  0.4%  0.4%  0.1%  B16..8: 33.1% 15.1%  9.3%  direct:20.6%  skip:21.0%  L0:19.4% L1:47.8% BI:32.8%
[stderr] [libx264 @ 0x13860eb40] 8x8 transform intra:23.8% inter:40.6%
[stderr] [libx264 @ 0x13860eb40] coded y,uvDC,uvAC intra: 84.7% 72.7% 45.6% inter: 46.3% 28.7% 4.4%
[stderr] [libx264 @ 0x13860eb40] i16 v,h,dc,p: 75%  5% 13%  7%
[stderr] [libx264 @ 0x13860eb40] i8 v,h,dc,ddl,ddr,vr,hd,vl,hu: 30% 13% 13%  3% 10% 12%  5%  7%  8%
[stderr] [libx264 @ 0x13860eb40] i4 v,h,dc,ddl,ddr,vr,hd,vl,hu: 19% 13% 13%  4% 14% 13%  7%  7%  9%
[stderr] [libx264 @ 0x13860eb40] i8c dc,h,v,p: 50% 19% 21% 10%
[stderr] [libx264 @ 0x13860eb40] Weighted P-Frames: Y:0.0% UV:0.0%
[stderr] [libx264 @ 0x13860eb40] kb/s:4749.71
[stderr] [aac @ 0x13866d9e0] Qavg: 62722.684
[stderr] ffmpeg version 7.1 Copyright (c) 2000-2024 the FFmpeg developers
[stderr]   built with Apple clang version 15.0.0 (clang-1500.1.0.2.5)
[stderr]   configuration: --prefix=/opt/homebrew/Cellar/ffmpeg/7.1_3 --enable-shared --enable-pthreads --enable-version3 --cc=clang --host-cflags= --host-ldflags='-Wl,-ld_classic' --enable-ffplay --enable-gnutls --enable-gpl --enable-libaom --enable-libaribb24 --enable-libbluray --enable-libdav1d --enable-libharfbuzz --enable-libjxl --enable-libmp3lame --enable-libopus --enable-librav1e --enable-librist --enable-librubberband --enable-libsnappy --enable-libsrt --enable-libssh --enable-libsvtav1 --enable-libtesseract --enable-libtheora --enable-libvidstab --enable-libvmaf --enable-libvorbis --enable-libvpx --enable-libwebp --enable-libx264 --enable-libx265 --enable-libxml2 --enable-libxvid --enable-lzma --enable-libfontconfig --enable-libfreetype --enable-frei0r --enable-libass --enable-libopencore-amrnb --enable-libopencore-amrwb --enable-libopenjpeg --enable-libspeex --enable-libsoxr --enable-libzmq --enable-libzimg --disable-libjack --disable-indev=jack --enable-videotoolbox --enable-audiotoolbox --enable-neon
[stderr]   libavutil      59. 39.100 / 59. 39.100
[stderr]   libavcodec     61. 19.100 / 61. 19.100
[stderr]   libavformat    61.  7.100 / 61.  7.100
[stderr]   libavdevice    61.  3.100 / 61.  3.100
[stderr]   libavfilter    10.  4.100 / 10.  4.100
[stderr]   libswscale      8.  3.100 /  8.  3.100
[stderr]   libswresample   5.  3.100 /  5.  3.100
[stderr]   libpostproc    58.  3.100 / 58.  3.100
[stderr] Input #0, mov,mp4,m4a,3gp,3g2,mj2, from '/Users/johndoe/Documents/company/video_ops/scripts/abstract_algebra_in_proof_assistant/04-set-equality/takes/take-mrhmharr/source.mp4':
[stderr]   Metadata:
[stderr]     major_brand     : qt  
[stderr]     minor_version   : [stderr] 0
[stderr]     compatible_brands: qt  
[stderr]     creation_time   : 2026-07-12T09:54:07.000000Z
[stderr]   Duration: 00:06:08.94, start: 0.000000, bitrate: 2946 kb/s
[stderr]   Stream #0:0[0x1](und): Video: hevc (Main) (hvc1 / 0x31637668), yuv420p(tv, smpte170m/bt709/bt709), 640x480, 2834 kb/s, 29.95 fps, 29.83 tbr, 600 tbn (default)
[stderr]       Metadata:
[stderr]         creation_time   : 2026-07-12T09:54:07.000000Z
[stderr]         handler_name    : Core Media Video
[stderr]         vendor_id       : [0][0][0][0]
[stderr]         encoder         : HEVC
[stderr]       Side data:
[stderr]         displaymatrix: rotation of -180.00 degrees
[stderr]   Stream #0:1[0x2](und): Audio: aac (LC) (mp4a / 0x6134706D), 48000 Hz, mono, fltp, 100 kb/s (default)
[stderr]       Metadata:
[stderr]         creation_time   : 2026-07-12T09:54:07.000000Z
[stderr]         handler_name    : Core Media Audio
[stderr]         vendor_id       : [0][0][0][0]
[stderr]   Stream #0:2[0x3](und): Data: none (mebx / 0x7862656D) (default)
[stderr]       Metadata:
[stderr]         creation_time   : 2026-07-12T09:54:07.000000Z
[stderr]         handler_name    : Core Media Metadata
[stderr] Stream mapping:
[stderr]   Stream #0:0 -> #0:0 (hevc (native) -> h264 (libx264))
[stderr]   Stream #0:1 -> #0:1 (aac (native) -> aac (native))
[stderr] Press [q] to stop, [?] for help
[stderr] [libx264 @ 0x1261113c0] using cpu capabilities: ARMv8 NEON
[stderr] [libx264 @ 0x1261113c0] profile High, level 3.0, 4:2:0, 8-bit
[stderr] [libx264 @ 0x1261113c0] 264 - core 164 r3108 31e19f9 - H.264/MPEG-4 AVC codec - Copyleft 2003-2023 - http://www.videolan.org/x264.html - options: cabac=1 ref=1 deblock=1:0:0 analyse=0x3:0x113 me=hex subme=2 psy=1 psy_rd=1.00:0.00 mixed_ref=0 me_range=16 chroma_me=1 trellis=0 8x8dct=1 cqm=0 deadzone=21,11 fast_pskip=1 chroma_qp_offset=0 threads=15 lookahead_threads=3 sliced_threads=0 nr=0 decimate=1 interlaced=0 bluray_compat=0 constrained_intra=0 bframes=3 b_pyramid=2 b_adapt=1 b_bias=0 direct=1 weightb=1 open_gop=0 weightp=1 keyint=250 keyint_min=25 scenecut=40 intra_refresh=0 rc_lookahead=10 rc=crf mbtree=1 crf=18.0 qcomp=0.60 qpmin=0 qpmax=69 qpstep=4 ip_ratio=1.40 aq=1:1.00
[stderr] Output #0, mp4, to '/Users/johndoe/Documents/company/video_ops/scripts/abstract_algebra_in_proof_assistant/04-set-equality/takes/take-mrhmharr/pipeline/cut/cut-mrhvutes/chunks/chunk-023.mp4':
[stderr]   Metadata:
[stderr]     major_brand     : qt  
[stderr]     minor_version   : 0
[stderr]     compatible_brands: qt  
[stderr]     encoder         : Lavf61.7.100
[stderr]   Stream #0:0(und): Video: h264 (avc1 / 0x31637661), yuv420p(tv, smpte170m/bt709/bt709, progressive), 640x480, q=2-31, 29.83 fps, 11456 tbn (default)
[stderr]       Metadata:
[stderr]         creation_time   : 2026-07-12T09:54:07.000000Z
[stderr]         handler_name    : Core Media Video
[stderr]         vendor_id       : [0][0][0][0]
[stderr]         encoder         : Lavc61.19.100 libx264
[stderr]       Side data:
[stderr]         cpb: bitrate max/min/avg: 0/0/0 buffer size: 0 vbv_delay: N/A
[stderr]   Stream #0:1(und): Audio: aac (LC) (mp4a / 0x6134706D), 48000 Hz, mono, fltp, 69 kb/s (default)
[stderr]       Metadata:
[stderr]         creation_time   : 2026-07-12T09:54:07.000000Z
[stderr]         handler_name    : Core Media Audio
[stderr]         vendor_id       : [0][0][0][0]
[stderr]         encoder         : Lavc61.19.100 aac
[stderr] frame=  153 fps= 28 q=24.0 size=    3584KiB time=00:00:05.09 bitrate=5762.6kbits/s speed=0.925x    
[stderr] frame=  429 fps= 71 q=24.0 size=    9728KiB time=00:00:14.31 bitrate=5567.9kbits/s speed=2.38x    
[stderr] frame=  710 fps=109 q=24.0 size=   16128KiB time=00:00:23.76 bitrate=5559.4kbits/s dup=0 drop=1 speed=3.65x    
[stderr] [libx264 @ 0x14720f600] using cpu capabilities: ARMv8 NEON
[stderr] [libx264 @ 0x14720f600] profile High, level 3.0, 4:2:0, 8-bit
[stderr] [libx264 @ 0x14720f600] 264 - core 164 r3108 31e19f9 - H.264/MPEG-4 AVC codec - Copyleft 2003-2023 - http://www.videolan.org/x264.html - options: cabac=1 ref=1 deblock=1:0:0 analyse=0x3:0x113 me=hex subme=2 psy=1 psy_rd=1.00:0.00 mixed_ref=0 me_range=16 chroma_me=1 trellis=0 8x8dct=1 cqm=0 deadzone=21,11 fast_pskip=1 chroma_qp_offset=0 threads=15 lookahead_threads=3 sliced_threads=0 nr=0 decimate=1 interlaced=0 bluray_compat=0 constrained_intra=0 bframes=3 b_pyramid=2 b_adapt=1 b_bias=0 direct=1 weightb=1 open_gop=0 weightp=1 keyint=250 keyint_min=25 scenecut=40 intra_refresh=0 rc_lookahead=10 rc=crf mbtree=1 crf=18.0 qcomp=0.60 qpmin=0 qpmax=69 qpstep=4 ip_ratio=1.40 aq=1:1.00
[stderr] Output #0, mp4, to '/Users/johndoe/Documents/company/video_ops/scripts/abstract_algebra_in_proof_assistant/04-set-equality/takes/take-mrhmharr/pipeline/cut/cut-mrhvutes/chunks/chunk-017.mp4':
[stderr]   Metadata:
[stderr]     major_brand     : qt  
[stderr]     minor_version   : 0
[stderr]     compatible_brands: qt  
[stderr]     encoder         : Lavf61.7.100
[stderr]   Stream #0:0(und): Video: h264 (avc1 / 0x31637661), yuv420p(tv, smpte170m/bt709/bt709, progressive), 640x480, q=2-31, 29.83 fps, 11456 tbn[stderr]  (default)
[stderr]       Metadata:
[stderr]         creation_time   : 2026-07-12T09:54:07.000000Z
[stderr]         handler_name    : Core Media Video
[stderr]         vendor_id       : [0][0][0][0]
[stderr]         encoder         : Lavc61.19.100 libx264
[stderr]       Side data:
[stderr]         cpb: bitrate max/min/avg: 0/0/0 buffer size: 0 vbv_delay: N/A
[stderr]   Stream #0:1(und): Audio: aac (LC) (mp4a / 0x6134706D), 48000 Hz, mono, fltp, 69 kb/s (default)
[stderr]       Metadata:
[stderr]         creation_time   : 2026-07-12T09:54:07.000000Z
[stderr]         handler_name    : Core Media Audio
[stderr]         vendor_id       : [0][0][0][0]
[stderr]         encoder         : Lavc61.19.100 aac
[stderr] frame=  922 fps=132 q=24.0 size=   18944KiB time=00:00:30.87 bitrate=5027.0kbits/s dup=0 drop=3 speed= 4.4x    
[stderr] [out#0/mp4 @ 0x147204a10] video:3373KiB audio:1KiB subtitle:0KiB other streams:0KiB global headers:0KiB muxing overhead: 0.189519%
[stderr] frame=  140 fps= 29 q=-1.0 Lsize=    3380KiB time=00:00:04.62 bitrate=5986.8kbits/s speed=0.947x    
[stderr] [libx264 @ 0x14720f600] [stderr] frame I:2     Avg QP:20.49  size: 51948
[stderr] [libx264 @ 0x14720f600] frame P:43    Avg QP:22.78  size: 40552
[stderr] [libx264 @ 0x14720f600] frame B:95    Avg QP:25.23  size: 16903
[stderr] [libx264 @ 0x14720f600] consecutive B-frames:  7.9%  4.3%  2.1% 85.7%
[stderr] [libx264 @ 0x14720f600] mb I  I16..4:  5.4%  9.6% 85.0%
[stderr] [libx264 @ 0x14720f600] mb P  I16..4:  3.0%  7.9% 22.9%  P16..4: 18.3% 18.1% 28.5%  0.0%  0.0%    skip: 1.2%
[stderr] [libx264 @ 0x14720f600] mb B  I16..4:  0.5%  0.6%  1.7%  B16..8: 30.1% 16.6% 12.0%  direct:19.7%  skip:18.8%  L0:28.6% L1:30.9% BI:40.5%
[stderr] [libx264 @ 0x14720f600] 8x8 transform intra:21.6% inter:34.9%
[stderr] [libx264 @ 0x14720f600] coded y,uvDC,uvAC intra: 88.8% 80.4% 49.9% inter: 54.4% 30.9% 5.9%
[stderr] [libx264 @ 0x14720f600] i16 v,h,dc,p: 64% 10% 19%  6%
[stderr] [libx264 @ 0x14720f600] i8 v,h,dc,ddl,ddr,vr,hd,vl,hu: 23% 19% 16%  3%  8%  8%  8%  6%  8%
[stderr] [libx264 @ 0x14720f600] i4 v,h,dc,ddl,ddr,vr,hd,vl,hu: 15% 17% 13%  4% 13%  8% 10%  7% 11%
[stderr] [libx264 @ 0x14720f600] i8c dc,h,v,p: 48% 20% 20% 12%
[stderr] [libx264 @ 0x14720f600] Weighted P-Frames: Y:20.9% UV:2.3%
[stderr] [libx264 @ 0x14720f600] kb/s:5887.35
[stderr] [aac @ 0x135e65f40] Qavg: 65371.996
[stderr] ffmpeg version 7.1 Copyright (c) 2000-2024 the FFmpeg developers
[stderr]   built with Apple clang version 15.0.0 (clang-1500.1.0.2.5)
[stderr]   configuration: --prefix=/opt/homebrew/Cellar/ffmpeg/7.1_3 --enable-shared --enable-pthreads --enable-version3 --cc=clang --host-cflags= --host-ldflags='-Wl,-ld_classic' --enable-ffplay --enable-gnutls --enable-gpl --enable-libaom --enable-libaribb24 --enable-libbluray --enable-libdav1d --enable-libharfbuzz --enable-libjxl --enable-libmp3lame --enable-libopus --enable-librav1e --enable-librist --enable-librubberband --enable-libsnappy --enable-libsrt --enable-libssh --enable-libsvtav1 --enable-libtesseract --enable-libtheora --enable-libvidstab --enable-libvmaf --enable-libvorbis --enable-libvpx --enable-libwebp --enable-libx264 --enable-libx265 --enable-libxml2 --enable-libxvid --enable-lzma --enable-libfontconfig --enable-libfreetype --enable-frei0r --enable-libass --enable-libopencore-amrnb --enable-libopencore-amrwb --enable-libopenjpeg --enable-libspeex --enable-libsoxr --enable-libzmq --enable-libzimg --disable-libjack --disable-indev=jack --enable-videotoolbox --enable-audiotoolbox --enable-neon
[stderr]   libavutil      59. 39.100 / 59. 39.100
[stderr]   libavcodec     61. 19.100 / 61. 19.100
[stderr]   libavformat    61.  7.100 / 61.  7.100
[stderr]   libavdevice    61.  3.100 / 61.  3.100
[stderr]   libavfilter    10.  4.100 / 10.  4.100
[stderr]   libswscale      8.  3.100 /  8.  3.100
[stderr]   libswresample   5.  3.100 /  5.  3.100
[stderr]   libpostproc    58.  3.100 / 58.  3.100
[stderr] Input #0, mov,mp4,m4a,3gp,3g2,mj2, from '/Users/johndoe/Documents/company/video_ops/scripts/abstract_algebra_in_proof_assistant/04-set-equality/takes/take-mrhmharr/source.mp4':
[stderr]   Metadata:
[stderr]     major_brand     : qt  
[stderr]     minor_version   : 0
[stderr]     compatible_brands: [stderr] qt  
[stderr]     creation_time   : 2026-07-12T09:54:07.000000Z
[stderr]   Duration: 00:06:08.94, start: 0.000000, bitrate: 2946 kb/s
[stderr]   Stream #0:0[0x1](und): Video: hevc (Main) (hvc1 / 0x31637668), yuv420p(tv, smpte170m/bt709/bt709), 640x480, 2834 kb/s, 29.95 fps, 29.83 tbr, 600 tbn (default)
[stderr]       Metadata:
[stderr]         creation_time   : 2026-07-12T09:54:07.000000Z
[stderr]         handler_name    : Core Media Video
[stderr]         vendor_id       : [0][0][0][0]
[stderr]         encoder         : HEVC
[stderr]       Side data:
[stderr]         displaymatrix: rotation of -180.00 degrees
[stderr]   Stream #0:1[0x2](und): Audio: aac (LC) (mp4a / 0x6134706D), 48000 Hz, mono, fltp, 100 kb/s (default)
[stderr]       Metadata:
[stderr]         creation_time   : 2026-07-12T09:54:07.000000Z
[stderr]         handler_name    : Core Media Audio
[stderr]         vendor_id       : [0][0][0][0]
[stderr]   Stream #0:2[0x3](und): Data: none (mebx / 0x7862656D) (default)
[stderr]       Metadata:
[stderr]         creation_time   : 2026-07-12T09:54:07.000000Z
[stderr]         handler_name    : Core Media Metadata
[stderr] Stream mapping:
[stderr]   Stream #0:0 -> #0:0 (hevc (native) -> h264 (libx264))
[stderr]   Stream #0:1 -> #0:1[stderr]  (aac (native) -> aac (native))
[stderr] Press [q] to stop, [?] for help
[stderr] frame= 1186 fps=158 q=24.0 size=   21760KiB time=00:00:39.68 bitrate=4491.6kbits/s dup=0 drop=4 speed=5.28x    
[stderr] frame= 1474 fps=184 q=24.0 size=   24832KiB time=00:00:49.37 bitrate=4120.0kbits/s dup=0 drop=6 speed=6.16x    
[stderr] [out#0/mp4 @ 0x126106860] video:29960KiB audio:11KiB subtitle:0KiB other streams:0KiB global headers:0KiB muxing overhead: 0.210492%
[stderr] frame= 1756 fps=207 q=-1.0 Lsize=   30034KiB time=00:00:58.82 bitrate=4182.4kbits/s dup=0 drop=7 speed=6.94x    
[stderr] [libx264 @ 0x1261113c0] frame I:8     Avg QP:17.51  size: 59964
[stderr] [libx264 @ 0x1261113c0] frame P:622   Avg QP:20.23  size: 29974
[stderr] [libx264 @ 0x1261113c0] frame B:1126  Avg QP:24.25  size: 10262
[stderr] [libx264 @ 0x1261113c0] [stderr] consecutive B-frames:  7.8% 15.8% 12.8% 63.6%
[stderr] [libx264 @ 0x1261113c0] mb I  I16..4: 15.8%  6.5% 77.8%
[stderr] [libx264 @ 0x1261113c0] mb P  I16..4: 11.1%  3.9%  7.1%  P16..4: 21.7% 20.1% 28.8%  0.0%  0.0%    skip: 7.4%
[stderr] [libx264 @ 0x1261113c0] mb B  I16..4:  2.1%  0.3%  0.4%  B16..8: 27.4% 14.9%  7.5%  direct:13.7%  skip:33.7%  L0:26.1% L1:32.5% BI:41.5%
[stderr] [libx264 @ 0x1261113c0] 8x8 transform intra:15.9% inter:32.1%
[stderr] [libx264 @ 0x1261113c0] coded y,uvDC,uvAC intra: 47.7% 42.7% 23.1% inter: 42.6% 20.0% 2.8%
[stderr] [libx264 @ 0x1261113c0] i16 v,h,dc,p: 81%  7% 10%  2%
[stderr] [libx264 @ 0x1261113c0] i8 v,h,dc,ddl,ddr,vr,hd,vl,hu: 18% 20% 23%  3%  7%  6%  7%  7%  8%
[stderr] [libx264 @ 0x1261113c0] i4 v,h,dc,ddl,ddr,vr,hd,vl,hu: 14% 18% 16%  4% 12%  7% 10%  7% 11%
[stderr] [libx264 @ 0x1261113c0] i8c dc,h,v,p: 72% 12% 11%  5%
[stderr] [libx264 @ 0x1261113c0] Weighted P-Frames: Y:15.1% UV:1.1%
[stderr] [libx264 @ 0x1261113c0] kb/s:4169.62
[stderr] [aac @ 0x124f85b10] Qavg: 65522.746
[stderr] ffmpeg version 7.1 Copyright (c) 2000-2024 the FFmpeg developers
[stderr]   built with Apple clang version 15.0.0 (clang-1500.1.0.2.5)
[stderr]   configuration: --prefix=/opt/homebrew/Cellar/ffmpeg/7.1_3 --enable-shared --enable-pthreads --enable-version3 --cc=clang --host-cflags= --host-ldflags='-Wl,-ld_classic' --enable-ffplay --enable-gnutls --enable-gpl --enable-libaom --enable-libaribb24 --enable-libbluray --enable-libdav1d --enable-libharfbuzz --enable-libjxl --enable-libmp3lame --enable-libopus --enable-librav1e --enable-librist --enable-librubberband --enable-libsnappy --enable-libsrt --enable-libssh --enable-libsvtav1 --enable-libtesseract --enable-libtheora --enable-libvidstab --enable-libvmaf --enable-libvorbis --enable-libvpx --enable-libwebp --enable-libx264 --enable-libx265 --enable-libxml2 --enable-libxvid --enable-lzma --enable-libfontconfig --enable-libfreetype --enable-frei0r --enable-libass --enable-libopencore-amrnb --enable-libopencore-amrwb --enable-libopenjpeg --enable-libspeex --enable-libsoxr --enable-libzmq --enable-libzimg --disable-libjack --disable-indev=jack --enable-videotoolbox --enable-audiotoolbox --enable-neon
[stderr]   libavutil      59. 39.100 / 59. 39.100
[stderr]   libavcodec     61. 19.100 / 61. 19.100
[stderr]   libavformat    61.  7.100 / 61.  7.100
[stderr]   libavdevice    61.  3.100 / 61.  3.100
[stderr]   libavfilter    10.  4.100 / 10.  4.100
[stderr]   libswscale      8.  3.100 /  8.  3.100
[stderr]   libswresample   5.  3.100 /  5.  3.100
[stderr]   libpostproc    58.  3.100 / 58.  3.100
[stderr] [mov,mp4,m4a,3gp,3g2,mj2 @ 0x127008610] Auto-inserting h264_mp4toannexb bitstream filter
[stderr] Input #0, concat, from '/Users/johndoe/Documents/company/video_ops/scripts/abstract_algebra_in_proof_assistant/04-set-equality/takes/take-mrhmharr/pipeline/cut/cut-mrhvutes/chunks/concat.txt':
[stderr]   Duration: N/A, start: 0.000000, bitrate: 5493 kb/s
[stderr]   Stream #0:0(und): Video: h264 (High) (avc1 / 0x31637661), yuv420p(tv, smpte170m/bt709/bt709, progressive), 640x480, 5423 kb/s, 29.83 fps, 29.83 tbr, 11456 tbn
[stderr]       Metadata:
[stderr]         handler_name    : Core Media Video
[stderr]         vendor_id       : [0][0][0][0]
[stderr]         encoder         : Lavc61.19.100 libx264
[stderr]   Stream #0:1(und): Audio: aac (LC) (mp4a / 0x6134706D), 48000 Hz, mono, fltp, 69 kb/s
[stderr]       Metadata:
[stderr]         handler_name    : Core Media Audio
[stderr]         vendor_id       : [0][0][0][0]
[stderr] Stream mapping:
[stderr]   Stream #0:0 -> #0:0 (copy)
[stderr]   Stream #0:1 -> #0:1 (copy)
[stderr] Output #0, mp4, to '/Users/johndoe/Documents/company/video_ops/scripts/abstract_algebra_in_proof_assistant/04-set-equality/takes/take-mrhmharr/pipeline/cut/cut-mrhvutes/edited-good-intervals.mp4':
[stderr]   Metadata:
[stderr]     encoder         : Lavf61.7.100
[stderr]   Stream #0:0(und): Video: h264 (High) (avc1 / 0x31637661), yuv420p(tv, smpte170m/bt709/bt709, progressive), 640x480, q=2-31, 5423 kb/s, 29.83 fps, 29.83 tbr, 11456 tbn
[stderr]       Metadata:
[stderr]         handler_name    : Core Media Video
[stderr]         vendor_id       : [0][0][0][0]
[stderr]         encoder         : Lavc61.19.100 libx264
[stderr]   Stream #0:1(und): Audio: aac (LC) (mp4a / 0x6134706D), 48000 Hz, mono, fltp, 69 kb/s
[stderr]       Metadata:
[stderr]         handler_name    : Core Media Audio
[stderr]         vendor_id       : [0][0][0][0]
[stderr] Press [q] to stop, [?] for help
[stderr] [mov,mp4,m4a,3gp,3g2,mj2 @ 0x109b046c0] Auto-inserting h264_mp4toannexb bitstream filter
[stderr] [mov,mp4,m4a,3gp,3g2,mj2 @ 0x109c04840] Auto-inserting h264_mp4toannexb bitstream filter
[stderr] [mov,mp4,m4a,3gp,3g2,mj2 @ 0x109d04700] Auto-inserting h264_mp4toannexb bitstream filter
[stderr] [mov,mp4,m4a,3gp,3g2,mj2 @ 0x12700b1f0] Auto-inserting h264_mp4toannexb bitstream filter
[stderr] [mov,mp4,m4a,3gp,3g2,mj2 @ 0x109c04820] Auto-inserting h264_mp4toannexb bitstream filter
[stderr] [mov,mp4,m4a,3gp,3g2,mj2 @ 0x10c0040f0] Auto-inserting h264_mp4toannexb bitstream filter
[stderr] [mov,mp4,m4a,3gp,3g2,mj2 @ 0x109b047b0] Auto-inserting h264_mp4toannexb bitstream filter
[stderr] [mov,mp4,m4a,3gp,3g2,mj2 @ 0x109e04670] Auto-inserting h264_mp4toannexb bitstream filter
[stderr] [mov,mp4,m4a,3gp,3g2,mj2 @ 0x126706eb0] Auto-inserting h264_mp4toannexb bitstream filter
[stderr]     Last message repeated 1 times
[stderr] [mov,mp4,m4a,3gp,3g2,mj2 @ 0x127008610] Auto-inserting h264_mp4toannexb bitstream filter
[stderr] [mov,mp4,m4a,3gp,3g2,mj2 @ 0x10c005180] Auto-inserting h264_mp4toannexb bitstream filter
[stderr] [mov,mp4,m4a,3gp,3g2,mj2 @ 0x109e04990] Auto-inserting h264_mp4toannexb bitstream filter
[stderr] [mov,mp4,m4a,3gp,3g2,mj2 @ 0x109c04a80] Auto-inserting h264_mp4toannexb bitstream filter
[stderr] [mov,mp4,m4a,3gp,3g2,mj2 @ 0x127008610] Auto-inserting h264_mp4toannexb bitstream filter
[stderr] [mov,mp4,m4a,3gp,3g2,mj2 @ 0x109c04ad0] Auto-inserting h264_mp4toannexb bitstream filter
[stderr] [mov,mp4,m4a,3gp,3g2,mj2 @ 0x126706eb0] Auto-inserting h264_mp4toannexb bitstream filter
[stderr] [mov,mp4,m4a,3gp,3g2,mj2 @ 0x109d04ad0] Format mov,mp4,m4a,3gp,3g2,mj2 detected only with low score of 1, misdetection possible!
[stderr] [mov,mp4,m4a,3gp,3g2,mj2 @ 0x109d04ad0] moov atom not found
[stderr] [concat @ 0x1270059a0] Impossible to open '/Users/johndoe/Documents/company/video_ops/scripts/abstract_algebra_in_proof_assistant/04-set-equality/takes/take-mrhmharr/pipeline/cut/cut-mrhvutes/chunks/chunk-018.mp4'
[stderr] [in#0/concat @ 0x127005740] Error during demuxing: Invalid data found when processing input
[stderr] [out#0/mp4 @ 0x127009480] video:156017KiB audio:222KiB subtitle:0KiB other streams:0KiB global headers:0KiB muxing overhead: 0.158149%
[stderr] frame= 6950 fps=0.0 q=-1.0 Lsize=  156486KiB time=00:03:53.62 bitrate=5487.3kbits/s speed= 968x    
[stdout] Edited video (selection applied): /Users/johndoe/Documents/company/video_ops/scripts/abstract_algebra_in_proof_assistant/04-set-equality/takes/take-mrhmharr/pipeline/cut/cut-mrhvutes/edited-good-intervals.mp4
[stdout] Analysis updated: /Users/johndoe/Documents/company/video_ops/scripts/abstract_algebra_in_proof_assistant/04-set-equality/takes/take-mrhmharr/pipeline/cut/cut-mrhvutes/analysis.json
[2026-07-12T15:31:39.519Z] exit 0
[stderr] [libx264 @ 0x13fb04c60] using cpu capabilities: ARMv8 NEON
[stderr] [libx264 @ 0x13fb04c60] profile High, level 3.0, 4:2:0, 8-bit
[stderr] [libx264 @ 0x13fb04c60] 264 - core 164 r3108 31e19f9 - H.264/MPEG-4 AVC codec - Copyleft 2003-2023 - http://www.videolan.org/x264.html - options: cabac=1 ref=1 deblock=1:0:0 analyse=0x3:0x113 me=hex subme=2 psy=1 psy_rd=1.00:0.00 mixed_ref=0 me_range=16 chroma_me=1 trellis=0 8x8dct=1 cqm=0 deadzone=21,11 fast_pskip=1 chroma_qp_offset=0 threads=15 lookahead_threads=3 sliced_threads=0 nr=0 decimate=1 interlaced=0 bluray_compat=0 constrained_intra=0 bframes=3 b_pyramid=2 b_adapt=1 b_bias=0 direct=1 weightb=1 open_gop=0 weightp=1 keyint=250 keyint_min=25 scenecut=40 intra_refresh=0 rc_lookahead=10 rc=crf mbtree=1 crf=18.0 qcomp=0.60 qpmin=0 qpmax=69 qpstep=4 ip_ratio=1.40 aq=1:1.00
[stderr] Output #0, mp4, to '/Users/johndoe/Documents/company/video_ops/scripts/abstract_algebra_in_proof_assistant/04-set-equality/takes/take-mrhmharr/pipeline/cut/cut-mrhvutes/chunks/chunk-018.mp4':
[stderr]   Metadata:
[stderr]     major_brand     : qt  
[stderr]     minor_version   : 0
[stderr]     compatible_brands: qt  
[stderr]     encoder         : Lavf61.7.100
[stderr]   Stream #0:0(und): Video: h264 (avc1 / 0x31637661), yuv420p(tv, smpte170m/bt709/bt709, progressive), 640x480, q=2-31, 29.83 fps, 11456 tbn (default)
[stderr]       Metadata:
[stderr]         creation_time   : 2026-07-12T09:54:07.000000Z
[stderr]         handler_name    : Core Media Video
[stderr]         vendor_id       : [0][0][0][0]
[stderr]         encoder         : Lavc61.19.100 libx264
[stderr]       Side data:
[stderr]         cpb: bitrate max/min/avg: 0/0/0 buffer size: 0 vbv_delay: N/A
[stderr]   Stream #0:1(und): Audio: aac (LC) (mp4a / 0x6134706D), 48000 Hz, mono, fltp, 69 kb/s (default)
[stderr]       Metadata:
[stderr]         creation_time   : 2026-07-12T09:54:07.000000Z
[stderr]         handler_name    : Core Media Audio
[stderr]         vendor_id       : [0][0][0][0]
[stderr]         encoder         : Lavc61.19.100 aac
[stderr] [out#0/mp4 @ 0x13fd0e750] video:3377KiB audio:1KiB subtitle:0KiB other streams:0KiB global headers:0KiB muxing overhead: 0.184465%
[stderr] frame=  135 fps= 34 q=-1.0 Lsize=    3384KiB time=00:00:04.45 bitrate=6217.9kbits/s speed=1.14x    
[stderr] [libx264 @ 0x13fb04c60] frame I:1     Avg QP:22.62  size: 54540
[stderr] [libx264 @ 0x13fb04c60] frame P:38    Avg QP:23.03  size: 40786
[stderr] [libx264 @ 0x13fb04c60] frame B:96    Avg QP:25.29  size: 19299
[stderr] [libx264 @ 0x13fb04c60] consecutive B-frames:  3.7%  3.0%  4.4% 88.9%
[stderr] [libx264 @ 0x13fb04c60] mb I  I16..4:  2.6% 17.0% 80.4%
[stderr] [libx264 @ 0x13fb04c60] mb P  I16..4:  2.0%  8.1% 28.1%  P16..4: 15.3% 17.9% 28.3%  0.0%  0.0%    skip: 0.4%
[stderr] [libx264 @ 0x13fb04c60] mb B  I16..4:  0.7%  1.1%  1.9%  B16..8: 30.2% 19.5% 14.0%  direct:19.8%  skip:12.9%  L0:31.5% L1:28.6% BI:39.9%
[stderr] [libx264 @ 0x13fb04c60] 8x8 transform intra:22.6% inter:33.7%
[stderr] [libx264 @ 0x13fb04c60] coded y,uvDC,uvAC intra: 90.6% 78.1% 45.0% inter: 59.4% 31.1% 4.7%
[stderr] [libx264 @ 0x13fb04c60] i16 v,h,dc,p: 50% 21% 19% 10%
[stderr] [libx264 @ 0x13fb04c60] i8 v,h,dc,ddl,ddr,vr,hd,vl,hu: 21% 19% 15%  3%  8%  8%  8%  7%  9%
[stderr] [libx264 @ 0x13fb04c60] i4 v,h,dc,ddl,ddr,vr,hd,vl,hu: 16% 17% 14%  4% 14%  8% 10%  8% 10%
[stderr] [libx264 @ 0x13fb04c60] i8c dc,h,v,p: 49% 20% 21% 10%
[stderr] [libx264 @ 0x13fb04c60] Weighted P-Frames: Y:18.4% UV:5.3%
[stderr] [libx264 @ 0x13fb04c60] kb/s:6111.80
[stderr] [aac @ 0x13ef29830] Qavg: 65364.297
[stderr] ffmpeg version 7.1 Copyright (c) 2000-2024 the FFmpeg developers
[stderr]   built with Apple clang version 15.0.0 (clang-1500.1.0.2.5)
[stderr]   configuration: --prefix=/opt/homebrew/Cellar/ffmpeg/7.1_3 --enable-shared --enable-pthreads --enable-version3 --cc=clang --host-cflags= --host-ldflags='-Wl,-ld_classic' --enable-ffplay --enable-gnutls --enable-gpl --enable-libaom --enable-libaribb24 --enable-libbluray --enable-libdav1d --enable-libharfbuzz --enable-libjxl --enable-libmp3lame --enable-libopus --enable-librav1e --enable-librist --enable-librubberband --enable-libsnappy --enable-libsrt --enable-libssh --enable-libsvtav1 --enable-libtesseract --enable-libtheora --enable-libvidstab --enable-libvmaf --enable-libvorbis --enable-libvpx --enable-libwebp --enable-libx264 --enable-libx265 --enable-libxml2 --enable-libxvid --enable-lzma --enable-libfontconfig --enable-libfreetype --enable-frei0r --enable-libass --enable-libopencore-amrnb --enable-libopencore-amrwb --enable-libopenjpeg --enable-libspeex --enable-libsoxr --enable-libzmq --enable-libzimg --disable-libjack --disable-indev=jack --enable-videotoolbox --enable-audiotoolbox --enable-neon
[stderr]   libavutil      59. 39.100 / 59. 39.100
[stderr]   libavcodec     61. 19.100 / 61. 19.100
[stderr]   libavformat    61.  7.100 / 61.  7.100
[stderr]   libavdevice    61.  3.100 / 61.  3.100
[stderr]   libavfilter    10.  4.100 / 10.  4.100
[stderr]   libswscale      8.  3.100 /  8.  3.100
[stderr]   libswresample   5.  3.100 /  5.  3.100
[stderr]   libpostproc    58.  3.100 / 58.  3.100
[stderr] Input #0, mov,mp4,m4a,3gp,3g2,mj2, from '/Users/johndoe/Documents/company/video_ops/scripts/abstract_algebra_in_proof_assistant/04-set-equality/takes/take-mrhmharr/source.mp4':
[stderr]   Metadata:
[stderr]     major_brand     : qt  
[stderr]     minor_version   : 0
[stderr]     compatible_brands: qt  
[stderr]     creation_time   : 2026-07-12T09:54:07.000000Z
[stderr]   Duration: 00:06:08.94, start: 0.000000, bitrate: 2946 kb/s
[stderr]   Stream #0:0[0x1](und): Video: hevc (Main) (hvc1 / 0x31637668), yuv420p(tv, smpte170m/bt709/bt709), 640x480, 2834 kb/s, 29.95 fps, 29.83 tbr, 600 tbn (default)
[stderr]       Metadata:
[stderr]         creation_time   : 2026-07-12T09:54:07.000000Z
[stderr]         handler_name    : Core Media Video
[stderr]         vendor_id       : [0][0][0][0]
[stderr]         encoder         : HEVC
[stderr]       Side data:
[stderr]         displaymatrix: rotation of -180.00 degrees
[stderr]   Stream #0:1[0x2](und): Audio: aac (LC) (mp4a / 0x6134706D), 48000 Hz, mono, fltp, 100 kb/s (default)
[stderr]       Metadata:
[stderr]         creation_time   : 2026-07-12T09:54:07.000000Z
[stderr]         handler_name    : Core Media Audio
[stderr]         vendor_id       : [0][0][0][0]
[stderr]   Stream #0:2[0x3](und): Data: none (mebx / 0x7862656D) (default)
[stderr]       Metadata:
[stderr]         creation_time   : 2026-07-12T09:54:07.000000Z
[stderr]         handler_name    : Core Media Metadata
[stderr] Stream mapping:
[stderr]   Stream #0:0 -> #0:0 (hevc (native) -> h264 (libx264))
[stderr]   Stream #0:1 -> #0:1 (aac (native) -> aac (native))
[stderr] Press [q] to stop, [?] for help
[stderr] [libx264 @ 0x15b005230] using cpu capabilities: ARMv8 NEON
[stderr] [libx264 @ 0x15b005230] profile High, level 3.0, 4:2:0, 8-bit
[stderr] [libx264 @ 0x15b005230] 264 - core 164 r3108 31e19f9 - H.264/MPEG-4 AVC codec - Copyleft 2003-2023 - http://www.videolan.org/x264.html - options: cabac=1 ref=1 deblock=1:0:0 analyse=0x3:0x113 me=hex subme=2 psy=1 psy_rd=1.00:0.00 mixed_ref=0 me_range=16 chroma_me=1 trellis=0 8x8dct=1 cqm=0 deadzone=21,11 fast_pskip=1 chroma_qp_offset=0 threads=15 lookahead_threads=3 sliced_threads=0 nr=0 decimate=1 interlaced=0 bluray_compat=0 constrained_intra=0 bframes=3 b_pyramid=2 b_adapt=1 b_bias=0 direct=1 weightb=1 open_gop=0 weightp=1 keyint=250 keyint_min=25 scenecut=40 intra_refresh=0 rc_lookahead=10 rc=crf mbtree=1 crf=18.0 qcomp=0.60 qpmin=0 qpmax=69 qpstep=4 ip_ratio=1.40 aq=1:1.00
[stderr] Output #0, mp4, to '/Users/johndoe/Documents/company/video_ops/scripts/abstract_algebra_in_proof_assistant/04-set-equality/takes/take-mrhmharr/pipeline/cut/cut-mrhvutes/chunks/chunk-019.mp4':
[stderr]   Metadata:
[stderr]     major_brand     : qt  
[stderr]     minor_version   : 0
[stderr]     compatible_brands: qt  
[stderr]     encoder         : Lavf61.7.100
[stderr]   Stream #0:0(und): Video: h264 (avc1 / 0x31637661), yuv420p(tv, smpte170m/bt709/bt709, progressive), 640x480, q=2-31, 29.83 fps, 11456 tbn (default)
[stderr]       Metadata:
[stderr]         creation_time   : 2026-07-12T09:54:07.000000Z
[stderr]         handler_name    : Core Media Video
[stderr]         vendor_id       : [0][0][0][0]
[stderr]         encoder         : Lavc61.19.100 libx264
[stderr]       Side data:
[stderr]         cpb: bitrate max/min/avg: 0/0/0 buffer size: 0 vbv_delay: N/A
[stderr]   Stream #0:1(und): Audio: aac (LC) (mp4a / 0x6134706D), 48000 Hz, mono, fltp, 69 kb/s (default)
[stderr]       Metadata:
[stderr]         creation_time   : 2026-07-12T09:54:07.000000Z
[stderr]         handler_name    : Core Media Audio
[stderr]         vendor_id       : [0][0][0][0]
[stderr]         encoder         : Lavc61.19.100 aac
[stderr] [out#0/mp4 @ 0x15b0042b0] video:2798KiB audio:1KiB subtitle:0KiB other streams:0KiB global headers:0KiB muxing overhead: 0.189550%
[stderr] frame=  110 fps= 32 q=-1.0 Lsize=    2804KiB time=00:00:03.62 bitrate=6344.9kbits/s speed=1.04x    
[stderr] [libx264 @ 0x15b005230] frame I:2     Avg QP:21.80  size: 48234
[stderr] [libx264 @ 0x15b005230] frame P:35    Avg QP:23.23  size: 39615
[stderr] [libx264 @ 0x15b005230] frame B:73    Avg QP:25.49  size: 18922
[stderr] [libx264 @ 0x15b005230] consecutive B-frames:  8.2%  5.5% 13.6% 72.7%
[stderr] [libx264 @ 0x15b005230] mb I  I16..4:  5.8%  8.6% 85.6%
[stderr] [libx264 @ 0x15b005230] mb P  I16..4:  2.4%  6.8% 24.9%  P16..4: 17.6% 18.6% 29.3%  0.0%  0.0%    skip: 0.5%
[stderr] [libx264 @ 0x15b005230] mb B  I16..4:  0.8%  0.9%  2.0%  B16..8: 30.3% 19.4% 13.4%  direct:20.2%  skip:13.1%  L0:28.5% L1:31.2% BI:40.2%
[stderr] [libx264 @ 0x15b005230] 8x8 transform intra:19.4% inter:35.1%
[stderr] [libx264 @ 0x15b005230] coded y,uvDC,uvAC intra: 90.2% 80.6% 46.3% inter: 61.6% 32.6% 5.3%
[stderr] [libx264 @ 0x15b005230] i16 v,h,dc,p: 53% 20% 19%  7%
[stderr] [libx264 @ 0x15b005230] i8 v,h,dc,ddl,ddr,vr,hd,vl,hu: 19% 20% 14%  3%  9%  8%  9%  8% 10%
[stderr] [libx264 @ 0x15b005230] i4 v,h,dc,ddl,ddr,vr,hd,vl,hu: 16% 18% 13%  4% 14%  9%  9%  7% 10%
[stderr] [libx264 @ 0x15b005230] i8c dc,h,v,p: 47% 22% 22% 10%
[stderr] [libx264 @ 0x15b005230] Weighted P-Frames: Y:28.6% UV:2.9%
[stderr] [libx264 @ 0x15b005230] kb/s:6214.75
[stderr] [aac @ 0x15a698c30] Qavg: 65325.809
[stderr] ffmpeg version 7.1 Copyright (c) 2000-2024 the FFmpeg developers
[stderr]   built with Apple clang version 15.0.0 (clang-1500.1.0.2.5)
[stderr]   configuration: --prefix=/opt/homebrew/Cellar/ffmpeg/7.1_3 --enable-shared --enable-pthreads --enable-version3 --cc=clang --host-cflags= --host-ldflags='-Wl,-ld_classic' --enable-ffplay --enable-gnutls --enable-gpl --enable-libaom --enable-libaribb24 --enable-libbluray --enable-libdav1d --enable-libharfbuzz --enable-libjxl --enable-libmp3lame --enable-libopus --enable-librav1e --enable-librist --enable-librubberband --enable-libsnappy --enable-libsrt --enable-libssh --enable-libsvtav1 --enable-libtesseract --enable-libtheora --enable-libvidstab --enable-libvmaf --enable-libvorbis --enable-libvpx --enable-libwebp --enable-libx264 --enable-libx265 --enable-libxml2 --enable-libxvid --enable-lzma --enable-libfontconfig --enable-libfreetype --enable-frei0r --enable-libass --enable-libopencore-amrnb --enable-libopencore-amrwb --enable-libopenjpeg --enable-libspeex --enable-libsoxr --enable-libzmq --enable-libzimg --disable-libjack --disable-indev=jack --enable-videotoolbox --enable-audiotoolbox --enable-neon
[stderr]   libavutil      59. 39.100 / 59. 39.100
[stderr]   libavcodec     61. 19.100 / 61. 19.100
[stderr]   libavformat    61.  7.100 / 61.  7.100
[stderr]   libavdevice    61.  3.100 / 61.  3.100
[stderr]   libavfilter    10.  4.100 / 10.  4.100
[stderr]   libswscale      8.  3.100 /  8.  3.100
[stderr]   libswresample   5.  3.100 /  5.  3.100
[stderr]   libpostproc    58.  3.100 / 58.  3.100
[stderr] Input #0, mov,mp4,m4a,3gp,3g2,mj2, from '/Users/johndoe/Documents/company/video_ops/scripts/abstract_algebra_in_proof_assistant/04-set-equality/takes/take-mrhmharr/source.mp4':
[stderr]   Metadata:
[stderr]     major_brand     : qt  
[stderr]     minor_version   : 0
[stderr]     compatible_brands: qt  
[stderr]     creation_time   : 2026-07-12T09:54:07.000000Z
[stderr]   Duration: 00:06:08.94, start: 0.000000, bitrate: 2946 kb/s
[stderr]   Stream #0:0[0x1](und): Video: hevc (Main) (hvc1 / 0x31637668), yuv420p(tv, smpte170m/bt709/bt709), 640x480, 2834 kb/s, 29.95 fps, 29.83 tbr, 600 tbn (default)
[stderr]       Metadata:
[stderr]         creation_time   : 2026-07-12T09:54:07.000000Z
[stderr]         handler_name    : Core Media Video
[stderr]         vendor_id       : [0][0][0][0]
[stderr]         encoder         : HEVC
[stderr]       Side data:
[stderr]         displaymatrix: rotation of -180.00 degrees
[stderr]   Stream #0:1[0x2](und): Audio: aac (LC) (mp4a / 0x6134706D), 48000 Hz, mono, fltp, 100 kb/s (default)
[stderr]       Metadata:
[stderr]         creation_time   : 2026-07-12T09:54:07.000000Z
[stderr]         handler_name    : Core Media Audio
[stderr]         vendor_id       : [0][0][0][0]
[stderr]   Stream #0:2[0x3](und): Data: none (mebx / 0x7862656D) (default)
[stderr]       Metadata:
[stderr]         creation_time   : 2026-07-12T09:54:07.000000Z
[stderr]         handler_name    : Core Media Metadata
[stderr] Stream mapping:
[stderr]   Stream #0:0 -> #0:0 (hevc (native) -> h264 (libx264))
[stderr]   Stream #0:1 -> #0:1 (aac (native) -> aac (native))
[stderr] Press [q] to stop, [?] for help
[stderr] [libx264 @ 0x15270fc70] using cpu capabilities: ARMv8 NEON
[stderr] [libx264 @ 0x15270fc70] profile High, level 3.0, 4:2:0, 8-bit
[stderr] [libx264 @ 0x15270fc70] 264 - core 164 r3108 31e19f9 - H.264/MPEG-4 AVC codec - Copyleft 2003-2023 - http://www.videolan.org/x264.html - options: cabac=1 ref=1 deblock=1:0:0 analyse=0x3:0x113 me=hex subme=2 psy=1 psy_rd=1.00:0.00 mixed_ref=0 me_range=16 chroma_me=1 trellis=0 8x8dct=1 cqm=0 deadzone=21,11 fast_pskip=1 chroma_qp_offset=0 threads=15 lookahead_threads=3 sliced_threads=0 nr=0 decimate=1 interlaced=0 bluray_compat=0 constrained_intra=0 bframes=3 b_pyramid=2 b_adapt=1 b_bias=0 direct=1 weightb=1 open_gop=0 weightp=1 keyint=250 keyint_min=25 scenecut=40 intra_refresh=0 rc_lookahead=10 rc=crf mbtree=1 crf=18.0 qcomp=0.60 qpmin=0 qpmax=69 qpstep=4 ip_ratio=1.40 aq=1:1.00
[stderr] Output #0, mp4, to '/Users/johndoe/Documents/company/video_ops/scripts/abstract_algebra_in_proof_assistant/04-set-equality/takes/take-mrhmharr/pipeline/cut/cut-mrhvutes/chunks/chunk-020.mp4':
[stderr]   Metadata:
[stderr]     major_brand     : qt  
[stderr]     minor_version   : 0
[stderr]     compatible_brands: qt  
[stderr]     encoder         : Lavf61.7.100
[stderr]   Stream #0:0(und): Video: h264 (avc1 / 0x31637661), yuv420p(tv, smpte170m/bt709/bt709, progressive), 640x480, q=2-31, 29.83 fps, 11456 tbn (default)
[stderr]       Metadata:
[stderr]         creation_time   : 2026-07-12T09:54:07.000000Z
[stderr]         handler_name    : Core Media Video
[stderr]         vendor_id       : [0][0][0][0]
[stderr]         encoder         : Lavc61.19.100 libx264
[stderr]       Side data:
[stderr]         cpb: bitrate max/min/avg: 0/0/0 buffer size: 0 vbv_delay: N/A
[stderr]   Stream #0:1(und): Audio: aac (LC) (mp4a / 0x6134706D), 48000 Hz, mono, fltp, 69 kb/s (default)
[stderr]       Metadata:
[stderr]         creation_time   : 2026-07-12T09:54:07.000000Z
[stderr]         handler_name    : Core Media Audio
[stderr]         vendor_id       : [0][0][0][0]
[stderr]         encoder         : Lavc61.19.100 aac
[stderr] [out#0/mp4 @ 0x152706e80] video:2351KiB audio:1KiB subtitle:0KiB other streams:0KiB global headers:0KiB muxing overhead: 0.203675%
[stderr] frame=   95 fps= 26 q=-1.0 Lsize=    2356KiB time=00:00:03.15 bitrate=6125.8kbits/s speed=0.862x    
[stderr] [libx264 @ 0x15270fc70] frame I:1     Avg QP:22.46  size: 54071
[stderr] [libx264 @ 0x15270fc70] frame P:29    Avg QP:22.92  size: 44765
[stderr] [libx264 @ 0x15270fc70] frame B:65    Avg QP:25.73  size: 16218
[stderr] [libx264 @ 0x15270fc70] consecutive B-frames:  5.3%  8.4%  6.3% 80.0%
[stderr] [libx264 @ 0x15270fc70] mb I  I16..4:  4.0%  5.8% 90.2%
[stderr] [libx264 @ 0x15270fc70] mb P  I16..4:  1.2%  3.4% 15.8%  P16..4: 24.0% 21.8% 33.3%  0.0%  0.0%    skip: 0.6%
[stderr] [libx264 @ 0x15270fc70] mb B  I16..4:  0.3%  0.2%  1.1%  B16..8: 29.2% 17.4%  9.4%  direct:25.7%  skip:16.8%  L0:32.1% L1:30.4% BI:37.6%
[stderr] [libx264 @ 0x15270fc70] 8x8 transform intra:15.0% inter:38.1%
[stderr] [libx264 @ 0x15270fc70] coded y,uvDC,uvAC intra: 91.2% 89.1% 55.9% inter: 59.9% 28.0% 5.3%
[stderr] [libx264 @ 0x15270fc70] i16 v,h,dc,p: 46% 27% 18%  9%
[stderr] [libx264 @ 0x15270fc70] i8 v,h,dc,ddl,ddr,vr,hd,vl,hu: 20% 20% 16%  3%  7%  5%  9%  9% 10%
[stderr] [libx264 @ 0x15270fc70] i4 v,h,dc,ddl,ddr,vr,hd,vl,hu: 12% 22% 13%  4% 11%  6% 11%  7% 13%
[stderr] [libx264 @ 0x15270fc70] i8c dc,h,v,p: 47% 24% 18% 11%
[stderr] [libx264 @ 0x15270fc70] Weighted P-Frames: Y:37.9% UV:6.9%
[stderr] [libx264 @ 0x15270fc70] kb/s:6045.68
[stderr] [aac @ 0x15276eb00] Qavg: 65293.793
[stderr] ffmpeg version 7.1 Copyright (c) 2000-2024 the FFmpeg developers
[stderr]   built with Apple clang version 15.0.0 (clang-1500.1.0.2.5)
[stderr]   configuration: --prefix=/opt/homebrew/Cellar/ffmpeg/7.1_3 --enable-shared --enable-pthreads --enable-version3 --cc=clang --host-cflags= --host-ldflags='-Wl,-ld_classic' --enable-ffplay --enable-gnutls --enable-gpl --enable-libaom --enable-libaribb24 --enable-libbluray --enable-libdav1d --enable-libharfbuzz --enable-libjxl --enable-libmp3lame --enable-libopus --enable-librav1e --enable-librist --enable-librubberband --enable-libsnappy --enable-libsrt --enable-libssh --enable-libsvtav1 --enable-libtesseract --enable-libtheora --enable-libvidstab --enable-libvmaf --enable-libvorbis --enable-libvpx --enable-libwebp --enable-libx264 --enable-libx265 --enable-libxml2 --enable-libxvid --enable-lzma --enable-libfontconfig --enable-libfreetype --enable-frei0r --enable-libass --enable-libopencore-amrnb --enable-libopencore-amrwb --enable-libopenjpeg --enable-libspeex --enable-libsoxr --enable-libzmq --enable-libzimg --disable-libjack --disable-indev=jack --enable-videotoolbox --enable-audiotoolbox --enable-neon
[stderr]   libavutil      59. 39.100 / 59. 39.100
[stderr]   libavcodec     61. 19.100 / 61. 19.100
[stderr]   libavformat    61.  7.100 / 61.  7.100
[stderr]   libavdevice    61.  3.100 / 61.  3.100
[stderr]   libavfilter    10.  4.100 / 10.  4.100
[stderr]   libswscale      8.  3.100 /  8.  3.100
[stderr]   libswresample   5.  3.100 /  5.  3.100
[stderr]   libpostproc    58.  3.100 / 58.  3.100
[stderr] Input #0, mov,mp4,m4a,3gp,3g2,mj2, from '/Users/johndoe/Documents/company/video_ops/scripts/abstract_algebra_in_proof_assistant/04-set-equality/takes/take-mrhmharr/source.mp4':
[stderr]   Metadata:
[stderr]     major_brand     : qt  
[stderr]     minor_version   : 0
[stderr]     compatible_brands: qt  
[stderr]     creation_time   : 2026-07-12T09:54:07.000000Z
[stderr]   Duration: 00:06:08.94, start: 0.000000, bitrate: 2946 kb/s
[stderr]   Stream #0:0[0x1](und): Video: hevc (Main) (hvc1 / 0x31637668), yuv420p(tv, smpte170m/bt709/bt709), 640x480, 2834 kb/s, 29.95 fps, 29.83 tbr, 600 tbn (default)
[stderr]       Metadata:
[stderr]         creation_time   : 2026-07-12T09:54:07.000000Z
[stderr]         handler_name    : Core Media Video
[stderr]         vendor_id       : [0][0][0][0]
[stderr]         encoder         : HEVC
[stderr]       Side data:
[stderr]         displaymatrix: rotation of -180.00 degrees
[stderr]   Stream #0:1[0x2](und): Audio: aac (LC) (mp4a / 0x6134706D), 48000 Hz, mono, fltp, 100 kb/s (default)
[stderr]       Metadata:
[stderr]         creation_time   : 2026-07-12T09:54:07.000000Z
[stderr]         handler_name    : Core Media Audio
[stderr]         vendor_id       : [0][0][0][0]
[stderr]   Stream #0:2[0x3](und): Data: none (mebx / 0x7862656D) (default)
[stderr]       Metadata:
[stderr]         creation_time   : 2026-07-12T09:54:07.000000Z
[stderr]         handler_name    : Core Media Metadata
[stderr] Stream mapping:
[stderr]   Stream #0:0 -> #0:0 (hevc (native) -> h264 (libx264))
[stderr]   Stream #0:1 -> #0:1 (aac (native) -> aac (native))
[stderr] Press [q] to stop, [?] for help
[stderr] [libx264 @ 0x140638a00] using cpu capabilities: ARMv8 NEON
[stderr] [libx264 @ 0x140638a00] profile High, level 3.0, 4:2:0, 8-bit
[stderr] [libx264 @ 0x140638a00] [stderr] 264 - core 164 r3108 31e19f9 - H.264/MPEG-4 AVC codec - Copyleft 2003-2023 - http://www.videolan.org/x264.html - options: cabac=1 ref=1 deblock=1:0:0 analyse=0x3:0x113 me=hex subme=2 psy=1 psy_rd=1.00:0.00 mixed_ref=0 me_range=16 chroma_me=1 trellis=0 8x8dct=1 cqm=0 deadzone=21,11 fast_pskip=1 chroma_qp_offset=0 threads=15 lookahead_threads=3 sliced_threads=0 nr=0 decimate=1 interlaced=0 bluray_compat=0 constrained_intra=0 bframes=3 b_pyramid=2 b_adapt=1 b_bias=0 direct=1 weightb=1 open_gop=0 weightp=1 keyint=250 keyint_min=25 scenecut=40 intra_refresh=0 rc_lookahead=10 rc=crf mbtree=1 crf=18.0 qcomp=0.60 qpmin=0 qpmax=69 qpstep=4 ip_ratio=1.40 aq=1:1.00
[stderr] Output #0, mp4, to '/Users/johndoe/Documents/company/video_ops/scripts/abstract_algebra_in_proof_assistant/04-set-equality/takes/take-mrhmharr/pipeline/cut/cut-mrhvutes/chunks/chunk-021.mp4':
[stderr]   Metadata:
[stderr]     major_brand     : qt  
[stderr]     minor_version   : 0
[stderr]     compatible_brands: qt  
[stderr]     encoder         : Lavf61.7.100
[stderr]   Stream #0:0(und): Video: h264 (avc1 / 0x31637661), yuv420p(tv, smpte170m/bt709/bt709, progressive), 640x480, q=2-31, 29.83 fps, 11456 tbn (default)
[stderr]       Metadata:
[stderr]         creation_time   : 2026-07-12T09:54:07.000000Z
[stderr]         handler_name    : Core Media Video
[stderr]         vendor_id       : [0][0][0][0]
[stderr]         encoder         : Lavc61.19.100 libx264
[stderr]       Side data:
[stderr]         cpb: bitrate max/min/avg: 0/0/0 buffer size: 0 vbv_delay: N/A
[stderr]   Stream #0:1(und): Audio: aac (LC) (mp4a / 0x6134706D), 48000 Hz, mono, fltp, 69 kb/s (default)
[stderr]       Metadata:
[stderr]         creation_time   : 2026-07-12T09:54:07.000000Z
[stderr]         handler_name    : Core Media Audio
[stderr]         vendor_id       : [0][0][0][0]
[stderr]         encoder         : Lavc61.19.100 aac
[stderr] [out#0/mp4 @ 0x140637eb0] video:1372KiB audio:0KiB subtitle:0KiB other streams:0KiB global headers:0KiB muxing overhead: 0.239714%
[stderr] frame=   52 fps= 14 q=-1.0 Lsize=    1375KiB time=00:00:01.70 bitrate=6590.8kbits/s speed=0.473x    
[stderr] [libx264 @ 0x140638a00] frame I:1     Avg QP:23.28  size: 77143
[stderr] [libx264 @ 0x140638a00] frame P:17    Avg QP:23.17  size: 41744
[stderr] [libx264 @ 0x140638a00] frame B:34    Avg QP:25.42  size: 18152
[stderr] [libx264 @ 0x140638a00] consecutive B-frames:  7.7% 15.4%  0.0% 76.9%
[stderr] [libx264 @ 0x140638a00] mb I  I16..4:  2.4%  5.8% 91.8%
[stderr] [libx264 @ 0x140638a00] mb P  I16..4:  2.5%  4.3% 14.1%  P16..4: 24.6% 21.5% 32.2%  0.0%  0.0%    skip: 0.8%
[stderr] [libx264 @ 0x140638a00] mb B  I16..4:  0.8%  0.9%  1.3%  B16..8: 27.4% 19.0% 12.0%  direct:24.7%  skip:13.9%  L0:30.5% L1:32.3% BI:37.2%
[stderr] [libx264 @ 0x140638a00] 8x8 transform intra:19.7% inter:34.8%
[stderr] [libx264 @ 0x140638a00] coded y,uvDC,uvAC intra: 86.8% 84.8% 52.4% inter: 62.8% 33.3% 6.6%
[stderr] [libx264 @ 0x140638a00] i16 v,h,dc,p: 49% 15% 26%  9%
[stderr] [libx264 @ 0x140638a00] i8 v,h,dc,ddl,ddr,vr,hd,vl,hu: 20% 19% 17%  3%  9%  6% 10%  8%  9%
[stderr] [libx264 @ 0x140638a00] i4 v,h,dc,ddl,ddr,vr,hd,vl,hu: 13% 18% 14%  4% 14%  7% 11%  7% 12%
[stderr] [libx264 @ 0x140638a00] i8c dc,h,v,p: 49% 23% 17% 11%
[stderr] [libx264 @ 0x140638a00] Weighted P-Frames: Y:23.5% UV:0.0%
[stderr] [libx264 @ 0x140638a00] kb/s:6443.84
[stderr] [aac @ 0x14069f5e0] Qavg: 65100.605
[stderr] ffmpeg version 7.1 Copyright (c) 2000-2024 the FFmpeg developers
[stderr]   built with Apple clang version 15.0.0 (clang-1500.1.0.2.5)
[stderr]   configuration: --prefix=/opt/homebrew/Cellar/ffmpeg/7.1_3 --enable-shared --enable-pthreads --enable-version3 --cc=clang --host-cflags= --host-ldflags='-Wl,-ld_classic' --enable-ffplay --enable-gnutls --enable-gpl --enable-libaom --enable-libaribb24 --enable-libbluray --enable-libdav1d --enable-libharfbuzz --enable-libjxl --enable-libmp3lame --enable-libopus --enable-librav1e --enable-librist --enable-librubberband --enable-libsnappy --enable-libsrt --enable-libssh --enable-libsvtav1 --enable-libtesseract --enable-libtheora --enable-libvidstab --enable-libvmaf --enable-libvorbis --enable-libvpx --enable-libwebp --enable-libx264 --enable-libx265 --enable-libxml2 --enable-libxvid --enable-lzma --enable-libfontconfig --enable-libfreetype --enable-frei0r --enable-libass --enable-libopencore-amrnb --enable-libopencore-amrwb --enable-libopenjpeg --enable-libspeex --enable-libsoxr --enable-libzmq --enable-libzimg --disable-libjack --disable-indev=jack --enable-videotoolbox --enable-audiotoolbox --enable-neon
[stderr]   libavutil      59. 39.100 / 59. 39.100
[stderr]   libavcodec     61. 19.100 / 61. 19.100
[stderr]   libavformat    61.  7.100 / 61.  7.100
[stderr]   libavdevice    61.  3.100 / 61.  3.100
[stderr]   libavfilter    10.  4.100 / 10.  4.100
[stderr]   libswscale      8.  3.100 /  8.  3.100
[stderr]   libswresample   5.  3.100 /  5.  3.100
[stderr]   libpostproc    58.  3.100 / 58.  3.100
[stderr] Input #0, mov,mp4,m4a,3gp,3g2,mj2, from '/Users/johndoe/Documents/company/video_ops/scripts/abstract_algebra_in_proof_assistant/04-set-equality/takes/take-mrhmharr/source.mp4':
[stderr]   Metadata:
[stderr]     major_brand     : qt  
[stderr]     minor_version   : 0
[stderr]     compatible_brands: qt  
[stderr]     creation_time   : 2026-07-12T09:54:07.000000Z
[stderr]   Duration: 00:06:08.94, start: 0.000000, bitrate: 2946 kb/s
[stderr]   Stream #0:0[0x1](und): Video: hevc (Main) (hvc1 / 0x31637668), yuv420p(tv, smpte170m/bt709/bt709), 640x480, 2834 kb/s, 29.95 fps, 29.83 tbr, 600 tbn (default)
[stderr]       Metadata:
[stderr]         creation_time   : 2026-07-12T09:54:07.000000Z
[stderr]         handler_name    : Core Media Video
[stderr]         vendor_id       : [0][0][0][0]
[stderr]         encoder         : HEVC
[stderr]       Side data:
[stderr]         displaymatrix: rotation of -180.00 degrees
[stderr]   Stream #0:1[0x2](und): Audio: aac (LC) (mp4a / 0x6134706D), 48000 Hz, mono, fltp, 100 kb/s (default)
[stderr]       Metadata:
[stderr]         creation_time   : 2026-07-12T09:54:07.000000Z
[stderr]         handler_name    : Core Media Audio
[stderr]         vendor_id       : [0][0][0][0]
[stderr]   Stream #0:2[0x3](und): Data: none (mebx / 0x7862656D) (default)
[stderr]       Metadata:
[stderr]         creation_time   : 2026-07-12T09:54:07.000000Z
[stderr]         handler_name    : Core Media Metadata
[stderr] Stream mapping:
[stderr]   Stream #0:0 -> #0:0 (hevc (native) -> h264 (libx264))
[stderr]   Stream #0:1 -> #0:1 (aac (native) -> aac (native))
[stderr] Press [q] to stop, [?] for help
[stderr] [libx264 @ 0x12de05190] using cpu capabilities: ARMv8 NEON
[stderr] [libx264 @ 0x12de05190] profile High, level 3.0, 4:2:0, 8-bit
[stderr] [libx264 @ 0x12de05190] 264 - core 164 r3108 31e19f9 - H.264/MPEG-4 AVC codec - Copyleft 2003-2023 - http://www.videolan.org/x264.html - options: cabac=1 ref=1 deblock=1:0:0 analyse=0x3:0x113 me=hex subme=2 psy=1 psy_rd=1.00:0.00 mixed_ref=0 me_range=16 chroma_me=1 trellis=0 8x8dct=1 cqm=0 deadzone=21,11 fast_pskip=1 chroma_qp_offset=0 threads=15 lookahead_threads=3 sliced_threads=0 nr=0 decimate=1 interlaced=0 bluray_compat=0 constrained_intra=0 bframes=3 b_pyramid=2 b_adapt=1 b_bias=0 direct=1 weightb=1 open_gop=0 weightp=1 keyint=250 keyint_min=25 scenecut=40 intra_refresh=0 rc_lookahead=10 rc=crf mbtree=1 crf=18.0 qcomp=0.60 qpmin=0 qpmax=69 qpstep=4 ip_ratio=1.40 aq=1:1.00
[stderr] Output #0, mp4, to '/Users/johndoe/Documents/company/video_ops/scripts/abstract_algebra_in_proof_assistant/04-set-equality/takes/take-mrhmharr/pipeline/cut/cut-mrhvutes/chunks/chunk-022.mp4':
[stderr]   Metadata:
[stderr]     major_brand     : qt  
[stderr]     minor_version   : 0
[stderr]     compatible_brands: qt  
[stderr]     encoder         : Lavf61.7.100
[stderr]   Stream #0:0(und): Video: h264 (avc1 / 0x31637661), yuv420p(tv, smpte170m/bt709/bt709, progressive), 640x480, q=2-31, 29.83 fps, 11456 tbn (default)
[stderr]       Metadata:
[stderr]         creation_time   : 2026-07-12T09:54:07.000000Z
[stderr]         handler_name    : Core Media Video
[stderr]         vendor_id       : [0][0][0][0]
[stderr]         encoder         : Lavc61.19.100 libx264
[stderr]       Side data:
[stderr]         cpb: bitrate max/min/avg: 0/0/0 buffer size: 0 vbv_delay: N/A
[stderr]   Stream #0:1(und): Audio: aac (LC) (mp4a / 0x6134706D), 48000 Hz, mono, fltp, 69 kb/s (default)
[stderr]       Metadata:
[stderr]         creation_time   : 2026-07-12T09:54:07.000000Z
[stderr]         handler_name    : Core Media Audio
[stderr]         vendor_id       : [0][0][0][0]
[stderr]         encoder         : Lavc61.19.100 aac
[stderr] frame=  365 fps= 91 q=24.0 size=    7680KiB time=00:00:12.20 bitrate=5156.5kbits/s speed=3.04x    
[stderr] [out#0/mp4 @ 0x12de041e0] video:8765KiB audio:3KiB subtitle:0KiB other streams:0KiB global headers:0KiB muxing overhead: 0.182407%
[stderr] frame=  409 fps=101 q=-1.0 Lsize=    8783KiB time=00:00:13.64 bitrate=5274.2kbits/s speed=3.37x    
[stderr] [libx264 @ 0x12de05190] frame I:3     Avg QP:19.59  size: 41858
[stderr] [libx264 @ 0x12de05190] frame P:113   Avg QP:22.01  size: 36689
[stderr] [libx264 @ 0x12de05190] frame B:293   Avg QP:24.59  size: 16051
[stderr] [libx264 @ 0x12de05190] consecutive B-frames:  2.2%  4.9%  5.9% 87.0%
[stderr] [libx264 @ 0x12de05190] mb I  I16..4:  6.2% 13.6% 80.2%
[stderr] [libx264 @ 0x12de05190] mb P  I16..4:  4.5%  9.6% 25.8%  P16..4: 16.8% 18.2% 24.3%  0.0%  0.0%    skip: 0.8%
[stderr] [libx264 @ 0x12de05190] mb B  I16..4:  1.3%  1.3%  2.1%  B16..8: 29.2% 18.2% 10.6%  direct:19.8%  skip:17.4%  L0:32.5% L1:32.8% BI:34.7%
[stderr] [libx264 @ 0x12de05190] 8x8 transform intra:24.4% inter:35.8%
[stderr] [libx264 @ 0x12de05190] coded y,uvDC,uvAC intra: 84.6% 75.5% 42.8% inter: 53.8% 29.6% 5.5%
[stderr] [libx264 @ 0x12de05190] i16 v,h,dc,p: 60% 18% 17%  5%
[stderr] [libx264 @ 0x12de05190] i8 v,h,dc,ddl,ddr,vr,hd,vl,hu: 19% 19% 16%  4%  9%  7%  8%  7% 10%
[stderr] [libx264 @ 0x12de05190] i4 v,h,dc,ddl,ddr,vr,hd,vl,hu: 15% 19% 14%  4% 13%  8% 10%  7% 10%
[stderr] [libx264 @ 0x12de05190] i8c dc,h,v,p: 50% 22% 19% 10%
[stderr] [libx264 @ 0x12de05190] Weighted P-Frames: Y:16.8% UV:0.0%
[stderr] [libx264 @ 0x12de05190] kb/s:5236.90
[stderr] [aac @ 0x12de6a570] Qavg: 65479.301
[stderr] ffmpeg version 7.1 Copyright (c) 2000-2024 the FFmpeg developers
[stderr]   built with Apple clang version 15.0.0 (clang-1500.1.0.2.5)
[stderr]   configuration: --prefix=/opt/homebrew/Cellar/ffmpeg/7.1_3 --enable-shared --enable-pthreads --enable-version3 --cc=clang --host-cflags= --host-ldflags='-Wl,-ld_classic' --enable-ffplay --enable-gnutls --enable-gpl --enable-libaom --enable-libaribb24 --enable-libbluray --enable-libdav1d --enable-libharfbuzz --enable-libjxl --enable-libmp3lame --enable-libopus --enable-librav1e --enable-librist --enable-librubberband --enable-libsnappy --enable-libsrt --enable-libssh --enable-libsvtav1 --enable-libtesseract --enable-libtheora --enable-libvidstab --enable-libvmaf --enable-libvorbis --enable-libvpx --enable-libwebp --enable-libx264 --enable-libx265 --enable-libxml2 --enable-libxvid --enable-lzma --enable-libfontconfig --enable-libfreetype --enable-frei0r --enable-libass --enable-libopencore-amrnb --enable-libopencore-amrwb --enable-libopenjpeg --enable-libspeex --enable-libsoxr --enable-libzmq --enable-libzimg --disable-libjack --disable-indev=jack --enable-videotoolbox --enable-audiotoolbox --enable-neon
[stderr]   libavutil      59. 39.100 / 59. 39.100
[stderr]   libavcodec     61. 19.100 / 61. 19.100
[stderr]   libavformat    61.  7.100 / 61.  7.100
[stderr]   libavdevice    61.  3.100 / 61.  3.100
[stderr]   libavfilter    10.  4.100 / 10.  4.100
[stderr]   libswscale      8.  3.100 /  8.  3.100
[stderr]   libswresample   5.  3.100 /  5.  3.100
[stderr]   libpostproc    58.  3.100 / 58.  3.100
[stderr] Input #0, mov,mp4,m4a,3gp,3g2,mj2, from '/Users/johndoe/Documents/company/video_ops/scripts/abstract_algebra_in_proof_assistant/04-set-equality/takes/take-mrhmharr/source.mp4':
[stderr]   Metadata:
[stderr]     major_brand     : qt  
[stderr]     minor_version   : 0
[stderr]     compatible_brands: qt  
[stderr]     creation_time   : [stderr] 2026-07-12T09:54:07.000000Z
[stderr]   Duration: 00:06:08.94, start: 0.000000, bitrate: 2946 kb/s
[stderr]   Stream #0:0[0x1](und): Video: hevc (Main) (hvc1 / 0x31637668), yuv420p(tv, smpte170m/bt709/bt709), 640x480, 2834 kb/s, 29.95 fps, 29.83 tbr, 600 tbn (default)
[stderr]       Metadata:
[stderr]         creation_time   : 2026-07-12T09:54:07.000000Z
[stderr]         handler_name    : Core Media Video
[stderr]         vendor_id       : [0][0][0][0]
[stderr]         encoder         : HEVC
[stderr]       Side data:
[stderr]         displaymatrix: rotation of -180.00 degrees
[stderr]   Stream #0:1[0x2](und): Audio: aac (LC) (mp4a / 0x6134706D), 48000 Hz, mono, fltp, 100 kb/s (default)
[stderr]       Metadata:
[stderr]         creation_time   : 2026-07-12T09:54:07.000000Z
[stderr]         handler_name    : Core Media Audio
[stderr]         vendor_id       : [0][0][0][0]
[stderr]   Stream #0:2[0x3](und): Data: none (mebx / 0x7862656D) (default)
[stderr]       Metadata:
[stderr]         creation_time   : 2026-07-12T09:54:07.000000Z
[stderr]         handler_name    : Core Media Metadata
[stderr] Stream mapping:
[stderr]   Stream #0:0 -> #0:0 (hevc (native) -> h264 (libx264))
[stderr]   Stream #0:1 -> #0:1 (aac (native) -> aac (native))
[stderr] Press [q] to stop, [?] for help
[stderr] [libx264 @ 0x1591072b0] using cpu capabilities: ARMv8 NEON
[stderr] [libx264 @ 0x1591072b0] profile High, level 3.0, 4:2:0, 8-bit
[stderr] [libx264 @ 0x1591072b0] 264 - core 164 r3108 31e19f9 - H.264/MPEG-4 AVC codec - Copyleft 2003-2023 - http://www.videolan.org/x264.html - options: cabac=1 ref=1 deblock=1:0:0 analyse=0x3:0x113 me=hex subme=2 psy=1 psy_rd=1.00:0.00 mixed_ref=0 me_range=16 chroma_me=1 trellis=0 8x8dct=1 cqm=0 deadzone=21,11 fast_pskip=1 chroma_qp_offset=0 threads=15 lookahead_threads=3 sliced_threads=0 nr=0 decimate=1 interlaced=0 bluray_compat=0 constrained_intra=0 bframes=3 b_pyramid=2 b_adapt=1 b_bias=0 direct=1 weightb=1 open_gop=0 weightp=1 keyint=250 keyint_min=25 scenecut=40 intra_refresh=0 rc_lookahead=10 rc=crf mbtree=1 crf=18.0 qcomp=0.60 qpmin=0 qpmax=69 qpstep=4 ip_ratio=1.40 aq=1:1.00
[stderr] Output #0, mp4, to '/Users/johndoe/Documents/company/video_ops/scripts/abstract_algebra_in_proof_assistant/04-set-equality/takes/take-mrhmharr/pipeline/cut/cut-mrhvutes/chunks/chunk-023.mp4':
[stderr]   Metadata:
[stderr]     major_brand     : qt  
[stderr]     minor_version   : 0
[stderr]     compatible_brands: qt  
[stderr]     encoder         : Lavf61.7.100
[stderr]   Stream #0:0(und): Video: h264 (avc1 / 0x31637661), yuv420p(tv, smpte170m/bt709/bt709, progressive), 640x480, q=2-31, 29.83 fps, 11456 tbn (default)
[stderr]       Metadata:
[stderr]         creation_time   : 2026-07-12T09:54:07.000000Z
[stderr]         handler_name    : Core Media Video
[stderr]         vendor_id       : [0][0][0][0]
[stderr]         encoder         : Lavc61.19.100 libx264
[stderr]       Side data:
[stderr]         cpb: bitrate max/min/avg: 0/0/0 buffer size: 0 vbv_delay: N/A
[stderr]   Stream #0:1(und): Audio: aac (LC) (mp4a / 0x6134706D), 48000 Hz, mono, fltp, 69 kb/s (default)
[stderr]       Metadata:
[stderr]         creation_time   : 2026-07-12T09:54:07.000000Z
[stderr]         handler_name    : Core Media Audio
[stderr]         vendor_id       : [0][0][0][0]
[stderr]         encoder         : Lavc61.19.100 aac
[stderr] frame=  208 fps= 52 q=24.0 size=    4864KiB time=00:00:06.90 bitrate=5770.6kbits/s speed=1.72x    
[stderr] frame=  554 fps=123 q=24.0 size=   12544KiB time=00:00:18.46 bitrate=5563.9kbits/s speed=4.09x    
[stderr] frame= 1016 fps=203 q=24.0 size=   19712KiB time=00:00:33.98 bitrate=4751.0kbits/s dup=0 drop=3 speed=6.78x    
[stderr] frame= 1508 fps=274 q=24.0 size=   25088KiB time=00:00:50.48 bitrate=4071.3kbits/s dup=0 drop=5 speed=9.16x    
[stderr] [out#0/mp4 @ 0x159106330] video:29808KiB audio:11KiB subtitle:0KiB other streams:0KiB global headers:0KiB muxing overhead: 0.211343%
[stderr] frame= 1755 fps=304 q=-1.0 Lsize=   29882KiB time=00:00:58.75 bitrate=4165.9kbits/s dup=0 drop=6 speed=10.2x    
[stderr] [libx264 @ 0x1591072b0] frame I:8     Avg QP:17.60  size: 60408
[stderr] [libx264 @ 0x1591072b0] frame P:620   Avg QP:20.26  size: 30103
[stderr] [libx264 @ 0x1591072b0] frame B:1127  Avg QP:24.23  size: 10093
[stderr] [libx264 @ 0x1591072b0] consecutive B-frames:  7.8% 15.4% 13.0% 63.8%
[stderr] [libx264 @ 0x1591072b0] mb I  I16..4: 15.4%  6.8% 77.8%
[stderr] [libx264 @ 0x1591072b0] mb P  I16..4: 11.1%  3.9%  7.1%  P16..4: 21.8% 20.1% 28.8%  0.0%  0.0%    skip: 7.2%
[stderr] [libx264 @ 0x1591072b0] mb B  I16..4:  2.1%  0.3%  0.5%  B16..8: 27.4% 14.7%  7.4%  direct:13.6%  skip:34.1%  L0:25.9% L1:32.5% BI:41.7%
[stderr] [libx264 @ 0x1591072b0] 8x8 transform intra:15.8% inter:32.3%
[stderr] [libx264 @ 0x1591072b0] coded y,uvDC,uvAC intra: 47.9% 42.9% 23.3% inter: 42.3% 19.8% 2.8%
[stderr] [libx264 @ 0x1591072b0] i16 v,h,dc,p: 81%  7% 10%  2%
[stderr] [libx264 @ 0x1591072b0] i8 v,h,dc,ddl,ddr,vr,hd,vl,hu: 18% 20% 23%  3%  7%  6%  7%  7%  8%
[stderr] [libx264 @ 0x1591072b0] i4 v,h,dc,ddl,ddr,vr,hd,vl,hu: 14% 18% 16%  4% 12%  7%  9%  7% 11%
[stderr] [libx264 @ 0x1591072b0] i8c dc,h,v,p: 72% 12% 11%  5%
[stderr] [libx264 @ 0x1591072b0] Weighted P-Frames: Y:15.5% UV:1.3%
[stderr] [libx264 @ 0x1591072b0] kb/s:4150.80
[stderr] [aac @ 0x15916c690] Qavg: 65522.734
[stderr] ffmpeg version 7.1 Copyright (c) 2000-2024 the FFmpeg developers
[stderr]   built with Apple clang version 15.0.0 (clang-1500.1.0.2.5)
[stderr]   configuration: --prefix=/opt/homebrew/Cellar/ffmpeg/7.1_3 --enable-shared --enable-pthreads --enable-version3 --cc=clang --host-cflags= --host-ldflags='-Wl,-ld_classic' --enable-ffplay --enable-gnutls --enable-gpl --enable-libaom --enable-libaribb24 --enable-libbluray --enable-libdav1d --enable-libharfbuzz --enable-libjxl --enable-libmp3lame --enable-libopus --enable-librav1e --enable-librist --enable-librubberband --enable-libsnappy --enable-libsrt --enable-libssh --enable-libsvtav1 --enable-libtesseract --enable-libtheora --enable-libvidstab --enable-libvmaf --enable-libvorbis --enable-libvpx --enable-libwebp --enable-libx264 --enable-libx265 --enable-libxml2 --enable-libxvid --enable-lzma --enable-libfontconfig --enable-libfreetype --enable-frei0r --enable-libass --enable-libopencore-amrnb --enable-libopencore-amrwb --enable-libopenjpeg --enable-libspeex --enable-libsoxr --enable-libzmq --enable-libzimg --disable-libjack --disable-indev=jack --enable-videotoolbox --enable-audiotoolbox --enable-neon
[stderr]   libavutil      59. 39.100 / 59. 39.100
[stderr]   libavcodec     61. 19.100 / 61. 19.100
[stderr]   libavformat    61.  7.100 / 61.  7.100
[stderr]   libavdevice    61.  3.100 / 61.  3.100
[stderr]   libavfilter    10.  4.100 / 10.  4.100
[stderr]   libswscale      8.  3.100 /  8.  3.100
[stderr]   libswresample   5.  3.100 /  5.  3.100
[stderr]   libpostproc    58.  3.100 / 58.  3.100
[stderr] [mov,mp4,m4a,3gp,3g2,mj2 @ 0x146108520] Auto-inserting h264_mp4toannexb bitstream filter
[stderr] Input #0, concat, from '/Users/johndoe/Documents/company/video_ops/scripts/abstract_algebra_in_proof_assistant/04-set-equality/takes/take-mrhmharr/pipeline/cut/cut-mrhvutes/chunks/concat.txt':
[stderr]   Duration: N/A, start: [stderr] 0.000000, bitrate: 5493 kb/s
[stderr]   Stream #0:0(und): Video: h264 (High) (avc1 / 0x31637661), yuv420p(tv, smpte170m/bt709/bt709, progressive), 640x480, 5423 kb/s, 29.83 fps, 29.83 tbr, 11456 tbn
[stderr]       Metadata:
[stderr]         handler_name    : Core Media Video
[stderr]         vendor_id       : [0][0][0][0]
[stderr]         encoder         : Lavc61.19.100 libx264
[stderr]   Stream #0:1(und): Audio: aac (LC) (mp4a / 0x6134706D), 48000 Hz, mono, fltp, 69 kb/s
[stderr]       Metadata:
[stderr]         handler_name    : Core Media Audio
[stderr]         vendor_id       : [0][0][0][0]
[stderr] Stream mapping:
[stderr]   Stream #0:0 -> #0:0 (copy)
[stderr]   Stream #0:1 -> #0:1 (copy)
[stderr] Output #0, mp4, to '/Users/johndoe/Documents/company/video_ops/scripts/abstract_algebra_in_proof_assistant/04-set-equality/takes/take-mrhmharr/pipeline/cut/cut-mrhvutes/edited-good-intervals.mp4':
[stderr]   Metadata:
[stderr]     encoder         : Lavf61.7.100
[stderr]   Stream #0:0(und): Video: h264 (High) (avc1 / 0x31637661), yuv420p(tv, smpte170m/bt709/bt709, progressive), 640x480, q=2-31, 5423 kb/s, 29.83 fps, 29.83 tbr, 11456 tbn
[stderr]       Metadata:
[stderr]         handler_name    : Core Media Video
[stderr]         vendor_id       : [0][0][0][0]
[stderr]         encoder         : Lavc61.19.100 libx264
[stderr]   Stream #0:1(und): Audio: aac (LC) (mp4a / 0x6134706D), 48000 Hz, mono, fltp, 69 kb/s
[stderr]       Metadata:
[stderr]         handler_name    : Core Media Audio
[stderr]         vendor_id       : [0][0][0][0]
[stderr] Press [q] to stop, [?] for help
[stderr] [mov,mp4,m4a,3gp,3g2,mj2 @ 0x145704bd0] Auto-inserting h264_mp4toannexb bitstream filter
[stderr] [mov,mp4,m4a,3gp,3g2,mj2 @ 0x146007100] Auto-inserting h264_mp4toannexb bitstream filter
[stderr] [mov,mp4,m4a,3gp,3g2,mj2 @ 0x145704bd0] Auto-inserting h264_mp4toannexb bitstream filter
[stderr] [mov,mp4,m4a,3gp,3g2,mj2 @ 0x146008000] Auto-inserting h264_mp4toannexb bitstream filter
[stderr]     Last message repeated 1 times
[stderr] [mov,mp4,m4a,3gp,3g2,mj2 @ 0x125604730] Auto-inserting h264_mp4toannexb bitstream filter
[stderr] [mov,mp4,m4a,3gp,3g2,mj2 @ 0x14611a280] Auto-inserting h264_mp4toannexb bitstream filter
[stderr] [mov,mp4,m4a,3gp,3g2,mj2 @ 0x125605860] Auto-inserting h264_mp4toannexb bitstream filter
[stderr] [mov,mp4,m4a,3gp,3g2,mj2 @ 0x135604160] Auto-inserting h264_mp4toannexb bitstream filter
[stderr] [mov,mp4,m4a,3gp,3g2,mj2 @ 0x145705110] Auto-inserting h264_mp4toannexb bitstream filter
[stderr]     Last message repeated 1 times
[stderr] [mov,mp4,m4a,3gp,3g2,mj2 @ 0x145634110] Auto-inserting h264_mp4toannexb bitstream filter
[stderr] [mov,mp4,m4a,3gp,3g2,mj2 @ 0x1457066c0] Auto-inserting h264_mp4toannexb bitstream filter
[stderr] [mov,mp4,m4a,3gp,3g2,mj2 @ 0x146009b10] Auto-inserting h264_mp4toannexb bitstream filter
[stderr] [mov,mp4,m4a,3gp,3g2,mj2 @ 0x1456362c0] Auto-inserting h264_mp4toannexb bitstream filter
[stderr] [mov,mp4,m4a,3gp,3g2,mj2 @ 0x125607290] Auto-inserting h264_mp4toannexb bitstream filter
[stderr] [mov,mp4,m4a,3gp,3g2,mj2 @ 0x145705110] Auto-inserting h264_mp4toannexb bitstream filter
[stderr] [mov,mp4,m4a,3gp,3g2,mj2 @ 0x135604550] Auto-inserting h264_mp4toannexb bitstream filter
[stderr] [mov,mp4,m4a,3gp,3g2,mj2 @ 0x1456362c0] Auto-inserting h264_mp4toannexb bitstream filter
[stderr] [mov,mp4,m4a,3gp,3g2,mj2 @ 0x14611a680] Auto-inserting h264_mp4toannexb bitstream filter
[stderr] [mov,mp4,m4a,3gp,3g2,mj2 @ 0x146009b10] Auto-inserting h264_mp4toannexb bitstream filter
[stderr] [mov,mp4,m4a,3gp,3g2,mj2 @ 0x14610a6c0] Auto-inserting h264_mp4toannexb bitstream filter
[stderr] [mov,mp4,m4a,3gp,3g2,mj2 @ 0x1461098a0] Auto-inserting h264_mp4toannexb bitstream filter
[stderr] [out#0/mp4 @ 0x146004a80] video:204487KiB audio:238KiB subtitle:0KiB other streams:0KiB global headers:0KiB muxing overhead: 0.164829%
[stderr] frame= 9506 fps=0.0 q=-1.0 Lsize=  205063KiB time=00:05:19.56 bitrate=5256.8kbits/s speed=1.3e+03x    
[stdout] Edited video (selection applied): /Users/johndoe/Documents/company/video_ops/scripts/abstract_algebra_in_proof_assistant/04-set-equality/takes/take-mrhmharr/pipeline/cut/cut-mrhvutes/edited-good-intervals.mp4
[stdout] Analysis updated: /Users/johndoe/Documents/company/video_ops/scripts/abstract_algebra_in_proof_assistant/04-set-equality/takes/take-mrhmharr/pipeline/cut/cut-mrhvutes/analysis.json
[2026-07-12T15:32:02.938Z] exit 0
[2026-07-13T02:02:13.074Z] Re-applying cut selection
[2026-07-13T02:02:13.074Z] $ deno run --allow-all /Users/johndoe/Documents/company/video_ops/outdoor_post/main.ts ai-edit --apply-selection --video /Users/johndoe/Documents/company/video_ops/scripts/abstract_algebra_in_proof_assistant/04-set-equality/takes/take-mrhmharr/source.mp4 --script /Users/johndoe/Documents/company/video_ops/scripts/abstract_algebra_in_proof_assistant/04-set-equality/export/04-set-equality-outdoor-script.json --take /Users/johndoe/Documents/company/video_ops/scripts/abstract_algebra_in_proof_assistant/04-set-equality/takes/take-mrhmharr/take.json --out-dir /Users/johndoe/Documents/company/video_ops/scripts/abstract_algebra_in_proof_assistant/04-set-equality/takes/take-mrhmharr/pipeline/cut/cut-mrhvutes
[stderr] ffmpeg version 7.1 Copyright (c) 2000-2024 the FFmpeg developers
[stderr]   built with Apple clang version 15.0.0 (clang-1500.1.0.2.5)
[stderr]   configuration: --prefix=/opt/homebrew/Cellar/ffmpeg/7.1_3 --enable-shared --enable-pthreads --enable-version3 --cc=clang --host-cflags= --host-ldflags='-Wl,-ld_classic' --enable-ffplay --enable-gnutls --enable-gpl --enable-libaom --enable-libaribb24 --enable-libbluray --enable-libdav1d --enable-libharfbuzz --enable-libjxl --enable-libmp3lame --enable-libopus --enable-librav1e --enable-librist --enable-librubberband --enable-libsnappy --enable-libsrt --enable-libssh --enable-libsvtav1 --enable-libtesseract --enable-libtheora --enable-libvidstab --enable-libvmaf --enable-libvorbis --enable-libvpx --enable-libwebp --enable-libx264 --enable-libx265 --enable-libxml2 --enable-libxvid --enable-lzma --enable-libfontconfig --enable-libfreetype --enable-frei0r --enable-libass --enable-libopencore-amrnb --enable-libopencore-amrwb --enable-libopenjpeg --enable-libspeex --enable-libsoxr --enable-libzmq --enable-libzimg --disable-libjack --disable-indev=jack --enable-videotoolbox --enable-audiotoolbox --enable-neon
[stderr]   libavutil      59. 39.100 / 59. 39.100
[stderr]   libavcodec     61. 19.100 / 61. 19.100
[stderr]   libavformat    61.  7.100 / 61.  7.100
[stderr]   libavdevice    61.  3.100 / 61.  3.100
[stderr]   libavfilter    10.  4.100 / 10.  4.100
[stderr]   libswscale      8.  3.100 /  8.  3.100
[stderr]   libswresample   5.  3.100 /  5.  3.100
[stderr]   libpostproc    58.  3.100 / 58.  3.100
[stderr] Input #0, mov,mp4,m4a,3gp,3g2,mj2, from '/Users/johndoe/Documents/company/video_ops/scripts/abstract_algebra_in_proof_assistant/04-set-equality/takes/take-mrhmharr/source.mp4':
[stderr]   Metadata:
[stderr]     major_brand     : qt  
[stderr]     minor_version   : 0
[stderr]     compatible_brands: qt  
[stderr]     creation_time   : 2026-07-12T09:54:07.000000Z
[stderr]   Duration: 00:06:08.94, start: 0.000000, bitrate: 2946 kb/s
[stderr]   Stream #0:0[0x1](und): Video: hevc (Main) (hvc1 / 0x31637668), yuv420p(tv, smpte170m/bt709/bt709), 640x480, 2834 kb/s, 29.95 fps, 29.83 tbr, 600 tbn (default)
[stderr]       Metadata:
[stderr]         creation_time   : 2026-07-12T09:54:07.000000Z
[stderr]         handler_name    : Core Media Video
[stderr]         vendor_id       : [0][0][0][0]
[stderr]         encoder         : HEVC
[stderr]       Side data:
[stderr]         displaymatrix: rotation of -180.00 degrees
[stderr]   Stream #0:1[0x2](und): Audio: aac (LC) (mp4a / 0x6134706D), 48000 Hz, mono, fltp, 100 kb/s (default)
[stderr]       Metadata:
[stderr]         creation_time   : 2026-07-12T09:54:07.000000Z
[stderr]         handler_name    : Core Media Audio
[stderr]         vendor_id       : [0][0][0][0]
[stderr]   Stream #0:2[0x3](und): Data: none (mebx / 0x7862656D) (default)
[stderr]       Metadata:
[stderr]         creation_time   : 2026-07-12T09:54:07.000000Z
[stderr]         handler_name    : Core Media Metadata
[stderr] Stream mapping:
[stderr]   Stream #0:0 -> #0:0 (hevc (native) -> h264 (libx264))
[stderr]   Stream #0:1 -> #0:1 (aac (native) -> aac (native))
[stderr] Press [q] to stop, [?] for help
[stderr] [libx264 @ 0x1241104a0] using cpu capabilities: ARMv8 NEON
[stderr] [libx264 @ 0x1241104a0] profile High, level 3.0, 4:2:0, 8-bit
[stderr] [libx264 @ 0x1241104a0] 264 - core 164 r3108 31e19f9 - H.264/MPEG-4 AVC codec - Copyleft 2003-2023 - http://www.videolan.org/x264.html - options: cabac=1 ref=1 deblock=1:0:0 analyse=0x3:0x113 me=hex subme=2 psy=1 psy_rd=1.00:0.00 mixed_ref=0 me_range=16 chroma_me=1 trellis=0 8x8dct=1 cqm=0 deadzone=21,11 fast_pskip=1 chroma_qp_offset=0 threads=15 lookahead_threads=3 sliced_threads=0 nr=0 decimate=1 interlaced=0 bluray_compat=0 constrained_intra=0 bframes=3 b_pyramid=2 b_adapt=1 b_bias=0 direct=1 weightb=1 open_gop=0 weightp=1 keyint=250 keyint_min=25 scenecut=40 intra_refresh=0 rc_lookahead=10 rc=crf mbtree=1 crf=18.0 qcomp=0.60 qpmin=0 qpmax=69 qpstep=4 ip_ratio=1.40 aq=1:1.00
[stderr] Output #0, mp4, to '/Users/johndoe/Documents/company/video_ops/scripts/abstract_algebra_in_proof_assistant/04-set-equality/takes/take-mrhmharr/pipeline/cut/cut-mrhvutes/chunks/chunk-000.mp4':
[stderr]   Metadata:
[stderr]     major_brand     : qt  
[stderr]     minor_version   : 0
[stderr]     compatible_brands: qt  
[stderr]     encoder         : Lavf61.7.100
[stderr]   Stream #0:0(und): Video: h264 (avc1 / 0x31637661), yuv420p(tv, smpte170m/bt709/bt709, progressive), 640x480, q=2-31, 29.83 fps, 11456 tbn (default)
[stderr]       Metadata:
[stderr]         creation_time   : 2026-07-12T09:54:07.000000Z
[stderr]         handler_name    : Core Media Video
[stderr]         vendor_id       : [0][0][0][0]
[stderr]         encoder         : Lavc61.19.100 libx264
[stderr]       Side data:
[stderr]         cpb: bitrate max/min/avg: 0/0/0 buffer size: 0 vbv_delay: N/A
[stderr]   Stream #0:1(und): Audio: aac (LC) (mp4a / 0x6134706D), 48000 Hz, mono, fltp, 69 kb/s (default)
[stderr]       Metadata:
[stderr]         creation_time   : 2026-07-12T09:54:07.000000Z
[stderr]         handler_name    : Core Media Audio
[stderr]         vendor_id       : [0][0][0][0]
[stderr]         encoder         : Lavc61.19.100 aac
[stderr] [out#0/mp4 @ 0x124105860] video:863KiB audio:11KiB subtitle:0KiB other streams:0KiB global headers:0KiB muxing overhead: 0.321523%
[stderr] frame=   39 fps=0.0 q=-1.0 Lsize=     878KiB time=00:00:01.24 bitrate=5796.5kbits/s speed=16.1x    
[stderr] [libx264 @ 0x1241104a0] frame I:1     Avg QP:21.52  size: 63699
[stderr] [libx264 @ 0x1241104a0] frame P:11    Avg QP:22.67  size: 35812
[stderr] [libx264 @ 0x1241104a0] frame B:27    Avg QP:25.01  size: 15774
[stderr] [libx264 @ 0x1241104a0] consecutive B-frames:  5.1%  5.1%  7.7% 82.1%
[stderr] [libx264 @ 0x1241104a0] mb I  I16..4:  3.7%  4.4% 91.9%
[stderr] [libx264 @ 0x1241104a0] mb P  I16..4:  4.3%  5.0% 26.4%  P16..4: 18.8% 18.2% 25.7%  0.0%  0.0%    skip: 1.5%
[stderr] [libx264 @ 0x1241104a0] mb B  I16..4:  1.1%  0.5%  0.7%  B16..8: 30.9% 18.3% 12.4%  direct:18.0%  skip:18.1%  L0:25.7% L1:37.5% BI:36.7%
[stderr] [libx264 @ 0x1241104a0] 8x8 transform intra:13.1% inter:34.6%
[stderr] [libx264 @ 0x1241104a0] coded y,uvDC,uvAC intra: 84.0% 72.4% 40.4% inter: 52.2% 22.3% 2.3%
[stderr] [libx264 @ 0x1241104a0] i16 v,h,dc,p: 64% 19% 14%  3%
[stderr] [libx264 @ 0x1241104a0] i8 v,h,dc,ddl,ddr,vr,hd,vl,hu: 18% 23% 17%  3% 10%  8%  9%  5%  7%
[stderr] [libx264 @ 0x1241104a0] i4 v,h,dc,ddl,ddr,vr,hd,vl,hu: 14% 15% 14%  3% 20%  9% 12%  5%  8%
[stderr] [libx264 @ 0x1241104a0] i8c dc,h,v,p: 54% 20% 18%  8%
[stderr] [libx264 @ 0x1241104a0] Weighted P-Frames: Y:9.1% UV:0.0%
[stderr] [libx264 @ 0x1241104a0] kb/s:5406.82
[stderr] [aac @ 0x10b268810] Qavg: 104.584
[stderr] ffmpeg version 7.1 Copyright (c) 2000-2024 the FFmpeg developers
[stderr]   built with Apple clang version 15.0.0 (clang-1500.1.0.2.5)
[stderr]   configuration: --prefix=/opt/homebrew/Cellar/ffmpeg/7.1_3 --enable-shared --enable-pthreads --enable-version3 --cc=clang --host-cflags= --host-ldflags='-Wl,-ld_classic' --enable-ffplay --enable-gnutls --enable-gpl --enable-libaom --enable-libaribb24 --enable-libbluray --enable-libdav1d --enable-libharfbuzz --enable-libjxl --enable-libmp3lame --enable-libopus --enable-librav1e --enable-librist --enable-librubberband --enable-libsnappy --enable-libsrt --enable-libssh --enable-libsvtav1 --enable-libtesseract --enable-libtheora --enable-libvidstab --enable-libvmaf --enable-libvorbis --enable-libvpx --enable-libwebp --enable-libx264 --enable-libx265 --enable-libxml2 --enable-libxvid --enable-lzma --enable-libfontconfig --enable-libfreetype --enable-frei0r --enable-libass --enable-libopencore-amrnb --enable-libopencore-amrwb --enable-libopenjpeg --enable-libspeex --enable-libsoxr --enable-libzmq --enable-libzimg --disable-libjack --disable-indev=jack --enable-videotoolbox --enable-audiotoolbox --enable-neon
[stderr]   libavutil      59. 39.100 / 59. 39.100
[stderr]   libavcodec     61. 19.100 / 61. 19.100
[stderr]   libavformat    61.  7.100 / 61.  7.100
[stderr]   libavdevice    61.  3.100 / 61.  3.100
[stderr]   libavfilter    10.  4.100 / 10.  4.100
[stderr]   libswscale      8.  3.100 /  8.  3.100
[stderr]   libswresample   5.  3.100 /  5.  3.100
[stderr]   libpostproc    58.  3.100 / 58.  3.100
[stderr] Input #0, mov,mp4,m4a,3gp,3g2,mj2, from '/Users/johndoe/Documents/company/video_ops/scripts/abstract_algebra_in_proof_assistant/04-set-equality/takes/take-mrhmharr/source.mp4':
[stderr]   Metadata:
[stderr]     major_brand     : qt  
[stderr]     minor_version   : 0
[stderr]     compatible_brands: [stderr] qt  
[stderr]     creation_time   : 2026-07-12T09:54:07.000000Z
[stderr]   Duration: 00:06:08.94, start: 0.000000, bitrate: 2946 kb/s
[stderr]   Stream #0:0[0x1](und): Video: hevc (Main) (hvc1 / 0x31637668), yuv420p(tv, smpte170m/bt709/bt709), 640x480, 2834 kb/s, 29.95 fps, 29.83 tbr, 600 tbn (default)
[stderr]       Metadata:
[stderr]         creation_time   : 2026-07-12T09:54:07.000000Z
[stderr]         handler_name    : Core Media Video
[stderr]         vendor_id       : [0][0][0][0]
[stderr]         encoder         : HEVC
[stderr]       Side data:
[stderr]         displaymatrix: rotation of -180.00 degrees
[stderr]   Stream #0:1[0x2](und): Audio: aac (LC) (mp4a / 0x6134706D), 48000 Hz, mono, fltp, 100 kb/s (default)
[stderr]       Metadata:
[stderr]         creation_time   : 2026-07-12T09:54:07.000000Z
[stderr]         handler_name    : Core Media Audio
[stderr]         vendor_id       : [0][0][0][0]
[stderr]   Stream #0:2[0x3](und): Data: none (mebx / 0x7862656D) (default)
[stderr]       Metadata:
[stderr]         creation_time   : 2026-07-12T09:54:07.000000Z
[stderr]         handler_name    : Core Media Metadata
[stderr] Stream mapping:
[stderr]   Stream #0:0 -> #0:0 (hevc (native) -> h264 (libx264))
[stderr]   Stream #0:1 -> #0:1[stderr]  (aac (native) -> aac (native))
[stderr] Press [q] to stop, [?] for help
[stderr] [libx264 @ 0x112705190] using cpu capabilities: ARMv8 NEON
[stderr] [libx264 @ 0x112705190] profile High, level 3.0, 4:2:0, 8-bit
[stderr] [libx264 @ 0x112705190] 264 - core 164 r3108 31e19f9 - H.264/MPEG-4 AVC codec - Copyleft 2003-2023 - http://www.videolan.org/x264.html - options: cabac=1 ref=1 deblock=1:0:0 analyse=0x3:0x113 me=hex subme=2 psy=1 psy_rd=1.00:0.00 mixed_ref=0 me_range=16 chroma_me=1 trellis=0 8x8dct=1 cqm=0 deadzone=21,11 fast_pskip=1 chroma_qp_offset=0 threads=15 lookahead_threads=3 sliced_threads=0 nr=0 decimate=1 interlaced=0 bluray_compat=0 constrained_intra=0 bframes=3 b_pyramid=2 b_adapt=1 b_bias=0 direct=1 weightb=1 open_gop=0 weightp=1 keyint=250 keyint_min=25 scenecut=40 intra_refresh=0 rc_lookahead=10 rc=crf mbtree=1 crf=18.0 qcomp=0.60 qpmin=0 qpmax=69 qpstep=4 ip_ratio=1.40 aq=1:1.00
[stderr] Output #0, mp4, to '/Users/johndoe/Documents/company/video_ops/scripts/abstract_algebra_in_proof_assistant/04-set-equality/takes/take-mrhmharr/pipeline/cut/cut-mrhvutes/chunks/chunk-001.mp4':
[stderr]   Metadata:
[stderr]     major_brand     : qt  
[stderr]     minor_version   : 0
[stderr]     compatible_brands: qt  
[stderr]     encoder         : Lavf61.7.100
[stderr]   Stream #0:0(und): Video: h264 (avc1 / 0x31637661), yuv420p(tv, smpte170m/bt709/bt709, progressive), 640x480, q=2-31, 29.83 fps, 11456 tbn (default)
[stderr]       Metadata:
[stderr]         creation_time   : 2026-07-12T09:54:07.000000Z
[stderr]         handler_name    : Core Media Video
[stderr]         vendor_id       : [0][0][0][0]
[stderr]         encoder         : Lavc61.19.100 libx264
[stderr]       Side data:
[stderr]         cpb: bitrate max/min/avg: 0/0/0 buffer size: 0 vbv_delay: N/A
[stderr]   Stream #0:1(und): Audio: aac (LC) (mp4a / 0x6134706D), 48000 Hz, mono, fltp, 69 kb/s (default)
[stderr]       Metadata:
[stderr]         creation_time   : 2026-07-12T09:54:07.000000Z
[stderr]         handler_name    : Core Media Audio
[stderr]         vendor_id       : [0][0][0][0]
[stderr]         encoder         : Lavc61.19.100 aac
[stderr] frame=  360 fps=0.0 q=24.0 size=    7936KiB time=00:00:12.10 bitrate=5372.7kbits/s dup=0 drop=1 speed=23.9x    
[stderr] [out#0/mp4 @ 0x1127041c0] video:11263KiB audio:148KiB subtitle:0KiB other streams:0KiB global headers:0KiB muxing overhead: 0.172657%
[stderr] frame=  517 fps=0.0 q=-1.0 Lsize=   11431KiB time=00:00:17.29 bitrate=5414.3kbits/s dup=0 drop=2 speed=26.3x    
[stderr] [libx264 @ 0x112705190] frame I:3     Avg QP:20.06  size: 55783
[stderr] [libx264 @ 0x112705190] frame P:165   Avg QP:21.94  size: 37853
[stderr] [libx264 @ 0x112705190] frame B:349   Avg QP:25.10  size: 14670
[stderr] [libx264 @ 0x112705190] consecutive B-frames:  6.4%  7.4% 10.4% 75.8%
[stderr] [libx264 @ 0x112705190] mb I  I16..4:  5.7%  7.4% 86.9%
[stderr] [libx264 @ 0x112705190] mb P  I16..4:  3.2%  3.9% 13.0%  P16..4: 24.9% 22.7% 31.4%  0.0%  0.0%    skip: 0.9%
[stderr] [libx264 @ 0x112705190] mb B  I16..4:  0.7%  0.4%  0.5%  B16..8: 31.0% 19.1%  9.0%  direct:21.0%  skip:18.3%  L0:27.6% L1:33.4% BI:38.9%
[stderr] [libx264 @ 0x112705190] 8x8 transform intra:19.0% inter:34.9%
[stderr] [libx264 @ 0x112705190] coded y,uvDC,uvAC intra: 80.2% 73.2% 41.1% inter: 56.1% 23.9% 2.7%
[stderr] [libx264 @ 0x112705190] i16 v,h,dc,p: 63% 15% 17%  5%
[stderr] [libx264 @ 0x112705190] i8 v,h,dc,ddl,ddr,vr,hd,vl,hu: 19% 25% 19%  2%  8%  6%  8%  5%  7%
[stderr] [libx264 @ 0x112705190] i4 v,h,dc,ddl,ddr,vr,hd,vl,hu: 15% 20% 14%  3% 14%  8% 11%  6% 10%
[stderr] [libx264 @ 0x112705190] i8c dc,h,v,p: 51% 22% 18%  9%
[stderr] [libx264 @ 0x112705190] Weighted P-Frames: Y:23.6% UV:2.4%
[stderr] [libx264 @ 0x112705190] kb/s:5324.04
[stderr] [aac @ 0x11276a550] Qavg: 171.165
[stderr] ffmpeg version 7.1 Copyright (c) 2000-2024 the FFmpeg developers
[stderr]   built with Apple clang version 15.0.0 (clang-1500.1.0.2.5)
[stderr]   configuration: --prefix=/opt/homebrew/Cellar/ffmpeg/7.1_3 --enable-shared --enable-pthreads --enable-version3 --cc=clang --host-cflags= --host-ldflags='-Wl,-ld_classic' --enable-ffplay --enable-gnutls --enable-gpl --enable-libaom --enable-libaribb24 --enable-libbluray --enable-libdav1d --enable-libharfbuzz --enable-libjxl --enable-libmp3lame --enable-libopus --enable-librav1e --enable-librist --enable-librubberband --enable-libsnappy --enable-libsrt --enable-libssh --enable-libsvtav1 --enable-libtesseract --enable-libtheora --enable-libvidstab --enable-libvmaf --enable-libvorbis --enable-libvpx --enable-libwebp --enable-libx264 --enable-libx265 --enable-libxml2 --enable-libxvid --enable-lzma --enable-libfontconfig --enable-libfreetype --enable-frei0r --enable-libass --enable-libopencore-amrnb --enable-libopencore-amrwb --enable-libopenjpeg --enable-libspeex --enable-libsoxr --enable-libzmq --enable-libzimg --disable-libjack --disable-indev=jack --enable-videotoolbox --enable-audiotoolbox --enable-neon
[stderr]   libavutil      59. 39.100 / 59. 39.100
[stderr]   libavcodec     61. 19.100 / 61. 19.100
[stderr]   libavformat    61.  7.100 / 61.  7.100
[stderr]   libavdevice    61.  3.100 / 61.  3.100
[stderr]   libavfilter    10.  4.100 / 10.  4.100
[stderr]   libswscale      8.  3.100 /  8.  3.100
[stderr]   libswresample   5.  3.100 /  5.  3.100
[stderr]   libpostproc    58.  3.100 / 58.  3.100
[stderr] Input #0, mov,mp4,m4a,3gp,3g2,mj2, from '/Users/johndoe/Documents/company/video_ops/scripts/abstract_algebra_in_proof_assistant/04-set-equality/takes/take-mrhmharr/source.mp4':
[stderr]   Metadata:
[stderr]     major_brand     : qt  
[stderr]     minor_version   : 0
[stderr]     compatible_brands: qt  
[stderr]     creation_time   : 2026-07-12T09:54:07.000000Z
[stderr]   Duration: 00:06:08.94, start: 0.000000, bitrate: 2946 kb/s
[stderr]   Stream #0:0[0x1](und): Video: hevc (Main) (hvc1 / 0x31637668), yuv420p(tv, smpte170m/bt709/bt709), 640x480, 2834 kb/s, 29.95 fps, 29.83 tbr, 600 tbn (default)
[stderr]       Metadata:
[stderr]         creation_time   : 2026-07-12T09:54:07.000000Z
[stderr]         handler_name    : Core Media Video
[stderr]         vendor_id       : [0][0][0][0]
[stderr]         encoder         : HEVC
[stderr]       Side data:
[stderr]         displaymatrix: rotation of -180.00 degrees
[stderr]   Stream #0:1[0x2](und): Audio: aac (LC) (mp4a / 0x6134706D), 48000 Hz, mono, fltp, 100 kb/s (default)
[stderr]       Metadata:
[stderr]         creation_time   : 2026-07-12T09:54:07.000000Z
[stderr]         handler_name    : Core Media Audio
[stderr]         vendor_id       : [0][0][0][0]
[stderr]   Stream #0:2[0x3](und): Data: none (mebx / 0x7862656D) (default)
[stderr]       Metadata:
[stderr]         creation_time   : 2026-07-12T09:54:07.000000Z
[stderr]         handler_name    : Core Media Metadata
[stderr] Stream mapping:
[stderr]   Stream #0:0 -> #0:0 (hevc (native) -> h264 (libx264))
[stderr]   Stream #0:1 -> #0:1 (aac (native) -> aac (native))
[stderr] Press [q] to stop, [?] for help
[stderr] [libx264 @ 0x12260d700] using cpu capabilities: ARMv8 NEON
[stderr] [libx264 @ 0x12260d700] profile High, level 3.0, 4:2:0, 8-bit
[stderr] [libx264 @ 0x12260d700] 264 - core 164 r3108 31e19f9 - H.264/MPEG-4 AVC codec - Copyleft 2003-2023 - http://www.videolan.org/x264.html - options: cabac=1 ref=1 deblock=1:0:0 analyse=0x3:0x113 me=hex subme=2 psy=1 psy_rd=1.00:0.00 mixed_ref=0 me_range=16 chroma_me=1 trellis=0 8x8dct=1 cqm=0 deadzone=21,11 fast_pskip=1 chroma_qp_offset=0 threads=15 lookahead_threads=3 sliced_threads=0 nr=0 decimate=1 interlaced=0 bluray_compat=0 constrained_intra=0 bframes=3 b_pyramid=2 b_adapt=1 b_bias=0 direct=1 weightb=1 open_gop=0 weightp=1 keyint=250 keyint_min=25 scenecut=40 intra_refresh=0 rc_lookahead=10 rc=crf mbtree=1 crf=18.0 qcomp=0.60 qpmin=0 qpmax=69 qpstep=4 ip_ratio=1.40 aq=1:1.00
[stderr] Output #0, mp4, to '/Users/johndoe/Documents/company/video_ops/scripts/abstract_algebra_in_proof_assistant/04-set-equality/takes/take-mrhmharr/pipeline/cut/cut-mrhvutes/chunks/chunk-002.mp4':
[stderr]   Metadata:
[stderr]     major_brand     : qt  
[stderr]     minor_version   : 0
[stderr]     compatible_brands: qt  
[stderr]     encoder         : Lavf61.7.100
[stderr]   Stream #0:0(und): Video: h264 (avc1 / 0x31637661), yuv420p(tv, smpte170m/bt709/bt709, progressive), 640x480, q=2-31, 29.83 fps, 11456 tbn (default)
[stderr]       Metadata:
[stderr]         creation_time   : 2026-07-12T09:54:07.000000Z
[stderr]         handler_name    : Core Media Video
[stderr]         vendor_id       : [0][0][0][0]
[stderr]         encoder         : Lavc61.19.100 libx264
[stderr]       Side data:
[stderr]         cpb: bitrate max/min/avg: 0/0/0 buffer size: 0 vbv_delay: N/A
[stderr]   Stream #0:1(und): Audio: aac (LC) (mp4a / 0x6134706D), 48000 Hz, mono, fltp, 69 kb/s (default)
[stderr]       Metadata:
[stderr]         creation_time   : 2026-07-12T09:54:07.000000Z
[stderr]         handler_name    : Core Media Audio
[stderr]         vendor_id       : [0][0][0][0]
[stderr]         encoder         : Lavc61.19.100 aac
[stderr] frame=  137 fps=0.0 q=24.0 size=    2048KiB time=00:00:04.52 bitrate=3707.6kbits/s speed=8.96x    
[stderr] frame=  571 fps=567 q=24.0 size=   11520KiB time=00:00:19.13 bitrate=4930.7kbits/s dup=0 drop=1 speed=  19x    
[stderr] frame=  998 fps=660 q=24.0 size=   23296KiB time=N/A bitrate=N/A dup=0 drop=3 speed=N/A    
[stderr] [out#0/mp4 @ 0x12260c590] video:23551KiB audio:291KiB subtitle:0KiB other streams:0KiB global headers:0KiB muxing overhead: 0.156505%
[stderr] frame= 1015 fps=667 q=-1.0 Lsize=   23878KiB time=00:00:33.95 bitrate=5760.9kbits/s dup=0 drop=3 speed=22.3x    
[stderr] [libx264 @ 0x12260d700] frame I:6     Avg QP:19.75  size: 57458
[stderr] [libx264 @ 0x12260d700] frame P:319   Avg QP:22.19  size: 38328
[stderr] [libx264 @ 0x12260d700] frame B:690   Avg QP:25.54  size: 16730
[stderr] [libx264 @ 0x12260d700] consecutive B-frames:  5.9%  7.9%  7.4% 78.8%
[stderr] [libx264 @ 0x12260d700] mb I  I16..4:  7.6%  7.1% 85.3%
[stderr] [libx264 @ 0x12260d700] mb P  I16..4:  5.2%  4.8% 16.0%  P16..4: 20.9% 20.5% 30.6%  0.0%  0.0%    skip: 1.9%
[stderr] [libx264 @ 0x12260d700] mb B  I16..4:  1.2%  0.6%  1.4%  B16..8: 29.2% 18.8% 12.5%  direct:16.5%  skip:19.9%  L0:27.3% L1:32.5% BI:40.2%
[stderr] [libx264 @ 0x12260d700] 8x8 transform intra:17.9% inter:33.1%
[stderr] [libx264 @ 0x12260d700] coded y,uvDC,uvAC intra: 76.8% 65.3% 33.5% inter: 54.0% 23.4% 2.3%
[stderr] [libx264 @ 0x12260d700] i16 v,h,dc,p: 71% 13% 13%  3%
[stderr] [libx264 @ 0x12260d700] i8 v,h,dc,ddl,ddr,vr,hd,vl,hu: 25% 21% 16%  2%  8%  8%  7%  6%  6%
[stderr] [libx264 @ 0x12260d700] i4 v,h,dc,ddl,ddr,vr,hd,vl,hu: 16% 18% 14%  3% 14%  9% 10%  6%  9%
[stderr] [libx264 @ 0x12260d700] i8c dc,h,v,p: 56% 18% 18%  8%
[stderr] [libx264 @ 0x12260d700] Weighted P-Frames: Y:10.7% UV:0.3%
[stderr] [libx264 @ 0x12260d700] kb/s:5670.42
[stderr] [aac @ 0x12266c660] Qavg: 234.045
[stderr] ffmpeg version 7.1 Copyright (c) 2000-2024 the FFmpeg developers
[stderr]   built with Apple clang version 15.0.0 (clang-1500.1.0.2.5)
[stderr]   configuration: --prefix=/opt/homebrew/Cellar/ffmpeg/7.1_3 --enable-shared --enable-pthreads --enable-version3 --cc=clang --host-cflags= --host-ldflags='-Wl,-ld_classic' --enable-ffplay --enable-gnutls --enable-gpl --enable-libaom --enable-libaribb24 --enable-libbluray --enable-libdav1d --enable-libharfbuzz --enable-libjxl --enable-libmp3lame --enable-libopus --enable-librav1e --enable-librist --enable-librubberband --enable-libsnappy --enable-libsrt --enable-libssh --enable-libsvtav1 --enable-libtesseract --enable-libtheora --enable-libvidstab --enable-libvmaf --enable-libvorbis --enable-libvpx --enable-libwebp --enable-libx264 --enable-libx265 --enable-libxml2 --enable-libxvid --enable-lzma --enable-libfontconfig --enable-libfreetype --enable-frei0r --enable-libass --enable-libopencore-amrnb --enable-libopencore-amrwb --enable-libopenjpeg --enable-libspeex --enable-libsoxr --enable-libzmq --enable-libzimg --disable-libjack --disable-indev=jack --enable-videotoolbox --enable-audiotoolbox --enable-neon
[stderr]   libavutil      59. 39.100 / 59. 39.100
[stderr]   libavcodec     61. 19.100 / 61. 19.100
[stderr]   libavformat    61.  7.100 / 61.  7.100
[stderr]   libavdevice    61.  3.100 / 61.  3.100
[stderr]   libavfilter    10.  4.100 / 10.  4.100
[stderr]   libswscale      8.  3.100 /  8.  3.100
[stderr]   libswresample   5.  3.100 /  5.  3.100
[stderr]   libpostproc    58.  3.100 / 58.  3.100
[stderr] Input #0, mov,mp4,m4a,3gp,3g2,mj2, from '/Users/johndoe/Documents/company/video_ops/scripts/abstract_algebra_in_proof_assistant/04-set-equality/takes/take-mrhmharr/source.mp4':
[stderr]   Metadata:
[stderr]     major_brand     : qt  
[stderr]     minor_version   : 0
[stderr]     compatible_brands: qt  
[stderr]     creation_time   : 2026-07-12T09:54:07.000000Z
[stderr]   Duration: 00:06:08.94, start: 0.000000, bitrate: 2946 kb/s
[stderr]   Stream #0:0[0x1](und): Video: hevc (Main) (hvc1 / 0x31637668), yuv420p(tv, smpte170m/bt709/bt709), 640x480, 2834 kb/s, 29.95 fps, 29.83 tbr, 600 tbn (default)
[stderr]       Metadata:
[stderr]         creation_time   : 2026-07-12T09:54:07.000000Z
[stderr]         handler_name    : Core Media Video
[stderr]         vendor_id       : [0][0][0][0]
[stderr]         encoder         : HEVC
[stderr]       Side data:
[stderr]         displaymatrix: rotation of -180.00 degrees
[stderr]   Stream #0:1[0x2](und): Audio: aac (LC) (mp4a / 0x6134706D), 48000 Hz, mono, fltp, 100 kb/s (default)
[stderr]       Metadata:
[stderr]         creation_time   : 2026-07-12T09:54:07.000000Z
[stderr]         handler_name    : Core Media Audio
[stderr]         vendor_id       : [0][0][0][0]
[stderr]   Stream #0:2[0x3](und): Data: none (mebx / 0x7862656D) (default)
[stderr]       Metadata:
[stderr]         creation_time   : 2026-07-12T09:54:07.000000Z
[stderr]         handler_name    : Core Media Metadata
[stderr] Stream mapping:
[stderr]   Stream #0:0 -> #0:0 (hevc (native) -> h264 (libx264))
[stderr]   Stream #0:1 -> #0:1 (aac (native) -> aac (native))
[stderr] Press [q] to stop, [?] for help
[stderr] [libx264 @ 0x154711ed0] using cpu capabilities: ARMv8 NEON
[stderr] [libx264 @ 0x154711ed0] profile High, level 3.0, 4:2:0, 8-bit
[stderr] [libx264 @ 0x154711ed0] 264 - core 164 r3108 31e19f9 - H.264/MPEG-4 AVC codec - Copyleft 2003-2023 - http://www.videolan.org/x264.html - options: cabac=1 ref=1 deblock=1:0:0 analyse=0x3:0x113 me=hex subme=2 psy=1 psy_rd=1.00:0.00 mixed_ref=0 me_range=16 chroma_me=1 trellis=0 8x8dct=1 cqm=0 deadzone=21,11 fast_pskip=1 chroma_qp_offset=0 threads=15 lookahead_threads=3 sliced_threads=0 nr=0 decimate=1 interlaced=0 bluray_compat=0 constrained_intra=0 bframes=3 b_pyramid=2 b_adapt=1 b_bias=0 direct=1 weightb=1 open_gop=0 weightp=1 keyint=250 keyint_min=25 scenecut=40 intra_refresh=0 rc_lookahead=10 rc=crf mbtree=1 crf=18.0 qcomp=0.60 qpmin=0 qpmax=69 qpstep=4 ip_ratio=1.40 aq=1:1.00
[stderr] Output #0, mp4, to '/Users/johndoe/Documents/company/video_ops/scripts/abstract_algebra_in_proof_assistant/04-set-equality/takes/take-mrhmharr/pipeline/cut/cut-mrhvutes/chunks/chunk-003.mp4':
[stderr]   Metadata:
[stderr]     major_brand     : qt  
[stderr]     minor_version   : 0
[stderr]     compatible_brands: qt  
[stderr]     encoder         : Lavf61.7.100
[stderr]   Stream #0:0(und): Video: h264 (avc1 / 0x31637661), yuv420p(tv, smpte170m/bt709/bt709, progressive), 640x480, q=2-31, 29.83 fps, 11456 tbn (default)
[stderr]       Metadata:
[stderr]         creation_time   : 2026-07-12T09:54:07.000000Z
[stderr]         handler_name    : Core Media Video
[stderr]         vendor_id       : [0][0][0][0]
[stderr]         encoder         : Lavc61.19.100 libx264
[stderr]       Side data:
[stderr]         cpb: bitrate max/min/avg: 0/0/0 buffer size: 0 vbv_delay: N/A
[stderr]   Stream #0:1(und): Audio: aac (LC) (mp4a / 0x6134706D), 48000 Hz, mono, fltp, 69 kb/s (default)
[stderr]       Metadata:
[stderr]         creation_time   : 2026-07-12T09:54:07.000000Z
[stderr]         handler_name    : Core Media Audio
[stderr]         vendor_id       : [0][0][0][0]
[stderr]         encoder         : Lavc61.19.100 aac
[stderr] [out#0/mp4 @ 0x154707370] video:460KiB audio:7KiB subtitle:0KiB other streams:0KiB global headers:0KiB muxing overhead: 0.482013%
[stderr] frame=   23 fps=0.0 q=-1.0 Lsize=     469KiB time=00:00:00.73 bitrate=5210.5kbits/s speed=0.963x    
[stderr] [libx264 @ 0x154711ed0] frame I:1     Avg QP:19.67  size: 64945
[stderr] [libx264 @ 0x154711ed0] frame P:8     Avg QP:20.58  size: 31352
[stderr] [libx264 @ 0x154711ed0] frame B:14    Avg QP:24.50  size: 11033
[stderr] [libx264 @ 0x154711ed0] consecutive B-frames:  8.7% 26.1% 13.0% 52.2%
[stderr] [libx264 @ 0x154711ed0] mb I  I16..4: 17.2%  6.7% 76.2%
[stderr] [libx264 @ 0x154711ed0] mb P  I16..4: 11.3%  1.6%  2.4%  P16..4: 26.7% 22.2% 30.8%  0.0%  0.0%    skip: 4.9%
[stderr] [libx264 @ 0x154711ed0] mb B  I16..4:  4.1%  0.2%  0.0%  B16..8: 29.9% 16.1%  6.7%  direct:12.5%  skip:30.4%  L0:23.6% L1:25.8% BI:50.6%
[stderr] [libx264 @ 0x154711ed0] 8x8 transform intra:7.9% inter:28.1%
[stderr] [libx264 @ 0x154711ed0] coded y,uvDC,uvAC intra: 41.7% 38.5% 24.7% inter: 44.7% 15.3% 1.8%
[stderr] [libx264 @ 0x154711ed0] i16 v,h,dc,p: 88%  2%  9%  1%
[stderr] [libx264 @ 0x154711ed0] i8 v,h,dc,ddl,ddr,vr,hd,vl,hu: 20% 20% 25%  2%  8%  6%  9%  5%  6%
[stderr] [libx264 @ 0x154711ed0] i4 v,h,dc,ddl,ddr,vr,hd,vl,hu: 16% 17% 16%  4% 12% 10%  8%  7% 11%
[stderr] [libx264 @ 0x154711ed0] i8c dc,h,v,p: 76% 10%  9%  4%
[stderr] [libx264 @ 0x154711ed0] Weighted P-Frames: Y:0.0% UV:0.0%
[stderr] [libx264 @ 0x154711ed0] kb/s:4879.43
[stderr] [aac @ 0x14465e710] Qavg: 107.968
[stderr] ffmpeg version 7.1 Copyright (c) 2000-2024 the FFmpeg developers
[stderr]   built with Apple clang version 15.0.0 (clang-1500.1.0.2.5)
[stderr]   configuration: --prefix=/opt/homebrew/Cellar/ffmpeg/7.1_3 --enable-shared --enable-pthreads --enable-version3 --cc=clang --host-cflags= --host-ldflags='-Wl,-ld_classic' --enable-ffplay --enable-gnutls --enable-gpl --enable-libaom --enable-libaribb24 --enable-libbluray --enable-libdav1d --enable-libharfbuzz --enable-libjxl --enable-libmp3lame --enable-libopus --enable-librav1e --enable-librist --enable-librubberband --enable-libsnappy --enable-libsrt --enable-libssh --enable-libsvtav1 --enable-libtesseract --enable-libtheora --enable-libvidstab --enable-libvmaf --enable-libvorbis --enable-libvpx --enable-libwebp --enable-libx264 --enable-libx265 --enable-libxml2 --enable-libxvid --enable-lzma --enable-libfontconfig --enable-libfreetype --enable-frei0r --enable-libass --enable-libopencore-amrnb --enable-libopencore-amrwb --enable-libopenjpeg --enable-libspeex --enable-libsoxr --enable-libzmq --enable-libzimg --disable-libjack --disable-indev=jack --enable-videotoolbox --enable-audiotoolbox --enable-neon
[stderr]   libavutil      59. 39.100 / 59. 39.100
[stderr]   libavcodec     61. 19.100 / 61. 19.100
[stderr]   libavformat    61.  7.100 / 61.  7.100
[stderr]   libavdevice    61.  3.100 / 61.  3.100
[stderr]   libavfilter    10.  4.100 / 10.  4.100
[stderr]   libswscale      8.  3.100 /  8.  3.100
[stderr]   libswresample   5.  3.100 /  5.  3.100
[stderr]   libpostproc    58.  3.100 / 58.  3.100
[stderr] Input #0, mov,mp4,m4a,3gp,3g2,mj2, from '/Users/johndoe/Documents/company/video_ops/scripts/abstract_algebra_in_proof_assistant/04-set-equality/takes/take-mrhmharr/source.mp4':
[stderr]   Metadata:
[stderr]     major_brand     : qt  
[stderr]     minor_version   : 0
[stderr]     compatible_brands: qt  
[stderr]     creation_time   : 2026-07-12T09:54:07.000000Z
[stderr]   Duration: 00:06:08.94, start: 0.000000, bitrate: 2946 kb/s
[stderr]   Stream #0:0[0x1](und): Video: hevc (Main) (hvc1 / 0x31637668), yuv420p(tv, smpte170m/bt709/bt709), 640x480, 2834 kb/s, 29.95 fps, 29.83 tbr, 600 tbn (default)
[stderr]       Metadata:
[stderr]         creation_time   : 2026-07-12T09:54:07.000000Z
[stderr]         handler_name    : Core Media Video
[stderr]         vendor_id       : [0][0][0][0]
[stderr]         encoder         : HEVC
[stderr]       Side data:
[stderr]         displaymatrix: rotation of -180.00 degrees
[stderr]   Stream #0:1[0x2](und): Audio: aac (LC) (mp4a / 0x6134706D), 48000 Hz, mono, fltp, 100 kb/s (default)
[stderr]       Metadata:
[stderr]         creation_time   : 2026-07-12T09:54:07.000000Z
[stderr]         handler_name    : Core Media Audio
[stderr]         vendor_id       : [0][0][0][0]
[stderr]   Stream #0:2[0x3](und): Data: none (mebx / 0x7862656D) (default)
[stderr]       Metadata:
[stderr]         creation_time   : 2026-07-12T09:54:07.000000Z
[stderr]         handler_name    : Core Media Metadata
[stderr] Stream mapping:
[stderr]   Stream #0:0 -> #0:0 (hevc (native) -> h264 (libx264))
[stderr]   Stream #0:1 -> #0:1[stderr]  (aac (native) -> aac (native))
[stderr] Press [q] to stop, [?] for help
[stderr] [libx264 @ 0x1369071f0] using cpu capabilities: ARMv8 NEON
[stderr] [libx264 @ 0x1369071f0] profile High, level 3.0, 4:2:0, 8-bit
[stderr] [libx264 @ 0x1369071f0] 264 - core 164 r3108 31e19f9 - H.264/MPEG-4 AVC codec - Copyleft 2003-2023 - http://www.videolan.org/x264.html - options: cabac=1 ref=1 deblock=1:0:0 analyse=0x3:0x113 me=hex subme=2 psy=1 psy_rd=1.00:0.00 mixed_ref=0 me_range=16 chroma_me=1 trellis=0 8x8dct=1 cqm=0 deadzone=21,11 fast_pskip=1 chroma_qp_offset=0 threads=15 lookahead_threads=3 sliced_threads=0 nr=0 decimate=1 interlaced=0 bluray_compat=0 constrained_intra=0 bframes=3 b_pyramid=2 b_adapt=1 b_bias=0 direct=1 weightb=1 open_gop=0 weightp=1 keyint=250 keyint_min=25 scenecut=40 intra_refresh=0 rc_lookahead=10 rc=crf mbtree=1 crf=18.0 qcomp=0.60 qpmin=0 qpmax=69 qpstep=4 ip_ratio=1.40 aq=1:1.00
[stderr] Output #0, mp4, to '/Users/johndoe/Documents/company/video_ops/scripts/abstract_algebra_in_proof_assistant/04-set-equality/takes/take-mrhmharr/pipeline/cut/cut-mrhvutes/chunks/chunk-004.mp4':
[stderr]   Metadata:
[stderr]     major_brand     : qt  
[stderr]     minor_version   : 0
[stderr]     compatible_brands: qt  
[stderr]     encoder         : Lavf61.7.100
[stderr]   Stream #0:0(und): Video: h264 (avc1 / 0x31637661), yuv420p(tv, smpte170m/bt709/bt709, progressive), 640x480, q=2-31, 29.83 fps, 11456 tbn (default)
[stderr]       Metadata:
[stderr]         creation_time   : 2026-07-12T09:54:07.000000Z
[stderr]         handler_name    : Core Media Video
[stderr]         vendor_id       : [0][0][0][0]
[stderr]         encoder         : Lavc61.19.100 libx264
[stderr]       Side data:
[stderr]         cpb: bitrate max/min/avg: 0/0/0 buffer size: 0 vbv_delay: N/A
[stderr]   Stream #0:1(und): Audio: aac (LC) (mp4a / 0x6134706D), 48000 Hz, mono, fltp, 69 kb/s (default)
[stderr]       Metadata:
[stderr]         creation_time   : 2026-07-12T09:54:07.000000Z
[stderr]         handler_name    : Core Media Audio
[stderr]         vendor_id       : [0][0][0][0]
[stderr]         encoder         : Lavc61.19.100 aac
[stderr] frame=   85 fps= 84 q=24.0 size=    1536KiB time=00:00:02.78 bitrate=4522.9kbits/s speed=2.75x    
[stderr] frame=  544 fps=359 q=24.0 size=   11264KiB time=00:00:18.16 bitrate=5079.1kbits/s dup=0 drop=2 speed=  12x    
[stderr] [out#0/mp4 @ 0x136904740] video:21640KiB audio:256KiB subtitle:0KiB other streams:0KiB global headers:0KiB muxing overhead: 0.149878%
[stderr] frame=  894 fps=462 q=-1.0 Lsize=   21928KiB time=00:00:29.89 bitrate=6008.0kbits/s dup=0 drop=3 speed=15.5x    
[stderr] [libx264 @ 0x1369071f0] frame I:4     Avg QP:20.43  size: 67076
[stderr] [libx264 @ 0x1369071f0] frame P:329   Avg QP:22.68  size: 40479
[stderr] [libx264 @ 0x1369071f0] frame B:561   Avg QP:25.79  size: 15281
[stderr] [libx264 @ 0x1369071f0] consecutive B-frames: 11.2% 13.2%  6.7% 68.9%
[stderr] [libx264 @ 0x1369071f0] mb I  I16..4:  6.0%  7.8% 86.2%
[stderr] [libx264 @ 0x1369071f0] mb P  I16..4:  3.4%  4.1% 11.2%  P16..4: 24.7% 22.3% 33.2%  0.0%  0.0%    skip: 1.1%
[stderr] [libx264 @ 0x1369071f0] mb B  I16..4:  1.0%  0.3%  0.5%  B16..8: 31.3% 17.8% 10.5%  direct:16.9%  skip:21.8%  L0:25.5% L1:30.3% BI:44.3%
[stderr] [libx264 @ 0x1369071f0] 8x8 transform intra:20.6% inter:33.3%
[stderr] [libx264 @ 0x1369071f0] coded y,uvDC,uvAC intra: 78.0% 56.6% 21.8% inter: 53.8% 18.3% 1.3%
[stderr] [libx264 @ 0x1369071f0] i16 v,h,dc,p: 61% 20% 15%  4%
[stderr] [libx264 @ 0x1369071f0] i8 v,h,dc,ddl,ddr,vr,hd,vl,hu: 23% 23% 17%  3%  7%  7%  7%  7%  7%
[stderr] [libx264 @ 0x1369071f0] i4 v,h,dc,ddl,ddr,vr,hd,vl,hu: 15% 17% 15%  4% 14%  9%  9%  6% 10%
[stderr] [libx264 @ 0x1369071f0] i8c dc,h,v,p: 58% 18% 18%  5%
[stderr] [libx264 @ 0x1369071f0] Weighted P-Frames: Y:20.7% UV:2.4%
[stderr] [libx264 @ 0x1369071f0] kb/s:5915.55
[stderr] [aac @ 0x13696c4b0] Qavg: 252.794
[stderr] ffmpeg version 7.1 Copyright (c) 2000-2024 the FFmpeg developers
[stderr]   built with Apple clang version 15.0.0 (clang-1500.1.0.2.5)
[stderr]   configuration: --prefix=/opt/homebrew/Cellar/ffmpeg/7.1_3 --enable-shared --enable-pthreads --enable-version3 --cc=clang --host-cflags= --host-ldflags='-Wl,-ld_classic' --enable-ffplay --enable-gnutls --enable-gpl --enable-libaom --enable-libaribb24 --enable-libbluray --enable-libdav1d --enable-libharfbuzz --enable-libjxl --enable-libmp3lame --enable-libopus --enable-librav1e --enable-librist --enable-librubberband --enable-libsnappy --enable-libsrt --enable-libssh --enable-libsvtav1 --enable-libtesseract --enable-libtheora --enable-libvidstab --enable-libvmaf --enable-libvorbis --enable-libvpx --enable-libwebp --enable-libx264 --enable-libx265 --enable-libxml2 --enable-libxvid --enable-lzma --enable-libfontconfig --enable-libfreetype --enable-frei0r --enable-libass --enable-libopencore-amrnb --enable-libopencore-amrwb --enable-libopenjpeg --enable-libspeex --enable-libsoxr --enable-libzmq --enable-libzimg --disable-libjack --disable-indev=jack --enable-videotoolbox --enable-audiotoolbox --enable-neon
[stderr]   libavutil      59. 39.100 / 59. 39.100
[stderr]   libavcodec     61. 19.100 / 61. 19.100
[stderr]   libavformat    61.  7.100 / 61.  7.100
[stderr]   libavdevice    61.  3.100 / 61.  3.100
[stderr]   libavfilter    10.  4.100 / 10.  4.100
[stderr]   libswscale      8.  3.100 /  8.  3.100
[stderr]   libswresample   5.  3.100 /  5.  3.100
[stderr]   libpostproc    58.  3.100 / 58.  3.100
[stderr] Input #0, mov,mp4,m4a,3gp,3g2,mj2, from '/Users/johndoe/Documents/company/video_ops/scripts/abstract_algebra_in_proof_assistant/04-set-equality/takes/take-mrhmharr/source.mp4':
[stderr]   Metadata:
[stderr]     major_brand     : qt  
[stderr]     minor_version   : 0
[stderr]     compatible_brands: qt  
[stderr]     creation_time   : 2026-07-12T09:54:07.000000Z
[stderr]   Duration: 00:06:08.94[stderr] , start: 0.000000, bitrate: 2946 kb/s
[stderr]   Stream #0:0[0x1](und): Video: hevc (Main) (hvc1 / 0x31637668), yuv420p(tv, smpte170m/bt709/bt709), 640x480, 2834 kb/s, 29.95 fps, 29.83 tbr, 600 tbn (default)
[stderr]       Metadata:
[stderr]         creation_time   : 2026-07-12T09:54:07.000000Z
[stderr]         handler_name    : Core Media Video
[stderr]         vendor_id       : [0][0][0][0]
[stderr]         encoder         : HEVC
[stderr]       Side data:
[stderr]         displaymatrix: rotation of -180.00 degrees
[stderr]   Stream #0:1[0x2](und): Audio: aac (LC) (mp4a / 0x6134706D), 48000 Hz, mono, fltp, 100 kb/s (default)
[stderr]       Metadata:
[stderr]         creation_time   : 2026-07-12T09:54:07.000000Z
[stderr]         handler_name    : Core Media Audio
[stderr]         vendor_id       : [0][0][0][0]
[stderr]   Stream #0:2[0x3](und): Data: none (mebx / 0x7862656D) (default)
[stderr]       Metadata:
[stderr]         creation_time   : 2026-07-12T09:54:07.000000Z
[stderr]         handler_name    : Core Media Metadata
[stderr] Stream mapping:
[stderr]   Stream #0:0 -> #0:0 (hevc (native) -> h264 (libx264))
[stderr]   Stream #0:1 -> #0:1 (aac (native) -> aac (native))
[stderr] Press [q] to stop, [?] for help
[stderr] [libx264 @ 0x150805c70] using cpu capabilities: ARMv8 NEON
[stderr] [libx264 @ 0x150805c70] profile High, level 3.0, 4:2:0, 8-bit
[stderr] [libx264 @ 0x150805c70] 264 - core 164 r3108 31e19f9 - H.264/MPEG-4 AVC codec - Copyleft 2003-2023 - http://www.videolan.org/x264.html - options: cabac=1 ref=1 deblock=1:0:0 analyse=0x3:0x113 me=hex subme=2 psy=1 psy_rd=1.00:0.00 mixed_ref=0 me_range=16 chroma_me=1 trellis=0 8x8dct=1 cqm=0 deadzone=21,11 fast_pskip=1 chroma_qp_offset=0 threads=15 lookahead_threads=3 sliced_threads=0 nr=0 decimate=1 interlaced=0 bluray_compat=0 constrained_intra=0 bframes=3 b_pyramid=2 b_adapt=1 b_bias=0 direct=1 weightb=1 open_gop=0 weightp=1 keyint=250 keyint_min=25 scenecut=40 intra_refresh=0 rc_lookahead=10 rc=crf mbtree=1 crf=18.0 qcomp=0.60 qpmin=0 qpmax=69 qpstep=4 ip_ratio=1.40 aq=1:1.00
[stderr] Output #0, mp4, to '/Users/johndoe/Documents/company/video_ops/scripts/abstract_algebra_in_proof_assistant/04-set-equality/takes/take-mrhmharr/pipeline/cut/cut-mrhvutes/chunks/chunk-005.mp4':
[stderr]   Metadata:
[stderr]     major_brand     : qt  
[stderr]     minor_version   : 0
[stderr]     compatible_brands: qt  
[stderr]     encoder         : Lavf61.7.100
[stderr]   Stream #0:0(und): Video: h264 (avc1 / 0x31637661), yuv420p(tv, smpte170m/bt709/bt709, progressive), 640x480, q=2-31, 29.83 fps, 11456 tbn (default)
[stderr]       Metadata:
[stderr]         creation_time   : 2026-07-12T09:54:07.000000Z
[stderr]         handler_name    : Core Media Video
[stderr]         vendor_id       : [0][0][0][0]
[stderr]         encoder         : Lavc61.19.100 libx264
[stderr]       Side data:
[stderr]         cpb: bitrate max/min/avg: 0/0/0 buffer size: 0 vbv_delay: N/A
[stderr]   Stream #0:1(und): Audio: aac (LC) (mp4a / 0x6134706D), 48000 Hz, mono, fltp, 69 kb/s (default)
[stderr]       Metadata:
[stderr]         creation_time   : 2026-07-12T09:54:07.000000Z
[stderr]         handler_name    : Core Media Audio
[stderr]         vendor_id       : [0][0][0][0]
[stderr]         encoder         : Lavc61.19.100 aac
[stderr] [out#0/mp4 @ 0x150804880] video:2874KiB audio:27KiB subtitle:0KiB other streams:0KiB global headers:0KiB muxing overhead: 0.161062%
[stderr] frame=   93 fps= 65 q=-1.0 Lsize=    2905KiB time=00:00:03.05 bitrate=7802.7kbits/s speed=2.12x    
[stderr] [libx264 @ 0x150805c70] frame I:1     Avg QP:24.45  size: 61615
[stderr] [libx264 @ 0x150805c70] frame P:38    Avg QP:23.65  size: 45064
[stderr] [libx264 @ 0x150805c70] frame B:54    Avg QP:26.38  size: 21630
[stderr] [libx264 @ 0x150805c70] consecutive B-frames: 16.1% 12.9% 19.4% 51.6%
[stderr] [libx264 @ 0x150805c70] mb I  I16..4:  0.8% 12.3% 86.8%
[stderr] [libx264 @ 0x150805c70] mb P  I16..4:  0.4%  3.1% 12.6%  P16..4: 24.4% 22.5% 36.7%  0.0%  0.0%    skip: 0.4%
[stderr] [libx264 @ 0x150805c70] mb B  I16..4:  0.2%  0.3%  0.2%  B16..8: 30.7% 20.0% 14.0%  direct:21.7%  skip:12.9%  L0:26.5% L1:28.9% BI:44.7%
[stderr] [libx264 @ 0x150805c70] 8x8 transform intra:19.4% inter:33.2%
[stderr] [libx264 @ 0x150805c70] coded y,uvDC,uvAC intra: 95.3% 71.6% 27.4% inter: 67.6% 24.5% 1.3%
[stderr] [libx264 @ 0x150805c70] i16 v,h,dc,p: 27% 25% 36% 12%
[stderr] [libx264 @ 0x150805c70] i8 v,h,dc,ddl,ddr,vr,hd,vl,hu: 21% 22% 14%  2%  9%  9%  9%  7%  7%
[stderr] [libx264 @ 0x150805c70] i4 v,h,dc,ddl,ddr,vr,hd,vl,hu: 14% 16% 14%  4% 16%  8% 11%  7% 10%
[stderr] [libx264 @ 0x150805c70] i8c dc,h,v,p: 51% 22% 20%  8%
[stderr] [libx264 @ 0x150805c70] Weighted P-Frames: Y:28.9% UV:2.6%
[stderr] [libx264 @ 0x150805c70] kb/s:7550.25
[stderr] [aac @ 0x14ff4a860] Qavg: 591.636
[stderr] ffmpeg version 7.1 Copyright (c) 2000-2024 the FFmpeg developers
[stderr]   built with Apple clang version 15.0.0 (clang-1500.1.0.2.5)
[stderr]   configuration: --prefix=/opt/homebrew/Cellar/ffmpeg/7.1_3 --enable-shared --enable-pthreads --enable-version3 --cc=clang --host-cflags= --host-ldflags='-Wl,-ld_classic' --enable-ffplay --enable-gnutls --enable-gpl --enable-libaom --enable-libaribb24 --enable-libbluray --enable-libdav1d --enable-libharfbuzz --enable-libjxl --enable-libmp3lame --enable-libopus --enable-librav1e --enable-librist --enable-librubberband --enable-libsnappy --enable-libsrt --enable-libssh --enable-libsvtav1 --enable-libtesseract --enable-libtheora --enable-libvidstab --enable-libvmaf --enable-libvorbis --enable-libvpx --enable-libwebp --enable-libx264 --enable-libx265 --enable-libxml2 --enable-libxvid --enable-lzma --enable-libfontconfig --enable-libfreetype --enable-frei0r --enable-libass --enable-libopencore-amrnb --enable-libopencore-amrwb --enable-libopenjpeg --enable-libspeex --enable-libsoxr --enable-libzmq --enable-libzimg --disable-libjack --disable-indev=jack --enable-videotoolbox --enable-audiotoolbox --enable-neon
[stderr]   libavutil      59. 39.100 / 59. 39.100
[stderr]   libavcodec     61. 19.100 / 61. 19.100
[stderr]   libavformat    61.  7.100 / 61.  7.100
[stderr]   libavdevice    61.  3.100 / 61.  3.100
[stderr]   libavfilter    10.  4.100 / 10.  4.100
[stderr]   libswscale      8.  3.100 /  8.  3.100
[stderr]   libswresample   5.  3.100 /  5.  3.100
[stderr]   libpostproc    58.  3.100 / 58.  3.100
[stderr] Input #0, mov,mp4,m4a,3gp,3g2,mj2, from '/Users/johndoe/Documents/company/video_ops/scripts/abstract_algebra_in_proof_assistant/04-set-equality/takes/take-mrhmharr/source.mp4':
[stderr]   Metadata:
[stderr]     major_brand     : qt  
[stderr]     minor_version   : 0
[stderr]     compatible_brands: qt  
[stderr]     creation_time   : 2026-07-12T09:54:07.000000Z
[stderr]   Duration: 00:06:08.94, start: [stderr] 0.000000, bitrate: 2946 kb/s
[stderr]   Stream #0:0[0x1](und): Video: hevc (Main) (hvc1 / 0x31637668), yuv420p(tv, smpte170m/bt709/bt709), 640x480, 2834 kb/s, 29.95 fps, 29.83 tbr, 600 tbn (default)
[stderr]       Metadata:
[stderr]         creation_time   : 2026-07-12T09:54:07.000000Z
[stderr]         handler_name    : Core Media Video
[stderr]         vendor_id       : [0][0][0][0]
[stderr]         encoder         : HEVC
[stderr]       Side data:
[stderr]         displaymatrix: rotation of -180.00 degrees
[stderr]   Stream #0:1[0x2](und): Audio: aac (LC) (mp4a / 0x6134706D), 48000 Hz, mono, fltp, 100 kb/s (default)
[stderr]       Metadata:
[stderr]         creation_time   : 2026-07-12T09:54:07.000000Z
[stderr]         handler_name    : Core Media Audio
[stderr]         vendor_id       : [0][0][0][0]
[stderr]   Stream #0:2[0x3](und): Data: none (mebx / 0x7862656D) (default)
[stderr]       Metadata:
[stderr]         creation_time   : 2026-07-12T09:54:07.000000Z
[stderr]         handler_name    : Core Media Metadata
[stderr] Stream mapping:
[stderr]   Stream #0:0 -> #0:0 (hevc (native) -> h264 (libx264))
[stderr]   Stream #0:1 -> #0:1 (aac (native) -> aac (native))
[stderr] Press [q] to stop, [?] for help
[stderr] [libx264 @ 0x142f05c20] using cpu capabilities: ARMv8 NEON
[stderr] [libx264 @ 0x142f05c20] profile High, level 3.0, 4:2:0, 8-bit
[stderr] [libx264 @ 0x142f05c20] 264 - core 164 r3108 31e19f9 - H.264/MPEG-4 AVC codec - Copyleft 2003-2023 - http://www.videolan.org/x264.html - options: cabac=1 ref=1 deblock=1:0:0 analyse=0x3:0x113 me=hex subme=2 psy=1 psy_rd=1.00:0.00 mixed_ref=0 me_range=16 chroma_me=1 trellis=0 8x8dct=1 cqm=0 deadzone=21,11 fast_pskip=1 chroma_qp_offset=0 threads=15 lookahead_threads=3 sliced_threads=0 nr=0 decimate=1 interlaced=0 bluray_compat=0 constrained_intra=0 bframes=3 b_pyramid=2 b_adapt=1 b_bias=0 direct=1 weightb=1 open_gop=0 weightp=1 keyint=250 keyint_min=25 scenecut=40 intra_refresh=0 rc_lookahead=10 rc=crf mbtree=1 crf=18.0 qcomp=0.60 qpmin=0 qpmax=69 qpstep=4 ip_ratio=1.40 aq=1:1.00
[stderr] Output #0, mp4, to '/Users/johndoe/Documents/company/video_ops/scripts/abstract_algebra_in_proof_assistant/04-set-equality/takes/take-mrhmharr/pipeline/cut/cut-mrhvutes/chunks/chunk-006.mp4':
[stderr]   Metadata:
[stderr]     major_brand     : qt  
[stderr]     minor_version   : 0
[stderr]     compatible_brands: qt  
[stderr]     encoder         : Lavf61.7.100
[stderr]   Stream #0:0(und): Video: h264 (avc1 / 0x31637661), yuv420p(tv, smpte170m/bt709/bt709, progressive), 640x480, q=2-31, 29.83 fps, 11456 tbn (default)
[stderr]       Metadata:
[stderr]         creation_time   : 2026-07-12T09:54:07.000000Z
[stderr]         handler_name    : Core Media Video
[stderr]         vendor_id       : [0][0][0][0]
[stderr]         encoder         : Lavc61.19.100 libx264
[stderr]       Side data:
[stderr]         cpb: bitrate max/min/avg: 0/0/0 buffer size: 0 vbv_delay: N/A
[stderr]   Stream #0:1(und): Audio: aac (LC) (mp4a / 0x6134706D), 48000 Hz, mono, fltp, 69 kb/s (default)
[stderr]       Metadata:
[stderr]         creation_time   : 2026-07-12T09:54:07.000000Z
[stderr]         handler_name    : Core Media Audio
[stderr]         vendor_id       : [0][0][0][0]
[stderr]         encoder         : Lavc61.19.100 aac
[stderr] frame=  108 fps= 71 q=24.0 size=    3072KiB time=00:00:03.55 bitrate=7082.9kbits/s speed=2.35x    
[stderr] frame=  553 fps=274 q=24.0 size=   14080KiB time=00:00:18.43 bitrate=6256.5kbits/s dup=0 drop=2 speed=9.13x    
[stderr] [out#0/mp4 @ 0x142f04c60] video:16141KiB audio:195KiB subtitle:0KiB other streams:0KiB global headers:0KiB muxing overhead: 0.155406%
[stderr] frame=  683 fps=318 q=-1.0 Lsize=   16361KiB time=00:00:22.82 bitrate=5871.6kbits/s dup=0 drop=2 speed=10.6x    
[stderr] [libx264 @ 0x142f05c20] frame I:4     Avg QP:19.37  size: 51726
[stderr] [libx264 @ 0x142f05c20] frame P:260   Avg QP:21.30  size: 36486
[stderr] [libx264 @ 0x142f05c20] frame B:419   Avg QP:25.22  size: 16311
[stderr] [libx264 @ 0x142f05c20] consecutive B-frames: 11.4% 16.7% 11.0% 60.9%
[stderr] [libx264 @ 0x142f05c20] mb I  I16..4: 11.8%  7.8% 80.4%
[stderr] [libx264 @ 0x142f05c20] mb P  I16..4:  9.4%  4.8% 13.4%  P16..4: 19.5% 18.6% 28.1%  0.0%  0.0%    skip: 6.2%
[stderr] [libx264 @ 0x142f05c20] mb B  I16..4:  1.5%  0.6%  1.2%  B16..8: 28.4% 17.0% 11.2%  direct:16.2%  skip:23.8%  L0:27.0% L1:29.8% BI:43.2%
[stderr] [libx264 @ 0x142f05c20] 8x8 transform intra:17.1% inter:34.7%
[stderr] [libx264 @ 0x142f05c20] coded y,uvDC,uvAC intra: 63.2% 55.2% 29.1% inter: 54.0% 24.2% 2.8%
[stderr] [libx264 @ 0x142f05c20] i16 v,h,dc,p: 82%  8%  7%  3%
[stderr] [libx264 @ 0x142f05c20] i8 v,h,dc,ddl,ddr,vr,hd,vl,hu: 28% 16% 19%  2%  7%  8%  6%  7%  6%
[stderr] [libx264 @ 0x142f05c20] i4 v,h,dc,ddl,ddr,vr,hd,vl,hu: 17% 17% 14%  4% 14%  9%  9%  7% 10%
[stderr] [libx264 @ 0x142f05c20] i8c dc,h,v,p: 62% 15% 16%  7%
[stderr] [libx264 @ 0x142f05c20] Weighted P-Frames: Y:17.3% UV:2.7%
[stderr] [libx264 @ 0x142f05c20] kb/s:5775.36
[stderr] [aac @ 0x142f6afe0] Qavg: 187.401
[stderr] ffmpeg version 7.1 Copyright (c) 2000-2024 the FFmpeg developers
[stderr]   built with Apple clang version 15.0.0 (clang-1500.1.0.2.5)
[stderr]   configuration: --prefix=/opt/homebrew/Cellar/ffmpeg/7.1_3 --enable-shared --enable-pthreads --enable-version3 --cc=clang --host-cflags= --host-ldflags='-Wl,-ld_classic' --enable-ffplay --enable-gnutls --enable-gpl --enable-libaom --enable-libaribb24 --enable-libbluray --enable-libdav1d --enable-libharfbuzz --enable-libjxl --enable-libmp3lame --enable-libopus --enable-librav1e --enable-librist --enable-librubberband --enable-libsnappy --enable-libsrt --enable-libssh --enable-libsvtav1 --enable-libtesseract --enable-libtheora --enable-libvidstab --enable-libvmaf --enable-libvorbis --enable-libvpx --enable-libwebp --enable-libx264 --enable-libx265 --enable-libxml2 --enable-libxvid --enable-lzma --enable-libfontconfig --enable-libfreetype --enable-frei0r --enable-libass --enable-libopencore-amrnb --enable-libopencore-amrwb --enable-libopenjpeg --enable-libspeex --enable-libsoxr --enable-libzmq --enable-libzimg --disable-libjack --disable-indev=jack --enable-videotoolbox --enable-audiotoolbox --enable-neon
[stderr]   libavutil      59. 39.100 / 59. 39.100
[stderr]   libavcodec     61. 19.100 / 61. 19.100
[stderr]   libavformat    61.  7.100 / 61.  7.100
[stderr]   libavdevice    61.  3.100 / 61.  3.100
[stderr]   libavfilter    10.  4.100 / 10.  4.100
[stderr]   libswscale      8.  3.100 /  8.  3.100
[stderr]   libswresample   5.  3.100 /  5.  3.100
[stderr]   libpostproc    58.  3.100 / 58.  3.100
[stderr] Input #0, mov,mp4,m4a,3gp,3g2,mj2, from '/Users/johndoe/Documents/company/video_ops/scripts/abstract_algebra_in_proof_assistant/04-set-equality/takes/take-mrhmharr/source.mp4':
[stderr]   Metadata:
[stderr]     major_brand     : qt  
[stderr]     minor_version   : 0
[stderr]     compatible_brands: qt  
[stderr]     creation_time   : 2026-07-12T09:54:07.000000Z
[stderr]   Duration: 00:06:08.94, start: 0.000000, bitrate: 2946 kb/s
[stderr]   Stream #0:0[0x1](und): Video: hevc (Main) (hvc1 / 0x31637668), yuv420p(tv, smpte170m/bt709/bt709), 640x480, 2834 kb/s, 29.95 fps, 29.83 tbr, 600 tbn (default)
[stderr]       Metadata:
[stderr]         creation_time   : 2026-07-12T09:54:07.000000Z
[stderr]         handler_name    : Core Media Video
[stderr]         vendor_id       : [0][0][0][0]
[stderr]         encoder         : HEVC
[stderr]       Side data:
[stderr]         displaymatrix: rotation of -180.00 degrees
[stderr]   Stream #0:1[0x2](und): Audio: aac (LC) (mp4a / 0x6134706D), 48000 Hz, mono, fltp, 100 kb/s (default)
[stderr]       Metadata:
[stderr]         creation_time   : 2026-07-12T09:54:07.000000Z
[stderr]         handler_name    : Core Media Audio
[stderr]         vendor_id       : [0][0][0][0]
[stderr]   Stream #0:2[0x3](und): Data: none (mebx / 0x7862656D) (default)
[stderr]       Metadata:
[stderr]         creation_time   : 2026-07-12T09:54:07.000000Z
[stderr]         handler_name    : Core Media Metadata
[stderr] Stream mapping:
[stderr]   Stream #0:0 -> #0:0 (hevc (native) -> h264 (libx264))
[stderr]   Stream #0:1 -> #0:1 (aac (native) -> aac (native))
[stderr] Press [q] to stop, [?] for help
[stderr] [libx264 @ 0x132e056e0] using cpu capabilities: ARMv8 NEON
[stderr] [libx264 @ 0x132e056e0] profile High, level 3.0, 4:2:0, 8-bit
[stderr] [libx264 @ 0x132e056e0] 264 - core 164 r3108 31e19f9 - H.264/MPEG-4 AVC codec - Copyleft 2003-2023 - http://www.videolan.org/x264.html - options: cabac=1 ref=1 deblock=1:0:0 analyse=0x3:0x113 me=hex subme=2 psy=1 psy_rd=1.00:0.00 mixed_ref=0 me_range=16 chroma_me=1 trellis=0 8x8dct=1 cqm=0 deadzone=21,11 fast_pskip=1 chroma_qp_offset=0 threads=15 lookahead_threads=3 sliced_threads=0 nr=0 decimate=1 interlaced=0 bluray_compat=0 constrained_intra=0 bframes=3 b_pyramid=2 b_adapt=1 b_bias=0 direct=1 weightb=1 open_gop=0 weightp=1 keyint=250 keyint_min=25 scenecut=40 intra_refresh=0 rc_lookahead=10 rc=crf mbtree=1 crf=18.0 qcomp=0.60 qpmin=0 qpmax=69 qpstep=4 ip_ratio=1.40 aq=1:1.00
[stderr] Output #0, mp4, to '/Users/johndoe/Documents/company/video_ops/scripts/abstract_algebra_in_proof_assistant/04-set-equality/takes/take-mrhmharr/pipeline/cut/cut-mrhvutes/chunks/chunk-007.mp4':
[stderr]   Metadata:
[stderr]     major_brand     : qt  
[stderr]     minor_version   : 0
[stderr]     compatible_brands: qt  
[stderr]     encoder         : Lavf61.7.100
[stderr]   Stream #0:0(und): Video: h264 (avc1 / 0x31637661), yuv420p(tv, smpte170m/bt709/bt709, progressive), 640x480, q=2-31, 29.83 fps, 11456 tbn (default)
[stderr]       Metadata:
[stderr]         creation_time   : 2026-07-12T09:54:07.000000Z
[stderr]         handler_name    : Core Media Video
[stderr]         vendor_id       : [0][0][0][0]
[stderr]         encoder         : Lavc61.19.100 libx264
[stderr]       Side data:
[stderr]         cpb: bitrate max/min/avg: 0/0/0 buffer size: 0 vbv_delay: N/A
[stderr]   Stream #0:1(und): Audio: aac (LC) (mp4a / 0x6134706D), 48000 Hz, mono, fltp, 69 kb/s (default)
[stderr]       Metadata:
[stderr]         creation_time   : 2026-07-12T09:54:07.000000Z
[stderr]         handler_name    : Core Media Audio
[stderr]         vendor_id       : [0][0][0][0]
[stderr]         encoder         : Lavc61.19.100 aac
[stderr] frame=  304 fps=151 q=24.0 size=    6912KiB time=00:00:10.12 bitrate=5593.6kbits/s speed=5.02x    
[stderr] [out#0/mp4 @ 0x132e04740] video:15137KiB audio:179KiB subtitle:0KiB other streams:0KiB global headers:0KiB muxing overhead: 0.153762%
[stderr] frame=  623 fps=263 q=-1.0 Lsize=   15340KiB time=00:00:20.78 bitrate=6046.8kbits/s speed=8.77x    
[stderr] [libx264 @ 0x132e056e0] frame I:5     Avg QP:19.85  size: 53526
[stderr] [libx264 @ 0x132e056e0] frame P:178   Avg QP:22.19  size: 40674
[stderr] [libx264 @ 0x132e056e0] frame B:440   Avg QP:24.99  size: 18165
[stderr] [libx264 @ 0x132e056e0] consecutive B-frames:  3.4%  5.8%  4.8% 86.0%
[stderr] [libx264 @ 0x132e056e0] mb I  I16..4: 10.4%  8.8% 80.8%
[stderr] [libx264 @ 0x132e056e0] mb P  I16..4:  5.8%  6.4% 22.4%  P16..4: 16.1% 17.6% 29.6%  0.0%  0.0%    skip: 2.0%
[stderr] [libx264 @ 0x132e056e0] mb B  I16..4:  1.3%  0.6%  1.0%  B16..8: 28.8% 17.6% 14.8%  direct:16.4%  skip:19.5%  L0:27.3% L1:31.5% BI:41.2%
[stderr] [libx264 @ 0x132e056e0] 8x8 transform intra:18.2% inter:31.1%
[stderr] [libx264 @ 0x132e056e0] coded y,uvDC,uvAC intra: 77.3% 67.1% 37.6% inter: 53.7% 27.6% 3.9%
[stderr] [libx264 @ 0x132e056e0] i16 v,h,dc,p: 77% 13%  6%  3%
[stderr] [libx264 @ 0x132e056e0] i8 v,h,dc,ddl,ddr,vr,hd,vl,hu: 24% 16% 17%  3% 11%  9%  8%  6%  7%
[stderr] [libx264 @ 0x132e056e0] i4 v,h,dc,ddl,ddr,vr,hd,vl,hu: 16% 17% 15%  4% 13%  8%  9%  7% 10%
[stderr] [libx264 @ 0x132e056e0] i8c dc,h,v,p: 57% 17% 18%  8%
[stderr] [libx264 @ 0x132e056e0] Weighted P-Frames: Y:18.5% UV:3.4%
[stderr] [libx264 @ 0x132e056e0] kb/s:5937.95
[stderr] [aac @ 0x132e6c4b0] Qavg: 196.557
[stderr] ffmpeg version 7.1 Copyright (c) 2000-2024 the FFmpeg developers
[stderr]   built with Apple clang version 15.0.0 (clang-1500.1.0.2.5)
[stderr]   configuration: --prefix=/opt/homebrew/Cellar/ffmpeg/7.1_3 --enable-shared --enable-pthreads --enable-version3 --cc=clang --host-cflags= --host-ldflags='-Wl,-ld_classic' --enable-ffplay --enable-gnutls --enable-gpl --enable-libaom --enable-libaribb24 --enable-libbluray --enable-libdav1d --enable-libharfbuzz --enable-libjxl --enable-libmp3lame --enable-libopus --enable-librav1e --enable-librist --enable-librubberband --enable-libsnappy --enable-libsrt --enable-libssh --enable-libsvtav1 --enable-libtesseract --enable-libtheora --enable-libvidstab --enable-libvmaf --enable-libvorbis --enable-libvpx --enable-libwebp --enable-libx264 --enable-libx265 --enable-libxml2 --enable-libxvid --enable-lzma --enable-libfontconfig --enable-libfreetype --enable-frei0r --enable-libass --enable-libopencore-amrnb --enable-libopencore-amrwb --enable-libopenjpeg --enable-libspeex --enable-libsoxr --enable-libzmq --enable-libzimg --disable-libjack --disable-indev=jack --enable-videotoolbox --enable-audiotoolbox --enable-neon
[stderr]   libavutil      59. 39.100 / 59. 39.100
[stderr]   libavcodec     61. 19.100 / 61. 19.100
[stderr]   libavformat    61.  7.100 / 61.  7.100
[stderr]   libavdevice    61.  3.100 / 61.  3.100
[stderr]   libavfilter    10.  4.100 / 10.  4.100
[stderr]   libswscale      8.  3.100 /  8.  3.100
[stderr]   libswresample   5.  3.100 /  5.  3.100
[stderr]   libpostproc    58.  3.100 / 58.  3.100
[stderr] Input #0, mov,mp4,m4a,3gp,3g2,mj2, from '/Users/johndoe/Documents/company/video_ops/scripts/abstract_algebra_in_proof_assistant/04-set-equality/takes/take-mrhmharr/source.mp4':
[stderr]   Metadata:
[stderr]     major_brand     : qt  
[stderr]     minor_version   : 0
[stderr]     compatible_brands: qt  
[stderr]     creation_time   : 2026-07-12T09:54:07.000000Z
[stderr]   Duration: 00:06:08.94, start: 0.000000, bitrate: 2946 kb/s
[stderr]   Stream #0:0[0x1](und): Video: hevc (Main) (hvc1 / 0x31637668), yuv420p(tv, smpte170m/bt709/bt709), 640x480, 2834 kb/s, 29.95 fps, 29.83 tbr, 600 tbn (default)
[stderr]       Metadata:
[stderr]         creation_time   : 2026-07-12T09:54:07.000000Z
[stderr]         handler_name    : Core Media Video
[stderr]         vendor_id       : [0][0][0][0]
[stderr]         encoder         : HEVC
[stderr]       Side data:
[stderr]         displaymatrix: rotation of -180.00 degrees
[stderr]   Stream #0:1[0x2](und): Audio: aac (LC) (mp4a / 0x6134706D), 48000 Hz, mono, fltp, 100 kb/s (default)
[stderr]       Metadata:
[stderr]         creation_time   : 2026-07-12T09:54:07.000000Z
[stderr]         handler_name    : Core Media Audio
[stderr]         vendor_id       : [0][0][0][0]
[stderr]   Stream #0:2[0x3](und): Data: none (mebx / 0x7862656D) (default)
[stderr]       Metadata:
[stderr]         creation_time   : 2026-07-12T09:54:07.000000Z
[stderr]         handler_name    : Core Media Metadata
[stderr] Stream mapping:
[stderr]   Stream #0:0 -> #0:0 (hevc (native) -> h264 (libx264))
[stderr]   Stream #0:1 -> #0:1 (aac (native) -> aac (native))
[stderr] Press [q] to stop, [?] for help
[stderr] [libx264 @ 0x1426056e0] using cpu capabilities: ARMv8 NEON
[stderr] [libx264 @ 0x1426056e0] profile High, level 3.0, 4:2:0, 8-bit
[stderr] [libx264 @ 0x1426056e0] 264 - core 164 r3108 31e19f9 - H.264/MPEG-4 AVC codec - Copyleft 2003-2023 - http://www.videolan.org/x264.html - options: cabac=1 ref=1 deblock=1:0:0 analyse=0x3:0x113 me=hex subme=2 psy=1 psy_rd=1.00:0.00 mixed_ref=0 me_range=16 chroma_me=1 trellis=0 8x8dct=1 cqm=0 deadzone=21,11 fast_pskip=1 chroma_qp_offset=0 threads=15 lookahead_threads=3 sliced_threads=0 nr=0 decimate=1 interlaced=0 bluray_compat=0 constrained_intra=0 bframes=3 b_pyramid=2 b_adapt=1 b_bias=0 direct=1 weightb=1 open_gop=0 weightp=1 keyint=250 keyint_min=25 scenecut=40 intra_refresh=0 rc_lookahead=10 rc=crf mbtree=1 crf=18.0 qcomp=0.60 qpmin=0 qpmax=69 qpstep=4 ip_ratio=1.40 aq=1:1.00
[stderr] Output #0, mp4, to '/Users/johndoe/Documents/company/video_ops/scripts/abstract_algebra_in_proof_assistant/04-set-equality/takes/take-mrhmharr/pipeline/cut/cut-mrhvutes/chunks/chunk-008.mp4':
[stderr]   Metadata:
[stderr]     major_brand     : qt  
[stderr]     minor_version   : 0
[stderr]     compatible_brands: qt  
[stderr]     encoder         : Lavf61.7.100
[stderr]   Stream #0:0(und): Video: h264 (avc1 / 0x31637661), yuv420p(tv, smpte170m/bt709/bt709, progressive), 640x480, q=2-31, 29.83 fps, 11456 tbn (default)
[stderr]       Metadata:
[stderr]         creation_time   : 2026-07-12T09:54:07.000000Z
[stderr]         handler_name    : Core Media Video
[stderr]         vendor_id       : [0][0][0][0]
[stderr]         encoder         : Lavc61.19.100 libx264
[stderr]       Side data:
[stderr]         cpb: bitrate max/min/avg: 0/0/0 buffer size: 0 vbv_delay: N/A
[stderr]   Stream #0:1(und): Audio: aac (LC) (mp4a / 0x6134706D), 48000 Hz, mono, fltp, 69 kb/s (default)
[stderr]       Metadata:
[stderr]         creation_time   : 2026-07-12T09:54:07.000000Z
[stderr]         handler_name    : Core Media Audio
[stderr]         vendor_id       : [0][0][0][0]
[stderr]         encoder         : Lavc61.19.100 aac
[stderr] frame=   73 fps= 36 q=24.0 size=    2048KiB time=00:00:02.37 bitrate=7049.7kbits/s speed=1.18x    
[stderr] [out#0/mp4 @ 0x142604740] video:12475KiB audio:136KiB subtitle:0KiB other streams:0KiB global headers:0KiB muxing overhead: 0.143694%
[stderr] frame=  475 fps=192 q=-1.0 Lsize=   12629KiB time=00:00:15.85 bitrate=6525.3kbits/s speed=6.39x    
[stderr] [libx264 @ 0x1426056e0] frame I:4     Avg QP:21.31  size: 50829
[stderr] [libx264 @ 0x1426056e0] frame P:159   Avg QP:23.05  size: 39489
[stderr] [libx264 @ 0x1426056e0] frame B:312   Avg QP:25.42  size: 20166
[stderr] [libx264 @ 0x1426056e0] consecutive B-frames:  8.0% 10.5%  8.2% 73.3%
[stderr] [libx264 @ 0x1426056e0] mb I  I16..4:  4.5% 12.7% 82.8%
[stderr] [libx264 @ 0x1426056e0] mb P  I16..4:  3.2%  8.8% 29.1%  P16..4: 15.7% 17.0% 25.4%  0.0%  0.0%    skip: 0.9%
[stderr] [libx264 @ 0x1426056e0] mb B  I16..4:  0.9%  2.2%  3.9%  B16..8: 28.6% 20.4% 14.7%  direct:16.9%  skip:12.4%  L0:29.8% L1:31.8% BI:38.4%
[stderr] [libx264 @ 0x1426056e0] 8x8 transform intra:23.4% inter:36.1%
[stderr] [libx264 @ 0x1426056e0] coded y,uvDC,uvAC intra: 88.9% 78.9% 43.8% inter: 61.6% 34.8% 4.8%
[stderr] [libx264 @ 0x1426056e0] i16 v,h,dc,p: 61% 12% 18%  9%
[stderr] [libx264 @ 0x1426056e0] i8 v,h,dc,ddl,ddr,vr,hd,vl,hu: 24% 17% 15%  3%  8%  9%  7%  8%  9%
[stderr] [libx264 @ 0x1426056e0] i4 v,h,dc,ddl,ddr,vr,hd,vl,hu: 15% 18% 13%  4% 14%  9% 10%  7% 10%
[stderr] [libx264 @ 0x1426056e0] i8c dc,h,v,p: 48% 21% 20% 11%
[stderr] [libx264 @ 0x1426056e0] Weighted P-Frames: Y:18.9% UV:6.3%
[stderr] [libx264 @ 0x1426056e0] kb/s:6418.34
[stderr] [aac @ 0x14266c4b0] Qavg: 264.719
[stderr] ffmpeg version 7.1 Copyright (c) 2000-2024 the FFmpeg developers
[stderr]   built with Apple clang version 15.0.0 (clang-1500.1.0.2.5)
[stderr]   configuration: --prefix=/opt/homebrew/Cellar/ffmpeg/7.1_3 --enable-shared --enable-pthreads --enable-version3 --cc=clang --host-cflags= --host-ldflags='-Wl,-ld_classic' --enable-ffplay --enable-gnutls --enable-gpl --enable-libaom --enable-libaribb24 --enable-libbluray --enable-libdav1d --enable-libharfbuzz --enable-libjxl --enable-libmp3lame --enable-libopus --enable-librav1e --enable-librist --enable-librubberband --enable-libsnappy --enable-libsrt --enable-libssh --enable-libsvtav1 --enable-libtesseract --enable-libtheora --enable-libvidstab --enable-libvmaf --enable-libvorbis --enable-libvpx --enable-libwebp --enable-libx264 --enable-libx265 --enable-libxml2 --enable-libxvid --enable-lzma --enable-libfontconfig --enable-libfreetype --enable-frei0r --enable-libass --enable-libopencore-amrnb --enable-libopencore-amrwb --enable-libopenjpeg --enable-libspeex --enable-libsoxr --enable-libzmq --enable-libzimg --disable-libjack --disable-indev=jack --enable-videotoolbox --enable-audiotoolbox --enable-neon
[stderr]   libavutil      59. 39.100 / 59. 39.100
[stderr]   libavcodec     61. 19.100 / 61. 19.100
[stderr]   libavformat    61.  7.100 / 61.  7.100
[stderr]   libavdevice    61.  3.100 / 61.  3.100
[stderr]   libavfilter    10.  4.100 / 10.  4.100
[stderr]   libswscale      8.  3.100 /  8.  3.100
[stderr]   libswresample   5.  3.100 /  5.  3.100
[stderr]   libpostproc    58.  3.100 / 58.  3.100
[stderr] Input #0, mov,mp4,m4a,3gp,3g2,mj2, from '/Users/johndoe/Documents/company/video_ops/scripts/abstract_algebra_in_proof_assistant/04-set-equality/takes/take-mrhmharr/source.mp4':
[stderr]   Metadata:
[stderr]     major_brand     : qt  
[stderr]     minor_version   : 0
[stderr]     compatible_brands: qt  
[stderr]     creation_time   : 2026-07-12T09:54:07.000000Z
[stderr]   Duration: 00:06:08.94, start: 0.000000, bitrate: 2946 kb/s
[stderr]   Stream #0:0[0x1](und): Video: hevc (Main) (hvc1 / 0x31637668), yuv420p(tv, smpte170m/bt709/bt709), 640x480, 2834 kb/s, 29.95 fps, 29.83 tbr, 600 tbn (default)
[stderr]       Metadata:
[stderr]         creation_time   : 2026-07-12T09:54:07.000000Z
[stderr]         handler_name    : Core Media Video
[stderr]         vendor_id       : [0][0][0][0]
[stderr]         encoder         : HEVC
[stderr]       Side data:
[stderr]         displaymatrix: rotation of -180.00 degrees
[stderr]   Stream #0:1[0x2](und): Audio: aac (LC) (mp4a / 0x6134706D), 48000 Hz, mono, fltp, 100 kb/s (default)
[stderr]       Metadata:
[stderr]         creation_time   : 2026-07-12T09:54:07.000000Z
[stderr]         handler_name    : Core Media Audio
[stderr]         vendor_id       : [0][0][0][0]
[stderr]   Stream #0:2[0x3](und): Data: none (mebx / 0x7862656D) (default)
[stderr]       Metadata:
[stderr]         creation_time   : 2026-07-12T09:54:07.000000Z
[stderr]         handler_name    : Core Media Metadata
[stderr] Stream mapping:
[stderr]   Stream #0:0 -> #0:0 (hevc (native) -> h264 (libx264))
[stderr]   Stream #0:1 -> #0:1 (aac (native) -> aac (native))
[stderr] Press [q] to stop, [?] for help
[stderr] [libx264 @ 0x13590e990] using cpu capabilities: ARMv8 NEON
[stderr] [libx264 @ 0x13590e990] profile High, level 3.0, 4:2:0, 8-bit
[stderr] [libx264 @ 0x13590e990] 264 - core 164 r3108 31e19f9 - H.264/MPEG-4 AVC codec - Copyleft 2003-2023 - http://www.videolan.org/x264.html - options: cabac=1 ref=1 deblock=1:0:0 analyse=0x3:0x113 me=hex subme=2 psy=1 psy_rd=1.00:0.00 mixed_ref=0 me_range=16 chroma_me=1 trellis=0 8x8dct=1 cqm=0 deadzone=21,11 fast_pskip=1 chroma_qp_offset=0 threads=15 lookahead_threads=3 sliced_threads=0 nr=0 decimate=1 interlaced=0 bluray_compat=0 constrained_intra=0 bframes=3 b_pyramid=2 b_adapt=1 b_bias=0 direct=1 weightb=1 open_gop=0 weightp=1 keyint=250 keyint_min=25 scenecut=40 intra_refresh=0 rc_lookahead=10 rc=crf mbtree=1 crf=18.0 qcomp=0.60 qpmin=0 qpmax=69 qpstep=4 ip_ratio=1.40 aq=1:1.00
[stderr] Output #0, mp4, to '/Users/johndoe/Documents/company/video_ops/scripts/abstract_algebra_in_proof_assistant/04-set-equality/takes/take-mrhmharr/pipeline/cut/cut-mrhvutes/chunks/chunk-009.mp4':
[stderr]   Metadata:
[stderr]     major_brand     : qt  
[stderr]     minor_version   : 0
[stderr]     compatible_brands: qt  
[stderr]     encoder         : Lavf61.7.100
[stderr]   Stream #0:0(und): Video: h264 (avc1 / 0x31637661), yuv420p(tv, smpte170m/bt709/bt709, progressive), 640x480, q=2-31, 29.83 fps, 11456 tbn (default)
[stderr]       Metadata:
[stderr]         creation_time   : 2026-07-12T09:54:07.000000Z
[stderr]         handler_name    : Core Media Video
[stderr]         vendor_id       : [0][0][0][0]
[stderr]         encoder         : Lavc61.19.100 libx264
[stderr]       Side data:
[stderr]         cpb: bitrate max/min/avg: 0/0/0 buffer size: 0 vbv_delay: N/A
[stderr]   Stream #0:1(und): Audio: aac (LC) (mp4a / 0x6134706D), 48000 Hz, mono, fltp, 69 kb/s (default)
[stderr]       Metadata:
[stderr]         creation_time   : 2026-07-12T09:54:07.000000Z
[stderr]         handler_name    : Core Media Audio
[stderr]         vendor_id       : [0][0][0][0]
[stderr]         encoder         : Lavc61.19.100 aac
[stderr] [out#0/mp4 @ 0x13590dbb0] video:780KiB audio:12KiB subtitle:0KiB other streams:0KiB global headers:0KiB muxing overhead: 0.368765%
[stderr] frame=   42 fps= 19 q=-1.0 Lsize=     795KiB time=00:00:01.37 bitrate=4740.4kbits/s speed=0.615x    
[stderr] [libx264 @ 0x13590e990] frame I:1     Avg QP:19.46  size: 58624
[stderr] [libx264 @ 0x13590e990] frame P:16    Avg QP:20.75  size: 30420
[stderr] [libx264 @ 0x13590e990] frame B:25    Avg QP:24.92  size: 10101
[stderr] [libx264 @ 0x13590e990] consecutive B-frames: 11.9% 23.8%  7.1% 57.1%
[stderr] [libx264 @ 0x13590e990] mb I  I16..4: 16.0%  6.9% 77.1%
[stderr] [libx264 @ 0x13590e990] mb P  I16..4: 12.6%  3.5%  5.2%  P16..4: 23.5% 21.8% 30.5%  0.0%  0.0%    skip: 2.8%
[stderr] [libx264 @ 0x13590e990] mb B  I16..4:  3.1%  0.2%  0.1%  B16..8: 30.6% 17.1%  7.0%  direct:15.3%  skip:26.6%  L0:25.1% L1:33.2% BI:41.7%
[stderr] [libx264 @ 0x13590e990] 8x8 transform intra:12.7% inter:30.0%
[stderr] [libx264 @ 0x13590e990] coded y,uvDC,uvAC intra: 44.9% 42.5% 27.4% inter: 48.1% 20.9% 3.3%
[stderr] [libx264 @ 0x13590e990] i16 v,h,dc,p: 84%  6% 10%  1%
[stderr] [libx264 @ 0x13590e990] i8 v,h,dc,ddl,ddr,vr,hd,vl,hu: 28% 13% 22%  2%  7%  7%  6%  8%  6%
[stderr] [libx264 @ 0x13590e990] i4 v,h,dc,ddl,ddr,vr,hd,vl,hu: 18% 16% 17%  4% 12%  7%  9%  9% 10%
[stderr] [libx264 @ 0x13590e990] i8c dc,h,v,p: 73% 10% 12%  6%
[stderr] [libx264 @ 0x13590e990] Weighted P-Frames: Y:25.0% UV:0.0%
[stderr] [libx264 @ 0x13590e990] kb/s:4533.92
[stderr] [aac @ 0x13596d910] Qavg: 114.335
[stderr] ffmpeg version 7.1 Copyright (c) 2000-2024 the FFmpeg developers
[stderr]   built with Apple clang version 15.0.0 (clang-1500.1.0.2.5)
[stderr]   configuration: --prefix=/opt/homebrew/Cellar/ffmpeg/7.1_3 --enable-shared --enable-pthreads --enable-version3 --cc=clang --host-cflags= --host-ldflags='-Wl,-ld_classic' --enable-ffplay --enable-gnutls --enable-gpl --enable-libaom --enable-libaribb24 --enable-libbluray --enable-libdav1d --enable-libharfbuzz --enable-libjxl --enable-libmp3lame --enable-libopus --enable-librav1e --enable-librist --enable-librubberband --enable-libsnappy --enable-libsrt --enable-libssh --enable-libsvtav1 --enable-libtesseract --enable-libtheora --enable-libvidstab --enable-libvmaf --enable-libvorbis --enable-libvpx --enable-libwebp --enable-libx264 --enable-libx265 --enable-libxml2 --enable-libxvid --enable-lzma --enable-libfontconfig --enable-libfreetype --enable-frei0r --enable-libass --enable-libopencore-amrnb --enable-libopencore-amrwb --enable-libopenjpeg --enable-libspeex --enable-libsoxr --enable-libzmq --enable-libzimg --disable-libjack --disable-indev=jack --enable-videotoolbox --enable-audiotoolbox --enable-neon
[stderr]   libavutil      59. 39.100 / 59. 39.100
[stderr]   libavcodec     61. 19.100 / 61. 19.100
[stderr]   libavformat    61.  7.100 / 61.  7.100
[stderr]   libavdevice    61.  3.100 / 61.  3.100
[stderr]   libavfilter    10.  4.100 / 10.  4.100
[stderr]   libswscale      8.  3.100 /  8.  3.100
[stderr]   libswresample   5.  3.100 /  5.  3.100
[stderr]   libpostproc    58.  3.100 / 58.  3.100
[stderr] Input #0, mov,mp4,m4a,3gp,3g2,mj2, from '/Users/johndoe/Documents/company/video_ops/scripts/abstract_algebra_in_proof_assistant/04-set-equality/takes/take-mrhmharr/source.mp4':
[stderr]   Metadata:
[stderr]     major_brand     : qt  
[stderr]     minor_version   : 0
[stderr]     compatible_brands: qt  
[stderr]     creation_time   : 2026-07-12T09:54:07.000000Z
[stderr]   Duration: 00:06:08.94, start: 0.000000, bitrate: 2946 kb/s
[stderr]   Stream #0:0[0x1](und): Video: hevc (Main) (hvc1 / 0x31637668), yuv420p(tv, smpte170m/bt709/bt709), 640x480, 2834 kb/s, 29.95 fps, 29.83 tbr, 600 tbn (default)
[stderr]       Metadata:
[stderr]         creation_time   : 2026-07-12T09:54:07.000000Z
[stderr]         handler_name    : Core Media Video
[stderr]         vendor_id       : [0][0][0][0]
[stderr]         encoder         : HEVC
[stderr]       Side data:
[stderr]         displaymatrix: rotation of -180.00 degrees
[stderr]   Stream #0:1[0x2](und): Audio: aac (LC) (mp4a / 0x6134706D), 48000 Hz, mono, fltp, 100 kb/s (default)
[stderr]       Metadata:
[stderr]         creation_time   : 2026-07-12T09:54:07.000000Z
[stderr]         handler_name    : Core Media Audio
[stderr]         vendor_id       : [0][0][0][0]
[stderr]   Stream #0:2[0x3](und): Data: none (mebx / 0x7862656D) (default)
[stderr]       Metadata:
[stderr]         creation_time   : 2026-07-12T09:54:07.000000Z
[stderr]         handler_name    : Core Media Metadata
[stderr] Stream mapping:
[stderr]   Stream #0:0 -> #0:0 (hevc (native) -> h264 (libx264))
[stderr]   Stream #0:1 -> #0:1 (aac (native) -> aac (native))
[stderr] Press [q] to stop, [?] for help
[stderr] [libx264 @ 0x1073056e0] using cpu capabilities: ARMv8 NEON
[stderr] [libx264 @ 0x1073056e0] profile High, level 3.0, 4:2:0, 8-bit
[stderr] [libx264 @ 0x1073056e0] 264 - core 164 r3108 31e19f9 - H.264/MPEG-4 AVC codec - Copyleft 2003-2023 - http://www.videolan.org/x264.html - options: cabac=1 ref=1 deblock=1:0:0 analyse=0x3:0x113 me=hex subme=2 psy=1 psy_rd=1.00:0.00 mixed_ref=0 me_range=16 chroma_me=1 trellis=0 8x8dct=1 cqm=0 deadzone=21,11 fast_pskip=1 chroma_qp_offset=0 threads=15 lookahead_threads=3 sliced_threads=0 nr=0 decimate=1 interlaced=0 bluray_compat=0 constrained_intra=0 bframes=3 b_pyramid=2 b_adapt=1 b_bias=0 direct=1 weightb=1 open_gop=0 weightp=1 keyint=250 keyint_min=25 scenecut=40 intra_refresh=0 rc_lookahead=10 rc=crf mbtree=1 crf=18.0 qcomp=0.60 qpmin=0 qpmax=69 qpstep=4 ip_ratio=1.40 aq=1:1.00
[stderr] Output #0, mp4, to '/Users/johndoe/Documents/company/video_ops/scripts/abstract_algebra_in_proof_assistant/04-set-equality/takes/take-mrhmharr/pipeline/cut/cut-mrhvutes/chunks/chunk-010.mp4':
[stderr]   Metadata:
[stderr]     major_brand     : qt  
[stderr]     minor_version   : 0
[stderr]     compatible_brands: qt  
[stderr]     encoder         : Lavf61.7.100
[stderr]   Stream #0:0(und): Video: h264 (avc1 / 0x31637661), yuv420p(tv, smpte170m/bt709/bt709, progressive), 640x480, q=2-31, 29.83 fps, 11456 tbn (default)
[stderr]       Metadata:
[stderr]         creation_time   : 2026-07-12T09:54:07.000000Z
[stderr]         handler_name    : Core Media Video
[stderr]         vendor_id       : [0][0][0][0]
[stderr]         encoder         : Lavc61.19.100 libx264
[stderr]       Side data:
[stderr]         cpb: bitrate max/min/avg: 0/0/0 buffer size: 0 vbv_delay: N/A
[stderr]   Stream #0:1(und): Audio: aac (LC) (mp4a / 0x6134706D), 48000 Hz, mono, fltp, 69 kb/s (default)
[stderr]       Metadata:
[stderr]         creation_time   : 2026-07-12T09:54:07.000000Z
[stderr]         handler_name    : Core Media Audio
[stderr]         vendor_id       : [0][0][0][0]
[stderr]         encoder         : Lavc61.19.100 aac
[stderr] [out#0/mp4 @ 0x107304740] video:4511KiB audio:64KiB subtitle:0KiB other streams:0KiB global headers:0KiB muxing overhead: 0.205730%
[stderr] frame=  226 fps= 94 q=-1.0 Lsize=    4585KiB time=00:00:07.54 bitrate=4980.6kbits/s speed=3.14x    
[stderr] [libx264 @ 0x1073056e0] frame I:1     Avg QP:19.65  size: 57669
[stderr] [libx264 @ 0x1073056e0] frame P:84    Avg QP:20.87  size: 37339
[stderr] [libx264 @ 0x1073056e0] frame B:141   Avg QP:25.18  size: 10105
[stderr] [libx264 @ 0x1073056e0] consecutive B-frames:  4.9% 31.0% 14.6% 49.6%
[stderr] [libx264 @ 0x1073056e0] mb I  I16..4: 19.6%  6.3% 74.1%
[stderr] [libx264 @ 0x1073056e0] mb P  I16..4:  8.7%  2.3%  3.4%  P16..4: 25.0% 22.5% 34.4%  0.0%  0.0%    skip: 3.7%
[stderr] [libx264 @ 0x1073056e0] mb B  I16..4:  2.0%  0.2%  0.0%  B16..8: 30.7% 16.4%  7.7%  direct:14.2%  skip:28.7%  L0:22.6% L1:33.0% BI:44.4%
[stderr] [libx264 @ 0x1073056e0] 8x8 transform intra:14.0% inter:25.9%
[stderr] [libx264 @ 0x1073056e0] coded y,uvDC,uvAC intra: 38.4% 35.4% 21.2% inter: 46.5% 19.8% 3.2%
[stderr] [libx264 @ 0x1073056e0] i16 v,h,dc,p: 81% 11%  7%  1%
[stderr] [libx264 @ 0x1073056e0] i8 v,h,dc,ddl,ddr,vr,hd,vl,hu: 25% 13% 27%  2%  9%  7%  7%  5%  5%
[stderr] [libx264 @ 0x1073056e0] i4 v,h,dc,ddl,ddr,vr,hd,vl,hu: 17% 16% 19%  4% 12%  8%  9%  7% 10%
[stderr] [libx264 @ 0x1073056e0] i8c dc,h,v,p: 76%  9% 12%  4%
[stderr] [libx264 @ 0x1073056e0] Weighted P-Frames: Y:14.3% UV:1.2%
[stderr] [libx264 @ 0x1073056e0] kb/s:4877.93
[stderr] [aac @ 0x10736c4b0] Qavg: 335.616
[stderr] ffmpeg version 7.1 Copyright (c) 2000-2024 the FFmpeg developers
[stderr]   built with Apple clang version 15.0.0 (clang-1500.1.0.2.5)
[stderr]   configuration: --prefix=/opt/homebrew/Cellar/ffmpeg/7.1_3 --enable-shared --enable-pthreads --enable-version3 --cc=clang --host-cflags= --host-ldflags='-Wl,-ld_classic' --enable-ffplay --enable-gnutls --enable-gpl --enable-libaom --enable-libaribb24 --enable-libbluray --enable-libdav1d --enable-libharfbuzz --enable-libjxl --enable-libmp3lame --enable-libopus --enable-librav1e --enable-librist --enable-librubberband --enable-libsnappy --enable-libsrt --enable-libssh --enable-libsvtav1 --enable-libtesseract --enable-libtheora --enable-libvidstab --enable-libvmaf --enable-libvorbis --enable-libvpx --enable-libwebp --enable-libx264 --enable-libx265 --enable-libxml2 --enable-libxvid --enable-lzma --enable-libfontconfig --enable-libfreetype --enable-frei0r --enable-libass --enable-libopencore-amrnb --enable-libopencore-amrwb --enable-libopenjpeg --enable-libspeex --enable-libsoxr --enable-libzmq --enable-libzimg --disable-libjack --disable-indev=jack --enable-videotoolbox --enable-audiotoolbox --enable-neon
[stderr]   libavutil      59. 39.100 / 59. 39.100
[stderr]   libavcodec     61. 19.100 / 61. 19.100
[stderr]   libavformat    61.  7.100 / 61.  7.100
[stderr]   libavdevice    61.  3.100 / 61.  3.100
[stderr]   libavfilter    10.  4.100 / 10.  4.100
[stderr]   libswscale      8.  3.100 /  8.  3.100
[stderr]   libswresample   5.  3.100 /  5.  3.100
[stderr]   libpostproc    58.  3.100 / 58.  3.100
[stderr] Input #0, mov,mp4,m4a,3gp,3g2,mj2, from '/Users/johndoe/Documents/company/video_ops/scripts/abstract_algebra_in_proof_assistant/04-set-equality/takes/take-mrhmharr/source.mp4':
[stderr]   Metadata:
[stderr]     major_brand     : qt  
[stderr]     minor_version   : 0
[stderr]     compatible_brands: qt  
[stderr]     creation_time   : 2026-07-12T09:54:07.000000Z
[stderr]   Duration: 00:06:08.94, start: 0.000000, bitrate: 2946 kb/s
[stderr]   Stream #0:0[0x1](und): Video: hevc (Main) (hvc1 / 0x31637668), yuv420p(tv, smpte170m/bt709/bt709), 640x480, 2834 kb/s, 29.95 fps, 29.83 tbr, 600 tbn (default)
[stderr]       Metadata:
[stderr]         creation_time   : 2026-07-12T09:54:07.000000Z
[stderr]         handler_name    : Core Media Video
[stderr]         vendor_id       : [0][0][0][0]
[stderr]         encoder         : HEVC
[stderr]       Side data:
[stderr]         displaymatrix: rotation of -180.00 degrees
[stderr]   Stream #0:1[0x2](und): Audio: aac (LC) (mp4a / 0x6134706D), 48000 Hz, mono, fltp, 100 kb/s (default)
[stderr]       Metadata:
[stderr]         creation_time   : 2026-07-12T09:54:07.000000Z
[stderr]         handler_name    : Core Media Audio
[stderr]         vendor_id       : [0][0][0][0]
[stderr]   Stream #0:2[0x3](und): Data: none (mebx / 0x7862656D) (default)
[stderr]       Metadata:
[stderr]         creation_time   : 2026-07-12T09:54:07.000000Z
[stderr]         handler_name    : Core Media Metadata
[stderr] Stream mapping:
[stderr]   Stream #0:0 -> #0:0 (hevc (native) -> h264 (libx264))
[stderr]   Stream #0:1 -> #0:1 (aac (native) -> aac (native))
[stderr] Press [q] to stop, [?] for help
[stderr] [libx264 @ 0x120f102d0] using cpu capabilities: ARMv8 NEON
[stderr] [libx264 @ 0x120f102d0] profile High, level 3.0, 4:2:0, 8-bit
[stderr] [libx264 @ 0x120f102d0] 264 - core 164 r3108 31e19f9 - H.264/MPEG-4 AVC codec - Copyleft 2003-2023 - http://www.videolan.org/x264.html - options: cabac=1 ref=1 deblock=1:0:0 analyse=0x3:0x113 me=hex subme=2 psy=1 psy_rd=1.00:0.00 mixed_ref=0 me_range=16 chroma_me=1 trellis=0 8x8dct=1 cqm=0 deadzone=21,11 fast_pskip=1 chroma_qp_offset=0 threads=15 lookahead_threads=3 sliced_threads=0 nr=0 decimate=1 interlaced=0 bluray_compat=0 constrained_intra=0 bframes=3 b_pyramid=2 b_adapt=1 b_bias=0 direct=1 weightb=1 open_gop=0 weightp=1 keyint=250 keyint_min=25 scenecut=40 intra_refresh=0 rc_lookahead=10 rc=crf mbtree=1 crf=18.0 qcomp=0.60 qpmin=0 qpmax=69 qpstep=4 ip_ratio=1.40 aq=1:1.00
[stderr] Output #0, mp4, to '/Users/johndoe/Documents/company/video_ops/scripts/abstract_algebra_in_proof_assistant/04-set-equality/takes/take-mrhmharr/pipeline/cut/cut-mrhvutes/chunks/chunk-011.mp4':
[stderr]   Metadata:
[stderr]     major_brand     : qt  
[stderr]     minor_version   : 0
[stderr]     compatible_brands: qt  
[stderr]     encoder         : Lavf61.7.100
[stderr]   Stream #0:0(und): Video: h264 (avc1 / 0x31637661), yuv420p(tv, smpte170m/bt709/bt709, progressive), 640x480, q=2-31, 29.83 fps, 11456 tbn (default)
[stderr]       Metadata:
[stderr]         creation_time   : 2026-07-12T09:54:07.000000Z
[stderr]         handler_name    : Core Media Video
[stderr]         vendor_id       : [0][0][0][0]
[stderr]         encoder         : Lavc61.19.100 libx264
[stderr]       Side data:
[stderr]         cpb: bitrate max/min/avg: 0/0/0 buffer size: 0 vbv_delay: N/A
[stderr]   Stream #0:1(und): Audio: aac (LC) (mp4a / 0x6134706D), 48000 Hz, mono, fltp, 69 kb/s (default)
[stderr]       Metadata:
[stderr]         creation_time   : 2026-07-12T09:54:07.000000Z
[stderr]         handler_name    : Core Media Audio
[stderr]         vendor_id       : [0][0][0][0]
[stderr]         encoder         : Lavc61.19.100 aac
[stderr] frame=  177 fps= 70 q=24.0 size=    3328KiB time=00:00:05.83 bitrate=4674.5kbits/s speed=2.32x    
[stderr] frame=  680 fps=225 q=24.0 size=   12288KiB time=00:00:22.69 bitrate=4435.9kbits/s dup=0 drop=3 speed=7.51x    
[stderr] [out#0/mp4 @ 0x120f06fb0] video:12826KiB audio:209KiB subtitle:0KiB other streams:0KiB global headers:0KiB muxing overhead: 0.207528%
[stderr] frame=  728 fps=238 q=-1.0 Lsize=   13062KiB time=00:00:24.33 bitrate=4397.0kbits/s dup=0 drop=3 speed=7.96x    
[stderr] [libx264 @ 0x120f102d0] frame I:3     Avg QP:18.38  size: 68563
[stderr] [libx264 @ 0x120f102d0] frame P:270   Avg QP:19.96  size: 32103
[stderr] [libx264 @ 0x120f102d0] frame B:455   Avg QP:24.17  size:  9361
[stderr] [libx264 @ 0x120f102d0] consecutive B-frames:  7.7% 23.6%  9.9% 58.8%
[stderr] [libx264 @ 0x120f102d0] mb I  I16..4: 14.4%  5.2% 80.4%
[stderr] [libx264 @ 0x120f102d0] mb P  I16..4: 12.6%  5.4%  5.6%  P16..4: 22.0% 20.2% 29.0%  0.0%  0.0%    skip: 5.1%
[stderr] [libx264 @ 0x120f102d0] mb B  I16..4:  2.7%  0.4%  0.1%  B16..8: 29.6% 15.4%  6.9%  direct:13.4%  skip:31.5%  L0:24.3% L1:31.1% BI:44.6%
[stderr] [libx264 @ 0x120f102d0] 8x8 transform intra:20.5% inter:29.0%
[stderr] [libx264 @ 0x120f102d0] coded y,uvDC,uvAC intra: 39.9% 41.6% 18.5% inter: 42.3% 20.0% 2.6%
[stderr] [libx264 @ 0x120f102d0] i16 v,h,dc,p: 76%  9% 12%  3%
[stderr] [libx264 @ 0x120f102d0] i8 v,h,dc,ddl,ddr,vr,hd,vl,hu: 23% 16% 27%  2%  8%  8%  6%  5%  5%
[stderr] [libx264 @ 0x120f102d0] i4 v,h,dc,ddl,ddr,vr,hd,vl,hu: 20% 15% 17%  3% 12% 10%  8%  6%  8%
[stderr] [libx264 @ 0x120f102d0] i8c dc,h,v,p: 69% 13% 14%  4%
[stderr] [libx264 @ 0x120f102d0] Weighted P-Frames: Y:10.4% UV:2.2%
[stderr] [libx264 @ 0x120f102d0] kb/s:4305.41
[stderr] [aac @ 0x120f6ec20] Qavg: 192.815
[stderr] ffmpeg version 7.1 Copyright (c) 2000-2024 the FFmpeg developers
[stderr]   built with Apple clang version 15.0.0 (clang-1500.1.0.2.5)
[stderr]   configuration: --prefix=/opt/homebrew/Cellar/ffmpeg/7.1_3 --enable-shared --enable-pthreads --enable-version3 --cc=clang --host-cflags= --host-ldflags='-Wl,-ld_classic' --enable-ffplay --enable-gnutls --enable-gpl --enable-libaom --enable-libaribb24 --enable-libbluray --enable-libdav1d --enable-libharfbuzz --enable-libjxl --enable-libmp3lame --enable-libopus --enable-librav1e --enable-librist --enable-librubberband --enable-libsnappy --enable-libsrt --enable-libssh --enable-libsvtav1 --enable-libtesseract --enable-libtheora --enable-libvidstab --enable-libvmaf --enable-libvorbis --enable-libvpx --enable-libwebp --enable-libx264 --enable-libx265 --enable-libxml2 --enable-libxvid --enable-lzma --enable-libfontconfig --enable-libfreetype --enable-frei0r --enable-libass --enable-libopencore-amrnb --enable-libopencore-amrwb --enable-libopenjpeg --enable-libspeex --enable-libsoxr --enable-libzmq --enable-libzimg --disable-libjack --disable-indev=jack --enable-videotoolbox --enable-audiotoolbox --enable-neon
[stderr]   libavutil      59. 39.100 / 59. 39.100
[stderr]   libavcodec     61. 19.100 / 61. 19.100
[stderr]   libavformat    61.  7.100 / 61.  7.100
[stderr]   libavdevice    61.  3.100 / 61.  3.100
[stderr]   libavfilter    10.  4.100 / 10.  4.100
[stderr]   libswscale      8.  3.100 /  8.  3.100
[stderr]   libswresample   5.  3.100 /  5.  3.100
[stderr]   libpostproc    58.  3.100 / 58.  3.100
[stderr] Input #0, mov,mp4,m4a,3gp,3g2,mj2, from '/Users/johndoe/Documents/company/video_ops/scripts/abstract_algebra_in_proof_assistant/04-set-equality/takes/take-mrhmharr/source.mp4':
[stderr]   Metadata:
[stderr]     major_brand     : qt  
[stderr]     minor_version   : 0
[stderr]     compatible_brands: qt  
[stderr]     creation_time   : [stderr] 2026-07-12T09:54:07.000000Z
[stderr]   Duration: 00:06:08.94, start: 0.000000, bitrate: 2946 kb/s
[stderr]   Stream #0:0[0x1](und): Video: hevc (Main) (hvc1 / 0x31637668), yuv420p(tv, smpte170m/bt709/bt709), 640x480, 2834 kb/s, 29.95 fps, 29.83 tbr, 600 tbn (default)
[stderr]       Metadata:
[stderr]         creation_time   : 2026-07-12T09:54:07.000000Z
[stderr]         handler_name    : Core Media Video
[stderr]         vendor_id       : [0][0][0][0]
[stderr]         encoder         : HEVC
[stderr]       Side data:
[stderr]         displaymatrix: rotation of -180.00 degrees
[stderr]   Stream #0:1[0x2](und): Audio: aac (LC) (mp4a / 0x6134706D), 48000 Hz, mono, fltp, 100 kb/s (default)
[stderr]       Metadata:
[stderr]         creation_time   : 2026-07-12T09:54:07.000000Z
[stderr]         handler_name    : Core Media Audio
[stderr]         vendor_id       : [0][0][0][0]
[stderr]   Stream #0:2[0x3](und): Data: none (mebx / 0x7862656D) (default)
[stderr]       Metadata:
[stderr]         creation_time   : 2026-07-12T09:54:07.000000Z
[stderr]         handler_name    : Core Media Metadata
[stderr] Stream mapping:
[stderr]   Stream #0:0 -> #0:0 (hevc (native) -> h264 (libx264))
[stderr]   Stream #0:1 -> #0:1 (aac (native) -> aac (native))
[stderr] Press [q] to stop, [?] for help
[stderr] [libx264 @ 0x1258102d0] using cpu capabilities: ARMv8 NEON
[stderr] [libx264 @ 0x1258102d0] profile High, level 3.0, 4:2:0, 8-bit
[stderr] [libx264 @ 0x1258102d0] [stderr] 264 - core 164 r3108 31e19f9 - H.264/MPEG-4 AVC codec - Copyleft 2003-2023 - http://www.videolan.org/x264.html - options: cabac=1 ref=1 deblock=1:0:0 analyse=0x3:0x113 me=hex subme=2 psy=1 psy_rd=1.00:0.00 mixed_ref=0 me_range=16 chroma_me=1 trellis=0 8x8dct=1 cqm=0 deadzone=21,11 fast_pskip=1 chroma_qp_offset=0 threads=15 lookahead_threads=3 sliced_threads=0 nr=0 decimate=1 interlaced=0 bluray_compat=0 constrained_intra=0 bframes=3 b_pyramid=2 b_adapt=1 b_bias=0 direct=1 weightb=1 open_gop=0 weightp=1 keyint=250 keyint_min=25 scenecut=40 intra_refresh=0 rc_lookahead=10 rc=crf mbtree=1 crf=18.0 qcomp=0.60 qpmin=0 qpmax=69 qpstep=4 ip_ratio=1.40 aq=1:1.00
[stderr] Output #0, mp4, to '/Users/johndoe/Documents/company/video_ops/scripts/abstract_algebra_in_proof_assistant/04-set-equality/takes/take-mrhmharr/pipeline/cut/cut-mrhvutes/chunks/chunk-012.mp4':
[stderr]   Metadata:
[stderr]     major_brand     : qt  
[stderr]     minor_version   : 0
[stderr]     compatible_brands: qt  
[stderr]     encoder         : Lavf61.7.100
[stderr]   Stream #0:0(und): Video: h264 (avc1 / 0x31637661), yuv420p(tv, smpte170m/bt709/bt709, progressive), 640x480, q=2-31, 29.83 fps, 11456 tbn (default)
[stderr]       Metadata:
[stderr]         creation_time   : 2026-07-12T09:54:07.000000Z
[stderr]         handler_name    : Core Media Video
[stderr]         vendor_id       : [0][0][0][0]
[stderr]         encoder         : Lavc61.19.100 libx264
[stderr]       Side data:
[stderr]         cpb: bitrate max/min/avg: 0/0/0 buffer size: 0 vbv_delay: N/A
[stderr]   Stream #0:1(und): Audio: aac (LC) (mp4a / 0x6134706D), 48000 Hz, mono, fltp, 69 kb/s (default)
[stderr]       Metadata:
[stderr]         creation_time   : 2026-07-12T09:54:07.000000Z
[stderr]         handler_name    : Core Media Audio
[stderr]         vendor_id       : [0][0][0][0]
[stderr]         encoder         : Lavc61.19.100 aac
[stderr] [out#0/mp4 @ 0x125806fb0] video:803KiB audio:18KiB subtitle:0KiB other streams:0KiB global headers:0KiB muxing overhead: 0.426671%
[stderr] frame=   61 fps= 22 q=-1.0 Lsize=     824KiB time=00:00:01.97 bitrate=3412.4kbits/s speed=0.723x    
[stderr] [libx264 @ 0x1258102d0] frame I:1     Avg QP:19.30  size: 41767
[stderr] [libx264 @ 0x1258102d0] frame P:29    Avg QP:20.01  size: 20026
[stderr] [libx264 @ 0x1258102d0] frame B:31    Avg QP:21.73  size:  6414
[stderr] [libx264 @ 0x1258102d0] consecutive B-frames: 26.2% 13.1% 14.8% 45.9%
[stderr] [libx264 @ 0x1258102d0] mb I  I16..4: 10.1% 35.8% 54.1%
[stderr] [libx264 @ 0x1258102d0] mb P  I16..4:  9.8% 18.0%  3.5%  P16..4: 26.1% 18.7% 19.5%  0.0%  0.0%    skip: 4.5%
[stderr] [libx264 @ 0x1258102d0] mb B  I16..4:  3.1%  2.6%  0.1%  B16..8: 34.4% 14.9%  4.2%  direct:14.1%  skip:26.8%  L0:31.1% L1:33.6% BI:35.3%
[stderr] [libx264 @ 0x1258102d0] 8x8 transform intra:53.7% inter:30.3%
[stderr] [libx264 @ 0x1258102d0] coded y,uvDC,uvAC intra: 49.2% 65.3% 13.3% inter: 34.2% 24.2% 1.5%
[stderr] [libx264 @ 0x1258102d0] i16 v,h,dc,p: 23% 34% 28% 14%
[stderr] [libx264 @ 0x1258102d0] i8 v,h,dc,ddl,ddr,vr,hd,vl,hu: 14% 27% 35%  2%  5%  3%  5%  3%  6%
[stderr] [libx264 @ 0x1258102d0] i4 v,h,dc,ddl,ddr,vr,hd,vl,hu: 20% 16% 19%  3% 12%  9%  7%  5%  7%
[stderr] [libx264 @ 0x1258102d0] i8c dc,h,v,p: 50% 27% 18%  5%
[stderr] [libx264 @ 0x1258102d0] Weighted P-Frames: Y:0.0% UV:0.0%
[stderr] [libx264 @ 0x1258102d0] kb/s:3213.62
[stderr] [aac @ 0x10b24f350] Qavg: 143.560
[stderr] ffmpeg version 7.1 Copyright (c) 2000-2024 the FFmpeg developers
[stderr]   built with Apple clang version 15.0.0 (clang-1500.1.0.2.5)
[stderr]   configuration: --prefix=/opt/homebrew/Cellar/ffmpeg/7.1_3 --enable-shared --enable-pthreads --enable-version3 --cc=clang --host-cflags= --host-ldflags='-Wl,-ld_classic' --enable-ffplay --enable-gnutls --enable-gpl --enable-libaom --enable-libaribb24 --enable-libbluray --enable-libdav1d --enable-libharfbuzz --enable-libjxl --enable-libmp3lame --enable-libopus --enable-librav1e --enable-librist --enable-librubberband --enable-libsnappy --enable-libsrt --enable-libssh --enable-libsvtav1 --enable-libtesseract --enable-libtheora --enable-libvidstab --enable-libvmaf --enable-libvorbis --enable-libvpx --enable-libwebp --enable-libx264 --enable-libx265 --enable-libxml2 --enable-libxvid --enable-lzma --enable-libfontconfig --enable-libfreetype --enable-frei0r --enable-libass --enable-libopencore-amrnb --enable-libopencore-amrwb --enable-libopenjpeg --enable-libspeex --enable-libsoxr --enable-libzmq --enable-libzimg --disable-libjack --disable-indev=jack --enable-videotoolbox --enable-audiotoolbox --enable-neon
[stderr]   libavutil      59. 39.100 / 59. 39.100
[stderr]   libavcodec     61. 19.100 / 61. 19.100
[stderr]   libavformat    61.  7.100 / 61.  7.100
[stderr]   libavdevice    61.  3.100 / 61.  3.100
[stderr]   libavfilter    10.  4.100 / 10.  4.100
[stderr]   libswscale      8.  3.100 /  8.  3.100
[stderr]   libswresample   5.  3.100 /  5.  3.100
[stderr]   libpostproc    58.  3.100 / 58.  3.100
[stderr] Input #0, mov,mp4,m4a,3gp,3g2,mj2, from '/Users/johndoe/Documents/company/video_ops/scripts/abstract_algebra_in_proof_assistant/04-set-equality/takes/take-mrhmharr/source.mp4':
[stderr]   Metadata:
[stderr]     major_brand     : qt  
[stderr]     minor_version   : 0
[stderr]     compatible_brands: qt  
[stderr]     creation_time   : 2026-07-12T09:54:07.000000Z
[stderr]   Duration: 00:06:08.94, start: 0.000000, bitrate: 2946 kb/s
[stderr]   Stream #0:0[0x1](und): Video: hevc (Main) (hvc1 / 0x31637668), yuv420p(tv, smpte170m/bt709/bt709), 640x480, 2834 kb/s, 29.95 fps, 29.83 tbr, 600 tbn (default)
[stderr]       Metadata:
[stderr]         creation_time   : 2026-07-12T09:54:07.000000Z
[stderr]         handler_name    : Core Media Video
[stderr]         vendor_id       : [0][0][0][0]
[stderr]         encoder         : HEVC
[stderr]       Side data:
[stderr]         displaymatrix: rotation of -180.00 degrees
[stderr]   Stream #0:1[0x2](und): Audio: aac (LC) (mp4a / 0x6134706D), 48000 Hz, mono, fltp, 100 kb/s (default)
[stderr]       Metadata:
[stderr]         creation_time   : 2026-07-12T09:54:07.000000Z
[stderr]         handler_name    : Core Media Audio
[stderr]         vendor_id       : [0][0][0][0]
[stderr]   Stream #0:2[0x3](und): Data: none (mebx / 0x7862656D) (default)
[stderr]       Metadata:
[stderr]         creation_time   : 2026-07-12T09:54:07.000000Z
[stderr]         handler_name    : Core Media Metadata
[stderr] Stream mapping:
[stderr]   Stream #0:0 -> #0:0 (hevc (native) -> h264 (libx264))
[stderr]   Stream #0:1 -> #0:1 (aac (native) -> aac (native))
[stderr] Press [q] to stop, [?] for help
[stderr] [libx264 @ 0x14fe38990] using cpu capabilities: ARMv8 NEON
[stderr] [libx264 @ 0x14fe38990] profile High, level 3.0, 4:2:0, 8-bit
[stderr] [libx264 @ 0x14fe38990] 264 - core 164 r3108 31e19f9 - H.264/MPEG-4 AVC codec - Copyleft 2003-2023 - http://www.videolan.org/x264.html - options: cabac=1 ref=1 deblock=1:0:0 analyse=0x3:0x113 me=hex subme=2 psy=1 psy_rd=1.00:0.00 mixed_ref=0 me_range=16 chroma_me=1 trellis=0 8x8dct=1 cqm=0 deadzone=21,11 fast_pskip=1 chroma_qp_offset=0 threads=15 lookahead_threads=3 sliced_threads=0 nr=0 decimate=1 interlaced=0 bluray_compat=0 constrained_intra=0 bframes=3 b_pyramid=2 b_adapt=1 b_bias=0 direct=1 weightb=1 open_gop=0 weightp=1 keyint=250 keyint_min=25 scenecut=40 intra_refresh=0 rc_lookahead=10 rc=crf mbtree=1 crf=18.0 qcomp=0.60 qpmin=0 qpmax=69 qpstep=4 ip_ratio=1.40 aq=1:1.00
[stderr] Output #0, mp4, to '/Users/johndoe/Documents/company/video_ops/scripts/abstract_algebra_in_proof_assistant/04-set-equality/takes/take-mrhmharr/pipeline/cut/cut-mrhvutes/chunks/chunk-013.mp4':
[stderr]   Metadata:
[stderr]     major_brand     : qt  
[stderr]     minor_version   : 0
[stderr]     compatible_brands: [stderr] qt  
[stderr]     encoder         : Lavf61.7.100
[stderr]   Stream #0:0(und): Video: h264 (avc1 / 0x31637661), yuv420p(tv, smpte170m/bt709/bt709, progressive), 640x480, q=2-31, 29.83 fps, 11456 tbn (default)
[stderr]       Metadata:
[stderr]         creation_time   : 2026-07-12T09:54:07.000000Z
[stderr]         handler_name    : Core Media Video
[stderr]         vendor_id       : [0][0][0][0]
[stderr]         encoder         : Lavc61.19.100 libx264
[stderr]       Side data:
[stderr]         cpb: bitrate max/min/avg: 0/0/0 buffer size: 0 vbv_delay: N/A
[stderr]   Stream #0:1(und): Audio: aac (LC) (mp4a / 0x6134706D), 48000 Hz, mono, fltp, 69 kb/s (default)
[stderr]       Metadata:
[stderr]         creation_time   : 2026-07-12T09:54:07.000000Z
[stderr]         handler_name    : Core Media Audio
[stderr]         vendor_id       : [0][0][0][0]
[stderr]         encoder         : Lavc61.19.100 aac
[stderr] frame=  320 fps=106 q=24.0 size=    5632KiB time=00:00:10.65 bitrate=4328.4kbits/s dup=0 drop=1 speed=3.52x    
[stderr] [out#0/mp4 @ 0x14fe37e40] video:10748KiB audio:153KiB subtitle:0KiB other streams:0KiB global headers:0KiB muxing overhead: 0.184292%
[stderr] frame=  536 fps=164 q=-1.0 Lsize=   10921KiB time=00:00:17.89 bitrate=4998.3kbits/s dup=0 drop=1 speed=5.49x    
[stderr] [libx264 @ 0x14fe38990] frame I:3     Avg QP:18.82  size: 57406
[stderr] [libx264 @ 0x14fe38990] frame P:222   Avg QP:21.07  size: 31548
[stderr] [libx264 @ 0x14fe38990] frame B:311   Avg QP:24.00  size: 12314
[stderr] [libx264 @ 0x14fe38990] consecutive B-frames: 15.1% 19.8%  8.4% 56.7%
[stderr] [libx264 @ 0x14fe38990] mb I  I16..4:  9.6% 20.7% 69.7%
[stderr] [libx264 @ 0x14fe38990] mb P  I16..4:  7.1%  9.5%  9.2%  P16..4: 24.1% 20.8% 26.6%  0.0%  0.0%    skip: 2.6%
[stderr] [libx264 @ 0x14fe38990] mb B  I16..4:  1.6%  0.7%  0.4%  B16..8: 31.5% 16.8%  8.9%  direct:16.2%  skip:23.9%  L0:29.3% L1:31.9% BI:38.9%
[stderr] [libx264 @ 0x14fe38990] 8x8 transform intra:34.8% inter:28.9%
[stderr] [libx264 @ 0x14fe38990] coded y,uvDC,uvAC intra: 62.3% 60.2% 25.8% inter: 47.2% 25.5% 3.1%
[stderr] [libx264 @ 0x14fe38990] i16 v,h,dc,p: 62% 17% 14%  8%
[stderr] [libx264 @ 0x14fe38990] i8 v,h,dc,ddl,ddr,vr,hd,vl,hu: 21% 20% 27%  2%  7%  6%  6%  5%  6%
[stderr] [libx264 @ 0x14fe38990] i4 v,h,dc,ddl,ddr,vr,hd,vl,hu: 17% 17% 17%  4% 13%  8%  9%  7%  9%
[stderr] [libx264 @ 0x14fe38990] i8c dc,h,v,p: 57% 19% 18%  6%
[stderr] [libx264 @ 0x14fe38990] Weighted P-Frames: Y:12.2% UV:1.8%
[stderr] [libx264 @ 0x14fe38990] kb/s:4900.40
[stderr] [aac @ 0x14fe9f500] Qavg: 179.041
[stderr] ffmpeg version 7.1 Copyright (c) 2000-2024 the FFmpeg developers
[stderr]   built with Apple clang version 15.0.0 (clang-1500.1.0.2.5)
[stderr]   configuration: --prefix=/opt/homebrew/Cellar/ffmpeg/7.1_3 --enable-shared --enable-pthreads --enable-version3 --cc=clang --host-cflags= --host-ldflags='-Wl,-ld_classic' --enable-ffplay --enable-gnutls --enable-gpl --enable-libaom --enable-libaribb24 --enable-libbluray --enable-libdav1d --enable-libharfbuzz --enable-libjxl --enable-libmp3lame --enable-libopus --enable-librav1e --enable-librist --enable-librubberband --enable-libsnappy --enable-libsrt --enable-libssh --enable-libsvtav1 --enable-libtesseract --enable-libtheora --enable-libvidstab --enable-libvmaf --enable-libvorbis --enable-libvpx --enable-libwebp --enable-libx264 --enable-libx265 --enable-libxml2 --enable-libxvid --enable-lzma --enable-libfontconfig --enable-libfreetype --enable-frei0r --enable-libass --enable-libopencore-amrnb --enable-libopencore-amrwb --enable-libopenjpeg --enable-libspeex --enable-libsoxr --enable-libzmq --enable-libzimg --disable-libjack --disable-indev=jack --enable-videotoolbox --enable-audiotoolbox --enable-neon
[stderr]   libavutil      59. 39.100 / 59. 39.100
[stderr]   libavcodec     61. 19.100 / 61. 19.100
[stderr]   libavformat    61.  7.100 / 61.  7.100
[stderr]   libavdevice    61.  3.100 / 61.  3.100
[stderr]   libavfilter    10.  4.100 / 10.  4.100
[stderr]   libswscale      8.  3.100 /  8.  3.100
[stderr]   libswresample   5.  3.100 /  5.  3.100
[stderr]   libpostproc    58.  3.100 / 58.  3.100
[stderr] Input #0, mov,mp4,m4a,3gp,3g2,mj2, from '/Users/johndoe/Documents/company/video_ops/scripts/abstract_algebra_in_proof_assistant/04-set-equality/takes/take-mrhmharr/source.mp4':
[stderr]   Metadata:
[stderr]     major_brand     : qt  
[stderr]     minor_version   : 0
[stderr]     compatible_brands: qt  
[stderr]     creation_time   : 2026-07-12T09:54:07.000000Z
[stderr]   Duration: 00:06:08.94, start: 0.000000, bitrate: 2946 kb/s
[stderr]   Stream #0:0[0x1](und): Video: hevc (Main) (hvc1 / 0x31637668), yuv420p(tv, smpte170m/bt709/bt709), 640x480, 2834 kb/s, 29.95 fps, 29.83 tbr, 600 tbn (default)
[stderr]       Metadata:
[stderr]         creation_time   : 2026-07-12T09:54:07.000000Z
[stderr]         handler_name    : Core Media Video
[stderr]         vendor_id       : [0][0][0][0]
[stderr]         encoder         : HEVC
[stderr]       Side data:
[stderr]         displaymatrix: rotation of -180.00 degrees
[stderr]   Stream #0:1[0x2](und): Audio: aac (LC) (mp4a / 0x6134706D), 48000 Hz, mono, fltp, 100 kb/s (default)
[stderr]       Metadata:
[stderr]         creation_time   : 2026-07-12T09:54:07.000000Z
[stderr]         handler_name    : Core Media Audio
[stderr]         vendor_id       : [0][0][0][0]
[stderr]   Stream #0:2[0x3](und): Data: none (mebx / 0x7862656D) (default)
[stderr]       Metadata:
[stderr]         creation_time   : 2026-07-12T09:54:07.000000Z
[stderr]         handler_name    : Core Media Metadata
[stderr] Stream mapping:
[stderr]   Stream #0:0 -> #0:0 (hevc (native) -> h264 (libx264))
[stderr]   Stream #0:1 -> #0:1 (aac (native) -> aac (native))
[stderr] Press [q] to stop, [?] for help
[stderr] [libx264 @ 0x134634d30] using cpu capabilities: ARMv8 NEON
[stderr] [libx264 @ 0x134634d30] profile High, level 3.0, 4:2:0, 8-bit
[stderr] [libx264 @ 0x134634d30] 264 - core 164 r3108 31e19f9 - H.264/MPEG-4 AVC codec - Copyleft 2003-2023 - http://www.videolan.org/x264.html - options: cabac=1 ref=1 deblock=1:0:0 analyse=0x3:0x113 me=hex subme=2 psy=1 psy_rd=1.00:0.00 mixed_ref=0 me_range=16 chroma_me=1 trellis=0 8x8dct=1 cqm=0 deadzone=21,11 fast_pskip=1 chroma_qp_offset=0 threads=15 lookahead_threads=3 sliced_threads=0 nr=0 decimate=1 interlaced=0 bluray_compat=0 constrained_intra=0 bframes=3 b_pyramid=2 b_adapt=1 b_bias=0 direct=1 weightb=1 open_gop=0 weightp=1 keyint=250 keyint_min=25 scenecut=40 intra_refresh=0 rc_lookahead=10 rc=crf mbtree=1 crf=18.0 qcomp=0.60 qpmin=0 qpmax=69 qpstep=4 ip_ratio=1.40 aq=1:1.00
[stderr] Output #0, mp4, to '/Users/johndoe/Documents/company/video_ops/scripts/abstract_algebra_in_proof_assistant/04-set-equality/takes/take-mrhmharr/pipeline/cut/cut-mrhvutes/chunks/chunk-014.mp4':
[stderr]   Metadata:
[stderr]     major_brand     : qt  
[stderr]     minor_version   : 0
[stderr]     compatible_brands: qt  
[stderr]     encoder         : Lavf61.7.100
[stderr]   Stream #0:0(und): Video: h264 (avc1 / 0x31637661), yuv420p(tv, smpte170m/bt709/bt709, progressive), 640x480, q=2-31, 29.83 fps, 11456 tbn (default)
[stderr]       Metadata:
[stderr]         creation_time   : 2026-07-12T09:54:07.000000Z
[stderr]         handler_name    : Core Media Video
[stderr]         vendor_id       : [0][0][0][0]
[stderr]         encoder         : Lavc61.19.100 libx264
[stderr]       Side data:
[stderr]         cpb: bitrate max/min/avg: 0/0/0 buffer size: 0 vbv_delay: N/A
[stderr]   Stream #0:1(und): Audio: aac (LC) (mp4a / 0x6134706D), 48000 Hz, mono, fltp, 69 kb/s (default)
[stderr]       Metadata:
[stderr]         creation_time   : 2026-07-12T09:54:07.000000Z
[stderr]         handler_name    : Core Media Audio
[stderr]         vendor_id       : [0][0][0][0]
[stderr]         encoder         : Lavc61.19.100 aac
[stderr] frame=   55 fps= 18 q=24.0 size=    1536KiB time=00:00:01.81 bitrate=6951.9kbits/s speed=0.598x    
[stderr] [out#0/mp4 @ 0x134633650] video:4840KiB audio:47KiB subtitle:0KiB other streams:0KiB global headers:0KiB muxing overhead: 0.146823%
[stderr] frame=  163 fps= 51 q=-1.0 Lsize=    4895KiB time=00:00:05.43 bitrate=7384.0kbits/s speed= 1.7x    
[stderr] [libx264 @ 0x134634d30] frame I:2     Avg QP:22.27  size: 48026
[stderr] [libx264 @ 0x134634d30] frame P:54    Avg QP:23.96  size: 41944
[stderr] [libx264 @ 0x134634d30] frame B:107   Avg QP:26.05  size: 24251
[stderr] [libx264 @ 0x134634d30] consecutive B-frames:  8.6%  8.6%  9.2% 73.6%
[stderr] [libx264 @ 0x134634d30] mb I  I16..4:  2.3% 10.7% 87.0%
[stderr] [libx264 @ 0x134634d30] mb P  I16..4:  2.2%  8.2% 33.9%  P16..4: 14.4% 15.3% 25.3%  0.0%  0.0%    skip: 0.6%
[stderr] [libx264 @ 0x134634d30] mb B  I16..4:  0.9%  1.5%  3.3%  B16..8: 27.6% 22.8% 19.0%  direct:17.5%  skip: 7.5%  L0:31.7% L1:32.6% BI:35.7%
[stderr] [libx264 @ 0x134634d30] 8x8 transform intra:19.6% inter:34.7%
[stderr] [libx264 @ 0x134634d30] coded y,uvDC,uvAC intra: 90.8% 73.2% 36.2% inter: 68.0% 31.5% 2.4%
[stderr] [libx264 @ 0x134634d30] i16 v,h,dc,p: 39% 23% 24% 14%
[stderr] [libx264 @ 0x134634d30] i8 v,h,dc,ddl,ddr,vr,hd,vl,hu: 21% 19% 16%  3%  9%  7%  9%  8%  8%
[stderr] [libx264 @ 0x134634d30] i4 v,h,dc,ddl,ddr,vr,hd,vl,hu: 15% 16% 13%  4% 16%  9% 11%  8%  9%
[stderr] [libx264 @ 0x134634d30] i8c dc,h,v,p: 47% 22% 21% 10%
[stderr] [libx264 @ 0x134634d30] Weighted P-Frames: Y:14.8% UV:5.6%
[stderr] [libx264 @ 0x134634d30] kb/s:7256.42
[stderr] [aac @ 0x134699c20] Qavg: 142.725
[stderr] ffmpeg version 7.1 Copyright (c) 2000-2024 the FFmpeg developers
[stderr]   built with Apple clang version 15.0.0 (clang-1500.1.0.2.5)
[stderr]   configuration: --prefix=/opt/homebrew/Cellar/ffmpeg/7.1_3 --enable-shared --enable-pthreads --enable-version3 --cc=clang --host-cflags= --host-ldflags='-Wl,-ld_classic' --enable-ffplay --enable-gnutls --enable-gpl --enable-libaom --enable-libaribb24 --enable-libbluray --enable-libdav1d --enable-libharfbuzz --enable-libjxl --enable-libmp3lame --enable-libopus --enable-librav1e --enable-librist --enable-librubberband --enable-libsnappy --enable-libsrt --enable-libssh --enable-libsvtav1 --enable-libtesseract --enable-libtheora --enable-libvidstab --enable-libvmaf --enable-libvorbis --enable-libvpx --enable-libwebp --enable-libx264 --enable-libx265 --enable-libxml2 --enable-libxvid --enable-lzma --enable-libfontconfig --enable-libfreetype --enable-frei0r --enable-libass --enable-libopencore-amrnb --enable-libopencore-amrwb --enable-libopenjpeg --enable-libspeex --enable-libsoxr --enable-libzmq --enable-libzimg --disable-libjack --disable-indev=jack --enable-videotoolbox --enable-audiotoolbox --enable-neon
[stderr]   libavutil      59. 39.100 / 59. 39.100
[stderr]   libavcodec     61. 19.100 / 61. 19.100
[stderr]   libavformat    61.  7.100 / 61.  7.100
[stderr]   libavdevice    61.  3.100 / 61.  3.100
[stderr]   libavfilter    10.  4.100 / 10.  4.100
[stderr]   libswscale      8.  3.100 /  8.  3.100
[stderr]   libswresample   5.  3.100 /  5.  3.100
[stderr]   libpostproc    58.  3.100 / 58.  3.100
[stderr] Input #0, mov,mp4,m4a,3gp,3g2,mj2, from '/Users/johndoe/Documents/company/video_ops/scripts/abstract_algebra_in_proof_assistant/04-set-equality/takes/take-mrhmharr/source.mp4':
[stderr]   Metadata:
[stderr]     major_brand     : qt  
[stderr]     minor_version   : 0
[stderr]     compatible_brands: qt  
[stderr]     creation_time   : [stderr] 2026-07-12T09:54:07.000000Z
[stderr]   Duration: 00:06:08.94, start: 0.000000, bitrate: 2946 kb/s
[stderr]   Stream #0:0[0x1](und): Video: hevc (Main) (hvc1 / 0x31637668), yuv420p(tv, smpte170m/bt709/bt709), 640x480, 2834 kb/s, 29.95 fps, 29.83 tbr, 600 tbn (default)
[stderr]       Metadata:
[stderr]         creation_time   : 2026-07-12T09:54:07.000000Z
[stderr]         handler_name    : Core Media Video
[stderr]         vendor_id       : [0][0][0][0]
[stderr]         encoder         : HEVC
[stderr]       Side data:
[stderr]         displaymatrix: rotation of -180.00 degrees
[stderr]   Stream #0:1[0x2](und): Audio: aac (LC) (mp4a / 0x6134706D), 48000 Hz, mono, fltp, 100 kb/s (default)
[stderr]       Metadata:
[stderr]         creation_time   : 2026-07-12T09:54:07.000000Z
[stderr]         handler_name    : Core Media Audio
[stderr]         vendor_id       : [0][0][0][0]
[stderr]   Stream #0:2[0x3](und): Data: none (mebx / 0x7862656D) (default)
[stderr]       Metadata:
[stderr]         creation_time   : 2026-07-12T09:54:07.000000Z
[stderr]         handler_name    : Core Media Metadata
[stderr] Stream mapping:
[stderr]   Stream #0:0 -> #0:0 (hevc (native) -> h264 (libx264))
[stderr]   Stream #0:1 -> #0:1 (aac (native) -> aac (native))
[stderr] Press [q] to stop, [?] for help
[stderr] [libx264 @ 0x131707010] using cpu capabilities: ARMv8 NEON
[stderr] [libx264 @ 0x131707010] profile High, level 3.0, 4:2:0, 8-bit
[stderr] [libx264 @ 0x131707010] 264 - core 164 r3108 31e19f9 - H.264/MPEG-4 AVC codec - Copyleft 2003-2023 - http://www.videolan.org/x264.html - options: cabac=1 ref=1 deblock=1:0:0 analyse=0x3:0x113 me=hex subme=2 psy=1 psy_rd=1.00:0.00 mixed_ref=0 me_range=16 chroma_me=1 trellis=0 8x8dct=1 cqm=0 deadzone=21,11 fast_pskip=1 chroma_qp_offset=0 threads=15 lookahead_threads=3 sliced_threads=0 nr=0 decimate=1 interlaced=0 bluray_compat=0 constrained_intra=0 bframes=3 b_pyramid=2 b_adapt=1 b_bias=0 direct=1 weightb=1 open_gop=0 weightp=1 keyint=250 keyint_min=25 scenecut=40 intra_refresh=0 rc_lookahead=10 rc=crf mbtree=1 crf=18.0 qcomp=0.60 qpmin=0 qpmax=69 qpstep=4 ip_ratio=1.40 aq=1:1.00
[stderr] Output #0, mp4, to '/Users/johndoe/Documents/company/video_ops/scripts/abstract_algebra_in_proof_assistant/04-set-equality/takes/take-mrhmharr/pipeline/cut/cut-mrhvutes/chunks/chunk-015.mp4':
[stderr]   Metadata:
[stderr]     major_brand     : qt  
[stderr]     minor_version   : 0
[stderr]     compatible_brands: qt  
[stderr]     encoder         : Lavf61.7.100
[stderr]   Stream #0:0(und): Video: h264 (avc1 / 0x31637661), yuv420p(tv, smpte170m/bt709/bt709, progressive), 640x480, q=2-31, 29.83 fps, 11456 tbn (default)
[stderr]       Metadata:
[stderr]         creation_time   : 2026-07-12T09:54:07.000000Z
[stderr]         handler_name    : Core Media Video
[stderr]         vendor_id       : [0][0][0][0]
[stderr]         encoder         : Lavc61.19.100 libx264
[stderr]       Side data:
[stderr]         cpb: bitrate max/min/avg: 0/0/0 buffer size: 0 vbv_delay: N/A
[stderr]   Stream #0:1(und): Audio: aac (LC) (mp4a / 0x6134706D), 48000 Hz, mono, fltp, 69 kb/s (default)
[stderr]       Metadata:
[stderr]         creation_time   : 2026-07-12T09:54:07.000000Z
[stderr]         handler_name    : Core Media Audio
[stderr]         vendor_id       : [0][0][0][0]
[stderr]         encoder         : Lavc61.19.100 aac
[stderr] [out#0/mp4 @ 0x131706d60] video:5951KiB audio:64KiB subtitle:0KiB other streams:0KiB global headers:0KiB muxing overhead: 0.154175%
[stderr] frame=  222 fps= 67 q=-1.0 Lsize=    6024KiB time=00:00:07.37 bitrate=6692.1kbits/s speed=2.21x    
[stderr] [libx264 @ 0x131707010] frame I:3     Avg QP:21.47  size: 45923
[stderr] [libx264 @ 0x131707010] frame P:72    Avg QP:23.33  size: 39577
[stderr] [libx264 @ 0x131707010] frame B:147   Avg QP:25.35  size: 21129
[stderr] [libx264 @ 0x131707010] consecutive B-frames:  8.6%  6.3%  9.5% 75.7%
[stderr] [libx264 @ 0x131707010] mb I  I16..4:  4.2% 14.5% 81.3%
[stderr] [libx264 @ 0x131707010] mb P  I16..4:  2.5% 12.2% 29.4%  P16..4: 14.8% 15.8% 24.8%  0.0%  0.0%    skip: 0.5%
[stderr] [libx264 @ 0x131707010] mb B  I16..4:  0.9%  2.5%  2.5%  B16..8: 27.1% 20.3% 15.4%  direct:20.5%  skip:10.9%  L0:31.6% L1:31.0% BI:37.3%
[stderr] [libx264 @ 0x131707010] 8x8 transform intra:29.8% inter:37.5%
[stderr] [libx264 @ 0x131707010] coded y,uvDC,uvAC intra: 88.4% 73.8% 41.0% inter: 64.5% 35.0% 4.6%
[stderr] [libx264 @ 0x131707010] i16 v,h,dc,p: 47% 15% 23% 15%
[stderr] [libx264 @ 0x131707010] i8 v,h,dc,ddl,ddr,vr,hd,vl,hu: 25% 19% 15%  3%  9%  8%  7%  7%  7%
[stderr] [libx264 @ 0x131707010] i4 v,h,dc,ddl,ddr,vr,hd,vl,hu: 15% 19% 12%  3% 15%  9% 11%  6% 10%
[stderr] [libx264 @ 0x131707010] i8c dc,h,v,p: 48% 22% 20% 10%
[stderr] [libx264 @ 0x131707010] Weighted P-Frames: Y:19.4% UV:5.6%
[stderr] [libx264 @ 0x131707010] kb/s:6550.78
[stderr] [aac @ 0x13176cb00] Qavg: 160.184
[stderr] ffmpeg version 7.1 Copyright (c) 2000-2024 the FFmpeg developers
[stderr]   built with Apple clang version 15.0.0 (clang-1500.1.0.2.5)
[stderr]   configuration: --prefix=/opt/homebrew/Cellar/ffmpeg/7.1_3 --enable-shared --enable-pthreads --enable-version3 --cc=clang --host-cflags= --host-ldflags='-Wl,-ld_classic' --enable-ffplay --enable-gnutls --enable-gpl --enable-libaom --enable-libaribb24 --enable-libbluray --enable-libdav1d --enable-libharfbuzz --enable-libjxl --enable-libmp3lame --enable-libopus --enable-librav1e --enable-librist --enable-librubberband --enable-libsnappy --enable-libsrt --enable-libssh --enable-libsvtav1 --enable-libtesseract --enable-libtheora --enable-libvidstab --enable-libvmaf --enable-libvorbis --enable-libvpx --enable-libwebp --enable-libx264 --enable-libx265 --enable-libxml2 --enable-libxvid --enable-lzma --enable-libfontconfig --enable-libfreetype --enable-frei0r --enable-libass --enable-libopencore-amrnb --enable-libopencore-amrwb --enable-libopenjpeg --enable-libspeex --enable-libsoxr --enable-libzmq --enable-libzimg --disable-libjack --disable-indev=jack --enable-videotoolbox --enable-audiotoolbox --enable-neon
[stderr]   libavutil      59. 39.100 / 59. 39.100
[stderr]   libavcodec     61. 19.100 / 61. 19.100
[stderr]   libavformat    61.  7.100 / 61.  7.100
[stderr]   libavdevice    61.  3.100 / 61.  3.100
[stderr]   libavfilter    10.  4.100 / 10.  4.100
[stderr]   libswscale      8.  3.100 /  8.  3.100
[stderr]   libswresample   5.  3.100 /  5.  3.100
[stderr]   libpostproc    58.  3.100 / 58.  3.100
[stderr] Input #0, mov,mp4,m4a,3gp,3g2,mj2, from '/Users/johndoe/Documents/company/video_ops/scripts/abstract_algebra_in_proof_assistant/04-set-equality/takes/take-mrhmharr/source.mp4':
[stderr]   Metadata:
[stderr]     major_brand     : qt  
[stderr]     minor_version   : 0
[stderr]     compatible_brands: qt  
[stderr]     creation_time   : [stderr] 2026-07-12T09:54:07.000000Z
[stderr]   Duration: 00:06:08.94, start: 0.000000, bitrate: 2946 kb/s
[stderr]   Stream #0:0[0x1](und): Video: hevc (Main) (hvc1 / 0x31637668), yuv420p(tv, smpte170m/bt709/bt709), 640x480, 2834 kb/s, 29.95 fps, 29.83 tbr, 600 tbn (default)
[stderr]       Metadata:
[stderr]         creation_time   : 2026-07-12T09:54:07.000000Z
[stderr]         handler_name    : Core Media Video
[stderr]         vendor_id       : [0][0][0][0]
[stderr]         encoder         : HEVC
[stderr]       Side data:
[stderr]         displaymatrix: rotation of -180.00 degrees
[stderr]   Stream #0:1[0x2](und): Audio: aac (LC) (mp4a / 0x6134706D), 48000 Hz, mono, fltp, 100 kb/s (default)
[stderr]       Metadata:
[stderr]         creation_time   : 2026-07-12T09:54:07.000000Z
[stderr]         handler_name    : Core Media Audio
[stderr]         vendor_id       : [0][0][0][0]
[stderr]   Stream #0:2[0x3](und): Data: none (mebx / 0x7862656D) (default)
[stderr]       Metadata:
[stderr]         creation_time   : 2026-07-12T09:54:07.000000Z
[stderr]         handler_name    : Core Media Metadata
[stderr] Stream mapping:
[stderr]   Stream #0:0 -> #0:0 (hevc (native) -> h264 (libx264))
[stderr]   Stream #0:1 -> #0:1 (aac (native) -> aac (native))
[stderr] Press [q] to stop, [?] for help
[stderr] [libx264 @ 0x143e33f00] using cpu capabilities: ARMv8 NEON
[stderr] [libx264 @ 0x143e33f00] profile High, level 3.0, 4:2:0, 8-bit
[stderr] [libx264 @ 0x143e33f00] 264 - core 164 r3108 31e19f9 - H.264/MPEG-4 AVC codec - Copyleft 2003-2023 - http://www.videolan.org/x264.html - options: cabac=1 ref=1 deblock=1:0:0 analyse=0x3:0x113 me=hex subme=2 psy=1 psy_rd=1.00:0.00 mixed_ref=0 me_range=16 chroma_me=1 trellis=0 8x8dct=1 cqm=0 deadzone=21,11 fast_pskip=1 chroma_qp_offset=0 threads=15 lookahead_threads=3 sliced_threads=0 nr=0 decimate=1 interlaced=0 bluray_compat=0 constrained_intra=0 bframes=3 b_pyramid=2 b_adapt=1 b_bias=0 direct=1 weightb=1 open_gop=0 weightp=1 keyint=250 keyint_min=25 scenecut=40 intra_refresh=0 rc_lookahead=10 rc=crf mbtree=1 crf=18.0 qcomp=0.60 qpmin=0 qpmax=69 qpstep=4 ip_ratio=1.40 aq=1:1.00
[stderr] Output #0, mp4, to '/Users/johndoe/Documents/company/video_ops/scripts/abstract_algebra_in_proof_assistant/04-set-equality/takes/take-mrhmharr/pipeline/cut/cut-mrhvutes/chunks/chunk-016.mp4':
[stderr]   Metadata:
[stderr]     major_brand     : qt  
[stderr]     minor_version   : 0
[stderr]     compatible_brands: qt  
[stderr]     encoder         : Lavf61.7.100
[stderr]   Stream #0:0(und): Video: h264 (avc1 / 0x31637661), yuv420p(tv, smpte170m/bt709/bt709, progressive), 640x480, q=2-31, 29.83 fps, 11456 tbn (default)
[stderr]       Metadata:
[stderr]         creation_time   : 2026-07-12T09:54:07.000000Z
[stderr]         handler_name    : Core Media Video
[stderr]         vendor_id       : [0][0][0][0]
[stderr]         encoder         : Lavc61.19.100 libx264
[stderr]       Side data:
[stderr]         cpb: bitrate max/min/avg: 0/0/0 buffer size: 0 vbv_delay: N/A
[stderr]   Stream #0:1(und): Audio: aac (LC) (mp4a / 0x6134706D), 48000 Hz, mono, fltp, 69 kb/s (default)
[stderr]       Metadata:
[stderr]         creation_time   : 2026-07-12T09:54:07.000000Z
[stderr]         handler_name    : Core Media Audio
[stderr]         vendor_id       : [0][0][0][0]
[stderr]         encoder         : Lavc61.19.100 aac
[stderr] [out#0/mp4 @ 0x143f07400] video:3188KiB audio:38KiB subtitle:0KiB other streams:0KiB global headers:0KiB muxing overhead: 0.187812%
[stderr] frame=  131 fps= 40 q=-1.0 Lsize=    3232KiB time=00:00:04.35 bitrate=6075.9kbits/s speed=1.33x    
[stderr] [libx264 @ 0x143e33f00] frame I:2     Avg QP:21.34  size: 46306
[stderr] [libx264 @ 0x143e33f00] frame P:40    Avg QP:22.77  size: 40797
[stderr] [libx264 @ 0x143e33f00] frame B:89    Avg QP:25.21  size: 17299
[stderr] [libx264 @ 0x143e33f00] consecutive B-frames:  6.9%  6.1%  4.6% 82.4%
[stderr] [libx264 @ 0x143e33f00] mb I  I16..4:  6.1% 12.0% 81.8%
[stderr] [libx264 @ 0x143e33f00] mb P  I16..4:  2.8%  8.2% 23.6%  P16..4: 17.5% 18.1% 28.8%  0.0%  0.0%    skip: 1.1%
[stderr] [libx264 @ 0x143e33f00] mb B  I16..4:  0.5%  0.6%  1.8%  B16..8: 30.1% 17.2% 12.0%  direct:20.0%  skip:17.8%  L0:29.6% L1:30.3% BI:40.1%
[stderr] [libx264 @ 0x143e33f00] 8x8 transform intra:21.9% inter:34.1%
[stderr] [libx264 @ 0x143e33f00] coded y,uvDC,uvAC intra: 89.3% 80.9% 49.6% inter: 55.5% 31.3% 5.9%
[stderr] [libx264 @ 0x143e33f00] i16 v,h,dc,p: 62% 10% 21%  8%
[stderr] [libx264 @ 0x143e33f00] i8 v,h,dc,ddl,ddr,vr,hd,vl,hu: 22% 19% 15%  3%  9%  8%  8%  7%  8%
[stderr] [libx264 @ 0x143e33f00] i4 v,h,dc,ddl,ddr,vr,hd,vl,hu: 15% 17% 13%  4% 13%  8% 10%  8% 11%
[stderr] [libx264 @ 0x143e33f00] i8c dc,h,v,p: 47% 21% 20% 12%
[stderr] [libx264 @ 0x143e33f00] Weighted P-Frames: Y:22.5% UV:2.5%
[stderr] [libx264 @ 0x143e33f00] kb/s:5946.82
[stderr] [aac @ 0x123e0beb0] Qavg: 448.755
[stderr] ffmpeg version 7.1 Copyright (c) 2000-2024 the FFmpeg developers
[stderr]   built with Apple clang version 15.0.0 (clang-1500.1.0.2.5)
[stderr]   configuration: --prefix=/opt/homebrew/Cellar/ffmpeg/7.1_3 --enable-shared --enable-pthreads --enable-version3 --cc=clang --host-cflags= --host-ldflags='-Wl,-ld_classic' --enable-ffplay --enable-gnutls --enable-gpl --enable-libaom --enable-libaribb24 --enable-libbluray --enable-libdav1d --enable-libharfbuzz --enable-libjxl --enable-libmp3lame --enable-libopus --enable-librav1e --enable-librist --enable-librubberband --enable-libsnappy --enable-libsrt --enable-libssh --enable-libsvtav1 --enable-libtesseract --enable-libtheora --enable-libvidstab --enable-libvmaf --enable-libvorbis --enable-libvpx --enable-libwebp --enable-libx264 --enable-libx265 --enable-libxml2 --enable-libxvid --enable-lzma --enable-libfontconfig --enable-libfreetype --enable-frei0r --enable-libass --enable-libopencore-amrnb --enable-libopencore-amrwb --enable-libopenjpeg --enable-libspeex --enable-libsoxr --enable-libzmq --enable-libzimg --disable-libjack --disable-indev=jack --enable-videotoolbox --enable-audiotoolbox --enable-neon
[stderr]   libavutil      59. 39.100 / 59. 39.100
[stderr]   libavcodec     61. 19.100 / 61. 19.100
[stderr]   libavformat    61.  7.100 / 61.  7.100
[stderr]   libavdevice    61.  3.100 / 61.  3.100
[stderr]   libavfilter    10.  4.100 / 10.  4.100
[stderr]   libswscale      8.  3.100 /  8.  3.100
[stderr]   libswresample   5.  3.100 /  5.  3.100
[stderr]   libpostproc    58.  3.100 / 58.  3.100
[stderr] Input #0, mov,mp4,m4a,3gp,3g2,mj2, from '/Users/johndoe/Documents/company/video_ops/scripts/abstract_algebra_in_proof_assistant/04-set-equality/takes/take-mrhmharr/source.mp4':
[stderr]   Metadata:
[stderr]     major_brand     : qt  
[stderr]     minor_version   : 0
[stderr]     compatible_brands: qt  
[stderr]     creation_time   : 2026-07-12T09:54:07.000000Z
[stderr]   Duration: 00:06:08.94, start: 0.000000, bitrate: 2946 kb/s
[stderr]   Stream #0:0[0x1](und): Video: hevc (Main) (hvc1 / 0x31637668), yuv420p(tv, smpte170m/bt709/bt709), 640x480, 2834 kb/s, 29.95 fps, 29.83 tbr, 600 tbn (default)
[stderr]       Metadata:
[stderr]         creation_time   : 2026-07-12T09:54:07.000000Z
[stderr]         handler_name    : Core Media Video
[stderr]         vendor_id       : [0][0][0][0]
[stderr]         encoder         : HEVC
[stderr]       Side data:
[stderr]         displaymatrix: rotation of -180.00 degrees
[stderr]   Stream #0:1[0x2](und): Audio: aac (LC) (mp4a / 0x6134706D), 48000 Hz, mono, fltp, 100 kb/s (default)
[stderr]       Metadata:
[stderr]         creation_time   : 2026-07-12T09:54:07.000000Z
[stderr]         handler_name    : Core Media Audio
[stderr]         vendor_id       : [0][0][0][0]
[stderr]   Stream #0:2[0x3](und): Data: none (mebx / 0x7862656D) (default)
[stderr]       Metadata:
[stderr]         creation_time   : 2026-07-12T09:54:07.000000Z
[stderr]         handler_name    : Core Media Metadata
[stderr] Stream mapping:
[stderr]   Stream #0:0 -> #0:0 (hevc (native) -> h264 (libx264))
[stderr]   Stream #0:1 -> #0:1 (aac (native) -> aac (native))
[stderr] Press [q] to stop, [?] for help
[stderr] [libx264 @ 0x12570e150] using cpu capabilities: ARMv8 NEON
[stderr] [libx264 @ 0x12570e150] profile High, level 3.0, 4:2:0, 8-bit
[stderr] [libx264 @ 0x12570e150] 264 - core 164 r3108 31e19f9 - H.264/MPEG-4 AVC codec - Copyleft 2003-2023 - http://www.videolan.org/x264.html - options: cabac=1 ref=1 deblock=1:0:0 analyse=0x3:0x113 me=hex subme=2 psy=1 psy_rd=1.00:0.00 mixed_ref=0 me_range=16 chroma_me=1 trellis=0 8x8dct=1 cqm=0 deadzone=21,11 fast_pskip=1 chroma_qp_offset=0 threads=15 lookahead_threads=3 sliced_threads=0 nr=0 decimate=1 interlaced=0 bluray_compat=0 constrained_intra=0 bframes=3 b_pyramid=2 b_adapt=1 b_bias=0 direct=1 weightb=1 open_gop=0 weightp=1 keyint=250 keyint_min=25 scenecut=40 intra_refresh=0 rc_lookahead=10 rc=crf mbtree=1 crf=18.0 qcomp=0.60 qpmin=0 qpmax=69 qpstep=4 ip_ratio=1.40 aq=1:1.00
[stderr] Output #0, mp4, to '/Users/johndoe/Documents/company/video_ops/scripts/abstract_algebra_in_proof_assistant/04-set-equality/takes/take-mrhmharr/pipeline/cut/cut-mrhvutes/chunks/chunk-017.mp4':
[stderr]   Metadata:
[stderr]     major_brand     : qt  
[stderr]     minor_version   : 0
[stderr]     compatible_brands: qt  
[stderr]     encoder         : Lavf61.7.100
[stderr]   Stream #0:0(und): Video: h264 (avc1 / 0x31637661), yuv420p(tv, smpte170m/bt709/bt709, progressive), 640x480, q=2-31, 29.83 fps, 11456 tbn (default)
[stderr]       Metadata:
[stderr]         creation_time   : 2026-07-12T09:54:07.000000Z
[stderr]         handler_name    : Core Media Video
[stderr]         vendor_id       : [0][0][0][0]
[stderr]         encoder         : Lavc61.19.100 libx264
[stderr]       Side data:
[stderr]         cpb: bitrate max/min/avg: 0/0/0 buffer size: 0 vbv_delay: N/A
[stderr]   Stream #0:1(und): Audio: aac (LC) (mp4a / 0x6134706D), 48000 Hz, mono, fltp, 69 kb/s (default)
[stderr]       Metadata:
[stderr]         creation_time   : 2026-07-12T09:54:07.000000Z
[stderr]         handler_name    : Core Media Audio
[stderr]         vendor_id       : [0][0][0][0]
[stderr]         encoder         : Lavc61.19.100 aac
[stderr] [out#0/mp4 @ 0x12570d310] video:3106KiB audio:36KiB subtitle:0KiB other streams:0KiB global headers:0KiB muxing overhead: 0.187879%
[stderr] frame=  126 fps= 38 q=-1.0 Lsize=    3147KiB time=00:00:04.15 bitrate=6203.4kbits/s speed=1.25x    
[stderr] [libx264 @ 0x12570e150] frame I:1     Avg QP:24.50  size: 52702
[stderr] [libx264 @ 0x12570e150] frame P:35    Avg QP:23.05  size: 41208
[stderr] [libx264 @ 0x12570e150] frame B:90    Avg QP:25.29  size: 18717
[stderr] [libx264 @ 0x12570e150] consecutive B-frames:  3.2%  3.2%  4.8% 88.9%
[stderr] [libx264 @ 0x12570e150] mb I  I16..4:  2.8% 19.6% 77.7%
[stderr] [libx264 @ 0x12570e150] mb P  I16..4:  2.0%  8.2% 29.1%  P16..4: 14.7% 18.0% 27.4%  0.0%  0.0%    skip: 0.5%
[stderr] [libx264 @ 0x12570e150] mb B  I16..4:  0.7%  1.1%  2.3%  B16..8: 30.5% 18.9% 13.6%  direct:19.3%  skip:13.6%  L0:30.4% L1:29.6% BI:40.0%
[stderr] [libx264 @ 0x12570e150] 8x8 transform intra:21.8% inter:34.4%
[stderr] [libx264 @ 0x12570e150] coded y,uvDC,uvAC intra: 90.9% 78.4% 45.5% inter: 58.0% 30.1% 4.6%
[stderr] [libx264 @ 0x12570e150] i16 v,h,dc,p: 51% 20% 20%  9%
[stderr] [libx264 @ 0x12570e150] i8 v,h,dc,ddl,ddr,vr,hd,vl,hu: 21% 19% 15%  4%  8%  8%  8%  8% 10%
[stderr] [libx264 @ 0x12570e150] i4 v,h,dc,ddl,ddr,vr,hd,vl,hu: 16% 17% 14%  4% 14%  8% 10%  7% 11%
[stderr] [libx264 @ 0x12570e150] i8c dc,h,v,p: 49% 20% 21% 10%
[stderr] [libx264 @ 0x12570e150] Weighted P-Frames: Y:14.3% UV:5.7%
[stderr] [libx264 @ 0x12570e150] kb/s:6022.52
[stderr] [aac @ 0x12576d120] Qavg: 184.379
[stderr] ffmpeg version 7.1 Copyright (c) 2000-2024 the FFmpeg developers
[stderr]   built with Apple clang version 15.0.0 (clang-1500.1.0.2.5)
[stderr]   configuration: --prefix=/opt/homebrew/Cellar/ffmpeg/7.1_3 --enable-shared --enable-pthreads --enable-version3 --cc=clang --host-cflags= --host-ldflags='-Wl,-ld_classic' --enable-ffplay --enable-gnutls --enable-gpl --enable-libaom --enable-libaribb24 --enable-libbluray --enable-libdav1d --enable-libharfbuzz --enable-libjxl --enable-libmp3lame --enable-libopus --enable-librav1e --enable-librist --enable-librubberband --enable-libsnappy --enable-libsrt --enable-libssh --enable-libsvtav1 --enable-libtesseract --enable-libtheora --enable-libvidstab --enable-libvmaf --enable-libvorbis --enable-libvpx --enable-libwebp --enable-libx264 --enable-libx265 --enable-libxml2 --enable-libxvid --enable-lzma --enable-libfontconfig --enable-libfreetype --enable-frei0r --enable-libass --enable-libopencore-amrnb --enable-libopencore-amrwb --enable-libopenjpeg --enable-libspeex --enable-libsoxr --enable-libzmq --enable-libzimg --disable-libjack --disable-indev=jack --enable-videotoolbox --enable-audiotoolbox --enable-neon
[stderr]   libavutil      59. 39.100 / 59. 39.100
[stderr]   libavcodec     61. 19.100 / 61. 19.100
[stderr]   libavformat    61.  7.100 / 61.  7.100
[stderr]   libavdevice    61.  3.100 / 61.  3.100
[stderr]   libavfilter    10.  4.100 / 10.  4.100
[stderr]   libswscale      8.  3.100 /  8.  3.100
[stderr]   libswresample   5.  3.100 /  5.  3.100
[stderr]   libpostproc    58.  3.100 / 58.  3.100
[stderr] Input #0, mov,mp4,m4a,3gp,3g2,mj2, from '/Users/johndoe/Documents/company/video_ops/scripts/abstract_algebra_in_proof_assistant/04-set-equality/takes/take-mrhmharr/source.mp4':
[stderr]   Metadata:
[stderr]     major_brand     : qt  
[stderr]     minor_version   : 0
[stderr]     compatible_brands: qt  
[stderr]     creation_time   : 2026-07-12T09:54:07.000000Z
[stderr]   Duration: 00:06:08.94, start: 0.000000, bitrate: 2946 kb/s
[stderr]   Stream #0:0[0x1](und): Video: hevc (Main) (hvc1 / 0x31637668), yuv420p(tv, smpte170m/bt709/bt709), 640x480, 2834 kb/s, 29.95 fps, 29.83 tbr, 600 tbn (default)
[stderr]       Metadata:
[stderr]         creation_time   : 2026-07-12T09:54:07.000000Z
[stderr]         handler_name    : Core Media Video
[stderr]         vendor_id       : [0][0][0][0]
[stderr]         encoder         : HEVC
[stderr]       Side data:
[stderr]         displaymatrix: rotation of -180.00 degrees
[stderr]   Stream #0:1[0x2](und): Audio: aac (LC) (mp4a / 0x6134706D), 48000 Hz, mono, fltp, 100 kb/s (default)
[stderr]       Metadata:
[stderr]         creation_time   : 2026-07-12T09:54:07.000000Z
[stderr]         handler_name    : Core Media Audio
[stderr]         vendor_id       : [0][0][0][0]
[stderr]   Stream #0:2[0x3](und): Data: none (mebx / 0x7862656D) (default)
[stderr]       Metadata:
[stderr]         creation_time   : 2026-07-12T09:54:07.000000Z
[stderr]         handler_name    : Core Media Metadata
[stderr] Stream mapping:
[stderr]   Stream #0:0 -> #0:0 (hevc (native) -> h264 (libx264))
[stderr]   Stream #0:1 -> #0:1[stderr]  (aac (native) -> aac (native))
[stderr] Press [q] to stop, [?] for help
[stderr] [libx264 @ 0x12ee0e990] using cpu capabilities: ARMv8 NEON
[stderr] [libx264 @ 0x12ee0e990] profile High, level 3.0, 4:2:0, 8-bit
[stderr] [libx264 @ 0x12ee0e990] 264 - core 164 r3108 31e19f9 - H.264/MPEG-4 AVC codec - Copyleft 2003-2023 - http://www.videolan.org/x264.html - options: cabac=1 ref=1 deblock=1:0:0 analyse=0x3:0x113 me=hex subme=2 psy=1 psy_rd=1.00:0.00 mixed_ref=0 me_range=16 chroma_me=1 trellis=0 8x8dct=1 cqm=0 deadzone=21,11 fast_pskip=1 chroma_qp_offset=0 threads=15 lookahead_threads=3 sliced_threads=0 nr=0 decimate=1 interlaced=0 bluray_compat=0 constrained_intra=0 bframes=3 b_pyramid=2 b_adapt=1 b_bias=0 direct=1 weightb=1 open_gop=0 weightp=1 keyint=250 keyint_min=25 scenecut=40 intra_refresh=0 rc_lookahead=10 rc=crf mbtree=1 crf=18.0 qcomp=0.60 qpmin=0 qpmax=69 qpstep=4 ip_ratio=1.40 aq=1:1.00
[stderr] Output #0, mp4, to '/Users/johndoe/Documents/company/video_ops/scripts/abstract_algebra_in_proof_assistant/04-set-equality/takes/take-mrhmharr/pipeline/cut/cut-mrhvutes/chunks/chunk-018.mp4':
[stderr]   Metadata:
[stderr]     major_brand     : qt  
[stderr]     minor_version   : 0
[stderr]     compatible_brands: qt  
[stderr]     encoder         : Lavf61.7.100
[stderr]   Stream #0:0(und): Video: h264 (avc1 / 0x31637661), yuv420p(tv, smpte170m/bt709/bt709, progressive), 640x480, q=2-31, 29.83 fps, 11456 tbn (default)
[stderr]       Metadata:
[stderr]         creation_time   : 2026-07-12T09:54:07.000000Z
[stderr]         handler_name    : Core Media Video
[stderr]         vendor_id       : [0][0][0][0]
[stderr]         encoder         : Lavc61.19.100 libx264
[stderr]       Side data:
[stderr]         cpb: bitrate max/min/avg: 0/0/0 buffer size: 0 vbv_delay: N/A
[stderr]   Stream #0:1(und): Audio: aac (LC) (mp4a / 0x6134706D), 48000 Hz, mono, fltp, 69 kb/s (default)
[stderr]       Metadata:
[stderr]         creation_time   : 2026-07-12T09:54:07.000000Z
[stderr]         handler_name    : Core Media Audio
[stderr]         vendor_id       : [0][0][0][0]
[stderr]         encoder         : Lavc61.19.100 aac
[stderr] [out#0/mp4 @ 0x12ee0dbb0] video:2541KiB audio:29KiB subtitle:0KiB other streams:0KiB global headers:0KiB muxing overhead: 0.193223%
[stderr] frame=  100 fps= 29 q=-1.0 Lsize=    2574KiB time=00:00:03.31 bitrate=6355.4kbits/s speed=0.978x    
[stderr] [libx264 @ 0x12ee0e990] frame I:2     Avg QP:22.09  size: 47804
[stderr] [libx264 @ 0x12ee0e990] frame P:31    Avg QP:23.22  size: 40013
[stderr] [libx264 @ 0x12ee0e990] frame B:67    Avg QP:25.49  size: 18880
[stderr] [libx264 @ 0x12ee0e990] consecutive B-frames:  7.0%  6.0% 15.0% 72.0%
[stderr] [libx264 @ 0x12ee0e990] mb I  I16..4:  4.6%  9.4% 86.0%
[stderr] [libx264 @ 0x12ee0e990] mb P  I16..4:  2.5%  7.0% 27.4%  P16..4: 16.3% 17.8% 28.7%  0.0%  0.0%    skip: 0.3%
[stderr] [libx264 @ 0x12ee0e990] mb B  I16..4:  0.8%  0.9%  1.8%  B16..8: 30.1% 19.6% 13.6%  direct:20.0%  skip:13.2%  L0:28.3% L1:31.4% BI:40.3%
[stderr] [libx264 @ 0x12ee0e990] 8x8 transform intra:18.9% inter:34.9%
[stderr] [libx264 @ 0x12ee0e990] coded y,uvDC,uvAC intra: 90.3% 80.5% 45.9% inter: 61.3% 32.4% 5.4%
[stderr] [libx264 @ 0x12ee0e990] i16 v,h,dc,p: 54% 20% 19%  8%
[stderr] [libx264 @ 0x12ee0e990] i8 v,h,dc,ddl,ddr,vr,hd,vl,hu: 19% 19% 14%  3% 10%  8%  9%  8% 10%
[stderr] [libx264 @ 0x12ee0e990] i4 v,h,dc,ddl,ddr,vr,hd,vl,hu: 16% 17% 14%  4% 14%  9%  9%  7% 10%
[stderr] [libx264 @ 0x12ee0e990] i8c dc,h,v,p: 47% 21% 22%  9%
[stderr] [libx264 @ 0x12ee0e990] Weighted P-Frames: Y:29.0% UV:3.2%
[stderr] [libx264 @ 0x12ee0e990] kb/s:6207.72
[stderr] [aac @ 0x12ee6d910] Qavg: 117.960
[stderr] ffmpeg version 7.1 Copyright (c) 2000-2024 the FFmpeg developers
[stderr]   built with Apple clang version 15.0.0 (clang-1500.1.0.2.5)
[stderr]   configuration: --prefix=/opt/homebrew/Cellar/ffmpeg/7.1_3 --enable-shared --enable-pthreads --enable-version3 --cc=clang --host-cflags= --host-ldflags='-Wl,-ld_classic' --enable-ffplay --enable-gnutls --enable-gpl --enable-libaom --enable-libaribb24 --enable-libbluray --enable-libdav1d --enable-libharfbuzz --enable-libjxl --enable-libmp3lame --enable-libopus --enable-librav1e --enable-librist --enable-librubberband --enable-libsnappy --enable-libsrt --enable-libssh --enable-libsvtav1 --enable-libtesseract --enable-libtheora --enable-libvidstab --enable-libvmaf --enable-libvorbis --enable-libvpx --enable-libwebp --enable-libx264 --enable-libx265 --enable-libxml2 --enable-libxvid --enable-lzma --enable-libfontconfig --enable-libfreetype --enable-frei0r --enable-libass --enable-libopencore-amrnb --enable-libopencore-amrwb --enable-libopenjpeg --enable-libspeex --enable-libsoxr --enable-libzmq --enable-libzimg --disable-libjack --disable-indev=jack --enable-videotoolbox --enable-audiotoolbox --enable-neon
[stderr]   libavutil      59. 39.100 / 59. 39.100
[stderr]   libavcodec     61. 19.100 / 61. 19.100
[stderr]   libavformat    61.  7.100 / 61.  7.100
[stderr]   libavdevice    61.  3.100 / 61.  3.100
[stderr]   libavfilter    10.  4.100 / 10.  4.100
[stderr]   libswscale      8.  3.100 /  8.  3.100
[stderr]   libswresample   5.  3.100 /  5.  3.100
[stderr]   libpostproc    58.  3.100 / 58.  3.100
[stderr] Input #0, mov,mp4,m4a,3gp,3g2,mj2, from '/Users/johndoe/Documents/company/video_ops/scripts/abstract_algebra_in_proof_assistant/04-set-equality/takes/take-mrhmharr/source.mp4':
[stderr]   Metadata:
[stderr]     major_brand     : qt  
[stderr]     minor_version   : 0
[stderr]     compatible_brands: qt  
[stderr]     creation_time   : 2026-07-12T09:54:07.000000Z
[stderr]   Duration: 00:06:08.94, start: 0.000000, bitrate: 2946 kb/s
[stderr]   Stream #0:0[0x1](und): Video: hevc (Main) (hvc1 / 0x31637668), yuv420p(tv, smpte170m/bt709/bt709), 640x480, 2834 kb/s, 29.95 fps, 29.83 tbr, 600 tbn (default)
[stderr]       Metadata:
[stderr]         creation_time   : 2026-07-12T09:54:07.000000Z
[stderr]         handler_name    : Core Media Video
[stderr]         vendor_id       : [0][0][0][0]
[stderr]         encoder         : HEVC
[stderr]       Side data:
[stderr]         displaymatrix: rotation of -180.00 degrees
[stderr]   Stream #0:1[0x2](und): Audio: aac (LC) (mp4a / 0x6134706D), 48000 Hz, mono, fltp, 100 kb/s (default)
[stderr]       Metadata:
[stderr]         creation_time   : 2026-07-12T09:54:07.000000Z
[stderr]         handler_name    : Core Media Audio
[stderr]         vendor_id       : [0][0][0][0]
[stderr]   Stream #0:2[0x3](und): Data: none (mebx / 0x7862656D) (default)
[stderr]       Metadata:
[stderr]         creation_time   : 2026-07-12T09:54:07.000000Z
[stderr]         handler_name    : Core Media Metadata
[stderr] Stream mapping:
[stderr]   Stream #0:0 -> #0:0 (hevc (native) -> h264 (libx264))
[stderr]   Stream #0:1 -> #0:1 (aac (native) -> aac (native))
[stderr] Press [q] to stop, [?] for help
[stderr] [libx264 @ 0x150705d30] using cpu capabilities: ARMv8 NEON
[stderr] [libx264 @ 0x150705d30] profile High, level 3.0, 4:2:0, 8-bit
[stderr] [libx264 @ 0x150705d30] 264 - core 164 r3108 31e19f9 - H.264/MPEG-4 AVC codec - Copyleft 2003-2023 - http://www.videolan.org/x264.html - options: cabac=1 ref=1 deblock=1:0:0 analyse=0x3:0x113 me=hex subme=2 psy=1 psy_rd=1.00:0.00 mixed_ref=0 me_range=16 chroma_me=1 trellis=0 8x8dct=1 cqm=0 deadzone=21,11 fast_pskip=1 chroma_qp_offset=0 threads=15 lookahead_threads=3 sliced_threads=0 nr=0 decimate=1 interlaced=0 bluray_compat=0 constrained_intra=0 bframes=3 b_pyramid=2 b_adapt=1 b_bias=0 direct=1 weightb=1 open_gop=0 weightp=1 keyint=250 keyint_min=25 scenecut=40 intra_refresh=0 rc_lookahead=10 rc=crf mbtree=1 crf=18.0 qcomp=0.60 qpmin=0 qpmax=69 qpstep=4 ip_ratio=1.40 aq=1:1.00
[stderr] Output #0, mp4, to '/Users/johndoe/Documents/company/video_ops/scripts/abstract_algebra_in_proof_assistant/04-set-equality/takes/take-mrhmharr/pipeline/cut/cut-mrhvutes/chunks/chunk-019.mp4':
[stderr]   Metadata:
[stderr]     major_brand     : qt  
[stderr]     minor_version   : 0
[stderr]     compatible_brands: qt  
[stderr]     encoder         : Lavf61.7.100
[stderr]   Stream #0:0(und): Video: h264 (avc1 / 0x31637661), yuv420p(tv, smpte170m/bt709/bt709, progressive), 640x480, q=2-31, 29.83 fps, 11456 tbn (default)
[stderr]       Metadata:
[stderr]         creation_time   : 2026-07-12T09:54:07.000000Z
[stderr]         handler_name    : Core Media Video
[stderr]         vendor_id       : [0][0][0][0]
[stderr]         encoder         : Lavc61.19.100 libx264
[stderr]       Side data:
[stderr]         cpb: bitrate max/min/avg: 0/0/0 buffer size: 0 vbv_delay: N/A
[stderr]   Stream #0:1(und): Audio: aac (LC) (mp4a / 0x6134706D), 48000 Hz, mono, fltp, 69 kb/s (default)
[stderr]       Metadata:
[stderr]         creation_time   : 2026-07-12T09:54:07.000000Z
[stderr]         handler_name    : Core Media Audio
[stderr]         vendor_id       : [0][0][0][0]
[stderr]         encoder         : Lavc61.19.100 aac
[stderr] [out#0/mp4 @ 0x150704d70] video:2129KiB audio:25KiB subtitle:0KiB other streams:0KiB global headers:0KiB muxing overhead: 0.208019%
[stderr] frame=   86 fps= 24 q=-1.0 Lsize=    2158KiB time=00:00:02.81 bitrate=6279.7kbits/s speed=0.801x    
[stderr] [libx264 @ 0x150705d30] frame I:1     Avg QP:22.45  size: 58267
[stderr] [libx264 @ 0x150705d30] frame P:25    Avg QP:23.02  size: 45452
[stderr] [libx264 @ 0x150705d30] frame B:60    Avg QP:25.75  size: 16418
[stderr] [libx264 @ 0x150705d30] consecutive B-frames:  2.3% 11.6%  7.0% 79.1%
[stderr] [libx264 @ 0x150705d30] mb I  I16..4:  3.9%  6.3% 89.8%
[stderr] [libx264 @ 0x150705d30] mb P  I16..4:  1.2%  3.5% 16.7%  P16..4: 22.6% 21.7% 33.9%  0.0%  0.0%    skip: 0.5%
[stderr] [libx264 @ 0x150705d30] mb B  I16..4:  0.3%  0.2%  1.2%  B16..8: 29.2% 17.4%  9.5%  direct:25.5%  skip:16.7%  L0:32.0% L1:29.4% BI:38.7%
[stderr] [libx264 @ 0x150705d30] 8x8 transform intra:14.6% inter:37.6%
[stderr] [libx264 @ 0x150705d30] coded y,uvDC,uvAC intra: 91.7% 89.2% 55.3% inter: 59.6% 27.9% 5.3%
[stderr] [libx264 @ 0x150705d30] i16 v,h,dc,p: 46% 26% 19%  8%
[stderr] [libx264 @ 0x150705d30] i8 v,h,dc,ddl,ddr,vr,hd,vl,hu: 19% 21% 16%  3%  7%  5%  9% 10% 10%
[stderr] [libx264 @ 0x150705d30] i4 v,h,dc,ddl,ddr,vr,hd,vl,hu: 13% 20% 14%  4% 12%  6% 10%  7% 14%
[stderr] [libx264 @ 0x150705d30] i8c dc,h,v,p: 47% 24% 18% 11%
[stderr] [libx264 @ 0x150705d30] Weighted P-Frames: Y:40.0% UV:12.0%
[stderr] [libx264 @ 0x150705d30] kb/s:6048.97
[stderr] [aac @ 0x15076b0f0] Qavg: 117.109
[stderr] ffmpeg version 7.1 Copyright (c) 2000-2024 the FFmpeg developers
[stderr]   built with Apple clang version 15.0.0 (clang-1500.1.0.2.5)
[stderr]   configuration: --prefix=/opt/homebrew/Cellar/ffmpeg/7.1_3 --enable-shared --enable-pthreads --enable-version3 --cc=clang --host-cflags= --host-ldflags='-Wl,-ld_classic' --enable-ffplay --enable-gnutls --enable-gpl --enable-libaom --enable-libaribb24 --enable-libbluray --enable-libdav1d --enable-libharfbuzz --enable-libjxl --enable-libmp3lame --enable-libopus --enable-librav1e --enable-librist --enable-librubberband --enable-libsnappy --enable-libsrt --enable-libssh --enable-libsvtav1 --enable-libtesseract --enable-libtheora --enable-libvidstab --enable-libvmaf --enable-libvorbis --enable-libvpx --enable-libwebp --enable-libx264 --enable-libx265 --enable-libxml2 --enable-libxvid --enable-lzma --enable-libfontconfig --enable-libfreetype --enable-frei0r --enable-libass --enable-libopencore-amrnb --enable-libopencore-amrwb --enable-libopenjpeg --enable-libspeex --enable-libsoxr --enable-libzmq --enable-libzimg --disable-libjack --disable-indev=jack --enable-videotoolbox --enable-audiotoolbox --enable-neon
[stderr]   libavutil      59. 39.100 / 59. 39.100
[stderr]   libavcodec     61. 19.100 / 61. 19.100
[stderr]   libavformat    61.  7.100 / 61.  7.100
[stderr]   libavdevice    61.  3.100 / 61.  3.100
[stderr]   libavfilter    10.  4.100 / 10.  4.100
[stderr]   libswscale      8.  3.100 /  8.  3.100
[stderr]   libswresample   5.  3.100 /  5.  3.100
[stderr]   libpostproc    58.  3.100 / 58.  3.100
[stderr] Input #0, mov,mp4,m4a,3gp,3g2,mj2, from '/Users/johndoe/Documents/company/video_ops/scripts/abstract_algebra_in_proof_assistant/04-set-equality/takes/take-mrhmharr/source.mp4':
[stderr]   Metadata:
[stderr]     major_brand     : qt  
[stderr]     minor_version   : 0
[stderr]     compatible_brands: qt  
[stderr]     creation_time   : 2026-07-12T09:54:07.000000Z
[stderr]   Duration: 00:06:08.94, start: 0.000000, bitrate: 2946 kb/s
[stderr]   Stream #0:0[0x1](und): Video: hevc (Main) (hvc1 / 0x31637668), yuv420p(tv, smpte170m/bt709/bt709), 640x480, 2834 kb/s, 29.95 fps, 29.83 tbr, 600 tbn (default)
[stderr]       Metadata:
[stderr]         creation_time   : 2026-07-12T09:54:07.000000Z
[stderr]         handler_name    : Core Media Video
[stderr]         vendor_id       : [0][0][0][0]
[stderr]         encoder         : HEVC
[stderr]       Side data:
[stderr]         displaymatrix: rotation of -180.00 degrees
[stderr]   Stream #0:1[0x2](und): Audio: aac (LC) (mp4a / 0x6134706D), 48000 Hz, mono, fltp, 100 kb/s (default)
[stderr]       Metadata:
[stderr]         creation_time   : 2026-07-12T09:54:07.000000Z
[stderr]         handler_name    : Core Media Audio
[stderr]         vendor_id       : [0][0][0][0]
[stderr]   Stream #0:2[0x3](und): Data: none (mebx / 0x7862656D) (default)
[stderr]       Metadata:
[stderr]         creation_time   : 2026-07-12T09:54:07.000000Z
[stderr]         handler_name    : Core Media Metadata
[stderr] Stream mapping:
[stderr]   Stream #0:0 -> #0:0 (hevc (native) -> h264 (libx264))
[stderr]   Stream #0:1 -> #0:1[stderr]  (aac (native) -> aac (native))
[stderr] Press [q] to stop, [?] for help
[stderr] [libx264 @ 0x14460e170] using cpu capabilities: ARMv8 NEON
[stderr] [libx264 @ 0x14460e170] profile High, level 3.0, 4:2:0, 8-bit
[stderr] [libx264 @ 0x14460e170] 264 - core 164 r3108 31e19f9 - H.264/MPEG-4 AVC codec - Copyleft 2003-2023 - http://www.videolan.org/x264.html - options: cabac=1 ref=1 deblock=1:0:0 analyse=0x3:0x113 me=hex subme=2 psy=1 psy_rd=1.00:0.00 mixed_ref=0 me_range=16 chroma_me=1 trellis=0 8x8dct=1 cqm=0 deadzone=21,11 fast_pskip=1 chroma_qp_offset=0 threads=15 lookahead_threads=3 sliced_threads=0 nr=0 decimate=1 interlaced=0 bluray_compat=0 constrained_intra=0 bframes=3 b_pyramid=2 b_adapt=1 b_bias=0 direct=1 weightb=1 open_gop=0 weightp=1 keyint=250 keyint_min=25 scenecut=40 intra_refresh=0 rc_lookahead=10 rc=crf mbtree=1 crf=18.0 qcomp=0.60 qpmin=0 qpmax=69 qpstep=4 ip_ratio=1.40 aq=1:1.00
[stderr] Output #0, mp4, to '/Users/johndoe/Documents/company/video_ops/scripts/abstract_algebra_in_proof_assistant/04-set-equality/takes/take-mrhmharr/pipeline/cut/cut-mrhvutes/chunks/chunk-020.mp4':
[stderr]   Metadata:
[stderr]     major_brand     : qt  
[stderr]     minor_version   : 0
[stderr]     compatible_brands: qt  
[stderr]     encoder         : Lavf61.7.100
[stderr]   Stream #0:0(und): Video: h264 (avc1 / 0x31637661), yuv420p(tv, smpte170m/bt709/bt709, progressive), 640x480, q=2-31, 29.83 fps, 11456 tbn (default)
[stderr]       Metadata:
[stderr]         creation_time   : 2026-07-12T09:54:07.000000Z
[stderr]         handler_name    : Core Media Video
[stderr]         vendor_id       : [0][0][0][0]
[stderr]         encoder         : Lavc61.19.100 libx264
[stderr]       Side data:
[stderr]         cpb: bitrate max/min/avg: 0/0/0 buffer size: 0 vbv_delay: N/A
[stderr]   Stream #0:1(und): Audio: aac (LC) (mp4a / 0x6134706D), 48000 Hz, mono, fltp, 69 kb/s (default)
[stderr]       Metadata:
[stderr]         creation_time   : 2026-07-12T09:54:07.000000Z
[stderr]         handler_name    : Core Media Audio
[stderr]         vendor_id       : [0][0][0][0]
[stderr]         encoder         : Lavc61.19.100 aac
[stderr] frame=    0 fps=0.0 q=0.0 size=       0KiB time=N/A bitrate=N/A speed=N/A    
[stderr] [out#0/mp4 @ 0x14460d330] video:1117KiB audio:13KiB subtitle:0KiB other streams:0KiB global headers:0KiB muxing overhead: 0.258600%
[stderr] frame=   42 fps= 12 q=-1.0 Lsize=    1133KiB time=00:00:01.37 bitrate=6752.5kbits/s speed=0.385x    
[stderr] [libx264 @ 0x14460e170] frame I:1     Avg QP:23.39  size: 60706
[stderr] [libx264 @ 0x14460e170] frame P:12    Avg QP:23.09  size: 43379
[stderr] [libx264 @ 0x14460e170] frame B:29    Avg QP:25.34  size: 19386
[stderr] [libx264 @ 0x14460e170] consecutive B-frames:  4.8%  4.8% 14.3% 76.2%
[stderr] [libx264 @ 0x14460e170] mb I  I16..4:  3.1%  7.8% 89.1%
[stderr] [libx264 @ 0x14460e170] mb P  I16..4:  2.5%  5.0% 18.2%  P16..4: 21.8% 20.4% 31.6%  0.0%  0.0%    skip: 0.4%
[stderr] [libx264 @ 0x14460e170] mb B  I16..4:  0.8%  0.8%  1.1%  B16..8: 28.3% 21.0% 12.8%  direct:24.3%  skip:11.0%  L0:28.1% L1:38.4% BI:33.6%
[stderr] [libx264 @ 0x14460e170] 8x8 transform intra:18.7% inter:34.1%
[stderr] [libx264 @ 0x14460e170] coded y,uvDC,uvAC intra: 87.5% 85.2% 54.3% inter: 65.0% 34.8% 6.3%
[stderr] [libx264 @ 0x14460e170] i16 v,h,dc,p: 49% 14% 27% 10%
[stderr] [libx264 @ 0x14460e170] i8 v,h,dc,ddl,ddr,vr,hd,vl,hu: 19% 19% 16%  4%  9%  6% 10%  7% 10%
[stderr] [libx264 @ 0x14460e170] i4 v,h,dc,ddl,ddr,vr,hd,vl,hu: 12% 19% 14%  4% 14%  7% 11%  7% 13%
[stderr] [libx264 @ 0x14460e170] i8c dc,h,v,p: 47% 24% 18% 11%
[stderr] [libx264 @ 0x14460e170] Weighted P-Frames: Y:33.3% UV:0.0%
[stderr] [libx264 @ 0x14460e170] kb/s:6497.69
[stderr] [aac @ 0x14466d140] Qavg: 99.110
[stderr] ffmpeg version 7.1 Copyright (c) 2000-2024 the FFmpeg developers
[stderr]   built with Apple clang version 15.0.0 (clang-1500.1.0.2.5)
[stderr]   configuration: --prefix=/opt/homebrew/Cellar/ffmpeg/7.1_3 --enable-shared --enable-pthreads --enable-version3 --cc=clang --host-cflags= --host-ldflags='-Wl,-ld_classic' --enable-ffplay --enable-gnutls --enable-gpl --enable-libaom --enable-libaribb24 --enable-libbluray --enable-libdav1d --enable-libharfbuzz --enable-libjxl --enable-libmp3lame --enable-libopus --enable-librav1e --enable-librist --enable-librubberband --enable-libsnappy --enable-libsrt --enable-libssh --enable-libsvtav1 --enable-libtesseract --enable-libtheora --enable-libvidstab --enable-libvmaf --enable-libvorbis --enable-libvpx --enable-libwebp --enable-libx264 --enable-libx265 --enable-libxml2 --enable-libxvid --enable-lzma --enable-libfontconfig --enable-libfreetype --enable-frei0r --enable-libass --enable-libopencore-amrnb --enable-libopencore-amrwb --enable-libopenjpeg --enable-libspeex --enable-libsoxr --enable-libzmq --enable-libzimg --disable-libjack --disable-indev=jack --enable-videotoolbox --enable-audiotoolbox --enable-neon
[stderr]   libavutil      59. 39.100 / 59. 39.100
[stderr]   libavcodec     61. 19.100 / 61. 19.100
[stderr]   libavformat    61.  7.100 / 61.  7.100
[stderr]   libavdevice    61.  3.100 / 61.  3.100
[stderr]   libavfilter    10.  4.100 / 10.  4.100
[stderr]   libswscale      8.  3.100 /  8.  3.100
[stderr]   libswresample   5.  3.100 /  5.  3.100
[stderr]   libpostproc    58.  3.100 / 58.  3.100
[stderr] Input #0, mov,mp4,m4a,3gp,3g2,mj2, from '/Users/johndoe/Documents/company/video_ops/scripts/abstract_algebra_in_proof_assistant/04-set-equality/takes/take-mrhmharr/source.mp4':
[stderr]   Metadata:
[stderr]     major_brand     : qt  
[stderr]     minor_version   : 0
[stderr]     compatible_brands: qt  
[stderr]     creation_time   : 2026-07-12T09:54:07.000000Z
[stderr]   Duration: 00:06:08.94, start: 0.000000, bitrate: 2946 kb/s
[stderr]   Stream #0:0[0x1](und): Video: hevc (Main) (hvc1 / 0x31637668), yuv420p(tv, smpte170m/bt709/bt709), 640x480, 2834 kb/s, 29.95 fps, 29.83 tbr, 600 tbn (default)
[stderr]       Metadata:
[stderr]         creation_time   : 2026-07-12T09:54:07.000000Z
[stderr]         handler_name    : Core Media Video
[stderr]         vendor_id       : [0][0][0][0]
[stderr]         encoder         : HEVC
[stderr]       Side data:
[stderr]         displaymatrix: rotation of -180.00 degrees
[stderr]   Stream #0:1[0x2](und): Audio: aac (LC) (mp4a / 0x6134706D), 48000 Hz, mono, fltp, 100 kb/s (default)
[stderr]       Metadata:
[stderr]         creation_time   : 2026-07-12T09:54:07.000000Z
[stderr]         handler_name    : Core Media Audio
[stderr]         vendor_id       : [0][0][0][0]
[stderr]   Stream #0:2[0x3](und): Data: none (mebx / 0x7862656D) (default)
[stderr]       Metadata:
[stderr]         creation_time   : 2026-07-12T09:54:07.000000Z
[stderr]         handler_name    : Core Media Metadata
[stderr] Stream mapping:
[stderr]   Stream #0:0 -> #0:0 (hevc (native) -> h264 (libx264))
[stderr]   Stream #0:1 -> #0:1 (aac (native) -> aac (native))
[stderr] Press [q] to stop, [?] for help
[stderr] [libx264 @ 0x143711e50] using cpu capabilities: ARMv8 NEON
[stderr] [libx264 @ 0x143711e50] profile High, level 3.0, 4:2:0, 8-bit
[stderr] [libx264 @ 0x143711e50] 264 - core 164 r3108 31e19f9 - H.264/MPEG-4 AVC codec - Copyleft 2003-2023 - http://www.videolan.org/x264.html - options: cabac=1 ref=1 deblock=1:0:0 analyse=0x3:0x113 me=hex subme=2 psy=1 psy_rd=1.00:0.00 mixed_ref=0 me_range=16 chroma_me=1 trellis=0 8x8dct=1 cqm=0 deadzone=21,11 fast_pskip=1 chroma_qp_offset=0 threads=15 lookahead_threads=3 sliced_threads=0 nr=0 decimate=1 interlaced=0 bluray_compat=0 constrained_intra=0 bframes=3 b_pyramid=2 b_adapt=1 b_bias=0 direct=1 weightb=1 open_gop=0 weightp=1 keyint=250 keyint_min=25 scenecut=40 intra_refresh=0 rc_lookahead=10 rc=crf mbtree=1 crf=18.0 qcomp=0.60 qpmin=0 qpmax=69 qpstep=4 ip_ratio=1.40 aq=1:1.00
[stderr] Output #0, mp4, to '/Users/johndoe/Documents/company/video_ops/scripts/abstract_algebra_in_proof_assistant/04-set-equality/takes/take-mrhmharr/pipeline/cut/cut-mrhvutes/chunks/chunk-021.mp4':
[stderr]   Metadata:
[stderr]     major_brand     : qt  
[stderr]     minor_version   : 0
[stderr]     compatible_brands: qt  
[stderr]     encoder         : Lavf61.7.100
[stderr]   Stream #0:0(und): Video: h264 (avc1 / 0x31637661), yuv420p(tv, smpte170m/bt709/bt709, progressive), 640x480, q=2-31, 29.83 fps, 11456 tbn (default)
[stderr]       Metadata:
[stderr]         creation_time   : 2026-07-12T09:54:07.000000Z
[stderr]         handler_name    : Core Media Video
[stderr]         vendor_id       : [0][0][0][0]
[stderr]         encoder         : Lavc61.19.100 libx264
[stderr]       Side data:
[stderr]         cpb: bitrate max/min/avg: 0/0/0 buffer size: 0 vbv_delay: N/A
[stderr]   Stream #0:1(und): Audio: aac (LC) (mp4a / 0x6134706D), 48000 Hz, mono, fltp, 69 kb/s (default)
[stderr]       Metadata:
[stderr]         creation_time   : 2026-07-12T09:54:07.000000Z
[stderr]         handler_name    : Core Media Audio
[stderr]         vendor_id       : [0][0][0][0]
[stderr]         encoder         : Lavc61.19.100 aac
[stderr] frame=    0 fps=0.0 q=0.0 size=       0KiB time=N/A bitrate=N/A speed=N/A    
[stderr] [out#0/mp4 @ 0x1437072f0] video:8590KiB audio:114KiB subtitle:0KiB other streams:0KiB global headers:0KiB muxing overhead: 0.180230%
[stderr] frame=  401 fps=100 q=-1.0 Lsize=    8720KiB time=00:00:13.37 bitrate=5341.1kbits/s speed=3.33x    
[stderr] [libx264 @ 0x143711e50] frame I:3     Avg QP:19.70  size: 46458
[stderr] [libx264 @ 0x143711e50] frame P:111   Avg QP:22.01  size: 36433
[stderr] [libx264 @ 0x143711e50] frame B:287   Avg QP:24.59  size: 16071
[stderr] [libx264 @ 0x143711e50] consecutive B-frames:  2.2%  5.0%  6.0% 86.8%
[stderr] [libx264 @ 0x143711e50] mb I  I16..4:  5.9% 12.8% 81.3%
[stderr] [libx264 @ 0x143711e50] mb P  I16..4:  4.5%  9.7% 26.0%  P16..4: 16.7% 18.1% 24.2%  0.0%  0.0%    skip: 0.8%
[stderr] [libx264 @ 0x143711e50] mb B  I16..4:  1.3%  1.3%  2.1%  B16..8: 29.2% 18.2% 10.6%  direct:19.8%  skip:17.3%  L0:32.3% L1:33.0% BI:34.7%
[stderr] [libx264 @ 0x143711e50] 8x8 transform intra:24.4% inter:35.8%
[stderr] [libx264 @ 0x143711e50] coded y,uvDC,uvAC intra: 84.7% 75.4% 42.8% inter: 53.8% 29.5% 5.5%
[stderr] [libx264 @ 0x143711e50] i16 v,h,dc,p: 60% 18% 17%  5%
[stderr] [libx264 @ 0x143711e50] i8 v,h,dc,ddl,ddr,vr,hd,vl,hu: 19% 19% 16%  4%  9%  7%  8%  7% 10%
[stderr] [libx264 @ 0x143711e50] i4 v,h,dc,ddl,ddr,vr,hd,vl,hu: 15% 19% 14%  4% 13%  8%  9%  7% 10%
[stderr] [libx264 @ 0x143711e50] i8c dc,h,v,p: 50% 22% 19% 10%
[stderr] [libx264 @ 0x143711e50] Weighted P-Frames: Y:16.2% UV:0.0%
[stderr] [libx264 @ 0x143711e50] kb/s:5235.16
[stderr] [aac @ 0x143770d30] Qavg: 148.520
[stderr] ffmpeg version 7.1 Copyright (c) 2000-2024 the FFmpeg developers
[stderr]   built with Apple clang version 15.0.0 (clang-1500.1.0.2.5)
[stderr]   configuration: --prefix=/opt/homebrew/Cellar/ffmpeg/7.1_3 --enable-shared --enable-pthreads --enable-version3 --cc=clang --host-cflags= --host-ldflags='-Wl,-ld_classic' --enable-ffplay --enable-gnutls --enable-gpl --enable-libaom --enable-libaribb24 --enable-libbluray --enable-libdav1d --enable-libharfbuzz --enable-libjxl --enable-libmp3lame --enable-libopus --enable-librav1e --enable-librist --enable-librubberband --enable-libsnappy --enable-libsrt --enable-libssh --enable-libsvtav1 --enable-libtesseract --enable-libtheora --enable-libvidstab --enable-libvmaf --enable-libvorbis --enable-libvpx --enable-libwebp --enable-libx264 --enable-libx265 --enable-libxml2 --enable-libxvid --enable-lzma --enable-libfontconfig --enable-libfreetype --enable-frei0r --enable-libass --enable-libopencore-amrnb --enable-libopencore-amrwb --enable-libopenjpeg --enable-libspeex --enable-libsoxr --enable-libzmq --enable-libzimg --disable-libjack --disable-indev=jack --enable-videotoolbox --enable-audiotoolbox --enable-neon
[stderr]   libavutil      59. 39.100 / 59. 39.100
[stderr]   libavcodec     61. 19.100 / 61. 19.100
[stderr]   libavformat    61.  7.100 / 61.  7.100
[stderr]   libavdevice    61.  3.100 / 61.  3.100
[stderr]   libavfilter    10.  4.100 / 10.  4.100
[stderr]   libswscale      8.  3.100 /  8.  3.100
[stderr]   libswresample   5.  3.100 /  5.  3.100
[stderr]   libpostproc    58.  3.100 / 58.  3.100
[stderr] Input #0, mov,mp4,m4a,3gp,3g2,mj2, from '/Users/johndoe/Documents/company/video_ops/scripts/abstract_algebra_in_proof_assistant/04-set-equality/takes/take-mrhmharr/source.mp4':
[stderr]   Metadata:
[stderr]     major_brand     : qt  
[stderr]     minor_version   : 0
[stderr]     compatible_brands: qt  
[stderr]     creation_time   : 2026-07-12T09:54:07.000000Z
[stderr]   Duration: 00:06:08.94, start: 0.000000, bitrate: 2946 kb/s
[stderr]   Stream #0:0[0x1](und): Video: hevc (Main) (hvc1 / 0x31637668), yuv420p(tv, smpte170m/bt709/bt709), 640x480, 2834 kb/s, 29.95 fps, 29.83 tbr, 600 tbn (default)
[stderr]       Metadata:
[stderr]         creation_time   : 2026-07-12T09:54:07.000000Z
[stderr]         handler_name    : Core Media Video
[stderr]         vendor_id       : [0][0][0][0]
[stderr]         encoder         : HEVC
[stderr]       Side data:
[stderr]         displaymatrix: rotation of -180.00 degrees
[stderr]   Stream #0:1[0x2](und): Audio: aac (LC) (mp4a / 0x6134706D), 48000 Hz, mono, fltp, 100 kb/s (default)
[stderr]       Metadata:
[stderr]         creation_time   : 2026-07-12T09:54:07.000000Z
[stderr]         handler_name    : Core Media Audio
[stderr]         vendor_id       : [0][0][0][0]
[stderr]   Stream #0:2[0x3](und): Data: none (mebx / 0x7862656D) (default)
[stderr]       Metadata:
[stderr]         creation_time   : 2026-07-12T09:54:07.000000Z
[stderr]         handler_name    : Core Media Metadata
[stderr] Stream mapping:
[stderr]   Stream #0:0 -> #0:0 (hevc (native) -> h264 (libx264))
[stderr]   Stream #0:1 -> #0:1 (aac (native) -> aac (native))
[stderr] Press [q] to stop, [?] for help
[stderr] [libx264 @ 0x153e3ab10] using cpu capabilities: ARMv8 NEON
[stderr] [libx264 @ 0x153e3ab10] profile High, level 3.0, 4:2:0, 8-bit
[stderr] [libx264 @ 0x153e3ab10] 264 - core 164 r3108 31e19f9 - H.264/MPEG-4 AVC codec - Copyleft 2003-2023 - http://www.videolan.org/x264.html - options: cabac=1 ref=1 deblock=1:0:0 analyse=0x3:0x113 me=hex subme=2 psy=1 psy_rd=1.00:0.00 mixed_ref=0 me_range=16 chroma_me=1 trellis=0 8x8dct=1 cqm=0 deadzone=21,11 fast_pskip=1 chroma_qp_offset=0 threads=15 lookahead_threads=3 sliced_threads=0 nr=0 decimate=1 interlaced=0 bluray_compat=0 constrained_intra=0 bframes=3 b_pyramid=2 b_adapt=1 b_bias=0 direct=1 weightb=1 open_gop=0 weightp=1 keyint=250 keyint_min=25 scenecut=40 intra_refresh=0 rc_lookahead=10 rc=crf mbtree=1 crf=18.0 qcomp=0.60 qpmin=0 qpmax=69 qpstep=4 ip_ratio=1.40 aq=1:1.00
[stderr] Output #0, mp4, to '/Users/johndoe/Documents/company/video_ops/scripts/abstract_algebra_in_proof_assistant/04-set-equality/takes/take-mrhmharr/pipeline/cut/cut-mrhvutes/chunks/chunk-022.mp4':
[stderr]   Metadata:
[stderr]     major_brand     : qt  
[stderr]     minor_version   : 0
[stderr]     compatible_brands: qt  
[stderr]     encoder         : Lavf61.7.100
[stderr]   Stream #0:0(und): Video: h264 (avc1 / 0x31637661), yuv420p(tv, smpte170m/bt709/bt709, progressive), 640x480, q=2-31, 29.83 fps, 11456 tbn (default)
[stderr]       Metadata:
[stderr]         creation_time   : 2026-07-12T09:54:07.000000Z
[stderr]         handler_name    : Core Media Video
[stderr]         vendor_id       : [0][0][0][0]
[stderr]         encoder         : Lavc61.19.100 libx264
[stderr]       Side data:
[stderr]         cpb: bitrate max/min/avg: 0/0/0 buffer size: 0 vbv_delay: N/A
[stderr]   Stream #0:1(und): Audio: aac (LC) (mp4a / 0x6134706D), 48000 Hz, mono, fltp, 69 kb/s (default)
[stderr]       Metadata:
[stderr]         creation_time   : 2026-07-12T09:54:07.000000Z
[stderr]         handler_name    : Core Media Audio
[stderr]         vendor_id       : [0][0][0][0]
[stderr]         encoder         : Lavc61.19.100 aac
[stderr] frame=  302 fps= 75 q=24.0 size=    6912KiB time=00:00:10.05 bitrate=5630.9kbits/s speed=2.49x    
[stderr] frame=  721 fps=159 q=24.0 size=   16384KiB time=00:00:24.16 bitrate=5553.6kbits/s dup=0 drop=2 speed=5.33x    
[stderr] frame= 1260 fps=250 q=24.0 size=   22528KiB time=00:00:42.20 bitrate=4373.1kbits/s dup=0 drop=5 speed=8.37x    
[stderr] [out#0/mp4 @ 0x153e39c10] video:29690KiB audio:497KiB subtitle:0KiB other streams:0KiB global headers:0KiB muxing overhead: 0.208156%
[stderr] frame= 1749 fps=317 q=-1.0 Lsize=   30250KiB time=00:00:58.59 bitrate=4229.3kbits/s dup=0 drop=7 speed=10.6x    
[stderr] [libx264 @ 0x153e3ab10] frame I:8     Avg QP:17.50  size: 59954
[stderr] [libx264 @ 0x153e3ab10] frame P:615   Avg QP:20.25  size: 30104
[stderr] [libx264 @ 0x153e3ab10] frame B:1126  Avg QP:24.23  size: 10132
[stderr] [libx264 @ 0x153e3ab10] consecutive B-frames:  7.7% 15.2% 12.9% 64.3%
[stderr] [libx264 @ 0x153e3ab10] mb I  I16..4: 15.7%  6.6% 77.6%
[stderr] [libx264 @ 0x153e3ab10] mb P  I16..4: 11.0%  3.9%  7.1%  P16..4: 21.7% 20.0% 28.9%  0.0%  0.0%    skip: 7.4%
[stderr] [libx264 @ 0x153e3ab10] mb B  I16..4:  2.1%  0.3%  0.5%  B16..8: 27.4% 14.8%  7.4%  direct:13.6%  skip:33.9%  L0:26.0% L1:32.4% BI:41.6%
[stderr] [libx264 @ 0x153e3ab10] 8x8 transform intra:15.9% inter:32.1%
[stderr] [libx264 @ 0x153e3ab10] coded y,uvDC,uvAC intra: 48.0% 43.0% 23.4% inter: 42.3% 19.8% 2.8%
[stderr] [libx264 @ 0x153e3ab10] i16 v,h,dc,p: 81%  7% 10%  2%
[stderr] [libx264 @ 0x153e3ab10] i8 v,h,dc,ddl,ddr,vr,hd,vl,hu: 18% 20% 23%  3%  7%  6%  7%  7%  8%
[stderr] [libx264 @ 0x153e3ab10] i4 v,h,dc,ddl,ddr,vr,hd,vl,hu: 14% 18% 16%  4% 12%  7%  9%  7% 11%
[stderr] [libx264 @ 0x153e3ab10] i8c dc,h,v,p: 72% 13% 11%  5%
[stderr] [libx264 @ 0x153e3ab10] Weighted P-Frames: Y:15.0% UV:1.1%
[stderr] [libx264 @ 0x153e3ab10] kb/s:4148.63
[stderr] [aac @ 0x153e9dd70] Qavg: 206.644
[stderr] ffmpeg version 7.1 Copyright (c) 2000-2024 the FFmpeg developers
[stderr]   built with Apple clang version 15.0.0 (clang-1500.1.0.2.5)
[stderr]   configuration: --prefix=/opt/homebrew/Cellar/ffmpeg/7.1_3 --enable-shared --enable-pthreads --enable-version3 --cc=clang --host-cflags= --host-ldflags='-Wl,-ld_classic' --enable-ffplay --enable-gnutls --enable-gpl --enable-libaom --enable-libaribb24 --enable-libbluray --enable-libdav1d --enable-libharfbuzz --enable-libjxl --enable-libmp3lame --enable-libopus --enable-librav1e --enable-librist --enable-librubberband --enable-libsnappy --enable-libsrt --enable-libssh --enable-libsvtav1 --enable-libtesseract --enable-libtheora --enable-libvidstab --enable-libvmaf --enable-libvorbis --enable-libvpx --enable-libwebp --enable-libx264 --enable-libx265 --enable-libxml2 --enable-libxvid --enable-lzma --enable-libfontconfig --enable-libfreetype --enable-frei0r --enable-libass --enable-libopencore-amrnb --enable-libopencore-amrwb --enable-libopenjpeg --enable-libspeex --enable-libsoxr --enable-libzmq --enable-libzimg --disable-libjack --disable-indev=jack --enable-videotoolbox --enable-audiotoolbox --enable-neon
[stderr]   libavutil      59. 39.100 / 59. 39.100
[stderr]   libavcodec     61. 19.100 / 61. 19.100
[stderr]   libavformat    61.  7.100 / 61.  7.100
[stderr]   libavdevice    61.  3.100 / 61.  3.100
[stderr]   libavfilter    10.  4.100 / 10.  4.100
[stderr]   libswscale      8.  3.100 /  8.  3.100
[stderr]   libswresample   5.  3.100 /  5.  3.100
[stderr]   libpostproc    58.  3.100 / 58.  3.100
[stderr] [mov,mp4,m4a,3gp,3g2,mj2 @ 0x13ae37f80] Auto-inserting h264_mp4toannexb bitstream filter
[stderr] Input #0, concat, from '/Users/johndoe/Documents/company/video_ops/scripts/abstract_algebra_in_proof_assistant/04-set-equality/takes/take-mrhmharr/pipeline/cut/cut-mrhvutes/chunks/concat.txt':
[stderr]   Duration: N/A, start: 0.000000, bitrate: 5481 kb/s
[stderr]   Stream #0:0(und): Video: h264 (High) (avc1 / 0x31637661), yuv420p(tv, smpte170m/bt709/bt709, progressive), 640x480, 5411 kb/s, 29.83 fps, 29.83 tbr, 11456 tbn
[stderr]       Metadata:
[stderr]         handler_name    : Core Media Video
[stderr]         vendor_id       : [0][0][0][0]
[stderr]         encoder         : Lavc61.19.100 libx264
[stderr]   Stream #0:1(und): Audio: aac (LC) (mp4a / 0x6134706D), 48000 Hz, mono, fltp, 70 kb/s
[stderr]       Metadata:
[stderr]         handler_name    : Core Media Audio
[stderr]         vendor_id       : [0][0][0][0]
[stderr] Stream mapping:
[stderr]   Stream #0:0 -> #0:0 (copy)
[stderr]   Stream #0:1 -> #0:1 (copy)
[stderr] Output #0, mp4, to '/Users/johndoe/Documents/company/video_ops/scripts/abstract_algebra_in_proof_assistant/04-set-equality/takes/take-mrhmharr/pipeline/cut/cut-mrhvutes/edited-good-intervals.mp4':
[stderr]   Metadata:
[stderr]     encoder         : Lavf61.7.100
[stderr]   Stream #0:0(und): Video: h264 (High) (avc1 / 0x31637661), yuv420p(tv, smpte170m/bt709/bt709, progressive), 640x480, q=2-31, 5411 kb/s, 29.83 fps, 29.83 tbr, 11456 tbn
[stderr]       Metadata:
[stderr]         handler_name    : Core Media Video
[stderr]         vendor_id       : [0][0][0][0]
[stderr]         encoder         : Lavc61.19.100 libx264
[stderr]   Stream #0:1(und): Audio: aac (LC) (mp4a / 0x6134706D), 48000 Hz, mono, fltp, 70 kb/s
[stderr]       Metadata:
[stderr]         handler_name    : Core Media Audio
[stderr]         vendor_id       : [0][0][0][0]
[stderr] Press [q] to stop, [?] for help
[stderr] [mov,mp4,m4a,3gp,3g2,mj2 @ 0x13ae390b0] Auto-inserting h264_mp4toannexb bitstream filter
[stderr] [mov,mp4,m4a,3gp,3g2,mj2 @ 0x13ae3beb0] Auto-inserting h264_mp4toannexb bitstream filter
[stderr] [mov,mp4,m4a,3gp,3g2,mj2 @ 0x13ae385e0] Auto-inserting h264_mp4toannexb bitstream filter
[stderr] [mov,mp4,m4a,3gp,3g2,mj2 @ 0x11af04860] Auto-inserting h264_mp4toannexb bitstream filter
[stderr] [mov,mp4,m4a,3gp,3g2,mj2 @ 0x13ae39120] Auto-inserting h264_mp4toannexb bitstream filter
[stderr] [mov,mp4,m4a,3gp,3g2,mj2 @ 0x13af05170] Auto-inserting h264_mp4toannexb bitstream filter
[stderr]     Last message repeated 1 times
[stderr] [mov,mp4,m4a,3gp,3g2,mj2 @ 0x10ae05630] Auto-inserting h264_mp4toannexb bitstream filter
[stderr] [mov,mp4,m4a,3gp,3g2,mj2 @ 0x11ae09500] Auto-inserting h264_mp4toannexb bitstream filter
[stderr] [mov,mp4,m4a,3gp,3g2,mj2 @ 0x109704b90] Auto-inserting h264_mp4toannexb bitstream filter
[stderr] [mov,mp4,m4a,3gp,3g2,mj2 @ 0x10ae04f10] Auto-inserting h264_mp4toannexb bitstream filter
[stderr] [mov,mp4,m4a,3gp,3g2,mj2 @ 0x1097049e0] Auto-inserting h264_mp4toannexb bitstream filter
[stderr] [mov,mp4,m4a,3gp,3g2,mj2 @ 0x11ae09500] Auto-inserting h264_mp4toannexb bitstream filter
[stderr] [mov,mp4,m4a,3gp,3g2,mj2 @ 0x10ae065d0] Auto-inserting h264_mp4toannexb bitstream filter
[stderr] [mov,mp4,m4a,3gp,3g2,mj2 @ 0x11ae0ab50] Auto-inserting h264_mp4toannexb bitstream filter
[stderr] [mov,mp4,m4a,3gp,3g2,mj2 @ 0x10ae04f10] Auto-inserting h264_mp4toannexb bitstream filter
[stderr] [mov,mp4,m4a,3gp,3g2,mj2 @ 0x10ae05340] Auto-inserting h264_mp4toannexb bitstream filter
[stderr]     Last message repeated 1 times
[stderr] [mov,mp4,m4a,3gp,3g2,mj2 @ 0x10ae06ba0] Auto-inserting h264_mp4toannexb bitstream filter
[stderr] [mov,mp4,m4a,3gp,3g2,mj2 @ 0x10ae07e50] Auto-inserting h264_mp4toannexb bitstream filter
[stderr] [mov,mp4,m4a,3gp,3g2,mj2 @ 0x10ae07e20] Auto-inserting h264_mp4toannexb bitstream filter
[stderr] [mov,mp4,m4a,3gp,3g2,mj2 @ 0x10ae07750] Auto-inserting h264_mp4toannexb bitstream filter
[stderr] [out#0/mp4 @ 0x13ae38cf0] video:195228KiB audio:2567KiB subtitle:0KiB other streams:0KiB global headers:0KiB muxing overhead: 0.161049%
[stderr] frame= 8975 fps=0.0 q=-1.0 Lsize=  198113KiB time=00:05:01.60 bitrate=5381.0kbits/s speed=1.12e+03x    
[stdout] Edited video (selection applied): /Users/johndoe/Documents/company/video_ops/scripts/abstract_algebra_in_proof_assistant/04-set-equality/takes/take-mrhmharr/pipeline/cut/cut-mrhvutes/edited-good-intervals.mp4
[stdout] Analysis updated: /Users/johndoe/Documents/company/video_ops/scripts/abstract_algebra_in_proof_assistant/04-set-equality/takes/take-mrhmharr/pipeline/cut/cut-mrhvutes/analysis.json
[2026-07-13T02:03:15.112Z] exit 0
